mtllib pet_tianshi_03.mtl

g tx_back
v 10.806810 16.108090 120.265900
v 4.010807 16.108100 119.132700
v 10.590910 16.153770 101.066100
v 16.943660 16.110180 103.690400
v 18.491080 16.108100 126.157000
v 13.336470 16.108100 121.585400
v 38.613950 16.110160 102.478700
v 42.600560 16.110160 108.077900
v 24.122660 16.108100 134.010500
v 18.924900 16.108100 126.565200
v 33.676800 16.110160 119.977500
v 47.084200 16.110160 126.886500
v 24.715820 16.108090 136.804400
v 56.427410 16.110160 135.985500
v 56.427410 16.110160 142.859000
v 25.157820 16.108090 143.518200
v 25.491090 16.108100 145.534100
v 49.357260 16.110160 154.259300
v 41.105920 16.110160 156.919600
v 23.869700 16.108100 150.731600
v 19.674970 16.108100 158.288500
v 22.897520 16.108100 153.900200
v 46.248290 16.110160 170.610900
v 39.989670 16.110160 178.421700
v 11.329110 16.108100 164.303600
v 14.792160 16.108100 162.287600
v 26.143890 16.110160 181.699300
v 19.620650 16.110160 185.116800
v 4.867497 15.935900 163.925000
v 6.184779 17.009190 182.250100
v -0.000001 16.110160 180.080800
v 0.000000 16.108090 167.191400
v -10.806810 16.108100 120.265900
v -16.943660 16.110190 103.690400
v -10.590910 16.153780 101.066100
v -4.010804 16.108100 119.132700
v -18.491080 16.108100 126.157000
v -42.600560 16.110160 108.077900
v -38.613950 16.110160 102.478700
v -13.336470 16.108100 121.585400
v -24.122660 16.108100 134.010500
v -47.084200 16.110160 126.886500
v -33.676800 16.110160 119.977500
v -18.924900 16.108100 126.565200
v -56.427410 16.110160 142.859000
v -56.427410 16.110160 135.985500
v -24.715820 16.108100 136.804400
v -25.157820 16.108100 143.518200
v -41.105920 16.110160 156.919600
v -49.357260 16.110160 154.259300
v -25.491090 16.108100 145.534200
v -23.869710 16.108100 150.731600
v -19.674970 16.108100 158.288500
v -39.989680 16.110160 178.421700
v -46.248300 16.110160 170.610900
v -22.897520 16.108100 153.900200
v -11.329110 16.108100 164.303600
v -19.620650 16.110160 185.116800
v -26.143890 16.110160 181.699300
v -14.792160 16.108100 162.287600
v -6.184781 17.009200 182.250100
v -4.867498 15.935900 163.925000
v 0.000004 17.056800 115.068300
v -14.235800 17.055900 118.656300
v -12.302120 19.713900 121.890000
v -0.000001 19.713180 118.810900
v -24.197210 17.056110 128.935000
v -20.886100 19.713390 130.765100
v -27.591990 17.055990 141.942100
v -23.810660 19.713350 141.942100
v -11.137800 16.940680 123.868600
v -0.000003 16.942220 121.076100
v -0.000001 19.713180 118.810900
v -12.302120 19.713900 121.890000
v -20.886100 19.713390 130.765100
v -18.889370 16.941710 131.881400
v -23.810660 19.713350 141.942100
v -21.527600 16.941660 141.942100
v -21.467340 14.283620 130.440500
v -24.197210 17.056110 128.935000
v -14.235800 17.055900 118.656300
v -12.642310 14.284280 121.317700
v -24.473850 14.283550 141.942100
v -27.591990 17.055990 141.942100
v 0.000004 17.056800 115.068300
v -0.000001 14.283450 118.151100
v -18.889370 16.941710 131.881400
v -21.467340 14.283620 130.440500
v -12.642310 14.284280 121.317700
v -11.137800 16.940680 123.868600
v -21.527600 16.941660 141.942100
v -24.473850 14.283550 141.942100
v -0.000001 14.283450 118.151100
v -0.000003 16.942220 121.076100
v 12.302030 19.713890 121.890000
v 14.235700 17.055900 118.656300
v 20.885940 19.713380 130.765100
v 24.197040 17.056110 128.935000
v 23.810480 19.713340 141.942100
v 27.591800 17.055990 141.942100
v 11.137700 16.940680 123.868600
v 12.302030 19.713890 121.890000
v 18.889220 16.941710 131.881400
v 20.885940 19.713380 130.765100
v 21.527430 16.941660 141.942100
v 23.810480 19.713340 141.942100
v 14.235700 17.055900 118.656300
v 24.197040 17.056110 128.935000
v 21.467170 14.283610 130.440500
v 12.642210 14.284280 121.317700
v 27.591800 17.055990 141.942100
v 24.473660 14.283540 141.942100
v 12.642210 14.284280 121.317700
v 21.467170 14.283610 130.440500
v 18.889220 16.941710 131.881400
v 11.137700 16.940680 123.868600
v 24.473660 14.283540 141.942100
v 21.527430 16.941660 141.942100
v -12.302120 19.713900 161.994300
v -14.235800 17.055900 165.228000
v 0.000003 17.056800 168.816000
v -0.000002 19.713180 165.073400
v -20.886100 19.713390 153.119200
v -24.197210 17.056110 154.949300
v -23.810660 19.713350 141.942100
v -27.591990 17.055990 141.942100
v -11.137800 16.940680 160.015700
v -12.302120 19.713900 161.994300
v -0.000002 19.713180 165.073400
v -0.000004 16.942220 162.808100
v -18.889370 16.941710 152.002900
v -20.886100 19.713390 153.119200
v -18.889370 16.941710 152.002900
v -20.886100 19.713390 153.119200
v -14.235800 17.055900 165.228000
v -24.197210 17.056110 154.949300
v -21.467340 14.283620 153.443800
v -12.642310 14.284280 162.566600
v -27.591990 17.055990 141.942100
v -24.473850 14.283550 141.942100
v 0.000003 17.056800 168.816000
v -0.000002 14.283450 165.733200
v -12.642310 14.284280 162.566600
v -21.467340 14.283620 153.443800
v -18.889370 16.941710 152.002900
v -11.137800 16.940680 160.015700
v -21.467340 14.283620 153.443800
v -18.889370 16.941710 152.002900
v -0.000004 16.942220 162.808100
v -0.000002 14.283450 165.733200
v 14.235700 17.055900 165.228000
v 12.302030 19.713900 161.994300
v 24.197040 17.056110 154.949300
v 20.885940 19.713380 153.119200
v 24.197040 17.056110 154.949300
v 20.885940 19.713380 153.119200
v 11.137700 16.940680 160.015700
v 12.302030 19.713900 161.994300
v 20.885940 19.713380 153.119200
v 18.889220 16.941710 152.002900
v 23.810480 19.713340 141.942100
v 21.527430 16.941660 141.942100
v 21.467170 14.283610 153.443800
v 24.197040 17.056110 154.949300
v 14.235700 17.055900 165.228000
v 12.642210 14.284280 162.566600
v 24.197040 17.056110 154.949300
v 18.889220 16.941710 152.002900
v 21.467170 14.283610 153.443800
v 12.642210 14.284280 162.566600
v 11.137700 16.940680 160.015700
v 21.527430 16.941660 141.942100
v 36.739510 14.371020 142.657100
v 0.000000 16.711310 142.991900
v 7.122826 14.371030 145.771800
v 7.122826 14.371030 145.771800
v 0.000000 16.711310 142.991900
v 20.439690 14.371020 160.822200
v 7.110174 14.371030 140.107900
v 0.000000 16.711310 142.991900
v 36.739510 14.371020 142.657100
v 20.330580 14.371010 124.774600
v 0.000001 14.371030 136.981500
v 20.439690 14.371020 160.822200
v 0.000000 16.711310 142.991900
v 0.000000 14.371030 148.760200
v 7.110174 14.371030 140.107900
v 20.330580 14.371010 124.774600
v 36.739510 14.371020 142.657100
v 7.122826 14.371030 145.771800
v 0.000000 12.030730 142.991900
v 7.122826 14.371030 145.771800
v 20.439690 14.371020 160.822200
v 0.000000 12.030730 142.991900
v 7.110174 14.371030 140.107900
v 36.739510 14.371020 142.657100
v 0.000001 14.371030 136.981500
v 20.330580 14.371010 124.774600
v 20.439690 14.371020 160.822200
v 0.000000 14.371030 148.760200
v 7.110174 14.371030 140.107900
v 20.330580 14.371010 124.774600
v -36.739510 14.371030 142.657200
v -7.122819 14.371020 145.771800
v -7.122819 14.371020 145.771800
v -20.439700 14.371030 160.822200
v -7.110178 14.371030 140.107900
v -36.739510 14.371030 142.657200
v 0.000001 14.371030 136.981500
v -20.330580 14.371010 124.774600
v -20.439700 14.371030 160.822200
v 0.000000 14.371030 148.760200
v -7.110178 14.371030 140.107900
v -20.330580 14.371010 124.774600
v -36.739510 14.371030 142.657200
v -7.122819 14.371020 145.771800
v -7.122819 14.371020 145.771800
v -20.439700 14.371030 160.822200
v -7.110178 14.371030 140.107900
v -36.739510 14.371030 142.657200
v -20.330580 14.371010 124.774600
v 0.000001 14.371030 136.981500
v -20.439700 14.371030 160.822200
v 0.000000 14.371030 148.760200
v -7.110178 14.371030 140.107900
v -20.330580 14.371010 124.774600
vt 0.248356 0.482291 0.000000
vt 0.248434 0.493428 0.000000
vt 0.248934 0.482645 0.000000
vt 0.249039 0.472235 0.000000
vt 0.247784 0.469700 0.000000
vt 0.248255 0.478146 0.000000
vt 0.249068 0.436725 0.000000
vt 0.248919 0.430193 0.000000
vt 0.245869 0.460471 0.000000
vt 0.247730 0.468989 0.000000
vt 0.248362 0.444815 0.000000
vt 0.247664 0.422845 0.000000
vt 0.244034 0.459499 0.000000
vt 0.244675 0.407535 0.000000
vt 0.123186 0.407535 0.000000
vt -0.169665 0.458775 0.000000
vt 0.765314 0.458229 0.000000
vt 0.753389 0.419121 0.000000
vt 0.752737 0.432642 0.000000
vt 0.754910 0.460886 0.000000
vt 0.752469 0.467760 0.000000
vt 0.753471 0.462479 0.000000
vt 0.751375 0.424215 0.000000
vt 0.751071 0.434471 0.000000
vt 0.751769 0.481436 0.000000
vt 0.751955 0.475761 0.000000
vt 0.750980 0.457159 0.000000
vt 0.750901 0.467849 0.000000
vt 0.750486 0.492024 0.000000
vt 0.754619 0.489865 0.000000
vt 0.751023 0.500000 0.000000
vt 0.751557 0.500000 0.000000
vt 0.248356 0.517709 0.000000
vt 0.249039 0.527765 0.000000
vt 0.248934 0.517355 0.000000
vt 0.248434 0.506572 0.000000
vt 0.247784 0.530300 0.000000
vt 0.248919 0.569807 0.000000
vt 0.249068 0.563275 0.000000
vt 0.248255 0.521854 0.000000
vt 0.245869 0.539529 0.000000
vt 0.247664 0.577155 0.000000
vt 0.248362 0.555185 0.000000
vt 0.247729 0.531011 0.000000
vt 0.123174 0.592465 0.000000
vt 0.244675 0.592465 0.000000
vt 0.244034 0.540501 0.000000
vt -0.169660 0.541225 0.000000
vt 0.752737 0.567358 0.000000
vt 0.753389 0.580879 0.000000
vt 0.765315 0.541771 0.000000
vt 0.754910 0.539114 0.000000
vt 0.752469 0.532240 0.000000
vt 0.751071 0.565529 0.000000
vt 0.751376 0.575785 0.000000
vt 0.753471 0.537521 0.000000
vt 0.751769 0.518564 0.000000
vt 0.750901 0.532151 0.000000
vt 0.750980 0.542841 0.000000
vt 0.751955 0.524239 0.000000
vt 0.754619 0.510135 0.000000
vt 0.750486 0.507976 0.000000
vt 0.243277 0.500000 0.000000
vt 0.242297 0.523328 0.000000
vt 0.221472 0.520159 0.000000
vt 0.225031 0.500000 0.000000
vt 0.236722 0.539651 0.000000
vt 0.201923 0.534225 0.000000
vt 0.122656 0.545214 0.000000
vt 0.046273 0.539017 0.000000
vt 0.241164 0.518251 0.000000
vt 0.242271 0.500000 0.000000
vt 0.225031 0.500000 0.000000
vt 0.221472 0.520159 0.000000
vt 0.201923 0.534225 0.000000
vt 0.234863 0.530953 0.000000
vt 0.046273 0.539017 0.000000
vt 0.130734 0.535276 0.000000
vt 0.269882 0.535177 0.000000
vt 0.236722 0.539651 0.000000
vt 0.242297 0.523328 0.000000
vt 0.261587 0.520716 0.000000
vt 0.400327 0.540104 0.000000
vt 0.122656 0.545214 0.000000
vt 0.243277 0.500000 0.000000
vt 0.260126 0.500000 0.000000
vt 0.234863 0.530953 0.000000
vt 0.269882 0.535177 0.000000
vt 0.261587 0.520716 0.000000
vt 0.241164 0.518251 0.000000
vt 0.130734 0.535276 0.000000
vt 0.400327 0.540104 0.000000
vt 0.260126 0.500000 0.000000
vt 0.242271 0.500000 0.000000
vt 0.221472 0.479841 0.000000
vt 0.242297 0.476673 0.000000
vt 0.201923 0.465775 0.000000
vt 0.236722 0.460350 0.000000
vt 0.046273 0.460983 0.000000
vt 0.122657 0.454787 0.000000
vt 0.241164 0.481749 0.000000
vt 0.221472 0.479841 0.000000
vt 0.234863 0.469047 0.000000
vt 0.201923 0.465775 0.000000
vt 0.130735 0.464724 0.000000
vt 0.046273 0.460983 0.000000
vt 0.242297 0.476673 0.000000
vt 0.236722 0.460350 0.000000
vt 0.269883 0.464823 0.000000
vt 0.261587 0.479284 0.000000
vt 0.122657 0.454787 0.000000
vt 0.400328 0.459896 0.000000
vt 0.261587 0.479284 0.000000
vt 0.269883 0.464823 0.000000
vt 0.234863 0.469047 0.000000
vt 0.241164 0.481749 0.000000
vt 0.400328 0.459896 0.000000
vt 0.130735 0.464724 0.000000
vt 0.781910 0.520159 0.000000
vt 0.758502 0.523328 0.000000
vt 0.757323 0.500000 0.000000
vt 0.777531 0.500000 0.000000
vt 0.808220 0.534225 0.000000
vt 0.765836 0.539651 0.000000
vt 1.046273 0.539017 0.000000
vt 1.122656 0.545214 0.000000
vt 0.760034 0.518251 0.000000
vt 0.781910 0.520159 0.000000
vt 0.777531 0.500000 0.000000
vt 0.758628 0.500000 0.000000
vt 0.769008 0.530953 0.000000
vt 0.808220 0.534225 0.000000
vt -0.230992 0.530953 0.000000
vt -0.191780 0.534225 0.000000
vt 0.758502 0.523328 0.000000
vt 0.765836 0.539651 0.000000
vt 0.725765 0.535177 0.000000
vt 0.737051 0.520716 0.000000
vt 1.122656 0.545214 0.000000
vt 1.400327 0.540104 0.000000
vt 0.757323 0.500000 0.000000
vt 0.738850 0.500000 0.000000
vt 0.737051 0.520716 0.000000
vt 0.725765 0.535177 0.000000
vt 0.769008 0.530953 0.000000
vt 0.760034 0.518251 0.000000
vt -0.274235 0.535177 0.000000
vt -0.230992 0.530953 0.000000
vt 0.758628 0.500000 0.000000
vt 0.738850 0.500000 0.000000
vt 0.758501 0.476673 0.000000
vt 0.781910 0.479841 0.000000
vt 0.765836 0.460349 0.000000
vt 0.808220 0.465775 0.000000
vt -0.234164 0.460349 0.000000
vt -0.191780 0.465775 0.000000
vt 0.760033 0.481749 0.000000
vt 0.781910 0.479841 0.000000
vt 0.808220 0.465775 0.000000
vt 0.769008 0.469047 0.000000
vt 1.046273 0.460983 0.000000
vt 1.130735 0.464724 0.000000
vt 0.725765 0.464823 0.000000
vt 0.765836 0.460349 0.000000
vt 0.758501 0.476673 0.000000
vt 0.737051 0.479284 0.000000
vt -0.234164 0.460349 0.000000
vt 0.769008 0.469047 0.000000
vt 0.725765 0.464823 0.000000
vt 0.737051 0.479284 0.000000
vt 0.760033 0.481749 0.000000
vt 1.130735 0.464724 0.000000
vt -0.544819 0.439797 0.000000
vt 0.018796 0.500000 0.000000
vt -0.331260 0.488328 0.000000
vt 0.668740 0.488328 0.000000
vt 1.018796 0.500000 0.000000
vt 0.736556 0.466506 0.000000
vt 0.324197 0.488349 0.000000
vt 0.018796 0.500000 0.000000
vt 0.455181 0.439797 0.000000
vt 0.263016 0.466685 0.000000
vt 0.288346 0.500000 0.000000
vt 0.736556 0.466506 0.000000
vt 1.018796 0.500000 0.000000
vt 0.708796 0.500000 0.000000
vt 0.324197 0.488349 0.000000
vt 0.263016 0.466685 0.000000
vt 0.455181 0.439797 0.000000
vt 0.668740 0.488328 0.000000
vt 0.495877 0.500000 0.000000
vt 0.668740 0.488328 0.000000
vt 0.736556 0.466506 0.000000
vt 0.495877 0.500000 0.000000
vt 0.324197 0.488349 0.000000
vt 0.455181 0.439797 0.000000
vt 0.288346 0.500000 0.000000
vt 0.263016 0.466685 0.000000
vt 0.736556 0.466506 0.000000
vt 0.708796 0.500000 0.000000
vt 0.324197 0.488349 0.000000
vt 0.263016 0.466685 0.000000
vt 1.455182 0.560203 0.000000
vt 0.668740 0.511672 0.000000
vt 0.668740 0.511672 0.000000
vt 0.736556 0.533494 0.000000
vt 0.324197 0.511651 0.000000
vt 0.455182 0.560203 0.000000
vt 0.288346 0.500000 0.000000
vt 0.263016 0.533315 0.000000
vt 0.736556 0.533494 0.000000
vt 0.708796 0.500000 0.000000
vt 0.324197 0.511651 0.000000
vt 0.263016 0.533315 0.000000
vt 0.455182 0.560203 0.000000
vt 0.668740 0.511672 0.000000
vt 0.668740 0.511672 0.000000
vt 0.736556 0.533494 0.000000
vt 0.324197 0.511651 0.000000
vt 0.455182 0.560203 0.000000
vt 0.263016 0.533315 0.000000
vt 0.288346 0.500000 0.000000
vt 0.736556 0.533494 0.000000
vt 0.708796 0.500000 0.000000
vt 0.324197 0.511651 0.000000
vt 0.263016 0.533315 0.000000
usemtl Material_1
f 1/1 2/2 3/3
f 3/3 4/4 1/1
f 5/5 6/6 7/7
f 7/7 8/8 5/5
f 9/9 10/10 11/11
f 11/11 12/12 9/9
f 13/13 14/14 15/15
f 15/15 16/16 13/13
f 17/17 18/18 19/19
f 19/19 20/20 17/17
f 21/21 22/22 23/23
f 23/23 24/24 21/21
f 25/25 26/26 27/27
f 27/27 28/28 25/25
f 29/29 30/30 31/31
f 31/31 32/32 29/29
f 33/33 34/34 35/35
f 35/35 36/36 33/33
f 37/37 38/38 39/39
f 39/39 40/40 37/37
f 41/41 42/42 43/43
f 43/43 44/44 41/41
f 45/45 46/46 47/47
f 47/47 48/48 45/45
f 49/49 50/50 51/51
f 51/51 52/52 49/49
f 53/53 54/54 55/55
f 55/55 56/56 53/53
f 57/57 58/58 59/59
f 59/59 60/60 57/57
f 31/31 61/61 62/62
f 62/62 32/32 31/31
f 63/63 64/64 65/65
f 65/65 66/66 63/63
f 64/64 67/67 68/68
f 68/68 65/65 64/64
f 67/67 69/69 70/70
f 70/70 68/68 67/67
f 71/71 72/72 73/73
f 73/73 74/74 71/71
f 75/75 76/76 71/71
f 71/71 74/74 75/75
f 77/77 78/78 76/76
f 76/76 75/75 77/77
f 79/79 80/80 81/81
f 81/81 82/82 79/79
f 83/83 84/84 80/80
f 80/80 79/79 83/83
f 82/82 81/81 85/85
f 85/85 86/86 82/82
f 87/87 88/88 89/89
f 89/89 90/90 87/87
f 91/91 92/92 88/88
f 88/88 87/87 91/91
f 90/90 89/89 93/93
f 93/93 94/94 90/90
f 95/95 96/96 63/63
f 63/63 66/66 95/95
f 97/97 98/98 96/96
f 96/96 95/95 97/97
f 99/99 100/100 98/98
f 98/98 97/97 99/99
f 101/101 102/102 73/73
f 73/73 72/72 101/101
f 101/101 103/103 104/104
f 104/104 102/102 101/101
f 103/103 105/105 106/106
f 106/106 104/104 103/103
f 107/107 108/108 109/109
f 109/109 110/110 107/107
f 108/108 111/111 112/112
f 112/112 109/109 108/108
f 85/85 107/107 110/110
f 110/110 86/86 85/85
f 113/113 114/114 115/115
f 115/115 116/116 113/113
f 114/114 117/117 118/118
f 118/118 115/115 114/114
f 116/116 94/94 93/93
f 93/93 113/113 116/116
f 119/119 120/120 121/121
f 121/121 122/122 119/119
f 123/123 124/124 120/120
f 120/120 119/119 123/123
f 125/125 126/126 124/124
f 124/124 123/123 125/125
f 127/127 128/128 129/129
f 129/129 130/130 127/127
f 127/127 131/131 132/132
f 132/132 128/128 127/127
f 133/133 78/78 77/77
f 77/77 134/134 133/133
f 135/135 136/136 137/137
f 137/137 138/138 135/135
f 136/136 139/139 140/140
f 140/140 137/137 136/136
f 141/141 135/135 138/138
f 138/138 142/142 141/141
f 143/143 144/144 145/145
f 145/145 146/146 143/143
f 147/147 92/92 91/91
f 91/91 148/148 147/147
f 146/146 149/149 150/150
f 150/150 143/143 146/146
f 121/121 151/151 152/152
f 152/152 122/122 121/121
f 151/151 153/153 154/154
f 154/154 152/152 151/151
f 155/155 100/100 99/99
f 99/99 156/156 155/155
f 157/157 130/130 129/129
f 129/129 158/158 157/157
f 159/159 160/160 157/157
f 157/157 158/158 159/159
f 161/161 162/162 160/160
f 160/160 159/159 161/161
f 163/163 164/164 165/165
f 165/165 166/166 163/163
f 112/112 111/111 167/167
f 167/167 163/163 112/112
f 166/166 165/165 141/141
f 141/141 142/142 166/166
f 168/168 169/169 170/170
f 170/170 171/171 168/168
f 172/172 117/117 169/169
f 169/169 168/168 172/172
f 171/171 170/170 150/150
f 150/150 149/149 171/171
f 173/173 174/174 175/175
f 176/176 177/177 178/178
f 179/179 180/180 181/181
f 180/180 182/182 183/183
f 184/184 185/185 186/186
f 187/187 188/188 174/174
f 189/189 190/190 191/191
f 192/192 193/193 194/194
f 195/195 196/196 194/194
f 194/194 197/197 198/198
f 199/199 200/200 191/191
f 201/201 191/191 202/202
f 203/203 204/204 177/177
f 205/205 206/206 185/185
f 207/207 208/208 174/174
f 174/174 209/209 210/210
f 211/211 212/212 177/177
f 213/213 180/180 214/214
f 215/215 194/194 216/216
f 217/217 191/191 218/218
f 219/219 191/191 220/220
f 191/191 221/221 222/222
f 223/223 194/194 224/224
f 225/225 226/226 194/194

g ts_wing02
v -34.702310 80.292820 94.315160
v -36.995720 87.332660 81.971050
v -33.978490 83.466930 79.839080
v -30.677710 74.742660 92.255390
v -30.990560 72.802320 117.927700
v -31.130750 73.486740 110.150800
v -26.811920 68.418180 108.854400
v -24.125950 63.997380 119.219300
v -37.998100 86.347380 97.166710
v -39.291240 92.346390 84.733120
v -33.137320 76.005040 117.186100
v -34.280360 79.614530 110.848600
v -39.413980 96.776900 69.367720
v -58.676760 116.547100 91.469140
v -62.125060 116.141600 98.998780
v -71.316160 127.711800 94.809810
v -68.782640 128.682400 88.789900
v -40.459200 95.153090 109.680900
v -43.723610 96.284680 112.833600
v -49.525030 101.699100 107.973400
v -46.670170 101.843900 102.426400
v -72.352810 127.761400 101.278400
v -63.998510 116.936100 107.360400
v -46.362290 97.528430 116.201600
v -52.005290 103.901000 114.698100
v -79.330080 141.355300 91.003450
v -47.019520 106.361800 81.708820
v -52.024110 107.789900 89.799670
v -59.412860 119.726600 80.857800
v -55.762740 119.607100 74.034990
v -34.676060 85.428970 112.123400
v -38.199030 88.006790 113.559500
v -41.494570 92.713560 104.190900
v -37.798470 91.045930 99.330570
v -62.264700 120.779500 88.924060
v -55.715000 110.062600 98.831700
v -41.241710 90.794560 115.353300
v -45.298180 97.288380 110.052600
v -66.940930 135.251100 73.660260
v -27.603720 66.264940 100.140900
v -29.570860 71.292140 90.361430
v -27.043750 68.378110 88.589160
v -24.255190 61.849880 98.459700
v -24.054710 60.991260 118.917600
v -24.440790 61.211460 112.770400
v -22.017690 58.131900 112.002400
v -22.153520 58.515880 119.794600
v -30.032760 71.826580 102.160900
v -31.415010 75.492770 92.518610
v -25.766130 63.555040 118.284600
v -26.722210 66.645000 113.103900
v -31.277780 79.676300 79.555530
v -72.182920 129.897600 100.579700
v -72.759050 125.794500 106.515900
v -85.106200 131.627300 111.416900
v -86.129640 136.370100 107.475900
v -42.899520 96.697750 112.854800
v -45.243710 96.914220 115.370600
v -57.033410 111.485100 109.811900
v -55.784100 114.285600 104.061400
v -83.454610 129.622500 115.490600
v -72.189160 123.455000 113.381100
v -57.674990 111.208300 115.655700
v -46.514230 97.900260 118.458600
v -99.832100 139.728000 120.879200
v -43.012600 95.810120 88.124370
v -46.690620 106.504500 73.693120
v -42.908320 102.895800 69.538120
v -37.562160 90.540670 83.613050
v -32.743350 78.757990 118.544600
v -36.084280 82.287570 118.024400
v -37.067440 84.130860 107.925800
v -32.900790 80.377330 105.415100
v -50.543060 109.685700 79.768530
v -47.872990 101.248100 94.054470
v -39.010990 86.110340 117.865900
v -41.210730 91.366440 110.300100
v -50.144590 120.835900 58.923300
v -6.019307 68.067310 99.137020
v -7.505876 71.557650 100.087900
v -11.649580 63.620670 106.473100
v -9.526575 58.718080 105.846300
v -15.279580 52.344570 114.874700
v -16.727100 55.587280 114.861100
v -19.604800 54.709000 119.044900
v -19.106410 51.996520 120.042100
v -15.366070 67.658600 106.629500
v -10.657120 74.426830 100.602000
v -20.455020 57.316220 118.143900
v -19.557540 59.881850 114.078900
v -5.783729 79.075840 91.389340
v -7.374684 80.390670 91.934650
v -8.751311 83.722890 93.935910
v -11.880670 76.782160 103.435200
v -9.516131 72.114940 101.591000
v -15.793840 62.805280 113.354700
v -17.789640 66.015080 114.176900
v -21.616400 62.719250 119.237000
v -20.888730 59.486980 119.838500
v -13.184860 86.241960 95.640270
v -17.457860 79.958820 104.649300
v -22.866200 65.561050 118.672200
v -21.687240 70.162070 114.083900
v -9.464778 90.925740 82.489490
v -12.912910 93.911880 82.667300
v -13.999320 98.451640 85.306290
v -19.118410 88.945220 96.599330
v -16.679200 82.717990 94.142400
v -21.623340 71.594220 109.535600
v -24.081120 77.745420 111.194800
v -29.251220 73.832220 118.062800
v -24.632000 63.681890 118.825800
v -18.712350 102.285900 87.730510
v -25.665720 93.444910 98.868330
v -30.793860 77.393100 117.461500
v -29.759270 82.283770 111.506500
v -12.045450 110.639500 71.616850
v -20.015740 114.201000 71.619850
v -22.072690 118.849700 75.934540
v -24.683780 104.935700 90.768100
v -20.831350 98.610010 86.001280
v -34.105010 77.880500 118.142900
v -27.569570 83.606900 106.121100
v -30.144120 88.093740 109.039100
v -35.649700 82.495360 118.000300
v -29.289930 121.161400 81.533620
v -32.727230 109.507300 96.104290
v -37.825260 86.763720 118.021000
v -36.720380 93.945580 111.070000
v -24.353100 132.753100 61.323890
v -29.477690 115.596200 83.386380
v -31.244100 131.714500 76.522220
v -33.875680 132.752900 83.696600
v -32.733370 117.852300 92.138350
v -35.476230 84.961510 111.885700
v -31.481600 94.607520 100.255100
v -34.543460 96.684880 105.307200
v -37.269460 88.534180 113.666200
v -40.446520 132.568500 91.543930
v -40.717800 118.493400 100.929000
v -40.763740 99.919620 110.873900
v -39.654090 91.694140 115.617300
v -39.992420 148.759500 76.730010
v -40.738620 126.310200 93.663770
v -44.061080 142.013600 91.978280
v -46.369050 141.577900 98.198800
v -43.099050 126.791100 101.517400
v -40.459210 95.153110 109.680900
v -39.520490 105.704400 103.706400
v -41.876760 106.122400 109.364200
v -42.113370 97.199180 113.144400
v -50.695000 140.329700 104.388400
v -48.880040 125.673500 109.652200
v -44.233570 98.735470 116.639000
v -46.983330 106.845800 115.728300
v -52.392460 156.578300 94.830530
v -52.146920 141.543400 103.492000
v -60.324970 153.214500 110.952100
v -59.357680 148.627000 114.872400
v -52.988920 137.617700 109.405000
v -42.797830 96.720510 112.898600
v -47.655440 118.731000 105.526800
v -48.663670 116.012600 111.599100
v -43.607830 97.829660 115.706000
v -61.127270 144.744200 118.479700
v -56.490970 133.078600 115.766800
v -52.052600 114.511400 116.904200
v -45.819510 98.223880 118.642500
v -71.833890 160.297800 126.191300
v -19.936240 56.722520 104.411800
v -20.446800 59.483030 95.960560
v -18.134790 56.615910 95.293720
v -16.967860 52.527690 104.117900
v -17.675700 53.153960 121.305600
v -19.131660 55.222060 120.054200
v -18.767520 54.385380 115.227100
v -16.692880 51.506920 115.351600
v -22.181550 61.966670 104.928000
v -22.245950 63.541420 96.835500
v -20.387970 57.525910 118.955600
v -20.667040 59.241620 114.477400
v -20.713420 64.708260 86.422990
v -18.225560 51.041600 109.291300
v -20.162660 54.518450 103.250900
v -18.908310 52.596130 101.878000
v -16.537070 48.114720 107.898600
v -14.309420 47.230260 120.869600
v -15.199810 47.476150 117.013000
v -13.924480 45.414760 116.291200
v -13.151380 45.554400 121.239500
v -19.225360 54.642490 110.811900
v -20.865020 57.219210 104.810000
v -15.259620 49.042760 120.592700
v -16.282590 51.024440 117.437400
v -21.843760 59.949460 96.612250
v -48.754970 92.806840 119.837500
v -30.667410 75.906690 121.758100
v -48.405540 98.789050 129.351200
v -61.254740 107.538200 120.887200
v -66.514830 114.449700 123.517300
v -70.367900 117.386100 110.132300
v -64.869600 111.589600 103.719300
v -55.564500 108.083300 129.429400
v -61.696000 115.208500 131.672300
v -56.398940 101.935700 115.859200
v -35.971520 75.742290 116.492700
v -40.031170 77.438840 111.040700
v -25.097660 56.297790 113.053100
v -23.626460 56.846250 118.141000
v -12.131260 65.706720 112.118100
v -25.097660 56.297790 113.053100
v -20.524890 84.767230 110.106500
v -35.168760 99.254340 118.547100
v -48.405540 98.789050 129.351200
v -30.667410 75.906690 121.758100
v -54.764980 133.611400 115.059800
v -56.924840 122.442200 126.814900
v -50.085940 116.711400 123.361100
v -46.871220 127.698600 110.302900
v -61.696000 115.208500 131.672300
v -55.564500 108.083300 129.429400
v -43.354000 109.199100 122.079600
v -23.280610 80.319450 116.140700
v -14.524460 62.401150 118.562500
v -12.131260 65.706720 112.118100
v -20.524890 84.767230 110.106500
v -19.716540 58.122970 122.901800
v -17.563110 45.445720 116.403800
v -17.175190 46.755460 120.027800
v -8.499491 56.260710 115.193900
v -17.563110 45.445720 116.403800
v -19.716540 58.122970 122.901800
v -8.499491 56.260710 115.193900
v -11.211020 53.452800 120.516600
v -14.719720 49.528890 125.172300
v -14.719720 49.528890 125.172300
v -10.520920 40.348600 122.740800
v -10.520920 40.348600 122.740800
v -75.778700 125.873800 141.189300
v -73.523180 122.493900 120.177300
v -57.443160 103.916500 103.418800
v -50.561310 91.885330 113.676000
v -70.367900 117.386100 110.132300
v -59.898760 120.674900 115.658900
v -64.869600 111.589600 103.719300
v -73.523180 122.493900 120.177300
v -57.443160 103.916500 103.418800
v -75.778700 125.873800 141.189300
v -64.779310 134.029100 125.508800
v -75.778700 125.873800 141.189300
v -38.935490 116.116400 111.463900
v -54.764980 133.611400 115.059800
v -46.871220 127.698600 110.302900
v -64.779310 134.029100 125.508800
v -38.935490 116.116400 111.463900
v -40.031170 77.438840 111.040700
v -10.520920 40.348600 122.740800
v -30.738410 101.201500 110.796100
v -50.561310 91.885330 113.676000
v -30.738410 101.201500 110.796100
v -78.842360 136.162300 123.456600
v -83.520740 135.501500 119.479100
v -71.954530 127.125500 117.370500
v -69.728260 127.809500 120.645400
v -91.042530 145.377100 129.520000
v -97.338350 145.210800 127.581900
v -100.905800 153.314500 136.471700
v -105.490800 154.424800 135.089000
v -106.334000 149.765400 123.187700
v -109.916700 157.024300 134.158400
v -74.335100 127.310000 111.966900
v -63.224670 120.114000 113.251800
v -62.019640 120.120700 116.018700
v -59.291920 120.089100 118.383500
v -78.842360 136.162300 123.456600
v -69.728260 127.809500 120.645400
v -66.491390 131.742200 118.260000
v -75.927000 141.295000 120.671600
v -89.738600 150.368600 128.569700
v -91.042530 145.377100 129.520000
v -99.806810 157.462800 135.642100
v -100.905800 153.314500 136.471700
v -91.268620 156.819300 126.628400
v -100.856500 161.976000 134.893400
v -57.138690 121.961500 116.460000
v -54.529240 123.562800 113.690700
v -62.924820 135.167800 112.977200
v -59.291920 120.089100 118.383500
v -100.345200 153.625700 127.939400
v -106.334000 149.765400 123.187700
v -109.916700 157.024300 134.158400
v -106.578500 159.985000 137.353100
v -90.213800 138.733300 111.703200
v -100.075400 145.067700 116.056500
v -92.557980 148.111000 121.966100
v -84.529990 143.178600 116.223100
v -63.224670 120.114000 113.251800
v -74.335100 127.310000 111.966900
v -70.820080 131.073300 116.278900
v -60.674570 121.787700 116.785000
v -82.107350 133.029500 111.828900
v -77.286010 136.916800 116.244400
v -100.856500 161.976000 134.893400
v -91.268620 156.819300 126.628400
v -84.527480 154.804800 119.464600
v -73.047500 147.853000 114.507300
v -62.924820 135.167800 112.977200
v -54.529240 123.562800 113.690700
v -68.080080 141.699900 112.860400
v -109.196100 163.334500 145.746500
v -82.107350 133.029500 111.828900
v -100.075400 145.067700 116.056500
v -90.213800 138.733300 111.703200
v -109.196100 163.334500 145.746500
v -68.080080 141.699900 112.860400
v -84.527480 154.804800 119.464600
v -73.047500 147.853000 114.507300
v -109.196100 163.334500 145.746500
v 37.330420 80.292810 94.315140
v 33.305830 74.742650 92.255370
v 36.606610 83.466930 79.839070
v 39.623840 87.332650 81.971040
v 33.618680 72.802320 117.927700
v 26.754060 63.997380 119.219300
v 29.440030 68.418180 108.854400
v 33.758870 73.486730 110.150800
v 41.919350 92.346370 84.733080
v 40.626210 86.347370 97.166690
v 36.908500 79.614530 110.848600
v 35.765430 76.005050 117.186100
v 42.042090 96.776890 69.367710
v 61.304890 116.547100 91.469110
v 71.410780 128.682400 88.789860
v 73.944310 127.711800 94.809780
v 64.753180 116.141600 98.998750
v 43.087310 95.153110 109.680800
v 49.298270 101.844000 102.426400
v 52.153150 101.699100 107.973400
v 46.351730 96.284670 112.833600
v 74.980960 127.761400 101.278400
v 66.626650 116.936100 107.360400
v 54.633410 103.901000 114.698100
v 48.990410 97.528440 116.201600
v 81.958220 141.355300 91.003420
v 49.647660 106.361800 81.708800
v 58.390850 119.607100 74.034970
v 62.041000 119.726700 80.857730
v 54.652240 107.789900 89.799650
v 37.304180 85.428980 112.123400
v 40.426570 91.045940 99.330550
v 44.122680 92.713550 104.190900
v 40.827140 88.006810 113.559500
v 64.892820 120.779500 88.924050
v 58.343130 110.062600 98.831680
v 47.926300 97.288380 110.052600
v 43.869820 90.794560 115.353300
v 69.569080 135.251100 73.660210
v 30.231830 66.264930 100.140900
v 26.883290 61.849880 98.459690
v 29.671870 68.378110 88.589140
v 32.198970 71.292140 90.361420
v 26.682820 60.991260 118.917600
v 24.781630 58.515890 119.794600
v 24.645790 58.131900 112.002400
v 27.068900 61.211460 112.770400
v 34.043110 75.492750 92.518600
v 32.660870 71.826580 102.160900
v 29.350320 66.644990 113.103900
v 28.394240 63.555040 118.284600
v 33.905880 79.676290 79.555500
v 74.811090 129.897600 100.579700
v 88.757800 136.370100 107.475900
v 87.734380 131.627300 111.416900
v 75.387190 125.794500 106.515900
v 45.527630 96.697750 112.854800
v 58.412220 114.285700 104.061400
v 59.661520 111.485100 109.811900
v 47.871820 96.914230 115.370600
v 86.082760 129.622500 115.490500
v 74.817320 123.455000 113.381100
v 60.303120 111.208300 115.655700
v 49.142330 97.900280 118.458600
v 102.460300 139.728000 120.879200
v 45.640700 95.810120 88.124350
v 40.190280 90.540680 83.613050
v 45.536420 102.895800 69.538120
v 49.318730 106.504500 73.693100
v 35.371460 78.757990 118.544600
v 35.528920 80.377330 105.415100
v 39.695530 84.130870 107.925800
v 38.712390 82.287570 118.024400
v 53.171190 109.685700 79.768520
v 50.501110 101.248200 94.054460
v 43.838840 91.366460 110.300100
v 41.639080 86.110340 117.865900
v 52.772700 120.835900 58.923280
v 8.647411 68.067310 99.137040
v 12.154680 58.718060 105.846300
v 14.277680 63.620670 106.473100
v 10.133990 71.557660 100.087900
v 17.907680 52.344570 114.874700
v 21.734520 51.996500 120.042100
v 22.232910 54.708990 119.044900
v 19.355210 55.587270 114.861100
v 17.994180 67.658610 106.629600
v 13.285230 74.426810 100.602000
v 23.083120 57.316230 118.143900
v 22.185650 59.881840 114.078900
v 8.411827 79.075840 91.389330
v 10.002790 80.390690 91.934650
v 12.144240 72.114940 101.590900
v 14.508780 76.782160 103.435200
v 11.379420 83.722870 93.935890
v 18.421940 62.805270 113.354700
v 23.516850 59.486980 119.838500
v 24.244520 62.719260 119.237000
v 20.417740 66.015100 114.176900
v 15.812960 86.241970 95.640270
v 20.085970 79.958820 104.649300
v 25.494320 65.561040 118.672200
v 24.315360 70.162090 114.083900
v 12.092900 90.925730 82.489460
v 15.541020 93.911900 82.667300
v 19.307300 82.717990 94.142400
v 21.746510 88.945220 96.599320
v 16.627430 98.451640 85.306270
v 24.251440 71.594230 109.535600
v 27.260120 63.681900 118.825800
v 31.879330 73.832220 118.062800
v 26.709240 77.745450 111.194800
v 21.340450 102.285900 87.730520
v 28.293830 93.444930 98.868330
v 33.421970 77.393100 117.461500
v 32.387370 82.283780 111.506500
v 14.673560 110.639500 71.616820
v 22.643860 114.201000 71.619850
v 23.459460 98.610000 86.001280
v 27.311900 104.935700 90.768100
v 24.700810 118.849700 75.934490
v 36.733130 77.880510 118.142900
v 38.277810 82.495380 118.000300
v 32.772230 88.093740 109.039100
v 30.197690 83.606920 106.121200
v 31.918070 121.161400 81.533610
v 35.355350 109.507300 96.104270
v 40.453380 86.763720 118.020900
v 39.348500 93.945600 111.070000
v 26.981230 132.753100 61.323850
v 32.105820 115.596200 83.386380
v 35.361490 117.852300 92.138320
v 36.503800 132.752900 83.696590
v 33.872230 131.714500 76.522190
v 38.104330 84.961530 111.885700
v 39.897590 88.534200 113.666200
v 37.171570 96.684890 105.307200
v 34.109710 94.607530 100.255000
v 43.074640 132.568500 91.543910
v 43.345910 118.493500 100.929000
v 43.391850 99.919620 110.873800
v 42.282210 91.694150 115.617300
v 42.620550 148.759500 76.729970
v 43.366750 126.310300 93.663770
v 45.727160 126.791200 101.517400
v 48.997170 141.577900 98.198760
v 46.689210 142.013600 91.978250
v 43.087320 95.153110 109.680900
v 44.741490 97.199180 113.144400
v 44.504870 106.122400 109.364200
v 42.148610 105.704400 103.706300
v 53.323140 140.329700 104.388400
v 51.508160 125.673500 109.652200
v 46.861680 98.735500 116.639000
v 49.611470 106.845800 115.728300
v 55.020590 156.578400 94.830490
v 54.775060 141.543400 103.492000
v 55.617050 137.617700 109.404900
v 61.985820 148.627000 114.872400
v 62.953100 153.214500 110.952000
v 45.425950 96.720500 112.898600
v 46.235950 97.829650 115.705900
v 51.291780 116.012600 111.599100
v 50.283570 118.731000 105.526800
v 63.755390 144.744200 118.479700
v 59.119110 133.078600 115.766800
v 54.680720 114.511500 116.904200
v 48.447630 98.223890 118.642500
v 74.462040 160.297800 126.191300
v 22.564360 56.722530 104.411800
v 19.595960 52.527700 104.117900
v 20.762900 56.615900 95.293720
v 23.074910 59.483020 95.960560
v 20.303810 53.153950 121.305600
v 19.320980 51.506940 115.351600
v 21.395610 54.385400 115.227100
v 21.759780 55.222050 120.054200
v 24.874050 63.541420 96.835490
v 24.809650 61.966670 104.928000
v 23.295150 59.241620 114.477400
v 23.016080 57.525900 118.955600
v 23.341510 64.708240 86.423000
v 20.853660 51.041590 109.291300
v 19.165170 48.114710 107.898600
v 21.536420 52.596140 101.878000
v 22.790770 54.518440 103.250900
v 16.937520 47.230250 120.869600
v 15.779480 45.554390 121.239500
v 16.552580 45.414770 116.291200
v 17.827910 47.476140 117.013000
v 23.493110 57.219220 104.810000
v 21.853470 54.642490 110.811900
v 18.910700 51.024440 117.437400
v 17.887710 49.042730 120.592700
v 24.471860 59.949470 96.612270
v 51.383090 92.806840 119.837500
v 51.033670 98.789060 129.351200
v 33.295530 75.906690 121.758100
v 63.882870 107.538200 120.887100
v 67.497730 111.589600 103.719300
v 72.996050 117.386100 110.132300
v 69.142950 114.449800 123.517300
v 64.324130 115.208500 131.672300
v 58.192630 108.083300 129.429400
v 59.027060 101.935700 115.859200
v 38.599640 75.742310 116.492700
v 26.254570 56.846240 118.141000
v 27.725750 56.297840 113.053100
v 42.659280 77.438840 111.040700
v 14.759350 65.706720 112.118000
v 23.153000 84.767240 110.106500
v 27.725750 56.297840 113.053100
v 37.796890 99.254350 118.547100
v 33.295530 75.906690 121.758100
v 51.033670 98.789060 129.351200
v 57.393100 133.611400 115.059800
v 49.499330 127.698700 110.302900
v 52.714080 116.711400 123.361100
v 59.552970 122.442200 126.814900
v 58.192630 108.083300 129.429400
v 64.324130 115.208500 131.672300
v 45.982110 109.199100 122.079500
v 25.908730 80.319460 116.140700
v 23.153000 84.767240 110.106500
v 14.759350 65.706720 112.118000
v 17.152570 62.401150 118.562500
v 22.344650 58.122970 122.901800
v 20.191220 45.445720 116.403800
v 19.803290 46.755460 120.027800
v 11.127600 56.260700 115.193900
v 20.191220 45.445720 116.403800
v 22.344650 58.122970 122.901800
v 11.127600 56.260700 115.193900
v 13.839130 53.452770 120.516600
v 17.347830 49.528890 125.172300
v 17.347830 49.528890 125.172300
v 13.149020 40.348600 122.740800
v 13.149020 40.348600 122.740800
v 76.151320 122.493900 120.177200
v 78.406880 125.873800 141.189200
v 60.071280 103.916500 103.418700
v 53.189410 91.885340 113.676000
v 72.996050 117.386100 110.132300
v 67.497730 111.589600 103.719300
v 62.526890 120.674900 115.658900
v 76.151320 122.493900 120.177200
v 60.071280 103.916500 103.418700
v 78.406880 125.873800 141.189200
v 78.406880 125.873800 141.189200
v 67.407450 134.029200 125.508800
v 41.563620 116.116400 111.463900
v 57.393100 133.611400 115.059800
v 49.499330 127.698700 110.302900
v 67.407450 134.029200 125.508800
v 41.563620 116.116400 111.463900
v 42.659280 77.438840 111.040700
v 13.149020 40.348600 122.740800
v 33.366520 101.201500 110.796100
v 53.189410 91.885340 113.676000
v 33.366520 101.201500 110.796100
v 81.470500 136.162300 123.456600
v 72.356380 127.809600 120.645400
v 74.582670 127.125500 117.370400
v 86.148900 135.501500 119.479000
v 93.670650 145.377000 129.519900
v 99.966450 145.210900 127.581800
v 108.118900 154.424900 135.088900
v 103.534000 153.314600 136.471700
v 108.962100 149.765500 123.187600
v 112.544900 157.024300 134.158300
v 64.647780 120.120700 116.018700
v 65.852800 120.114000 113.251800
v 76.963250 127.310000 111.966900
v 61.920040 120.089200 118.383500
v 81.470500 136.162300 123.456600
v 78.555140 141.295000 120.671600
v 69.119520 131.742200 118.260000
v 72.356380 127.809600 120.645400
v 93.670650 145.377000 129.519900
v 92.366740 150.368700 128.569700
v 103.534000 153.314600 136.471700
v 102.434900 157.462800 135.642000
v 93.896790 156.819300 126.628400
v 103.484600 161.976000 134.893300
v 59.766840 121.961500 116.460000
v 65.552960 135.167800 112.977100
v 57.157360 123.562800 113.690700
v 61.920040 120.089200 118.383500
v 102.973300 153.625700 127.939400
v 109.206600 159.985000 137.353000
v 112.544900 157.024300 134.158300
v 108.962100 149.765500 123.187600
v 92.841950 138.733300 111.703100
v 87.158140 143.178600 116.223100
v 95.186110 148.111000 121.966000
v 102.703600 145.067700 116.056500
v 65.852800 120.114000 113.251800
v 63.302700 121.787700 116.784900
v 73.448230 131.073300 116.278900
v 76.963250 127.310000 111.966900
v 84.735470 133.029600 111.828900
v 79.914150 136.916800 116.244400
v 103.484600 161.976000 134.893300
v 93.896790 156.819300 126.628400
v 87.155640 154.804900 119.464600
v 75.675660 147.853000 114.507200
v 65.552960 135.167800 112.977100
v 57.157360 123.562800 113.690700
v 70.708230 141.700000 112.860400
v 111.824200 163.334500 145.746500
v 84.735470 133.029600 111.828900
v 102.703600 145.067700 116.056500
v 92.841950 138.733300 111.703100
v 111.824200 163.334500 145.746500
v 70.708230 141.700000 112.860400
v 87.155640 154.804900 119.464600
v 75.675660 147.853000 114.507200
v 111.824200 163.334500 145.746500
vt 0.384991 0.256464 0.000000
vt 0.591114 0.256464 0.000000
vt 0.592189 0.199291 0.000000
vt 0.386495 0.181022 0.000000
vt 0.012292 0.256464 0.000000
vt 0.184241 0.256464 0.000000
vt 0.185315 0.179087 0.000000
vt 0.012292 0.178442 0.000000
vt 0.386495 0.181022 0.000000
vt 0.592189 0.199291 0.000000
vt 0.012292 0.178442 0.000000
vt 0.185315 0.179087 0.000000
vt 0.758764 0.256464 0.000000
vt -0.613505 0.181022 0.000000
vt -0.615009 0.256464 0.000000
vt -0.408886 0.256464 0.000000
vt -0.407811 0.199291 0.000000
vt -0.987708 0.178442 0.000000
vt -0.987708 0.256464 0.000000
vt -0.815759 0.256464 0.000000
vt -0.814685 0.179087 0.000000
vt -0.407811 0.199291 0.000000
vt -0.613505 0.181022 0.000000
vt -0.987708 0.178442 0.000000
vt -0.814685 0.179087 0.000000
vt -0.241236 0.256464 0.000000
vt -0.613505 0.181022 0.000000
vt -0.615009 0.256464 0.000000
vt -0.408886 0.256464 0.000000
vt -0.407811 0.199291 0.000000
vt -0.987708 0.178442 0.000000
vt -0.987708 0.256464 0.000000
vt -0.815759 0.256464 0.000000
vt -0.814685 0.179087 0.000000
vt -0.407811 0.199291 0.000000
vt -0.613505 0.181022 0.000000
vt -0.987708 0.178442 0.000000
vt -0.814685 0.179087 0.000000
vt -0.241236 0.256464 0.000000
vt -0.615009 0.256464 0.000000
vt -0.408886 0.256464 0.000000
vt -0.407811 0.199291 0.000000
vt -0.613505 0.181022 0.000000
vt -0.987708 0.256464 0.000000
vt -0.815759 0.256464 0.000000
vt -0.814685 0.179087 0.000000
vt -0.987708 0.178442 0.000000
vt -0.613505 0.181022 0.000000
vt -0.407811 0.199291 0.000000
vt -0.987708 0.178442 0.000000
vt -0.814685 0.179087 0.000000
vt -0.241236 0.256464 0.000000
vt -0.613505 0.181022 0.000000
vt -0.615009 0.256464 0.000000
vt -0.408886 0.256464 0.000000
vt -0.407811 0.199291 0.000000
vt -0.987708 0.178442 0.000000
vt -0.987708 0.256464 0.000000
vt -0.815759 0.256464 0.000000
vt -0.814685 0.179087 0.000000
vt -0.407811 0.199291 0.000000
vt -0.613505 0.181022 0.000000
vt -0.814685 0.179087 0.000000
vt -0.987708 0.178442 0.000000
vt -0.241236 0.256464 0.000000
vt -0.615009 0.256464 0.000000
vt -0.408886 0.256464 0.000000
vt -0.407811 0.199291 0.000000
vt -0.613505 0.181022 0.000000
vt -0.987708 0.178442 0.000000
vt -0.987708 0.256464 0.000000
vt -0.815759 0.256464 0.000000
vt -0.814685 0.179087 0.000000
vt -0.407811 0.199291 0.000000
vt -0.613505 0.181022 0.000000
vt -0.987708 0.178442 0.000000
vt -0.814685 0.179087 0.000000
vt -0.241236 0.256464 0.000000
vt -0.407811 0.199291 0.000000
vt -0.408886 0.256464 0.000000
vt -0.615009 0.256464 0.000000
vt -0.613505 0.181022 0.000000
vt -0.814685 0.179087 0.000000
vt -0.815759 0.256464 0.000000
vt -0.987708 0.256464 0.000000
vt -0.987708 0.178442 0.000000
vt -0.613505 0.181022 0.000000
vt -0.407811 0.199291 0.000000
vt -0.987708 0.178442 0.000000
vt -0.814685 0.179087 0.000000
vt -0.241236 0.256464 0.000000
vt -0.407811 0.199291 0.000000
vt -0.408886 0.256464 0.000000
vt -0.615009 0.256464 0.000000
vt -0.613505 0.181022 0.000000
vt -0.814685 0.179087 0.000000
vt -0.815759 0.256464 0.000000
vt -0.987708 0.256464 0.000000
vt -0.987708 0.178442 0.000000
vt -0.407811 0.199291 0.000000
vt -0.613505 0.181022 0.000000
vt -0.987708 0.178442 0.000000
vt -0.814685 0.179087 0.000000
vt -0.241236 0.256464 0.000000
vt -0.407811 0.199291 0.000000
vt -0.408886 0.256464 0.000000
vt -0.615009 0.256464 0.000000
vt -0.613505 0.181022 0.000000
vt -0.814685 0.179087 0.000000
vt -0.815759 0.256464 0.000000
vt -0.987708 0.256464 0.000000
vt -0.987708 0.178442 0.000000
vt -0.407811 0.199291 0.000000
vt -0.613505 0.181022 0.000000
vt -0.987708 0.178442 0.000000
vt -0.814685 0.179087 0.000000
vt -0.241236 0.256464 0.000000
vt -0.407811 0.199291 0.000000
vt -0.408886 0.256464 0.000000
vt -0.615009 0.256464 0.000000
vt -0.613505 0.181022 0.000000
vt -0.987708 0.178442 0.000000
vt -0.814685 0.179087 0.000000
vt -0.815759 0.256464 0.000000
vt -0.987708 0.256464 0.000000
vt -0.407811 0.199291 0.000000
vt -0.613505 0.181022 0.000000
vt -0.987708 0.178442 0.000000
vt -0.814685 0.179087 0.000000
vt -0.241236 0.256464 0.000000
vt -0.613505 0.181022 0.000000
vt -0.407811 0.199291 0.000000
vt -0.408886 0.256464 0.000000
vt -0.615009 0.256464 0.000000
vt -0.987708 0.178442 0.000000
vt -0.814685 0.179087 0.000000
vt -0.815759 0.256464 0.000000
vt -0.987708 0.256464 0.000000
vt -0.407811 0.199291 0.000000
vt -0.613505 0.181022 0.000000
vt -0.814685 0.179087 0.000000
vt -0.987708 0.178442 0.000000
vt -0.241236 0.256464 0.000000
vt -0.613505 0.181022 0.000000
vt -0.407811 0.199291 0.000000
vt -0.408886 0.256464 0.000000
vt -0.615009 0.256464 0.000000
vt -0.987708 0.178442 0.000000
vt -0.814685 0.179087 0.000000
vt -0.815759 0.256464 0.000000
vt -0.987708 0.256464 0.000000
vt -0.407811 0.199291 0.000000
vt -0.613505 0.181022 0.000000
vt -0.987708 0.178442 0.000000
vt -0.814685 0.179087 0.000000
vt -0.241236 0.256464 0.000000
vt -0.613505 0.181022 0.000000
vt -0.407811 0.199291 0.000000
vt -0.408886 0.256464 0.000000
vt -0.615009 0.256464 0.000000
vt -0.987708 0.178442 0.000000
vt -0.814685 0.179087 0.000000
vt -0.815759 0.256464 0.000000
vt -0.987708 0.256464 0.000000
vt -0.407811 0.199291 0.000000
vt -0.613505 0.181022 0.000000
vt -0.814685 0.179087 0.000000
vt -0.987708 0.178442 0.000000
vt -0.241236 0.256464 0.000000
vt -0.615009 0.256464 0.000000
vt -0.408886 0.256464 0.000000
vt -0.407811 0.199291 0.000000
vt -0.613505 0.181022 0.000000
vt -0.987708 0.178442 0.000000
vt -0.987708 0.256464 0.000000
vt -0.815759 0.256464 0.000000
vt -0.814685 0.179087 0.000000
vt -0.613505 0.181022 0.000000
vt -0.407811 0.199291 0.000000
vt -0.987708 0.178442 0.000000
vt -0.814685 0.179087 0.000000
vt -0.241236 0.256464 0.000000
vt -0.615009 0.256464 0.000000
vt -0.408886 0.256464 0.000000
vt -0.407811 0.199291 0.000000
vt -0.613505 0.181022 0.000000
vt -0.987708 0.256464 0.000000
vt -0.815759 0.256464 0.000000
vt -0.814685 0.179087 0.000000
vt -0.987708 0.178442 0.000000
vt -0.613505 0.181022 0.000000
vt -0.407811 0.199291 0.000000
vt -0.987708 0.178442 0.000000
vt -0.814685 0.179087 0.000000
vt -0.241236 0.256464 0.000000
vt -0.469093 0.595319 0.000000
vt -0.345754 0.671203 0.000000
vt -0.583102 0.679461 0.000000
vt -0.701137 0.617850 0.000000
vt -0.821654 0.613732 0.000000
vt -0.791927 0.542072 0.000000
vt -0.704395 0.541923 0.000000
vt -0.710530 0.670509 0.000000
vt -0.875061 0.634075 0.000000
vt -0.582966 0.614971 0.000000
vt -0.346226 0.592491 0.000000
vt -0.342962 0.538437 0.000000
vt -0.180918 0.541504 0.000000
vt -0.191954 0.603084 0.000000
vt -0.180918 0.541504 0.000000
vt -0.180918 0.541504 0.000000
vt -0.342962 0.538437 0.000000
vt -0.469093 0.595319 0.000000
vt -0.583102 0.679461 0.000000
vt -0.345754 0.671203 0.000000
vt -0.791927 0.542072 0.000000
vt -0.821654 0.613732 0.000000
vt -0.701137 0.617850 0.000000
vt -0.704395 0.541923 0.000000
vt -0.875061 0.634075 0.000000
vt -0.710530 0.670509 0.000000
vt -0.582966 0.614971 0.000000
vt -0.346226 0.592491 0.000000
vt -0.191955 0.603084 0.000000
vt -0.180918 0.541504 0.000000
vt -0.342962 0.538437 0.000000
vt -0.197766 0.663331 0.000000
vt -0.097341 0.583295 0.000000
vt -0.101770 0.613216 0.000000
vt -0.097341 0.583295 0.000000
vt -0.097341 0.583295 0.000000
vt -0.197766 0.663331 0.000000
vt -0.097341 0.583295 0.000000
vt -0.101770 0.613216 0.000000
vt -0.104832 0.649923 0.000000
vt -0.104832 0.649923 0.000000
vt -0.016325 0.632234 0.000000
vt -0.016325 0.632234 0.000000
vt -0.988122 0.557348 0.000000
vt -0.887182 0.540728 0.000000
vt -0.582318 0.542469 0.000000
vt -0.461151 0.541069 0.000000
vt -0.791927 0.542072 0.000000
vt -0.821654 0.613732 0.000000
vt -0.704395 0.541923 0.000000
vt -0.887182 0.540728 0.000000
vt -0.582318 0.542469 0.000000
vt -0.988122 0.557348 0.000000
vt -0.887182 0.540729 0.000000
vt -0.988122 0.557348 0.000000
vt -0.582318 0.542469 0.000000
vt -0.791927 0.542072 0.000000
vt -0.704395 0.541923 0.000000
vt -0.887182 0.540729 0.000000
vt -0.582318 0.542469 0.000000
vt -0.342962 0.538437 0.000000
vt -0.016325 0.632234 0.000000
vt -0.461151 0.541069 0.000000
vt -0.461151 0.541069 0.000000
vt -0.461151 0.541069 0.000000
vt -0.643811 0.418955 0.000000
vt -0.649399 0.368231 0.000000
vt -0.822852 0.371670 0.000000
vt -0.816619 0.418955 0.000000
vt -0.469283 0.418955 0.000000
vt -0.449079 0.380912 0.000000
vt -0.264879 0.418955 0.000000
vt -0.262944 0.381127 0.000000
vt -0.407166 0.316216 0.000000
vt -0.264234 0.348027 0.000000
vt -0.836178 0.329112 0.000000
vt -0.991147 0.327178 0.000000
vt -0.991147 0.376398 0.000000
vt -0.991147 0.418955 0.000000
vt -0.643811 0.418955 0.000000
vt -0.816619 0.418955 0.000000
vt -0.822852 0.371670 0.000000
vt -0.649399 0.368231 0.000000
vt -0.449079 0.380912 0.000000
vt -0.469283 0.418955 0.000000
vt -0.262944 0.381127 0.000000
vt -0.264879 0.418955 0.000000
vt -0.407166 0.316216 0.000000
vt -0.264234 0.348027 0.000000
vt -0.991147 0.376398 0.000000
vt -0.991147 0.327178 0.000000
vt -0.836178 0.329112 0.000000
vt -0.991147 0.418955 0.000000
vt -0.407166 0.316216 0.000000
vt -0.407166 0.316216 0.000000
vt -0.264234 0.348027 0.000000
vt -0.264234 0.348027 0.000000
vt -0.669603 0.284191 0.000000
vt -0.530540 0.310413 0.000000
vt -0.530540 0.310413 0.000000
vt -0.669603 0.284191 0.000000
vt -0.991147 0.327178 0.000000
vt -0.836178 0.329112 0.000000
vt -0.836178 0.329112 0.000000
vt -0.991147 0.327178 0.000000
vt -0.753858 0.314282 0.000000
vt -0.753858 0.314282 0.000000
vt -0.264234 0.348027 0.000000
vt -0.407166 0.316216 0.000000
vt -0.530540 0.310413 0.000000
vt -0.669603 0.284191 0.000000
vt -0.836178 0.329112 0.000000
vt -0.991147 0.327178 0.000000
vt -0.753858 0.314282 0.000000
vt -0.020712 0.418955 0.000000
vt -0.753858 0.314282 0.000000
vt -0.530540 0.310413 0.000000
vt -0.669603 0.284191 0.000000
vt -0.020712 0.418955 0.000000
vt -0.753858 0.314282 0.000000
vt -0.530540 0.310413 0.000000
vt -0.669603 0.284191 0.000000
vt -0.020712 0.418955 0.000000
vt 0.384991 0.256464 0.000000
vt 0.386495 0.181022 0.000000
vt 0.592189 0.199291 0.000000
vt 0.591114 0.256464 0.000000
vt 0.012292 0.256464 0.000000
vt 0.012292 0.178442 0.000000
vt 0.185315 0.179087 0.000000
vt 0.184241 0.256464 0.000000
vt 0.592189 0.199291 0.000000
vt 0.386495 0.181022 0.000000
vt 0.185315 0.179087 0.000000
vt 0.012292 0.178442 0.000000
vt 0.758764 0.256464 0.000000
vt -0.613505 0.181022 0.000000
vt -0.407811 0.199291 0.000000
vt -0.408886 0.256464 0.000000
vt -0.615009 0.256464 0.000000
vt -0.987708 0.178442 0.000000
vt -0.814685 0.179087 0.000000
vt -0.815759 0.256464 0.000000
vt -0.987708 0.256464 0.000000
vt -0.407811 0.199291 0.000000
vt -0.613505 0.181022 0.000000
vt -0.814685 0.179087 0.000000
vt -0.987708 0.178442 0.000000
vt -0.241236 0.256464 0.000000
vt -0.613505 0.181022 0.000000
vt -0.407811 0.199291 0.000000
vt -0.408886 0.256464 0.000000
vt -0.615009 0.256464 0.000000
vt -0.987708 0.178442 0.000000
vt -0.814685 0.179087 0.000000
vt -0.815759 0.256464 0.000000
vt -0.987708 0.256464 0.000000
vt -0.407811 0.199291 0.000000
vt -0.613505 0.181022 0.000000
vt -0.814685 0.179087 0.000000
vt -0.987708 0.178442 0.000000
vt -0.241236 0.256464 0.000000
vt -0.615009 0.256464 0.000000
vt -0.613505 0.181022 0.000000
vt -0.407811 0.199291 0.000000
vt -0.408886 0.256464 0.000000
vt -0.987708 0.256464 0.000000
vt -0.987708 0.178442 0.000000
vt -0.814685 0.179087 0.000000
vt -0.815759 0.256464 0.000000
vt -0.407811 0.199291 0.000000
vt -0.613505 0.181022 0.000000
vt -0.814685 0.179087 0.000000
vt -0.987708 0.178442 0.000000
vt -0.241236 0.256464 0.000000
vt -0.613505 0.181022 0.000000
vt -0.407811 0.199291 0.000000
vt -0.408886 0.256464 0.000000
vt -0.615009 0.256464 0.000000
vt -0.987708 0.178442 0.000000
vt -0.814685 0.179087 0.000000
vt -0.815759 0.256464 0.000000
vt -0.987708 0.256464 0.000000
vt -0.407811 0.199291 0.000000
vt -0.613505 0.181022 0.000000
vt -0.814685 0.179087 0.000000
vt -0.987708 0.178442 0.000000
vt -0.241236 0.256464 0.000000
vt -0.615009 0.256464 0.000000
vt -0.613505 0.181022 0.000000
vt -0.407811 0.199291 0.000000
vt -0.408886 0.256464 0.000000
vt -0.987708 0.178442 0.000000
vt -0.814685 0.179087 0.000000
vt -0.815759 0.256464 0.000000
vt -0.987708 0.256464 0.000000
vt -0.407811 0.199291 0.000000
vt -0.613505 0.181022 0.000000
vt -0.814685 0.179087 0.000000
vt -0.987708 0.178442 0.000000
vt -0.241236 0.256464 0.000000
vt -0.407811 0.199291 0.000000
vt -0.613505 0.181022 0.000000
vt -0.615009 0.256464 0.000000
vt -0.408886 0.256464 0.000000
vt -0.814685 0.179087 0.000000
vt -0.987708 0.178442 0.000000
vt -0.987708 0.256464 0.000000
vt -0.815759 0.256464 0.000000
vt -0.613505 0.181022 0.000000
vt -0.407811 0.199291 0.000000
vt -0.987708 0.178442 0.000000
vt -0.814685 0.179087 0.000000
vt -0.241236 0.256464 0.000000
vt -0.407811 0.199291 0.000000
vt -0.613505 0.181022 0.000000
vt -0.615009 0.256464 0.000000
vt -0.408886 0.256464 0.000000
vt -0.814685 0.179087 0.000000
vt -0.987708 0.178442 0.000000
vt -0.987708 0.256464 0.000000
vt -0.815759 0.256464 0.000000
vt -0.407811 0.199291 0.000000
vt -0.613505 0.181022 0.000000
vt -0.987708 0.178442 0.000000
vt -0.814685 0.179087 0.000000
vt -0.241236 0.256464 0.000000
vt -0.407811 0.199291 0.000000
vt -0.613505 0.181022 0.000000
vt -0.615009 0.256464 0.000000
vt -0.408886 0.256464 0.000000
vt -0.814685 0.179087 0.000000
vt -0.987708 0.178442 0.000000
vt -0.987708 0.256464 0.000000
vt -0.815759 0.256464 0.000000
vt -0.407811 0.199291 0.000000
vt -0.613505 0.181022 0.000000
vt -0.987708 0.178442 0.000000
vt -0.814685 0.179087 0.000000
vt -0.241236 0.256464 0.000000
vt -0.407811 0.199291 0.000000
vt -0.613505 0.181022 0.000000
vt -0.615009 0.256464 0.000000
vt -0.408886 0.256464 0.000000
vt -0.987708 0.178442 0.000000
vt -0.987708 0.256464 0.000000
vt -0.815759 0.256464 0.000000
vt -0.814685 0.179087 0.000000
vt -0.407811 0.199291 0.000000
vt -0.613505 0.181022 0.000000
vt -0.987708 0.178442 0.000000
vt -0.814685 0.179087 0.000000
vt -0.241236 0.256464 0.000000
vt -0.613505 0.181022 0.000000
vt -0.615009 0.256464 0.000000
vt -0.408886 0.256464 0.000000
vt -0.407811 0.199291 0.000000
vt -0.987708 0.178442 0.000000
vt -0.987708 0.256464 0.000000
vt -0.815759 0.256464 0.000000
vt -0.814685 0.179087 0.000000
vt -0.407811 0.199291 0.000000
vt -0.613505 0.181022 0.000000
vt -0.814685 0.179087 0.000000
vt -0.987708 0.178442 0.000000
vt -0.241236 0.256464 0.000000
vt -0.613505 0.181022 0.000000
vt -0.615009 0.256464 0.000000
vt -0.408886 0.256464 0.000000
vt -0.407811 0.199291 0.000000
vt -0.987708 0.178442 0.000000
vt -0.987708 0.256464 0.000000
vt -0.815759 0.256464 0.000000
vt -0.814685 0.179087 0.000000
vt -0.407811 0.199291 0.000000
vt -0.613505 0.181022 0.000000
vt -0.987708 0.178442 0.000000
vt -0.814685 0.179087 0.000000
vt -0.241236 0.256464 0.000000
vt -0.613505 0.181022 0.000000
vt -0.615009 0.256464 0.000000
vt -0.408886 0.256464 0.000000
vt -0.407811 0.199291 0.000000
vt -0.987708 0.178442 0.000000
vt -0.987708 0.256464 0.000000
vt -0.815759 0.256464 0.000000
vt -0.814685 0.179087 0.000000
vt -0.407811 0.199291 0.000000
vt -0.613505 0.181022 0.000000
vt -0.814685 0.179087 0.000000
vt -0.987708 0.178442 0.000000
vt -0.241236 0.256464 0.000000
vt -0.615009 0.256464 0.000000
vt -0.613505 0.181022 0.000000
vt -0.407811 0.199291 0.000000
vt -0.408886 0.256464 0.000000
vt -0.987708 0.178442 0.000000
vt -0.814685 0.179087 0.000000
vt -0.815759 0.256464 0.000000
vt -0.987708 0.256464 0.000000
vt -0.407811 0.199291 0.000000
vt -0.613505 0.181022 0.000000
vt -0.814685 0.179087 0.000000
vt -0.987708 0.178442 0.000000
vt -0.241236 0.256464 0.000000
vt -0.615009 0.256464 0.000000
vt -0.613505 0.181022 0.000000
vt -0.407811 0.199291 0.000000
vt -0.408886 0.256464 0.000000
vt -0.987708 0.256464 0.000000
vt -0.987708 0.178442 0.000000
vt -0.814685 0.179087 0.000000
vt -0.815759 0.256464 0.000000
vt -0.407811 0.199291 0.000000
vt -0.613505 0.181022 0.000000
vt -0.814685 0.179087 0.000000
vt -0.987708 0.178442 0.000000
vt -0.241236 0.256464 0.000000
vt -0.469093 0.595319 0.000000
vt -0.583102 0.679461 0.000000
vt -0.345754 0.671203 0.000000
vt -0.701137 0.617850 0.000000
vt -0.704395 0.541923 0.000000
vt -0.791927 0.542072 0.000000
vt -0.821654 0.613732 0.000000
vt -0.875061 0.634075 0.000000
vt -0.710530 0.670509 0.000000
vt -0.582966 0.614971 0.000000
vt -0.346226 0.592491 0.000000
vt -0.191954 0.603084 0.000000
vt -0.180918 0.541504 0.000000
vt -0.342962 0.538437 0.000000
vt -0.180918 0.541504 0.000000
vt -0.342962 0.538437 0.000000
vt -0.180918 0.541504 0.000000
vt -0.469093 0.595319 0.000000
vt -0.345754 0.671203 0.000000
vt -0.583102 0.679461 0.000000
vt -0.791927 0.542072 0.000000
vt -0.704395 0.541923 0.000000
vt -0.701137 0.617850 0.000000
vt -0.821654 0.613732 0.000000
vt -0.710530 0.670509 0.000000
vt -0.875061 0.634075 0.000000
vt -0.582966 0.614971 0.000000
vt -0.346226 0.592491 0.000000
vt -0.342962 0.538437 0.000000
vt -0.180918 0.541504 0.000000
vt -0.191955 0.603084 0.000000
vt -0.197766 0.663331 0.000000
vt -0.097341 0.583295 0.000000
vt -0.101770 0.613216 0.000000
vt -0.097341 0.583295 0.000000
vt -0.097341 0.583295 0.000000
vt -0.197766 0.663331 0.000000
vt -0.097341 0.583295 0.000000
vt -0.101770 0.613216 0.000000
vt -0.104832 0.649923 0.000000
vt -0.104832 0.649923 0.000000
vt -0.016325 0.632234 0.000000
vt -0.016325 0.632234 0.000000
vt -0.887182 0.540728 0.000000
vt -0.988122 0.557348 0.000000
vt -0.582318 0.542469 0.000000
vt -0.461151 0.541069 0.000000
vt -0.791927 0.542072 0.000000
vt -0.704395 0.541923 0.000000
vt -0.821654 0.613732 0.000000
vt -0.887182 0.540728 0.000000
vt -0.582318 0.542469 0.000000
vt -0.988122 0.557348 0.000000
vt -0.988122 0.557348 0.000000
vt -0.887182 0.540729 0.000000
vt -0.582318 0.542469 0.000000
vt -0.791927 0.542072 0.000000
vt -0.704395 0.541923 0.000000
vt -0.887182 0.540729 0.000000
vt -0.582318 0.542469 0.000000
vt -0.342962 0.538437 0.000000
vt -0.016325 0.632234 0.000000
vt -0.461151 0.541069 0.000000
vt -0.461151 0.541069 0.000000
vt -0.461151 0.541069 0.000000
vt -0.643811 0.418955 0.000000
vt -0.816619 0.418955 0.000000
vt -0.822852 0.371670 0.000000
vt -0.649399 0.368231 0.000000
vt -0.469283 0.418955 0.000000
vt -0.449079 0.380912 0.000000
vt -0.262944 0.381127 0.000000
vt -0.264879 0.418955 0.000000
vt -0.407166 0.316216 0.000000
vt -0.264234 0.348027 0.000000
vt -0.991147 0.376398 0.000000
vt -0.991147 0.327178 0.000000
vt -0.836178 0.329112 0.000000
vt -0.991147 0.418955 0.000000
vt -0.643811 0.418955 0.000000
vt -0.649399 0.368231 0.000000
vt -0.822852 0.371670 0.000000
vt -0.816619 0.418955 0.000000
vt -0.469283 0.418955 0.000000
vt -0.449079 0.380912 0.000000
vt -0.264879 0.418955 0.000000
vt -0.262944 0.381127 0.000000
vt -0.407166 0.316216 0.000000
vt -0.264234 0.348027 0.000000
vt -0.991147 0.376398 0.000000
vt -0.836178 0.329112 0.000000
vt -0.991147 0.327178 0.000000
vt -0.991147 0.418955 0.000000
vt -0.407166 0.316216 0.000000
vt -0.264234 0.348027 0.000000
vt -0.264234 0.348027 0.000000
vt -0.407166 0.316216 0.000000
vt -0.669603 0.284191 0.000000
vt -0.669603 0.284191 0.000000
vt -0.530540 0.310413 0.000000
vt -0.530540 0.310413 0.000000
vt -0.991147 0.327178 0.000000
vt -0.991147 0.327178 0.000000
vt -0.836178 0.329112 0.000000
vt -0.836178 0.329112 0.000000
vt -0.753858 0.314282 0.000000
vt -0.753858 0.314282 0.000000
vt -0.264234 0.348027 0.000000
vt -0.407166 0.316216 0.000000
vt -0.530540 0.310413 0.000000
vt -0.669603 0.284191 0.000000
vt -0.836178 0.329112 0.000000
vt -0.991147 0.327178 0.000000
vt -0.753858 0.314282 0.000000
vt -0.020712 0.418955 0.000000
vt -0.753858 0.314282 0.000000
vt -0.530540 0.310413 0.000000
vt -0.669603 0.284191 0.000000
vt -0.020712 0.418955 0.000000
vt -0.753858 0.314282 0.000000
vt -0.530540 0.310413 0.000000
vt -0.669603 0.284191 0.000000
vt -0.020712 0.418955 0.000000
usemtl Material_4
f 227/227 228/228 229/229
f 229/229 230/230 227/227
f 231/231 232/232 233/233
f 233/233 234/234 231/231
f 228/228 227/227 235/235
f 235/235 236/236 228/228
f 232/232 231/231 237/237
f 237/237 238/238 232/232
f 232/232 227/227 230/230
f 230/230 233/233 232/232
f 227/227 232/232 238/238
f 238/238 235/235 227/227
f 229/229 228/228 239/239
f 239/239 228/228 236/236
f 240/240 241/241 242/242
f 242/242 243/243 240/240
f 244/244 245/245 246/246
f 246/246 247/247 244/244
f 248/248 242/242 241/241
f 241/241 249/249 248/248
f 246/246 245/245 250/250
f 250/250 251/251 246/246
f 247/247 246/246 241/241
f 241/241 240/240 247/247
f 249/249 241/241 246/246
f 246/246 251/251 249/249
f 243/243 242/242 252/252
f 252/252 242/242 248/248
f 253/253 254/254 255/255
f 255/255 256/256 253/253
f 257/257 258/258 259/259
f 259/259 260/260 257/257
f 261/261 255/255 254/254
f 254/254 262/262 261/261
f 259/259 258/258 263/263
f 263/263 264/264 259/259
f 260/260 259/259 254/254
f 254/254 253/253 260/260
f 262/262 254/254 259/259
f 259/259 264/264 262/262
f 256/256 255/255 265/265
f 265/265 255/255 261/261
f 266/266 267/267 268/268
f 268/268 269/269 266/266
f 270/270 271/271 272/272
f 272/272 273/273 270/270
f 267/267 266/266 274/274
f 274/274 275/275 267/267
f 271/271 270/270 276/276
f 276/276 277/277 271/271
f 271/271 266/266 269/269
f 269/269 272/272 271/271
f 266/266 271/271 277/277
f 277/277 274/274 266/266
f 268/268 267/267 278/278
f 278/278 267/267 275/275
f 279/279 280/280 281/281
f 281/281 282/282 279/279
f 283/283 284/284 285/285
f 285/285 286/286 283/283
f 287/287 281/281 280/280
f 280/280 288/288 287/287
f 289/289 285/285 284/284
f 284/284 290/290 289/289
f 286/286 285/285 280/280
f 280/280 279/279 286/286
f 288/288 280/280 285/285
f 285/285 289/289 288/288
f 282/282 281/281 291/291
f 291/291 281/281 287/287
f 292/292 293/293 294/294
f 294/294 295/295 292/292
f 296/296 297/297 298/298
f 298/298 299/299 296/296
f 300/300 293/293 292/292
f 292/292 301/301 300/300
f 298/298 297/297 302/302
f 302/302 303/303 298/298
f 298/298 292/292 295/295
f 295/295 299/299 298/298
f 292/292 298/298 303/303
f 303/303 301/301 292/292
f 294/294 293/293 304/304
f 304/304 293/293 300/300
f 305/305 306/306 307/307
f 307/307 308/308 305/305
f 309/309 310/310 311/311
f 311/311 312/312 309/309
f 313/313 307/307 306/306
f 306/306 314/314 313/313
f 315/315 311/311 310/310
f 310/310 316/316 315/315
f 308/308 307/307 310/310
f 310/310 309/309 308/308
f 316/316 310/310 307/307
f 307/307 313/313 316/316
f 305/305 317/317 306/306
f 317/317 314/314 306/306
f 318/318 319/319 320/320
f 320/320 321/321 318/318
f 322/322 323/323 324/324
f 324/324 325/325 322/322
f 326/326 327/327 320/320
f 320/320 319/319 326/326
f 328/328 324/324 323/323
f 323/323 329/329 328/328
f 321/321 320/320 323/323
f 323/323 322/322 321/321
f 329/329 323/323 320/320
f 320/320 327/327 329/329
f 318/318 330/330 319/319
f 330/330 326/326 319/319
f 331/331 332/332 333/333
f 333/333 334/334 331/331
f 335/335 336/336 337/337
f 337/337 338/338 335/335
f 339/339 340/340 333/333
f 333/333 332/332 339/339
f 341/341 337/337 336/336
f 336/336 342/342 341/341
f 334/334 333/333 336/336
f 336/336 335/335 334/334
f 342/342 336/336 333/333
f 333/333 340/340 342/342
f 331/331 343/343 332/332
f 343/343 339/339 332/332
f 344/344 345/345 346/346
f 346/346 347/347 344/344
f 348/348 349/349 350/350
f 350/350 351/351 348/348
f 352/352 353/353 346/346
f 346/346 345/345 352/352
f 354/354 351/351 350/350
f 350/350 355/355 354/354
f 349/349 347/347 346/346
f 346/346 350/350 349/349
f 353/353 355/355 350/350
f 350/350 346/346 353/353
f 344/344 356/356 345/345
f 356/356 352/352 345/345
f 357/357 358/358 359/359
f 359/359 360/360 357/357
f 361/361 362/362 363/363
f 363/363 364/364 361/361
f 365/365 366/366 360/360
f 360/360 359/359 365/365
f 367/367 368/368 364/364
f 364/364 363/363 367/367
f 362/362 357/357 360/360
f 360/360 363/363 362/362
f 366/366 367/367 363/363
f 363/363 360/360 366/366
f 358/358 369/369 359/359
f 369/369 365/365 359/359
f 370/370 371/371 372/372
f 372/372 373/373 370/370
f 374/374 375/375 376/376
f 376/376 377/377 374/374
f 378/378 379/379 373/373
f 373/373 372/372 378/378
f 380/380 377/377 376/376
f 376/376 381/381 380/380
f 375/375 370/370 373/373
f 373/373 376/376 375/375
f 379/379 381/381 376/376
f 376/376 373/373 379/379
f 371/371 382/382 372/372
f 382/382 378/378 372/372
f 383/383 384/384 385/385
f 385/385 386/386 383/383
f 387/387 388/388 389/389
f 389/389 390/390 387/387
f 391/391 392/392 386/386
f 386/386 385/385 391/391
f 393/393 394/394 390/390
f 390/390 389/389 393/393
f 388/388 383/383 386/386
f 386/386 389/389 388/388
f 392/392 393/393 389/389
f 389/389 386/386 392/392
f 384/384 395/395 385/385
f 395/395 391/391 385/385
f 396/396 397/397 398/398
f 398/398 399/399 396/396
f 400/400 401/401 402/402
f 402/402 403/403 400/400
f 397/397 396/396 404/404
f 404/404 405/405 397/397
f 402/402 401/401 406/406
f 406/406 407/407 402/402
f 402/402 396/396 399/399
f 399/399 403/403 402/402
f 396/396 402/402 407/407
f 407/407 404/404 396/396
f 398/398 397/397 408/408
f 408/408 397/397 405/405
f 409/409 410/410 411/411
f 411/411 412/412 409/409
f 413/413 414/414 415/415
f 415/415 416/416 413/413
f 410/410 409/409 417/417
f 417/417 418/418 410/410
f 414/414 413/413 419/419
f 419/419 420/420 414/414
f 414/414 409/409 412/412
f 412/412 415/415 414/414
f 409/409 414/414 420/420
f 420/420 417/417 409/409
f 411/411 410/410 421/421
f 421/421 410/410 418/418
f 422/422 423/423 424/424
f 425/425 426/426 427/427
f 427/427 428/428 425/425
f 425/425 429/429 430/430
f 430/430 426/426 425/425
f 429/429 425/425 431/431
f 431/431 424/424 429/429
f 432/432 433/433 434/434
f 434/434 435/435 432/432
f 436/436 437/437 438/438
f 439/439 440/440 441/441
f 442/442 443/443 444/444
f 444/444 445/445 442/442
f 444/444 443/443 446/446
f 446/446 447/447 444/444
f 447/447 440/440 448/448
f 448/448 444/444 447/447
f 449/449 450/450 451/451
f 451/451 452/452 449/449
f 423/423 432/432 435/435
f 435/435 453/453 423/423
f 454/454 455/455 435/435
f 435/435 434/434 454/454
f 456/456 457/457 437/437
f 437/437 436/436 456/456
f 450/450 449/449 441/441
f 441/441 458/458 450/450
f 459/459 451/451 450/450
f 450/450 460/460 459/459
f 453/453 435/435 455/455
f 455/455 461/461 453/453
f 458/458 462/462 460/460
f 460/460 450/450 458/458
f 456/456 463/463 457/457
f 460/460 464/464 459/459
f 460/460 462/462 464/464
f 426/426 465/465 466/466
f 430/430 465/465 426/426
f 427/427 426/426 466/466
f 428/428 467/467 431/431
f 431/431 422/422 424/424
f 425/425 428/428 431/431
f 468/468 422/422 431/431
f 431/431 467/467 468/468
f 422/422 432/432 423/423
f 469/469 470/470 471/471
f 472/472 470/470 469/469
f 471/471 470/470 473/473
f 472/472 474/474 470/470
f 443/443 475/475 476/476
f 446/446 443/443 476/476
f 442/442 475/475 443/443
f 445/445 448/448 477/477
f 448/448 440/440 439/439
f 444/444 448/448 445/445
f 439/439 441/441 449/449
f 478/478 479/479 470/470
f 480/480 478/478 470/470
f 479/479 481/481 470/470
f 480/480 470/470 474/474
f 438/438 437/437 482/482
f 483/483 455/455 454/454
f 455/455 483/483 461/461
f 439/439 449/449 452/452
f 452/452 484/484 439/439
f 448/448 439/439 484/484
f 484/484 477/477 448/448
f 433/433 432/432 422/422
f 422/422 468/468 433/433
f 470/470 485/485 473/473
f 485/485 470/470 481/481
f 486/486 485/485 481/481
f 486/486 482/482 485/485
f 438/438 482/482 486/486
f 487/487 488/488 489/489
f 489/489 490/490 487/487
f 491/491 492/492 488/488
f 488/488 487/487 491/491
f 492/492 491/491 493/493
f 493/493 494/494 492/492
f 495/495 492/492 494/494
f 494/494 496/496 495/495
f 489/489 497/497 498/498
f 498/498 499/499 489/489
f 490/490 489/489 499/499
f 499/499 500/500 490/490
f 501/501 502/502 503/503
f 503/503 504/504 501/501
f 504/504 505/505 506/506
f 506/506 501/501 504/504
f 505/505 507/507 508/508
f 508/508 506/506 505/505
f 509/509 510/510 507/507
f 507/507 505/505 509/509
f 511/511 512/512 513/513
f 513/513 503/503 511/511
f 514/514 511/511 503/503
f 503/503 502/502 514/514
f 515/515 516/516 517/517
f 517/517 518/518 515/515
f 519/519 520/520 521/521
f 521/521 522/522 519/519
f 521/521 520/520 516/516
f 516/516 515/515 521/521
f 523/523 524/524 525/525
f 525/525 526/526 523/523
f 527/527 519/519 522/522
f 522/522 528/528 527/527
f 524/524 527/527 528/528
f 528/528 525/525 524/524
f 529/529 530/530 515/515
f 515/515 518/518 529/529
f 531/531 532/532 522/522
f 522/522 521/521 531/531
f 530/530 531/531 521/521
f 521/521 515/515 530/530
f 533/533 534/534 526/526
f 526/526 525/525 533/533
f 532/532 535/535 528/528
f 528/528 522/522 532/532
f 535/535 533/533 525/525
f 525/525 528/528 535/535
f 493/493 536/536 494/494
f 489/489 488/488 537/537
f 488/488 492/492 538/538
f 494/494 536/536 496/496
f 488/488 538/538 539/539
f 538/538 492/492 495/495
f 537/537 488/488 539/539
f 489/489 537/537 497/497
f 508/508 507/507 540/540
f 503/503 541/541 504/504
f 504/504 542/542 505/505
f 507/507 510/510 540/540
f 504/504 543/543 542/542
f 542/542 509/509 505/505
f 541/541 543/543 504/504
f 503/503 513/513 541/541
f 544/544 518/518 517/517
f 529/529 518/518 544/544
f 545/545 546/546 547/547
f 547/547 548/548 545/545
f 549/549 550/550 551/551
f 551/551 552/552 549/549
f 548/548 553/553 554/554
f 554/554 545/545 548/548
f 552/552 555/555 556/556
f 556/556 549/549 552/552
f 552/552 551/551 546/546
f 546/546 545/545 552/552
f 545/545 554/554 555/555
f 555/555 552/552 545/545
f 547/547 557/557 548/548
f 557/557 553/553 548/548
f 558/558 559/559 560/560
f 560/560 561/561 558/558
f 562/562 563/563 564/564
f 564/564 565/565 562/562
f 566/566 567/567 561/561
f 561/561 560/560 566/566
f 564/564 568/568 569/569
f 569/569 565/565 564/564
f 563/563 558/558 561/561
f 561/561 564/564 563/563
f 567/567 568/568 564/564
f 564/564 561/561 567/567
f 559/559 570/570 560/560
f 570/570 566/566 560/560
f 571/571 572/572 573/573
f 573/573 574/574 571/571
f 575/575 576/576 577/577
f 577/577 578/578 575/575
f 579/579 580/580 574/574
f 574/574 573/573 579/579
f 577/577 581/581 582/582
f 582/582 578/578 577/577
f 576/576 571/571 574/574
f 574/574 577/577 576/576
f 580/580 581/581 577/577
f 577/577 574/574 580/580
f 572/572 583/583 573/573
f 583/583 579/579 573/573
f 584/584 585/585 586/586
f 586/586 587/587 584/584
f 588/588 589/589 590/590
f 590/590 591/591 588/588
f 587/587 592/592 593/593
f 593/593 584/584 587/587
f 591/591 594/594 595/595
f 595/595 588/588 591/591
f 591/591 590/590 585/585
f 585/585 584/584 591/591
f 584/584 593/593 594/594
f 594/594 591/591 584/584
f 586/586 596/596 587/587
f 596/596 592/592 587/587
f 597/597 598/598 599/599
f 599/599 600/600 597/597
f 601/601 602/602 603/603
f 603/603 604/604 601/601
f 605/605 606/606 600/600
f 600/600 599/599 605/605
f 607/607 608/608 604/604
f 604/604 603/603 607/607
f 602/602 597/597 600/600
f 600/600 603/603 602/602
f 606/606 607/607 603/603
f 603/603 600/600 606/606
f 598/598 609/609 599/599
f 609/609 605/605 599/599
f 610/610 611/611 612/612
f 612/612 613/613 610/610
f 614/614 615/615 616/616
f 616/616 617/617 614/614
f 618/618 619/619 610/610
f 610/610 613/613 618/618
f 616/616 620/620 621/621
f 621/621 617/617 616/616
f 616/616 615/615 611/611
f 611/611 610/610 616/616
f 610/610 619/619 620/620
f 620/620 616/616 610/610
f 612/612 622/622 613/613
f 622/622 618/618 613/613
f 623/623 624/624 625/625
f 625/625 626/626 623/623
f 627/627 628/628 629/629
f 629/629 630/630 627/627
f 631/631 632/632 626/626
f 626/626 625/625 631/631
f 633/633 634/634 630/630
f 630/630 629/629 633/633
f 624/624 627/627 630/630
f 630/630 625/625 624/624
f 634/634 631/631 625/625
f 625/625 630/630 634/634
f 623/623 626/626 635/635
f 635/635 626/626 632/632
f 636/636 637/637 638/638
f 638/638 639/639 636/636
f 640/640 641/641 642/642
f 642/642 643/643 640/640
f 644/644 639/639 638/638
f 638/638 645/645 644/644
f 646/646 647/647 643/643
f 643/643 642/642 646/646
f 637/637 640/640 643/643
f 643/643 638/638 637/637
f 647/647 645/645 638/638
f 638/638 643/643 647/647
f 636/636 639/639 648/648
f 648/648 639/639 644/644
f 649/649 650/650 651/651
f 651/651 652/652 649/649
f 653/653 654/654 655/655
f 655/655 656/656 653/653
f 657/657 652/652 651/651
f 651/651 658/658 657/657
f 659/659 660/660 656/656
f 656/656 655/655 659/659
f 650/650 653/653 656/656
f 656/656 651/651 650/650
f 660/660 658/658 651/651
f 651/651 656/656 660/660
f 649/649 652/652 661/661
f 661/661 652/652 657/657
f 662/662 663/663 664/664
f 664/664 665/665 662/662
f 666/666 667/667 668/668
f 668/668 669/669 666/666
f 670/670 665/665 664/664
f 664/664 671/671 670/670
f 672/672 673/673 668/668
f 668/668 667/667 672/672
f 669/669 668/668 664/664
f 664/664 663/663 669/669
f 671/671 664/664 668/668
f 668/668 673/673 671/671
f 662/662 665/665 674/674
f 674/674 665/665 670/670
f 675/675 676/676 677/677
f 677/677 678/678 675/675
f 679/679 680/680 681/681
f 681/681 682/682 679/679
f 683/683 677/677 676/676
f 676/676 684/684 683/683
f 685/685 681/681 680/680
f 680/680 686/686 685/685
f 682/682 681/681 676/676
f 676/676 675/675 682/682
f 684/684 676/676 681/681
f 681/681 685/685 684/684
f 678/678 677/677 687/687
f 687/687 677/677 683/683
f 688/688 689/689 690/690
f 690/690 691/691 688/688
f 692/692 693/693 694/694
f 694/694 695/695 692/692
f 696/696 690/690 689/689
f 689/689 697/697 696/696
f 698/698 699/699 694/694
f 694/694 693/693 698/698
f 695/695 694/694 689/689
f 689/689 688/688 695/695
f 697/697 689/689 694/694
f 694/694 699/699 697/697
f 691/691 690/690 700/700
f 700/700 690/690 696/696
f 701/701 702/702 703/703
f 703/703 704/704 701/701
f 705/705 706/706 707/707
f 707/707 708/708 705/705
f 709/709 703/703 702/702
f 702/702 710/710 709/709
f 711/711 707/707 706/706
f 706/706 712/712 711/711
f 708/708 707/707 702/702
f 702/702 701/701 708/708
f 710/710 702/702 707/707
f 707/707 711/711 710/710
f 704/704 703/703 713/713
f 713/713 703/703 709/709
f 714/714 715/715 716/716
f 716/716 717/717 714/714
f 718/718 719/719 720/720
f 720/720 721/721 718/718
f 717/717 722/722 723/723
f 723/723 714/714 717/717
f 720/720 724/724 725/725
f 725/725 721/721 720/720
f 720/720 719/719 715/715
f 715/715 714/714 720/720
f 714/714 723/723 724/724
f 724/724 720/720 714/714
f 716/716 726/726 717/717
f 726/726 722/722 717/717
f 727/727 728/728 729/729
f 729/729 730/730 727/727
f 731/731 732/732 733/733
f 733/733 734/734 731/731
f 730/730 735/735 736/736
f 736/736 727/727 730/730
f 734/734 737/737 738/738
f 738/738 731/731 734/734
f 734/734 733/733 728/728
f 728/728 727/727 734/734
f 727/727 736/736 737/737
f 737/737 734/734 727/727
f 729/729 739/739 730/730
f 739/739 735/735 730/730
f 740/740 741/741 742/742
f 743/743 744/744 745/745
f 745/745 746/746 743/743
f 743/743 746/746 747/747
f 747/747 748/748 743/743
f 748/748 741/741 749/749
f 749/749 743/743 748/748
f 750/750 751/751 752/752
f 752/752 753/753 750/750
f 754/754 755/755 756/756
f 757/757 758/758 759/759
f 760/760 761/761 762/762
f 762/762 763/763 760/760
f 762/762 764/764 765/765
f 765/765 763/763 762/762
f 764/764 762/762 766/766
f 766/766 759/759 764/764
f 767/767 768/768 769/769
f 769/769 770/770 767/767
f 742/742 771/771 751/751
f 751/751 750/750 742/742
f 772/772 752/752 751/751
f 751/751 773/773 772/772
f 774/774 754/754 756/756
f 756/756 775/775 774/774
f 770/770 776/776 758/758
f 758/758 767/767 770/770
f 777/777 778/778 770/770
f 770/770 769/769 777/777
f 771/771 779/779 773/773
f 773/773 751/751 771/771
f 776/776 770/770 778/778
f 778/778 780/780 776/776
f 774/774 775/775 781/781
f 778/778 777/777 782/782
f 778/778 782/782 780/780
f 746/746 783/783 784/784
f 747/747 746/746 784/784
f 745/745 783/783 746/746
f 744/744 749/749 785/785
f 749/749 741/741 740/740
f 743/743 749/749 744/744
f 786/786 785/785 749/749
f 749/749 740/740 786/786
f 740/740 742/742 750/750
f 787/787 788/788 789/789
f 790/790 787/787 789/789
f 788/788 791/791 789/789
f 790/790 789/789 792/792
f 763/763 793/793 794/794
f 765/765 793/793 763/763
f 760/760 763/763 794/794
f 761/761 795/795 766/766
f 766/766 757/757 759/759
f 762/762 761/761 766/766
f 757/757 767/767 758/758
f 796/796 789/789 797/797
f 798/798 789/789 796/796
f 797/797 789/789 799/799
f 798/798 792/792 789/789
f 755/755 800/800 756/756
f 801/801 772/772 773/773
f 773/773 779/779 801/801
f 757/757 802/802 768/768
f 768/768 767/767 757/757
f 766/766 795/795 802/802
f 802/802 757/757 766/766
f 753/753 786/786 740/740
f 740/740 750/750 753/753
f 789/789 791/791 803/803
f 803/803 799/799 789/789
f 804/804 799/799 803/803
f 804/804 803/803 800/800
f 755/755 804/804 800/800
f 805/805 806/806 807/807
f 807/807 808/808 805/805
f 809/809 805/805 808/808
f 808/808 810/810 809/809
f 810/810 811/811 812/812
f 812/812 809/809 810/810
f 813/813 814/814 811/811
f 811/811 810/810 813/813
f 807/807 815/815 816/816
f 816/816 817/817 807/807
f 806/806 818/818 815/815
f 815/815 807/807 806/806
f 819/819 820/820 821/821
f 821/821 822/822 819/819
f 820/820 819/819 823/823
f 823/823 824/824 820/820
f 824/824 823/823 825/825
f 825/825 826/826 824/824
f 827/827 824/824 826/826
f 826/826 828/828 827/827
f 829/829 821/821 830/830
f 830/830 831/831 829/829
f 832/832 822/822 821/821
f 821/821 829/829 832/832
f 833/833 834/834 835/835
f 835/835 836/836 833/833
f 837/837 838/838 839/839
f 839/839 840/840 837/837
f 839/839 833/833 836/836
f 836/836 840/840 839/839
f 841/841 842/842 843/843
f 843/843 844/844 841/841
f 845/845 846/846 838/838
f 838/838 837/837 845/845
f 844/844 843/843 846/846
f 846/846 845/845 844/844
f 847/847 834/834 833/833
f 833/833 848/848 847/847
f 849/849 839/839 838/838
f 838/838 850/850 849/849
f 848/848 833/833 839/839
f 839/839 849/849 848/848
f 851/851 843/843 842/842
f 842/842 852/852 851/851
f 850/850 838/838 846/846
f 846/846 853/853 850/850
f 853/853 846/846 843/843
f 843/843 851/851 853/853
f 812/812 811/811 854/854
f 807/807 855/855 808/808
f 808/808 856/856 810/810
f 811/811 814/814 854/854
f 808/808 857/857 856/856
f 856/856 813/813 810/810
f 855/855 857/857 808/808
f 807/807 817/817 855/855
f 825/825 858/858 826/826
f 821/821 820/820 859/859
f 820/820 824/824 860/860
f 826/826 858/858 828/828
f 820/820 860/860 861/861
f 860/860 824/824 827/827
f 859/859 820/820 861/861
f 821/821 859/859 830/830
f 862/862 835/835 834/834
f 847/847 862/862 834/834

g ts_wing02
v -56.514930 115.574800 104.176000
v -54.982670 121.783300 109.455900
v -71.169490 140.557400 102.663100
v -76.262990 138.328900 93.589700
v -100.727900 167.281600 72.244680
v -100.261300 168.667500 87.417770
v -107.180500 173.344900 84.278590
v -110.229700 172.691200 73.553380
v -84.002450 153.888300 95.852290
v -86.539570 150.985500 84.637650
v -93.763200 160.323500 77.079690
v -91.680470 161.844200 91.816220
v -49.184200 121.447100 106.702300
v -64.185810 147.577300 97.401700
v -101.834900 178.770500 77.958380
v -93.053670 177.434100 79.164150
v -72.856350 161.461000 88.253810
v -82.301890 172.727100 81.501980
v -119.035100 182.115500 80.169480
v -57.066420 114.270500 106.510200
v -58.742050 116.506500 117.781500
v -84.854340 144.914100 113.087700
v -86.256770 147.384200 92.705420
v -137.825300 187.403700 82.910220
v -131.803800 183.612900 104.731500
v -146.184100 192.315900 104.802400
v -150.282700 195.637200 89.492270
v -103.936100 162.303300 108.741400
v -105.792500 165.305100 84.376010
v -121.951500 177.871800 80.067230
v -116.535000 172.196300 106.638800
v -49.088560 120.384300 110.853000
v -69.433090 160.630100 95.186720
v -140.333700 205.903800 95.102370
v -122.781300 199.698900 88.421330
v -85.282690 179.376500 87.773290
v -102.731100 191.945300 85.316350
v -171.213900 203.609400 109.255800
v -44.516250 119.359600 98.612180
v -52.445000 127.481300 90.386610
v -54.108560 117.942800 83.079960
v -44.660210 111.264500 94.293720
v -64.187520 147.168000 25.726170
v -70.255690 158.310500 44.882760
v -73.015540 162.227800 31.250300
v -70.617490 154.662500 18.466930
v -61.594220 142.276000 76.244840
v -59.902640 129.726900 64.396340
v -62.116150 139.991500 44.708440
v -66.748920 153.183700 59.113460
v -39.737270 130.377100 84.694020
v -37.379800 117.033200 96.733050
v -50.577520 158.044500 28.326910
v -59.079940 161.450000 19.477810
v -42.794090 142.301800 65.471470
v -45.549830 155.216900 41.178780
v -76.072620 169.711600 6.706665
v -48.986710 115.209000 97.209140
v -48.755760 121.132800 102.102600
v -56.702010 128.412800 97.248220
v -58.378760 121.543800 89.710470
v -72.459010 151.463400 50.831340
v -77.508670 159.462400 68.088080
v -81.546650 163.943700 58.557810
v -78.741510 158.757900 43.389830
v -66.569170 141.730100 88.941350
v -65.451740 132.903100 76.695410
v -69.403120 143.679600 62.557260
v -73.056470 152.637200 77.527500
v -46.442890 132.074800 91.884770
v -41.632480 121.196900 99.449200
v -63.248430 162.609200 53.041060
v -70.067240 164.321700 48.137020
v -51.397850 143.863700 78.545460
v -56.528210 157.178000 61.714170
v -87.139820 170.529400 45.513220
v -35.310030 99.139470 84.849600
v -35.490450 102.198600 76.009880
v -33.065530 85.228240 83.241120
v -32.202460 85.043460 90.202480
v -28.215610 94.986940 55.023880
v -25.356260 91.818650 49.079070
v -25.511920 84.983810 53.889790
v -25.884900 82.846430 61.370710
v -33.094810 102.169300 64.984750
v -31.497910 84.390960 76.319660
v -30.404270 98.632230 58.915080
v -28.535100 83.083630 69.083660
v -25.859120 90.192230 81.432460
v -28.053610 88.436640 89.427980
v -20.518520 87.782380 53.147800
v -20.009030 87.813550 59.548260
v -23.288260 89.364430 74.512570
v -19.743360 87.879750 65.427670
v -23.515750 89.649220 42.632720
v -37.041260 110.529800 90.616740
v -41.909610 116.513300 81.260760
v -41.754340 104.821700 78.459240
v -36.667660 103.333900 86.979230
v -42.370500 109.656600 33.214300
v -47.565670 131.156900 35.247190
v -46.330720 126.845500 22.082140
v -45.696000 115.145100 21.291080
v -44.662450 124.163200 65.857230
v -43.483700 107.718800 63.088560
v -45.955380 129.216100 49.229790
v -41.754800 105.040800 50.405800
v -29.321410 115.334800 78.091250
v -29.471630 109.584400 88.105480
v -31.634940 119.039000 33.531170
v -36.304590 120.661100 21.411480
v -29.044940 118.300200 62.445270
v -27.556490 116.669100 45.454580
v -47.166190 124.549000 5.364700
v -25.534450 73.377840 103.867500
v -26.544710 76.050190 97.934490
v -22.939360 62.266570 100.280800
v -22.092290 62.659180 105.269500
v -22.078960 75.495100 76.994960
v -20.808830 76.399460 70.126440
v -20.077480 69.384290 72.188020
v -19.342890 65.587360 78.476930
v -25.442190 78.132740 88.471690
v -22.511380 63.701350 92.704350
v -23.169860 76.197910 81.993250
v -20.336800 63.650570 85.320920
v -17.436120 67.575580 99.091490
v -18.881370 65.989550 104.957000
v -16.054810 72.205430 71.688440
v -14.832880 70.483340 77.610630
v -16.136060 69.144940 91.374250
v -13.822200 69.560110 82.245470
v -20.457500 78.291200 63.265050
v -35.388600 104.483000 86.458850
v -37.005220 109.726800 76.437640
v -35.672520 97.927800 77.910540
v -33.750470 97.446180 86.026810
v -35.112170 108.322800 46.077620
v -34.038270 106.755000 36.828180
v -33.708190 99.196210 39.456220
v -32.813280 96.498690 48.244090
v -37.023350 112.628700 62.382160
v -34.533820 95.908940 68.201900
v -36.037500 110.801000 52.902720
v -33.166720 95.080990 57.963260
v -28.408690 103.819600 77.296520
v -29.540610 101.191100 86.289620
v -28.462590 102.452100 39.488280
v -26.756490 102.158000 47.883510
v -26.189230 101.980000 67.505680
v -24.668640 101.215700 54.888600
v -34.092910 106.123000 27.503180
v -53.831830 120.282300 106.789200
v -69.983550 140.831800 97.408390
v -71.942260 135.710500 88.585950
v -54.322110 115.297200 101.072000
v -89.183110 164.448500 52.800130
v -93.170280 169.385400 70.748150
v -97.830200 174.637900 61.984440
v -97.066040 172.157600 49.028120
v -80.991100 154.037500 90.027180
v -79.969310 148.503300 75.722820
v -84.748370 158.006600 61.665690
v -87.896580 163.700100 80.167210
v -60.037330 145.984400 91.604020
v -46.908860 121.070300 103.546600
v -80.802190 175.834000 57.811420
v -88.248940 177.678200 54.194850
v -65.988570 159.318800 78.462970
v -72.370000 170.848200 64.085310
v -105.426100 181.642600 53.079480
v -39.753970 107.971900 86.755370
v -41.453670 115.310500 93.091250
v -46.789340 120.183600 86.323080
v -46.502140 110.456100 79.740070
v -52.525380 128.884900 33.439690
v -56.870240 143.547500 44.703320
v -58.373130 147.199700 32.791560
v -58.236070 137.681800 25.520470
v -51.629750 129.457800 72.912140
v -50.240950 118.460600 64.814360
v -51.777530 125.337300 48.649880
v -55.018610 138.391900 57.465560
v -34.500020 120.616100 80.587300
v -32.562630 113.871000 88.434890
v -41.591770 137.790800 35.164220
v -48.686160 143.176100 25.998600
v -36.034410 129.050900 65.155240
v -38.216330 137.798300 45.177830
v -63.467950 151.650400 16.370270
v -30.214870 85.031010 92.270950
v -30.841650 87.116770 86.213560
v -27.674490 73.065950 90.268060
v -27.097380 74.089720 95.038370
v -25.086030 84.938220 66.196250
v -23.450490 84.718290 59.763780
v -22.904620 77.841920 62.486320
v -22.673990 73.955940 69.186840
v -29.100560 88.757920 76.784610
v -26.776710 73.517330 82.911280
v -26.476970 86.073380 70.896490
v -24.159880 72.407420 76.012300
v -21.958430 78.105470 88.888380
v -23.774000 77.306140 94.578750
v -18.801560 80.477980 61.922370
v -18.011050 78.763260 68.038730
v -20.185200 78.663450 81.415760
v -17.329650 77.871490 72.775700
v -22.801830 85.024260 53.375370
v 59.143070 115.574800 104.176000
v 78.891130 138.328900 93.589650
v 73.797640 140.557500 102.663100
v 57.610790 121.783300 109.455900
v 103.356000 167.281600 72.244630
v 112.857900 172.691300 73.553340
v 109.808600 173.344900 84.278500
v 102.889400 168.667500 87.417690
v 89.167720 150.985600 84.637630
v 86.630610 153.888300 95.852230
v 96.391350 160.323500 77.079640
v 94.308610 161.844200 91.816180
v 51.812310 121.447200 106.702300
v 66.813960 147.577400 97.401700
v 104.463000 178.770500 77.958330
v 95.681830 177.434100 79.164100
v 75.484480 161.461000 88.253780
v 84.930020 172.727100 81.501950
v 121.663300 182.115500 80.169440
v 59.694540 114.270500 106.510200
v 88.884920 147.384200 92.705390
v 87.482500 144.914100 113.087700
v 61.370170 116.506500 117.781500
v 140.453400 187.403700 82.910160
v 152.910900 195.637200 89.492220
v 148.812300 192.315900 104.802400
v 134.432000 183.612900 104.731500
v 108.420700 165.305100 84.375950
v 106.564200 162.303300 108.741400
v 124.579700 177.871800 80.067150
v 119.163200 172.196300 106.638700
v 51.716700 120.384300 110.853000
v 72.061230 160.630100 95.186690
v 142.961900 205.903800 95.102300
v 125.409400 199.698900 88.421260
v 87.910840 179.376500 87.773240
v 105.359300 191.945300 85.316280
v 173.842000 203.609400 109.255700
v 47.144370 119.359700 98.612180
v 47.288340 111.264500 94.293700
v 56.736680 117.942800 83.079960
v 55.073120 127.481300 90.386570
v 66.815650 147.168000 25.726140
v 73.245620 154.662500 18.466890
v 75.643680 162.227800 31.250240
v 72.883830 158.310500 44.882700
v 62.530750 129.726900 64.396290
v 64.222360 142.276000 76.244800
v 64.744280 139.991500 44.708390
v 69.377080 153.183700 59.113390
v 42.365390 130.377100 84.694000
v 40.007930 117.033200 96.733020
v 53.205660 158.044500 28.326850
v 61.708090 161.450100 19.477780
v 45.422230 142.301800 65.471450
v 48.177980 155.216900 41.178740
v 78.700760 169.711600 6.706604
v 51.614820 115.209000 97.209120
v 61.006900 121.543800 89.710430
v 59.330150 128.412800 97.248190
v 51.383890 121.132800 102.102500
v 75.087170 151.463400 50.831300
v 81.369630 158.757900 43.389790
v 84.174790 163.943700 58.557750
v 80.136810 159.462400 68.088050
v 68.079880 132.903100 76.695370
v 69.197300 141.730100 88.941300
v 72.031270 143.679600 62.557240
v 75.684620 152.637200 77.527440
v 49.071020 132.074800 91.884750
v 44.260590 121.196900 99.449190
v 65.876580 162.609200 53.041030
v 72.695370 164.321800 48.136960
v 54.026000 143.863700 78.545410
v 59.156340 157.178000 61.714110
v 89.767970 170.529400 45.513160
v 37.938140 99.139480 84.849590
v 34.830570 85.043450 90.202450
v 35.693650 85.228240 83.241100
v 38.118570 102.198600 76.009840
v 30.843710 94.986940 55.023860
v 28.513020 82.846430 61.370680
v 28.140030 84.983810 53.889770
v 27.984370 91.818630 49.079040
v 34.126010 84.390960 76.319660
v 35.722920 102.169300 64.984730
v 33.032370 98.632230 58.915080
v 31.163220 83.083640 69.083650
v 28.487230 90.192230 81.432460
v 30.681720 88.436650 89.427980
v 23.146630 87.782380 53.147770
v 22.637140 87.813540 59.548240
v 25.916370 89.364410 74.512560
v 22.371460 87.879750 65.427660
v 26.143870 89.649220 42.632710
v 39.669380 110.529800 90.616730
v 39.295770 103.333900 86.979200
v 44.382460 104.821700 78.459240
v 44.537730 116.513300 81.260720
v 44.998600 109.656600 33.214290
v 48.324120 115.145100 21.291030
v 48.958850 126.845500 22.082090
v 50.193800 131.156900 35.247140
v 46.111820 107.718800 63.088550
v 47.290580 124.163200 65.857190
v 48.583510 129.216100 49.229790
v 44.382920 105.040800 50.405780
v 31.949530 115.334700 78.091230
v 32.099740 109.584400 88.105480
v 34.263060 119.039000 33.531140
v 38.932720 120.661100 21.411430
v 31.673070 118.300200 62.445240
v 30.184610 116.669100 45.454560
v 49.794320 124.549000 5.364647
v 28.162560 73.377840 103.867500
v 24.720400 62.659170 105.269500
v 25.567470 62.266560 100.280800
v 29.172830 76.050190 97.934470
v 24.707050 75.495110 76.994960
v 21.970990 65.587340 78.476900
v 22.705590 69.384310 72.188000
v 23.436920 76.399500 70.126460
v 25.139500 63.701350 92.704350
v 28.070300 78.132740 88.471680
v 25.797970 76.197910 81.993240
v 22.964890 63.650580 85.320910
v 20.064230 67.575570 99.091500
v 21.509480 65.989540 104.957000
v 18.682920 72.205440 71.688430
v 17.460980 70.483340 77.610630
v 18.764160 69.144940 91.374240
v 16.450300 69.560110 82.245470
v 23.085620 78.291190 63.265030
v 38.016700 104.483000 86.458830
v 36.378560 97.446180 86.026790
v 38.300630 97.927810 77.910530
v 39.633340 109.726800 76.437610
v 37.740280 108.322800 46.077610
v 35.441390 96.498690 48.244090
v 36.336300 99.196210 39.456190
v 36.666390 106.755000 36.828150
v 37.161930 95.908940 68.201880
v 39.651480 112.628700 62.382140
v 38.665630 110.801000 52.902710
v 35.794830 95.080990 57.963230
v 31.036790 103.819700 77.296490
v 32.168710 101.191100 86.289590
v 31.090700 102.452100 39.488260
v 29.384610 102.158000 47.883510
v 28.817340 101.980000 67.505660
v 27.296760 101.215700 54.888580
v 36.721010 106.122900 27.503170
v 56.459960 120.282300 106.789200
v 56.950230 115.297200 101.072000
v 74.570380 135.710600 88.585920
v 72.611690 140.831800 97.408370
v 91.811280 164.448600 52.800060
v 99.694190 172.157600 49.028070
v 100.458400 174.637800 61.984410
v 95.798430 169.385400 70.748070
v 82.597460 148.503300 75.722790
v 83.619260 154.037600 90.027140
v 87.376530 158.006600 61.665630
v 90.524720 163.700100 80.167150
v 62.665470 145.984400 91.603970
v 49.536980 121.070300 103.546600
v 83.430330 175.834000 57.811360
v 90.877090 177.678200 54.194790
v 68.616710 159.318900 78.462920
v 74.998150 170.848200 64.085290
v 108.054300 181.642600 53.079440
v 42.382090 107.971900 86.755360
v 49.130260 110.456100 79.740070
v 49.417470 120.183600 86.323070
v 44.081790 115.310500 93.091210
v 55.153500 128.885000 33.439640
v 60.864200 137.681800 25.520440
v 61.001260 147.199700 32.791520
v 59.498370 143.547500 44.703280
v 52.869070 118.460600 64.814360
v 54.257870 129.457800 72.912130
v 54.405690 125.337300 48.649830
v 57.646740 138.391900 57.465560
v 37.128140 120.616100 80.587280
v 35.190740 113.871100 88.434870
v 44.219890 137.790800 35.164170
v 51.314280 143.176100 25.998570
v 38.662530 129.050900 65.155210
v 40.844450 137.798400 45.177800
v 66.096100 151.650400 16.370240
v 32.842980 85.031000 92.270940
v 29.725490 74.089720 95.038350
v 30.302590 73.065940 90.268050
v 33.469760 87.116780 86.213550
v 27.714150 84.938220 66.196230
v 25.302110 73.955920 69.186810
v 25.532710 77.841930 62.486310
v 26.078600 84.718280 59.763760
v 29.404810 73.517330 82.911250
v 31.728660 88.757920 76.784620
v 29.105080 86.073380 70.896480
v 26.787990 72.407420 76.012290
v 24.586540 78.105480 88.888370
v 26.402100 77.306140 94.578740
v 21.429680 80.477980 61.922350
v 20.639150 78.763270 68.038730
v 22.813300 78.663460 81.415760
v 19.957760 77.871480 72.775690
v 25.429940 85.024270 53.375370
vt -0.980389 0.706326 0.000000
vt -0.990358 0.769417 0.000000
vt -0.844499 0.767978 0.000000
vt -0.835671 0.688806 0.000000
vt -0.426355 0.700399 0.000000
vt -0.431019 0.770981 0.000000
vt -0.248106 0.773694 0.000000
vt -0.231026 0.719331 0.000000
vt -0.701057 0.768347 0.000000
vt -0.704046 0.687549 0.000000
vt -0.563881 0.692215 0.000000
vt -0.569157 0.770274 0.000000
vt -0.980389 0.706326 0.000000
vt -0.835671 0.688806 0.000000
vt -0.231026 0.719331 0.000000
vt -0.426355 0.700399 0.000000
vt -0.704046 0.687549 0.000000
vt -0.563881 0.692215 0.000000
vt -0.010674 0.771410 0.000000
vt -0.980389 0.706326 0.000000
vt -0.990358 0.769417 0.000000
vt -0.844499 0.767978 0.000000
vt -0.835671 0.688806 0.000000
vt -0.426355 0.700399 0.000000
vt -0.431019 0.770981 0.000000
vt -0.248106 0.773694 0.000000
vt -0.231026 0.719331 0.000000
vt -0.701057 0.768347 0.000000
vt -0.704046 0.687549 0.000000
vt -0.563881 0.692215 0.000000
vt -0.569157 0.770274 0.000000
vt -0.980389 0.706326 0.000000
vt -0.835671 0.688806 0.000000
vt -0.231026 0.719331 0.000000
vt -0.426355 0.700399 0.000000
vt -0.704046 0.687549 0.000000
vt -0.563881 0.692215 0.000000
vt -0.010674 0.771410 0.000000
vt -0.990358 0.769417 0.000000
vt -0.844499 0.767978 0.000000
vt -0.835671 0.688806 0.000000
vt -0.980389 0.706326 0.000000
vt -0.426355 0.700399 0.000000
vt -0.431019 0.770981 0.000000
vt -0.248106 0.773694 0.000000
vt -0.231026 0.719331 0.000000
vt -0.701057 0.768347 0.000000
vt -0.704046 0.687549 0.000000
vt -0.563881 0.692215 0.000000
vt -0.569157 0.770274 0.000000
vt -0.835671 0.688806 0.000000
vt -0.980389 0.706326 0.000000
vt -0.426355 0.700399 0.000000
vt -0.231026 0.719331 0.000000
vt -0.704046 0.687549 0.000000
vt -0.563881 0.692215 0.000000
vt -0.010674 0.771410 0.000000
vt -0.980389 0.706326 0.000000
vt -0.990358 0.769417 0.000000
vt -0.844499 0.767978 0.000000
vt -0.835671 0.688806 0.000000
vt -0.426355 0.700399 0.000000
vt -0.431019 0.770981 0.000000
vt -0.248106 0.773694 0.000000
vt -0.231026 0.719331 0.000000
vt -0.701057 0.768347 0.000000
vt -0.704046 0.687549 0.000000
vt -0.563881 0.692215 0.000000
vt -0.569157 0.770274 0.000000
vt -0.835671 0.688806 0.000000
vt -0.980389 0.706326 0.000000
vt -0.426355 0.700399 0.000000
vt -0.231026 0.719331 0.000000
vt -0.704046 0.687549 0.000000
vt -0.563881 0.692215 0.000000
vt -0.010674 0.771410 0.000000
vt -0.990358 0.769417 0.000000
vt -0.844499 0.767978 0.000000
vt -0.835671 0.688806 0.000000
vt -0.980389 0.706326 0.000000
vt -0.431019 0.770981 0.000000
vt -0.248106 0.773694 0.000000
vt -0.231026 0.719331 0.000000
vt -0.426355 0.700399 0.000000
vt -0.701057 0.768347 0.000000
vt -0.704046 0.687549 0.000000
vt -0.569157 0.770274 0.000000
vt -0.563881 0.692215 0.000000
vt -0.835671 0.688806 0.000000
vt -0.980389 0.706326 0.000000
vt -0.231026 0.719331 0.000000
vt -0.426355 0.700399 0.000000
vt -0.704046 0.687549 0.000000
vt -0.563881 0.692215 0.000000
vt -0.010674 0.771410 0.000000
vt -0.990358 0.769417 0.000000
vt -0.844499 0.767978 0.000000
vt -0.835671 0.688806 0.000000
vt -0.980389 0.706326 0.000000
vt -0.426355 0.700399 0.000000
vt -0.431019 0.770981 0.000000
vt -0.248106 0.773694 0.000000
vt -0.231026 0.719331 0.000000
vt -0.701057 0.768347 0.000000
vt -0.704046 0.687549 0.000000
vt -0.569157 0.770274 0.000000
vt -0.563881 0.692215 0.000000
vt -0.835671 0.688806 0.000000
vt -0.980389 0.706326 0.000000
vt -0.426355 0.700399 0.000000
vt -0.231026 0.719331 0.000000
vt -0.704046 0.687549 0.000000
vt -0.563881 0.692215 0.000000
vt -0.010674 0.771410 0.000000
vt -0.990358 0.769417 0.000000
vt -0.844499 0.767978 0.000000
vt -0.835671 0.688806 0.000000
vt -0.980389 0.706326 0.000000
vt -0.431019 0.770981 0.000000
vt -0.248106 0.773694 0.000000
vt -0.231026 0.719331 0.000000
vt -0.426355 0.700399 0.000000
vt -0.701057 0.768347 0.000000
vt -0.704046 0.687549 0.000000
vt -0.569157 0.770274 0.000000
vt -0.563881 0.692215 0.000000
vt -0.835671 0.688806 0.000000
vt -0.980389 0.706326 0.000000
vt -0.231026 0.719331 0.000000
vt -0.426355 0.700399 0.000000
vt -0.704046 0.687549 0.000000
vt -0.563881 0.692215 0.000000
vt -0.010674 0.771410 0.000000
vt -0.990358 0.769417 0.000000
vt -0.844499 0.767978 0.000000
vt -0.835671 0.688806 0.000000
vt -0.980389 0.706326 0.000000
vt -0.431019 0.770981 0.000000
vt -0.248106 0.773694 0.000000
vt -0.231026 0.719331 0.000000
vt -0.426355 0.700399 0.000000
vt -0.701057 0.768347 0.000000
vt -0.704046 0.687549 0.000000
vt -0.569157 0.770274 0.000000
vt -0.563881 0.692215 0.000000
vt -0.835671 0.688806 0.000000
vt -0.980389 0.706326 0.000000
vt -0.231026 0.719331 0.000000
vt -0.426355 0.700399 0.000000
vt -0.704046 0.687549 0.000000
vt -0.563881 0.692215 0.000000
vt -0.010674 0.771410 0.000000
vt -0.990358 0.769417 0.000000
vt -0.844499 0.767978 0.000000
vt -0.835671 0.688806 0.000000
vt -0.980389 0.706326 0.000000
vt -0.426355 0.700399 0.000000
vt -0.431019 0.770981 0.000000
vt -0.248106 0.773694 0.000000
vt -0.231026 0.719331 0.000000
vt -0.701057 0.768347 0.000000
vt -0.704046 0.687549 0.000000
vt -0.563881 0.692215 0.000000
vt -0.569157 0.770274 0.000000
vt -0.835671 0.688806 0.000000
vt -0.980389 0.706326 0.000000
vt -0.426355 0.700399 0.000000
vt -0.231026 0.719331 0.000000
vt -0.704046 0.687549 0.000000
vt -0.563881 0.692215 0.000000
vt -0.010674 0.771410 0.000000
vt -0.980389 0.706326 0.000000
vt -0.990358 0.769417 0.000000
vt -0.844499 0.767978 0.000000
vt -0.835671 0.688806 0.000000
vt -0.426355 0.700399 0.000000
vt -0.431019 0.770981 0.000000
vt -0.248106 0.773694 0.000000
vt -0.231026 0.719331 0.000000
vt -0.701057 0.768347 0.000000
vt -0.704046 0.687549 0.000000
vt -0.563881 0.692215 0.000000
vt -0.569157 0.770274 0.000000
vt -0.835671 0.688806 0.000000
vt -0.980389 0.706326 0.000000
vt -0.426355 0.700399 0.000000
vt -0.231026 0.719331 0.000000
vt -0.704046 0.687549 0.000000
vt -0.563881 0.692215 0.000000
vt -0.010674 0.771410 0.000000
vt -0.990358 0.769417 0.000000
vt -0.844499 0.767978 0.000000
vt -0.835671 0.688806 0.000000
vt -0.980389 0.706326 0.000000
vt -0.431019 0.770981 0.000000
vt -0.248106 0.773694 0.000000
vt -0.231026 0.719331 0.000000
vt -0.426355 0.700399 0.000000
vt -0.701057 0.768347 0.000000
vt -0.704046 0.687549 0.000000
vt -0.569157 0.770274 0.000000
vt -0.563881 0.692215 0.000000
vt -0.835671 0.688806 0.000000
vt -0.980389 0.706326 0.000000
vt -0.231026 0.719331 0.000000
vt -0.426355 0.700399 0.000000
vt -0.704046 0.687549 0.000000
vt -0.563881 0.692215 0.000000
vt -0.010674 0.771410 0.000000
vt -0.980389 0.706326 0.000000
vt -0.835671 0.688806 0.000000
vt -0.844499 0.767978 0.000000
vt -0.990358 0.769417 0.000000
vt -0.426355 0.700399 0.000000
vt -0.231026 0.719331 0.000000
vt -0.248106 0.773694 0.000000
vt -0.431019 0.770981 0.000000
vt -0.704046 0.687549 0.000000
vt -0.701057 0.768347 0.000000
vt -0.563881 0.692215 0.000000
vt -0.569157 0.770274 0.000000
vt -0.980389 0.706326 0.000000
vt -0.835671 0.688806 0.000000
vt -0.231026 0.719331 0.000000
vt -0.426355 0.700399 0.000000
vt -0.704046 0.687549 0.000000
vt -0.563881 0.692215 0.000000
vt -0.010674 0.771410 0.000000
vt -0.980389 0.706326 0.000000
vt -0.835671 0.688806 0.000000
vt -0.844499 0.767978 0.000000
vt -0.990358 0.769417 0.000000
vt -0.426355 0.700399 0.000000
vt -0.231026 0.719331 0.000000
vt -0.248106 0.773694 0.000000
vt -0.431019 0.770981 0.000000
vt -0.704046 0.687549 0.000000
vt -0.701057 0.768347 0.000000
vt -0.563881 0.692215 0.000000
vt -0.569157 0.770274 0.000000
vt -0.980389 0.706326 0.000000
vt -0.835671 0.688806 0.000000
vt -0.231026 0.719331 0.000000
vt -0.426355 0.700399 0.000000
vt -0.704046 0.687549 0.000000
vt -0.563881 0.692215 0.000000
vt -0.010674 0.771410 0.000000
vt -0.990358 0.769417 0.000000
vt -0.980389 0.706326 0.000000
vt -0.835671 0.688806 0.000000
vt -0.844499 0.767978 0.000000
vt -0.426355 0.700399 0.000000
vt -0.231026 0.719331 0.000000
vt -0.248106 0.773694 0.000000
vt -0.431019 0.770981 0.000000
vt -0.704046 0.687549 0.000000
vt -0.701057 0.768347 0.000000
vt -0.563881 0.692215 0.000000
vt -0.569157 0.770274 0.000000
vt -0.835671 0.688806 0.000000
vt -0.980389 0.706326 0.000000
vt -0.426355 0.700399 0.000000
vt -0.231026 0.719331 0.000000
vt -0.704046 0.687549 0.000000
vt -0.563881 0.692215 0.000000
vt -0.010674 0.771410 0.000000
vt -0.980389 0.706326 0.000000
vt -0.835671 0.688806 0.000000
vt -0.844499 0.767978 0.000000
vt -0.990358 0.769417 0.000000
vt -0.426355 0.700399 0.000000
vt -0.231026 0.719331 0.000000
vt -0.248106 0.773694 0.000000
vt -0.431019 0.770981 0.000000
vt -0.704046 0.687549 0.000000
vt -0.701057 0.768347 0.000000
vt -0.563881 0.692215 0.000000
vt -0.569157 0.770274 0.000000
vt -0.835671 0.688806 0.000000
vt -0.980389 0.706326 0.000000
vt -0.426355 0.700399 0.000000
vt -0.231026 0.719331 0.000000
vt -0.704046 0.687549 0.000000
vt -0.563881 0.692215 0.000000
vt -0.010674 0.771410 0.000000
vt -0.990358 0.769417 0.000000
vt -0.980389 0.706326 0.000000
vt -0.835671 0.688806 0.000000
vt -0.844499 0.767978 0.000000
vt -0.431019 0.770981 0.000000
vt -0.426355 0.700399 0.000000
vt -0.231026 0.719331 0.000000
vt -0.248106 0.773694 0.000000
vt -0.704046 0.687549 0.000000
vt -0.701057 0.768347 0.000000
vt -0.569157 0.770274 0.000000
vt -0.563881 0.692215 0.000000
vt -0.835671 0.688806 0.000000
vt -0.980389 0.706326 0.000000
vt -0.231026 0.719331 0.000000
vt -0.426355 0.700399 0.000000
vt -0.704046 0.687549 0.000000
vt -0.563881 0.692215 0.000000
vt -0.010674 0.771410 0.000000
vt -0.990358 0.769417 0.000000
vt -0.980389 0.706326 0.000000
vt -0.835671 0.688806 0.000000
vt -0.844499 0.767978 0.000000
vt -0.426355 0.700399 0.000000
vt -0.231026 0.719331 0.000000
vt -0.248106 0.773694 0.000000
vt -0.431019 0.770981 0.000000
vt -0.704046 0.687549 0.000000
vt -0.701057 0.768347 0.000000
vt -0.569157 0.770274 0.000000
vt -0.563881 0.692215 0.000000
vt -0.835671 0.688806 0.000000
vt -0.980389 0.706326 0.000000
vt -0.426355 0.700399 0.000000
vt -0.231026 0.719331 0.000000
vt -0.704046 0.687549 0.000000
vt -0.563881 0.692215 0.000000
vt -0.010674 0.771410 0.000000
vt -0.990358 0.769417 0.000000
vt -0.980389 0.706326 0.000000
vt -0.835671 0.688806 0.000000
vt -0.844499 0.767978 0.000000
vt -0.431019 0.770981 0.000000
vt -0.426355 0.700399 0.000000
vt -0.231026 0.719331 0.000000
vt -0.248106 0.773694 0.000000
vt -0.704046 0.687549 0.000000
vt -0.701057 0.768347 0.000000
vt -0.569157 0.770274 0.000000
vt -0.563881 0.692215 0.000000
vt -0.835671 0.688806 0.000000
vt -0.980389 0.706326 0.000000
vt -0.231026 0.719331 0.000000
vt -0.426355 0.700399 0.000000
vt -0.704046 0.687549 0.000000
vt -0.563881 0.692215 0.000000
vt -0.010674 0.771410 0.000000
vt -0.990358 0.769417 0.000000
vt -0.980389 0.706326 0.000000
vt -0.835671 0.688806 0.000000
vt -0.844499 0.767978 0.000000
vt -0.431019 0.770981 0.000000
vt -0.426355 0.700399 0.000000
vt -0.231026 0.719331 0.000000
vt -0.248106 0.773694 0.000000
vt -0.704046 0.687549 0.000000
vt -0.701057 0.768347 0.000000
vt -0.569157 0.770274 0.000000
vt -0.563881 0.692215 0.000000
vt -0.835671 0.688806 0.000000
vt -0.980389 0.706326 0.000000
vt -0.231026 0.719331 0.000000
vt -0.426355 0.700399 0.000000
vt -0.704046 0.687549 0.000000
vt -0.563881 0.692215 0.000000
vt -0.010674 0.771410 0.000000
vt -0.990358 0.769417 0.000000
vt -0.980389 0.706326 0.000000
vt -0.835671 0.688806 0.000000
vt -0.844499 0.767978 0.000000
vt -0.426355 0.700399 0.000000
vt -0.231026 0.719331 0.000000
vt -0.248106 0.773694 0.000000
vt -0.431019 0.770981 0.000000
vt -0.704046 0.687549 0.000000
vt -0.701057 0.768347 0.000000
vt -0.563881 0.692215 0.000000
vt -0.569157 0.770274 0.000000
vt -0.835671 0.688806 0.000000
vt -0.980389 0.706326 0.000000
vt -0.426355 0.700399 0.000000
vt -0.231026 0.719331 0.000000
vt -0.704046 0.687549 0.000000
vt -0.563881 0.692215 0.000000
vt -0.010674 0.771410 0.000000
vt -0.980389 0.706326 0.000000
vt -0.835671 0.688806 0.000000
vt -0.844499 0.767978 0.000000
vt -0.990358 0.769417 0.000000
vt -0.426355 0.700399 0.000000
vt -0.231026 0.719331 0.000000
vt -0.248106 0.773694 0.000000
vt -0.431019 0.770981 0.000000
vt -0.704046 0.687549 0.000000
vt -0.701057 0.768347 0.000000
vt -0.563881 0.692215 0.000000
vt -0.569157 0.770274 0.000000
vt -0.835671 0.688806 0.000000
vt -0.980389 0.706326 0.000000
vt -0.426355 0.700399 0.000000
vt -0.231026 0.719331 0.000000
vt -0.704046 0.687549 0.000000
vt -0.563881 0.692215 0.000000
vt -0.010674 0.771410 0.000000
vt -0.990358 0.769417 0.000000
vt -0.980389 0.706326 0.000000
vt -0.835671 0.688806 0.000000
vt -0.844499 0.767978 0.000000
vt -0.431019 0.770981 0.000000
vt -0.426355 0.700399 0.000000
vt -0.231026 0.719331 0.000000
vt -0.248106 0.773694 0.000000
vt -0.704046 0.687549 0.000000
vt -0.701057 0.768347 0.000000
vt -0.569157 0.770274 0.000000
vt -0.563881 0.692215 0.000000
vt -0.835671 0.688806 0.000000
vt -0.980389 0.706326 0.000000
vt -0.231026 0.719331 0.000000
vt -0.426355 0.700399 0.000000
vt -0.704046 0.687549 0.000000
vt -0.563881 0.692215 0.000000
vt -0.010674 0.771410 0.000000
usemtl Material_5
f 863/863 864/864 865/865
f 865/865 866/866 863/863
f 867/867 868/868 869/869
f 869/869 870/870 867/867
f 866/866 865/865 871/871
f 871/871 872/872 866/866
f 873/873 874/874 868/868
f 868/868 867/867 873/873
f 872/872 871/871 874/874
f 874/874 873/873 872/872
f 875/875 876/876 865/865
f 865/865 864/864 875/875
f 877/877 869/869 868/868
f 868/868 878/878 877/877
f 876/876 879/879 871/871
f 871/871 865/865 876/876
f 880/880 878/878 868/868
f 868/868 874/874 880/880
f 879/879 880/880 874/874
f 874/874 871/871 879/879
f 881/881 870/870 869/869
f 877/877 881/881 869/869
f 882/882 883/883 884/884
f 884/884 885/885 882/882
f 886/886 887/887 888/888
f 888/888 889/889 886/886
f 885/885 884/884 890/890
f 890/890 891/891 885/885
f 892/892 893/893 887/887
f 887/887 886/886 892/892
f 891/891 890/890 893/893
f 893/893 892/892 891/891
f 894/894 895/895 884/884
f 884/884 883/883 894/894
f 896/896 888/888 887/887
f 887/887 897/897 896/896
f 895/895 898/898 890/890
f 890/890 884/884 895/895
f 897/897 887/887 893/893
f 893/893 899/899 897/897
f 898/898 899/899 893/893
f 893/893 890/890 898/898
f 900/900 889/889 888/888
f 896/896 900/900 888/888
f 901/901 902/902 903/903
f 903/903 904/904 901/901
f 905/905 906/906 907/907
f 907/907 908/908 905/905
f 903/903 902/902 909/909
f 909/909 910/910 903/903
f 911/911 912/912 906/906
f 906/906 905/905 911/911
f 910/910 909/909 912/912
f 912/912 911/911 910/910
f 913/913 902/902 901/901
f 901/901 914/914 913/913
f 915/915 916/916 907/907
f 907/907 906/906 915/915
f 913/913 917/917 909/909
f 909/909 902/902 913/913
f 918/918 915/915 906/906
f 906/906 912/912 918/918
f 917/917 918/918 912/912
f 912/912 909/909 917/917
f 919/919 908/908 907/907
f 916/916 919/919 907/907
f 920/920 921/921 922/922
f 922/922 923/923 920/920
f 924/924 925/925 926/926
f 926/926 927/927 924/924
f 923/923 922/922 928/928
f 928/928 929/929 923/923
f 930/930 931/931 925/925
f 925/925 924/924 930/930
f 929/929 928/928 931/931
f 931/931 930/930 929/929
f 932/932 922/922 921/921
f 921/921 933/933 932/932
f 934/934 935/935 926/926
f 926/926 925/925 934/934
f 932/932 936/936 928/928
f 928/928 922/922 932/932
f 937/937 934/934 925/925
f 925/925 931/931 937/937
f 936/936 937/937 931/931
f 931/931 928/928 936/936
f 938/938 927/927 926/926
f 935/935 938/938 926/926
f 939/939 940/940 941/941
f 941/941 942/942 939/939
f 943/943 944/944 945/945
f 945/945 946/946 943/943
f 940/940 947/947 948/948
f 948/948 941/941 940/940
f 949/949 943/943 946/946
f 946/946 950/950 949/949
f 947/947 949/949 950/950
f 950/950 948/948 947/947
f 951/951 940/940 939/939
f 939/939 952/952 951/951
f 953/953 944/944 943/943
f 943/943 954/954 953/953
f 955/955 947/947 940/940
f 940/940 951/951 955/955
f 954/954 943/943 949/949
f 949/949 956/956 954/954
f 956/956 949/949 947/947
f 947/947 955/955 956/956
f 957/957 945/945 944/944
f 953/953 957/957 944/944
f 958/958 959/959 960/960
f 960/960 961/961 958/958
f 962/962 963/963 964/964
f 964/964 965/965 962/962
f 959/959 966/966 967/967
f 967/967 960/960 959/959
f 968/968 963/963 962/962
f 962/962 969/969 968/968
f 966/966 968/968 969/969
f 969/969 967/967 966/966
f 970/970 959/959 958/958
f 958/958 971/971 970/970
f 972/972 973/973 964/964
f 964/964 963/963 972/972
f 970/970 974/974 966/966
f 966/966 959/959 970/970
f 972/972 963/963 968/968
f 968/968 975/975 972/972
f 974/974 975/975 968/968
f 968/968 966/966 974/974
f 976/976 965/965 964/964
f 973/973 976/976 964/964
f 977/977 978/978 979/979
f 979/979 980/980 977/977
f 981/981 982/982 983/983
f 983/983 984/984 981/981
f 978/978 985/985 986/986
f 986/986 979/979 978/978
f 987/987 981/981 984/984
f 984/984 988/988 987/987
f 985/985 987/987 988/988
f 988/988 986/986 985/985
f 989/989 978/978 977/977
f 977/977 990/990 989/989
f 991/991 982/982 981/981
f 981/981 992/992 991/991
f 993/993 985/985 978/978
f 978/978 989/989 993/993
f 992/992 981/981 987/987
f 987/987 994/994 992/992
f 993/993 994/994 987/987
f 987/987 985/985 993/993
f 995/995 983/983 982/982
f 991/991 995/995 982/982
f 996/996 997/997 998/998
f 998/998 999/999 996/996
f 1000/1000 1001/1001 1002/1002
f 1002/1002 1003/1003 1000/1000
f 997/997 1004/1004 1005/1005
f 1005/1005 998/998 997/997
f 1006/1006 1000/1000 1003/1003
f 1003/1003 1007/1007 1006/1006
f 1004/1004 1006/1006 1007/1007
f 1007/1007 1005/1005 1004/1004
f 1008/1008 997/997 996/996
f 996/996 1009/1009 1008/1008
f 1010/1010 1001/1001 1000/1000
f 1000/1000 1011/1011 1010/1010
f 1012/1012 1004/1004 997/997
f 997/997 1008/1008 1012/1012
f 1011/1011 1000/1000 1006/1006
f 1006/1006 1013/1013 1011/1011
f 1013/1013 1006/1006 1004/1004
f 1004/1004 1012/1012 1013/1013
f 1014/1014 1002/1002 1001/1001
f 1010/1010 1014/1014 1001/1001
f 1015/1015 1016/1016 1017/1017
f 1017/1017 1018/1018 1015/1015
f 1019/1019 1020/1020 1021/1021
f 1021/1021 1022/1022 1019/1019
f 1017/1017 1016/1016 1023/1023
f 1023/1023 1024/1024 1017/1017
f 1025/1025 1026/1026 1020/1020
f 1020/1020 1019/1019 1025/1025
f 1024/1024 1023/1023 1026/1026
f 1026/1026 1025/1025 1024/1024
f 1027/1027 1016/1016 1015/1015
f 1015/1015 1028/1028 1027/1027
f 1029/1029 1030/1030 1021/1021
f 1021/1021 1020/1020 1029/1029
f 1027/1027 1031/1031 1023/1023
f 1023/1023 1016/1016 1027/1027
f 1032/1032 1029/1029 1020/1020
f 1020/1020 1026/1026 1032/1032
f 1031/1031 1032/1032 1026/1026
f 1026/1026 1023/1023 1031/1031
f 1033/1033 1022/1022 1021/1021
f 1030/1030 1033/1033 1021/1021
f 1034/1034 1035/1035 1036/1036
f 1036/1036 1037/1037 1034/1034
f 1038/1038 1039/1039 1040/1040
f 1040/1040 1041/1041 1038/1038
f 1037/1037 1036/1036 1042/1042
f 1042/1042 1043/1043 1037/1037
f 1044/1044 1045/1045 1039/1039
f 1039/1039 1038/1038 1044/1044
f 1043/1043 1042/1042 1045/1045
f 1045/1045 1044/1044 1043/1043
f 1046/1046 1036/1036 1035/1035
f 1035/1035 1047/1047 1046/1046
f 1048/1048 1049/1049 1040/1040
f 1040/1040 1039/1039 1048/1048
f 1046/1046 1050/1050 1042/1042
f 1042/1042 1036/1036 1046/1046
f 1051/1051 1048/1048 1039/1039
f 1039/1039 1045/1045 1051/1051
f 1050/1050 1051/1051 1045/1045
f 1045/1045 1042/1042 1050/1050
f 1052/1052 1041/1041 1040/1040
f 1049/1049 1052/1052 1040/1040
f 1053/1053 1054/1054 1055/1055
f 1055/1055 1056/1056 1053/1053
f 1057/1057 1058/1058 1059/1059
f 1059/1059 1060/1060 1057/1057
f 1054/1054 1061/1061 1062/1062
f 1062/1062 1055/1055 1054/1054
f 1063/1063 1057/1057 1060/1060
f 1060/1060 1064/1064 1063/1063
f 1061/1061 1063/1063 1064/1064
f 1064/1064 1062/1062 1061/1061
f 1065/1065 1054/1054 1053/1053
f 1053/1053 1066/1066 1065/1065
f 1067/1067 1058/1058 1057/1057
f 1057/1057 1068/1068 1067/1067
f 1069/1069 1061/1061 1054/1054
f 1054/1054 1065/1065 1069/1069
f 1068/1068 1057/1057 1063/1063
f 1063/1063 1070/1070 1068/1068
f 1069/1069 1070/1070 1063/1063
f 1063/1063 1061/1061 1069/1069
f 1071/1071 1059/1059 1058/1058
f 1067/1067 1071/1071 1058/1058
f 1072/1072 1073/1073 1074/1074
f 1074/1074 1075/1075 1072/1072
f 1076/1076 1077/1077 1078/1078
f 1078/1078 1079/1079 1076/1076
f 1073/1073 1080/1080 1081/1081
f 1081/1081 1074/1074 1073/1073
f 1082/1082 1076/1076 1079/1079
f 1079/1079 1083/1083 1082/1082
f 1080/1080 1082/1082 1083/1083
f 1083/1083 1081/1081 1080/1080
f 1084/1084 1075/1075 1074/1074
f 1074/1074 1085/1085 1084/1084
f 1086/1086 1087/1087 1079/1079
f 1079/1079 1078/1078 1086/1086
f 1085/1085 1074/1074 1081/1081
f 1081/1081 1088/1088 1085/1085
f 1089/1089 1083/1083 1079/1079
f 1079/1079 1087/1087 1089/1089
f 1088/1088 1081/1081 1083/1083
f 1083/1083 1089/1089 1088/1088
f 1090/1090 1078/1078 1077/1077
f 1086/1086 1078/1078 1090/1090
f 1091/1091 1092/1092 1093/1093
f 1093/1093 1094/1094 1091/1091
f 1095/1095 1096/1096 1097/1097
f 1097/1097 1098/1098 1095/1095
f 1092/1092 1099/1099 1100/1100
f 1100/1100 1093/1093 1092/1092
f 1101/1101 1095/1095 1098/1098
f 1098/1098 1102/1102 1101/1101
f 1099/1099 1101/1101 1102/1102
f 1102/1102 1100/1100 1099/1099
f 1103/1103 1094/1094 1093/1093
f 1093/1093 1104/1104 1103/1103
f 1105/1105 1106/1106 1098/1098
f 1098/1098 1097/1097 1105/1105
f 1104/1104 1093/1093 1100/1100
f 1100/1100 1107/1107 1104/1104
f 1106/1106 1108/1108 1102/1102
f 1102/1102 1098/1098 1106/1106
f 1107/1107 1100/1100 1102/1102
f 1102/1102 1108/1108 1107/1107
f 1109/1109 1097/1097 1096/1096
f 1105/1105 1097/1097 1109/1109
f 1110/1110 1111/1111 1112/1112
f 1112/1112 1113/1113 1110/1110
f 1114/1114 1115/1115 1116/1116
f 1116/1116 1117/1117 1114/1114
f 1112/1112 1118/1118 1119/1119
f 1119/1119 1113/1113 1112/1112
f 1120/1120 1114/1114 1117/1117
f 1117/1117 1121/1121 1120/1120
f 1118/1118 1120/1120 1121/1121
f 1121/1121 1119/1119 1118/1118
f 1122/1122 1123/1123 1110/1110
f 1110/1110 1113/1113 1122/1122
f 1124/1124 1117/1117 1116/1116
f 1116/1116 1125/1125 1124/1124
f 1122/1122 1113/1113 1119/1119
f 1119/1119 1126/1126 1122/1122
f 1127/1127 1121/1121 1117/1117
f 1117/1117 1124/1124 1127/1127
f 1126/1126 1119/1119 1121/1121
f 1121/1121 1127/1127 1126/1126
f 1128/1128 1116/1116 1115/1115
f 1125/1125 1116/1116 1128/1128
f 1129/1129 1130/1130 1131/1131
f 1131/1131 1132/1132 1129/1129
f 1133/1133 1134/1134 1135/1135
f 1135/1135 1136/1136 1133/1133
f 1130/1130 1137/1137 1138/1138
f 1138/1138 1131/1131 1130/1130
f 1139/1139 1133/1133 1136/1136
f 1136/1136 1140/1140 1139/1139
f 1137/1137 1139/1139 1140/1140
f 1140/1140 1138/1138 1137/1137
f 1141/1141 1142/1142 1132/1132
f 1132/1132 1131/1131 1141/1141
f 1143/1143 1136/1136 1135/1135
f 1135/1135 1144/1144 1143/1143
f 1141/1141 1131/1131 1138/1138
f 1138/1138 1145/1145 1141/1141
f 1146/1146 1140/1140 1136/1136
f 1136/1136 1143/1143 1146/1146
f 1145/1145 1138/1138 1140/1140
f 1140/1140 1146/1146 1145/1145
f 1147/1147 1135/1135 1134/1134
f 1144/1144 1135/1135 1147/1147
f 1148/1148 1149/1149 1150/1150
f 1150/1150 1151/1151 1148/1148
f 1152/1152 1153/1153 1154/1154
f 1154/1154 1155/1155 1152/1152
f 1151/1151 1150/1150 1156/1156
f 1156/1156 1157/1157 1151/1151
f 1158/1158 1159/1159 1153/1153
f 1153/1153 1152/1152 1158/1158
f 1157/1157 1156/1156 1159/1159
f 1159/1159 1158/1158 1157/1157
f 1160/1160 1161/1161 1148/1148
f 1148/1148 1151/1151 1160/1160
f 1162/1162 1163/1163 1152/1152
f 1152/1152 1155/1155 1162/1162
f 1164/1164 1160/1160 1151/1151
f 1151/1151 1157/1157 1164/1164
f 1163/1163 1165/1165 1158/1158
f 1158/1158 1152/1152 1163/1163
f 1165/1165 1164/1164 1157/1157
f 1157/1157 1158/1158 1165/1165
f 1166/1166 1155/1155 1154/1154
f 1162/1162 1155/1155 1166/1166
f 1167/1167 1168/1168 1169/1169
f 1169/1169 1170/1170 1167/1167
f 1171/1171 1172/1172 1173/1173
f 1173/1173 1174/1174 1171/1171
f 1170/1170 1169/1169 1175/1175
f 1175/1175 1176/1176 1170/1170
f 1177/1177 1178/1178 1171/1171
f 1171/1171 1174/1174 1177/1177
f 1176/1176 1175/1175 1178/1178
f 1178/1178 1177/1177 1176/1176
f 1179/1179 1180/1180 1167/1167
f 1167/1167 1170/1170 1179/1179
f 1181/1181 1174/1174 1173/1173
f 1173/1173 1182/1182 1181/1181
f 1179/1179 1170/1170 1176/1176
f 1176/1176 1183/1183 1179/1179
f 1181/1181 1184/1184 1177/1177
f 1177/1177 1174/1174 1181/1181
f 1183/1183 1176/1176 1177/1177
f 1177/1177 1184/1184 1183/1183
f 1185/1185 1173/1173 1172/1172
f 1182/1182 1173/1173 1185/1185
f 1186/1186 1187/1187 1188/1188
f 1188/1188 1189/1189 1186/1186
f 1190/1190 1191/1191 1192/1192
f 1192/1192 1193/1193 1190/1190
f 1189/1189 1188/1188 1194/1194
f 1194/1194 1195/1195 1189/1189
f 1196/1196 1197/1197 1191/1191
f 1191/1191 1190/1190 1196/1196
f 1195/1195 1194/1194 1197/1197
f 1197/1197 1196/1196 1195/1195
f 1198/1198 1199/1199 1186/1186
f 1186/1186 1189/1189 1198/1198
f 1200/1200 1201/1201 1190/1190
f 1190/1190 1193/1193 1200/1200
f 1202/1202 1198/1198 1189/1189
f 1189/1189 1195/1195 1202/1202
f 1201/1201 1203/1203 1196/1196
f 1196/1196 1190/1190 1201/1201
f 1202/1202 1195/1195 1196/1196
f 1196/1196 1203/1203 1202/1202
f 1204/1204 1193/1193 1192/1192
f 1200/1200 1193/1193 1204/1204
f 1205/1205 1206/1206 1207/1207
f 1207/1207 1208/1208 1205/1205
f 1209/1209 1210/1210 1211/1211
f 1211/1211 1212/1212 1209/1209
f 1208/1208 1207/1207 1213/1213
f 1213/1213 1214/1214 1208/1208
f 1215/1215 1216/1216 1210/1210
f 1210/1210 1209/1209 1215/1215
f 1214/1214 1213/1213 1216/1216
f 1216/1216 1215/1215 1214/1214
f 1217/1217 1218/1218 1205/1205
f 1205/1205 1208/1208 1217/1217
f 1219/1219 1220/1220 1209/1209
f 1209/1209 1212/1212 1219/1219
f 1221/1221 1217/1217 1208/1208
f 1208/1208 1214/1214 1221/1221
f 1220/1220 1222/1222 1215/1215
f 1215/1215 1209/1209 1220/1220
f 1222/1222 1221/1221 1214/1214
f 1214/1214 1215/1215 1222/1222
f 1223/1223 1212/1212 1211/1211
f 1219/1219 1212/1212 1223/1223
f 1224/1224 1225/1225 1226/1226
f 1226/1226 1227/1227 1224/1224
f 1228/1228 1229/1229 1230/1230
f 1230/1230 1231/1231 1228/1228
f 1226/1226 1232/1232 1233/1233
f 1233/1233 1227/1227 1226/1226
f 1234/1234 1228/1228 1231/1231
f 1231/1231 1235/1235 1234/1234
f 1232/1232 1234/1234 1235/1235
f 1235/1235 1233/1233 1232/1232
f 1236/1236 1237/1237 1224/1224
f 1224/1224 1227/1227 1236/1236
f 1238/1238 1231/1231 1230/1230
f 1230/1230 1239/1239 1238/1238
f 1236/1236 1227/1227 1233/1233
f 1233/1233 1240/1240 1236/1236
f 1241/1241 1235/1235 1231/1231
f 1231/1231 1238/1238 1241/1241
f 1240/1240 1233/1233 1235/1235
f 1235/1235 1241/1241 1240/1240
f 1242/1242 1230/1230 1229/1229
f 1239/1239 1230/1230 1242/1242
f 1243/1243 1244/1244 1245/1245
f 1245/1245 1246/1246 1243/1243
f 1247/1247 1248/1248 1249/1249
f 1249/1249 1250/1250 1247/1247
f 1244/1244 1251/1251 1252/1252
f 1252/1252 1245/1245 1244/1244
f 1253/1253 1247/1247 1250/1250
f 1250/1250 1254/1254 1253/1253
f 1251/1251 1253/1253 1254/1254
f 1254/1254 1252/1252 1251/1251
f 1255/1255 1256/1256 1246/1246
f 1246/1246 1245/1245 1255/1255
f 1257/1257 1250/1250 1249/1249
f 1249/1249 1258/1258 1257/1257
f 1255/1255 1245/1245 1252/1252
f 1252/1252 1259/1259 1255/1255
f 1260/1260 1254/1254 1250/1250
f 1250/1250 1257/1257 1260/1260
f 1259/1259 1252/1252 1254/1254
f 1254/1254 1260/1260 1259/1259
f 1261/1261 1249/1249 1248/1248
f 1258/1258 1249/1249 1261/1261
f 1262/1262 1263/1263 1264/1264
f 1264/1264 1265/1265 1262/1262
f 1266/1266 1267/1267 1268/1268
f 1268/1268 1269/1269 1266/1266
f 1265/1265 1264/1264 1270/1270
f 1270/1270 1271/1271 1265/1265
f 1272/1272 1273/1273 1267/1267
f 1267/1267 1266/1266 1272/1272
f 1271/1271 1270/1270 1273/1273
f 1273/1273 1272/1272 1271/1271
f 1274/1274 1275/1275 1262/1262
f 1262/1262 1265/1265 1274/1274
f 1276/1276 1277/1277 1266/1266
f 1266/1266 1269/1269 1276/1276
f 1278/1278 1274/1274 1265/1265
f 1265/1265 1271/1271 1278/1278
f 1277/1277 1279/1279 1272/1272
f 1272/1272 1266/1266 1277/1277
f 1278/1278 1271/1271 1272/1272
f 1272/1272 1279/1279 1278/1278
f 1280/1280 1269/1269 1268/1268
f 1276/1276 1269/1269 1280/1280

g ts_wing01
v 101.861200 104.459400 151.375200
v 102.832100 106.030400 158.183500
v 88.525150 93.872480 161.030600
v 86.457490 90.981520 152.281000
v 66.713420 78.529520 157.784300
v 69.744320 81.077720 165.810600
v 62.165150 76.810870 171.329700
v 54.105830 70.388240 160.669000
v 89.208230 97.362630 170.207200
v 102.621300 108.979400 165.763600
v 65.036680 79.469640 174.723400
v 72.350320 85.725660 173.231700
v 117.657700 120.883300 156.971800
v 115.447900 121.589000 203.564100
v 127.998800 130.493300 218.046700
v 124.508800 125.219200 224.037100
v 111.390100 115.724500 211.858500
v 80.109730 99.885530 188.342900
v 93.113660 107.104400 192.271900
v 90.420900 102.776500 198.736400
v 80.153900 97.837650 194.163500
v 119.295500 121.702400 229.966000
v 105.184800 111.682000 220.463200
v 79.430710 96.165820 199.752300
v 86.419690 100.697300 207.540700
v 136.327300 137.480500 237.112300
v 113.459400 121.449200 179.503700
v 129.599300 134.649000 189.807500
v 126.432900 129.575200 198.081600
v 110.404800 116.467500 190.769700
v 71.878680 91.311510 178.756000
v 87.274410 101.644900 175.163500
v 86.120660 99.155130 183.050100
v 73.888210 91.502490 184.472900
v 121.416800 125.403000 207.395800
v 105.313000 112.719400 202.375900
v 75.133540 92.029370 190.253100
v 84.302190 99.340930 193.915800
v 141.162400 145.745800 209.475400
v 86.222010 87.716930 141.977400
v 87.026660 88.682710 147.434500
v 75.591400 79.740350 149.973000
v 73.853420 77.543090 142.865900
v 58.674020 68.454800 149.108100
v 60.351290 70.125140 153.814300
v 54.130760 67.260220 158.197200
v 51.401710 65.201050 155.626800
v 76.244850 83.559910 157.469000
v 86.927440 91.270450 153.600700
v 56.460490 69.410710 160.877300
v 62.468100 74.665920 159.775500
v 99.423050 101.939100 146.320800
v 119.946600 124.471100 230.833500
v 126.503300 120.560800 251.712900
v 121.506500 114.097800 250.588300
v 114.548100 116.890400 232.977400
v 79.410520 98.745960 193.844000
v 100.672800 114.910900 209.608600
v 96.149840 108.470300 213.069700
v 79.163280 96.503180 197.789900
v 115.991300 110.939200 251.068500
v 107.337300 111.465400 236.247300
v 91.150360 105.105200 217.965200
v 77.443990 95.446780 201.916100
v 126.435800 110.355200 275.269700
v 121.079200 125.571100 164.237100
v 120.803200 125.494300 173.042000
v 103.007600 109.130300 173.815200
v 101.994900 108.482800 162.239000
v 63.565080 82.092630 177.485000
v 76.319020 89.851110 168.442400
v 77.968520 90.477130 176.354100
v 67.334500 84.336890 182.211000
v 118.734100 124.020600 183.103400
v 102.143000 109.639700 186.175600
v 70.401650 86.969750 187.114900
v 79.955430 95.010410 186.664900
v 138.956300 146.142400 174.466300
v 47.618780 75.178350 137.021100
v 50.555020 85.759070 135.232800
v 50.282880 85.448380 131.719800
v 46.732560 74.234920 132.429600
v 44.175200 55.519980 142.059300
v 45.006650 61.122760 139.436700
v 44.199050 60.195460 136.363100
v 43.172620 53.618110 140.285700
v 52.090810 85.094280 139.362700
v 49.869280 74.960920 142.001300
v 45.368540 57.131350 143.896700
v 47.412080 62.371680 143.396000
v 56.664420 95.995350 134.465600
v 54.859950 82.880780 140.737100
v 57.689560 96.894240 138.267600
v 57.012230 94.329570 133.842000
v 53.201680 78.970580 135.051900
v 49.544850 62.792660 150.310900
v 50.966870 67.310680 145.433800
v 49.422740 64.550900 141.977300
v 47.963080 59.627940 148.745200
v 58.360340 85.160510 146.654000
v 60.257880 98.040820 143.182900
v 51.348490 65.599250 152.147300
v 54.571290 70.804850 150.114400
v 64.899810 110.153400 135.540600
v 58.828510 98.635120 148.064900
v 65.482000 112.420400 143.203500
v 65.915490 110.453100 138.150300
v 58.125180 95.682170 141.405500
v 51.719890 70.385550 157.820800
v 53.271220 78.502210 153.274400
v 52.026030 76.473180 148.760800
v 50.272140 66.960760 155.389800
v 68.061290 111.910600 149.791200
v 62.959280 98.431890 155.625400
v 53.582590 73.070080 160.400200
v 57.181260 80.915280 159.213700
v 77.506180 125.231800 139.962800
v 72.728360 111.103800 157.082500
v 79.446970 129.660000 151.134200
v 80.672750 126.495400 144.927200
v 72.438060 106.759500 148.752100
v 60.520390 78.860080 170.841200
v 62.610840 89.246850 164.282900
v 61.548880 84.628110 156.621400
v 54.920690 69.938260 160.520700
v 81.681630 130.107300 159.457800
v 76.824770 111.323200 167.181000
v 62.731720 82.187930 174.139100
v 67.782520 90.901950 172.197800
v 91.506160 150.492700 147.684200
v 84.400150 128.260300 168.376200
v 97.063930 151.890600 164.769900
v 98.994680 149.926200 156.415900
v 85.016400 125.669700 157.065600
v 65.129810 80.546700 177.582800
v 66.975380 84.821110 182.007500
v 70.864590 98.217690 174.764000
v 71.004490 96.077390 167.227900
v 98.454860 147.787100 176.420600
v 86.942500 126.300200 182.095900
v 69.217230 88.284010 186.796200
v 75.303080 100.018400 185.677700
v 113.968600 172.654400 165.103900
v 96.495860 140.702700 173.989900
v 91.273280 137.310200 185.027500
v 101.332300 156.961800 190.064500
v 105.700600 160.614100 181.632900
v 72.802940 90.456870 178.847000
v 72.974890 92.556390 184.222200
v 78.989140 106.919200 181.447000
v 80.876170 108.690000 173.601400
v 99.829770 149.437400 201.177600
v 90.213920 129.463200 198.572400
v 79.564070 104.407400 192.972800
v 73.495640 93.790290 189.888600
v 114.588400 174.350300 200.901100
v 97.665670 141.408100 198.534900
v 92.367010 136.981300 206.888100
v 99.476680 152.943900 217.517200
v 103.328000 157.595200 211.154900
v 80.109700 99.885510 188.342900
v 78.451800 99.606100 193.829300
v 82.422870 111.303300 197.139300
v 85.638240 114.782600 190.564100
v 97.438890 146.277500 224.822400
v 89.810120 128.741500 216.941800
v 77.155180 98.489350 199.329900
v 81.059230 106.286500 206.613400
v 109.154700 167.615500 230.385800
v 99.694380 147.210300 226.116300
v 94.571820 139.685800 228.575500
v 95.887310 145.690200 245.774300
v 100.803100 152.004500 246.759300
v 79.277670 98.807970 193.816600
v 77.414440 98.275710 197.455900
v 87.124210 117.334500 211.303900
v 92.167790 123.697800 207.715900
v 93.808050 138.756400 247.164600
v 91.403590 129.782700 232.995100
v 85.058910 111.325700 217.006600
v 76.657580 96.108720 201.759700
v 97.234630 146.283500 272.770900
v 70.951770 76.690060 131.858100
v 72.610280 78.235920 136.244900
v 63.915260 71.581700 140.504200
v 61.216640 68.771980 134.942300
v 45.533100 61.122590 149.475700
v 50.200410 62.613920 142.835500
v 52.397220 64.671370 146.424300
v 48.186500 63.157070 151.112600
v 65.812650 75.849950 146.444300
v 73.681920 81.284850 141.263600
v 50.528130 65.492650 152.886700
v 55.159950 69.292190 150.819700
v 82.279760 88.241040 132.728800
v 65.121260 68.790440 134.724900
v 65.082160 69.565570 138.166900
v 57.337110 64.039400 138.908500
v 56.933730 62.412370 134.387700
v 46.384510 57.034350 137.023600
v 46.993710 58.251460 140.070000
v 42.493890 56.700180 142.241600
v 40.977030 55.336890 140.424800
v 57.035940 66.736380 143.487400
v 64.414360 71.421730 141.894300
v 43.741940 58.287760 144.070400
v 47.808610 61.350260 143.811700
v 73.292260 77.662160 138.173600
v 77.836400 87.945240 201.037400
v 68.850780 90.328740 212.595900
v 58.426920 78.638730 176.347100
v 108.374200 107.313500 227.884600
v 91.925400 100.067000 233.323300
v 89.186450 96.636670 222.184700
v 109.094400 106.991600 214.392000
v 79.820830 99.845350 236.578000
v 75.905790 96.491370 224.917300
v 89.185250 95.526870 210.418700
v 60.357270 64.218810 150.981200
v 77.260850 80.008010 176.241000
v 68.260500 77.906490 176.172800
v 54.208120 63.299380 154.250300
v 50.059490 82.297200 147.065600
v 60.870630 99.475940 165.773700
v 60.357270 64.218810 150.981200
v 67.118100 103.278100 194.217000
v 58.426920 78.638730 176.347100
v 68.850780 90.328740 212.595900
v 77.263400 111.869700 222.168800
v 80.577820 112.732200 234.317700
v 90.540280 131.666500 231.493400
v 87.494410 131.799200 217.372900
v 75.905790 96.491370 224.917300
v 79.820830 99.845350 236.578000
v 71.860380 107.983300 210.521200
v 57.340740 90.244410 169.425900
v 60.870630 99.475940 165.773700
v 50.059490 82.297200 147.065600
v 45.883900 74.336800 151.589200
v 46.197730 64.704270 155.908900
v 45.873840 54.954520 143.444900
v 49.592400 54.969430 139.941100
v 49.592400 54.969430 139.941100
v 43.202450 72.526300 139.838400
v 46.197730 64.704270 155.908900
v 43.202450 72.526300 139.838400
v 40.417710 65.452600 144.085100
v 38.920770 57.010730 147.612400
v 38.920770 57.010730 147.612400
v 36.810010 50.395460 135.804000
v 36.810010 50.395460 135.804000
v 102.016400 106.517900 241.930700
v 84.281270 99.261180 262.665700
v 102.114200 102.865900 202.864800
v 85.288660 88.761600 196.911000
v 108.374200 107.313500 227.884600
v 109.094400 106.991600 214.392000
v 93.794220 114.268300 226.545900
v 102.016400 106.517900 241.930700
v 102.114200 102.865900 202.864800
v 84.281270 99.261180 262.665700
v 84.281270 99.261180 262.665700
v 89.735080 121.665500 247.747800
v 78.401500 122.983600 203.769300
v 90.540280 131.666500 231.493400
v 87.494410 131.799200 217.372900
v 89.735080 121.665500 247.747800
v 78.401500 122.983600 203.769300
v 77.260850 80.008010 176.241000
v 36.810010 50.395460 135.804000
v 70.593740 111.493500 186.108600
v 85.288660 88.761600 196.911000
v 70.593740 111.493500 186.108600
v 104.634700 117.049300 258.525000
v 98.464330 114.285100 243.226200
v 103.565500 113.792900 241.868600
v 112.639300 115.527900 258.522300
v 118.142000 114.694200 282.599000
v 110.574600 117.523500 279.389700
v 119.021100 116.777600 301.477800
v 113.456400 117.496500 298.225300
v 130.817100 116.674700 289.378900
v 124.108200 117.577600 306.043300
v 99.078290 112.892300 226.809200
v 110.891400 115.153000 239.583700
v 95.346320 112.299300 228.063300
v 90.608390 112.706600 227.798600
v 104.634700 117.049300 258.525000
v 104.969800 125.623100 257.804700
v 98.047220 121.534800 241.702600
v 98.464330 114.285100 243.226200
v 110.574600 117.523500 279.389700
v 110.620200 124.187900 281.254500
v 113.456400 117.496500 298.225300
v 113.518300 123.062100 299.731800
v 114.286000 131.321300 285.582600
v 115.483700 127.783100 303.223900
v 90.602630 116.866500 225.980700
v 100.056000 129.750600 237.275500
v 90.969200 121.375600 222.948500
v 90.608390 112.706600 227.798600
v 121.092200 122.095800 291.300100
v 118.220500 121.237300 308.130600
v 124.108200 117.577600 306.043300
v 130.817100 116.674700 289.378900
v 119.328000 123.168500 276.592600
v 131.601200 118.321200 275.531000
v 126.351500 118.910600 259.904700
v 117.163500 124.910800 262.302600
v 103.831500 119.279000 242.996300
v 110.891400 115.153000 239.583700
v 99.078290 112.892300 226.809200
v 93.501330 114.536100 228.837700
v 118.475600 117.137300 249.616300
v 110.135900 122.086700 252.192600
v 115.483700 127.783100 303.223900
v 118.220500 121.237300 308.130600
v 121.092200 122.095800 291.300100
v 121.092200 122.095800 291.300100
v 114.286000 131.321300 285.582600
v 115.483700 127.783100 303.223900
v 108.649400 137.306000 255.484300
v 114.838100 136.206600 273.282100
v 114.286000 131.321300 285.582600
v 121.092200 122.095800 291.300100
v 119.328000 123.168500 276.592600
v 119.328000 123.168500 276.592600
v 114.838100 136.206600 273.282100
v 114.286000 131.321300 285.582600
v 100.056000 129.750600 237.275500
v 103.831500 119.279000 242.996300
v 93.501330 114.536100 228.837700
v 93.501330 114.536100 228.837700
v 90.969200 121.375600 222.948500
v 100.056000 129.750600 237.275500
v 105.290500 134.091300 245.895500
v 100.056000 129.750600 237.275500
v 112.830400 119.572600 319.187100
v 118.475600 117.137300 249.616300
v 131.601200 118.321200 275.531000
v 126.351500 118.910600 259.904700
v 112.830400 119.572600 319.187100
v 105.290500 134.091300 245.895500
v 114.838100 136.206600 273.282100
v 108.649400 137.306000 255.484300
v 112.830400 119.572600 319.187100
v 115.483700 127.783100 303.223900
v -85.311740 93.872570 161.030600
v -99.618740 106.030500 158.183600
v -98.647800 104.459500 151.375200
v -83.244110 90.981610 152.281000
v -58.951770 76.810940 171.329700
v -66.530930 81.077800 165.810600
v -63.500040 78.529590 157.784300
v -50.892530 70.388330 160.669000
v -85.994820 97.362750 170.207300
v -99.407880 108.979600 165.763700
v -61.823300 79.469700 174.723400
v -69.136930 85.725750 173.231700
v -114.444200 120.883400 156.971800
v -112.234400 121.589200 203.564100
v -108.176600 115.724700 211.858500
v -121.295300 125.219500 224.037200
v -124.785300 130.493600 218.046800
v -76.896330 99.885670 188.343000
v -76.940510 97.837810 194.163500
v -87.207500 102.776700 198.736400
v -89.900230 107.104500 192.272000
v -116.082000 121.702600 229.966000
v -101.971400 111.682200 220.463300
v -76.217300 96.165970 199.752300
v -83.206170 100.697400 207.540700
v -133.113800 137.480800 237.112300
v -110.246000 121.449500 179.503800
v -107.191300 116.467700 190.769700
v -123.219500 129.575400 198.081600
v -126.385800 134.649200 189.807500
v -68.665300 91.311610 178.756000
v -70.674810 91.502590 184.472900
v -82.907260 99.155270 183.050100
v -84.061000 101.645000 175.163500
v -118.203300 125.403200 207.395900
v -102.099600 112.719600 202.375900
v -71.920140 92.029490 190.253100
v -81.088770 99.341090 193.915800
v -137.948900 145.746000 209.475400
v -72.378020 79.740430 149.973000
v -83.813280 88.682800 147.434500
v -83.008610 87.717010 141.977400
v -70.640080 77.543170 142.865900
v -50.917430 67.260270 158.197200
v -57.137970 70.125210 153.814300
v -55.460670 68.454830 149.108100
v -48.188410 65.201110 155.626800
v -73.031460 83.559990 157.469000
v -83.714050 91.270550 153.600700
v -53.247170 69.410770 160.877300
v -59.254740 74.665980 159.775600
v -96.209650 101.939100 146.320800
v -116.733100 124.471300 230.833600
v -111.334600 116.890600 232.977400
v -118.293000 114.098000 250.588300
v -123.289800 120.561100 251.713000
v -76.197090 98.746110 193.844100
v -75.949870 96.503350 197.790000
v -92.936360 108.470500 213.069700
v -97.459390 114.911100 209.608700
v -112.777800 110.939500 251.068600
v -104.123800 111.465600 236.247400
v -87.936880 105.105400 217.965300
v -74.230580 95.446950 201.916200
v -123.222300 110.355500 275.269700
v -99.794230 109.130400 173.815200
v -117.589900 125.494500 173.042200
v -117.865800 125.571200 164.237100
v -98.781510 108.482900 162.239100
v -60.351690 82.092700 177.485000
v -64.121110 84.336980 182.211000
v -74.755110 90.477220 176.354100
v -73.105620 89.851210 168.442500
v -115.520700 124.020800 183.103500
v -98.929530 109.639900 186.175700
v -67.188250 86.969860 187.114900
v -76.742020 95.010540 186.665000
v -135.742800 146.142600 174.466400
v -47.069480 85.448360 131.719800
v -47.341660 85.759100 135.232800
v -44.405460 75.178380 137.021200
v -43.519240 74.234950 132.429600
v -40.985730 60.195460 136.363100
v -41.793330 61.122770 139.436700
v -40.961880 55.519980 142.059300
v -39.959310 53.618110 140.285800
v -48.877450 85.094310 139.362700
v -46.655950 74.960960 142.001300
v -42.155220 57.131360 143.896800
v -44.198760 62.371690 143.396000
v -53.451050 95.995410 134.465600
v -53.798870 94.329640 133.842000
v -54.476230 96.894330 138.267700
v -51.646590 82.880830 140.737100
v -49.988330 78.970620 135.051900
v -46.209410 64.550930 141.977300
v -47.753550 67.310700 145.433800
v -46.331530 62.792690 150.310900
v -44.749760 59.627960 148.745200
v -55.146980 85.160550 146.654100
v -57.044540 98.040920 143.182900
v -48.135160 65.599290 152.147300
v -51.357950 70.804890 150.114400
v -61.686500 110.153500 135.540600
v -62.702160 110.453200 138.150300
v -62.268670 112.420500 143.203600
v -55.615180 98.635220 148.064900
v -54.911850 95.682270 141.405500
v -48.812700 76.473220 148.760800
v -50.057880 78.502270 153.274400
v -48.506570 70.385600 157.820800
v -47.058820 66.960800 155.389900
v -64.847950 111.910700 149.791300
v -59.745940 98.432010 155.625400
v -50.369250 73.070140 160.400300
v -53.967890 80.915310 159.213700
v -74.292830 125.231900 139.962900
v -77.459380 126.495500 144.927200
v -76.233610 129.660100 151.134200
v -69.515000 111.104000 157.082500
v -69.224700 106.759600 148.752100
v -58.335530 84.628200 156.621400
v -59.397480 89.246950 164.282900
v -57.307040 78.860150 170.841200
v -51.707340 69.938290 160.520800
v -78.468250 130.107500 159.457800
v -73.611400 111.323300 167.181100
v -59.518330 82.188000 174.139200
v -64.569140 90.902040 172.197800
v -88.292760 150.492900 147.684200
v -95.781290 149.926400 156.416000
v -93.850530 151.890700 164.769900
v -81.186750 128.260500 168.376300
v -81.803020 125.669900 157.065700
v -61.916430 80.546780 177.582800
v -67.791110 96.077500 167.227900
v -67.651180 98.217810 174.764000
v -63.761990 84.821210 182.007500
v -95.241660 147.787500 176.421000
v -83.729110 126.300400 182.096000
v -66.003850 88.284120 186.796200
v -72.089650 100.018600 185.677700
v -110.755300 172.654600 165.104100
v -93.282460 140.702900 173.989900
v -102.487200 160.614300 181.633000
v -98.118940 156.962100 190.064500
v -88.060080 137.310600 185.027900
v -69.589550 90.456970 178.847000
v -77.662780 108.690100 173.601400
v -75.777450 106.914500 181.449400
v -69.761500 92.556510 184.222200
v -96.616340 149.437600 201.177700
v -87.000500 129.463400 198.572500
v -76.350650 104.407600 192.972800
v -70.282240 93.790410 189.888600
v -111.375000 174.350600 200.901200
v -94.452250 141.408300 198.535000
v -100.114500 157.595500 211.155000
v -96.263240 152.944200 217.517200
v -89.153580 136.981500 206.888100
v -76.896310 99.885650 188.343000
v -82.424870 114.782800 190.564100
v -79.209510 111.303500 197.139500
v -75.238400 99.606260 193.829300
v -94.225440 146.277800 224.822500
v -86.596670 128.741800 216.941900
v -73.941790 98.489510 199.330000
v -77.845920 106.286800 206.613600
v -105.941200 167.615800 230.385900
v -96.480930 147.210500 226.116400
v -97.589570 152.004700 246.759400
v -92.673820 145.690500 245.774300
v -91.358370 139.686100 228.575600
v -76.064270 98.808110 193.816600
v -88.954350 123.698000 207.715900
v -83.910750 117.334700 211.304000
v -74.201040 98.275860 197.456000
v -90.594580 138.756600 247.164700
v -88.190130 129.783000 232.995200
v -81.845440 111.325800 217.006600
v -73.444180 96.108900 201.759800
v -94.021040 146.283800 272.770800
v -60.701900 71.581730 140.504200
v -69.396970 78.236000 136.244900
v -67.738420 76.690120 131.858100
v -58.003280 68.772000 134.942300
v -42.319790 61.122620 149.475700
v -44.973170 63.157080 151.112600
v -49.183890 64.671390 146.424300
v -46.987080 62.613950 142.835500
v -62.599320 75.850020 146.444300
v -70.468560 81.284920 141.263700
v -47.314810 65.492710 152.886700
v -51.946620 69.292230 150.819700
v -79.066400 88.241130 132.728900
v -54.123770 64.039410 138.908500
v -61.868810 69.565600 138.167000
v -61.907900 68.790470 134.724900
v -53.720370 62.412360 134.387700
v -39.280570 56.700180 142.241700
v -43.780390 58.251460 140.070000
v -43.171180 57.034350 137.023600
v -37.763720 55.336890 140.424800
v -53.822600 66.736400 143.487400
v -61.200990 71.421750 141.894300
v -40.528630 58.287770 144.070500
v -44.595290 61.350280 143.811700
v -70.078930 77.662250 138.173600
v -74.623010 87.945390 201.037500
v -55.213500 78.638760 176.347100
v -65.637380 90.328900 212.596000
v -85.972950 96.636840 222.184600
v -88.711900 100.067200 233.323300
v -105.160700 107.313700 227.884600
v -105.880900 106.991800 214.392000
v -72.692210 96.491460 224.917200
v -76.607380 99.845580 236.578000
v -85.971930 95.527140 210.418900
v -65.047100 77.906560 176.172800
v -74.047410 80.008070 176.241000
v -57.143940 64.218860 150.981200
v -50.994790 63.299420 154.250300
v -46.846130 82.297220 147.065700
v -57.143940 64.218860 150.981200
v -57.657290 99.476060 165.773700
v -63.904710 103.278300 194.217100
v -65.637380 90.328900 212.596000
v -55.213500 78.638760 176.347100
v -87.326840 131.666700 231.493500
v -77.364320 112.732300 234.317700
v -74.049960 111.869800 222.168800
v -84.280980 131.799400 217.372900
v -76.607380 99.845580 236.578000
v -72.692210 96.491460 224.917200
v -68.647040 107.983600 210.521400
v -54.127380 90.244490 169.425900
v -42.670580 74.336850 151.589300
v -46.846130 82.297220 147.065700
v -57.657290 99.476060 165.773700
v -42.984420 64.704310 155.908900
v -46.379060 54.969420 139.941100
v -42.660520 54.954530 143.444900
v -39.989140 72.526320 139.838400
v -46.379060 54.969420 139.941100
v -42.984420 64.704310 155.908900
v -39.989140 72.526320 139.838400
v -37.204410 65.452630 144.085100
v -35.707470 57.010750 147.612400
v -35.707470 57.010750 147.612400
v -33.596710 50.395450 135.804100
v -33.596710 50.395450 135.804100
v -81.067750 99.261450 262.665700
v -98.802870 106.518100 241.930700
v -98.900720 102.866000 202.864700
v -82.075240 88.761730 196.911000
v -105.160700 107.313700 227.884600
v -90.580760 114.268500 226.546000
v -105.880900 106.991800 214.392000
v -98.802870 106.518100 241.930700
v -98.900720 102.866000 202.864700
v -81.067750 99.261450 262.665700
v -86.521580 121.665800 247.747800
v -81.067750 99.261450 262.665700
v -75.188320 122.984000 203.769700
v -87.326840 131.666700 231.493500
v -84.280980 131.799400 217.372900
v -86.521580 121.665800 247.747800
v -75.188320 122.984000 203.769700
v -74.047410 80.008070 176.241000
v -33.596710 50.395450 135.804100
v -67.380360 111.493700 186.108700
v -82.075240 88.761730 196.911000
v -67.380360 111.493700 186.108700
v -101.421200 117.049600 258.525000
v -109.425800 115.528200 258.522300
v -100.352000 113.793200 241.868700
v -95.250840 114.285300 243.226300
v -107.361000 117.523800 279.389600
v -114.928400 114.694500 282.598900
v -110.242900 117.496900 298.225500
v -115.807500 116.777900 301.477900
v -127.603500 116.675100 289.379100
v -120.894600 117.577900 306.043300
v -107.677900 115.153200 239.583800
v -95.864800 112.892500 226.809200
v -92.132860 112.299500 228.063300
v -87.394920 112.706800 227.798600
v -101.421200 117.049600 258.525000
v -95.250840 114.285300 243.226300
v -94.833720 121.535100 241.702600
v -101.756200 125.623400 257.804700
v -107.406700 124.188300 281.254600
v -107.361000 117.523800 279.389600
v -110.304800 123.062400 299.731900
v -110.242900 117.496900 298.225500
v -111.072500 131.321600 285.582700
v -112.270100 127.783500 303.224000
v -87.389190 116.866700 225.980800
v -87.755750 121.375800 222.948500
v -96.842500 129.750900 237.275500
v -87.394920 112.706800 227.798600
v -117.878600 122.096200 291.300200
v -127.603500 116.675100 289.379100
v -120.894600 117.577900 306.043300
v -115.006900 121.237700 308.130700
v -123.137900 118.910900 259.904800
v -128.387600 118.321500 275.531100
v -116.114500 123.168800 276.592700
v -113.950000 124.911100 262.302700
v -95.864800 112.892500 226.809200
v -107.677900 115.153200 239.583800
v -100.618000 119.279300 242.996400
v -90.287870 114.536300 228.837800
v -115.262100 117.137600 249.616300
v -106.922300 122.087000 252.192700
v -112.270100 127.783500 303.224000
v -111.072500 131.321600 285.582700
v -111.624500 136.206900 273.282100
v -105.435900 137.306300 255.484300
v -96.842500 129.750900 237.275500
v -87.755750 121.375800 222.948500
v -102.076900 134.091700 245.895500
v -109.616800 119.572900 319.187200
v -115.262100 117.137600 249.616300
v -128.387600 118.321500 275.531100
v -123.137900 118.910900 259.904800
v -109.616800 119.572900 319.187200
v -102.076900 134.091700 245.895500
v -111.624500 136.206900 273.282100
v -105.435900 137.306300 255.484300
v -109.616800 119.572900 319.187200
vt -0.407811 0.199291 0.000000
vt -0.408886 0.256464 0.000000
vt -0.615009 0.256464 0.000000
vt -0.613505 0.181022 0.000000
vt -0.814685 0.179087 0.000000
vt -0.815759 0.256464 0.000000
vt -0.987708 0.256464 0.000000
vt -0.987708 0.178442 0.000000
vt -0.613505 0.181022 0.000000
vt -0.407811 0.199291 0.000000
vt -0.987708 0.178442 0.000000
vt -0.814685 0.179087 0.000000
vt -0.241236 0.256464 0.000000
vt -0.613505 0.181022 0.000000
vt -0.407811 0.199291 0.000000
vt -0.408886 0.256464 0.000000
vt -0.615009 0.256464 0.000000
vt -0.987708 0.178442 0.000000
vt -0.814685 0.179087 0.000000
vt -0.815759 0.256464 0.000000
vt -0.987708 0.256464 0.000000
vt -0.407811 0.199291 0.000000
vt -0.613505 0.181022 0.000000
vt -0.987708 0.178442 0.000000
vt -0.814685 0.179087 0.000000
vt -0.241236 0.256464 0.000000
vt -0.613505 0.181022 0.000000
vt -0.407811 0.199291 0.000000
vt -0.408886 0.256464 0.000000
vt -0.615009 0.256464 0.000000
vt -0.987708 0.178442 0.000000
vt -0.814685 0.179087 0.000000
vt -0.815759 0.256464 0.000000
vt -0.987708 0.256464 0.000000
vt -0.407811 0.199291 0.000000
vt -0.613505 0.181022 0.000000
vt -0.987708 0.178442 0.000000
vt -0.814685 0.179087 0.000000
vt -0.241236 0.256464 0.000000
vt -0.407811 0.199291 0.000000
vt -0.408886 0.256464 0.000000
vt -0.615009 0.256464 0.000000
vt -0.613505 0.181022 0.000000
vt -0.814685 0.179087 0.000000
vt -0.815759 0.256464 0.000000
vt -0.987708 0.256464 0.000000
vt -0.987708 0.178442 0.000000
vt -0.613505 0.181022 0.000000
vt -0.407811 0.199291 0.000000
vt -0.987708 0.178442 0.000000
vt -0.814685 0.179087 0.000000
vt -0.241236 0.256464 0.000000
vt -0.613505 0.181022 0.000000
vt -0.407811 0.199291 0.000000
vt -0.408886 0.256464 0.000000
vt -0.615009 0.256464 0.000000
vt -0.987708 0.178442 0.000000
vt -0.814685 0.179087 0.000000
vt -0.815759 0.256464 0.000000
vt -0.987708 0.256464 0.000000
vt -0.407811 0.199291 0.000000
vt -0.613505 0.181022 0.000000
vt -0.814685 0.179087 0.000000
vt -0.987708 0.178442 0.000000
vt -0.241236 0.256464 0.000000
vt -0.407811 0.199291 0.000000
vt -0.408886 0.256464 0.000000
vt -0.615009 0.256464 0.000000
vt -0.613505 0.181022 0.000000
vt -0.987708 0.178442 0.000000
vt -0.814685 0.179087 0.000000
vt -0.815759 0.256464 0.000000
vt -0.987708 0.256464 0.000000
vt -0.407811 0.199291 0.000000
vt -0.613505 0.181022 0.000000
vt -0.987708 0.178442 0.000000
vt -0.814685 0.179087 0.000000
vt -0.241236 0.256464 0.000000
vt -0.615009 0.256464 0.000000
vt -0.408886 0.256464 0.000000
vt -0.407811 0.199291 0.000000
vt -0.613505 0.181022 0.000000
vt -0.987708 0.256464 0.000000
vt -0.815759 0.256464 0.000000
vt -0.814685 0.179087 0.000000
vt -0.987708 0.178442 0.000000
vt -0.407811 0.199291 0.000000
vt -0.613505 0.181022 0.000000
vt -0.987708 0.178442 0.000000
vt -0.814685 0.179087 0.000000
vt -0.241236 0.256464 0.000000
vt -0.615009 0.256464 0.000000
vt -0.408886 0.256464 0.000000
vt -0.407811 0.199291 0.000000
vt -0.613505 0.181022 0.000000
vt -0.987708 0.256464 0.000000
vt -0.815759 0.256464 0.000000
vt -0.814685 0.179087 0.000000
vt -0.987708 0.178442 0.000000
vt -0.613505 0.181022 0.000000
vt -0.407811 0.199291 0.000000
vt -0.987708 0.178442 0.000000
vt -0.814685 0.179087 0.000000
vt -0.241236 0.256464 0.000000
vt -0.615009 0.256464 0.000000
vt -0.408886 0.256464 0.000000
vt -0.407811 0.199291 0.000000
vt -0.613505 0.181022 0.000000
vt -0.987708 0.256464 0.000000
vt -0.815759 0.256464 0.000000
vt -0.814685 0.179087 0.000000
vt -0.987708 0.178442 0.000000
vt -0.407811 0.199291 0.000000
vt -0.613505 0.181022 0.000000
vt -0.987708 0.178442 0.000000
vt -0.814685 0.179087 0.000000
vt -0.241236 0.256464 0.000000
vt -0.615009 0.256464 0.000000
vt -0.408886 0.256464 0.000000
vt -0.407811 0.199291 0.000000
vt -0.613505 0.181022 0.000000
vt -0.987708 0.256464 0.000000
vt -0.815759 0.256464 0.000000
vt -0.814685 0.179087 0.000000
vt -0.987708 0.178442 0.000000
vt -0.407811 0.199291 0.000000
vt -0.613505 0.181022 0.000000
vt -0.987708 0.178442 0.000000
vt -0.814685 0.179087 0.000000
vt -0.241236 0.256464 0.000000
vt -0.615009 0.256464 0.000000
vt -0.408886 0.256464 0.000000
vt -0.407811 0.199291 0.000000
vt -0.613505 0.181022 0.000000
vt -0.987708 0.178442 0.000000
vt -0.987708 0.256464 0.000000
vt -0.815759 0.256464 0.000000
vt -0.814685 0.179087 0.000000
vt -0.407811 0.199291 0.000000
vt -0.613505 0.181022 0.000000
vt -0.987708 0.178442 0.000000
vt -0.814685 0.179087 0.000000
vt -0.241236 0.256464 0.000000
vt -0.613505 0.181022 0.000000
vt -0.615009 0.256464 0.000000
vt -0.408886 0.256464 0.000000
vt -0.407811 0.199291 0.000000
vt -0.987708 0.178442 0.000000
vt -0.987708 0.256464 0.000000
vt -0.815759 0.256464 0.000000
vt -0.814685 0.179087 0.000000
vt -0.407811 0.199291 0.000000
vt -0.613505 0.181022 0.000000
vt -0.814685 0.179087 0.000000
vt -0.987708 0.178442 0.000000
vt -0.241236 0.256464 0.000000
vt -0.613505 0.181022 0.000000
vt -0.615009 0.256464 0.000000
vt -0.408886 0.256464 0.000000
vt -0.407811 0.199291 0.000000
vt -0.987708 0.178442 0.000000
vt -0.987708 0.256464 0.000000
vt -0.815759 0.256464 0.000000
vt -0.814685 0.179087 0.000000
vt -0.407811 0.199291 0.000000
vt -0.613505 0.181022 0.000000
vt -0.987708 0.178442 0.000000
vt -0.814685 0.179087 0.000000
vt -0.241236 0.256464 0.000000
vt -0.613505 0.181022 0.000000
vt -0.615009 0.256464 0.000000
vt -0.408886 0.256464 0.000000
vt -0.407811 0.199291 0.000000
vt -0.987708 0.178442 0.000000
vt -0.987708 0.256464 0.000000
vt -0.815759 0.256464 0.000000
vt -0.814685 0.179087 0.000000
vt -0.407811 0.199291 0.000000
vt -0.613505 0.181022 0.000000
vt -0.814685 0.179087 0.000000
vt -0.987708 0.178442 0.000000
vt -0.241236 0.256464 0.000000
vt -0.407811 0.199291 0.000000
vt -0.408886 0.256464 0.000000
vt -0.615009 0.256464 0.000000
vt -0.613505 0.181022 0.000000
vt -0.987708 0.178442 0.000000
vt -0.814685 0.179087 0.000000
vt -0.815759 0.256464 0.000000
vt -0.987708 0.256464 0.000000
vt -0.613505 0.181022 0.000000
vt -0.407811 0.199291 0.000000
vt -0.987708 0.178442 0.000000
vt -0.814685 0.179087 0.000000
vt -0.241236 0.256464 0.000000
vt -0.407811 0.199291 0.000000
vt -0.408886 0.256464 0.000000
vt -0.615009 0.256464 0.000000
vt -0.613505 0.181022 0.000000
vt -0.814685 0.179087 0.000000
vt -0.815759 0.256464 0.000000
vt -0.987708 0.256464 0.000000
vt -0.987708 0.178442 0.000000
vt -0.613505 0.181022 0.000000
vt -0.407811 0.199291 0.000000
vt -0.987708 0.178442 0.000000
vt -0.814685 0.179087 0.000000
vt -0.241236 0.256464 0.000000
vt 0.530907 0.595319 0.000000
vt 0.416898 0.679461 0.000000
vt 0.654246 0.671203 0.000000
vt 0.208073 0.542072 0.000000
vt 0.178346 0.613732 0.000000
vt 0.298863 0.617850 0.000000
vt 0.295605 0.541923 0.000000
vt 0.124939 0.634075 0.000000
vt 0.289470 0.670509 0.000000
vt 0.417034 0.614971 0.000000
vt 0.819082 0.541504 0.000000
vt 0.657038 0.538437 0.000000
vt 0.653774 0.592491 0.000000
vt 0.808046 0.603084 0.000000
vt 0.819082 0.541504 0.000000
vt 0.657038 0.538437 0.000000
vt 0.819082 0.541504 0.000000
vt 0.530907 0.595319 0.000000
vt 0.654246 0.671203 0.000000
vt 0.416898 0.679461 0.000000
vt 0.298863 0.617850 0.000000
vt 0.178346 0.613732 0.000000
vt 0.208073 0.542072 0.000000
vt 0.295605 0.541923 0.000000
vt 0.289470 0.670509 0.000000
vt 0.124939 0.634075 0.000000
vt 0.417034 0.614971 0.000000
vt 0.653774 0.592491 0.000000
vt 0.657038 0.538437 0.000000
vt 0.819082 0.541504 0.000000
vt 0.808045 0.603084 0.000000
vt 0.802234 0.663331 0.000000
vt 0.898230 0.613216 0.000000
vt 0.902659 0.583295 0.000000
vt 0.902659 0.583295 0.000000
vt 0.902659 0.583295 0.000000
vt 0.802234 0.663331 0.000000
vt 0.902659 0.583295 0.000000
vt 0.898230 0.613216 0.000000
vt 0.895168 0.649923 0.000000
vt 0.895168 0.649923 0.000000
vt 0.983675 0.632234 0.000000
vt 0.983675 0.632234 0.000000
vt 0.112818 0.540728 0.000000
vt 0.011878 0.557348 0.000000
vt 0.417682 0.542469 0.000000
vt 0.538849 0.541069 0.000000
vt 0.208073 0.542072 0.000000
vt 0.295605 0.541923 0.000000
vt 0.178346 0.613732 0.000000
vt 0.112818 0.540728 0.000000
vt 0.417682 0.542469 0.000000
vt 0.011878 0.557348 0.000000
vt 0.011878 0.557348 0.000000
vt 0.112818 0.540729 0.000000
vt 0.417682 0.542469 0.000000
vt 0.208073 0.542072 0.000000
vt 0.295605 0.541923 0.000000
vt 0.112818 0.540729 0.000000
vt 0.417682 0.542469 0.000000
vt 0.657038 0.538437 0.000000
vt 0.983675 0.632234 0.000000
vt 0.538849 0.541069 0.000000
vt 0.538849 0.541069 0.000000
vt 0.538849 0.541069 0.000000
vt 0.356189 0.418955 0.000000
vt 0.183381 0.418955 0.000000
vt 0.177148 0.371670 0.000000
vt 0.350601 0.368231 0.000000
vt 0.550921 0.380912 0.000000
vt 0.530717 0.418955 0.000000
vt 0.737056 0.381127 0.000000
vt 0.735121 0.418955 0.000000
vt 0.592834 0.316216 0.000000
vt 0.735766 0.348027 0.000000
vt 0.008853 0.327178 0.000000
vt 0.163822 0.329112 0.000000
vt 0.008853 0.376398 0.000000
vt 0.008853 0.418955 0.000000
vt 0.356189 0.418955 0.000000
vt 0.350601 0.368231 0.000000
vt 0.177148 0.371670 0.000000
vt 0.183381 0.418955 0.000000
vt 0.530717 0.418955 0.000000
vt 0.550921 0.380912 0.000000
vt 0.735121 0.418955 0.000000
vt 0.737056 0.381127 0.000000
vt 0.592834 0.316216 0.000000
vt 0.735766 0.348027 0.000000
vt 0.008853 0.376398 0.000000
vt 0.163822 0.329112 0.000000
vt 0.008853 0.327178 0.000000
vt 0.008853 0.418955 0.000000
vt 0.592834 0.316216 0.000000
vt 0.735766 0.348027 0.000000
vt 0.735766 0.348027 0.000000
vt 0.592834 0.316216 0.000000
vt 0.469460 0.310413 0.000000
vt 0.469460 0.310413 0.000000
vt 0.330397 0.284191 0.000000
vt 0.330397 0.284191 0.000000
vt 0.163822 0.329112 0.000000
vt 0.163822 0.329112 0.000000
vt 0.008853 0.327178 0.000000
vt 0.008853 0.327178 0.000000
vt 0.246142 0.314282 0.000000
vt 0.246142 0.314282 0.000000
vt -0.264234 0.348027 0.000000
vt -0.264234 0.348027 0.000000
vt -0.407166 0.316216 0.000000
vt -0.407166 0.316216 0.000000
vt -0.407166 0.316216 0.000000
vt -0.264234 0.348027 0.000000
vt 0.330397 0.284191 0.000000
vt 0.469460 0.310413 0.000000
vt -0.407166 0.316216 0.000000
vt -0.407166 0.316216 0.000000
vt -0.530540 0.310413 0.000000
vt -0.530540 0.310413 0.000000
vt -0.530540 0.310413 0.000000
vt -0.407166 0.316216 0.000000
vt -0.836178 0.329112 0.000000
vt -0.836178 0.329112 0.000000
vt -0.991147 0.327178 0.000000
vt -0.991147 0.327178 0.000000
vt -0.991147 0.327178 0.000000
vt -0.836178 0.329112 0.000000
vt 0.246142 0.314282 0.000000
vt 0.163822 0.329112 0.000000
vt 0.979288 0.418955 0.000000
vt 0.246142 0.314282 0.000000
vt 0.469460 0.310413 0.000000
vt 0.330397 0.284191 0.000000
vt 0.979288 0.418955 0.000000
vt 0.246142 0.314282 0.000000
vt 0.469460 0.310413 0.000000
vt 0.330397 0.284191 0.000000
vt 0.979288 0.418955 0.000000
vt 0.735766 0.348027 0.000000
vt 0.384991 0.256464 0.000000
vt 0.591114 0.256464 0.000000
vt 0.592189 0.199291 0.000000
vt 0.386495 0.181022 0.000000
vt 0.012292 0.256464 0.000000
vt 0.184241 0.256464 0.000000
vt 0.185315 0.179087 0.000000
vt 0.012292 0.178442 0.000000
vt 0.386495 0.181022 0.000000
vt 0.592189 0.199291 0.000000
vt 0.012292 0.178442 0.000000
vt 0.185315 0.179087 0.000000
vt 0.758764 0.256464 0.000000
vt -0.613505 0.181022 0.000000
vt -0.615009 0.256464 0.000000
vt -0.408886 0.256464 0.000000
vt -0.407811 0.199291 0.000000
vt -0.987708 0.178442 0.000000
vt -0.987708 0.256464 0.000000
vt -0.815759 0.256464 0.000000
vt -0.814685 0.179087 0.000000
vt -0.407811 0.199291 0.000000
vt -0.613505 0.181022 0.000000
vt -0.987708 0.178442 0.000000
vt -0.814685 0.179087 0.000000
vt -0.241236 0.256464 0.000000
vt -0.613505 0.181022 0.000000
vt -0.615009 0.256464 0.000000
vt -0.408886 0.256464 0.000000
vt -0.407811 0.199291 0.000000
vt -0.987708 0.178442 0.000000
vt -0.987708 0.256464 0.000000
vt -0.815759 0.256464 0.000000
vt -0.814685 0.179087 0.000000
vt -0.407811 0.199291 0.000000
vt -0.613505 0.181022 0.000000
vt -0.987708 0.178442 0.000000
vt -0.814685 0.179087 0.000000
vt -0.241236 0.256464 0.000000
vt -0.615009 0.256464 0.000000
vt -0.408886 0.256464 0.000000
vt -0.407811 0.199291 0.000000
vt -0.613505 0.181022 0.000000
vt -0.987708 0.256464 0.000000
vt -0.815759 0.256464 0.000000
vt -0.814685 0.179087 0.000000
vt -0.987708 0.178442 0.000000
vt -0.613505 0.181022 0.000000
vt -0.407811 0.199291 0.000000
vt -0.987708 0.178442 0.000000
vt -0.814685 0.179087 0.000000
vt -0.241236 0.256464 0.000000
vt -0.613505 0.181022 0.000000
vt -0.615009 0.256464 0.000000
vt -0.408886 0.256464 0.000000
vt -0.407811 0.199291 0.000000
vt -0.987708 0.178442 0.000000
vt -0.987708 0.256464 0.000000
vt -0.815759 0.256464 0.000000
vt -0.814685 0.179087 0.000000
vt -0.407811 0.199291 0.000000
vt -0.613505 0.181022 0.000000
vt -0.814685 0.179087 0.000000
vt -0.987708 0.178442 0.000000
vt -0.241236 0.256464 0.000000
vt -0.615009 0.256464 0.000000
vt -0.408886 0.256464 0.000000
vt -0.407811 0.199291 0.000000
vt -0.613505 0.181022 0.000000
vt -0.987708 0.178442 0.000000
vt -0.987708 0.256464 0.000000
vt -0.815759 0.256464 0.000000
vt -0.814685 0.179087 0.000000
vt -0.407811 0.199291 0.000000
vt -0.613505 0.181022 0.000000
vt -0.987708 0.178442 0.000000
vt -0.814685 0.179087 0.000000
vt -0.241236 0.256464 0.000000
vt -0.407811 0.199291 0.000000
vt -0.408886 0.256464 0.000000
vt -0.615009 0.256464 0.000000
vt -0.613505 0.181022 0.000000
vt -0.814685 0.179087 0.000000
vt -0.815759 0.256464 0.000000
vt -0.987708 0.256464 0.000000
vt -0.987708 0.178442 0.000000
vt -0.407811 0.199291 0.000000
vt -0.613505 0.181022 0.000000
vt -0.987708 0.178442 0.000000
vt -0.814685 0.179087 0.000000
vt -0.241236 0.256464 0.000000
vt -0.407811 0.199291 0.000000
vt -0.408886 0.256464 0.000000
vt -0.615009 0.256464 0.000000
vt -0.613505 0.181022 0.000000
vt -0.814685 0.179087 0.000000
vt -0.815759 0.256464 0.000000
vt -0.987708 0.256464 0.000000
vt -0.987708 0.178442 0.000000
vt -0.613505 0.181022 0.000000
vt -0.407811 0.199291 0.000000
vt -0.987708 0.178442 0.000000
vt -0.814685 0.179087 0.000000
vt -0.241236 0.256464 0.000000
vt -0.407811 0.199291 0.000000
vt -0.408886 0.256464 0.000000
vt -0.615009 0.256464 0.000000
vt -0.613505 0.181022 0.000000
vt -0.814685 0.179087 0.000000
vt -0.815759 0.256464 0.000000
vt -0.987708 0.256464 0.000000
vt -0.987708 0.178442 0.000000
vt -0.407811 0.199291 0.000000
vt -0.613505 0.181022 0.000000
vt -0.987708 0.178442 0.000000
vt -0.814685 0.179087 0.000000
vt -0.241236 0.256464 0.000000
vt -0.407811 0.199291 0.000000
vt -0.408886 0.256464 0.000000
vt -0.615009 0.256464 0.000000
vt -0.613505 0.181022 0.000000
vt -0.814685 0.179087 0.000000
vt -0.815759 0.256464 0.000000
vt -0.987708 0.256464 0.000000
vt -0.987708 0.178442 0.000000
vt -0.407811 0.199291 0.000000
vt -0.613505 0.181022 0.000000
vt -0.987708 0.178442 0.000000
vt -0.814685 0.179087 0.000000
vt -0.241236 0.256464 0.000000
vt -0.407811 0.199291 0.000000
vt -0.408886 0.256464 0.000000
vt -0.615009 0.256464 0.000000
vt -0.613505 0.181022 0.000000
vt -0.987708 0.178442 0.000000
vt -0.814685 0.179087 0.000000
vt -0.815759 0.256464 0.000000
vt -0.987708 0.256464 0.000000
vt -0.407811 0.199291 0.000000
vt -0.613505 0.181022 0.000000
vt -0.987708 0.178442 0.000000
vt -0.814685 0.179087 0.000000
vt -0.241236 0.256464 0.000000
vt -0.613505 0.181022 0.000000
vt -0.407811 0.199291 0.000000
vt -0.408886 0.256464 0.000000
vt -0.615009 0.256464 0.000000
vt -0.987708 0.178442 0.000000
vt -0.814685 0.179087 0.000000
vt -0.815759 0.256464 0.000000
vt -0.987708 0.256464 0.000000
vt -0.407811 0.199291 0.000000
vt -0.613505 0.181022 0.000000
vt -0.814685 0.179087 0.000000
vt -0.987708 0.178442 0.000000
vt -0.241236 0.256464 0.000000
vt -0.613505 0.181022 0.000000
vt -0.407811 0.199291 0.000000
vt -0.408886 0.256464 0.000000
vt -0.615009 0.256464 0.000000
vt -0.987708 0.178442 0.000000
vt -0.814685 0.179087 0.000000
vt -0.815759 0.256464 0.000000
vt -0.987708 0.256464 0.000000
vt -0.407811 0.199291 0.000000
vt -0.613505 0.181022 0.000000
vt -0.987708 0.178442 0.000000
vt -0.814685 0.179087 0.000000
vt -0.241236 0.256464 0.000000
vt -0.613505 0.181022 0.000000
vt -0.407811 0.199291 0.000000
vt -0.408886 0.256464 0.000000
vt -0.615009 0.256464 0.000000
vt -0.987708 0.178442 0.000000
vt -0.814685 0.179087 0.000000
vt -0.815759 0.256464 0.000000
vt -0.987708 0.256464 0.000000
vt -0.407811 0.199291 0.000000
vt -0.613505 0.181022 0.000000
vt -0.814685 0.179087 0.000000
vt -0.987708 0.178442 0.000000
vt -0.241236 0.256464 0.000000
vt -0.615009 0.256464 0.000000
vt -0.408886 0.256464 0.000000
vt -0.407811 0.199291 0.000000
vt -0.613505 0.181022 0.000000
vt -0.987708 0.178442 0.000000
vt -0.987708 0.256464 0.000000
vt -0.815759 0.256464 0.000000
vt -0.814685 0.179087 0.000000
vt -0.613505 0.181022 0.000000
vt -0.407811 0.199291 0.000000
vt -0.987708 0.178442 0.000000
vt -0.814685 0.179087 0.000000
vt -0.241236 0.256464 0.000000
vt -0.615009 0.256464 0.000000
vt -0.408886 0.256464 0.000000
vt -0.407811 0.199291 0.000000
vt -0.613505 0.181022 0.000000
vt -0.987708 0.256464 0.000000
vt -0.815759 0.256464 0.000000
vt -0.814685 0.179087 0.000000
vt -0.987708 0.178442 0.000000
vt -0.613505 0.181022 0.000000
vt -0.407811 0.199291 0.000000
vt -0.987708 0.178442 0.000000
vt -0.814685 0.179087 0.000000
vt -0.241236 0.256464 0.000000
vt -0.469093 0.595319 0.000000
vt -0.345754 0.671203 0.000000
vt -0.583102 0.679461 0.000000
vt -0.701137 0.617850 0.000000
vt -0.821654 0.613732 0.000000
vt -0.791927 0.542072 0.000000
vt -0.704395 0.541923 0.000000
vt -0.710530 0.670509 0.000000
vt -0.875061 0.634075 0.000000
vt -0.582966 0.614971 0.000000
vt -0.346226 0.592491 0.000000
vt -0.342962 0.538437 0.000000
vt -0.180918 0.541504 0.000000
vt -0.191954 0.603084 0.000000
vt -0.180918 0.541504 0.000000
vt -0.180918 0.541504 0.000000
vt -0.342962 0.538437 0.000000
vt -0.469093 0.595319 0.000000
vt -0.583102 0.679461 0.000000
vt -0.345754 0.671203 0.000000
vt -0.791927 0.542072 0.000000
vt -0.821654 0.613732 0.000000
vt -0.701137 0.617850 0.000000
vt -0.704395 0.541923 0.000000
vt -0.875061 0.634075 0.000000
vt -0.710530 0.670509 0.000000
vt -0.582966 0.614971 0.000000
vt -0.346226 0.592491 0.000000
vt -0.191955 0.603084 0.000000
vt -0.180918 0.541504 0.000000
vt -0.342962 0.538437 0.000000
vt -0.197766 0.663331 0.000000
vt -0.097341 0.583295 0.000000
vt -0.101770 0.613216 0.000000
vt -0.097341 0.583295 0.000000
vt -0.097341 0.583295 0.000000
vt -0.197766 0.663331 0.000000
vt -0.097341 0.583295 0.000000
vt -0.101770 0.613216 0.000000
vt -0.104832 0.649923 0.000000
vt -0.104832 0.649923 0.000000
vt -0.016325 0.632234 0.000000
vt -0.016325 0.632234 0.000000
vt -0.988122 0.557348 0.000000
vt -0.887182 0.540728 0.000000
vt -0.582318 0.542469 0.000000
vt -0.461151 0.541069 0.000000
vt -0.791927 0.542072 0.000000
vt -0.821654 0.613732 0.000000
vt -0.704395 0.541923 0.000000
vt -0.887182 0.540728 0.000000
vt -0.582318 0.542469 0.000000
vt -0.988122 0.557348 0.000000
vt -0.887182 0.540729 0.000000
vt -0.988122 0.557348 0.000000
vt -0.582318 0.542469 0.000000
vt -0.791927 0.542072 0.000000
vt -0.704395 0.541923 0.000000
vt -0.887182 0.540729 0.000000
vt -0.582318 0.542469 0.000000
vt -0.342962 0.538437 0.000000
vt -0.016325 0.632234 0.000000
vt -0.461151 0.541069 0.000000
vt -0.461151 0.541069 0.000000
vt -0.461151 0.541069 0.000000
vt -0.643811 0.418955 0.000000
vt -0.649399 0.368231 0.000000
vt -0.822852 0.371670 0.000000
vt -0.816619 0.418955 0.000000
vt -0.469283 0.418955 0.000000
vt -0.449079 0.380912 0.000000
vt -0.264879 0.418955 0.000000
vt -0.262944 0.381127 0.000000
vt -0.407166 0.316216 0.000000
vt -0.264234 0.348027 0.000000
vt -0.836178 0.329112 0.000000
vt -0.991147 0.327178 0.000000
vt -0.991147 0.376398 0.000000
vt -0.991147 0.418955 0.000000
vt -0.643811 0.418955 0.000000
vt -0.816619 0.418955 0.000000
vt -0.822852 0.371670 0.000000
vt -0.649399 0.368231 0.000000
vt -0.449079 0.380912 0.000000
vt -0.469283 0.418955 0.000000
vt -0.262944 0.381127 0.000000
vt -0.264879 0.418955 0.000000
vt -0.407166 0.316216 0.000000
vt -0.264234 0.348027 0.000000
vt -0.991147 0.376398 0.000000
vt -0.991147 0.327178 0.000000
vt -0.836178 0.329112 0.000000
vt -0.991147 0.418955 0.000000
vt -0.407166 0.316216 0.000000
vt -0.407166 0.316216 0.000000
vt -0.264234 0.348027 0.000000
vt -0.264234 0.348027 0.000000
vt -0.669603 0.284191 0.000000
vt -0.530540 0.310413 0.000000
vt -0.530540 0.310413 0.000000
vt -0.669603 0.284191 0.000000
vt -0.991147 0.327178 0.000000
vt -0.836178 0.329112 0.000000
vt -0.836178 0.329112 0.000000
vt -0.991147 0.327178 0.000000
vt -0.753858 0.314282 0.000000
vt -0.753858 0.314282 0.000000
vt -0.264234 0.348027 0.000000
vt -0.407166 0.316216 0.000000
vt -0.530540 0.310413 0.000000
vt -0.669603 0.284191 0.000000
vt -0.836178 0.329112 0.000000
vt -0.991147 0.327178 0.000000
vt -0.753858 0.314282 0.000000
vt -0.020712 0.418955 0.000000
vt -0.753858 0.314282 0.000000
vt -0.530540 0.310413 0.000000
vt -0.669603 0.284191 0.000000
vt -0.020712 0.418955 0.000000
vt -0.753858 0.314282 0.000000
vt -0.530540 0.310413 0.000000
vt -0.669603 0.284191 0.000000
vt -0.020712 0.418955 0.000000
usemtl Material_4
f 1281/1281 1282/1282 1283/1283
f 1283/1283 1284/1284 1281/1281
f 1285/1285 1286/1286 1287/1287
f 1287/1287 1288/1288 1285/1285
f 1289/1289 1283/1283 1282/1282
f 1282/1282 1290/1290 1289/1289
f 1291/1291 1287/1287 1286/1286
f 1286/1286 1292/1292 1291/1291
f 1284/1284 1283/1283 1286/1286
f 1286/1286 1285/1285 1284/1284
f 1292/1292 1286/1286 1283/1283
f 1283/1283 1289/1289 1292/1292
f 1281/1281 1293/1293 1282/1282
f 1293/1293 1290/1290 1282/1282
f 1294/1294 1295/1295 1296/1296
f 1296/1296 1297/1297 1294/1294
f 1298/1298 1299/1299 1300/1300
f 1300/1300 1301/1301 1298/1298
f 1302/1302 1303/1303 1297/1297
f 1297/1297 1296/1296 1302/1302
f 1304/1304 1301/1301 1300/1300
f 1300/1300 1305/1305 1304/1304
f 1299/1299 1294/1294 1297/1297
f 1297/1297 1300/1300 1299/1299
f 1303/1303 1305/1305 1300/1300
f 1300/1300 1297/1297 1303/1303
f 1295/1295 1306/1306 1296/1296
f 1306/1306 1302/1302 1296/1296
f 1307/1307 1308/1308 1309/1309
f 1309/1309 1310/1310 1307/1307
f 1311/1311 1312/1312 1313/1313
f 1313/1313 1314/1314 1311/1311
f 1315/1315 1316/1316 1310/1310
f 1310/1310 1309/1309 1315/1315
f 1317/1317 1314/1314 1313/1313
f 1313/1313 1318/1318 1317/1317
f 1312/1312 1307/1307 1310/1310
f 1310/1310 1313/1313 1312/1312
f 1316/1316 1318/1318 1313/1313
f 1313/1313 1310/1310 1316/1316
f 1308/1308 1319/1319 1309/1309
f 1319/1319 1315/1315 1309/1309
f 1320/1320 1321/1321 1322/1322
f 1322/1322 1323/1323 1320/1320
f 1324/1324 1325/1325 1326/1326
f 1326/1326 1327/1327 1324/1324
f 1328/1328 1322/1322 1321/1321
f 1321/1321 1329/1329 1328/1328
f 1330/1330 1326/1326 1325/1325
f 1325/1325 1331/1331 1330/1330
f 1323/1323 1322/1322 1325/1325
f 1325/1325 1324/1324 1323/1323
f 1331/1331 1325/1325 1322/1322
f 1322/1322 1328/1328 1331/1331
f 1320/1320 1332/1332 1321/1321
f 1332/1332 1329/1329 1321/1321
f 1333/1333 1334/1334 1335/1335
f 1335/1335 1336/1336 1333/1333
f 1337/1337 1338/1338 1339/1339
f 1339/1339 1340/1340 1337/1337
f 1341/1341 1342/1342 1336/1336
f 1336/1336 1335/1335 1341/1341
f 1343/1343 1344/1344 1340/1340
f 1340/1340 1339/1339 1343/1343
f 1338/1338 1333/1333 1336/1336
f 1336/1336 1339/1339 1338/1338
f 1342/1342 1343/1343 1339/1339
f 1339/1339 1336/1336 1342/1342
f 1334/1334 1345/1345 1335/1335
f 1345/1345 1341/1341 1335/1335
f 1346/1346 1347/1347 1348/1348
f 1348/1348 1349/1349 1346/1346
f 1350/1350 1351/1351 1352/1352
f 1352/1352 1353/1353 1350/1350
f 1354/1354 1355/1355 1348/1348
f 1348/1348 1347/1347 1354/1354
f 1356/1356 1353/1353 1352/1352
f 1352/1352 1357/1357 1356/1356
f 1349/1349 1348/1348 1352/1352
f 1352/1352 1351/1351 1349/1349
f 1357/1357 1352/1352 1348/1348
f 1348/1348 1355/1355 1357/1357
f 1346/1346 1358/1358 1347/1347
f 1358/1358 1354/1354 1347/1347
f 1359/1359 1360/1360 1361/1361
f 1361/1361 1362/1362 1359/1359
f 1363/1363 1364/1364 1365/1365
f 1365/1365 1366/1366 1363/1363
f 1367/1367 1360/1360 1359/1359
f 1359/1359 1368/1368 1367/1367
f 1364/1364 1363/1363 1369/1369
f 1369/1369 1370/1370 1364/1364
f 1364/1364 1359/1359 1362/1362
f 1362/1362 1365/1365 1364/1364
f 1359/1359 1364/1364 1370/1370
f 1370/1370 1368/1368 1359/1359
f 1361/1361 1360/1360 1371/1371
f 1371/1371 1360/1360 1367/1367
f 1372/1372 1373/1373 1374/1374
f 1374/1374 1375/1375 1372/1372
f 1376/1376 1377/1377 1378/1378
f 1378/1378 1379/1379 1376/1376
f 1373/1373 1372/1372 1380/1380
f 1380/1380 1381/1381 1373/1373
f 1377/1377 1376/1376 1382/1382
f 1382/1382 1383/1383 1377/1377
f 1377/1377 1372/1372 1375/1375
f 1375/1375 1378/1378 1377/1377
f 1372/1372 1377/1377 1383/1383
f 1383/1383 1380/1380 1372/1372
f 1374/1374 1373/1373 1384/1384
f 1384/1384 1373/1373 1381/1381
f 1385/1385 1386/1386 1387/1387
f 1387/1387 1388/1388 1385/1385
f 1389/1389 1390/1390 1391/1391
f 1391/1391 1392/1392 1389/1389
f 1393/1393 1386/1386 1385/1385
f 1385/1385 1394/1394 1393/1393
f 1390/1390 1389/1389 1395/1395
f 1395/1395 1396/1396 1390/1390
f 1390/1390 1385/1385 1388/1388
f 1388/1388 1391/1391 1390/1390
f 1385/1385 1390/1390 1396/1396
f 1396/1396 1394/1394 1385/1385
f 1387/1387 1386/1386 1397/1397
f 1397/1397 1386/1386 1393/1393
f 1398/1398 1399/1399 1400/1400
f 1400/1400 1401/1401 1398/1398
f 1402/1402 1403/1403 1404/1404
f 1404/1404 1405/1405 1402/1402
f 1406/1406 1399/1399 1398/1398
f 1398/1398 1407/1407 1406/1406
f 1403/1403 1402/1402 1408/1408
f 1408/1408 1409/1409 1403/1403
f 1403/1403 1398/1398 1401/1401
f 1401/1401 1404/1404 1403/1403
f 1398/1398 1403/1403 1409/1409
f 1409/1409 1407/1407 1398/1398
f 1400/1400 1399/1399 1410/1410
f 1410/1410 1399/1399 1406/1406
f 1411/1411 1412/1412 1413/1413
f 1413/1413 1414/1414 1411/1411
f 1415/1415 1416/1416 1417/1417
f 1417/1417 1418/1418 1415/1415
f 1419/1419 1412/1412 1411/1411
f 1411/1411 1420/1420 1419/1419
f 1417/1417 1416/1416 1421/1421
f 1421/1421 1422/1422 1417/1417
f 1418/1418 1417/1417 1411/1411
f 1411/1411 1414/1414 1418/1418
f 1420/1420 1411/1411 1417/1417
f 1417/1417 1422/1422 1420/1420
f 1413/1413 1412/1412 1423/1423
f 1423/1423 1412/1412 1419/1419
f 1424/1424 1425/1425 1426/1426
f 1426/1426 1427/1427 1424/1424
f 1428/1428 1429/1429 1430/1430
f 1430/1430 1431/1431 1428/1428
f 1432/1432 1426/1426 1425/1425
f 1425/1425 1433/1433 1432/1432
f 1434/1434 1430/1430 1429/1429
f 1429/1429 1435/1435 1434/1434
f 1431/1431 1430/1430 1425/1425
f 1425/1425 1424/1424 1431/1431
f 1433/1433 1425/1425 1430/1430
f 1430/1430 1434/1434 1433/1433
f 1427/1427 1426/1426 1436/1436
f 1436/1436 1426/1426 1432/1432
f 1437/1437 1438/1438 1439/1439
f 1439/1439 1440/1440 1437/1437
f 1441/1441 1442/1442 1443/1443
f 1443/1443 1444/1444 1441/1441
f 1445/1445 1439/1439 1438/1438
f 1438/1438 1446/1446 1445/1445
f 1443/1443 1442/1442 1447/1447
f 1447/1447 1448/1448 1443/1443
f 1444/1444 1443/1443 1438/1438
f 1438/1438 1437/1437 1444/1444
f 1446/1446 1438/1438 1443/1443
f 1443/1443 1448/1448 1446/1446
f 1440/1440 1439/1439 1449/1449
f 1449/1449 1439/1439 1445/1445
f 1450/1450 1451/1451 1452/1452
f 1452/1452 1453/1453 1450/1450
f 1454/1454 1455/1455 1456/1456
f 1456/1456 1457/1457 1454/1454
f 1458/1458 1452/1452 1451/1451
f 1451/1451 1459/1459 1458/1458
f 1460/1460 1456/1456 1455/1455
f 1455/1455 1461/1461 1460/1460
f 1457/1457 1456/1456 1451/1451
f 1451/1451 1450/1450 1457/1457
f 1459/1459 1451/1451 1456/1456
f 1456/1456 1460/1460 1459/1459
f 1453/1453 1452/1452 1462/1462
f 1462/1462 1452/1452 1458/1458
f 1463/1463 1464/1464 1465/1465
f 1465/1465 1466/1466 1463/1463
f 1467/1467 1468/1468 1469/1469
f 1469/1469 1470/1470 1467/1467
f 1471/1471 1465/1465 1464/1464
f 1464/1464 1472/1472 1471/1471
f 1473/1473 1470/1470 1469/1469
f 1469/1469 1474/1474 1473/1473
f 1466/1466 1465/1465 1469/1469
f 1469/1469 1468/1468 1466/1466
f 1474/1474 1469/1469 1465/1465
f 1465/1465 1471/1471 1474/1474
f 1463/1463 1475/1475 1464/1464
f 1475/1475 1472/1472 1464/1464
f 1476/1476 1477/1477 1478/1478
f 1478/1478 1479/1479 1476/1476
f 1480/1480 1481/1481 1482/1482
f 1482/1482 1483/1483 1480/1480
f 1484/1484 1478/1478 1477/1477
f 1477/1477 1485/1485 1484/1484
f 1486/1486 1482/1482 1481/1481
f 1481/1481 1487/1487 1486/1486
f 1479/1479 1478/1478 1481/1481
f 1481/1481 1480/1480 1479/1479
f 1487/1487 1481/1481 1478/1478
f 1478/1478 1484/1484 1487/1487
f 1476/1476 1488/1488 1477/1477
f 1488/1488 1485/1485 1477/1477
f 1489/1489 1490/1490 1491/1491
f 1492/1492 1493/1493 1494/1494
f 1494/1494 1495/1495 1492/1492
f 1494/1494 1493/1493 1496/1496
f 1496/1496 1497/1497 1494/1494
f 1497/1497 1490/1490 1498/1498
f 1498/1498 1494/1494 1497/1497
f 1499/1499 1500/1500 1501/1501
f 1501/1501 1502/1502 1499/1499
f 1503/1503 1504/1504 1505/1505
f 1506/1506 1507/1507 1508/1508
f 1509/1509 1510/1510 1511/1511
f 1511/1511 1512/1512 1509/1509
f 1509/1509 1513/1513 1514/1514
f 1514/1514 1510/1510 1509/1509
f 1513/1513 1509/1509 1515/1515
f 1515/1515 1508/1508 1513/1513
f 1516/1516 1517/1517 1518/1518
f 1518/1518 1519/1519 1516/1516
f 1502/1502 1501/1501 1491/1491
f 1491/1491 1520/1520 1502/1502
f 1502/1502 1521/1521 1522/1522
f 1522/1522 1499/1499 1502/1502
f 1505/1505 1523/1523 1524/1524
f 1524/1524 1503/1503 1505/1505
f 1519/1519 1525/1525 1507/1507
f 1507/1507 1516/1516 1519/1519
f 1519/1519 1518/1518 1526/1526
f 1526/1526 1527/1527 1519/1519
f 1520/1520 1528/1528 1521/1521
f 1521/1521 1502/1502 1520/1520
f 1527/1527 1529/1529 1525/1525
f 1525/1525 1519/1519 1527/1527
f 1524/1524 1523/1523 1530/1530
f 1527/1527 1526/1526 1531/1531
f 1527/1527 1531/1531 1529/1529
f 1493/1493 1532/1532 1533/1533
f 1496/1496 1493/1493 1533/1533
f 1492/1492 1532/1532 1493/1493
f 1495/1495 1498/1498 1534/1534
f 1498/1498 1490/1490 1489/1489
f 1494/1494 1498/1498 1495/1495
f 1535/1535 1534/1534 1498/1498
f 1498/1498 1489/1489 1535/1535
f 1489/1489 1491/1491 1501/1501
f 1536/1536 1537/1537 1538/1538
f 1539/1539 1536/1536 1538/1538
f 1537/1537 1540/1540 1538/1538
f 1539/1539 1538/1538 1541/1541
f 1510/1510 1542/1542 1543/1543
f 1514/1514 1542/1542 1510/1510
f 1511/1511 1510/1510 1543/1543
f 1512/1512 1544/1544 1515/1515
f 1515/1515 1506/1506 1508/1508
f 1509/1509 1512/1512 1515/1515
f 1506/1506 1516/1516 1507/1507
f 1545/1545 1538/1538 1546/1546
f 1547/1547 1538/1538 1545/1545
f 1546/1546 1538/1538 1548/1548
f 1547/1547 1541/1541 1538/1538
f 1504/1504 1549/1549 1505/1505
f 1550/1550 1522/1522 1521/1521
f 1521/1521 1528/1528 1550/1550
f 1517/1517 1516/1516 1506/1506
f 1506/1506 1551/1551 1517/1517
f 1551/1551 1506/1506 1515/1515
f 1515/1515 1544/1544 1551/1551
f 1500/1500 1535/1535 1489/1489
f 1489/1489 1501/1501 1500/1500
f 1538/1538 1540/1540 1552/1552
f 1552/1552 1548/1548 1538/1538
f 1553/1553 1548/1548 1552/1552
f 1553/1553 1552/1552 1549/1549
f 1504/1504 1553/1553 1549/1549
f 1554/1554 1555/1555 1556/1556
f 1556/1556 1557/1557 1554/1554
f 1557/1557 1558/1558 1559/1559
f 1559/1559 1554/1554 1557/1557
f 1558/1558 1560/1560 1561/1561
f 1561/1561 1559/1559 1558/1558
f 1562/1562 1563/1563 1560/1560
f 1560/1560 1558/1558 1562/1562
f 1564/1564 1565/1565 1556/1556
f 1556/1556 1566/1566 1564/1564
f 1566/1566 1556/1556 1555/1555
f 1555/1555 1567/1567 1566/1566
f 1568/1568 1569/1569 1570/1570
f 1570/1570 1571/1571 1568/1568
f 1572/1572 1573/1573 1569/1569
f 1569/1569 1568/1568 1572/1572
f 1573/1573 1572/1572 1574/1574
f 1574/1574 1575/1575 1573/1573
f 1576/1576 1573/1573 1575/1575
f 1575/1575 1577/1577 1576/1576
f 1578/1578 1570/1570 1579/1579
f 1579/1579 1580/1580 1578/1578
f 1581/1581 1571/1571 1570/1570
f 1570/1570 1578/1578 1581/1581
f 1582/1582 1583/1583 1584/1584
f 1584/1584 1585/1585 1582/1582
f 1586/1586 1587/1587 1588/1588
f 1588/1588 1589/1589 1586/1586
f 1586/1586 1582/1582 1585/1585
f 1585/1585 1587/1587 1586/1586
f 1590/1590 1591/1591 1592/1592
f 1592/1592 1593/1593 1590/1590
f 1589/1589 1588/1588 1594/1594
f 1594/1594 1595/1595 1589/1589
f 1595/1595 1594/1594 1591/1591
f 1591/1591 1590/1590 1595/1595
f 1596/1596 1597/1597 1598/1598
f 1599/1599 1600/1600 1601/1601
f 1589/1589 1602/1602 1603/1603
f 1603/1603 1586/1586 1589/1589
f 1604/1604 1605/1605 1606/1606
f 1607/1607 1608/1608 1609/1609
f 1610/1610 1611/1611 1612/1612
f 1613/1613 1614/1614 1615/1615
f 1595/1595 1616/1616 1602/1602
f 1602/1602 1589/1589 1595/1595
f 1590/1590 1617/1617 1616/1616
f 1616/1616 1595/1595 1590/1590
f 1561/1561 1560/1560 1618/1618
f 1556/1556 1619/1619 1557/1557
f 1557/1557 1620/1620 1558/1558
f 1560/1560 1563/1563 1618/1618
f 1557/1557 1621/1621 1620/1620
f 1620/1620 1562/1562 1558/1558
f 1619/1619 1621/1621 1557/1557
f 1556/1556 1565/1565 1619/1619
f 1574/1574 1622/1622 1575/1575
f 1570/1570 1569/1569 1623/1623
f 1569/1569 1573/1573 1624/1624
f 1575/1575 1622/1622 1577/1577
f 1569/1569 1624/1624 1625/1625
f 1624/1624 1573/1573 1576/1576
f 1623/1623 1569/1569 1625/1625
f 1570/1570 1623/1623 1579/1579
f 1626/1626 1584/1584 1583/1583
f 1627/1627 1626/1626 1583/1583
f 1628/1628 1629/1629 1630/1630
f 1630/1630 1631/1631 1628/1628
f 1632/1632 1633/1633 1634/1634
f 1634/1634 1635/1635 1632/1632
f 1629/1629 1628/1628 1636/1636
f 1636/1636 1637/1637 1629/1629
f 1633/1633 1632/1632 1638/1638
f 1638/1638 1639/1639 1633/1633
f 1633/1633 1628/1628 1631/1631
f 1631/1631 1634/1634 1633/1633
f 1628/1628 1633/1633 1639/1639
f 1639/1639 1636/1636 1628/1628
f 1630/1630 1629/1629 1640/1640
f 1640/1640 1629/1629 1637/1637
f 1641/1641 1642/1642 1643/1643
f 1643/1643 1644/1644 1641/1641
f 1645/1645 1646/1646 1647/1647
f 1647/1647 1648/1648 1645/1645
f 1649/1649 1643/1643 1642/1642
f 1642/1642 1650/1650 1649/1649
f 1647/1647 1646/1646 1651/1651
f 1651/1651 1652/1652 1647/1647
f 1648/1648 1647/1647 1642/1642
f 1642/1642 1641/1641 1648/1648
f 1650/1650 1642/1642 1647/1647
f 1647/1647 1652/1652 1650/1650
f 1644/1644 1643/1643 1653/1653
f 1653/1653 1643/1643 1649/1649
f 1654/1654 1655/1655 1656/1656
f 1656/1656 1657/1657 1654/1654
f 1658/1658 1659/1659 1660/1660
f 1660/1660 1661/1661 1658/1658
f 1662/1662 1656/1656 1655/1655
f 1655/1655 1663/1663 1662/1662
f 1660/1660 1659/1659 1664/1664
f 1664/1664 1665/1665 1660/1660
f 1661/1661 1660/1660 1655/1655
f 1655/1655 1654/1654 1661/1661
f 1663/1663 1655/1655 1660/1660
f 1660/1660 1665/1665 1663/1663
f 1657/1657 1656/1656 1666/1666
f 1666/1666 1656/1656 1662/1662
f 1667/1667 1668/1668 1669/1669
f 1669/1669 1670/1670 1667/1667
f 1671/1671 1672/1672 1673/1673
f 1673/1673 1674/1674 1671/1671
f 1668/1668 1667/1667 1675/1675
f 1675/1675 1676/1676 1668/1668
f 1672/1672 1671/1671 1677/1677
f 1677/1677 1678/1678 1672/1672
f 1672/1672 1667/1667 1670/1670
f 1670/1670 1673/1673 1672/1672
f 1667/1667 1672/1672 1678/1678
f 1678/1678 1675/1675 1667/1667
f 1669/1669 1668/1668 1679/1679
f 1679/1679 1668/1668 1676/1676
f 1680/1680 1681/1681 1682/1682
f 1682/1682 1683/1683 1680/1680
f 1684/1684 1685/1685 1686/1686
f 1686/1686 1687/1687 1684/1684
f 1688/1688 1682/1682 1681/1681
f 1681/1681 1689/1689 1688/1688
f 1690/1690 1686/1686 1685/1685
f 1685/1685 1691/1691 1690/1690
f 1687/1687 1686/1686 1681/1681
f 1681/1681 1680/1680 1687/1687
f 1689/1689 1681/1681 1686/1686
f 1686/1686 1690/1690 1689/1689
f 1683/1683 1682/1682 1692/1692
f 1692/1692 1682/1682 1688/1688
f 1693/1693 1694/1694 1695/1695
f 1695/1695 1696/1696 1693/1693
f 1697/1697 1698/1698 1699/1699
f 1699/1699 1700/1700 1697/1697
f 1701/1701 1694/1694 1693/1693
f 1693/1693 1702/1702 1701/1701
f 1699/1699 1698/1698 1703/1703
f 1703/1703 1704/1704 1699/1699
f 1699/1699 1693/1693 1696/1696
f 1696/1696 1700/1700 1699/1699
f 1693/1693 1699/1699 1704/1704
f 1704/1704 1702/1702 1693/1693
f 1695/1695 1694/1694 1705/1705
f 1705/1705 1694/1694 1701/1701
f 1706/1706 1707/1707 1708/1708
f 1708/1708 1709/1709 1706/1706
f 1710/1710 1711/1711 1712/1712
f 1712/1712 1713/1713 1710/1710
f 1714/1714 1715/1715 1708/1708
f 1708/1708 1707/1707 1714/1714
f 1716/1716 1712/1712 1711/1711
f 1711/1711 1717/1717 1716/1716
f 1709/1709 1708/1708 1711/1711
f 1711/1711 1710/1710 1709/1709
f 1717/1717 1711/1711 1708/1708
f 1708/1708 1715/1715 1717/1717
f 1706/1706 1718/1718 1707/1707
f 1718/1718 1714/1714 1707/1707
f 1719/1719 1720/1720 1721/1721
f 1721/1721 1722/1722 1719/1719
f 1723/1723 1724/1724 1725/1725
f 1725/1725 1726/1726 1723/1723
f 1727/1727 1721/1721 1720/1720
f 1720/1720 1728/1728 1727/1727
f 1729/1729 1725/1725 1724/1724
f 1724/1724 1730/1730 1729/1729
f 1722/1722 1721/1721 1724/1724
f 1724/1724 1723/1723 1722/1722
f 1730/1730 1724/1724 1721/1721
f 1721/1721 1727/1727 1730/1730
f 1719/1719 1731/1731 1720/1720
f 1731/1731 1728/1728 1720/1720
f 1732/1732 1733/1733 1734/1734
f 1734/1734 1735/1735 1732/1732
f 1736/1736 1737/1737 1738/1738
f 1738/1738 1739/1739 1736/1736
f 1740/1740 1741/1741 1734/1734
f 1734/1734 1733/1733 1740/1740
f 1742/1742 1738/1738 1737/1737
f 1737/1737 1743/1743 1742/1742
f 1735/1735 1734/1734 1737/1737
f 1737/1737 1736/1736 1735/1735
f 1743/1743 1737/1737 1734/1734
f 1734/1734 1741/1741 1743/1743
f 1732/1732 1744/1744 1733/1733
f 1744/1744 1740/1740 1733/1733
f 1745/1745 1746/1746 1747/1747
f 1747/1747 1748/1748 1745/1745
f 1749/1749 1750/1750 1751/1751
f 1751/1751 1752/1752 1749/1749
f 1753/1753 1754/1754 1747/1747
f 1747/1747 1746/1746 1753/1753
f 1755/1755 1751/1751 1750/1750
f 1750/1750 1756/1756 1755/1755
f 1748/1748 1747/1747 1750/1750
f 1750/1750 1749/1749 1748/1748
f 1756/1756 1750/1750 1747/1747
f 1747/1747 1754/1754 1756/1756
f 1745/1745 1757/1757 1746/1746
f 1757/1757 1753/1753 1746/1746
f 1758/1758 1759/1759 1760/1760
f 1760/1760 1761/1761 1758/1758
f 1762/1762 1763/1763 1764/1764
f 1764/1764 1765/1765 1762/1762
f 1766/1766 1767/1767 1760/1760
f 1760/1760 1759/1759 1766/1766
f 1768/1768 1765/1765 1764/1764
f 1764/1764 1769/1769 1768/1768
f 1763/1763 1761/1761 1760/1760
f 1760/1760 1764/1764 1763/1763
f 1767/1767 1769/1769 1764/1764
f 1764/1764 1760/1760 1767/1767
f 1758/1758 1770/1770 1759/1759
f 1770/1770 1766/1766 1759/1759
f 1771/1771 1772/1772 1773/1773
f 1773/1773 1774/1774 1771/1771
f 1775/1775 1776/1776 1777/1777
f 1777/1777 1778/1778 1775/1775
f 1779/1779 1780/1780 1774/1774
f 1774/1774 1773/1773 1779/1779
f 1781/1781 1782/1782 1778/1778
f 1778/1778 1777/1777 1781/1781
f 1776/1776 1771/1771 1774/1774
f 1774/1774 1777/1777 1776/1776
f 1780/1780 1781/1781 1777/1777
f 1777/1777 1774/1774 1780/1780
f 1772/1772 1783/1783 1773/1773
f 1783/1783 1779/1779 1773/1773
f 1784/1784 1785/1785 1786/1786
f 1786/1786 1787/1787 1784/1784
f 1788/1788 1789/1789 1790/1790
f 1790/1790 1791/1791 1788/1788
f 1792/1792 1793/1793 1787/1787
f 1787/1787 1786/1786 1792/1792
f 1794/1794 1791/1791 1790/1790
f 1790/1790 1795/1795 1794/1794
f 1789/1789 1784/1784 1787/1787
f 1787/1787 1790/1790 1789/1789
f 1793/1793 1795/1795 1790/1790
f 1790/1790 1787/1787 1793/1793
f 1785/1785 1796/1796 1786/1786
f 1796/1796 1792/1792 1786/1786
f 1797/1797 1798/1798 1799/1799
f 1799/1799 1800/1800 1797/1797
f 1801/1801 1802/1802 1803/1803
f 1803/1803 1804/1804 1801/1801
f 1805/1805 1806/1806 1800/1800
f 1800/1800 1799/1799 1805/1805
f 1807/1807 1808/1808 1804/1804
f 1804/1804 1803/1803 1807/1807
f 1802/1802 1797/1797 1800/1800
f 1800/1800 1803/1803 1802/1802
f 1806/1806 1807/1807 1803/1803
f 1803/1803 1800/1800 1806/1806
f 1798/1798 1809/1809 1799/1799
f 1809/1809 1805/1805 1799/1799
f 1810/1810 1811/1811 1812/1812
f 1812/1812 1813/1813 1810/1810
f 1814/1814 1815/1815 1816/1816
f 1816/1816 1817/1817 1814/1814
f 1811/1811 1810/1810 1818/1818
f 1818/1818 1819/1819 1811/1811
f 1816/1816 1815/1815 1820/1820
f 1820/1820 1821/1821 1816/1816
f 1816/1816 1810/1810 1813/1813
f 1813/1813 1817/1817 1816/1816
f 1810/1810 1816/1816 1821/1821
f 1821/1821 1818/1818 1810/1810
f 1812/1812 1811/1811 1822/1822
f 1822/1822 1811/1811 1819/1819
f 1823/1823 1824/1824 1825/1825
f 1825/1825 1826/1826 1823/1823
f 1827/1827 1828/1828 1829/1829
f 1829/1829 1830/1830 1827/1827
f 1824/1824 1823/1823 1831/1831
f 1831/1831 1832/1832 1824/1824
f 1828/1828 1827/1827 1833/1833
f 1833/1833 1834/1834 1828/1828
f 1828/1828 1823/1823 1826/1826
f 1826/1826 1829/1829 1828/1828
f 1823/1823 1828/1828 1834/1834
f 1834/1834 1831/1831 1823/1823
f 1825/1825 1824/1824 1835/1835
f 1835/1835 1824/1824 1832/1832
f 1836/1836 1837/1837 1838/1838
f 1839/1839 1840/1840 1841/1841
f 1841/1841 1842/1842 1839/1839
f 1839/1839 1843/1843 1844/1844
f 1844/1844 1840/1840 1839/1839
f 1843/1843 1839/1839 1845/1845
f 1845/1845 1838/1838 1843/1843
f 1846/1846 1847/1847 1848/1848
f 1848/1848 1849/1849 1846/1846
f 1850/1850 1851/1851 1852/1852
f 1853/1853 1854/1854 1855/1855
f 1856/1856 1857/1857 1858/1858
f 1858/1858 1859/1859 1856/1856
f 1858/1858 1857/1857 1860/1860
f 1860/1860 1861/1861 1858/1858
f 1861/1861 1854/1854 1862/1862
f 1862/1862 1858/1858 1861/1861
f 1863/1863 1864/1864 1865/1865
f 1865/1865 1866/1866 1863/1863
f 1837/1837 1846/1846 1849/1849
f 1849/1849 1867/1867 1837/1837
f 1868/1868 1869/1869 1849/1849
f 1849/1849 1848/1848 1868/1868
f 1870/1870 1871/1871 1851/1851
f 1851/1851 1850/1850 1870/1870
f 1864/1864 1863/1863 1855/1855
f 1855/1855 1872/1872 1864/1864
f 1873/1873 1865/1865 1864/1864
f 1864/1864 1874/1874 1873/1873
f 1867/1867 1849/1849 1869/1869
f 1869/1869 1875/1875 1867/1867
f 1872/1872 1876/1876 1874/1874
f 1874/1874 1864/1864 1872/1872
f 1870/1870 1877/1877 1871/1871
f 1874/1874 1878/1878 1873/1873
f 1874/1874 1876/1876 1878/1878
f 1840/1840 1879/1879 1880/1880
f 1844/1844 1879/1879 1840/1840
f 1841/1841 1840/1840 1880/1880
f 1842/1842 1881/1881 1845/1845
f 1845/1845 1836/1836 1838/1838
f 1839/1839 1842/1842 1845/1845
f 1882/1882 1836/1836 1845/1845
f 1845/1845 1881/1881 1882/1882
f 1836/1836 1846/1846 1837/1837
f 1883/1883 1884/1884 1885/1885
f 1886/1886 1884/1884 1883/1883
f 1885/1885 1884/1884 1887/1887
f 1886/1886 1888/1888 1884/1884
f 1857/1857 1889/1889 1890/1890
f 1860/1860 1857/1857 1890/1890
f 1856/1856 1889/1889 1857/1857
f 1859/1859 1862/1862 1891/1891
f 1862/1862 1854/1854 1853/1853
f 1858/1858 1862/1862 1859/1859
f 1853/1853 1855/1855 1863/1863
f 1892/1892 1893/1893 1884/1884
f 1894/1894 1892/1892 1884/1884
f 1893/1893 1895/1895 1884/1884
f 1894/1894 1884/1884 1888/1888
f 1852/1852 1851/1851 1896/1896
f 1897/1897 1869/1869 1868/1868
f 1869/1869 1897/1897 1875/1875
f 1853/1853 1863/1863 1866/1866
f 1866/1866 1898/1898 1853/1853
f 1862/1862 1853/1853 1898/1898
f 1898/1898 1891/1891 1862/1862
f 1847/1847 1846/1846 1836/1836
f 1836/1836 1882/1882 1847/1847
f 1884/1884 1899/1899 1887/1887
f 1899/1899 1884/1884 1895/1895
f 1900/1900 1899/1899 1895/1895
f 1900/1900 1896/1896 1899/1899
f 1852/1852 1896/1896 1900/1900
f 1901/1901 1902/1902 1903/1903
f 1903/1903 1904/1904 1901/1901
f 1905/1905 1906/1906 1902/1902
f 1902/1902 1901/1901 1905/1905
f 1906/1906 1905/1905 1907/1907
f 1907/1907 1908/1908 1906/1906
f 1909/1909 1906/1906 1908/1908
f 1908/1908 1910/1910 1909/1909
f 1903/1903 1911/1911 1912/1912
f 1912/1912 1913/1913 1903/1903
f 1904/1904 1903/1903 1913/1913
f 1913/1913 1914/1914 1904/1904
f 1915/1915 1916/1916 1917/1917
f 1917/1917 1918/1918 1915/1915
f 1918/1918 1919/1919 1920/1920
f 1920/1920 1915/1915 1918/1918
f 1919/1919 1921/1921 1922/1922
f 1922/1922 1920/1920 1919/1919
f 1923/1923 1924/1924 1921/1921
f 1921/1921 1919/1919 1923/1923
f 1925/1925 1926/1926 1927/1927
f 1927/1927 1917/1917 1925/1925
f 1928/1928 1925/1925 1917/1917
f 1917/1917 1916/1916 1928/1928
f 1929/1929 1930/1930 1931/1931
f 1931/1931 1932/1932 1929/1929
f 1933/1933 1934/1934 1935/1935
f 1935/1935 1936/1936 1933/1933
f 1935/1935 1934/1934 1930/1930
f 1930/1930 1929/1929 1935/1935
f 1937/1937 1938/1938 1939/1939
f 1939/1939 1940/1940 1937/1937
f 1941/1941 1933/1933 1936/1936
f 1936/1936 1942/1942 1941/1941
f 1938/1938 1941/1941 1942/1942
f 1942/1942 1939/1939 1938/1938
f 1943/1943 1944/1944 1929/1929
f 1929/1929 1932/1932 1943/1943
f 1945/1945 1946/1946 1936/1936
f 1936/1936 1935/1935 1945/1945
f 1944/1944 1945/1945 1935/1935
f 1935/1935 1929/1929 1944/1944
f 1947/1947 1948/1948 1940/1940
f 1940/1940 1939/1939 1947/1947
f 1946/1946 1949/1949 1942/1942
f 1942/1942 1936/1936 1946/1946
f 1949/1949 1947/1947 1939/1939
f 1939/1939 1942/1942 1949/1949
f 1907/1907 1950/1950 1908/1908
f 1903/1903 1902/1902 1951/1951
f 1902/1902 1906/1906 1952/1952
f 1908/1908 1950/1950 1910/1910
f 1902/1902 1952/1952 1953/1953
f 1952/1952 1906/1906 1909/1909
f 1951/1951 1902/1902 1953/1953
f 1903/1903 1951/1951 1911/1911
f 1922/1922 1921/1921 1954/1954
f 1917/1917 1955/1955 1918/1918
f 1918/1918 1956/1956 1919/1919
f 1921/1921 1924/1924 1954/1954
f 1918/1918 1957/1957 1956/1956
f 1956/1956 1923/1923 1919/1919
f 1955/1955 1957/1957 1918/1918
f 1917/1917 1927/1927 1955/1955
f 1958/1958 1932/1932 1931/1931
f 1943/1943 1932/1932 1958/1958

g ts_wing01
v 101.313900 115.865300 211.197100
v 130.872700 134.681500 234.589000
v 117.740000 135.807200 239.420600
v 95.298260 121.119000 218.673700
v 175.379500 162.634000 257.641200
v 183.140400 162.635900 269.922100
v 170.192600 160.115900 276.489300
v 160.595400 157.412000 270.233500
v 149.587100 146.961100 244.642100
v 136.787300 146.401400 253.620100
v 163.975900 156.662800 251.032000
v 148.144900 152.699900 262.131900
v 92.618750 125.283100 211.789600
v 116.853000 149.890000 234.980700
v 171.700800 172.012300 271.323300
v 162.468900 174.924800 264.531100
v 134.372300 164.513700 244.530400
v 150.143200 174.714500 254.666800
v 185.476300 164.994900 288.755500
v 99.507280 113.041600 212.514800
v 141.409500 139.430800 248.165700
v 120.558900 128.086300 261.342300
v 90.445580 109.352300 224.303200
v 200.322800 158.976500 309.239700
v 205.938200 157.986500 329.999800
v 187.407200 149.565500 336.486100
v 173.809200 148.112500 319.029600
v 168.307800 152.006100 269.666900
v 143.215400 138.491900 285.244200
v 187.950500 158.732400 287.847700
v 157.339900 143.260200 300.478100
v 88.508870 122.250100 214.213600
v 124.598000 162.322500 246.746800
v 192.210800 172.287500 334.186800
v 182.183800 178.421400 310.889900
v 147.321700 177.456400 266.724600
v 166.375000 182.604400 287.359700
v 206.698400 145.852900 367.485200
v 119.369500 129.569900 194.447000
v 111.522900 137.625000 205.832300
v 95.935970 129.349700 200.305900
v 99.647870 122.357000 191.147700
v 185.088900 182.549900 178.248000
v 198.349500 190.531800 182.924600
v 188.855700 191.601000 200.324400
v 173.102300 182.546000 206.090100
v 143.213300 147.906900 192.747600
v 134.294000 155.288800 212.479600
v 164.653300 167.050200 186.394200
v 156.019600 172.304000 210.873800
v 105.563600 150.589600 193.648300
v 91.074620 131.672800 191.635500
v 170.934100 200.971600 177.684000
v 187.327300 204.023300 179.742800
v 127.437500 170.870200 189.515400
v 153.930800 194.751800 181.875900
v 215.505400 209.453400 188.782200
v 101.070000 122.916200 199.639900
v 117.179700 128.066700 205.572000
v 108.925600 133.085300 215.193800
v 96.588650 127.303200 207.609500
v 168.993400 171.025000 207.509300
v 182.280200 178.954200 211.783800
v 170.729700 176.074700 229.650200
v 157.682200 169.013200 230.791200
v 136.761500 142.598100 209.014400
v 126.696400 146.024200 225.918000
v 154.532200 158.763200 208.742400
v 144.190100 159.647900 229.841700
v 104.932700 145.363400 205.712900
v 92.633710 132.606700 200.072700
v 159.234600 187.448800 210.225800
v 170.226400 187.762500 212.865200
v 122.923000 161.708900 207.577900
v 144.498700 181.247000 207.934400
v 188.678500 186.200200 228.467500
v 97.905650 105.339200 154.626600
v 108.115600 125.987200 163.106200
v 99.331610 118.639300 167.709600
v 90.477860 102.405600 159.308300
v 118.965000 122.878900 125.512600
v 123.853900 132.708800 126.559700
v 121.004000 131.839900 135.742900
v 112.039500 116.861500 130.141100
v 103.015000 108.497400 147.360700
v 116.432400 132.395900 152.556300
v 119.530600 132.821700 143.137600
v 107.122700 112.068500 138.430200
v 93.392540 115.690400 151.243200
v 87.660670 108.830600 157.958600
v 115.308800 129.109800 123.106000
v 108.751300 126.473900 127.775300
v 97.587510 119.422600 143.211600
v 102.914300 123.980100 132.247700
v 128.174800 134.335200 118.491600
v 111.658800 124.218000 171.767700
v 109.900400 135.700100 182.569400
v 96.163970 127.533300 181.843600
v 98.815250 121.506700 173.474500
v 155.627400 150.092400 140.122500
v 170.371400 159.768300 137.278100
v 170.964700 171.919100 146.873100
v 159.834500 169.886200 161.317300
v 128.062400 133.533300 163.099000
v 127.579500 149.684100 178.110100
v 144.924100 162.197300 169.678100
v 138.390700 137.418300 149.837600
v 101.379300 142.949100 169.510500
v 91.600980 131.911600 173.342600
v 146.166700 166.308100 138.893800
v 162.067700 171.064800 134.128600
v 116.223000 153.595200 159.127500
v 130.941800 160.486900 143.418500
v 187.495700 176.645300 132.689300
v 70.949850 77.897970 143.584700
v 77.371490 92.121620 154.512900
v 70.625540 87.008830 156.468000
v 65.451650 76.504330 147.146400
v 95.564980 100.319700 124.419900
v 98.655200 108.579000 128.446400
v 93.210930 103.696500 134.178600
v 88.657240 93.650090 126.052500
v 77.868530 83.219970 138.331500
v 85.516540 99.404650 147.721500
v 89.490200 101.547000 139.465100
v 82.916910 87.798320 130.803800
v 67.418870 87.386990 142.255000
v 63.044450 82.119260 146.838300
v 92.563290 105.917400 122.969200
v 85.697380 101.974200 125.441400
v 73.687930 93.410170 136.313500
v 80.302350 99.385850 127.642000
v 104.994200 114.027700 124.144300
v 106.190600 120.307800 161.647000
v 109.582200 133.220300 170.069100
v 98.221670 123.730900 172.911200
v 96.679150 117.109800 166.206100
v 141.108000 140.572900 130.772900
v 144.408100 149.917800 134.438100
v 136.679800 146.765500 143.685600
v 131.746600 134.048700 135.046600
v 114.267300 123.212200 151.660600
v 123.175300 142.896000 161.119700
v 131.185400 145.818800 151.570200
v 122.719100 127.800200 141.944100
v 100.548400 131.160300 159.832600
v 92.841650 123.476900 165.881000
v 136.515100 147.091300 129.112800
v 126.946900 143.849200 134.194100
v 107.731100 134.907700 149.077800
v 118.312400 140.750900 137.416400
v 153.297100 153.499400 126.679500
v 131.531800 136.542800 225.418300
v 121.682600 139.203700 234.567200
v 96.691430 121.346800 214.598100
v 102.255100 118.227400 206.860500
v 183.199600 174.994000 231.372500
v 194.476200 180.783800 240.071200
v 182.995800 177.097500 252.660500
v 170.061400 169.891600 252.159100
v 151.931700 152.044500 230.755500
v 139.602700 150.950600 246.819100
v 170.295100 166.305700 230.262500
v 155.915600 162.251900 251.386400
v 118.492500 153.149400 226.061100
v 93.527570 127.606300 207.276700
v 171.548400 189.924500 237.124800
v 181.889900 189.431100 241.341300
v 137.302600 170.543300 229.971100
v 157.563400 186.280300 231.930600
v 198.853100 184.644900 256.585500
v 102.143400 124.976800 179.041000
v 115.132300 127.154600 180.522800
v 109.763600 134.654500 192.980000
v 98.139190 129.167900 190.661000
v 165.922700 165.431400 162.072200
v 179.242500 175.555900 166.618700
v 173.067900 182.591800 179.349800
v 160.115100 173.916200 184.922200
v 133.277400 140.753400 177.457200
v 127.552600 148.330800 192.877200
v 150.523000 154.922300 170.899900
v 145.936100 163.389700 189.805300
v 104.064500 144.693500 179.298800
v 94.383450 134.736900 179.093700
v 154.909900 180.584100 161.453900
v 170.452500 186.752300 163.612800
v 120.712900 160.239700 174.446200
v 142.300200 177.865400 166.740700
v 193.638400 192.208400 173.575700
v 85.505410 91.744290 147.184300
v 93.173910 107.295000 156.621100
v 86.697270 102.554400 159.395100
v 80.504100 90.991620 151.237500
v 107.934500 112.516500 125.092800
v 111.476200 121.032800 128.355300
v 106.853900 117.383100 134.841100
v 101.087900 105.275300 127.373700
v 91.723990 96.144560 141.026500
v 100.676200 114.435900 149.043700
v 103.718600 115.678300 140.437800
v 95.838710 99.582590 132.771400
v 81.945760 101.142000 145.342900
v 78.127050 96.612400 150.644200
v 104.908800 117.985500 123.395300
v 98.251280 113.718100 126.358400
v 87.484520 106.205500 138.495900
v 93.060920 110.931900 128.916200
v 116.989800 124.685700 123.046800
v -98.100410 115.865400 211.197200
v -92.084810 121.119200 218.673700
v -114.526500 135.807400 239.420600
v -127.659200 134.681700 234.589100
v -172.165900 162.634200 257.641300
v -157.381900 157.412300 270.233600
v -166.979000 160.116200 276.489300
v -179.926800 162.636200 269.922200
v -133.573800 146.401700 253.620200
v -146.373600 146.961400 244.642200
v -160.762400 156.663000 251.031900
v -144.931400 152.700200 262.131900
v -89.405210 125.283600 211.789600
v -113.639600 149.890300 234.980800
v -168.487200 172.012600 271.323400
v -159.255400 174.925100 264.531200
v -131.158800 164.514000 244.530500
v -146.929700 174.714800 254.666900
v -182.262800 164.995300 288.755500
v -96.293830 113.041800 212.514800
v -87.232100 109.352500 224.303200
v -117.345400 128.086500 261.342300
v -138.196000 139.431100 248.165700
v -197.109200 158.976700 309.239700
v -170.595600 148.112900 319.029600
v -184.193600 149.565700 336.486100
v -202.724600 157.986800 330.000000
v -140.001900 138.492200 285.244300
v -165.094200 152.006300 269.666900
v -184.736900 158.732800 287.847800
v -154.126300 143.260500 300.478200
v -85.295430 122.250300 214.213600
v -121.384500 162.322800 246.746800
v -188.997200 172.287800 334.186800
v -178.970200 178.421800 310.890000
v -144.108200 177.456800 266.724700
v -163.161400 182.604800 287.359800
v -203.484800 145.853300 367.485300
v -92.722530 129.349900 200.306000
v -108.309500 137.625200 205.832400
v -116.156100 129.570100 194.447000
v -96.434470 122.357200 191.147800
v -181.875400 182.550100 178.248000
v -169.888800 182.546300 206.090100
v -185.642200 191.601200 200.324400
v -195.136000 190.532000 182.924600
v -131.080500 155.289100 212.479700
v -139.999800 147.907100 192.747700
v -161.439800 167.050400 186.394200
v -152.806100 172.304300 210.873900
v -102.350200 150.589900 193.648400
v -87.861190 131.672900 191.635500
v -167.720700 200.971800 177.684000
v -184.113800 204.023600 179.742800
v -124.224000 170.870500 189.515500
v -150.717300 194.752100 181.875900
v -212.292000 209.453700 188.782300
v -97.856590 122.916400 199.640000
v -93.375210 127.303400 207.609500
v -105.712200 133.085600 215.193800
v -113.966300 128.066900 205.572000
v -165.779900 171.025300 207.509400
v -154.468700 169.013500 230.791200
v -167.516200 176.075000 229.650300
v -179.066700 178.954400 211.783800
v -123.482900 146.024500 225.918100
v -133.548000 142.598300 209.014400
v -151.318700 158.763500 208.742400
v -140.976600 159.648200 229.841800
v -101.719300 145.363600 205.713000
v -89.420290 132.606900 200.072800
v -156.021100 187.449000 210.225900
v -167.012900 187.762800 212.865200
v -119.709600 161.709100 207.578000
v -141.285300 181.247300 207.934500
v -185.464900 186.200400 228.467400
v -96.118200 118.639500 167.709600
v -104.902200 125.987300 163.106200
v -94.692260 105.339400 154.626700
v -87.264460 102.405700 159.308400
v -117.790600 131.840000 135.742900
v -120.640500 132.708900 126.559700
v -115.751500 122.879000 125.512600
v -108.826100 116.861600 130.141100
v -113.218900 132.396000 152.556200
v -99.801620 108.497500 147.360700
v -116.317200 132.821900 143.137600
v -103.909300 112.068600 138.430200
v -90.179150 115.690500 151.243200
v -84.447290 108.830700 157.958600
v -112.095400 129.109900 123.106000
v -105.537900 126.474000 127.775300
v -94.374130 119.422700 143.211600
v -99.700970 123.980300 132.247800
v -124.961300 134.335300 118.491600
v -92.950560 127.533500 181.843600
v -106.687000 135.700300 182.569500
v -108.445400 124.218200 171.767800
v -95.601820 121.506800 173.474500
v -152.414000 150.092600 140.122700
v -156.621100 169.886400 161.317400
v -167.751300 171.919400 146.873200
v -167.157900 159.768500 137.278200
v -124.366100 149.684300 178.110100
v -124.849000 133.533400 163.099100
v -141.710700 162.197500 169.678200
v -135.177500 137.418600 149.837900
v -98.165870 142.949300 169.510600
v -88.387560 131.911700 173.342700
v -142.953400 166.308400 138.894100
v -158.854300 171.065100 134.128600
v -113.009800 153.595400 159.127700
v -127.728800 160.487300 143.419000
v -184.282200 176.645500 132.689400
v -67.412170 87.008920 156.468000
v -74.158110 92.121700 154.512900
v -67.736500 77.898030 143.584700
v -62.238310 76.504390 147.146400
v -89.997570 103.696500 134.178600
v -95.441830 108.579100 128.446500
v -92.351620 100.319700 124.419900
v -85.443870 93.650180 126.052500
v -82.303160 99.404750 147.721500
v -74.655170 83.220050 138.331500
v -86.276830 101.547100 139.465200
v -79.703570 87.798420 130.803900
v -64.205520 87.387070 142.255000
v -59.831090 82.119320 146.838300
v -89.349940 105.917500 122.969200
v -82.484020 101.974300 125.441400
v -70.474600 93.410280 136.313600
v -77.089000 99.385950 127.642000
v -101.780800 114.027800 124.144300
v -95.008280 123.731000 172.911300
v -106.368700 133.220500 170.069200
v -102.977200 120.308000 161.647000
v -93.465730 117.109900 166.206100
v -133.466600 146.765800 143.685900
v -141.194600 149.917900 134.438100
v -137.894600 140.573000 130.772900
v -128.533100 134.048800 135.046500
v -119.961900 142.896300 161.119900
v -111.053900 123.212300 151.660600
v -127.972100 145.819000 151.570400
v -119.505600 127.800300 141.944200
v -97.335040 131.160400 159.832600
v -89.628250 123.477100 165.881000
v -133.301700 147.091500 129.112900
v -123.733400 143.849300 134.194100
v -104.517700 134.907900 149.077900
v -115.099000 140.751000 137.416400
v -150.083700 153.499600 126.679600
v -93.477970 121.347000 214.598100
v -118.469100 139.203900 234.567300
v -128.318300 136.543000 225.418300
v -99.041670 118.227600 206.860600
v -179.986100 174.994400 231.372600
v -166.847900 169.891900 252.159100
v -179.782300 177.097800 252.660600
v -191.262700 180.784100 240.071300
v -136.389200 150.950900 246.819100
v -148.718200 152.044700 230.755500
v -167.081600 166.306000 230.262600
v -152.702000 162.252200 251.386300
v -115.279000 153.149700 226.061200
v -90.314150 127.606500 207.276800
v -168.339100 189.931500 237.145700
v -178.676400 189.431300 241.341100
v -134.089100 170.543500 229.971200
v -154.349900 186.280500 231.930600
v -195.639600 184.645200 256.585500
v -98.930000 124.976900 179.041000
v -94.925820 129.168200 190.661100
v -106.550200 134.654700 192.980100
v -111.918900 127.154800 180.522900
v -162.709300 165.431600 162.072400
v -156.901700 173.916500 184.922300
v -169.854400 182.592000 179.349900
v -176.029100 175.556100 166.618700
v -124.339100 148.331000 192.877300
v -130.064000 140.753600 177.457300
v -147.309500 154.922600 170.900000
v -142.722700 163.390000 189.805400
v -100.851200 144.693800 179.298900
v -91.170050 134.737100 179.093800
v -151.696400 180.584300 161.453900
v -167.239100 186.752600 163.612900
v -117.499500 160.239900 174.446300
v -139.086800 177.865600 166.740800
v -190.424900 192.208600 173.575800
v -83.483890 102.554600 159.395100
v -89.960520 107.295100 156.621100
v -82.292020 91.744400 147.184300
v -77.290720 90.991710 151.237600
v -103.640500 117.383300 134.841100
v -108.262800 121.032900 128.355300
v -104.721100 112.516600 125.092800
v -97.874470 105.275400 127.373700
v -97.462840 114.436000 149.043800
v -88.510620 96.144660 141.026500
v -100.505200 115.678400 140.437800
v -92.625320 99.582680 132.771400
v -78.732390 101.142100 145.342900
v -74.913680 96.612490 150.644200
v -101.695400 117.985600 123.395300
v -95.037900 113.718200 126.358400
v -84.271160 106.205600 138.495900
v -89.847550 110.932000 128.916300
v -113.776400 124.685800 123.046800
vt -0.980389 0.706326 0.000000
vt -0.835671 0.688806 0.000000
vt -0.844499 0.767978 0.000000
vt -0.990358 0.769417 0.000000
vt -0.426355 0.700399 0.000000
vt -0.231026 0.719331 0.000000
vt -0.248106 0.773694 0.000000
vt -0.431019 0.770981 0.000000
vt -0.704046 0.687549 0.000000
vt -0.701057 0.768347 0.000000
vt -0.563881 0.692215 0.000000
vt -0.569157 0.770274 0.000000
vt -0.980389 0.706326 0.000000
vt -0.835671 0.688806 0.000000
vt -0.231026 0.719331 0.000000
vt -0.426355 0.700399 0.000000
vt -0.704046 0.687549 0.000000
vt -0.563881 0.692215 0.000000
vt -0.010674 0.771410 0.000000
vt -0.980389 0.706326 0.000000
vt -0.835671 0.688806 0.000000
vt -0.844499 0.767978 0.000000
vt -0.990358 0.769417 0.000000
vt -0.426355 0.700399 0.000000
vt -0.231026 0.719331 0.000000
vt -0.248106 0.773694 0.000000
vt -0.431019 0.770981 0.000000
vt -0.704046 0.687549 0.000000
vt -0.701057 0.768347 0.000000
vt -0.563881 0.692215 0.000000
vt -0.569157 0.770274 0.000000
vt -0.980389 0.706326 0.000000
vt -0.835671 0.688806 0.000000
vt -0.231026 0.719331 0.000000
vt -0.426355 0.700399 0.000000
vt -0.704046 0.687549 0.000000
vt -0.563881 0.692215 0.000000
vt -0.010674 0.771410 0.000000
vt -0.835671 0.688806 0.000000
vt -0.844499 0.767978 0.000000
vt -0.990358 0.769417 0.000000
vt -0.980389 0.706326 0.000000
vt -0.426355 0.700399 0.000000
vt -0.231026 0.719331 0.000000
vt -0.248106 0.773694 0.000000
vt -0.431019 0.770981 0.000000
vt -0.704046 0.687549 0.000000
vt -0.701057 0.768347 0.000000
vt -0.563881 0.692215 0.000000
vt -0.569157 0.770274 0.000000
vt -0.835671 0.688806 0.000000
vt -0.980389 0.706326 0.000000
vt -0.426355 0.700399 0.000000
vt -0.231026 0.719331 0.000000
vt -0.704046 0.687549 0.000000
vt -0.563881 0.692215 0.000000
vt -0.010674 0.771410 0.000000
vt -0.980389 0.706326 0.000000
vt -0.835671 0.688806 0.000000
vt -0.844499 0.767978 0.000000
vt -0.990358 0.769417 0.000000
vt -0.426355 0.700399 0.000000
vt -0.231026 0.719331 0.000000
vt -0.248106 0.773694 0.000000
vt -0.431019 0.770981 0.000000
vt -0.704046 0.687549 0.000000
vt -0.701057 0.768347 0.000000
vt -0.563881 0.692215 0.000000
vt -0.569157 0.770274 0.000000
vt -0.835671 0.688806 0.000000
vt -0.980389 0.706326 0.000000
vt -0.426355 0.700399 0.000000
vt -0.231026 0.719331 0.000000
vt -0.704046 0.687549 0.000000
vt -0.563881 0.692215 0.000000
vt -0.010674 0.771410 0.000000
vt -0.835671 0.688806 0.000000
vt -0.844499 0.767978 0.000000
vt -0.990358 0.769417 0.000000
vt -0.980389 0.706326 0.000000
vt -0.231026 0.719331 0.000000
vt -0.248106 0.773694 0.000000
vt -0.431019 0.770981 0.000000
vt -0.426355 0.700399 0.000000
vt -0.704046 0.687549 0.000000
vt -0.701057 0.768347 0.000000
vt -0.569157 0.770274 0.000000
vt -0.563881 0.692215 0.000000
vt -0.835671 0.688806 0.000000
vt -0.980389 0.706326 0.000000
vt -0.231026 0.719331 0.000000
vt -0.426355 0.700399 0.000000
vt -0.704046 0.687549 0.000000
vt -0.563881 0.692215 0.000000
vt -0.010674 0.771410 0.000000
vt -0.835671 0.688806 0.000000
vt -0.844499 0.767978 0.000000
vt -0.990358 0.769417 0.000000
vt -0.980389 0.706326 0.000000
vt -0.426355 0.700399 0.000000
vt -0.231026 0.719331 0.000000
vt -0.248106 0.773694 0.000000
vt -0.431019 0.770981 0.000000
vt -0.704046 0.687549 0.000000
vt -0.701057 0.768347 0.000000
vt -0.569157 0.770274 0.000000
vt -0.563881 0.692215 0.000000
vt -0.835671 0.688806 0.000000
vt -0.980389 0.706326 0.000000
vt -0.426355 0.700399 0.000000
vt -0.231026 0.719331 0.000000
vt -0.704046 0.687549 0.000000
vt -0.563881 0.692215 0.000000
vt -0.010674 0.771410 0.000000
vt -0.835671 0.688806 0.000000
vt -0.844499 0.767978 0.000000
vt -0.990358 0.769417 0.000000
vt -0.980389 0.706326 0.000000
vt -0.231026 0.719331 0.000000
vt -0.248106 0.773694 0.000000
vt -0.431019 0.770981 0.000000
vt -0.426355 0.700399 0.000000
vt -0.704046 0.687549 0.000000
vt -0.701057 0.768347 0.000000
vt -0.569157 0.770274 0.000000
vt -0.563881 0.692215 0.000000
vt -0.835671 0.688806 0.000000
vt -0.980389 0.706326 0.000000
vt -0.231026 0.719331 0.000000
vt -0.426355 0.700399 0.000000
vt -0.704046 0.687549 0.000000
vt -0.563881 0.692215 0.000000
vt -0.010674 0.771410 0.000000
vt -0.835671 0.688806 0.000000
vt -0.844499 0.767978 0.000000
vt -0.990358 0.769417 0.000000
vt -0.980389 0.706326 0.000000
vt -0.231026 0.719331 0.000000
vt -0.248106 0.773694 0.000000
vt -0.431019 0.770981 0.000000
vt -0.426355 0.700399 0.000000
vt -0.704046 0.687549 0.000000
vt -0.701057 0.768347 0.000000
vt -0.569157 0.770274 0.000000
vt -0.563881 0.692215 0.000000
vt -0.835671 0.688806 0.000000
vt -0.980389 0.706326 0.000000
vt -0.231026 0.719331 0.000000
vt -0.426355 0.700399 0.000000
vt -0.704046 0.687549 0.000000
vt -0.563881 0.692215 0.000000
vt -0.010674 0.771410 0.000000
vt -0.835671 0.688806 0.000000
vt -0.844499 0.767978 0.000000
vt -0.990358 0.769417 0.000000
vt -0.980389 0.706326 0.000000
vt -0.426355 0.700399 0.000000
vt -0.231026 0.719331 0.000000
vt -0.248106 0.773694 0.000000
vt -0.431019 0.770981 0.000000
vt -0.704046 0.687549 0.000000
vt -0.701057 0.768347 0.000000
vt -0.563881 0.692215 0.000000
vt -0.569157 0.770274 0.000000
vt -0.835671 0.688806 0.000000
vt -0.980389 0.706326 0.000000
vt -0.426355 0.700399 0.000000
vt -0.231026 0.719331 0.000000
vt -0.704046 0.687549 0.000000
vt -0.563881 0.692215 0.000000
vt -0.010674 0.771410 0.000000
vt -0.980389 0.706326 0.000000
vt -0.835671 0.688806 0.000000
vt -0.844499 0.767978 0.000000
vt -0.990358 0.769417 0.000000
vt -0.426355 0.700399 0.000000
vt -0.231026 0.719331 0.000000
vt -0.248106 0.773694 0.000000
vt -0.431019 0.770981 0.000000
vt -0.704046 0.687549 0.000000
vt -0.701057 0.768347 0.000000
vt -0.563881 0.692215 0.000000
vt -0.569157 0.770274 0.000000
vt -0.835671 0.688806 0.000000
vt -0.980389 0.706326 0.000000
vt -0.426355 0.700399 0.000000
vt -0.231026 0.719331 0.000000
vt -0.704046 0.687549 0.000000
vt -0.563881 0.692215 0.000000
vt -0.010674 0.771410 0.000000
vt -0.835671 0.688806 0.000000
vt -0.844499 0.767978 0.000000
vt -0.990358 0.769417 0.000000
vt -0.980389 0.706326 0.000000
vt -0.231026 0.719331 0.000000
vt -0.248106 0.773694 0.000000
vt -0.431019 0.770981 0.000000
vt -0.426355 0.700399 0.000000
vt -0.704046 0.687549 0.000000
vt -0.701057 0.768347 0.000000
vt -0.569157 0.770274 0.000000
vt -0.563881 0.692215 0.000000
vt -0.835671 0.688806 0.000000
vt -0.980389 0.706326 0.000000
vt -0.231026 0.719331 0.000000
vt -0.426355 0.700399 0.000000
vt -0.704046 0.687549 0.000000
vt -0.563881 0.692215 0.000000
vt -0.010674 0.771410 0.000000
vt -0.980389 0.706326 0.000000
vt -0.990358 0.769417 0.000000
vt -0.844499 0.767978 0.000000
vt -0.835671 0.688806 0.000000
vt -0.426355 0.700399 0.000000
vt -0.431019 0.770981 0.000000
vt -0.248106 0.773694 0.000000
vt -0.231026 0.719331 0.000000
vt -0.701057 0.768347 0.000000
vt -0.704046 0.687549 0.000000
vt -0.563881 0.692215 0.000000
vt -0.569157 0.770274 0.000000
vt -0.980389 0.706326 0.000000
vt -0.835671 0.688806 0.000000
vt -0.231026 0.719331 0.000000
vt -0.426355 0.700399 0.000000
vt -0.704046 0.687549 0.000000
vt -0.563881 0.692215 0.000000
vt -0.010674 0.771410 0.000000
vt -0.980389 0.706326 0.000000
vt -0.990358 0.769417 0.000000
vt -0.844499 0.767978 0.000000
vt -0.835671 0.688806 0.000000
vt -0.426355 0.700399 0.000000
vt -0.431019 0.770981 0.000000
vt -0.248106 0.773694 0.000000
vt -0.231026 0.719331 0.000000
vt -0.701057 0.768347 0.000000
vt -0.704046 0.687549 0.000000
vt -0.563881 0.692215 0.000000
vt -0.569157 0.770274 0.000000
vt -0.980389 0.706326 0.000000
vt -0.835671 0.688806 0.000000
vt -0.231026 0.719331 0.000000
vt -0.426355 0.700399 0.000000
vt -0.704046 0.687549 0.000000
vt -0.563881 0.692215 0.000000
vt -0.010674 0.771410 0.000000
vt -0.990358 0.769417 0.000000
vt -0.844499 0.767978 0.000000
vt -0.835671 0.688806 0.000000
vt -0.980389 0.706326 0.000000
vt -0.426355 0.700399 0.000000
vt -0.431019 0.770981 0.000000
vt -0.248106 0.773694 0.000000
vt -0.231026 0.719331 0.000000
vt -0.701057 0.768347 0.000000
vt -0.704046 0.687549 0.000000
vt -0.563881 0.692215 0.000000
vt -0.569157 0.770274 0.000000
vt -0.835671 0.688806 0.000000
vt -0.980389 0.706326 0.000000
vt -0.426355 0.700399 0.000000
vt -0.231026 0.719331 0.000000
vt -0.704046 0.687549 0.000000
vt -0.563881 0.692215 0.000000
vt -0.010674 0.771410 0.000000
vt -0.980389 0.706326 0.000000
vt -0.990358 0.769417 0.000000
vt -0.844499 0.767978 0.000000
vt -0.835671 0.688806 0.000000
vt -0.426355 0.700399 0.000000
vt -0.431019 0.770981 0.000000
vt -0.248106 0.773694 0.000000
vt -0.231026 0.719331 0.000000
vt -0.701057 0.768347 0.000000
vt -0.704046 0.687549 0.000000
vt -0.563881 0.692215 0.000000
vt -0.569157 0.770274 0.000000
vt -0.835671 0.688806 0.000000
vt -0.980389 0.706326 0.000000
vt -0.426355 0.700399 0.000000
vt -0.231026 0.719331 0.000000
vt -0.704046 0.687549 0.000000
vt -0.563881 0.692215 0.000000
vt -0.010674 0.771410 0.000000
vt -0.990358 0.769417 0.000000
vt -0.844499 0.767978 0.000000
vt -0.835671 0.688806 0.000000
vt -0.980389 0.706326 0.000000
vt -0.431019 0.770981 0.000000
vt -0.248106 0.773694 0.000000
vt -0.231026 0.719331 0.000000
vt -0.426355 0.700399 0.000000
vt -0.701057 0.768347 0.000000
vt -0.704046 0.687549 0.000000
vt -0.569157 0.770274 0.000000
vt -0.563881 0.692215 0.000000
vt -0.835671 0.688806 0.000000
vt -0.980389 0.706326 0.000000
vt -0.231026 0.719331 0.000000
vt -0.426355 0.700399 0.000000
vt -0.704046 0.687549 0.000000
vt -0.563881 0.692215 0.000000
vt -0.010674 0.771410 0.000000
vt -0.990358 0.769417 0.000000
vt -0.844499 0.767978 0.000000
vt -0.835671 0.688806 0.000000
vt -0.980389 0.706326 0.000000
vt -0.426355 0.700399 0.000000
vt -0.431019 0.770981 0.000000
vt -0.248106 0.773694 0.000000
vt -0.231026 0.719331 0.000000
vt -0.701057 0.768347 0.000000
vt -0.704046 0.687549 0.000000
vt -0.569157 0.770274 0.000000
vt -0.563881 0.692215 0.000000
vt -0.835671 0.688806 0.000000
vt -0.980389 0.706326 0.000000
vt -0.426355 0.700399 0.000000
vt -0.231026 0.719331 0.000000
vt -0.704046 0.687549 0.000000
vt -0.563881 0.692215 0.000000
vt -0.010674 0.771410 0.000000
vt -0.990358 0.769417 0.000000
vt -0.844499 0.767978 0.000000
vt -0.835671 0.688806 0.000000
vt -0.980389 0.706326 0.000000
vt -0.431019 0.770981 0.000000
vt -0.248106 0.773694 0.000000
vt -0.231026 0.719331 0.000000
vt -0.426355 0.700399 0.000000
vt -0.701057 0.768347 0.000000
vt -0.704046 0.687549 0.000000
vt -0.569157 0.770274 0.000000
vt -0.563881 0.692215 0.000000
vt -0.835671 0.688806 0.000000
vt -0.980389 0.706326 0.000000
vt -0.231026 0.719331 0.000000
vt -0.426355 0.700399 0.000000
vt -0.704046 0.687549 0.000000
vt -0.563881 0.692215 0.000000
vt -0.010674 0.771410 0.000000
vt -0.990358 0.769417 0.000000
vt -0.844499 0.767978 0.000000
vt -0.835671 0.688806 0.000000
vt -0.980389 0.706326 0.000000
vt -0.431019 0.770981 0.000000
vt -0.248106 0.773694 0.000000
vt -0.231026 0.719331 0.000000
vt -0.426355 0.700399 0.000000
vt -0.701057 0.768347 0.000000
vt -0.704046 0.687549 0.000000
vt -0.569157 0.770274 0.000000
vt -0.563881 0.692215 0.000000
vt -0.835671 0.688806 0.000000
vt -0.980389 0.706326 0.000000
vt -0.231026 0.719331 0.000000
vt -0.426355 0.700399 0.000000
vt -0.704046 0.687549 0.000000
vt -0.563881 0.692215 0.000000
vt -0.010674 0.771410 0.000000
vt -0.990358 0.769417 0.000000
vt -0.844499 0.767978 0.000000
vt -0.835671 0.688806 0.000000
vt -0.980389 0.706326 0.000000
vt -0.426355 0.700399 0.000000
vt -0.431019 0.770981 0.000000
vt -0.248106 0.773694 0.000000
vt -0.231026 0.719331 0.000000
vt -0.701057 0.768347 0.000000
vt -0.704046 0.687549 0.000000
vt -0.563881 0.692215 0.000000
vt -0.569157 0.770274 0.000000
vt -0.835671 0.688806 0.000000
vt -0.980389 0.706326 0.000000
vt -0.426355 0.700399 0.000000
vt -0.231026 0.719331 0.000000
vt -0.704046 0.687549 0.000000
vt -0.563881 0.692215 0.000000
vt -0.010674 0.771410 0.000000
vt -0.980389 0.706326 0.000000
vt -0.990358 0.769417 0.000000
vt -0.844499 0.767978 0.000000
vt -0.835671 0.688806 0.000000
vt -0.426355 0.700399 0.000000
vt -0.431019 0.770981 0.000000
vt -0.248106 0.773694 0.000000
vt -0.231026 0.719331 0.000000
vt -0.701057 0.768347 0.000000
vt -0.704046 0.687549 0.000000
vt -0.563881 0.692215 0.000000
vt -0.569157 0.770274 0.000000
vt -0.835671 0.688806 0.000000
vt -0.980389 0.706326 0.000000
vt -0.426355 0.700399 0.000000
vt -0.231026 0.719331 0.000000
vt -0.704046 0.687549 0.000000
vt -0.563881 0.692215 0.000000
vt -0.010674 0.771410 0.000000
vt -0.990358 0.769417 0.000000
vt -0.844499 0.767978 0.000000
vt -0.835671 0.688806 0.000000
vt -0.980389 0.706326 0.000000
vt -0.431019 0.770981 0.000000
vt -0.248106 0.773694 0.000000
vt -0.231026 0.719331 0.000000
vt -0.426355 0.700399 0.000000
vt -0.701057 0.768347 0.000000
vt -0.704046 0.687549 0.000000
vt -0.569157 0.770274 0.000000
vt -0.563881 0.692215 0.000000
vt -0.835671 0.688806 0.000000
vt -0.980389 0.706326 0.000000
vt -0.231026 0.719331 0.000000
vt -0.426355 0.700399 0.000000
vt -0.704046 0.687549 0.000000
vt -0.563881 0.692215 0.000000
vt -0.010674 0.771410 0.000000
usemtl Material_5
f 1959/1959 1960/1960 1961/1961
f 1961/1961 1962/1962 1959/1959
f 1963/1963 1964/1964 1965/1965
f 1965/1965 1966/1966 1963/1963
f 1960/1960 1967/1967 1968/1968
f 1968/1968 1961/1961 1960/1960
f 1969/1969 1963/1963 1966/1966
f 1966/1966 1970/1970 1969/1969
f 1967/1967 1969/1969 1970/1970
f 1970/1970 1968/1968 1967/1967
f 1971/1971 1962/1962 1961/1961
f 1961/1961 1972/1972 1971/1971
f 1966/1966 1965/1965 1973/1973
f 1973/1973 1974/1974 1966/1966
f 1972/1972 1961/1961 1968/1968
f 1968/1968 1975/1975 1972/1972
f 1976/1976 1970/1970 1966/1966
f 1966/1966 1974/1974 1976/1976
f 1975/1975 1968/1968 1970/1970
f 1970/1970 1976/1976 1975/1975
f 1977/1977 1965/1965 1964/1964
f 1973/1973 1965/1965 1977/1977
f 1978/1978 1979/1979 1980/1980
f 1980/1980 1981/1981 1978/1978
f 1982/1982 1983/1983 1984/1984
f 1984/1984 1985/1985 1982/1982
f 1979/1979 1986/1986 1987/1987
f 1987/1987 1980/1980 1979/1979
f 1988/1988 1982/1982 1985/1985
f 1985/1985 1989/1989 1988/1988
f 1986/1986 1988/1988 1989/1989
f 1989/1989 1987/1987 1986/1986
f 1990/1990 1981/1981 1980/1980
f 1980/1980 1991/1991 1990/1990
f 1985/1985 1984/1984 1992/1992
f 1992/1992 1993/1993 1985/1985
f 1991/1991 1980/1980 1987/1987
f 1987/1987 1994/1994 1991/1991
f 1989/1989 1985/1985 1993/1993
f 1993/1993 1995/1995 1989/1989
f 1994/1994 1987/1987 1989/1989
f 1989/1989 1995/1995 1994/1994
f 1996/1996 1984/1984 1983/1983
f 1992/1992 1984/1984 1996/1996
f 1997/1997 1998/1998 1999/1999
f 1999/1999 2000/2000 1997/1997
f 2001/2001 2002/2002 2003/2003
f 2003/2003 2004/2004 2001/2001
f 1997/1997 2005/2005 2006/2006
f 2006/2006 1998/1998 1997/1997
f 2007/2007 2001/2001 2004/2004
f 2004/2004 2008/2008 2007/2007
f 2005/2005 2007/2007 2008/2008
f 2008/2008 2006/2006 2005/2005
f 1999/1999 1998/1998 2009/2009
f 2009/2009 2010/2010 1999/1999
f 2011/2011 2004/2004 2003/2003
f 2003/2003 2012/2012 2011/2011
f 2009/2009 1998/1998 2006/2006
f 2006/2006 2013/2013 2009/2009
f 2014/2014 2008/2008 2004/2004
f 2004/2004 2011/2011 2014/2014
f 2013/2013 2006/2006 2008/2008
f 2008/2008 2014/2014 2013/2013
f 2015/2015 2003/2003 2002/2002
f 2012/2012 2003/2003 2015/2015
f 2016/2016 2017/2017 2018/2018
f 2018/2018 2019/2019 2016/2016
f 2020/2020 2021/2021 2022/2022
f 2022/2022 2023/2023 2020/2020
f 2017/2017 2024/2024 2025/2025
f 2025/2025 2018/2018 2017/2017
f 2026/2026 2020/2020 2023/2023
f 2023/2023 2027/2027 2026/2026
f 2024/2024 2026/2026 2027/2027
f 2027/2027 2025/2025 2024/2024
f 2019/2019 2018/2018 2028/2028
f 2028/2028 2029/2029 2019/2019
f 2030/2030 2023/2023 2022/2022
f 2022/2022 2031/2031 2030/2030
f 2028/2028 2018/2018 2025/2025
f 2025/2025 2032/2032 2028/2028
f 2033/2033 2027/2027 2023/2023
f 2023/2023 2030/2030 2033/2033
f 2032/2032 2025/2025 2027/2027
f 2027/2027 2033/2033 2032/2032
f 2034/2034 2022/2022 2021/2021
f 2031/2031 2022/2022 2034/2034
f 2035/2035 2036/2036 2037/2037
f 2037/2037 2038/2038 2035/2035
f 2039/2039 2040/2040 2041/2041
f 2041/2041 2042/2042 2039/2039
f 2043/2043 2044/2044 2036/2036
f 2036/2036 2035/2035 2043/2043
f 2042/2042 2041/2041 2045/2045
f 2045/2045 2046/2046 2042/2042
f 2046/2046 2045/2045 2044/2044
f 2044/2044 2043/2043 2046/2046
f 2037/2037 2036/2036 2047/2047
f 2047/2047 2048/2048 2037/2037
f 2041/2041 2040/2040 2049/2049
f 2049/2049 2050/2050 2041/2041
f 2036/2036 2044/2044 2051/2051
f 2051/2051 2047/2047 2036/2036
f 2045/2045 2041/2041 2050/2050
f 2050/2050 2052/2052 2045/2045
f 2044/2044 2045/2045 2052/2052
f 2052/2052 2051/2051 2044/2044
f 2053/2053 2040/2040 2039/2039
f 2049/2049 2040/2040 2053/2053
f 2054/2054 2055/2055 2056/2056
f 2056/2056 2057/2057 2054/2054
f 2058/2058 2059/2059 2060/2060
f 2060/2060 2061/2061 2058/2058
f 2062/2062 2063/2063 2055/2055
f 2055/2055 2054/2054 2062/2062
f 2058/2058 2061/2061 2064/2064
f 2064/2064 2065/2065 2058/2058
f 2065/2065 2064/2064 2063/2063
f 2063/2063 2062/2062 2065/2065
f 2056/2056 2055/2055 2066/2066
f 2066/2066 2067/2067 2056/2056
f 2068/2068 2061/2061 2060/2060
f 2060/2060 2069/2069 2068/2068
f 2066/2066 2055/2055 2063/2063
f 2063/2063 2070/2070 2066/2066
f 2064/2064 2061/2061 2068/2068
f 2068/2068 2071/2071 2064/2064
f 2070/2070 2063/2063 2064/2064
f 2064/2064 2071/2071 2070/2070
f 2072/2072 2060/2060 2059/2059
f 2069/2069 2060/2060 2072/2072
f 2073/2073 2074/2074 2075/2075
f 2075/2075 2076/2076 2073/2073
f 2077/2077 2078/2078 2079/2079
f 2079/2079 2080/2080 2077/2077
f 2081/2081 2082/2082 2074/2074
f 2074/2074 2073/2073 2081/2081
f 2080/2080 2079/2079 2083/2083
f 2083/2083 2084/2084 2080/2080
f 2084/2084 2083/2083 2082/2082
f 2082/2082 2081/2081 2084/2084
f 2075/2075 2074/2074 2085/2085
f 2085/2085 2086/2086 2075/2075
f 2079/2079 2078/2078 2087/2087
f 2087/2087 2088/2088 2079/2079
f 2074/2074 2082/2082 2089/2089
f 2089/2089 2085/2085 2074/2074
f 2083/2083 2079/2079 2088/2088
f 2088/2088 2090/2090 2083/2083
f 2089/2089 2082/2082 2083/2083
f 2083/2083 2090/2090 2089/2089
f 2091/2091 2078/2078 2077/2077
f 2087/2087 2078/2078 2091/2091
f 2092/2092 2093/2093 2094/2094
f 2094/2094 2095/2095 2092/2092
f 2096/2096 2097/2097 2098/2098
f 2098/2098 2099/2099 2096/2096
f 2100/2100 2101/2101 2093/2093
f 2093/2093 2092/2092 2100/2100
f 2099/2099 2098/2098 2102/2102
f 2102/2102 2103/2103 2099/2099
f 2103/2103 2102/2102 2101/2101
f 2101/2101 2100/2100 2103/2103
f 2094/2094 2093/2093 2104/2104
f 2104/2104 2105/2105 2094/2094
f 2098/2098 2097/2097 2106/2106
f 2106/2106 2107/2107 2098/2098
f 2093/2093 2101/2101 2108/2108
f 2108/2108 2104/2104 2093/2093
f 2102/2102 2098/2098 2107/2107
f 2107/2107 2109/2109 2102/2102
f 2101/2101 2102/2102 2109/2109
f 2109/2109 2108/2108 2101/2101
f 2110/2110 2097/2097 2096/2096
f 2106/2106 2097/2097 2110/2110
f 2111/2111 2112/2112 2113/2113
f 2113/2113 2114/2114 2111/2111
f 2115/2115 2116/2116 2117/2117
f 2117/2117 2118/2118 2115/2115
f 2111/2111 2119/2119 2120/2120
f 2120/2120 2112/2112 2111/2111
f 2121/2121 2115/2115 2118/2118
f 2118/2118 2122/2122 2121/2121
f 2119/2119 2121/2121 2122/2122
f 2122/2122 2120/2120 2119/2119
f 2113/2113 2112/2112 2123/2123
f 2123/2123 2124/2124 2113/2113
f 2125/2125 2118/2118 2117/2117
f 2117/2117 2126/2126 2125/2125
f 2123/2123 2112/2112 2120/2120
f 2120/2120 2127/2127 2123/2123
f 2128/2128 2122/2122 2118/2118
f 2118/2118 2125/2125 2128/2128
f 2127/2127 2120/2120 2122/2122
f 2122/2122 2128/2128 2127/2127
f 2129/2129 2117/2117 2116/2116
f 2126/2126 2117/2117 2129/2129
f 2130/2130 2131/2131 2132/2132
f 2132/2132 2133/2133 2130/2130
f 2134/2134 2135/2135 2136/2136
f 2136/2136 2137/2137 2134/2134
f 2131/2131 2138/2138 2139/2139
f 2139/2139 2132/2132 2131/2131
f 2140/2140 2134/2134 2137/2137
f 2137/2137 2141/2141 2140/2140
f 2138/2138 2140/2140 2141/2141
f 2141/2141 2139/2139 2138/2138
f 2133/2133 2132/2132 2142/2142
f 2142/2142 2143/2143 2133/2133
f 2144/2144 2137/2137 2136/2136
f 2136/2136 2145/2145 2144/2144
f 2142/2142 2132/2132 2139/2139
f 2139/2139 2146/2146 2142/2142
f 2147/2147 2141/2141 2137/2137
f 2137/2137 2144/2144 2147/2147
f 2146/2146 2139/2139 2141/2141
f 2141/2141 2147/2147 2146/2146
f 2148/2148 2136/2136 2135/2135
f 2145/2145 2136/2136 2148/2148
f 2149/2149 2150/2150 2151/2151
f 2151/2151 2152/2152 2149/2149
f 2153/2153 2154/2154 2155/2155
f 2155/2155 2156/2156 2153/2153
f 2157/2157 2158/2158 2150/2150
f 2150/2150 2149/2149 2157/2157
f 2156/2156 2155/2155 2159/2159
f 2159/2159 2160/2160 2156/2156
f 2160/2160 2159/2159 2158/2158
f 2158/2158 2157/2157 2160/2160
f 2151/2151 2150/2150 2161/2161
f 2161/2161 2162/2162 2151/2151
f 2155/2155 2154/2154 2163/2163
f 2163/2163 2164/2164 2155/2155
f 2150/2150 2158/2158 2165/2165
f 2165/2165 2161/2161 2150/2150
f 2159/2159 2155/2155 2164/2164
f 2164/2164 2166/2166 2159/2159
f 2165/2165 2158/2158 2159/2159
f 2159/2159 2166/2166 2165/2165
f 2167/2167 2154/2154 2153/2153
f 2163/2163 2154/2154 2167/2167
f 2168/2168 2169/2169 2170/2170
f 2170/2170 2171/2171 2168/2168
f 2172/2172 2173/2173 2174/2174
f 2174/2174 2175/2175 2172/2172
f 2171/2171 2170/2170 2176/2176
f 2176/2176 2177/2177 2171/2171
f 2178/2178 2179/2179 2173/2173
f 2173/2173 2172/2172 2178/2178
f 2177/2177 2176/2176 2179/2179
f 2179/2179 2178/2178 2177/2177
f 2180/2180 2181/2181 2170/2170
f 2170/2170 2169/2169 2180/2180
f 2182/2182 2174/2174 2173/2173
f 2173/2173 2183/2183 2182/2182
f 2181/2181 2184/2184 2176/2176
f 2176/2176 2170/2170 2181/2181
f 2185/2185 2183/2183 2173/2173
f 2173/2173 2179/2179 2185/2185
f 2184/2184 2185/2185 2179/2179
f 2179/2179 2176/2176 2184/2184
f 2186/2186 2175/2175 2174/2174
f 2182/2182 2186/2186 2174/2174
f 2187/2187 2188/2188 2189/2189
f 2189/2189 2190/2190 2187/2187
f 2191/2191 2192/2192 2193/2193
f 2193/2193 2194/2194 2191/2191
f 2190/2190 2189/2189 2195/2195
f 2195/2195 2196/2196 2190/2190
f 2197/2197 2198/2198 2192/2192
f 2192/2192 2191/2191 2197/2197
f 2196/2196 2195/2195 2198/2198
f 2198/2198 2197/2197 2196/2196
f 2199/2199 2200/2200 2189/2189
f 2189/2189 2188/2188 2199/2199
f 2201/2201 2193/2193 2192/2192
f 2192/2192 2202/2202 2201/2201
f 2200/2200 2203/2203 2195/2195
f 2195/2195 2189/2189 2200/2200
f 2202/2202 2192/2192 2198/2198
f 2198/2198 2204/2204 2202/2202
f 2203/2203 2204/2204 2198/2198
f 2198/2198 2195/2195 2203/2203
f 2205/2205 2194/2194 2193/2193
f 2201/2201 2205/2205 2193/2193
f 2206/2206 2207/2207 2208/2208
f 2208/2208 2209/2209 2206/2206
f 2210/2210 2211/2211 2212/2212
f 2212/2212 2213/2213 2210/2210
f 2208/2208 2207/2207 2214/2214
f 2214/2214 2215/2215 2208/2208
f 2216/2216 2217/2217 2211/2211
f 2211/2211 2210/2210 2216/2216
f 2215/2215 2214/2214 2217/2217
f 2217/2217 2216/2216 2215/2215
f 2218/2218 2207/2207 2206/2206
f 2206/2206 2219/2219 2218/2218
f 2220/2220 2221/2221 2212/2212
f 2212/2212 2211/2211 2220/2220
f 2218/2218 2222/2222 2214/2214
f 2214/2214 2207/2207 2218/2218
f 2223/2223 2220/2220 2211/2211
f 2211/2211 2217/2217 2223/2223
f 2222/2222 2223/2223 2217/2217
f 2217/2217 2214/2214 2222/2222
f 2224/2224 2213/2213 2212/2212
f 2221/2221 2224/2224 2212/2212
f 2225/2225 2226/2226 2227/2227
f 2227/2227 2228/2228 2225/2225
f 2229/2229 2230/2230 2231/2231
f 2231/2231 2232/2232 2229/2229
f 2228/2228 2227/2227 2233/2233
f 2233/2233 2234/2234 2228/2228
f 2235/2235 2236/2236 2230/2230
f 2230/2230 2229/2229 2235/2235
f 2234/2234 2233/2233 2236/2236
f 2236/2236 2235/2235 2234/2234
f 2237/2237 2227/2227 2226/2226
f 2226/2226 2238/2238 2237/2237
f 2239/2239 2240/2240 2231/2231
f 2231/2231 2230/2230 2239/2239
f 2237/2237 2241/2241 2233/2233
f 2233/2233 2227/2227 2237/2237
f 2242/2242 2239/2239 2230/2230
f 2230/2230 2236/2236 2242/2242
f 2241/2241 2242/2242 2236/2236
f 2236/2236 2233/2233 2241/2241
f 2243/2243 2232/2232 2231/2231
f 2240/2240 2243/2243 2231/2231
f 2244/2244 2245/2245 2246/2246
f 2246/2246 2247/2247 2244/2244
f 2248/2248 2249/2249 2250/2250
f 2250/2250 2251/2251 2248/2248
f 2245/2245 2252/2252 2253/2253
f 2253/2253 2246/2246 2245/2245
f 2254/2254 2248/2248 2251/2251
f 2251/2251 2255/2255 2254/2254
f 2252/2252 2254/2254 2255/2255
f 2255/2255 2253/2253 2252/2252
f 2256/2256 2245/2245 2244/2244
f 2244/2244 2257/2257 2256/2256
f 2258/2258 2249/2249 2248/2248
f 2248/2248 2259/2259 2258/2258
f 2260/2260 2252/2252 2245/2245
f 2245/2245 2256/2256 2260/2260
f 2259/2259 2248/2248 2254/2254
f 2254/2254 2261/2261 2259/2259
f 2261/2261 2254/2254 2252/2252
f 2252/2252 2260/2260 2261/2261
f 2262/2262 2250/2250 2249/2249
f 2258/2258 2262/2262 2249/2249
f 2263/2263 2264/2264 2265/2265
f 2265/2265 2266/2266 2263/2263
f 2267/2267 2268/2268 2269/2269
f 2269/2269 2270/2270 2267/2267
f 2264/2264 2271/2271 2272/2272
f 2272/2272 2265/2265 2264/2264
f 2273/2273 2268/2268 2267/2267
f 2267/2267 2274/2274 2273/2273
f 2271/2271 2273/2273 2274/2274
f 2274/2274 2272/2272 2271/2271
f 2275/2275 2264/2264 2263/2263
f 2263/2263 2276/2276 2275/2275
f 2277/2277 2278/2278 2269/2269
f 2269/2269 2268/2268 2277/2277
f 2275/2275 2279/2279 2271/2271
f 2271/2271 2264/2264 2275/2275
f 2277/2277 2268/2268 2273/2273
f 2273/2273 2280/2280 2277/2277
f 2279/2279 2280/2280 2273/2273
f 2273/2273 2271/2271 2279/2279
f 2281/2281 2270/2270 2269/2269
f 2278/2278 2281/2281 2269/2269
f 2282/2282 2283/2283 2284/2284
f 2284/2284 2285/2285 2282/2282
f 2286/2286 2287/2287 2288/2288
f 2288/2288 2289/2289 2286/2286
f 2283/2283 2290/2290 2291/2291
f 2291/2291 2284/2284 2283/2283
f 2292/2292 2286/2286 2289/2289
f 2289/2289 2293/2293 2292/2292
f 2290/2290 2292/2292 2293/2293
f 2293/2293 2291/2291 2290/2290
f 2294/2294 2283/2283 2282/2282
f 2282/2282 2295/2295 2294/2294
f 2296/2296 2287/2287 2286/2286
f 2286/2286 2297/2297 2296/2296
f 2298/2298 2290/2290 2283/2283
f 2283/2283 2294/2294 2298/2298
f 2297/2297 2286/2286 2292/2292
f 2292/2292 2299/2299 2297/2297
f 2298/2298 2299/2299 2292/2292
f 2292/2292 2290/2290 2298/2298
f 2300/2300 2288/2288 2287/2287
f 2296/2296 2300/2300 2287/2287
f 2301/2301 2302/2302 2303/2303
f 2303/2303 2304/2304 2301/2301
f 2305/2305 2306/2306 2307/2307
f 2307/2307 2308/2308 2305/2305
f 2302/2302 2309/2309 2310/2310
f 2310/2310 2303/2303 2302/2302
f 2311/2311 2305/2305 2308/2308
f 2308/2308 2312/2312 2311/2311
f 2309/2309 2311/2311 2312/2312
f 2312/2312 2310/2310 2309/2309
f 2313/2313 2302/2302 2301/2301
f 2301/2301 2314/2314 2313/2313
f 2315/2315 2306/2306 2305/2305
f 2305/2305 2316/2316 2315/2315
f 2317/2317 2309/2309 2302/2302
f 2302/2302 2313/2313 2317/2317
f 2316/2316 2305/2305 2311/2311
f 2311/2311 2318/2318 2316/2316
f 2318/2318 2311/2311 2309/2309
f 2309/2309 2317/2317 2318/2318
f 2319/2319 2307/2307 2306/2306
f 2315/2315 2319/2319 2306/2306
f 2320/2320 2321/2321 2322/2322
f 2322/2322 2323/2323 2320/2320
f 2324/2324 2325/2325 2326/2326
f 2326/2326 2327/2327 2324/2324
f 2322/2322 2321/2321 2328/2328
f 2328/2328 2329/2329 2322/2322
f 2330/2330 2331/2331 2325/2325
f 2325/2325 2324/2324 2330/2330
f 2329/2329 2328/2328 2331/2331
f 2331/2331 2330/2330 2329/2329
f 2332/2332 2321/2321 2320/2320
f 2320/2320 2333/2333 2332/2332
f 2334/2334 2335/2335 2326/2326
f 2326/2326 2325/2325 2334/2334
f 2332/2332 2336/2336 2328/2328
f 2328/2328 2321/2321 2332/2332
f 2337/2337 2334/2334 2325/2325
f 2325/2325 2331/2331 2337/2337
f 2336/2336 2337/2337 2331/2331
f 2331/2331 2328/2328 2336/2336
f 2338/2338 2327/2327 2326/2326
f 2335/2335 2338/2338 2326/2326
f 2339/2339 2340/2340 2341/2341
f 2341/2341 2342/2342 2339/2339
f 2343/2343 2344/2344 2345/2345
f 2345/2345 2346/2346 2343/2343
f 2342/2342 2341/2341 2347/2347
f 2347/2347 2348/2348 2342/2342
f 2349/2349 2350/2350 2344/2344
f 2344/2344 2343/2343 2349/2349
f 2348/2348 2347/2347 2350/2350
f 2350/2350 2349/2349 2348/2348
f 2351/2351 2341/2341 2340/2340
f 2340/2340 2352/2352 2351/2351
f 2353/2353 2354/2354 2345/2345
f 2345/2345 2344/2344 2353/2353
f 2351/2351 2355/2355 2347/2347
f 2347/2347 2341/2341 2351/2351
f 2356/2356 2353/2353 2344/2344
f 2344/2344 2350/2350 2356/2356
f 2355/2355 2356/2356 2350/2350
f 2350/2350 2347/2347 2355/2355
f 2357/2357 2346/2346 2345/2345
f 2354/2354 2357/2357 2345/2345
f 2358/2358 2359/2359 2360/2360
f 2360/2360 2361/2361 2358/2358
f 2362/2362 2363/2363 2364/2364
f 2364/2364 2365/2365 2362/2362
f 2359/2359 2366/2366 2367/2367
f 2367/2367 2360/2360 2359/2359
f 2368/2368 2362/2362 2365/2365
f 2365/2365 2369/2369 2368/2368
f 2366/2366 2368/2368 2369/2369
f 2369/2369 2367/2367 2366/2366
f 2370/2370 2359/2359 2358/2358
f 2358/2358 2371/2371 2370/2370
f 2372/2372 2363/2363 2362/2362
f 2362/2362 2373/2373 2372/2372
f 2374/2374 2366/2366 2359/2359
f 2359/2359 2370/2370 2374/2374
f 2373/2373 2362/2362 2368/2368
f 2368/2368 2375/2375 2373/2373
f 2374/2374 2375/2375 2368/2368
f 2368/2368 2366/2366 2374/2374
f 2376/2376 2364/2364 2363/2363
f 2372/2372 2376/2376 2363/2363

g ts_wing03
v 39.736760 51.163090 103.673000
v 37.014990 49.977860 111.578100
v 32.690600 48.079560 109.605200
v 36.570550 50.011290 101.796500
v 33.303150 51.098510 127.221700
v 26.499370 48.111690 127.452000
v 29.134860 48.083590 120.656400
v 33.416520 49.955260 121.943900
v 42.860600 53.671010 106.072800
v 41.034270 53.222190 113.999500
v 37.126220 52.935500 122.860300
v 35.522280 52.197940 126.943900
v 43.320480 54.652020 95.401340
v 64.548550 63.743450 115.620400
v 62.326720 63.648790 110.600400
v 72.157140 67.420870 107.571300
v 73.597420 67.140370 111.502900
v 47.703950 60.583810 125.207100
v 45.277610 60.477630 123.081700
v 50.958030 61.134700 118.446500
v 52.847150 61.161060 122.061600
v 74.397570 68.312440 115.932600
v 66.113100 65.365390 121.492500
v 55.098930 62.911730 126.670300
v 49.761990 61.026630 127.508000
v 82.544480 72.755340 107.273200
v 63.431840 63.161550 103.187900
v 55.533570 59.891370 109.869300
v 51.751180 58.987860 104.566200
v 60.931660 62.922080 98.916550
v 45.199430 57.499640 119.156600
v 41.928890 57.367730 125.276400
v 38.954550 56.752810 124.178300
v 42.310930 56.856640 115.854900
v 65.617710 64.928210 108.489100
v 58.748780 62.383730 115.966400
v 48.961790 60.173650 123.335300
v 44.652750 58.368750 126.629400
v 72.612630 69.213930 97.414390
v 30.866610 46.223570 107.913400
v 28.661590 45.263390 114.317600
v 25.158280 43.725500 112.719300
v 28.301520 45.290480 106.393200
v 25.746350 45.245090 122.715300
v 25.654510 46.171260 126.990900
v 23.751390 45.554360 127.370900
v 23.276120 44.229290 121.889800
v 33.397310 48.255340 109.857600
v 31.918990 47.892520 116.281900
v 28.751700 47.659470 123.457600
v 27.452280 47.061940 126.766000
v 33.769890 49.050090 101.212300
v 83.677060 70.794710 121.206300
v 74.195300 68.285300 119.668800
v 74.885600 69.662410 115.366100
v 85.588850 72.800580 117.943500
v 60.242940 64.952680 123.613000
v 48.870150 60.886190 126.933800
v 47.285020 61.154400 125.270000
v 60.083580 65.912140 119.864200
v 82.088220 70.868820 124.498900
v 73.269680 68.681760 124.762100
v 60.712950 65.865260 127.469800
v 49.970500 61.598110 129.067700
v 94.650210 75.561500 126.864800
v 51.223190 57.206610 99.101880
v 46.401630 55.083470 108.586700
v 41.172620 52.998190 105.187400
v 47.473290 56.023720 96.086620
v 40.083390 54.262660 121.163400
v 39.086900 55.256920 127.959100
v 35.995800 54.331050 128.095800
v 36.336300 52.867240 119.247400
v 54.868270 60.081440 102.903300
v 51.203650 58.864770 112.632400
v 44.735680 57.853140 123.220600
v 41.989550 56.603580 128.075800
v 57.266320 62.280340 89.510880
v 15.996300 49.210850 116.949200
v 14.367740 48.714780 115.873000
v 13.116540 45.691140 119.196500
v 15.418310 46.439750 120.330600
v 15.279630 42.431550 124.423600
v 13.726630 41.790130 123.772000
v 15.220040 39.932830 126.533800
v 16.213770 40.790470 126.519000
v 18.220510 46.637180 121.322700
v 18.217690 49.237400 117.955300
v 17.324080 41.469000 126.495500
v 17.735210 42.948350 124.751800
v 17.750940 51.865720 113.030500
v 17.322720 51.033020 112.289900
v 15.301760 49.622300 111.411800
v 15.008950 46.767170 116.747800
v 17.807790 48.682970 117.491800
v 19.164240 45.162550 123.639000
v 17.343200 43.745520 123.347600
v 20.011470 42.822580 126.949000
v 21.014300 44.127770 126.494100
v 21.386610 50.005530 118.141100
v 20.223490 51.999810 113.119400
v 22.237400 45.244850 126.102700
v 22.175720 46.558200 123.498900
v 18.293700 53.359260 106.235900
v 20.988660 57.304100 109.034700
v 19.426750 53.097920 114.710600
v 22.382610 55.436930 116.551300
v 22.971270 59.095860 110.801200
v 22.984950 49.686610 123.558100
v 20.798020 48.229480 122.604500
v 23.244690 46.300370 127.328500
v 24.585960 47.825440 127.180200
v 26.715080 56.332070 118.129700
v 26.448400 59.603360 112.403800
v 26.145290 49.102470 127.063800
v 26.611490 51.091320 124.094300
v 25.751020 62.280690 104.193900
v 27.996630 64.123470 105.012600
v 26.068670 58.931430 112.018800
v 29.627170 61.948450 114.326800
v 30.353800 66.464930 107.229100
v 26.602630 52.190180 121.455000
v 26.744620 47.648770 127.154300
v 32.437030 52.423270 127.410900
v 29.983010 55.409050 123.130700
v 35.250270 62.656850 116.165200
v 34.443280 67.383210 109.288300
v 34.361830 53.999620 127.267200
v 34.937260 56.454570 123.601800
v 33.875090 70.266340 99.037310
v 37.122880 73.079780 100.101800
v 33.381630 65.797960 108.142500
v 37.897380 68.909850 111.858500
v 40.096920 75.396100 103.443900
v 36.737640 59.603140 122.384900
v 33.798420 57.005100 120.126000
v 36.650790 53.199020 127.737100
v 38.858420 55.545420 127.964000
v 44.299320 70.074260 115.333100
v 45.405480 75.601400 106.633100
v 41.391910 57.482720 128.248200
v 42.558270 61.309430 124.038400
v 45.773870 81.275710 94.078900
v 49.886440 81.046910 103.317300
v 43.811810 72.112510 107.674700
v 46.585000 74.416790 113.393900
v 51.756870 82.172160 107.842100
v 41.895340 62.868520 120.412600
v 39.347260 61.732520 116.966500
v 39.342220 56.113140 123.964800
v 41.470900 58.067910 125.406400
v 51.773650 73.697650 118.750300
v 55.683890 81.113250 112.482500
v 43.866980 59.573130 126.904800
v 46.775830 63.679240 124.192900
v 60.445950 89.162830 102.359700
v 60.691260 86.080280 112.209800
v 54.019360 77.279360 113.928400
v 55.572230 78.275820 119.215900
v 61.893850 86.117650 116.230100
v 47.567470 66.653440 119.795600
v 45.277610 60.477620 123.081700
v 46.915420 61.815380 125.519700
v 49.180970 67.063740 123.519400
v 58.858190 77.038600 124.434300
v 64.151760 84.877320 120.103100
v 48.707520 62.647850 127.932400
v 52.647750 66.788760 127.676400
v 70.061130 93.052360 112.399600
v 71.644560 90.142440 126.121300
v 73.620000 92.098630 122.866200
v 65.432080 84.964200 119.245900
v 64.771940 83.469220 123.513800
v 56.194820 71.442890 125.282700
v 56.209250 72.183980 121.481300
v 47.225970 61.213680 125.304000
v 48.058810 62.126380 127.260000
v 65.689820 80.823230 127.885400
v 71.620700 87.650410 128.797100
v 49.605610 62.086830 129.229000
v 57.962330 70.209750 128.641800
v 81.972040 95.853280 132.110900
v 21.893730 43.492160 110.759900
v 21.197160 43.131140 116.434700
v 18.092610 41.696250 115.834500
v 19.556420 42.577200 110.021400
v 20.233290 43.692600 123.794800
v 20.860610 44.773370 127.239500
v 19.380520 44.266420 127.918100
v 18.093720 42.759860 123.613200
v 24.247430 45.353970 111.775300
v 24.133580 45.499440 117.299100
v 22.762560 45.791660 123.720900
v 22.273830 45.518820 126.686800
v 23.065760 45.395920 104.595000
v 20.695390 41.539230 115.400900
v 18.758320 41.013750 119.327600
v 16.806030 39.683620 118.077100
v 19.285110 40.673970 114.252600
v 16.111620 41.114690 124.409200
v 15.576780 41.875410 127.072300
v 14.380880 41.343970 127.175500
v 14.701170 40.233050 123.715600
v 21.962300 43.120480 116.758200
v 20.438920 43.034970 120.729700
v 17.765640 42.928650 125.024300
v 16.670940 42.579480 127.043700
v 22.965270 43.299860 111.249900
v 49.892000 58.088970 129.965900
v 51.588710 63.434820 136.877700
v 33.660090 53.543030 130.125000
v 62.151550 63.987780 131.076600
v 65.545940 60.930980 118.954800
v 70.847350 64.753010 123.069900
v 67.466770 67.961450 132.807600
v 58.273470 68.117130 137.035800
v 64.140430 71.524700 138.599500
v 57.453140 60.712300 127.490900
v 36.868930 50.638190 126.670200
v 23.553430 43.062070 126.387400
v 24.311930 41.184540 122.757500
v 40.017590 49.042370 122.995200
v 17.764130 52.083810 122.319100
v 28.830290 60.834880 122.543700
v 24.311930 41.184540 122.757500
v 42.400650 67.052810 129.195400
v 33.660090 53.543030 130.125000
v 51.588710 63.434820 136.877700
v 62.895370 77.266210 135.206100
v 64.646440 82.758920 126.953700
v 57.940240 80.130040 124.314100
v 56.893850 74.541150 132.941800
v 64.140430 71.524700 138.599500
v 58.273470 68.117130 137.035800
v 50.430490 71.496100 131.966800
v 17.764130 52.083810 122.319100
v 18.616960 50.205020 126.706600
v 29.471230 58.334240 126.423100
v 28.830290 60.834880 122.543700
v 21.213430 46.294650 129.700700
v 16.512060 39.522140 126.809900
v 16.379500 37.859740 124.148200
v 12.746360 47.992010 123.652900
v 16.379500 37.859740 124.148200
v 21.213430 46.294650 129.700700
v 12.746360 47.992010 123.652900
v 13.988190 46.137320 127.331300
v 15.539030 43.192490 130.532800
v 15.539030 43.192490 130.532800
v 10.293170 38.449420 128.053000
v 10.293170 38.449420 128.053000
v 74.176120 70.105050 129.994600
v 75.770030 75.608670 145.250700
v 58.522940 58.436380 119.034300
v 50.885230 55.495490 125.626300
v 70.847350 64.753010 123.069900
v 65.545940 60.930980 118.954800
v 64.651890 72.167190 127.646000
v 74.176120 70.105050 129.994600
v 58.522940 58.436380 119.034300
v 75.770030 75.608670 145.250700
v 75.770030 75.608670 145.250700
v 70.982190 82.218010 133.995600
v 49.618270 75.675000 124.907800
v 64.646440 82.758920 126.953700
v 57.940240 80.130040 124.314100
v 70.982190 82.218010 133.995600
v 49.618270 75.675000 124.907800
v 40.017590 49.042370 122.995200
v 10.293170 38.449420 128.053000
v 40.141770 68.417080 123.954400
v 50.885230 55.495490 125.626300
v 40.141770 68.417080 123.954400
v -38.159700 51.163080 103.672900
v -34.993480 50.011280 101.796500
v -31.113540 48.079570 109.605200
v -35.437940 49.977860 111.578100
v -27.557820 48.083590 120.656400
v -24.922330 48.111690 127.452000
v -31.726120 51.098510 127.221600
v -31.839480 49.955260 121.943900
v -39.457210 53.222190 113.999400
v -41.283550 53.671010 106.072800
v -33.945240 52.197940 126.943900
v -35.549180 52.935490 122.860200
v -41.743410 54.652020 95.401280
v -70.580100 67.420850 107.571300
v -60.749660 63.648770 110.600400
v -62.971510 63.743430 115.620300
v -72.020370 67.140350 111.502800
v -49.380990 61.134690 118.446500
v -43.700580 60.477620 123.081600
v -46.126920 60.583810 125.207100
v -51.270110 61.161060 122.061600
v -64.536060 65.365360 121.492400
v -72.820530 68.312420 115.932600
v -48.184970 61.026630 127.508000
v -53.521880 62.911720 126.670200
v -80.967430 72.755310 107.273100
v -61.854780 63.161540 103.187800
v -59.354610 62.922070 98.916490
v -50.174130 58.987850 104.566100
v -53.956500 59.891350 109.869200
v -43.622390 57.499630 119.156600
v -40.733890 56.856640 115.854900
v -37.377520 56.752820 124.178200
v -40.351860 57.367730 125.276300
v -57.171710 62.383710 115.966400
v -64.040660 64.928190 108.489000
v -43.075720 58.368750 126.629400
v -47.384760 60.173650 123.335300
v -71.035580 69.213920 97.414310
v -29.289550 46.223580 107.913400
v -26.724450 45.290490 106.393200
v -23.581220 43.725510 112.719300
v -27.084550 45.263390 114.317600
v -24.169310 45.245090 122.715300
v -21.699070 44.229290 121.889800
v -22.174360 45.554370 127.370800
v -24.077490 46.171270 126.990900
v -30.340680 47.891750 116.279200
v -31.820250 48.255340 109.857600
v -25.875250 47.061940 126.765900
v -27.174660 47.659480 123.457600
v -32.192820 49.050090 101.212200
v -82.100040 70.794690 121.206300
v -84.011830 72.800560 117.943500
v -73.308550 69.662380 115.366000
v -72.618290 68.285300 119.668700
v -58.665910 64.952670 123.612900
v -58.506530 65.912120 119.864100
v -45.707990 61.154400 125.269900
v -47.293120 60.886190 126.933700
v -71.692630 68.681760 124.762000
v -80.511180 70.868810 124.498800
v -48.393490 61.598120 129.067600
v -59.135940 65.865260 127.469700
v -93.073170 75.561470 126.864700
v -49.646130 57.206600 99.101830
v -45.896220 56.023700 96.086580
v -39.595550 52.998180 105.187300
v -44.824580 55.083470 108.586600
v -38.506350 54.262660 121.163300
v -34.759260 52.867250 119.247400
v -34.418770 54.331050 128.095700
v -37.509860 55.256920 127.959100
v -49.626590 58.864760 112.632300
v -53.291200 60.081430 102.903200
v -40.412510 56.603580 128.075800
v -43.158660 57.853140 123.220600
v -55.689230 62.280330 89.510810
v -14.419240 49.210850 116.949200
v -13.841260 46.439750 120.330600
v -11.539500 45.691140 119.196500
v -12.790680 48.714780 115.873000
v -13.702590 42.431550 124.423500
v -14.636730 40.790470 126.519000
v -13.643010 39.932850 126.533800
v -12.149590 41.790150 123.772000
v -16.640640 49.237400 117.955300
v -16.643460 46.637190 121.322700
v -16.158180 42.948350 124.751700
v -15.747050 41.469010 126.495500
v -16.173880 51.865720 113.030400
v -15.745670 51.033040 112.289900
v -16.230740 48.682970 117.491800
v -13.431900 46.767170 116.747800
v -13.724690 49.622290 111.411800
v -17.587200 45.162550 123.639000
v -19.437280 44.127780 126.494100
v -18.434430 42.822590 126.948900
v -15.766170 43.745530 123.347600
v -18.646440 51.999810 113.119400
v -19.809560 50.005540 118.141000
v -20.598680 46.558200 123.498900
v -20.660360 45.244850 126.102700
v -16.716640 53.359260 106.235900
v -20.805560 55.436930 116.551200
v -17.849690 53.097930 114.710600
v -19.411600 57.304100 109.034700
v -21.394220 59.095860 110.801100
v -21.407920 49.686610 123.558000
v -23.008930 47.825440 127.180200
v -21.667650 46.300380 127.328400
v -19.220980 48.229480 122.604400
v -24.871350 59.603370 112.403800
v -25.138030 56.332070 118.129600
v -25.034450 51.091320 124.094300
v -24.568260 49.102470 127.063800
v -24.173960 62.280700 104.193900
v -28.050120 61.948450 114.326800
v -24.491620 58.931440 112.018800
v -26.419570 64.123450 105.012600
v -28.776740 66.464920 107.229100
v -30.860000 52.423290 127.410900
v -25.167580 47.648760 127.154300
v -25.025580 52.190180 121.455000
v -28.405960 55.409050 123.130700
v -32.866230 67.383210 109.288200
v -33.673230 62.656850 116.165200
v -33.360220 56.454580 123.601700
v -32.784790 53.999630 127.267100
v -32.298030 70.266330 99.037280
v -36.320340 68.909850 111.858500
v -31.804570 65.797950 108.142500
v -35.545830 73.079780 100.101800
v -38.519870 75.396100 103.443800
v -35.160590 59.603140 122.384900
v -37.281400 55.545420 127.964000
v -35.073760 53.199010 127.737100
v -32.221380 57.005110 120.125900
v -43.828410 75.601390 106.633000
v -42.722280 70.074250 115.333100
v -40.981240 61.309440 124.038300
v -39.814880 57.482720 128.248200
v -44.196800 81.275690 94.078850
v -45.007950 74.416780 113.393900
v -42.234750 72.112500 107.674600
v -48.309370 81.046880 103.317200
v -50.179810 82.172160 107.842000
v -40.318300 62.868520 120.412500
v -39.893860 58.067910 125.406300
v -37.765180 56.113140 123.964800
v -37.770230 61.732530 116.966500
v -54.106820 81.113230 112.482500
v -50.196610 73.697640 118.750300
v -45.198800 63.679240 124.192800
v -42.289950 59.573130 126.904800
v -58.868880 89.162810 102.359700
v -53.995170 78.275810 119.215900
v -52.442320 77.279360 113.928400
v -59.114230 86.080280 112.209700
v -60.316770 86.117630 116.230000
v -45.338400 61.815380 125.519600
v -43.700580 60.477620 123.081600
v -45.990430 66.653430 119.795500
v -47.603940 67.063730 123.519300
v -62.574680 84.877300 120.103000
v -57.281140 77.038590 124.434300
v -51.070710 66.788750 127.676300
v -47.130490 62.647850 127.932400
v -68.484100 93.052350 112.399500
v -70.067480 90.142420 126.121200
v -63.194920 83.469220 123.513800
v -63.855060 84.964200 119.245800
v -72.042990 92.098630 122.866200
v -54.617810 71.442880 125.282600
v -46.481780 62.126380 127.259900
v -45.648930 61.213680 125.303900
v -54.632190 72.183970 121.481200
v -70.043690 87.650410 128.797000
v -64.112800 80.823230 127.885400
v -56.385290 70.209720 128.641700
v -48.028600 62.086850 129.228900
v -80.395010 95.853270 132.110800
v -20.316660 43.492150 110.759900
v -17.979360 42.577210 110.021400
v -16.515560 41.696250 115.834500
v -19.620110 43.131150 116.434700
v -18.656260 43.692610 123.794800
v -16.516680 42.759870 123.613100
v -17.803480 44.266420 127.918000
v -19.283580 44.773380 127.239500
v -22.556530 45.499440 117.299100
v -22.670380 45.353970 111.775300
v -20.696790 45.518830 126.686800
v -21.185520 45.791670 123.720800
v -21.488680 45.395920 104.595000
v -19.118330 41.539230 115.400900
v -17.708060 40.673970 114.252500
v -15.228990 39.683620 118.077000
v -17.181280 41.013750 119.327600
v -14.534580 41.114700 124.409100
v -13.124130 40.233060 123.715600
v -12.803850 41.343990 127.175500
v -13.999750 41.875420 127.072200
v -18.861880 43.034980 120.729700
v -20.385250 43.120480 116.758200
v -15.093910 42.579490 127.043700
v -16.188600 42.928670 125.024300
v -21.388210 43.299860 111.249900
v -48.314980 58.088970 129.965900
v -32.083070 53.543030 130.124900
v -50.011700 63.434830 136.877600
v -69.270270 64.752980 123.069800
v -63.968860 60.930960 118.954700
v -60.574500 63.987770 131.076500
v -65.889760 67.961440 132.807400
v -56.696460 68.117120 137.035700
v -62.563360 71.524680 138.599500
v -55.876090 60.712290 127.490900
v -22.734890 41.184550 122.757500
v -21.976400 43.062080 126.387300
v -35.291900 50.638190 126.670100
v -38.440540 49.042370 122.995200
v -16.187080 52.083810 122.319100
v -22.734890 41.184550 122.757500
v -27.253260 60.834890 122.543700
v -40.823640 67.052820 129.195400
v -50.011700 63.434830 136.877600
v -32.083070 53.543030 130.124900
v -61.318340 77.266210 135.206000
v -55.316780 74.541130 132.941800
v -56.363170 80.130040 124.314100
v -63.069420 82.758910 126.953600
v -62.563360 71.524680 138.599500
v -56.696460 68.117120 137.035700
v -48.853480 71.496090 131.966800
v -16.187080 52.083810 122.319100
v -27.253260 60.834890 122.543700
v -27.894190 58.334240 126.423000
v -17.039930 50.205020 126.706600
v -19.636400 46.294650 129.700600
v -14.935020 39.522150 126.809900
v -14.802460 37.859750 124.148200
v -11.169330 47.992010 123.652900
v -14.802460 37.859750 124.148200
v -19.636400 46.294650 129.700600
v -12.411160 46.137330 127.331300
v -11.169330 47.992010 123.652900
v -13.961990 43.192500 130.532700
v -13.961990 43.192500 130.532700
v -8.716139 38.449440 128.053000
v -8.716139 38.449440 128.053000
v -74.192990 75.608650 145.250600
v -72.599080 70.105020 129.994500
v -56.945870 58.436360 119.034200
v -49.308200 55.495490 125.626300
v -69.270270 64.752980 123.069800
v -63.074840 72.167180 127.646000
v -63.968860 60.930960 118.954700
v -72.599080 70.105020 129.994500
v -56.945870 58.436360 119.034200
v -74.192990 75.608650 145.250600
v -69.405110 82.217970 133.995500
v -74.192990 75.608650 145.250600
v -48.041230 75.675000 124.907700
v -63.069420 82.758910 126.953600
v -56.363170 80.130040 124.314100
v -69.405110 82.217970 133.995500
v -48.041230 75.675000 124.907700
v -38.440540 49.042370 122.995200
v -8.716139 38.449440 128.053000
v -38.564740 68.417080 123.954300
v -49.308200 55.495490 125.626300
v -38.564740 68.417080 123.954300
vt -0.408886 0.256464 0.000000
vt -0.615009 0.256464 0.000000
vt -0.613505 0.181022 0.000000
vt -0.407811 0.199291 0.000000
vt -0.987708 0.256464 0.000000
vt -0.987708 0.178442 0.000000
vt -0.814685 0.179087 0.000000
vt -0.815759 0.256464 0.000000
vt -0.407811 0.199291 0.000000
vt -0.613505 0.181022 0.000000
vt -0.814685 0.179087 0.000000
vt -0.987708 0.178442 0.000000
vt -0.241236 0.256464 0.000000
vt -0.615009 0.256464 0.000000
vt -0.613505 0.181022 0.000000
vt -0.407811 0.199291 0.000000
vt -0.408886 0.256464 0.000000
vt -0.987708 0.256464 0.000000
vt -0.987708 0.178442 0.000000
vt -0.814685 0.179087 0.000000
vt -0.815759 0.256464 0.000000
vt -0.407811 0.199291 0.000000
vt -0.613505 0.181022 0.000000
vt -0.814685 0.179087 0.000000
vt -0.987708 0.178442 0.000000
vt -0.241236 0.256464 0.000000
vt -0.408886 0.256464 0.000000
vt -0.615009 0.256464 0.000000
vt -0.613505 0.181022 0.000000
vt -0.407811 0.199291 0.000000
vt -0.815759 0.256464 0.000000
vt -0.987708 0.256464 0.000000
vt -0.987708 0.178442 0.000000
vt -0.814685 0.179087 0.000000
vt -0.407811 0.199291 0.000000
vt -0.613505 0.181022 0.000000
vt -0.814685 0.179087 0.000000
vt -0.987708 0.178442 0.000000
vt -0.241236 0.256464 0.000000
vt -0.408886 0.256464 0.000000
vt -0.615009 0.256464 0.000000
vt -0.613505 0.181022 0.000000
vt -0.407811 0.199291 0.000000
vt -0.815759 0.256464 0.000000
vt -0.987708 0.256464 0.000000
vt -0.987708 0.178442 0.000000
vt -0.814685 0.179087 0.000000
vt -0.407811 0.199291 0.000000
vt -0.613505 0.181022 0.000000
vt -0.814685 0.179087 0.000000
vt -0.987708 0.178442 0.000000
vt -0.241236 0.256464 0.000000
vt -0.408886 0.256464 0.000000
vt -0.615009 0.256464 0.000000
vt -0.613505 0.181022 0.000000
vt -0.407811 0.199291 0.000000
vt -0.815759 0.256464 0.000000
vt -0.987708 0.256464 0.000000
vt -0.987708 0.178442 0.000000
vt -0.814685 0.179087 0.000000
vt -0.407811 0.199291 0.000000
vt -0.613505 0.181022 0.000000
vt -0.814685 0.179087 0.000000
vt -0.987708 0.178442 0.000000
vt -0.241236 0.256464 0.000000
vt -0.408886 0.256464 0.000000
vt -0.615009 0.256464 0.000000
vt -0.613505 0.181022 0.000000
vt -0.407811 0.199291 0.000000
vt -0.815759 0.256464 0.000000
vt -0.987708 0.256464 0.000000
vt -0.987708 0.178442 0.000000
vt -0.814685 0.179087 0.000000
vt -0.407811 0.199291 0.000000
vt -0.613505 0.181022 0.000000
vt -0.814685 0.179087 0.000000
vt -0.987708 0.178442 0.000000
vt -0.241236 0.256464 0.000000
vt -0.408886 0.256464 0.000000
vt -0.407811 0.199291 0.000000
vt -0.613505 0.181022 0.000000
vt -0.615009 0.256464 0.000000
vt -0.815759 0.256464 0.000000
vt -0.814685 0.179087 0.000000
vt -0.987708 0.178442 0.000000
vt -0.987708 0.256464 0.000000
vt -0.613505 0.181022 0.000000
vt -0.407811 0.199291 0.000000
vt -0.987708 0.178442 0.000000
vt -0.814685 0.179087 0.000000
vt -0.241236 0.256464 0.000000
vt -0.408886 0.256464 0.000000
vt -0.407811 0.199291 0.000000
vt -0.613505 0.181022 0.000000
vt -0.615009 0.256464 0.000000
vt -0.815759 0.256464 0.000000
vt -0.814685 0.179087 0.000000
vt -0.987708 0.178442 0.000000
vt -0.987708 0.256464 0.000000
vt -0.613505 0.181022 0.000000
vt -0.407811 0.199291 0.000000
vt -0.987708 0.178442 0.000000
vt -0.814685 0.179087 0.000000
vt -0.241236 0.256464 0.000000
vt -0.407811 0.199291 0.000000
vt -0.613505 0.181022 0.000000
vt -0.615009 0.256464 0.000000
vt -0.408886 0.256464 0.000000
vt -0.815759 0.256464 0.000000
vt -0.814685 0.179087 0.000000
vt -0.987708 0.178442 0.000000
vt -0.987708 0.256464 0.000000
vt -0.613505 0.181022 0.000000
vt -0.407811 0.199291 0.000000
vt -0.987708 0.178442 0.000000
vt -0.814685 0.179087 0.000000
vt -0.241236 0.256464 0.000000
vt -0.407811 0.199291 0.000000
vt -0.613505 0.181022 0.000000
vt -0.615009 0.256464 0.000000
vt -0.408886 0.256464 0.000000
vt -0.814685 0.179087 0.000000
vt -0.987708 0.178442 0.000000
vt -0.987708 0.256464 0.000000
vt -0.815759 0.256464 0.000000
vt -0.613505 0.181022 0.000000
vt -0.407811 0.199291 0.000000
vt -0.987708 0.178442 0.000000
vt -0.814685 0.179087 0.000000
vt -0.241236 0.256464 0.000000
vt -0.407811 0.199291 0.000000
vt -0.613505 0.181022 0.000000
vt -0.615009 0.256464 0.000000
vt -0.408886 0.256464 0.000000
vt -0.815759 0.256464 0.000000
vt -0.814685 0.179087 0.000000
vt -0.987708 0.178442 0.000000
vt -0.987708 0.256464 0.000000
vt -0.613505 0.181022 0.000000
vt -0.407811 0.199291 0.000000
vt -0.987708 0.178442 0.000000
vt -0.814685 0.179087 0.000000
vt -0.241236 0.256464 0.000000
vt -0.407811 0.199291 0.000000
vt -0.613505 0.181022 0.000000
vt -0.615009 0.256464 0.000000
vt -0.408886 0.256464 0.000000
vt -0.815759 0.256464 0.000000
vt -0.814685 0.179087 0.000000
vt -0.987708 0.178442 0.000000
vt -0.987708 0.256464 0.000000
vt -0.613505 0.181022 0.000000
vt -0.407811 0.199291 0.000000
vt -0.987708 0.178442 0.000000
vt -0.814685 0.179087 0.000000
vt -0.241236 0.256464 0.000000
vt -0.407811 0.199291 0.000000
vt -0.613505 0.181022 0.000000
vt -0.615009 0.256464 0.000000
vt -0.408886 0.256464 0.000000
vt -0.814685 0.179087 0.000000
vt -0.987708 0.178442 0.000000
vt -0.987708 0.256464 0.000000
vt -0.815759 0.256464 0.000000
vt -0.613505 0.181022 0.000000
vt -0.407811 0.199291 0.000000
vt -0.987708 0.178442 0.000000
vt -0.814685 0.179087 0.000000
vt -0.241236 0.256464 0.000000
vt -0.408886 0.256464 0.000000
vt -0.407811 0.199291 0.000000
vt -0.613505 0.181022 0.000000
vt -0.615009 0.256464 0.000000
vt -0.815759 0.256464 0.000000
vt -0.814685 0.179087 0.000000
vt -0.987708 0.178442 0.000000
vt -0.987708 0.256464 0.000000
vt -0.613505 0.181022 0.000000
vt -0.407811 0.199291 0.000000
vt -0.987708 0.178442 0.000000
vt -0.814685 0.179087 0.000000
vt -0.241236 0.256464 0.000000
vt -0.408886 0.256464 0.000000
vt -0.615009 0.256464 0.000000
vt -0.613505 0.181022 0.000000
vt -0.407811 0.199291 0.000000
vt -0.815759 0.256464 0.000000
vt -0.987708 0.256464 0.000000
vt -0.987708 0.178442 0.000000
vt -0.814685 0.179087 0.000000
vt -0.407811 0.199291 0.000000
vt -0.613505 0.181022 0.000000
vt -0.814685 0.179087 0.000000
vt -0.987708 0.178442 0.000000
vt -0.241236 0.256464 0.000000
vt -0.408886 0.256464 0.000000
vt -0.615009 0.256464 0.000000
vt -0.613505 0.181022 0.000000
vt -0.407811 0.199291 0.000000
vt -0.815759 0.256464 0.000000
vt -0.987708 0.256464 0.000000
vt -0.987708 0.178442 0.000000
vt -0.814685 0.179087 0.000000
vt -0.407811 0.199291 0.000000
vt -0.613505 0.181022 0.000000
vt -0.814685 0.179087 0.000000
vt -0.987708 0.178442 0.000000
vt -0.241236 0.256464 0.000000
vt -0.469093 0.595319 0.000000
vt -0.583102 0.679461 0.000000
vt -0.345754 0.671203 0.000000
vt -0.701137 0.617850 0.000000
vt -0.704395 0.541923 0.000000
vt -0.791927 0.542072 0.000000
vt -0.821654 0.613732 0.000000
vt -0.710530 0.670509 0.000000
vt -0.875061 0.634075 0.000000
vt -0.582966 0.614971 0.000000
vt -0.346226 0.592490 0.000000
vt -0.191954 0.603083 0.000000
vt -0.180918 0.541504 0.000000
vt -0.342962 0.538437 0.000000
vt -0.180918 0.541504 0.000000
vt -0.342962 0.538437 0.000000
vt -0.180918 0.541504 0.000000
vt -0.469093 0.595319 0.000000
vt -0.345754 0.671203 0.000000
vt -0.583102 0.679461 0.000000
vt -0.821654 0.613732 0.000000
vt -0.791927 0.542072 0.000000
vt -0.704395 0.541923 0.000000
vt -0.701136 0.617850 0.000000
vt -0.875061 0.634075 0.000000
vt -0.710530 0.670509 0.000000
vt -0.582966 0.614971 0.000000
vt -0.180918 0.541504 0.000000
vt -0.191954 0.603083 0.000000
vt -0.346226 0.592490 0.000000
vt -0.342962 0.538437 0.000000
vt -0.197766 0.663331 0.000000
vt -0.101770 0.613215 0.000000
vt -0.097341 0.583295 0.000000
vt -0.097341 0.583295 0.000000
vt -0.097341 0.583295 0.000000
vt -0.197766 0.663331 0.000000
vt -0.097341 0.583295 0.000000
vt -0.101770 0.613215 0.000000
vt -0.104832 0.649923 0.000000
vt -0.104832 0.649923 0.000000
vt -0.016325 0.632234 0.000000
vt -0.016325 0.632234 0.000000
vt -0.887182 0.540729 0.000000
vt -0.988122 0.557349 0.000000
vt -0.582317 0.542469 0.000000
vt -0.461151 0.541069 0.000000
vt -0.791927 0.542072 0.000000
vt -0.704395 0.541923 0.000000
vt -0.821654 0.613732 0.000000
vt -0.887182 0.540729 0.000000
vt -0.582317 0.542469 0.000000
vt -0.988122 0.557349 0.000000
vt -0.988122 0.557349 0.000000
vt -0.887182 0.540729 0.000000
vt -0.582317 0.542469 0.000000
vt -0.791927 0.542072 0.000000
vt -0.704395 0.541923 0.000000
vt -0.887182 0.540729 0.000000
vt -0.582317 0.542469 0.000000
vt -0.342962 0.538437 0.000000
vt -0.016325 0.632234 0.000000
vt -0.461151 0.541069 0.000000
vt -0.461151 0.541069 0.000000
vt -0.461151 0.541069 0.000000
vt -0.408886 0.256464 0.000000
vt -0.407811 0.199291 0.000000
vt -0.613505 0.181022 0.000000
vt -0.615009 0.256464 0.000000
vt -0.814685 0.179087 0.000000
vt -0.987708 0.178442 0.000000
vt -0.987708 0.256464 0.000000
vt -0.815759 0.256464 0.000000
vt -0.613505 0.181022 0.000000
vt -0.407811 0.199291 0.000000
vt -0.987708 0.178442 0.000000
vt -0.814685 0.179087 0.000000
vt -0.241236 0.256464 0.000000
vt -0.407811 0.199291 0.000000
vt -0.613505 0.181022 0.000000
vt -0.615009 0.256464 0.000000
vt -0.408886 0.256464 0.000000
vt -0.814685 0.179087 0.000000
vt -0.987708 0.178442 0.000000
vt -0.987708 0.256464 0.000000
vt -0.815759 0.256464 0.000000
vt -0.613505 0.181022 0.000000
vt -0.407811 0.199291 0.000000
vt -0.987708 0.178442 0.000000
vt -0.814685 0.179087 0.000000
vt -0.241236 0.256464 0.000000
vt -0.408886 0.256464 0.000000
vt -0.407811 0.199291 0.000000
vt -0.613505 0.181022 0.000000
vt -0.615009 0.256464 0.000000
vt -0.815759 0.256464 0.000000
vt -0.814685 0.179087 0.000000
vt -0.987708 0.178442 0.000000
vt -0.987708 0.256464 0.000000
vt -0.613505 0.181022 0.000000
vt -0.407811 0.199291 0.000000
vt -0.987708 0.178442 0.000000
vt -0.814685 0.179087 0.000000
vt -0.241236 0.256464 0.000000
vt -0.408886 0.256464 0.000000
vt -0.407811 0.199291 0.000000
vt -0.613505 0.181022 0.000000
vt -0.615009 0.256464 0.000000
vt -0.815759 0.256464 0.000000
vt -0.814685 0.179087 0.000000
vt -0.987708 0.178442 0.000000
vt -0.987708 0.256464 0.000000
vt -0.613505 0.181022 0.000000
vt -0.407811 0.199291 0.000000
vt -0.987708 0.178442 0.000000
vt -0.814685 0.179087 0.000000
vt -0.241236 0.256464 0.000000
vt -0.408886 0.256464 0.000000
vt -0.407811 0.199291 0.000000
vt -0.613505 0.181022 0.000000
vt -0.615009 0.256464 0.000000
vt -0.815759 0.256464 0.000000
vt -0.814685 0.179087 0.000000
vt -0.987708 0.178442 0.000000
vt -0.987708 0.256464 0.000000
vt -0.613505 0.181022 0.000000
vt -0.407811 0.199291 0.000000
vt -0.987708 0.178442 0.000000
vt -0.814685 0.179087 0.000000
vt -0.241236 0.256464 0.000000
vt -0.408886 0.256464 0.000000
vt -0.407811 0.199291 0.000000
vt -0.613505 0.181022 0.000000
vt -0.615009 0.256464 0.000000
vt -0.815759 0.256464 0.000000
vt -0.814685 0.179087 0.000000
vt -0.987708 0.178442 0.000000
vt -0.987708 0.256464 0.000000
vt -0.613505 0.181022 0.000000
vt -0.407811 0.199291 0.000000
vt -0.987708 0.178442 0.000000
vt -0.814685 0.179087 0.000000
vt -0.241236 0.256464 0.000000
vt -0.408886 0.256464 0.000000
vt -0.615009 0.256464 0.000000
vt -0.613505 0.181022 0.000000
vt -0.407811 0.199291 0.000000
vt -0.815759 0.256464 0.000000
vt -0.987708 0.256464 0.000000
vt -0.987708 0.178442 0.000000
vt -0.814685 0.179087 0.000000
vt -0.407811 0.199291 0.000000
vt -0.613505 0.181022 0.000000
vt -0.814685 0.179087 0.000000
vt -0.987708 0.178442 0.000000
vt -0.241236 0.256464 0.000000
vt -0.408886 0.256464 0.000000
vt -0.615009 0.256464 0.000000
vt -0.613505 0.181022 0.000000
vt -0.407811 0.199291 0.000000
vt -0.815759 0.256464 0.000000
vt -0.987708 0.256464 0.000000
vt -0.987708 0.178442 0.000000
vt -0.814685 0.179087 0.000000
vt -0.407811 0.199291 0.000000
vt -0.613505 0.181022 0.000000
vt -0.814685 0.179087 0.000000
vt -0.987708 0.178442 0.000000
vt -0.241236 0.256464 0.000000
vt -0.615009 0.256464 0.000000
vt -0.613505 0.181022 0.000000
vt -0.407811 0.199291 0.000000
vt -0.408886 0.256464 0.000000
vt -0.815759 0.256464 0.000000
vt -0.987708 0.256464 0.000000
vt -0.987708 0.178442 0.000000
vt -0.814685 0.179087 0.000000
vt -0.407811 0.199291 0.000000
vt -0.613505 0.181022 0.000000
vt -0.814685 0.179087 0.000000
vt -0.987708 0.178442 0.000000
vt -0.241236 0.256464 0.000000
vt -0.615009 0.256464 0.000000
vt -0.613505 0.181022 0.000000
vt -0.407811 0.199291 0.000000
vt -0.408886 0.256464 0.000000
vt -0.987708 0.256464 0.000000
vt -0.987708 0.178442 0.000000
vt -0.814685 0.179087 0.000000
vt -0.815759 0.256464 0.000000
vt -0.407811 0.199291 0.000000
vt -0.613505 0.181022 0.000000
vt -0.814685 0.179087 0.000000
vt -0.987708 0.178442 0.000000
vt -0.241236 0.256464 0.000000
vt -0.615009 0.256464 0.000000
vt -0.613505 0.181022 0.000000
vt -0.407811 0.199291 0.000000
vt -0.408886 0.256464 0.000000
vt -0.815759 0.256464 0.000000
vt -0.987708 0.256464 0.000000
vt -0.987708 0.178442 0.000000
vt -0.814685 0.179087 0.000000
vt -0.407811 0.199291 0.000000
vt -0.613505 0.181022 0.000000
vt -0.814685 0.179087 0.000000
vt -0.987708 0.178442 0.000000
vt -0.241236 0.256464 0.000000
vt -0.615009 0.256464 0.000000
vt -0.613505 0.181022 0.000000
vt -0.407811 0.199291 0.000000
vt -0.408886 0.256464 0.000000
vt -0.815759 0.256464 0.000000
vt -0.987708 0.256464 0.000000
vt -0.987708 0.178442 0.000000
vt -0.814685 0.179087 0.000000
vt -0.407811 0.199291 0.000000
vt -0.613505 0.181022 0.000000
vt -0.814685 0.179087 0.000000
vt -0.987708 0.178442 0.000000
vt -0.241236 0.256464 0.000000
vt -0.615009 0.256464 0.000000
vt -0.613505 0.181022 0.000000
vt -0.407811 0.199291 0.000000
vt -0.408886 0.256464 0.000000
vt -0.987708 0.256464 0.000000
vt -0.987708 0.178442 0.000000
vt -0.814685 0.179087 0.000000
vt -0.815759 0.256464 0.000000
vt -0.407811 0.199291 0.000000
vt -0.613505 0.181022 0.000000
vt -0.814685 0.179087 0.000000
vt -0.987708 0.178442 0.000000
vt -0.241236 0.256464 0.000000
vt -0.408886 0.256464 0.000000
vt -0.615009 0.256464 0.000000
vt -0.613505 0.181022 0.000000
vt -0.407811 0.199291 0.000000
vt -0.815759 0.256464 0.000000
vt -0.987708 0.256464 0.000000
vt -0.987708 0.178442 0.000000
vt -0.814685 0.179087 0.000000
vt -0.407811 0.199291 0.000000
vt -0.613505 0.181022 0.000000
vt -0.814685 0.179087 0.000000
vt -0.987708 0.178442 0.000000
vt -0.241236 0.256464 0.000000
vt -0.408886 0.256464 0.000000
vt -0.407811 0.199291 0.000000
vt -0.613505 0.181022 0.000000
vt -0.615009 0.256464 0.000000
vt -0.815759 0.256464 0.000000
vt -0.814685 0.179087 0.000000
vt -0.987708 0.178442 0.000000
vt -0.987708 0.256464 0.000000
vt -0.613505 0.181022 0.000000
vt -0.407811 0.199291 0.000000
vt -0.987708 0.178442 0.000000
vt -0.814685 0.179087 0.000000
vt -0.241236 0.256464 0.000000
vt -0.408886 0.256464 0.000000
vt -0.407811 0.199291 0.000000
vt -0.613505 0.181022 0.000000
vt -0.615009 0.256464 0.000000
vt -0.815759 0.256464 0.000000
vt -0.814685 0.179087 0.000000
vt -0.987708 0.178442 0.000000
vt -0.987708 0.256464 0.000000
vt -0.613505 0.181022 0.000000
vt -0.407811 0.199291 0.000000
vt -0.987708 0.178442 0.000000
vt -0.814685 0.179087 0.000000
vt -0.241236 0.256464 0.000000
vt -0.469093 0.595319 0.000000
vt -0.345754 0.671203 0.000000
vt -0.583102 0.679461 0.000000
vt -0.791927 0.542072 0.000000
vt -0.704395 0.541923 0.000000
vt -0.701137 0.617850 0.000000
vt -0.821654 0.613732 0.000000
vt -0.710530 0.670509 0.000000
vt -0.875061 0.634075 0.000000
vt -0.582966 0.614971 0.000000
vt -0.180918 0.541504 0.000000
vt -0.191954 0.603083 0.000000
vt -0.346226 0.592490 0.000000
vt -0.342962 0.538437 0.000000
vt -0.180918 0.541504 0.000000
vt -0.180918 0.541504 0.000000
vt -0.342962 0.538437 0.000000
vt -0.469093 0.595319 0.000000
vt -0.583102 0.679461 0.000000
vt -0.345754 0.671203 0.000000
vt -0.821654 0.613732 0.000000
vt -0.701136 0.617850 0.000000
vt -0.704395 0.541923 0.000000
vt -0.791927 0.542072 0.000000
vt -0.875061 0.634075 0.000000
vt -0.710530 0.670509 0.000000
vt -0.582966 0.614971 0.000000
vt -0.180918 0.541504 0.000000
vt -0.342962 0.538437 0.000000
vt -0.346226 0.592490 0.000000
vt -0.191954 0.603083 0.000000
vt -0.197766 0.663331 0.000000
vt -0.101770 0.613215 0.000000
vt -0.097341 0.583295 0.000000
vt -0.097341 0.583295 0.000000
vt -0.097341 0.583295 0.000000
vt -0.197766 0.663331 0.000000
vt -0.101770 0.613215 0.000000
vt -0.097341 0.583295 0.000000
vt -0.104832 0.649923 0.000000
vt -0.104832 0.649923 0.000000
vt -0.016325 0.632234 0.000000
vt -0.016325 0.632234 0.000000
vt -0.988122 0.557349 0.000000
vt -0.887182 0.540729 0.000000
vt -0.582317 0.542469 0.000000
vt -0.461151 0.541069 0.000000
vt -0.791927 0.542072 0.000000
vt -0.821654 0.613732 0.000000
vt -0.704395 0.541923 0.000000
vt -0.887182 0.540729 0.000000
vt -0.582317 0.542469 0.000000
vt -0.988122 0.557349 0.000000
vt -0.887182 0.540729 0.000000
vt -0.988122 0.557349 0.000000
vt -0.582317 0.542469 0.000000
vt -0.791927 0.542072 0.000000
vt -0.704395 0.541923 0.000000
vt -0.887182 0.540729 0.000000
vt -0.582317 0.542469 0.000000
vt -0.342962 0.538437 0.000000
vt -0.016325 0.632234 0.000000
vt -0.461151 0.541069 0.000000
vt -0.461151 0.541069 0.000000
vt -0.461151 0.541069 0.000000
usemtl Material_4
f 2377/2377 2378/2378 2379/2379
f 2379/2379 2380/2380 2377/2377
f 2381/2381 2382/2382 2383/2383
f 2383/2383 2384/2384 2381/2381
f 2378/2378 2377/2377 2385/2385
f 2385/2385 2386/2386 2378/2378
f 2384/2384 2387/2387 2388/2388
f 2388/2388 2381/2381 2384/2384
f 2378/2378 2384/2384 2383/2383
f 2383/2383 2379/2379 2378/2378
f 2384/2384 2378/2378 2386/2386
f 2386/2386 2387/2387 2384/2384
f 2380/2380 2389/2389 2377/2377
f 2389/2389 2385/2385 2377/2377
f 2390/2390 2391/2391 2392/2392
f 2392/2392 2393/2393 2390/2390
f 2394/2394 2395/2395 2396/2396
f 2396/2396 2397/2397 2394/2394
f 2390/2390 2393/2393 2398/2398
f 2398/2398 2399/2399 2390/2390
f 2397/2397 2400/2400 2401/2401
f 2401/2401 2394/2394 2397/2397
f 2390/2390 2397/2397 2396/2396
f 2396/2396 2391/2391 2390/2390
f 2397/2397 2390/2390 2399/2399
f 2399/2399 2400/2400 2397/2397
f 2392/2392 2402/2402 2393/2393
f 2402/2402 2398/2398 2393/2393
f 2403/2403 2404/2404 2405/2405
f 2405/2405 2406/2406 2403/2403
f 2407/2407 2408/2408 2409/2409
f 2409/2409 2410/2410 2407/2407
f 2404/2404 2403/2403 2411/2411
f 2411/2411 2412/2412 2404/2404
f 2407/2407 2413/2413 2414/2414
f 2414/2414 2408/2408 2407/2407
f 2404/2404 2407/2407 2410/2410
f 2410/2410 2405/2405 2404/2404
f 2407/2407 2404/2404 2412/2412
f 2412/2412 2413/2413 2407/2407
f 2406/2406 2415/2415 2403/2403
f 2415/2415 2411/2411 2403/2403
f 2416/2416 2417/2417 2418/2418
f 2418/2418 2419/2419 2416/2416
f 2420/2420 2421/2421 2422/2422
f 2422/2422 2423/2423 2420/2420
f 2417/2417 2416/2416 2424/2424
f 2424/2424 2425/2425 2417/2417
f 2420/2420 2426/2426 2427/2427
f 2427/2427 2421/2421 2420/2420
f 2417/2417 2420/2420 2423/2423
f 2423/2423 2418/2418 2417/2417
f 2420/2420 2417/2417 2425/2425
f 2425/2425 2426/2426 2420/2420
f 2419/2419 2428/2428 2416/2416
f 2428/2428 2424/2424 2416/2416
f 2429/2429 2430/2430 2431/2431
f 2431/2431 2432/2432 2429/2429
f 2433/2433 2434/2434 2435/2435
f 2435/2435 2436/2436 2433/2433
f 2430/2430 2429/2429 2437/2437
f 2437/2437 2438/2438 2430/2430
f 2433/2433 2439/2439 2440/2440
f 2440/2440 2434/2434 2433/2433
f 2430/2430 2433/2433 2436/2436
f 2436/2436 2431/2431 2430/2430
f 2433/2433 2430/2430 2438/2438
f 2438/2438 2439/2439 2433/2433
f 2432/2432 2441/2441 2429/2429
f 2441/2441 2437/2437 2429/2429
f 2442/2442 2443/2443 2444/2444
f 2444/2444 2445/2445 2442/2442
f 2446/2446 2447/2447 2448/2448
f 2448/2448 2449/2449 2446/2446
f 2443/2443 2442/2442 2450/2450
f 2450/2450 2451/2451 2443/2443
f 2446/2446 2452/2452 2453/2453
f 2453/2453 2447/2447 2446/2446
f 2443/2443 2446/2446 2449/2449
f 2449/2449 2444/2444 2443/2443
f 2446/2446 2443/2443 2451/2451
f 2451/2451 2452/2452 2446/2446
f 2445/2445 2454/2454 2442/2442
f 2454/2454 2450/2450 2442/2442
f 2455/2455 2456/2456 2457/2457
f 2457/2457 2458/2458 2455/2455
f 2459/2459 2460/2460 2461/2461
f 2461/2461 2462/2462 2459/2459
f 2458/2458 2463/2463 2464/2464
f 2464/2464 2455/2455 2458/2458
f 2465/2465 2466/2466 2459/2459
f 2459/2459 2462/2462 2465/2465
f 2458/2458 2457/2457 2460/2460
f 2460/2460 2459/2459 2458/2458
f 2459/2459 2466/2466 2463/2463
f 2463/2463 2458/2458 2459/2459
f 2456/2456 2455/2455 2467/2467
f 2467/2467 2455/2455 2464/2464
f 2468/2468 2469/2469 2470/2470
f 2470/2470 2471/2471 2468/2468
f 2472/2472 2473/2473 2474/2474
f 2474/2474 2475/2475 2472/2472
f 2471/2471 2476/2476 2477/2477
f 2477/2477 2468/2468 2471/2471
f 2478/2478 2479/2479 2472/2472
f 2472/2472 2475/2475 2478/2478
f 2471/2471 2470/2470 2473/2473
f 2473/2473 2472/2472 2471/2471
f 2472/2472 2479/2479 2476/2476
f 2476/2476 2471/2471 2472/2472
f 2469/2469 2468/2468 2480/2480
f 2480/2480 2468/2468 2477/2477
f 2481/2481 2482/2482 2483/2483
f 2483/2483 2484/2484 2481/2481
f 2485/2485 2486/2486 2487/2487
f 2487/2487 2488/2488 2485/2485
f 2483/2483 2489/2489 2490/2490
f 2490/2490 2484/2484 2483/2483
f 2491/2491 2492/2492 2485/2485
f 2485/2485 2488/2488 2491/2491
f 2483/2483 2482/2482 2486/2486
f 2486/2486 2485/2485 2483/2483
f 2485/2485 2492/2492 2489/2489
f 2489/2489 2483/2483 2485/2485
f 2481/2481 2484/2484 2493/2493
f 2493/2493 2484/2484 2490/2490
f 2494/2494 2495/2495 2496/2496
f 2496/2496 2497/2497 2494/2494
f 2498/2498 2499/2499 2500/2500
f 2500/2500 2501/2501 2498/2498
f 2496/2496 2502/2502 2503/2503
f 2503/2503 2497/2497 2496/2496
f 2500/2500 2504/2504 2505/2505
f 2505/2505 2501/2501 2500/2500
f 2495/2495 2498/2498 2501/2501
f 2501/2501 2496/2496 2495/2495
f 2501/2501 2505/2505 2502/2502
f 2502/2502 2496/2496 2501/2501
f 2494/2494 2497/2497 2506/2506
f 2506/2506 2497/2497 2503/2503
f 2507/2507 2508/2508 2509/2509
f 2509/2509 2510/2510 2507/2507
f 2511/2511 2512/2512 2513/2513
f 2513/2513 2514/2514 2511/2511
f 2509/2509 2515/2515 2516/2516
f 2516/2516 2510/2510 2509/2509
f 2517/2517 2518/2518 2511/2511
f 2511/2511 2514/2514 2517/2517
f 2509/2509 2508/2508 2512/2512
f 2512/2512 2511/2511 2509/2509
f 2511/2511 2518/2518 2515/2515
f 2515/2515 2509/2509 2511/2511
f 2507/2507 2510/2510 2519/2519
f 2519/2519 2510/2510 2516/2516
f 2520/2520 2521/2521 2522/2522
f 2522/2522 2523/2523 2520/2520
f 2524/2524 2525/2525 2526/2526
f 2526/2526 2527/2527 2524/2524
f 2522/2522 2528/2528 2529/2529
f 2529/2529 2523/2523 2522/2522
f 2530/2530 2531/2531 2524/2524
f 2524/2524 2527/2527 2530/2530
f 2522/2522 2521/2521 2525/2525
f 2525/2525 2524/2524 2522/2522
f 2524/2524 2531/2531 2528/2528
f 2528/2528 2522/2522 2524/2524
f 2520/2520 2523/2523 2532/2532
f 2532/2532 2523/2523 2529/2529
f 2533/2533 2534/2534 2535/2535
f 2535/2535 2536/2536 2533/2533
f 2537/2537 2538/2538 2539/2539
f 2539/2539 2540/2540 2537/2537
f 2535/2535 2541/2541 2542/2542
f 2542/2542 2536/2536 2535/2535
f 2543/2543 2544/2544 2540/2540
f 2540/2540 2539/2539 2543/2543
f 2535/2535 2534/2534 2537/2537
f 2537/2537 2540/2540 2535/2535
f 2540/2540 2544/2544 2541/2541
f 2541/2541 2535/2535 2540/2540
f 2533/2533 2536/2536 2545/2545
f 2545/2545 2536/2536 2542/2542
f 2546/2546 2547/2547 2548/2548
f 2548/2548 2549/2549 2546/2546
f 2550/2550 2551/2551 2552/2552
f 2552/2552 2553/2553 2550/2550
f 2549/2549 2554/2554 2555/2555
f 2555/2555 2546/2546 2549/2549
f 2556/2556 2557/2557 2550/2550
f 2550/2550 2553/2553 2556/2556
f 2549/2549 2548/2548 2551/2551
f 2551/2551 2550/2550 2549/2549
f 2550/2550 2557/2557 2554/2554
f 2554/2554 2549/2549 2550/2550
f 2547/2547 2546/2546 2558/2558
f 2558/2558 2546/2546 2555/2555
f 2559/2559 2560/2560 2561/2561
f 2561/2561 2562/2562 2559/2559
f 2563/2563 2564/2564 2565/2565
f 2565/2565 2566/2566 2563/2563
f 2560/2560 2559/2559 2567/2567
f 2567/2567 2568/2568 2560/2560
f 2563/2563 2569/2569 2570/2570
f 2570/2570 2564/2564 2563/2563
f 2560/2560 2563/2563 2566/2566
f 2566/2566 2561/2561 2560/2560
f 2563/2563 2560/2560 2568/2568
f 2568/2568 2569/2569 2563/2563
f 2562/2562 2571/2571 2559/2559
f 2571/2571 2567/2567 2559/2559
f 2572/2572 2573/2573 2574/2574
f 2574/2574 2575/2575 2572/2572
f 2576/2576 2577/2577 2578/2578
f 2578/2578 2579/2579 2576/2576
f 2573/2573 2572/2572 2580/2580
f 2580/2580 2581/2581 2573/2573
f 2576/2576 2582/2582 2583/2583
f 2583/2583 2577/2577 2576/2576
f 2573/2573 2576/2576 2579/2579
f 2579/2579 2574/2574 2573/2573
f 2576/2576 2573/2573 2581/2581
f 2581/2581 2582/2582 2576/2576
f 2575/2575 2584/2584 2572/2572
f 2584/2584 2580/2580 2572/2572
f 2585/2585 2586/2586 2587/2587
f 2588/2588 2589/2589 2590/2590
f 2590/2590 2591/2591 2588/2588
f 2592/2592 2588/2588 2591/2591
f 2591/2591 2593/2593 2592/2592
f 2588/2588 2592/2592 2586/2586
f 2586/2586 2594/2594 2588/2588
f 2595/2595 2596/2596 2597/2597
f 2597/2597 2598/2598 2595/2595
f 2599/2599 2600/2600 2601/2601
f 2602/2602 2603/2603 2604/2604
f 2605/2605 2606/2606 2607/2607
f 2607/2607 2608/2608 2605/2605
f 2609/2609 2605/2605 2608/2608
f 2608/2608 2610/2610 2609/2609
f 2611/2611 2604/2604 2610/2610
f 2610/2610 2608/2608 2611/2611
f 2612/2612 2613/2613 2614/2614
f 2614/2614 2615/2615 2612/2612
f 2587/2587 2616/2616 2596/2596
f 2596/2596 2595/2595 2587/2587
f 2617/2617 2618/2618 2597/2597
f 2597/2597 2596/2596 2617/2617
f 2619/2619 2599/2599 2601/2601
f 2601/2601 2620/2620 2619/2619
f 2614/2614 2613/2613 2621/2621
f 2621/2621 2603/2603 2614/2614
f 2622/2622 2623/2623 2613/2613
f 2613/2613 2612/2612 2622/2622
f 2617/2617 2596/2596 2616/2616
f 2616/2616 2624/2624 2617/2617
f 2621/2621 2613/2613 2623/2623
f 2623/2623 2625/2625 2621/2621
f 2619/2619 2620/2620 2626/2626
f 2623/2623 2622/2622 2627/2627
f 2623/2623 2627/2627 2625/2625
f 2591/2591 2628/2628 2629/2629
f 2593/2593 2591/2591 2629/2629
f 2590/2590 2628/2628 2591/2591
f 2589/2589 2594/2594 2630/2630
f 2594/2594 2586/2586 2585/2585
f 2588/2588 2594/2594 2589/2589
f 2594/2594 2585/2585 2631/2631
f 2631/2631 2630/2630 2594/2594
f 2585/2585 2587/2587 2595/2595
f 2632/2632 2633/2633 2634/2634
f 2635/2635 2632/2632 2634/2634
f 2633/2633 2636/2636 2634/2634
f 2635/2635 2634/2634 2637/2637
f 2605/2605 2638/2638 2639/2639
f 2609/2609 2638/2638 2605/2605
f 2606/2606 2605/2605 2639/2639
f 2607/2607 2640/2640 2611/2611
f 2611/2611 2602/2602 2604/2604
f 2608/2608 2607/2607 2611/2611
f 2602/2602 2614/2614 2603/2603
f 2641/2641 2634/2634 2642/2642
f 2643/2643 2634/2634 2641/2641
f 2642/2642 2634/2634 2644/2644
f 2643/2643 2637/2637 2634/2634
f 2600/2600 2645/2645 2601/2601
f 2646/2646 2618/2618 2617/2617
f 2617/2617 2624/2624 2646/2646
f 2614/2614 2602/2602 2647/2647
f 2647/2647 2615/2615 2614/2614
f 2602/2602 2611/2611 2640/2640
f 2640/2640 2647/2647 2602/2602
f 2595/2595 2598/2598 2631/2631
f 2631/2631 2585/2585 2595/2595
f 2634/2634 2636/2636 2648/2648
f 2648/2648 2644/2644 2634/2634
f 2649/2649 2644/2644 2648/2648
f 2649/2649 2648/2648 2645/2645
f 2600/2600 2649/2649 2645/2645
f 2650/2650 2651/2651 2652/2652
f 2652/2652 2653/2653 2650/2650
f 2654/2654 2655/2655 2656/2656
f 2656/2656 2657/2657 2654/2654
f 2653/2653 2658/2658 2659/2659
f 2659/2659 2650/2650 2653/2653
f 2660/2660 2661/2661 2657/2657
f 2657/2657 2656/2656 2660/2660
f 2653/2653 2652/2652 2654/2654
f 2654/2654 2657/2657 2653/2653
f 2657/2657 2661/2661 2658/2658
f 2658/2658 2653/2653 2657/2657
f 2651/2651 2650/2650 2662/2662
f 2662/2662 2650/2650 2659/2659
f 2663/2663 2664/2664 2665/2665
f 2665/2665 2666/2666 2663/2663
f 2667/2667 2668/2668 2669/2669
f 2669/2669 2670/2670 2667/2667
f 2665/2665 2671/2671 2672/2672
f 2672/2672 2666/2666 2665/2665
f 2673/2673 2674/2674 2670/2670
f 2670/2670 2669/2669 2673/2673
f 2665/2665 2664/2664 2667/2667
f 2667/2667 2670/2670 2665/2665
f 2670/2670 2674/2674 2671/2671
f 2671/2671 2665/2665 2670/2670
f 2663/2663 2666/2666 2675/2675
f 2675/2675 2666/2666 2672/2672
f 2676/2676 2677/2677 2678/2678
f 2678/2678 2679/2679 2676/2676
f 2680/2680 2681/2681 2682/2682
f 2682/2682 2683/2683 2680/2680
f 2679/2679 2684/2684 2685/2685
f 2685/2685 2676/2676 2679/2679
f 2686/2686 2687/2687 2680/2680
f 2680/2680 2683/2683 2686/2686
f 2679/2679 2678/2678 2681/2681
f 2681/2681 2680/2680 2679/2679
f 2680/2680 2687/2687 2684/2684
f 2684/2684 2679/2679 2680/2680
f 2677/2677 2676/2676 2688/2688
f 2688/2688 2676/2676 2685/2685
f 2689/2689 2690/2690 2691/2691
f 2691/2691 2692/2692 2689/2689
f 2693/2693 2694/2694 2695/2695
f 2695/2695 2696/2696 2693/2693
f 2692/2692 2697/2697 2698/2698
f 2698/2698 2689/2689 2692/2692
f 2699/2699 2700/2700 2693/2693
f 2693/2693 2696/2696 2699/2699
f 2692/2692 2691/2691 2694/2694
f 2694/2694 2693/2693 2692/2692
f 2693/2693 2700/2700 2697/2697
f 2697/2697 2692/2692 2693/2693
f 2690/2690 2689/2689 2701/2701
f 2701/2701 2689/2689 2698/2698
f 2702/2702 2703/2703 2704/2704
f 2704/2704 2705/2705 2702/2702
f 2706/2706 2707/2707 2708/2708
f 2708/2708 2709/2709 2706/2706
f 2705/2705 2710/2710 2711/2711
f 2711/2711 2702/2702 2705/2705
f 2712/2712 2713/2713 2706/2706
f 2706/2706 2709/2709 2712/2712
f 2705/2705 2704/2704 2707/2707
f 2707/2707 2706/2706 2705/2705
f 2706/2706 2713/2713 2710/2710
f 2710/2710 2705/2705 2706/2706
f 2703/2703 2702/2702 2714/2714
f 2714/2714 2702/2702 2711/2711
f 2715/2715 2716/2716 2717/2717
f 2717/2717 2718/2718 2715/2715
f 2719/2719 2720/2720 2721/2721
f 2721/2721 2722/2722 2719/2719
f 2718/2718 2723/2723 2724/2724
f 2724/2724 2715/2715 2718/2718
f 2725/2725 2726/2726 2719/2719
f 2719/2719 2722/2722 2725/2725
f 2718/2718 2717/2717 2720/2720
f 2720/2720 2719/2719 2718/2718
f 2719/2719 2726/2726 2723/2723
f 2723/2723 2718/2718 2719/2719
f 2716/2716 2715/2715 2727/2727
f 2727/2727 2715/2715 2724/2724
f 2728/2728 2729/2729 2730/2730
f 2730/2730 2731/2731 2728/2728
f 2732/2732 2733/2733 2734/2734
f 2734/2734 2735/2735 2732/2732
f 2729/2729 2728/2728 2736/2736
f 2736/2736 2737/2737 2729/2729
f 2732/2732 2738/2738 2739/2739
f 2739/2739 2733/2733 2732/2732
f 2729/2729 2732/2732 2735/2735
f 2735/2735 2730/2730 2729/2729
f 2732/2732 2729/2729 2737/2737
f 2737/2737 2738/2738 2732/2732
f 2731/2731 2740/2740 2728/2728
f 2740/2740 2736/2736 2728/2728
f 2741/2741 2742/2742 2743/2743
f 2743/2743 2744/2744 2741/2741
f 2745/2745 2746/2746 2747/2747
f 2747/2747 2748/2748 2745/2745
f 2742/2742 2741/2741 2749/2749
f 2749/2749 2750/2750 2742/2742
f 2745/2745 2751/2751 2752/2752
f 2752/2752 2746/2746 2745/2745
f 2742/2742 2745/2745 2748/2748
f 2748/2748 2743/2743 2742/2742
f 2745/2745 2742/2742 2750/2750
f 2750/2750 2751/2751 2745/2745
f 2744/2744 2753/2753 2741/2741
f 2753/2753 2749/2749 2741/2741
f 2754/2754 2755/2755 2756/2756
f 2756/2756 2757/2757 2754/2754
f 2758/2758 2759/2759 2760/2760
f 2760/2760 2761/2761 2758/2758
f 2754/2754 2757/2757 2762/2762
f 2762/2762 2763/2763 2754/2754
f 2758/2758 2764/2764 2765/2765
f 2765/2765 2759/2759 2758/2758
f 2754/2754 2758/2758 2761/2761
f 2761/2761 2755/2755 2754/2754
f 2758/2758 2754/2754 2763/2763
f 2763/2763 2764/2764 2758/2758
f 2756/2756 2766/2766 2757/2757
f 2766/2766 2762/2762 2757/2757
f 2767/2767 2768/2768 2769/2769
f 2769/2769 2770/2770 2767/2767
f 2771/2771 2772/2772 2773/2773
f 2773/2773 2774/2774 2771/2771
f 2767/2767 2770/2770 2775/2775
f 2775/2775 2776/2776 2767/2767
f 2771/2771 2774/2774 2777/2777
f 2777/2777 2778/2778 2771/2771
f 2774/2774 2773/2773 2768/2768
f 2768/2768 2767/2767 2774/2774
f 2774/2774 2767/2767 2776/2776
f 2776/2776 2777/2777 2774/2774
f 2769/2769 2779/2779 2770/2770
f 2779/2779 2775/2775 2770/2770
f 2780/2780 2781/2781 2782/2782
f 2782/2782 2783/2783 2780/2780
f 2784/2784 2785/2785 2786/2786
f 2786/2786 2787/2787 2784/2784
f 2780/2780 2783/2783 2788/2788
f 2788/2788 2789/2789 2780/2780
f 2784/2784 2790/2790 2791/2791
f 2791/2791 2785/2785 2784/2784
f 2780/2780 2784/2784 2787/2787
f 2787/2787 2781/2781 2780/2780
f 2784/2784 2780/2780 2789/2789
f 2789/2789 2790/2790 2784/2784
f 2782/2782 2792/2792 2783/2783
f 2792/2792 2788/2788 2783/2783
f 2793/2793 2794/2794 2795/2795
f 2795/2795 2796/2796 2793/2793
f 2797/2797 2798/2798 2799/2799
f 2799/2799 2800/2800 2797/2797
f 2793/2793 2796/2796 2801/2801
f 2801/2801 2802/2802 2793/2793
f 2797/2797 2803/2803 2804/2804
f 2804/2804 2798/2798 2797/2797
f 2793/2793 2797/2797 2800/2800
f 2800/2800 2794/2794 2793/2793
f 2797/2797 2793/2793 2802/2802
f 2802/2802 2803/2803 2797/2797
f 2795/2795 2805/2805 2796/2796
f 2805/2805 2801/2801 2796/2796
f 2806/2806 2807/2807 2808/2808
f 2808/2808 2809/2809 2806/2806
f 2810/2810 2811/2811 2812/2812
f 2812/2812 2813/2813 2810/2810
f 2806/2806 2809/2809 2814/2814
f 2814/2814 2815/2815 2806/2806
f 2813/2813 2816/2816 2817/2817
f 2817/2817 2810/2810 2813/2813
f 2806/2806 2813/2813 2812/2812
f 2812/2812 2807/2807 2806/2806
f 2813/2813 2806/2806 2815/2815
f 2815/2815 2816/2816 2813/2813
f 2808/2808 2818/2818 2809/2809
f 2818/2818 2814/2814 2809/2809
f 2819/2819 2820/2820 2821/2821
f 2821/2821 2822/2822 2819/2819
f 2823/2823 2824/2824 2825/2825
f 2825/2825 2826/2826 2823/2823
f 2820/2820 2819/2819 2827/2827
f 2827/2827 2828/2828 2820/2820
f 2823/2823 2829/2829 2830/2830
f 2830/2830 2824/2824 2823/2823
f 2820/2820 2823/2823 2826/2826
f 2826/2826 2821/2821 2820/2820
f 2823/2823 2820/2820 2828/2828
f 2828/2828 2829/2829 2823/2823
f 2822/2822 2831/2831 2819/2819
f 2831/2831 2827/2827 2819/2819
f 2832/2832 2833/2833 2834/2834
f 2834/2834 2835/2835 2832/2832
f 2836/2836 2837/2837 2838/2838
f 2838/2838 2839/2839 2836/2836
f 2835/2835 2840/2840 2841/2841
f 2841/2841 2832/2832 2835/2835
f 2842/2842 2843/2843 2836/2836
f 2836/2836 2839/2839 2842/2842
f 2835/2835 2834/2834 2837/2837
f 2837/2837 2836/2836 2835/2835
f 2836/2836 2843/2843 2840/2840
f 2840/2840 2835/2835 2836/2836
f 2833/2833 2832/2832 2844/2844
f 2844/2844 2832/2832 2841/2841
f 2845/2845 2846/2846 2847/2847
f 2847/2847 2848/2848 2845/2845
f 2849/2849 2850/2850 2851/2851
f 2851/2851 2852/2852 2849/2849
f 2848/2848 2853/2853 2854/2854
f 2854/2854 2845/2845 2848/2848
f 2855/2855 2856/2856 2849/2849
f 2849/2849 2852/2852 2855/2855
f 2848/2848 2847/2847 2850/2850
f 2850/2850 2849/2849 2848/2848
f 2849/2849 2856/2856 2853/2853
f 2853/2853 2848/2848 2849/2849
f 2846/2846 2845/2845 2857/2857
f 2857/2857 2845/2845 2854/2854
f 2858/2858 2859/2859 2860/2860
f 2861/2861 2862/2862 2863/2863
f 2863/2863 2864/2864 2861/2861
f 2864/2864 2863/2863 2865/2865
f 2865/2865 2866/2866 2864/2864
f 2860/2860 2865/2865 2863/2863
f 2863/2863 2867/2867 2860/2860
f 2868/2868 2869/2869 2870/2870
f 2870/2870 2871/2871 2868/2868
f 2872/2872 2873/2873 2874/2874
f 2875/2875 2876/2876 2877/2877
f 2878/2878 2879/2879 2880/2880
f 2880/2880 2881/2881 2878/2878
f 2882/2882 2883/2883 2879/2879
f 2879/2879 2878/2878 2882/2882
f 2884/2884 2879/2879 2883/2883
f 2883/2883 2876/2876 2884/2884
f 2885/2885 2886/2886 2887/2887
f 2887/2887 2888/2888 2885/2885
f 2869/2869 2889/2889 2859/2859
f 2859/2859 2870/2870 2869/2869
f 2890/2890 2869/2869 2868/2868
f 2868/2868 2891/2891 2890/2890
f 2873/2873 2872/2872 2892/2892
f 2892/2892 2893/2893 2873/2873
f 2894/2894 2888/2888 2887/2887
f 2887/2887 2877/2877 2894/2894
f 2888/2888 2895/2895 2896/2896
f 2896/2896 2885/2885 2888/2888
f 2890/2890 2897/2897 2889/2889
f 2889/2889 2869/2869 2890/2890
f 2895/2895 2888/2888 2894/2894
f 2894/2894 2898/2898 2895/2895
f 2892/2892 2899/2899 2893/2893
f 2895/2895 2900/2900 2896/2896
f 2895/2895 2898/2898 2900/2900
f 2864/2864 2901/2901 2902/2902
f 2866/2866 2901/2901 2864/2864
f 2861/2861 2864/2864 2902/2902
f 2862/2862 2903/2903 2867/2867
f 2867/2867 2858/2858 2860/2860
f 2863/2863 2862/2862 2867/2867
f 2867/2867 2903/2903 2904/2904
f 2904/2904 2858/2858 2867/2867
f 2858/2858 2870/2870 2859/2859
f 2905/2905 2906/2906 2907/2907
f 2908/2908 2906/2906 2905/2905
f 2907/2907 2906/2906 2909/2909
f 2908/2908 2910/2910 2906/2906
f 2878/2878 2911/2911 2912/2912
f 2882/2882 2878/2878 2912/2912
f 2881/2881 2911/2911 2878/2878
f 2880/2880 2884/2884 2913/2913
f 2884/2884 2876/2876 2875/2875
f 2879/2879 2884/2884 2880/2880
f 2875/2875 2877/2877 2887/2887
f 2914/2914 2915/2915 2906/2906
f 2916/2916 2914/2914 2906/2906
f 2915/2915 2917/2917 2906/2906
f 2916/2916 2906/2906 2910/2910
f 2874/2874 2873/2873 2918/2918
f 2919/2919 2890/2890 2891/2891
f 2890/2890 2919/2919 2897/2897
f 2887/2887 2886/2886 2920/2920
f 2920/2920 2875/2875 2887/2887
f 2875/2875 2920/2920 2913/2913
f 2913/2913 2884/2884 2875/2875
f 2904/2904 2871/2871 2870/2870
f 2870/2870 2858/2858 2904/2904
f 2906/2906 2921/2921 2909/2909
f 2921/2921 2906/2906 2917/2917
f 2922/2922 2921/2921 2917/2917
f 2922/2922 2918/2918 2921/2921
f 2874/2874 2918/2918 2922/2922

g ts_wing03
v 77.276120 78.036870 116.366400
v 61.687890 72.225500 123.818700
v 60.913460 66.517860 119.880500
v 79.777530 72.311720 109.602100
v 109.565500 87.616160 96.076420
v 103.640800 85.863730 99.684490
v 103.801100 81.930330 89.736620
v 111.576500 84.613830 88.636320
v 89.064120 81.413380 109.092700
v 89.770460 75.543160 101.381800
v 96.126660 83.658280 104.548300
v 97.115750 78.729680 94.556720
v 74.850620 83.683910 113.185100
v 57.906370 73.583700 122.322300
v 107.893400 91.898610 92.093950
v 101.867700 92.896550 94.347890
v 84.376790 88.312080 104.802800
v 93.627140 91.998090 97.952870
v 119.945400 91.584430 90.514180
v 86.967640 78.926040 121.890000
v 62.799420 69.437060 129.049800
v 60.924770 65.949530 121.535300
v 88.643680 75.325170 107.143600
v 140.617800 95.300850 103.757600
v 128.253700 92.538540 105.917800
v 133.788700 92.965910 88.593280
v 144.608500 96.327870 91.429870
v 103.800000 84.554280 114.304400
v 106.286900 81.551260 97.206080
v 114.592700 88.307420 109.840900
v 120.640100 87.689990 90.525430
v 81.884050 90.618300 110.037500
v 57.604020 73.874530 124.984100
v 140.496300 106.329500 95.774350
v 126.906100 105.894000 92.983910
v 97.199150 97.553020 101.014100
v 111.938000 103.202700 95.240680
v 161.103700 97.930860 103.326300
v 61.657660 73.016080 110.449700
v 54.363500 72.273610 117.003500
v 52.074480 65.945110 113.779200
v 59.697060 64.448050 105.215500
v 84.635270 79.912930 68.263370
v 81.736470 79.374480 77.508030
v 73.589740 70.850580 66.492580
v 80.113610 73.408790 60.897620
v 71.601920 76.513560 99.558330
v 66.290800 66.053630 92.185740
v 77.953180 78.596330 87.386570
v 70.356480 68.239260 79.261830
v 54.641440 78.558070 107.883800
v 49.260310 73.116210 116.087900
v 75.760890 82.355130 63.064860
v 69.699170 83.200930 70.239090
v 60.160840 81.480100 94.848120
v 65.921650 84.493740 79.168310
v 88.718170 81.664390 52.188120
v 64.634230 73.466830 114.768600
v 57.546530 72.587800 119.101000
v 55.971010 67.578480 115.550900
v 63.581990 66.711910 109.404600
v 90.642520 81.906210 84.039700
v 86.621450 80.734510 91.139950
v 80.717220 74.140340 81.366940
v 87.045480 77.024780 75.234360
v 74.642670 76.919670 107.442200
v 71.064650 68.857190 99.650800
v 81.805850 79.409240 98.407650
v 76.430890 71.576310 89.665810
v 59.272180 78.607940 112.076600
v 53.071470 74.725780 117.883200
v 83.718050 84.410330 79.175630
v 79.016890 85.733490 83.482120
v 65.886670 81.905120 102.272200
v 73.097600 85.479770 90.309040
v 96.311280 83.824580 74.345030
v 42.473350 59.263750 107.074000
v 36.642070 53.361470 109.261500
v 36.797900 52.020690 104.408600
v 43.024290 59.561620 101.180700
v 35.025090 56.441010 85.808940
v 30.025620 50.582560 89.046130
v 30.019500 51.423050 83.982300
v 31.873650 55.295250 81.431560
v 35.058450 51.107870 99.522130
v 40.955840 59.501320 93.360820
v 37.796160 58.014160 88.832150
v 32.289520 50.571690 94.398730
v 33.711440 57.895200 103.928900
v 34.990970 57.061650 109.189700
v 27.858210 55.205910 84.132020
v 27.927950 55.958830 88.707530
v 31.419490 57.480210 99.145650
v 28.173870 56.853470 92.832300
v 29.625730 54.314040 76.772160
v 51.740230 67.704100 105.093200
v 47.103320 67.610980 111.691700
v 44.667610 62.150820 108.762500
v 47.880710 59.022000 102.712100
v 54.973420 65.820510 64.680350
v 57.981550 68.037450 73.949750
v 47.016090 57.430020 71.047290
v 50.207840 58.997690 63.082790
v 55.413330 68.359320 94.731900
v 49.036790 58.004250 91.840760
v 57.087130 68.313880 83.655230
v 46.270370 56.124190 82.654460
v 43.527270 70.689860 104.106100
v 42.136390 69.368970 110.332300
v 46.699830 66.444020 64.662010
v 44.013990 67.897610 73.175220
v 43.742200 70.700380 93.349450
v 41.430420 69.066350 81.463110
v 53.803950 64.454880 52.929130
v 29.491360 50.904410 117.673200
v 24.279880 46.002310 117.607100
v 24.504990 44.748810 114.058400
v 30.678180 51.313820 113.798300
v 26.651010 50.337250 99.181270
v 22.016020 45.583210 99.124620
v 23.260680 46.930890 95.120410
v 25.665570 50.440210 94.545820
v 24.259920 44.817500 108.879100
v 30.157870 51.845150 107.432700
v 27.812360 50.864070 102.735300
v 22.457970 44.772730 103.707100
v 22.339290 50.037110 113.824000
v 23.066670 49.265440 117.733700
v 21.570870 50.272590 95.263500
v 20.571340 50.336890 99.229110
v 21.632000 50.556250 108.638200
v 19.864870 50.688430 102.376400
v 25.491330 50.644870 90.027370
v 46.434880 63.625530 102.012400
v 44.197430 63.248220 108.581100
v 41.083620 59.115810 107.757100
v 41.853380 57.131220 102.146900
v 43.129980 60.742520 80.455860
v 37.875660 54.823480 80.861180
v 38.726730 55.450510 74.940160
v 41.345510 59.678220 73.944530
v 39.967180 55.416460 94.943950
v 46.711270 63.754010 92.232520
v 44.953190 62.314370 85.421630
v 38.244330 54.583550 87.578180
v 39.200020 63.780100 102.676000
v 39.626290 63.287080 108.452600
v 36.719360 59.734440 75.758000
v 36.114260 60.872970 81.696480
v 36.768890 62.640660 95.591350
v 34.930820 61.744910 86.656350
v 40.511930 58.756930 67.454960
v 76.582150 77.131610 112.858500
v 60.537220 71.123730 122.003800
v 59.406460 66.484340 117.835500
v 76.205220 70.883350 106.831300
v 104.387600 86.446740 82.735600
v 99.673080 84.931240 89.631600
v 95.559480 79.464710 79.182760
v 103.097900 82.655460 74.879460
v 87.260330 80.962550 105.498300
v 84.729860 73.704410 96.586000
v 94.419780 83.320350 97.114330
v 90.645260 76.838480 86.047450
v 71.821500 82.670480 109.844000
v 56.354690 73.517960 120.314500
v 99.381980 89.810010 78.898950
v 94.108170 90.947400 82.544560
v 79.523880 86.674940 99.517750
v 87.206240 90.352170 88.351320
v 111.528000 88.762570 75.140060
v 55.934620 69.412090 108.191700
v 51.247460 69.586010 113.311000
v 47.921150 63.954780 108.763200
v 52.637520 61.518340 103.420700
v 70.361050 72.860210 72.166660
v 68.518910 72.686640 79.936600
v 60.002160 64.431270 72.047710
v 66.307530 67.225560 66.590390
v 61.500990 70.942590 98.705580
v 56.848900 62.046240 93.294240
v 65.990020 72.327290 88.285390
v 59.146770 63.300210 82.473420
v 48.461920 73.156750 105.457100
v 45.288700 71.036190 110.737200
v 62.745430 74.608280 68.338100
v 56.867220 74.669460 74.956900
v 51.774290 74.755970 95.346480
v 55.295120 76.619280 82.140220
v 74.538290 74.514600 60.138320
v 35.463070 54.454020 110.746900
v 30.335320 49.530020 111.556300
v 30.171050 48.072800 108.082900
v 36.197810 54.642710 106.745000
v 30.550170 52.794680 92.762180
v 25.994490 48.021970 93.506800
v 26.761060 49.140060 89.316220
v 29.044110 52.622060 88.270990
v 29.339230 47.837980 102.969800
v 34.952580 54.799150 100.460200
v 32.100940 53.533810 96.124630
v 26.962850 47.482430 98.048020
v 27.931110 53.327350 107.793700
v 29.106290 52.788780 111.632900
v 25.059480 52.475790 89.458910
v 24.515560 52.766240 93.502270
v 26.634110 53.539500 102.701000
v 24.166620 53.297200 96.684110
v 28.356030 52.561880 83.797580
v -75.699100 78.036870 116.366300
v -78.200510 72.311730 109.602000
v -59.336420 66.517850 119.880500
v -60.110830 72.225490 123.818700
v -107.988500 87.616140 96.076320
v -109.999400 84.613800 88.636230
v -102.224000 81.930290 89.736530
v -102.063700 85.863700 99.684400
v -87.487050 81.413350 109.092600
v -88.193410 75.543140 101.381700
v -95.538670 78.729640 94.556630
v -94.549610 83.658250 104.548200
v -56.329320 73.583690 122.322300
v -73.273610 83.683910 113.185100
v -100.290600 92.896530 94.347790
v -106.316300 91.898580 92.093840
v -82.799740 88.312070 104.802700
v -92.050060 91.998070 97.952780
v -118.368300 91.584420 90.514050
v -85.390630 78.926030 121.889900
v -87.066630 75.325160 107.143500
v -59.347740 65.949530 121.535200
v -61.222380 69.437040 129.049700
v -139.040700 95.300800 103.757400
v -143.031400 96.327810 91.429730
v -132.214500 92.966450 88.594060
v -126.681700 92.539500 105.919300
v -102.222900 84.554250 114.304300
v -104.709800 81.551230 97.205970
v -119.063100 87.689980 90.525320
v -113.015700 88.307400 109.840800
v -56.026980 73.874520 124.984000
v -80.307040 90.618300 110.037400
v -125.329000 105.894000 92.983790
v -138.919200 106.329400 95.774210
v -95.622100 97.553020 101.014000
v -110.361000 103.202700 95.240580
v -159.526600 97.930810 103.326200
v -60.080600 73.016070 110.449600
v -58.120010 64.448040 105.215500
v -50.497440 65.945100 113.779100
v -52.786460 72.273600 117.003400
v -83.058170 79.912920 68.263280
v -78.536470 73.408760 60.897550
v -72.012640 70.850540 66.492520
v -80.159380 79.374460 77.507940
v -70.024870 76.513530 99.558270
v -64.713740 66.053630 92.185660
v -68.779410 68.239250 79.261760
v -76.376110 78.596310 87.386500
v -47.683260 73.116200 116.087800
v -53.064390 78.558060 107.883700
v -68.122060 83.200900 70.239000
v -74.183810 82.355130 63.064770
v -58.583760 81.480070 94.848070
v -64.344550 84.493720 79.168250
v -87.141080 81.664380 52.188030
v -63.057210 73.466840 114.768600
v -62.004940 66.711900 109.404500
v -54.393960 67.578450 115.550900
v -55.969470 72.587780 119.100900
v -89.065440 81.906180 84.039610
v -85.468380 77.024760 75.234260
v -79.140140 74.140320 81.366870
v -85.044370 80.734480 91.139860
v -73.065620 76.919670 107.442200
v -69.487590 68.857180 99.650730
v -74.853800 71.576290 89.665730
v -80.228780 79.409210 98.407580
v -51.494420 74.725780 117.883200
v -57.695100 78.607910 112.076600
v -77.439800 85.733480 83.482040
v -82.140960 84.410310 79.175550
v -64.309590 81.905100 102.272100
v -71.520540 85.479750 90.308960
v -94.734210 83.824560 74.344930
v -35.220820 52.020670 104.408500
v -35.065010 53.361460 109.261500
v -40.896290 59.263750 107.074000
v -41.447240 59.561620 101.180600
v -28.442410 51.423060 83.982280
v -28.448540 50.582560 89.046100
v -33.448000 56.441000 85.808900
v -30.296560 55.295240 81.431530
v -33.481380 51.107870 99.522090
v -39.378770 59.501320 93.360770
v -30.712440 50.571680 94.398690
v -36.219100 58.014160 88.832110
v -33.413910 57.061660 109.189600
v -32.134370 57.895200 103.928900
v -26.350860 55.958820 88.707520
v -26.281120 55.205900 84.132000
v -29.842410 57.480200 99.145630
v -26.596780 56.853470 92.832280
v -28.048630 54.314030 76.772130
v -50.163180 67.704100 105.093200
v -46.303650 59.021990 102.712000
v -43.090560 62.150810 108.762500
v -45.526280 67.610970 111.691700
v -53.396290 65.820500 64.680290
v -48.630790 58.997680 63.082730
v -45.439020 57.430020 71.047230
v -56.404460 68.037420 73.949680
v -53.836260 68.359300 94.731850
v -47.459740 58.004240 91.840720
v -44.693320 56.124180 82.654400
v -55.510050 68.313860 83.655170
v -40.559350 69.368960 110.332200
v -41.950210 70.689850 104.106000
v -42.436910 67.897600 73.175160
v -45.122720 66.443990 64.661980
v -42.165140 70.700360 93.349400
v -39.853320 69.066330 81.463070
v -52.226820 64.454860 52.929080
v -22.927930 44.748820 114.058400
v -22.702830 46.002310 117.607100
v -27.914310 50.904410 117.673200
v -29.101130 51.313810 113.798300
v -21.683590 46.930890 95.120380
v -20.438940 45.583220 99.124600
v -25.073930 50.337260 99.181240
v -24.088500 50.440220 94.545790
v -22.682860 44.817500 108.879000
v -28.580810 51.845150 107.432700
v -20.880910 44.772730 103.707100
v -26.235290 50.864070 102.735300
v -21.489620 49.265450 117.733700
v -20.762240 50.037120 113.823900
v -18.994260 50.336890 99.229090
v -19.993780 50.272580 95.263500
v -20.054940 50.556250 108.638200
v -18.287800 50.688430 102.376300
v -23.914240 50.644860 90.027350
v -44.857820 63.625530 102.012400
v -40.276320 57.131210 102.146800
v -39.506570 59.115800 107.757100
v -42.620380 63.248220 108.581000
v -37.149640 55.450490 74.940120
v -36.298610 54.823470 80.861140
v -41.552880 60.742500 80.455830
v -39.768460 59.678220 73.944470
v -38.390110 55.416450 94.943910
v -45.134210 63.754010 92.232480
v -36.667250 54.583550 87.578140
v -43.376110 62.314350 85.421570
v -38.049230 63.287080 108.452600
v -37.622960 63.780090 102.676000
v -34.537180 60.872940 81.696450
v -35.142280 59.734420 75.757950
v -35.191830 62.640650 95.591320
v -33.353750 61.744890 86.656310
v -38.934880 58.756930 67.454900
v -75.005130 77.131580 112.858400
v -74.628140 70.883320 106.831300
v -57.829410 66.484310 117.835400
v -58.960170 71.123730 122.003800
v -102.810600 86.446720 82.735500
v -101.520800 82.655430 74.879340
v -93.982410 79.464690 79.182690
v -98.096000 84.931210 89.631500
v -85.683270 80.962540 105.498200
v -83.152790 73.704390 96.585910
v -89.068180 76.838440 86.047360
v -92.842700 83.320330 97.114240
v -54.777620 73.517940 120.314500
v -70.244450 82.670460 109.844000
v -92.531090 90.947380 82.544460
v -97.804910 89.809990 78.898860
v -77.946820 86.674930 99.517670
v -85.629180 90.352150 88.351210
v -109.950900 88.762540 75.139950
v -54.357580 69.412080 108.191600
v -51.060460 61.518340 103.420600
v -46.344110 63.954780 108.763100
v -49.670400 69.586010 113.310900
v -68.783920 72.860170 72.166590
v -64.730430 67.225540 66.590310
v -58.425080 64.431260 72.047650
v -66.941790 72.686610 79.936540
v -59.923910 70.942580 98.705510
v -55.271820 62.046220 93.294170
v -57.569690 63.300200 82.473350
v -64.412930 72.327270 88.285310
v -43.711650 71.036180 110.737100
v -46.884870 73.156740 105.457000
v -55.290120 74.669440 74.956840
v -61.168340 74.608260 68.338040
v -50.197220 74.755950 95.346430
v -53.718030 76.619260 82.140150
v -72.961180 74.514550 60.138250
v -28.594000 48.072800 108.082900
v -28.758260 49.530020 111.556300
v -33.886010 54.454020 110.746800
v -34.620750 54.642700 106.745000
v -25.183980 49.140050 89.316190
v -24.417410 48.021980 93.506790
v -28.973090 52.794680 92.762150
v -27.467010 52.622040 88.270960
v -27.762150 47.837980 102.969800
v -33.375510 54.799140 100.460200
v -25.385780 47.482440 98.047990
v -30.523850 53.533810 96.124600
v -27.529230 52.788780 111.632800
v -26.354040 53.327350 107.793600
v -22.938480 52.766250 93.502260
v -23.482380 52.475780 89.458890
v -25.057040 53.539500 102.701000
v -22.589540 53.297200 96.684100
v -26.778940 52.561870 83.797540
vt 0.155501 0.767978 0.000000
vt 0.009642 0.769417 0.000000
vt 0.019611 0.706326 0.000000
vt 0.164329 0.688806 0.000000
vt 0.751894 0.773694 0.000000
vt 0.568981 0.770981 0.000000
vt 0.573645 0.700399 0.000000
vt 0.768974 0.719331 0.000000
vt 0.298943 0.768347 0.000000
vt 0.295954 0.687549 0.000000
vt 0.430843 0.770274 0.000000
vt 0.436119 0.692215 0.000000
vt 0.164329 0.688806 0.000000
vt 0.019611 0.706326 0.000000
vt 0.768974 0.719331 0.000000
vt 0.573645 0.700399 0.000000
vt 0.295954 0.687549 0.000000
vt 0.436119 0.692215 0.000000
vt 0.989326 0.771410 0.000000
vt -0.844499 0.767978 0.000000
vt -0.990358 0.769417 0.000000
vt -0.980389 0.706326 0.000000
vt -0.835671 0.688806 0.000000
vt -0.248106 0.773694 0.000000
vt -0.431019 0.770981 0.000000
vt -0.426356 0.700399 0.000000
vt -0.231026 0.719331 0.000000
vt -0.701057 0.768347 0.000000
vt -0.704046 0.687549 0.000000
vt -0.569157 0.770274 0.000000
vt -0.563881 0.692215 0.000000
vt -0.835671 0.688806 0.000000
vt -0.980389 0.706326 0.000000
vt -0.231026 0.719331 0.000000
vt -0.426356 0.700399 0.000000
vt -0.704046 0.687549 0.000000
vt -0.563881 0.692215 0.000000
vt -0.010674 0.771410 0.000000
vt -0.844499 0.767978 0.000000
vt -0.990358 0.769417 0.000000
vt -0.980389 0.706326 0.000000
vt -0.835671 0.688806 0.000000
vt -0.248106 0.773694 0.000000
vt -0.431019 0.770981 0.000000
vt -0.426355 0.700399 0.000000
vt -0.231026 0.719331 0.000000
vt -0.701057 0.768347 0.000000
vt -0.704046 0.687549 0.000000
vt -0.569157 0.770274 0.000000
vt -0.563881 0.692215 0.000000
vt -0.835671 0.688806 0.000000
vt -0.980389 0.706326 0.000000
vt -0.231026 0.719331 0.000000
vt -0.426356 0.700399 0.000000
vt -0.704046 0.687549 0.000000
vt -0.563881 0.692215 0.000000
vt -0.010674 0.771410 0.000000
vt -0.844499 0.767978 0.000000
vt -0.990358 0.769417 0.000000
vt -0.980389 0.706326 0.000000
vt -0.835671 0.688806 0.000000
vt -0.248106 0.773694 0.000000
vt -0.431019 0.770981 0.000000
vt -0.426355 0.700399 0.000000
vt -0.231026 0.719331 0.000000
vt -0.701057 0.768347 0.000000
vt -0.704046 0.687549 0.000000
vt -0.569157 0.770274 0.000000
vt -0.563881 0.692215 0.000000
vt -0.835671 0.688806 0.000000
vt -0.980389 0.706326 0.000000
vt -0.231026 0.719331 0.000000
vt -0.426356 0.700399 0.000000
vt -0.704046 0.687549 0.000000
vt -0.563881 0.692215 0.000000
vt -0.010674 0.771410 0.000000
vt -0.990358 0.769417 0.000000
vt -0.980389 0.706326 0.000000
vt -0.835671 0.688806 0.000000
vt -0.844499 0.767978 0.000000
vt -0.431019 0.770981 0.000000
vt -0.426355 0.700399 0.000000
vt -0.231026 0.719331 0.000000
vt -0.248106 0.773694 0.000000
vt -0.704046 0.687549 0.000000
vt -0.701057 0.768347 0.000000
vt -0.569157 0.770274 0.000000
vt -0.563881 0.692215 0.000000
vt -0.835671 0.688806 0.000000
vt -0.980389 0.706326 0.000000
vt -0.231026 0.719331 0.000000
vt -0.426356 0.700399 0.000000
vt -0.704046 0.687549 0.000000
vt -0.563881 0.692215 0.000000
vt -0.010674 0.771410 0.000000
vt -0.844499 0.767978 0.000000
vt -0.990358 0.769417 0.000000
vt -0.980389 0.706326 0.000000
vt -0.835671 0.688806 0.000000
vt -0.248106 0.773694 0.000000
vt -0.431019 0.770981 0.000000
vt -0.426356 0.700399 0.000000
vt -0.231026 0.719331 0.000000
vt -0.701057 0.768347 0.000000
vt -0.704046 0.687549 0.000000
vt -0.569157 0.770274 0.000000
vt -0.563881 0.692215 0.000000
vt -0.835671 0.688806 0.000000
vt -0.980389 0.706326 0.000000
vt -0.231026 0.719331 0.000000
vt -0.426355 0.700399 0.000000
vt -0.704046 0.687549 0.000000
vt -0.563881 0.692215 0.000000
vt -0.010674 0.771410 0.000000
vt -0.990358 0.769417 0.000000
vt -0.980389 0.706326 0.000000
vt -0.835671 0.688806 0.000000
vt -0.844499 0.767978 0.000000
vt -0.431019 0.770981 0.000000
vt -0.426355 0.700399 0.000000
vt -0.231026 0.719331 0.000000
vt -0.248106 0.773694 0.000000
vt -0.704046 0.687549 0.000000
vt -0.701057 0.768347 0.000000
vt -0.569157 0.770274 0.000000
vt -0.563881 0.692215 0.000000
vt -0.835671 0.688806 0.000000
vt -0.980389 0.706326 0.000000
vt -0.231026 0.719331 0.000000
vt -0.426355 0.700399 0.000000
vt -0.704046 0.687549 0.000000
vt -0.563881 0.692215 0.000000
vt -0.010674 0.771410 0.000000
vt -0.844499 0.767978 0.000000
vt -0.990358 0.769417 0.000000
vt -0.980389 0.706326 0.000000
vt -0.835671 0.688806 0.000000
vt -0.431019 0.770981 0.000000
vt -0.426356 0.700399 0.000000
vt -0.231026 0.719331 0.000000
vt -0.248106 0.773694 0.000000
vt -0.704046 0.687549 0.000000
vt -0.701057 0.768347 0.000000
vt -0.569157 0.770274 0.000000
vt -0.563881 0.692215 0.000000
vt -0.835671 0.688806 0.000000
vt -0.980389 0.706326 0.000000
vt -0.231026 0.719331 0.000000
vt -0.426355 0.700399 0.000000
vt -0.704046 0.687549 0.000000
vt -0.563881 0.692215 0.000000
vt -0.010674 0.771410 0.000000
vt -0.844499 0.767978 0.000000
vt -0.990358 0.769417 0.000000
vt -0.980389 0.706326 0.000000
vt -0.835671 0.688806 0.000000
vt -0.248106 0.773694 0.000000
vt -0.431019 0.770981 0.000000
vt -0.426356 0.700399 0.000000
vt -0.231026 0.719331 0.000000
vt -0.701057 0.768347 0.000000
vt -0.704046 0.687549 0.000000
vt -0.569157 0.770274 0.000000
vt -0.563881 0.692215 0.000000
vt -0.835671 0.688806 0.000000
vt -0.980389 0.706326 0.000000
vt -0.231026 0.719331 0.000000
vt -0.426356 0.700399 0.000000
vt -0.704046 0.687549 0.000000
vt -0.563881 0.692215 0.000000
vt -0.010674 0.771410 0.000000
vt -0.844499 0.767978 0.000000
vt -0.990358 0.769417 0.000000
vt -0.980389 0.706326 0.000000
vt -0.835671 0.688806 0.000000
vt -0.248106 0.773694 0.000000
vt -0.431019 0.770981 0.000000
vt -0.426355 0.700399 0.000000
vt -0.231026 0.719331 0.000000
vt -0.701057 0.768347 0.000000
vt -0.704046 0.687549 0.000000
vt -0.569157 0.770274 0.000000
vt -0.563881 0.692215 0.000000
vt -0.835671 0.688806 0.000000
vt -0.980389 0.706326 0.000000
vt -0.231026 0.719331 0.000000
vt -0.426355 0.700399 0.000000
vt -0.704046 0.687549 0.000000
vt -0.563881 0.692215 0.000000
vt -0.010674 0.771410 0.000000
vt -0.990358 0.769417 0.000000
vt -0.980389 0.706326 0.000000
vt -0.835671 0.688806 0.000000
vt -0.844499 0.767978 0.000000
vt -0.431019 0.770981 0.000000
vt -0.426355 0.700399 0.000000
vt -0.231026 0.719331 0.000000
vt -0.248106 0.773694 0.000000
vt -0.704046 0.687549 0.000000
vt -0.701057 0.768347 0.000000
vt -0.569157 0.770274 0.000000
vt -0.563881 0.692215 0.000000
vt -0.835671 0.688806 0.000000
vt -0.980389 0.706326 0.000000
vt -0.231026 0.719331 0.000000
vt -0.426355 0.700399 0.000000
vt -0.704046 0.687549 0.000000
vt -0.563881 0.692215 0.000000
vt -0.010674 0.771410 0.000000
vt -0.844499 0.767978 0.000000
vt -0.835671 0.688806 0.000000
vt -0.980389 0.706326 0.000000
vt -0.990358 0.769417 0.000000
vt -0.248106 0.773694 0.000000
vt -0.231026 0.719331 0.000000
vt -0.426355 0.700399 0.000000
vt -0.431019 0.770981 0.000000
vt -0.701057 0.768347 0.000000
vt -0.704046 0.687549 0.000000
vt -0.563881 0.692215 0.000000
vt -0.569157 0.770274 0.000000
vt -0.980389 0.706326 0.000000
vt -0.835671 0.688806 0.000000
vt -0.426355 0.700399 0.000000
vt -0.231026 0.719331 0.000000
vt -0.704046 0.687549 0.000000
vt -0.563881 0.692215 0.000000
vt -0.010674 0.771410 0.000000
vt -0.844499 0.767978 0.000000
vt -0.835671 0.688806 0.000000
vt -0.980389 0.706326 0.000000
vt -0.990358 0.769417 0.000000
vt -0.248106 0.773694 0.000000
vt -0.231026 0.719331 0.000000
vt -0.426356 0.700399 0.000000
vt -0.431019 0.770981 0.000000
vt -0.701057 0.768347 0.000000
vt -0.704046 0.687549 0.000000
vt -0.563881 0.692215 0.000000
vt -0.569157 0.770274 0.000000
vt -0.980389 0.706326 0.000000
vt -0.835671 0.688806 0.000000
vt -0.426356 0.700399 0.000000
vt -0.231026 0.719331 0.000000
vt -0.704046 0.687549 0.000000
vt -0.563881 0.692215 0.000000
vt -0.010674 0.771410 0.000000
vt -0.844499 0.767978 0.000000
vt -0.835671 0.688806 0.000000
vt -0.980389 0.706326 0.000000
vt -0.990358 0.769417 0.000000
vt -0.248106 0.773694 0.000000
vt -0.231026 0.719331 0.000000
vt -0.426355 0.700399 0.000000
vt -0.431019 0.770981 0.000000
vt -0.701057 0.768347 0.000000
vt -0.704046 0.687549 0.000000
vt -0.563881 0.692215 0.000000
vt -0.569157 0.770274 0.000000
vt -0.980389 0.706326 0.000000
vt -0.835671 0.688806 0.000000
vt -0.426356 0.700399 0.000000
vt -0.231026 0.719331 0.000000
vt -0.704046 0.687549 0.000000
vt -0.563881 0.692215 0.000000
vt -0.010674 0.771410 0.000000
vt -0.844499 0.767978 0.000000
vt -0.835671 0.688806 0.000000
vt -0.980389 0.706326 0.000000
vt -0.990358 0.769417 0.000000
vt -0.248106 0.773694 0.000000
vt -0.231026 0.719331 0.000000
vt -0.426355 0.700399 0.000000
vt -0.431019 0.770981 0.000000
vt -0.701057 0.768347 0.000000
vt -0.704046 0.687549 0.000000
vt -0.563881 0.692215 0.000000
vt -0.569157 0.770274 0.000000
vt -0.980389 0.706326 0.000000
vt -0.835671 0.688806 0.000000
vt -0.426356 0.700399 0.000000
vt -0.231026 0.719331 0.000000
vt -0.704046 0.687549 0.000000
vt -0.563881 0.692215 0.000000
vt -0.010674 0.771410 0.000000
vt -0.835671 0.688806 0.000000
vt -0.980389 0.706326 0.000000
vt -0.990358 0.769417 0.000000
vt -0.844499 0.767978 0.000000
vt -0.231026 0.719331 0.000000
vt -0.426355 0.700399 0.000000
vt -0.431019 0.770981 0.000000
vt -0.248106 0.773694 0.000000
vt -0.704046 0.687549 0.000000
vt -0.701057 0.768347 0.000000
vt -0.563881 0.692215 0.000000
vt -0.569157 0.770274 0.000000
vt -0.980389 0.706326 0.000000
vt -0.835671 0.688806 0.000000
vt -0.426356 0.700399 0.000000
vt -0.231026 0.719331 0.000000
vt -0.704046 0.687549 0.000000
vt -0.563881 0.692215 0.000000
vt -0.010674 0.771410 0.000000
vt -0.844499 0.767978 0.000000
vt -0.835671 0.688806 0.000000
vt -0.980389 0.706326 0.000000
vt -0.990358 0.769417 0.000000
vt -0.248106 0.773694 0.000000
vt -0.231026 0.719331 0.000000
vt -0.426356 0.700399 0.000000
vt -0.431019 0.770981 0.000000
vt -0.701057 0.768347 0.000000
vt -0.704046 0.687549 0.000000
vt -0.563881 0.692215 0.000000
vt -0.569157 0.770274 0.000000
vt -0.980389 0.706326 0.000000
vt -0.835671 0.688806 0.000000
vt -0.426355 0.700399 0.000000
vt -0.231026 0.719331 0.000000
vt -0.704046 0.687549 0.000000
vt -0.563881 0.692215 0.000000
vt -0.010674 0.771410 0.000000
vt -0.835671 0.688806 0.000000
vt -0.980389 0.706326 0.000000
vt -0.990358 0.769417 0.000000
vt -0.844499 0.767978 0.000000
vt -0.231026 0.719331 0.000000
vt -0.426355 0.700399 0.000000
vt -0.431019 0.770981 0.000000
vt -0.248106 0.773694 0.000000
vt -0.704046 0.687549 0.000000
vt -0.701057 0.768347 0.000000
vt -0.563881 0.692215 0.000000
vt -0.569157 0.770274 0.000000
vt -0.980389 0.706326 0.000000
vt -0.835671 0.688806 0.000000
vt -0.426355 0.700399 0.000000
vt -0.231026 0.719331 0.000000
vt -0.704046 0.687549 0.000000
vt -0.563881 0.692215 0.000000
vt -0.010674 0.771410 0.000000
vt -0.844499 0.767978 0.000000
vt -0.835671 0.688806 0.000000
vt -0.980389 0.706326 0.000000
vt -0.990358 0.769417 0.000000
vt -0.231026 0.719331 0.000000
vt -0.426356 0.700399 0.000000
vt -0.431019 0.770981 0.000000
vt -0.248106 0.773694 0.000000
vt -0.704046 0.687549 0.000000
vt -0.701057 0.768347 0.000000
vt -0.563881 0.692215 0.000000
vt -0.569157 0.770274 0.000000
vt -0.980389 0.706326 0.000000
vt -0.835671 0.688806 0.000000
vt -0.426355 0.700399 0.000000
vt -0.231026 0.719331 0.000000
vt -0.704046 0.687549 0.000000
vt -0.563881 0.692215 0.000000
vt -0.010674 0.771410 0.000000
vt -0.844499 0.767978 0.000000
vt -0.835671 0.688806 0.000000
vt -0.980389 0.706326 0.000000
vt -0.990358 0.769417 0.000000
vt -0.248106 0.773694 0.000000
vt -0.231026 0.719331 0.000000
vt -0.426356 0.700399 0.000000
vt -0.431019 0.770981 0.000000
vt -0.701057 0.768347 0.000000
vt -0.704046 0.687549 0.000000
vt -0.563881 0.692215 0.000000
vt -0.569157 0.770274 0.000000
vt -0.980389 0.706326 0.000000
vt -0.835671 0.688806 0.000000
vt -0.426356 0.700399 0.000000
vt -0.231026 0.719331 0.000000
vt -0.704046 0.687549 0.000000
vt -0.563881 0.692215 0.000000
vt -0.010674 0.771410 0.000000
vt -0.844499 0.767978 0.000000
vt -0.835671 0.688806 0.000000
vt -0.980389 0.706326 0.000000
vt -0.990358 0.769417 0.000000
vt -0.248106 0.773694 0.000000
vt -0.231026 0.719331 0.000000
vt -0.426355 0.700399 0.000000
vt -0.431019 0.770981 0.000000
vt -0.701057 0.768347 0.000000
vt -0.704046 0.687549 0.000000
vt -0.563881 0.692215 0.000000
vt -0.569157 0.770274 0.000000
vt -0.980389 0.706326 0.000000
vt -0.835671 0.688806 0.000000
vt -0.426355 0.700399 0.000000
vt -0.231026 0.719331 0.000000
vt -0.704046 0.687549 0.000000
vt -0.563881 0.692215 0.000000
vt -0.010674 0.771410 0.000000
vt -0.835671 0.688806 0.000000
vt -0.980389 0.706326 0.000000
vt -0.990358 0.769417 0.000000
vt -0.844499 0.767978 0.000000
vt -0.231026 0.719331 0.000000
vt -0.426355 0.700399 0.000000
vt -0.431019 0.770981 0.000000
vt -0.248106 0.773694 0.000000
vt -0.704046 0.687549 0.000000
vt -0.701057 0.768347 0.000000
vt -0.563881 0.692215 0.000000
vt -0.569157 0.770274 0.000000
vt -0.980389 0.706326 0.000000
vt -0.835671 0.688806 0.000000
vt -0.426355 0.700399 0.000000
vt -0.231026 0.719331 0.000000
vt -0.704046 0.687549 0.000000
vt -0.563881 0.692215 0.000000
vt -0.010674 0.771410 0.000000
usemtl Material_5
f 2923/2923 2924/2924 2925/2925
f 2925/2925 2926/2926 2923/2923
f 2927/2927 2928/2928 2929/2929
f 2929/2929 2930/2930 2927/2927
f 2931/2931 2923/2923 2926/2926
f 2926/2926 2932/2932 2931/2931
f 2928/2928 2933/2933 2934/2934
f 2934/2934 2929/2929 2928/2928
f 2933/2933 2931/2931 2932/2932
f 2932/2932 2934/2934 2933/2933
f 2935/2935 2936/2936 2924/2924
f 2924/2924 2923/2923 2935/2935
f 2927/2927 2937/2937 2938/2938
f 2938/2938 2928/2928 2927/2927
f 2931/2931 2939/2939 2935/2935
f 2935/2935 2923/2923 2931/2931
f 2928/2928 2938/2938 2940/2940
f 2940/2940 2933/2933 2928/2928
f 2933/2933 2940/2940 2939/2939
f 2939/2939 2931/2931 2933/2933
f 2941/2941 2927/2927 2930/2930
f 2937/2937 2927/2927 2941/2941
f 2942/2942 2943/2943 2944/2944
f 2944/2944 2945/2945 2942/2942
f 2946/2946 2947/2947 2948/2948
f 2948/2948 2949/2949 2946/2946
f 2950/2950 2942/2942 2945/2945
f 2945/2945 2951/2951 2950/2950
f 2947/2947 2952/2952 2953/2953
f 2953/2953 2948/2948 2947/2947
f 2952/2952 2950/2950 2951/2951
f 2951/2951 2953/2953 2952/2952
f 2942/2942 2954/2954 2955/2955
f 2955/2955 2943/2943 2942/2942
f 2946/2946 2956/2956 2957/2957
f 2957/2957 2947/2947 2946/2946
f 2950/2950 2958/2958 2954/2954
f 2954/2954 2942/2942 2950/2950
f 2947/2947 2957/2957 2959/2959
f 2959/2959 2952/2952 2947/2947
f 2952/2952 2959/2959 2958/2958
f 2958/2958 2950/2950 2952/2952
f 2960/2960 2946/2946 2949/2949
f 2956/2956 2946/2946 2960/2960
f 2961/2961 2962/2962 2963/2963
f 2963/2963 2964/2964 2961/2961
f 2965/2965 2966/2966 2967/2967
f 2967/2967 2968/2968 2965/2965
f 2969/2969 2961/2961 2964/2964
f 2964/2964 2970/2970 2969/2969
f 2966/2966 2971/2971 2972/2972
f 2972/2972 2967/2967 2966/2966
f 2971/2971 2969/2969 2970/2970
f 2970/2970 2972/2972 2971/2971
f 2973/2973 2974/2974 2962/2962
f 2962/2962 2961/2961 2973/2973
f 2965/2965 2975/2975 2976/2976
f 2976/2976 2966/2966 2965/2965
f 2977/2977 2973/2973 2961/2961
f 2961/2961 2969/2969 2977/2977
f 2966/2966 2976/2976 2978/2978
f 2978/2978 2971/2971 2966/2966
f 2971/2971 2978/2978 2977/2977
f 2977/2977 2969/2969 2971/2971
f 2979/2979 2965/2965 2968/2968
f 2975/2975 2965/2965 2979/2979
f 2980/2980 2981/2981 2982/2982
f 2982/2982 2983/2983 2980/2980
f 2984/2984 2985/2985 2986/2986
f 2986/2986 2987/2987 2984/2984
f 2988/2988 2980/2980 2983/2983
f 2983/2983 2989/2989 2988/2988
f 2985/2985 2990/2990 2991/2991
f 2991/2991 2986/2986 2985/2985
f 2990/2990 2988/2988 2989/2989
f 2989/2989 2991/2991 2990/2990
f 2992/2992 2993/2993 2981/2981
f 2981/2981 2980/2980 2992/2992
f 2984/2984 2994/2994 2995/2995
f 2995/2995 2985/2985 2984/2984
f 2996/2996 2992/2992 2980/2980
f 2980/2980 2988/2988 2996/2996
f 2985/2985 2995/2995 2997/2997
f 2997/2997 2990/2990 2985/2985
f 2990/2990 2997/2997 2996/2996
f 2996/2996 2988/2988 2990/2990
f 2998/2998 2984/2984 2987/2987
f 2994/2994 2984/2984 2998/2998
f 2999/2999 3000/3000 3001/3001
f 3001/3001 3002/3002 2999/2999
f 3003/3003 3004/3004 3005/3005
f 3005/3005 3006/3006 3003/3003
f 3002/3002 3001/3001 3007/3007
f 3007/3007 3008/3008 3002/3002
f 3009/3009 3010/3010 3004/3004
f 3004/3004 3003/3003 3009/3009
f 3008/3008 3007/3007 3010/3010
f 3010/3010 3009/3009 3008/3008
f 3011/3011 3012/3012 2999/2999
f 2999/2999 3002/3002 3011/3011
f 3013/3013 3014/3014 3003/3003
f 3003/3003 3006/3006 3013/3013
f 3015/3015 3011/3011 3002/3002
f 3002/3002 3008/3008 3015/3015
f 3003/3003 3014/3014 3016/3016
f 3016/3016 3009/3009 3003/3003
f 3009/3009 3016/3016 3015/3015
f 3015/3015 3008/3008 3009/3009
f 3017/3017 3006/3006 3005/3005
f 3013/3013 3006/3006 3017/3017
f 3018/3018 3019/3019 3020/3020
f 3020/3020 3021/3021 3018/3018
f 3022/3022 3023/3023 3024/3024
f 3024/3024 3025/3025 3022/3022
f 3026/3026 3018/3018 3021/3021
f 3021/3021 3027/3027 3026/3026
f 3023/3023 3028/3028 3029/3029
f 3029/3029 3024/3024 3023/3023
f 3028/3028 3026/3026 3027/3027
f 3027/3027 3029/3029 3028/3028
f 3030/3030 3031/3031 3019/3019
f 3019/3019 3018/3018 3030/3030
f 3022/3022 3032/3032 3033/3033
f 3033/3033 3023/3023 3022/3022
f 3034/3034 3030/3030 3018/3018
f 3018/3018 3026/3026 3034/3034
f 3033/3033 3035/3035 3028/3028
f 3028/3028 3023/3023 3033/3033
f 3028/3028 3035/3035 3034/3034
f 3034/3034 3026/3026 3028/3028
f 3036/3036 3022/3022 3025/3025
f 3032/3032 3022/3022 3036/3036
f 3037/3037 3038/3038 3039/3039
f 3039/3039 3040/3040 3037/3037
f 3041/3041 3042/3042 3043/3043
f 3043/3043 3044/3044 3041/3041
f 3040/3040 3039/3039 3045/3045
f 3045/3045 3046/3046 3040/3040
f 3041/3041 3047/3047 3048/3048
f 3048/3048 3042/3042 3041/3041
f 3047/3047 3046/3046 3045/3045
f 3045/3045 3048/3048 3047/3047
f 3049/3049 3050/3050 3037/3037
f 3037/3037 3040/3040 3049/3049
f 3051/3051 3052/3052 3041/3041
f 3041/3041 3044/3044 3051/3051
f 3046/3046 3053/3053 3049/3049
f 3049/3049 3040/3040 3046/3046
f 3041/3041 3052/3052 3054/3054
f 3054/3054 3047/3047 3041/3041
f 3047/3047 3054/3054 3053/3053
f 3053/3053 3046/3046 3047/3047
f 3055/3055 3044/3044 3043/3043
f 3051/3051 3044/3044 3055/3055
f 3056/3056 3057/3057 3058/3058
f 3058/3058 3059/3059 3056/3056
f 3060/3060 3061/3061 3062/3062
f 3062/3062 3063/3063 3060/3060
f 3056/3056 3059/3059 3064/3064
f 3064/3064 3065/3065 3056/3056
f 3060/3060 3066/3066 3067/3067
f 3067/3067 3061/3061 3060/3060
f 3066/3066 3065/3065 3064/3064
f 3064/3064 3067/3067 3066/3066
f 3068/3068 3069/3069 3057/3057
f 3057/3057 3056/3056 3068/3068
f 3070/3070 3071/3071 3060/3060
f 3060/3060 3063/3063 3070/3070
f 3072/3072 3068/3068 3056/3056
f 3056/3056 3065/3065 3072/3072
f 3071/3071 3073/3073 3066/3066
f 3066/3066 3060/3060 3071/3071
f 3066/3066 3073/3073 3072/3072
f 3072/3072 3065/3065 3066/3066
f 3074/3074 3063/3063 3062/3062
f 3070/3070 3063/3063 3074/3074
f 3075/3075 3076/3076 3077/3077
f 3077/3077 3078/3078 3075/3075
f 3079/3079 3080/3080 3081/3081
f 3081/3081 3082/3082 3079/3079
f 3083/3083 3075/3075 3078/3078
f 3078/3078 3084/3084 3083/3083
f 3080/3080 3085/3085 3086/3086
f 3086/3086 3081/3081 3080/3080
f 3085/3085 3083/3083 3084/3084
f 3084/3084 3086/3086 3085/3085
f 3087/3087 3088/3088 3076/3076
f 3076/3076 3075/3075 3087/3087
f 3079/3079 3089/3089 3090/3090
f 3090/3090 3080/3080 3079/3079
f 3083/3083 3091/3091 3087/3087
f 3087/3087 3075/3075 3083/3083
f 3080/3080 3090/3090 3092/3092
f 3092/3092 3085/3085 3080/3080
f 3085/3085 3092/3092 3091/3091
f 3091/3091 3083/3083 3085/3085
f 3093/3093 3079/3079 3082/3082
f 3089/3089 3079/3079 3093/3093
f 3094/3094 3095/3095 3096/3096
f 3096/3096 3097/3097 3094/3094
f 3098/3098 3099/3099 3100/3100
f 3100/3100 3101/3101 3098/3098
f 3102/3102 3094/3094 3097/3097
f 3097/3097 3103/3103 3102/3102
f 3099/3099 3104/3104 3105/3105
f 3105/3105 3100/3100 3099/3099
f 3104/3104 3102/3102 3103/3103
f 3103/3103 3105/3105 3104/3104
f 3106/3106 3107/3107 3095/3095
f 3095/3095 3094/3094 3106/3106
f 3108/3108 3109/3109 3099/3099
f 3099/3099 3098/3098 3108/3108
f 3110/3110 3106/3106 3094/3094
f 3094/3094 3102/3102 3110/3110
f 3099/3099 3109/3109 3111/3111
f 3111/3111 3104/3104 3099/3099
f 3104/3104 3111/3111 3110/3110
f 3110/3110 3102/3102 3104/3104
f 3112/3112 3098/3098 3101/3101
f 3108/3108 3098/3098 3112/3112
f 3113/3113 3114/3114 3115/3115
f 3115/3115 3116/3116 3113/3113
f 3117/3117 3118/3118 3119/3119
f 3119/3119 3120/3120 3117/3117
f 3116/3116 3115/3115 3121/3121
f 3121/3121 3122/3122 3116/3116
f 3117/3117 3123/3123 3124/3124
f 3124/3124 3118/3118 3117/3117
f 3123/3123 3122/3122 3121/3121
f 3121/3121 3124/3124 3123/3123
f 3125/3125 3126/3126 3113/3113
f 3113/3113 3116/3116 3125/3125
f 3127/3127 3128/3128 3117/3117
f 3117/3117 3120/3120 3127/3127
f 3122/3122 3129/3129 3125/3125
f 3125/3125 3116/3116 3122/3122
f 3117/3117 3128/3128 3130/3130
f 3130/3130 3123/3123 3117/3117
f 3123/3123 3130/3130 3129/3129
f 3129/3129 3122/3122 3123/3123
f 3131/3131 3120/3120 3119/3119
f 3127/3127 3120/3120 3131/3131
f 3132/3132 3133/3133 3134/3134
f 3134/3134 3135/3135 3132/3132
f 3136/3136 3137/3137 3138/3138
f 3138/3138 3139/3139 3136/3136
f 3140/3140 3141/3141 3133/3133
f 3133/3133 3132/3132 3140/3140
f 3139/3139 3138/3138 3142/3142
f 3142/3142 3143/3143 3139/3139
f 3143/3143 3142/3142 3141/3141
f 3141/3141 3140/3140 3143/3143
f 3135/3135 3144/3144 3145/3145
f 3145/3145 3132/3132 3135/3135
f 3136/3136 3139/3139 3146/3146
f 3146/3146 3147/3147 3136/3136
f 3140/3140 3132/3132 3145/3145
f 3145/3145 3148/3148 3140/3140
f 3139/3139 3143/3143 3149/3149
f 3149/3149 3146/3146 3139/3139
f 3143/3143 3140/3140 3148/3148
f 3148/3148 3149/3149 3143/3143
f 3150/3150 3137/3137 3136/3136
f 3147/3147 3150/3150 3136/3136
f 3151/3151 3152/3152 3153/3153
f 3153/3153 3154/3154 3151/3151
f 3155/3155 3156/3156 3157/3157
f 3157/3157 3158/3158 3155/3155
f 3159/3159 3160/3160 3152/3152
f 3152/3152 3151/3151 3159/3159
f 3158/3158 3157/3157 3161/3161
f 3161/3161 3162/3162 3158/3158
f 3162/3162 3161/3161 3160/3160
f 3160/3160 3159/3159 3162/3162
f 3151/3151 3154/3154 3163/3163
f 3163/3163 3164/3164 3151/3151
f 3155/3155 3158/3158 3165/3165
f 3165/3165 3166/3166 3155/3155
f 3159/3159 3151/3151 3164/3164
f 3164/3164 3167/3167 3159/3159
f 3158/3158 3162/3162 3168/3168
f 3168/3168 3165/3165 3158/3158
f 3162/3162 3159/3159 3167/3167
f 3167/3167 3168/3168 3162/3162
f 3169/3169 3156/3156 3155/3155
f 3166/3166 3169/3169 3155/3155
f 3170/3170 3171/3171 3172/3172
f 3172/3172 3173/3173 3170/3170
f 3174/3174 3175/3175 3176/3176
f 3176/3176 3177/3177 3174/3174
f 3178/3178 3179/3179 3171/3171
f 3171/3171 3170/3170 3178/3178
f 3177/3177 3176/3176 3180/3180
f 3180/3180 3181/3181 3177/3177
f 3181/3181 3180/3180 3179/3179
f 3179/3179 3178/3178 3181/3181
f 3173/3173 3182/3182 3183/3183
f 3183/3183 3170/3170 3173/3173
f 3174/3174 3177/3177 3184/3184
f 3184/3184 3185/3185 3174/3174
f 3170/3170 3183/3183 3186/3186
f 3186/3186 3178/3178 3170/3170
f 3177/3177 3181/3181 3187/3187
f 3187/3187 3184/3184 3177/3177
f 3181/3181 3178/3178 3186/3186
f 3186/3186 3187/3187 3181/3181
f 3188/3188 3175/3175 3174/3174
f 3185/3185 3188/3188 3174/3174
f 3189/3189 3190/3190 3191/3191
f 3191/3191 3192/3192 3189/3189
f 3193/3193 3194/3194 3195/3195
f 3195/3195 3196/3196 3193/3193
f 3197/3197 3198/3198 3190/3190
f 3190/3190 3189/3189 3197/3197
f 3196/3196 3195/3195 3199/3199
f 3199/3199 3200/3200 3196/3196
f 3200/3200 3199/3199 3198/3198
f 3198/3198 3197/3197 3200/3200
f 3192/3192 3201/3201 3202/3202
f 3202/3202 3189/3189 3192/3192
f 3193/3193 3196/3196 3203/3203
f 3203/3203 3204/3204 3193/3193
f 3189/3189 3202/3202 3205/3205
f 3205/3205 3197/3197 3189/3189
f 3196/3196 3200/3200 3206/3206
f 3206/3206 3203/3203 3196/3196
f 3200/3200 3197/3197 3205/3205
f 3205/3205 3206/3206 3200/3200
f 3207/3207 3194/3194 3193/3193
f 3204/3204 3207/3207 3193/3193
f 3208/3208 3209/3209 3210/3210
f 3210/3210 3211/3211 3208/3208
f 3212/3212 3213/3213 3214/3214
f 3214/3214 3215/3215 3212/3212
f 3216/3216 3208/3208 3211/3211
f 3211/3211 3217/3217 3216/3216
f 3213/3213 3218/3218 3219/3219
f 3219/3219 3214/3214 3213/3213
f 3218/3218 3216/3216 3217/3217
f 3217/3217 3219/3219 3218/3218
f 3210/3210 3220/3220 3221/3221
f 3221/3221 3211/3211 3210/3210
f 3214/3214 3222/3222 3223/3223
f 3223/3223 3215/3215 3214/3214
f 3211/3211 3221/3221 3224/3224
f 3224/3224 3217/3217 3211/3211
f 3214/3214 3219/3219 3225/3225
f 3225/3225 3222/3222 3214/3214
f 3219/3219 3217/3217 3224/3224
f 3224/3224 3225/3225 3219/3219
f 3226/3226 3212/3212 3215/3215
f 3223/3223 3226/3226 3215/3215
f 3227/3227 3228/3228 3229/3229
f 3229/3229 3230/3230 3227/3227
f 3231/3231 3232/3232 3233/3233
f 3233/3233 3234/3234 3231/3231
f 3235/3235 3236/3236 3228/3228
f 3228/3228 3227/3227 3235/3235
f 3234/3234 3233/3233 3237/3237
f 3237/3237 3238/3238 3234/3234
f 3238/3238 3237/3237 3236/3236
f 3236/3236 3235/3235 3238/3238
f 3230/3230 3239/3239 3240/3240
f 3240/3240 3227/3227 3230/3230
f 3231/3231 3234/3234 3241/3241
f 3241/3241 3242/3242 3231/3231
f 3227/3227 3240/3240 3243/3243
f 3243/3243 3235/3235 3227/3227
f 3238/3238 3244/3244 3241/3241
f 3241/3241 3234/3234 3238/3238
f 3238/3238 3235/3235 3243/3243
f 3243/3243 3244/3244 3238/3238
f 3245/3245 3232/3232 3231/3231
f 3242/3242 3245/3245 3231/3231
f 3246/3246 3247/3247 3248/3248
f 3248/3248 3249/3249 3246/3246
f 3250/3250 3251/3251 3252/3252
f 3252/3252 3253/3253 3250/3250
f 3254/3254 3246/3246 3249/3249
f 3249/3249 3255/3255 3254/3254
f 3252/3252 3251/3251 3256/3256
f 3256/3256 3257/3257 3252/3252
f 3257/3257 3256/3256 3254/3254
f 3254/3254 3255/3255 3257/3257
f 3248/3248 3258/3258 3259/3259
f 3259/3259 3249/3249 3248/3248
f 3252/3252 3260/3260 3261/3261
f 3261/3261 3253/3253 3252/3252
f 3255/3255 3249/3249 3259/3259
f 3259/3259 3262/3262 3255/3255
f 3252/3252 3257/3257 3263/3263
f 3263/3263 3260/3260 3252/3252
f 3257/3257 3255/3255 3262/3262
f 3262/3262 3263/3263 3257/3257
f 3264/3264 3250/3250 3253/3253
f 3261/3261 3264/3264 3253/3253
f 3265/3265 3266/3266 3267/3267
f 3267/3267 3268/3268 3265/3265
f 3269/3269 3270/3270 3271/3271
f 3271/3271 3272/3272 3269/3269
f 3273/3273 3266/3266 3265/3265
f 3265/3265 3274/3274 3273/3273
f 3271/3271 3270/3270 3275/3275
f 3275/3275 3276/3276 3271/3271
f 3276/3276 3275/3275 3273/3273
f 3273/3273 3274/3274 3276/3276
f 3268/3268 3277/3277 3278/3278
f 3278/3278 3265/3265 3268/3268
f 3271/3271 3279/3279 3280/3280
f 3280/3280 3272/3272 3271/3271
f 3265/3265 3278/3278 3281/3281
f 3281/3281 3274/3274 3265/3265
f 3276/3276 3282/3282 3279/3279
f 3279/3279 3271/3271 3276/3276
f 3276/3276 3274/3274 3281/3281
f 3281/3281 3282/3282 3276/3276
f 3283/3283 3269/3269 3272/3272
f 3280/3280 3283/3283 3272/3272
f 3284/3284 3285/3285 3286/3286
f 3286/3286 3287/3287 3284/3284
f 3288/3288 3289/3289 3290/3290
f 3290/3290 3291/3291 3288/3288
f 3292/3292 3293/3293 3285/3285
f 3285/3285 3284/3284 3292/3292
f 3291/3291 3290/3290 3294/3294
f 3294/3294 3295/3295 3291/3291
f 3295/3295 3294/3294 3293/3293
f 3293/3293 3292/3292 3295/3295
f 3287/3287 3296/3296 3297/3297
f 3297/3297 3284/3284 3287/3287
f 3288/3288 3291/3291 3298/3298
f 3298/3298 3299/3299 3288/3288
f 3292/3292 3284/3284 3297/3297
f 3297/3297 3300/3300 3292/3292
f 3291/3291 3295/3295 3301/3301
f 3301/3301 3298/3298 3291/3291
f 3295/3295 3292/3292 3300/3300
f 3300/3300 3301/3301 3295/3295
f 3302/3302 3289/3289 3288/3288
f 3299/3299 3302/3302 3288/3288
f 3303/3303 3304/3304 3305/3305
f 3305/3305 3306/3306 3303/3303
f 3307/3307 3308/3308 3309/3309
f 3309/3309 3310/3310 3307/3307
f 3311/3311 3312/3312 3304/3304
f 3304/3304 3303/3303 3311/3311
f 3310/3310 3309/3309 3313/3313
f 3313/3313 3314/3314 3310/3310
f 3314/3314 3313/3313 3312/3312
f 3312/3312 3311/3311 3314/3314
f 3306/3306 3315/3315 3316/3316
f 3316/3316 3303/3303 3306/3306
f 3310/3310 3317/3317 3318/3318
f 3318/3318 3307/3307 3310/3310
f 3303/3303 3316/3316 3319/3319
f 3319/3319 3311/3311 3303/3303
f 3310/3310 3314/3314 3320/3320
f 3320/3320 3317/3317 3310/3310
f 3314/3314 3311/3311 3319/3319
f 3319/3319 3320/3320 3314/3314
f 3321/3321 3308/3308 3307/3307
f 3318/3318 3321/3321 3307/3307
f 3322/3322 3323/3323 3324/3324
f 3324/3324 3325/3325 3322/3322
f 3326/3326 3327/3327 3328/3328
f 3328/3328 3329/3329 3326/3326
f 3330/3330 3322/3322 3325/3325
f 3325/3325 3331/3331 3330/3330
f 3328/3328 3327/3327 3332/3332
f 3332/3332 3333/3333 3328/3328
f 3333/3333 3332/3332 3330/3330
f 3330/3330 3331/3331 3333/3333
f 3324/3324 3334/3334 3335/3335
f 3335/3335 3325/3325 3324/3324
f 3328/3328 3336/3336 3337/3337
f 3337/3337 3329/3329 3328/3328
f 3331/3331 3325/3325 3335/3335
f 3335/3335 3338/3338 3331/3331
f 3328/3328 3333/3333 3339/3339
f 3339/3339 3336/3336 3328/3328
f 3333/3333 3331/3331 3338/3338
f 3338/3338 3339/3339 3333/3333
f 3340/3340 3326/3326 3329/3329
f 3337/3337 3340/3340 3329/3329

g ts_body
v -10.123260 18.188090 87.500070
v -5.029074 19.301930 87.391650
v -5.643439 20.768890 83.204270
v -11.058600 19.768710 83.466000
v -21.558980 28.556860 48.091930
v -25.450200 24.369060 48.288600
v -20.808970 22.299500 59.368210
v -4.406547 17.834780 91.579050
v -9.028420 16.396710 91.410470
v -7.219450 14.213760 95.683490
v -3.360092 15.320140 95.784870
v -13.936060 12.103180 91.054030
v -11.025560 10.720180 95.845410
v -67.275090 104.642200 -1.177279
v -60.410760 80.288540 -0.344652
v -45.066700 88.887120 5.899030
v -59.449760 109.275300 4.701810
v -49.618040 63.288550 4.012526
v -37.668370 48.131530 12.507110
v -24.225770 63.071490 17.692920
v -36.622670 78.494230 9.539152
v -28.087150 31.223160 24.690370
v -30.320940 28.338850 24.879700
v -34.435570 27.502710 27.245370
v -19.574870 6.382308 83.306110
v -16.373170 4.423452 89.896870
v -15.572820 13.029600 87.368940
v -21.856360 8.538982 76.280040
v -16.809160 13.723130 83.697450
v -19.273220 14.861140 76.381090
v -24.807290 16.906180 59.324210
v -29.363080 19.249020 48.983270
v -32.849480 12.727410 50.621880
v -28.412470 11.528380 59.581320
v -12.326210 21.767530 76.676600
v -26.173210 9.092460 73.170520
v -31.431320 14.636840 77.461110
v -22.603300 8.833831 84.968560
v -12.769460 3.570985 95.649640
v -40.709850 24.147910 32.503730
v -25.604670 42.054770 30.466490
v -26.598010 34.194950 25.888470
v -30.362640 38.252450 16.409570
v -19.421630 33.411590 48.812130
v -9.266107 36.402680 48.835700
v -14.957980 49.653360 31.526130
v -8.048522 30.942060 59.748060
v -16.236570 28.707490 60.148190
v -13.793540 24.523690 69.776120
v -6.917040 25.898240 69.729080
v -6.447084 23.333660 76.466670
v -46.550210 14.898560 37.132980
v -21.322420 15.766250 69.078340
v -24.040200 9.899403 68.559040
v -17.659960 19.712610 69.351890
v 10.123260 18.188090 87.500060
v 11.058480 19.768870 83.466010
v 5.643191 20.769080 83.204250
v 5.029074 19.301930 87.391650
v 21.558980 28.556860 48.091930
v 20.808970 22.299500 59.368210
v 25.450200 24.369060 48.288600
v 4.406600 17.834360 91.579040
v 3.360168 15.319860 95.784830
v 7.219467 14.213520 95.683430
v 9.028373 16.396330 91.410440
v 11.025510 10.720040 95.845340
v 13.936050 12.103140 91.054010
v 67.275090 104.642200 -1.177281
v 59.449750 109.275300 4.701808
v 45.066700 88.887110 5.899029
v 60.410760 80.288550 -0.344654
v 49.618040 63.288550 4.012525
v 36.622670 78.494220 9.539151
v 24.225770 63.071500 17.692950
v 37.668370 48.131530 12.507110
v 30.320940 28.338850 24.879710
v 28.087150 31.223160 24.690370
v 34.435570 27.502710 27.245370
v 19.574870 6.382309 83.306110
v 15.572820 13.029600 87.368940
v 16.373170 4.423451 89.896870
v 21.856360 8.538984 76.280040
v 19.273220 14.861140 76.381090
v 16.809160 13.723130 83.697450
v 24.807290 16.906180 59.324200
v 28.412460 11.528380 59.581330
v 32.849480 12.727410 50.621870
v 29.363080 19.249020 48.983270
v 12.326210 21.767530 76.676610
v 26.173210 9.092463 73.170520
v 22.602930 8.833637 84.968540
v 31.431320 14.636860 77.461110
v 12.769330 3.570948 95.649600
v 40.709850 24.147910 32.503730
v 25.604670 42.054770 30.466500
v 26.598010 34.194950 25.888470
v 30.362640 38.252450 16.409570
v 19.421630 33.411590 48.812130
v 14.957980 49.653360 31.526130
v 9.266108 36.402680 48.835700
v 8.048522 30.942060 59.748070
v 6.917039 25.898240 69.729070
v 13.793540 24.523690 69.776120
v 16.236570 28.707490 60.148190
v 6.447086 23.333660 76.466670
v 46.550210 14.898560 37.132980
v 21.322420 15.766250 69.078340
v 24.040200 9.899401 68.559040
v 17.659960 19.712610 69.351890
v 28.415240 -1.039463 92.564910
v 29.286280 -1.513202 91.072600
v 30.263660 1.182025 91.259140
v 29.433230 1.377592 92.804920
v 26.458730 -1.270659 91.790540
v 25.685500 1.030818 91.003870
v 26.318620 0.832449 89.391430
v 27.020430 -1.805251 90.171460
v 29.024680 -0.359476 98.881450
v 29.772780 1.913735 97.599560
v 21.537270 -0.922902 94.698820
v 23.563110 -2.140096 95.210370
v 25.484560 -3.056803 97.070220
v 27.588860 -1.956343 97.196010
v 21.555670 1.656894 93.588210
v 28.448130 3.503435 92.104700
v 29.294520 3.587210 90.527770
v 26.583930 3.484761 91.326250
v 27.520440 3.633551 89.743530
v 29.225680 4.448670 98.347460
v 21.649290 4.440523 94.288960
v 23.742140 5.637407 94.475270
v 25.757610 6.848293 96.044650
v 27.813210 5.698994 96.374160
v -28.415240 -1.039459 92.564900
v -29.433230 1.377596 92.804920
v -30.263720 1.182040 91.259160
v -29.286290 -1.513190 91.072600
v -26.458730 -1.270655 91.790540
v -27.020410 -1.805303 90.171460
v -26.318620 0.832452 89.391410
v -25.685500 1.030821 91.003870
v -29.024680 -0.359472 98.881450
v -29.772780 1.913751 97.599560
v -21.537280 -0.922899 94.698820
v -23.563110 -2.140093 95.210370
v -25.484560 -3.056798 97.070220
v -27.588870 -1.956339 97.196010
v -21.555670 1.656900 93.588210
v -28.448140 3.503439 92.104700
v -29.294520 3.587214 90.527780
v -26.583920 3.484765 91.326240
v -27.520430 3.633556 89.743530
v -29.225680 4.448673 98.347460
v -21.649290 4.440526 94.288960
v -23.742140 5.637411 94.475270
v -25.757610 6.848298 96.044650
v -27.813210 5.698999 96.374160
v 4.718945 -2.568225 177.094700
v 5.328293 1.665184 172.833400
v 7.627952 1.665186 179.956700
v 6.080234 -2.568226 181.917900
v 2.230640 -5.512639 179.672400
v 2.973153 -5.512637 184.402100
v 0.000002 -6.104035 180.224600
v 0.000002 -6.104035 185.221800
v 2.589865 -1.231253 167.987200
v 3.688479 -1.213033 165.972300
v 4.170305 1.391394 169.024600
v 3.261268 -0.605500 170.412600
v 1.196453 -2.184802 169.208200
v 1.594716 -2.184803 171.745100
v 0.000000 -2.502011 169.504400
v 0.000000 -2.502011 175.331100
v 7.627952 1.665186 179.956700
v 5.328293 1.665184 172.833400
v 9.166519 1.648700 172.588500
v 10.994470 1.873979 179.176600
v 9.691661 1.288740 183.490400
v 7.808075 1.271075 183.490400
v 5.361873 -2.474713 161.598700
v 5.600347 -0.519141 165.671500
v 3.688479 -1.213033 165.972300
v 3.314940 -3.990926 161.598700
v 5.730535 1.576790 169.024600
v 4.170305 1.391394 169.024600
v 7.038581 -1.359003 188.836000
v -7.627951 1.665184 179.956700
v -5.328293 1.665184 172.833400
v -4.718944 -2.568225 177.094700
v -6.080233 -2.568226 181.917900
v -2.230636 -5.512639 179.672400
v -2.973152 -5.512639 184.402100
v -4.170304 1.391393 169.024600
v -3.688478 -1.213034 165.972300
v -2.589865 -1.231253 167.987200
v -3.261269 -0.605499 170.412600
v -1.196453 -2.184802 169.208200
v -1.594718 -2.184801 171.745100
v -7.627951 1.665184 179.956700
v -10.994470 1.873979 179.176600
v -9.166518 1.648698 172.588500
v -5.328293 1.665184 172.833400
v -9.691660 1.288741 183.490400
v -7.808074 1.271074 183.490400
v -5.361871 -2.474714 161.598700
v -3.314941 -3.990925 161.598700
v -3.688478 -1.213034 165.972300
v -5.600347 -0.519141 165.671500
v -5.730535 1.576793 169.024600
v -4.170304 1.391393 169.024600
v -7.038581 -1.359002 188.836000
v 6.935752 -1.307965 153.947500
v 7.567105 1.665186 152.908600
v 7.567104 1.665183 155.217200
v 6.935751 -1.307967 156.256100
v 5.493515 -3.828483 154.388300
v 5.493515 -3.828482 157.319900
v 2.973070 -5.512637 154.545700
v 2.973069 -5.512638 158.118200
v 0.000002 -6.104035 154.703100
v 0.000002 -6.104035 158.810800
v -7.567317 1.665186 155.217200
v -7.567317 1.665183 152.908600
v -6.935946 -1.307965 153.947500
v -6.935946 -1.307967 156.256100
v -5.493670 -3.828482 154.388300
v -5.493669 -3.828484 157.319900
v -2.973153 -5.512638 154.545700
v -2.973155 -5.512638 158.118200
v -15.783830 7.493826 97.277230
v -18.189980 3.942290 99.805080
v -7.566198 -1.079401 107.335900
v -28.398450 10.179320 91.050680
v -30.254060 6.950174 90.117680
v -6.605701 2.084701 107.621000
v -3.976700 3.933201 108.285400
v -12.603840 13.907290 99.818440
v -25.128120 13.093580 86.749950
v -18.295950 -3.405699 96.660060
v -6.860701 -4.060101 107.293600
v -18.049390 0.224892 95.921540
v -27.523680 -3.014540 87.765370
v -13.611080 -6.586389 94.726300
v -23.935780 -5.340209 82.514100
v -5.775569 16.034830 96.544830
v 0.000000 4.222699 107.992600
v -29.124780 2.412969 85.745880
v -28.844260 1.420727 84.907970
v -10.236980 26.723390 87.234990
v -19.337160 20.975920 91.446900
v 15.783830 7.493824 97.277230
v 7.566199 -1.079400 107.335900
v 18.189980 3.942290 99.805080
v 28.398450 10.179320 91.050680
v 30.254060 6.950165 90.117680
v 6.605701 2.084699 107.621000
v 3.976701 3.933199 108.285400
v 12.603850 13.907290 99.818440
v 25.128120 13.093570 86.749950
v 6.860701 -4.060100 107.293600
v 18.295950 -3.405698 96.660060
v 18.049390 0.224898 95.921540
v 27.523680 -3.014538 87.765370
v 13.611070 -6.586391 94.726300
v 23.935780 -5.340207 82.514110
v 5.775571 16.034830 96.544830
v 28.844260 1.420727 84.907970
v 29.124780 2.412971 85.745880
v 10.236990 26.723390 87.234990
v 19.337160 20.975920 91.446900
v 0.665300 -5.622400 138.731800
v 0.000002 -5.767200 138.689100
v 0.000001 -5.356600 137.771700
v 0.798100 -5.039700 137.766000
v -0.000003 -6.669400 139.838600
v 0.648200 -6.162499 139.842900
v 0.494298 -6.800301 140.290100
v 4.251301 -1.000600 141.354300
v 3.183100 -0.046300 140.493400
v 4.331200 0.748799 143.015600
v 4.920900 -0.490300 142.737500
v 3.326300 -1.861000 139.755700
v 3.983901 -3.230600 141.332000
v 3.156000 -3.740400 139.957000
v 5.556700 0.995800 142.878400
v 6.442101 1.468200 144.557800
v 5.507100 -0.696700 145.960700
v 6.225101 0.024900 146.764900
v 6.950100 1.175000 146.782300
v 3.357101 -6.225601 145.149000
v 3.704701 -5.711700 145.032000
v 4.020801 -6.096799 146.198100
v 3.373000 -6.846100 146.188400
v 4.346200 -5.452201 148.318900
v 4.669601 -4.521000 150.270100
v 2.542201 -6.507799 151.416000
v 2.578100 -7.504601 148.968400
v 1.901599 -7.701900 146.734800
v -0.000003 -8.332900 147.788300
v -0.000003 -8.130599 146.561000
v 0.000001 -4.579000 137.235200
v 0.873102 -4.219100 137.373700
v 2.764701 -6.135400 144.037400
v 1.763699 -6.317400 143.957100
v 1.830799 -6.258101 143.481900
v 4.750901 -2.871400 143.102300
v 5.079199 -2.972401 145.518600
v 4.622300 -4.402300 145.267900
v 4.323101 -4.803101 143.553600
v 5.356600 -2.531101 148.653100
v 4.973299 -3.640601 147.232300
v -0.000003 -7.342400 151.594600
v -0.000003 -8.274500 149.015600
v 4.508501 -5.083100 146.748900
v 4.710800 -4.362100 146.381200
v 0.667999 -6.139600 139.182300
v 0.000002 -6.176400 139.060000
v 1.802900 -4.546600 138.662300
v 2.098400 -2.949399 138.438100
v 1.882601 -0.612700 139.231400
v 2.124900 -1.475400 138.822400
v -0.000003 -8.141200 142.082400
v -0.000003 -8.262900 141.711700
v 0.388797 -7.879300 142.088400
v 0.331401 -7.572400 142.987300
v -0.000003 -8.210100 141.384800
v 0.422600 -7.998499 141.540000
v 0.001500 -1.005500 138.172500
v 0.415098 -7.349100 141.225200
v 0.786899 -7.386000 141.588000
v 1.469303 -5.899001 140.089900
v 1.339203 -5.765100 139.879300
v 1.675599 -5.559200 139.999000
v 0.408499 -6.885400 141.062600
v 1.074902 -6.523799 141.390500
v -0.000003 -6.943300 140.224900
v -0.000003 -6.981201 140.940300
v 3.249501 -6.980199 147.157700
v 0.684501 -6.234601 139.518700
v -0.000003 -6.355600 139.397800
v -0.000003 -6.318900 139.750300
v 3.877698 -5.509400 143.952700
v 2.938502 -5.997200 143.497500
v 3.288701 -5.734200 142.788300
v 2.083299 -6.251000 142.601600
v 1.082201 -6.586201 142.717100
v 1.084100 -6.618600 142.016000
v 1.989399 -6.133701 141.704600
v 2.287799 -7.338300 145.924800
v 2.451301 -6.618900 145.119100
v 4.198201 -5.152899 145.046100
v 3.435701 -5.818200 144.416000
v 1.640798 -5.988901 140.787900
v 2.157398 -5.534900 140.366100
v 4.360200 -5.149201 145.844900
v 3.392000 -4.799301 141.410500
v -0.000003 -7.863700 145.469500
v 1.163800 -7.597100 145.514400
v 1.403399 -7.126501 145.115000
v 1.597399 -6.584200 144.682200
v 4.178600 -5.881600 147.132000
v 2.543400 -4.796299 139.952900
v 1.431800 -5.189800 139.147400
v 0.783599 -7.213000 142.125900
v -0.000003 -7.333400 143.960500
v -0.000003 -7.700900 143.006600
v 1.111401 -6.475200 143.568300
v 0.321601 -7.223400 143.925000
v 0.573301 -7.316299 144.706700
v -0.000003 -7.459900 144.686500
v 0.917598 -6.864501 144.565200
v 1.243499 -6.417100 144.091100
v -0.000003 -7.857200 141.118600
v 1.205199 -5.870500 139.434000
v 2.767901 -5.598499 141.526600
v -0.665302 -5.622400 138.731800
v -0.798101 -5.039701 137.766000
v -0.494298 -6.800300 140.290100
v -0.648201 -6.162499 139.842900
v -4.251299 -1.000600 141.354300
v -4.328100 0.748800 143.015600
v -3.180100 -0.046300 140.493400
v -4.920899 -0.490301 142.737500
v -3.326302 -1.860999 139.755700
v -3.983902 -3.230599 141.332000
v -3.155998 -3.740401 139.957000
v -6.442101 1.468201 144.557800
v -5.556700 0.995799 142.878400
v -5.507101 -0.696699 145.960700
v -6.225099 0.024899 146.764900
v -6.950100 1.174999 146.782300
v -3.357101 -6.225599 145.149000
v -4.020801 -6.096800 146.198100
v -3.704702 -5.711699 145.032000
v -3.373000 -6.846100 146.188400
v -4.346201 -5.452198 148.318900
v -2.542202 -6.507800 151.416000
v -4.669601 -4.520999 150.270100
v -2.578100 -7.504601 148.968400
v -1.901600 -7.701900 146.734800
v -0.873101 -4.219101 137.373700
v -2.764701 -6.135400 144.037400
v -1.830800 -6.258101 143.481900
v -1.763700 -6.317400 143.957100
v -4.750899 -2.871400 143.102300
v -4.622299 -4.402300 145.267900
v -5.079199 -2.972400 145.518600
v -4.323100 -4.803100 143.553600
v -5.356601 -2.531099 148.653100
v -4.973299 -3.640601 147.232300
v -4.710800 -4.362100 146.381200
v -4.508501 -5.083099 146.748900
v -0.668001 -6.139600 139.182300
v -1.802902 -4.546599 138.662300
v -2.098400 -2.949400 138.438100
v -1.879600 -0.612700 139.231400
v -2.124900 -1.475400 138.822400
v -0.388803 -7.879300 142.088400
v -0.331402 -7.572400 142.987300
v -0.422600 -7.998498 141.540000
v -0.415098 -7.349100 141.225200
v -0.786900 -7.386001 141.588000
v -1.469299 -5.899001 140.089900
v -1.675601 -5.559200 139.999000
v -1.339199 -5.765100 139.879300
v -0.408500 -6.885399 141.062600
v -1.074903 -6.523798 141.390500
v -3.249501 -6.980199 147.157700
v -0.684502 -6.234601 139.518700
v -3.877699 -5.509400 143.952700
v -3.288699 -5.734200 142.788300
v -2.938498 -5.997201 143.497500
v -2.083300 -6.251000 142.601600
v -1.989400 -6.133700 141.704600
v -1.084101 -6.618600 142.016000
v -1.082202 -6.586201 142.717100
v -2.451302 -6.618900 145.119100
v -2.287799 -7.338300 145.924800
v -4.198201 -5.152900 145.046100
v -3.435701 -5.818200 144.416000
v -1.640799 -5.988901 140.787900
v -2.157399 -5.534901 140.366100
v -4.360199 -5.149199 145.844900
v -3.392001 -4.799300 141.410500
v -1.163801 -7.597100 145.514400
v -1.597400 -6.584200 144.682200
v -1.403400 -7.126501 145.115000
v -4.178603 -5.881598 147.132000
v -2.543401 -4.796299 139.952900
v -1.431802 -5.189800 139.147400
v -0.783600 -7.213000 142.125900
v -0.321602 -7.223400 143.925000
v -1.111402 -6.475200 143.568300
v -0.573302 -7.316299 144.706700
v -0.917599 -6.864501 144.565200
v -1.243500 -6.417100 144.091100
v -1.205200 -5.870500 139.434000
v -2.767898 -5.598501 141.526600
v -9.696180 1.269754 131.753100
v -11.783460 4.252201 133.129600
v -11.923950 1.454649 131.336300
v -9.151867 4.211500 133.609000
v -9.010580 7.452321 132.525000
v -11.157660 7.384120 132.067400
v -10.786410 8.803747 128.663500
v -9.360368 9.196715 126.180200
v -10.965470 8.775251 125.957700
v -9.131135 8.961844 129.170700
v -14.655600 1.379001 127.330900
v -16.819100 4.759602 123.528100
v -15.411800 1.835301 123.596400
v -16.167370 4.747459 127.118200
v -12.070480 8.144367 123.512100
v -10.799400 4.870649 124.816100
v -11.467300 4.498402 122.989500
v -14.028430 2.285714 130.915900
v -13.870010 4.392995 131.947900
v -13.189000 7.042422 131.155500
v -11.797440 0.245967 127.754100
v -16.787950 7.171938 109.988300
v -16.677200 4.083601 107.856500
v -19.335890 6.997043 111.365100
v -15.044310 7.723578 123.654700
v -20.131200 4.744602 113.113700
v -17.347200 1.715201 109.648500
v -20.747290 1.551173 108.560400
v -18.311740 1.716368 107.351200
v -19.549900 1.639002 110.767000
v -17.440650 7.372932 108.080100
v -20.122480 7.194736 109.567600
v -18.260000 3.428006 102.501500
v -16.677200 4.083601 107.856500
v -19.712300 0.842001 103.738300
v -24.243010 3.561103 106.121900
v -20.886990 6.881241 108.037300
v -22.690600 6.641302 104.759800
v -21.744250 4.404705 110.167400
v -18.249550 7.005736 106.632500
v -19.772600 6.670402 103.140400
v -18.260000 3.428006 102.501500
v -22.253500 0.536501 105.428000
v -11.707780 0.690251 124.848300
v -10.439600 -0.332736 127.890500
v -12.662600 1.461201 122.851200
v -14.362310 7.905483 127.597500
v -11.467300 4.498402 122.989500
v -10.799400 4.870649 124.816100
v -11.075090 4.806551 124.803400
v -10.944880 0.164161 125.084400
v -11.075090 4.806551 124.803400
v -27.612210 3.360841 89.776330
v -32.450250 3.645512 85.132910
v -29.165170 3.350943 90.445390
v -30.693780 3.594209 84.680150
v -29.954560 1.154997 91.109890
v -33.177330 0.162794 85.614510
v -28.578190 -1.304348 90.970580
v -31.776200 -3.174115 85.615980
v -27.916300 -4.585098 85.733400
v -26.006000 -2.170197 87.281800
v -27.818600 -3.385597 88.236800
v -26.112200 -3.272299 84.888300
v -29.049600 -3.457997 83.013400
v -28.239000 -5.240798 83.407000
v -29.168600 -3.067699 85.114200
v -28.977810 -5.287097 80.744310
v -29.477500 -3.930697 81.123100
v -26.866010 -3.910468 82.793040
v -29.477500 -3.930697 81.123100
v -29.049600 -3.457997 83.013400
v -28.072500 -4.277898 80.582000
v -31.678200 2.895903 80.753490
v -33.203400 2.824003 80.537100
v -33.893200 -0.302198 80.355900
v -29.935210 2.202602 77.973890
v -30.606900 2.139502 77.388700
v -30.561200 -0.678498 76.453600
v -31.150900 -3.262498 80.602100
v -32.600600 -3.272498 80.410600
v -29.834330 -2.837334 85.215520
v -30.015200 -3.225598 77.034800
v -29.225100 -3.108498 77.717500
v -29.225100 -3.108498 77.717500
v -31.150900 -3.262498 80.602100
v -29.834330 -2.837334 85.215520
v -30.561200 -0.678498 76.453600
v -30.606900 2.139502 77.388700
v -26.866010 -3.910468 82.793040
v -28.072500 -4.277898 80.582000
v -27.960700 -0.776097 92.462900
v -27.133420 -1.213952 90.409200
v -26.498600 -0.699298 91.827900
v -28.317300 3.262602 92.030400
v -29.142800 1.386201 92.670410
v -26.535140 1.261890 89.520130
v -25.925200 1.592402 91.125200
v -26.762200 3.271702 91.408400
v -26.535140 1.261890 89.520130
v -25.925200 1.592402 91.125200
v -22.254400 2.510100 97.120500
v -23.383900 5.183702 97.395400
v -23.314510 0.122701 97.888900
v -25.174700 0.023702 98.943300
v -22.253500 0.536501 105.428000
v -26.761800 2.473599 99.357590
v -24.243010 3.561103 106.121900
v -19.772600 6.670402 103.140400
v -25.525800 5.181602 98.349900
v -22.690600 6.641302 104.759800
v -18.260000 3.428006 102.501500
v -22.254400 2.510100 97.120500
v -19.712300 0.842001 103.738300
v -18.260000 3.428006 102.501500
v -29.168600 -3.067699 85.114200
v -26.112200 -3.272299 84.888300
v -15.387520 4.611175 129.864400
v -26.934840 0.890781 87.419820
v -29.780490 -4.030325 86.646390
v -26.006000 -2.170197 87.281800
v -28.977810 -5.287097 80.744310
v -30.015200 -3.225598 77.034800
v -8.981076 -8.432995 117.622800
v -6.256345 -7.971007 115.300700
v -6.583334 -10.096160 116.957100
v -8.512589 -5.248078 116.187200
v -3.201320 -8.948185 116.256800
v -3.488913 -10.431150 117.883300
v -9.696180 1.269754 131.753100
v -6.765318 1.404552 132.469800
v -9.151867 4.211500 133.609000
v -9.010580 7.452321 132.525000
v -4.606389 9.041233 130.267000
v -9.131135 8.961844 129.170700
v -4.865179 9.594502 126.292400
v -9.360368 9.196715 126.180200
v -9.733956 -2.999226 118.645200
v -10.605500 3.798101 120.609400
v -10.244500 2.757902 118.347800
v -10.013950 -2.256238 121.611700
v -2.790737 1.248944 136.096100
v 0.001500 -1.005500 138.172500
v -1.879600 -0.612700 139.231400
v 0.000000 -0.142825 135.598300
v -9.269971 1.248762 114.940900
v 0.000000 6.082942 116.659200
v -4.574286 8.601705 121.503700
v 0.000001 8.193020 121.490600
v -4.340792 6.636030 116.759400
v -3.975600 -6.791900 107.241700
v 0.000001 -9.183642 113.410700
v -4.518686 -8.256495 112.045300
v 0.000000 -7.881001 108.215400
v -6.538738 -9.847839 123.930700
v -8.896527 -9.642109 121.965400
v -6.779080 -10.967290 122.179500
v -8.525290 -8.377974 123.669600
v -4.814580 -4.351759 127.492200
v -8.087600 -5.551939 125.356100
v -5.472261 -7.315195 125.618900
v -8.026000 -2.246403 127.914300
v -10.439600 -0.332736 127.890500
v -9.511862 -3.919682 124.340100
v 0.000001 9.378800 131.261000
v 0.000000 9.643205 126.620200
v -3.976609 3.933109 108.285300
v -0.000002 6.060169 103.738600
v -6.273489 4.335427 103.541500
v 0.000000 4.222699 107.992600
v -8.911379 -9.531058 119.817700
v -6.767230 -11.179420 119.420900
v -3.908602 -11.218820 119.997500
v -1.168169 -9.931050 119.813500
v -1.743557 -10.283830 121.494500
v -0.000001 3.883804 112.383400
v -4.099402 4.786482 111.948500
v 0.000000 -6.807220 123.120000
v -1.714757 -8.943170 123.544200
v 0.000001 -8.002085 121.052200
v -7.019132 2.948127 111.867400
v -7.566028 -1.079362 107.335800
v -8.093102 -0.048010 111.736800
v -6.605700 2.084701 107.621000
v -4.057249 -10.949610 121.948600
v -10.328740 -4.265789 120.388600
v -9.863657 -5.992341 122.569900
v -6.842664 6.681617 133.874300
v -6.083949 3.963477 134.774400
v -3.597731 6.031832 135.529700
v -0.640583 -8.933581 118.511000
v -3.558919 3.396797 136.819500
v -2.410440 5.251749 137.437300
v -8.877900 7.598900 121.295100
v -8.134096 5.857749 116.500000
v -10.061850 -6.528240 118.909000
v -10.238820 -7.501256 120.937700
v 0.000000 -1.407107 131.661500
v -3.982622 -1.619096 130.258300
v 0.000001 -2.715390 129.309900
v -3.587229 -0.503221 132.057100
v -7.206068 -0.147833 130.848900
v -3.558919 3.396797 136.819500
v -3.148736 0.913247 133.340400
v -6.083949 3.963477 134.774400
v -4.337988 -9.819849 123.798400
v -1.820453 -6.191020 125.525200
v -0.000001 -7.478501 103.754900
v -4.827509 -6.517728 104.242600
v 0.000000 -7.544201 100.234600
v -5.679451 -6.551735 101.243300
v 0.000000 -0.170329 133.157300
v 0.000714 -5.041047 88.101940
v -0.738720 -0.769554 85.240960
v 0.000715 -0.811452 85.189840
v -2.911860 -4.780756 88.293140
v 0.000656 -6.887609 92.255230
v -6.837802 -5.968030 93.992460
v -6.716744 -6.451631 97.769650
v 0.000000 -7.384903 96.553680
v -3.034500 2.474900 141.027300
v -3.180100 -0.046300 140.493400
v -10.944880 0.164161 125.084400
v 0.000001 -9.014881 117.472500
v -9.330997 -1.218259 102.304800
v -11.075090 4.806551 124.803400
v -2.410440 5.251749 137.437300
v -1.859900 4.063100 141.431900
v -6.860700 -4.060101 107.293600
v -7.565813 -5.096275 112.171200
v -3.417700 3.332801 145.171700
v -4.328100 0.748800 143.015600
v 0.000000 -5.418340 125.498100
v -10.435590 2.719078 99.175000
v -9.434397 -4.179577 98.055440
v -11.078690 -0.663637 98.850810
v -8.843622 5.893202 99.304200
v -4.550792 8.450815 99.553890
v 0.000001 8.604240 99.486220
v -9.151867 4.211500 133.609000
v -4.173894 8.327765 133.599500
v -2.051501 9.063062 132.652700
v 9.696180 1.269754 131.753200
v 11.923950 1.454647 131.336300
v 11.783370 4.252203 133.129600
v 9.151763 4.211504 133.609000
v 11.157660 7.384122 132.067400
v 9.010583 7.452324 132.525000
v 10.786600 8.803900 128.663500
v 10.965470 8.775250 125.957600
v 9.360373 9.196711 126.180100
v 9.131138 8.961854 129.170800
v 14.655600 1.378999 127.330900
v 15.411800 1.835298 123.596400
v 16.819100 4.759600 123.528100
v 16.167600 4.747500 127.118200
v 12.070600 8.144500 123.512100
v 11.467300 4.498401 122.989500
v 10.799400 4.870647 124.816000
v 14.028430 2.285711 130.915800
v 13.870010 4.392995 131.947900
v 13.189000 7.042421 131.155500
v 11.797440 0.245961 127.754100
v 16.787900 7.171999 109.988300
v 16.677200 4.083599 107.856500
v 15.044500 7.723700 123.654700
v 19.335800 6.997098 111.365100
v 20.131200 4.744599 113.113700
v 17.347200 1.715198 109.648500
v 18.311750 1.716364 107.351200
v 20.747290 1.551170 108.560400
v 19.549900 1.638999 110.767000
v 17.440650 7.372928 108.080100
v 20.122490 7.194734 109.567600
v 16.677200 4.083599 107.856500
v 18.260000 3.427996 102.501500
v 19.712300 0.841999 103.738300
v 24.243000 3.561096 106.121900
v 22.690600 6.641298 104.759800
v 20.886980 6.881237 108.037300
v 21.744250 4.404602 110.167400
v 18.249550 7.005733 106.632500
v 19.772600 6.670399 103.140400
v 18.260000 3.427996 102.501500
v 22.253500 0.536498 105.428000
v 11.707780 0.690252 124.848300
v 10.439600 -0.332739 127.890500
v 12.662600 1.461199 122.851200
v 14.362500 7.905600 127.597500
v 11.467300 4.498401 122.989500
v 10.799400 4.870647 124.816000
v 11.075090 4.806548 124.803400
v 10.944880 0.164260 125.084400
v 11.075090 4.806548 124.803400
v 27.612210 3.360837 89.776310
v 29.165170 3.350939 90.445400
v 32.450260 3.645507 85.132920
v 30.693780 3.594202 84.680150
v 29.954560 1.154984 91.109890
v 33.177330 0.162786 85.614500
v 28.578180 -1.304352 90.970590
v 31.776200 -3.174119 85.616000
v 27.916300 -4.585103 85.733400
v 27.818620 -3.385534 88.236890
v 26.006000 -2.170202 87.281800
v 26.112200 -3.272304 84.888300
v 28.239000 -5.240802 83.407000
v 29.049600 -3.458003 83.013400
v 29.168600 -3.067701 85.114200
v 28.977810 -5.287103 80.744310
v 29.477500 -3.930702 81.123100
v 26.866020 -3.910405 82.793010
v 29.049600 -3.458003 83.013400
v 29.477500 -3.930702 81.123100
v 28.072500 -4.277902 80.582000
v 33.203390 2.823921 80.537120
v 31.678220 2.895821 80.753490
v 33.893170 -0.302202 80.355910
v 30.606900 2.139498 77.388700
v 29.935200 2.202598 77.973890
v 30.561200 -0.678502 76.453600
v 31.150930 -3.262428 80.602070
v 32.600600 -3.272427 80.410600
v 29.834320 -2.837436 85.215520
v 30.015200 -3.225603 77.034800
v 29.225110 -3.108502 77.717500
v 29.225110 -3.108502 77.717500
v 31.150930 -3.262428 80.602070
v 29.834320 -2.837436 85.215520
v 30.561200 -0.678502 76.453600
v 30.606900 2.139498 77.388700
v 26.866020 -3.910405 82.793010
v 28.072500 -4.277902 80.582000
v 27.960690 -0.776054 92.462880
v 26.498630 -0.699256 91.827900
v 27.133420 -1.213956 90.409200
v 28.317280 3.262546 92.030410
v 29.142760 1.386192 92.670390
v 26.535140 1.261886 89.520130
v 25.925240 1.592288 91.125210
v 26.762210 3.271646 91.408420
v 26.535140 1.261886 89.520130
v 25.925240 1.592288 91.125210
v 22.254400 2.510098 97.120500
v 23.383900 5.183699 97.395400
v 25.174700 0.023697 98.943300
v 23.314510 0.122699 97.888900
v 22.253500 0.536498 105.428000
v 26.761800 2.473600 99.357590
v 24.243000 3.561096 106.121900
v 19.772600 6.670399 103.140400
v 22.690600 6.641298 104.759800
v 25.525800 5.181498 98.349900
v 18.260000 3.427996 102.501500
v 22.254400 2.510098 97.120500
v 19.712300 0.841999 103.738300
v 18.260000 3.427996 102.501500
v 29.168600 -3.067701 85.114200
v 26.112200 -3.272304 84.888300
v 15.387700 4.611200 129.864400
v 26.934840 0.890776 87.419820
v 29.780490 -4.030331 86.646390
v 26.006000 -2.170202 87.281800
v 28.977810 -5.287103 80.744310
v 30.015200 -3.225603 77.034800
v 8.981075 -8.432996 117.622800
v 6.583336 -10.096150 116.957100
v 6.256343 -7.971010 115.300700
v 8.512588 -5.248077 116.187200
v 3.488915 -10.431150 117.883300
v 3.201320 -8.948184 116.256800
v 9.696180 1.269754 131.753200
v 9.151763 4.211504 133.609000
v 6.765317 1.404553 132.469800
v 9.010583 7.452324 132.525000
v 9.131138 8.961854 129.170800
v 4.606390 9.041233 130.267000
v 4.865179 9.594502 126.292400
v 9.360373 9.196711 126.180100
v 9.733958 -2.999226 118.645200
v 10.244500 2.757898 118.347800
v 10.605500 3.798099 120.609400
v 10.013950 -2.256231 121.611800
v 2.790737 1.248944 136.096100
v 1.882601 -0.612700 139.231400
v 9.269870 1.248758 114.940900
v 4.574287 8.601704 121.503700
v 4.340792 6.636029 116.759400
v 3.975600 -6.791900 107.241700
v 4.518689 -8.256495 112.045300
v 6.538738 -9.847840 123.930700
v 6.779082 -10.967300 122.179500
v 8.896524 -9.642111 121.965400
v 8.525288 -8.377974 123.669600
v 4.814580 -4.351758 127.492200
v 5.472263 -7.315195 125.618900
v 8.087599 -5.551940 125.356100
v 8.026001 -2.246407 127.914300
v 9.511865 -3.919683 124.340100
v 10.439600 -0.332739 127.890500
v 3.976701 3.933199 108.285400
v 6.273308 4.335298 103.541400
v 8.911378 -9.531061 119.817700
v 6.767231 -11.179430 119.420900
v 3.908605 -11.218820 119.997500
v 1.743558 -10.283830 121.494500
v 1.168172 -9.931049 119.813500
v 4.099402 4.786481 111.948500
v 1.714758 -8.943172 123.544200
v 7.019131 2.948125 111.867400
v 8.093102 -0.048006 111.736800
v 7.566028 -1.079364 107.335800
v 6.605701 2.084699 107.621000
v 4.057251 -10.949610 121.948600
v 9.863656 -5.992350 122.569900
v 10.328740 -4.265791 120.388600
v 6.842667 6.681616 133.874300
v 3.597732 6.031831 135.529700
v 6.083950 3.963475 134.774400
v 0.640586 -8.933581 118.511000
v 3.558920 3.396794 136.819500
v 2.410441 5.251749 137.437300
v 8.877748 7.598747 121.295200
v 8.134098 5.857749 116.500000
v 10.061850 -6.528238 118.909000
v 10.238820 -7.501241 120.937800
v 3.982619 -1.619097 130.258300
v 3.587229 -0.503221 132.057100
v 7.206067 -0.147831 130.848900
v 3.558920 3.396794 136.819500
v 3.148735 0.913246 133.340400
v 6.083950 3.963475 134.774400
v 4.337992 -9.819849 123.798400
v 1.820456 -6.191020 125.525200
v 4.827508 -6.517730 104.242600
v 5.679450 -6.551737 101.243300
v 0.740078 -0.769600 85.240900
v 2.913288 -4.780757 88.293140
v 6.837808 -5.968032 93.992460
v 6.716743 -6.451632 97.769650
v 3.034424 2.474918 141.027300
v 3.183100 -0.046300 140.493400
v 10.944880 0.164260 125.084400
v 9.330993 -1.218261 102.304800
v 11.075090 4.806548 124.803400
v 2.410441 5.251749 137.437300
v 1.859854 4.063079 141.432300
v 6.860701 -4.060100 107.293600
v 7.565813 -5.096275 112.171100
v 3.417701 3.332801 145.171700
v 4.331200 0.748799 143.015600
v 10.435600 2.719077 99.175000
v 9.434400 -4.179576 98.055440
v 11.078690 -0.663642 98.850800
v 8.843624 5.893200 99.304200
v 4.550796 8.450821 99.553920
v 9.151763 4.211504 133.609000
v 4.173897 8.327765 133.599500
v 2.051495 9.063059 132.652700
v 6.203968 5.597898 49.824910
v 9.089544 3.955299 49.627000
v 9.077150 5.083687 43.982890
v 6.303476 6.820683 44.222700
v 3.642596 4.843120 43.407900
v 6.402985 7.868599 38.620500
v 3.257401 5.300587 37.667900
v 2.500294 0.969696 36.572490
v 6.868161 -1.109975 36.066700
v 6.168658 -2.463657 46.227100
v 2.921246 -0.168099 47.723210
v 11.007330 -5.296251 89.094240
v 10.193890 -4.403265 94.553960
v 6.837808 -5.968032 93.992460
v 7.293987 -7.399005 88.817850
v 11.124660 -6.397602 75.503510
v 11.559880 -6.112402 83.094700
v 7.592631 -8.283802 82.391800
v 7.462716 -8.295500 75.718900
v 2.638056 5.821738 75.744900
v 1.761074 -0.607300 75.546710
v 1.100759 -0.397869 80.978000
v 2.476936 8.171756 84.309200
v 2.913288 -4.780757 88.293140
v 2.989813 -5.978700 81.752300
v 6.730219 11.999840 86.364120
v 10.810110 7.553608 86.460500
v 11.159080 6.498082 83.065800
v 7.130845 10.650210 82.950400
v 2.612941 12.178460 86.800100
v 0.000715 -0.811452 85.189840
v 0.000715 6.810094 85.002770
v 0.740078 -0.769600 85.240900
v 1.100759 -0.397869 80.978000
v 0.740078 -0.769600 85.240900
v 7.276821 12.339840 90.526740
v 6.110403 10.855450 94.630070
v 9.528831 6.914831 94.814360
v 11.521050 7.776857 90.541510
v 3.045698 12.928280 90.580330
v 2.803617 11.529170 94.546410
v 11.552610 -0.595552 95.115570
v 12.662300 -0.527056 89.333140
v 4.550780 8.210732 99.132200
v 8.843625 5.671709 99.025410
v 3.771529 3.910299 49.147800
v 3.414154 2.389100 55.876810
v 6.338876 4.113699 56.420010
v 3.413352 3.574500 66.331500
v 6.770348 5.000299 66.005800
v 4.312318 -5.760600 56.680400
v 4.582578 -4.035833 51.340000
v 7.933867 -3.897480 51.275800
v 8.487142 -4.940525 56.720400
v 9.047280 2.317199 55.739400
v 11.047370 -1.373700 65.712800
v 9.873578 -6.021502 66.107590
v 9.568186 -1.260801 54.217900
v 10.319140 2.479199 65.911200
v 2.254725 -0.811900 66.824700
v 12.291820 -1.136400 75.288000
v 11.018200 4.813039 75.617700
v 7.313812 9.008022 75.407200
v 4.068450 -6.586500 67.199900
v 2.254725 -0.811900 66.824700
v 2.477750 -1.348601 57.829300
v 6.739137 -7.325900 66.777500
v 3.426904 -6.879701 75.938000
v 2.477750 -1.348601 57.829300
v 1.761074 -0.607300 75.546710
v 12.641710 -0.676603 83.391100
v 10.779690 -0.663644 98.726100
v 9.434400 -4.179576 98.055440
v 9.456371 5.744656 38.338900
v 0.705886 11.035360 87.323590
v 0.000005 11.099010 94.450090
v 0.000000 12.001020 90.648120
v 0.000001 7.947556 99.234830
v 11.076510 1.151332 37.214200
v 10.464650 0.612168 42.482100
v 5.148246 -8.112552 -3.556000
v 5.726039 -7.890391 -1.892792
v 4.983021 -5.620664 -1.231995
v 4.263544 -3.199374 -3.556000
v 7.393614 -2.927525 7.202103
v 7.693967 -6.842134 0.822205
v 10.688910 -4.701023 -1.160309
v 10.394840 -0.768185 5.602600
v 11.556040 -1.821623 -3.555908
v 10.122970 3.991674 3.498794
v 4.263544 -3.199374 -3.556000
v 4.346024 3.941154 3.287399
v 10.122970 3.991674 3.498794
v 11.556040 -1.821623 -3.555908
v 8.820089 7.180027 4.996887
v 6.919165 8.228469 5.372497
v 6.667183 5.949765 12.033190
v 8.161955 5.211666 11.963990
v 5.042763 7.420786 4.859298
v 5.193097 5.293090 11.941500
v 6.667183 5.949765 12.033190
v 6.919165 8.228469 5.372497
v 10.053600 -7.997725 -1.893600
v 10.545440 -8.085257 -3.555908
v 11.556040 -1.821623 -3.555908
v 10.545440 -8.085257 -3.555908
v 5.148246 -8.112552 -3.556000
v 4.263544 -3.199374 -3.556000
v 4.778029 -1.198719 5.984406
v 4.346024 3.941154 3.287399
v 5.336921 4.374835 0.621002
v 9.028823 4.481429 0.749908
v 10.122970 3.991674 3.498794
v 8.219646 7.191130 1.606598
v 8.820089 7.180027 4.996887
v 10.122970 3.991674 3.498794
v 9.028823 4.481429 0.749908
v 6.919165 8.228469 5.372497
v 7.018406 7.668947 1.763305
v 9.339030 5.320066 32.385500
v 6.324252 7.346448 32.544400
v 3.657933 4.690495 31.872300
v 6.190592 4.415825 -3.697205
v 8.059770 4.525287 -3.697205
v 4.346024 3.941154 3.287399
v 5.042763 7.420786 4.859298
v 5.985244 7.021710 1.548797
v 5.336921 4.374835 0.621002
v 6.481095 5.927323 18.890900
v 8.082690 4.818357 18.959790
v 10.814900 1.527433 32.380600
v 4.502777 1.791414 18.683300
v 6.867092 -0.199643 18.520000
v 9.240235 2.160404 20.444100
v 5.108836 4.756582 18.897500
v 9.402961 2.203095 11.826290
v 7.151174 -0.842841 12.567200
v 9.402961 2.203095 11.826290
v 8.161955 5.211666 11.963990
v 6.667183 5.949765 12.033190
v 5.193097 5.293090 11.941500
v 10.364290 2.740076 98.854710
v 9.381919 0.144999 47.831700
v 2.500294 0.969696 36.572490
v 2.782041 -1.205901 52.151300
v 2.782041 -1.205901 52.151300
v 2.921246 -0.168099 47.723210
v 7.685007 -12.241090 -3.555908
v 7.685007 -12.241090 -3.555908
v 7.151174 -0.842841 12.567200
v 8.059770 4.525287 -3.697205
v 6.190592 4.415825 -3.697205
v 7.094020 6.164156 -3.697205
v 4.064706 2.017205 11.364110
v 4.346024 3.941154 3.287399
v 6.190592 4.415825 -3.697205
v 7.094020 6.164156 -3.697205
v 8.059770 4.525287 -3.697205
v 4.502777 1.791414 18.683300
v 7.802617 -10.045010 -1.410492
v 4.064706 2.017205 11.364110
v 4.064706 2.017205 11.364110
v -6.202537 5.597899 49.824910
v -9.075809 5.083689 43.982890
v -9.088204 3.955301 49.627000
v -6.302045 6.820682 44.222700
v -3.641164 4.843120 43.407900
v -6.401553 7.868600 38.620500
v -3.255970 5.300588 37.667900
v -2.498865 0.969695 36.572490
v -6.167317 -2.463656 46.227100
v -6.866733 -1.109975 36.066700
v -2.919816 -0.168103 47.723210
v -11.005990 -5.296250 89.094250
v -6.837802 -5.968030 93.992460
v -10.193890 -4.403263 94.553960
v -7.292558 -7.399003 88.817850
v -11.123320 -6.397599 75.503500
v -7.591293 -8.283798 82.391800
v -11.558450 -6.112399 83.094700
v -7.461379 -8.295499 75.718900
v -2.636626 5.821577 75.744900
v -0.515554 -0.402199 80.978000
v -1.054472 -0.607304 75.546710
v -2.475592 8.171504 84.309200
v -2.988474 -5.978701 81.752300
v -2.911860 -4.780756 88.293140
v -6.728819 11.999660 86.364110
v -11.157650 6.498154 83.065800
v -10.808680 7.553669 86.460500
v -7.129414 10.650090 82.950400
v -2.611598 12.178150 86.800110
v -0.738720 -0.769554 85.240960
v -0.515554 -0.402199 80.978000
v -0.738720 -0.769554 85.240960
v -7.276820 12.339830 90.526720
v -9.528823 6.914834 94.814380
v -6.110387 10.855410 94.630070
v -11.521050 7.776859 90.541530
v -3.045696 12.928280 90.580330
v -2.803701 11.529170 94.546390
v -12.660960 -0.527044 89.333130
v -11.552600 -0.595551 95.115570
v -8.843622 5.671707 99.025400
v -4.550788 8.210736 99.132200
v -3.770188 3.910300 49.147800
v -6.337534 4.113700 56.420000
v -3.412724 2.389101 55.876800
v -3.411922 3.574500 66.331500
v -6.769006 5.000299 66.005800
v -4.310980 -5.760600 56.680400
v -7.932440 -3.897479 51.275800
v -4.581150 -4.035833 51.340000
v -8.485715 -4.940523 56.720400
v -9.045850 2.317201 55.739400
v -11.421040 -1.373599 65.712800
v -9.872149 -6.021499 66.107590
v -9.566754 -1.260800 54.217900
v -10.317710 2.479201 65.911190
v -1.949962 -0.811900 66.824710
v -12.888980 -1.136400 75.288000
v -11.016770 4.813083 75.617700
v -7.312382 9.007941 75.407200
v -4.067109 -6.586499 67.199900
v -2.291822 -1.348601 57.829290
v -1.949962 -0.811900 66.824710
v -6.737708 -7.325899 66.777500
v -3.425563 -6.879699 75.938000
v -2.291822 -1.348601 57.829290
v -1.054472 -0.607304 75.546710
v -13.238950 -0.688801 83.391100
v -10.779690 -0.663641 98.726110
v -9.434397 -4.179577 98.055440
v -9.454941 5.744657 38.338900
v -10.463220 0.612171 42.482100
v -11.075080 1.151334 37.214200
v -5.146905 -8.112553 -3.556000
v -4.981682 -5.620663 -1.231994
v -5.724609 -7.890391 -1.892791
v -4.262115 -3.199373 -3.556000
v -7.392185 -2.927524 7.202103
v -10.687480 -4.701021 -1.160309
v -7.692540 -6.842134 0.822205
v -10.393410 -0.768183 5.602600
v -11.554700 -1.821621 -3.555908
v -10.121540 3.991676 3.498795
v -4.262115 -3.199373 -3.556000
v -10.121540 3.991676 3.498795
v -4.344592 3.941154 3.287399
v -11.554700 -1.821621 -3.555908
v -8.818744 7.180027 4.996887
v -6.665752 5.949767 12.033190
v -6.917733 8.228470 5.372498
v -8.160524 5.211666 11.963990
v -5.041333 7.420786 4.859299
v -6.665752 5.949767 12.033190
v -5.191666 5.293090 11.941500
v -6.917733 8.228470 5.372498
v -10.052260 -7.997723 -1.893600
v -10.544010 -8.085256 -3.555908
v -11.554700 -1.821621 -3.555908
v -5.146905 -8.112553 -3.556000
v -10.544010 -8.085256 -3.555908
v -4.262115 -3.199373 -3.556000
v -4.776600 -1.198719 5.984406
v -4.344592 3.941154 3.287399
v -9.027393 4.481429 0.749908
v -5.335490 4.374836 0.621002
v -10.121540 3.991676 3.498795
v -10.121540 3.991676 3.498795
v -8.218215 7.191131 1.606598
v -9.027393 4.481429 0.749908
v -8.818744 7.180027 4.996887
v -6.917733 8.228470 5.372498
v -7.017065 7.668949 1.763305
v -6.322909 7.346449 32.544400
v -9.337598 5.320066 32.385500
v -3.656501 4.690578 31.872300
v -8.058341 4.525287 -3.697205
v -6.189161 4.415827 -3.697205
v -4.344592 3.941154 3.287399
v -5.983813 7.021711 1.548797
v -5.041333 7.420786 4.859299
v -5.335490 4.374836 0.621002
v -6.479663 5.927324 18.890900
v -8.081347 4.818358 18.959790
v -10.813560 1.527434 32.380600
v -6.865661 -0.199759 18.520000
v -4.501347 1.791415 18.683300
v -9.238805 2.160407 20.444100
v -5.107403 4.756582 18.897500
v -9.401532 2.203097 11.826200
v -7.149743 -0.842840 12.567200
v -9.401532 2.203097 11.826200
v -8.160524 5.211666 11.963990
v -6.665752 5.949767 12.033190
v -5.191666 5.293090 11.941500
v -10.364290 2.740076 98.854710
v -9.380577 0.145001 47.831700
v -2.498865 0.969695 36.572490
v -2.468905 -1.205899 52.151300
v -2.468905 -1.205899 52.151300
v -2.919816 -0.168103 47.723210
v -7.683669 -12.241090 -3.555908
v -7.683669 -12.241090 -3.555908
v -7.149743 -0.842840 12.567200
v -8.058341 4.525287 -3.697205
v -7.092587 6.164156 -3.697205
v -6.189161 4.415827 -3.697205
v -4.063364 2.017206 11.364110
v -4.344592 3.941154 3.287399
v -6.189161 4.415827 -3.697205
v -7.092587 6.164156 -3.697205
v -8.058341 4.525287 -3.697205
v -4.501347 1.791415 18.683300
v -7.801276 -10.045010 -1.410492
v -4.063364 2.017206 11.364110
v -4.063364 2.017206 11.364110
v 6.693590 -7.573160 197.050400
v 2.311254 -7.573158 198.273500
v -0.116060 -7.573159 197.050400
v 1.558958 -7.573159 191.803600
v 1.106511 -7.573160 194.602300
v 1.600574 -7.573159 201.838400
v -0.116060 -7.573159 204.776300
v 0.890488 -7.573158 199.384300
v 3.190529 -7.573160 200.024100
v 2.321511 -7.573158 195.827400
v 3.067348 -7.573159 194.206700
v -0.116060 -7.573159 189.223000
v -6.925712 -7.573160 197.050400
v -2.543371 -7.573160 198.273500
v -1.791079 -7.573159 191.803600
v -1.338639 -7.573159 194.602300
v -1.832695 -7.573160 201.838400
v -1.122612 -7.573158 199.384300
v -3.422650 -7.573160 200.024100
v -2.553634 -7.573158 195.827400
v -3.299470 -7.573159 194.206700
v 0.152016 -7.475366 185.363100
v 1.381232 -7.446225 188.211900
v 0.046005 -8.653996 188.159100
v -0.042383 -7.440292 190.313700
v 1.381232 -7.446225 188.211900
v 0.152016 -7.475366 185.363100
v 0.035016 -6.127488 188.236100
v -0.042383 -7.440292 190.313700
v -1.296838 -7.454674 188.106800
v -1.296838 -7.454674 188.106800
v -0.221640 -7.086724 153.582600
v 3.076692 -6.249242 158.942700
v -0.221641 -8.440143 159.284400
v -0.221640 -5.415355 164.303400
v -0.221640 -5.415355 164.303400
v 3.076692 -6.249242 158.942700
v -0.221640 -7.086724 153.582600
v -3.519969 -6.249241 158.942700
v -3.519969 -6.249241 158.942700
v 1.687257 -9.112082 116.863000
v 0.000001 -8.951178 118.923500
v 0.000002 -10.659440 117.004700
v 0.000001 -9.313977 114.224500
v -1.687259 -9.112081 116.863000
v 9.594479 7.956103 133.494600
v 9.047180 4.474855 135.435100
v 12.442370 4.474856 135.571100
v 12.588230 8.243599 133.561800
v 16.429830 7.517275 129.700000
v 17.868260 4.474850 130.375600
v 19.949590 4.474859 126.090500
v 17.790550 7.547347 125.097300
v 15.736790 4.474855 134.336900
v 15.673970 6.864222 133.184300
v 13.447310 9.089620 128.081500
v 10.660580 9.612473 130.174500
v 24.529890 10.952350 115.075700
v 19.204650 8.485428 120.617300
v 20.292530 7.426280 121.366600
v 31.476740 7.996652 113.871300
v 14.940730 8.127854 124.160100
v 22.774560 4.474857 122.388300
v 37.082760 4.474672 114.170600
v 16.371280 7.797386 118.874000
v 21.009060 11.258380 114.605500
v 18.901470 12.621490 110.263300
v 24.513680 12.315890 112.457700
v 9.594476 0.993603 133.494600
v 12.588220 0.706109 133.561800
v 16.429820 1.432422 129.700100
v 17.790550 1.402347 125.097300
v 15.673960 2.085485 133.184300
v 13.447110 -0.139852 128.081500
v 10.660570 -0.662775 130.174500
v 24.529900 -2.002658 115.075700
v 31.476740 0.953038 113.871300
v 20.292530 1.523412 121.366600
v 19.204650 0.464266 120.617300
v 14.940720 0.821839 124.160100
v 16.371280 1.152308 118.874100
v 21.009060 -2.308683 114.605500
v 18.901480 -3.671798 110.263300
v 24.513690 -3.366194 112.457700
v 16.650740 8.799504 131.485900
v 15.826340 8.965812 128.941500
v 13.739090 9.625939 130.104100
v 14.978750 9.769012 132.917300
v 12.530000 9.073513 126.734100
v 14.519310 8.389707 125.422900
v 17.403470 7.979242 134.069600
v 17.341570 8.931460 137.336600
v 15.887190 5.611397 136.459100
v 17.298280 7.039724 139.905300
v 13.732250 4.644850 141.555500
v 13.739090 -0.779867 130.104100
v 15.826330 -0.119743 128.941500
v 16.650730 0.046575 131.485900
v 14.978740 -0.922931 132.917400
v 12.530000 -0.227448 126.734100
v 14.519300 0.456354 125.422900
v 17.403470 0.866842 134.069600
v 17.341570 -0.085368 137.336700
v 15.887190 3.234693 136.459100
v 17.298280 1.806376 139.905300
v 13.732250 4.201251 141.555500
v -9.594476 7.956100 133.494600
v -12.588220 8.243592 133.561800
v -12.442370 4.474849 135.571100
v -9.047179 4.474849 135.435100
v -16.429820 7.517275 129.700100
v -17.790290 7.547235 125.097300
v -19.949580 4.474859 126.090500
v -17.868260 4.474849 130.375600
v -15.673960 6.864216 133.184300
v -15.736790 4.474849 134.336900
v -13.447300 9.089622 128.081500
v -10.660570 9.612473 130.174500
v -24.529900 10.952350 115.075700
v -31.476740 7.996658 113.871300
v -20.292530 7.426282 121.366600
v -19.204410 8.485293 120.617300
v -14.940530 8.127723 124.160100
v -22.774560 4.474919 122.388300
v -37.082750 4.474758 114.170600
v -16.371080 7.796532 118.869800
v -21.009060 11.258380 114.605500
v -18.901470 12.621490 110.263300
v -24.513680 12.315890 112.457700
v -9.594477 0.993598 133.494600
v -12.588220 0.706105 133.561800
v -16.429820 1.432422 129.700100
v -17.790550 1.402349 125.097300
v -15.673960 2.085480 133.184300
v -13.447300 -0.139924 128.081500
v -10.660570 -0.662775 130.174500
v -24.529900 -2.002654 115.075700
v -19.204650 0.464269 120.617300
v -20.292530 1.523415 121.366600
v -31.476740 0.953043 113.871300
v -14.940720 0.821841 124.160100
v -16.371280 1.152310 118.874100
v -21.009060 -2.308680 114.605500
v -18.901470 -3.671795 110.263300
v -24.513680 -3.366191 112.457700
v -13.739090 9.625938 130.104100
v -15.826330 8.965813 128.941500
v -16.650730 8.799500 131.485900
v -14.978740 9.769007 132.917400
v -12.530000 9.073516 126.734100
v -14.519310 8.389712 125.422900
v -17.403470 7.979236 134.069600
v -17.341570 8.931448 137.336600
v -15.887190 5.611389 136.459100
v -17.298280 7.039711 139.905300
v -13.732250 4.644835 141.555500
v -16.650730 0.046572 131.485900
v -15.826330 -0.119742 128.941500
v -13.739090 -0.779868 130.104100
v -14.978750 -0.922937 132.917400
v -12.530000 -0.227445 126.734100
v -14.519120 0.456412 125.422900
v -17.403470 0.866836 134.069600
v -17.341570 -0.085377 137.336600
v -15.887190 3.234684 136.459100
v -17.298280 1.806363 139.905300
v -13.732250 4.201235 141.555500
v -0.112815 -7.143105 180.035000
v 1.540598 -7.246085 183.096500
v 0.047643 -8.607841 183.105900
v 0.156008 -7.358590 185.582700
v 1.540598 -7.246085 183.096500
v -0.112815 -7.143105 180.035000
v 0.033626 -5.780457 183.323500
v 0.156008 -7.358590 185.582700
v -1.462615 -7.272103 183.241100
v -1.462615 -7.272103 183.241100
v 9.130307 -8.517516 117.514600
v 6.638863 -10.246270 116.840400
v 6.358247 -8.097917 115.198900
v 8.692013 -5.292287 116.096900
v 3.432693 -10.608640 117.790500
v 3.197781 -9.132254 116.193200
v 9.464972 1.263073 114.869300
v 10.389320 2.390168 117.470600
v 9.935228 -3.007427 118.575300
v 4.061450 -6.974064 107.804100
v 4.602411 -8.437287 111.999300
v 0.000001 -9.367034 112.999800
v 2.101432 -7.473758 108.240100
v 0.000000 9.188353 103.794700
v 0.000000 4.222699 107.992600
v 3.976701 3.933199 108.285400
v 9.059797 -9.670197 119.774400
v 6.817300 -11.367040 119.376400
v 3.865568 -11.421950 119.983600
v 1.395352 -10.446500 122.013400
v 1.039896 -10.088090 119.788900
v 7.019131 2.948125 111.867400
v 8.292176 -0.025217 111.682100
v 8.002457 -1.116345 107.336600
v 6.605701 2.084699 107.621000
v 6.864683 -11.257010 122.212800
v 4.015312 -11.240680 121.986200
v 0.549994 -9.100673 118.482700
v 10.253770 -6.556798 118.833400
v 10.767510 -7.601882 120.981200
v 10.535160 -4.249185 120.373800
v 9.068939 -9.874314 121.989800
v 8.134098 5.857749 116.500000
v 0.698619 -8.675079 104.587900
v 3.655783 -7.613173 106.329400
v 6.802468 -10.608450 124.095400
v 8.990873 -9.399539 123.499100
v 8.224874 -8.423932 125.521000
v 6.206491 -9.132130 125.873700
v 10.614680 -7.254857 122.840700
v 9.828380 -7.168804 124.239900
v 2.674545 -10.470670 123.888000
v 0.000001 -9.223976 117.497900
v 0.000001 -8.138736 121.089200
v 9.889808 -1.492153 106.147700
v 7.028308 -4.174818 107.304000
v 6.001739 -7.540070 104.266800
v 10.842010 -4.456770 103.678100
v 7.746001 -5.182809 112.121300
v 9.085449 5.322270 104.865900
v 4.004747 -9.470870 125.260200
v 4.260586 -9.177330 100.228300
v -9.130306 -8.517515 117.514600
v -6.358247 -8.097917 115.198900
v -6.638865 -10.246260 116.840400
v -8.692013 -5.292285 116.096800
v -3.197781 -9.132255 116.193200
v -3.432691 -10.608640 117.790500
v -9.464972 1.263075 114.869300
v -9.935228 -3.007427 118.575300
v -10.389310 2.390169 117.470600
v -4.061450 -6.974062 107.804100
v -4.602414 -8.437287 111.999300
v -2.101431 -7.473759 108.240100
v -3.976700 3.933201 108.285400
v -9.059804 -9.670193 119.774400
v -6.817299 -11.367040 119.376400
v -3.865572 -11.421950 119.983600
v -1.039894 -10.088090 119.788900
v -1.395350 -10.446500 122.013400
v -7.019132 2.948127 111.867400
v -8.002458 -1.116347 107.336600
v -8.292177 -0.025215 111.682100
v -6.605701 2.084701 107.621000
v -6.864685 -11.257010 122.212800
v -4.015310 -11.240680 121.986200
v -0.549991 -9.100674 118.482700
v -10.253780 -6.556794 118.833400
v -10.767510 -7.601859 120.981300
v -10.535160 -4.249185 120.373800
v -9.068942 -9.874311 121.989800
v -8.134096 5.857749 116.500000
v -0.698623 -8.675078 104.587900
v -3.655781 -7.613172 106.329400
v -6.802467 -10.608440 124.095400
v -8.224874 -8.423934 125.521000
v -8.990872 -9.399533 123.499200
v -6.206486 -9.132133 125.873700
v -9.828378 -7.168803 124.239900
v -10.614680 -7.254859 122.840700
v -2.674544 -10.470670 123.888000
v -9.889810 -1.492152 106.147700
v -7.028144 -4.174705 107.303900
v -10.842010 -4.456770 103.678100
v -6.001740 -7.540071 104.266800
v -7.746000 -5.182811 112.121300
v -9.085450 5.322271 104.865900
v -3.976609 3.933109 108.285300
v -4.004747 -9.470871 125.260200
v -4.260584 -9.177330 100.228300
v 2.920885 0.056911 156.352600
v 2.865548 -3.623313 155.233400
v 4.484620 -3.149058 154.597900
v 0.003464 -3.907866 156.039600
v 4.869974 0.521681 155.081600
v 4.586915 4.002717 154.190000
v 0.017182 -0.056911 156.912200
v 0.037508 3.689709 156.324100
v 0.059433 6.535243 154.133100
v 2.644008 3.784559 155.318700
v 2.424600 6.288630 153.820100
v 0.064514 8.346898 150.889200
v 2.287876 8.033891 150.680500
v 0.064514 9.252659 147.256400
v 3.509116 8.801186 147.550400
v 3.837292 9.123947 142.988100
v 0.064514 9.787535 142.988100
v 0.064514 10.862150 139.535500
v 3.837292 9.123947 142.988100
v 4.469685 9.918247 139.165600
v 0.064514 10.729810 136.485000
v 4.697513 9.862974 136.391700
v 0.064513 11.928030 132.595900
v 5.490312 10.913260 132.534600
v 6.113379 -1.792686 152.596500
v 5.936362 1.299461 152.843100
v 7.109966 -0.901085 150.348500
v 6.523652 2.238489 150.490800
v 8.133094 0.056911 147.692700
v 8.586766 1.338751 143.367500
v 8.999502 4.279203 142.646600
v 8.559506 3.497851 144.761800
v 8.585449 0.939026 145.084300
v 7.825865 3.357734 147.740100
v 5.445493 4.078598 153.023300
v 4.462609 -0.024027 142.494500
v 6.873840 0.889741 141.680700
v 7.032875 0.672854 145.761400
v 4.832233 -0.952923 147.735800
v 9.207228 2.161627 140.755200
v 7.919964 1.478328 141.282100
v 8.698925 -0.455079 137.868300
v 10.656590 1.636495 136.902900
v 4.350346 -0.535392 140.194900
v 6.220244 -0.753420 138.514600
v 4.059066 -0.894831 138.469200
v 3.741384 -1.591747 135.205100
v 6.654873 -2.318689 136.133000
v 9.852562 -1.199841 135.522300
v 5.981298 -2.861819 134.219000
v 9.728510 -2.347742 133.670500
v 7.981934 -4.333186 132.239800
v 2.720277 -2.256267 131.917700
v 1.905066 -4.125943 130.735200
v 4.411318 -5.080318 132.380200
v 2.070066 -11.069680 125.262000
v 4.688216 -11.145550 125.210400
v 4.776950 -8.954531 127.594100
v 3.970505 -7.029056 130.007500
v 2.557416 -7.785122 127.886300
v 2.268206 -6.162644 129.329200
v 4.006219 5.785919 153.269900
v 5.159541 7.218171 150.405400
v 6.780822 7.322506 147.512500
v 6.668381 4.002715 150.424400
v 7.592959 6.702631 143.168300
v 7.592959 6.702631 143.168300
v 8.999502 4.279203 142.646600
v 9.215235 4.883424 139.639800
v 7.351936 7.262299 139.459600
v 8.273617 7.761538 136.957900
v 9.208632 8.010887 133.720700
v 11.900280 8.591064 130.177400
v 4.737532 11.754780 122.282900
v 6.582048 9.293268 115.796400
v 3.747029 10.189130 113.299400
v 6.018129 11.251850 129.233000
v 10.644230 8.966821 123.283600
v 7.592298 -6.981364 130.372000
v 7.784143 -9.732300 125.096900
v 11.351620 0.432322 134.395500
v 10.813280 -0.463285 132.025300
v 10.922590 -2.273636 129.785300
v 9.969135 -4.706345 127.376000
v 8.090997 -7.127685 126.269000
v 8.022493 -13.507300 120.350600
v 1.552426 -12.245800 121.495900
v 0.064513 12.097150 129.575000
v 0.064512 12.652360 122.693800
v 0.064512 11.237610 112.525500
v 10.707110 6.273586 134.632100
v 12.145210 6.151821 133.061400
v 9.533455 5.713244 136.898600
v 2.701772 -1.606172 155.637500
v 2.663101 -4.400890 154.874500
v 4.356075 -3.955107 154.085800
v 2.101898 -6.715536 153.854400
v -0.008747 -4.658073 155.483200
v -0.015361 -6.938427 153.871500
v 5.884658 -2.702906 152.382800
v 5.772606 0.134098 152.628500
v 4.626521 -1.066087 154.488800
v 6.881115 -1.899615 150.233400
v 6.703993 1.226347 150.448600
v 7.633457 -1.298931 147.503800
v 7.830900 -0.414167 142.713000
v 9.333736 2.635619 142.624700
v 8.154816 2.043312 145.048300
v 7.908017 -0.771428 145.018700
v 7.452425 1.993665 147.863100
v 8.565251 -0.019850 140.146900
v 4.110734 -6.057262 153.134600
v -0.000806 -1.709045 156.151900
v 3.662451 -7.437338 151.505600
v 1.905668 -8.054042 151.992800
v 0.017601 -8.070030 152.225500
v 5.003126 -6.396551 150.652800
v 3.538129 -7.850511 149.517000
v 5.479059 -5.985073 148.338100
v 5.059377 -7.055434 146.619800
v 4.092763 -6.182262 144.548600
v 6.161671 -4.890845 143.407200
v 6.060565 -5.545255 145.769700
v 5.619323 -5.095505 151.549200
v 6.364534 -4.610781 149.984300
v 7.143889 -4.298927 147.371700
v 7.259181 -3.899560 145.096500
v 7.117758 -3.124133 142.993100
v 5.508902 -3.881669 141.582600
v 1.871539 -8.617727 148.890700
v 3.029387 -8.234607 147.965600
v 6.921869 -2.315566 140.739100
v 10.756010 3.521025 139.351300
v -0.036392 -8.309988 147.812700
v 0.912963 -8.408815 150.299600
v 5.054987 -6.309073 143.493700
v 4.242086 -5.101699 142.483700
v 8.976191 2.016443 140.095100
v 8.586766 1.338751 143.367500
v 9.754966 2.813739 136.851200
v 10.659840 3.090051 134.546300
v 8.660390 2.865029 144.191400
v 9.274937 3.896924 140.424600
v 10.232340 3.551594 136.813800
v -2.906229 0.056912 156.352600
v -4.610075 -3.149056 154.417600
v -2.880716 -3.623312 155.233400
v -4.522842 4.002718 154.190000
v -4.893051 0.521681 155.081600
v -2.590612 3.784560 155.318700
v -2.326476 6.288630 153.820100
v -2.164019 8.033891 150.680500
v -3.286680 8.804201 147.550400
v -3.532135 9.156601 142.988100
v -4.025926 9.980663 139.165600
v -4.188324 9.922698 136.391700
v -4.922677 11.017580 132.534600
v -6.476129 -1.792687 152.596500
v -6.267096 1.299461 152.843100
v -7.436822 -0.901086 150.348500
v -6.994679 2.238485 150.490800
v -8.198009 0.056909 147.692700
v -8.386061 1.349101 143.367500
v -8.378393 3.508193 144.761800
v -8.618376 4.301868 142.646600
v -8.662952 0.942779 145.084300
v -7.896554 3.357723 147.740100
v -5.396975 4.078598 153.023300
v -6.570209 -1.051552 143.668000
v -6.273726 -0.108602 140.235300
v -3.764750 -1.308504 140.723200
v -4.516548 -3.015648 145.278200
v -7.454482 0.645051 140.147800
v -9.161461 -0.706644 137.512100
v -6.035234 -1.241748 137.690000
v -3.416450 -1.367335 138.647300
v -3.305701 -1.379366 137.651000
v -6.284318 -2.447067 135.843100
v -3.217378 -1.656852 135.005800
v -10.181630 -1.027273 135.512100
v -9.448055 -2.361780 133.673600
v -5.376871 -2.825910 134.157100
v -7.629537 -4.355768 132.251400
v -2.696451 -2.232051 131.892100
v -4.180212 -5.070775 132.369200
v -2.214163 -4.104518 130.717700
v -2.395815 -11.069670 125.262000
v -4.630208 -8.954533 127.594100
v -4.344556 -11.145550 125.416800
v -2.865606 -7.766160 127.872700
v -3.975910 -7.026456 130.005700
v -2.546253 -6.141118 129.313800
v -3.878871 5.785920 153.269900
v -4.923887 7.218172 150.405400
v -6.462471 7.322507 147.512500
v -6.621606 4.002719 150.424400
v -7.185372 6.783262 143.168300
v -8.748827 4.942673 139.639800
v -6.829410 7.395080 139.459600
v -7.736155 7.908323 136.961400
v -8.648133 8.242833 133.684000
v -11.316060 8.591065 130.123000
v -4.228926 11.820870 122.301700
v -3.599537 10.217810 113.299400
v -6.308325 9.324730 115.796400
v -10.081980 8.991289 123.246100
v -5.429668 11.361290 129.238500
v -7.410320 -6.982438 130.372800
v -7.246888 -9.732306 124.756400
v -10.209690 1.591497 136.827100
v -10.987740 2.098434 134.003300
v -10.202510 -0.498996 132.049500
v -10.581830 -2.303258 129.806500
v -9.717529 -4.723788 127.388500
v -7.909333 -7.138461 126.276700
v -6.371476 -13.507300 120.484700
v -1.878179 -12.245800 121.495900
v -10.151950 6.294921 134.581300
v -11.578960 6.151821 133.030500
v -9.000473 5.785213 136.898600
v -2.759892 -1.606172 155.637500
v -4.462678 -3.955106 154.085800
v -2.716959 -4.400889 154.874500
v -2.152057 -6.715535 153.854400
v -6.518283 -2.697045 152.395400
v -4.800565 -1.066087 154.488800
v -6.405644 0.134099 152.628500
v -7.444743 -1.810982 150.295000
v -7.298936 1.250122 150.446800
v -8.292720 -0.829184 147.767300
v -8.776106 0.076243 142.887100
v -8.747482 2.281382 145.097000
v -9.145013 2.914446 142.686200
v -8.624382 -0.175336 145.304300
v -8.055427 2.100915 147.878700
v -9.523159 0.373868 140.274800
v -4.231803 -6.064005 153.151400
v -3.825709 -7.447035 151.555700
v -1.975935 -8.061458 152.054100
v -5.398143 -6.391548 150.745700
v -3.847984 -7.860822 149.653400
v -5.970574 -5.800082 148.569500
v -4.346059 -6.967386 146.826800
v -4.588756 -5.904298 144.816200
v -6.289664 -4.885518 146.283400
v -6.341837 -4.118645 143.879000
v -6.014745 -5.090645 151.607500
v -6.645075 -4.511655 150.114700
v -7.292478 -3.635207 147.837100
v -7.461224 -2.864352 145.761500
v -7.502638 -2.244912 143.501500
v -5.767323 -3.363292 141.823200
v -2.051511 -8.648804 149.252700
v -2.212745 -8.244085 148.102700
v -7.261433 -1.828675 140.943600
v -10.701900 3.728187 139.421500
v -3.837123 -7.432932 145.705500
v -1.081300 -8.359461 149.697900
v -4.653204 -4.748395 142.727100
v -5.609988 -6.113092 143.709300
v -8.550429 2.033710 140.095100
v -9.230866 2.823478 136.851200
v -10.103530 3.091625 134.546300
v -8.126806 1.935570 143.050300
v -8.009701 1.705520 140.040800
v -8.650397 3.705200 140.120800
v -9.743380 3.548817 136.799500
v 11.441350 1.550215 133.636300
v 11.309210 2.778402 134.594000
v -1.214384 -8.050513 152.900000
v 0.703960 -6.390617 155.148000
v -0.991088 -6.694140 154.797000
v -3.000778 -7.566772 152.549100
v -2.315456 -7.980948 146.800800
v -1.714789 -8.399654 147.389700
v -3.634071 -8.359876 149.033300
v -4.638268 -7.238936 146.655800
v -5.462142 -6.102986 144.419900
v -6.618996 -4.902855 146.071200
v -6.960033 -3.324128 143.404400
v -2.499189 -8.806844 150.783200
v -4.390314 -7.500123 145.416700
v 0.084812 -8.467858 151.467800
v 0.734414 -7.443464 153.326800
v -0.927208 -8.570452 148.737000
v -6.463588 -5.034970 142.090600
v -5.802997 -6.457517 143.201800
v -7.731700 -2.199221 141.133200
v -4.843833 -6.999216 150.361700
v -6.849829 -4.512237 139.749700
v -9.019628 -3.135300 138.753500
v -10.770960 -0.712010 138.464800
v -9.783189 -2.898119 137.119800
v -12.186760 -1.626447 136.185700
v -13.307110 0.317782 135.580400
v 7.505279 -0.953257 162.914800
v 5.493670 -3.219970 162.862800
v 5.493669 -3.828484 160.037800
v 3.249198 -4.904127 164.232700
v 2.973154 -5.512638 157.284000
v 5.493669 -3.828483 157.284000
v 0.000002 -6.104036 157.284000
v 2.392401 -4.697178 166.562100
v 7.324005 -1.519217 158.571600
v 9.649705 1.665187 157.900400
v 9.352914 1.665184 160.627700
v -7.505278 -0.953256 162.914800
v -5.493670 -3.828483 160.037800
v -5.493669 -3.219972 162.862800
v -2.973154 -5.512638 157.284000
v -3.249198 -4.904126 164.232700
v -5.493669 -3.828484 157.284000
v -2.392398 -4.697179 166.562100
v -7.324005 -1.519216 158.571600
v -9.649705 1.665184 157.900400
v -9.352914 1.665184 160.627700
v 51.024430 -5.599254 78.286520
v 54.590050 -2.957803 90.804310
v 50.488230 -4.326325 88.317080
v 32.278610 1.948139 107.666000
v 36.842160 5.731732 109.647800
v 31.219580 6.298776 113.564500
v 27.617530 2.513715 112.117600
v 23.406720 2.410435 117.037400
v 26.197610 5.861708 117.714300
v 21.822130 4.760019 122.053000
v 20.292530 1.523402 121.366600
v 45.833790 -2.417511 96.997890
v 50.433630 0.380029 99.348470
v 42.399170 3.934081 106.430600
v 37.887140 0.193227 104.471100
v 65.747850 2.352913 85.241730
v 64.799140 3.170691 98.463560
v 62.053500 1.535135 94.633350
v 37.745530 0.861981 109.743700
v 40.693790 4.581218 112.273200
v 34.393310 5.036983 114.387500
v 31.227440 1.915082 113.550500
v 27.508500 6.122385 117.370900
v 20.292260 7.426170 121.366600
v 21.822130 4.760019 122.053000
v 25.729490 3.320519 117.851900
v 54.778940 0.786285 101.502400
v 57.674040 3.919448 105.541100
v 47.326460 4.402155 110.017100
v 44.631760 0.303550 106.258000
v -51.024430 -5.599242 78.286530
v -50.488230 -4.326320 88.317080
v -54.590050 -2.957797 90.804300
v -31.219590 6.298788 113.564500
v -36.842160 5.731745 109.647900
v -32.278600 1.948143 107.666000
v -27.617540 2.513722 112.117600
v -21.822130 4.760025 122.053000
v -26.197610 5.861713 117.714300
v -23.406720 2.410441 117.037400
v -20.292240 1.523444 121.366600
v -42.399180 3.934098 106.430600
v -50.433640 0.380039 99.348460
v -45.833800 -2.417494 96.997890
v -37.887140 0.193235 104.471100
v -65.747840 2.352911 85.241730
v -62.053500 1.535118 94.633350
v -64.799130 3.170693 98.463560
v -34.393310 5.036995 114.387500
v -40.693790 4.581469 112.273200
v -37.745520 0.861992 109.743700
v -31.227440 1.915090 113.550500
v -27.508500 6.122389 117.370900
v -25.729490 3.320522 117.851900
v -21.822130 4.760025 122.053000
v -20.292260 7.426174 121.366600
v -47.326460 4.402212 110.017100
v -57.674040 3.919523 105.541100
v -54.778940 0.786295 101.502400
v -44.631760 0.303561 106.258000
v 10.806790 17.108090 120.266000
v 4.010409 17.108090 119.135100
v 10.595970 17.153750 101.070500
v 16.949560 17.110160 103.692800
v 18.491040 17.108090 126.157100
v 13.336430 17.108090 121.585500
v 38.613910 17.110160 102.478700
v 42.600510 17.110160 108.078000
v 24.122590 17.108090 134.010500
v 18.924800 17.108090 126.565300
v 33.676730 17.110160 119.977600
v 47.084140 17.110160 126.886600
v 24.715760 17.108090 136.804400
v 56.427360 17.110150 135.985500
v 56.427360 17.110140 142.859000
v 25.157750 17.108090 143.518200
v 25.491010 17.108090 145.534100
v 49.357230 17.110160 154.259200
v 41.105870 17.110160 156.919400
v 23.869600 17.108090 150.731500
v 19.674910 17.108100 158.288400
v 22.897470 17.108090 153.900100
v 46.248250 17.110160 170.610800
v 39.989620 17.110180 178.421600
v 11.329070 17.108090 164.303500
v 14.792110 17.108090 162.287600
v 26.143850 17.110160 181.699200
v 19.620610 17.110160 185.116700
v 4.863705 16.934220 163.867200
v 6.056531 17.999710 182.200900
v 0.000000 17.110160 180.080600
v 0.000001 17.108090 167.191300
v -10.806790 17.108100 120.266000
v -16.949560 17.110170 103.692800
v -10.595970 17.153750 101.070500
v -4.010407 17.108090 119.135100
v -18.491040 17.108100 126.157100
v -42.600510 17.110160 108.078000
v -38.613900 17.110160 102.478700
v -13.336420 17.108100 121.585500
v -24.122580 17.108100 134.010500
v -47.084150 17.110170 126.886600
v -33.676730 17.110160 119.977600
v -18.924800 17.108100 126.565300
v -56.427350 17.110170 142.859000
v -56.427360 17.110170 135.985500
v -24.715760 17.108090 136.804400
v -25.157750 17.108100 143.518200
v -41.105860 17.110160 156.919400
v -49.357230 17.110160 154.259200
v -25.491010 17.108100 145.534100
v -23.869600 17.108100 150.731500
v -19.674910 17.108100 158.288400
v -39.989630 17.110170 178.421700
v -46.248250 17.110160 170.610800
v -22.897470 17.108100 153.900100
v -11.329070 17.108100 164.303500
v -19.620610 17.110170 185.116800
v -26.143850 17.110170 181.699200
v -14.792110 17.108100 162.287600
v -6.056529 17.999720 182.200900
v -4.863703 16.934220 163.867200
v 0.000002 17.007740 116.067100
v -13.734160 17.007750 119.520000
v -12.328880 18.715130 121.848000
v -0.000003 18.715130 118.748400
v -23.326080 17.007750 129.423600
v -20.938030 18.715130 130.737000
v -26.593160 17.007740 141.942200
v -23.870430 18.715140 141.942100
v -11.634070 17.026740 123.004700
v -0.000003 17.026740 120.079700
v -0.000003 18.715130 118.748400
v -12.328880 18.715130 121.848000
v -20.938030 18.715130 130.737000
v -19.757110 17.026740 131.391700
v -23.870430 18.715140 141.942100
v -22.523970 17.026740 141.942100
v -21.409250 15.281360 130.474200
v -23.326080 17.007750 129.423600
v -13.734160 17.007750 119.520000
v -12.606080 15.281360 121.385000
v -24.407710 15.281360 141.942100
v -26.593160 17.007740 141.942200
v 0.000002 17.007740 116.067100
v -0.000002 15.281360 118.215700
v -19.757110 17.026740 131.391700
v -21.409250 15.281360 130.474200
v -12.606080 15.281360 121.385000
v -11.634070 17.026740 123.004700
v -22.523970 17.026740 141.942100
v -24.407710 15.281360 141.942100
v -0.000002 15.281360 118.215700
v -0.000003 17.026740 120.079700
v 12.328780 18.715130 121.848000
v 13.734070 17.007740 119.520000
v 20.937870 18.715130 130.737000
v 23.325910 17.007740 129.423600
v 23.870250 18.715130 141.942100
v 26.592970 17.007740 141.942100
v 11.633990 17.026740 123.004700
v 12.328780 18.715130 121.848000
v 19.756960 17.026740 131.391700
v 20.937870 18.715130 130.737000
v 22.523810 17.026740 141.942100
v 23.870250 18.715130 141.942100
v 13.734070 17.007740 119.520000
v 23.325910 17.007740 129.423600
v 21.409090 15.281350 130.474200
v 12.605990 15.281350 121.385000
v 26.592970 17.007740 141.942100
v 24.407530 15.281350 141.942100
v 12.605990 15.281350 121.385000
v 21.409090 15.281350 130.474200
v 19.756960 17.026740 131.391700
v 11.633990 17.026740 123.004700
v 24.407530 15.281350 141.942100
v 22.523810 17.026740 141.942100
v -12.328880 18.715140 162.036300
v -13.734160 17.007750 164.364300
v 0.000003 17.007740 167.817200
v -0.000002 18.715130 165.135900
v -20.938030 18.715140 153.147300
v -23.326080 17.007750 154.460700
v -11.634080 17.026740 160.879600
v -12.328880 18.715140 162.036300
v -0.000002 18.715130 165.135900
v -0.000002 17.026740 163.804600
v -19.757110 17.026740 152.492600
v -20.938030 18.715140 153.147300
v -13.734160 17.007750 164.364300
v -23.326080 17.007750 154.460700
v -21.409250 15.281360 153.410100
v -12.606080 15.281360 162.499300
v 0.000003 17.007740 167.817200
v -0.000002 15.281360 165.668600
v -12.606080 15.281360 162.499300
v -21.409250 15.281360 153.410100
v -19.757110 17.026740 152.492600
v -11.634080 17.026740 160.879600
v -0.000002 17.026740 163.804600
v -0.000002 15.281360 165.668600
v 13.734060 17.007740 164.364300
v 12.328780 18.715130 162.036300
v 23.325910 17.007740 154.460600
v 20.937870 18.715130 153.147300
v 11.633990 17.026740 160.879600
v 12.328780 18.715130 162.036300
v 20.937870 18.715130 153.147300
v 19.756970 17.026740 152.492600
v 21.409090 15.281350 153.410100
v 23.325910 17.007740 154.460600
v 13.734060 17.007740 164.364300
v 12.605990 15.281350 162.499300
v 19.756970 17.026740 152.492600
v 21.409090 15.281350 153.410100
v 12.605990 15.281350 162.499300
v 11.633990 17.026740 160.879600
v 35.739560 14.371020 142.667300
v 0.000000 15.711320 142.987700
v 6.163750 14.371030 145.488700
v 6.163750 14.371030 145.488700
v 0.000000 15.711320 142.987700
v 19.676530 14.371020 160.176000
v 6.184736 14.371030 140.486800
v 35.739560 14.371020 142.667300
v 19.575490 14.371010 125.430300
v 0.000000 14.371030 137.981500
v 19.676530 14.371020 160.176000
v 0.000001 14.371020 147.760200
v 6.184736 14.371030 140.486800
v 19.575490 14.371010 125.430300
v 35.739560 14.371020 142.667300
v 6.163750 14.371030 145.488700
v 0.000000 13.030720 142.987700
v 6.163750 14.371030 145.488700
v 19.676530 14.371020 160.176000
v 0.000000 13.030720 142.987700
v 6.184736 14.371030 140.486800
v 35.739560 14.371020 142.667300
v 0.000000 14.371030 137.981500
v 19.575490 14.371010 125.430300
v 19.676530 14.371020 160.176000
v 0.000001 14.371020 147.760200
v 6.184736 14.371030 140.486800
v 19.575490 14.371010 125.430300
v -35.739560 14.371030 142.667300
v -6.163749 14.371020 145.488600
v -6.163749 14.371020 145.488600
v -19.676530 14.371030 160.176000
v -6.184735 14.371020 140.486800
v -35.739560 14.371030 142.667300
v 0.000000 14.371030 137.981500
v -19.575490 14.371020 125.430200
v -19.676530 14.371030 160.176000
v 0.000001 14.371020 147.760200
v -6.184735 14.371020 140.486800
v -19.575490 14.371020 125.430200
v -35.739560 14.371030 142.667300
v -6.163749 14.371020 145.488600
v -6.163749 14.371020 145.488600
v -19.676530 14.371030 160.176000
v -6.184735 14.371020 140.486800
v -35.739560 14.371030 142.667300
v -19.575490 14.371020 125.430200
v 0.000000 14.371030 137.981500
v -19.676530 14.371030 160.176000
v 0.000001 14.371020 147.760200
v -6.184735 14.371020 140.486800
v -19.575490 14.371020 125.430200
v 3.894445 0.031262 23.859850
v -0.971717 3.148733 19.330310
v 1.391203 0.553006 19.543270
v 4.758124 -0.867253 23.204090
v 2.667490 0.313601 18.452710
v 7.512787 -1.532082 23.471040
v 7.512786 -1.819764 26.618530
v 6.316504 -1.705945 26.988260
v -2.551332 3.636767 16.317000
v 3.003435 2.629700 20.260500
v -0.622032 6.110519 17.003940
v 0.533193 3.689389 16.989830
v 3.289757 1.297175 19.647510
v 1.267556 3.091863 15.912290
v 5.653490 -0.127770 19.440170
v 6.152961 -0.403058 22.068070
v 4.923832 0.379753 22.615260
v -2.151590 6.921255 14.682630
v 3.202813 2.876396 16.343390
v -0.117645 6.073828 13.188140
v 0.848346 3.809059 13.275600
v 3.409249 1.954580 15.810900
v 1.479910 3.191889 12.277280
v 5.554965 0.197962 15.632080
v 6.084226 0.053403 18.098660
v 4.981817 0.841543 18.602540
v -1.574154 6.832994 11.000320
v 3.674212 0.802934 18.077190
v -0.112688 3.872349 14.733830
v 3.688868 1.168043 15.968260
v 4.599295 -0.157655 17.725190
v 4.303555 0.692073 12.690160
v 7.594392 -0.879641 18.847700
v 6.888073 -0.984352 21.930250
v 5.104010 -0.563295 21.811180
v -1.001379 4.020106 7.628143
v 11.131130 0.031261 23.859850
v 10.267450 -0.867513 23.204090
v 13.634370 0.553005 19.543270
v 15.997290 3.152777 19.330310
v 12.358080 0.313599 18.452710
v 8.709069 -1.705946 26.988260
v 17.576900 3.659188 16.317010
v 12.022140 2.629699 20.260500
v 11.735820 1.297175 19.647510
v 14.492380 3.689391 16.989830
v 15.647610 6.110518 17.003940
v 13.758020 3.091860 15.912290
v 9.372084 -0.130464 19.440170
v 8.872613 -0.403932 22.068070
v 10.101740 0.379336 22.615260
v 17.177170 6.921254 14.682630
v 11.822760 2.876395 16.343390
v 11.616330 1.954579 15.810900
v 14.177230 3.809059 13.275600
v 15.143220 6.073827 13.188140
v 13.545660 3.191885 12.277280
v 9.470607 0.197961 15.632080
v 8.941348 0.050876 18.098660
v 10.043760 0.841543 18.602540
v 16.599730 6.832993 11.000320
v 11.351360 0.802933 18.077190
v 10.426280 -0.157654 17.725180
v 11.336700 1.168042 15.968260
v 15.138260 3.873903 14.733830
v 10.722020 0.692072 12.690160
v 7.431179 -0.879430 18.847700
v 8.137498 -0.984959 21.930250
v 9.921564 -0.565012 21.811180
v 16.026950 4.020089 7.628143
v 7.047565 7.317817 18.804610
v 5.062881 4.990546 18.915270
v 3.278380 7.136243 33.456150
v 7.047565 10.464710 36.600860
v 1.836474 1.700729 32.500370
v 3.999002 1.998941 18.798170
v 7.047564 -0.645216 18.847310
v 7.047562 -3.090123 41.655590
v 3.057930 1.430067 10.281750
v 7.265108 -1.390955 13.400620
v 4.446765 5.372549 9.944641
v 7.047564 8.193943 8.781738
v 10.816750 7.136242 33.456150
v 9.032248 4.991320 18.915270
v 12.258650 1.700728 32.500370
v 10.096130 1.999014 18.798160
v 11.037200 1.430067 10.281750
v 9.648365 5.372548 9.944641
v -3.894444 0.031262 23.859850
v -4.758125 -0.867296 23.204090
v -1.391203 0.553004 19.543270
v 0.971717 3.148734 19.330310
v -2.667490 0.313599 18.452700
v -7.512788 -1.532075 23.471040
v -7.512786 -1.819763 26.618530
v -6.316503 -1.705945 26.988260
v 2.551333 3.636815 16.317010
v -3.003434 2.629701 20.260500
v -3.289757 1.297177 19.647510
v -0.533192 3.689386 16.989830
v 0.622033 6.110520 17.003940
v -1.267557 3.091860 15.912290
v -5.653489 -0.128095 19.440170
v -6.152961 -0.403159 22.068070
v -4.923831 0.379698 22.615260
v 2.151593 6.921256 14.682630
v -3.202811 2.876399 16.343390
v -3.409249 1.954579 15.810900
v -0.848345 3.809038 13.275600
v 0.117647 6.073828 13.188140
v -1.479910 3.191888 12.277280
v -5.554965 0.197963 15.632080
v -6.084227 0.053111 18.098660
v -4.981816 0.841543 18.602540
v 1.574154 6.832995 11.000320
v -3.674211 0.802935 18.077190
v -4.599294 -0.157653 17.725180
v -3.688869 1.168043 15.968260
v 0.112687 3.872346 14.733830
v -4.303554 0.692074 12.690160
v -7.594393 -0.879537 18.847700
v -6.888074 -0.984405 21.930250
v -5.104010 -0.563513 21.811180
v 1.001380 4.020102 7.628143
v -11.131130 0.031263 23.859850
v -15.997290 3.152794 19.330310
v -13.634370 0.553007 19.543270
v -10.267450 -0.867485 23.204090
v -12.358080 0.313601 18.452710
v -8.709071 -1.705944 26.988260
v -17.576900 3.659166 16.317000
v -12.022140 2.629700 20.260500
v -15.647600 6.110522 17.003940
v -14.492380 3.689396 16.989830
v -11.735820 1.297177 19.647510
v -13.758020 3.091863 15.912290
v -9.372086 -0.130064 19.440170
v -8.872614 -0.403797 22.068070
v -10.101740 0.379393 22.615260
v -17.177170 6.921259 14.682630
v -11.822760 2.876399 16.343390
v -15.143220 6.073828 13.188140
v -14.177230 3.809037 13.275590
v -11.616330 1.954581 15.810900
v -13.545670 3.191886 12.277280
v -9.470611 0.197963 15.632080
v -8.941350 0.051264 18.098660
v -10.043760 0.841543 18.602540
v -16.599730 6.832997 11.000320
v -11.351370 0.802936 18.077190
v -15.138260 3.873909 14.733830
v -11.336710 1.168044 15.968260
v -10.426280 -0.157653 17.725180
v -10.722020 0.692074 12.690160
v -7.431180 -0.879383 18.847700
v -8.137501 -0.984849 21.930250
v -9.921565 -0.564768 21.811180
v -16.026950 4.020096 7.628143
v -7.114205 7.318044 18.804610
v -7.114205 10.464710 36.600860
v -3.345020 7.136244 33.456150
v -5.129521 4.990517 18.915270
v -1.903116 1.700729 32.500370
v -7.114205 -3.090122 41.655590
v -7.114207 -0.645216 18.847300
v -4.065642 1.998932 18.798160
v -3.124572 1.430068 10.281750
v -7.331752 -1.390954 13.400620
v -4.513404 5.372550 9.944641
v -7.114205 8.193947 8.781738
v -9.098891 4.991599 18.915270
v -10.883390 7.136245 33.456150
v -12.325300 1.700728 32.500370
v -10.162770 1.998996 18.798160
v -11.103840 1.430068 10.281750
v -9.715007 5.372550 9.944641
v 6.860701 -4.060100 107.293600
v 3.975601 -6.791901 107.241700
v 10.372480 -9.057306 94.296360
v 13.092970 -6.194854 95.224900
v 14.006130 -11.146840 86.826930
v 10.358410 -11.413220 84.609390
v 8.254649 -9.146212 93.014900
v 17.351220 -7.949458 87.750610
v 16.339460 -12.325750 82.614360
v 12.298140 -13.509920 79.011720
v 19.381430 -9.028507 83.468650
v 16.782880 -5.856610 86.629300
v 20.104560 -5.944941 80.765460
v 9.298546 -10.341830 83.257680
v 7.598001 -8.332133 92.542600
v 3.905742 -12.436410 82.052160
v 2.320547 -10.706190 92.036000
v 5.013197 -12.820400 79.124880
v 0.000000 -7.881001 108.215400
v 20.342650 -5.138540 80.581130
v 18.422600 -3.994178 88.295850
v 14.518700 -3.294286 95.859720
v 16.104820 -0.688241 96.566850
v 21.544600 -0.196356 89.877970
v 22.838710 -2.938135 82.973510
v 25.972230 0.502602 86.095540
v 20.236310 4.383836 90.225720
v 24.078310 6.172298 85.629370
v 21.214350 10.461110 83.572570
v 14.491350 4.521108 97.601990
v 7.566030 -1.079364 107.335800
v 23.168900 13.209290 87.362270
v 18.939390 8.950015 91.608390
v 22.437600 12.110170 85.669620
v 19.574580 18.935480 86.920620
v 15.986470 15.993180 92.281030
v 12.121360 10.411070 98.914980
v 3.976702 3.933200 108.285400
v 6.605701 2.084699 107.621000
v 18.537800 7.586789 89.701330
v 13.584030 24.027140 85.376920
v 10.658420 19.617360 89.198510
v 12.693190 20.783800 82.604870
v 11.170540 20.055700 91.272240
v 9.417582 22.275020 82.624080
v 0.000003 29.204770 83.192390
v 0.000003 24.286550 89.413560
v 8.439892 13.401480 97.405890
v 0.000002 16.082200 96.413080
v 0.000000 4.222699 107.992600
v 10.568410 -11.643650 77.813610
v 0.000000 -11.778430 91.306340
v 0.000001 -15.932100 81.249410
v 0.000000 -17.329020 76.789850
v -6.860701 -4.060101 107.293600
v -13.092970 -6.194851 95.224900
v -10.372480 -9.057307 94.296360
v -3.975600 -6.791900 107.241700
v -14.006130 -11.146840 86.826930
v -10.358410 -14.568340 84.609390
v -8.254650 -10.384960 93.014900
v -17.351220 -7.949456 87.750610
v -16.339460 -12.325750 82.614360
v -12.298140 -16.665040 79.011720
v -19.381430 -9.028503 83.468650
v -16.782890 -5.856606 86.629300
v -20.104560 -5.944942 80.765460
v -9.298544 -13.496960 83.257680
v -7.598000 -9.570887 92.542600
v -3.905749 -15.591530 82.052160
v -2.320552 -10.706190 92.036000
v -5.013203 -15.975530 79.124880
v -20.342650 -5.138535 80.581130
v -18.422600 -3.994179 88.295850
v -14.518670 -3.294269 95.859730
v -16.104820 -0.688242 96.566850
v -21.544600 -0.196358 89.877970
v -22.838710 -2.938130 82.973510
v -25.972230 0.502600 86.095540
v -20.236310 4.383839 90.225720
v -24.078300 6.172307 85.629370
v -21.214350 10.461120 83.572570
v -14.491350 4.521110 97.601990
v -7.566029 -1.079363 107.335800
v -23.168900 13.209300 87.362270
v -22.437590 12.110180 85.669620
v -18.939390 8.950014 91.608390
v -19.574570 18.935480 86.920620
v -15.986470 15.993180 92.281030
v -12.121360 10.411070 98.914980
v -3.976700 3.933201 108.285400
v -6.605701 2.084701 107.621000
v -18.537800 7.586790 89.701330
v -13.584020 24.027150 85.376920
v -10.658420 19.617370 89.198510
v -12.693180 20.783810 82.604870
v -11.170530 20.055700 91.272240
v -9.417580 22.275020 82.624080
v -8.439892 13.401480 97.405890
v 0.000000 4.222699 107.992600
v -10.568410 -14.798780 77.813610
v -3.976610 3.933109 108.285300
v 7.549209 -3.705251 6.287598
v -7.615853 -3.705251 6.287598
vt 0.491480 0.455925 0.000000
vt 0.504942 0.448467 0.000000
vt 0.499348 0.439909 0.000000
vt 0.486997 0.448610 0.000000
vt 0.405327 0.376440 0.000000
vt 0.391566 0.394537 0.000000
vt 0.419139 0.410486 0.000000
vt 0.510535 0.457025 0.000000
vt 0.496018 0.463174 0.000000
vt 0.510695 0.475058 0.000000
vt 0.520027 0.471001 0.000000
vt 0.487363 0.475923 0.000000
vt 0.498746 0.485880 0.000000
vt 0.390715 0.006233 0.000000
vt 0.390715 0.086687 0.000000
vt 0.446453 0.073037 0.000000
vt 0.446453 0.006233 0.000000
vt 0.390715 0.159802 0.000000
vt 0.390715 0.234058 0.000000
vt 0.446453 0.224000 0.000000
vt 0.446453 0.150522 0.000000
vt 0.378312 0.324381 0.000000
vt 0.360771 0.340125 0.000000
vt 0.350974 0.356134 0.000000
vt 0.461150 0.475480 0.000000
vt 0.473904 0.490828 0.000000
vt 0.479465 0.469274 0.000000
vt 0.440668 0.462067 0.000000
vt 0.472115 0.462868 0.000000
vt 0.450702 0.449610 0.000000
vt 0.408425 0.421790 0.000000
vt 0.385151 0.405156 0.000000
vt 0.371829 0.428632 0.000000
vt 0.395820 0.438026 0.000000
vt 0.468712 0.436783 0.000000
vt 0.428676 0.466324 0.000000
vt 0.421676 0.484648 0.000000
vt 0.456802 0.482464 0.000000
vt 0.490100 0.500749 0.000000
vt 0.339409 0.374052 0.000000
vt 0.408086 0.309942 0.000000
vt 0.394526 0.312069 0.000000
vt 0.381863 0.283692 0.000000
vt 0.414106 0.373554 0.000000
vt 0.444236 0.368440 0.000000
vt 0.446453 0.304014 0.000000
vt 0.454976 0.392609 0.000000
vt 0.433462 0.400954 0.000000
vt 0.450481 0.424890 0.000000
vt 0.465479 0.414627 0.000000
vt 0.482414 0.427268 0.000000
vt 0.330866 0.412108 0.000000
vt 0.429838 0.436595 0.000000
vt 0.419214 0.448403 0.000000
vt 0.439107 0.428696 0.000000
vt 0.491480 0.455925 0.000000
vt 0.486997 0.448610 0.000000
vt 0.499348 0.439909 0.000000
vt 0.504942 0.448467 0.000000
vt 0.405327 0.376440 0.000000
vt 0.419139 0.410486 0.000000
vt 0.391566 0.394537 0.000000
vt 0.510535 0.457025 0.000000
vt 0.520027 0.471001 0.000000
vt 0.510695 0.475058 0.000000
vt 0.496018 0.463174 0.000000
vt 0.498746 0.485880 0.000000
vt 0.487363 0.475923 0.000000
vt 0.390715 0.006233 0.000000
vt 0.446453 0.006233 0.000000
vt 0.446453 0.073037 0.000000
vt 0.390715 0.086687 0.000000
vt 0.390715 0.159802 0.000000
vt 0.446453 0.150522 0.000000
vt 0.446453 0.224000 0.000000
vt 0.390715 0.234058 0.000000
vt 0.360771 0.340125 0.000000
vt 0.378312 0.324381 0.000000
vt 0.350974 0.356134 0.000000
vt 0.461150 0.475480 0.000000
vt 0.479465 0.469274 0.000000
vt 0.473904 0.490828 0.000000
vt 0.440668 0.462067 0.000000
vt 0.450702 0.449610 0.000000
vt 0.472115 0.462868 0.000000
vt 0.408425 0.421790 0.000000
vt 0.395820 0.438026 0.000000
vt 0.371829 0.428632 0.000000
vt 0.385151 0.405156 0.000000
vt 0.468712 0.436783 0.000000
vt 0.428676 0.466324 0.000000
vt 0.456802 0.482464 0.000000
vt 0.421676 0.484648 0.000000
vt 0.490100 0.500749 0.000000
vt 0.339409 0.374052 0.000000
vt 0.408086 0.309942 0.000000
vt 0.394526 0.312069 0.000000
vt 0.381863 0.283692 0.000000
vt 0.414106 0.373554 0.000000
vt 0.446453 0.304014 0.000000
vt 0.444236 0.368440 0.000000
vt 0.454976 0.392609 0.000000
vt 0.465479 0.414627 0.000000
vt 0.450481 0.424890 0.000000
vt 0.433462 0.400954 0.000000
vt 0.482414 0.427268 0.000000
vt 0.330866 0.412108 0.000000
vt 0.429838 0.436595 0.000000
vt 0.419214 0.448403 0.000000
vt 0.439107 0.428696 0.000000
vt 0.921390 0.831196 0.000000
vt 0.923170 0.851980 0.000000
vt 0.898374 0.851980 0.000000
vt 0.896302 0.837746 0.000000
vt 0.943510 0.830930 0.000000
vt 0.965105 0.837532 0.000000
vt 0.964275 0.851980 0.000000
vt 0.939615 0.851980 0.000000
vt 0.881155 0.775079 0.000000
vt 0.865879 0.798775 0.000000
vt 0.980959 0.779665 0.000000
vt 0.956239 0.780900 0.000000
vt 0.930228 0.769307 0.000000
vt 0.908933 0.780311 0.000000
vt 0.995437 0.797507 0.000000
vt 0.921390 0.831196 0.000000
vt 0.923170 0.851980 0.000000
vt 0.943510 0.830930 0.000000
vt 0.939615 0.851980 0.000000
vt 0.881155 0.775079 0.000000
vt 0.980959 0.779665 0.000000
vt 0.956239 0.780900 0.000000
vt 0.930228 0.769307 0.000000
vt 0.908933 0.780311 0.000000
vt 0.921390 0.831196 0.000000
vt 0.896302 0.837746 0.000000
vt 0.898374 0.851980 0.000000
vt 0.923170 0.851980 0.000000
vt 0.943510 0.830930 0.000000
vt 0.939615 0.851980 0.000000
vt 0.964275 0.851980 0.000000
vt 0.965105 0.837532 0.000000
vt 0.881155 0.775079 0.000000
vt 0.865879 0.798775 0.000000
vt 0.980959 0.779665 0.000000
vt 0.956239 0.780900 0.000000
vt 0.930228 0.769307 0.000000
vt 0.908933 0.780311 0.000000
vt 0.995437 0.797507 0.000000
vt 0.921390 0.831196 0.000000
vt 0.923170 0.851980 0.000000
vt 0.943510 0.830930 0.000000
vt 0.939615 0.851980 0.000000
vt 0.881155 0.775079 0.000000
vt 0.980959 0.779665 0.000000
vt 0.956239 0.780900 0.000000
vt 0.930228 0.769307 0.000000
vt 0.908933 0.780311 0.000000
vt 0.804667 0.953285 0.000000
vt 0.777624 0.953285 0.000000
vt 0.777624 0.983971 0.000000
vt 0.804667 0.983971 0.000000
vt 0.829609 0.953285 0.000000
vt 0.829609 0.983971 0.000000
vt 0.843582 0.953285 0.000000
vt 0.843582 0.983971 0.000000
vt 0.751806 0.838434 0.000000
vt 0.736340 0.838434 0.000000
vt 0.736340 0.870706 0.000000
vt 0.755938 0.870706 0.000000
vt 0.768480 0.838434 0.000000
vt 0.777627 0.870706 0.000000
vt 0.778055 0.838434 0.000000
vt 0.804962 0.870706 0.000000
vt 0.450875 0.914396 0.000000
vt 0.493155 0.914396 0.000000
vt 0.491286 0.883540 0.000000
vt 0.449258 0.885466 0.000000
vt 0.427411 0.899543 0.000000
vt 0.430467 0.914396 0.000000
vt 0.568777 0.894934 0.000000
vt 0.536795 0.897903 0.000000
vt 0.538905 0.914396 0.000000
vt 0.568777 0.914396 0.000000
vt 0.515012 0.902127 0.000000
vt 0.515756 0.914396 0.000000
vt 0.397096 0.914396 0.000000
vt 0.777624 0.983971 0.000000
vt 0.777624 0.953285 0.000000
vt 0.804667 0.953285 0.000000
vt 0.804667 0.983971 0.000000
vt 0.829609 0.953285 0.000000
vt 0.829609 0.983971 0.000000
vt 0.736340 0.870706 0.000000
vt 0.736340 0.838434 0.000000
vt 0.751806 0.838434 0.000000
vt 0.755938 0.870706 0.000000
vt 0.768480 0.838434 0.000000
vt 0.777627 0.870706 0.000000
vt 0.450875 0.914396 0.000000
vt 0.449258 0.885466 0.000000
vt 0.491286 0.883540 0.000000
vt 0.493155 0.914396 0.000000
vt 0.427411 0.899543 0.000000
vt 0.430467 0.914396 0.000000
vt 0.568777 0.894934 0.000000
vt 0.568777 0.914396 0.000000
vt 0.538905 0.914396 0.000000
vt 0.536795 0.897903 0.000000
vt 0.515012 0.902127 0.000000
vt 0.515756 0.914396 0.000000
vt 0.397096 0.914396 0.000000
vt 0.937019 0.938162 0.000000
vt 0.917510 0.938162 0.000000
vt 0.917510 0.993716 0.000000
vt 0.935971 0.993716 0.000000
vt 0.954908 0.938162 0.000000
vt 0.953577 0.993716 0.000000
vt 0.973719 0.938162 0.000000
vt 0.972098 0.993716 0.000000
vt 0.990667 0.938162 0.000000
vt 0.990667 0.993716 0.000000
vt 0.917509 0.993716 0.000000
vt 0.917509 0.938161 0.000000
vt 0.937019 0.938161 0.000000
vt 0.935971 0.993716 0.000000
vt 0.954908 0.938161 0.000000
vt 0.953577 0.993716 0.000000
vt 0.973719 0.938161 0.000000
vt 0.972098 0.993716 0.000000
vt 0.525937 0.108047 0.000000
vt 0.547098 0.112827 0.000000
vt 0.544474 0.174158 0.000000
vt 0.545043 0.047844 0.000000
vt 0.561790 0.045277 0.000000
vt 0.529915 0.173520 0.000000
vt 0.517333 0.180659 0.000000
vt 0.494306 0.116845 0.000000
vt 0.519299 0.042029 0.000000
vt 0.584296 0.119712 0.000000
vt 0.555321 0.182141 0.000000
vt 0.570572 0.110958 0.000000
vt 0.608064 0.068569 0.000000
vt 0.602303 0.138864 0.000000
vt 0.636604 0.077107 0.000000
vt 0.468792 0.128914 0.000000
vt 0.505422 0.193572 0.000000
vt 0.589960 0.047191 0.000000
vt 0.595768 0.047992 0.000000
vt 0.435560 0.079369 0.000000
vt 0.480718 0.065126 0.000000
vt 0.525937 0.108047 0.000000
vt 0.544474 0.174158 0.000000
vt 0.547098 0.112827 0.000000
vt 0.545043 0.047844 0.000000
vt 0.561790 0.045277 0.000000
vt 0.529915 0.173520 0.000000
vt 0.517333 0.180659 0.000000
vt 0.494306 0.116845 0.000000
vt 0.519299 0.042029 0.000000
vt 0.555321 0.182141 0.000000
vt 0.584296 0.119712 0.000000
vt 0.570572 0.110958 0.000000
vt 0.608064 0.068569 0.000000
vt 0.602303 0.138864 0.000000
vt 0.636604 0.077107 0.000000
vt 0.468792 0.128914 0.000000
vt 0.595768 0.047992 0.000000
vt 0.589960 0.047191 0.000000
vt 0.435560 0.079369 0.000000
vt 0.480718 0.065126 0.000000
vt 0.021000 0.798200 0.000000
vt 0.006400 0.798200 0.000000
vt 0.006400 0.782000 0.000000
vt 0.022700 0.787000 0.000000
vt 0.006400 0.833000 0.000000
vt 0.017700 0.827700 0.000000
vt 0.015400 0.841900 0.000000
vt 0.152400 0.837700 0.000000
vt 0.164000 0.811200 0.000000
vt 0.187400 0.842100 0.000000
vt 0.173000 0.858300 0.000000
vt 0.119900 0.817300 0.000000
vt 0.112600 0.847800 0.000000
vt 0.089200 0.827600 0.000000
vt 0.196800 0.858300 0.000000
vt 0.207500 0.879700 0.000000
vt 0.181000 0.905700 0.000000
vt 0.195600 0.912300 0.000000
vt 0.212900 0.909300 0.000000
vt 0.077000 0.921400 0.000000
vt 0.089000 0.915300 0.000000
vt 0.091600 0.937700 0.000000
vt 0.072200 0.941900 0.000000
vt 0.117900 0.970400 0.000000
vt 0.142100 0.993900 0.000000
vt 0.064300 0.993900 0.000000
vt 0.057800 0.977600 0.000000
vt 0.043100 0.953500 0.000000
vt 0.006400 0.968900 0.000000
vt 0.006400 0.953500 0.000000
vt 0.006400 0.771400 0.000000
vt 0.028600 0.778900 0.000000
vt 0.065400 0.901200 0.000000
vt 0.046500 0.900900 0.000000
vt 0.047500 0.892700 0.000000
vt 0.135100 0.873200 0.000000
vt 0.148600 0.907400 0.000000
vt 0.119600 0.909000 0.000000
vt 0.102100 0.884100 0.000000
vt 0.178800 0.947700 0.000000
vt 0.148600 0.933100 0.000000
vt 0.006400 0.993900 0.000000
vt 0.006400 0.979500 0.000000
vt 0.116200 0.938600 0.000000
vt 0.128100 0.923900 0.000000
vt 0.019800 0.808700 0.000000
vt 0.006400 0.808700 0.000000
vt 0.052100 0.805400 0.000000
vt 0.078300 0.798600 0.000000
vt 0.122600 0.783400 0.000000
vt 0.108000 0.795000 0.000000
vt 0.006400 0.874500 0.000000
vt 0.006400 0.870100 0.000000
vt 0.015400 0.873000 0.000000
vt 0.015400 0.886200 0.000000
vt 0.006400 0.863700 0.000000
vt 0.015400 0.865900 0.000000
vt 0.091100 0.771400 0.000000
vt 0.015400 0.859500 0.000000
vt 0.026500 0.862800 0.000000
vt 0.039300 0.832900 0.000000
vt 0.039500 0.827700 0.000000
vt 0.045300 0.828800 0.000000
vt 0.015400 0.855800 0.000000
vt 0.035500 0.857500 0.000000
vt 0.006400 0.841400 0.000000
vt 0.006400 0.854600 0.000000
vt 0.070500 0.958200 0.000000
vt 0.017700 0.819200 0.000000
vt 0.006400 0.817900 0.000000
vt 0.006400 0.827700 0.000000
vt 0.089500 0.895500 0.000000
vt 0.068100 0.891200 0.000000
vt 0.073500 0.877600 0.000000
vt 0.050700 0.877100 0.000000
vt 0.036000 0.879500 0.000000
vt 0.037000 0.867600 0.000000
vt 0.051000 0.859500 0.000000
vt 0.050400 0.939500 0.000000
vt 0.057700 0.922400 0.000000
vt 0.103600 0.911700 0.000000
vt 0.080900 0.905800 0.000000
vt 0.045200 0.845500 0.000000
vt 0.054900 0.837700 0.000000
vt 0.109200 0.923900 0.000000
vt 0.083700 0.854000 0.000000
vt 0.006400 0.934100 0.000000
vt 0.029900 0.934100 0.000000
vt 0.035600 0.924000 0.000000
vt 0.042500 0.914000 0.000000
vt 0.101100 0.952900 0.000000
vt 0.066800 0.829600 0.000000
vt 0.042100 0.812200 0.000000
vt 0.026500 0.871100 0.000000
vt 0.006400 0.906400 0.000000
vt 0.006400 0.886200 0.000000
vt 0.036000 0.895200 0.000000
vt 0.015400 0.903600 0.000000
vt 0.019200 0.916300 0.000000
vt 0.006400 0.914200 0.000000
vt 0.028400 0.911800 0.000000
vt 0.037300 0.903500 0.000000
vt 0.006400 0.860000 0.000000
vt 0.031300 0.817300 0.000000
vt 0.066800 0.857200 0.000000
vt 0.021000 0.798200 0.000000
vt 0.022700 0.787000 0.000000
vt 0.015400 0.841900 0.000000
vt 0.017700 0.827700 0.000000
vt 0.152400 0.837700 0.000000
vt 0.187400 0.842100 0.000000
vt 0.164000 0.811200 0.000000
vt 0.173000 0.858300 0.000000
vt 0.119900 0.817300 0.000000
vt 0.112600 0.847800 0.000000
vt 0.089200 0.827600 0.000000
vt 0.207500 0.879700 0.000000
vt 0.196800 0.858300 0.000000
vt 0.181000 0.905700 0.000000
vt 0.195600 0.912300 0.000000
vt 0.212900 0.909300 0.000000
vt 0.077000 0.921400 0.000000
vt 0.091600 0.937700 0.000000
vt 0.089000 0.915300 0.000000
vt 0.072200 0.941900 0.000000
vt 0.117900 0.970400 0.000000
vt 0.064300 0.993900 0.000000
vt 0.142100 0.993900 0.000000
vt 0.057800 0.977600 0.000000
vt 0.043100 0.953500 0.000000
vt 0.028600 0.778900 0.000000
vt 0.065400 0.901200 0.000000
vt 0.047500 0.892700 0.000000
vt 0.046500 0.900900 0.000000
vt 0.135100 0.873200 0.000000
vt 0.119600 0.909000 0.000000
vt 0.148600 0.907400 0.000000
vt 0.102100 0.884100 0.000000
vt 0.178800 0.947700 0.000000
vt 0.148600 0.933100 0.000000
vt 0.128100 0.923900 0.000000
vt 0.116200 0.938600 0.000000
vt 0.019800 0.808700 0.000000
vt 0.052100 0.805400 0.000000
vt 0.078300 0.798600 0.000000
vt 0.122600 0.783400 0.000000
vt 0.108000 0.795000 0.000000
vt 0.015400 0.873000 0.000000
vt 0.015400 0.886200 0.000000
vt 0.015400 0.865900 0.000000
vt 0.015400 0.859500 0.000000
vt 0.026500 0.862800 0.000000
vt 0.039300 0.832900 0.000000
vt 0.045300 0.828800 0.000000
vt 0.039500 0.827700 0.000000
vt 0.015400 0.855800 0.000000
vt 0.035500 0.857500 0.000000
vt 0.070500 0.958200 0.000000
vt 0.017700 0.819200 0.000000
vt 0.089500 0.895500 0.000000
vt 0.073500 0.877600 0.000000
vt 0.068100 0.891200 0.000000
vt 0.050700 0.877100 0.000000
vt 0.051000 0.859500 0.000000
vt 0.037000 0.867600 0.000000
vt 0.036000 0.879500 0.000000
vt 0.057700 0.922400 0.000000
vt 0.050400 0.939500 0.000000
vt 0.103600 0.911700 0.000000
vt 0.080900 0.905800 0.000000
vt 0.045200 0.845500 0.000000
vt 0.054900 0.837700 0.000000
vt 0.109200 0.923900 0.000000
vt 0.083700 0.854000 0.000000
vt 0.029900 0.934100 0.000000
vt 0.042500 0.914000 0.000000
vt 0.035600 0.924000 0.000000
vt 0.101100 0.952900 0.000000
vt 0.066800 0.829600 0.000000
vt 0.042100 0.812200 0.000000
vt 0.026500 0.871100 0.000000
vt 0.015400 0.903600 0.000000
vt 0.036000 0.895200 0.000000
vt 0.019200 0.916300 0.000000
vt 0.028400 0.911800 0.000000
vt 0.037300 0.903500 0.000000
vt 0.031300 0.817300 0.000000
vt 0.066800 0.857200 0.000000
vt 0.324000 0.210400 0.000000
vt 0.282500 0.208700 0.000000
vt 0.308500 0.193600 0.000000
vt 0.282400 0.225200 0.000000
vt 0.249400 0.218500 0.000000
vt 0.254400 0.205000 0.000000
vt 0.238300 0.184100 0.000000
vt 0.212700 0.167600 0.000000
vt 0.228200 0.152200 0.000000
vt 0.217700 0.194600 0.000000
vt 0.308500 0.158800 0.000000
vt 0.283100 0.123400 0.000000
vt 0.308500 0.120000 0.000000
vt 0.283100 0.155700 0.000000
vt 0.233900 0.113700 0.000000
vt 0.217000 0.139300 0.000000
vt 0.217000 0.109800 0.000000
vt 0.295200 0.186100 0.000000
vt 0.283100 0.193400 0.000000
vt 0.261300 0.190900 0.000000
vt 0.325700 0.171900 0.000000
vt 0.236000 0.065500 0.000000
vt 0.217000 0.052500 0.000000
vt 0.258000 0.065400 0.000000
vt 0.258000 0.123400 0.000000
vt 0.283100 0.068500 0.000000
vt 0.329900 0.061700 0.000000
vt 0.308500 0.044100 0.000000
vt 0.329900 0.044000 0.000000
vt 0.308500 0.061700 0.000000
vt 0.235200 0.053600 0.000000
vt 0.258000 0.053800 0.000000
vt 0.347400 0.006200 0.000000
vt 0.347400 0.052500 0.000000
vt 0.329900 0.006200 0.000000
vt 0.283100 0.006200 0.000000
vt 0.258000 0.040600 0.000000
vt 0.258000 0.006200 0.000000
vt 0.283100 0.051700 0.000000
vt 0.235500 0.042200 0.000000
vt 0.235500 0.006200 0.000000
vt 0.217000 0.006200 0.000000
vt 0.308500 0.006200 0.000000
vt 0.330200 0.146900 0.000000
vt 0.346600 0.179700 0.000000
vt 0.329900 0.114300 0.000000
vt 0.258000 0.159000 0.000000
vt 0.347400 0.109800 0.000000
vt 0.344300 0.137900 0.000000
vt 0.346600 0.141200 0.000000
vt 0.346600 0.159900 0.000000
vt 0.212700 0.143700 0.000000
vt 0.093800 0.092500 0.000000
vt 0.106700 0.050900 0.000000
vt 0.111300 0.092500 0.000000
vt 0.096200 0.049500 0.000000
vt 0.131800 0.092500 0.000000
vt 0.131900 0.050900 0.000000
vt 0.152800 0.092500 0.000000
vt 0.153900 0.050900 0.000000
vt 0.177800 0.062000 0.000000
vt 0.191100 0.077800 0.000000
vt 0.172400 0.078300 0.000000
vt 0.191100 0.061100 0.000000
vt 0.170700 0.042800 0.000000
vt 0.181100 0.041900 0.000000
vt 0.168800 0.050000 0.000000
vt 0.181000 0.024100 0.000000
vt 0.170700 0.024100 0.000000
vt 0.038700 0.039300 0.000000
vt 0.052100 0.019800 0.000000
vt 0.058800 0.033900 0.000000
vt 0.040400 0.023800 0.000000
vt 0.096200 0.027300 0.000000
vt 0.106600 0.027300 0.000000
vt 0.131900 0.027300 0.000000
vt 0.095900 0.006500 0.000000
vt 0.106600 0.006500 0.000000
vt 0.131800 0.006500 0.000000
vt 0.165200 0.027300 0.000000
vt 0.153700 0.027300 0.000000
vt 0.165200 0.050900 0.000000
vt 0.153400 0.006500 0.000000
vt 0.165200 0.006500 0.000000
vt 0.066100 0.006500 0.000000
vt 0.066100 0.027300 0.000000
vt 0.066100 0.046900 0.000000
vt 0.081500 0.003800 0.000000
vt 0.095800 0.003800 0.000000
vt 0.191100 0.042900 0.000000
vt 0.191100 0.024100 0.000000
vt 0.153300 0.112100 0.000000
vt 0.172600 0.092500 0.000000
vt 0.173200 0.112100 0.000000
vt 0.112900 0.112100 0.000000
vt 0.133300 0.112100 0.000000
vt 0.191100 0.092500 0.000000
vt 0.193800 0.112100 0.000000
vt 0.094600 0.112100 0.000000
vt 0.077400 0.092500 0.000000
vt 0.076600 0.112100 0.000000
vt 0.074200 0.133600 0.000000
vt 0.094700 0.133600 0.000000
vt 0.175600 0.133600 0.000000
vt 0.156300 0.133600 0.000000
vt 0.157800 0.155400 0.000000
vt 0.134000 0.133600 0.000000
vt 0.135000 0.155400 0.000000
vt 0.094700 0.155400 0.000000
vt 0.113100 0.133600 0.000000
vt 0.113100 0.155400 0.000000
vt 0.197700 0.155400 0.000000
vt 0.197700 0.133600 0.000000
vt 0.176800 0.155400 0.000000
vt 0.074200 0.155400 0.000000
vt 0.062600 0.044100 0.000000
vt 0.043700 0.056400 0.000000
vt 0.283100 0.176200 0.000000
vt 0.083200 0.070800 0.000000
vt 0.165200 0.059700 0.000000
vt 0.063800 0.078300 0.000000
vt 0.044900 0.014800 0.000000
vt 0.066100 0.003800 0.000000
vt 0.119500 0.510000 0.000000
vt 0.099400 0.479600 0.000000
vt 0.086500 0.504700 0.000000
vt 0.143000 0.496900 0.000000
vt 0.045800 0.490400 0.000000
vt 0.051000 0.510000 0.000000
vt 0.144900 0.648000 0.000000
vt 0.104300 0.663300 0.000000
vt 0.149900 0.683000 0.000000
vt 0.244300 0.672600 0.000000
vt 0.286300 0.654000 0.000000
vt 0.242400 0.643500 0.000000
vt 0.282200 0.612400 0.000000
vt 0.222700 0.607900 0.000000
vt 0.169800 0.534200 0.000000
vt 0.207800 0.565600 0.000000
vt 0.205700 0.533500 0.000000
vt 0.170900 0.572900 0.000000
vt 0.060200 0.702100 0.000000
vt 0.008500 0.731800 0.000000
vt 0.036000 0.740800 0.000000
vt 0.008500 0.693900 0.000000
vt 0.200000 0.486100 0.000000
vt 0.330600 0.504300 0.000000
vt 0.281200 0.567400 0.000000
vt 0.330600 0.567600 0.000000
vt 0.280300 0.504900 0.000000
vt 0.068200 0.382400 0.000000
vt 0.008500 0.452800 0.000000
vt 0.078800 0.434000 0.000000
vt 0.008500 0.391200 0.000000
vt 0.081000 0.570500 0.000000
vt 0.106100 0.553000 0.000000
vt 0.081600 0.553200 0.000000
vt 0.107100 0.570100 0.000000
vt 0.067800 0.606900 0.000000
vt 0.107100 0.589300 0.000000
vt 0.069500 0.586600 0.000000
vt 0.111300 0.617600 0.000000
vt 0.147900 0.611300 0.000000
vt 0.136200 0.583900 0.000000
vt 0.330600 0.654000 0.000000
vt 0.330600 0.611800 0.000000
vt 0.284200 0.391200 0.000000
vt 0.330600 0.295800 0.000000
vt 0.259300 0.295800 0.000000
vt 0.330600 0.384200 0.000000
vt 0.110000 0.531800 0.000000
vt 0.083000 0.526300 0.000000
vt 0.056100 0.531400 0.000000
vt 0.024300 0.532200 0.000000
vt 0.033600 0.548100 0.000000
vt 0.330600 0.459300 0.000000
vt 0.281600 0.445300 0.000000
vt 0.008500 0.568500 0.000000
vt 0.030700 0.568000 0.000000
vt 0.008500 0.548100 0.000000
vt 0.236100 0.444100 0.000000
vt 0.186200 0.384200 0.000000
vt 0.192800 0.440200 0.000000
vt 0.226400 0.384500 0.000000
vt 0.056900 0.551800 0.000000
vt 0.157800 0.548700 0.000000
vt 0.134600 0.563000 0.000000
vt 0.265800 0.683300 0.000000
vt 0.269200 0.707900 0.000000
vt 0.288100 0.693500 0.000000
vt 0.017100 0.519900 0.000000
vt 0.297100 0.721100 0.000000
vt 0.314500 0.712400 0.000000
vt 0.238000 0.568600 0.000000
vt 0.243500 0.506400 0.000000
vt 0.144900 0.527300 0.000000
vt 0.129800 0.545300 0.000000
vt 0.008500 0.648800 0.000000
vt 0.062800 0.638000 0.000000
vt 0.008500 0.627100 0.000000
vt 0.062500 0.658700 0.000000
vt 0.109100 0.645800 0.000000
vt 0.098800 0.700400 0.000000
vt 0.063500 0.677500 0.000000
vt 0.124400 0.691700 0.000000
vt 0.058500 0.568500 0.000000
vt 0.029700 0.589400 0.000000
vt 0.008500 0.336200 0.000000
vt 0.076100 0.337300 0.000000
vt 0.008500 0.295800 0.000000
vt 0.083900 0.295800 0.000000
vt 0.008500 0.666600 0.000000
vt 0.008500 0.125300 0.000000
vt 0.008500 0.103000 0.000000
vt 0.008500 0.104000 0.000000
vt 0.040600 0.126100 0.000000
vt 0.008500 0.193300 0.000000
vt 0.093200 0.193300 0.000000
vt 0.090500 0.240700 0.000000
vt 0.008500 0.240700 0.000000
vt 0.102600 0.734200 0.000000
vt 0.060700 0.748900 0.000000
vt 0.166100 0.602500 0.000000
vt 0.008500 0.508600 0.000000
vt 0.173400 0.295800 0.000000
vt 0.200500 0.583900 0.000000
vt 0.117500 0.706100 0.000000
vt 0.121100 0.735200 0.000000
vt 0.128600 0.381600 0.000000
vt 0.135700 0.437300 0.000000
vt 0.123600 0.758400 0.000000
vt 0.080700 0.758400 0.000000
vt 0.008500 0.593400 0.000000
vt 0.210300 0.242700 0.000000
vt 0.131400 0.242700 0.000000
vt 0.181400 0.242700 0.000000
vt 0.248900 0.242700 0.000000
vt 0.295100 0.242700 0.000000
vt 0.330600 0.242700 0.000000
vt 0.242300 0.693600 0.000000
vt 0.288500 0.678300 0.000000
vt 0.307000 0.667600 0.000000
vt 0.324000 0.210400 0.000000
vt 0.308500 0.193600 0.000000
vt 0.282500 0.208700 0.000000
vt 0.282400 0.225200 0.000000
vt 0.254400 0.205000 0.000000
vt 0.249400 0.218500 0.000000
vt 0.238300 0.184100 0.000000
vt 0.228200 0.152200 0.000000
vt 0.212700 0.167600 0.000000
vt 0.217700 0.194600 0.000000
vt 0.308500 0.158800 0.000000
vt 0.308500 0.120000 0.000000
vt 0.283100 0.123400 0.000000
vt 0.283100 0.155700 0.000000
vt 0.233900 0.113700 0.000000
vt 0.217000 0.109800 0.000000
vt 0.217000 0.139300 0.000000
vt 0.295200 0.186100 0.000000
vt 0.283100 0.193400 0.000000
vt 0.261300 0.190900 0.000000
vt 0.325700 0.171900 0.000000
vt 0.236000 0.065500 0.000000
vt 0.217000 0.052500 0.000000
vt 0.258000 0.123400 0.000000
vt 0.258000 0.065400 0.000000
vt 0.283100 0.068500 0.000000
vt 0.329900 0.061700 0.000000
vt 0.329900 0.044000 0.000000
vt 0.308500 0.044100 0.000000
vt 0.308500 0.061700 0.000000
vt 0.235200 0.053600 0.000000
vt 0.258000 0.053800 0.000000
vt 0.347400 0.052500 0.000000
vt 0.347400 0.006200 0.000000
vt 0.329900 0.006200 0.000000
vt 0.283100 0.006200 0.000000
vt 0.258000 0.006200 0.000000
vt 0.258000 0.040600 0.000000
vt 0.283100 0.051700 0.000000
vt 0.235500 0.042200 0.000000
vt 0.235500 0.006200 0.000000
vt 0.217000 0.006200 0.000000
vt 0.308500 0.006200 0.000000
vt 0.330200 0.146900 0.000000
vt 0.346600 0.179700 0.000000
vt 0.329900 0.114300 0.000000
vt 0.258000 0.159000 0.000000
vt 0.347400 0.109800 0.000000
vt 0.344300 0.137900 0.000000
vt 0.346600 0.141200 0.000000
vt 0.346600 0.159900 0.000000
vt 0.212700 0.143700 0.000000
vt 0.093800 0.092500 0.000000
vt 0.111300 0.092500 0.000000
vt 0.106700 0.050900 0.000000
vt 0.096200 0.049500 0.000000
vt 0.131800 0.092500 0.000000
vt 0.131900 0.050900 0.000000
vt 0.152800 0.092500 0.000000
vt 0.153900 0.050900 0.000000
vt 0.177800 0.062000 0.000000
vt 0.172400 0.078300 0.000000
vt 0.191100 0.077800 0.000000
vt 0.191100 0.061100 0.000000
vt 0.181100 0.041900 0.000000
vt 0.170700 0.042800 0.000000
vt 0.168800 0.050000 0.000000
vt 0.181000 0.024100 0.000000
vt 0.170700 0.024100 0.000000
vt 0.038700 0.039300 0.000000
vt 0.058800 0.033900 0.000000
vt 0.052100 0.019800 0.000000
vt 0.040400 0.023800 0.000000
vt 0.106600 0.027300 0.000000
vt 0.096200 0.027300 0.000000
vt 0.131900 0.027300 0.000000
vt 0.106600 0.006500 0.000000
vt 0.095900 0.006500 0.000000
vt 0.131800 0.006500 0.000000
vt 0.165200 0.027300 0.000000
vt 0.153700 0.027300 0.000000
vt 0.165200 0.050900 0.000000
vt 0.153400 0.006500 0.000000
vt 0.165200 0.006500 0.000000
vt 0.066100 0.006500 0.000000
vt 0.066100 0.027300 0.000000
vt 0.066100 0.046900 0.000000
vt 0.081500 0.003800 0.000000
vt 0.095800 0.003800 0.000000
vt 0.191100 0.042900 0.000000
vt 0.191100 0.024100 0.000000
vt 0.153300 0.112100 0.000000
vt 0.173200 0.112100 0.000000
vt 0.172600 0.092500 0.000000
vt 0.112900 0.112100 0.000000
vt 0.133300 0.112100 0.000000
vt 0.191100 0.092500 0.000000
vt 0.193800 0.112100 0.000000
vt 0.094600 0.112100 0.000000
vt 0.077400 0.092500 0.000000
vt 0.076600 0.112100 0.000000
vt 0.074200 0.133600 0.000000
vt 0.094700 0.133600 0.000000
vt 0.156300 0.133600 0.000000
vt 0.175600 0.133600 0.000000
vt 0.157800 0.155400 0.000000
vt 0.134000 0.133600 0.000000
vt 0.135000 0.155400 0.000000
vt 0.094700 0.155400 0.000000
vt 0.113100 0.155400 0.000000
vt 0.113100 0.133600 0.000000
vt 0.197700 0.155400 0.000000
vt 0.197700 0.133600 0.000000
vt 0.176800 0.155400 0.000000
vt 0.074200 0.155400 0.000000
vt 0.062600 0.044100 0.000000
vt 0.043700 0.056400 0.000000
vt 0.283100 0.176200 0.000000
vt 0.083200 0.070800 0.000000
vt 0.165200 0.059700 0.000000
vt 0.063800 0.078300 0.000000
vt 0.044900 0.014800 0.000000
vt 0.066100 0.003800 0.000000
vt 0.119500 0.510000 0.000000
vt 0.086500 0.504700 0.000000
vt 0.099400 0.479600 0.000000
vt 0.143000 0.496900 0.000000
vt 0.051000 0.510000 0.000000
vt 0.045800 0.490400 0.000000
vt 0.144900 0.648000 0.000000
vt 0.149900 0.683000 0.000000
vt 0.104300 0.663300 0.000000
vt 0.244300 0.672600 0.000000
vt 0.242400 0.643500 0.000000
vt 0.286300 0.654000 0.000000
vt 0.282200 0.612400 0.000000
vt 0.222700 0.607900 0.000000
vt 0.169800 0.534200 0.000000
vt 0.205700 0.533500 0.000000
vt 0.207800 0.565600 0.000000
vt 0.170900 0.572900 0.000000
vt 0.060200 0.702100 0.000000
vt 0.036000 0.740800 0.000000
vt 0.200000 0.486100 0.000000
vt 0.281200 0.567400 0.000000
vt 0.280300 0.504900 0.000000
vt 0.068200 0.382400 0.000000
vt 0.078800 0.434000 0.000000
vt 0.081000 0.570500 0.000000
vt 0.081600 0.553200 0.000000
vt 0.106100 0.553000 0.000000
vt 0.107100 0.570100 0.000000
vt 0.067800 0.606900 0.000000
vt 0.069500 0.586600 0.000000
vt 0.107100 0.589300 0.000000
vt 0.111300 0.617600 0.000000
vt 0.136200 0.583900 0.000000
vt 0.147900 0.611300 0.000000
vt 0.284200 0.391200 0.000000
vt 0.259300 0.295800 0.000000
vt 0.110000 0.531800 0.000000
vt 0.083000 0.526300 0.000000
vt 0.056100 0.531400 0.000000
vt 0.033600 0.548100 0.000000
vt 0.024300 0.532200 0.000000
vt 0.281600 0.445300 0.000000
vt 0.030700 0.568000 0.000000
vt 0.236100 0.444100 0.000000
vt 0.192800 0.440200 0.000000
vt 0.186200 0.384200 0.000000
vt 0.226400 0.384500 0.000000
vt 0.056900 0.551800 0.000000
vt 0.134600 0.563000 0.000000
vt 0.157800 0.548700 0.000000
vt 0.265800 0.683300 0.000000
vt 0.288100 0.693500 0.000000
vt 0.269200 0.707900 0.000000
vt 0.017100 0.519900 0.000000
vt 0.297100 0.721100 0.000000
vt 0.314500 0.712400 0.000000
vt 0.238000 0.568600 0.000000
vt 0.243500 0.506400 0.000000
vt 0.144900 0.527300 0.000000
vt 0.129800 0.545300 0.000000
vt 0.062800 0.638000 0.000000
vt 0.062500 0.658700 0.000000
vt 0.109100 0.645800 0.000000
vt 0.098800 0.700400 0.000000
vt 0.063500 0.677500 0.000000
vt 0.124400 0.691700 0.000000
vt 0.058500 0.568500 0.000000
vt 0.029700 0.589400 0.000000
vt 0.076100 0.337300 0.000000
vt 0.083900 0.295800 0.000000
vt 0.008500 0.103000 0.000000
vt 0.040600 0.126100 0.000000
vt 0.093200 0.193300 0.000000
vt 0.090500 0.240700 0.000000
vt 0.102600 0.734200 0.000000
vt 0.060700 0.748900 0.000000
vt 0.166100 0.602500 0.000000
vt 0.173400 0.295800 0.000000
vt 0.200500 0.583900 0.000000
vt 0.117500 0.706100 0.000000
vt 0.121100 0.735200 0.000000
vt 0.128600 0.381600 0.000000
vt 0.135700 0.437300 0.000000
vt 0.123600 0.758400 0.000000
vt 0.080700 0.758400 0.000000
vt 0.210300 0.242700 0.000000
vt 0.131400 0.242700 0.000000
vt 0.181400 0.242700 0.000000
vt 0.248900 0.242700 0.000000
vt 0.295100 0.242700 0.000000
vt 0.242300 0.693600 0.000000
vt 0.288500 0.678300 0.000000
vt 0.307000 0.667600 0.000000
vt 0.942200 0.264200 0.000000
vt 0.914000 0.262000 0.000000
vt 0.914700 0.230100 0.000000
vt 0.941900 0.231300 0.000000
vt 0.968600 0.230300 0.000000
vt 0.940600 0.198200 0.000000
vt 0.968500 0.198200 0.000000
vt 0.789100 0.198200 0.000000
vt 0.839900 0.197700 0.000000
vt 0.839200 0.245300 0.000000
vt 0.789100 0.256800 0.000000
vt 0.867200 0.486700 0.000000
vt 0.868900 0.523200 0.000000
vt 0.847900 0.521700 0.000000
vt 0.841300 0.484200 0.000000
vt 0.862500 0.410100 0.000000
vt 0.864300 0.451900 0.000000
vt 0.837700 0.448100 0.000000
vt 0.837300 0.408600 0.000000
vt 0.970900 0.413300 0.000000
vt 0.993700 0.413300 0.000000
vt 0.993700 0.437900 0.000000
vt 0.973300 0.464200 0.000000
vt 0.808500 0.476500 0.000000
vt 0.809100 0.442100 0.000000
vt 0.945800 0.476400 0.000000
vt 0.917800 0.476600 0.000000
vt 0.916500 0.456700 0.000000
vt 0.946100 0.460200 0.000000
vt 0.974000 0.477500 0.000000
vt 0.993700 0.468700 0.000000
vt 0.993700 0.472300 0.000000
vt 0.993700 0.466900 0.000000
vt 0.789100 0.437900 0.000000
vt 0.789100 0.461700 0.000000
vt 0.948000 0.496700 0.000000
vt 0.950900 0.520000 0.000000
vt 0.920700 0.521200 0.000000
vt 0.918500 0.497600 0.000000
vt 0.975100 0.496800 0.000000
vt 0.975300 0.518100 0.000000
vt 0.890900 0.523000 0.000000
vt 0.889600 0.487900 0.000000
vt 0.961000 0.550700 0.000000
vt 0.927300 0.550700 0.000000
vt 0.968700 0.262300 0.000000
vt 0.969900 0.296600 0.000000
vt 0.941900 0.294700 0.000000
vt 0.970200 0.359100 0.000000
vt 0.940900 0.355000 0.000000
vt 0.819100 0.312500 0.000000
vt 0.825600 0.274500 0.000000
vt 0.852200 0.275200 0.000000
vt 0.856600 0.311300 0.000000
vt 0.913600 0.294400 0.000000
vt 0.887100 0.358400 0.000000
vt 0.861700 0.362300 0.000000
vt 0.883900 0.295400 0.000000
vt 0.913700 0.355300 0.000000
vt 0.993700 0.365900 0.000000
vt 0.888800 0.410400 0.000000
vt 0.913500 0.411700 0.000000
vt 0.942300 0.413400 0.000000
vt 0.814800 0.366400 0.000000
vt 0.789100 0.365900 0.000000
vt 0.789100 0.318700 0.000000
vt 0.837800 0.365300 0.000000
vt 0.811100 0.404700 0.000000
vt 0.993700 0.318700 0.000000
vt 0.789100 0.402100 0.000000
vt 0.889000 0.454100 0.000000
vt 0.888700 0.550700 0.000000
vt 0.866500 0.550700 0.000000
vt 0.914900 0.198200 0.000000
vt 0.993700 0.483200 0.000000
vt 0.993700 0.517700 0.000000
vt 0.993700 0.499000 0.000000
vt 0.993700 0.550700 0.000000
vt 0.884200 0.198200 0.000000
vt 0.883300 0.227300 0.000000
vt 0.906000 0.583300 0.000000
vt 0.927300 0.591200 0.000000
vt 0.926900 0.623800 0.000000
vt 0.906000 0.623800 0.000000
vt 0.947800 0.645600 0.000000
vt 0.946800 0.611200 0.000000
vt 0.977700 0.623800 0.000000
vt 0.970400 0.655900 0.000000
vt 0.988300 0.623800 0.000000
vt 0.988300 0.689600 0.000000
vt 0.946000 0.764200 0.000000
vt 0.969300 0.760000 0.000000
vt 0.969300 0.741900 0.000000
vt 0.946000 0.737600 0.000000
vt 0.988300 0.708400 0.000000
vt 0.988300 0.721300 0.000000
vt 0.951100 0.718400 0.000000
vt 0.951600 0.705200 0.000000
vt 0.906000 0.700500 0.000000
vt 0.940500 0.698600 0.000000
vt 0.940800 0.712500 0.000000
vt 0.906000 0.727100 0.000000
vt 0.979600 0.598300 0.000000
vt 0.988300 0.594500 0.000000
vt 0.946000 0.737600 0.000000
vt 0.929400 0.737600 0.000000
vt 0.929400 0.764200 0.000000
vt 0.946000 0.764200 0.000000
vt 0.924300 0.653200 0.000000
vt 0.844900 0.716600 0.000000
vt 0.840400 0.737100 0.000000
vt 0.840400 0.737100 0.000000
vt 0.844900 0.716600 0.000000
vt 0.827700 0.736900 0.000000
vt 0.827700 0.716600 0.000000
vt 0.844900 0.716600 0.000000
vt 0.840400 0.737100 0.000000
vt 0.808200 0.716600 0.000000
vt 0.815900 0.737200 0.000000
vt 0.911200 0.158100 0.000000
vt 0.940800 0.158300 0.000000
vt 0.969900 0.153700 0.000000
vt 0.835400 0.758300 0.000000
vt 0.835400 0.758300 0.000000
vt 0.844900 0.716600 0.000000
vt 0.827700 0.716600 0.000000
vt 0.827700 0.736900 0.000000
vt 0.840400 0.737100 0.000000
vt 0.935500 0.056100 0.000000
vt 0.910400 0.057100 0.000000
vt 0.884300 0.162600 0.000000
vt 0.789100 0.059900 0.000000
vt 0.845800 0.061400 0.000000
vt 0.879400 0.072300 0.000000
vt 0.959300 0.056700 0.000000
vt 0.953000 0.687100 0.000000
vt 0.845100 0.007500 0.000000
vt 0.876200 0.007500 0.000000
vt 0.908300 0.007500 0.000000
vt 0.935100 0.007500 0.000000
vt 0.958300 0.007500 0.000000
vt 0.905300 0.550700 0.000000
vt 0.882500 0.256900 0.000000
vt 0.993700 0.198200 0.000000
vt 0.993700 0.284400 0.000000
vt 0.789100 0.284400 0.000000
vt 0.993700 0.256800 0.000000
vt 0.945200 0.564600 0.000000
vt 0.913100 0.756700 0.000000
vt 0.947200 0.672700 0.000000
vt 0.835400 0.758300 0.000000
vt 0.835400 0.758300 0.000000
vt 0.823400 0.758300 0.000000
vt 0.941100 0.683200 0.000000
vt 0.906000 0.679700 0.000000
vt 0.835400 0.758300 0.000000
vt 0.823400 0.758300 0.000000
vt 0.835400 0.758300 0.000000
vt 0.993700 0.059900 0.000000
vt 0.945900 0.578800 0.000000
vt 0.789100 0.007500 0.000000
vt 0.993700 0.007500 0.000000
vt 0.942200 0.264200 0.000000
vt 0.914700 0.230100 0.000000
vt 0.914000 0.262000 0.000000
vt 0.941900 0.231300 0.000000
vt 0.968600 0.230300 0.000000
vt 0.940600 0.198200 0.000000
vt 0.968500 0.198200 0.000000
vt 0.789100 0.198200 0.000000
vt 0.839200 0.245300 0.000000
vt 0.839900 0.197700 0.000000
vt 0.789100 0.256800 0.000000
vt 0.867200 0.486700 0.000000
vt 0.847900 0.521700 0.000000
vt 0.868900 0.523200 0.000000
vt 0.841300 0.484200 0.000000
vt 0.862500 0.410100 0.000000
vt 0.837700 0.448100 0.000000
vt 0.864300 0.451900 0.000000
vt 0.837300 0.408600 0.000000
vt 0.970900 0.413300 0.000000
vt 0.993700 0.437900 0.000000
vt 0.993700 0.413300 0.000000
vt 0.973300 0.464200 0.000000
vt 0.809100 0.442100 0.000000
vt 0.808500 0.476500 0.000000
vt 0.945800 0.476400 0.000000
vt 0.916500 0.456700 0.000000
vt 0.917800 0.476600 0.000000
vt 0.946100 0.460200 0.000000
vt 0.974000 0.477500 0.000000
vt 0.993700 0.466900 0.000000
vt 0.789100 0.437900 0.000000
vt 0.789100 0.461700 0.000000
vt 0.948000 0.496700 0.000000
vt 0.920700 0.521200 0.000000
vt 0.950900 0.520000 0.000000
vt 0.918500 0.497600 0.000000
vt 0.975100 0.496800 0.000000
vt 0.975300 0.518100 0.000000
vt 0.889600 0.487900 0.000000
vt 0.890900 0.523000 0.000000
vt 0.927300 0.550700 0.000000
vt 0.961000 0.550700 0.000000
vt 0.968700 0.262300 0.000000
vt 0.941900 0.294700 0.000000
vt 0.969900 0.296600 0.000000
vt 0.970200 0.359100 0.000000
vt 0.940900 0.355000 0.000000
vt 0.819100 0.312500 0.000000
vt 0.852200 0.275200 0.000000
vt 0.825600 0.274500 0.000000
vt 0.856600 0.311300 0.000000
vt 0.913600 0.294400 0.000000
vt 0.887100 0.358400 0.000000
vt 0.861700 0.362300 0.000000
vt 0.883900 0.295400 0.000000
vt 0.913700 0.355300 0.000000
vt 0.993700 0.365900 0.000000
vt 0.888800 0.410400 0.000000
vt 0.913500 0.411700 0.000000
vt 0.942300 0.413400 0.000000
vt 0.814800 0.366400 0.000000
vt 0.789100 0.318700 0.000000
vt 0.789100 0.365900 0.000000
vt 0.837800 0.365300 0.000000
vt 0.811100 0.404700 0.000000
vt 0.993700 0.318700 0.000000
vt 0.789100 0.402100 0.000000
vt 0.889000 0.454100 0.000000
vt 0.888700 0.550700 0.000000
vt 0.866500 0.550700 0.000000
vt 0.914900 0.198200 0.000000
vt 0.883300 0.227300 0.000000
vt 0.884200 0.198200 0.000000
vt 0.906000 0.583300 0.000000
vt 0.926900 0.623800 0.000000
vt 0.927300 0.591200 0.000000
vt 0.906000 0.623800 0.000000
vt 0.947800 0.645600 0.000000
vt 0.977700 0.623800 0.000000
vt 0.946500 0.601750 0.000000
vt 0.970400 0.655900 0.000000
vt 0.988300 0.623800 0.000000
vt 0.988300 0.689600 0.000000
vt 0.946000 0.764200 0.000000
vt 0.969300 0.741900 0.000000
vt 0.969300 0.760000 0.000000
vt 0.946000 0.737600 0.000000
vt 0.988300 0.708400 0.000000
vt 0.951100 0.718400 0.000000
vt 0.988300 0.721300 0.000000
vt 0.951600 0.705200 0.000000
vt 0.906000 0.700500 0.000000
vt 0.940800 0.712500 0.000000
vt 0.940500 0.698600 0.000000
vt 0.906000 0.727100 0.000000
vt 0.979600 0.598300 0.000000
vt 0.988300 0.594500 0.000000
vt 0.946000 0.737600 0.000000
vt 0.929400 0.764200 0.000000
vt 0.929400 0.737600 0.000000
vt 0.946000 0.764200 0.000000
vt 0.924300 0.653200 0.000000
vt 0.844900 0.716600 0.000000
vt 0.840400 0.737100 0.000000
vt 0.840400 0.737100 0.000000
vt 0.844900 0.716600 0.000000
vt 0.844900 0.716600 0.000000
vt 0.827700 0.736900 0.000000
vt 0.840400 0.737100 0.000000
vt 0.827700 0.716600 0.000000
vt 0.808200 0.716600 0.000000
vt 0.815900 0.737200 0.000000
vt 0.940800 0.158300 0.000000
vt 0.911200 0.158100 0.000000
vt 0.969900 0.153700 0.000000
vt 0.835400 0.758300 0.000000
vt 0.835400 0.758300 0.000000
vt 0.844900 0.716600 0.000000
vt 0.827700 0.736900 0.000000
vt 0.827700 0.716600 0.000000
vt 0.840400 0.737100 0.000000
vt 0.935500 0.056100 0.000000
vt 0.910400 0.057100 0.000000
vt 0.884300 0.162600 0.000000
vt 0.845800 0.061400 0.000000
vt 0.789100 0.059900 0.000000
vt 0.879400 0.072300 0.000000
vt 0.959300 0.056700 0.000000
vt 0.953000 0.687100 0.000000
vt 0.845100 0.007500 0.000000
vt 0.876200 0.007500 0.000000
vt 0.908300 0.007500 0.000000
vt 0.935100 0.007500 0.000000
vt 0.958300 0.007500 0.000000
vt 0.905300 0.550700 0.000000
vt 0.882500 0.256900 0.000000
vt 0.993700 0.198200 0.000000
vt 0.993700 0.284400 0.000000
vt 0.789100 0.284400 0.000000
vt 0.993700 0.256800 0.000000
vt 0.945200 0.564600 0.000000
vt 0.913100 0.756700 0.000000
vt 0.947200 0.672700 0.000000
vt 0.835400 0.758300 0.000000
vt 0.823400 0.758300 0.000000
vt 0.835400 0.758300 0.000000
vt 0.941100 0.683200 0.000000
vt 0.906000 0.679700 0.000000
vt 0.835400 0.758300 0.000000
vt 0.823400 0.758300 0.000000
vt 0.835400 0.758300 0.000000
vt 0.993700 0.059900 0.000000
vt 0.945900 0.578800 0.000000
vt 0.789100 0.007500 0.000000
vt 0.993700 0.007500 0.000000
vt 0.866372 0.996035 0.000000
vt 0.883922 0.922954 0.000000
vt 0.862270 0.880639 0.000000
vt 0.776664 0.914433 0.000000
vt 0.822592 0.905278 0.000000
vt 0.942343 0.909075 0.000000
vt 0.989808 0.878959 0.000000
vt 0.901404 0.898831 0.000000
vt 0.913351 0.936415 0.000000
vt 0.843548 0.924597 0.000000
vt 0.817243 0.937885 0.000000
vt 0.733054 0.878959 0.000000
vt 0.866372 0.996035 0.000000
vt 0.883922 0.922954 0.000000
vt 0.776664 0.914433 0.000000
vt 0.822592 0.905278 0.000000
vt 0.942343 0.909075 0.000000
vt 0.901404 0.898831 0.000000
vt 0.913351 0.936415 0.000000
vt 0.843548 0.924597 0.000000
vt 0.817243 0.937885 0.000000
vt 0.894943 0.773611 0.000000
vt 0.895146 0.707122 0.000000
vt 0.852897 0.719254 0.000000
vt 0.895146 0.662199 0.000000
vt 0.895146 0.707122 0.000000
vt 0.894943 0.773611 0.000000
vt 0.853114 0.719254 0.000000
vt 0.895146 0.662199 0.000000
vt 0.895146 0.707122 0.000000
vt 0.895146 0.707122 0.000000
vt 0.206300 0.615200 0.000000
vt 0.162600 0.681600 0.000000
vt 0.206300 0.681600 0.000000
vt 0.206300 0.746500 0.000000
vt 0.206300 0.746500 0.000000
vt 0.162600 0.681600 0.000000
vt 0.206300 0.615200 0.000000
vt 0.162600 0.681600 0.000000
vt 0.162600 0.681600 0.000000
vt 0.862200 0.599100 0.000000
vt 0.895400 0.628100 0.000000
vt 0.895400 0.599100 0.000000
vt 0.895400 0.562400 0.000000
vt 0.862200 0.599100 0.000000
vt 0.639421 0.674143 0.000000
vt 0.666950 0.644485 0.000000
vt 0.689977 0.669462 0.000000
vt 0.657862 0.696105 0.000000
vt 0.670879 0.747142 0.000000
vt 0.704990 0.749814 0.000000
vt 0.699046 0.795791 0.000000
vt 0.661018 0.793637 0.000000
vt 0.706061 0.702669 0.000000
vt 0.683747 0.714633 0.000000
vt 0.634052 0.744728 0.000000
vt 0.621417 0.710753 0.000000
vt 0.649314 0.921161 0.000000
vt 0.647051 0.840535 0.000000
vt 0.664105 0.839170 0.000000
vt 0.710088 0.965260 0.000000
vt 0.631790 0.787169 0.000000
vt 0.697919 0.837076 0.000000
vt 0.770863 0.989014 0.000000
vt 0.613604 0.834683 0.000000
vt 0.619563 0.903697 0.000000
vt 0.575478 0.925784 0.000000
vt 0.630949 0.943929 0.000000
vt 0.639421 0.674143 0.000000
vt 0.657862 0.696105 0.000000
vt 0.670879 0.747142 0.000000
vt 0.661018 0.793637 0.000000
vt 0.683747 0.714633 0.000000
vt 0.634052 0.744728 0.000000
vt 0.621417 0.710753 0.000000
vt 0.649314 0.921161 0.000000
vt 0.710088 0.965260 0.000000
vt 0.664105 0.839170 0.000000
vt 0.647051 0.840535 0.000000
vt 0.631790 0.787169 0.000000
vt 0.613604 0.834683 0.000000
vt 0.619563 0.903697 0.000000
vt 0.575478 0.925784 0.000000
vt 0.630949 0.943929 0.000000
vt 0.480324 0.945321 0.000000
vt 0.455869 0.946995 0.000000
vt 0.457364 0.931103 0.000000
vt 0.484751 0.931103 0.000000
vt 0.426874 0.931103 0.000000
vt 0.426874 0.965195 0.000000
vt 0.509289 0.944861 0.000000
vt 0.531157 0.931103 0.000000
vt 0.545678 0.952591 0.000000
vt 0.560549 0.931103 0.000000
vt 0.593575 0.931103 0.000000
vt 0.457364 0.931103 0.000000
vt 0.455869 0.946995 0.000000
vt 0.480324 0.945321 0.000000
vt 0.484751 0.931103 0.000000
vt 0.426874 0.931103 0.000000
vt 0.426874 0.965195 0.000000
vt 0.509289 0.944861 0.000000
vt 0.531157 0.931103 0.000000
vt 0.545678 0.952591 0.000000
vt 0.560549 0.931103 0.000000
vt 0.593575 0.931103 0.000000
vt 0.639421 0.674143 0.000000
vt 0.657862 0.696105 0.000000
vt 0.689977 0.669462 0.000000
vt 0.666950 0.644485 0.000000
vt 0.670879 0.747142 0.000000
vt 0.661018 0.793637 0.000000
vt 0.699046 0.795791 0.000000
vt 0.704990 0.749814 0.000000
vt 0.683747 0.714633 0.000000
vt 0.706061 0.702669 0.000000
vt 0.634052 0.744728 0.000000
vt 0.621417 0.710753 0.000000
vt 0.649314 0.921161 0.000000
vt 0.710088 0.965260 0.000000
vt 0.664105 0.839170 0.000000
vt 0.647051 0.840535 0.000000
vt 0.631790 0.787169 0.000000
vt 0.697919 0.837076 0.000000
vt 0.770863 0.989014 0.000000
vt 0.613604 0.834683 0.000000
vt 0.619563 0.903697 0.000000
vt 0.575478 0.925784 0.000000
vt 0.630949 0.943929 0.000000
vt 0.639421 0.674143 0.000000
vt 0.657862 0.696105 0.000000
vt 0.670879 0.747142 0.000000
vt 0.661018 0.793637 0.000000
vt 0.683747 0.714633 0.000000
vt 0.634052 0.744728 0.000000
vt 0.621417 0.710753 0.000000
vt 0.649314 0.921161 0.000000
vt 0.647051 0.840535 0.000000
vt 0.664105 0.839170 0.000000
vt 0.710088 0.965260 0.000000
vt 0.631790 0.787169 0.000000
vt 0.613604 0.834683 0.000000
vt 0.619563 0.903697 0.000000
vt 0.575478 0.925784 0.000000
vt 0.630949 0.943929 0.000000
vt 0.457364 0.931103 0.000000
vt 0.455869 0.946995 0.000000
vt 0.480324 0.945321 0.000000
vt 0.484751 0.931103 0.000000
vt 0.426874 0.931103 0.000000
vt 0.426874 0.965195 0.000000
vt 0.509289 0.944861 0.000000
vt 0.531157 0.931103 0.000000
vt 0.545678 0.952591 0.000000
vt 0.560549 0.931103 0.000000
vt 0.593575 0.931103 0.000000
vt 0.480324 0.945321 0.000000
vt 0.455869 0.946995 0.000000
vt 0.457364 0.931103 0.000000
vt 0.484751 0.931103 0.000000
vt 0.426874 0.931103 0.000000
vt 0.426874 0.965195 0.000000
vt 0.509289 0.944861 0.000000
vt 0.531157 0.931103 0.000000
vt 0.545678 0.952591 0.000000
vt 0.560549 0.931103 0.000000
vt 0.593575 0.931103 0.000000
vt 0.894943 0.773611 0.000000
vt 0.895146 0.707122 0.000000
vt 0.852897 0.719254 0.000000
vt 0.895146 0.662199 0.000000
vt 0.895146 0.707122 0.000000
vt 0.894943 0.773611 0.000000
vt 0.853114 0.719254 0.000000
vt 0.895146 0.662199 0.000000
vt 0.895146 0.707122 0.000000
vt 0.895146 0.707122 0.000000
vt 0.372627 0.744625 0.000000
vt 0.393807 0.771231 0.000000
vt 0.417223 0.748501 0.000000
vt 0.390280 0.707841 0.000000
vt 0.405544 0.807759 0.000000
vt 0.428853 0.794162 0.000000
vt 0.385734 0.629112 0.000000
vt 0.350054 0.628259 0.000000
vt 0.350054 0.685774 0.000000
vt 0.509065 0.721549 0.000000
vt 0.461483 0.748189 0.000000
vt 0.482103 0.803638 0.000000
vt 0.516051 0.746835 0.000000
vt 0.512913 0.490739 0.000000
vt 0.456289 0.490739 0.000000
vt 0.450991 0.542714 0.000000
vt 0.350037 0.763594 0.000000
vt 0.367860 0.789064 0.000000
vt 0.379422 0.819983 0.000000
vt 0.377023 0.858791 0.000000
vt 0.403963 0.845476 0.000000
vt 0.417176 0.588686 0.000000
vt 0.428938 0.629973 0.000000
vt 0.485318 0.627143 0.000000
vt 0.468224 0.582451 0.000000
vt 0.339395 0.803535 0.000000
vt 0.358189 0.831320 0.000000
vt 0.425719 0.841782 0.000000
vt 0.350432 0.724984 0.000000
vt 0.325593 0.741953 0.000000
vt 0.327082 0.700927 0.000000
vt 0.327356 0.776132 0.000000
vt 0.350054 0.584079 0.000000
vt 0.564063 0.753172 0.000000
vt 0.529809 0.723846 0.000000
vt 0.318381 0.812411 0.000000
vt 0.310120 0.781926 0.000000
vt 0.285517 0.797055 0.000000
vt 0.294968 0.826212 0.000000
vt 0.302191 0.747079 0.000000
vt 0.286826 0.763238 0.000000
vt 0.344072 0.857247 0.000000
vt 0.438914 0.836976 0.000000
vt 0.409708 0.875029 0.000000
vt 0.509389 0.623821 0.000000
vt 0.498084 0.669348 0.000000
vt 0.550135 0.694907 0.000000
vt 0.552472 0.632609 0.000000
vt 0.440820 0.695036 0.000000
vt 0.515520 0.549403 0.000000
vt 0.315662 0.850554 0.000000
vt 0.603776 0.714228 0.000000
vt 0.372627 0.744625 0.000000
vt 0.417223 0.748501 0.000000
vt 0.393807 0.771231 0.000000
vt 0.390280 0.707841 0.000000
vt 0.428853 0.794162 0.000000
vt 0.405544 0.807759 0.000000
vt 0.385734 0.629112 0.000000
vt 0.350054 0.685774 0.000000
vt 0.350054 0.628259 0.000000
vt 0.509065 0.721549 0.000000
vt 0.461483 0.748189 0.000000
vt 0.516051 0.746835 0.000000
vt 0.450991 0.542714 0.000000
vt 0.350037 0.763594 0.000000
vt 0.367860 0.789064 0.000000
vt 0.379422 0.819983 0.000000
vt 0.403963 0.845476 0.000000
vt 0.377023 0.858791 0.000000
vt 0.417176 0.588686 0.000000
vt 0.485318 0.627143 0.000000
vt 0.428938 0.629973 0.000000
vt 0.468224 0.582451 0.000000
vt 0.339395 0.803535 0.000000
vt 0.358189 0.831320 0.000000
vt 0.425719 0.841782 0.000000
vt 0.350432 0.724984 0.000000
vt 0.325593 0.741953 0.000000
vt 0.327082 0.700927 0.000000
vt 0.327356 0.776132 0.000000
vt 0.350054 0.584079 0.000000
vt 0.564063 0.753172 0.000000
vt 0.529809 0.723846 0.000000
vt 0.318381 0.812411 0.000000
vt 0.285517 0.797055 0.000000
vt 0.310120 0.781926 0.000000
vt 0.294968 0.826212 0.000000
vt 0.286826 0.763238 0.000000
vt 0.302191 0.747079 0.000000
vt 0.344072 0.857247 0.000000
vt 0.509389 0.623821 0.000000
vt 0.498084 0.669348 0.000000
vt 0.552472 0.632609 0.000000
vt 0.550135 0.694907 0.000000
vt 0.440820 0.695036 0.000000
vt 0.515520 0.549403 0.000000
vt 0.450991 0.542714 0.000000
vt 0.315662 0.850554 0.000000
vt 0.603776 0.714228 0.000000
vt 0.653215 0.624286 0.000000
vt 0.673647 0.619040 0.000000
vt 0.669424 0.612246 0.000000
vt 0.675262 0.629826 0.000000
vt 0.651764 0.613951 0.000000
vt 0.634727 0.607638 0.000000
vt 0.653011 0.632011 0.000000
vt 0.633158 0.628282 0.000000
vt 0.604163 0.614818 0.000000
vt 0.634131 0.617163 0.000000
vt 0.614715 0.606687 0.000000
vt 0.591340 0.590453 0.000000
vt 0.604255 0.586901 0.000000
vt 0.586092 0.563643 0.000000
vt 0.602748 0.565900 0.000000
vt 0.600573 0.539566 0.000000
vt 0.583859 0.538471 0.000000
vt 0.583859 0.517122 0.000000
vt 0.567578 0.538557 0.000000
vt 0.567142 0.515863 0.000000
vt 0.583859 0.499312 0.000000
vt 0.565337 0.499930 0.000000
vt 0.583859 0.479697 0.000000
vt 0.563770 0.480504 0.000000
vt 0.661644 0.595875 0.000000
vt 0.648128 0.596828 0.000000
vt 0.657342 0.581030 0.000000
vt 0.644651 0.581371 0.000000
vt 0.653994 0.564641 0.000000
vt 0.650483 0.538125 0.000000
vt 0.635377 0.535415 0.000000
vt 0.638169 0.546984 0.000000
vt 0.651073 0.548411 0.000000
vt 0.638434 0.564175 0.000000
vt 0.634773 0.598342 0.000000
vt 0.685415 0.628394 0.000000
vt 0.701122 0.622504 0.000000
vt 0.704445 0.648480 0.000000
vt 0.690676 0.655387 0.000000
vt 0.723519 0.615503 0.000000
vt 0.710185 0.619950 0.000000
vt 0.708987 0.585616 0.000000
vt 0.731330 0.582320 0.000000
vt 0.682828 0.612617 0.000000
vt 0.693372 0.593938 0.000000
vt 0.680436 0.597181 0.000000
vt 0.677153 0.570577 0.000000
vt 0.694400 0.565850 0.000000
vt 0.714875 0.562148 0.000000
vt 0.691286 0.548800 0.000000
vt 0.714129 0.541534 0.000000
vt 0.707528 0.520105 0.000000
vt 0.671459 0.544789 0.000000
vt 0.667771 0.522648 0.000000
vt 0.684594 0.521736 0.000000
vt 0.667867 0.451206 0.000000
vt 0.691325 0.449209 0.000000
vt 0.694532 0.473082 0.000000
vt 0.681362 0.495710 0.000000
vt 0.672922 0.478677 0.000000
vt 0.671336 0.496018 0.000000
vt 0.623150 0.600727 0.000000
vt 0.617508 0.581610 0.000000
vt 0.617700 0.563798 0.000000
vt 0.635436 0.580398 0.000000
vt 0.619800 0.539266 0.000000
vt 0.548285 0.538823 0.000000
vt 0.532291 0.534204 0.000000
vt 0.533334 0.517582 0.000000
vt 0.549884 0.517561 0.000000
vt 0.552038 0.502708 0.000000
vt 0.545318 0.485942 0.000000
vt 0.539880 0.466992 0.000000
vt 0.563057 0.437190 0.000000
vt 0.546197 0.421374 0.000000
vt 0.560587 0.406580 0.000000
vt 0.561608 0.465900 0.000000
vt 0.541376 0.441416 0.000000
vt 0.704117 0.493953 0.000000
vt 0.712352 0.448109 0.000000
vt 0.732797 0.559510 0.000000
vt 0.735583 0.539123 0.000000
vt 0.732387 0.515587 0.000000
vt 0.728141 0.487582 0.000000
vt 0.720231 0.468652 0.000000
vt 0.703649 0.411471 0.000000
vt 0.665853 0.415357 0.000000
vt 0.583859 0.465781 0.000000
vt 0.583859 0.435860 0.000000
vt 0.583859 0.401783 0.000000
vt 0.535439 0.487391 0.000000
vt 0.530690 0.479127 0.000000
vt 0.535669 0.501312 0.000000
vt 0.383545 0.982762 0.000000
vt 0.380531 0.951495 0.000000
vt 0.365150 0.954712 0.000000
vt 0.376278 0.922711 0.000000
vt 0.402451 0.945719 0.000000
vt 0.389660 0.912694 0.000000
vt 0.341345 0.960967 0.000000
vt 0.335155 0.991260 0.000000
vt 0.361984 0.986545 0.000000
vt 0.315053 0.961055 0.000000
vt 0.307388 0.992328 0.000000
vt 0.283999 0.956673 0.000000
vt 0.232185 0.945031 0.000000
vt 0.218341 0.975777 0.000000
vt 0.246729 0.978913 0.000000
vt 0.256356 0.951690 0.000000
vt 0.276952 0.989590 0.000000
vt 0.204607 0.938827 0.000000
vt 0.362044 0.929242 0.000000
vt 0.407731 0.978495 0.000000
vt 0.352030 0.907508 0.000000
vt 0.363898 0.899663 0.000000
vt 0.371989 0.896359 0.000000
vt 0.337883 0.915723 0.000000
vt 0.334395 0.893054 0.000000
vt 0.312463 0.910668 0.000000
vt 0.301954 0.887800 0.000000
vt 0.277640 0.886493 0.000000
vt 0.257527 0.902664 0.000000
vt 0.283740 0.906610 0.000000
vt 0.341553 0.933363 0.000000
vt 0.322335 0.932987 0.000000
vt 0.293801 0.926807 0.000000
vt 0.269206 0.921446 0.000000
vt 0.245708 0.918683 0.000000
vt 0.237832 0.898754 0.000000
vt 0.348219 0.885004 0.000000
vt 0.324855 0.873756 0.000000
vt 0.221299 0.914790 0.000000
vt 0.184365 0.972280 0.000000
vt 0.355837 0.881657 0.000000
vt 0.347446 0.876381 0.000000
vt 0.270335 0.881032 0.000000
vt 0.253712 0.886808 0.000000
vt 0.517828 0.519118 0.000000
vt 0.516726 0.535621 0.000000
vt 0.518935 0.500699 0.000000
vt 0.518080 0.486465 0.000000
vt 0.722667 0.644480 0.000000
vt 0.735475 0.617810 0.000000
vt 0.742521 0.586491 0.000000
vt 0.653320 0.624530 0.000000
vt 0.669611 0.612942 0.000000
vt 0.675143 0.618380 0.000000
vt 0.635296 0.608097 0.000000
vt 0.651729 0.615055 0.000000
vt 0.634536 0.617952 0.000000
vt 0.613757 0.606602 0.000000
vt 0.605612 0.587960 0.000000
vt 0.602145 0.565922 0.000000
vt 0.600602 0.539682 0.000000
vt 0.600578 0.515863 0.000000
vt 0.602406 0.499930 0.000000
vt 0.603973 0.480504 0.000000
vt 0.659731 0.592092 0.000000
vt 0.649354 0.593707 0.000000
vt 0.658592 0.579055 0.000000
vt 0.646932 0.578271 0.000000
vt 0.652845 0.563999 0.000000
vt 0.652133 0.535954 0.000000
vt 0.638359 0.546949 0.000000
vt 0.635771 0.534933 0.000000
vt 0.652061 0.549513 0.000000
vt 0.638288 0.563666 0.000000
vt 0.635320 0.598955 0.000000
vt 0.702561 0.636397 0.000000
vt 0.699741 0.610089 0.000000
vt 0.687299 0.613886 0.000000
vt 0.688409 0.642476 0.000000
vt 0.710719 0.608482 0.000000
vt 0.714840 0.582464 0.000000
vt 0.696355 0.586372 0.000000
vt 0.683813 0.601454 0.000000
vt 0.681820 0.593101 0.000000
vt 0.694948 0.563050 0.000000
vt 0.676089 0.567940 0.000000
vt 0.715833 0.561052 0.000000
vt 0.712256 0.540574 0.000000
vt 0.689998 0.544672 0.000000
vt 0.707528 0.520105 0.000000
vt 0.671459 0.544789 0.000000
vt 0.684594 0.521736 0.000000
vt 0.667771 0.522648 0.000000
vt 0.667867 0.451206 0.000000
vt 0.694532 0.473082 0.000000
vt 0.691325 0.449209 0.000000
vt 0.672922 0.478677 0.000000
vt 0.681362 0.495710 0.000000
vt 0.671336 0.496018 0.000000
vt 0.623826 0.600213 0.000000
vt 0.618293 0.580812 0.000000
vt 0.617960 0.563856 0.000000
vt 0.634869 0.577488 0.000000
vt 0.619362 0.539064 0.000000
vt 0.634203 0.517716 0.000000
vt 0.617486 0.518167 0.000000
vt 0.618720 0.501496 0.000000
vt 0.622425 0.485942 0.000000
vt 0.627839 0.466992 0.000000
vt 0.604686 0.437190 0.000000
vt 0.607155 0.406580 0.000000
vt 0.621214 0.423416 0.000000
vt 0.625346 0.441820 0.000000
vt 0.606110 0.465900 0.000000
vt 0.704117 0.493953 0.000000
vt 0.712352 0.448109 0.000000
vt 0.730650 0.581667 0.000000
vt 0.741534 0.559677 0.000000
vt 0.737815 0.539149 0.000000
vt 0.732387 0.515587 0.000000
vt 0.728141 0.487582 0.000000
vt 0.720231 0.468652 0.000000
vt 0.703649 0.411471 0.000000
vt 0.665853 0.415357 0.000000
vt 0.632707 0.489005 0.000000
vt 0.639285 0.481335 0.000000
vt 0.632969 0.501425 0.000000
vt 0.383545 0.982762 0.000000
vt 0.365304 0.955089 0.000000
vt 0.380531 0.951495 0.000000
vt 0.376278 0.922711 0.000000
vt 0.340792 0.960866 0.000000
vt 0.361984 0.986545 0.000000
vt 0.335155 0.991260 0.000000
vt 0.317534 0.961603 0.000000
vt 0.307688 0.993846 0.000000
vt 0.286768 0.960432 0.000000
vt 0.231736 0.950767 0.000000
vt 0.245570 0.982547 0.000000
vt 0.216771 0.979920 0.000000
vt 0.258002 0.957321 0.000000
vt 0.276586 0.991851 0.000000
vt 0.203462 0.943732 0.000000
vt 0.362412 0.929081 0.000000
vt 0.352927 0.907419 0.000000
vt 0.364309 0.899342 0.000000
vt 0.338019 0.917074 0.000000
vt 0.335014 0.894987 0.000000
vt 0.314313 0.913595 0.000000
vt 0.304517 0.889866 0.000000
vt 0.279390 0.890143 0.000000
vt 0.289190 0.910640 0.000000
vt 0.261773 0.907505 0.000000
vt 0.341968 0.933074 0.000000
vt 0.325680 0.932692 0.000000
vt 0.299236 0.931491 0.000000
vt 0.275362 0.929959 0.000000
vt 0.248313 0.926698 0.000000
vt 0.238048 0.904077 0.000000
vt 0.347876 0.886059 0.000000
vt 0.325541 0.876126 0.000000
vt 0.220649 0.921083 0.000000
vt 0.179486 0.975664 0.000000
vt 0.295939 0.875823 0.000000
vt 0.346910 0.878425 0.000000
vt 0.253604 0.891021 0.000000
vt 0.269206 0.881302 0.000000
vt 0.650090 0.519426 0.000000
vt 0.648784 0.500096 0.000000
vt 0.647621 0.487059 0.000000
vt 0.720393 0.633662 0.000000
vt 0.722124 0.610674 0.000000
vt 0.733902 0.615996 0.000000
vt 0.742700 0.586970 0.000000
vt 0.740045 0.558465 0.000000
vt 0.743874 0.565284 0.000000
vt 0.771279 0.581386 0.000000
vt 0.773028 0.604229 0.000000
vt 0.759301 0.591999 0.000000
vt 0.755705 0.570482 0.000000
vt 0.789602 0.518415 0.000000
vt 0.790960 0.533230 0.000000
vt 0.768889 0.535508 0.000000
vt 0.765920 0.508411 0.000000
vt 0.763779 0.482110 0.000000
vt 0.742704 0.491058 0.000000
vt 0.741043 0.460425 0.000000
vt 0.772166 0.555769 0.000000
vt 0.787534 0.499427 0.000000
vt 0.790102 0.574063 0.000000
vt 0.783743 0.585300 0.000000
vt 0.789952 0.553667 0.000000
vt 0.763777 0.455934 0.000000
vt 0.781390 0.471190 0.000000
vt 0.739069 0.433725 0.000000
vt 0.748218 0.541292 0.000000
vt 0.773636 0.433538 0.000000
vt 0.758346 0.414290 0.000000
vt 0.734675 0.396502 0.000000
vt 0.763592 0.390699 0.000000
vt 0.750891 0.375920 0.000000
vt 0.731367 0.361026 0.000000
vt 0.813707 0.632302 0.000000
vt 0.828767 0.630363 0.000000
vt 0.827319 0.598033 0.000000
vt 0.844114 0.642553 0.000000
vt 0.839600 0.565473 0.000000
vt 0.827872 0.565473 0.000000
vt 0.851324 0.565473 0.000000
vt 0.851324 0.665882 0.000000
vt 0.812821 0.579265 0.000000
vt 0.800935 0.565473 0.000000
vt 0.794380 0.607933 0.000000
vt 0.813707 0.632302 0.000000
vt 0.827319 0.598033 0.000000
vt 0.828767 0.630363 0.000000
vt 0.839600 0.565473 0.000000
vt 0.844114 0.642553 0.000000
vt 0.827872 0.565473 0.000000
vt 0.851324 0.665882 0.000000
vt 0.812821 0.579265 0.000000
vt 0.800935 0.565473 0.000000
vt 0.794380 0.607933 0.000000
vt 0.693331 0.972294 0.000000
vt 0.636866 0.972294 0.000000
vt 0.640628 0.992982 0.000000
vt 0.513772 0.992982 0.000000
vt 0.513014 0.972294 0.000000
vt 0.485302 0.972294 0.000000
vt 0.483478 0.992982 0.000000
vt 0.451561 0.992982 0.000000
vt 0.456498 0.972294 0.000000
vt 0.425585 0.972294 0.000000
vt 0.425585 0.992982 0.000000
vt 0.587924 0.992982 0.000000
vt 0.585651 0.972294 0.000000
vt 0.536992 0.972294 0.000000
vt 0.537886 0.992982 0.000000
vt 0.693331 0.972294 0.000000
vt 0.636866 0.972294 0.000000
vt 0.640628 0.992982 0.000000
vt 0.513772 0.992982 0.000000
vt 0.513014 0.972294 0.000000
vt 0.485302 0.972294 0.000000
vt 0.483478 0.992982 0.000000
vt 0.456498 0.972294 0.000000
vt 0.425585 0.972294 0.000000
vt 0.425585 0.992982 0.000000
vt 0.451561 0.992982 0.000000
vt 0.587924 0.992982 0.000000
vt 0.585651 0.972294 0.000000
vt 0.536992 0.972294 0.000000
vt 0.537886 0.992982 0.000000
vt 0.693331 0.972294 0.000000
vt 0.640628 0.992982 0.000000
vt 0.636866 0.972294 0.000000
vt 0.485302 0.972294 0.000000
vt 0.513014 0.972294 0.000000
vt 0.513772 0.992982 0.000000
vt 0.483478 0.992982 0.000000
vt 0.425585 0.972294 0.000000
vt 0.456498 0.972294 0.000000
vt 0.451561 0.992982 0.000000
vt 0.425585 0.992982 0.000000
vt 0.536992 0.972294 0.000000
vt 0.585651 0.972294 0.000000
vt 0.587924 0.992982 0.000000
vt 0.537886 0.992982 0.000000
vt 0.693331 0.972294 0.000000
vt 0.640628 0.992982 0.000000
vt 0.636866 0.972294 0.000000
vt 0.485302 0.972294 0.000000
vt 0.513014 0.972294 0.000000
vt 0.513772 0.992982 0.000000
vt 0.483478 0.992982 0.000000
vt 0.456498 0.972294 0.000000
vt 0.451561 0.992982 0.000000
vt 0.425585 0.992982 0.000000
vt 0.425585 0.972294 0.000000
vt 0.536992 0.972294 0.000000
vt 0.585651 0.972294 0.000000
vt 0.587924 0.992982 0.000000
vt 0.537886 0.992982 0.000000
vt 0.569764 0.249690 0.000000
vt 0.569764 0.176104 0.000000
vt 0.496178 0.176104 0.000000
vt 0.496178 0.249690 0.000000
vt 0.569764 0.249690 0.000000
vt 0.569764 0.176104 0.000000
vt 0.496178 0.176104 0.000000
vt 0.496178 0.249690 0.000000
vt 0.569764 0.249690 0.000000
vt 0.569764 0.176104 0.000000
vt 0.496178 0.176104 0.000000
vt 0.496178 0.249690 0.000000
vt 0.569764 0.176104 0.000000
vt 0.496178 0.176104 0.000000
vt 0.496178 0.249690 0.000000
vt 0.569764 0.249690 0.000000
vt 0.569764 0.176104 0.000000
vt 0.496178 0.176104 0.000000
vt 0.496178 0.249690 0.000000
vt 0.569764 0.249690 0.000000
vt 0.569764 0.249690 0.000000
vt 0.569764 0.176104 0.000000
vt 0.496178 0.176104 0.000000
vt 0.496178 0.249690 0.000000
vt 0.569764 0.249690 0.000000
vt 0.569764 0.176104 0.000000
vt 0.496178 0.176104 0.000000
vt 0.496178 0.249690 0.000000
vt 0.569764 0.176104 0.000000
vt 0.496178 0.176104 0.000000
vt 0.496178 0.212897 0.000000
vt 0.569764 0.212897 0.000000
vt 0.569764 0.249690 0.000000
vt 0.496178 0.249690 0.000000
vt 0.496178 0.176104 0.000000
vt 0.569764 0.176104 0.000000
vt 0.569764 0.249690 0.000000
vt 0.496178 0.249690 0.000000
vt 0.496178 0.176104 0.000000
vt 0.569764 0.176104 0.000000
vt 0.569764 0.249690 0.000000
vt 0.496178 0.249690 0.000000
vt 0.496178 0.176104 0.000000
vt 0.569764 0.176104 0.000000
vt 0.496178 0.249690 0.000000
vt 0.496178 0.176104 0.000000
vt 0.569764 0.176104 0.000000
vt 0.569764 0.249690 0.000000
vt 0.496178 0.249690 0.000000
vt 0.496178 0.176104 0.000000
vt 0.569764 0.176104 0.000000
vt 0.569764 0.249690 0.000000
vt 0.569764 0.249690 0.000000
vt 0.496178 0.249690 0.000000
vt 0.496178 0.176104 0.000000
vt 0.569764 0.176104 0.000000
vt 0.569764 0.249690 0.000000
vt 0.496178 0.249690 0.000000
vt 0.496178 0.176104 0.000000
vt 0.569764 0.176104 0.000000
vt 0.496178 0.176104 0.000000
vt 0.569764 0.176104 0.000000
vt 0.157067 0.202930 0.000000
vt 0.157067 0.189142 0.000000
vt 0.131515 0.189142 0.000000
vt 0.131515 0.202930 0.000000
vt 0.157067 0.176261 0.000000
vt 0.131515 0.176261 0.000000
vt 0.157067 0.163670 0.000000
vt 0.131515 0.163670 0.000000
vt 0.106379 0.189142 0.000000
vt 0.106379 0.202930 0.000000
vt 0.131515 0.202930 0.000000
vt 0.131515 0.189142 0.000000
vt 0.131515 0.176261 0.000000
vt 0.106379 0.176261 0.000000
vt 0.131515 0.163670 0.000000
vt 0.106379 0.163670 0.000000
vt 0.182960 0.176261 0.000000
vt 0.157067 0.176261 0.000000
vt 0.157067 0.189142 0.000000
vt 0.182960 0.189142 0.000000
vt 0.182960 0.163670 0.000000
vt 0.157067 0.163670 0.000000
vt 0.157067 0.202930 0.000000
vt 0.182960 0.202930 0.000000
vt 0.208988 0.176261 0.000000
vt 0.182960 0.176261 0.000000
vt 0.182960 0.189142 0.000000
vt 0.208988 0.189142 0.000000
vt 0.208988 0.163670 0.000000
vt 0.182960 0.163670 0.000000
vt 0.182960 0.202930 0.000000
vt 0.208988 0.202930 0.000000
vt 0.131515 0.189142 0.000000
vt 0.157067 0.189142 0.000000
vt 0.131515 0.176261 0.000000
vt 0.157067 0.176261 0.000000
vt 0.131515 0.163670 0.000000
vt 0.157067 0.163670 0.000000
vt 0.106379 0.189142 0.000000
vt 0.131515 0.189142 0.000000
vt 0.106379 0.176261 0.000000
vt 0.131515 0.176261 0.000000
vt 0.106379 0.163670 0.000000
vt 0.131515 0.163670 0.000000
vt 0.157067 0.189142 0.000000
vt 0.157067 0.176261 0.000000
vt 0.182960 0.176261 0.000000
vt 0.182960 0.189142 0.000000
vt 0.157067 0.163670 0.000000
vt 0.182960 0.163670 0.000000
vt 0.182960 0.189142 0.000000
vt 0.182960 0.176261 0.000000
vt 0.208988 0.176261 0.000000
vt 0.208988 0.189142 0.000000
vt 0.182960 0.163670 0.000000
vt 0.208988 0.163670 0.000000
vt 0.131515 0.189142 0.000000
vt 0.157067 0.189142 0.000000
vt 0.157067 0.202930 0.000000
vt 0.131515 0.202930 0.000000
vt 0.131515 0.176261 0.000000
vt 0.157067 0.176261 0.000000
vt 0.106379 0.189142 0.000000
vt 0.131515 0.189142 0.000000
vt 0.131515 0.202930 0.000000
vt 0.106379 0.202930 0.000000
vt 0.106379 0.176261 0.000000
vt 0.131515 0.176261 0.000000
vt 0.157067 0.189142 0.000000
vt 0.157067 0.176261 0.000000
vt 0.182960 0.176261 0.000000
vt 0.182960 0.189142 0.000000
vt 0.157067 0.202930 0.000000
vt 0.182960 0.202930 0.000000
vt 0.182960 0.189142 0.000000
vt 0.182960 0.176261 0.000000
vt 0.208988 0.176261 0.000000
vt 0.208988 0.189142 0.000000
vt 0.208988 0.202930 0.000000
vt 0.182960 0.202930 0.000000
vt 0.157067 0.189142 0.000000
vt 0.131515 0.189142 0.000000
vt 0.157067 0.176261 0.000000
vt 0.131515 0.176261 0.000000
vt 0.106379 0.189142 0.000000
vt 0.131515 0.189142 0.000000
vt 0.131515 0.176261 0.000000
vt 0.106379 0.176261 0.000000
vt 0.182960 0.176261 0.000000
vt 0.157067 0.176261 0.000000
vt 0.157067 0.189142 0.000000
vt 0.182960 0.189142 0.000000
vt 0.208988 0.176261 0.000000
vt 0.182960 0.176261 0.000000
vt 0.182960 0.189142 0.000000
vt 0.208988 0.189142 0.000000
vt 0.217764 0.666636 0.000000
vt 0.221171 0.778027 0.000000
vt 0.212619 0.759131 0.000000
vt 0.212619 0.759131 0.000000
vt 0.221171 0.778027 0.000000
vt 0.165193 0.718841 0.000000
vt 0.228201 0.758449 0.000000
vt 0.217764 0.666636 0.000000
vt 0.273461 0.714873 0.000000
vt 0.236768 0.777410 0.000000
vt 0.165193 0.718841 0.000000
vt 0.206301 0.778615 0.000000
vt 0.228201 0.758449 0.000000
vt 0.273461 0.714873 0.000000
vt 0.217764 0.666636 0.000000
vt 0.212619 0.759131 0.000000
vt 0.221171 0.778027 0.000000
vt 0.212619 0.759131 0.000000
vt 0.165193 0.718841 0.000000
vt 0.221171 0.778027 0.000000
vt 0.228201 0.758449 0.000000
vt 0.217764 0.666636 0.000000
vt 0.236768 0.777410 0.000000
vt 0.273461 0.714873 0.000000
vt 0.165193 0.718841 0.000000
vt 0.206301 0.778615 0.000000
vt 0.228201 0.758449 0.000000
vt 0.273461 0.714873 0.000000
vt 0.217764 0.666636 0.000000
vt 0.212619 0.759131 0.000000
vt 0.212619 0.759131 0.000000
vt 0.165193 0.718841 0.000000
vt 0.228201 0.758449 0.000000
vt 0.217764 0.666636 0.000000
vt 0.236768 0.777410 0.000000
vt 0.273461 0.714873 0.000000
vt 0.165193 0.718841 0.000000
vt 0.206301 0.778615 0.000000
vt 0.228201 0.758449 0.000000
vt 0.273461 0.714873 0.000000
vt 0.217764 0.666636 0.000000
vt 0.212619 0.759131 0.000000
vt 0.212619 0.759131 0.000000
vt 0.165193 0.718841 0.000000
vt 0.228201 0.758449 0.000000
vt 0.217764 0.666636 0.000000
vt 0.273461 0.714873 0.000000
vt 0.236768 0.777410 0.000000
vt 0.165193 0.718841 0.000000
vt 0.206301 0.778615 0.000000
vt 0.228201 0.758449 0.000000
vt 0.273461 0.714873 0.000000
vt 0.259247 0.818976 0.000000
vt 0.243754 0.881876 0.000000
vt 0.231853 0.854748 0.000000
vt 0.248971 0.811586 0.000000
vt 0.218135 0.848055 0.000000
vt 0.238843 0.783880 0.000000
vt 0.264006 0.770688 0.000000
vt 0.273801 0.783983 0.000000
vt 0.220179 0.905880 0.000000
vt 0.259247 0.818976 0.000000
vt 0.243754 0.881876 0.000000
vt 0.231853 0.854748 0.000000
vt 0.248971 0.811586 0.000000
vt 0.218135 0.848055 0.000000
vt 0.238843 0.783880 0.000000
vt 0.264006 0.770688 0.000000
vt 0.273801 0.783983 0.000000
vt 0.220179 0.905880 0.000000
vt 0.259247 0.818976 0.000000
vt 0.243754 0.881876 0.000000
vt 0.231853 0.854748 0.000000
vt 0.248971 0.811586 0.000000
vt 0.218135 0.848055 0.000000
vt 0.238843 0.783880 0.000000
vt 0.264006 0.770688 0.000000
vt 0.273801 0.783983 0.000000
vt 0.220179 0.905880 0.000000
vt 0.259247 0.818976 0.000000
vt 0.243754 0.881876 0.000000
vt 0.231853 0.854748 0.000000
vt 0.248971 0.811586 0.000000
vt 0.218135 0.848055 0.000000
vt 0.238843 0.783880 0.000000
vt 0.264006 0.770688 0.000000
vt 0.273801 0.783983 0.000000
vt 0.220179 0.905880 0.000000
vt 0.259247 0.818976 0.000000
vt 0.248971 0.811586 0.000000
vt 0.231853 0.854748 0.000000
vt 0.243754 0.881876 0.000000
vt 0.218135 0.848055 0.000000
vt 0.273801 0.783983 0.000000
vt 0.220179 0.905880 0.000000
vt 0.259247 0.818976 0.000000
vt 0.248971 0.811586 0.000000
vt 0.231853 0.854748 0.000000
vt 0.243754 0.881876 0.000000
vt 0.218135 0.848055 0.000000
vt 0.238843 0.783880 0.000000
vt 0.264006 0.770688 0.000000
vt 0.273801 0.783983 0.000000
vt 0.220179 0.905880 0.000000
vt 0.259247 0.818976 0.000000
vt 0.248971 0.811586 0.000000
vt 0.231853 0.854748 0.000000
vt 0.243754 0.881876 0.000000
vt 0.218135 0.848055 0.000000
vt 0.238843 0.783880 0.000000
vt 0.264006 0.770688 0.000000
vt 0.273801 0.783983 0.000000
vt 0.220179 0.905880 0.000000
vt 0.259247 0.818976 0.000000
vt 0.248971 0.811586 0.000000
vt 0.231853 0.854748 0.000000
vt 0.243754 0.881876 0.000000
vt 0.218135 0.848055 0.000000
vt 0.238843 0.783880 0.000000
vt 0.264006 0.770688 0.000000
vt 0.273801 0.783983 0.000000
vt 0.220179 0.905880 0.000000
vt 0.737999 0.724539 0.000000
vt 0.755565 0.725941 0.000000
vt 0.745350 0.824441 0.000000
vt 0.707870 0.840791 0.000000
vt 0.781604 0.819037 0.000000
vt 0.777124 0.725050 0.000000
vt 0.799843 0.724146 0.000000
vt 0.839153 0.869981 0.000000
vt 0.779581 0.665740 0.000000
vt 0.809760 0.688357 0.000000
vt 0.750443 0.665425 0.000000
vt 0.723954 0.659258 0.000000
vt 0.745350 0.824441 0.000000
vt 0.755565 0.725941 0.000000
vt 0.781604 0.819037 0.000000
vt 0.777124 0.725050 0.000000
vt 0.779616 0.665720 0.000000
vt 0.750443 0.665425 0.000000
vt 0.259247 0.818976 0.000000
vt 0.248971 0.811586 0.000000
vt 0.231853 0.854748 0.000000
vt 0.243754 0.881876 0.000000
vt 0.218135 0.848055 0.000000
vt 0.238843 0.783880 0.000000
vt 0.264006 0.770688 0.000000
vt 0.273801 0.783983 0.000000
vt 0.220179 0.905880 0.000000
vt 0.259247 0.818976 0.000000
vt 0.248971 0.811586 0.000000
vt 0.231853 0.854748 0.000000
vt 0.243754 0.881876 0.000000
vt 0.218135 0.848055 0.000000
vt 0.238843 0.783880 0.000000
vt 0.264006 0.770688 0.000000
vt 0.273801 0.783983 0.000000
vt 0.220179 0.905880 0.000000
vt 0.259247 0.818976 0.000000
vt 0.248971 0.811586 0.000000
vt 0.231853 0.854748 0.000000
vt 0.243754 0.881876 0.000000
vt 0.218135 0.848055 0.000000
vt 0.238843 0.783880 0.000000
vt 0.264006 0.770688 0.000000
vt 0.273801 0.783983 0.000000
vt 0.220179 0.905880 0.000000
vt 0.259247 0.818976 0.000000
vt 0.248971 0.811586 0.000000
vt 0.231853 0.854748 0.000000
vt 0.243754 0.881876 0.000000
vt 0.218135 0.848055 0.000000
vt 0.238843 0.783880 0.000000
vt 0.264006 0.770688 0.000000
vt 0.273801 0.783983 0.000000
vt 0.220179 0.905880 0.000000
vt 0.259247 0.818976 0.000000
vt 0.243754 0.881876 0.000000
vt 0.231853 0.854748 0.000000
vt 0.248971 0.811586 0.000000
vt 0.218135 0.848055 0.000000
vt 0.273801 0.783983 0.000000
vt 0.220179 0.905880 0.000000
vt 0.259247 0.818976 0.000000
vt 0.243754 0.881876 0.000000
vt 0.231853 0.854748 0.000000
vt 0.248971 0.811586 0.000000
vt 0.218135 0.848055 0.000000
vt 0.238843 0.783880 0.000000
vt 0.264006 0.770688 0.000000
vt 0.273801 0.783983 0.000000
vt 0.220179 0.905880 0.000000
vt 0.259247 0.818976 0.000000
vt 0.243754 0.881876 0.000000
vt 0.231853 0.854748 0.000000
vt 0.248971 0.811586 0.000000
vt 0.218135 0.848055 0.000000
vt 0.238843 0.783880 0.000000
vt 0.264006 0.770688 0.000000
vt 0.273801 0.783983 0.000000
vt 0.220179 0.905880 0.000000
vt 0.259247 0.818976 0.000000
vt 0.243754 0.881876 0.000000
vt 0.231853 0.854748 0.000000
vt 0.248971 0.811586 0.000000
vt 0.218135 0.848055 0.000000
vt 0.238843 0.783880 0.000000
vt 0.264006 0.770688 0.000000
vt 0.273801 0.783983 0.000000
vt 0.220179 0.905880 0.000000
vt 0.737999 0.724539 0.000000
vt 0.707870 0.840791 0.000000
vt 0.745350 0.824441 0.000000
vt 0.755565 0.725941 0.000000
vt 0.781604 0.819037 0.000000
vt 0.839153 0.869981 0.000000
vt 0.799843 0.724146 0.000000
vt 0.777124 0.725050 0.000000
vt 0.779616 0.665720 0.000000
vt 0.809760 0.688357 0.000000
vt 0.750443 0.665425 0.000000
vt 0.723954 0.659258 0.000000
vt 0.755565 0.725941 0.000000
vt 0.745350 0.824441 0.000000
vt 0.781604 0.819037 0.000000
vt 0.777124 0.725050 0.000000
vt 0.779581 0.665740 0.000000
vt 0.750443 0.665425 0.000000
vt 0.610919 0.218587 0.000000
vt 0.597820 0.237177 0.000000
vt 0.676455 0.269587 0.000000
vt 0.685827 0.246872 0.000000
vt 0.720360 0.293879 0.000000
vt 0.711707 0.316897 0.000000
vt 0.671375 0.283507 0.000000
vt 0.732083 0.269796 0.000000
vt 0.746593 0.306096 0.000000
vt 0.742144 0.337486 0.000000
vt 0.757062 0.282665 0.000000
vt 0.739558 0.258194 0.000000
vt 0.776632 0.269870 0.000000
vt 0.708279 0.328075 0.000000
vt 0.667987 0.289421 0.000000
vt 0.688265 0.358245 0.000000
vt 0.645136 0.314851 0.000000
vt 0.720962 0.389949 0.000000
vt 0.576007 0.248560 0.000000
vt 0.779367 0.265855 0.000000
vt 0.739136 0.241017 0.000000
vt 0.690891 0.227499 0.000000
vt 0.695839 0.209154 0.000000
vt 0.747373 0.211953 0.000000
vt 0.779588 0.242767 0.000000
vt 0.781877 0.212517 0.000000
vt 0.744304 0.184232 0.000000
vt 0.781517 0.180526 0.000000
vt 0.784068 0.153975 0.000000
vt 0.689014 0.176514 0.000000
vt 0.615914 0.202066 0.000000
vt 0.770098 0.129064 0.000000
vt 0.734411 0.153942 0.000000
vt 0.776320 0.139542 0.000000
vt 0.756581 0.100871 0.000000
vt 0.719989 0.117243 0.000000
vt 0.676175 0.141045 0.000000
vt 0.600819 0.169373 0.000000
vt 0.612804 0.183812 0.000000
vt 0.743253 0.165372 0.000000
vt 0.738284 0.066236 0.000000
vt 0.701872 0.074043 0.000000
vt 0.728449 0.041667 0.000000
vt 0.704388 0.087663 0.000000
vt 0.711346 0.033586 0.000000
vt 0.667449 0.012536 0.000000
vt 0.649106 0.043683 0.000000
vt 0.666280 0.116733 0.000000
vt 0.625578 0.083050 0.000000
vt 0.582438 0.155387 0.000000
vt 0.732797 0.350772 0.000000
vt 0.627808 0.330468 0.000000
vt 0.663257 0.376664 0.000000
vt 0.685717 0.406455 0.000000
vt 0.610919 0.218587 0.000000
vt 0.685827 0.246872 0.000000
vt 0.676455 0.269587 0.000000
vt 0.597820 0.237177 0.000000
vt 0.720360 0.293879 0.000000
vt 0.711707 0.316897 0.000000
vt 0.671375 0.283507 0.000000
vt 0.732083 0.269796 0.000000
vt 0.746593 0.306096 0.000000
vt 0.742144 0.337486 0.000000
vt 0.757062 0.282665 0.000000
vt 0.739558 0.258194 0.000000
vt 0.776632 0.269870 0.000000
vt 0.708279 0.328075 0.000000
vt 0.667987 0.289421 0.000000
vt 0.688265 0.358245 0.000000
vt 0.645136 0.314851 0.000000
vt 0.720962 0.389949 0.000000
vt 0.779367 0.265855 0.000000
vt 0.739136 0.241017 0.000000
vt 0.690891 0.227499 0.000000
vt 0.695839 0.209154 0.000000
vt 0.747373 0.211953 0.000000
vt 0.779588 0.242767 0.000000
vt 0.781877 0.212517 0.000000
vt 0.744304 0.184232 0.000000
vt 0.781517 0.180526 0.000000
vt 0.784068 0.153975 0.000000
vt 0.689014 0.176514 0.000000
vt 0.615914 0.202066 0.000000
vt 0.770098 0.129064 0.000000
vt 0.776320 0.139542 0.000000
vt 0.734411 0.153942 0.000000
vt 0.756581 0.100871 0.000000
vt 0.719989 0.117243 0.000000
vt 0.676175 0.141045 0.000000
vt 0.600819 0.169373 0.000000
vt 0.612804 0.183812 0.000000
vt 0.743253 0.165372 0.000000
vt 0.738284 0.066236 0.000000
vt 0.701872 0.074043 0.000000
vt 0.728449 0.041667 0.000000
vt 0.704388 0.087663 0.000000
vt 0.711346 0.033586 0.000000
vt 0.666280 0.116733 0.000000
vt 0.582438 0.155387 0.000000
vt 0.732797 0.350772 0.000000
vt 0.600819 0.169373 0.000000
vt 0.822711 0.641620 0.000000
vt 0.822711 0.641620 0.000000
usemtl Material_6
f 3341/3341 3342/3342 3343/3343
f 3343/3343 3344/3344 3341/3341
f 3345/3345 3346/3346 3347/3347
f 3348/3348 3349/3349 3350/3350
f 3350/3350 3351/3351 3348/3348
f 3349/3349 3352/3352 3353/3353
f 3353/3353 3350/3350 3349/3349
f 3354/3354 3355/3355 3356/3356
f 3356/3356 3357/3357 3354/3354
f 3358/3358 3359/3359 3360/3360
f 3360/3360 3361/3361 3358/3358
f 3345/3345 3362/3362 3363/3363
f 3363/3363 3346/3346 3345/3345
f 3346/3346 3363/3363 3364/3364
f 3365/3365 3366/3366 3367/3367
f 3368/3368 3365/3365 3369/3369
f 3369/3369 3370/3370 3368/3368
f 3371/3371 3372/3372 3373/3373
f 3373/3373 3374/3374 3371/3371
f 3375/3375 3370/3370 3369/3369
f 3369/3369 3344/3344 3375/3375
f 3376/3376 3377/3377 3378/3378
f 3352/3352 3366/3366 3379/3379
f 3379/3379 3353/3353 3352/3352
f 3373/3373 3372/3372 3380/3380
f 3346/3346 3364/3364 3380/3380
f 3355/3355 3358/3358 3356/3356
f 3365/3365 3368/3368 3376/3376
f 3358/3358 3361/3361 3356/3356
f 3381/3381 3360/3360 3359/3359
f 3382/3382 3383/3383 3362/3362
f 3384/3384 3385/3385 3386/3386
f 3381/3381 3359/3359 3383/3383
f 3382/3382 3362/3362 3345/3345
f 3387/3387 3388/3388 3389/3389
f 3389/3389 3390/3390 3387/3387
f 3391/3391 3375/3375 3344/3344
f 3344/3344 3343/3343 3391/3391
f 3384/3384 3381/3381 3382/3382
f 3345/3345 3384/3384 3382/3382
f 3367/3367 3341/3341 3344/3344
f 3344/3344 3369/3369 3367/3367
f 3365/3365 3378/3378 3366/3366
f 3365/3365 3376/3376 3378/3378
f 3371/3371 3347/3347 3346/3346
f 3346/3346 3372/3372 3371/3371
f 3392/3392 3373/3373 3380/3380
f 3382/3382 3381/3381 3383/3383
f 3381/3381 3384/3384 3386/3386
f 3386/3386 3360/3360 3381/3381
f 3349/3349 3348/3348 3342/3342
f 3342/3342 3341/3341 3349/3349
f 3352/3352 3349/3349 3341/3341
f 3341/3341 3367/3367 3352/3352
f 3365/3365 3367/3367 3369/3369
f 3367/3367 3366/3366 3352/3352
f 3393/3393 3394/3394 3368/3368
f 3368/3368 3370/3370 3393/3393
f 3370/3370 3375/3375 3395/3395
f 3390/3390 3389/3389 3375/3375
f 3375/3375 3391/3391 3390/3390
f 3395/3395 3375/3375 3389/3389
f 3370/3370 3395/3395 3393/3393
f 3376/3376 3368/3368 3394/3394
f 3395/3395 3389/3389 3388/3388
f 3388/3388 3347/3347 3395/3395
f 3394/3394 3393/3393 3371/3371
f 3371/3371 3374/3374 3394/3394
f 3385/3385 3384/3384 3388/3388
f 3388/3388 3387/3387 3385/3385
f 3393/3393 3395/3395 3347/3347
f 3347/3347 3371/3371 3393/3393
f 3345/3345 3388/3388 3384/3384
f 3345/3345 3347/3347 3388/3388
f 3346/3346 3380/3380 3372/3372
f 3396/3396 3397/3397 3398/3398
f 3398/3398 3399/3399 3396/3396
f 3400/3400 3401/3401 3402/3402
f 3403/3403 3404/3404 3405/3405
f 3405/3405 3406/3406 3403/3403
f 3406/3406 3405/3405 3407/3407
f 3407/3407 3408/3408 3406/3406
f 3409/3409 3410/3410 3411/3411
f 3411/3411 3412/3412 3409/3409
f 3413/3413 3414/3414 3415/3415
f 3415/3415 3416/3416 3413/3413
f 3400/3400 3402/3402 3417/3417
f 3417/3417 3418/3418 3400/3400
f 3402/3402 3419/3419 3417/3417
f 3420/3420 3421/3421 3422/3422
f 3423/3423 3424/3424 3425/3425
f 3425/3425 3420/3420 3423/3423
f 3426/3426 3427/3427 3428/3428
f 3428/3428 3429/3429 3426/3426
f 3430/3430 3397/3397 3425/3425
f 3425/3425 3424/3424 3430/3430
f 3431/3431 3432/3432 3433/3433
f 3408/3408 3407/3407 3434/3434
f 3434/3434 3422/3422 3408/3408
f 3428/3428 3435/3435 3429/3429
f 3402/3402 3435/3435 3419/3419
f 3412/3412 3411/3411 3413/3413
f 3420/3420 3431/3431 3423/3423
f 3413/3413 3411/3411 3414/3414
f 3436/3436 3416/3416 3415/3415
f 3437/3437 3418/3418 3438/3438
f 3439/3439 3440/3440 3441/3441
f 3436/3436 3438/3438 3416/3416
f 3437/3437 3400/3400 3418/3418
f 3442/3442 3443/3443 3444/3444
f 3444/3444 3445/3445 3442/3442
f 3446/3446 3398/3398 3397/3397
f 3397/3397 3430/3430 3446/3446
f 3439/3439 3437/3437 3436/3436
f 3400/3400 3437/3437 3439/3439
f 3421/3421 3425/3425 3397/3397
f 3397/3397 3396/3396 3421/3421
f 3420/3420 3422/3422 3432/3432
f 3420/3420 3432/3432 3431/3431
f 3426/3426 3429/3429 3402/3402
f 3402/3402 3401/3401 3426/3426
f 3447/3447 3435/3435 3428/3428
f 3437/3437 3438/3438 3436/3436
f 3436/3436 3440/3440 3439/3439
f 3440/3440 3436/3436 3415/3415
f 3406/3406 3396/3396 3399/3399
f 3399/3399 3403/3403 3406/3406
f 3408/3408 3421/3421 3396/3396
f 3396/3396 3406/3406 3408/3408
f 3420/3420 3425/3425 3421/3421
f 3421/3421 3408/3408 3422/3422
f 3448/3448 3424/3424 3423/3423
f 3423/3423 3449/3449 3448/3448
f 3424/3424 3450/3450 3430/3430
f 3443/3443 3446/3446 3430/3430
f 3430/3430 3444/3444 3443/3443
f 3450/3450 3444/3444 3430/3430
f 3424/3424 3448/3448 3450/3450
f 3431/3431 3449/3449 3423/3423
f 3450/3450 3401/3401 3445/3445
f 3445/3445 3444/3444 3450/3450
f 3449/3449 3427/3427 3426/3426
f 3426/3426 3448/3448 3449/3449
f 3441/3441 3442/3442 3445/3445
f 3445/3445 3439/3439 3441/3441
f 3448/3448 3426/3426 3401/3401
f 3401/3401 3450/3450 3448/3448
f 3400/3400 3439/3439 3445/3445
f 3400/3400 3445/3445 3401/3401
f 3402/3402 3429/3429 3435/3435
f 3451/3451 3452/3452 3453/3453
f 3453/3453 3454/3454 3451/3451
f 3455/3455 3456/3456 3457/3457
f 3457/3457 3458/3458 3455/3455
f 3451/3451 3455/3455 3458/3458
f 3458/3458 3452/3452 3451/3451
f 3459/3459 3454/3454 3460/3460
f 3461/3461 3455/3455 3462/3462
f 3463/3463 3451/3451 3464/3464
f 3451/3451 3459/3459 3464/3464
f 3455/3455 3463/3463 3462/3462
f 3456/3456 3461/3461 3465/3465
f 3456/3456 3455/3455 3461/3461
f 3455/3455 3451/3451 3463/3463
f 3451/3451 3454/3454 3459/3459
f 3466/3466 3454/3454 3453/3453
f 3453/3453 3467/3467 3466/3466
f 3468/3468 3469/3469 3457/3457
f 3457/3457 3456/3456 3468/3468
f 3466/3466 3467/3467 3469/3469
f 3469/3469 3468/3468 3466/3466
f 3470/3470 3460/3460 3454/3454
f 3471/3471 3472/3472 3468/3468
f 3473/3473 3474/3474 3466/3466
f 3466/3466 3474/3474 3470/3470
f 3468/3468 3472/3472 3473/3473
f 3456/3456 3465/3465 3471/3471
f 3456/3456 3471/3471 3468/3468
f 3468/3468 3473/3473 3466/3466
f 3466/3466 3470/3470 3454/3454
f 3475/3475 3476/3476 3477/3477
f 3477/3477 3478/3478 3475/3475
f 3479/3479 3480/3480 3481/3481
f 3481/3481 3482/3482 3479/3479
f 3475/3475 3478/3478 3480/3480
f 3480/3480 3479/3479 3475/3475
f 3483/3483 3484/3484 3476/3476
f 3485/3485 3486/3486 3479/3479
f 3487/3487 3488/3488 3475/3475
f 3475/3475 3488/3488 3483/3483
f 3479/3479 3486/3486 3487/3487
f 3482/3482 3489/3489 3485/3485
f 3482/3482 3485/3485 3479/3479
f 3479/3479 3487/3487 3475/3475
f 3475/3475 3483/3483 3476/3476
f 3490/3490 3491/3491 3477/3477
f 3477/3477 3476/3476 3490/3490
f 3492/3492 3482/3482 3481/3481
f 3481/3481 3493/3493 3492/3492
f 3490/3490 3492/3492 3493/3493
f 3493/3493 3491/3491 3490/3490
f 3494/3494 3476/3476 3484/3484
f 3495/3495 3492/3492 3496/3496
f 3497/3497 3490/3490 3498/3498
f 3490/3490 3494/3494 3498/3498
f 3492/3492 3497/3497 3496/3496
f 3482/3482 3495/3495 3489/3489
f 3482/3482 3492/3492 3495/3495
f 3492/3492 3490/3490 3497/3497
f 3490/3490 3476/3476 3494/3494
f 3499/3499 3500/3500 3501/3501
f 3501/3501 3502/3502 3499/3499
f 3503/3503 3499/3499 3502/3502
f 3502/3502 3504/3504 3503/3503
f 3505/3505 3503/3503 3504/3504
f 3504/3504 3506/3506 3505/3505
f 3507/3507 3508/3508 3509/3509
f 3509/3509 3510/3510 3507/3507
f 3511/3511 3507/3507 3510/3510
f 3510/3510 3512/3512 3511/3511
f 3513/3513 3511/3511 3512/3512
f 3512/3512 3514/3514 3513/3513
f 3515/3515 3516/3516 3517/3517
f 3517/3517 3518/3518 3515/3515
f 3515/3515 3518/3518 3519/3519
f 3519/3519 3520/3520 3515/3515
f 3521/3521 3522/3522 3523/3523
f 3523/3523 3524/3524 3521/3521
f 3525/3525 3517/3517 3516/3516
f 3516/3516 3526/3526 3525/3525
f 3519/3519 3527/3527 3520/3520
f 3522/3522 3525/3525 3526/3526
f 3526/3526 3523/3523 3522/3522
f 3528/3528 3529/3529 3530/3530
f 3530/3530 3531/3531 3528/3528
f 3531/3531 3530/3530 3532/3532
f 3532/3532 3533/3533 3531/3531
f 3533/3533 3532/3532 3505/3505
f 3505/3505 3506/3506 3533/3533
f 3534/3534 3535/3535 3536/3536
f 3536/3536 3537/3537 3534/3534
f 3537/3537 3536/3536 3538/3538
f 3538/3538 3539/3539 3537/3537
f 3539/3539 3538/3538 3513/3513
f 3513/3513 3514/3514 3539/3539
f 3540/3540 3541/3541 3542/3542
f 3542/3542 3543/3543 3540/3540
f 3544/3544 3541/3541 3540/3540
f 3540/3540 3545/3545 3544/3544
f 3546/3546 3547/3547 3548/3548
f 3548/3548 3549/3549 3546/3546
f 3550/3550 3551/3551 3543/3543
f 3543/3543 3542/3542 3550/3550
f 3544/3544 3545/3545 3552/3552
f 3549/3549 3548/3548 3551/3551
f 3551/3551 3550/3550 3549/3549
f 3553/3553 3554/3554 3555/3555
f 3555/3555 3556/3556 3553/3553
f 3557/3557 3553/3553 3556/3556
f 3556/3556 3558/3558 3557/3557
f 3559/3559 3557/3557 3558/3558
f 3558/3558 3560/3560 3559/3559
f 3561/3561 3559/3559 3560/3560
f 3560/3560 3562/3562 3561/3561
f 3563/3563 3564/3564 3565/3565
f 3565/3565 3566/3566 3563/3563
f 3566/3566 3565/3565 3567/3567
f 3567/3567 3568/3568 3566/3566
f 3568/3568 3567/3567 3569/3569
f 3569/3569 3570/3570 3568/3568
f 3570/3570 3569/3569 3561/3561
f 3561/3561 3562/3562 3570/3570
f 3571/3571 3572/3572 3573/3573
f 3572/3572 3571/3571 3574/3574
f 3575/3575 3572/3572 3574/3574
f 3573/3573 3576/3576 3571/3571
f 3577/3577 3578/3578 3571/3571
f 3574/3574 3571/3571 3579/3579
f 3573/3573 3580/3580 3581/3581
f 3582/3582 3580/3580 3573/3573
f 3582/3582 3573/3573 3572/3572
f 3572/3572 3575/3575 3582/3582
f 3583/3583 3580/3580 3582/3582
f 3580/3580 3584/3584 3581/3581
f 3585/3585 3584/3584 3580/3580
f 3583/3583 3585/3585 3580/3580
f 3586/3586 3578/3578 3577/3577
f 3587/3587 3586/3586 3577/3577
f 3582/3582 3588/3588 3589/3589
f 3589/3589 3583/3583 3582/3582
f 3575/3575 3588/3588 3582/3582
f 3586/3586 3590/3590 3578/3578
f 3590/3590 3591/3591 3578/3578
f 3578/3578 3591/3591 3571/3571
f 3591/3591 3579/3579 3571/3571
f 3571/3571 3576/3576 3577/3577
f 3592/3592 3593/3593 3594/3594
f 3594/3594 3595/3595 3592/3592
f 3596/3596 3595/3595 3594/3594
f 3593/3593 3592/3592 3597/3597
f 3598/3598 3592/3592 3599/3599
f 3595/3595 3600/3600 3592/3592
f 3593/3593 3601/3601 3602/3602
f 3603/3603 3593/3593 3602/3602
f 3603/3603 3594/3594 3593/3593
f 3594/3594 3603/3603 3596/3596
f 3604/3604 3603/3603 3602/3602
f 3602/3602 3601/3601 3605/3605
f 3606/3606 3602/3602 3605/3605
f 3604/3604 3602/3602 3606/3606
f 3607/3607 3598/3598 3599/3599
f 3587/3587 3598/3598 3607/3607
f 3603/3603 3608/3608 3609/3609
f 3608/3608 3603/3603 3604/3604
f 3596/3596 3603/3603 3609/3609
f 3607/3607 3599/3599 3610/3610
f 3610/3610 3599/3599 3611/3611
f 3599/3599 3592/3592 3611/3611
f 3611/3611 3592/3592 3600/3600
f 3592/3592 3598/3598 3597/3597
f 3612/3612 3613/3613 3614/3614
f 3614/3614 3615/3615 3612/3612
f 3616/3616 3617/3617 3618/3618
f 3619/3619 3620/3620 3621/3621
f 3621/3621 3622/3622 3619/3619
f 3623/3623 3619/3619 3624/3624
f 3624/3624 3625/3625 3623/3623
f 3622/3622 3626/3626 3627/3627
f 3627/3627 3628/3628 3622/3622
f 3629/3629 3628/3628 3627/3627
f 3627/3627 3630/3630 3629/3629
f 3631/3631 3632/3632 3633/3633
f 3631/3631 3633/3633 3634/3634
f 3635/3635 3636/3636 3637/3637
f 3637/3637 3638/3638 3635/3635
f 3639/3639 3640/3640 3641/3641
f 3642/3642 3643/3643 3615/3615
f 3615/3615 3614/3614 3642/3642
f 3644/3644 3645/3645 3646/3646
f 3647/3647 3648/3648 3649/3649
f 3649/3649 3650/3650 3647/3647
f 3651/3651 3636/3636 3635/3635
f 3628/3628 3651/3651 3652/3652
f 3653/3653 3654/3654 3638/3638
f 3638/3638 3637/3637 3653/3653
f 3652/3652 3655/3655 3656/3656
f 3613/3613 3612/3612 3657/3657
f 3657/3657 3658/3658 3613/3613
f 3659/3659 3615/3615 3643/3643
f 3643/3643 3660/3660 3659/3659
f 3661/3661 3620/3620 3623/3623
f 3623/3623 3660/3660 3662/3662
f 3663/3663 3664/3664 3665/3665
f 3663/3663 3665/3665 3666/3666
f 3664/3664 3667/3667 3668/3668
f 3668/3668 3665/3665 3664/3664
f 3643/3643 3642/3642 3669/3669
f 3624/3624 3619/3619 3647/3647
f 3647/3647 3622/3622 3628/3628
f 3622/3622 3621/3621 3626/3626
f 3670/3670 3671/3671 3668/3668
f 3672/3672 3673/3673 3674/3674
f 3675/3675 3618/3618 3676/3676
f 3677/3677 3618/3618 3678/3678
f 3635/3635 3638/3638 3679/3679
f 3680/3680 3617/3617 3681/3681
f 3657/3657 3681/3681 3658/3658
f 3681/3681 3617/3617 3682/3682
f 3625/3625 3660/3660 3623/3623
f 3683/3683 3684/3684 3685/3685
f 3685/3685 3650/3650 3683/3683
f 3679/3679 3638/3638 3639/3639
f 3686/3686 3687/3687 3688/3688
f 3688/3688 3689/3689 3686/3686
f 3634/3634 3690/3690 3691/3691
f 3650/3650 3649/3649 3692/3692
f 3692/3692 3683/3683 3650/3650
f 3632/3632 3631/3631 3693/3693
f 3650/3650 3624/3624 3647/3647
f 3694/3694 3672/3672 3695/3695
f 3694/3694 3676/3676 3618/3618
f 3649/3649 3696/3696 3692/3692
f 3628/3628 3652/3652 3648/3648
f 3647/3647 3628/3628 3648/3648
f 3624/3624 3697/3697 3625/3625
f 3641/3641 3698/3698 3699/3699
f 3691/3691 3690/3690 3700/3700
f 3700/3700 3701/3701 3691/3691
f 3702/3702 3635/3635 3679/3679
f 3620/3620 3619/3619 3623/3623
f 3669/3669 3660/3660 3643/3643
f 3625/3625 3703/3703 3659/3659
f 3612/3612 3615/3615 3659/3659
f 3703/3703 3704/3704 3659/3659
f 3676/3676 3705/3705 3671/3671
f 3706/3706 3707/3707 3666/3666
f 3708/3708 3709/3709 3666/3666
f 3666/3666 3687/3687 3708/3708
f 3705/3705 3687/3687 3666/3666
f 3697/3697 3650/3650 3685/3685
f 3624/3624 3650/3650 3697/3697
f 3619/3619 3622/3622 3647/3647
f 3697/3697 3703/3703 3625/3625
f 3625/3625 3659/3659 3660/3660
f 3699/3699 3698/3698 3710/3710
f 3709/3709 3710/3710 3706/3706
f 3666/3666 3709/3709 3706/3706
f 3711/3711 3710/3710 3698/3698
f 3700/3700 3690/3690 3699/3699
f 3712/3712 3713/3713 3701/3701
f 3701/3701 3700/3700 3712/3712
f 3710/3710 3712/3712 3700/3700
f 3700/3700 3699/3699 3710/3710
f 3709/3709 3712/3712 3710/3710
f 3645/3645 3644/3644 3691/3691
f 3691/3691 3701/3701 3645/3645
f 3708/3708 3713/3713 3712/3712
f 3712/3712 3709/3709 3708/3708
f 3641/3641 3699/3699 3639/3639
f 3679/3679 3639/3639 3690/3690
f 3690/3690 3634/3634 3679/3679
f 3633/3633 3702/3702 3679/3679
f 3679/3679 3634/3634 3633/3633
f 3649/3649 3656/3656 3696/3696
f 3648/3648 3656/3656 3649/3649
f 3648/3648 3652/3652 3656/3656
f 3635/3635 3652/3652 3651/3651
f 3634/3634 3691/3691 3631/3631
f 3713/3713 3645/3645 3701/3701
f 3684/3684 3646/3646 3686/3686
f 3645/3645 3713/3713 3708/3708
f 3708/3708 3646/3646 3645/3645
f 3686/3686 3646/3646 3687/3687
f 3631/3631 3691/3691 3644/3644
f 3644/3644 3693/3693 3631/3631
f 3632/3632 3683/3683 3692/3692
f 3632/3632 3693/3693 3683/3683
f 3644/3644 3646/3646 3684/3684
f 3693/3693 3644/3644 3684/3684
f 3684/3684 3683/3683 3693/3693
f 3646/3646 3708/3708 3687/3687
f 3690/3690 3639/3639 3699/3699
f 3671/3671 3705/3705 3665/3665
f 3665/3665 3668/3668 3671/3671
f 3675/3675 3676/3676 3671/3671
f 3670/3670 3675/3675 3671/3671
f 3678/3678 3618/3618 3675/3675
f 3714/3714 3670/3670 3668/3668
f 3668/3668 3667/3667 3714/3714
f 3688/3688 3705/3705 3676/3676
f 3633/3633 3655/3655 3702/3702
f 3692/3692 3696/3696 3632/3632
f 3696/3696 3656/3656 3655/3655
f 3632/3632 3696/3696 3633/3633
f 3655/3655 3635/3635 3702/3702
f 3633/3633 3696/3696 3655/3655
f 3694/3694 3618/3618 3672/3672
f 3617/3617 3673/3673 3672/3672
f 3672/3672 3618/3618 3617/3617
f 3680/3680 3673/3673 3617/3617
f 3612/3612 3704/3704 3715/3715
f 3715/3715 3657/3657 3612/3612
f 3659/3659 3704/3704 3612/3612
f 3673/3673 3715/3715 3674/3674
f 3704/3704 3674/3674 3715/3715
f 3704/3704 3703/3703 3674/3674
f 3677/3677 3616/3616 3618/3618
f 3616/3616 3682/3682 3617/3617
f 3689/3689 3676/3676 3694/3694
f 3694/3694 3695/3695 3716/3716
f 3716/3716 3689/3689 3694/3694
f 3662/3662 3661/3661 3623/3623
f 3685/3685 3684/3684 3686/3686
f 3678/3678 3675/3675 3670/3670
f 3670/3670 3714/3714 3678/3678
f 3686/3686 3689/3689 3685/3685
f 3685/3685 3689/3689 3716/3716
f 3652/3652 3635/3635 3655/3655
f 3638/3638 3654/3654 3640/3640
f 3638/3638 3640/3640 3639/3639
f 3666/3666 3707/3707 3663/3663
f 3657/3657 3680/3680 3681/3681
f 3715/3715 3673/3673 3680/3680
f 3715/3715 3680/3680 3657/3657
f 3689/3689 3688/3688 3676/3676
f 3662/3662 3660/3660 3669/3669
f 3669/3669 3661/3661 3662/3662
f 3695/3695 3674/3674 3703/3703
f 3695/3695 3703/3703 3697/3697
f 3697/3697 3716/3716 3695/3695
f 3685/3685 3716/3716 3697/3697
f 3705/3705 3666/3666 3665/3665
f 3705/3705 3688/3688 3687/3687
f 3695/3695 3672/3672 3674/3674
f 3717/3717 3614/3614 3613/3613
f 3614/3614 3717/3717 3718/3718
f 3616/3616 3719/3719 3720/3720
f 3721/3721 3722/3722 3723/3723
f 3722/3722 3721/3721 3724/3724
f 3725/3725 3726/3726 3721/3721
f 3726/3726 3725/3725 3727/3727
f 3724/3724 3728/3728 3729/3729
f 3728/3728 3724/3724 3730/3730
f 3731/3731 3728/3728 3730/3730
f 3728/3728 3731/3731 3732/3732
f 3733/3733 3734/3734 3735/3735
f 3733/3733 3736/3736 3734/3734
f 3737/3737 3738/3738 3739/3739
f 3738/3738 3737/3737 3740/3740
f 3741/3741 3641/3641 3640/3640
f 3642/3642 3718/3718 3742/3742
f 3718/3718 3642/3642 3614/3614
f 3743/3743 3744/3744 3745/3745
f 3746/3746 3747/3747 3748/3748
f 3747/3747 3746/3746 3749/3749
f 3750/3750 3737/3737 3739/3739
f 3730/3730 3751/3751 3750/3750
f 3653/3653 3740/3740 3654/3654
f 3740/3740 3653/3653 3738/3738
f 3751/3751 3752/3752 3753/3753
f 3613/3613 3754/3754 3717/3717
f 3754/3754 3613/3613 3658/3658
f 3755/3755 3742/3742 3718/3718
f 3742/3742 3755/3755 3756/3756
f 3757/3757 3725/3725 3723/3723
f 3725/3725 3758/3758 3756/3756
f 3663/3663 3759/3759 3664/3664
f 3663/3663 3760/3760 3759/3759
f 3664/3664 3761/3761 3667/3667
f 3761/3761 3664/3664 3759/3759
f 3742/3742 3669/3669 3642/3642
f 3726/3726 3746/3746 3721/3721
f 3746/3746 3730/3730 3724/3724
f 3724/3724 3729/3729 3722/3722
f 3762/3762 3761/3761 3763/3763
f 3764/3764 3765/3765 3766/3766
f 3767/3767 3768/3768 3719/3719
f 3677/3677 3678/3678 3719/3719
f 3737/3737 3769/3769 3740/3740
f 3770/3770 3681/3681 3720/3720
f 3754/3754 3658/3658 3681/3681
f 3681/3681 3682/3682 3720/3720
f 3727/3727 3725/3725 3756/3756
f 3771/3771 3749/3749 3772/3772
f 3772/3772 3773/3773 3771/3771
f 3769/3769 3741/3741 3740/3740
f 3774/3774 3775/3775 3776/3776
f 3776/3776 3777/3777 3774/3774
f 3736/3736 3778/3778 3779/3779
f 3780/3780 3747/3747 3749/3749
f 3749/3749 3771/3771 3780/3780
f 3735/3735 3781/3781 3733/3733
f 3749/3749 3746/3746 3726/3726
f 3782/3782 3783/3783 3764/3764
f 3782/3782 3719/3719 3768/3768
f 3747/3747 3780/3780 3784/3784
f 3730/3730 3748/3748 3751/3751
f 3746/3746 3748/3748 3730/3730
f 3726/3726 3727/3727 3785/3785
f 3641/3641 3786/3786 3698/3698
f 3778/3778 3787/3787 3788/3788
f 3788/3788 3779/3779 3778/3778
f 3789/3789 3769/3769 3737/3737
f 3723/3723 3725/3725 3721/3721
f 3669/3669 3742/3742 3756/3756
f 3727/3727 3755/3755 3790/3790
f 3717/3717 3755/3755 3718/3718
f 3790/3790 3755/3755 3791/3791
f 3768/3768 3763/3763 3792/3792
f 3706/3706 3760/3760 3707/3707
f 3760/3760 3793/3793 3794/3794
f 3794/3794 3777/3777 3760/3760
f 3792/3792 3760/3760 3777/3777
f 3785/3785 3772/3772 3749/3749
f 3726/3726 3785/3785 3749/3749
f 3721/3721 3746/3746 3724/3724
f 3785/3785 3727/3727 3790/3790
f 3727/3727 3756/3756 3755/3755
f 3786/3786 3795/3795 3698/3698
f 3793/3793 3706/3706 3795/3795
f 3760/3760 3706/3706 3793/3793
f 3711/3711 3698/3698 3795/3795
f 3788/3788 3786/3786 3779/3779
f 3796/3796 3788/3788 3787/3787
f 3787/3787 3797/3797 3796/3796
f 3788/3788 3796/3796 3795/3795
f 3795/3795 3786/3786 3788/3788
f 3793/3793 3795/3795 3796/3796
f 3745/3745 3787/3787 3778/3778
f 3778/3778 3743/3743 3745/3745
f 3794/3794 3793/3793 3796/3796
f 3796/3796 3797/3797 3794/3794
f 3641/3641 3741/3741 3786/3786
f 3779/3779 3741/3741 3769/3769
f 3769/3769 3736/3736 3779/3779
f 3734/3734 3736/3736 3769/3769
f 3769/3769 3789/3789 3734/3734
f 3747/3747 3784/3784 3752/3752
f 3748/3748 3747/3747 3752/3752
f 3748/3748 3752/3752 3751/3751
f 3737/3737 3750/3750 3751/3751
f 3736/3736 3733/3733 3778/3778
f 3797/3797 3787/3787 3745/3745
f 3773/3773 3774/3774 3744/3744
f 3794/3794 3797/3797 3745/3745
f 3745/3745 3744/3744 3794/3794
f 3774/3774 3777/3777 3744/3744
f 3743/3743 3778/3778 3733/3733
f 3733/3733 3781/3781 3743/3743
f 3735/3735 3780/3780 3771/3771
f 3735/3735 3771/3771 3781/3781
f 3743/3743 3773/3773 3744/3744
f 3773/3773 3743/3743 3781/3781
f 3781/3781 3771/3771 3773/3773
f 3744/3744 3777/3777 3794/3794
f 3779/3779 3786/3786 3741/3741
f 3763/3763 3761/3761 3759/3759
f 3759/3759 3792/3792 3763/3763
f 3767/3767 3763/3763 3768/3768
f 3762/3762 3763/3763 3767/3767
f 3678/3678 3767/3767 3719/3719
f 3714/3714 3667/3667 3761/3761
f 3761/3761 3762/3762 3714/3714
f 3776/3776 3768/3768 3792/3792
f 3734/3734 3789/3789 3753/3753
f 3780/3780 3735/3735 3784/3784
f 3784/3784 3753/3753 3752/3752
f 3735/3735 3734/3734 3784/3784
f 3753/3753 3789/3789 3737/3737
f 3734/3734 3753/3753 3784/3784
f 3782/3782 3764/3764 3719/3719
f 3764/3764 3766/3766 3720/3720
f 3720/3720 3719/3719 3764/3764
f 3770/3770 3720/3720 3766/3766
f 3717/3717 3754/3754 3798/3798
f 3798/3798 3791/3791 3717/3717
f 3755/3755 3717/3717 3791/3791
f 3766/3766 3765/3765 3798/3798
f 3791/3791 3798/3798 3765/3765
f 3791/3791 3765/3765 3790/3790
f 3677/3677 3719/3719 3616/3616
f 3616/3616 3720/3720 3682/3682
f 3775/3775 3782/3782 3768/3768
f 3782/3782 3775/3775 3799/3799
f 3799/3799 3783/3783 3782/3782
f 3758/3758 3725/3725 3757/3757
f 3772/3772 3774/3774 3773/3773
f 3678/3678 3714/3714 3762/3762
f 3762/3762 3767/3767 3678/3678
f 3774/3774 3772/3772 3775/3775
f 3772/3772 3799/3799 3775/3775
f 3751/3751 3753/3753 3737/3737
f 3740/3740 3640/3640 3654/3654
f 3740/3740 3741/3741 3640/3640
f 3760/3760 3663/3663 3707/3707
f 3754/3754 3681/3681 3770/3770
f 3798/3798 3770/3770 3766/3766
f 3798/3798 3754/3754 3770/3770
f 3775/3775 3768/3768 3776/3776
f 3758/3758 3669/3669 3756/3756
f 3669/3669 3758/3758 3757/3757
f 3783/3783 3790/3790 3765/3765
f 3785/3785 3790/3790 3783/3783
f 3783/3783 3799/3799 3785/3785
f 3772/3772 3785/3785 3799/3799
f 3792/3792 3759/3759 3760/3760
f 3792/3792 3777/3777 3776/3776
f 3783/3783 3765/3765 3764/3764
f 3800/3800 3801/3801 3802/3802
f 3801/3801 3800/3800 3803/3803
f 3801/3801 3804/3804 3805/3805
f 3804/3804 3801/3801 3803/3803
f 3806/3806 3807/3807 3808/3808
f 3807/3807 3806/3806 3809/3809
f 3810/3810 3811/3811 3812/3812
f 3811/3811 3810/3810 3813/3813
f 3814/3814 3815/3815 3816/3816
f 3815/3815 3814/3814 3808/3808
f 3801/3801 3817/3817 3802/3802
f 3817/3817 3801/3801 3818/3818
f 3819/3819 3801/3801 3805/3805
f 3801/3801 3819/3819 3818/3818
f 3810/3810 3802/3802 3817/3817
f 3802/3802 3810/3810 3820/3820
f 3821/3821 3816/3816 3822/3822
f 3816/3816 3821/3821 3814/3814
f 3814/3814 3823/3823 3824/3824
f 3823/3823 3814/3814 3821/3821
f 3823/3823 3811/3811 3824/3824
f 3811/3811 3823/3823 3825/3825
f 3826/3826 3827/3827 3828/3828
f 3827/3827 3826/3826 3829/3829
f 3830/3830 3823/3823 3821/3821
f 3823/3823 3830/3830 3831/3831
f 3811/3811 3829/3829 3812/3812
f 3829/3829 3811/3811 3825/3825
f 3828/3828 3832/3832 3833/3833
f 3832/3832 3828/3828 3834/3834
f 3835/3835 3836/3836 3837/3837
f 3836/3836 3835/3835 3838/3838
f 3839/3839 3837/3837 3836/3836
f 3837/3837 3839/3839 3840/3840
f 3839/3839 3841/3841 3840/3840
f 3841/3841 3839/3839 3822/3822
f 3828/3828 3842/3842 3834/3834
f 3842/3842 3828/3828 3827/3827
f 3836/3836 3830/3830 3839/3839
f 3830/3830 3836/3836 3831/3831
f 3820/3820 3812/3812 3843/3843
f 3812/3812 3820/3820 3810/3810
f 3802/3802 3844/3844 3800/3800
f 3844/3844 3802/3802 3820/3820
f 3826/3826 3812/3812 3829/3829
f 3812/3812 3826/3826 3845/3845
f 3804/3804 3806/3806 3805/3805
f 3806/3806 3804/3804 3809/3809
f 3813/3813 3824/3824 3811/3811
f 3824/3824 3813/3813 3846/3846
f 3806/3806 3819/3819 3805/3805
f 3819/3819 3806/3806 3846/3846
f 3847/3847 3826/3826 3833/3833
f 3826/3826 3847/3847 3845/3845
f 3848/3848 3845/3845 3847/3847
f 3845/3845 3848/3848 3843/3843
f 3849/3849 3843/3843 3848/3848
f 3843/3843 3849/3849 3850/3850
f 3815/3815 3807/3807 3851/3851
f 3807/3807 3815/3815 3808/3808
f 3820/3820 3850/3850 3844/3844
f 3850/3850 3820/3820 3843/3843
f 3806/3806 3824/3824 3846/3846
f 3824/3824 3806/3806 3808/3808
f 3852/3852 3853/3853 3854/3854
f 3853/3853 3852/3852 3855/3855
f 3856/3856 3853/3853 3857/3857
f 3853/3853 3856/3856 3854/3854
f 3858/3858 3857/3857 3859/3859
f 3857/3857 3858/3858 3856/3856
f 3860/3860 3861/3861 3862/3862
f 3861/3861 3860/3860 3863/3863
f 3860/3860 3864/3864 3865/3865
f 3864/3864 3860/3860 3866/3866
f 3867/3867 3864/3864 3868/3868
f 3864/3864 3867/3867 3865/3865
f 3869/3869 3870/3870 3871/3871
f 3870/3870 3869/3869 3872/3872
f 3853/3853 3873/3873 3874/3874
f 3873/3873 3853/3853 3855/3855
f 3857/3857 3874/3874 3875/3875
f 3874/3874 3857/3857 3853/3853
f 3874/3874 3876/3876 3877/3877
f 3876/3876 3874/3874 3873/3873
f 3878/3878 3874/3874 3877/3877
f 3874/3874 3878/3878 3875/3875
f 3879/3879 3859/3859 3880/3880
f 3859/3859 3879/3879 3881/3881
f 3882/3882 3879/3879 3880/3880
f 3879/3879 3882/3882 3883/3883
f 3875/3875 3882/3882 3880/3880
f 3882/3882 3875/3875 3878/3878
f 3884/3884 3873/3873 3885/3885
f 3873/3873 3884/3884 3876/3876
f 3859/3859 3875/3875 3880/3880
f 3875/3875 3859/3859 3857/3857
f 3873/3873 3886/3886 3885/3885
f 3886/3886 3873/3873 3855/3855
f 3887/3887 3876/3876 3884/3884
f 3876/3876 3887/3887 3888/3888
f 3889/3889 3867/3867 3890/3890
f 3867/3867 3889/3889 3865/3865
f 3889/3889 3860/3860 3865/3865
f 3860/3860 3889/3889 3863/3863
f 3891/3891 3892/3892 3893/3893
f 3892/3892 3891/3891 3858/3858
f 3894/3894 3856/3856 3895/3895
f 3856/3856 3894/3894 3854/3854
f 3896/3896 3893/3893 3892/3892
f 3893/3893 3896/3896 3897/3897
f 3891/3891 3856/3856 3858/3858
f 3856/3856 3891/3891 3895/3895
f 3898/3898 3899/3899 3852/3852
f 3899/3899 3898/3898 3900/3900
f 3894/3894 3852/3852 3854/3854
f 3852/3852 3894/3894 3898/3898
f 3898/3898 3901/3901 3900/3900
f 3901/3901 3898/3898 3902/3902
f 3891/3891 3903/3903 3904/3904
f 3903/3903 3891/3891 3893/3893
f 3905/3905 3906/3906 3904/3904
f 3906/3906 3905/3905 3907/3907
f 3908/3908 3909/3909 3910/3910
f 3909/3909 3908/3908 3902/3902
f 3910/3910 3906/3906 3907/3907
f 3906/3906 3910/3910 3909/3909
f 3911/3911 3903/3903 3912/3912
f 3903/3903 3911/3911 3913/3913
f 3914/3914 3902/3902 3908/3908
f 3902/3902 3914/3914 3901/3901
f 3904/3904 3913/3913 3905/3905
f 3913/3913 3904/3904 3903/3903
f 3904/3904 3895/3895 3891/3891
f 3895/3895 3904/3904 3906/3906
f 3894/3894 3902/3902 3898/3898
f 3902/3902 3894/3894 3909/3909
f 3895/3895 3909/3909 3894/3894
f 3909/3909 3895/3895 3906/3906
f 3912/3912 3893/3893 3897/3897
f 3893/3893 3912/3912 3903/3903
f 3915/3915 3869/3869 3871/3871
f 3869/3869 3915/3915 3916/3916
f 3917/3917 3813/3813 3810/3810
f 3829/3829 3838/3838 3827/3827
f 3830/3830 3821/3821 3822/3822
f 3823/3823 3831/3831 3838/3838
f 3828/3828 3833/3833 3826/3826
f 3835/3835 3842/3842 3838/3838
f 3831/3831 3836/3836 3838/3838
f 3830/3830 3822/3822 3839/3839
f 3838/3838 3829/3829 3825/3825
f 3838/3838 3825/3825 3823/3823
f 3846/3846 3813/3813 3917/3917
f 3846/3846 3917/3917 3819/3819
f 3838/3838 3842/3842 3827/3827
f 3843/3843 3812/3812 3845/3845
f 3814/3814 3824/3824 3808/3808
f 3818/3818 3819/3819 3917/3917
f 3817/3817 3818/3818 3917/3917
f 3810/3810 3817/3817 3917/3917
f 3918/3918 3855/3855 3852/3852
f 3859/3859 3919/3919 3858/3858
f 3858/3858 3862/3862 3892/3892
f 3892/3892 3862/3862 3861/3861
f 3892/3892 3861/3861 3896/3896
f 3920/3920 3918/3918 3899/3899
f 3859/3859 3881/3881 3919/3919
f 3918/3918 3920/3920 3916/3916
f 3915/3915 3886/3886 3916/3916
f 3870/3870 3872/3872 3921/3921
f 3855/3855 3918/3918 3886/3886
f 3918/3918 3916/3916 3886/3886
f 3852/3852 3899/3899 3918/3918
f 3887/3887 3884/3884 3922/3922
f 3919/3919 3881/3881 3866/3866
f 3862/3862 3919/3919 3860/3860
f 3858/3858 3919/3919 3862/3862
f 3919/3919 3866/3866 3860/3860
f 3923/3923 3924/3924 3925/3925
f 3924/3924 3923/3923 3926/3926
f 3925/3925 3927/3927 3928/3928
f 3927/3927 3925/3925 3924/3924
f 3929/3929 3930/3930 3931/3931
f 3932/3932 3933/3933 3934/3934
f 3935/3935 3934/3934 3933/3933
f 3934/3934 3935/3935 3936/3936
f 3937/3937 3938/3938 3939/3939
f 3938/3938 3937/3937 3940/3940
f 3941/3941 3942/3942 3943/3943
f 3942/3942 3941/3941 3944/3944
f 3945/3945 3937/3937 3939/3939
f 3937/3937 3945/3945 3926/3926
f 3946/3946 3947/3947 3948/3948
f 3947/3947 3946/3946 3949/3949
f 3950/3950 3951/3951 3952/3952
f 3951/3951 3950/3950 3953/3953
f 3954/3954 3955/3955 3956/3956
f 3955/3955 3954/3954 3957/3957
f 3958/3958 3959/3959 3960/3960
f 3959/3959 3958/3958 3961/3961
f 3959/3959 3962/3962 3963/3963
f 3962/3962 3959/3959 3961/3961
f 3964/3964 3935/3935 3933/3933
f 3935/3935 3964/3964 3965/3965
f 3966/3966 3967/3967 3968/3968
f 3967/3967 3966/3966 3969/3969
f 3970/3970 3925/3925 3971/3971
f 3925/3925 3970/3970 3923/3923
f 3972/3972 3973/3973 3974/3974
f 3973/3973 3972/3972 3928/3928
f 3966/3966 3975/3975 3969/3969
f 3975/3975 3966/3966 3976/3976
f 3974/3974 3977/3977 3978/3978
f 3977/3977 3974/3974 3979/3979
f 3980/3980 3981/3981 3982/3982
f 3981/3981 3980/3980 3983/3983
f 3972/3972 3956/3956 3971/3971
f 3956/3956 3972/3972 3984/3984
f 3963/3963 3985/3985 3986/3986
f 3985/3985 3963/3963 3940/3940
f 3987/3987 3988/3988 3989/3989
f 3928/3928 3990/3990 3973/3973
f 3990/3990 3928/3928 3927/3927
f 3991/3991 3989/3989 3988/3988
f 3989/3989 3991/3991 3992/3992
f 3949/3949 3993/3993 3947/3947
f 3993/3993 3949/3949 3994/3994
f 3976/3976 3994/3994 3949/3949
f 3994/3994 3976/3976 3980/3980
f 3971/3971 3928/3928 3972/3972
f 3928/3928 3971/3971 3925/3925
f 3995/3995 3970/3970 3996/3996
f 3970/3970 3995/3995 3923/3923
f 3997/3997 3998/3998 3999/3999
f 3998/3998 3997/3997 4000/4000
f 3998/3998 3930/3930 4001/4001
f 3930/3930 3998/3998 4000/4000
f 4002/4002 4003/4003 3941/3941
f 4003/4003 4002/4002 4004/4004
f 3996/3996 3985/3985 3995/3995
f 3985/3985 3996/3996 3986/3986
f 3986/3986 3959/3959 3963/3963
f 3959/3959 3986/3986 3957/3957
f 3996/3996 3957/3957 3986/3986
f 3957/3957 3996/3996 3955/3955
f 3960/3960 3957/3957 3954/3954
f 3957/3957 3960/3960 3959/3959
f 3954/3954 3984/3984 4005/4005
f 3984/3984 3954/3954 3956/3956
f 4006/4006 4005/4005 3978/3978
f 4005/4005 4006/4006 3960/3960
f 3956/3956 3970/3970 3971/3971
f 3970/3970 3956/3956 3955/3955
f 3999/3999 3958/3958 4006/4006
f 3958/3958 3999/3999 3998/3998
f 3998/3998 3961/3961 3958/3958
f 3961/3961 3998/3998 4001/4001
f 3961/3961 3929/3929 3962/3962
f 3929/3929 3961/3961 4001/4001
f 3945/3945 3980/3980 3982/3982
f 3980/3980 3945/3945 3994/3994
f 3950/3950 4007/4007 3953/3953
f 4007/4007 3950/3950 4008/4008
f 4009/4009 4008/4008 4010/4010
f 4008/4008 4009/4009 4007/4007
f 3983/3983 3976/3976 3966/3966
f 3976/3976 3983/3983 3980/3980
f 3936/3936 3947/3947 3993/3993
f 3947/3947 3936/3936 3935/3935
f 3947/3947 3965/3965 3948/3948
f 3965/3965 3947/3947 3935/3935
f 4011/4011 4000/4000 3997/3997
f 4000/4000 4011/4011 4003/4003
f 3944/3944 4003/4003 4011/4011
f 4003/4003 3944/3944 3941/3941
f 4003/4003 3930/3930 4000/4000
f 3930/3930 4003/4003 4004/4004
f 3946/3946 3976/3976 3949/3949
f 3976/3976 3946/3946 3975/3975
f 4012/4012 4013/4013 4014/4014
f 4013/4013 4012/4012 4015/4015
f 4016/4016 4015/4015 4012/4012
f 4015/4015 4016/4016 4017/4017
f 4018/4018 4009/4009 4010/4010
f 4009/4009 4018/4018 4019/4019
f 4018/4018 4016/4016 4019/4019
f 4016/4016 4018/4018 4017/4017
f 3995/3995 3937/3937 3926/3926
f 3924/3924 3952/3952 3927/3927
f 3938/3938 3993/3993 3939/3939
f 4020/4020 4002/4002 4021/4021
f 3963/3963 4022/4022 3940/3940
f 4023/4023 3979/3979 3990/3990
f 3981/3981 3983/3983 4024/4024
f 3938/3938 4025/4025 3936/3936
f 4020/4020 4026/4026 4002/4002
f 4026/4026 4020/4020 4027/4027
f 4024/4024 4010/4010 4028/4028
f 3950/3950 4029/4029 4028/4028
f 4030/4030 4020/4020 4031/4031
f 4029/4029 3924/3924 3926/3926
f 3952/3952 3951/3951 3927/3927
f 4031/4031 4020/4020 4021/4021
f 3981/3981 4029/4029 3982/3982
f 3923/3923 3995/3995 3926/3926
f 4005/4005 3984/3984 3978/3978
f 3952/3952 3924/3924 4029/4029
f 3952/3952 4029/4029 3950/3950
f 3945/3945 4029/4029 3926/3926
f 3982/3982 4029/4029 3945/3945
f 3972/3972 3974/3974 3984/3984
f 3990/3990 3927/3927 4023/4023
f 4023/4023 3927/3927 3951/3951
f 3990/3990 3979/3979 3973/3973
f 3931/3931 3930/3930 4004/4004
f 3995/3995 3985/3985 3937/3937
f 4025/4025 3938/3938 3940/3940
f 3963/3963 3962/3962 4022/4022
f 4021/4021 4002/4002 3941/3941
f 3938/3938 3936/3936 3993/3993
f 3940/3940 4022/4022 4025/4025
f 3937/3937 3985/3985 3940/3940
f 3970/3970 3955/3955 3996/3996
f 4005/4005 3960/3960 3954/3954
f 4028/4028 4029/4029 3981/3981
f 4024/4024 4028/4028 3981/3981
f 4028/4028 4010/4010 4008/4008
f 3939/3939 3993/3993 3994/3994
f 3939/3939 3994/3994 3945/3945
f 4028/4028 4008/4008 3950/3950
f 3968/3968 3983/3983 3966/3966
f 4024/4024 3983/3983 3968/3968
f 3973/3973 3979/3979 3974/3974
f 3978/3978 3984/3984 3974/3974
f 4006/4006 3977/3977 4032/4032
f 3999/3999 4006/4006 4032/4032
f 4006/4006 3978/3978 3977/3977
f 4006/4006 3958/3958 3960/3960
f 3968/3968 4033/4033 4024/4024
f 4010/4010 4034/4034 4018/4018
f 4035/4035 4034/4034 4024/4024
f 4024/4024 4034/4034 4010/4010
f 4034/4034 4017/4017 4018/4018
f 4033/4033 3968/3968 4036/4036
f 4024/4024 4033/4033 4035/4035
f 4036/4036 3968/3968 4037/4037
f 4037/4037 3967/3967 4038/4038
f 3967/3967 4037/4037 3968/3968
f 4039/4039 3987/3987 3932/3932
f 4040/4040 4041/4041 3933/3933
f 4040/4040 3932/3932 3987/3987
f 3987/3987 4039/4039 3988/3988
f 3932/3932 4040/4040 3933/3933
f 4027/4027 4020/4020 4030/4030
f 3929/3929 4001/4001 3930/3930
f 3941/3941 3943/3943 4021/4021
f 4041/4041 3964/3964 3933/3933
f 4042/4042 4043/4043 4044/4044
f 4044/4044 4045/4045 4042/4042
f 4044/4044 4046/4046 4047/4047
f 4047/4047 4045/4045 4044/4044
f 4048/4048 4049/4049 4050/4050
f 4050/4050 4051/4051 4048/4048
f 4052/4052 4053/4053 4054/4054
f 4054/4054 4055/4055 4052/4052
f 4056/4056 4057/4057 4058/4058
f 4058/4058 4049/4049 4056/4056
f 4044/4044 4043/4043 4059/4059
f 4059/4059 4060/4060 4044/4044
f 4061/4061 4046/4046 4044/4044
f 4044/4044 4060/4060 4061/4061
f 4052/4052 4059/4059 4043/4043
f 4043/4043 4062/4062 4052/4052
f 4063/4063 4064/4064 4057/4057
f 4057/4057 4056/4056 4063/4063
f 4056/4056 4065/4065 4066/4066
f 4066/4066 4063/4063 4056/4056
f 4066/4066 4065/4065 4054/4054
f 4054/4054 4067/4067 4066/4066
f 4068/4068 4069/4069 4070/4070
f 4070/4070 4071/4071 4068/4068
f 4072/4072 4063/4063 4066/4066
f 4066/4066 4073/4073 4072/4072
f 4054/4054 4053/4053 4071/4071
f 4071/4071 4067/4067 4054/4054
f 4069/4069 4074/4074 4075/4075
f 4075/4075 4076/4076 4069/4069
f 4077/4077 4078/4078 4079/4079
f 4079/4079 4080/4080 4077/4077
f 4081/4081 4079/4079 4078/4078
f 4078/4078 4082/4082 4081/4081
f 4081/4081 4082/4082 4083/4083
f 4083/4083 4064/4064 4081/4081
f 4069/4069 4076/4076 4084/4084
f 4084/4084 4070/4070 4069/4069
f 4079/4079 4081/4081 4072/4072
f 4072/4072 4073/4073 4079/4079
f 4062/4062 4085/4085 4053/4053
f 4053/4053 4052/4052 4062/4062
f 4043/4043 4042/4042 4086/4086
f 4086/4086 4062/4062 4043/4043
f 4068/4068 4071/4071 4053/4053
f 4053/4053 4087/4087 4068/4068
f 4047/4047 4046/4046 4048/4048
f 4048/4048 4051/4051 4047/4047
f 4055/4055 4054/4054 4065/4065
f 4065/4065 4088/4088 4055/4055
f 4048/4048 4046/4046 4061/4061
f 4061/4061 4088/4088 4048/4048
f 4089/4089 4074/4074 4068/4068
f 4068/4068 4087/4087 4089/4089
f 4090/4090 4089/4089 4087/4087
f 4087/4087 4085/4085 4090/4090
f 4091/4091 4090/4090 4085/4085
f 4085/4085 4092/4092 4091/4091
f 4058/4058 4093/4093 4050/4050
f 4050/4050 4049/4049 4058/4058
f 4062/4062 4086/4086 4092/4092
f 4092/4092 4085/4085 4062/4062
f 4048/4048 4088/4088 4065/4065
f 4065/4065 4049/4049 4048/4048
f 4094/4094 4095/4095 4096/4096
f 4096/4096 4097/4097 4094/4094
f 4098/4098 4099/4099 4096/4096
f 4096/4096 4095/4095 4098/4098
f 4100/4100 4101/4101 4099/4099
f 4099/4099 4098/4098 4100/4100
f 4102/4102 4103/4103 4104/4104
f 4104/4104 4105/4105 4102/4102
f 4102/4102 4106/4106 4107/4107
f 4107/4107 4108/4108 4102/4102
f 4109/4109 4110/4110 4107/4107
f 4107/4107 4106/4106 4109/4109
f 4111/4111 4112/4112 4113/4113
f 4113/4113 4114/4114 4111/4111
f 4096/4096 4115/4115 4116/4116
f 4116/4116 4097/4097 4096/4096
f 4099/4099 4117/4117 4115/4115
f 4115/4115 4096/4096 4099/4099
f 4115/4115 4118/4118 4119/4119
f 4119/4119 4116/4116 4115/4115
f 4120/4120 4118/4118 4115/4115
f 4115/4115 4117/4117 4120/4120
f 4121/4121 4122/4122 4101/4101
f 4101/4101 4123/4123 4121/4121
f 4124/4124 4122/4122 4121/4121
f 4121/4121 4125/4125 4124/4124
f 4117/4117 4122/4122 4124/4124
f 4124/4124 4120/4120 4117/4117
f 4126/4126 4127/4127 4116/4116
f 4116/4116 4119/4119 4126/4126
f 4101/4101 4122/4122 4117/4117
f 4117/4117 4099/4099 4101/4101
f 4116/4116 4127/4127 4128/4128
f 4128/4128 4097/4097 4116/4116
f 4129/4129 4126/4126 4119/4119
f 4119/4119 4130/4130 4129/4129
f 4131/4131 4132/4132 4109/4109
f 4109/4109 4106/4106 4131/4131
f 4131/4131 4106/4106 4102/4102
f 4102/4102 4105/4105 4131/4131
f 4133/4133 4134/4134 4135/4135
f 4135/4135 4100/4100 4133/4133
f 4136/4136 4137/4137 4098/4098
f 4098/4098 4095/4095 4136/4136
f 4138/4138 4135/4135 4134/4134
f 4134/4134 4139/4139 4138/4138
f 4133/4133 4100/4100 4098/4098
f 4098/4098 4137/4137 4133/4133
f 4140/4140 4094/4094 4141/4141
f 4141/4141 4142/4142 4140/4140
f 4136/4136 4095/4095 4094/4094
f 4094/4094 4140/4140 4136/4136
f 4140/4140 4142/4142 4143/4143
f 4143/4143 4144/4144 4140/4140
f 4133/4133 4145/4145 4146/4146
f 4146/4146 4134/4134 4133/4133
f 4147/4147 4145/4145 4148/4148
f 4148/4148 4149/4149 4147/4147
f 4150/4150 4151/4151 4152/4152
f 4152/4152 4144/4144 4150/4150
f 4151/4151 4149/4149 4148/4148
f 4148/4148 4152/4152 4151/4151
f 4153/4153 4154/4154 4146/4146
f 4146/4146 4155/4155 4153/4153
f 4156/4156 4150/4150 4144/4144
f 4144/4144 4143/4143 4156/4156
f 4145/4145 4147/4147 4155/4155
f 4155/4155 4146/4146 4145/4145
f 4145/4145 4133/4133 4137/4137
f 4137/4137 4148/4148 4145/4145
f 4136/4136 4140/4140 4144/4144
f 4144/4144 4152/4152 4136/4136
f 4137/4137 4136/4136 4152/4152
f 4152/4152 4148/4148 4137/4137
f 4154/4154 4139/4139 4134/4134
f 4134/4134 4146/4146 4154/4154
f 4157/4157 4112/4112 4111/4111
f 4111/4111 4158/4158 4157/4157
f 4159/4159 4052/4052 4055/4055
f 4071/4071 4070/4070 4080/4080
f 4072/4072 4064/4064 4063/4063
f 4066/4066 4080/4080 4073/4073
f 4069/4069 4068/4068 4074/4074
f 4077/4077 4080/4080 4084/4084
f 4073/4073 4080/4080 4079/4079
f 4072/4072 4081/4081 4064/4064
f 4080/4080 4067/4067 4071/4071
f 4080/4080 4066/4066 4067/4067
f 4088/4088 4159/4159 4055/4055
f 4088/4088 4061/4061 4159/4159
f 4080/4080 4070/4070 4084/4084
f 4085/4085 4087/4087 4053/4053
f 4056/4056 4049/4049 4065/4065
f 4060/4060 4159/4159 4061/4061
f 4059/4059 4159/4159 4060/4060
f 4052/4052 4159/4159 4059/4059
f 4160/4160 4094/4094 4097/4097
f 4101/4101 4100/4100 4161/4161
f 4100/4100 4135/4135 4103/4103
f 4135/4135 4104/4104 4103/4103
f 4135/4135 4138/4138 4104/4104
f 4162/4162 4141/4141 4160/4160
f 4101/4101 4161/4161 4123/4123
f 4160/4160 4158/4158 4162/4162
f 4157/4157 4158/4158 4128/4128
f 4113/4113 4163/4163 4114/4114
f 4097/4097 4128/4128 4160/4160
f 4160/4160 4128/4128 4158/4158
f 4094/4094 4160/4160 4141/4141
f 4129/4129 4164/4164 4126/4126
f 4161/4161 4108/4108 4123/4123
f 4103/4103 4102/4102 4161/4161
f 4100/4100 4103/4103 4161/4161
f 4161/4161 4102/4102 4108/4108
f 4165/4165 4166/4166 4167/4167
f 4167/4167 4168/4168 4165/4165
f 4166/4166 4169/4169 4170/4170
f 4170/4170 4167/4167 4166/4166
f 4171/4171 4172/4172 4173/4173
f 4174/4174 4175/4175 4176/4176
f 4177/4177 4176/4176 4175/4175
f 4175/4175 4178/4178 4177/4177
f 4179/4179 4180/4180 4181/4181
f 4181/4181 4182/4182 4179/4179
f 4183/4183 4184/4184 3942/3942
f 3942/3942 3944/3944 4183/4183
f 4185/4185 4180/4180 4179/4179
f 4179/4179 4168/4168 4185/4185
f 3946/3946 3948/3948 4186/4186
f 4186/4186 4187/4187 3946/3946
f 3951/3951 4188/4188 4189/4189
f 4188/4188 3951/3951 3953/3953
f 4190/4190 4191/4191 4192/4192
f 4192/4192 4193/4193 4190/4190
f 4194/4194 4195/4195 4196/4196
f 4196/4196 4197/4197 4194/4194
f 4196/4196 4198/4198 4199/4199
f 4199/4199 4197/4197 4196/4196
f 3964/3964 4176/4176 4177/4177
f 4177/4177 3965/3965 3964/3964
f 4200/4200 4201/4201 3967/3967
f 3967/3967 3969/3969 4200/4200
f 4202/4202 4203/4203 4166/4166
f 4166/4166 4165/4165 4202/4202
f 4204/4204 4205/4205 4206/4206
f 4206/4206 4169/4169 4204/4204
f 4200/4200 3969/3969 3975/3975
f 3975/3975 4207/4207 4200/4200
f 4205/4205 4208/4208 3977/3977
f 3977/3977 3979/3979 4205/4205
f 4209/4209 4210/4210 4211/4211
f 4211/4211 4212/4212 4209/4209
f 4204/4204 4203/4203 4191/4191
f 4191/4191 4213/4213 4204/4204
f 4198/4198 4214/4214 4215/4215
f 4215/4215 4182/4182 4198/4198
f 4216/4216 4217/4217 4218/4218
f 4169/4169 4206/4206 4219/4219
f 4219/4219 4170/4170 4169/4169
f 4220/4220 4218/4218 4217/4217
f 4217/4217 4221/4221 4220/4220
f 4187/4187 4186/4186 4222/4222
f 4222/4222 4223/4223 4187/4187
f 4207/4207 4187/4187 4223/4223
f 4223/4223 4209/4209 4207/4207
f 4203/4203 4204/4204 4169/4169
f 4169/4169 4166/4166 4203/4203
f 4224/4224 4225/4225 4202/4202
f 4202/4202 4165/4165 4224/4224
f 3997/3997 3999/3999 4226/4226
f 4226/4226 4227/4227 3997/3997
f 4226/4226 4228/4228 4173/4173
f 4173/4173 4227/4227 4226/4226
f 4229/4229 4183/4183 4230/4230
f 4230/4230 4231/4231 4229/4229
f 4225/4225 4224/4224 4215/4215
f 4215/4215 4214/4214 4225/4225
f 4214/4214 4198/4198 4196/4196
f 4196/4196 4193/4193 4214/4214
f 4225/4225 4214/4214 4193/4193
f 4193/4193 4192/4192 4225/4225
f 4195/4195 4190/4190 4193/4193
f 4193/4193 4196/4196 4195/4195
f 4190/4190 4232/4232 4213/4213
f 4213/4213 4191/4191 4190/4190
f 4233/4233 4208/4208 4232/4232
f 4232/4232 4195/4195 4233/4233
f 4191/4191 4203/4203 4202/4202
f 4202/4202 4192/4192 4191/4191
f 3999/3999 4233/4233 4194/4194
f 4194/4194 4226/4226 3999/3999
f 4226/4226 4194/4194 4197/4197
f 4197/4197 4228/4228 4226/4226
f 4197/4197 4199/4199 4171/4171
f 4171/4171 4228/4228 4197/4197
f 4185/4185 4210/4210 4209/4209
f 4209/4209 4223/4223 4185/4185
f 4188/4188 3953/3953 4007/4007
f 4007/4007 4234/4234 4188/4188
f 4009/4009 4235/4235 4234/4234
f 4234/4234 4007/4007 4009/4009
f 4212/4212 4200/4200 4207/4207
f 4207/4207 4209/4209 4212/4212
f 4178/4178 4222/4222 4186/4186
f 4186/4186 4177/4177 4178/4178
f 4186/4186 3948/3948 3965/3965
f 3965/3965 4177/4177 4186/4186
f 4011/4011 3997/3997 4227/4227
f 4227/4227 4230/4230 4011/4011
f 3944/3944 4011/4011 4230/4230
f 4230/4230 4183/4183 3944/3944
f 4230/4230 4227/4227 4173/4173
f 4173/4173 4231/4231 4230/4230
f 3946/3946 4187/4187 4207/4207
f 4207/4207 3975/3975 3946/3946
f 4012/4012 4014/4014 4236/4236
f 4236/4236 4237/4237 4012/4012
f 4016/4016 4012/4012 4237/4237
f 4237/4237 4238/4238 4016/4016
f 4239/4239 4235/4235 4009/4009
f 4009/4009 4019/4019 4239/4239
f 4239/4239 4019/4019 4016/4016
f 4016/4016 4238/4238 4239/4239
f 4224/4224 4168/4168 4179/4179
f 4167/4167 4170/4170 4189/4189
f 4181/4181 4180/4180 4222/4222
f 4240/4240 4241/4241 4229/4229
f 4198/4198 4182/4182 4242/4242
f 4023/4023 4219/4219 3979/3979
f 4211/4211 4243/4243 4212/4212
f 4181/4181 4178/4178 4244/4244
f 4240/4240 4229/4229 4245/4245
f 4245/4245 4246/4246 4240/4240
f 4243/4243 4247/4247 4235/4235
f 4188/4188 4247/4247 4248/4248
f 4249/4249 4250/4250 4240/4240
f 4248/4248 4168/4168 4167/4167
f 4189/4189 4170/4170 3951/3951
f 4250/4250 4241/4241 4240/4240
f 4211/4211 4210/4210 4248/4248
f 4165/4165 4168/4168 4224/4224
f 4232/4232 4208/4208 4213/4213
f 4189/4189 4248/4248 4167/4167
f 4189/4189 4188/4188 4248/4248
f 4185/4185 4168/4168 4248/4248
f 4210/4210 4185/4185 4248/4248
f 4204/4204 4213/4213 4205/4205
f 4219/4219 4023/4023 4170/4170
f 4023/4023 3951/3951 4170/4170
f 4219/4219 4206/4206 3979/3979
f 4172/4172 4231/4231 4173/4173
f 4224/4224 4179/4179 4215/4215
f 4244/4244 4182/4182 4181/4181
f 4198/4198 4242/4242 4199/4199
f 4241/4241 4183/4183 4229/4229
f 4181/4181 4222/4222 4178/4178
f 4182/4182 4244/4244 4242/4242
f 4179/4179 4182/4182 4215/4215
f 4202/4202 4225/4225 4192/4192
f 4232/4232 4190/4190 4195/4195
f 4247/4247 4211/4211 4248/4248
f 4243/4243 4211/4211 4247/4247
f 4247/4247 4234/4234 4235/4235
f 4180/4180 4223/4223 4222/4222
f 4180/4180 4185/4185 4223/4223
f 4247/4247 4188/4188 4234/4234
f 4201/4201 4200/4200 4212/4212
f 4243/4243 4201/4201 4212/4212
f 4206/4206 4205/4205 3979/3979
f 4208/4208 4205/4205 4213/4213
f 4233/4233 4032/4032 3977/3977
f 3999/3999 4032/4032 4233/4233
f 4233/4233 3977/3977 4208/4208
f 4233/4233 4195/4195 4194/4194
f 4201/4201 4243/4243 4251/4251
f 4235/4235 4239/4239 4252/4252
f 4253/4253 4243/4243 4252/4252
f 4243/4243 4235/4235 4252/4252
f 4252/4252 4239/4239 4238/4238
f 4251/4251 4254/4254 4201/4201
f 4243/4243 4253/4253 4251/4251
f 4254/4254 4255/4255 4201/4201
f 4255/4255 4038/4038 3967/3967
f 3967/3967 4201/4201 4255/4255
f 4256/4256 4174/4174 4216/4216
f 4257/4257 4176/4176 4258/4258
f 4257/4257 4216/4216 4174/4174
f 4216/4216 4218/4218 4256/4256
f 4174/4174 4176/4176 4257/4257
f 4246/4246 4249/4249 4240/4240
f 4171/4171 4173/4173 4228/4228
f 4183/4183 4241/4241 4184/4184
f 4258/4258 4176/4176 3964/3964
f 4259/4259 4260/4260 4261/4261
f 4261/4261 4262/4262 4259/4259
f 4263/4263 4262/4262 4264/4264
f 4264/4264 4265/4265 4263/4263
f 4266/4266 4267/4267 4268/4268
f 4268/4268 4269/4269 4266/4266
f 4270/4270 4271/4271 4272/4272
f 4272/4272 4273/4273 4270/4270
f 4274/4274 4275/4275 4276/4276
f 4276/4276 4277/4277 4274/4274
f 4278/4278 4279/4279 4280/4280
f 4280/4280 4281/4281 4278/4278
f 4273/4273 4282/4282 4283/4283
f 4283/4283 4276/4276 4273/4273
f 4284/4284 4285/4285 4286/4286
f 4286/4286 4287/4287 4284/4284
f 4287/4287 4281/4281 4288/4288
f 4288/4288 4284/4284 4287/4287
f 4289/4289 4290/4290 4281/4281
f 4281/4281 4291/4291 4289/4289
f 4292/4292 4283/4283 4282/4282
f 4282/4282 4293/4293 4292/4292
f 4294/4294 4295/4295 4296/4296
f 4296/4296 4297/4297 4294/4294
f 4295/4295 4294/4294 4298/4298
f 4298/4298 4299/4299 4295/4295
f 4296/4296 4300/4300 4301/4301
f 4301/4301 4297/4297 4296/4296
f 4295/4295 4302/4302 4303/4303
f 4303/4303 4296/4296 4295/4295
f 4304/4304 4305/4305 4306/4306
f 4306/4306 4259/4259 4304/4304
f 4307/4307 4308/4308 4306/4306
f 4306/4306 4305/4305 4307/4307
f 4309/4309 4310/4310 4311/4311
f 4311/4311 4312/4312 4309/4309
f 4260/4260 4259/4259 4306/4306
f 4306/4306 4313/4313 4260/4260
f 4314/4314 4315/4315 4312/4312
f 4312/4312 4316/4316 4314/4314
f 4317/4317 4313/4313 4306/4306
f 4306/4306 4308/4308 4317/4317
f 4318/4318 4279/4279 4278/4278
f 4278/4278 4307/4307 4318/4318
f 4319/4319 4314/4314 4317/4317
f 4317/4317 4320/4320 4319/4319
f 4281/4281 4287/4287 4321/4321
f 4321/4321 4278/4278 4281/4281
f 4322/4322 4323/4323 4324/4324
f 4324/4324 4309/4309 4322/4322
f 4307/4307 4278/4278 4321/4321
f 4321/4321 4308/4308 4307/4307
f 4274/4274 4277/4277 4325/4325
f 4325/4325 4315/4315 4274/4274
f 4277/4277 4326/4326 4322/4322
f 4322/4322 4325/4325 4277/4277
f 4308/4308 4321/4321 4320/4320
f 4320/4320 4317/4317 4308/4308
f 4307/4307 4305/4305 4327/4327
f 4327/4327 4318/4318 4307/4307
f 4314/4314 4316/4316 4313/4313
f 4313/4313 4317/4317 4314/4314
f 4326/4326 4328/4328 4323/4323
f 4323/4323 4322/4322 4326/4326
f 4329/4329 4319/4319 4320/4320
f 4320/4320 4286/4286 4329/4329
f 4275/4275 4270/4270 4273/4273
f 4273/4273 4276/4276 4275/4275
f 4283/4283 4326/4326 4277/4277
f 4277/4277 4276/4276 4283/4283
f 4286/4286 4320/4320 4321/4321
f 4321/4321 4287/4287 4286/4286
f 4326/4326 4283/4283 4292/4292
f 4292/4292 4328/4328 4326/4326
f 4301/4301 4300/4300 4271/4271
f 4271/4271 4270/4270 4301/4301
f 4319/4319 4329/4329 4275/4275
f 4275/4275 4274/4274 4319/4319
f 4271/4271 4300/4300 4330/4330
f 4330/4330 4331/4331 4271/4271
f 4315/4315 4314/4314 4319/4319
f 4319/4319 4274/4274 4315/4315
f 4329/4329 4301/4301 4270/4270
f 4270/4270 4275/4275 4329/4329
f 4332/4332 4264/4264 4262/4262
f 4262/4262 4261/4261 4332/4332
f 4304/4304 4259/4259 4262/4262
f 4262/4262 4263/4263 4304/4304
f 4281/4281 4290/4290 4333/4333
f 4333/4333 4288/4288 4281/4281
f 4334/4334 4299/4299 4298/4298
f 4298/4298 4335/4335 4334/4334
f 4302/4302 4299/4299 4334/4334
f 4334/4334 4336/4336 4302/4302
f 4335/4335 4298/4298 4288/4288
f 4288/4288 4333/4333 4335/4335
f 4298/4298 4294/4294 4284/4284
f 4284/4284 4288/4288 4298/4298
f 4294/4294 4297/4297 4285/4285
f 4285/4285 4284/4284 4294/4294
f 4329/4329 4286/4286 4285/4285
f 4285/4285 4301/4301 4329/4329
f 4267/4267 4337/4337 4338/4338
f 4338/4338 4268/4268 4267/4267
f 4339/4339 4340/4340 4341/4341
f 4341/4341 4342/4342 4339/4339
f 4343/4343 4344/4344 4345/4345
f 4345/4345 4346/4346 4343/4343
f 4346/4346 4345/4345 4347/4347
f 4347/4347 4348/4348 4346/4346
f 4349/4349 4350/4350 4351/4351
f 4351/4351 4352/4352 4349/4349
f 4353/4353 4354/4354 4355/4355
f 4355/4355 4356/4356 4353/4353
f 4357/4357 4358/4358 4359/4359
f 4359/4359 4360/4360 4357/4357
f 4361/4361 4362/4362 4347/4347
f 4347/4347 4345/4345 4361/4361
f 4363/4363 4364/4364 4365/4365
f 4365/4365 4366/4366 4363/4363
f 4343/4343 4367/4367 4341/4341
f 4341/4341 4344/4344 4343/4343
f 4368/4368 4369/4369 4370/4370
f 4370/4370 4371/4371 4368/4368
f 4372/4372 4373/4373 4374/4374
f 4374/4374 4375/4375 4372/4372
f 4376/4376 4373/4373 4372/4372
f 4372/4372 4377/4377 4376/4376
f 4332/4332 4378/4378 4379/4379
f 4379/4379 4264/4264 4332/4332
f 4265/4265 4264/4264 4379/4379
f 4379/4379 4380/4380 4265/4265
f 4369/4369 4381/4381 4382/4382
f 4382/4382 4370/4370 4369/4369
f 4383/4383 4384/4384 4385/4385
f 4385/4385 4386/4386 4383/4383
f 4384/4384 4376/4376 4377/4377
f 4377/4377 4385/4385 4384/4384
f 4387/4387 4379/4379 4378/4378
f 4378/4378 4388/4388 4387/4387
f 4337/4337 4389/4389 4378/4378
f 4378/4378 4332/4332 4337/4337
f 4266/4266 4390/4390 4391/4391
f 4391/4391 4267/4267 4266/4266
f 4389/4389 4267/4267 4391/4391
f 4391/4391 4392/4392 4389/4389
f 4380/4380 4379/4379 4387/4387
f 4387/4387 4393/4393 4380/4380
f 4394/4394 4348/4348 4353/4353
f 4353/4353 4356/4356 4394/4394
f 4395/4395 4396/4396 4392/4392
f 4392/4392 4391/4391 4395/4395
f 4396/4396 4397/4397 4388/4388
f 4388/4388 4392/4392 4396/4396
f 4388/4388 4397/4397 4398/4398
f 4398/4398 4387/4387 4388/4388
f 4398/4398 4399/4399 4393/4393
f 4393/4393 4387/4387 4398/4398
f 4388/4388 4378/4378 4389/4389
f 4389/4389 4392/4392 4388/4388
f 4300/4300 4400/4400 4330/4330
f 4401/4401 4268/4268 4338/4338
f 4402/4402 4263/4263 4265/4265
f 4401/4401 4261/4261 4260/4260
f 4301/4301 4285/4285 4297/4297
f 4272/4272 4282/4282 4273/4273
f 4302/4302 4295/4295 4299/4299
f 4260/4260 4313/4313 4316/4316
f 4403/4403 4305/4305 4304/4304
f 4309/4309 4404/4404 4310/4310
f 4310/4310 4268/4268 4311/4311
f 4268/4268 4401/4401 4311/4311
f 4311/4311 4316/4316 4312/4312
f 4325/4325 4309/4309 4312/4312
f 4324/4324 4404/4404 4309/4309
f 4269/4269 4268/4268 4310/4310
f 4401/4401 4316/4316 4311/4311
f 4401/4401 4260/4260 4316/4316
f 4271/4271 4331/4331 4272/4272
f 4281/4281 4280/4280 4291/4291
f 4327/4327 4305/4305 4403/4403
f 4325/4325 4312/4312 4315/4315
f 4322/4322 4309/4309 4325/4325
f 4404/4404 4269/4269 4310/4310
f 4304/4304 4405/4405 4403/4403
f 4401/4401 4338/4338 4261/4261
f 4337/4337 4332/4332 4261/4261
f 4405/4405 4304/4304 4263/4263
f 4402/4402 4405/4405 4263/4263
f 4338/4338 4337/4337 4261/4261
f 4362/4362 4361/4361 4406/4406
f 4365/4365 4364/4364 4407/4407
f 4361/4361 4345/4345 4344/4344
f 4406/4406 4340/4340 4339/4339
f 4394/4394 4408/4408 4346/4346
f 4409/4409 4410/4410 4411/4411
f 4412/4412 4357/4357 4413/4413
f 4367/4367 4412/4412 4413/4413
f 4343/4343 4408/4408 4367/4367
f 4394/4394 4346/4346 4348/4348
f 4413/4413 4342/4342 4367/4367
f 4414/4414 4385/4385 4415/4415
f 4415/4415 4385/4385 4377/4377
f 4342/4342 4341/4341 4367/4367
f 4408/4408 4343/4343 4346/4346
f 4408/4408 4412/4412 4367/4367
f 4267/4267 4389/4389 4337/4337
f 4375/4375 4416/4416 4372/4372
f 4372/4372 4415/4415 4377/4377
f 4414/4414 4386/4386 4385/4385
f 4416/4416 4415/4415 4372/4372
f 4402/4402 4380/4380 4417/4417
f 4418/4418 4344/4344 4340/4340
f 4402/4402 4265/4265 4380/4380
f 4390/4390 4419/4419 4395/4395
f 4380/4380 4393/4393 4417/4417
f 4357/4357 4412/4412 4358/4358
f 4399/4399 4420/4420 4417/4417
f 4390/4390 4395/4395 4391/4391
f 4393/4393 4399/4399 4417/4417
f 4361/4361 4418/4418 4406/4406
f 4406/4406 4418/4418 4340/4340
f 4344/4344 4418/4418 4361/4361
f 4344/4344 4341/4341 4340/4340
f 4300/4300 4296/4296 4400/4400
f 4296/4296 4303/4303 4400/4400
f 4421/4421 4422/4422 4423/4423
f 4422/4422 4421/4421 4424/4424
f 4425/4425 4426/4426 4424/4424
f 4426/4426 4425/4425 4427/4427
f 4428/4428 4429/4429 4430/4430
f 4429/4429 4428/4428 4431/4431
f 4432/4432 4433/4433 4434/4434
f 4433/4433 4432/4432 4435/4435
f 4436/4436 4437/4437 4438/4438
f 4437/4437 4436/4436 4439/4439
f 4440/4440 4441/4441 4442/4442
f 4441/4441 4440/4440 4443/4443
f 4435/4435 4444/4444 4445/4445
f 4444/4444 4435/4435 4437/4437
f 4446/4446 4447/4447 4448/4448
f 4447/4447 4446/4446 4449/4449
f 4449/4449 4450/4450 4443/4443
f 4450/4450 4449/4449 4446/4446
f 4289/4289 4443/4443 4290/4290
f 4443/4443 4289/4289 4451/4451
f 4452/4452 4445/4445 4444/4444
f 4445/4445 4452/4452 4453/4453
f 4454/4454 4455/4455 4456/4456
f 4455/4455 4454/4454 4457/4457
f 4456/4456 4458/4458 4454/4454
f 4458/4458 4456/4456 4459/4459
f 4455/4455 4460/4460 4461/4461
f 4460/4460 4455/4455 4457/4457
f 4456/4456 4462/4462 4463/4463
f 4462/4462 4456/4456 4455/4455
f 4464/4464 4465/4465 4466/4466
f 4465/4465 4464/4464 4421/4421
f 4467/4467 4465/4465 4468/4468
f 4465/4465 4467/4467 4466/4466
f 4469/4469 4470/4470 4471/4471
f 4470/4470 4469/4469 4472/4472
f 4423/4423 4465/4465 4421/4421
f 4465/4465 4423/4423 4473/4473
f 4474/4474 4472/4472 4475/4475
f 4472/4472 4474/4474 4476/4476
f 4477/4477 4465/4465 4473/4473
f 4465/4465 4477/4477 4468/4468
f 4478/4478 4440/4440 4442/4442
f 4440/4440 4478/4478 4467/4467
f 4479/4479 4477/4477 4474/4474
f 4477/4477 4479/4479 4480/4480
f 4443/4443 4481/4481 4449/4449
f 4481/4481 4443/4443 4440/4440
f 4482/4482 4483/4483 4484/4484
f 4483/4483 4482/4482 4469/4469
f 4467/4467 4481/4481 4440/4440
f 4481/4481 4467/4467 4468/4468
f 4436/4436 4485/4485 4439/4439
f 4485/4485 4436/4436 4475/4475
f 4439/4439 4482/4482 4486/4486
f 4482/4482 4439/4439 4485/4485
f 4468/4468 4480/4480 4481/4481
f 4480/4480 4468/4468 4477/4477
f 4467/4467 4487/4487 4466/4466
f 4487/4487 4467/4467 4478/4478
f 4474/4474 4473/4473 4476/4476
f 4473/4473 4474/4474 4477/4477
f 4486/4486 4484/4484 4488/4488
f 4484/4484 4486/4486 4482/4482
f 4489/4489 4480/4480 4479/4479
f 4480/4480 4489/4489 4447/4447
f 4438/4438 4435/4435 4432/4432
f 4435/4435 4438/4438 4437/4437
f 4444/4444 4439/4439 4486/4486
f 4439/4439 4444/4444 4437/4437
f 4447/4447 4481/4481 4480/4480
f 4481/4481 4447/4447 4449/4449
f 4486/4486 4452/4452 4444/4444
f 4452/4452 4486/4486 4488/4488
f 4460/4460 4434/4434 4461/4461
f 4434/4434 4460/4460 4432/4432
f 4479/4479 4438/4438 4489/4489
f 4438/4438 4479/4479 4436/4436
f 4434/4434 4490/4490 4461/4461
f 4490/4490 4434/4434 4491/4491
f 4475/4475 4479/4479 4474/4474
f 4479/4479 4475/4475 4436/4436
f 4489/4489 4432/4432 4460/4460
f 4432/4432 4489/4489 4438/4438
f 4492/4492 4424/4424 4426/4426
f 4424/4424 4492/4492 4422/4422
f 4464/4464 4424/4424 4421/4421
f 4424/4424 4464/4464 4425/4425
f 4443/4443 4333/4333 4290/4290
f 4333/4333 4443/4443 4450/4450
f 4334/4334 4458/4458 4459/4459
f 4458/4458 4334/4334 4335/4335
f 4463/4463 4334/4334 4459/4459
f 4334/4334 4463/4463 4336/4336
f 4335/4335 4450/4450 4458/4458
f 4450/4450 4335/4335 4333/4333
f 4458/4458 4446/4446 4454/4454
f 4446/4446 4458/4458 4450/4450
f 4454/4454 4448/4448 4457/4457
f 4448/4448 4454/4454 4446/4446
f 4489/4489 4448/4448 4447/4447
f 4448/4448 4489/4489 4460/4460
f 4430/4430 4493/4493 4494/4494
f 4493/4493 4430/4430 4429/4429
f 4495/4495 4496/4496 4497/4497
f 4496/4496 4495/4495 4498/4498
f 4499/4499 4500/4500 4501/4501
f 4500/4500 4499/4499 4502/4502
f 4502/4502 4503/4503 4500/4500
f 4503/4503 4502/4502 4504/4504
f 4505/4505 4506/4506 4507/4507
f 4506/4506 4505/4505 4508/4508
f 4509/4509 4510/4510 4511/4511
f 4510/4510 4509/4509 4512/4512
f 4513/4513 4514/4514 4515/4515
f 4514/4514 4513/4513 4516/4516
f 4517/4517 4503/4503 4518/4518
f 4503/4503 4517/4517 4500/4500
f 4519/4519 4520/4520 4521/4521
f 4520/4520 4519/4519 4522/4522
f 4499/4499 4496/4496 4523/4523
f 4496/4496 4499/4499 4501/4501
f 4524/4524 4525/4525 4526/4526
f 4525/4525 4524/4524 4527/4527
f 4528/4528 4529/4529 4530/4530
f 4529/4529 4528/4528 4531/4531
f 4532/4532 4529/4529 4531/4531
f 4529/4529 4532/4532 4533/4533
f 4492/4492 4534/4534 4535/4535
f 4534/4534 4492/4492 4426/4426
f 4427/4427 4534/4534 4426/4426
f 4534/4534 4427/4427 4536/4536
f 4526/4526 4537/4537 4538/4538
f 4537/4537 4526/4526 4525/4525
f 4539/4539 4540/4540 4541/4541
f 4540/4540 4539/4539 4542/4542
f 4541/4541 4533/4533 4532/4532
f 4533/4533 4541/4541 4540/4540
f 4543/4543 4535/4535 4534/4534
f 4535/4535 4543/4543 4544/4544
f 4494/4494 4535/4535 4545/4545
f 4535/4535 4494/4494 4492/4492
f 4428/4428 4546/4546 4547/4547
f 4546/4546 4428/4428 4430/4430
f 4545/4545 4546/4546 4430/4430
f 4546/4546 4545/4545 4548/4548
f 4536/4536 4543/4543 4534/4534
f 4543/4543 4536/4536 4549/4549
f 4550/4550 4509/4509 4504/4504
f 4509/4509 4550/4550 4512/4512
f 4551/4551 4548/4548 4552/4552
f 4548/4548 4551/4551 4546/4546
f 4552/4552 4544/4544 4553/4553
f 4544/4544 4552/4552 4548/4548
f 4544/4544 4554/4554 4553/4553
f 4554/4554 4544/4544 4543/4543
f 4554/4554 4549/4549 4555/4555
f 4549/4549 4554/4554 4543/4543
f 4544/4544 4545/4545 4535/4535
f 4545/4545 4544/4544 4548/4548
f 4461/4461 4490/4490 4556/4556
f 4557/4557 4493/4493 4429/4429
f 4558/4558 4427/4427 4425/4425
f 4557/4557 4423/4423 4422/4422
f 4460/4460 4457/4457 4448/4448
f 4433/4433 4435/4435 4445/4445
f 4463/4463 4459/4459 4456/4456
f 4423/4423 4476/4476 4473/4473
f 4559/4559 4464/4464 4466/4466
f 4469/4469 4471/4471 4560/4560
f 4471/4471 4470/4470 4429/4429
f 4429/4429 4470/4470 4557/4557
f 4470/4470 4472/4472 4476/4476
f 4485/4485 4472/4472 4469/4469
f 4483/4483 4469/4469 4560/4560
f 4431/4431 4471/4471 4429/4429
f 4557/4557 4470/4470 4476/4476
f 4557/4557 4476/4476 4423/4423
f 4434/4434 4433/4433 4491/4491
f 4443/4443 4451/4451 4441/4441
f 4487/4487 4559/4559 4466/4466
f 4485/4485 4475/4475 4472/4472
f 4482/4482 4485/4485 4469/4469
f 4560/4560 4471/4471 4431/4431
f 4464/4464 4559/4559 4561/4561
f 4557/4557 4422/4422 4493/4493
f 4494/4494 4422/4422 4492/4492
f 4561/4561 4425/4425 4464/4464
f 4558/4558 4425/4425 4561/4561
f 4493/4493 4422/4422 4494/4494
f 4518/4518 4562/4562 4517/4517
f 4520/4520 4563/4563 4521/4521
f 4517/4517 4501/4501 4500/4500
f 4562/4562 4495/4495 4497/4497
f 4550/4550 4502/4502 4564/4564
f 4565/4565 4566/4566 4567/4567
f 4568/4568 4569/4569 4513/4513
f 4523/4523 4569/4569 4568/4568
f 4499/4499 4523/4523 4564/4564
f 4550/4550 4504/4504 4502/4502
f 4569/4569 4523/4523 4498/4498
f 4570/4570 4571/4571 4540/4540
f 4571/4571 4533/4533 4540/4540
f 4498/4498 4523/4523 4496/4496
f 4564/4564 4502/4502 4499/4499
f 4564/4564 4523/4523 4568/4568
f 4430/4430 4494/4494 4545/4545
f 4530/4530 4529/4529 4572/4572
f 4529/4529 4533/4533 4571/4571
f 4570/4570 4540/4540 4542/4542
f 4572/4572 4529/4529 4571/4571
f 4558/4558 4573/4573 4536/4536
f 4574/4574 4497/4497 4501/4501
f 4558/4558 4536/4536 4427/4427
f 4547/4547 4551/4551 4575/4575
f 4536/4536 4573/4573 4549/4549
f 4513/4513 4515/4515 4568/4568
f 4555/4555 4573/4573 4576/4576
f 4547/4547 4546/4546 4551/4551
f 4549/4549 4573/4573 4555/4555
f 4517/4517 4562/4562 4574/4574
f 4562/4562 4497/4497 4574/4574
f 4501/4501 4517/4517 4574/4574
f 4501/4501 4497/4497 4496/4496
f 4461/4461 4556/4556 4455/4455
f 4455/4455 4556/4556 4462/4462
f 3710/3710 3711/3711 3706/3706
f 3706/3706 3711/3711 3795/3795
f 4577/4577 4578/4578 4579/4579
f 4580/4580 4581/4581 4579/4579
f 4582/4582 4583/4583 4579/4579
f 4584/4584 4579/4579 4578/4578
f 4578/4578 4585/4585 4584/4584
f 4586/4586 4577/4577 4579/4579
f 4581/4581 4587/4587 4586/4586
f 4586/4586 4579/4579 4581/4581
f 4584/4584 4582/4582 4579/4579
f 4588/4588 4580/4580 4579/4579
f 4589/4589 4579/4579 4590/4590
f 4591/4591 4579/4579 4592/4592
f 4593/4593 4579/4579 4583/4583
f 4594/4594 4595/4595 4590/4590
f 4590/4590 4579/4579 4594/4594
f 4596/4596 4579/4579 4589/4589
f 4592/4592 4579/4579 4596/4596
f 4596/4596 4597/4597 4592/4592
f 4594/4594 4579/4579 4593/4593
f 4588/4588 4579/4579 4591/4591
f 4598/4598 4599/4599 4600/4600
f 4599/4599 4601/4601 4600/4600
f 4602/4602 4603/4603 4604/4604
f 4605/4605 4602/4602 4604/4604
f 4598/4598 4600/4600 4606/4606
f 4606/4606 4600/4600 4601/4601
f 4607/4607 4604/4604 4603/4603
f 4605/4605 4604/4604 4607/4607
f 4608/4608 4609/4609 4610/4610
f 4609/4609 4611/4611 4610/4610
f 4612/4612 4613/4613 4614/4614
f 4608/4608 4610/4610 4615/4615
f 4615/4615 4610/4610 4611/4611
f 4612/4612 4614/4614 4616/4616
f 4617/4617 4618/4618 4619/4619
f 4617/4617 4619/4619 4620/4620
f 4619/4619 4618/4618 4621/4621
f 4620/4620 4619/4619 4621/4621
f 4622/4622 4623/4623 4624/4624
f 4624/4624 4625/4625 4622/4622
f 4626/4626 4627/4627 4628/4628
f 4628/4628 4629/4629 4626/4626
f 4624/4624 4630/4630 4631/4631
f 4631/4631 4625/4625 4624/4624
f 4626/4626 4632/4632 4625/4625
f 4625/4625 4631/4631 4626/4626
f 4625/4625 4632/4632 4633/4633
f 4633/4633 4622/4622 4625/4625
f 4634/4634 4635/4635 4636/4636
f 4636/4636 4637/4637 4634/4634
f 4631/4631 4630/4630 4627/4627
f 4627/4627 4626/4626 4631/4631
f 4629/4629 4638/4638 4632/4632
f 4632/4632 4626/4626 4629/4629
f 4637/4637 4636/4636 4639/4639
f 4639/4639 4640/4640 4637/4637
f 4638/4638 4635/4635 4641/4641
f 4628/4628 4639/4639 4636/4636
f 4636/4636 4629/4629 4628/4628
f 4641/4641 4635/4635 4642/4642
f 4642/4642 4643/4643 4641/4641
f 4635/4635 4634/4634 4644/4644
f 4635/4635 4644/4644 4642/4642
f 4635/4635 4638/4638 4629/4629
f 4629/4629 4636/4636 4635/4635
f 4645/4645 4646/4646 4624/4624
f 4624/4624 4623/4623 4645/4645
f 4647/4647 4648/4648 4628/4628
f 4628/4628 4627/4627 4647/4647
f 4624/4624 4646/4646 4649/4649
f 4649/4649 4630/4630 4624/4624
f 4647/4647 4649/4649 4646/4646
f 4646/4646 4650/4650 4647/4647
f 4646/4646 4645/4645 4651/4651
f 4651/4651 4650/4650 4646/4646
f 4652/4652 4653/4653 4654/4654
f 4654/4654 4655/4655 4652/4652
f 4627/4627 4630/4630 4649/4649
f 4649/4649 4647/4647 4627/4627
f 4648/4648 4647/4647 4650/4650
f 4650/4650 4656/4656 4648/4648
f 4639/4639 4654/4654 4653/4653
f 4653/4653 4640/4640 4639/4639
f 4656/4656 4657/4657 4655/4655
f 4654/4654 4639/4639 4628/4628
f 4628/4628 4648/4648 4654/4654
f 4658/4658 4655/4655 4657/4657
f 4657/4657 4659/4659 4658/4658
f 4655/4655 4660/4660 4652/4652
f 4655/4655 4658/4658 4660/4660
f 4655/4655 4654/4654 4648/4648
f 4648/4648 4656/4656 4655/4655
f 4661/4661 4662/4662 4663/4663
f 4663/4663 4664/4664 4661/4661
f 4665/4665 4663/4663 4662/4662
f 4662/4662 4666/4666 4665/4665
f 4667/4667 4661/4661 4664/4664
f 4664/4664 4668/4668 4667/4667
f 4669/4669 4667/4667 4668/4668
f 4668/4668 4670/4670 4669/4669
f 4669/4669 4670/4670 4671/4671
f 4672/4672 4673/4673 4674/4674
f 4674/4674 4675/4675 4672/4672
f 4673/4673 4672/4672 4676/4676
f 4676/4676 4677/4677 4673/4673
f 4675/4675 4674/4674 4678/4678
f 4678/4678 4679/4679 4675/4675
f 4679/4679 4678/4678 4680/4680
f 4680/4680 4681/4681 4679/4679
f 4680/4680 4682/4682 4681/4681
f 4683/4683 4684/4684 4685/4685
f 4685/4685 4686/4686 4683/4683
f 4687/4687 4688/4688 4689/4689
f 4689/4689 4690/4690 4687/4687
f 4685/4685 4684/4684 4691/4691
f 4691/4691 4692/4692 4685/4685
f 4687/4687 4691/4691 4684/4684
f 4684/4684 4693/4693 4687/4687
f 4684/4684 4683/4683 4694/4694
f 4694/4694 4693/4693 4684/4684
f 4695/4695 4696/4696 4697/4697
f 4697/4697 4698/4698 4695/4695
f 4690/4690 4692/4692 4691/4691
f 4691/4691 4687/4687 4690/4690
f 4688/4688 4687/4687 4693/4693
f 4693/4693 4699/4699 4688/4688
f 4700/4700 4697/4697 4696/4696
f 4696/4696 4701/4701 4700/4700
f 4699/4699 4702/4702 4698/4698
f 4697/4697 4700/4700 4689/4689
f 4689/4689 4688/4688 4697/4697
f 4703/4703 4698/4698 4702/4702
f 4702/4702 4704/4704 4703/4703
f 4698/4698 4705/4705 4695/4695
f 4698/4698 4703/4703 4705/4705
f 4698/4698 4697/4697 4688/4688
f 4688/4688 4699/4699 4698/4698
f 4706/4706 4686/4686 4685/4685
f 4685/4685 4707/4707 4706/4706
f 4708/4708 4690/4690 4689/4689
f 4689/4689 4709/4709 4708/4708
f 4685/4685 4692/4692 4710/4710
f 4710/4710 4707/4707 4685/4685
f 4708/4708 4711/4711 4707/4707
f 4707/4707 4710/4710 4708/4708
f 4707/4707 4711/4711 4712/4712
f 4712/4712 4706/4706 4707/4707
f 4713/4713 4714/4714 4715/4715
f 4715/4715 4716/4716 4713/4713
f 4710/4710 4692/4692 4690/4690
f 4690/4690 4708/4708 4710/4710
f 4709/4709 4717/4717 4711/4711
f 4711/4711 4708/4708 4709/4709
f 4716/4716 4715/4715 4700/4700
f 4700/4700 4701/4701 4716/4716
f 4717/4717 4714/4714 4718/4718
f 4689/4689 4700/4700 4715/4715
f 4715/4715 4709/4709 4689/4689
f 4718/4718 4714/4714 4719/4719
f 4719/4719 4720/4720 4718/4718
f 4714/4714 4713/4713 4721/4721
f 4714/4714 4721/4721 4719/4719
f 4714/4714 4717/4717 4709/4709
f 4709/4709 4715/4715 4714/4714
f 4722/4722 4723/4723 4724/4724
f 4724/4724 4725/4725 4722/4722
f 4723/4723 4722/4722 4726/4726
f 4726/4726 4727/4727 4723/4723
f 4725/4725 4724/4724 4728/4728
f 4728/4728 4729/4729 4725/4725
f 4729/4729 4728/4728 4730/4730
f 4730/4730 4731/4731 4729/4729
f 4730/4730 4732/4732 4731/4731
f 4733/4733 4734/4734 4735/4735
f 4735/4735 4736/4736 4733/4733
f 4737/4737 4735/4735 4734/4734
f 4734/4734 4738/4738 4737/4737
f 4739/4739 4733/4733 4736/4736
f 4736/4736 4740/4740 4739/4739
f 4741/4741 4739/4739 4740/4740
f 4740/4740 4742/4742 4741/4741
f 4741/4741 4742/4742 4743/4743
f 4744/4744 4745/4745 4746/4746
f 4745/4745 4747/4747 4746/4746
f 4748/4748 4749/4749 4750/4750
f 4751/4751 4748/4748 4750/4750
f 4744/4744 4746/4746 4752/4752
f 4752/4752 4746/4746 4747/4747
f 4753/4753 4750/4750 4749/4749
f 4751/4751 4750/4750 4753/4753
f 4754/4754 4755/4755 4756/4756
f 4756/4756 4757/4757 4754/4754
f 4755/4755 4758/4758 4759/4759
f 4759/4759 4756/4756 4755/4755
f 4760/4760 4761/4761 4762/4762
f 4762/4762 4757/4757 4760/4760
f 4763/4763 4764/4764 4765/4765
f 4765/4765 4766/4766 4763/4763
f 4767/4767 4768/4768 4769/4769
f 4770/4770 4771/4771 4755/4755
f 4755/4755 4754/4754 4770/4770
f 4772/4772 4773/4773 4774/4774
f 4774/4774 4758/4758 4772/4772
f 4775/4775 4776/4776 4777/4777
f 4777/4777 4778/4778 4775/4775
f 4772/4772 4771/4771 4779/4779
f 4779/4779 4780/4780 4772/4772
f 4758/4758 4774/4774 4781/4781
f 4781/4781 4759/4759 4758/4758
f 4771/4771 4772/4772 4758/4758
f 4758/4758 4755/4755 4771/4771
f 4782/4782 4783/4783 4770/4770
f 4770/4770 4754/4754 4782/4782
f 4783/4783 4782/4782 4784/4784
f 4779/4779 4771/4771 4770/4770
f 4770/4770 4785/4785 4779/4779
f 4760/4760 4776/4776 4775/4775
f 4775/4775 4786/4786 4760/4760
f 4763/4763 4766/4766 4787/4787
f 4763/4763 4787/4787 4788/4788
f 4789/4789 4790/4790 4791/4791
f 4791/4791 4792/4792 4789/4789
f 4790/4790 4793/4793 4794/4794
f 4794/4794 4791/4791 4790/4790
f 4779/4779 4789/4789 4795/4795
f 4795/4795 4780/4780 4779/4779
f 4785/4785 4790/4790 4789/4789
f 4789/4789 4779/4779 4785/4785
f 4782/4782 4757/4757 4762/4762
f 4756/4756 4759/4759 4764/4764
f 4796/4796 4781/4781 4797/4797
f 4777/4777 4798/4798 4778/4778
f 4799/4799 4800/4800 4801/4801
f 4763/4763 4799/4799 4802/4802
f 4802/4802 4757/4757 4756/4756
f 4764/4764 4759/4759 4765/4765
f 4777/4777 4776/4776 4802/4802
f 4754/4754 4757/4757 4782/4782
f 4764/4764 4802/4802 4756/4756
f 4764/4764 4763/4763 4802/4802
f 4760/4760 4757/4757 4802/4802
f 4776/4776 4760/4760 4802/4802
f 4772/4772 4780/4780 4773/4773
f 4781/4781 4796/4796 4759/4759
f 4796/4796 4765/4765 4759/4759
f 4781/4781 4774/4774 4797/4797
f 4782/4782 4762/4762 4784/4784
f 4770/4770 4783/4783 4785/4785
f 4799/4799 4777/4777 4802/4802
f 4798/4798 4777/4777 4799/4799
f 4799/4799 4763/4763 4800/4800
f 4761/4761 4760/4760 4786/4786
f 4803/4803 4769/4769 4778/4778
f 4798/4798 4803/4803 4778/4778
f 4774/4774 4773/4773 4797/4797
f 4792/4792 4804/4804 4789/4789
f 4790/4790 4785/4785 4793/4793
f 4785/4785 4783/4783 4793/4793
f 4780/4780 4795/4795 4773/4773
f 4804/4804 4795/4795 4789/4789
f 4783/4783 4784/4784 4793/4793
f 4800/4800 4763/4763 4788/4788
f 4788/4788 4805/4805 4800/4800
f 4798/4798 4799/4799 4801/4801
f 4806/4806 4807/4807 4808/4808
f 4807/4807 4806/4806 4809/4809
f 4808/4808 4810/4810 4811/4811
f 4810/4810 4808/4808 4807/4807
f 4812/4812 4813/4813 4814/4814
f 4813/4813 4812/4812 4809/4809
f 4815/4815 4765/4765 4816/4816
f 4765/4765 4815/4815 4817/4817
f 4767/4767 4818/4818 4768/4768
f 4819/4819 4808/4808 4820/4820
f 4808/4808 4819/4819 4806/4806
f 4821/4821 4822/4822 4823/4823
f 4822/4822 4821/4821 4811/4811
f 4824/4824 4825/4825 4826/4826
f 4825/4825 4824/4824 4827/4827
f 4821/4821 4828/4828 4820/4820
f 4828/4828 4821/4821 4829/4829
f 4811/4811 4830/4830 4822/4822
f 4830/4830 4811/4811 4810/4810
f 4820/4820 4811/4811 4821/4821
f 4811/4811 4820/4820 4808/4808
f 4831/4831 4819/4819 4832/4832
f 4819/4819 4831/4831 4806/4806
f 4832/4832 4833/4833 4831/4831
f 4828/4828 4819/4819 4820/4820
f 4819/4819 4828/4828 4834/4834
f 4812/4812 4824/4824 4826/4826
f 4824/4824 4812/4812 4835/4835
f 4815/4815 4836/4836 4817/4817
f 4815/4815 4837/4837 4836/4836
f 4838/4838 4839/4839 4840/4840
f 4839/4839 4838/4838 4841/4841
f 4840/4840 4842/4842 4843/4843
f 4842/4842 4840/4840 4839/4839
f 4828/4828 4844/4844 4838/4838
f 4844/4844 4828/4828 4829/4829
f 4834/4834 4838/4838 4840/4840
f 4838/4838 4834/4834 4828/4828
f 4831/4831 4813/4813 4809/4809
f 4807/4807 4816/4816 4810/4810
f 4796/4796 4797/4797 4830/4830
f 4825/4825 4827/4827 4845/4845
f 4846/4846 4847/4847 4848/4848
f 4815/4815 4849/4849 4846/4846
f 4849/4849 4807/4807 4809/4809
f 4816/4816 4765/4765 4810/4810
f 4825/4825 4849/4849 4826/4826
f 4806/4806 4831/4831 4809/4809
f 4816/4816 4807/4807 4849/4849
f 4816/4816 4849/4849 4815/4815
f 4812/4812 4849/4849 4809/4809
f 4826/4826 4849/4849 4812/4812
f 4821/4821 4823/4823 4829/4829
f 4830/4830 4810/4810 4796/4796
f 4796/4796 4810/4810 4765/4765
f 4830/4830 4797/4797 4822/4822
f 4831/4831 4833/4833 4813/4813
f 4819/4819 4834/4834 4832/4832
f 4846/4846 4849/4849 4825/4825
f 4845/4845 4846/4846 4825/4825
f 4846/4846 4848/4848 4815/4815
f 4814/4814 4835/4835 4812/4812
f 4850/4850 4827/4827 4851/4851
f 4845/4845 4827/4827 4850/4850
f 4822/4822 4797/4797 4823/4823
f 4841/4841 4838/4838 4852/4852
f 4840/4840 4843/4843 4834/4834
f 4834/4834 4843/4843 4832/4832
f 4829/4829 4823/4823 4844/4844
f 4852/4852 4838/4838 4844/4844
f 4832/4832 4843/4843 4833/4833
f 4837/4837 4815/4815 4848/4848
f 4848/4848 4853/4853 4837/4837
f 4845/4845 4847/4847 4846/4846
f 4854/4854 4855/4855 4856/4856
f 4854/4854 4857/4857 4855/4855
f 4854/4854 4858/4858 4859/4859
f 4860/4860 4854/4854 4861/4861
f 4862/4862 4861/4861 4863/4863
f 4863/4863 4864/4864 4862/4862
f 4865/4865 4862/4862 4864/4864
f 4864/4864 4866/4866 4865/4865
f 4867/4867 4865/4865 4866/4866
f 4866/4866 4868/4868 4867/4867
f 4867/4867 4868/4868 4869/4869
f 4869/4869 4870/4870 4867/4867
f 4871/4871 4870/4870 4872/4872
f 4872/4872 4873/4873 4871/4871
f 4874/4874 4871/4871 4873/4873
f 4873/4873 4875/4875 4874/4874
f 4876/4876 4874/4874 4875/4875
f 4875/4875 4877/4877 4876/4876
f 4858/4858 4856/4856 4878/4878
f 4878/4878 4879/4879 4858/4858
f 4880/4880 4881/4881 4879/4879
f 4881/4881 4880/4880 4882/4882
f 4883/4883 4884/4884 4885/4885
f 4886/4886 4885/4885 4887/4887
f 4887/4887 4882/4882 4886/4886
f 4859/4859 4858/4858 4879/4879
f 4879/4879 4888/4888 4859/4859
f 4885/4885 4886/4886 4883/4883
f 4857/4857 4854/4854 4860/4860
f 4889/4889 4890/4890 4891/4891
f 4891/4891 4892/4892 4889/4889
f 4893/4893 4894/4894 4895/4895
f 4895/4895 4896/4896 4893/4893
f 4897/4897 4898/4898 4890/4890
f 4890/4890 4889/4889 4897/4897
f 4899/4899 4900/4900 4901/4901
f 4901/4901 4898/4898 4899/4899
f 4901/4901 4902/4902 4895/4895
f 4895/4895 4898/4898 4901/4901
f 4901/4901 4903/4903 4904/4904
f 4904/4904 4902/4902 4901/4901
f 4901/4901 4900/4900 4903/4903
f 4903/4903 4905/4905 4904/4904
f 4906/4906 4907/4907 4908/4908
f 4908/4908 4903/4903 4906/4906
f 4909/4909 4910/4910 4911/4911
f 4911/4911 4912/4912 4913/4913
f 4912/4912 4908/4908 4907/4907
f 4907/4907 4914/4914 4912/4912
f 4864/4864 4863/4863 4859/4859
f 4859/4859 4915/4915 4864/4864
f 4866/4866 4864/4864 4915/4915
f 4915/4915 4916/4916 4866/4866
f 4868/4868 4866/4866 4916/4916
f 4916/4916 4917/4917 4868/4868
f 4868/4868 4917/4917 4869/4869
f 4888/4888 4918/4918 4916/4916
f 4918/4918 4887/4887 4917/4917
f 4917/4917 4916/4916 4918/4918
f 4917/4917 4887/4887 4885/4885
f 4885/4885 4919/4919 4917/4917
f 4919/4919 4885/4885 4884/4884
f 4920/4920 4921/4921 4922/4922
f 4872/4872 4920/4920 4923/4923
f 4923/4923 4873/4873 4872/4872
f 4923/4923 4924/4924 4873/4873
f 4875/4875 4924/4924 4877/4877
f 4925/4925 4926/4926 4877/4877
f 4927/4927 4928/4928 4929/4929
f 4927/4927 4930/4930 4931/4931
f 4927/4927 4931/4931 4928/4928
f 4854/4854 4859/4859 4863/4863
f 4859/4859 4888/4888 4915/4915
f 4880/4880 4879/4879 4878/4878
f 4881/4881 4918/4918 4888/4888
f 4888/4888 4879/4879 4881/4881
f 4881/4881 4887/4887 4918/4918
f 4854/4854 4856/4856 4858/4858
f 4903/4903 4908/4908 4905/4905
f 4908/4908 4912/4912 4932/4932
f 4912/4912 4911/4911 4932/4932
f 4911/4911 4910/4910 4933/4933
f 4902/4902 4934/4934 4896/4896
f 4896/4896 4895/4895 4902/4902
f 4904/4904 4935/4935 4934/4934
f 4934/4934 4902/4902 4904/4904
f 4904/4904 4905/4905 4936/4936
f 4905/4905 4937/4937 4936/4936
f 4905/4905 4932/4932 4937/4937
f 4932/4932 4938/4938 4937/4937
f 4903/4903 4900/4900 4906/4906
f 4932/4932 4911/4911 4938/4938
f 4908/4908 4932/4932 4905/4905
f 4904/4904 4936/4936 4935/4935
f 4909/4909 4911/4911 4913/4913
f 4912/4912 4914/4914 4913/4913
f 4911/4911 4933/4933 4938/4938
f 4933/4933 4910/4910 4939/4939
f 4940/4940 4939/4939 4910/4910
f 4910/4910 4909/4909 4940/4940
f 4881/4881 4882/4882 4887/4887
f 4920/4920 4922/4922 4923/4923
f 4888/4888 4916/4916 4915/4915
f 4941/4941 4876/4876 4877/4877
f 4877/4877 4930/4930 4941/4941
f 4930/4930 4927/4927 4942/4942
f 4929/4929 4943/4943 4942/4942
f 4942/4942 4927/4927 4929/4929
f 4944/4944 4945/4945 4926/4926
f 4926/4926 4925/4925 4944/4944
f 4925/4925 4924/4924 4944/4944
f 4924/4924 4923/4923 4946/4946
f 4873/4873 4924/4924 4875/4875
f 4931/4931 4930/4930 4926/4926
f 4946/4946 4923/4923 4922/4922
f 4944/4944 4924/4924 4946/4946
f 4877/4877 4924/4924 4925/4925
f 4877/4877 4926/4926 4930/4930
f 4869/4869 4917/4917 4919/4919
f 4861/4861 4854/4854 4863/4863
f 4930/4930 4942/4942 4941/4941
f 4947/4947 4948/4948 4949/4949
f 4950/4950 4948/4948 4951/4951
f 4951/4951 4952/4952 4950/4950
f 4947/4947 4951/4951 4948/4948
f 4953/4953 4954/4954 4955/4955
f 4955/4955 4949/4949 4953/4953
f 4956/4956 4957/4957 4954/4954
f 4957/4957 4956/4956 4958/4958
f 4959/4959 4960/4960 4961/4961
f 4962/4962 4961/4961 4963/4963
f 4963/4963 4958/4958 4962/4962
f 4960/4960 4959/4959 4964/4964
f 4961/4961 4962/4962 4959/4959
f 4965/4965 4948/4948 4950/4950
f 4951/4951 4947/4947 4966/4966
f 4967/4967 4965/4965 4950/4950
f 4950/4950 4968/4968 4967/4967
f 4950/4950 4952/4952 4969/4969
f 4970/4970 4967/4967 4971/4971
f 4972/4972 4971/4971 4973/4973
f 4974/4974 4975/4975 4976/4976
f 4976/4976 4973/4973 4974/4974
f 4972/4972 4973/4973 4976/4976
f 4965/4965 4967/4967 4970/4970
f 4949/4949 4948/4948 4965/4965
f 4949/4949 4965/4965 4977/4977
f 4977/4977 4953/4953 4949/4949
f 4953/4953 4977/4977 4978/4978
f 4978/4978 4956/4956 4953/4953
f 4979/4979 4980/4980 4958/4958
f 4956/4956 4978/4978 4979/4979
f 4979/4979 4958/4958 4956/4956
f 4970/4970 4977/4977 4965/4965
f 4978/4978 4970/4970 4972/4972
f 4972/4972 4979/4979 4978/4978
f 4979/4979 4972/4972 4976/4976
f 4962/4962 4980/4980 4981/4981
f 4981/4981 4959/4959 4962/4962
f 4970/4970 4978/4978 4977/4977
f 4959/4959 4981/4981 4964/4964
f 4981/4981 4975/4975 4982/4982
f 4975/4975 4981/4981 4980/4980
f 4980/4980 4976/4976 4975/4975
f 4970/4970 4971/4971 4972/4972
f 4956/4956 4954/4954 4953/4953
f 4967/4967 4968/4968 4983/4983
f 4983/4983 4971/4971 4967/4967
f 4983/4983 4984/4984 4971/4971
f 4950/4950 4969/4969 4968/4968
f 4947/4947 4949/4949 4955/4955
f 4971/4971 4984/4984 4973/4973
f 4981/4981 4982/4982 4985/4985
f 4960/4960 4964/4964 4986/4986
f 4964/4964 4981/4981 4985/4985
f 4958/4958 4980/4980 4962/4962
f 4979/4979 4976/4976 4980/4980
f 4957/4957 4958/4958 4963/4963
f 4987/4987 4983/4983 4968/4968
f 4968/4968 4969/4969 4987/4987
f 4987/4987 4988/4988 4983/4983
f 4989/4989 4990/4990 4974/4974
f 4989/4989 4974/4974 4973/4973
f 4989/4989 4973/4973 4984/4984
f 4990/4990 4982/4982 4975/4975
f 4975/4975 4974/4974 4990/4990
f 4983/4983 4988/4988 4984/4984
f 4991/4991 4922/4922 4921/4921
f 4921/4921 4992/4992 4991/4991
f 4993/4993 4946/4946 4922/4922
f 4922/4922 4991/4991 4993/4993
f 4994/4994 4944/4944 4946/4946
f 4946/4946 4993/4993 4994/4994
f 4944/4944 4994/4994 4945/4945
f 4995/4995 4891/4891 4894/4894
f 4894/4894 4893/4893 4995/4995
f 4995/4995 4893/4893 4996/4996
f 4893/4893 4896/4896 4997/4997
f 4997/4997 4996/4996 4893/4893
f 4998/4998 4999/4999 5000/5000
f 4998/4998 5000/5000 4857/4857
f 4998/4998 5001/5001 5002/5002
f 4860/4860 4861/4861 4998/4998
f 5003/5003 4861/4861 4862/4862
f 4862/4862 5004/5004 5003/5003
f 5004/5004 4862/4862 4865/4865
f 4865/4865 5005/5005 5004/5004
f 5005/5005 4865/4865 4867/4867
f 4867/4867 5006/5006 5005/5005
f 4867/4867 4870/4870 5007/5007
f 5007/5007 5006/5006 4867/4867
f 5007/5007 4870/4870 4871/4871
f 4871/4871 5008/5008 5007/5007
f 5008/5008 4871/4871 4874/4874
f 4874/4874 5009/5009 5008/5008
f 5009/5009 4874/4874 4876/4876
f 4876/4876 5010/5010 5009/5009
f 5011/5011 4999/4999 5002/5002
f 5002/5002 5012/5012 5011/5011
f 5013/5013 5012/5012 5014/5014
f 5014/5014 5015/5015 5013/5013
f 5016/5016 5017/5017 5018/5018
f 5019/5019 5015/5015 5020/5020
f 5020/5020 5017/5017 5019/5019
f 5012/5012 5002/5002 5001/5001
f 5001/5001 5021/5021 5012/5012
f 5017/5017 5016/5016 5019/5019
f 4857/4857 4860/4860 4998/4998
f 5022/5022 5023/5023 5024/5024
f 5024/5024 5025/5025 5022/5022
f 5026/5026 5027/5027 5028/5028
f 5028/5028 5023/5023 5026/5026
f 5029/5029 5028/5028 5030/5030
f 5030/5030 5028/5028 5031/5031
f 5031/5031 5032/5032 5030/5030
f 5027/5027 5033/5033 5031/5031
f 5031/5031 5028/5028 5027/5027
f 5031/5031 5033/5033 5034/5034
f 5034/5034 5035/5035 5031/5031
f 5031/5031 5035/5035 5032/5032
f 5035/5035 5034/5034 5036/5036
f 5037/5037 5035/5035 5038/5038
f 5038/5038 5039/5039 5037/5037
f 5040/5040 5041/5041 5042/5042
f 5041/5041 5043/5043 5044/5044
f 5039/5039 5038/5038 5044/5044
f 5044/5044 5045/5045 5039/5039
f 5003/5003 5004/5004 5046/5046
f 5046/5046 5001/5001 5003/5003
f 5046/5046 5004/5004 5005/5005
f 5005/5005 5047/5047 5046/5046
f 5047/5047 5005/5005 5006/5006
f 5006/5006 5048/5048 5047/5047
f 5006/5006 5007/5007 5048/5048
f 5021/5021 5047/5047 5049/5049
f 5049/5049 5047/5047 5048/5048
f 5048/5048 5020/5020 5049/5049
f 5017/5017 5020/5020 5048/5048
f 5048/5048 5050/5050 5017/5017
f 5050/5050 5018/5018 5017/5017
f 5050/5050 5051/5051 5018/5018
f 5007/5007 5008/5008 5052/5052
f 5052/5052 5050/5050 5007/5007
f 5052/5052 5008/5008 5053/5053
f 5009/5009 5010/5010 5053/5053
f 5054/5054 5010/5010 5055/5055
f 5056/5056 5057/5057 5058/5058
f 5056/5056 5059/5059 5060/5060
f 5056/5056 5058/5058 5059/5059
f 4998/4998 5003/5003 5001/5001
f 5001/5001 5046/5046 5021/5021
f 5013/5013 5011/5011 5012/5012
f 5021/5021 5049/5049 5014/5014
f 5014/5014 5012/5012 5021/5021
f 5014/5014 5049/5049 5020/5020
f 4998/4998 5002/5002 4999/4999
f 5035/5035 5036/5036 5038/5038
f 5038/5038 5061/5061 5044/5044
f 5044/5044 5061/5061 5041/5041
f 5041/5041 5062/5062 5042/5042
f 5033/5033 5027/5027 5063/5063
f 5063/5063 5064/5064 5033/5033
f 5065/5065 5034/5034 5033/5033
f 5033/5033 5064/5064 5065/5065
f 5034/5034 5066/5066 5036/5036
f 5036/5036 5066/5066 5067/5067
f 5036/5036 5067/5067 5061/5061
f 5061/5061 5067/5067 5068/5068
f 5035/5035 5037/5037 5032/5032
f 5061/5061 5068/5068 5041/5041
f 5038/5038 5036/5036 5061/5061
f 5034/5034 5065/5065 5066/5066
f 5040/5040 5043/5043 5041/5041
f 5044/5044 5043/5043 5045/5045
f 5041/5041 5068/5068 5062/5062
f 5062/5062 5069/5069 5042/5042
f 5070/5070 5040/5040 5042/5042
f 5042/5042 5069/5069 5070/5070
f 5014/5014 5020/5020 5015/5015
f 5050/5050 5052/5052 5051/5051
f 5021/5021 5046/5046 5047/5047
f 4941/4941 5060/5060 5010/5010
f 5010/5010 4876/4876 4941/4941
f 5060/5060 4942/4942 5056/5056
f 4942/4942 4943/4943 5057/5057
f 5057/5057 5056/5056 4942/4942
f 5071/5071 5055/5055 5072/5072
f 5055/5055 5071/5071 5054/5054
f 5054/5054 5071/5071 5053/5053
f 5053/5053 5073/5073 5052/5052
f 5008/5008 5009/5009 5053/5053
f 5059/5059 5055/5055 5060/5060
f 5073/5073 5051/5051 5052/5052
f 5071/5071 5073/5073 5053/5053
f 5010/5010 5054/5054 5053/5053
f 5010/5010 5060/5060 5055/5055
f 5007/5007 5050/5050 5048/5048
f 4861/4861 5003/5003 4998/4998
f 5060/5060 4941/4941 4942/4942
f 5074/5074 5075/5075 5076/5076
f 5077/5077 4952/4952 4951/4951
f 4951/4951 5076/5076 5077/5077
f 5074/5074 5076/5076 4951/4951
f 5078/5078 5075/5075 5079/5079
f 5079/5079 5080/5080 5078/5078
f 5081/5081 5080/5080 5082/5082
f 5082/5082 5083/5083 5081/5081
f 5084/5084 5085/5085 5086/5086
f 5087/5087 5083/5083 5088/5088
f 5088/5088 5085/5085 5087/5087
f 5086/5086 5089/5089 5084/5084
f 5085/5085 5084/5084 5087/5087
f 5090/5090 5077/5077 5076/5076
f 4951/4951 4966/4966 5074/5074
f 5077/5077 5090/5090 5091/5091
f 5091/5091 5092/5092 5077/5077
f 5077/5077 4969/4969 4952/4952
f 5093/5093 5094/5094 5091/5091
f 5095/5095 5096/5096 5094/5094
f 5097/5097 5096/5096 5098/5098
f 5098/5098 5099/5099 5097/5097
f 5095/5095 5098/5098 5096/5096
f 5090/5090 5093/5093 5091/5091
f 5075/5075 5090/5090 5076/5076
f 5075/5075 5078/5078 5100/5100
f 5100/5100 5090/5090 5075/5075
f 5078/5078 5081/5081 5101/5101
f 5101/5101 5100/5100 5078/5078
f 5102/5102 5083/5083 5103/5103
f 5102/5102 5101/5101 5081/5081
f 5081/5081 5083/5083 5102/5102
f 5093/5093 5090/5090 5100/5100
f 5101/5101 5102/5102 5095/5095
f 5095/5095 5093/5093 5101/5101
f 5102/5102 5098/5098 5095/5095
f 5087/5087 5084/5084 5104/5104
f 5104/5104 5103/5103 5087/5087
f 5093/5093 5100/5100 5101/5101
f 5084/5084 5089/5089 5104/5104
f 5104/5104 5105/5105 5099/5099
f 5099/5099 5098/5098 5103/5103
f 5103/5103 5104/5104 5099/5099
f 5093/5093 5095/5095 5094/5094
f 5081/5081 5078/5078 5080/5080
f 5091/5091 5094/5094 5106/5106
f 5106/5106 5092/5092 5091/5091
f 5106/5106 5094/5094 5107/5107
f 5077/5077 5092/5092 4969/4969
f 5074/5074 5079/5079 5075/5075
f 5094/5094 5096/5096 5107/5107
f 5104/5104 5108/5108 5105/5105
f 5086/5086 5109/5109 5089/5089
f 5089/5089 5108/5108 5104/5104
f 5083/5083 5087/5087 5103/5103
f 5102/5102 5103/5103 5098/5098
f 5082/5082 5088/5088 5083/5083
f 5096/5096 5097/5097 5110/5110
f 5110/5110 5107/5107 5096/5096
f 4987/4987 4969/4969 5092/5092
f 5092/5092 5106/5106 4987/4987
f 4987/4987 5106/5106 5111/5111
f 5097/5097 5112/5112 5113/5113
f 5113/5113 5110/5110 5097/5097
f 5099/5099 5105/5105 5112/5112
f 5112/5112 5097/5097 5099/5099
f 5106/5106 5107/5107 5111/5111
f 5114/5114 5016/5016 5018/5018
f 5018/5018 5051/5051 5114/5114
f 5115/5115 5114/5114 5051/5051
f 5051/5051 5073/5073 5115/5115
f 5116/5116 5115/5115 5073/5073
f 5073/5073 5071/5071 5116/5116
f 5071/5071 5072/5072 5116/5116
f 5026/5026 5022/5022 5117/5117
f 5117/5117 5118/5118 5026/5026
f 5117/5117 5119/5119 5118/5118
f 5120/5120 5063/5063 5118/5118
f 5118/5118 5119/5119 5120/5120
f 5063/5063 5120/5120 5064/5064
f 4934/4934 5121/5121 5122/5122
f 5122/5122 4896/4896 4934/4934
f 4934/4934 4935/4935 5121/5121
f 4896/4896 5122/5122 4997/4997
f 4898/4898 4897/4897 4899/4899
f 5029/5029 5024/5024 5023/5023
f 5023/5023 5028/5028 5029/5029
f 4894/4894 4890/4890 4898/4898
f 4898/4898 4895/4895 4894/4894
f 4894/4894 4891/4891 4890/4890
f 5118/5118 5063/5063 5027/5027
f 5027/5027 5026/5026 5118/5118
f 5022/5022 5026/5026 5023/5023
f 5123/5123 5124/5124 5125/5125
f 5125/5125 5126/5126 5123/5123
f 5127/5127 5128/5128 5129/5129
f 5129/5129 5130/5130 5127/5127
f 5131/5131 5130/5130 5132/5132
f 5132/5132 5133/5133 5131/5131
f 5134/5134 5129/5129 5128/5128
f 5130/5130 5131/5131 5135/5135
f 5135/5135 5127/5127 5130/5130
f 5123/5123 5134/5134 5136/5136
f 5136/5136 5137/5137 5123/5123
f 5136/5136 5134/5134 5138/5138
f 5131/5131 5139/5139 5140/5140
f 5140/5140 5135/5135 5131/5131
f 5133/5133 5141/5141 5139/5139
f 5139/5139 5131/5131 5133/5133
f 5134/5134 5128/5128 5138/5138
f 5130/5130 5129/5129 5142/5142
f 5142/5142 5132/5132 5130/5130
f 5142/5142 5129/5129 5134/5134
f 5134/5134 5126/5126 5142/5142
f 5143/5143 5140/5140 5139/5139
f 5139/5139 5144/5144 5143/5143
f 5144/5144 5139/5139 5141/5141
f 5141/5141 5145/5145 5144/5144
f 5146/5146 5143/5143 5144/5144
f 5144/5144 5147/5147 5146/5146
f 5147/5147 5144/5144 5145/5145
f 5145/5145 5148/5148 5147/5147
f 5134/5134 5123/5123 5126/5126
f 5124/5124 5123/5123 5137/5137
f 5149/5149 5150/5150 5151/5151
f 5152/5152 5153/5153 5154/5154
f 5152/5152 5154/5154 5151/5151
f 5152/5152 5151/5151 5150/5150
f 5155/5155 5153/5153 5152/5152
f 5152/5152 5156/5156 5155/5155
f 5157/5157 5154/5154 5158/5158
f 5151/5151 5154/5154 5157/5157
f 5151/5151 5157/5157 5159/5159
f 5160/5160 5161/5161 5162/5162
f 5163/5163 5164/5164 5162/5162
f 5163/5163 5162/5162 5161/5161
f 5163/5163 5161/5161 5165/5165
f 5164/5164 5163/5163 5155/5155
f 5155/5155 5166/5166 5164/5164
f 5167/5167 5168/5168 5165/5165
f 5161/5161 5167/5167 5165/5165
f 5161/5161 5169/5169 5167/5167
f 5170/5170 5171/5171 5172/5172
f 5173/5173 5174/5174 5175/5175
f 5175/5175 5176/5176 5173/5173
f 5177/5177 5178/5178 5179/5179
f 5179/5179 5180/5180 5177/5177
f 5181/5181 5182/5182 5183/5183
f 5183/5183 5184/5184 5181/5181
f 5181/5181 5172/5172 5171/5171
f 5171/5171 5182/5182 5181/5181
f 5176/5176 5175/5175 5178/5178
f 5178/5178 5177/5177 5176/5176
f 5184/5184 5183/5183 5174/5174
f 5174/5174 5173/5173 5184/5184
f 5185/5185 5186/5186 5187/5187
f 5188/5188 5189/5189 5190/5190
f 5190/5190 5191/5191 5188/5188
f 5192/5192 5193/5193 5194/5194
f 5194/5194 5195/5195 5192/5192
f 5196/5196 5197/5197 5198/5198
f 5198/5198 5199/5199 5196/5196
f 5196/5196 5187/5187 5186/5186
f 5186/5186 5197/5197 5196/5196
f 5191/5191 5190/5190 5192/5192
f 5192/5192 5195/5195 5191/5191
f 5199/5199 5198/5198 5189/5189
f 5189/5189 5188/5188 5199/5199
f 5200/5200 5201/5201 5202/5202
f 5203/5203 5204/5204 5205/5205
f 5205/5205 5206/5206 5203/5203
f 5207/5207 5208/5208 5209/5209
f 5209/5209 5210/5210 5207/5207
f 5211/5211 5212/5212 5213/5213
f 5213/5213 5214/5214 5211/5211
f 5213/5213 5212/5212 5202/5202
f 5202/5202 5201/5201 5213/5213
f 5208/5208 5203/5203 5206/5206
f 5206/5206 5209/5209 5208/5208
f 5204/5204 5211/5211 5214/5214
f 5214/5214 5205/5205 5204/5204
f 5215/5215 5216/5216 5217/5217
f 5218/5218 5219/5219 5220/5220
f 5220/5220 5221/5221 5218/5218
f 5222/5222 5223/5223 5224/5224
f 5224/5224 5225/5225 5222/5222
f 5226/5226 5227/5227 5228/5228
f 5228/5228 5229/5229 5226/5226
f 5228/5228 5227/5227 5217/5217
f 5217/5217 5216/5216 5228/5228
f 5222/5222 5218/5218 5221/5221
f 5221/5221 5223/5223 5222/5222
f 5219/5219 5226/5226 5229/5229
f 5229/5229 5220/5220 5219/5219
f 5230/5230 5231/5231 5232/5232
f 5232/5232 5233/5233 5230/5230
f 5234/5234 5235/5235 5236/5236
f 5236/5236 5237/5237 5234/5234
f 5238/5238 5239/5239 5240/5240
f 5240/5240 5241/5241 5238/5238
f 5242/5242 5243/5243 5244/5244
f 5244/5244 5245/5245 5242/5242
f 5246/5246 5247/5247 5248/5248
f 5248/5248 5249/5249 5246/5246
f 5250/5250 5251/5251 5252/5252
f 5252/5252 5253/5253 5250/5250
f 5254/5254 5255/5255 5256/5256
f 5256/5256 5257/5257 5254/5254
f 5258/5258 5259/5259 5260/5260
f 5260/5260 5261/5261 5258/5258
f 5262/5262 5263/5263 5264/5264
f 5264/5264 5265/5265 5262/5262
f 5266/5266 5267/5267 5268/5268
f 5268/5268 5269/5269 5266/5266
f 5270/5270 5271/5271 5272/5272
f 5272/5272 5273/5273 5270/5270
f 5274/5274 5275/5275 5276/5276
f 5276/5276 5277/5277 5274/5274
f 5278/5278 5279/5279 5280/5280
f 5280/5280 5281/5281 5278/5278
f 5282/5282 5283/5283 5284/5284
f 5284/5284 5285/5285 5282/5282
f 5286/5286 5287/5287 5288/5288
f 5288/5288 5289/5289 5286/5286
f 5260/5260 5290/5290 5291/5291
f 5291/5291 5261/5261 5260/5260
f 5292/5292 5293/5293 5294/5294
f 5294/5294 5295/5295 5292/5292
f 5293/5293 5296/5296 5297/5297
f 5297/5297 5294/5294 5293/5293
f 5296/5296 5298/5298 5299/5299
f 5299/5299 5297/5297 5296/5296
f 5300/5300 5301/5301 5302/5302
f 5302/5302 5303/5303 5300/5300
f 5304/5304 5305/5305 5300/5300
f 5300/5300 5303/5303 5304/5304
f 5306/5306 5307/5307 5305/5305
f 5305/5305 5304/5304 5306/5306
f 5308/5308 5309/5309 5310/5310
f 5310/5310 5311/5311 5308/5308
f 5312/5312 5313/5313 5309/5309
f 5309/5309 5308/5308 5312/5312
f 5311/5311 5310/5310 5314/5314
f 5314/5314 5315/5315 5311/5311
f 5316/5316 5317/5317 5318/5318
f 5318/5318 5319/5319 5316/5316
f 5320/5320 5321/5321 5317/5317
f 5317/5317 5316/5316 5320/5320
f 5319/5319 5318/5318 5322/5322
f 5322/5322 5323/5323 5319/5319
f 5324/5324 5325/5325 5292/5292
f 5292/5292 5295/5295 5324/5324
f 5326/5326 5327/5327 5325/5325
f 5325/5325 5324/5324 5326/5326
f 5328/5328 5329/5329 5327/5327
f 5327/5327 5326/5326 5328/5328
f 5330/5330 5331/5331 5302/5302
f 5302/5302 5301/5301 5330/5330
f 5330/5330 5332/5332 5333/5333
f 5333/5333 5331/5331 5330/5330
f 5332/5332 5334/5334 5335/5335
f 5335/5335 5333/5333 5332/5332
f 5336/5336 5337/5337 5338/5338
f 5338/5338 5339/5339 5336/5336
f 5337/5337 5340/5340 5341/5341
f 5341/5341 5338/5338 5337/5337
f 5314/5314 5336/5336 5339/5339
f 5339/5339 5315/5315 5314/5314
f 5342/5342 5343/5343 5344/5344
f 5344/5344 5345/5345 5342/5342
f 5343/5343 5346/5346 5347/5347
f 5347/5347 5344/5344 5343/5343
f 5345/5345 5323/5323 5322/5322
f 5322/5322 5342/5342 5345/5345
f 5348/5348 5349/5349 5350/5350
f 5350/5350 5351/5351 5348/5348
f 5352/5352 5353/5353 5349/5349
f 5349/5349 5348/5348 5352/5352
f 5299/5299 5298/5298 5353/5353
f 5353/5353 5352/5352 5299/5299
f 5354/5354 5355/5355 5356/5356
f 5356/5356 5357/5357 5354/5354
f 5354/5354 5358/5358 5359/5359
f 5359/5359 5355/5355 5354/5354
f 5358/5358 5307/5307 5306/5306
f 5306/5306 5359/5359 5358/5358
f 5360/5360 5361/5361 5362/5362
f 5362/5362 5363/5363 5360/5360
f 5361/5361 5313/5313 5312/5312
f 5312/5312 5362/5362 5361/5361
f 5364/5364 5360/5360 5363/5363
f 5363/5363 5365/5365 5364/5364
f 5366/5366 5367/5367 5368/5368
f 5368/5368 5369/5369 5366/5366
f 5367/5367 5321/5321 5320/5320
f 5320/5320 5368/5368 5367/5367
f 5369/5369 5370/5370 5371/5371
f 5371/5371 5366/5366 5369/5369
f 5350/5350 5372/5372 5373/5373
f 5373/5373 5351/5351 5350/5350
f 5372/5372 5374/5374 5375/5375
f 5375/5375 5373/5373 5372/5372
f 5374/5374 5329/5329 5328/5328
f 5328/5328 5375/5375 5374/5374
f 5376/5376 5357/5357 5356/5356
f 5356/5356 5377/5377 5376/5376
f 5378/5378 5379/5379 5376/5376
f 5376/5376 5377/5377 5378/5378
f 5335/5335 5334/5334 5379/5379
f 5379/5379 5378/5378 5335/5335
f 5380/5380 5381/5381 5382/5382
f 5382/5382 5383/5383 5380/5380
f 5341/5341 5340/5340 5381/5381
f 5381/5381 5380/5380 5341/5341
f 5383/5383 5382/5382 5364/5364
f 5364/5364 5365/5365 5383/5383
f 5384/5384 5385/5385 5386/5386
f 5386/5386 5387/5387 5384/5384
f 5347/5347 5346/5346 5385/5385
f 5385/5385 5384/5384 5347/5347
f 5387/5387 5386/5386 5371/5371
f 5371/5371 5370/5370 5387/5387
f 5388/5388 5389/5389 5390/5390
f 5391/5391 5392/5392 5393/5393
f 5394/5394 5392/5392 5395/5395
f 5392/5392 5396/5396 5397/5397
f 5398/5398 5389/5389 5399/5399
f 5400/5400 5401/5401 5389/5389
f 5402/5402 5403/5403 5404/5404
f 5405/5405 5406/5406 5407/5407
f 5408/5408 5409/5409 5407/5407
f 5407/5407 5410/5410 5411/5411
f 5412/5412 5413/5413 5404/5404
f 5414/5414 5404/5404 5415/5415
f 5416/5416 5417/5417 5392/5392
f 5418/5418 5419/5419 5389/5389
f 5420/5420 5421/5421 5389/5389
f 5389/5389 5422/5422 5423/5423
f 5424/5424 5425/5425 5392/5392
f 5426/5426 5392/5392 5427/5427
f 5428/5428 5407/5407 5429/5429
f 5430/5430 5404/5404 5431/5431
f 5432/5432 5404/5404 5433/5433
f 5404/5404 5434/5434 5435/5435
f 5436/5436 5407/5407 5437/5437
f 5438/5438 5439/5439 5407/5407
f 5440/5440 5441/5441 5442/5442
f 5442/5442 5443/5443 5440/5440
f 5442/5442 5444/5444 5443/5443
f 5443/5443 5444/5444 5445/5445
f 5445/5445 5446/5446 5443/5443
f 5447/5447 5440/5440 5443/5443
f 5443/5443 5446/5446 5447/5447
f 5448/5448 5444/5444 5442/5442
f 5449/5449 5450/5450 5451/5451
f 5451/5451 5452/5452 5449/5449
f 5451/5451 5453/5453 5452/5452
f 5452/5452 5453/5453 5454/5454
f 5454/5454 5455/5455 5452/5452
f 5456/5456 5449/5449 5452/5452
f 5452/5452 5455/5455 5456/5456
f 5457/5457 5453/5453 5451/5451
f 5458/5458 5459/5459 5460/5460
f 5460/5460 5461/5461 5458/5458
f 5460/5460 5462/5462 5461/5461
f 5461/5461 5462/5462 5463/5463
f 5463/5463 5464/5464 5461/5461
f 5465/5465 5458/5458 5461/5461
f 5461/5461 5464/5464 5465/5465
f 5466/5466 5462/5462 5460/5460
f 5467/5467 5468/5468 5469/5469
f 5469/5469 5470/5470 5467/5467
f 5469/5469 5471/5471 5470/5470
f 5470/5470 5471/5471 5472/5472
f 5472/5472 5473/5473 5470/5470
f 5474/5474 5467/5467 5470/5470
f 5470/5470 5473/5473 5474/5474
f 5475/5475 5471/5471 5469/5469
f 5476/5476 5477/5477 5478/5478
f 5478/5478 5479/5479 5476/5476
f 5478/5478 5477/5477 5480/5480
f 5445/5445 5480/5480 5477/5477
f 5477/5477 5446/5446 5445/5445
f 5477/5477 5476/5476 5481/5481
f 5481/5481 5446/5446 5477/5477
f 5482/5482 5478/5478 5480/5480
f 5483/5483 5484/5484 5485/5485
f 5485/5485 5486/5486 5483/5483
f 5485/5485 5484/5484 5487/5487
f 5488/5488 5487/5487 5484/5484
f 5484/5484 5489/5489 5488/5488
f 5484/5484 5483/5483 5490/5490
f 5490/5490 5489/5489 5484/5484
f 5491/5491 5485/5485 5487/5487
f 5492/5492 5493/5493 5494/5494
f 5494/5494 5495/5495 5492/5492
f 5494/5494 5493/5493 5496/5496
f 5497/5497 5496/5496 5493/5493
f 5493/5493 5498/5498 5497/5497
f 5493/5493 5492/5492 5499/5499
f 5499/5499 5498/5498 5493/5493
f 5500/5500 5494/5494 5496/5496
f 5501/5501 5502/5502 5503/5503
f 5503/5503 5504/5504 5501/5501
f 5503/5503 5502/5502 5505/5505
f 5506/5506 5505/5505 5502/5502
f 5502/5502 5507/5507 5506/5506
f 5502/5502 5501/5501 5508/5508
f 5508/5508 5507/5507 5502/5502
f 5509/5509 5503/5503 5505/5505
f 5510/5510 5511/5511 5512/5512
f 5512/5512 5513/5513 5510/5510
f 5514/5514 5515/5515 5516/5516
f 5516/5516 5517/5517 5514/5514
f 5518/5518 5519/5519 5516/5516
f 5516/5516 5515/5515 5518/5518
f 5515/5515 5511/5511 5520/5520
f 5520/5520 5518/5518 5515/5515
f 5510/5510 5521/5521 5520/5520
f 5520/5520 5511/5511 5510/5510
f 5511/5511 5515/5515 5514/5514
f 5514/5514 5512/5512 5511/5511
f 5510/5510 5513/5513 5522/5522
f 5522/5522 5523/5523 5510/5510
f 5524/5524 5517/5517 5516/5516
f 5516/5516 5525/5525 5524/5524
f 5526/5526 5525/5525 5516/5516
f 5516/5516 5519/5519 5526/5526
f 5527/5527 5523/5523 5525/5525
f 5525/5525 5526/5526 5527/5527
f 5527/5527 5521/5521 5510/5510
f 5510/5510 5523/5523 5527/5527
f 5523/5523 5522/5522 5524/5524
f 5524/5524 5525/5525 5523/5523
f 5528/5528 5529/5529 5530/5530
f 5530/5530 5531/5531 5528/5528
f 5530/5530 5529/5529 5532/5532
f 5533/5533 5532/5532 5529/5529
f 5529/5529 5534/5534 5533/5533
f 5529/5529 5528/5528 5535/5535
f 5535/5535 5534/5534 5529/5529
f 5536/5536 5530/5530 5532/5532
f 5537/5537 5538/5538 5539/5539
f 5539/5539 5540/5540 5537/5537
f 5539/5539 5538/5538 5541/5541
f 5542/5542 5541/5541 5538/5538
f 5538/5538 5543/5543 5542/5542
f 5538/5538 5537/5537 5544/5544
f 5544/5544 5543/5543 5538/5538
f 5545/5545 5539/5539 5541/5541
f 5546/5546 5547/5547 5548/5548
f 5548/5548 5549/5549 5546/5546
f 5548/5548 5547/5547 5550/5550
f 5551/5551 5550/5550 5547/5547
f 5547/5547 5552/5552 5551/5551
f 5547/5547 5546/5546 5553/5553
f 5553/5553 5552/5552 5547/5547
f 5554/5554 5548/5548 5550/5550
f 5555/5555 5556/5556 5557/5557
f 5557/5557 5558/5558 5555/5555
f 5557/5557 5556/5556 5559/5559
f 5560/5560 5559/5559 5556/5556
f 5556/5556 5561/5561 5560/5560
f 5556/5556 5555/5555 5562/5562
f 5562/5562 5561/5561 5556/5556
f 5563/5563 5557/5557 5559/5559
f 5564/5564 5565/5565 5566/5566
f 5566/5566 5567/5567 5564/5564
f 5566/5566 5568/5568 5567/5567
f 5567/5567 5568/5568 5533/5533
f 5533/5533 5534/5534 5567/5567
f 5569/5569 5564/5564 5567/5567
f 5567/5567 5534/5534 5569/5569
f 5570/5570 5568/5568 5566/5566
f 5571/5571 5572/5572 5573/5573
f 5573/5573 5574/5574 5571/5571
f 5573/5573 5575/5575 5574/5574
f 5574/5574 5575/5575 5576/5576
f 5576/5576 5577/5577 5574/5574
f 5578/5578 5571/5571 5574/5574
f 5574/5574 5577/5577 5578/5578
f 5579/5579 5575/5575 5573/5573
f 5580/5580 5581/5581 5582/5582
f 5582/5582 5583/5583 5580/5580
f 5582/5582 5584/5584 5583/5583
f 5583/5583 5584/5584 5585/5585
f 5585/5585 5586/5586 5583/5583
f 5587/5587 5580/5580 5583/5583
f 5583/5583 5586/5586 5587/5587
f 5588/5588 5584/5584 5582/5582
f 5589/5589 5590/5590 5591/5591
f 5591/5591 5592/5592 5589/5589
f 5591/5591 5593/5593 5592/5592
f 5592/5592 5593/5593 5594/5594
f 5594/5594 5595/5595 5592/5592
f 5596/5596 5589/5589 5592/5592
f 5592/5592 5595/5595 5596/5596
f 5597/5597 5593/5593 5591/5591
f 5598/5598 5599/5599 5600/5600
f 5600/5600 5601/5601 5598/5598
f 5602/5602 5603/5603 5604/5604
f 5604/5604 5605/5605 5602/5602
f 5606/5606 5605/5605 5604/5604
f 5604/5604 5607/5607 5606/5606
f 5608/5608 5601/5601 5605/5605
f 5605/5605 5606/5606 5608/5608
f 5608/5608 5609/5609 5598/5598
f 5598/5598 5601/5601 5608/5608
f 5601/5601 5600/5600 5602/5602
f 5602/5602 5605/5605 5601/5601
f 5598/5598 5610/5610 5611/5611
f 5611/5611 5599/5599 5598/5598
f 5612/5612 5613/5613 5604/5604
f 5604/5604 5603/5603 5612/5612
f 5614/5614 5607/5607 5604/5604
f 5604/5604 5613/5613 5614/5614
f 5613/5613 5610/5610 5615/5615
f 5615/5615 5614/5614 5613/5613
f 5598/5598 5609/5609 5615/5615
f 5615/5615 5610/5610 5598/5598
f 5610/5610 5613/5613 5612/5612
f 5612/5612 5611/5611 5610/5610
f 5616/5616 5617/5617 5618/5618
f 5618/5618 5619/5619 5616/5616
f 5620/5620 5619/5619 5618/5618
f 5620/5620 5618/5618 5621/5621
f 5621/5621 5618/5618 5622/5622
f 5623/5623 5619/5619 5620/5620
f 5621/5621 5624/5624 5620/5620
f 5624/5624 5623/5623 5620/5620
f 5625/5625 5624/5624 5621/5621
f 5626/5626 5623/5623 5624/5624
f 5623/5623 5626/5626 5627/5627
f 5627/5627 5626/5626 5628/5628
f 5627/5627 5619/5619 5623/5623
f 5622/5622 5629/5629 5621/5621
f 5630/5630 5629/5629 5622/5622
f 5629/5629 5630/5630 5631/5631
f 5631/5631 5630/5630 5632/5632
f 5633/5633 5629/5629 5631/5631
f 5632/5632 5630/5630 5617/5617
f 5617/5617 5634/5634 5632/5632
f 5627/5627 5628/5628 5635/5635
f 5635/5635 5636/5636 5627/5627
f 5619/5619 5627/5627 5636/5636
f 5636/5636 5637/5637 5619/5619
f 5636/5636 5638/5638 5637/5637
f 5639/5639 5638/5638 5636/5636
f 5640/5640 5639/5639 5636/5636
f 5640/5640 5636/5636 5635/5635
f 5641/5641 5639/5639 5640/5640
f 5642/5642 5639/5639 5641/5641
f 5641/5641 5643/5643 5642/5642
f 5642/5642 5638/5638 5639/5639
f 5644/5644 5642/5642 5643/5643
f 5642/5642 5645/5645 5638/5638
f 5638/5638 5645/5645 5646/5646
f 5647/5647 5648/5648 5649/5649
f 5650/5650 5648/5648 5647/5647
f 5651/5651 5648/5648 5650/5650
f 5648/5648 5652/5652 5645/5645
f 5651/5651 5652/5652 5648/5648
f 5652/5652 5653/5653 5645/5645
f 5654/5654 5646/5646 5645/5645
f 5645/5645 5655/5655 5648/5648
f 5655/5655 5644/5644 5649/5649
f 5649/5649 5648/5648 5655/5655
f 5642/5642 5644/5644 5655/5655
f 5645/5645 5642/5642 5655/5655
f 5656/5656 5651/5651 5650/5650
f 5657/5657 5656/5656 5658/5658
f 5659/5659 5656/5656 5657/5657
f 5659/5659 5651/5651 5656/5656
f 5660/5660 5657/5657 5658/5658
f 5660/5660 5661/5661 5657/5657
f 5657/5657 5661/5661 5662/5662
f 5657/5657 5663/5663 5659/5659
f 5659/5659 5663/5663 5651/5651
f 5651/5651 5663/5663 5652/5652
f 5664/5664 5657/5657 5662/5662
f 5657/5657 5664/5664 5663/5663
f 5652/5652 5663/5663 5653/5653
f 5665/5665 5663/5663 5664/5664
f 5653/5653 5663/5663 5665/5665
f 5638/5638 5646/5646 5637/5637
f 5622/5622 5618/5618 5617/5617
f 5630/5630 5622/5622 5617/5617
f 5621/5621 5666/5666 5625/5625
f 5629/5629 5666/5666 5621/5621
f 5631/5631 5632/5632 5667/5667
f 5667/5667 5668/5668 5631/5631
f 5633/5633 5631/5631 5668/5668
f 5668/5668 5669/5669 5633/5633
f 5634/5634 5667/5667 5632/5632
f 5637/5637 5646/5646 5616/5616
f 5616/5616 5619/5619 5637/5637
f 5653/5653 5654/5654 5645/5645
f 5670/5670 5671/5671 5672/5672
f 5672/5672 5673/5673 5670/5670
f 5674/5674 5672/5672 5671/5671
f 5674/5674 5675/5675 5672/5672
f 5675/5675 5676/5676 5672/5672
f 5677/5677 5674/5674 5671/5671
f 5675/5675 5674/5674 5678/5678
f 5678/5678 5674/5674 5677/5677
f 5679/5679 5675/5675 5678/5678
f 5680/5680 5678/5678 5677/5677
f 5677/5677 5681/5681 5680/5680
f 5681/5681 5682/5682 5680/5680
f 5681/5681 5677/5677 5671/5671
f 5676/5676 5675/5675 5683/5683
f 5684/5684 5676/5676 5683/5683
f 5683/5683 5685/5685 5684/5684
f 5685/5685 5686/5686 5684/5684
f 5687/5687 5685/5685 5683/5683
f 5673/5673 5684/5684 5686/5686
f 5686/5686 5634/5634 5673/5673
f 5681/5681 5688/5688 5682/5682
f 5688/5688 5681/5681 5689/5689
f 5671/5671 5689/5689 5681/5681
f 5689/5689 5671/5671 5690/5690
f 5689/5689 5690/5690 5691/5691
f 5692/5692 5689/5689 5691/5691
f 5693/5693 5689/5689 5692/5692
f 5693/5693 5688/5688 5689/5689
f 5694/5694 5693/5693 5692/5692
f 5695/5695 5694/5694 5692/5692
f 5694/5694 5695/5695 5696/5696
f 5695/5695 5692/5692 5691/5691
f 5697/5697 5696/5696 5695/5695
f 5695/5695 5691/5691 5698/5698
f 5691/5691 5699/5699 5698/5698
f 5700/5700 5701/5701 5702/5702
f 5703/5703 5700/5700 5702/5702
f 5704/5704 5703/5703 5702/5702
f 5702/5702 5698/5698 5705/5705
f 5704/5704 5702/5702 5705/5705
f 5705/5705 5698/5698 5706/5706
f 5707/5707 5698/5698 5699/5699
f 5698/5698 5702/5702 5708/5708
f 5701/5701 5697/5697 5708/5708
f 5708/5708 5702/5702 5701/5701
f 5695/5695 5708/5708 5697/5697
f 5698/5698 5708/5708 5695/5695
f 5709/5709 5703/5703 5704/5704
f 5710/5710 5711/5711 5709/5709
f 5712/5712 5710/5710 5709/5709
f 5712/5712 5709/5709 5704/5704
f 5713/5713 5711/5711 5710/5710
f 5713/5713 5710/5710 5661/5661
f 5710/5710 5662/5662 5661/5661
f 5710/5710 5712/5712 5714/5714
f 5712/5712 5704/5704 5714/5714
f 5704/5704 5705/5705 5714/5714
f 5664/5664 5662/5662 5710/5710
f 5710/5710 5714/5714 5664/5664
f 5705/5705 5706/5706 5714/5714
f 5665/5665 5664/5664 5714/5714
f 5706/5706 5715/5715 5714/5714
f 5691/5691 5690/5690 5699/5699
f 5676/5676 5673/5673 5672/5672
f 5684/5684 5673/5673 5676/5676
f 5675/5675 5679/5679 5716/5716
f 5683/5683 5675/5675 5716/5716
f 5667/5667 5686/5686 5685/5685
f 5685/5685 5668/5668 5667/5667
f 5668/5668 5685/5685 5687/5687
f 5687/5687 5669/5669 5668/5668
f 5634/5634 5686/5686 5667/5667
f 5690/5690 5671/5671 5670/5670
f 5670/5670 5699/5699 5690/5690
f 5717/5717 5698/5698 5707/5707
f 5518/5518 5718/5718 5519/5519
f 5519/5519 5718/5718 5526/5526
f 5607/5607 5719/5719 5606/5606
f 5614/5614 5719/5719 5607/5607

g tx_UV
v 101.333600 115.464100 211.494900
v 130.947600 134.285400 234.884900
v 117.539600 135.583800 239.820500
v 95.014990 120.996200 219.067000
v 175.534700 162.158900 257.626400
v 183.234100 162.144800 269.918500
v 170.013800 159.826100 276.855500
v 160.461400 157.102100 270.602300
v 149.759400 146.546300 244.861900
v 136.629400 146.146900 254.020500
v 164.169600 156.216900 251.149000
v 147.999500 152.428300 262.525700
v 92.216940 125.441300 212.041700
v 116.522300 149.983700 235.343800
v 171.436900 172.209100 271.699600
v 162.191200 175.080100 264.916700
v 134.054800 164.652300 244.891000
v 149.833500 174.865500 255.029100
v 185.335000 164.636500 289.074200
v 102.200300 104.093700 151.411200
v 103.173100 105.675300 158.271000
v 88.836760 93.491060 161.116700
v 86.757770 90.586210 152.340600
v 66.987430 78.112300 157.813300
v 70.032140 80.675700 165.885000
v 62.441160 76.398320 171.389800
v 54.382660 69.973830 160.709400
v 89.525030 96.993820 170.323900
v 102.963800 108.643200 165.904000
v 65.363710 79.091900 174.742600
v 72.655000 85.350450 173.359700
v 118.009200 120.540000 157.064300
v 115.774500 121.223500 203.465400
v 128.366800 130.163500 217.970700
v 124.848500 124.853100 224.015700
v 111.692800 115.330100 211.806000
v 80.374530 99.486080 188.200300
v 93.403530 106.720400 192.135700
v 90.685360 102.358200 198.664700
v 80.407240 97.424320 194.041100
v 119.595600 121.303400 229.993100
v 105.455300 111.261500 220.460800
v 79.753020 95.790160 199.681600
v 86.672130 100.265900 207.553600
v 136.686800 137.133100 237.113100
v 113.784000 121.076800 179.427000
v 129.962800 134.312400 189.740200
v 126.783900 129.220200 198.052900
v 110.716600 116.078700 190.730400
v 72.141170 90.893210 178.677700
v 87.562460 101.244900 175.079300
v 86.397480 98.739560 183.024200
v 74.147870 91.078130 184.422900
v 121.744200 125.025200 207.402900
v 105.601300 112.310900 202.370400
v 75.452760 91.646030 190.219300
v 84.574310 98.924800 193.968500
v 141.534100 145.411500 209.469300
v 86.559500 87.348340 141.992800
v 87.367240 88.325360 147.513900
v 75.889620 79.353340 150.079300
v 74.147090 77.141820 142.918100
v 58.934520 68.031880 149.165400
v 60.625850 69.722500 153.926100
v 54.386000 66.839170 158.284200
v 51.655470 64.776120 155.697800
v 76.541100 83.191160 157.631100
v 87.261600 90.929440 153.749200
v 56.790980 69.035750 160.890900
v 62.761580 74.300490 159.949700
v 99.786600 101.606100 146.404400
v 99.744470 112.603800 212.560100
v 141.645400 138.990000 248.159400
v 120.366500 127.760300 261.669000
v 90.233020 109.042200 224.632800
v 200.485600 158.510000 309.162900
v 206.109800 157.528600 329.895700
v 187.143300 149.181900 336.668500
v 173.562700 147.773100 319.301700
v 168.522300 151.556600 269.622600
v 143.020100 138.155700 285.558600
v 188.144700 158.279500 287.763500
v 157.129900 142.913400 300.770800
v 88.109580 122.396000 214.476800
v 124.216100 162.486200 247.024900
v 191.784400 172.401400 334.421700
v 181.794200 178.598500 311.148500
v 146.954700 177.633000 267.014600
v 166.007200 182.784500 287.646500
v 206.421000 145.456200 367.610400
v 119.537200 129.247700 194.790500
v 111.435700 137.520200 206.313400
v 95.755400 129.379000 200.771200
v 99.731420 121.982100 191.467800
v 185.354100 182.141600 178.362200
v 198.616100 190.144200 183.093900
v 189.015100 191.635400 200.797000
v 173.253100 182.541500 206.566800
v 143.518300 147.601400 192.999800
v 134.273700 155.242700 212.977100
v 164.983700 166.724500 186.580600
v 156.093700 172.304200 211.368300
v 105.332800 150.832400 194.019500
v 90.723340 131.914000 191.897100
v 170.836600 201.379600 177.956000
v 187.195500 204.431900 179.999200
v 127.207700 171.202900 189.809700
v 153.806000 195.130300 182.177900
v 215.614300 209.593200 189.249700
v 120.302900 124.167600 230.657600
v 126.893400 120.284700 251.566100
v 121.826700 113.744700 250.437300
v 114.862400 116.538300 232.812100
v 79.766000 98.431170 193.687400
v 101.018200 114.584700 209.452800
v 96.462920 108.091600 212.977300
v 79.495740 96.139470 197.705200
v 116.222000 110.516100 250.935200
v 107.593100 111.052900 236.127200
v 91.412730 104.680300 217.941100
v 77.723690 95.032470 201.926600
v 126.768900 110.002100 275.149600
v 101.111400 122.489900 199.897800
v 117.303700 127.689000 205.875300
v 108.767400 132.902200 215.631300
v 96.370450 127.195700 208.046300
v 169.263200 170.615100 207.605000
v 182.519400 178.523500 211.869000
v 170.807000 176.002300 230.138900
v 157.726600 168.935900 231.283100
v 137.035400 142.251000 209.247800
v 126.602300 145.892000 226.391000
v 154.846900 158.413400 208.911300
v 144.181600 159.552100 230.332400
v 104.656300 145.558000 206.081300
v 92.293020 132.796900 200.385300
v 159.094400 187.811300 210.540300
v 170.106100 188.159100 213.144900
v 122.647000 161.996000 207.880300
v 144.275300 181.567100 208.246900
v 188.804000 186.030700 228.920900
v 121.431200 125.216000 164.245000
v 121.161500 125.145900 173.057400
v 103.328000 108.746700 173.830700
v 102.308300 108.093200 162.233400
v 63.823470 81.664580 177.482100
v 76.590980 89.432210 168.418900
v 78.251540 90.066690 176.392100
v 67.594560 83.910580 182.236200
v 119.079300 123.659300 183.121500
v 102.444500 109.242700 186.213100
v 70.723700 86.587300 187.118800
v 80.243450 94.618720 186.781600
v 139.330800 145.811800 174.485400
v 98.244870 105.069200 154.875700
v 108.285100 126.245000 163.499700
v 99.421980 118.818200 168.167700
v 90.769070 102.105100 159.582000
v 119.339100 122.665700 125.766600
v 124.170000 133.047300 126.748000
v 121.399800 132.134400 135.824300
v 112.438000 116.581000 130.253400
v 103.420900 108.239600 147.498100
v 116.710100 132.741900 152.786800
v 119.892200 133.155300 143.227000
v 107.536500 111.801500 138.516500
v 93.075090 116.071500 151.306400
v 87.311880 109.183400 158.021200
v 115.117500 129.571700 123.097700
v 108.554300 126.933500 127.768700
v 97.294330 119.826400 143.242100
v 102.671500 124.416900 132.263600
v 128.463600 134.676800 118.715100
v 111.876900 123.927800 172.111600
v 109.938400 135.726800 183.067300
v 96.131160 127.544200 182.342400
v 98.935360 121.131700 173.782600
v 155.939400 149.777900 140.354300
v 170.646200 159.501300 137.599300
v 171.241400 172.196100 147.184100
v 160.058700 170.132200 161.690400
v 128.414200 133.297100 163.364500
v 127.662100 149.811900 178.586300
v 145.030200 162.399400 170.123000
v 138.745900 137.146100 150.060700
v 101.227800 143.316800 169.813500
v 91.356040 132.231400 173.638800
v 146.008200 166.781900 138.914800
v 161.948700 171.547800 134.179300
v 116.106800 154.053000 159.291300
v 130.779800 160.956600 143.474200
v 187.740200 176.884400 133.054000
v 71.256130 77.579690 143.818900
v 77.506190 92.289550 154.964200
v 70.672370 87.131520 156.950400
v 65.704300 76.155080 147.399700
v 95.891980 100.062200 124.697000
v 98.799260 108.802200 128.870000
v 93.489690 103.917400 134.530000
v 89.035930 93.358940 126.200200
v 78.252780 82.944250 138.493700
v 85.756940 99.689150 148.055000
v 89.806210 101.823900 139.736100
v 83.320000 87.528790 130.925800
v 67.110690 87.766890 142.358500
v 62.704940 82.476100 146.924400
v 92.319100 106.349300 123.030900
v 85.497440 102.424900 125.524500
v 73.403220 93.812560 136.397300
v 80.084070 99.826780 127.731000
v 105.081400 114.266300 124.574900
v 47.155870 75.309680 137.157000
v 50.110130 85.964010 135.333200
v 49.824420 85.647130 131.737700
v 46.254040 74.364090 132.495400
v 43.714940 55.654560 142.200900
v 44.546560 61.247770 139.587300
v 43.721700 60.314250 136.452700
v 42.706250 53.758400 140.398900
v 51.666660 85.280920 139.550400
v 49.430680 75.087840 142.205000
v 44.922120 57.317540 144.023400
v 46.983430 62.510880 143.612500
v 56.249230 96.251390 134.575400
v 54.395890 83.015390 140.865600
v 57.231350 97.079920 138.342300
v 56.537390 94.485190 133.824500
v 52.722920 79.107390 135.097400
v 49.096680 63.004440 150.376400
v 50.518470 67.502900 145.543300
v 48.960620 64.731330 142.039700
v 47.508680 59.830600 148.794600
v 57.925370 85.299130 146.858000
v 59.829890 98.225920 143.363300
v 50.925120 65.865080 152.156800
v 54.149350 71.012410 150.284400
v 64.469440 110.400200 135.602700
v 58.382440 98.836980 148.166200
v 65.073370 112.708300 143.214900
v 65.503660 110.703600 138.017400
v 57.660360 95.863720 141.374100
v 51.255750 70.535690 157.930500
v 52.816280 78.662900 153.405600
v 51.553960 76.626040 148.822300
v 49.799720 67.103650 155.469900
v 67.682470 112.189200 149.961100
v 62.562530 98.639610 155.847700
v 53.141590 73.286480 160.493500
v 56.764140 81.109470 159.409400
v 77.144970 125.576700 139.986200
v 72.273160 111.304900 157.131100
v 78.993130 129.865600 151.092600
v 80.238590 126.670900 144.751900
v 71.981260 106.945900 148.670800
v 60.063820 79.026370 170.959100
v 62.157880 89.441660 164.365900
v 61.092540 84.824820 156.566000
v 54.473440 70.154790 160.576200
v 81.238170 130.311400 159.565900
v 76.400870 111.528800 167.348500
v 62.302830 82.443190 174.169100
v 67.394730 91.143790 172.400600
v 91.072110 150.739400 147.656400
v 83.953750 128.484800 168.395000
v 96.649280 152.169700 164.758700
v 98.598910 150.190400 156.262300
v 84.572990 125.888500 156.991300
v 64.665650 80.732000 177.597400
v 66.508400 84.989310 182.067900
v 70.401210 98.402130 174.799600
v 70.539120 96.250850 167.170000
v 98.058840 148.057100 176.563000
v 86.512280 126.528900 182.208300
v 68.776190 88.516400 186.834600
v 74.875520 100.238100 185.815300
v 113.580900 172.969700 165.120500
v 96.071320 140.932500 173.859600
v 90.821430 137.521600 184.993700
v 100.907100 157.224800 190.062900
v 105.296900 160.895900 181.545800
v 72.342880 90.643810 178.788700
v 72.512480 92.744180 184.192000
v 78.526120 107.107700 181.438600
v 80.424890 108.896200 173.539400
v 99.390080 149.657900 201.267500
v 89.757520 129.653300 198.646900
v 79.113170 104.612700 193.040100
v 73.063630 94.041580 189.873600
v 114.181400 174.638500 200.936600
v 97.249270 141.648900 198.398400
v 91.919720 137.196400 206.827600
v 99.037450 153.182800 217.516700
v 102.905600 157.854600 211.088900
v 79.662420 100.070200 188.217200
v 77.997260 99.788760 193.729100
v 81.960230 111.486500 197.090300
v 85.196850 114.992900 190.459500
v 96.982670 146.475200 224.875400
v 89.343620 128.919400 216.968900
v 76.729540 98.747280 199.281900
v 80.594950 106.469600 206.643600
v 108.727800 167.874500 230.411500
v 99.274640 147.470700 226.039000
v 94.123940 139.898500 228.510900
v 95.448680 145.929300 245.753200
v 100.410000 152.313000 246.742600
v 78.895850 99.091700 193.662600
v 76.995770 98.539930 197.385800
v 86.680150 117.559500 211.256900
v 91.756410 123.950000 207.584800
v 93.329350 138.900700 247.168400
v 90.927380 129.935100 232.995300
v 84.594960 111.510200 217.033000
v 76.208370 96.326170 201.790200
v 96.793020 146.517400 272.787800
v 71.284870 76.317220 131.863500
v 72.956110 77.880390 136.308200
v 64.225360 71.203450 140.608000
v 61.514600 68.374430 134.998600
v 45.795600 60.706910 149.566800
v 50.467440 62.197910 142.910600
v 52.684490 64.280010 146.544000
v 48.457500 62.752250 151.225300
v 66.128650 75.494570 146.598800
v 74.032020 80.951520 141.391400
v 50.857710 65.120650 152.941400
v 55.472140 68.941670 150.992000
v 82.647230 87.907690 132.790800
v 65.440060 68.415460 134.812900
v 65.393110 69.205340 138.320400
v 57.600990 63.652960 139.084700
v 57.201770 62.008170 134.509200
v 46.615420 56.608540 137.147500
v 47.230160 57.849650 140.250700
v 42.715820 56.282150 142.402900
v 41.197310 54.909400 140.561600
v 57.288620 66.372090 143.718600
v 64.707830 71.082800 142.115600
v 44.037690 57.905990 144.200000
v 48.050990 60.988980 144.058100
v 73.624760 77.324870 138.333800
v 106.503900 120.040600 161.930600
v 109.676200 133.394600 170.528200
v 98.297310 123.787400 173.402200
v 96.924740 116.773000 166.482200
v 141.424000 140.339900 131.082500
v 144.624200 150.216900 134.775400
v 136.986700 147.031800 143.977100
v 132.089200 133.762700 135.272000
v 114.635100 122.945400 151.869300
v 123.367900 143.183600 161.480500
v 131.471800 146.113800 151.854700
v 123.083700 127.522300 142.143600
v 100.329600 131.597300 159.937800
v 92.589740 123.870200 166.059600
v 136.347900 147.562500 129.110500
v 126.787800 144.322900 134.211700
v 107.498800 135.350500 149.082100
v 118.115900 141.210400 137.430600
v 153.520500 153.749000 127.050700
v 131.687000 136.158000 225.697300
v 121.512800 138.995700 234.989000
v 96.484620 121.168000 215.016800
v 102.362200 117.806000 207.107400
v 183.437600 174.556400 231.415500
v 194.676500 180.328300 240.120500
v 183.023800 176.942200 253.134900
v 170.131200 169.721700 252.624100
v 152.206800 151.670600 230.941200
v 139.509000 150.761800 247.272500
v 170.572500 165.905100 230.374500
v 155.913900 162.112800 251.866700
v 118.192000 153.305200 226.429100
v 93.151730 127.758500 207.569300
v 171.372700 190.213800 237.492800
v 181.728900 189.743200 241.697200
v 137.040300 170.802700 230.308700
v 157.339000 186.570600 232.270200
v 198.891200 184.354400 256.990700
v 77.940230 87.484170 201.200600
v 68.545010 90.029690 212.854900
v 58.095280 78.399030 176.634400
v 108.862600 107.322000 227.991300
v 92.073590 99.595340 233.397900
v 89.315930 96.160030 222.262400
v 109.564300 107.057400 214.234400
v 79.464830 99.518970 236.707300
v 75.595850 96.198580 225.178500
v 89.396550 95.077000 210.473100
v 60.762730 63.968590 150.829600
v 77.684840 79.765780 176.133500
v 68.301310 77.457910 176.389800
v 54.290060 62.872650 154.497700
v 49.974600 82.660530 146.732700
v 60.782460 99.892620 165.511800
v 60.762730 63.968590 150.829600
v 66.655310 103.447300 194.301900
v 58.095280 78.399030 176.634400
v 68.545010 90.029690 212.854900
v 76.810760 112.036200 222.300700
v 80.118700 112.889400 234.438000
v 90.649280 132.138800 231.615900
v 87.559910 132.258900 217.187500
v 75.595850 96.198580 225.178500
v 79.464830 99.518970 236.707300
v 71.404840 108.148600 210.644300
v 56.881250 90.388130 169.560900
v 60.782460 99.892620 165.511800
v 49.974600 82.660530 146.732700
v 45.432340 74.510330 151.715700
v 45.916030 64.512530 156.274800
v 45.971870 54.511990 143.655900
v 49.906440 54.669010 139.693800
v 49.906440 54.669010 139.693800
v 43.006400 72.819600 139.484100
v 45.916030 64.512530 156.274800
v 43.006400 72.819600 139.484100
v 39.945170 65.608700 144.133400
v 38.579590 56.800960 147.911700
v 38.579590 56.800960 147.911700
v 36.549610 50.061870 135.537800
v 36.549610 50.061870 135.537800
v 102.416900 106.563300 242.226500
v 84.206570 99.093390 263.130800
v 102.351800 102.878800 202.425000
v 85.731700 88.529850 196.913100
v 108.862600 107.322000 227.991300
v 109.564300 107.057400 214.234400
v 94.179910 114.579100 226.477900
v 102.416900 106.563300 242.226500
v 102.351800 102.878800 202.425000
v 84.206570 99.093390 263.130800
v 84.206570 99.093390 263.130800
v 89.843460 121.991100 248.111400
v 78.359760 123.436000 203.560600
v 90.649280 132.138800 231.615900
v 87.559910 132.258900 217.187500
v 89.843460 121.991100 248.111400
v 78.359760 123.436000 203.560600
v 77.684840 79.765780 176.133500
v 36.549610 50.061870 135.537800
v 70.555530 111.932600 185.872600
v 85.731700 88.529850 196.913100
v 70.555530 111.932600 185.872600
v 102.199500 124.515900 179.226500
v 115.304500 126.788900 180.817200
v 109.748300 134.597700 193.476500
v 98.044580 129.160900 191.152000
v 166.202500 165.071200 162.277100
v 179.446000 175.205100 166.911200
v 173.140500 182.762600 179.814100
v 160.220300 174.023300 185.399200
v 133.584800 140.456700 177.717100
v 127.592900 148.331000 193.375500
v 150.855200 154.618100 171.116800
v 146.018700 163.432900 190.296600
v 103.824600 144.993600 179.618900
v 94.069130 135.037500 179.340400
v 154.790300 181.043500 161.610900
v 170.268500 187.193400 163.759900
v 120.512400 160.586900 174.744900
v 142.233400 178.280300 167.011600
v 193.717000 192.327900 174.054800
v 85.826060 91.442450 147.421100
v 93.340930 107.488900 157.050600
v 86.775930 102.719300 159.860500
v 80.769400 90.661780 151.503700
v 108.287000 112.271700 125.349300
v 111.674200 121.316700 128.716200
v 107.144800 117.660800 135.138200
v 101.484400 105.002700 127.509500
v 92.120630 95.882510 141.181400
v 100.931000 114.754600 149.332800
v 104.042700 115.995600 140.648200
v 96.253610 99.326590 132.882400
v 81.646280 101.533300 145.427600
v 77.795910 96.979430 150.719300
v 104.663000 118.416800 123.455700
v 98.019530 114.158900 126.403000
v 87.194240 106.609800 138.543500
v 92.818430 111.366900 128.961400
v 117.157200 124.974300 123.419200
v 104.261900 116.758500 258.687600
v 98.144110 113.952000 243.417300
v 103.600600 113.295400 241.904400
v 112.661300 115.028400 258.527300
v 118.096800 114.196500 282.614200
v 110.177900 117.235000 279.486700
v 118.992600 116.281700 301.535200
v 113.093600 117.154800 298.264700
v 131.291100 116.562100 289.491200
v 124.523600 117.443200 306.286900
v 99.446060 112.783800 226.488300
v 111.279400 115.056100 239.283500
v 95.348550 111.802000 228.115700
v 90.195270 112.540400 228.025900
v 104.261900 116.758500 258.687600
v 104.506700 125.743900 257.949700
v 97.593020 121.643400 241.881300
v 98.144110 113.952000 243.417300
v 110.177900 117.235000 279.486700
v 110.137800 124.281700 281.346700
v 113.093600 117.154800 298.264700
v 113.026800 123.142200 299.776100
v 113.830100 131.516200 285.647300
v 115.064000 128.039700 303.313700
v 90.151090 116.986300 226.159000
v 99.674470 130.066200 237.345300
v 90.532380 121.534800 223.132400
v 90.195270 112.540400 228.025900
v 121.340500 122.528300 291.336800
v 118.531000 121.587600 308.306500
v 124.523600 117.443200 306.286900
v 131.291100 116.562100 289.491200
v 119.612800 123.579500 276.593200
v 132.097400 118.300300 275.473100
v 126.793100 118.860000 259.675800
v 117.509800 125.246600 262.171000
v 104.107700 119.580300 242.708400
v 111.279400 115.056100 239.283500
v 99.446060 112.783800 226.488300
v 93.563480 114.991100 228.640000
v 118.869900 117.044300 249.323300
v 110.462700 122.323300 251.897400
v 115.912100 128.026300 303.309400
v 118.648900 121.480500 308.216200
v 121.520600 122.339000 291.385700
v 121.482700 122.406100 291.335800
v 114.676500 131.631500 285.618300
v 115.874200 128.093300 303.259600
v 108.614700 137.800400 255.418100
v 114.673100 136.678500 273.286800
v 114.695900 131.606100 285.554100
v 121.502200 122.380700 291.271700
v 119.738000 123.453400 276.564100
v 119.785000 123.349300 276.684900
v 115.295000 136.387400 273.374400
v 114.742900 131.502100 285.674900
v 100.461800 129.737600 236.983700
v 104.237400 119.265900 242.704600
v 93.907170 114.523100 228.546000
v 93.934230 114.485500 228.592800
v 91.402110 121.324900 222.703500
v 100.488900 129.700000 237.030500
v 105.303500 134.547000 245.690000
v 99.674470 130.066200 237.345300
v 112.690400 119.533700 319.665500
v 118.869900 117.044300 249.323300
v 132.097400 118.300300 275.473100
v 126.793100 118.860000 259.675800
v 112.690400 119.533700 319.665500
v 105.303500 134.547000 245.690000
v 114.673100 136.678500 273.286800
v 108.614700 137.800400 255.418100
v 112.690400 119.533700 319.665500
v 115.064000 128.039700 303.313700
v -98.120140 115.464200 211.494900
v -91.801540 120.996400 219.067000
v -114.326000 135.584000 239.820500
v -127.734100 134.285700 234.885000
v -172.321100 162.159200 257.626500
v -157.247900 157.102400 270.602400
v -166.800200 159.826400 276.855400
v -180.020600 162.145100 269.918500
v -133.415900 146.147200 254.020600
v -146.545900 146.546600 244.862000
v -160.956100 156.217200 251.149000
v -144.785900 152.428600 262.525700
v -89.003410 125.441800 212.041600
v -113.308900 149.983900 235.343900
v -168.223300 172.209500 271.699600
v -158.977600 175.080400 264.916800
v -130.841300 164.652600 244.891100
v -146.619900 174.865800 255.029200
v -182.121400 164.636900 289.074200
v -85.623360 93.491140 161.116700
v -99.959710 105.675400 158.271000
v -98.986900 104.093800 151.411200
v -83.544400 90.586300 152.340700
v -59.227780 76.398380 171.389800
v -66.818750 80.675770 165.885000
v -63.774060 78.112370 157.813300
v -51.169370 69.973920 160.709400
v -86.311620 96.993930 170.324000
v -99.750370 108.643400 165.904000
v -62.150330 79.091970 174.742600
v -69.441610 85.350540 173.359700
v -114.795800 120.540100 157.064300
v -112.561000 121.223700 203.465500
v -108.479300 115.330300 211.806100
v -121.635100 124.853300 224.015700
v -125.153300 130.163700 217.970800
v -77.161140 99.486220 188.200400
v -77.193850 97.424480 194.041200
v -87.471960 102.358400 198.664800
v -90.190100 106.720600 192.135700
v -116.382100 121.303600 229.993200
v -102.241800 111.261700 220.460800
v -76.539610 95.790310 199.681700
v -83.458620 100.266000 207.553600
v -133.473300 137.133400 237.113100
v -110.570600 121.077000 179.427100
v -107.503200 116.078900 190.730400
v -123.570400 129.220400 198.052900
v -126.749300 134.312500 189.740200
v -68.927770 90.893320 178.677700
v -70.934470 91.078240 184.422900
v -83.184090 98.739710 183.024200
v -84.349050 101.245100 175.079400
v -118.530800 125.025400 207.403000
v -102.387800 112.311000 202.370400
v -72.239360 91.646130 190.219300
v -81.360900 98.924960 193.968500
v -138.320600 145.411700 209.469400
v -72.676240 79.353420 150.079300
v -84.153850 88.325450 147.514000
v -83.346120 87.348420 141.992900
v -70.933760 77.141900 142.918100
v -51.172680 66.839230 158.284200
v -57.412530 69.722580 153.926100
v -55.721180 68.031910 149.165400
v -48.442170 64.776180 155.697800
v -73.327710 83.191250 157.631100
v -84.048210 90.929530 153.749200
v -53.577660 69.035810 160.890900
v -59.548220 74.300540 159.949700
v -96.573200 101.606200 146.404400
v -96.531020 112.604000 212.560200
v -87.019550 109.042400 224.632900
v -117.153000 127.760600 261.669100
v -138.431900 138.990300 248.159500
v -197.272000 158.510300 309.163000
v -170.349000 147.773500 319.301700
v -183.929700 149.182100 336.668400
v -202.896300 157.528900 329.895900
v -139.806500 138.156000 285.558600
v -165.308800 151.556900 269.622600
v -184.931100 158.279800 287.763600
v -153.916300 142.913700 300.770900
v -84.896130 122.396200 214.476800
v -121.002600 162.486400 247.025000
v -188.570800 172.401800 334.421700
v -178.580600 178.598800 311.148600
v -143.741100 177.633300 267.014700
v -162.793600 182.784900 287.646600
v -203.207400 145.456600 367.610500
v -92.541970 129.379200 200.771300
v -108.222200 137.520400 206.313400
v -116.323800 129.247800 194.790600
v -96.518030 121.982300 191.467900
v -182.140600 182.141900 178.362200
v -170.039600 182.541700 206.566800
v -185.801600 191.635600 200.797100
v -195.402600 190.144400 183.093900
v -131.060200 155.242900 212.977100
v -140.304900 147.601600 192.999800
v -161.770200 166.724700 186.580700
v -152.880200 172.304500 211.368400
v -102.119300 150.832600 194.019600
v -87.509920 131.914200 191.897100
v -167.623200 201.379800 177.956100
v -183.982100 204.432100 179.999200
v -123.994300 171.203000 189.809700
v -150.592500 195.130600 182.177900
v -212.400800 209.593500 189.249800
v -117.089400 124.167900 230.657700
v -111.648800 116.538600 232.812100
v -118.613200 113.744900 250.437300
v -123.679900 120.285000 251.566200
v -76.552570 98.431310 193.687400
v -76.282340 96.139640 197.705200
v -93.249440 108.091700 212.977300
v -97.804740 114.584900 209.452800
v -113.008500 110.516400 250.935300
v -104.379600 111.053200 236.127200
v -88.199260 104.680500 217.941100
v -74.510280 95.032640 201.926700
v -123.555300 110.002400 275.149600
v -97.897920 122.490100 199.897900
v -93.157010 127.195900 208.046400
v -105.554000 132.902400 215.631400
v -114.090300 127.689300 205.875400
v -166.049700 170.615400 207.605100
v -154.513100 168.936200 231.283200
v -167.593500 176.002600 230.139000
v -179.305900 178.523700 211.869000
v -123.388800 145.892200 226.391000
v -133.821900 142.251200 209.247900
v -151.633400 158.413600 208.911400
v -140.968100 159.552400 230.332500
v -101.442800 145.558200 206.081400
v -89.079610 132.797100 200.385400
v -155.880900 187.811600 210.540400
v -166.892600 188.159300 213.145000
v -119.433600 161.996200 207.880300
v -141.061900 181.567400 208.246900
v -185.590400 186.030900 228.920800
v -100.114600 108.746800 173.830700
v -117.948200 125.146100 173.057600
v -118.217700 125.216100 164.245000
v -99.094880 108.093400 162.233500
v -60.610070 81.664650 177.482200
v -64.381160 83.910670 182.236300
v -75.038130 90.066780 176.392100
v -73.377590 89.432310 168.418900
v -115.865800 123.659500 183.121500
v -99.231090 109.242800 186.213200
v -67.510310 86.587420 187.118800
v -77.030040 94.618850 186.781700
v -136.117400 145.812000 174.485400
v -96.208570 118.818400 168.167700
v -105.071700 126.245100 163.499700
v -95.031490 105.069400 154.875700
v -87.555660 102.105200 159.582100
v -118.186400 132.134500 135.824300
v -120.956600 133.047500 126.748100
v -116.125700 122.665800 125.766700
v -109.224600 116.581200 130.253400
v -113.496600 132.742000 152.786800
v -100.207500 108.239800 147.498100
v -116.678700 133.155400 143.227000
v -104.323100 111.801600 138.516500
v -89.861690 116.071600 151.306400
v -84.098500 109.183500 158.021300
v -111.904100 129.571800 123.097800
v -105.340900 126.933600 127.768700
v -94.080960 119.826500 143.242100
v -99.458150 124.417100 132.263700
v -125.250100 134.676900 118.715100
v -92.917750 127.544400 182.342500
v -106.725000 135.727000 183.067400
v -108.663500 123.928000 172.111700
v -95.721930 121.131800 173.782600
v -152.726100 149.778200 140.354400
v -156.845300 170.132400 161.690500
v -168.028000 172.196300 147.184200
v -167.432700 159.501400 137.599300
v -124.448700 149.812100 178.586400
v -125.200800 133.297300 163.364500
v -141.816700 162.399600 170.123100
v -135.532600 137.146400 150.060900
v -98.014350 143.317000 169.813600
v -88.142620 132.231600 173.638800
v -142.794900 166.782200 138.915100
v -158.735200 171.548000 134.179400
v -112.893600 154.053300 159.291500
v -127.566800 160.957100 143.474700
v -184.526800 176.884600 133.054100
v -67.459000 87.131610 156.950400
v -74.292810 92.289630 154.964200
v -68.042770 77.579750 143.819000
v -62.490960 76.155140 147.399800
v -90.276330 103.917500 134.530000
v -95.585890 108.802300 128.870000
v -92.678600 100.062300 124.697000
v -85.822560 93.359030 126.200200
v -82.543560 99.689250 148.055100
v -75.039420 82.944330 138.493800
v -86.592840 101.824000 139.736200
v -80.106660 87.528890 130.925800
v -63.897350 87.766970 142.358500
v -59.491590 82.476160 146.924400
v -89.105740 106.349400 123.030900
v -82.284070 102.425000 125.524500
v -70.189880 93.812670 136.397300
v -76.870720 99.826880 127.731100
v -101.868000 114.266400 124.575000
v -46.611030 85.647120 131.737700
v -46.896770 85.964040 135.333200
v -43.942550 75.309710 137.157100
v -43.040720 74.364120 132.495400
v -40.508380 60.314260 136.452700
v -41.333240 61.247780 139.587300
v -40.501610 55.654560 142.200900
v -39.492940 53.758400 140.398900
v -48.453300 85.280940 139.550400
v -46.217340 75.087880 142.205000
v -41.708800 57.317550 144.023400
v -43.770110 62.510890 143.612500
v -53.035850 96.251440 134.575400
v -53.324030 94.485250 133.824500
v -54.018030 97.080020 138.342300
v -51.182530 83.015440 140.865600
v -49.509580 79.107430 135.097400
v -45.747290 64.731350 142.039700
v -47.305140 67.502920 145.543300
v -45.883350 63.004460 150.376400
v -44.295360 59.830630 148.794600
v -54.712000 85.299170 146.858000
v -56.616560 98.226020 143.363400
v -47.711790 65.865110 152.156800
v -50.936020 71.012440 150.284400
v -61.256120 110.400300 135.602800
v -62.290340 110.703700 138.017400
v -61.860030 112.708500 143.214900
v -55.169100 98.837090 148.166300
v -54.447030 95.863820 141.374100
v -48.340630 76.626080 148.822300
v -49.602940 78.662960 153.405600
v -48.042430 70.535740 157.930500
v -46.586410 67.103680 155.469900
v -64.469130 112.189300 149.961100
v -59.349190 98.639720 155.847700
v -49.928250 73.286540 160.493500
v -53.550770 81.109510 159.409500
v -73.931620 125.576900 139.986300
v -77.025220 126.671000 144.752000
v -75.779770 129.865800 151.092600
v -69.059800 111.305000 157.131100
v -68.767900 106.946000 148.670900
v -57.879190 84.824910 156.566100
v -58.944530 89.441760 164.365900
v -56.850470 79.026450 170.959100
v -51.260090 70.154820 160.576200
v -78.024790 130.311600 159.565900
v -73.187500 111.528900 167.348600
v -59.089450 82.443270 174.169100
v -64.181350 91.143880 172.400700
v -87.858720 150.739500 147.656500
v -95.385510 150.190600 156.262400
v -93.435870 152.169900 164.758700
v -80.740350 128.484900 168.395100
v -81.359610 125.888700 156.991400
v -61.452260 80.732090 177.597400
v -67.325740 96.250950 167.170000
v -67.187810 98.402250 174.799600
v -63.295010 84.989410 182.067900
v -94.845630 148.057500 176.563300
v -83.298900 126.529100 182.208400
v -65.562800 88.516520 186.834700
v -71.662090 100.238300 185.815300
v -110.367600 172.970000 165.120700
v -92.857920 140.932600 173.859700
v -102.083500 160.896100 181.545900
v -97.693670 157.225000 190.062900
v -87.608210 137.521900 184.994000
v -69.129490 90.643910 178.788700
v -77.211490 108.896400 173.539700
v -75.314450 107.103000 181.441000
v -69.299130 92.744400 184.192000
v -96.176640 149.658100 201.267500
v -86.544110 129.653500 198.647000
v -75.899740 104.613000 193.039900
v -69.850230 94.041690 189.873600
v -110.967900 174.638700 200.936700
v -94.035840 141.649100 198.398500
v -99.692190 157.854800 211.089000
v -95.824010 153.183100 217.516700
v -88.706290 137.196600 206.827600
v -76.449040 100.070400 188.217200
v -81.983470 114.993100 190.459600
v -78.746860 111.486700 197.090500
v -74.783860 99.788930 193.729100
v -93.769220 146.475400 224.875500
v -86.130170 128.919700 216.969000
v -73.516140 98.747440 199.282000
v -77.381630 106.469900 206.643800
v -105.514300 167.874800 230.411600
v -96.061200 147.471000 226.039100
v -97.196520 152.313400 246.742700
v -92.235180 145.929600 245.753200
v -90.910490 139.898800 228.510900
v -75.682450 99.091830 193.662600
v -88.542980 123.950200 207.584900
v -83.466690 117.559700 211.257000
v -73.782380 98.540080 197.385900
v -90.115870 138.900900 247.168500
v -87.713940 129.935400 232.995400
v -81.381490 111.510300 217.033100
v -72.994970 96.326350 201.790300
v -93.579440 146.517700 272.787700
v -61.012000 71.203480 140.608000
v -69.742790 77.880470 136.308200
v -68.071530 76.317280 131.863600
v -58.301250 68.374450 134.998600
v -42.582280 60.706940 149.566800
v -45.244170 62.752270 151.225300
v -49.471160 64.280030 146.544000
v -47.254110 62.197940 142.910600
v -62.915310 75.494640 146.598800
v -70.818660 80.951580 141.391400
v -47.644390 65.120700 152.941500
v -52.258800 68.941710 150.992000
v -79.433870 87.907790 132.790900
v -54.387640 63.652970 139.084700
v -62.179760 69.205370 138.320400
v -62.226690 68.415480 134.812900
v -53.988410 62.008160 134.509200
v -39.502510 56.282160 142.402900
v -44.016850 57.849650 140.250700
v -43.402100 56.608540 137.147500
v -37.984000 54.909410 140.561700
v -54.075280 66.372120 143.718600
v -61.494460 71.082820 142.115600
v -40.824370 57.906000 144.200000
v -44.837670 60.988990 144.058100
v -70.411440 77.324960 138.333800
v -95.083920 123.787500 173.402300
v -106.462800 133.394700 170.528300
v -103.290400 120.040700 161.930600
v -93.711330 116.773100 166.482200
v -133.773500 147.032100 143.977400
v -141.410800 150.217000 134.775500
v -138.210500 140.340000 131.082500
v -128.875700 133.762800 135.271900
v -120.154600 143.183800 161.480700
v -111.421700 122.945600 151.869300
v -128.258500 146.114100 151.854800
v -119.870300 127.522400 142.143600
v -97.116170 131.597500 159.937800
v -89.376340 123.870300 166.059600
v -133.134500 147.562700 129.110600
v -123.574300 144.323000 134.211700
v -104.285400 135.350600 149.082100
v -114.902500 141.210500 137.430600
v -150.307100 153.749200 127.050800
v -93.271160 121.168300 215.016800
v -118.299300 138.996000 234.989100
v -128.473500 136.158200 225.697400
v -99.148780 117.806200 207.107500
v -180.224100 174.556700 231.415600
v -166.917700 169.721800 252.624100
v -179.810300 176.942500 253.135000
v -191.463000 180.328600 240.120600
v -136.295500 150.762100 247.272500
v -148.993300 151.670800 230.941300
v -167.359000 165.905400 230.374600
v -152.700300 162.113100 251.866600
v -114.978500 153.305500 226.429200
v -89.938310 127.758700 207.569400
v -168.163500 190.220500 237.514000
v -178.515900 189.743600 241.697100
v -133.826900 170.803000 230.308700
v -154.125200 186.570800 232.270100
v -195.677700 184.354700 256.990700
v -74.726840 87.484320 201.200700
v -54.881860 78.399060 176.634400
v -65.331600 90.029850 212.855000
v -86.102410 96.160190 222.262400
v -88.860080 99.595520 233.397900
v -105.649100 107.322200 227.991400
v -106.350800 107.057600 214.234400
v -72.382290 96.198660 225.178400
v -76.251370 99.519200 236.707400
v -86.183240 95.077260 210.473300
v -65.087920 77.457980 176.389800
v -74.471400 79.765840 176.133500
v -57.549400 63.968640 150.829600
v -51.076730 62.872680 154.497700
v -46.761230 82.660550 146.732800
v -57.549400 63.968640 150.829600
v -57.569110 99.892750 165.511800
v -63.441910 103.447500 194.302000
v -65.331600 90.029850 212.855000
v -54.881860 78.399060 176.634400
v -87.435830 132.139100 231.616100
v -76.905210 112.889600 234.438100
v -73.597330 112.036300 222.300800
v -84.346470 132.259100 217.187500
v -76.251370 99.519200 236.707400
v -72.382290 96.198660 225.178400
v -68.191500 108.148800 210.644500
v -53.667880 90.388210 169.560900
v -42.219030 74.510380 151.715700
v -46.761230 82.660550 146.732800
v -57.569110 99.892750 165.511800
v -42.702720 64.512570 156.274800
v -46.693110 54.669000 139.693800
v -42.758550 54.511990 143.655900
v -39.793090 72.819630 139.484100
v -46.693110 54.669000 139.693800
v -42.702720 64.512570 156.274800
v -39.793090 72.819630 139.484100
v -36.731870 65.608730 144.133400
v -35.366280 56.800970 147.911700
v -35.366280 56.800970 147.911700
v -33.336310 50.061860 135.537800
v -33.336310 50.061860 135.537800
v -80.993040 99.093650 263.130800
v -99.203380 106.563500 242.226600
v -99.138270 102.878900 202.425000
v -82.518290 88.529990 196.913100
v -105.649100 107.322200 227.991400
v -90.966450 114.579300 226.477900
v -106.350800 107.057600 214.234400
v -99.203380 106.563500 242.226600
v -99.138270 102.878900 202.425000
v -80.993040 99.093650 263.130800
v -86.629960 121.991400 248.111500
v -80.993040 99.093650 263.130800
v -75.146600 123.436400 203.560900
v -87.435830 132.139100 231.616100
v -84.346470 132.259100 217.187500
v -86.629960 121.991400 248.111500
v -75.146600 123.436400 203.560900
v -74.471400 79.765840 176.133500
v -33.336310 50.061860 135.537800
v -67.342150 111.932800 185.872600
v -82.518290 88.529990 196.913100
v -67.342150 111.932800 185.872600
v -98.986110 124.516000 179.226600
v -94.831210 129.161100 191.152100
v -106.534800 134.597900 193.476600
v -112.091100 126.789100 180.817300
v -162.989100 165.071500 162.277200
v -157.006900 174.023500 185.399200
v -169.927000 182.762800 179.814200
v -176.232500 175.205300 166.911300
v -124.379500 148.331200 193.375600
v -130.371400 140.457000 177.717100
v -147.641700 154.618300 171.116900
v -142.805200 163.433100 190.296600
v -100.611300 144.993800 179.619000
v -90.855740 135.037700 179.340500
v -151.576900 181.043700 161.610900
v -167.055100 187.193600 163.760000
v -117.299100 160.587100 174.745000
v -139.020000 178.280500 167.011700
v -190.503600 192.328100 174.054900
v -83.562560 102.719400 159.860500
v -90.127550 107.489000 157.050600
v -82.612660 91.442570 147.421100
v -77.556020 90.661870 151.503700
v -103.931400 117.660900 135.138200
v -108.460800 121.316800 128.716200
v -105.073600 112.271800 125.349400
v -98.271000 105.002800 127.509500
v -97.717580 114.754700 149.332800
v -88.907260 95.882610 141.181400
v -100.829300 115.995700 140.648200
v -93.040220 99.326680 132.882400
v -78.432900 101.533400 145.427600
v -74.582540 96.979520 150.719300
v -101.449700 118.416800 123.455700
v -94.806140 114.159000 126.403000
v -83.980870 106.609900 138.543500
v -89.605060 111.367000 128.961400
v -113.943800 124.974300 123.419200
v -101.048400 116.758700 258.687700
v -109.447800 115.028700 258.527300
v -100.387100 113.295700 241.904400
v -94.930600 113.952200 243.417300
v -106.964300 117.235300 279.486600
v -114.883200 114.196800 282.614200
v -109.880000 117.155100 298.264900
v -115.779000 116.282100 301.535300
v -128.077500 116.562400 289.491400
v -121.310000 117.443600 306.286900
v -108.065900 115.056400 239.283600
v -96.232570 112.784000 226.488400
v -92.135080 111.802300 228.115800
v -86.981810 112.540600 228.026000
v -101.048400 116.758700 258.687700
v -94.930600 113.952200 243.417300
v -94.379520 121.643600 241.881300
v -101.293200 125.744200 257.949800
v -106.924300 124.282100 281.346900
v -106.964300 117.235300 279.486600
v -109.813200 123.142500 299.776200
v -109.880000 117.155100 298.264900
v -110.963300 131.782700 285.742200
v -112.269400 128.271500 303.332900
v -86.937640 116.986500 226.159100
v -87.482260 121.788800 222.880500
v -96.824420 130.194200 237.045000
v -86.981810 112.540600 228.026000
v -118.196700 122.479800 291.341100
v -128.077500 116.562400 289.491400
v -121.310000 117.443600 306.286900
v -115.339000 121.574100 308.293700
v -123.579500 118.860200 259.675800
v -128.883800 118.300600 275.473200
v -116.477400 123.512500 276.577700
v -114.296300 125.246900 262.171100
v -96.232570 112.784000 226.488400
v -108.065900 115.056400 239.283600
v -100.936000 119.520600 242.695300
v -90.636990 114.710100 228.524900
v -115.656400 117.044500 249.323300
v -107.249200 122.323600 251.897400
v -112.269400 128.271500 303.332900
v -110.963300 131.782700 285.742200
v -111.713700 136.696300 273.332200
v -105.401100 137.800700 255.418200
v -96.824420 130.194200 237.045000
v -87.482260 121.788800 222.880500
v -102.090000 134.547300 245.690100
v -109.476800 119.534100 319.665600
v -115.656400 117.044500 249.323300
v -128.883800 118.300600 275.473200
v -123.579500 118.860200 259.675800
v -109.476800 119.534100 319.665600
v -102.090000 134.547300 245.690100
v -111.713700 136.696300 273.332200
v -105.401100 137.800700 255.418200
v -109.476800 119.534100 319.665600
vt -0.980389 0.706326 0.000000
vt -0.835671 0.688806 0.000000
vt -0.844499 0.767978 0.000000
vt -0.990358 0.769417 0.000000
vt -0.426355 0.700399 0.000000
vt -0.231026 0.719331 0.000000
vt -0.248106 0.773694 0.000000
vt -0.431019 0.770981 0.000000
vt -0.704046 0.687549 0.000000
vt -0.701057 0.768347 0.000000
vt -0.563881 0.692215 0.000000
vt -0.569157 0.770274 0.000000
vt -0.980389 0.706326 0.000000
vt -0.835671 0.688806 0.000000
vt -0.231026 0.719331 0.000000
vt -0.426355 0.700399 0.000000
vt -0.704046 0.687549 0.000000
vt -0.563881 0.692215 0.000000
vt -0.010674 0.771410 0.000000
vt -0.407811 0.199291 0.000000
vt -0.408886 0.256464 0.000000
vt -0.615009 0.256464 0.000000
vt -0.613505 0.181022 0.000000
vt -0.814685 0.179087 0.000000
vt -0.815759 0.256464 0.000000
vt -0.987708 0.256464 0.000000
vt -0.987708 0.178442 0.000000
vt -0.613505 0.181022 0.000000
vt -0.407811 0.199291 0.000000
vt -0.987708 0.178442 0.000000
vt -0.814685 0.179087 0.000000
vt -0.241236 0.256464 0.000000
vt -0.613505 0.181022 0.000000
vt -0.407811 0.199291 0.000000
vt -0.408886 0.256464 0.000000
vt -0.615009 0.256464 0.000000
vt -0.987708 0.178442 0.000000
vt -0.814685 0.179087 0.000000
vt -0.815759 0.256464 0.000000
vt -0.987708 0.256464 0.000000
vt -0.407811 0.199291 0.000000
vt -0.613505 0.181022 0.000000
vt -0.987708 0.178442 0.000000
vt -0.814685 0.179087 0.000000
vt -0.241236 0.256464 0.000000
vt -0.613505 0.181022 0.000000
vt -0.407811 0.199291 0.000000
vt -0.408886 0.256464 0.000000
vt -0.615009 0.256464 0.000000
vt -0.987708 0.178442 0.000000
vt -0.814685 0.179087 0.000000
vt -0.815759 0.256464 0.000000
vt -0.987708 0.256464 0.000000
vt -0.407811 0.199291 0.000000
vt -0.613505 0.181022 0.000000
vt -0.987708 0.178442 0.000000
vt -0.814685 0.179087 0.000000
vt -0.241236 0.256464 0.000000
vt -0.407811 0.199291 0.000000
vt -0.408886 0.256464 0.000000
vt -0.615009 0.256464 0.000000
vt -0.613505 0.181022 0.000000
vt -0.814685 0.179087 0.000000
vt -0.815759 0.256464 0.000000
vt -0.987708 0.256464 0.000000
vt -0.987708 0.178442 0.000000
vt -0.613505 0.181022 0.000000
vt -0.407811 0.199291 0.000000
vt -0.987708 0.178442 0.000000
vt -0.814685 0.179087 0.000000
vt -0.241236 0.256464 0.000000
vt -0.980389 0.706326 0.000000
vt -0.835671 0.688806 0.000000
vt -0.844499 0.767978 0.000000
vt -0.990358 0.769417 0.000000
vt -0.426355 0.700399 0.000000
vt -0.231026 0.719331 0.000000
vt -0.248106 0.773694 0.000000
vt -0.431019 0.770981 0.000000
vt -0.704046 0.687549 0.000000
vt -0.701057 0.768347 0.000000
vt -0.563881 0.692215 0.000000
vt -0.569157 0.770274 0.000000
vt -0.980389 0.706326 0.000000
vt -0.835671 0.688806 0.000000
vt -0.231026 0.719331 0.000000
vt -0.426355 0.700399 0.000000
vt -0.704046 0.687549 0.000000
vt -0.563881 0.692215 0.000000
vt -0.010674 0.771410 0.000000
vt -0.835671 0.688806 0.000000
vt -0.844499 0.767978 0.000000
vt -0.990358 0.769417 0.000000
vt -0.980389 0.706326 0.000000
vt -0.426355 0.700399 0.000000
vt -0.231026 0.719331 0.000000
vt -0.248106 0.773694 0.000000
vt -0.431019 0.770981 0.000000
vt -0.704046 0.687549 0.000000
vt -0.701057 0.768347 0.000000
vt -0.563881 0.692215 0.000000
vt -0.569157 0.770274 0.000000
vt -0.835671 0.688806 0.000000
vt -0.980389 0.706326 0.000000
vt -0.426355 0.700399 0.000000
vt -0.231026 0.719331 0.000000
vt -0.704046 0.687549 0.000000
vt -0.563881 0.692215 0.000000
vt -0.010674 0.771410 0.000000
vt -0.613505 0.181022 0.000000
vt -0.407811 0.199291 0.000000
vt -0.408886 0.256464 0.000000
vt -0.615009 0.256464 0.000000
vt -0.987708 0.178442 0.000000
vt -0.814685 0.179087 0.000000
vt -0.815759 0.256464 0.000000
vt -0.987708 0.256464 0.000000
vt -0.407811 0.199291 0.000000
vt -0.613505 0.181022 0.000000
vt -0.814685 0.179087 0.000000
vt -0.987708 0.178442 0.000000
vt -0.241236 0.256464 0.000000
vt -0.980389 0.706326 0.000000
vt -0.835671 0.688806 0.000000
vt -0.844499 0.767978 0.000000
vt -0.990358 0.769417 0.000000
vt -0.426355 0.700399 0.000000
vt -0.231026 0.719331 0.000000
vt -0.248106 0.773694 0.000000
vt -0.431019 0.770981 0.000000
vt -0.704046 0.687549 0.000000
vt -0.701057 0.768347 0.000000
vt -0.563881 0.692215 0.000000
vt -0.569157 0.770274 0.000000
vt -0.835671 0.688806 0.000000
vt -0.980389 0.706326 0.000000
vt -0.426355 0.700399 0.000000
vt -0.231026 0.719331 0.000000
vt -0.704046 0.687549 0.000000
vt -0.563881 0.692215 0.000000
vt -0.010674 0.771410 0.000000
vt -0.407811 0.199291 0.000000
vt -0.408886 0.256464 0.000000
vt -0.615009 0.256464 0.000000
vt -0.613505 0.181022 0.000000
vt -0.987708 0.178442 0.000000
vt -0.814685 0.179087 0.000000
vt -0.815759 0.256464 0.000000
vt -0.987708 0.256464 0.000000
vt -0.407811 0.199291 0.000000
vt -0.613505 0.181022 0.000000
vt -0.987708 0.178442 0.000000
vt -0.814685 0.179087 0.000000
vt -0.241236 0.256464 0.000000
vt -0.835671 0.688806 0.000000
vt -0.844499 0.767978 0.000000
vt -0.990358 0.769417 0.000000
vt -0.980389 0.706326 0.000000
vt -0.231026 0.719331 0.000000
vt -0.248106 0.773694 0.000000
vt -0.431019 0.770981 0.000000
vt -0.426355 0.700399 0.000000
vt -0.704046 0.687549 0.000000
vt -0.701057 0.768347 0.000000
vt -0.569157 0.770274 0.000000
vt -0.563881 0.692215 0.000000
vt -0.835671 0.688806 0.000000
vt -0.980389 0.706326 0.000000
vt -0.231026 0.719331 0.000000
vt -0.426355 0.700399 0.000000
vt -0.704046 0.687549 0.000000
vt -0.563881 0.692215 0.000000
vt -0.010674 0.771410 0.000000
vt -0.835671 0.688806 0.000000
vt -0.844499 0.767978 0.000000
vt -0.990358 0.769417 0.000000
vt -0.980389 0.706326 0.000000
vt -0.426355 0.700399 0.000000
vt -0.231026 0.719331 0.000000
vt -0.248106 0.773694 0.000000
vt -0.431019 0.770981 0.000000
vt -0.704046 0.687549 0.000000
vt -0.701057 0.768347 0.000000
vt -0.569157 0.770274 0.000000
vt -0.563881 0.692215 0.000000
vt -0.835671 0.688806 0.000000
vt -0.980389 0.706326 0.000000
vt -0.426355 0.700399 0.000000
vt -0.231026 0.719331 0.000000
vt -0.704046 0.687549 0.000000
vt -0.563881 0.692215 0.000000
vt -0.010674 0.771410 0.000000
vt -0.835671 0.688806 0.000000
vt -0.844499 0.767978 0.000000
vt -0.990358 0.769417 0.000000
vt -0.980389 0.706326 0.000000
vt -0.231026 0.719331 0.000000
vt -0.248106 0.773694 0.000000
vt -0.431019 0.770981 0.000000
vt -0.426355 0.700399 0.000000
vt -0.704046 0.687549 0.000000
vt -0.701057 0.768347 0.000000
vt -0.569157 0.770274 0.000000
vt -0.563881 0.692215 0.000000
vt -0.835671 0.688806 0.000000
vt -0.980389 0.706326 0.000000
vt -0.231026 0.719331 0.000000
vt -0.426355 0.700399 0.000000
vt -0.704046 0.687549 0.000000
vt -0.563881 0.692215 0.000000
vt -0.010674 0.771410 0.000000
vt -0.615009 0.256464 0.000000
vt -0.408886 0.256464 0.000000
vt -0.407811 0.199291 0.000000
vt -0.613505 0.181022 0.000000
vt -0.987708 0.256464 0.000000
vt -0.815759 0.256464 0.000000
vt -0.814685 0.179087 0.000000
vt -0.987708 0.178442 0.000000
vt -0.407811 0.199291 0.000000
vt -0.613505 0.181022 0.000000
vt -0.987708 0.178442 0.000000
vt -0.814685 0.179087 0.000000
vt -0.241236 0.256464 0.000000
vt -0.615009 0.256464 0.000000
vt -0.408886 0.256464 0.000000
vt -0.407811 0.199291 0.000000
vt -0.613505 0.181022 0.000000
vt -0.987708 0.256464 0.000000
vt -0.815759 0.256464 0.000000
vt -0.814685 0.179087 0.000000
vt -0.987708 0.178442 0.000000
vt -0.613505 0.181022 0.000000
vt -0.407811 0.199291 0.000000
vt -0.987708 0.178442 0.000000
vt -0.814685 0.179087 0.000000
vt -0.241236 0.256464 0.000000
vt -0.615009 0.256464 0.000000
vt -0.408886 0.256464 0.000000
vt -0.407811 0.199291 0.000000
vt -0.613505 0.181022 0.000000
vt -0.987708 0.256464 0.000000
vt -0.815759 0.256464 0.000000
vt -0.814685 0.179087 0.000000
vt -0.987708 0.178442 0.000000
vt -0.407811 0.199291 0.000000
vt -0.613505 0.181022 0.000000
vt -0.987708 0.178442 0.000000
vt -0.814685 0.179087 0.000000
vt -0.241236 0.256464 0.000000
vt -0.615009 0.256464 0.000000
vt -0.408886 0.256464 0.000000
vt -0.407811 0.199291 0.000000
vt -0.613505 0.181022 0.000000
vt -0.987708 0.256464 0.000000
vt -0.815759 0.256464 0.000000
vt -0.814685 0.179087 0.000000
vt -0.987708 0.178442 0.000000
vt -0.407811 0.199291 0.000000
vt -0.613505 0.181022 0.000000
vt -0.987708 0.178442 0.000000
vt -0.814685 0.179087 0.000000
vt -0.241236 0.256464 0.000000
vt -0.615009 0.256464 0.000000
vt -0.408886 0.256464 0.000000
vt -0.407811 0.199291 0.000000
vt -0.613505 0.181022 0.000000
vt -0.987708 0.178442 0.000000
vt -0.987708 0.256464 0.000000
vt -0.815759 0.256464 0.000000
vt -0.814685 0.179087 0.000000
vt -0.407811 0.199291 0.000000
vt -0.613505 0.181022 0.000000
vt -0.987708 0.178442 0.000000
vt -0.814685 0.179087 0.000000
vt -0.241236 0.256464 0.000000
vt -0.613505 0.181022 0.000000
vt -0.615009 0.256464 0.000000
vt -0.408886 0.256464 0.000000
vt -0.407811 0.199291 0.000000
vt -0.987708 0.178442 0.000000
vt -0.987708 0.256464 0.000000
vt -0.815759 0.256464 0.000000
vt -0.814685 0.179087 0.000000
vt -0.407811 0.199291 0.000000
vt -0.613505 0.181022 0.000000
vt -0.814685 0.179087 0.000000
vt -0.987708 0.178442 0.000000
vt -0.241236 0.256464 0.000000
vt -0.613505 0.181022 0.000000
vt -0.615009 0.256464 0.000000
vt -0.408886 0.256464 0.000000
vt -0.407811 0.199291 0.000000
vt -0.987708 0.178442 0.000000
vt -0.987708 0.256464 0.000000
vt -0.815759 0.256464 0.000000
vt -0.814685 0.179087 0.000000
vt -0.407811 0.199291 0.000000
vt -0.613505 0.181022 0.000000
vt -0.987708 0.178442 0.000000
vt -0.814685 0.179087 0.000000
vt -0.241236 0.256464 0.000000
vt -0.613505 0.181022 0.000000
vt -0.615009 0.256464 0.000000
vt -0.408886 0.256464 0.000000
vt -0.407811 0.199291 0.000000
vt -0.987708 0.178442 0.000000
vt -0.987708 0.256464 0.000000
vt -0.815759 0.256464 0.000000
vt -0.814685 0.179087 0.000000
vt -0.407811 0.199291 0.000000
vt -0.613505 0.181022 0.000000
vt -0.814685 0.179087 0.000000
vt -0.987708 0.178442 0.000000
vt -0.241236 0.256464 0.000000
vt -0.407811 0.199291 0.000000
vt -0.408886 0.256464 0.000000
vt -0.615009 0.256464 0.000000
vt -0.613505 0.181022 0.000000
vt -0.987708 0.178442 0.000000
vt -0.814685 0.179087 0.000000
vt -0.815759 0.256464 0.000000
vt -0.987708 0.256464 0.000000
vt -0.613505 0.181022 0.000000
vt -0.407811 0.199291 0.000000
vt -0.987708 0.178442 0.000000
vt -0.814685 0.179087 0.000000
vt -0.241236 0.256464 0.000000
vt -0.407811 0.199291 0.000000
vt -0.408886 0.256464 0.000000
vt -0.615009 0.256464 0.000000
vt -0.613505 0.181022 0.000000
vt -0.814685 0.179087 0.000000
vt -0.815759 0.256464 0.000000
vt -0.987708 0.256464 0.000000
vt -0.987708 0.178442 0.000000
vt -0.613505 0.181022 0.000000
vt -0.407811 0.199291 0.000000
vt -0.987708 0.178442 0.000000
vt -0.814685 0.179087 0.000000
vt -0.241236 0.256464 0.000000
vt -0.835671 0.688806 0.000000
vt -0.844499 0.767978 0.000000
vt -0.990358 0.769417 0.000000
vt -0.980389 0.706326 0.000000
vt -0.231026 0.719331 0.000000
vt -0.248106 0.773694 0.000000
vt -0.431019 0.770981 0.000000
vt -0.426355 0.700399 0.000000
vt -0.704046 0.687549 0.000000
vt -0.701057 0.768347 0.000000
vt -0.569157 0.770274 0.000000
vt -0.563881 0.692215 0.000000
vt -0.835671 0.688806 0.000000
vt -0.980389 0.706326 0.000000
vt -0.231026 0.719331 0.000000
vt -0.426355 0.700399 0.000000
vt -0.704046 0.687549 0.000000
vt -0.563881 0.692215 0.000000
vt -0.010674 0.771410 0.000000
vt -0.835671 0.688806 0.000000
vt -0.844499 0.767978 0.000000
vt -0.990358 0.769417 0.000000
vt -0.980389 0.706326 0.000000
vt -0.426355 0.700399 0.000000
vt -0.231026 0.719331 0.000000
vt -0.248106 0.773694 0.000000
vt -0.431019 0.770981 0.000000
vt -0.704046 0.687549 0.000000
vt -0.701057 0.768347 0.000000
vt -0.563881 0.692215 0.000000
vt -0.569157 0.770274 0.000000
vt -0.835671 0.688806 0.000000
vt -0.980389 0.706326 0.000000
vt -0.426355 0.700399 0.000000
vt -0.231026 0.719331 0.000000
vt -0.704046 0.687549 0.000000
vt -0.563881 0.692215 0.000000
vt -0.010674 0.771410 0.000000
vt 0.530907 0.595319 0.000000
vt 0.416898 0.679461 0.000000
vt 0.654246 0.671203 0.000000
vt 0.208073 0.542072 0.000000
vt 0.178346 0.613732 0.000000
vt 0.298863 0.617850 0.000000
vt 0.295605 0.541923 0.000000
vt 0.124939 0.634075 0.000000
vt 0.289470 0.670509 0.000000
vt 0.417034 0.614971 0.000000
vt 0.819082 0.541504 0.000000
vt 0.657038 0.538437 0.000000
vt 0.653774 0.592491 0.000000
vt 0.808046 0.603084 0.000000
vt 0.819082 0.541504 0.000000
vt 0.657038 0.538437 0.000000
vt 0.819082 0.541504 0.000000
vt 0.530907 0.595319 0.000000
vt 0.654246 0.671203 0.000000
vt 0.416898 0.679461 0.000000
vt 0.298863 0.617850 0.000000
vt 0.178346 0.613732 0.000000
vt 0.208073 0.542072 0.000000
vt 0.295605 0.541923 0.000000
vt 0.289470 0.670509 0.000000
vt 0.124939 0.634075 0.000000
vt 0.417034 0.614971 0.000000
vt 0.653774 0.592491 0.000000
vt 0.657038 0.538437 0.000000
vt 0.819082 0.541504 0.000000
vt 0.808045 0.603084 0.000000
vt 0.802234 0.663331 0.000000
vt 0.898230 0.613216 0.000000
vt 0.902659 0.583295 0.000000
vt 0.902659 0.583295 0.000000
vt 0.902659 0.583295 0.000000
vt 0.802234 0.663331 0.000000
vt 0.902659 0.583295 0.000000
vt 0.898230 0.613216 0.000000
vt 0.895168 0.649923 0.000000
vt 0.895168 0.649923 0.000000
vt 0.983675 0.632234 0.000000
vt 0.983675 0.632234 0.000000
vt 0.112818 0.540728 0.000000
vt 0.011878 0.557348 0.000000
vt 0.417682 0.542469 0.000000
vt 0.538849 0.541069 0.000000
vt 0.208073 0.542072 0.000000
vt 0.295605 0.541923 0.000000
vt 0.178346 0.613732 0.000000
vt 0.112818 0.540728 0.000000
vt 0.417682 0.542469 0.000000
vt 0.011878 0.557348 0.000000
vt 0.011878 0.557348 0.000000
vt 0.112818 0.540729 0.000000
vt 0.417682 0.542469 0.000000
vt 0.208073 0.542072 0.000000
vt 0.295605 0.541923 0.000000
vt 0.112818 0.540729 0.000000
vt 0.417682 0.542469 0.000000
vt 0.657038 0.538437 0.000000
vt 0.983675 0.632234 0.000000
vt 0.538849 0.541069 0.000000
vt 0.538849 0.541069 0.000000
vt 0.538849 0.541069 0.000000
vt -0.980389 0.706326 0.000000
vt -0.835671 0.688806 0.000000
vt -0.844499 0.767978 0.000000
vt -0.990358 0.769417 0.000000
vt -0.426355 0.700399 0.000000
vt -0.231026 0.719331 0.000000
vt -0.248106 0.773694 0.000000
vt -0.431019 0.770981 0.000000
vt -0.704046 0.687549 0.000000
vt -0.701057 0.768347 0.000000
vt -0.563881 0.692215 0.000000
vt -0.569157 0.770274 0.000000
vt -0.835671 0.688806 0.000000
vt -0.980389 0.706326 0.000000
vt -0.426355 0.700399 0.000000
vt -0.231026 0.719331 0.000000
vt -0.704046 0.687549 0.000000
vt -0.563881 0.692215 0.000000
vt -0.010674 0.771410 0.000000
vt -0.835671 0.688806 0.000000
vt -0.844499 0.767978 0.000000
vt -0.990358 0.769417 0.000000
vt -0.980389 0.706326 0.000000
vt -0.231026 0.719331 0.000000
vt -0.248106 0.773694 0.000000
vt -0.431019 0.770981 0.000000
vt -0.426355 0.700399 0.000000
vt -0.704046 0.687549 0.000000
vt -0.701057 0.768347 0.000000
vt -0.569157 0.770274 0.000000
vt -0.563881 0.692215 0.000000
vt -0.835671 0.688806 0.000000
vt -0.980389 0.706326 0.000000
vt -0.231026 0.719331 0.000000
vt -0.426355 0.700399 0.000000
vt -0.704046 0.687549 0.000000
vt -0.563881 0.692215 0.000000
vt -0.010674 0.771410 0.000000
vt 0.356189 0.418955 0.000000
vt 0.183381 0.418955 0.000000
vt 0.177148 0.371670 0.000000
vt 0.350601 0.368231 0.000000
vt 0.550921 0.380912 0.000000
vt 0.530717 0.418955 0.000000
vt 0.737056 0.381127 0.000000
vt 0.735121 0.418955 0.000000
vt 0.592834 0.316216 0.000000
vt 0.735766 0.348027 0.000000
vt 0.008853 0.327178 0.000000
vt 0.163822 0.329112 0.000000
vt 0.008853 0.376398 0.000000
vt 0.008853 0.418955 0.000000
vt 0.356189 0.418955 0.000000
vt 0.350601 0.368231 0.000000
vt 0.177148 0.371670 0.000000
vt 0.183381 0.418955 0.000000
vt 0.530717 0.418955 0.000000
vt 0.550921 0.380912 0.000000
vt 0.735121 0.418955 0.000000
vt 0.737056 0.381127 0.000000
vt 0.592834 0.316216 0.000000
vt 0.735766 0.348027 0.000000
vt 0.008853 0.376398 0.000000
vt 0.163822 0.329112 0.000000
vt 0.008853 0.327178 0.000000
vt 0.008853 0.418955 0.000000
vt 0.592834 0.316216 0.000000
vt 0.735766 0.348027 0.000000
vt 0.735766 0.348027 0.000000
vt 0.592834 0.316216 0.000000
vt 0.469460 0.310413 0.000000
vt 0.469460 0.310413 0.000000
vt 0.330397 0.284191 0.000000
vt 0.330397 0.284191 0.000000
vt 0.163822 0.329112 0.000000
vt 0.163822 0.329112 0.000000
vt 0.008853 0.327178 0.000000
vt 0.008853 0.327178 0.000000
vt 0.246142 0.314282 0.000000
vt 0.246142 0.314282 0.000000
vt -0.264234 0.348027 0.000000
vt -0.264234 0.348027 0.000000
vt -0.407166 0.316216 0.000000
vt -0.407166 0.316216 0.000000
vt -0.407166 0.316216 0.000000
vt -0.264234 0.348027 0.000000
vt 0.330397 0.284191 0.000000
vt 0.469460 0.310413 0.000000
vt -0.407166 0.316216 0.000000
vt -0.407166 0.316216 0.000000
vt -0.530540 0.310413 0.000000
vt -0.530540 0.310413 0.000000
vt -0.530540 0.310413 0.000000
vt -0.407166 0.316216 0.000000
vt -0.836178 0.329112 0.000000
vt -0.836178 0.329112 0.000000
vt -0.991147 0.327178 0.000000
vt -0.991147 0.327178 0.000000
vt -0.991147 0.327178 0.000000
vt -0.836178 0.329112 0.000000
vt 0.246142 0.314282 0.000000
vt 0.163822 0.329112 0.000000
vt 0.979288 0.418955 0.000000
vt 0.246142 0.314282 0.000000
vt 0.469460 0.310413 0.000000
vt 0.330397 0.284191 0.000000
vt 0.979288 0.418955 0.000000
vt 0.246142 0.314282 0.000000
vt 0.469460 0.310413 0.000000
vt 0.330397 0.284191 0.000000
vt 0.979288 0.418955 0.000000
vt 0.735766 0.348027 0.000000
vt -0.980389 0.706326 0.000000
vt -0.990358 0.769417 0.000000
vt -0.844499 0.767978 0.000000
vt -0.835671 0.688806 0.000000
vt -0.426355 0.700399 0.000000
vt -0.431019 0.770981 0.000000
vt -0.248106 0.773694 0.000000
vt -0.231026 0.719331 0.000000
vt -0.701057 0.768347 0.000000
vt -0.704046 0.687549 0.000000
vt -0.563881 0.692215 0.000000
vt -0.569157 0.770274 0.000000
vt -0.980389 0.706326 0.000000
vt -0.835671 0.688806 0.000000
vt -0.231026 0.719331 0.000000
vt -0.426355 0.700399 0.000000
vt -0.704046 0.687549 0.000000
vt -0.563881 0.692215 0.000000
vt -0.010674 0.771410 0.000000
vt 0.384991 0.256464 0.000000
vt 0.591114 0.256464 0.000000
vt 0.592189 0.199291 0.000000
vt 0.386495 0.181022 0.000000
vt 0.012292 0.256464 0.000000
vt 0.184241 0.256464 0.000000
vt 0.185315 0.179087 0.000000
vt 0.012292 0.178442 0.000000
vt 0.386495 0.181022 0.000000
vt 0.592189 0.199291 0.000000
vt 0.012292 0.178442 0.000000
vt 0.185315 0.179087 0.000000
vt 0.758764 0.256464 0.000000
vt -0.613505 0.181022 0.000000
vt -0.615009 0.256464 0.000000
vt -0.408886 0.256464 0.000000
vt -0.407811 0.199291 0.000000
vt -0.987708 0.178442 0.000000
vt -0.987708 0.256464 0.000000
vt -0.815759 0.256464 0.000000
vt -0.814685 0.179087 0.000000
vt -0.407811 0.199291 0.000000
vt -0.613505 0.181022 0.000000
vt -0.987708 0.178442 0.000000
vt -0.814685 0.179087 0.000000
vt -0.241236 0.256464 0.000000
vt -0.613505 0.181022 0.000000
vt -0.615009 0.256464 0.000000
vt -0.408886 0.256464 0.000000
vt -0.407811 0.199291 0.000000
vt -0.987708 0.178442 0.000000
vt -0.987708 0.256464 0.000000
vt -0.815759 0.256464 0.000000
vt -0.814685 0.179087 0.000000
vt -0.407811 0.199291 0.000000
vt -0.613505 0.181022 0.000000
vt -0.987708 0.178442 0.000000
vt -0.814685 0.179087 0.000000
vt -0.241236 0.256464 0.000000
vt -0.615009 0.256464 0.000000
vt -0.408886 0.256464 0.000000
vt -0.407811 0.199291 0.000000
vt -0.613505 0.181022 0.000000
vt -0.987708 0.256464 0.000000
vt -0.815759 0.256464 0.000000
vt -0.814685 0.179087 0.000000
vt -0.987708 0.178442 0.000000
vt -0.613505 0.181022 0.000000
vt -0.407811 0.199291 0.000000
vt -0.987708 0.178442 0.000000
vt -0.814685 0.179087 0.000000
vt -0.241236 0.256464 0.000000
vt -0.980389 0.706326 0.000000
vt -0.990358 0.769417 0.000000
vt -0.844499 0.767978 0.000000
vt -0.835671 0.688806 0.000000
vt -0.426355 0.700399 0.000000
vt -0.431019 0.770981 0.000000
vt -0.248106 0.773694 0.000000
vt -0.231026 0.719331 0.000000
vt -0.701057 0.768347 0.000000
vt -0.704046 0.687549 0.000000
vt -0.563881 0.692215 0.000000
vt -0.569157 0.770274 0.000000
vt -0.980389 0.706326 0.000000
vt -0.835671 0.688806 0.000000
vt -0.231026 0.719331 0.000000
vt -0.426355 0.700399 0.000000
vt -0.704046 0.687549 0.000000
vt -0.563881 0.692215 0.000000
vt -0.010674 0.771410 0.000000
vt -0.990358 0.769417 0.000000
vt -0.844499 0.767978 0.000000
vt -0.835671 0.688806 0.000000
vt -0.980389 0.706326 0.000000
vt -0.426355 0.700399 0.000000
vt -0.431019 0.770981 0.000000
vt -0.248106 0.773694 0.000000
vt -0.231026 0.719331 0.000000
vt -0.701057 0.768347 0.000000
vt -0.704046 0.687549 0.000000
vt -0.563881 0.692215 0.000000
vt -0.569157 0.770274 0.000000
vt -0.835671 0.688806 0.000000
vt -0.980389 0.706326 0.000000
vt -0.426355 0.700399 0.000000
vt -0.231026 0.719331 0.000000
vt -0.704046 0.687549 0.000000
vt -0.563881 0.692215 0.000000
vt -0.010674 0.771410 0.000000
vt -0.613505 0.181022 0.000000
vt -0.615009 0.256464 0.000000
vt -0.408886 0.256464 0.000000
vt -0.407811 0.199291 0.000000
vt -0.987708 0.178442 0.000000
vt -0.987708 0.256464 0.000000
vt -0.815759 0.256464 0.000000
vt -0.814685 0.179087 0.000000
vt -0.407811 0.199291 0.000000
vt -0.613505 0.181022 0.000000
vt -0.814685 0.179087 0.000000
vt -0.987708 0.178442 0.000000
vt -0.241236 0.256464 0.000000
vt -0.980389 0.706326 0.000000
vt -0.990358 0.769417 0.000000
vt -0.844499 0.767978 0.000000
vt -0.835671 0.688806 0.000000
vt -0.426355 0.700399 0.000000
vt -0.431019 0.770981 0.000000
vt -0.248106 0.773694 0.000000
vt -0.231026 0.719331 0.000000
vt -0.701057 0.768347 0.000000
vt -0.704046 0.687549 0.000000
vt -0.563881 0.692215 0.000000
vt -0.569157 0.770274 0.000000
vt -0.835671 0.688806 0.000000
vt -0.980389 0.706326 0.000000
vt -0.426355 0.700399 0.000000
vt -0.231026 0.719331 0.000000
vt -0.704046 0.687549 0.000000
vt -0.563881 0.692215 0.000000
vt -0.010674 0.771410 0.000000
vt -0.615009 0.256464 0.000000
vt -0.408886 0.256464 0.000000
vt -0.407811 0.199291 0.000000
vt -0.613505 0.181022 0.000000
vt -0.987708 0.178442 0.000000
vt -0.987708 0.256464 0.000000
vt -0.815759 0.256464 0.000000
vt -0.814685 0.179087 0.000000
vt -0.407811 0.199291 0.000000
vt -0.613505 0.181022 0.000000
vt -0.987708 0.178442 0.000000
vt -0.814685 0.179087 0.000000
vt -0.241236 0.256464 0.000000
vt -0.990358 0.769417 0.000000
vt -0.844499 0.767978 0.000000
vt -0.835671 0.688806 0.000000
vt -0.980389 0.706326 0.000000
vt -0.431019 0.770981 0.000000
vt -0.248106 0.773694 0.000000
vt -0.231026 0.719331 0.000000
vt -0.426355 0.700399 0.000000
vt -0.701057 0.768347 0.000000
vt -0.704046 0.687549 0.000000
vt -0.569157 0.770274 0.000000
vt -0.563881 0.692215 0.000000
vt -0.835671 0.688806 0.000000
vt -0.980389 0.706326 0.000000
vt -0.231026 0.719331 0.000000
vt -0.426355 0.700399 0.000000
vt -0.704046 0.687549 0.000000
vt -0.563881 0.692215 0.000000
vt -0.010674 0.771410 0.000000
vt -0.990358 0.769417 0.000000
vt -0.844499 0.767978 0.000000
vt -0.835671 0.688806 0.000000
vt -0.980389 0.706326 0.000000
vt -0.426355 0.700399 0.000000
vt -0.431019 0.770981 0.000000
vt -0.248106 0.773694 0.000000
vt -0.231026 0.719331 0.000000
vt -0.701057 0.768347 0.000000
vt -0.704046 0.687549 0.000000
vt -0.569157 0.770274 0.000000
vt -0.563881 0.692215 0.000000
vt -0.835671 0.688806 0.000000
vt -0.980389 0.706326 0.000000
vt -0.426355 0.700399 0.000000
vt -0.231026 0.719331 0.000000
vt -0.704046 0.687549 0.000000
vt -0.563881 0.692215 0.000000
vt -0.010674 0.771410 0.000000
vt -0.990358 0.769417 0.000000
vt -0.844499 0.767978 0.000000
vt -0.835671 0.688806 0.000000
vt -0.980389 0.706326 0.000000
vt -0.431019 0.770981 0.000000
vt -0.248106 0.773694 0.000000
vt -0.231026 0.719331 0.000000
vt -0.426355 0.700399 0.000000
vt -0.701057 0.768347 0.000000
vt -0.704046 0.687549 0.000000
vt -0.569157 0.770274 0.000000
vt -0.563881 0.692215 0.000000
vt -0.835671 0.688806 0.000000
vt -0.980389 0.706326 0.000000
vt -0.231026 0.719331 0.000000
vt -0.426355 0.700399 0.000000
vt -0.704046 0.687549 0.000000
vt -0.563881 0.692215 0.000000
vt -0.010674 0.771410 0.000000
vt -0.407811 0.199291 0.000000
vt -0.408886 0.256464 0.000000
vt -0.615009 0.256464 0.000000
vt -0.613505 0.181022 0.000000
vt -0.814685 0.179087 0.000000
vt -0.815759 0.256464 0.000000
vt -0.987708 0.256464 0.000000
vt -0.987708 0.178442 0.000000
vt -0.407811 0.199291 0.000000
vt -0.613505 0.181022 0.000000
vt -0.987708 0.178442 0.000000
vt -0.814685 0.179087 0.000000
vt -0.241236 0.256464 0.000000
vt -0.407811 0.199291 0.000000
vt -0.408886 0.256464 0.000000
vt -0.615009 0.256464 0.000000
vt -0.613505 0.181022 0.000000
vt -0.814685 0.179087 0.000000
vt -0.815759 0.256464 0.000000
vt -0.987708 0.256464 0.000000
vt -0.987708 0.178442 0.000000
vt -0.613505 0.181022 0.000000
vt -0.407811 0.199291 0.000000
vt -0.987708 0.178442 0.000000
vt -0.814685 0.179087 0.000000
vt -0.241236 0.256464 0.000000
vt -0.407811 0.199291 0.000000
vt -0.408886 0.256464 0.000000
vt -0.615009 0.256464 0.000000
vt -0.613505 0.181022 0.000000
vt -0.814685 0.179087 0.000000
vt -0.815759 0.256464 0.000000
vt -0.987708 0.256464 0.000000
vt -0.987708 0.178442 0.000000
vt -0.407811 0.199291 0.000000
vt -0.613505 0.181022 0.000000
vt -0.987708 0.178442 0.000000
vt -0.814685 0.179087 0.000000
vt -0.241236 0.256464 0.000000
vt -0.407811 0.199291 0.000000
vt -0.408886 0.256464 0.000000
vt -0.615009 0.256464 0.000000
vt -0.613505 0.181022 0.000000
vt -0.814685 0.179087 0.000000
vt -0.815759 0.256464 0.000000
vt -0.987708 0.256464 0.000000
vt -0.987708 0.178442 0.000000
vt -0.407811 0.199291 0.000000
vt -0.613505 0.181022 0.000000
vt -0.987708 0.178442 0.000000
vt -0.814685 0.179087 0.000000
vt -0.241236 0.256464 0.000000
vt -0.407811 0.199291 0.000000
vt -0.408886 0.256464 0.000000
vt -0.615009 0.256464 0.000000
vt -0.613505 0.181022 0.000000
vt -0.987708 0.178442 0.000000
vt -0.814685 0.179087 0.000000
vt -0.815759 0.256464 0.000000
vt -0.987708 0.256464 0.000000
vt -0.407811 0.199291 0.000000
vt -0.613505 0.181022 0.000000
vt -0.987708 0.178442 0.000000
vt -0.814685 0.179087 0.000000
vt -0.241236 0.256464 0.000000
vt -0.613505 0.181022 0.000000
vt -0.407811 0.199291 0.000000
vt -0.408886 0.256464 0.000000
vt -0.615009 0.256464 0.000000
vt -0.987708 0.178442 0.000000
vt -0.814685 0.179087 0.000000
vt -0.815759 0.256464 0.000000
vt -0.987708 0.256464 0.000000
vt -0.407811 0.199291 0.000000
vt -0.613505 0.181022 0.000000
vt -0.814685 0.179087 0.000000
vt -0.987708 0.178442 0.000000
vt -0.241236 0.256464 0.000000
vt -0.613505 0.181022 0.000000
vt -0.407811 0.199291 0.000000
vt -0.408886 0.256464 0.000000
vt -0.615009 0.256464 0.000000
vt -0.987708 0.178442 0.000000
vt -0.814685 0.179087 0.000000
vt -0.815759 0.256464 0.000000
vt -0.987708 0.256464 0.000000
vt -0.407811 0.199291 0.000000
vt -0.613505 0.181022 0.000000
vt -0.987708 0.178442 0.000000
vt -0.814685 0.179087 0.000000
vt -0.241236 0.256464 0.000000
vt -0.613505 0.181022 0.000000
vt -0.407811 0.199291 0.000000
vt -0.408886 0.256464 0.000000
vt -0.615009 0.256464 0.000000
vt -0.987708 0.178442 0.000000
vt -0.814685 0.179087 0.000000
vt -0.815759 0.256464 0.000000
vt -0.987708 0.256464 0.000000
vt -0.407811 0.199291 0.000000
vt -0.613505 0.181022 0.000000
vt -0.814685 0.179087 0.000000
vt -0.987708 0.178442 0.000000
vt -0.241236 0.256464 0.000000
vt -0.615009 0.256464 0.000000
vt -0.408886 0.256464 0.000000
vt -0.407811 0.199291 0.000000
vt -0.613505 0.181022 0.000000
vt -0.987708 0.178442 0.000000
vt -0.987708 0.256464 0.000000
vt -0.815759 0.256464 0.000000
vt -0.814685 0.179087 0.000000
vt -0.613505 0.181022 0.000000
vt -0.407811 0.199291 0.000000
vt -0.987708 0.178442 0.000000
vt -0.814685 0.179087 0.000000
vt -0.241236 0.256464 0.000000
vt -0.615009 0.256464 0.000000
vt -0.408886 0.256464 0.000000
vt -0.407811 0.199291 0.000000
vt -0.613505 0.181022 0.000000
vt -0.987708 0.256464 0.000000
vt -0.815759 0.256464 0.000000
vt -0.814685 0.179087 0.000000
vt -0.987708 0.178442 0.000000
vt -0.613505 0.181022 0.000000
vt -0.407811 0.199291 0.000000
vt -0.987708 0.178442 0.000000
vt -0.814685 0.179087 0.000000
vt -0.241236 0.256464 0.000000
vt -0.990358 0.769417 0.000000
vt -0.844499 0.767978 0.000000
vt -0.835671 0.688806 0.000000
vt -0.980389 0.706326 0.000000
vt -0.431019 0.770981 0.000000
vt -0.248106 0.773694 0.000000
vt -0.231026 0.719331 0.000000
vt -0.426355 0.700399 0.000000
vt -0.701057 0.768347 0.000000
vt -0.704046 0.687549 0.000000
vt -0.569157 0.770274 0.000000
vt -0.563881 0.692215 0.000000
vt -0.835671 0.688806 0.000000
vt -0.980389 0.706326 0.000000
vt -0.231026 0.719331 0.000000
vt -0.426355 0.700399 0.000000
vt -0.704046 0.687549 0.000000
vt -0.563881 0.692215 0.000000
vt -0.010674 0.771410 0.000000
vt -0.990358 0.769417 0.000000
vt -0.844499 0.767978 0.000000
vt -0.835671 0.688806 0.000000
vt -0.980389 0.706326 0.000000
vt -0.426355 0.700399 0.000000
vt -0.431019 0.770981 0.000000
vt -0.248106 0.773694 0.000000
vt -0.231026 0.719331 0.000000
vt -0.701057 0.768347 0.000000
vt -0.704046 0.687549 0.000000
vt -0.563881 0.692215 0.000000
vt -0.569157 0.770274 0.000000
vt -0.835671 0.688806 0.000000
vt -0.980389 0.706326 0.000000
vt -0.426355 0.700399 0.000000
vt -0.231026 0.719331 0.000000
vt -0.704046 0.687549 0.000000
vt -0.563881 0.692215 0.000000
vt -0.010674 0.771410 0.000000
vt -0.469093 0.595319 0.000000
vt -0.345754 0.671203 0.000000
vt -0.583102 0.679461 0.000000
vt -0.701137 0.617850 0.000000
vt -0.821654 0.613732 0.000000
vt -0.791927 0.542072 0.000000
vt -0.704395 0.541923 0.000000
vt -0.710530 0.670509 0.000000
vt -0.875061 0.634075 0.000000
vt -0.582966 0.614971 0.000000
vt -0.346226 0.592491 0.000000
vt -0.342962 0.538437 0.000000
vt -0.180918 0.541504 0.000000
vt -0.191954 0.603084 0.000000
vt -0.180918 0.541504 0.000000
vt -0.180918 0.541504 0.000000
vt -0.342962 0.538437 0.000000
vt -0.469093 0.595319 0.000000
vt -0.583102 0.679461 0.000000
vt -0.345754 0.671203 0.000000
vt -0.791927 0.542072 0.000000
vt -0.821654 0.613732 0.000000
vt -0.701137 0.617850 0.000000
vt -0.704395 0.541923 0.000000
vt -0.875061 0.634075 0.000000
vt -0.710530 0.670509 0.000000
vt -0.582966 0.614971 0.000000
vt -0.346226 0.592491 0.000000
vt -0.191955 0.603084 0.000000
vt -0.180918 0.541504 0.000000
vt -0.342962 0.538437 0.000000
vt -0.197766 0.663331 0.000000
vt -0.097341 0.583295 0.000000
vt -0.101770 0.613216 0.000000
vt -0.097341 0.583295 0.000000
vt -0.097341 0.583295 0.000000
vt -0.197766 0.663331 0.000000
vt -0.097341 0.583295 0.000000
vt -0.101770 0.613216 0.000000
vt -0.104832 0.649923 0.000000
vt -0.104832 0.649923 0.000000
vt -0.016325 0.632234 0.000000
vt -0.016325 0.632234 0.000000
vt -0.988122 0.557348 0.000000
vt -0.887182 0.540728 0.000000
vt -0.582318 0.542469 0.000000
vt -0.461151 0.541069 0.000000
vt -0.791927 0.542072 0.000000
vt -0.821654 0.613732 0.000000
vt -0.704395 0.541923 0.000000
vt -0.887182 0.540728 0.000000
vt -0.582318 0.542469 0.000000
vt -0.988122 0.557348 0.000000
vt -0.887182 0.540729 0.000000
vt -0.988122 0.557348 0.000000
vt -0.582318 0.542469 0.000000
vt -0.791927 0.542072 0.000000
vt -0.704395 0.541923 0.000000
vt -0.887182 0.540729 0.000000
vt -0.582318 0.542469 0.000000
vt -0.342962 0.538437 0.000000
vt -0.016325 0.632234 0.000000
vt -0.461151 0.541069 0.000000
vt -0.461151 0.541069 0.000000
vt -0.461151 0.541069 0.000000
vt -0.980389 0.706326 0.000000
vt -0.990358 0.769417 0.000000
vt -0.844499 0.767978 0.000000
vt -0.835671 0.688806 0.000000
vt -0.426355 0.700399 0.000000
vt -0.431019 0.770981 0.000000
vt -0.248106 0.773694 0.000000
vt -0.231026 0.719331 0.000000
vt -0.701057 0.768347 0.000000
vt -0.704046 0.687549 0.000000
vt -0.563881 0.692215 0.000000
vt -0.569157 0.770274 0.000000
vt -0.835671 0.688806 0.000000
vt -0.980389 0.706326 0.000000
vt -0.426355 0.700399 0.000000
vt -0.231026 0.719331 0.000000
vt -0.704046 0.687549 0.000000
vt -0.563881 0.692215 0.000000
vt -0.010674 0.771410 0.000000
vt -0.990358 0.769417 0.000000
vt -0.844499 0.767978 0.000000
vt -0.835671 0.688806 0.000000
vt -0.980389 0.706326 0.000000
vt -0.431019 0.770981 0.000000
vt -0.248106 0.773694 0.000000
vt -0.231026 0.719331 0.000000
vt -0.426355 0.700399 0.000000
vt -0.701057 0.768347 0.000000
vt -0.704046 0.687549 0.000000
vt -0.569157 0.770274 0.000000
vt -0.563881 0.692215 0.000000
vt -0.835671 0.688806 0.000000
vt -0.980389 0.706326 0.000000
vt -0.231026 0.719331 0.000000
vt -0.426355 0.700399 0.000000
vt -0.704046 0.687549 0.000000
vt -0.563881 0.692215 0.000000
vt -0.010674 0.771410 0.000000
vt -0.643811 0.418955 0.000000
vt -0.649399 0.368231 0.000000
vt -0.822852 0.371670 0.000000
vt -0.816619 0.418955 0.000000
vt -0.469283 0.418955 0.000000
vt -0.449079 0.380912 0.000000
vt -0.264879 0.418955 0.000000
vt -0.262944 0.381127 0.000000
vt -0.407166 0.316216 0.000000
vt -0.264234 0.348027 0.000000
vt -0.836178 0.329112 0.000000
vt -0.991147 0.327178 0.000000
vt -0.991147 0.376398 0.000000
vt -0.991147 0.418955 0.000000
vt -0.643811 0.418955 0.000000
vt -0.816619 0.418955 0.000000
vt -0.822852 0.371670 0.000000
vt -0.649399 0.368231 0.000000
vt -0.449079 0.380912 0.000000
vt -0.469283 0.418955 0.000000
vt -0.262944 0.381127 0.000000
vt -0.264879 0.418955 0.000000
vt -0.407166 0.316216 0.000000
vt -0.264234 0.348027 0.000000
vt -0.991147 0.376398 0.000000
vt -0.991147 0.327178 0.000000
vt -0.836178 0.329112 0.000000
vt -0.991147 0.418955 0.000000
vt -0.407166 0.316216 0.000000
vt -0.407166 0.316216 0.000000
vt -0.264234 0.348027 0.000000
vt -0.264234 0.348027 0.000000
vt -0.669603 0.284191 0.000000
vt -0.530540 0.310413 0.000000
vt -0.530540 0.310413 0.000000
vt -0.669603 0.284191 0.000000
vt -0.991147 0.327178 0.000000
vt -0.836178 0.329112 0.000000
vt -0.836178 0.329112 0.000000
vt -0.991147 0.327178 0.000000
vt -0.753858 0.314282 0.000000
vt -0.753858 0.314282 0.000000
vt -0.264234 0.348027 0.000000
vt -0.407166 0.316216 0.000000
vt -0.530540 0.310413 0.000000
vt -0.669603 0.284191 0.000000
vt -0.836178 0.329112 0.000000
vt -0.991147 0.327178 0.000000
vt -0.753858 0.314282 0.000000
vt -0.020712 0.418955 0.000000
vt -0.753858 0.314282 0.000000
vt -0.530540 0.310413 0.000000
vt -0.669603 0.284191 0.000000
vt -0.020712 0.418955 0.000000
vt -0.753858 0.314282 0.000000
vt -0.530540 0.310413 0.000000
vt -0.669603 0.284191 0.000000
vt -0.020712 0.418955 0.000000
usemtl Material_9
f 5720/5720 5721/5721 5722/5722
f 5722/5722 5723/5723 5720/5720
f 5724/5724 5725/5725 5726/5726
f 5726/5726 5727/5727 5724/5724
f 5721/5721 5728/5728 5729/5729
f 5729/5729 5722/5722 5721/5721
f 5730/5730 5724/5724 5727/5727
f 5727/5727 5731/5731 5730/5730
f 5728/5728 5730/5730 5731/5731
f 5731/5731 5729/5729 5728/5728
f 5732/5732 5723/5723 5722/5722
f 5722/5722 5733/5733 5732/5732
f 5727/5727 5726/5726 5734/5734
f 5734/5734 5735/5735 5727/5727
f 5733/5733 5722/5722 5729/5729
f 5729/5729 5736/5736 5733/5733
f 5737/5737 5731/5731 5727/5727
f 5727/5727 5735/5735 5737/5737
f 5736/5736 5729/5729 5731/5731
f 5731/5731 5737/5737 5736/5736
f 5738/5738 5726/5726 5725/5725
f 5734/5734 5726/5726 5738/5738
f 5739/5739 5740/5740 5741/5741
f 5741/5741 5742/5742 5739/5739
f 5743/5743 5744/5744 5745/5745
f 5745/5745 5746/5746 5743/5743
f 5747/5747 5741/5741 5740/5740
f 5740/5740 5748/5748 5747/5747
f 5749/5749 5745/5745 5744/5744
f 5744/5744 5750/5750 5749/5749
f 5742/5742 5741/5741 5744/5744
f 5744/5744 5743/5743 5742/5742
f 5750/5750 5744/5744 5741/5741
f 5741/5741 5747/5747 5750/5750
f 5739/5739 5751/5751 5740/5740
f 5751/5751 5748/5748 5740/5740
f 5752/5752 5753/5753 5754/5754
f 5754/5754 5755/5755 5752/5752
f 5756/5756 5757/5757 5758/5758
f 5758/5758 5759/5759 5756/5756
f 5760/5760 5761/5761 5755/5755
f 5755/5755 5754/5754 5760/5760
f 5762/5762 5759/5759 5758/5758
f 5758/5758 5763/5763 5762/5762
f 5757/5757 5752/5752 5755/5755
f 5755/5755 5758/5758 5757/5757
f 5761/5761 5763/5763 5758/5758
f 5758/5758 5755/5755 5761/5761
f 5753/5753 5764/5764 5754/5754
f 5764/5764 5760/5760 5754/5754
f 5765/5765 5766/5766 5767/5767
f 5767/5767 5768/5768 5765/5765
f 5769/5769 5770/5770 5771/5771
f 5771/5771 5772/5772 5769/5769
f 5773/5773 5774/5774 5768/5768
f 5768/5768 5767/5767 5773/5773
f 5775/5775 5772/5772 5771/5771
f 5771/5771 5776/5776 5775/5775
f 5770/5770 5765/5765 5768/5768
f 5768/5768 5771/5771 5770/5770
f 5774/5774 5776/5776 5771/5771
f 5771/5771 5768/5768 5774/5774
f 5766/5766 5777/5777 5767/5767
f 5777/5777 5773/5773 5767/5767
f 5778/5778 5779/5779 5780/5780
f 5780/5780 5781/5781 5778/5778
f 5782/5782 5783/5783 5784/5784
f 5784/5784 5785/5785 5782/5782
f 5786/5786 5780/5780 5779/5779
f 5779/5779 5787/5787 5786/5786
f 5788/5788 5784/5784 5783/5783
f 5783/5783 5789/5789 5788/5788
f 5781/5781 5780/5780 5783/5783
f 5783/5783 5782/5782 5781/5781
f 5789/5789 5783/5783 5780/5780
f 5780/5780 5786/5786 5789/5789
f 5778/5778 5790/5790 5779/5779
f 5790/5790 5787/5787 5779/5779
f 5791/5791 5792/5792 5793/5793
f 5793/5793 5794/5794 5791/5791
f 5795/5795 5796/5796 5797/5797
f 5797/5797 5798/5798 5795/5795
f 5792/5792 5799/5799 5800/5800
f 5800/5800 5793/5793 5792/5792
f 5801/5801 5795/5795 5798/5798
f 5798/5798 5802/5802 5801/5801
f 5799/5799 5801/5801 5802/5802
f 5802/5802 5800/5800 5799/5799
f 5803/5803 5794/5794 5793/5793
f 5793/5793 5804/5804 5803/5803
f 5798/5798 5797/5797 5805/5805
f 5805/5805 5806/5806 5798/5798
f 5804/5804 5793/5793 5800/5800
f 5800/5800 5807/5807 5804/5804
f 5802/5802 5798/5798 5806/5806
f 5806/5806 5808/5808 5802/5802
f 5807/5807 5800/5800 5802/5802
f 5802/5802 5808/5808 5807/5807
f 5809/5809 5797/5797 5796/5796
f 5805/5805 5797/5797 5809/5809
f 5810/5810 5811/5811 5812/5812
f 5812/5812 5813/5813 5810/5810
f 5814/5814 5815/5815 5816/5816
f 5816/5816 5817/5817 5814/5814
f 5810/5810 5818/5818 5819/5819
f 5819/5819 5811/5811 5810/5810
f 5820/5820 5814/5814 5817/5817
f 5817/5817 5821/5821 5820/5820
f 5818/5818 5820/5820 5821/5821
f 5821/5821 5819/5819 5818/5818
f 5812/5812 5811/5811 5822/5822
f 5822/5822 5823/5823 5812/5812
f 5824/5824 5817/5817 5816/5816
f 5816/5816 5825/5825 5824/5824
f 5822/5822 5811/5811 5819/5819
f 5819/5819 5826/5826 5822/5822
f 5827/5827 5821/5821 5817/5817
f 5817/5817 5824/5824 5827/5827
f 5826/5826 5819/5819 5821/5821
f 5821/5821 5827/5827 5826/5826
f 5828/5828 5816/5816 5815/5815
f 5825/5825 5816/5816 5828/5828
f 5829/5829 5830/5830 5831/5831
f 5831/5831 5832/5832 5829/5829
f 5833/5833 5834/5834 5835/5835
f 5835/5835 5836/5836 5833/5833
f 5837/5837 5838/5838 5832/5832
f 5832/5832 5831/5831 5837/5837
f 5839/5839 5840/5840 5836/5836
f 5836/5836 5835/5835 5839/5839
f 5834/5834 5829/5829 5832/5832
f 5832/5832 5835/5835 5834/5834
f 5838/5838 5839/5839 5835/5835
f 5835/5835 5832/5832 5838/5838
f 5830/5830 5841/5841 5831/5831
f 5841/5841 5837/5837 5831/5831
f 5842/5842 5843/5843 5844/5844
f 5844/5844 5845/5845 5842/5842
f 5846/5846 5847/5847 5848/5848
f 5848/5848 5849/5849 5846/5846
f 5843/5843 5850/5850 5851/5851
f 5851/5851 5844/5844 5843/5843
f 5852/5852 5846/5846 5849/5849
f 5849/5849 5853/5853 5852/5852
f 5850/5850 5852/5852 5853/5853
f 5853/5853 5851/5851 5850/5850
f 5845/5845 5844/5844 5854/5854
f 5854/5854 5855/5855 5845/5845
f 5856/5856 5849/5849 5848/5848
f 5848/5848 5857/5857 5856/5856
f 5854/5854 5844/5844 5851/5851
f 5851/5851 5858/5858 5854/5854
f 5859/5859 5853/5853 5849/5849
f 5849/5849 5856/5856 5859/5859
f 5858/5858 5851/5851 5853/5853
f 5853/5853 5859/5859 5858/5858
f 5860/5860 5848/5848 5847/5847
f 5857/5857 5848/5848 5860/5860
f 5861/5861 5862/5862 5863/5863
f 5863/5863 5864/5864 5861/5861
f 5865/5865 5866/5866 5867/5867
f 5867/5867 5868/5868 5865/5865
f 5869/5869 5870/5870 5863/5863
f 5863/5863 5862/5862 5869/5869
f 5871/5871 5868/5868 5867/5867
f 5867/5867 5872/5872 5871/5871
f 5864/5864 5863/5863 5867/5867
f 5867/5867 5866/5866 5864/5864
f 5872/5872 5867/5867 5863/5863
f 5863/5863 5870/5870 5872/5872
f 5861/5861 5873/5873 5862/5862
f 5873/5873 5869/5869 5862/5862
f 5874/5874 5875/5875 5876/5876
f 5876/5876 5877/5877 5874/5874
f 5878/5878 5879/5879 5880/5880
f 5880/5880 5881/5881 5878/5878
f 5882/5882 5883/5883 5875/5875
f 5875/5875 5874/5874 5882/5882
f 5881/5881 5880/5880 5884/5884
f 5884/5884 5885/5885 5881/5881
f 5885/5885 5884/5884 5883/5883
f 5883/5883 5882/5882 5885/5885
f 5876/5876 5875/5875 5886/5886
f 5886/5886 5887/5887 5876/5876
f 5880/5880 5879/5879 5888/5888
f 5888/5888 5889/5889 5880/5880
f 5875/5875 5883/5883 5890/5890
f 5890/5890 5886/5886 5875/5875
f 5884/5884 5880/5880 5889/5889
f 5889/5889 5891/5891 5884/5884
f 5883/5883 5884/5884 5891/5891
f 5891/5891 5890/5890 5883/5883
f 5892/5892 5879/5879 5878/5878
f 5888/5888 5879/5879 5892/5892
f 5893/5893 5894/5894 5895/5895
f 5895/5895 5896/5896 5893/5893
f 5897/5897 5898/5898 5899/5899
f 5899/5899 5900/5900 5897/5897
f 5901/5901 5902/5902 5894/5894
f 5894/5894 5893/5893 5901/5901
f 5897/5897 5900/5900 5903/5903
f 5903/5903 5904/5904 5897/5897
f 5904/5904 5903/5903 5902/5902
f 5902/5902 5901/5901 5904/5904
f 5895/5895 5894/5894 5905/5905
f 5905/5905 5906/5906 5895/5895
f 5907/5907 5900/5900 5899/5899
f 5899/5899 5908/5908 5907/5907
f 5905/5905 5894/5894 5902/5902
f 5902/5902 5909/5909 5905/5905
f 5903/5903 5900/5900 5907/5907
f 5907/5907 5910/5910 5903/5903
f 5909/5909 5902/5902 5903/5903
f 5903/5903 5910/5910 5909/5909
f 5911/5911 5899/5899 5898/5898
f 5908/5908 5899/5899 5911/5911
f 5912/5912 5913/5913 5914/5914
f 5914/5914 5915/5915 5912/5912
f 5916/5916 5917/5917 5918/5918
f 5918/5918 5919/5919 5916/5916
f 5920/5920 5921/5921 5913/5913
f 5913/5913 5912/5912 5920/5920
f 5919/5919 5918/5918 5922/5922
f 5922/5922 5923/5923 5919/5919
f 5923/5923 5922/5922 5921/5921
f 5921/5921 5920/5920 5923/5923
f 5914/5914 5913/5913 5924/5924
f 5924/5924 5925/5925 5914/5914
f 5918/5918 5917/5917 5926/5926
f 5926/5926 5927/5927 5918/5918
f 5913/5913 5921/5921 5928/5928
f 5928/5928 5924/5924 5913/5913
f 5922/5922 5918/5918 5927/5927
f 5927/5927 5929/5929 5922/5922
f 5928/5928 5921/5921 5922/5922
f 5922/5922 5929/5929 5928/5928
f 5930/5930 5917/5917 5916/5916
f 5926/5926 5917/5917 5930/5930
f 5931/5931 5932/5932 5933/5933
f 5933/5933 5934/5934 5931/5931
f 5935/5935 5936/5936 5937/5937
f 5937/5937 5938/5938 5935/5935
f 5939/5939 5932/5932 5931/5931
f 5931/5931 5940/5940 5939/5939
f 5936/5936 5935/5935 5941/5941
f 5941/5941 5942/5942 5936/5936
f 5936/5936 5931/5931 5934/5934
f 5934/5934 5937/5937 5936/5936
f 5931/5931 5936/5936 5942/5942
f 5942/5942 5940/5940 5931/5931
f 5933/5933 5932/5932 5943/5943
f 5943/5943 5932/5932 5939/5939
f 5944/5944 5945/5945 5946/5946
f 5946/5946 5947/5947 5944/5944
f 5948/5948 5949/5949 5950/5950
f 5950/5950 5951/5951 5948/5948
f 5945/5945 5944/5944 5952/5952
f 5952/5952 5953/5953 5945/5945
f 5949/5949 5948/5948 5954/5954
f 5954/5954 5955/5955 5949/5949
f 5949/5949 5944/5944 5947/5947
f 5947/5947 5950/5950 5949/5949
f 5944/5944 5949/5949 5955/5955
f 5955/5955 5952/5952 5944/5944
f 5946/5946 5945/5945 5956/5956
f 5956/5956 5945/5945 5953/5953
f 5957/5957 5958/5958 5959/5959
f 5959/5959 5960/5960 5957/5957
f 5961/5961 5962/5962 5963/5963
f 5963/5963 5964/5964 5961/5961
f 5965/5965 5958/5958 5957/5957
f 5957/5957 5966/5966 5965/5965
f 5962/5962 5961/5961 5967/5967
f 5967/5967 5968/5968 5962/5962
f 5962/5962 5957/5957 5960/5960
f 5960/5960 5963/5963 5962/5962
f 5957/5957 5962/5962 5968/5968
f 5968/5968 5966/5966 5957/5957
f 5959/5959 5958/5958 5969/5969
f 5969/5969 5958/5958 5965/5965
f 5970/5970 5971/5971 5972/5972
f 5972/5972 5973/5973 5970/5970
f 5974/5974 5975/5975 5976/5976
f 5976/5976 5977/5977 5974/5974
f 5978/5978 5971/5971 5970/5970
f 5970/5970 5979/5979 5978/5978
f 5975/5975 5974/5974 5980/5980
f 5980/5980 5981/5981 5975/5975
f 5975/5975 5970/5970 5973/5973
f 5973/5973 5976/5976 5975/5975
f 5970/5970 5975/5975 5981/5981
f 5981/5981 5979/5979 5970/5970
f 5972/5972 5971/5971 5982/5982
f 5982/5982 5971/5971 5978/5978
f 5983/5983 5984/5984 5985/5985
f 5985/5985 5986/5986 5983/5983
f 5987/5987 5988/5988 5989/5989
f 5989/5989 5990/5990 5987/5987
f 5991/5991 5984/5984 5983/5983
f 5983/5983 5992/5992 5991/5991
f 5989/5989 5988/5988 5993/5993
f 5993/5993 5994/5994 5989/5989
f 5990/5990 5989/5989 5983/5983
f 5983/5983 5986/5986 5990/5990
f 5992/5992 5983/5983 5989/5989
f 5989/5989 5994/5994 5992/5992
f 5985/5985 5984/5984 5995/5995
f 5995/5995 5984/5984 5991/5991
f 5996/5996 5997/5997 5998/5998
f 5998/5998 5999/5999 5996/5996
f 6000/6000 6001/6001 6002/6002
f 6002/6002 6003/6003 6000/6000
f 6004/6004 5998/5998 5997/5997
f 5997/5997 6005/6005 6004/6004
f 6006/6006 6002/6002 6001/6001
f 6001/6001 6007/6007 6006/6006
f 6003/6003 6002/6002 5997/5997
f 5997/5997 5996/5996 6003/6003
f 6005/6005 5997/5997 6002/6002
f 6002/6002 6006/6006 6005/6005
f 5999/5999 5998/5998 6008/6008
f 6008/6008 5998/5998 6004/6004
f 6009/6009 6010/6010 6011/6011
f 6011/6011 6012/6012 6009/6009
f 6013/6013 6014/6014 6015/6015
f 6015/6015 6016/6016 6013/6013
f 6017/6017 6011/6011 6010/6010
f 6010/6010 6018/6018 6017/6017
f 6015/6015 6014/6014 6019/6019
f 6019/6019 6020/6020 6015/6015
f 6016/6016 6015/6015 6010/6010
f 6010/6010 6009/6009 6016/6016
f 6018/6018 6010/6010 6015/6015
f 6015/6015 6020/6020 6018/6018
f 6012/6012 6011/6011 6021/6021
f 6021/6021 6011/6011 6017/6017
f 6022/6022 6023/6023 6024/6024
f 6024/6024 6025/6025 6022/6022
f 6026/6026 6027/6027 6028/6028
f 6028/6028 6029/6029 6026/6026
f 6030/6030 6024/6024 6023/6023
f 6023/6023 6031/6031 6030/6030
f 6032/6032 6028/6028 6027/6027
f 6027/6027 6033/6033 6032/6032
f 6029/6029 6028/6028 6023/6023
f 6023/6023 6022/6022 6029/6029
f 6031/6031 6023/6023 6028/6028
f 6028/6028 6032/6032 6031/6031
f 6025/6025 6024/6024 6034/6034
f 6034/6034 6024/6024 6030/6030
f 6035/6035 6036/6036 6037/6037
f 6037/6037 6038/6038 6035/6035
f 6039/6039 6040/6040 6041/6041
f 6041/6041 6042/6042 6039/6039
f 6043/6043 6037/6037 6036/6036
f 6036/6036 6044/6044 6043/6043
f 6045/6045 6042/6042 6041/6041
f 6041/6041 6046/6046 6045/6045
f 6038/6038 6037/6037 6041/6041
f 6041/6041 6040/6040 6038/6038
f 6046/6046 6041/6041 6037/6037
f 6037/6037 6043/6043 6046/6046
f 6035/6035 6047/6047 6036/6036
f 6047/6047 6044/6044 6036/6036
f 6048/6048 6049/6049 6050/6050
f 6050/6050 6051/6051 6048/6048
f 6052/6052 6053/6053 6054/6054
f 6054/6054 6055/6055 6052/6052
f 6056/6056 6050/6050 6049/6049
f 6049/6049 6057/6057 6056/6056
f 6058/6058 6054/6054 6053/6053
f 6053/6053 6059/6059 6058/6058
f 6051/6051 6050/6050 6053/6053
f 6053/6053 6052/6052 6051/6051
f 6059/6059 6053/6053 6050/6050
f 6050/6050 6056/6056 6059/6059
f 6048/6048 6060/6060 6049/6049
f 6060/6060 6057/6057 6049/6049
f 6061/6061 6062/6062 6063/6063
f 6063/6063 6064/6064 6061/6061
f 6065/6065 6066/6066 6067/6067
f 6067/6067 6068/6068 6065/6065
f 6069/6069 6070/6070 6062/6062
f 6062/6062 6061/6061 6069/6069
f 6068/6068 6067/6067 6071/6071
f 6071/6071 6072/6072 6068/6068
f 6072/6072 6071/6071 6070/6070
f 6070/6070 6069/6069 6072/6072
f 6063/6063 6062/6062 6073/6073
f 6073/6073 6074/6074 6063/6063
f 6067/6067 6066/6066 6075/6075
f 6075/6075 6076/6076 6067/6067
f 6062/6062 6070/6070 6077/6077
f 6077/6077 6073/6073 6062/6062
f 6071/6071 6067/6067 6076/6076
f 6076/6076 6078/6078 6071/6071
f 6070/6070 6071/6071 6078/6078
f 6078/6078 6077/6077 6070/6070
f 6079/6079 6066/6066 6065/6065
f 6075/6075 6066/6066 6079/6079
f 6080/6080 6081/6081 6082/6082
f 6082/6082 6083/6083 6080/6080
f 6084/6084 6085/6085 6086/6086
f 6086/6086 6087/6087 6084/6084
f 6080/6080 6088/6088 6089/6089
f 6089/6089 6081/6081 6080/6080
f 6090/6090 6084/6084 6087/6087
f 6087/6087 6091/6091 6090/6090
f 6088/6088 6090/6090 6091/6091
f 6091/6091 6089/6089 6088/6088
f 6082/6082 6081/6081 6092/6092
f 6092/6092 6093/6093 6082/6082
f 6094/6094 6087/6087 6086/6086
f 6086/6086 6095/6095 6094/6094
f 6092/6092 6081/6081 6089/6089
f 6089/6089 6096/6096 6092/6092
f 6097/6097 6091/6091 6087/6087
f 6087/6087 6094/6094 6097/6097
f 6096/6096 6089/6089 6091/6091
f 6091/6091 6097/6097 6096/6096
f 6098/6098 6086/6086 6085/6085
f 6095/6095 6086/6086 6098/6098
f 6099/6099 6100/6100 6101/6101
f 6102/6102 6103/6103 6104/6104
f 6104/6104 6105/6105 6102/6102
f 6104/6104 6103/6103 6106/6106
f 6106/6106 6107/6107 6104/6104
f 6107/6107 6100/6100 6108/6108
f 6108/6108 6104/6104 6107/6107
f 6109/6109 6110/6110 6111/6111
f 6111/6111 6112/6112 6109/6109
f 6113/6113 6114/6114 6115/6115
f 6116/6116 6117/6117 6118/6118
f 6119/6119 6120/6120 6121/6121
f 6121/6121 6122/6122 6119/6119
f 6119/6119 6123/6123 6124/6124
f 6124/6124 6120/6120 6119/6119
f 6123/6123 6119/6119 6125/6125
f 6125/6125 6118/6118 6123/6123
f 6126/6126 6127/6127 6128/6128
f 6128/6128 6129/6129 6126/6126
f 6112/6112 6111/6111 6101/6101
f 6101/6101 6130/6130 6112/6112
f 6112/6112 6131/6131 6132/6132
f 6132/6132 6109/6109 6112/6112
f 6115/6115 6133/6133 6134/6134
f 6134/6134 6113/6113 6115/6115
f 6129/6129 6135/6135 6117/6117
f 6117/6117 6126/6126 6129/6129
f 6129/6129 6128/6128 6136/6136
f 6136/6136 6137/6137 6129/6129
f 6130/6130 6138/6138 6131/6131
f 6131/6131 6112/6112 6130/6130
f 6137/6137 6139/6139 6135/6135
f 6135/6135 6129/6129 6137/6137
f 6134/6134 6133/6133 6140/6140
f 6137/6137 6136/6136 6141/6141
f 6137/6137 6141/6141 6139/6139
f 6103/6103 6142/6142 6143/6143
f 6106/6106 6103/6103 6143/6143
f 6102/6102 6142/6142 6103/6103
f 6105/6105 6108/6108 6144/6144
f 6108/6108 6100/6100 6099/6099
f 6104/6104 6108/6108 6105/6105
f 6145/6145 6144/6144 6108/6108
f 6108/6108 6099/6099 6145/6145
f 6099/6099 6101/6101 6111/6111
f 6146/6146 6147/6147 6148/6148
f 6149/6149 6146/6146 6148/6148
f 6147/6147 6150/6150 6148/6148
f 6149/6149 6148/6148 6151/6151
f 6120/6120 6152/6152 6153/6153
f 6124/6124 6152/6152 6120/6120
f 6121/6121 6120/6120 6153/6153
f 6122/6122 6154/6154 6125/6125
f 6125/6125 6116/6116 6118/6118
f 6119/6119 6122/6122 6125/6125
f 6116/6116 6126/6126 6117/6117
f 6155/6155 6148/6148 6156/6156
f 6157/6157 6148/6148 6155/6155
f 6156/6156 6148/6148 6158/6158
f 6157/6157 6151/6151 6148/6148
f 6114/6114 6159/6159 6115/6115
f 6160/6160 6132/6132 6131/6131
f 6131/6131 6138/6138 6160/6160
f 6127/6127 6126/6126 6116/6116
f 6116/6116 6161/6161 6127/6127
f 6161/6161 6116/6116 6125/6125
f 6125/6125 6154/6154 6161/6161
f 6110/6110 6145/6145 6099/6099
f 6099/6099 6111/6111 6110/6110
f 6148/6148 6150/6150 6162/6162
f 6162/6162 6158/6158 6148/6148
f 6163/6163 6158/6158 6162/6162
f 6163/6163 6162/6162 6159/6159
f 6114/6114 6163/6163 6159/6159
f 6164/6164 6165/6165 6166/6166
f 6166/6166 6167/6167 6164/6164
f 6168/6168 6169/6169 6170/6170
f 6170/6170 6171/6171 6168/6168
f 6165/6165 6172/6172 6173/6173
f 6173/6173 6166/6166 6165/6165
f 6174/6174 6168/6168 6171/6171
f 6171/6171 6175/6175 6174/6174
f 6172/6172 6174/6174 6175/6175
f 6175/6175 6173/6173 6172/6172
f 6167/6167 6166/6166 6176/6176
f 6176/6176 6177/6177 6167/6167
f 6178/6178 6171/6171 6170/6170
f 6170/6170 6179/6179 6178/6178
f 6176/6176 6166/6166 6173/6173
f 6173/6173 6180/6180 6176/6176
f 6181/6181 6175/6175 6171/6171
f 6171/6171 6178/6178 6181/6181
f 6180/6180 6173/6173 6175/6175
f 6175/6175 6181/6181 6180/6180
f 6182/6182 6170/6170 6169/6169
f 6179/6179 6170/6170 6182/6182
f 6183/6183 6184/6184 6185/6185
f 6185/6185 6186/6186 6183/6183
f 6187/6187 6188/6188 6189/6189
f 6189/6189 6190/6190 6187/6187
f 6191/6191 6192/6192 6184/6184
f 6184/6184 6183/6183 6191/6191
f 6190/6190 6189/6189 6193/6193
f 6193/6193 6194/6194 6190/6190
f 6194/6194 6193/6193 6192/6192
f 6192/6192 6191/6191 6194/6194
f 6185/6185 6184/6184 6195/6195
f 6195/6195 6196/6196 6185/6185
f 6189/6189 6188/6188 6197/6197
f 6197/6197 6198/6198 6189/6189
f 6184/6184 6192/6192 6199/6199
f 6199/6199 6195/6195 6184/6184
f 6193/6193 6189/6189 6198/6198
f 6198/6198 6200/6200 6193/6193
f 6199/6199 6192/6192 6193/6193
f 6193/6193 6200/6200 6199/6199
f 6201/6201 6188/6188 6187/6187
f 6197/6197 6188/6188 6201/6201
f 6202/6202 6203/6203 6204/6204
f 6204/6204 6205/6205 6202/6202
f 6205/6205 6206/6206 6207/6207
f 6207/6207 6202/6202 6205/6205
f 6206/6206 6208/6208 6209/6209
f 6209/6209 6207/6207 6206/6206
f 6210/6210 6211/6211 6208/6208
f 6208/6208 6206/6206 6210/6210
f 6212/6212 6213/6213 6204/6204
f 6204/6204 6214/6214 6212/6212
f 6214/6214 6204/6204 6203/6203
f 6203/6203 6215/6215 6214/6214
f 6216/6216 6217/6217 6218/6218
f 6218/6218 6219/6219 6216/6216
f 6220/6220 6221/6221 6217/6217
f 6217/6217 6216/6216 6220/6220
f 6221/6221 6220/6220 6222/6222
f 6222/6222 6223/6223 6221/6221
f 6224/6224 6221/6221 6223/6223
f 6223/6223 6225/6225 6224/6224
f 6226/6226 6218/6218 6227/6227
f 6227/6227 6228/6228 6226/6226
f 6229/6229 6219/6219 6218/6218
f 6218/6218 6226/6226 6229/6229
f 6230/6230 6231/6231 6232/6232
f 6232/6232 6233/6233 6230/6230
f 6234/6234 6235/6235 6236/6236
f 6236/6236 6237/6237 6234/6234
f 6234/6234 6230/6230 6233/6233
f 6233/6233 6235/6235 6234/6234
f 6238/6238 6239/6239 6240/6240
f 6240/6240 6241/6241 6238/6238
f 6237/6237 6236/6236 6242/6242
f 6242/6242 6243/6243 6237/6237
f 6243/6243 6242/6242 6239/6239
f 6239/6239 6238/6238 6243/6243
f 6244/6244 6245/6245 6246/6246
f 6247/6247 6248/6248 6249/6249
f 6237/6237 6250/6250 6251/6251
f 6251/6251 6234/6234 6237/6237
f 6252/6252 6253/6253 6254/6254
f 6255/6255 6256/6256 6257/6257
f 6258/6258 6259/6259 6260/6260
f 6261/6261 6262/6262 6263/6263
f 6243/6243 6264/6264 6250/6250
f 6250/6250 6237/6237 6243/6243
f 6238/6238 6265/6265 6264/6264
f 6264/6264 6243/6243 6238/6238
f 6209/6209 6208/6208 6266/6266
f 6204/6204 6267/6267 6205/6205
f 6205/6205 6268/6268 6206/6206
f 6208/6208 6211/6211 6266/6266
f 6205/6205 6269/6269 6268/6268
f 6268/6268 6210/6210 6206/6206
f 6267/6267 6269/6269 6205/6205
f 6204/6204 6213/6213 6267/6267
f 6222/6222 6270/6270 6223/6223
f 6218/6218 6217/6217 6271/6271
f 6217/6217 6221/6221 6272/6272
f 6223/6223 6270/6270 6225/6225
f 6217/6217 6272/6272 6273/6273
f 6272/6272 6221/6221 6224/6224
f 6271/6271 6217/6217 6273/6273
f 6218/6218 6271/6271 6227/6227
f 6274/6274 6232/6232 6231/6231
f 6275/6275 6274/6274 6231/6231
f 6276/6276 6277/6277 6278/6278
f 6278/6278 6279/6279 6276/6276
f 6280/6280 6281/6281 6282/6282
f 6282/6282 6283/6283 6280/6280
f 6279/6279 6278/6278 6284/6284
f 6284/6284 6285/6285 6279/6279
f 6286/6286 6287/6287 6281/6281
f 6281/6281 6280/6280 6286/6286
f 6285/6285 6284/6284 6287/6287
f 6287/6287 6286/6286 6285/6285
f 6288/6288 6289/6289 6278/6278
f 6278/6278 6277/6277 6288/6288
f 6290/6290 6282/6282 6281/6281
f 6281/6281 6291/6291 6290/6290
f 6289/6289 6292/6292 6284/6284
f 6284/6284 6278/6278 6289/6289
f 6293/6293 6291/6291 6281/6281
f 6281/6281 6287/6287 6293/6293
f 6292/6292 6293/6293 6287/6287
f 6287/6287 6284/6284 6292/6292
f 6294/6294 6283/6283 6282/6282
f 6290/6290 6294/6294 6282/6282
f 6295/6295 6296/6296 6297/6297
f 6297/6297 6298/6298 6295/6295
f 6299/6299 6300/6300 6301/6301
f 6301/6301 6302/6302 6299/6299
f 6296/6296 6295/6295 6303/6303
f 6303/6303 6304/6304 6296/6296
f 6300/6300 6299/6299 6305/6305
f 6305/6305 6306/6306 6300/6300
f 6300/6300 6295/6295 6298/6298
f 6298/6298 6301/6301 6300/6300
f 6295/6295 6300/6300 6306/6306
f 6306/6306 6303/6303 6295/6295
f 6297/6297 6296/6296 6307/6307
f 6307/6307 6296/6296 6304/6304
f 6308/6308 6309/6309 6310/6310
f 6310/6310 6311/6311 6308/6308
f 6312/6312 6313/6313 6314/6314
f 6314/6314 6315/6315 6312/6312
f 6316/6316 6310/6310 6309/6309
f 6309/6309 6317/6317 6316/6316
f 6314/6314 6313/6313 6318/6318
f 6318/6318 6319/6319 6314/6314
f 6315/6315 6314/6314 6309/6309
f 6309/6309 6308/6308 6315/6315
f 6317/6317 6309/6309 6314/6314
f 6314/6314 6319/6319 6317/6317
f 6311/6311 6310/6310 6320/6320
f 6320/6320 6310/6310 6316/6316
f 6321/6321 6322/6322 6323/6323
f 6323/6323 6324/6324 6321/6321
f 6325/6325 6326/6326 6327/6327
f 6327/6327 6328/6328 6325/6325
f 6329/6329 6323/6323 6322/6322
f 6322/6322 6330/6330 6329/6329
f 6327/6327 6326/6326 6331/6331
f 6331/6331 6332/6332 6327/6327
f 6328/6328 6327/6327 6322/6322
f 6322/6322 6321/6321 6328/6328
f 6330/6330 6322/6322 6327/6327
f 6327/6327 6332/6332 6330/6330
f 6324/6324 6323/6323 6333/6333
f 6333/6333 6323/6323 6329/6329
f 6334/6334 6335/6335 6336/6336
f 6336/6336 6337/6337 6334/6334
f 6338/6338 6339/6339 6340/6340
f 6340/6340 6341/6341 6338/6338
f 6335/6335 6334/6334 6342/6342
f 6342/6342 6343/6343 6335/6335
f 6339/6339 6338/6338 6344/6344
f 6344/6344 6345/6345 6339/6339
f 6339/6339 6334/6334 6337/6337
f 6337/6337 6340/6340 6339/6339
f 6334/6334 6339/6339 6345/6345
f 6345/6345 6342/6342 6334/6334
f 6336/6336 6335/6335 6346/6346
f 6346/6346 6335/6335 6343/6343
f 6347/6347 6348/6348 6349/6349
f 6349/6349 6350/6350 6347/6347
f 6351/6351 6352/6352 6353/6353
f 6353/6353 6354/6354 6351/6351
f 6350/6350 6349/6349 6355/6355
f 6355/6355 6356/6356 6350/6350
f 6357/6357 6358/6358 6352/6352
f 6352/6352 6351/6351 6357/6357
f 6356/6356 6355/6355 6358/6358
f 6358/6358 6357/6357 6356/6356
f 6359/6359 6360/6360 6349/6349
f 6349/6349 6348/6348 6359/6359
f 6361/6361 6353/6353 6352/6352
f 6352/6352 6362/6362 6361/6361
f 6360/6360 6363/6363 6355/6355
f 6355/6355 6349/6349 6360/6360
f 6362/6362 6352/6352 6358/6358
f 6358/6358 6364/6364 6362/6362
f 6363/6363 6364/6364 6358/6358
f 6358/6358 6355/6355 6363/6363
f 6365/6365 6354/6354 6353/6353
f 6361/6361 6365/6365 6353/6353
f 6366/6366 6367/6367 6368/6368
f 6368/6368 6369/6369 6366/6366
f 6370/6370 6371/6371 6372/6372
f 6372/6372 6373/6373 6370/6370
f 6368/6368 6367/6367 6374/6374
f 6374/6374 6375/6375 6368/6368
f 6376/6376 6377/6377 6371/6371
f 6371/6371 6370/6370 6376/6376
f 6375/6375 6374/6374 6377/6377
f 6377/6377 6376/6376 6375/6375
f 6378/6378 6367/6367 6366/6366
f 6366/6366 6379/6379 6378/6378
f 6380/6380 6381/6381 6372/6372
f 6372/6372 6371/6371 6380/6380
f 6378/6378 6382/6382 6374/6374
f 6374/6374 6367/6367 6378/6378
f 6383/6383 6380/6380 6371/6371
f 6371/6371 6377/6377 6383/6383
f 6382/6382 6383/6383 6377/6377
f 6377/6377 6374/6374 6382/6382
f 6384/6384 6373/6373 6372/6372
f 6381/6381 6384/6384 6372/6372
f 6385/6385 6386/6386 6387/6387
f 6387/6387 6388/6388 6385/6385
f 6389/6389 6390/6390 6391/6391
f 6391/6391 6392/6392 6389/6389
f 6393/6393 6387/6387 6386/6386
f 6386/6386 6394/6394 6393/6393
f 6395/6395 6391/6391 6390/6390
f 6390/6390 6396/6396 6395/6395
f 6392/6392 6391/6391 6386/6386
f 6386/6386 6385/6385 6392/6392
f 6394/6394 6386/6386 6391/6391
f 6391/6391 6395/6395 6394/6394
f 6388/6388 6387/6387 6397/6397
f 6397/6397 6387/6387 6393/6393
f 6398/6398 6399/6399 6400/6400
f 6400/6400 6401/6401 6398/6398
f 6402/6402 6403/6403 6404/6404
f 6404/6404 6405/6405 6402/6402
f 6401/6401 6400/6400 6406/6406
f 6406/6406 6407/6407 6401/6401
f 6408/6408 6409/6409 6403/6403
f 6403/6403 6402/6402 6408/6408
f 6407/6407 6406/6406 6409/6409
f 6409/6409 6408/6408 6407/6407
f 6410/6410 6400/6400 6399/6399
f 6399/6399 6411/6411 6410/6410
f 6412/6412 6413/6413 6404/6404
f 6404/6404 6403/6403 6412/6412
f 6410/6410 6414/6414 6406/6406
f 6406/6406 6400/6400 6410/6410
f 6415/6415 6412/6412 6403/6403
f 6403/6403 6409/6409 6415/6415
f 6414/6414 6415/6415 6409/6409
f 6409/6409 6406/6406 6414/6414
f 6416/6416 6405/6405 6404/6404
f 6413/6413 6416/6416 6404/6404
f 6417/6417 6418/6418 6419/6419
f 6419/6419 6420/6420 6417/6417
f 6421/6421 6422/6422 6423/6423
f 6423/6423 6424/6424 6421/6421
f 6425/6425 6418/6418 6417/6417
f 6417/6417 6426/6426 6425/6425
f 6423/6423 6422/6422 6427/6427
f 6427/6427 6428/6428 6423/6423
f 6423/6423 6417/6417 6420/6420
f 6420/6420 6424/6424 6423/6423
f 6417/6417 6423/6423 6428/6428
f 6428/6428 6426/6426 6417/6417
f 6419/6419 6418/6418 6429/6429
f 6429/6429 6418/6418 6425/6425
f 6430/6430 6431/6431 6432/6432
f 6432/6432 6433/6433 6430/6430
f 6434/6434 6435/6435 6436/6436
f 6436/6436 6437/6437 6434/6434
f 6431/6431 6438/6438 6439/6439
f 6439/6439 6432/6432 6431/6431
f 6440/6440 6434/6434 6437/6437
f 6437/6437 6441/6441 6440/6440
f 6438/6438 6440/6440 6441/6441
f 6441/6441 6439/6439 6438/6438
f 6442/6442 6431/6431 6430/6430
f 6430/6430 6443/6443 6442/6442
f 6444/6444 6435/6435 6434/6434
f 6434/6434 6445/6445 6444/6444
f 6446/6446 6438/6438 6431/6431
f 6431/6431 6442/6442 6446/6446
f 6445/6445 6434/6434 6440/6440
f 6440/6440 6447/6447 6445/6445
f 6447/6447 6440/6440 6438/6438
f 6438/6438 6446/6446 6447/6447
f 6448/6448 6436/6436 6435/6435
f 6444/6444 6448/6448 6435/6435
f 6449/6449 6450/6450 6451/6451
f 6451/6451 6452/6452 6449/6449
f 6453/6453 6454/6454 6455/6455
f 6455/6455 6456/6456 6453/6453
f 6450/6450 6457/6457 6458/6458
f 6458/6458 6451/6451 6450/6450
f 6459/6459 6454/6454 6453/6453
f 6453/6453 6460/6460 6459/6459
f 6457/6457 6459/6459 6460/6460
f 6460/6460 6458/6458 6457/6457
f 6461/6461 6450/6450 6449/6449
f 6449/6449 6462/6462 6461/6461
f 6463/6463 6464/6464 6455/6455
f 6455/6455 6454/6454 6463/6463
f 6461/6461 6465/6465 6457/6457
f 6457/6457 6450/6450 6461/6461
f 6463/6463 6454/6454 6459/6459
f 6459/6459 6466/6466 6463/6463
f 6465/6465 6466/6466 6459/6459
f 6459/6459 6457/6457 6465/6465
f 6467/6467 6456/6456 6455/6455
f 6464/6464 6467/6467 6455/6455
f 6468/6468 6469/6469 6470/6470
f 6470/6470 6471/6471 6468/6468
f 6472/6472 6473/6473 6474/6474
f 6474/6474 6475/6475 6472/6472
f 6469/6469 6476/6476 6477/6477
f 6477/6477 6470/6470 6469/6469
f 6478/6478 6472/6472 6475/6475
f 6475/6475 6479/6479 6478/6478
f 6476/6476 6478/6478 6479/6479
f 6479/6479 6477/6477 6476/6476
f 6480/6480 6469/6469 6468/6468
f 6468/6468 6481/6481 6480/6480
f 6482/6482 6473/6473 6472/6472
f 6472/6472 6483/6483 6482/6482
f 6484/6484 6476/6476 6469/6469
f 6469/6469 6480/6480 6484/6484
f 6483/6483 6472/6472 6478/6478
f 6478/6478 6485/6485 6483/6483
f 6484/6484 6485/6485 6478/6478
f 6478/6478 6476/6476 6484/6484
f 6486/6486 6474/6474 6473/6473
f 6482/6482 6486/6486 6473/6473
f 6487/6487 6488/6488 6489/6489
f 6489/6489 6490/6490 6487/6487
f 6491/6491 6492/6492 6493/6493
f 6493/6493 6494/6494 6491/6491
f 6495/6495 6496/6496 6489/6489
f 6489/6489 6488/6488 6495/6495
f 6497/6497 6493/6493 6492/6492
f 6492/6492 6498/6498 6497/6497
f 6490/6490 6489/6489 6492/6492
f 6492/6492 6491/6491 6490/6490
f 6498/6498 6492/6492 6489/6489
f 6489/6489 6496/6496 6498/6498
f 6487/6487 6499/6499 6488/6488
f 6499/6499 6495/6495 6488/6488
f 6500/6500 6501/6501 6502/6502
f 6502/6502 6503/6503 6500/6500
f 6504/6504 6505/6505 6506/6506
f 6506/6506 6507/6507 6504/6504
f 6508/6508 6502/6502 6501/6501
f 6501/6501 6509/6509 6508/6508
f 6510/6510 6506/6506 6505/6505
f 6505/6505 6511/6511 6510/6510
f 6503/6503 6502/6502 6505/6505
f 6505/6505 6504/6504 6503/6503
f 6511/6511 6505/6505 6502/6502
f 6502/6502 6508/6508 6511/6511
f 6500/6500 6512/6512 6501/6501
f 6512/6512 6509/6509 6501/6501
f 6513/6513 6514/6514 6515/6515
f 6515/6515 6516/6516 6513/6513
f 6517/6517 6518/6518 6519/6519
f 6519/6519 6520/6520 6517/6517
f 6521/6521 6522/6522 6515/6515
f 6515/6515 6514/6514 6521/6521
f 6523/6523 6519/6519 6518/6518
f 6518/6518 6524/6524 6523/6523
f 6516/6516 6515/6515 6518/6518
f 6518/6518 6517/6517 6516/6516
f 6524/6524 6518/6518 6515/6515
f 6515/6515 6522/6522 6524/6524
f 6513/6513 6525/6525 6514/6514
f 6525/6525 6521/6521 6514/6514
f 6526/6526 6527/6527 6528/6528
f 6528/6528 6529/6529 6526/6526
f 6530/6530 6531/6531 6532/6532
f 6532/6532 6533/6533 6530/6530
f 6534/6534 6535/6535 6528/6528
f 6528/6528 6527/6527 6534/6534
f 6536/6536 6532/6532 6531/6531
f 6531/6531 6537/6537 6536/6536
f 6529/6529 6528/6528 6531/6531
f 6531/6531 6530/6530 6529/6529
f 6537/6537 6531/6531 6528/6528
f 6528/6528 6535/6535 6537/6537
f 6526/6526 6538/6538 6527/6527
f 6538/6538 6534/6534 6527/6527
f 6539/6539 6540/6540 6541/6541
f 6541/6541 6542/6542 6539/6539
f 6543/6543 6544/6544 6545/6545
f 6545/6545 6546/6546 6543/6543
f 6547/6547 6548/6548 6541/6541
f 6541/6541 6540/6540 6547/6547
f 6549/6549 6546/6546 6545/6545
f 6545/6545 6550/6550 6549/6549
f 6544/6544 6542/6542 6541/6541
f 6541/6541 6545/6545 6544/6544
f 6548/6548 6550/6550 6545/6545
f 6545/6545 6541/6541 6548/6548
f 6539/6539 6551/6551 6540/6540
f 6551/6551 6547/6547 6540/6540
f 6552/6552 6553/6553 6554/6554
f 6554/6554 6555/6555 6552/6552
f 6556/6556 6557/6557 6558/6558
f 6558/6558 6559/6559 6556/6556
f 6560/6560 6561/6561 6555/6555
f 6555/6555 6554/6554 6560/6560
f 6562/6562 6563/6563 6559/6559
f 6559/6559 6558/6558 6562/6562
f 6557/6557 6552/6552 6555/6555
f 6555/6555 6558/6558 6557/6557
f 6561/6561 6562/6562 6558/6558
f 6558/6558 6555/6555 6561/6561
f 6553/6553 6564/6564 6554/6554
f 6564/6564 6560/6560 6554/6554
f 6565/6565 6566/6566 6567/6567
f 6567/6567 6568/6568 6565/6565
f 6569/6569 6570/6570 6571/6571
f 6571/6571 6572/6572 6569/6569
f 6573/6573 6574/6574 6568/6568
f 6568/6568 6567/6567 6573/6573
f 6575/6575 6572/6572 6571/6571
f 6571/6571 6576/6576 6575/6575
f 6570/6570 6565/6565 6568/6568
f 6568/6568 6571/6571 6570/6570
f 6574/6574 6576/6576 6571/6571
f 6571/6571 6568/6568 6574/6574
f 6566/6566 6577/6577 6567/6567
f 6577/6577 6573/6573 6567/6567
f 6578/6578 6579/6579 6580/6580
f 6580/6580 6581/6581 6578/6578
f 6582/6582 6583/6583 6584/6584
f 6584/6584 6585/6585 6582/6582
f 6586/6586 6587/6587 6581/6581
f 6581/6581 6580/6580 6586/6586
f 6588/6588 6589/6589 6585/6585
f 6585/6585 6584/6584 6588/6588
f 6583/6583 6578/6578 6581/6581
f 6581/6581 6584/6584 6583/6583
f 6587/6587 6588/6588 6584/6584
f 6584/6584 6581/6581 6587/6587
f 6579/6579 6590/6590 6580/6580
f 6590/6590 6586/6586 6580/6580
f 6591/6591 6592/6592 6593/6593
f 6593/6593 6594/6594 6591/6591
f 6595/6595 6596/6596 6597/6597
f 6597/6597 6598/6598 6595/6595
f 6592/6592 6591/6591 6599/6599
f 6599/6599 6600/6600 6592/6592
f 6597/6597 6596/6596 6601/6601
f 6601/6601 6602/6602 6597/6597
f 6597/6597 6591/6591 6594/6594
f 6594/6594 6598/6598 6597/6597
f 6591/6591 6597/6597 6602/6602
f 6602/6602 6599/6599 6591/6591
f 6593/6593 6592/6592 6603/6603
f 6603/6603 6592/6592 6600/6600
f 6604/6604 6605/6605 6606/6606
f 6606/6606 6607/6607 6604/6604
f 6608/6608 6609/6609 6610/6610
f 6610/6610 6611/6611 6608/6608
f 6605/6605 6604/6604 6612/6612
f 6612/6612 6613/6613 6605/6605
f 6609/6609 6608/6608 6614/6614
f 6614/6614 6615/6615 6609/6609
f 6609/6609 6604/6604 6607/6607
f 6607/6607 6610/6610 6609/6609
f 6604/6604 6609/6609 6615/6615
f 6615/6615 6612/6612 6604/6604
f 6606/6606 6605/6605 6616/6616
f 6616/6616 6605/6605 6613/6613
f 6617/6617 6618/6618 6619/6619
f 6619/6619 6620/6620 6617/6617
f 6621/6621 6622/6622 6623/6623
f 6623/6623 6624/6624 6621/6621
f 6618/6618 6625/6625 6626/6626
f 6626/6626 6619/6619 6618/6618
f 6627/6627 6621/6621 6624/6624
f 6624/6624 6628/6628 6627/6627
f 6625/6625 6627/6627 6628/6628
f 6628/6628 6626/6626 6625/6625
f 6629/6629 6618/6618 6617/6617
f 6617/6617 6630/6630 6629/6629
f 6631/6631 6622/6622 6621/6621
f 6621/6621 6632/6632 6631/6631
f 6633/6633 6625/6625 6618/6618
f 6618/6618 6629/6629 6633/6633
f 6632/6632 6621/6621 6627/6627
f 6627/6627 6634/6634 6632/6632
f 6634/6634 6627/6627 6625/6625
f 6625/6625 6633/6633 6634/6634
f 6635/6635 6623/6623 6622/6622
f 6631/6631 6635/6635 6622/6622
f 6636/6636 6637/6637 6638/6638
f 6638/6638 6639/6639 6636/6636
f 6640/6640 6641/6641 6642/6642
f 6642/6642 6643/6643 6640/6640
f 6638/6638 6637/6637 6644/6644
f 6644/6644 6645/6645 6638/6638
f 6646/6646 6647/6647 6641/6641
f 6641/6641 6640/6640 6646/6646
f 6645/6645 6644/6644 6647/6647
f 6647/6647 6646/6646 6645/6645
f 6648/6648 6637/6637 6636/6636
f 6636/6636 6649/6649 6648/6648
f 6650/6650 6651/6651 6642/6642
f 6642/6642 6641/6641 6650/6650
f 6648/6648 6652/6652 6644/6644
f 6644/6644 6637/6637 6648/6648
f 6653/6653 6650/6650 6641/6641
f 6641/6641 6647/6647 6653/6653
f 6652/6652 6653/6653 6647/6647
f 6647/6647 6644/6644 6652/6652
f 6654/6654 6643/6643 6642/6642
f 6651/6651 6654/6654 6642/6642
f 6655/6655 6656/6656 6657/6657
f 6658/6658 6659/6659 6660/6660
f 6660/6660 6661/6661 6658/6658
f 6658/6658 6662/6662 6663/6663
f 6663/6663 6659/6659 6658/6658
f 6662/6662 6658/6658 6664/6664
f 6664/6664 6657/6657 6662/6662
f 6665/6665 6666/6666 6667/6667
f 6667/6667 6668/6668 6665/6665
f 6669/6669 6670/6670 6671/6671
f 6672/6672 6673/6673 6674/6674
f 6675/6675 6676/6676 6677/6677
f 6677/6677 6678/6678 6675/6675
f 6677/6677 6676/6676 6679/6679
f 6679/6679 6680/6680 6677/6677
f 6680/6680 6673/6673 6681/6681
f 6681/6681 6677/6677 6680/6680
f 6682/6682 6683/6683 6684/6684
f 6684/6684 6685/6685 6682/6682
f 6656/6656 6665/6665 6668/6668
f 6668/6668 6686/6686 6656/6656
f 6687/6687 6688/6688 6668/6668
f 6668/6668 6667/6667 6687/6687
f 6689/6689 6690/6690 6670/6670
f 6670/6670 6669/6669 6689/6689
f 6683/6683 6682/6682 6674/6674
f 6674/6674 6691/6691 6683/6683
f 6692/6692 6684/6684 6683/6683
f 6683/6683 6693/6693 6692/6692
f 6686/6686 6668/6668 6688/6688
f 6688/6688 6694/6694 6686/6686
f 6691/6691 6695/6695 6693/6693
f 6693/6693 6683/6683 6691/6691
f 6689/6689 6696/6696 6690/6690
f 6693/6693 6697/6697 6692/6692
f 6693/6693 6695/6695 6697/6697
f 6659/6659 6698/6698 6699/6699
f 6663/6663 6698/6698 6659/6659
f 6660/6660 6659/6659 6699/6699
f 6661/6661 6700/6700 6664/6664
f 6664/6664 6655/6655 6657/6657
f 6658/6658 6661/6661 6664/6664
f 6701/6701 6655/6655 6664/6664
f 6664/6664 6700/6700 6701/6701
f 6655/6655 6665/6665 6656/6656
f 6702/6702 6703/6703 6704/6704
f 6705/6705 6703/6703 6702/6702
f 6704/6704 6703/6703 6706/6706
f 6705/6705 6707/6707 6703/6703
f 6676/6676 6708/6708 6709/6709
f 6679/6679 6676/6676 6709/6709
f 6675/6675 6708/6708 6676/6676
f 6678/6678 6681/6681 6710/6710
f 6681/6681 6673/6673 6672/6672
f 6677/6677 6681/6681 6678/6678
f 6672/6672 6674/6674 6682/6682
f 6711/6711 6712/6712 6703/6703
f 6713/6713 6711/6711 6703/6703
f 6712/6712 6714/6714 6703/6703
f 6713/6713 6703/6703 6707/6707
f 6671/6671 6670/6670 6715/6715
f 6716/6716 6688/6688 6687/6687
f 6688/6688 6716/6716 6694/6694
f 6672/6672 6682/6682 6685/6685
f 6685/6685 6717/6717 6672/6672
f 6681/6681 6672/6672 6717/6717
f 6717/6717 6710/6710 6681/6681
f 6666/6666 6665/6665 6655/6655
f 6655/6655 6701/6701 6666/6666
f 6703/6703 6718/6718 6706/6706
f 6718/6718 6703/6703 6714/6714
f 6719/6719 6718/6718 6714/6714
f 6719/6719 6715/6715 6718/6718
f 6671/6671 6715/6715 6719/6719
f 6720/6720 6721/6721 6722/6722
f 6722/6722 6723/6723 6720/6720
f 6724/6724 6725/6725 6726/6726
f 6726/6726 6727/6727 6724/6724
f 6723/6723 6722/6722 6728/6728
f 6728/6728 6729/6729 6723/6723
f 6730/6730 6731/6731 6725/6725
f 6725/6725 6724/6724 6730/6730
f 6729/6729 6728/6728 6731/6731
f 6731/6731 6730/6730 6729/6729
f 6732/6732 6722/6722 6721/6721
f 6721/6721 6733/6733 6732/6732
f 6734/6734 6735/6735 6726/6726
f 6726/6726 6725/6725 6734/6734
f 6732/6732 6736/6736 6728/6728
f 6728/6728 6722/6722 6732/6732
f 6737/6737 6734/6734 6725/6725
f 6725/6725 6731/6731 6737/6737
f 6736/6736 6737/6737 6731/6731
f 6731/6731 6728/6728 6736/6736
f 6738/6738 6727/6727 6726/6726
f 6735/6735 6738/6738 6726/6726
f 6739/6739 6740/6740 6741/6741
f 6741/6741 6742/6742 6739/6739
f 6743/6743 6744/6744 6745/6745
f 6745/6745 6746/6746 6743/6743
f 6740/6740 6747/6747 6748/6748
f 6748/6748 6741/6741 6740/6740
f 6749/6749 6743/6743 6746/6746
f 6746/6746 6750/6750 6749/6749
f 6747/6747 6749/6749 6750/6750
f 6750/6750 6748/6748 6747/6747
f 6751/6751 6740/6740 6739/6739
f 6739/6739 6752/6752 6751/6751
f 6753/6753 6744/6744 6743/6743
f 6743/6743 6754/6754 6753/6753
f 6755/6755 6747/6747 6740/6740
f 6740/6740 6751/6751 6755/6755
f 6754/6754 6743/6743 6749/6749
f 6749/6749 6756/6756 6754/6754
f 6755/6755 6756/6756 6749/6749
f 6749/6749 6747/6747 6755/6755
f 6757/6757 6745/6745 6744/6744
f 6753/6753 6757/6757 6744/6744
f 6758/6758 6759/6759 6760/6760
f 6760/6760 6761/6761 6758/6758
f 6762/6762 6763/6763 6759/6759
f 6759/6759 6758/6758 6762/6762
f 6763/6763 6762/6762 6764/6764
f 6764/6764 6765/6765 6763/6763
f 6766/6766 6763/6763 6765/6765
f 6765/6765 6767/6767 6766/6766
f 6760/6760 6768/6768 6769/6769
f 6769/6769 6770/6770 6760/6760
f 6761/6761 6760/6760 6770/6770
f 6770/6770 6771/6771 6761/6761
f 6772/6772 6773/6773 6774/6774
f 6774/6774 6775/6775 6772/6772
f 6775/6775 6776/6776 6777/6777
f 6777/6777 6772/6772 6775/6775
f 6776/6776 6778/6778 6779/6779
f 6779/6779 6777/6777 6776/6776
f 6780/6780 6781/6781 6778/6778
f 6778/6778 6776/6776 6780/6780
f 6782/6782 6783/6783 6784/6784
f 6784/6784 6774/6774 6782/6782
f 6785/6785 6782/6782 6774/6774
f 6774/6774 6773/6773 6785/6785
f 6786/6786 6787/6787 6788/6788
f 6788/6788 6789/6789 6786/6786
f 6790/6790 6791/6791 6792/6792
f 6792/6792 6793/6793 6790/6790
f 6792/6792 6791/6791 6787/6787
f 6787/6787 6786/6786 6792/6792
f 6794/6794 6795/6795 6796/6796
f 6796/6796 6797/6797 6794/6794
f 6798/6798 6790/6790 6793/6793
f 6793/6793 6799/6799 6798/6798
f 6795/6795 6798/6798 6799/6799
f 6799/6799 6796/6796 6795/6795
f 6800/6800 6801/6801 6786/6786
f 6786/6786 6789/6789 6800/6800
f 6802/6802 6803/6803 6793/6793
f 6793/6793 6792/6792 6802/6802
f 6801/6801 6802/6802 6792/6792
f 6792/6792 6786/6786 6801/6801
f 6804/6804 6805/6805 6797/6797
f 6797/6797 6796/6796 6804/6804
f 6803/6803 6806/6806 6799/6799
f 6799/6799 6793/6793 6803/6803
f 6806/6806 6804/6804 6796/6796
f 6796/6796 6799/6799 6806/6806
f 6764/6764 6807/6807 6765/6765
f 6760/6760 6759/6759 6808/6808
f 6759/6759 6763/6763 6809/6809
f 6765/6765 6807/6807 6767/6767
f 6759/6759 6809/6809 6810/6810
f 6809/6809 6763/6763 6766/6766
f 6808/6808 6759/6759 6810/6810
f 6760/6760 6808/6808 6768/6768
f 6779/6779 6778/6778 6811/6811
f 6774/6774 6812/6812 6775/6775
f 6775/6775 6813/6813 6776/6776
f 6778/6778 6781/6781 6811/6811
f 6775/6775 6814/6814 6813/6813
f 6813/6813 6780/6780 6776/6776
f 6812/6812 6814/6814 6775/6775
f 6774/6774 6784/6784 6812/6812
f 6815/6815 6789/6789 6788/6788
f 6800/6800 6789/6789 6815/6815

g Plane37
v 71.736750 -314.116000 28.251040
v -82.099380 -314.116100 30.153780
v 55.081090 -515.539500 16.784040
v -98.755020 -515.539600 18.686780
v 55.081200 -716.963000 16.784000
v -98.754910 -716.963100 18.686740
v 55.081310 -918.386500 16.783960
v -98.754810 -918.386600 18.686700
v 58.076580 -1119.810000 16.222260
v -67.758160 -1119.810000 17.778670
v 177.003000 -314.115900 42.939180
v 160.347400 -515.539400 31.472180
v 160.347500 -716.963000 31.472140
v 160.347600 -918.386400 31.472100
v 144.182200 -1119.810000 28.236850
v 233.179900 -314.115900 73.796710
v 216.524200 -515.539400 62.329700
v 216.524300 -716.963000 62.329670
v 216.524500 -918.386500 62.329630
v 190.133700 -1119.810000 53.477670
v 302.976700 -314.116000 130.952200
v 281.541500 -515.539500 116.194600
v 266.663200 -716.963000 105.951200
v 255.787000 -918.386500 98.463170
v 222.249600 -1119.810000 83.034150
vt 0.000000 0.250000 0.000000
vt 0.000000 0.000000 0.000000
vt 0.250000 0.250000 0.000000
vt 0.250000 0.000000 0.000000
vt 0.500000 0.250000 0.000000
vt 0.500000 0.000000 0.000000
vt 0.750000 0.250000 0.000000
vt 0.750000 0.000000 0.000000
vt 1.000000 0.250000 0.000000
vt 1.000000 0.000000 0.000000
vt 0.000000 0.500000 0.000000
vt 0.250000 0.500000 0.000000
vt 0.500000 0.500000 0.000000
vt 0.750000 0.500000 0.000000
vt 1.000000 0.500000 0.000000
vt 0.000000 0.750000 0.000000
vt 0.250000 0.750000 0.000000
vt 0.500000 0.750000 0.000000
vt 0.750000 0.750000 0.000000
vt 1.000000 0.750000 0.000000
vt 0.000000 1.000000 0.000000
vt 0.250000 1.000000 0.000000
vt 0.500000 1.000000 0.000000
vt 0.750000 1.000000 0.000000
vt 1.000000 1.000000 0.000000
usemtl Material_25
f 6816/6816 6817/6817 6818/6818
f 6819/6819 6818/6818 6817/6817
f 6818/6818 6819/6819 6820/6820
f 6821/6821 6820/6820 6819/6819
f 6820/6820 6821/6821 6822/6822
f 6823/6823 6822/6822 6821/6821
f 6822/6822 6823/6823 6824/6824
f 6825/6825 6824/6824 6823/6823
f 6826/6826 6816/6816 6827/6827
f 6818/6818 6827/6827 6816/6816
f 6827/6827 6818/6818 6828/6828
f 6820/6820 6828/6828 6818/6818
f 6828/6828 6820/6820 6829/6829
f 6822/6822 6829/6829 6820/6820
f 6829/6829 6822/6822 6830/6830
f 6824/6824 6830/6830 6822/6822
f 6831/6831 6826/6826 6832/6832
f 6827/6827 6832/6832 6826/6826
f 6832/6832 6827/6827 6833/6833
f 6828/6828 6833/6833 6827/6827
f 6833/6833 6828/6828 6834/6834
f 6829/6829 6834/6834 6828/6828
f 6834/6834 6829/6829 6835/6835
f 6830/6830 6835/6835 6829/6829
f 6836/6836 6831/6831 6837/6837
f 6832/6832 6837/6837 6831/6831
f 6837/6837 6832/6832 6838/6838
f 6833/6833 6838/6838 6832/6832
f 6838/6838 6833/6833 6839/6839
f 6834/6834 6839/6839 6833/6833
f 6839/6839 6834/6834 6840/6840
f 6835/6835 6840/6840 6834/6834

g Plane38
v -78.235620 -314.468700 25.924880
v 77.988980 -315.479500 25.803440
v -69.322710 -516.037700 15.601490
v 86.901870 -517.048500 15.480040
v -76.285030 -717.435100 16.808590
v 79.939540 -718.445800 16.687140
v -83.247370 -918.832400 18.015690
v 72.977210 -919.843100 17.894240
v -93.298070 -1120.213000 18.707540
v 34.490390 -1121.040000 18.608200
v -183.712800 -313.691700 41.784950
v -174.799900 -515.260700 31.461560
v -181.762300 -716.658000 32.668660
v -188.724600 -918.055400 33.875760
v -179.576200 -1119.577000 31.680750
v -237.953100 -313.154100 72.961010
v -229.040200 -514.723200 62.637610
v -236.002600 -716.120500 63.844720
v -242.964900 -917.517900 65.051820
v -223.943600 -1119.138000 57.182110
v -303.668900 -312.385900 130.261400
v -290.200400 -514.004300 116.629200
v -282.981500 -715.555000 107.536200
v -279.577200 -917.064500 101.213800
v -253.891700 -1118.767000 86.761840
vt 0.000000 0.250000 0.000000
vt 0.000000 0.000000 0.000000
vt 0.250000 0.250000 0.000000
vt 0.250000 0.000000 0.000000
vt 0.500000 0.250000 0.000000
vt 0.500000 0.000000 0.000000
vt 0.750000 0.250000 0.000000
vt 0.750000 0.000000 0.000000
vt 1.000000 0.250000 0.000000
vt 1.000000 0.000000 0.000000
vt 0.000000 0.500000 0.000000
vt 0.250000 0.500000 0.000000
vt 0.500000 0.500000 0.000000
vt 0.750000 0.500000 0.000000
vt 1.000000 0.500000 0.000000
vt 0.000000 0.750000 0.000000
vt 0.250000 0.750000 0.000000
vt 0.500000 0.750000 0.000000
vt 0.750000 0.750000 0.000000
vt 1.000000 0.750000 0.000000
vt 0.000000 1.000000 0.000000
vt 0.250000 1.000000 0.000000
vt 0.500000 1.000000 0.000000
vt 0.750000 1.000000 0.000000
vt 1.000000 1.000000 0.000000
usemtl Material_25
f 6842/6842 6841/6841 6843/6843
f 6843/6843 6844/6844 6842/6842
f 6844/6844 6843/6843 6845/6845
f 6845/6845 6846/6846 6844/6844
f 6846/6846 6845/6845 6847/6847
f 6847/6847 6848/6848 6846/6846
f 6848/6848 6847/6847 6849/6849
f 6849/6849 6850/6850 6848/6848
f 6841/6841 6851/6851 6852/6852
f 6852/6852 6843/6843 6841/6841
f 6843/6843 6852/6852 6853/6853
f 6853/6853 6845/6845 6843/6843
f 6845/6845 6853/6853 6854/6854
f 6854/6854 6847/6847 6845/6845
f 6847/6847 6854/6854 6855/6855
f 6855/6855 6849/6849 6847/6847
f 6851/6851 6856/6856 6857/6857
f 6857/6857 6852/6852 6851/6851
f 6852/6852 6857/6857 6858/6858
f 6858/6858 6853/6853 6852/6852
f 6853/6853 6858/6858 6859/6859
f 6859/6859 6854/6854 6853/6853
f 6854/6854 6859/6859 6860/6860
f 6860/6860 6855/6855 6854/6854
f 6856/6856 6861/6861 6862/6862
f 6862/6862 6857/6857 6856/6856
f 6857/6857 6862/6862 6863/6863
f 6863/6863 6858/6858 6857/6857
f 6858/6858 6863/6863 6864/6864
f 6864/6864 6859/6859 6858/6858
f 6859/6859 6864/6864 6865/6865
f 6865/6865 6860/6860 6859/6859

g Plane39
v 34.764170 -355.224100 -31.430150
v 36.374900 -518.569700 -27.893570
v 118.407100 -518.702100 -0.056506
v 127.038500 -355.373000 15.731380
v 36.423300 -681.912800 -27.304840
v 111.782400 -682.034400 -12.058340
v 35.176730 -845.253800 -29.159360
v 101.712000 -845.361100 -30.561430
v 181.647700 -518.804100 72.931680
v 200.521300 -355.491600 108.044100
v 168.349900 -682.125700 48.339280
v 149.455600 -845.438200 13.187650
v 227.639800 -518.878300 169.138300
v 256.755500 -355.582300 223.575100
v 207.668900 -682.189100 131.955300
v 179.950700 -845.487400 80.155150
v 257.926500 -518.927100 266.630600
v 297.284300 -355.647700 340.391900
v 231.282500 -682.227200 216.857100
v 194.740400 -845.511200 148.408400
vt 0.000000 0.000000 0.000000
vt 0.333333 0.000000 0.000000
vt 0.333333 0.250000 0.000000
vt 0.000000 0.250000 0.000000
vt 0.666667 0.000000 0.000000
vt 0.666667 0.250000 0.000000
vt 1.000000 0.000000 0.000000
vt 1.000000 0.250000 0.000000
vt 0.333333 0.500000 0.000000
vt 0.000000 0.500000 0.000000
vt 0.666667 0.500000 0.000000
vt 1.000000 0.500000 0.000000
vt 0.333333 0.750000 0.000000
vt 0.000000 0.750000 0.000000
vt 0.666667 0.750000 0.000000
vt 1.000000 0.750000 0.000000
vt 0.333333 1.000000 0.000000
vt 0.000000 1.000000 0.000000
vt 0.666667 1.000000 0.000000
vt 1.000000 1.000000 0.000000
usemtl Material_26
f 6866/6866 6867/6867 6868/6868
f 6868/6868 6869/6869 6866/6866
f 6867/6867 6870/6870 6871/6871
f 6871/6871 6868/6868 6867/6867
f 6870/6870 6872/6872 6873/6873
f 6873/6873 6871/6871 6870/6870
f 6869/6869 6868/6868 6874/6874
f 6874/6874 6875/6875 6869/6869
f 6868/6868 6871/6871 6876/6876
f 6876/6876 6874/6874 6868/6868
f 6871/6871 6873/6873 6877/6877
f 6877/6877 6876/6876 6871/6871
f 6875/6875 6874/6874 6878/6878
f 6878/6878 6879/6879 6875/6875
f 6874/6874 6876/6876 6880/6880
f 6880/6880 6878/6878 6874/6874
f 6876/6876 6877/6877 6881/6881
f 6881/6881 6880/6880 6876/6876
f 6879/6879 6878/6878 6882/6882
f 6882/6882 6883/6883 6879/6879
f 6878/6878 6880/6880 6884/6884
f 6884/6884 6882/6882 6878/6878
f 6880/6880 6881/6881 6885/6885
f 6885/6885 6884/6884 6880/6880

g Plane40
v -3.904438 -705.397500 12.028140
v -1.774703 -819.878200 13.853950
v 58.870000 -819.878200 10.966080
v 68.377780 -705.397500 19.116750
v -1.420182 -934.358900 14.157880
v 51.642250 -934.358900 4.769993
v -2.537047 -1048.840000 13.200470
v 40.499320 -1048.840000 -4.782434
v 118.841000 -819.878200 42.347610
v 139.986300 -705.397500 60.474770
v 104.031000 -934.358900 29.651490
v 82.862010 -1048.840000 11.504070
v 173.518300 -819.878200 93.297600
v 206.301200 -705.397500 121.401200
v 151.126100 -934.358900 74.101460
v 119.931000 -1048.840000 47.359020
v 218.282000 -819.878200 149.115100
v 262.702400 -705.397500 187.195200
v 188.307500 -934.358900 123.418900
v 147.086400 -1048.840000 88.081490
vt 0.000000 0.000000 0.000000
vt 0.333333 0.000000 0.000000
vt 0.333333 0.250000 0.000000
vt 0.000000 0.250000 0.000000
vt 0.666667 0.000000 0.000000
vt 0.666667 0.250000 0.000000
vt 1.000000 0.000000 0.000000
vt 1.000000 0.250000 0.000000
vt 0.333333 0.500000 0.000000
vt 0.000000 0.500000 0.000000
vt 0.666667 0.500000 0.000000
vt 1.000000 0.500000 0.000000
vt 0.333333 0.750000 0.000000
vt 0.000000 0.750000 0.000000
vt 0.666667 0.750000 0.000000
vt 1.000000 0.750000 0.000000
vt 0.333333 1.000000 0.000000
vt 0.000000 1.000000 0.000000
vt 0.666667 1.000000 0.000000
vt 1.000000 1.000000 0.000000
usemtl Material_26
f 6886/6886 6887/6887 6888/6888
f 6888/6888 6889/6889 6886/6886
f 6887/6887 6890/6890 6891/6891
f 6891/6891 6888/6888 6887/6887
f 6890/6890 6892/6892 6893/6893
f 6893/6893 6891/6891 6890/6890
f 6889/6889 6888/6888 6894/6894
f 6894/6894 6895/6895 6889/6889
f 6888/6888 6891/6891 6896/6896
f 6896/6896 6894/6894 6888/6888
f 6891/6891 6893/6893 6897/6897
f 6897/6897 6896/6896 6891/6891
f 6895/6895 6894/6894 6898/6898
f 6898/6898 6899/6899 6895/6895
f 6894/6894 6896/6896 6900/6900
f 6900/6900 6898/6898 6894/6894
f 6896/6896 6897/6897 6901/6901
f 6901/6901 6900/6900 6896/6896
f 6899/6899 6898/6898 6902/6902
f 6902/6902 6903/6903 6899/6899
f 6898/6898 6900/6900 6904/6904
f 6904/6904 6902/6902 6898/6898
f 6900/6900 6901/6901 6905/6905
f 6905/6905 6904/6904 6900/6900

g Plane41
v -53.014750 -722.702300 -12.302070
v -50.720070 -818.369100 -9.404905
v -101.429000 -820.466800 -8.621641
v -112.905400 -725.063800 -2.582793
v -47.024790 -913.995700 -7.870886
v -91.751460 -915.921500 -12.909750
v -42.168620 -1009.589000 -7.466669
v -78.984960 -1011.288000 -20.204170
v -149.789200 -822.090000 20.717080
v -170.447400 -726.950800 35.691960
v -134.129500 -917.372900 10.606840
v -113.452600 -1012.512000 -4.386189
v -192.715800 -823.275600 66.103090
v -222.555700 -728.400100 90.013980
v -171.073800 -918.386700 50.170720
v -142.486600 -1013.298000 27.479050
v -227.123700 -824.060400 115.028100
v -266.145400 -729.448700 147.875100
v -199.499500 -918.999500 93.273670
v -163.002000 -1013.684000 62.883370
vt 0.000000 0.000000 0.000000
vt 0.333333 0.000000 0.000000
vt 0.333333 0.250000 0.000000
vt 0.000000 0.250000 0.000000
vt 0.666667 0.000000 0.000000
vt 0.666667 0.250000 0.000000
vt 1.000000 0.000000 0.000000
vt 1.000000 0.250000 0.000000
vt 0.333333 0.500000 0.000000
vt 0.000000 0.500000 0.000000
vt 0.666667 0.500000 0.000000
vt 1.000000 0.500000 0.000000
vt 0.333333 0.750000 0.000000
vt 0.000000 0.750000 0.000000
vt 0.666667 0.750000 0.000000
vt 1.000000 0.750000 0.000000
vt 0.333333 1.000000 0.000000
vt 0.000000 1.000000 0.000000
vt 0.666667 1.000000 0.000000
vt 1.000000 1.000000 0.000000
usemtl Material_26
f 6907/6907 6906/6906 6908/6908
f 6909/6909 6908/6908 6906/6906
f 6910/6910 6907/6907 6911/6911
f 6908/6908 6911/6911 6907/6907
f 6912/6912 6910/6910 6913/6913
f 6911/6911 6913/6913 6910/6910
f 6908/6908 6909/6909 6914/6914
f 6915/6915 6914/6914 6909/6909
f 6911/6911 6908/6908 6916/6916
f 6914/6914 6916/6916 6908/6908
f 6913/6913 6911/6911 6917/6917
f 6916/6916 6917/6917 6911/6911
f 6914/6914 6915/6915 6918/6918
f 6919/6919 6918/6918 6915/6915
f 6916/6916 6914/6914 6920/6920
f 6918/6918 6920/6920 6914/6914
f 6917/6917 6916/6916 6921/6921
f 6920/6920 6921/6921 6916/6916
f 6918/6918 6919/6919 6922/6922
f 6923/6923 6922/6922 6919/6919
f 6920/6920 6918/6918 6924/6924
f 6922/6922 6924/6924 6918/6918
f 6921/6921 6920/6920 6925/6925
f 6924/6924 6925/6925 6920/6920

g Plane42
v -44.014280 -361.684300 22.431710
v -56.292470 -516.464400 31.107450
v -138.068700 -511.985500 21.613370
v -142.417100 -355.701800 25.371020
v -66.034420 -671.473900 37.886520
v -136.977900 -667.974600 20.291640
v -73.674190 -826.673600 43.093620
v -130.293400 -824.469700 14.787020
v -221.973000 -505.462400 58.571610
v -242.948000 -347.675200 74.762680
v -210.049400 -662.431200 49.149090
v -189.040600 -820.221500 32.932770
v -300.452200 -498.149000 122.507100
v -338.053800 -338.858200 151.131500
v -277.695800 -656.097300 104.983800
v -242.362800 -815.182900 78.055720
v -365.953200 -491.298800 193.944600
v -420.181300 -330.504500 235.002500
v -332.364000 -650.226700 168.320500
v -282.706800 -810.607700 130.680800
vt 0.000000 0.000000 0.000000
vt 0.333333 0.000000 0.000000
vt 0.333333 0.250000 0.000000
vt 0.000000 0.250000 0.000000
vt 0.666667 0.000000 0.000000
vt 0.666667 0.250000 0.000000
vt 1.000000 0.000000 0.000000
vt 1.000000 0.250000 0.000000
vt 0.333333 0.500000 0.000000
vt 0.000000 0.500000 0.000000
vt 0.666667 0.500000 0.000000
vt 1.000000 0.500000 0.000000
vt 0.333333 0.750000 0.000000
vt 0.000000 0.750000 0.000000
vt 0.666667 0.750000 0.000000
vt 1.000000 0.750000 0.000000
vt 0.333333 1.000000 0.000000
vt 0.000000 1.000000 0.000000
vt 0.666667 1.000000 0.000000
vt 1.000000 1.000000 0.000000
usemtl Material_26
f 6927/6927 6926/6926 6928/6928
f 6929/6929 6928/6928 6926/6926
f 6930/6930 6927/6927 6931/6931
f 6928/6928 6931/6931 6927/6927
f 6932/6932 6930/6930 6933/6933
f 6931/6931 6933/6933 6930/6930
f 6928/6928 6929/6929 6934/6934
f 6935/6935 6934/6934 6929/6929
f 6931/6931 6928/6928 6936/6936
f 6934/6934 6936/6936 6928/6928
f 6933/6933 6931/6931 6937/6937
f 6936/6936 6937/6937 6931/6931
f 6934/6934 6935/6935 6938/6938
f 6939/6939 6938/6938 6935/6935
f 6936/6936 6934/6934 6940/6940
f 6938/6938 6940/6940 6934/6934
f 6937/6937 6936/6936 6941/6941
f 6940/6940 6941/6941 6936/6936
f 6938/6938 6939/6939 6942/6942
f 6943/6943 6942/6942 6939/6939
f 6940/6940 6938/6938 6944/6944
f 6942/6942 6944/6944 6938/6938
f 6941/6941 6940/6940 6945/6945
f 6944/6944 6945/6945 6940/6940

g 111
v -10.123260 18.188090 87.500070
v -5.029072 19.301920 87.391650
v -5.643189 20.769080 83.204250
v -11.058480 19.768860 83.466010
v -21.144180 28.335720 47.825100
v -25.456840 24.391620 48.309000
v -20.652910 22.328890 59.348090
v -4.153910 17.800580 91.468270
v -8.594880 16.434180 91.216960
v -6.422532 13.858260 96.638030
v -2.625476 14.158480 97.675670
v -13.764870 12.182270 90.999930
v -9.187634 10.993780 95.602180
v -67.369700 105.292800 5.718854
v -60.410760 80.288540 -0.344652
v -45.066700 88.887110 5.899030
v -59.449750 109.275300 4.701810
v -49.618040 63.288550 4.012526
v -39.383800 51.960870 20.936750
v -24.225770 63.071490 17.692920
v -36.622660 78.494220 9.539152
v -28.087150 31.223150 24.690370
v -30.320940 28.338840 24.879700
v -34.435570 27.502710 27.245370
v -19.564750 6.403487 83.305150
v -16.236090 4.759638 89.861690
v -15.475090 13.132610 87.374820
v -21.858000 8.535247 76.280110
v -16.752180 13.902820 83.739340
v -19.288270 14.900710 76.395080
v -24.961510 17.121820 59.412810
v -29.363080 19.249010 48.983270
v -32.849470 12.727410 50.621870
v -28.412460 11.528380 59.581320
v -12.326200 21.767520 76.676600
v -26.173210 9.092457 73.170520
v -31.431310 14.636850 77.461110
v -22.577560 8.881609 84.965930
v -7.801421 4.136418 95.980320
v -40.709850 24.147910 32.503730
v -25.015600 41.606320 29.923920
v -27.665550 33.630200 25.853480
v -30.362640 38.252440 16.409570
v -19.421630 33.411580 48.812130
v -9.266106 36.402680 48.835700
v -14.957970 49.653360 31.526130
v -8.048522 30.942060 59.748060
v -16.236570 28.707480 60.148190
v -13.793530 24.523690 69.776120
v -6.917038 25.898240 69.729070
v -6.447084 23.333660 76.466670
v -46.550210 14.898550 37.132980
v -21.397150 15.878440 69.121410
v -24.040200 9.899398 68.559040
v -17.540860 19.653710 69.315230
v 10.123260 18.188090 87.500060
v 11.058480 19.768860 83.466010
v 5.643191 20.769080 83.204250
v 5.029074 19.301920 87.391650
v 21.237850 28.326240 47.855360
v 20.668270 22.316000 59.345090
v 25.507550 24.502150 48.383600
v 4.153901 17.800580 91.468250
v 7.063854 8.077748 97.690240
v 9.795955 9.477477 96.657360
v 8.651899 16.368210 91.219310
v 9.210140 7.872519 95.600350
v 13.729050 12.044440 90.999160
v 67.369700 105.292800 5.718883
v 59.449750 109.275300 4.701808
v 45.066700 88.887100 5.899029
v 60.410760 80.288540 -0.344654
v 49.618040 63.288550 4.012525
v 36.622670 78.494220 9.539151
v 24.225770 63.071490 17.692940
v 39.377420 51.949660 20.903180
v 30.320940 28.338840 24.879700
v 28.087150 31.223150 24.690370
v 34.435570 27.502710 27.245370
v 19.564750 6.403487 83.305150
v 15.477870 13.134360 87.376960
v 15.423230 2.932431 89.862080
v 21.858000 8.535248 76.280110
v 19.304330 14.921250 76.405000
v 16.756410 13.943560 83.755710
v 25.001310 17.134640 59.427180
v 28.412470 11.528380 59.581330
v 32.849480 12.727410 50.621870
v 29.363080 19.249010 48.983270
v 12.326210 21.767520 76.676610
v 26.173210 9.092458 73.170520
v 22.577560 8.881607 84.965930
v 31.431320 14.636850 77.461110
v 5.767413 3.321457 95.967700
v 40.709850 24.147910 32.503730
v 25.062120 41.617620 29.965440
v 27.643570 33.639420 25.852110
v 30.362640 38.252440 16.409570
v 19.421630 33.411580 48.812130
v 14.957980 49.653360 31.526130
v 9.266109 36.402680 48.835700
v 8.048526 30.942060 59.748070
v 6.917040 25.898240 69.729070
v 13.793540 24.523690 69.776120
v 16.236570 28.707480 60.148190
v 6.447086 23.333660 76.466670
v 46.550210 14.898550 37.132980
v 21.423430 15.887870 69.130790
v 24.040200 9.899399 68.559040
v 17.556240 19.643250 69.313550
vt 0.491480 0.455925 0.000000
vt 0.504942 0.448467 0.000000
vt 0.499348 0.439909 0.000000
vt 0.486997 0.448610 0.000000
vt 0.405327 0.376440 0.000000
vt 0.391566 0.394537 0.000000
vt 0.419139 0.410486 0.000000
vt 0.510535 0.457025 0.000000
vt 0.496018 0.463174 0.000000
vt 0.510695 0.475058 0.000000
vt 0.520027 0.471001 0.000000
vt 0.487363 0.475923 0.000000
vt 0.498746 0.485880 0.000000
vt 0.390715 0.006233 0.000000
vt 0.390715 0.086687 0.000000
vt 0.446453 0.073037 0.000000
vt 0.446453 0.006233 0.000000
vt 0.390715 0.159802 0.000000
vt 0.390715 0.234058 0.000000
vt 0.446453 0.224000 0.000000
vt 0.446453 0.150522 0.000000
vt 0.378312 0.324381 0.000000
vt 0.360771 0.340125 0.000000
vt 0.350974 0.356134 0.000000
vt 0.461150 0.475480 0.000000
vt 0.473904 0.490828 0.000000
vt 0.479465 0.469274 0.000000
vt 0.440668 0.462067 0.000000
vt 0.472115 0.462868 0.000000
vt 0.450702 0.449610 0.000000
vt 0.408425 0.421790 0.000000
vt 0.385151 0.405156 0.000000
vt 0.371829 0.428632 0.000000
vt 0.395820 0.438026 0.000000
vt 0.468712 0.436783 0.000000
vt 0.428676 0.466324 0.000000
vt 0.421676 0.484648 0.000000
vt 0.456802 0.482464 0.000000
vt 0.490100 0.500749 0.000000
vt 0.339409 0.374052 0.000000
vt 0.408086 0.309942 0.000000
vt 0.394526 0.312069 0.000000
vt 0.381863 0.283692 0.000000
vt 0.414106 0.373554 0.000000
vt 0.444236 0.368440 0.000000
vt 0.446453 0.304014 0.000000
vt 0.454976 0.392609 0.000000
vt 0.433462 0.400954 0.000000
vt 0.450481 0.424890 0.000000
vt 0.465479 0.414627 0.000000
vt 0.482414 0.427268 0.000000
vt 0.330866 0.412108 0.000000
vt 0.429838 0.436595 0.000000
vt 0.419214 0.448403 0.000000
vt 0.439107 0.428696 0.000000
vt 0.491480 0.455925 0.000000
vt 0.486997 0.448610 0.000000
vt 0.499348 0.439909 0.000000
vt 0.504942 0.448467 0.000000
vt 0.405327 0.376440 0.000000
vt 0.419139 0.410486 0.000000
vt 0.391566 0.394537 0.000000
vt 0.510535 0.457025 0.000000
vt 0.520027 0.471001 0.000000
vt 0.510695 0.475058 0.000000
vt 0.496018 0.463174 0.000000
vt 0.498746 0.485880 0.000000
vt 0.487363 0.475923 0.000000
vt 0.390715 0.006233 0.000000
vt 0.446453 0.006233 0.000000
vt 0.446453 0.073037 0.000000
vt 0.390715 0.086687 0.000000
vt 0.390715 0.159802 0.000000
vt 0.446453 0.150522 0.000000
vt 0.446453 0.224000 0.000000
vt 0.390715 0.234058 0.000000
vt 0.360771 0.340125 0.000000
vt 0.378312 0.324381 0.000000
vt 0.350974 0.356134 0.000000
vt 0.461150 0.475480 0.000000
vt 0.479465 0.469274 0.000000
vt 0.473904 0.490828 0.000000
vt 0.440668 0.462067 0.000000
vt 0.450702 0.449610 0.000000
vt 0.472115 0.462868 0.000000
vt 0.408425 0.421790 0.000000
vt 0.395820 0.438026 0.000000
vt 0.371829 0.428632 0.000000
vt 0.385151 0.405156 0.000000
vt 0.468712 0.436783 0.000000
vt 0.428676 0.466324 0.000000
vt 0.456802 0.482464 0.000000
vt 0.421676 0.484648 0.000000
vt 0.490100 0.500749 0.000000
vt 0.339409 0.374052 0.000000
vt 0.408086 0.309942 0.000000
vt 0.394526 0.312069 0.000000
vt 0.381863 0.283692 0.000000
vt 0.414106 0.373554 0.000000
vt 0.446453 0.304014 0.000000
vt 0.444236 0.368440 0.000000
vt 0.454976 0.392609 0.000000
vt 0.465479 0.414627 0.000000
vt 0.450481 0.424890 0.000000
vt 0.433462 0.400954 0.000000
vt 0.482414 0.427268 0.000000
vt 0.330866 0.412108 0.000000
vt 0.429838 0.436595 0.000000
vt 0.419214 0.448403 0.000000
vt 0.439107 0.428696 0.000000
usemtl Material_6
f 6946/6946 6947/6947 6948/6948
f 6948/6948 6949/6949 6946/6946
f 6950/6950 6951/6951 6952/6952
f 6953/6953 6954/6954 6955/6955
f 6955/6955 6956/6956 6953/6953
f 6954/6954 6957/6957 6958/6958
f 6958/6958 6955/6955 6954/6954
f 6959/6959 6960/6960 6961/6961
f 6961/6961 6962/6962 6959/6959
f 6963/6963 6964/6964 6965/6965
f 6965/6965 6966/6966 6963/6963
f 6950/6950 6967/6967 6968/6968
f 6968/6968 6951/6951 6950/6950
f 6951/6951 6968/6968 6969/6969
f 6970/6970 6971/6971 6972/6972
f 6973/6973 6970/6970 6974/6974
f 6974/6974 6975/6975 6973/6973
f 6976/6976 6977/6977 6978/6978
f 6978/6978 6979/6979 6976/6976
f 6980/6980 6975/6975 6974/6974
f 6974/6974 6949/6949 6980/6980
f 6981/6981 6982/6982 6983/6983
f 6957/6957 6971/6971 6984/6984
f 6984/6984 6958/6958 6957/6957
f 6978/6978 6977/6977 6985/6985
f 6951/6951 6969/6969 6985/6985
f 6960/6960 6963/6963 6961/6961
f 6970/6970 6973/6973 6981/6981
f 6963/6963 6966/6966 6961/6961
f 6986/6986 6965/6965 6964/6964
f 6987/6987 6988/6988 6967/6967
f 6989/6989 6990/6990 6991/6991
f 6986/6986 6964/6964 6988/6988
f 6987/6987 6967/6967 6950/6950
f 6992/6992 6993/6993 6994/6994
f 6994/6994 6995/6995 6992/6992
f 6996/6996 6980/6980 6949/6949
f 6949/6949 6948/6948 6996/6996
f 6989/6989 6986/6986 6987/6987
f 6950/6950 6989/6989 6987/6987
f 6972/6972 6946/6946 6949/6949
f 6949/6949 6974/6974 6972/6972
f 6970/6970 6983/6983 6971/6971
f 6970/6970 6981/6981 6983/6983
f 6976/6976 6952/6952 6951/6951
f 6951/6951 6977/6977 6976/6976
f 6997/6997 6978/6978 6985/6985
f 6987/6987 6986/6986 6988/6988
f 6986/6986 6989/6989 6991/6991
f 6991/6991 6965/6965 6986/6986
f 6954/6954 6953/6953 6947/6947
f 6947/6947 6946/6946 6954/6954
f 6957/6957 6954/6954 6946/6946
f 6946/6946 6972/6972 6957/6957
f 6970/6970 6972/6972 6974/6974
f 6972/6972 6971/6971 6957/6957
f 6998/6998 6999/6999 6973/6973
f 6973/6973 6975/6975 6998/6998
f 6975/6975 6980/6980 7000/7000
f 6995/6995 6994/6994 6980/6980
f 6980/6980 6996/6996 6995/6995
f 7000/7000 6980/6980 6994/6994
f 6975/6975 7000/7000 6998/6998
f 6981/6981 6973/6973 6999/6999
f 7000/7000 6994/6994 6993/6993
f 6993/6993 6952/6952 7000/7000
f 6999/6999 6998/6998 6976/6976
f 6976/6976 6979/6979 6999/6999
f 6990/6990 6989/6989 6993/6993
f 6993/6993 6992/6992 6990/6990
f 6998/6998 7000/7000 6952/6952
f 6952/6952 6976/6976 6998/6998
f 6950/6950 6993/6993 6989/6989
f 6950/6950 6952/6952 6993/6993
f 6951/6951 6985/6985 6977/6977
f 7001/7001 7002/7002 7003/7003
f 7003/7003 7004/7004 7001/7001
f 7005/7005 7006/7006 7007/7007
f 7008/7008 7009/7009 7010/7010
f 7010/7010 7011/7011 7008/7008
f 7011/7011 7010/7010 7012/7012
f 7012/7012 7013/7013 7011/7011
f 7014/7014 7015/7015 7016/7016
f 7016/7016 7017/7017 7014/7014
f 7018/7018 7019/7019 7020/7020
f 7020/7020 7021/7021 7018/7018
f 7005/7005 7007/7007 7022/7022
f 7022/7022 7023/7023 7005/7005
f 7007/7007 7024/7024 7022/7022
f 7025/7025 7026/7026 7027/7027
f 7028/7028 7029/7029 7030/7030
f 7030/7030 7025/7025 7028/7028
f 7031/7031 7032/7032 7033/7033
f 7033/7033 7034/7034 7031/7031
f 7035/7035 7002/7002 7030/7030
f 7030/7030 7029/7029 7035/7035
f 7036/7036 7037/7037 7038/7038
f 7013/7013 7012/7012 7039/7039
f 7039/7039 7027/7027 7013/7013
f 7033/7033 7040/7040 7034/7034
f 7007/7007 7040/7040 7024/7024
f 7017/7017 7016/7016 7018/7018
f 7025/7025 7036/7036 7028/7028
f 7018/7018 7016/7016 7019/7019
f 7041/7041 7021/7021 7020/7020
f 7042/7042 7023/7023 7043/7043
f 7044/7044 7045/7045 7046/7046
f 7041/7041 7043/7043 7021/7021
f 7042/7042 7005/7005 7023/7023
f 7047/7047 7048/7048 7049/7049
f 7049/7049 7050/7050 7047/7047
f 7051/7051 7003/7003 7002/7002
f 7002/7002 7035/7035 7051/7051
f 7044/7044 7042/7042 7041/7041
f 7005/7005 7042/7042 7044/7044
f 7026/7026 7030/7030 7002/7002
f 7002/7002 7001/7001 7026/7026
f 7025/7025 7027/7027 7037/7037
f 7025/7025 7037/7037 7036/7036
f 7031/7031 7034/7034 7007/7007
f 7007/7007 7006/7006 7031/7031
f 7052/7052 7040/7040 7033/7033
f 7042/7042 7043/7043 7041/7041
f 7041/7041 7045/7045 7044/7044
f 7045/7045 7041/7041 7020/7020
f 7011/7011 7001/7001 7004/7004
f 7004/7004 7008/7008 7011/7011
f 7013/7013 7026/7026 7001/7001
f 7001/7001 7011/7011 7013/7013
f 7025/7025 7030/7030 7026/7026
f 7026/7026 7013/7013 7027/7027
f 7053/7053 7029/7029 7028/7028
f 7028/7028 7054/7054 7053/7053
f 7029/7029 7055/7055 7035/7035
f 7048/7048 7051/7051 7035/7035
f 7035/7035 7049/7049 7048/7048
f 7055/7055 7049/7049 7035/7035
f 7029/7029 7053/7053 7055/7055
f 7036/7036 7054/7054 7028/7028
f 7055/7055 7006/7006 7050/7050
f 7050/7050 7049/7049 7055/7055
f 7054/7054 7032/7032 7031/7031
f 7031/7031 7053/7053 7054/7054
f 7046/7046 7047/7047 7050/7050
f 7050/7050 7044/7044 7046/7046
f 7053/7053 7031/7031 7006/7006
f 7006/7006 7055/7055 7053/7053
f 7005/7005 7044/7044 7050/7050
f 7005/7005 7050/7050 7006/7006
f 7007/7007 7034/7034 7040/7040

g tx_ring02
v 42.277580 8.768532 203.176000
v 39.877140 22.381990 203.176000
v 39.877140 22.382000 213.751200
v 42.277570 8.768544 213.751200
v 32.965390 34.353450 203.176000
v 32.965390 34.353470 213.751100
v 22.375990 43.238990 203.176000
v 22.375990 43.239010 213.751100
v 9.386168 47.966890 203.176000
v 9.386166 47.966900 213.751100
v -4.437303 47.966870 203.176000
v -4.437306 47.966880 213.751100
v -4.437303 47.966870 203.176000
v -17.427110 43.238950 203.176000
v -17.427110 43.238960 213.751100
v -4.437306 47.966880 213.751100
v -28.016490 34.353390 203.176000
v -28.016500 34.353400 213.751100
v -34.928220 22.381900 203.176000
v -34.928220 22.381910 213.751100
v -37.328620 8.768441 203.176000
v -37.328620 8.768454 213.751200
v -34.928180 -4.845015 203.176000
v -34.928180 -4.845002 213.751200
v -28.016430 -16.816480 203.176000
v -28.016430 -16.816470 213.751200
v -17.427020 -25.702020 203.176100
v -17.427030 -25.702010 213.751200
v -4.437203 -30.429910 203.176100
v -4.437206 -30.429900 213.751200
v 9.386269 -30.429890 203.176100
v 9.386266 -30.429880 213.751200
v 22.376080 -25.701970 203.176100
v 22.376070 -25.701960 213.751200
v 32.965460 -16.816400 203.176100
v 32.965460 -16.816390 213.751200
v 39.877170 -4.844916 203.176100
v 39.877170 -4.844903 213.751200
vt 0.750000 0.000000 0.000000
vt 0.805556 0.000000 0.000000
vt 0.805556 1.000000 0.000000
vt 0.750000 1.000000 0.000000
vt 0.861111 0.000000 0.000000
vt 0.861111 1.000000 0.000000
vt 0.916667 0.000000 0.000000
vt 0.916667 1.000000 0.000000
vt 0.972222 0.000000 0.000000
vt 0.972222 1.000000 0.000000
vt 1.027778 0.000000 0.000000
vt 1.027778 1.000000 0.000000
vt 0.027778 0.000000 0.000000
vt 0.083333 0.000000 0.000000
vt 0.083333 1.000000 0.000000
vt 0.027778 1.000000 0.000000
vt 0.138889 0.000000 0.000000
vt 0.138889 1.000000 0.000000
vt 0.194444 0.000000 0.000000
vt 0.194444 1.000000 0.000000
vt 0.250000 0.000000 0.000000
vt 0.250000 1.000000 0.000000
vt 0.305556 0.000000 0.000000
vt 0.305556 1.000000 0.000000
vt 0.361111 0.000000 0.000000
vt 0.361111 1.000000 0.000000
vt 0.416667 0.000000 0.000000
vt 0.416667 1.000000 0.000000
vt 0.472222 0.000000 0.000000
vt 0.472222 1.000000 0.000000
vt 0.527778 0.000000 0.000000
vt 0.527778 1.000000 0.000000
vt 0.583333 0.000000 0.000000
vt 0.583333 1.000000 0.000000
vt 0.638889 0.000000 0.000000
vt 0.638889 1.000000 0.000000
vt 0.694444 0.000000 0.000000
vt 0.694444 1.000000 0.000000
usemtl Material_29
f 7056/7056 7057/7057 7058/7058
f 7058/7058 7059/7059 7056/7056
f 7057/7057 7060/7060 7061/7061
f 7061/7061 7058/7058 7057/7057
f 7060/7060 7062/7062 7063/7063
f 7063/7063 7061/7061 7060/7060
f 7062/7062 7064/7064 7065/7065
f 7065/7065 7063/7063 7062/7062
f 7064/7064 7066/7066 7067/7067
f 7067/7067 7065/7065 7064/7064
f 7068/7068 7069/7069 7070/7070
f 7070/7070 7071/7071 7068/7068
f 7069/7069 7072/7072 7073/7073
f 7073/7073 7070/7070 7069/7069
f 7072/7072 7074/7074 7075/7075
f 7075/7075 7073/7073 7072/7072
f 7074/7074 7076/7076 7077/7077
f 7077/7077 7075/7075 7074/7074
f 7076/7076 7078/7078 7079/7079
f 7079/7079 7077/7077 7076/7076
f 7078/7078 7080/7080 7081/7081
f 7081/7081 7079/7079 7078/7078
f 7080/7080 7082/7082 7083/7083
f 7083/7083 7081/7081 7080/7080
f 7082/7082 7084/7084 7085/7085
f 7085/7085 7083/7083 7082/7082
f 7084/7084 7086/7086 7087/7087
f 7087/7087 7085/7085 7084/7084
f 7086/7086 7088/7088 7089/7089
f 7089/7089 7087/7087 7086/7086
f 7088/7088 7090/7090 7091/7091
f 7091/7091 7089/7089 7088/7088
f 7090/7090 7092/7092 7093/7093
f 7093/7093 7091/7091 7090/7090
f 7092/7092 7056/7056 7059/7059
f 7059/7059 7093/7093 7092/7092

