mtllib common_dress_male_85491.mtl

g common_dress_male_85491
v -0.064290 11.034780 46.598430
v -0.064282 8.377357 51.645580
v 5.560812 6.678064 51.482910
v 7.064931 9.094384 46.212740
v -0.064398 24.269090 26.304890
v -0.064301 19.031240 33.278140
v 10.354150 17.396220 32.481400
v 12.421320 21.538090 24.170300
v 8.841358 1.451226 50.682560
v 4.863266 5.769730 53.559920
v 7.756840 0.565506 53.331830
v 8.230897 -2.335347 49.614350
v 10.985450 -1.106325 42.702220
v 11.521350 4.115942 44.776020
v 14.912180 7.464495 37.490660
v 14.613500 0.857979 34.663300
v 18.409760 2.305836 26.232890
v 18.592530 10.490170 29.359140
v 8.636270 12.751670 39.226520
v -0.064376 14.731670 40.003720
v -0.064283 7.265840 53.728120
v -0.064282 5.629813 56.132130
v 3.874036 4.510045 56.156610
v 6.798391 0.095106 56.005670
v 21.561760 1.517967 16.579940
v 22.461040 12.843050 19.866190
v 26.294940 -1.166097 2.516331
v 29.255740 17.144430 6.143267
v 15.433970 29.866490 12.262230
v -0.064306 33.647000 14.890230
v 3.926979 4.345655 60.047550
v 6.751803 0.125947 60.135820
v 7.342988 0.293076 58.028900
v 4.423055 5.134542 57.986640
v 7.029870 0.207760 56.085900
v 4.777275 -5.335491 57.953370
v 4.833331 -5.427842 56.023700
v -0.064281 -6.674056 57.831990
v -0.064281 -6.956140 55.883550
v -0.064282 5.394491 60.025640
v -0.064282 5.632592 59.439690
v -0.064281 -6.519857 59.927660
v 4.393246 -4.694109 60.061680
v 4.724758 -4.604860 61.941530
v -0.064281 -6.376274 61.955320
v 3.977713 4.723886 55.930640
v -0.064282 5.944358 55.930640
v -0.064282 6.227242 57.974840
v 12.905090 4.253299 55.981960
v 16.864330 3.300072 48.749950
v 17.487120 1.395122 48.933620
v 13.461030 1.687222 57.179210
v 19.520630 1.494924 49.283880
v 16.782440 1.754664 58.653480
v 16.057890 1.943599 60.799980
v 12.615510 1.856991 59.121350
v 12.110780 4.249256 56.148570
v 11.133860 4.528623 58.167260
v 17.854260 4.911501 58.981460
v 17.309020 5.231380 61.153960
v 17.116580 -0.006902 47.242500
v 20.751230 -0.099175 47.518590
v 16.094430 3.082416 46.927390
v 20.843050 3.408082 48.843760
v 13.229210 7.579444 56.341020
v 17.387350 5.443774 48.391260
v 16.529160 8.211839 57.726720
v 19.962560 5.439237 48.786980
v 12.376090 7.949193 58.251810
v 15.795720 8.634801 59.836530
v 21.188630 5.744715 46.779030
v 17.058170 6.166194 46.427950
v 10.380860 -0.496003 29.355080
v 10.595430 0.713361 25.995350
v 11.912000 2.717059 28.963440
v 11.648530 1.838185 30.863730
v 3.823756 -0.886972 28.910440
v 2.473132 0.202931 29.896900
v 2.265270 0.944728 28.261250
v 3.977583 0.318774 25.546590
v -7.193508 9.094370 46.212740
v -5.689373 6.678065 51.482910
v -12.549910 21.538070 24.170290
v -10.453020 16.788960 32.120300
v -8.969921 1.451223 50.682560
v -7.885404 0.565499 53.331820
v -4.991831 5.769728 53.559920
v -8.359458 -2.335351 49.614360
v -11.649920 4.115931 44.776020
v -11.114010 -1.106342 42.702230
v -15.040750 7.464471 37.490650
v -18.721110 10.490140 29.359130
v -18.538320 2.305905 26.232900
v -14.742060 0.857962 34.663310
v -8.764850 12.751660 39.226520
v -4.002601 4.510049 56.156610
v -6.926954 0.095104 56.005670
v -21.690320 1.517962 16.579950
v -22.589620 12.843010 19.866190
v -29.384330 17.144390 6.143263
v -26.423500 -1.166125 2.516327
v -15.562570 29.866470 12.262230
v -4.055544 4.345659 60.047550
v -4.551620 5.134544 57.986640
v -7.471552 0.293097 58.028900
v -6.880367 0.125946 60.135820
v -7.158432 0.207760 56.085900
v -4.961893 -5.427842 56.023700
v -4.905835 -5.335494 57.953370
v -4.853319 -4.604861 61.941530
v -4.521809 -4.694109 60.061680
v -4.106277 4.723888 55.930640
v -13.033660 4.253273 55.981970
v -13.589610 1.687165 57.179230
v -17.615690 1.395093 48.933630
v -16.992910 3.300042 48.749950
v -16.911020 1.754680 58.653470
v -19.649210 1.494897 49.283890
v -12.744080 1.856989 59.121360
v -16.186480 1.943611 60.799970
v -12.239360 4.249227 56.148570
v -11.262430 4.528598 58.167270
v -17.437600 5.231356 61.153940
v -17.982840 4.911479 58.981450
v -20.879800 -0.099203 47.518600
v -17.245150 -0.006936 47.242520
v -16.223010 3.082377 46.927390
v -20.971630 3.408050 48.843760
v -17.515930 5.443739 48.391260
v -13.357780 7.579419 56.341020
v -20.091140 5.439201 48.786970
v -16.657740 8.211811 57.726700
v -15.924310 8.634778 59.836510
v -12.504670 7.949167 58.251800
v -17.186750 6.166163 46.427950
v -21.317210 5.744680 46.779030
v -10.509440 -0.496006 29.355090
v -11.777090 1.838184 30.863730
v -12.040560 2.717064 28.963450
v -10.724000 0.713361 25.995360
v -3.952337 -0.886997 28.910440
v -4.106163 0.318736 25.546590
v -2.393838 0.944701 28.261250
v -2.601710 0.202894 29.896900
v 5.657511 -5.866881 52.207500
v 4.787159 -5.284424 56.063980
v 1.322693 -7.683250 50.186500
v 7.166212 -5.983326 47.287080
v 2.323638 -7.663517 43.198590
v 5.159105 -6.620229 33.859920
v -0.064281 -6.763453 55.959130
v -0.064281 -6.437161 60.880010
v -0.064281 -8.295902 57.767420
v 3.369622 -5.840559 57.857400
v -0.064281 -7.283603 53.344670
v 22.865500 3.016319 45.941120
v 12.615510 1.856991 59.121350
v 16.057890 1.943599 60.799980
v 14.033170 4.938240 60.077730
v 11.133860 4.528623 58.167260
v 17.309020 5.231380 61.153960
v 15.795720 8.634801 59.836530
v 12.376090 7.949193 58.251810
v 7.154848 -3.735456 28.325230
v 6.774450 -3.434702 33.671390
v 7.250353 -1.607389 25.046560
v 7.372804 -0.875851 22.597610
v 12.039970 3.835631 30.673200
v 11.833350 4.025680 32.525870
v 1.883953 1.679559 29.242400
v 1.566895 1.991435 31.514260
v 6.774450 -3.434702 33.671390
v 10.380860 -0.496003 29.355080
v 7.143788 -1.639929 28.317490
v 3.823756 -0.886972 28.910440
v -5.786072 -5.866883 52.207500
v -4.915722 -5.284423 56.063980
v -7.294770 -5.983333 47.287110
v -1.451256 -7.683250 50.186500
v -5.287669 -6.620242 33.859950
v -2.452198 -7.663522 43.198620
v -3.498185 -5.840559 57.857400
v -22.994080 3.016275 45.941120
v -12.744080 1.856989 59.121360
v -14.161750 4.938220 60.077720
v -16.186480 1.943611 60.799970
v -11.262430 4.528598 58.167270
v -17.437600 5.231356 61.153940
v -12.504670 7.949167 58.251800
v -15.924310 8.634778 59.836510
v -7.283798 -3.741486 28.326170
v -6.903037 -3.434719 33.671400
v -7.378944 -1.607411 25.046570
v -7.501390 -0.875865 22.597610
v -12.168530 3.835633 30.673210
v -11.961910 4.025686 32.525870
v -2.012525 1.679523 29.242400
v -1.695463 1.991399 31.514250
v -6.903037 -3.434719 33.671400
v -7.272370 -1.639944 28.317490
v -10.509440 -0.496006 29.355090
v -3.952337 -0.886997 28.910440
vt 0.993923 0.836903 0.000000
vt 0.993923 0.889799 0.000000
vt 0.845644 0.889799 0.000000
vt 0.845644 0.836903 0.000000
vt 0.993923 0.626917 0.000000
vt 0.993923 0.700001 0.000000
vt 0.845644 0.700001 0.000000
vt 0.845644 0.626917 0.000000
vt 0.691833 0.889799 0.000000
vt 0.845644 0.942319 0.000000
vt 0.691833 0.942319 0.000000
vt 0.537897 0.889799 0.000000
vt 0.537897 0.836903 0.000000
vt 0.691833 0.836903 0.000000
vt 0.691833 0.758994 0.000000
vt 0.537897 0.758994 0.000000
vt 0.537897 0.700001 0.000000
vt 0.691833 0.700001 0.000000
vt 0.845644 0.758994 0.000000
vt 0.993923 0.758994 0.000000
vt 0.993923 0.942319 0.000000
vt 0.993923 0.992284 0.000000
vt 0.845644 0.992284 0.000000
vt 0.691833 0.992284 0.000000
vt 0.537897 0.626917 0.000000
vt 0.691833 0.626917 0.000000
vt 0.453443 0.538478 0.000000
vt 0.691833 0.537955 0.000000
vt 0.845644 0.537955 0.000000
vt 0.990757 0.537955 0.000000
vt 0.350297 0.546592 0.000000
vt 0.246120 0.546592 0.000000
vt 0.246120 0.521480 0.000000
vt 0.350297 0.521480 0.000000
vt 0.246120 0.496367 0.000000
vt 0.131144 0.521480 0.000000
vt 0.131144 0.496367 0.000000
vt 0.006429 0.521480 0.000000
vt 0.006366 0.496367 0.000000
vt 0.440376 0.546592 0.000000
vt 0.440376 0.539417 0.000000
vt 0.006366 0.543005 0.000000
vt 0.131144 0.546592 0.000000
vt 0.131144 0.573085 0.000000
vt 0.006366 0.573085 0.000000
vt 0.350297 0.496367 0.000000
vt 0.440376 0.496367 0.000000
vt 0.440327 0.521480 0.000000
vt 0.296645 0.737237 0.000000
vt 0.078167 0.737202 0.000000
vt 0.078167 0.756466 0.000000
vt 0.314414 0.756466 0.000000
vt 0.078167 0.796641 0.000000
vt 0.314413 0.796642 0.000000
vt 0.364694 0.796642 0.000000
vt 0.364694 0.756466 0.000000
vt 0.314414 0.729124 0.000000
vt 0.364694 0.729124 0.000000
vt 0.314413 0.820377 0.000000
vt 0.364694 0.820377 0.000000
vt 0.007233 0.756466 0.000000
vt 0.007233 0.796641 0.000000
vt 0.007233 0.737192 0.000000
vt 0.078166 0.820377 0.000000
vt 0.314414 0.756466 0.000000
vt 0.078167 0.756466 0.000000
vt 0.314413 0.796642 0.000000
vt 0.078167 0.796641 0.000000
vt 0.364694 0.756466 0.000000
vt 0.364694 0.796642 0.000000
vt 0.007233 0.796641 0.000000
vt 0.007233 0.756466 0.000000
vt 0.354113 0.431357 0.000000
vt 0.354113 0.396301 0.000000
vt 0.294464 0.414294 0.000000
vt 0.294464 0.431357 0.000000
vt 0.354113 0.431357 0.000000
vt 0.294464 0.431357 0.000000
vt 0.294464 0.414294 0.000000
vt 0.354113 0.396301 0.000000
vt 0.845644 0.836903 0.000000
vt 0.845644 0.889799 0.000000
vt 0.845644 0.626917 0.000000
vt 0.845644 0.700001 0.000000
vt 0.691833 0.889799 0.000000
vt 0.691833 0.942319 0.000000
vt 0.845644 0.942319 0.000000
vt 0.537897 0.889799 0.000000
vt 0.691833 0.836903 0.000000
vt 0.537897 0.836903 0.000000
vt 0.691833 0.758994 0.000000
vt 0.691833 0.700001 0.000000
vt 0.537897 0.700001 0.000000
vt 0.537897 0.758994 0.000000
vt 0.845644 0.758994 0.000000
vt 0.845644 0.992284 0.000000
vt 0.691833 0.992284 0.000000
vt 0.537897 0.626917 0.000000
vt 0.691833 0.626917 0.000000
vt 0.691833 0.537955 0.000000
vt 0.453443 0.538478 0.000000
vt 0.845644 0.537955 0.000000
vt 0.350297 0.546592 0.000000
vt 0.350297 0.521480 0.000000
vt 0.246120 0.521480 0.000000
vt 0.246120 0.546592 0.000000
vt 0.246120 0.496367 0.000000
vt 0.131144 0.496367 0.000000
vt 0.131144 0.521480 0.000000
vt 0.131144 0.573085 0.000000
vt 0.131144 0.546592 0.000000
vt 0.350297 0.496367 0.000000
vt 0.296645 0.737237 0.000000
vt 0.314414 0.756466 0.000000
vt 0.078167 0.756466 0.000000
vt 0.078167 0.737202 0.000000
vt 0.314413 0.796642 0.000000
vt 0.078167 0.796641 0.000000
vt 0.364694 0.756466 0.000000
vt 0.364694 0.796642 0.000000
vt 0.314414 0.729124 0.000000
vt 0.364694 0.729124 0.000000
vt 0.364694 0.820377 0.000000
vt 0.314413 0.820377 0.000000
vt 0.007233 0.796641 0.000000
vt 0.007233 0.756466 0.000000
vt 0.007233 0.737192 0.000000
vt 0.078166 0.820377 0.000000
vt 0.078167 0.756466 0.000000
vt 0.314414 0.756466 0.000000
vt 0.078167 0.796641 0.000000
vt 0.314413 0.796642 0.000000
vt 0.364694 0.796642 0.000000
vt 0.364694 0.756466 0.000000
vt 0.007233 0.756466 0.000000
vt 0.007233 0.796641 0.000000
vt 0.354113 0.431357 0.000000
vt 0.294464 0.431357 0.000000
vt 0.294464 0.414294 0.000000
vt 0.354113 0.396301 0.000000
vt 0.354113 0.431357 0.000000
vt 0.354113 0.396301 0.000000
vt 0.294464 0.414294 0.000000
vt 0.294464 0.431357 0.000000
vt 0.488496 0.942319 0.000000
vt 0.488496 0.992284 0.000000
vt 0.379585 0.942319 0.000000
vt 0.488496 0.889799 0.000000
vt 0.379585 0.889799 0.000000
vt 0.379585 0.782521 0.000000
vt 0.379585 0.992284 0.000000
vt 0.873925 0.004743 0.000000
vt 0.740270 0.004743 0.000000
vt 0.740370 0.076826 0.000000
vt 0.596452 0.004743 0.000000
vt 0.007233 0.820377 0.000000
vt 0.782163 0.397699 0.000000
vt 0.782163 0.424789 0.000000
vt 0.740572 0.412459 0.000000
vt 0.739159 0.388129 0.000000
vt 0.739159 0.435641 0.000000
vt 0.782163 0.424789 0.000000
vt 0.782163 0.397699 0.000000
vt 0.439363 0.431357 0.000000
vt 0.439363 0.478245 0.000000
vt 0.439363 0.397390 0.000000
vt 0.439363 0.374162 0.000000
vt 0.260590 0.419577 0.000000
vt 0.241584 0.431357 0.000000
vt 0.260590 0.419577 0.000000
vt 0.241584 0.431357 0.000000
vt 0.469081 0.358379 0.000000
vt 0.402104 0.295484 0.000000
vt 0.469081 0.295484 0.000000
vt 0.402498 0.295484 0.000000
vt 0.488496 0.942319 0.000000
vt 0.488496 0.992284 0.000000
vt 0.488496 0.889799 0.000000
vt 0.379585 0.942319 0.000000
vt 0.379585 0.782521 0.000000
vt 0.379585 0.889799 0.000000
vt 0.740370 0.076826 0.000000
vt 0.007233 0.820377 0.000000
vt 0.782163 0.397699 0.000000
vt 0.740572 0.412459 0.000000
vt 0.782163 0.424789 0.000000
vt 0.739159 0.388129 0.000000
vt 0.739159 0.435641 0.000000
vt 0.782163 0.397699 0.000000
vt 0.782163 0.424789 0.000000
vt 0.439363 0.431357 0.000000
vt 0.439363 0.478245 0.000000
vt 0.439363 0.397390 0.000000
vt 0.439363 0.374162 0.000000
vt 0.260590 0.419577 0.000000
vt 0.241584 0.431357 0.000000
vt 0.260590 0.419577 0.000000
vt 0.241584 0.431357 0.000000
vt 0.469081 0.358379 0.000000
vt 0.469081 0.295484 0.000000
vt 0.402104 0.295484 0.000000
vt 0.402498 0.295484 0.000000
usemtl Material_2
f 1/1 2/2 3/3
f 3/3 4/4 1/1
f 5/5 6/6 7/7
f 7/7 8/8 5/5
f 9/9 3/3 10/10
f 10/10 11/11 9/9
f 12/12 13/13 14/14
f 14/14 9/9 12/12
f 3/3 9/9 14/14
f 14/14 4/4 3/3
f 15/15 16/16 17/17
f 17/17 18/18 15/15
f 19/19 15/15 18/18
f 18/18 7/7 19/19
f 19/19 7/7 6/6
f 6/6 20/20 19/19
f 10/10 21/21 22/22
f 22/22 23/23 10/10
f 10/10 3/3 2/2
f 2/2 21/21 10/10
f 24/24 11/11 10/10
f 10/10 23/23 24/24
f 25/25 26/26 18/18
f 18/18 17/17 25/25
f 18/18 26/26 8/8
f 8/8 7/7 18/18
f 26/26 25/25 27/27
f 27/27 28/28 26/26
f 13/13 16/16 15/15
f 15/15 14/14 13/13
f 14/14 15/15 19/19
f 19/19 4/4 14/14
f 4/4 19/19 20/20
f 20/20 1/1 4/4
f 5/5 8/8 29/29
f 29/29 30/30 5/5
f 8/8 26/26 28/28
f 28/28 29/29 8/8
f 31/31 32/32 33/33
f 33/33 34/34 31/31
f 35/35 33/33 36/36
f 36/36 37/37 35/35
f 36/36 38/38 39/39
f 39/39 37/37 36/36
f 40/40 31/31 34/34
f 34/34 41/41 40/40
f 42/42 43/43 44/44
f 44/44 45/45 42/42
f 35/35 46/46 34/34
f 34/34 33/33 35/35
f 33/33 32/32 43/43
f 43/43 36/36 33/33
f 42/42 36/36 43/43
f 46/46 47/47 48/48
f 48/48 34/34 46/46
f 49/49 50/50 51/51
f 51/51 52/52 49/49
f 51/51 53/53 54/54
f 54/54 52/52 51/51
f 52/52 54/54 55/55
f 55/55 56/56 52/52
f 57/57 52/52 56/56
f 56/56 58/58 57/57
f 54/54 59/59 60/60
f 60/60 55/55 54/54
f 53/53 51/51 61/61
f 61/61 62/62 53/53
f 63/63 61/61 51/51
f 51/51 50/50 63/63
f 53/53 64/64 59/59
f 59/59 54/54 53/53
f 49/49 65/65 66/66
f 66/66 50/50 49/49
f 66/66 65/65 67/67
f 67/67 68/68 66/66
f 65/65 69/69 70/70
f 70/70 67/67 65/65
f 57/57 58/58 69/69
f 69/69 65/65 57/57
f 67/67 70/70 60/60
f 60/60 59/59 67/67
f 68/68 71/71 72/72
f 72/72 66/66 68/68
f 63/63 50/50 66/66
f 66/66 72/72 63/63
f 68/68 67/67 59/59
f 59/59 64/64 68/68
f 73/73 74/74 75/75
f 75/75 76/76 73/73
f 77/77 78/78 79/79
f 79/79 80/80 77/77
f 1/1 81/81 82/82
f 82/82 2/2 1/1
f 5/5 83/83 84/84
f 84/84 6/6 5/5
f 85/85 86/86 87/87
f 87/87 82/82 85/85
f 88/88 85/85 89/89
f 89/89 90/90 88/88
f 82/82 81/81 89/89
f 89/89 85/85 82/82
f 91/91 92/92 93/93
f 93/93 94/94 91/91
f 95/95 84/84 92/92
f 92/92 91/91 95/95
f 95/95 20/20 6/6
f 6/6 84/84 95/95
f 87/87 96/96 22/22
f 22/22 21/21 87/87
f 87/87 21/21 2/2
f 2/2 82/82 87/87
f 97/97 96/96 87/87
f 87/87 86/86 97/97
f 98/98 93/93 92/92
f 92/92 99/99 98/98
f 92/92 84/84 83/83
f 83/83 99/99 92/92
f 99/99 100/100 101/101
f 101/101 98/98 99/99
f 90/90 89/89 91/91
f 91/91 94/94 90/90
f 89/89 81/81 95/95
f 95/95 91/91 89/89
f 81/81 1/1 20/20
f 20/20 95/95 81/81
f 5/5 30/30 102/102
f 102/102 83/83 5/5
f 83/83 102/102 100/100
f 100/100 99/99 83/83
f 103/103 104/104 105/105
f 105/105 106/106 103/103
f 107/107 108/108 109/109
f 109/109 105/105 107/107
f 109/109 108/108 39/39
f 39/39 38/38 109/109
f 40/40 41/41 104/104
f 104/104 103/103 40/40
f 42/42 45/45 110/110
f 110/110 111/111 42/42
f 107/107 105/105 104/104
f 104/104 112/112 107/107
f 105/105 109/109 111/111
f 111/111 106/106 105/105
f 42/42 111/111 109/109
f 112/112 104/104 48/48
f 48/48 47/47 112/112
f 113/113 114/114 115/115
f 115/115 116/116 113/113
f 115/115 114/114 117/117
f 117/117 118/118 115/115
f 114/114 119/119 120/120
f 120/120 117/117 114/114
f 121/121 122/122 119/119
f 119/119 114/114 121/121
f 117/117 120/120 123/123
f 123/123 124/124 117/117
f 118/118 125/125 126/126
f 126/126 115/115 118/118
f 127/127 116/116 115/115
f 115/115 126/126 127/127
f 118/118 117/117 124/124
f 124/124 128/128 118/118
f 113/113 116/116 129/129
f 129/129 130/130 113/113
f 129/129 131/131 132/132
f 132/132 130/130 129/129
f 130/130 132/132 133/133
f 133/133 134/134 130/130
f 121/121 130/130 134/134
f 134/134 122/122 121/121
f 132/132 124/124 123/123
f 123/123 133/133 132/132
f 131/131 129/129 135/135
f 135/135 136/136 131/131
f 127/127 135/135 129/129
f 129/129 116/116 127/127
f 131/131 128/128 124/124
f 124/124 132/132 131/131
f 137/137 138/138 139/139
f 139/139 140/140 137/137
f 141/141 142/142 143/143
f 143/143 144/144 141/141
f 9/9 11/11 12/12
f 145/145 11/11 24/24
f 146/146 145/145 24/24
f 11/11 145/145 12/12
f 145/145 147/147 148/148
f 148/148 149/149 150/150
f 148/148 12/12 145/145
f 151/151 147/147 146/146
f 147/147 145/145 146/146
f 147/147 149/149 148/148
f 34/34 48/48 41/41
f 152/152 153/153 154/154
f 153/153 155/155 154/154
f 36/36 42/42 38/38
f 64/64 62/62 156/156
f 52/52 57/57 49/49
f 64/64 53/53 62/62
f 157/157 158/158 159/159
f 160/160 157/157 159/159
f 159/159 158/158 161/161
f 64/64 156/156 71/71
f 65/65 49/49 57/57
f 64/64 71/71 68/68
f 159/159 162/162 163/163
f 159/159 163/163 160/160
f 159/159 161/161 162/162
f 164/164 73/73 165/165
f 166/166 73/73 164/164
f 167/167 73/73 166/166
f 74/74 73/73 167/167
f 168/168 76/76 75/75
f 168/168 169/169 76/76
f 164/164 165/165 77/77
f 166/166 164/164 77/77
f 167/167 166/166 77/77
f 80/80 167/167 77/77
f 170/170 79/79 78/78
f 170/170 78/78 171/171
f 172/172 173/173 174/174
f 175/175 172/172 174/174
f 85/85 88/88 86/86
f 176/176 97/97 86/86
f 177/177 97/97 176/176
f 86/86 88/88 176/176
f 176/176 178/178 179/179
f 178/178 180/180 181/181
f 178/178 176/176 88/88
f 151/151 177/177 179/179
f 179/179 177/177 176/176
f 179/179 178/178 181/181
f 104/104 41/41 48/48
f 152/152 182/182 153/153
f 153/153 182/182 155/155
f 109/109 38/38 42/42
f 128/128 183/183 125/125
f 114/114 113/113 121/121
f 128/128 125/125 118/118
f 184/184 185/185 186/186
f 187/187 185/185 184/184
f 185/185 188/188 186/186
f 128/128 136/136 183/183
f 130/130 121/121 113/113
f 128/128 131/131 136/136
f 185/185 189/189 190/190
f 185/185 187/187 189/189
f 185/185 190/190 188/188
f 191/191 192/192 137/137
f 193/193 191/191 137/137
f 194/194 193/193 137/137
f 140/140 194/194 137/137
f 195/195 139/139 138/138
f 195/195 138/138 196/196
f 191/191 141/141 192/192
f 193/193 141/141 191/191
f 194/194 141/141 193/193
f 142/142 141/141 194/194
f 197/197 144/144 143/143
f 197/197 198/198 144/144
f 199/199 200/200 201/201
f 202/202 200/200 199/199

g youceUV
v -24.143340 4.983636 74.334290
v -22.571380 1.376603 72.407460
v -17.269730 -0.075446 73.872050
v -18.069120 4.030009 75.397380
v -26.942980 5.343641 74.968570
v -25.152010 1.994370 72.736300
v -4.870257 -6.654890 74.352460
v -4.336701 -6.123139 73.809150
v -5.068670 -4.055852 76.212300
v -5.704279 -4.888102 76.620420
v -9.451228 -4.971052 73.222140
v -9.170731 -4.186300 72.741230
v -4.336701 -6.123139 73.809150
v -4.870257 -6.654890 74.352460
v -19.821440 -2.319681 70.369640
v -19.691600 -1.883102 69.703480
v -15.718600 -3.242565 69.996920
v -16.234150 -3.622082 70.540690
v -16.489810 -2.916319 71.349010
v -16.060610 -2.377170 70.930530
v -22.706250 -0.426228 71.102760
v -22.679040 -0.009287 70.445920
v -25.152010 1.994370 72.736300
v -25.263050 2.405223 72.109030
v -26.942980 5.343641 74.968570
v -27.086910 5.421993 74.155900
v -16.234150 -3.622082 70.540690
v -15.718600 -3.242565 69.996920
v -16.060610 -2.377170 70.930530
v -16.489810 -2.916319 71.349010
v -5.704279 -4.888102 76.620420
v -5.068670 -4.055852 76.212300
v -3.967445 -4.138730 77.061750
v -4.480820 -4.940407 77.615330
v -9.966343 3.110590 82.422260
v -9.744375 2.571729 81.800790
v -9.528091 -2.084353 79.025190
v -18.723450 3.860508 79.137440
v -16.542210 3.633525 77.884340
v -16.518010 0.975663 78.973820
v -4.480820 -4.940407 77.615330
v -3.967445 -4.138730 77.061750
v -6.681326 2.659316 77.915680
v -5.849102 -3.390966 78.727060
v -17.722360 1.948125 82.428110
v -19.999800 3.827892 82.212910
v -16.033340 7.903074 74.407080
v -21.510530 8.222259 72.866520
v -24.171950 8.318705 73.160390
v -3.052547 11.223430 73.908230
v -4.213009 9.779501 76.256000
v -3.759934 8.816463 75.892490
v -2.639702 10.567940 73.394430
v -7.446027 10.427800 73.775800
v -3.052547 11.223430 73.908230
v -2.639702 10.567940 73.394430
v -7.370575 9.637952 73.238290
v -17.721870 11.228940 71.278190
v -13.901790 11.428700 71.549970
v -13.511680 10.998830 70.951910
v -17.715230 10.870480 70.558700
v -14.376480 10.721090 72.263500
v -14.119780 10.147110 71.770390
v -21.067730 10.147200 71.811810
v -21.153510 9.834961 71.106050
v -24.171950 8.318705 73.160390
v -24.388750 8.047094 72.487360
v -27.086910 5.421993 74.155900
v -26.942980 5.343641 74.968570
v -13.901790 11.428700 71.549970
v -14.376480 10.721090 72.263500
v -14.119780 10.147110 71.770390
v -13.511680 10.998830 70.951910
v -4.213009 9.779501 76.256000
v -2.998855 9.635690 77.253170
v -2.660123 8.719667 76.742270
v -3.759934 8.816463 75.892490
v -15.740300 5.994242 79.310370
v -18.723450 3.860508 79.137440
v -2.998855 9.635690 77.253170
v -4.644977 8.452398 78.432810
v -2.660123 8.719667 76.742270
v -17.259130 4.937365 82.628550
v -18.723450 3.860508 79.137440
v -5.704279 -4.888102 76.620420
v -8.802971 -3.505000 75.963950
v -4.870257 -6.654890 74.352460
v -9.451228 -4.971052 73.222140
v -19.821440 -2.319681 70.369640
v -16.489810 -2.916319 71.349010
v -8.058066 -0.563529 81.437940
v -6.422515 -0.308919 82.291130
v -7.906939 2.908245 82.695550
v -6.693042 2.795801 83.118900
v -15.014320 0.255940 76.476680
v -16.112890 3.662910 76.588610
v -6.616086 -2.892799 80.085660
v -13.262500 -1.556244 75.830010
v -8.364662 2.970885 83.314310
v -12.145880 -1.015345 79.150270
v -11.506320 2.639834 81.641020
v -13.915560 2.939269 82.335110
v -15.271430 0.654297 80.606250
v -17.116580 3.281302 84.047540
v -22.706250 -0.426228 71.102760
v -7.906939 2.908245 82.695550
v -8.364662 2.970885 83.314310
v -8.058066 -0.563529 81.437940
v -4.480820 -4.940407 77.615330
v -21.105720 3.626266 87.332700
v -5.849102 -3.390966 78.727060
v -6.693042 2.795801 83.118900
v -6.422515 -0.308919 82.291130
v -6.616086 -2.892799 80.085660
v -16.234150 -3.622082 70.540690
v -3.052547 11.223430 73.908230
v -7.220277 8.649219 76.400960
v -4.213009 9.779501 76.256000
v -7.446027 10.427800 73.775800
v -14.376480 10.721090 72.263500
v -17.721870 11.228940 71.278190
v -5.807920 5.736047 82.140950
v -7.363271 6.270285 81.268160
v -14.031850 6.595843 76.901820
v -8.316013 7.223755 79.359870
v -5.489362 8.189257 79.810340
v -11.795900 7.907789 76.464650
v -10.961980 6.624422 79.662590
v -14.485950 5.723066 80.946140
v -21.067730 10.147200 71.811810
v -7.363271 6.270285 81.268160
v -2.998855 9.635690 77.253170
v -4.644977 8.452398 78.432810
v -5.807920 5.736047 82.140950
v -5.489362 8.189257 79.810340
v -13.901790 11.428700 71.549970
v -11.500700 3.112260 73.310650
v -5.068670 -4.055852 76.212300
v -4.336701 -6.123139 73.809150
v -14.119780 10.147110 71.770390
v -7.370575 9.637952 73.238290
v -11.500700 3.112260 73.310650
v -17.715230 10.870480 70.558700
v -16.060610 -2.377170 70.930530
v -11.500700 3.112260 73.310650
v -9.170731 -4.186300 72.741230
v -3.759934 8.816463 75.892490
v -6.681326 2.659316 77.915680
v -25.263050 2.405223 72.109030
v -27.086910 5.421993 74.155900
v -19.691600 -1.883102 69.703480
v -21.153510 9.834961 71.106050
v -24.388750 8.047094 72.487360
v -22.679040 -0.009287 70.445920
v -27.086910 5.421993 74.155900
v -3.967445 -4.138730 77.061750
v -2.660123 8.719667 76.742270
v -2.639702 10.567940 73.394430
v -4.336701 -6.123139 73.809150
v -2.639702 10.567940 73.394430
v -13.511680 10.998830 70.951910
v -15.718600 -3.242565 69.996920
vt 0.977398 0.030515 0.000000
vt 0.822564 -0.052044 0.000000
vt 0.522575 -0.011536 0.000000
vt 0.666854 0.077841 0.000000
vt 1.131511 0.024917 0.000000
vt 0.965342 -0.057953 0.000000
vt -0.189090 -0.093629 0.000000
vt -0.232667 -0.109812 0.000000
vt -0.232667 -0.021808 0.000000
vt -0.189090 -0.021808 0.000000
vt 0.039322 -0.093629 0.000000
vt 0.038458 -0.109812 0.000000
vt -0.232667 -0.109812 0.000000
vt -0.189090 -0.093629 0.000000
vt 0.614925 -0.134601 0.000000
vt 0.614925 -0.154698 0.000000
vt 0.404972 -0.154698 0.000000
vt 0.466258 -0.134601 0.000000
vt 0.463801 -0.093629 0.000000
vt 0.405514 -0.109812 0.000000
vt 0.806214 -0.108572 0.000000
vt 0.808717 -0.128420 0.000000
vt 0.965342 -0.057953 0.000000
vt 0.991861 -0.072858 0.000000
vt 1.131511 0.024917 0.000000
vt 1.146184 0.004418 0.000000
vt 0.466258 -0.134601 0.000000
vt 0.404972 -0.154698 0.000000
vt 0.405514 -0.109812 0.000000
vt 0.463801 -0.093629 0.000000
vt -0.189090 -0.021808 0.000000
vt -0.232667 -0.021808 0.000000
vt -0.275379 0.018457 0.000000
vt -0.220323 0.018457 0.000000
vt 0.064189 0.248812 0.000000
vt 0.081997 0.234072 0.000000
vt 0.049292 0.094579 0.000000
vt 0.631542 0.178861 0.000000
vt 0.574761 0.126415 0.000000
vt 0.442534 0.148339 0.000000
vt 0.797014 0.830025 0.000000
vt 0.812562 0.822252 0.000000
vt 0.812562 0.892213 0.000000
vt 0.773694 0.837798 0.000000
vt 0.482256 0.250915 0.000000
vt 0.631932 0.263852 0.000000
vt 0.522575 -0.011536 0.000000
vt 0.822564 -0.052044 0.000000
vt 0.965342 -0.057953 0.000000
vt -0.189090 -0.093629 0.000000
vt -0.189090 -0.021808 0.000000
vt -0.232667 -0.021808 0.000000
vt -0.232667 -0.109812 0.000000
vt 0.039322 -0.093629 0.000000
vt -0.189090 -0.093629 0.000000
vt -0.232667 -0.109812 0.000000
vt 0.038458 -0.109812 0.000000
vt 0.614925 -0.134601 0.000000
vt 0.466258 -0.134601 0.000000
vt 0.404972 -0.154698 0.000000
vt 0.614925 -0.154698 0.000000
vt 0.463801 -0.093629 0.000000
vt 0.405514 -0.109812 0.000000
vt 0.806214 -0.108572 0.000000
vt 0.808717 -0.128420 0.000000
vt 0.965342 -0.057953 0.000000
vt 0.991861 -0.072858 0.000000
vt 1.146184 0.004418 0.000000
vt 1.131511 0.024917 0.000000
vt 0.466258 -0.134601 0.000000
vt 0.463801 -0.093629 0.000000
vt 0.405514 -0.109812 0.000000
vt 0.404972 -0.154698 0.000000
vt -0.189090 -0.021808 0.000000
vt -0.220323 0.018457 0.000000
vt -0.275379 0.018457 0.000000
vt -0.232667 -0.021808 0.000000
vt 0.442534 0.148339 0.000000
vt 0.631159 0.178350 0.000000
vt 0.797014 0.830025 0.000000
vt 0.773694 0.837798 0.000000
vt 0.812562 0.822252 0.000000
vt 0.482256 0.250915 0.000000
vt 0.631925 0.179372 0.000000
vt -0.189090 -0.021808 0.000000
vt 0.015959 0.003524 0.000000
vt -0.189090 -0.093629 0.000000
vt 0.039322 -0.093629 0.000000
vt 0.614925 -0.134601 0.000000
vt 0.463801 -0.093629 0.000000
vt -0.051173 0.157073 0.000000
vt -0.140192 0.175998 0.000000
vt -0.051924 0.234072 0.000000
vt -0.140192 0.234072 0.000000
vt 0.407297 0.065672 0.000000
vt 0.574449 0.104817 0.000000
vt -0.140192 0.089118 0.000000
vt 0.276639 0.031932 0.000000
vt -0.017777 0.248963 0.000000
vt 0.191461 0.120966 0.000000
vt 0.163934 0.234072 0.000000
vt 0.278711 0.256093 0.000000
vt 0.357455 0.184205 0.000000
vt 0.436675 0.305304 0.000000
vt 0.806214 -0.108572 0.000000
vt -0.051924 0.234072 0.000000
vt -0.017777 0.248963 0.000000
vt -0.051173 0.157073 0.000000
vt -0.220323 0.018457 0.000000
vt 0.631932 0.402267 0.000000
vt -0.159505 0.052656 0.000000
vt 0.680412 0.892213 0.000000
vt 0.703733 0.868892 0.000000
vt 0.750375 0.845573 0.000000
vt 0.466258 -0.134601 0.000000
vt -0.189090 -0.093629 0.000000
vt 0.015959 0.003524 0.000000
vt -0.189090 -0.021808 0.000000
vt 0.039322 -0.093629 0.000000
vt 0.463801 -0.093629 0.000000
vt 0.614925 -0.134601 0.000000
vt -0.140192 0.175998 0.000000
vt -0.051173 0.157073 0.000000
vt 0.407297 0.065672 0.000000
vt 0.049292 0.094579 0.000000
vt -0.140192 0.089118 0.000000
vt 0.276639 0.031932 0.000000
vt 0.191461 0.120966 0.000000
vt 0.357455 0.184205 0.000000
vt 0.806214 -0.108572 0.000000
vt -0.051173 0.157073 0.000000
vt -0.220323 0.018457 0.000000
vt -0.159505 0.052656 0.000000
vt 0.703733 0.868892 0.000000
vt 0.750375 0.845573 0.000000
vt 0.466258 -0.134601 0.000000
vt -0.264354 0.209838 0.000000
vt -0.183847 0.243228 0.000000
vt -0.159963 0.243270 0.000000
vt -0.184913 0.192129 0.000000
vt -0.177109 0.222862 0.000000
vt -0.264354 0.209838 0.000000
vt -0.183459 0.175339 0.000000
vt -0.184997 0.191751 0.000000
vt -0.264354 0.209838 0.000000
vt -0.177200 0.222687 0.000000
vt -0.183761 0.243266 0.000000
vt -0.264354 0.236886 0.000000
vt -0.228606 0.152058 0.000000
vt -0.264354 0.145786 0.000000
vt -0.183544 0.174852 0.000000
vt -0.201912 0.162782 0.000000
vt -0.228568 0.152699 0.000000
vt -0.201978 0.162211 0.000000
vt -0.264354 0.145786 0.000000
vt -0.183934 0.249027 0.000000
vt -0.183849 0.249027 0.000000
vt -0.159853 0.243308 0.000000
vt -0.159963 0.243270 0.000000
vt -0.159853 0.243308 0.000000
vt -0.174022 0.192915 0.000000
vt -0.174118 0.192543 0.000000
usemtl Material_3
f 203/203 204/204 205/205
f 205/205 206/206 203/203
f 204/204 203/203 207/207
f 207/207 208/208 204/204
f 209/209 210/210 211/211
f 211/211 212/212 209/209
f 213/213 214/214 215/215
f 215/215 216/216 213/213
f 217/217 218/218 219/219
f 219/219 220/220 217/217
f 221/221 222/222 214/214
f 214/214 213/213 221/221
f 223/223 224/224 218/218
f 218/218 217/217 223/223
f 225/225 226/226 224/224
f 224/224 223/223 225/225
f 226/226 225/225 227/227
f 227/227 228/228 226/226
f 229/229 230/230 231/231
f 231/231 232/232 229/229
f 233/233 234/234 235/235
f 235/235 236/236 233/233
f 237/237 238/238 239/239
f 240/240 241/241 242/242
f 243/243 244/244 245/245
f 245/245 246/246 243/243
f 247/247 248/248 240/240
f 240/240 242/242 247/247
f 203/203 206/206 249/249
f 249/249 250/250 203/203
f 250/250 251/251 207/207
f 207/207 203/203 250/250
f 252/252 253/253 254/254
f 254/254 255/255 252/252
f 256/256 257/257 258/258
f 258/258 259/259 256/256
f 260/260 261/261 262/262
f 262/262 263/263 260/260
f 264/264 256/256 259/259
f 259/259 265/265 264/264
f 266/266 260/260 263/263
f 263/263 267/267 266/266
f 268/268 266/266 267/267
f 267/267 269/269 268/268
f 269/269 270/270 271/271
f 271/271 268/268 269/269
f 272/272 273/273 274/274
f 274/274 275/275 272/272
f 276/276 277/277 278/278
f 278/278 279/279 276/276
f 280/280 241/241 281/281
f 282/282 283/283 245/245
f 245/245 284/284 282/282
f 285/285 286/286 248/248
f 285/285 280/280 286/286
f 287/287 288/288 289/289
f 290/290 289/289 288/288
f 204/204 291/291 292/292
f 293/293 294/294 295/295
f 296/296 295/295 294/294
f 297/297 298/298 205/205
f 206/206 205/205 298/298
f 288/288 299/299 239/239
f 293/293 239/239 299/299
f 300/300 292/292 288/288
f 290/290 288/288 292/292
f 237/237 239/239 301/301
f 293/293 301/301 239/239
f 288/288 239/239 300/300
f 302/302 300/300 239/239
f 303/303 304/304 302/302
f 305/305 302/302 304/304
f 298/298 297/297 241/241
f 242/242 241/241 297/297
f 306/306 247/247 304/304
f 305/305 304/304 247/247
f 239/239 238/238 302/302
f 303/303 302/302 238/238
f 300/300 205/205 292/292
f 208/208 307/307 204/204
f 204/204 307/307 291/291
f 294/294 293/293 299/299
f 308/308 309/309 310/310
f 287/287 311/311 288/288
f 312/312 247/247 306/306
f 242/242 300/300 302/302
f 312/312 248/248 247/247
f 247/247 242/242 305/305
f 242/242 297/297 300/300
f 300/300 297/297 205/205
f 311/311 313/313 288/288
f 299/299 288/288 313/313
f 245/245 314/314 315/315
f 245/245 315/315 316/316
f 245/245 316/316 246/246
f 317/317 292/292 291/291
f 305/305 242/242 302/302
f 205/205 204/204 292/292
f 318/318 319/319 320/320
f 319/319 318/318 321/321
f 322/322 323/323 250/250
f 295/295 324/324 325/325
f 324/324 295/295 296/296
f 249/249 298/298 326/326
f 298/298 249/249 206/206
f 327/327 328/328 319/319
f 328/328 327/327 325/325
f 319/319 322/322 329/329
f 322/322 319/319 321/321
f 301/301 327/327 237/237
f 327/327 301/301 325/325
f 329/329 327/327 319/319
f 327/327 329/329 330/330
f 330/330 304/304 303/303
f 304/304 330/330 331/331
f 241/241 326/326 298/298
f 326/326 241/241 280/280
f 304/304 285/285 306/306
f 285/285 304/304 331/331
f 330/330 238/238 327/327
f 238/238 330/330 303/303
f 322/322 249/249 329/329
f 250/250 332/332 251/251
f 323/323 332/332 250/250
f 328/328 325/325 324/324
f 333/333 309/309 308/308
f 319/319 334/334 320/320
f 306/306 285/285 312/312
f 330/330 329/329 280/280
f 285/285 248/248 312/312
f 331/331 280/280 285/285
f 329/329 326/326 280/280
f 249/249 326/326 329/329
f 319/319 335/335 334/334
f 335/335 319/319 328/328
f 336/336 314/314 245/245
f 337/337 336/336 245/245
f 283/283 337/337 245/245
f 323/323 322/322 338/338
f 330/330 280/280 331/331
f 322/322 250/250 249/249
f 339/339 340/340 341/341
f 342/342 343/343 344/344
f 345/345 342/342 344/344
f 346/346 347/347 348/348
f 349/349 350/350 339/339
f 351/351 352/352 347/347
f 346/346 353/353 347/347
f 354/354 345/345 344/344
f 355/355 354/354 344/344
f 353/353 356/356 347/347
f 356/356 351/351 347/347
f 357/357 355/355 344/344
f 358/358 340/340 350/350
f 359/359 350/350 349/349
f 350/350 340/340 339/339
f 360/360 349/349 339/339
f 348/348 347/347 361/361
f 343/343 362/362 344/344
f 363/363 342/342 345/345
f 364/364 353/353 346/346
f 237/237 327/327 238/238

g zuoceUV
v 24.142000 4.985442 74.347050
v 18.067790 4.031805 75.410130
v 17.268410 -0.073642 73.884790
v 22.570050 1.378430 72.420230
v 25.150680 1.996086 72.749050
v 26.941640 5.345568 74.981320
v 4.869831 -6.657390 74.359570
v 5.703850 -4.890600 76.627570
v 5.068241 -4.058350 76.219460
v 4.336274 -6.125637 73.816290
v 9.450062 -4.971481 73.235490
v 4.869831 -6.657390 74.359570
v 4.336274 -6.125637 73.816290
v 9.169561 -4.186731 72.754590
v 19.820130 -2.317866 70.382360
v 16.232840 -3.620274 70.553410
v 15.717300 -3.240750 70.009630
v 19.690280 -1.881289 69.716200
v 16.488500 -2.914510 71.361720
v 16.059290 -2.375358 70.943260
v 22.704930 -0.424418 71.115490
v 22.677720 -0.007474 70.458640
v 25.150680 1.996086 72.749050
v 25.261710 2.407056 72.121770
v 27.085570 5.423781 74.168650
v 26.941640 5.345568 74.981320
v 16.232840 -3.620274 70.553410
v 16.488500 -2.914510 71.361720
v 16.059290 -2.375358 70.943260
v 15.717300 -3.240750 70.009630
v 5.703850 -4.890600 76.627570
v 4.480390 -4.942911 77.622480
v 3.967015 -4.141231 77.068910
v 5.068241 -4.058350 76.219460
v 9.965870 3.108100 82.429430
v 9.743173 2.571292 81.814150
v 8.314789 7.223307 79.373250
v 16.516680 0.977467 78.986570
v 16.540860 3.635446 77.897120
v 18.722120 3.862245 79.150180
v 4.480390 -4.942911 77.622480
v 5.848665 -3.393468 78.734210
v 6.680856 2.656818 77.922860
v 3.967015 -4.141231 77.068910
v 17.721030 1.949860 82.440850
v 18.722120 3.862245 79.150180
v 19.998460 3.829818 82.225690
v 21.509190 8.224059 72.879300
v 16.031990 7.904874 74.419850
v 24.170600 8.320517 73.173170
v 3.052028 11.220930 73.915430
v 2.639187 10.565440 73.401630
v 3.759428 8.813960 75.899670
v 4.212501 9.776997 76.263200
v 7.444790 10.427360 73.789210
v 7.369340 9.637513 73.251680
v 2.639187 10.565440 73.401630
v 3.052028 11.220930 73.915430
v 17.720510 11.230750 71.290990
v 17.713870 10.872290 70.571490
v 13.510320 11.000650 70.964710
v 13.900430 11.430510 71.562760
v 14.375130 10.722890 72.276300
v 14.118420 10.148920 71.783180
v 21.066380 10.149000 71.824590
v 21.152160 9.836771 71.118840
v 24.170600 8.320517 73.173170
v 24.387400 8.048904 72.500140
v 26.941640 5.345568 74.981320
v 27.085570 5.423781 74.168650
v 13.900430 11.430510 71.562760
v 13.510320 11.000650 70.964710
v 14.118420 10.148920 71.783180
v 14.375130 10.722890 72.276300
v 4.212501 9.776997 76.263200
v 3.759428 8.813960 75.899670
v 2.659619 8.717159 76.749460
v 2.998344 9.633183 77.260370
v 18.722120 3.862245 79.150180
v 15.738960 5.996027 79.323140
v 2.998344 9.633183 77.260370
v 2.659619 8.717159 76.749460
v 4.644471 8.449894 78.439990
v 17.257790 4.939113 82.641320
v 5.703850 -4.890600 76.627570
v 4.869831 -6.657390 74.359570
v 8.801793 -3.505438 75.977300
v 9.450062 -4.971481 73.235490
v 16.488500 -2.914510 71.361720
v 19.820130 -2.317866 70.382360
v 8.057616 -0.566026 81.445120
v 7.906709 2.914592 82.701470
v 6.422060 -0.311424 82.298300
v 6.692570 2.793297 83.126060
v 15.012990 0.257744 76.489410
v 16.111560 3.664682 76.601360
v 9.526910 -2.084797 79.038540
v 6.615643 -2.895301 80.092820
v 13.261180 -1.554437 75.842740
v 8.364189 2.968424 83.321470
v 12.144560 -1.013544 79.163000
v 11.504990 2.641628 81.653760
v 13.914220 2.941076 82.347890
v 15.270110 0.656094 80.618980
v 17.115250 3.283111 84.060300
v 22.704930 -0.424418 71.115490
v 7.906709 2.914592 82.701470
v 8.057616 -0.566026 81.445120
v 8.364189 2.968424 83.321470
v 4.480390 -4.942911 77.622480
v 21.104370 3.628067 87.345450
v 5.848665 -3.393468 78.734210
v 6.422060 -0.311424 82.298300
v 6.692570 2.793297 83.126060
v 6.615643 -2.895301 80.092820
v 16.232840 -3.620274 70.553410
v 3.052028 11.220930 73.915430
v 4.212501 9.776997 76.263200
v 7.219049 8.648773 76.414350
v 7.444790 10.427360 73.789210
v 14.375130 10.722890 72.276300
v 17.720510 11.230750 71.290990
v 7.362780 6.267781 81.275340
v 5.807432 5.733520 82.148120
v 14.030510 6.597636 76.914600
v 5.488860 8.186752 79.817510
v 11.794550 7.909594 76.477440
v 10.960630 6.626218 79.675360
v 14.484610 5.724852 80.958920
v 21.066380 10.149000 71.824590
v 7.362780 6.267781 81.275340
v 2.998344 9.633183 77.260370
v 4.644471 8.449894 78.439990
v 5.807432 5.733520 82.148120
v 5.488860 8.186752 79.817510
v 13.900430 11.430510 71.562760
v 11.366290 3.274680 73.608730
v 4.336274 -6.125637 73.816290
v 5.068241 -4.058350 76.219460
v 14.118420 10.148920 71.783180
v 11.366290 3.274680 73.608730
v 7.369340 9.637513 73.251680
v 17.713870 10.872290 70.571490
v 16.059290 -2.375358 70.943260
v 9.169561 -4.186731 72.754590
v 11.366290 3.274680 73.608730
v 3.759428 8.813960 75.899670
v 6.680856 2.656818 77.922860
v 25.261710 2.407056 72.121770
v 27.085570 5.423781 74.168650
v 19.690280 -1.881289 69.716200
v 21.152160 9.836771 71.118840
v 24.387400 8.048904 72.500140
v 22.677720 -0.007474 70.458640
v 27.085570 5.423781 74.168650
v 3.967015 -4.141231 77.068910
v 2.659619 8.717159 76.749460
v 2.639187 10.565440 73.401630
v 4.336274 -6.125637 73.816290
v 2.639187 10.565440 73.401630
v 13.510320 11.000650 70.964710
v 15.717300 -3.240750 70.009630
vt 0.853806 0.055141 0.000000
vt 0.599441 0.093905 0.000000
vt 0.481263 0.020697 0.000000
vt 0.726982 -0.012483 0.000000
vt 0.843931 -0.017323 0.000000
vt 0.980040 0.050556 0.000000
vt -0.101659 -0.046545 0.000000
vt -0.101659 0.012283 0.000000
vt -0.137353 0.012283 0.000000
vt -0.137353 -0.059800 0.000000
vt 0.085432 -0.046545 0.000000
vt -0.101659 -0.046545 0.000000
vt -0.137353 -0.059800 0.000000
vt 0.084725 -0.059800 0.000000
vt 0.556906 -0.080105 0.000000
vt 0.435134 -0.080105 0.000000
vt 0.384935 -0.096567 0.000000
vt 0.556906 -0.096567 0.000000
vt 0.433121 -0.046545 0.000000
vt 0.385378 -0.059800 0.000000
vt 0.713590 -0.058785 0.000000
vt 0.715641 -0.075042 0.000000
vt 0.843931 -0.017323 0.000000
vt 0.865653 -0.029531 0.000000
vt 0.992058 0.033765 0.000000
vt 0.980040 0.050556 0.000000
vt 0.435134 -0.080105 0.000000
vt 0.433121 -0.046545 0.000000
vt 0.385378 -0.059800 0.000000
vt 0.384935 -0.096567 0.000000
vt -0.101659 0.012283 0.000000
vt -0.127242 0.045265 0.000000
vt -0.172338 0.045265 0.000000
vt -0.137353 0.012283 0.000000
vt 0.105801 0.233947 0.000000
vt 0.120387 0.221873 0.000000
vt 0.093598 0.107615 0.000000
vt 0.415701 0.151650 0.000000
vt 0.524008 0.133692 0.000000
vt 0.570203 0.176232 0.000000
vt 0.706055 0.710016 0.000000
vt 0.686953 0.716383 0.000000
vt 0.718790 0.760954 0.000000
vt 0.718790 0.703649 0.000000
vt 0.448237 0.235670 0.000000
vt 0.570831 0.177069 0.000000
vt 0.570836 0.246266 0.000000
vt 0.726982 -0.012483 0.000000
vt 0.481263 0.020697 0.000000
vt 0.843931 -0.017323 0.000000
vt -0.101659 -0.046545 0.000000
vt -0.137353 -0.059800 0.000000
vt -0.137353 0.012283 0.000000
vt -0.101659 0.012283 0.000000
vt 0.085432 -0.046545 0.000000
vt 0.084725 -0.059800 0.000000
vt -0.137353 -0.059800 0.000000
vt -0.101659 -0.046545 0.000000
vt 0.556906 -0.080105 0.000000
vt 0.556906 -0.096567 0.000000
vt 0.384935 -0.096567 0.000000
vt 0.435134 -0.080105 0.000000
vt 0.433121 -0.046545 0.000000
vt 0.385378 -0.059800 0.000000
vt 0.713590 -0.058785 0.000000
vt 0.715641 -0.075042 0.000000
vt 0.843931 -0.017323 0.000000
vt 0.865653 -0.029531 0.000000
vt 0.980040 0.050556 0.000000
vt 0.992058 0.033765 0.000000
vt 0.435134 -0.080105 0.000000
vt 0.384935 -0.096567 0.000000
vt 0.385378 -0.059800 0.000000
vt 0.433121 -0.046545 0.000000
vt -0.101659 0.012283 0.000000
vt -0.137353 0.012283 0.000000
vt -0.172338 0.045265 0.000000
vt -0.127242 0.045265 0.000000
vt 0.570517 0.176650 0.000000
vt 0.415701 0.151650 0.000000
vt 0.706055 0.710016 0.000000
vt 0.718790 0.703649 0.000000
vt 0.686953 0.716383 0.000000
vt 0.448237 0.235670 0.000000
vt -0.101659 0.012283 0.000000
vt -0.101659 -0.046545 0.000000
vt 0.066296 0.033033 0.000000
vt 0.085432 -0.046545 0.000000
vt 0.433121 -0.046545 0.000000
vt 0.556906 -0.080105 0.000000
vt 0.011308 0.158804 0.000000
vt 0.010693 0.221873 0.000000
vt -0.061607 0.174305 0.000000
vt -0.061607 0.221873 0.000000
vt 0.386839 0.083938 0.000000
vt 0.523752 0.116002 0.000000
vt 0.093598 0.107615 0.000000
vt -0.061607 0.103143 0.000000
vt 0.279818 0.056301 0.000000
vt 0.038662 0.234071 0.000000
vt 0.210049 0.129229 0.000000
vt 0.187501 0.221873 0.000000
vt 0.281515 0.239911 0.000000
vt 0.346014 0.181027 0.000000
vt 0.410902 0.280219 0.000000
vt 0.713590 -0.058785 0.000000
vt 0.010693 0.221873 0.000000
vt 0.011308 0.158804 0.000000
vt 0.038662 0.234071 0.000000
vt -0.127242 0.045265 0.000000
vt 0.570836 0.359641 0.000000
vt -0.077426 0.073276 0.000000
vt 0.629648 0.741852 0.000000
vt 0.610546 0.760954 0.000000
vt 0.667852 0.722751 0.000000
vt 0.435134 -0.080105 0.000000
vt -0.101659 -0.046545 0.000000
vt -0.101659 0.012283 0.000000
vt 0.066296 0.033033 0.000000
vt 0.085432 -0.046545 0.000000
vt 0.433121 -0.046545 0.000000
vt 0.556906 -0.080105 0.000000
vt 0.011308 0.158804 0.000000
vt -0.061607 0.174305 0.000000
vt 0.386839 0.083938 0.000000
vt -0.061607 0.103143 0.000000
vt 0.279818 0.056301 0.000000
vt 0.210049 0.129229 0.000000
vt 0.346014 0.181027 0.000000
vt 0.713590 -0.058785 0.000000
vt 0.011308 0.158804 0.000000
vt -0.127242 0.045265 0.000000
vt -0.077426 0.073276 0.000000
vt 0.629648 0.741852 0.000000
vt 0.667852 0.722751 0.000000
vt 0.435134 -0.080105 0.000000
vt -0.163308 0.202023 0.000000
vt -0.077801 0.229407 0.000000
vt -0.097364 0.229373 0.000000
vt -0.098238 0.187518 0.000000
vt -0.163308 0.202023 0.000000
vt -0.091845 0.212692 0.000000
vt -0.097046 0.173766 0.000000
vt -0.098306 0.187208 0.000000
vt -0.091920 0.212548 0.000000
vt -0.163308 0.202023 0.000000
vt -0.097294 0.229404 0.000000
vt -0.163308 0.224178 0.000000
vt -0.134026 0.154696 0.000000
vt -0.163308 0.149558 0.000000
vt -0.097117 0.173366 0.000000
vt -0.112161 0.163480 0.000000
vt -0.133995 0.155221 0.000000
vt -0.112215 0.163013 0.000000
vt -0.163308 0.149558 0.000000
vt -0.097436 0.234123 0.000000
vt -0.097366 0.234123 0.000000
vt -0.077711 0.229438 0.000000
vt -0.077801 0.229407 0.000000
vt -0.077711 0.229438 0.000000
vt -0.089317 0.188162 0.000000
vt -0.089395 0.187857 0.000000
usemtl Material_3
f 365/365 366/366 367/367
f 367/367 368/368 365/365
f 368/368 369/369 370/370
f 370/370 365/365 368/368
f 371/371 372/372 373/373
f 373/373 374/374 371/371
f 375/375 376/376 377/377
f 377/377 378/378 375/375
f 379/379 380/380 381/381
f 381/381 382/382 379/379
f 383/383 375/375 378/378
f 378/378 384/384 383/383
f 385/385 379/379 382/382
f 382/382 386/386 385/385
f 387/387 385/385 386/386
f 386/386 388/388 387/387
f 388/388 389/389 390/390
f 390/390 387/387 388/388
f 391/391 392/392 393/393
f 393/393 394/394 391/391
f 395/395 396/396 397/397
f 397/397 398/398 395/395
f 399/399 400/400 401/401
f 402/402 403/403 404/404
f 405/405 406/406 407/407
f 407/407 408/408 405/405
f 409/409 410/410 411/411
f 410/410 409/409 402/402
f 365/365 412/412 413/413
f 413/413 366/366 365/365
f 412/412 365/365 370/370
f 370/370 414/414 412/412
f 415/415 416/416 417/417
f 417/417 418/418 415/415
f 419/419 420/420 421/421
f 421/421 422/422 419/419
f 423/423 424/424 425/425
f 425/425 426/426 423/423
f 427/427 428/428 420/420
f 420/420 419/419 427/427
f 429/429 430/430 424/424
f 424/424 423/423 429/429
f 431/431 432/432 430/430
f 430/430 429/429 431/431
f 432/432 431/431 433/433
f 433/433 434/434 432/432
f 435/435 436/436 437/437
f 437/437 438/438 435/435
f 439/439 440/440 441/441
f 441/441 442/442 439/439
f 443/443 403/403 444/444
f 445/445 446/446 407/407
f 407/407 447/447 445/445
f 448/448 411/411 443/443
f 448/448 443/443 444/444
f 449/449 450/450 451/451
f 452/452 451/451 450/450
f 368/368 453/453 454/454
f 455/455 456/456 457/457
f 458/458 457/457 456/456
f 459/459 367/367 460/460
f 366/366 460/460 367/367
f 451/451 461/461 462/462
f 455/455 462/462 461/461
f 463/463 451/451 453/453
f 452/452 453/453 451/451
f 399/399 464/464 461/461
f 455/455 461/461 464/464
f 451/451 463/463 461/461
f 465/465 461/461 463/463
f 466/466 465/465 467/467
f 468/468 467/467 465/465
f 460/460 403/403 459/459
f 402/402 459/459 403/403
f 469/469 467/467 409/409
f 468/468 409/409 467/467
f 461/461 465/465 400/400
f 466/466 400/400 465/465
f 463/463 453/453 367/367
f 369/369 368/368 470/470
f 368/368 454/454 470/470
f 457/457 462/462 455/455
f 471/471 472/472 473/473
f 449/449 451/451 474/474
f 475/475 469/469 409/409
f 402/402 465/465 463/463
f 475/475 409/409 411/411
f 409/409 468/468 402/402
f 402/402 463/463 459/459
f 463/463 367/367 459/459
f 474/474 451/451 476/476
f 462/462 476/476 451/451
f 407/407 477/477 478/478
f 407/407 479/479 477/477
f 407/407 406/406 479/479
f 480/480 454/454 453/453
f 468/468 465/465 402/402
f 367/367 453/453 368/368
f 481/481 482/482 483/483
f 483/483 484/484 481/481
f 485/485 412/412 486/486
f 456/456 487/487 488/488
f 488/488 458/458 456/456
f 413/413 489/489 460/460
f 460/460 366/366 413/413
f 401/401 483/483 490/490
f 490/490 487/487 401/401
f 483/483 491/491 485/485
f 485/485 484/484 483/483
f 464/464 399/399 401/401
f 401/401 487/487 464/464
f 491/491 483/483 401/401
f 401/401 492/492 491/491
f 492/492 466/466 467/467
f 467/467 493/493 492/492
f 403/403 460/460 489/489
f 489/489 444/444 403/403
f 467/467 469/469 448/448
f 448/448 493/493 467/467
f 492/492 401/401 400/400
f 400/400 466/466 492/492
f 485/485 491/491 413/413
f 412/412 414/414 494/494
f 486/486 412/412 494/494
f 490/490 488/488 487/487
f 495/495 471/471 473/473
f 483/483 482/482 496/496
f 469/469 475/475 448/448
f 492/492 444/444 491/491
f 448/448 475/475 411/411
f 493/493 448/448 444/444
f 491/491 444/444 489/489
f 413/413 491/491 489/489
f 483/483 496/496 497/497
f 497/497 490/490 483/483
f 498/498 407/407 478/478
f 499/499 407/407 498/498
f 447/447 407/407 499/499
f 486/486 500/500 485/485
f 492/492 493/493 444/444
f 485/485 413/413 412/412
f 501/501 502/502 503/503
f 504/504 505/505 506/506
f 507/507 505/505 504/504
f 508/508 509/509 510/510
f 511/511 501/501 512/512
f 513/513 510/510 514/514
f 508/508 510/510 515/515
f 516/516 505/505 507/507
f 517/517 505/505 516/516
f 515/515 510/510 518/518
f 518/518 510/510 513/513
f 519/519 505/505 517/517
f 520/520 512/512 503/503
f 521/521 511/511 512/512
f 512/512 501/501 503/503
f 522/522 501/501 511/511
f 509/509 523/523 510/510
f 506/506 505/505 524/524
f 525/525 507/507 504/504
f 526/526 508/508 515/515
f 399/399 461/461 400/400

g common_dress_male_85491
v 18.941430 1.762597 50.192680
v 17.560860 1.653277 49.682450
v 17.842710 1.397661 48.734950
v 19.204940 1.581839 49.259380
v 19.306670 5.351578 49.977030
v 19.746730 3.615139 50.232270
v 20.080900 3.566054 49.484730
v 19.688100 5.238451 49.161600
v 17.575280 3.552585 48.369310
v 17.194050 3.617342 49.190910
v 17.810130 5.489117 49.464240
v 18.409830 5.421952 48.578960
v 17.575280 3.552585 48.369310
v 17.194050 3.617342 49.190910
v 19.306670 5.351578 49.977030
v 19.688100 5.238451 49.161600
v 18.409830 5.421952 48.578960
v 17.810130 5.489117 49.464240
v 21.389380 5.557872 45.591140
v 20.132390 5.614298 44.876770
v 21.204300 1.017311 45.587340
v 22.108280 3.309387 45.470210
v 17.189820 1.302199 46.900900
v 17.465390 0.667757 45.265670
v 18.792010 -0.221997 45.434820
v 18.443870 0.379213 47.161350
v 19.033730 0.144435 43.633930
v 19.752290 1.209360 43.930770
v 19.811360 1.023945 44.982130
v 17.945330 0.775757 43.651170
v 17.465390 0.667757 45.265670
v 19.811360 1.023945 44.982130
v 19.752290 1.209360 43.930770
v 19.314550 1.061085 41.728400
v 19.735480 1.711688 42.402340
v 19.735480 1.711688 42.402340
v 18.437080 1.336424 41.907150
v 20.225690 5.297592 42.893980
v 21.219050 5.174338 42.649570
v 21.875730 2.890210 42.574990
v 19.209570 4.287312 40.699510
v 19.906440 4.188923 40.324070
v 20.188750 2.429019 39.751530
v 20.007310 0.740953 42.938100
v 21.059160 0.772465 42.760510
v 19.295080 0.547199 40.218690
v 19.900680 0.620003 39.924940
v 19.295080 0.547199 40.218690
v 20.007310 0.740953 42.938100
v 19.209570 4.287312 40.699510
v 19.906440 4.188923 40.324070
v 20.188750 2.429019 39.751530
v 19.295080 0.547199 40.218690
v 17.945330 0.775757 43.651170
v 18.437080 1.336424 41.907150
v 5.083386 -4.780477 69.659270
v 4.117332 -5.233217 67.360500
v 8.656005 0.009196 67.915620
v 8.077736 -1.339165 69.306690
v 4.165415 -3.017835 74.070130
v 7.263510 -0.053755 73.455730
v 4.495743 2.919392 76.330590
v 2.345507 0.859008 75.621860
v 4.059522 4.544133 61.639760
v 6.634352 0.530592 62.111390
v 6.373429 0.020807 60.186330
v 3.574895 3.736577 59.889080
v -0.064282 4.391884 59.524850
v -0.064282 4.887390 61.306880
v 3.874036 4.510045 56.156610
v -0.064282 5.629813 56.132130
v 4.258801 -4.633511 63.676710
v 4.101017 -4.579365 60.181320
v 2.693277 2.922023 81.917850
v 2.555691 2.219938 80.012990
v 1.659489 3.589480 80.489500
v 1.774631 4.066185 82.261770
v -0.064298 4.565437 82.570370
v -0.064296 4.364483 80.699040
v 7.139065 2.680908 74.653270
v 6.939944 4.873192 74.151630
v 4.142522 5.237891 75.312760
v 4.495743 2.919392 76.330590
v -0.064301 6.644938 75.052570
v -0.064297 5.648691 78.094570
v 1.954155 4.601773 77.733610
v 7.263510 -0.053755 73.455730
v 9.586065 0.304014 72.952250
v 9.761080 2.652684 74.107350
v 7.139065 2.680908 74.653270
v 6.939944 4.873192 74.151630
v 9.268230 4.941446 73.843500
v 8.700321 6.703028 72.377660
v 7.051195 6.491554 72.470670
v 7.616794 -1.229707 71.300350
v 9.440888 -0.599757 71.051410
v 2.799576 2.875070 77.210980
v 1.954155 4.601773 77.733610
v -0.064297 5.648691 78.094570
v 4.787159 -5.284424 56.063980
v 6.798391 0.095106 56.005670
v -0.064281 -6.211130 60.007930
v -0.064281 -6.763453 55.959130
v 12.466560 1.505362 68.004300
v 13.514670 4.048804 68.002320
v 13.248450 3.601097 70.515370
v 12.422570 0.999264 69.837360
v 11.928340 2.973920 72.932360
v 11.353160 0.602427 72.022510
v 12.201670 5.673845 70.809920
v 11.149550 5.190295 72.866330
v 9.970963 0.857027 67.559210
v 9.720749 -0.320306 69.084770
v 2.055857 0.301651 78.828580
v -0.064275 -0.835200 77.657810
v -0.064277 -0.022319 75.118060
v 9.955865 7.680022 64.276740
v 12.038870 7.321580 61.185390
v 11.526740 4.655019 60.267550
v 10.135960 4.295534 63.084760
v 14.292370 7.703171 62.311990
v 15.077730 7.931318 61.156590
v 12.622820 7.601653 60.006580
v 8.648434 2.840632 66.911310
v 10.135960 4.295534 63.084760
v 11.175290 1.539024 63.611780
v 12.527720 4.360451 56.362840
v 13.525140 2.251557 57.294850
v 12.519320 2.838230 60.152350
v 11.526740 4.655019 60.267550
v 16.587340 2.315121 58.639100
v 15.305380 3.046804 61.219730
v 12.200130 2.445796 61.059330
v 8.648434 2.840632 66.911310
v 8.867859 6.812539 67.355360
v 16.680080 7.718358 58.105540
v 13.849200 7.467641 56.832120
v 12.363550 7.827851 65.449440
v 11.735070 6.722427 68.553950
v 13.541710 1.706403 64.845900
v 14.653030 2.378143 62.222150
v -0.064307 7.344870 67.161630
v 4.720977 7.204278 67.958500
v 4.461094 5.745796 64.044900
v -0.064292 6.072844 63.744900
v 7.902987 1.247019 64.821760
v 8.656005 0.009196 67.915620
v 8.077736 -1.339165 69.306690
v 1.983217 -3.872335 75.641660
v -0.064262 -4.087277 76.812400
v -0.064257 -5.642580 74.825030
v 1.497721 -5.044715 74.222180
v -0.064269 -2.463500 74.504680
v 4.165415 -3.017835 74.070130
v 3.705462 5.439603 77.670910
v -0.064302 7.111912 77.908710
v -0.064302 6.766107 80.043120
v 3.690409 5.090047 79.876030
v 4.031857 -0.952983 76.186280
v 4.007837 -1.366889 78.938290
v 1.256274 -3.079215 77.923180
v 1.256576 -2.597091 75.449130
v 4.679196 2.707243 77.131670
v 4.658353 2.722645 79.627560
v 4.007837 -1.366889 78.938290
v 4.658353 2.722645 79.627560
v 4.017469 2.630229 79.861580
v 3.591701 -1.116168 79.244710
v 3.258453 4.718501 80.022870
v 3.690409 5.090047 79.876030
v -0.064299 6.201651 80.159320
v -0.064302 6.766107 80.043120
v 1.256274 -3.079215 77.923180
v 0.918237 -2.764541 78.199860
v 1.256576 -2.597091 75.449130
v 1.256274 -3.079215 77.923180
v 0.918237 -2.764541 78.199860
v 0.827070 -2.042756 75.443160
v 3.591701 -1.116168 79.244710
v 4.017469 2.630229 79.861580
v 3.693182 2.718889 77.078340
v 3.249739 -0.472397 75.995120
v 2.733378 4.635846 77.579240
v 3.258453 4.718501 80.022870
v -0.064297 5.666580 77.947820
v -0.064299 6.201651 80.159320
v 0.918237 -2.764541 78.199860
v 0.827070 -2.042756 75.443160
v 11.315170 3.098639 5.972582
v 11.986490 -0.090772 3.902763
v 12.431520 0.951501 1.628514
v 11.842900 4.702012 2.917094
v 6.196781 2.412868 5.659033
v 5.714956 3.698290 2.606612
v 6.434822 0.060907 1.279839
v 7.149966 -0.841357 3.620682
v 9.611547 -1.234669 5.145675
v 8.946684 2.158389 7.211068
v 8.946684 2.158389 7.211068
v 9.611547 -1.234669 5.145675
v 11.842900 4.702012 2.917094
v 12.431520 0.951501 1.628514
v 9.570374 -0.128253 1.320982
v 8.744793 4.474255 2.823235
v 5.714956 3.698290 2.606612
v 6.434822 0.060907 1.279839
v 8.807055 2.983960 5.678359
v 9.271073 1.075887 4.146092
v 11.147290 2.551867 3.011286
v 10.180090 5.275770 5.162970
v 7.163692 -1.185751 1.702083
v 6.595201 -0.913718 -0.065935
v 8.141367 -4.812062 -0.065923
v 8.443756 -4.293363 1.224787
v 12.498160 -0.501396 1.988810
v 9.659454 -1.203624 2.961228
v 13.212860 -0.146838 -0.065238
v 11.134120 5.567513 -0.065256
v 11.134120 5.567513 -0.065256
v 13.212860 -0.146838 -0.065238
v 6.595201 -0.913718 -0.065935
v 6.225239 4.844937 -0.065944
v 6.257843 8.168126 -0.065807
v 10.024570 8.733339 -0.065349
v 10.024570 8.733339 -0.065349
v 9.102751 7.962899 5.287438
v 6.257843 8.168126 -0.065807
v 6.225239 4.844937 -0.065944
v 6.558900 5.170046 4.874501
v 7.457418 7.865080 5.164018
v 6.868553 2.063968 3.028303
v 12.242640 -3.594085 1.200356
v 12.736640 -3.897501 -0.065230
v 12.736640 -3.897501 -0.065230
v 8.141367 -4.812062 -0.065923
v 10.403070 -4.132652 1.646866
v 8.971027 7.288056 14.850990
v 7.045667 7.314629 14.715030
v 5.076408 8.497353 23.692820
v 9.656467 8.327230 24.027910
v 8.807055 2.983960 5.678359
v 10.180090 5.275770 5.162970
v 10.542260 4.429615 14.299060
v 8.052680 1.826692 13.965910
v 5.255723 4.288520 13.806830
v 6.558900 5.170046 4.874501
v 9.102751 7.962899 5.287438
v 8.971027 7.288056 14.850990
v 7.457418 7.865080 5.164018
v 10.604030 2.547379 26.707150
v 11.549590 3.324188 22.774620
v 9.656467 8.327230 24.027910
v 9.170720 7.085629 27.876020
v 4.441587 7.311612 29.113820
v 4.644309 6.409913 30.160120
v 8.501105 6.134966 30.403390
v 8.969133 7.025474 29.410220
v 4.631527 7.346051 27.571050
v 3.102561 3.289134 21.956070
v 3.379491 2.773556 25.848940
v 9.102751 7.962899 5.287438
v 2.818526 2.604894 27.491240
v 6.867044 -1.768329 27.418040
v 6.748657 -1.806146 28.761720
v 3.334488 2.427440 28.824660
v 7.368155 -0.055677 22.085790
v 10.058810 2.038197 29.395800
v 10.820420 2.264406 28.194560
v 8.969133 7.025474 29.410220
v 8.501105 6.134966 30.403390
v 9.170720 7.085629 27.876020
v 3.260588 -4.441220 56.122150
v 3.990286 -4.938408 53.094940
v 6.619018 -0.584146 53.021690
v 5.708798 -0.588813 56.261450
v 7.987889 4.417292 32.825930
v 7.564283 4.716514 39.110950
v 9.886568 0.749853 37.804910
v 9.167667 1.786308 30.549580
v 3.818463 5.173618 38.962960
v 1.968373 0.018091 38.735460
v 1.695030 -0.404404 41.769710
v 3.460129 4.395288 43.062010
v 3.366024 2.963041 56.398290
v 4.315199 4.003224 52.908290
v 4.396035 -5.127198 50.401030
v 7.247592 -0.409441 50.139450
v 2.768171 0.704323 34.047620
v 4.914827 4.759100 32.648700
v 3.428092 -4.562936 40.213520
v 4.407001 -3.262726 35.109220
v 8.213784 -2.971386 35.625130
v 6.863966 -4.678615 42.239260
v 5.237823 -1.369751 30.779960
v 7.963659 -1.234835 31.025310
v 2.737594 -5.174835 44.484010
v 1.695030 -0.404404 41.769710
v 1.968373 0.018091 38.735460
v 8.279620 4.585641 30.193830
v 5.577873 4.990691 29.949380
v -0.064281 -1.004938 45.995340
v 0.342865 -1.049597 45.940290
v 0.967217 -4.535012 47.347830
v -0.064281 -5.394757 47.754830
v -0.064281 -5.554988 52.443190
v -0.064281 -5.171171 56.024370
v 5.901443 -5.222320 46.240100
v 8.941957 -0.089585 45.147590
v 5.455726 -1.114234 29.656620
v 8.031725 -1.037490 29.935920
v 6.359509 4.078104 44.348210
v 0.342865 -1.049597 45.940290
v 2.195678 3.372464 46.009750
v 9.456011 2.147416 27.959280
v 8.567966 4.946754 27.603530
v 5.866215 5.351808 27.359080
v 4.150297 1.602650 30.092110
v 4.439963 1.962501 27.492580
v 19.097990 4.630411 56.498280
v 17.127090 1.437057 59.299210
v 16.802240 1.678166 58.565650
v 18.939020 4.506821 55.748440
v 14.437270 0.867292 60.166010
v 14.762430 0.937477 61.405300
v 13.092750 0.532473 61.907110
v 12.657420 0.273661 60.472780
v 16.991970 1.575236 60.436210
v 18.821030 4.819525 57.771670
v 14.458160 1.225876 59.542950
v 12.595040 0.830502 59.799700
v 13.092750 0.532473 61.907110
v 14.762430 0.937477 61.405300
v 14.458160 1.225876 59.542950
v 12.595040 0.830502 59.799700
v 19.570720 0.805506 51.081820
v 16.749440 0.750547 50.145090
v 17.429830 1.262106 48.944630
v 19.550500 1.366937 49.290860
v 16.221300 1.439875 51.397870
v 18.722080 1.445046 52.211550
v 21.491140 4.024712 52.443810
v 20.163160 4.222310 54.025960
v 15.394740 3.591307 51.156190
v 15.220560 3.330414 49.512600
v 16.685960 3.290889 48.715660
v 16.813330 8.212451 57.287070
v 16.858040 8.795877 58.034420
v 14.108270 9.036960 59.084380
v 12.287200 9.499670 59.237270
v 12.723820 9.724536 60.676930
v 14.423330 9.373121 60.281970
v 16.701770 8.798041 59.472860
v 14.162880 8.507705 58.600510
v 12.274030 8.760764 58.767320
v 12.723820 9.724536 60.676930
v 12.274030 8.760764 58.767320
v 14.162880 8.507705 58.600510
v 14.423330 9.373121 60.281970
v 19.908760 6.735228 50.245490
v 20.083910 5.563166 48.765950
v 17.320920 5.645897 48.367010
v 16.515000 6.727503 49.287190
v 18.825700 6.428567 51.806190
v -19.070000 1.762563 50.192700
v -19.333520 1.581806 49.259380
v -17.971290 1.397627 48.734950
v -17.689440 1.653240 49.682460
v -19.435250 5.351545 49.977020
v -19.816680 5.238418 49.161600
v -20.209480 3.566020 49.484730
v -19.875310 3.615107 50.232260
v -17.703860 3.552550 48.369310
v -17.322620 3.617308 49.190920
v -17.938710 5.489080 49.464240
v -17.322620 3.617308 49.190920
v -17.703860 3.552550 48.369310
v -18.538410 5.421920 48.578960
v -19.435250 5.351545 49.977020
v -17.938710 5.489080 49.464240
v -18.538410 5.421920 48.578960
v -19.816680 5.238418 49.161600
v -21.517960 5.557834 45.591130
v -20.260970 5.614258 44.876770
v -21.332870 1.017270 45.587340
v -22.236850 3.309349 45.470210
v -17.318400 1.302167 46.900920
v -18.572440 0.379178 47.161350
v -18.920590 -0.222029 45.434820
v -17.593960 0.667728 45.265690
v -19.939940 1.023917 44.982130
v -19.880870 1.209329 43.930800
v -19.162310 0.144398 43.633960
v -18.073900 0.775720 43.651200
v -19.880870 1.209329 43.930800
v -19.939940 1.023917 44.982130
v -17.593960 0.667728 45.265690
v -19.864060 1.711646 42.402350
v -19.443130 1.061045 41.728420
v -19.864060 1.711646 42.402350
v -18.565660 1.336387 41.907180
v -20.354260 5.297560 42.893990
v -21.347630 5.174301 42.649560
v -22.004300 2.890169 42.574970
v -19.338150 4.287272 40.699520
v -20.035020 4.188885 40.324070
v -20.317330 2.428974 39.751530
v -21.187730 0.772424 42.760510
v -20.135880 0.740915 42.938090
v -20.029250 0.619962 39.924930
v -19.423650 0.547161 40.218690
v -20.135880 0.740915 42.938090
v -19.423650 0.547161 40.218690
v -19.338150 4.287272 40.699520
v -19.423650 0.547161 40.218690
v -20.317330 2.428974 39.751530
v -20.035020 4.188885 40.324070
v -18.565660 1.336387 41.907180
v -18.073900 0.775720 43.651200
v -5.211910 -4.780513 69.659280
v -8.206286 -1.339202 69.306710
v -8.784565 0.009154 67.915630
v -4.245855 -5.233247 67.360510
v -4.293947 -3.017865 74.070140
v -2.474067 0.858991 75.621860
v -4.624316 2.919360 76.330600
v -7.392067 -0.053777 73.455750
v -4.188085 4.544132 61.639760
v -3.703459 3.736581 59.889080
v -6.501992 0.020807 60.186330
v -6.762915 0.530592 62.111390
v -4.002601 4.510049 56.156610
v -4.387362 -4.633512 63.676710
v -4.229578 -4.579366 60.181320
v -2.821861 2.922003 81.917850
v -1.903223 4.066173 82.261770
v -1.788075 3.589468 80.489500
v -2.684267 2.219920 80.012970
v -7.267639 2.680887 74.653270
v -4.624316 2.919360 76.330600
v -4.271113 5.237862 75.312770
v -7.068529 4.873152 74.151630
v -2.082743 4.601758 77.733610
v -7.392067 -0.053777 73.455750
v -7.267639 2.680887 74.653270
v -9.889650 2.652671 74.107360
v -9.714630 0.304001 72.952260
v -7.068529 4.873152 74.151630
v -9.396810 4.941430 73.843500
v -7.179786 6.491528 72.470660
v -8.828905 6.703022 72.377630
v -9.569446 -0.599772 71.051420
v -7.745345 -1.229743 71.300370
v -2.082743 4.601758 77.733610
v -2.928151 2.875049 77.210980
v -6.926954 0.095104 56.005670
v -4.915722 -5.284423 56.063980
v -12.595130 1.505343 68.004300
v -12.551140 0.999252 69.837360
v -13.377030 3.601080 70.515360
v -13.643250 4.048756 68.002310
v -11.481730 0.602415 72.022510
v -12.056910 2.973907 72.932370
v -11.278140 5.190286 72.866320
v -12.330260 5.673831 70.809910
v -10.099530 0.857010 67.559230
v -9.849310 -0.320321 69.084790
v -2.184417 0.301636 78.828580
v -10.084450 7.680001 64.276740
v -10.264530 4.295514 63.084770
v -11.655320 4.654994 60.267560
v -12.167460 7.321558 61.185380
v -14.420960 7.703146 62.311990
v -12.751400 7.601632 60.006570
v -15.206320 7.931296 61.156570
v -8.777008 2.840591 66.911320
v -11.303860 1.539003 63.611800
v -10.264530 4.295514 63.084770
v -12.656290 4.360420 56.362850
v -11.655320 4.654994 60.267560
v -12.647900 2.838207 60.152370
v -13.653710 2.251539 57.294850
v -15.433960 3.046789 61.219720
v -16.715920 2.315105 58.639100
v -12.328710 2.445777 61.059340
v -8.777008 2.840591 66.911320
v -8.996439 6.812522 67.355350
v -13.977780 7.467616 56.832120
v -16.808660 7.718332 58.105510
v -12.492130 7.827831 65.449440
v -11.863660 6.722409 68.553940
v -13.670280 1.706382 64.845900
v -14.781610 2.378106 62.222160
v -4.589678 5.745780 64.044900
v -4.849588 7.204245 67.958500
v -8.031554 1.246991 64.821780
v -8.784565 0.009154 67.915630
v -8.206286 -1.339202 69.306710
v -2.111743 -3.872348 75.641660
v -1.626240 -5.044725 74.222180
v -4.293947 -3.017865 74.070140
v -3.834055 5.439576 77.670910
v -3.819000 5.090020 79.876020
v -4.160404 -0.953012 76.186290
v -1.385111 -2.597100 75.449130
v -1.384803 -3.079225 77.923180
v -4.136383 -1.366917 78.938290
v -4.786929 2.722609 79.627560
v -4.807770 2.707209 77.131670
v -4.136383 -1.366917 78.938290
v -3.720247 -1.116195 79.244710
v -4.146043 2.630200 79.861570
v -4.786929 2.722609 79.627560
v -3.387042 4.718477 80.022870
v -3.819000 5.090020 79.876020
v -1.384803 -3.079225 77.923180
v -1.046771 -2.764548 78.199860
v -1.385111 -2.597100 75.449130
v -0.955609 -2.042762 75.443160
v -1.046771 -2.764548 78.199860
v -1.384803 -3.079225 77.923180
v -3.720247 -1.116195 79.244710
v -3.378290 -0.472420 75.995120
v -3.821756 2.718863 77.078340
v -4.146043 2.630200 79.861570
v -2.861966 4.635826 77.579230
v -3.387042 4.718477 80.022870
v -1.046771 -2.764548 78.199860
v -0.955609 -2.042762 75.443160
v -11.443750 3.098610 5.972579
v -11.971470 4.701979 2.917093
v -12.560080 0.951520 1.628500
v -12.115070 -0.090807 3.902754
v -6.325354 2.412866 5.659048
v -7.278535 -0.841384 3.620698
v -6.563387 0.060895 1.279855
v -5.843534 3.698289 2.606634
v -9.740120 -1.234739 5.145684
v -9.075253 2.158369 7.211077
v -9.075253 2.158369 7.211077
v -9.740120 -1.234739 5.145684
v -11.971470 4.701979 2.917093
v -8.873370 4.474230 2.823237
v -9.698945 -0.128290 1.320995
v -12.560080 0.951520 1.628500
v -5.843534 3.698289 2.606634
v -6.563387 0.060895 1.279855
v -8.935640 2.983939 5.678366
v -10.308670 5.275749 5.162974
v -11.275870 2.551810 3.011283
v -9.399639 1.075854 4.146101
v -7.292257 -1.185756 1.702089
v -8.572321 -4.293387 1.224800
v -8.269933 -4.812036 -0.065923
v -6.723768 -0.913712 -0.065927
v -12.626730 -0.501410 1.988800
v -9.788030 -1.203734 2.961235
v -13.341440 -0.146970 -0.065231
v -11.262690 5.567487 -0.065264
v -11.262690 5.567487 -0.065264
v -6.353812 4.844928 -0.065937
v -6.723768 -0.913712 -0.065927
v -13.341440 -0.146970 -0.065231
v -10.153150 8.733297 -0.065348
v -6.386419 8.168103 -0.065799
v -10.153150 8.733297 -0.065348
v -9.231326 7.962878 5.287438
v -6.386419 8.168103 -0.065799
v -7.585988 7.865059 5.164021
v -6.687478 5.170026 4.874512
v -6.353812 4.844928 -0.065937
v -6.997112 2.063983 3.028310
v -12.865210 -3.897534 -0.065229
v -12.371210 -3.594129 1.200355
v -8.269933 -4.812036 -0.065923
v -12.865210 -3.897534 -0.065229
v -10.531630 -4.132660 1.646864
v -9.099586 7.288035 14.850980
v -9.785024 8.327222 24.027900
v -5.204963 8.497327 23.692800
v -7.174228 7.314601 14.715020
v -8.935640 2.983939 5.678366
v -8.181261 1.826666 13.965910
v -10.670830 4.429601 14.299060
v -10.308670 5.275749 5.162974
v -6.687478 5.170026 4.874512
v -5.384298 4.288485 13.806830
v -9.099586 7.288035 14.850980
v -9.231326 7.962878 5.287438
v -7.585988 7.865059 5.164021
v -10.732600 2.547374 26.707160
v -9.299271 7.085621 27.876010
v -9.785024 8.327222 24.027900
v -11.678150 3.324182 22.774620
v -4.570133 7.311588 29.113820
v -9.097681 7.025463 29.410220
v -8.629659 6.134958 30.403380
v -4.772864 6.409890 30.160110
v -4.760082 7.346025 27.571040
v -3.508062 2.773523 25.848940
v -3.231131 3.289099 21.956070
v -9.231326 7.962878 5.287438
v -2.947093 2.604862 27.491230
v -3.463058 2.427411 28.824650
v -6.877242 -1.806159 28.761730
v -6.995628 -1.768346 27.418050
v -7.496738 -0.055700 22.085790
v -10.187370 2.038188 29.395810
v -8.629659 6.134958 30.403380
v -9.097681 7.025463 29.410220
v -10.948990 2.264406 28.194560
v -9.299271 7.085621 27.876010
v -3.389148 -4.441222 56.122150
v -5.837360 -0.588811 56.261450
v -6.747581 -0.584147 53.021690
v -4.118846 -4.938407 53.094940
v -8.116463 4.417276 32.825920
v -9.296238 1.786295 30.549580
v -10.015130 0.750020 37.804910
v -7.692853 4.716505 39.110940
v -3.947033 5.173608 38.962940
v -3.588699 4.395278 43.062000
v -1.823594 -0.404420 41.769720
v -2.096937 0.018086 38.735470
v -3.494586 2.963044 56.398290
v -4.443764 4.003225 52.908300
v -7.376156 -0.409444 50.139450
v -4.524599 -5.127200 50.401030
v -2.896738 0.704285 34.047620
v -5.043396 4.759090 32.648680
v -3.556652 -4.562944 40.213550
v -6.992529 -4.678626 42.239280
v -8.342348 -2.971371 35.625140
v -4.535561 -3.262749 35.109240
v -8.092223 -1.234845 31.025320
v -5.366387 -1.369767 30.779970
v -2.866150 -5.174842 44.484030
v -2.096937 0.018086 38.735470
v -1.823594 -0.404420 41.769720
v -5.706431 4.990672 29.949380
v -8.408182 4.585632 30.193820
v -1.095779 -4.535012 47.347830
v -0.471429 -1.049598 45.940290
v -6.030003 -5.222324 46.240120
v -8.874327 -0.441475 45.024420
v -8.160301 -1.037507 29.935930
v -5.584298 -1.114253 29.656630
v -6.488079 4.078094 44.348190
v -0.471429 -1.049598 45.940290
v -2.324241 3.372461 46.009750
v -9.584580 2.147410 27.959290
v -8.696522 4.946741 27.603530
v -5.994772 5.351785 27.359080
v -4.278865 1.602628 30.092120
v -4.568530 1.962476 27.492580
v -19.226580 4.630383 56.498270
v -19.067610 4.506795 55.748430
v -16.930820 1.678160 58.565650
v -17.255670 1.437047 59.299200
v -14.565840 0.867273 60.166020
v -12.785990 0.273639 60.472790
v -13.221330 0.532451 61.907130
v -14.891010 0.937463 61.405300
v -17.120550 1.575207 60.436220
v -18.949610 4.819497 57.771660
v -14.586730 1.225852 59.542960
v -12.723610 0.830483 59.799700
v -13.221330 0.532451 61.907130
v -12.723610 0.830483 59.799700
v -14.586730 1.225852 59.542960
v -14.891010 0.937463 61.405300
v -19.699300 0.805468 51.081830
v -19.679080 1.366531 49.290930
v -17.558410 1.262078 48.944630
v -16.878020 0.750457 50.145110
v -16.349880 1.439845 51.397880
v -18.850660 1.445014 52.211550
v -21.619730 4.024684 52.443800
v -20.291750 4.222281 54.025940
v -15.349130 3.330381 49.512610
v -15.523320 3.591279 51.156200
v -16.814540 3.290856 48.715670
v -16.986630 8.795851 58.034400
v -16.941910 8.212423 57.287050
v -14.236850 9.036936 59.084370
v -14.551910 9.373099 60.281940
v -12.852400 9.724514 60.676920
v -12.415780 9.499646 59.237270
v -16.830350 8.798015 59.472840
v -14.291460 8.507681 58.600500
v -12.402610 8.760740 58.767310
v -12.852400 9.724514 60.676920
v -14.551910 9.373099 60.281940
v -14.291460 8.507681 58.600500
v -12.402610 8.760740 58.767310
v -20.036440 6.840468 50.196010
v -16.642680 6.832741 49.237710
v -17.449500 5.645861 48.367010
v -20.212500 5.563129 48.765950
v -16.150320 6.316322 50.731310
v -18.948800 6.528851 51.808200
v 17.721480 3.526758 46.960460
v 17.189820 1.302199 46.900900
v 18.437080 1.336424 41.907150
v 19.735480 1.711688 42.402340
v 19.314550 1.061085 41.728400
v 19.900680 0.620003 39.924940
v -0.064281 -6.318057 62.977570
v -0.064255 -7.023572 68.883420
v -0.064305 7.407483 71.697080
v 4.548995 6.972537 72.088840
v 7.616794 -1.229707 71.300350
v 5.346322 -4.498403 71.293800
v 8.004659 6.771455 69.285250
v 7.051195 6.491554 72.470670
v 2.443474 0.981109 80.376660
v 2.936263 1.636860 81.784480
v 7.139065 2.680908 74.653270
v 8.004659 6.771455 69.285250
v 8.648434 2.840632 66.911310
v 10.202960 6.997267 70.508690
v 2.799576 2.875070 77.210980
v 15.564040 5.160049 62.835120
v 17.742100 4.870416 58.872680
v 16.416710 5.112781 61.510300
v 12.527720 4.360451 56.362840
v -0.064255 -6.679535 71.789940
v 1.979748 -2.874184 76.587910
v 3.260687 -2.436587 75.164890
v -0.064265 -3.039636 77.602930
v 2.698187 -5.190574 73.297410
v 3.260687 -2.436587 75.164890
v 4.165415 -3.017835 74.070130
v -0.064269 -2.463500 74.504680
v -0.064265 -3.039636 77.602930
v 1.979748 -2.874184 76.587910
v 3.705462 5.439603 77.670910
v -0.064288 2.944233 74.088670
v -0.064302 7.111912 77.908710
v 1.256576 -2.597091 75.449130
v 4.031857 -0.952983 76.186280
v 4.679196 2.707243 77.131670
v 9.570374 -0.128253 1.320982
v 12.431520 0.951501 1.628514
v 11.986490 -0.090772 3.902763
v 9.611547 -1.234669 5.145675
v 7.149966 -0.841357 3.620682
v 6.434822 0.060907 1.279839
v 5.714956 3.698290 2.606612
v 6.196781 2.412868 5.659033
v 8.744793 4.474255 2.823235
v 8.946684 2.158389 7.211068
v 11.315170 3.098639 5.972582
v 11.842900 4.702012 2.917094
v 8.025956 9.496595 -0.065586
v 8.025956 9.496595 -0.065586
v 9.102751 7.962899 5.287438
v 10.677550 -5.845264 -0.065548
v 10.677550 -5.845264 -0.065548
v 12.736640 -3.897501 -0.065230
v 11.842080 -9.089096 2.713818
v 11.842080 -9.089096 2.713818
v 8.141367 -4.812062 -0.065923
v 10.677550 -5.845264 -0.065548
v 6.591712 2.006134 30.255690
v 10.058810 2.038197 29.395800
v 8.501105 6.134966 30.403390
v 4.644309 6.409913 30.160120
v 3.334488 2.427440 28.824660
v 6.748657 -1.806146 28.761720
v -0.064282 4.622689 48.438220
v 4.658628 4.263421 48.379120
v 2.202317 -5.343540 49.893410
v -0.064281 -1.004938 45.995340
v 4.150297 1.602650 30.092110
v 2.768171 0.704323 34.047620
v -0.064282 3.750196 56.475640
v -0.064283 5.060597 51.850730
v 7.026914 -0.728253 27.250800
v 4.439963 1.962501 27.492580
v 19.054240 5.978627 65.495060
v 16.956500 2.524695 63.440000
v 19.873300 5.682046 63.018520
v 14.762430 0.937477 61.405300
v 16.991970 1.575236 60.436210
v 17.181260 3.804217 66.586590
v 15.253030 2.564645 65.964750
v 19.392900 6.502639 68.103480
v 19.085730 5.239484 60.386360
v 14.316510 1.411976 63.980950
v 19.118450 4.876810 58.065020
v 10.688960 -0.386333 63.296190
v 18.821030 4.819525 57.771670
v 15.253030 2.564645 65.964750
v 17.181260 3.804217 66.586590
v 16.482020 5.273737 61.235600
v 19.392900 6.502639 68.103480
v 14.316510 1.411976 63.980950
v 10.688960 -0.386333 63.296190
v 21.674510 3.575005 49.771510
v 21.059410 3.407004 48.652550
v 21.503090 3.816682 51.113980
v 19.960370 3.936190 52.250030
v 19.576020 2.431187 50.827840
v 20.554500 3.489301 49.454190
v 21.491140 4.024712 52.443810
v 19.570720 0.805506 51.081820
v 19.784830 3.687978 50.709260
v 21.674510 3.575005 49.771510
v 19.784830 3.687978 50.709260
v 19.570720 0.805506 51.081820
v 16.929620 8.749167 62.933720
v 14.423330 9.373121 60.281970
v 16.701770 8.798041 59.472860
v 16.879150 8.424655 66.081350
v 14.957490 9.263478 65.112960
v 13.891140 9.718802 62.993750
v 10.242640 10.843280 61.746590
v 14.957490 9.263478 65.112960
v 16.482020 5.273737 61.235600
v 16.879150 8.424655 66.081350
v 19.392900 6.502639 68.103480
v 13.891140 9.718802 62.993750
v 10.242640 10.843280 61.746590
v 16.027230 6.216038 50.729280
v 21.503090 3.816682 51.113980
v 19.482180 4.901797 50.440520
v 19.960370 3.936190 52.250030
v 20.554500 3.489301 49.454190
v 19.908760 6.735228 50.245490
v 19.908760 6.735228 50.245490
v -17.850060 3.526727 46.960460
v -17.318400 1.302167 46.900920
v -18.565660 1.336387 41.907180
v -19.443130 1.061045 41.728420
v -19.864060 1.711646 42.402350
v -20.029250 0.619962 39.924930
v -4.677602 6.972506 72.088850
v -7.745345 -1.229743 71.300370
v -5.474849 -4.498440 71.293800
v -8.133249 6.771421 69.285260
v -7.179786 6.491528 72.470660
v -2.572041 0.981090 80.376660
v -3.064837 1.636838 81.784480
v -7.267639 2.680887 74.653270
v -8.133249 6.771421 69.285260
v -8.777008 2.840591 66.911320
v -10.331530 6.997258 70.508630
v -2.928151 2.875049 77.210980
v -15.692630 5.160029 62.835120
v -16.545300 5.112760 61.510280
v -17.870680 4.870391 58.872660
v -12.656290 4.360420 56.362850
v -2.108280 -2.874198 76.587910
v -3.389224 -2.436610 75.164900
v -2.826710 -5.190591 73.297410
v -3.389224 -2.436610 75.164900
v -4.293947 -3.017865 74.070140
v -2.108280 -2.874198 76.587910
v -3.834055 5.439576 77.670910
v -1.385111 -2.597100 75.449130
v -4.160404 -0.953012 76.186290
v -4.807770 2.707209 77.131670
v -9.698945 -0.128290 1.320995
v -12.115070 -0.090807 3.902754
v -12.560080 0.951520 1.628500
v -7.278535 -0.841384 3.620698
v -9.740120 -1.234739 5.145684
v -6.563387 0.060895 1.279855
v -5.843534 3.698289 2.606634
v -8.873370 4.474230 2.823237
v -6.325354 2.412866 5.659048
v -9.075253 2.158369 7.211077
v -11.443750 3.098610 5.972579
v -11.971470 4.701979 2.917093
v -8.154531 9.496593 -0.065576
v -8.154531 9.496593 -0.065576
v -9.231326 7.962878 5.287438
v -10.806120 -5.845291 -0.065554
v -10.806120 -5.845291 -0.065554
v -11.970650 -9.089124 2.713815
v -12.865210 -3.897534 -0.065229
v -11.970650 -9.089124 2.713815
v -8.269933 -4.812036 -0.065923
v -10.806120 -5.845291 -0.065554
v -6.720278 2.006115 30.255700
v -8.629659 6.134958 30.403380
v -10.187370 2.038188 29.395810
v -4.772864 6.409890 30.160110
v -3.463058 2.427411 28.824650
v -6.877242 -1.806159 28.761730
v -4.787193 4.263418 48.379110
v -2.330877 -5.343542 49.893410
v -4.278865 1.602628 30.092120
v -2.896738 0.704285 34.047620
v -7.155493 -0.728263 27.250810
v -4.568530 1.962476 27.492580
v -19.182830 5.978614 65.495030
v -20.001890 5.682024 63.018490
v -17.085870 2.505616 63.442420
v -14.891010 0.937463 61.405300
v -17.120550 1.575207 60.436220
v -17.309850 3.804199 66.586570
v -15.381610 2.564631 65.964740
v -19.521500 6.502626 68.103430
v -19.214320 5.239460 60.386340
v -14.445090 1.411958 63.980950
v -19.247040 4.876784 58.065000
v -10.817520 -0.386353 63.296220
v -18.949610 4.819497 57.771660
v -15.381610 2.564631 65.964740
v -16.610610 5.273716 61.235590
v -17.309850 3.804199 66.586570
v -19.521500 6.502626 68.103430
v -14.445090 1.411958 63.980950
v -10.817520 -0.386353 63.296220
v -21.803100 3.575000 49.771490
v -21.187990 3.406965 48.652550
v -21.631670 3.816644 51.113970
v -19.704590 2.431152 50.827840
v -20.088960 3.936159 52.250020
v -20.683090 3.489265 49.454190
v -21.619730 4.024684 52.443800
v -19.913410 3.687935 50.709260
v -19.699300 0.805468 51.081830
v -21.803100 3.575000 49.771490
v -19.699300 0.805468 51.081830
v -19.913410 3.687935 50.709260
v -17.058210 8.749145 62.933690
v -14.551910 9.373099 60.281940
v -16.830350 8.798015 59.472840
v -17.007750 8.424632 66.081340
v -15.086080 9.263456 65.112940
v -14.019720 9.718785 62.993720
v -10.371210 10.843250 61.746590
v -15.086080 9.263456 65.112940
v -17.007750 8.424632 66.081340
v -16.610610 5.273716 61.235590
v -19.521500 6.502626 68.103430
v -14.019720 9.718785 62.993720
v -10.371210 10.843250 61.746590
v -21.631670 3.816644 51.113970
v -20.088960 3.936159 52.250020
v -19.610760 4.901764 50.440520
v -20.683090 3.489265 49.454190
v -20.036440 6.840468 50.196010
v -20.036440 6.840468 50.196010
v 18.825700 6.428567 51.806190
v 19.908760 6.735228 50.245490
v 16.515000 6.727503 49.287190
v 16.027230 6.216038 50.729280
v 23.978890 4.963782 74.353260
v 18.019980 4.028251 75.396160
v 17.235780 0.000733 73.899770
v 22.436780 1.425236 72.463000
v 24.968420 2.031177 72.785590
v 26.725380 5.317077 74.975490
v 5.000124 -6.467945 74.328490
v 5.818292 -4.734699 76.553380
v 5.194747 -3.918249 76.153020
v 4.476677 -5.946292 73.795470
v 9.550607 -4.806805 73.273780
v 5.000124 -6.467945 74.328490
v 4.476677 -5.946292 73.795470
v 9.275432 -4.036952 72.802000
v 19.739060 -2.200890 70.463840
v 16.219860 -3.478572 70.631630
v 15.714110 -3.106254 70.098180
v 19.611680 -1.772600 69.810300
v 16.470680 -2.786207 71.424610
v 16.049620 -2.257288 71.014080
v 22.569100 -0.343381 71.183040
v 22.542400 0.065642 70.538670
v 24.968420 2.031177 72.785590
v 25.077350 2.434341 72.170230
v 26.866580 5.393806 74.178250
v 26.725380 5.317077 74.975490
v 16.219860 -3.478572 70.631630
v 16.470680 -2.786207 71.424610
v 16.049620 -2.257288 71.014080
v 15.714110 -3.106254 70.098180
v 5.818292 -4.734699 76.553380
v 4.618056 -4.786016 77.529400
v 4.114427 -3.999555 76.986340
v 5.194747 -3.918249 76.153020
v 9.999407 3.112172 82.245100
v 9.838157 2.591090 81.689990
v 8.436886 7.156493 79.295020
v 16.498320 1.031888 78.904710
v 16.522050 3.639292 77.835910
v 18.661890 3.861964 79.065220
v 4.618056 -4.786016 77.529400
v 5.960358 -3.265987 78.620030
v 6.776752 2.669450 77.824080
v 4.114427 -3.999555 76.986340
v 17.679800 1.985827 82.293420
v 18.661890 3.861964 79.065220
v 19.914010 3.829968 82.082320
v 21.396050 8.140923 72.913380
v 16.022830 7.827796 74.424670
v 24.006950 8.235546 73.201660
v 3.216806 11.070990 73.892720
v 2.811803 10.427940 73.388670
v 3.910780 8.709711 75.839290
v 4.355252 9.654467 76.195920
v 7.583403 10.299730 73.816990
v 7.509384 9.524871 73.289670
v 2.811803 10.427940 73.388670
v 3.216806 11.070990 73.892720
v 17.679300 11.090540 71.355190
v 17.672780 10.738880 70.649370
v 13.549020 10.864800 71.035110
v 13.931730 11.286500 71.621830
v 14.397420 10.592320 72.321810
v 14.145580 10.029240 71.838060
v 20.961650 10.029320 71.878680
v 21.045800 9.723019 71.186330
v 24.006950 8.235546 73.201660
v 24.219630 7.969092 72.541400
v 26.725380 5.317077 74.975490
v 26.866580 5.393806 74.178250
v 13.931730 11.286500 71.621830
v 13.549020 10.864800 71.035110
v 14.145580 10.029240 71.838060
v 14.397420 10.592320 72.321810
v 4.355252 9.654467 76.195920
v 3.910780 8.709711 75.839290
v 2.831849 8.614747 76.672960
v 3.164145 9.513383 77.174160
v 18.661890 3.861964 79.065220
v 15.735360 5.955184 79.234890
v 3.164145 9.513383 77.174160
v 2.831849 8.614747 76.672960
v 4.779022 8.352555 78.331390
v 17.225360 4.918334 82.490070
v 5.818292 -4.734699 76.553380
v 5.000124 -6.467945 74.328490
v 8.914645 -3.368591 75.963550
v 9.550607 -4.806805 73.273780
v 16.470680 -2.786207 71.424610
v 19.739060 -2.200890 70.463840
v 8.127378 -0.492217 81.279460
v 7.979336 2.922329 82.511980
v 6.522869 -0.242448 82.116470
v 6.788243 2.803337 82.928510
v 15.023180 0.325831 76.454960
v 16.100890 3.668148 76.564770
v 9.625998 -1.974917 78.966670
v 6.712776 -2.777277 79.952850
v 13.304620 -1.451952 75.820560
v 8.428132 2.975137 83.120220
v 12.209190 -0.921327 79.077790
v 11.581760 2.664452 81.521270
v 13.945260 2.958215 82.202210
v 15.275410 0.716618 80.506130
v 17.085520 3.293760 83.882110
v 22.569100 -0.343381 71.183040
v 7.979336 2.922329 82.511980
v 8.127378 -0.492217 81.279460
v 8.428132 2.975137 83.120220
v 4.618056 -4.786016 77.529400
v 20.998930 3.632147 87.104920
v 5.960358 -3.265987 78.620030
v 6.522869 -0.242448 82.116470
v 6.788243 2.803337 82.928510
v 6.712776 -2.777277 79.952850
v 16.219860 -3.478572 70.631630
v 3.216806 11.070990 73.892720
v 4.355252 9.654467 76.195920
v 7.361946 8.554901 76.392300
v 7.583403 10.299730 73.816990
v 14.397420 10.592320 72.321810
v 17.679300 11.090540 71.355190
v 7.445729 6.211864 81.112920
v 5.919908 5.687745 81.969130
v 14.059340 6.545373 76.872060
v 5.607383 8.094410 79.682770
v 11.865830 7.832427 76.443190
v 11.047740 6.573412 79.580430
v 14.504820 5.689157 80.839610
v 20.961650 10.029320 71.878680
v 7.445729 6.211864 81.112920
v 3.164145 9.513383 77.174160
v 4.779022 8.352555 78.331390
v 5.919908 5.687745 81.969130
v 5.607383 8.094410 79.682770
v 13.931730 11.286500 71.621830
v 11.561130 3.123063 73.360630
v 4.476677 -5.946292 73.795470
v 5.194747 -3.918249 76.153020
v 14.145580 10.029240 71.838060
v 11.561130 3.123063 73.360630
v 7.509384 9.524871 73.289670
v 17.672780 10.738880 70.649370
v 16.049620 -2.257288 71.014080
v 9.275432 -4.036952 72.802000
v 11.561130 3.123063 73.360630
v 3.910780 8.709711 75.839290
v 6.776752 2.669450 77.824080
v 25.077350 2.434341 72.170230
v 26.866580 5.393806 74.178250
v 19.611680 -1.772600 69.810300
v 21.045800 9.723019 71.186330
v 24.219630 7.969092 72.541400
v 22.542400 0.065642 70.538670
v 26.866580 5.393806 74.178250
v 4.114427 -3.999555 76.986340
v 2.831849 8.614747 76.672960
v 2.811803 10.427940 73.388670
v 4.476677 -5.946292 73.795470
v 2.811803 10.427940 73.388670
v 13.549020 10.864800 71.035110
v 15.714110 -3.106254 70.098180
v -23.980250 4.961974 74.340460
v -22.438130 1.423404 72.450230
v -17.237130 -0.001080 73.887010
v -18.021350 4.026434 75.383380
v -26.726750 5.315141 74.962710
v -24.969780 2.029440 72.772800
v -5.000571 -6.465543 74.321170
v -4.477146 -5.943884 73.788190
v -5.195221 -3.915840 76.145730
v -5.818764 -4.732293 76.546100
v -9.551804 -4.806428 73.260410
v -9.276631 -4.036571 72.788630
v -4.477146 -5.943884 73.788190
v -5.000571 -6.465543 74.321170
v -19.740390 -2.202714 70.451080
v -19.613020 -1.774421 69.797550
v -15.715440 -3.108078 70.085430
v -16.221200 -3.480391 70.618880
v -16.472010 -2.788026 71.411860
v -16.050950 -2.259111 71.001330
v -22.570450 -0.345201 71.170290
v -22.543750 0.063825 70.525910
v -24.969780 2.029440 72.772800
v -25.078700 2.432495 72.157460
v -26.726750 5.315141 74.962710
v -26.867950 5.391991 74.165460
v -16.221200 -3.480391 70.618880
v -15.715440 -3.108078 70.085430
v -16.050950 -2.259111 71.001330
v -16.472010 -2.788026 71.411860
v -5.818764 -4.732293 76.546100
v -5.195221 -3.915840 76.145730
v -4.114899 -3.997146 76.979050
v -4.618526 -4.783606 77.522120
v -9.999920 3.114555 82.237810
v -9.839388 2.588883 81.677210
v -9.627207 -1.974526 78.953310
v -18.663250 3.860159 79.052440
v -16.523410 3.637494 77.823140
v -16.499670 1.030077 78.891940
v -4.618526 -4.783606 77.522120
v -4.114899 -3.997146 76.979050
v -6.777264 2.671853 77.816770
v -5.960835 -3.263577 78.612740
v -17.681160 1.984078 82.280640
v -19.915370 3.828172 82.069530
v -16.024200 7.825986 74.411870
v -21.397430 8.139111 72.900570
v -24.008320 8.233728 73.188870
v -3.217366 11.073390 73.885390
v -4.355802 9.656878 76.188600
v -3.911327 8.712123 75.831980
v -2.812360 10.430350 73.381350
v -7.584666 10.300120 73.803570
v -3.217366 11.073390 73.885390
v -2.812360 10.430350 73.381350
v -7.510645 9.525258 73.276250
v -17.680680 11.088720 71.342380
v -13.933120 11.284680 71.609010
v -13.550410 10.862970 71.022290
v -17.674160 10.737060 70.636550
v -14.398800 10.590510 72.309000
v -14.146960 10.027420 71.825240
v -20.963030 10.027510 71.865860
v -21.047180 9.721199 71.173510
v -24.008320 8.233728 73.188870
v -24.221000 7.967270 72.528590
v -26.867950 5.391991 74.165460
v -26.726750 5.315141 74.962710
v -13.933120 11.284680 71.609010
v -14.398800 10.590510 72.309000
v -14.146960 10.027420 71.825240
v -13.550410 10.862970 71.022290
v -4.355802 9.656878 76.188600
v -3.164694 9.515799 77.166830
v -2.832393 8.617164 76.665630
v -3.911327 8.712123 75.831980
v -15.736730 5.953391 79.222090
v -18.663250 3.860159 79.052440
v -3.164694 9.515799 77.166830
v -4.779569 8.354967 78.324070
v -2.832393 8.617164 76.665630
v -17.226730 4.916574 82.477280
v -18.663250 3.860159 79.052440
v -5.818764 -4.732293 76.546100
v -8.915851 -3.368206 75.950190
v -5.000571 -6.465543 74.321170
v -9.551804 -4.806428 73.260410
v -19.740390 -2.202714 70.451080
v -16.472010 -2.788026 71.411860
v -8.127870 -0.489811 81.272170
v -6.523364 -0.240036 82.109170
v -7.979611 2.916061 82.505910
v -6.788756 2.805748 82.921210
v -15.024530 0.324016 76.442190
v -16.102250 3.666338 76.551990
v -6.713261 -2.774866 79.945560
v -13.305970 -1.453768 75.807800
v -8.428646 2.977509 83.112920
v -12.210540 -0.923137 79.065030
v -11.583120 2.662663 81.508490
v -13.946620 2.956412 82.189420
v -15.276760 0.714812 80.493370
v -17.086880 3.291955 83.869340
v -22.570450 -0.345201 71.170290
v -7.979611 2.916061 82.505910
v -8.428646 2.977509 83.112920
v -8.127870 -0.489811 81.272170
v -4.618526 -4.783606 77.522120
v -21.000290 3.630371 87.092130
v -5.960835 -3.263577 78.612740
v -6.788756 2.805748 82.921210
v -6.523364 -0.240036 82.109170
v -6.713261 -2.774866 79.945560
v -16.221200 -3.480391 70.618880
v -3.217366 11.073390 73.885390
v -7.363201 8.555293 76.378880
v -4.355802 9.656878 76.188600
v -7.584666 10.300120 73.803570
v -14.398800 10.590510 72.309000
v -17.680680 11.088720 71.342380
v -5.920436 5.690180 81.961820
v -7.446264 6.214277 81.105610
v -14.060710 6.543571 76.859270
v -8.438136 7.156889 79.281620
v -5.607926 8.096823 79.675460
v -11.867200 7.830612 76.430400
v -11.049110 6.571606 79.567630
v -14.506190 5.687361 80.826810
v -20.963030 10.027510 71.865860
v -7.446264 6.214277 81.105610
v -3.164694 9.515799 77.166830
v -4.779569 8.354967 78.324070
v -5.920436 5.690180 81.961820
v -5.607926 8.096823 79.675460
v -13.933120 11.284680 71.609010
v -11.562370 3.123444 73.347240
v -5.195221 -3.915840 76.145730
v -4.477146 -5.943884 73.788190
v -14.146960 10.027420 71.825240
v -7.510645 9.525258 73.276250
v -11.562370 3.123444 73.347240
v -17.674160 10.737060 70.636550
v -16.050950 -2.259111 71.001330
v -11.562370 3.123444 73.347240
v -9.276631 -4.036571 72.788630
v -3.911327 8.712123 75.831980
v -6.777264 2.671853 77.816770
v -25.078700 2.432495 72.157460
v -26.867950 5.391991 74.165460
v -19.613020 -1.774421 69.797550
v -21.047180 9.721199 71.173510
v -24.221000 7.967270 72.528590
v -22.543750 0.063825 70.525910
v -26.867950 5.391991 74.165460
v -4.114899 -3.997146 76.979050
v -2.832393 8.617164 76.665630
v -2.812360 10.430350 73.381350
v -4.477146 -5.943884 73.788190
v -2.812360 10.430350 73.381350
v -13.550410 10.862970 71.022290
v -15.715440 -3.108078 70.085430
vt 0.395179 0.298088 0.000000
vt 0.395180 0.276118 0.000000
vt 0.366404 0.277957 0.000000
vt 0.367034 0.299391 0.000000
vt 0.395178 0.338467 0.000000
vt 0.395179 0.319120 0.000000
vt 0.366475 0.318763 0.000000
vt 0.366381 0.336521 0.000000
vt 0.366428 0.262167 0.000000
vt 0.395180 0.262167 0.000000
vt 0.395178 0.354666 0.000000
vt 0.365504 0.353495 0.000000
vt 0.366419 0.365539 0.000000
vt 0.395178 0.369871 0.000000
vt 0.395178 0.338467 0.000000
vt 0.366381 0.336521 0.000000
vt 0.365504 0.353495 0.000000
vt 0.395178 0.354666 0.000000
vt 0.294966 0.339975 0.000000
vt 0.292602 0.350571 0.000000
vt 0.294603 0.297859 0.000000
vt 0.294541 0.319060 0.000000
vt 0.329830 0.262167 0.000000
vt 0.304562 0.262167 0.000000
vt 0.301578 0.274717 0.000000
vt 0.326539 0.281717 0.000000
vt 0.282570 0.271504 0.000000
vt 0.279676 0.281468 0.000000
vt 0.287099 0.284082 0.000000
vt 0.272937 0.405388 0.000000
vt 0.299927 0.399933 0.000000
vt 0.288466 0.383058 0.000000
vt 0.264713 0.388866 0.000000
vt 0.249341 0.271853 0.000000
vt 0.249300 0.281154 0.000000
vt 0.241303 0.393835 0.000000
vt 0.241892 0.405955 0.000000
vt 0.245779 0.350681 0.000000
vt 0.245409 0.339994 0.000000
vt 0.244538 0.319109 0.000000
vt 0.210315 0.351010 0.000000
vt 0.210050 0.339994 0.000000
vt 0.209787 0.319152 0.000000
vt 0.244143 0.284548 0.000000
vt 0.244437 0.298087 0.000000
vt 0.208837 0.284645 0.000000
vt 0.209363 0.298279 0.000000
vt 0.210344 0.378420 0.000000
vt 0.246105 0.378300 0.000000
vt 0.210315 0.351010 0.000000
vt 0.200060 0.351092 0.000000
vt 0.199762 0.364618 0.000000
vt 0.210344 0.378420 0.000000
vt 0.283108 0.262167 0.000000
vt 0.249308 0.262166 0.000000
vt 0.621284 0.372057 0.000000
vt 0.602929 0.337367 0.000000
vt 0.728600 0.366321 0.000000
vt 0.717350 0.379341 0.000000
vt 0.614959 0.441548 0.000000
vt 0.717350 0.442149 0.000000
vt 0.673894 0.481155 0.000000
vt 0.607058 0.479582 0.000000
vt 0.889263 0.289535 0.000000
vt 0.755930 0.289535 0.000000
vt 0.755930 0.239161 0.000000
vt 0.889263 0.239161 0.000000
vt 0.994277 0.239161 0.000000
vt 0.994277 0.289535 0.000000
vt 0.889263 0.180879 0.000000
vt 0.994277 0.180879 0.000000
vt 0.614959 0.289535 0.000000
vt 0.614959 0.239161 0.000000
vt 0.655732 0.531983 0.000000
vt 0.632959 0.519232 0.000000
vt 0.685015 0.519232 0.000000
vt 0.685015 0.531983 0.000000
vt 0.731622 0.531983 0.000000
vt 0.731622 0.519232 0.000000
vt 0.820562 0.502975 0.000000
vt 0.820562 0.461181 0.000000
vt 0.905836 0.475410 0.000000
vt 0.890062 0.502975 0.000000
vt 0.994277 0.465527 0.000000
vt 0.994277 0.502975 0.000000
vt 0.961980 0.502975 0.000000
vt 0.428547 0.616547 0.000000
vt 0.379545 0.631585 0.000000
vt 0.377051 0.655435 0.000000
vt 0.436295 0.657489 0.000000
vt 0.411446 0.689011 0.000000
vt 0.369107 0.676711 0.000000
vt 0.328832 0.698035 0.000000
vt 0.355247 0.717017 0.000000
vt 0.356852 0.586212 0.000000
vt 0.342142 0.613374 0.000000
vt 0.640879 0.496759 0.000000
vt 0.685015 0.496759 0.000000
vt 0.731622 0.496759 0.000000
vt 0.614959 0.180879 0.000000
vt 0.755930 0.180879 0.000000
vt 0.476617 0.239161 0.000000
vt 0.476617 0.180879 0.000000
vt 0.250114 0.628701 0.000000
vt 0.239703 0.652391 0.000000
vt 0.284110 0.652420 0.000000
vt 0.285640 0.628701 0.000000
vt 0.327653 0.653610 0.000000
vt 0.330990 0.634421 0.000000
vt 0.286737 0.668916 0.000000
vt 0.328497 0.671643 0.000000
vt 0.268445 0.603004 0.000000
vt 0.302358 0.603004 0.000000
vt 0.607058 0.519232 0.000000
vt 0.572954 0.519232 0.000000
vt 0.572954 0.479582 0.000000
vt 0.182679 0.705643 0.000000
vt 0.114926 0.703701 0.000000
vt 0.097185 0.726435 0.000000
vt 0.182679 0.726435 0.000000
vt 0.114080 0.677556 0.000000
vt 0.080044 0.677501 0.000000
vt 0.082830 0.703699 0.000000
vt 0.236422 0.586212 0.000000
vt 0.178731 0.586212 0.000000
vt 0.176457 0.603004 0.000000
vt 0.007233 0.586212 0.000000
vt 0.007233 0.603004 0.000000
vt 0.091631 0.603004 0.000000
vt 0.097037 0.586212 0.000000
vt 0.007233 0.628701 0.000000
vt 0.089709 0.628701 0.000000
vt 0.119190 0.603004 0.000000
vt 0.224656 0.726435 0.000000
vt 0.246349 0.705119 0.000000
vt 0.007233 0.675223 0.000000
vt 0.007233 0.703883 0.000000
vt 0.182679 0.677556 0.000000
vt 0.246132 0.678471 0.000000
vt 0.178748 0.628701 0.000000
vt 0.119574 0.628701 0.000000
vt 0.994277 0.381894 0.000000
vt 0.893048 0.381894 0.000000
vt 0.893048 0.323251 0.000000
vt 0.994277 0.323251 0.000000
vt 0.755899 0.322705 0.000000
vt 0.277634 0.586212 0.000000
vt 0.313332 0.586212 0.000000
vt 0.533371 0.460246 0.000000
vt 0.478734 0.495005 0.000000
vt 0.476617 0.446127 0.000000
vt 0.521657 0.422868 0.000000
vt 0.572954 0.465832 0.000000
vt 0.594818 0.465959 0.000000
vt 0.264336 0.958084 0.000000
vt 0.364694 0.958084 0.000000
vt 0.364694 0.982186 0.000000
vt 0.264336 0.982186 0.000000
vt 0.102797 0.958084 0.000000
vt 0.102797 0.982186 0.000000
vt 0.007233 0.982186 0.000000
vt 0.007233 0.958084 0.000000
vt 0.197407 0.958084 0.000000
vt 0.197407 0.982186 0.000000
vt 0.102797 0.982186 0.000000
vt 0.197407 0.982186 0.000000
vt 0.197407 0.988252 0.000000
vt 0.102797 0.988252 0.000000
vt 0.264336 0.988252 0.000000
vt 0.264336 0.982186 0.000000
vt 0.364694 0.988252 0.000000
vt 0.364694 0.982186 0.000000
vt 0.007233 0.982186 0.000000
vt 0.007233 0.988252 0.000000
vt 0.007233 0.958084 0.000000
vt 0.007233 0.982186 0.000000
vt 0.007233 0.988252 0.000000
vt 0.007233 0.958084 0.000000
vt 0.220011 0.554361 0.000000
vt 0.301131 0.554361 0.000000
vt 0.301131 0.579180 0.000000
vt 0.220011 0.579180 0.000000
vt 0.358516 0.579180 0.000000
vt 0.358516 0.554361 0.000000
vt 0.442387 0.579180 0.000000
vt 0.442387 0.554361 0.000000
vt 0.141828 0.554361 0.000000
vt 0.141828 0.579338 0.000000
vt 0.075376 0.253002 0.000000
vt 0.075376 0.212507 0.000000
vt 0.137198 0.212507 0.000000
vt 0.137198 0.253002 0.000000
vt 0.075376 0.253002 0.000000
vt 0.137198 0.253002 0.000000
vt 0.137198 0.212507 0.000000
vt 0.075376 0.212507 0.000000
vt 0.007738 0.212507 0.000000
vt 0.007738 0.253002 0.000000
vt 0.007738 0.253002 0.000000
vt 0.007738 0.212507 0.000000
vt 0.208764 0.252394 0.000000
vt 0.208764 0.213191 0.000000
vt 0.152556 0.213191 0.000000
vt 0.152556 0.252394 0.000000
vt 0.208764 0.252394 0.000000
vt 0.208764 0.213191 0.000000
vt 0.681279 0.170573 0.000000
vt 0.645791 0.170573 0.000000
vt 0.652438 0.150066 0.000000
vt 0.703429 0.150065 0.000000
vt 0.600427 0.150066 0.000000
vt 0.600427 0.133759 0.000000
vt 0.542983 0.133759 0.000000
vt 0.557118 0.150066 0.000000
vt 0.600427 0.150066 0.000000
vt 0.600427 0.170573 0.000000
vt 0.600427 0.133759 0.000000
vt 0.672600 0.119387 0.000000
vt 0.437520 0.750881 0.000000
vt 0.440365 0.765537 0.000000
vt 0.388163 0.765111 0.000000
vt 0.395841 0.750390 0.000000
vt 0.403611 0.729264 0.000000
vt 0.434206 0.729534 0.000000
vt 0.718753 0.113633 0.000000
vt 0.745710 0.150396 0.000000
vt 0.718753 0.113633 0.000000
vt 0.672600 0.119387 0.000000
vt 0.703429 0.150065 0.000000
vt 0.745710 0.150396 0.000000
vt 0.652438 0.150066 0.000000
vt 0.557118 0.150066 0.000000
vt 0.542983 0.133759 0.000000
vt 0.437234 0.776439 0.000000
vt 0.393224 0.776149 0.000000
vt 0.557118 0.170573 0.000000
vt 0.007016 0.311686 0.000000
vt 0.059559 0.311686 0.000000
vt 0.059559 0.362128 0.000000
vt 0.007016 0.362128 0.000000
vt 0.183594 0.259141 0.000000
vt 0.123141 0.259141 0.000000
vt 0.123141 0.311686 0.000000
vt 0.183594 0.311686 0.000000
vt 0.123141 0.311686 0.000000
vt 0.123141 0.259141 0.000000
vt 0.059559 0.259141 0.000000
vt 0.059559 0.311686 0.000000
vt 0.059559 0.259141 0.000000
vt 0.123141 0.385115 0.000000
vt 0.123141 0.362128 0.000000
vt 0.059559 0.362128 0.000000
vt 0.059559 0.385115 0.000000
vt 0.059559 0.395876 0.000000
vt 0.059559 0.408391 0.000000
vt 0.007016 0.408384 0.000000
vt 0.007016 0.395785 0.000000
vt 0.059559 0.385115 0.000000
vt 0.123141 0.362128 0.000000
vt 0.123141 0.385115 0.000000
vt 0.007016 0.259141 0.000000
vt 0.123141 0.395876 0.000000
vt 0.183594 0.395876 0.000000
vt 0.183594 0.408391 0.000000
vt 0.123141 0.408391 0.000000
vt 0.183594 0.362128 0.000000
vt 0.123141 0.408391 0.000000
vt 0.123141 0.395876 0.000000
vt 0.059559 0.395876 0.000000
vt 0.059559 0.408391 0.000000
vt 0.007016 0.385115 0.000000
vt 0.364694 0.914817 0.000000
vt 0.318251 0.911651 0.000000
vt 0.315119 0.885358 0.000000
vt 0.364694 0.884169 0.000000
vt 0.073356 0.871285 0.000000
vt 0.132592 0.870422 0.000000
vt 0.130636 0.888226 0.000000
vt 0.067733 0.890485 0.000000
vt 0.133602 0.848009 0.000000
vt 0.151041 0.829257 0.000000
vt 0.181302 0.829257 0.000000
vt 0.180221 0.846128 0.000000
vt 0.364694 0.861652 0.000000
vt 0.313578 0.862000 0.000000
vt 0.280292 0.909389 0.000000
vt 0.275701 0.886213 0.000000
vt 0.100471 0.829257 0.000000
vt 0.074582 0.850691 0.000000
vt 0.161200 0.929874 0.000000
vt 0.104078 0.929744 0.000000
vt 0.113466 0.908808 0.000000
vt 0.177853 0.908799 0.000000
vt 0.060967 0.929117 0.000000
vt 0.064410 0.910620 0.000000
vt 0.206976 0.932142 0.000000
vt 0.182374 0.946476 0.000000
vt 0.152573 0.946528 0.000000
vt 0.045704 0.872118 0.000000
vt 0.045746 0.850692 0.000000
vt 0.238044 0.949437 0.000000
vt 0.226541 0.946362 0.000000
vt 0.244607 0.938032 0.000000
vt 0.259810 0.946510 0.000000
vt 0.316889 0.946329 0.000000
vt 0.364694 0.946292 0.000000
vt 0.227432 0.909477 0.000000
vt 0.205733 0.887178 0.000000
vt 0.045351 0.928329 0.000000
vt 0.048983 0.910737 0.000000
vt 0.191371 0.866684 0.000000
vt 0.227676 0.829257 0.000000
vt 0.226561 0.840746 0.000000
vt 0.007233 0.890615 0.000000
vt 0.007233 0.872291 0.000000
vt 0.007233 0.850765 0.000000
vt 0.045622 0.829257 0.000000
vt 0.007233 0.829257 0.000000
vt 0.485315 0.680939 0.000000
vt 0.485316 0.733038 0.000000
vt 0.458074 0.733038 0.000000
vt 0.458074 0.680939 0.000000
vt 0.485316 0.774201 0.000000
vt 0.522613 0.774200 0.000000
vt 0.522613 0.803907 0.000000
vt 0.485316 0.803907 0.000000
vt 0.522613 0.733038 0.000000
vt 0.522612 0.680938 0.000000
vt 0.458074 0.774201 0.000000
vt 0.458075 0.803907 0.000000
vt 0.851197 0.151992 0.000000
vt 0.850438 0.159784 0.000000
vt 0.866168 0.161930 0.000000
vt 0.869446 0.153781 0.000000
vt 0.143098 0.452585 0.000000
vt 0.068415 0.452585 0.000000
vt 0.068415 0.414388 0.000000
vt 0.143098 0.414388 0.000000
vt 0.068415 0.488108 0.000000
vt 0.143098 0.488108 0.000000
vt 0.220435 0.470536 0.000000
vt 0.220435 0.488108 0.000000
vt 0.006841 0.488108 0.000000
vt 0.006841 0.452585 0.000000
vt 0.006841 0.414388 0.000000
vt 0.458074 0.733038 0.000000
vt 0.485316 0.733038 0.000000
vt 0.485316 0.774201 0.000000
vt 0.485316 0.803907 0.000000
vt 0.522613 0.803907 0.000000
vt 0.522613 0.774200 0.000000
vt 0.522613 0.733038 0.000000
vt 0.458074 0.774201 0.000000
vt 0.458075 0.803907 0.000000
vt 0.851197 0.151992 0.000000
vt 0.869446 0.153781 0.000000
vt 0.866168 0.161930 0.000000
vt 0.850438 0.159784 0.000000
vt 0.143098 0.452585 0.000000
vt 0.143098 0.414388 0.000000
vt 0.068415 0.414388 0.000000
vt 0.068415 0.452585 0.000000
vt 0.143098 0.488108 0.000000
vt 0.395179 0.298088 0.000000
vt 0.367034 0.299391 0.000000
vt 0.366404 0.277957 0.000000
vt 0.395180 0.276118 0.000000
vt 0.395178 0.338467 0.000000
vt 0.366381 0.336521 0.000000
vt 0.366475 0.318763 0.000000
vt 0.395179 0.319120 0.000000
vt 0.366428 0.262167 0.000000
vt 0.395180 0.262167 0.000000
vt 0.395178 0.354666 0.000000
vt 0.395178 0.369871 0.000000
vt 0.366419 0.365539 0.000000
vt 0.365504 0.353495 0.000000
vt 0.395178 0.338467 0.000000
vt 0.395178 0.354666 0.000000
vt 0.365504 0.353495 0.000000
vt 0.366381 0.336521 0.000000
vt 0.294966 0.339975 0.000000
vt 0.292602 0.350571 0.000000
vt 0.294603 0.297859 0.000000
vt 0.294541 0.319060 0.000000
vt 0.329830 0.262167 0.000000
vt 0.326539 0.281717 0.000000
vt 0.301578 0.274717 0.000000
vt 0.304562 0.262167 0.000000
vt 0.287099 0.284082 0.000000
vt 0.279676 0.281468 0.000000
vt 0.282570 0.271504 0.000000
vt 0.272937 0.405388 0.000000
vt 0.264713 0.388866 0.000000
vt 0.288466 0.383058 0.000000
vt 0.299927 0.399933 0.000000
vt 0.249300 0.281154 0.000000
vt 0.249341 0.271853 0.000000
vt 0.241303 0.393835 0.000000
vt 0.241892 0.405955 0.000000
vt 0.245779 0.350681 0.000000
vt 0.245409 0.339994 0.000000
vt 0.244538 0.319109 0.000000
vt 0.210315 0.351010 0.000000
vt 0.210050 0.339994 0.000000
vt 0.209787 0.319152 0.000000
vt 0.244437 0.298087 0.000000
vt 0.244143 0.284548 0.000000
vt 0.209363 0.298279 0.000000
vt 0.208837 0.284645 0.000000
vt 0.246105 0.378300 0.000000
vt 0.210344 0.378420 0.000000
vt 0.210315 0.351010 0.000000
vt 0.210344 0.378420 0.000000
vt 0.199762 0.364618 0.000000
vt 0.200060 0.351092 0.000000
vt 0.249308 0.262166 0.000000
vt 0.283108 0.262167 0.000000
vt 0.621284 0.372057 0.000000
vt 0.717350 0.379341 0.000000
vt 0.728600 0.366321 0.000000
vt 0.602929 0.337367 0.000000
vt 0.614959 0.441548 0.000000
vt 0.607058 0.479582 0.000000
vt 0.673894 0.481155 0.000000
vt 0.717350 0.442149 0.000000
vt 0.889263 0.289535 0.000000
vt 0.889263 0.239161 0.000000
vt 0.755930 0.239161 0.000000
vt 0.755930 0.289535 0.000000
vt 0.889263 0.180879 0.000000
vt 0.614959 0.289535 0.000000
vt 0.614959 0.239161 0.000000
vt 0.655732 0.531983 0.000000
vt 0.685015 0.531983 0.000000
vt 0.685015 0.519232 0.000000
vt 0.632959 0.519232 0.000000
vt 0.820562 0.502975 0.000000
vt 0.890062 0.502975 0.000000
vt 0.905836 0.475410 0.000000
vt 0.820562 0.461181 0.000000
vt 0.961980 0.502975 0.000000
vt 0.428547 0.616547 0.000000
vt 0.436295 0.657489 0.000000
vt 0.377051 0.655435 0.000000
vt 0.379545 0.631585 0.000000
vt 0.411446 0.689011 0.000000
vt 0.369107 0.676711 0.000000
vt 0.355247 0.717017 0.000000
vt 0.328832 0.698035 0.000000
vt 0.342142 0.613374 0.000000
vt 0.356852 0.586212 0.000000
vt 0.685015 0.496759 0.000000
vt 0.640879 0.496759 0.000000
vt 0.755930 0.180879 0.000000
vt 0.614959 0.180879 0.000000
vt 0.250114 0.628701 0.000000
vt 0.285640 0.628701 0.000000
vt 0.284110 0.652420 0.000000
vt 0.239703 0.652391 0.000000
vt 0.330990 0.634421 0.000000
vt 0.327653 0.653610 0.000000
vt 0.328497 0.671643 0.000000
vt 0.286737 0.668916 0.000000
vt 0.268445 0.603004 0.000000
vt 0.302358 0.603004 0.000000
vt 0.607058 0.519232 0.000000
vt 0.182679 0.705643 0.000000
vt 0.182679 0.726435 0.000000
vt 0.097185 0.726435 0.000000
vt 0.114926 0.703701 0.000000
vt 0.114080 0.677556 0.000000
vt 0.082830 0.703699 0.000000
vt 0.080044 0.677501 0.000000
vt 0.236422 0.586212 0.000000
vt 0.176457 0.603004 0.000000
vt 0.178731 0.586212 0.000000
vt 0.007233 0.586212 0.000000
vt 0.097037 0.586212 0.000000
vt 0.091631 0.603004 0.000000
vt 0.007233 0.603004 0.000000
vt 0.089709 0.628701 0.000000
vt 0.007233 0.628701 0.000000
vt 0.119190 0.603004 0.000000
vt 0.224656 0.726435 0.000000
vt 0.246349 0.705119 0.000000
vt 0.007233 0.703883 0.000000
vt 0.007233 0.675223 0.000000
vt 0.182679 0.677556 0.000000
vt 0.246132 0.678471 0.000000
vt 0.178748 0.628701 0.000000
vt 0.119574 0.628701 0.000000
vt 0.893048 0.323251 0.000000
vt 0.893048 0.381894 0.000000
vt 0.755899 0.322705 0.000000
vt 0.277634 0.586212 0.000000
vt 0.313332 0.586212 0.000000
vt 0.533371 0.460246 0.000000
vt 0.521657 0.422868 0.000000
vt 0.594818 0.465959 0.000000
vt 0.264336 0.958084 0.000000
vt 0.264336 0.982186 0.000000
vt 0.102797 0.958084 0.000000
vt 0.007233 0.958084 0.000000
vt 0.007233 0.982186 0.000000
vt 0.102797 0.982186 0.000000
vt 0.197407 0.982186 0.000000
vt 0.197407 0.958084 0.000000
vt 0.102797 0.982186 0.000000
vt 0.102797 0.988252 0.000000
vt 0.197407 0.988252 0.000000
vt 0.197407 0.982186 0.000000
vt 0.264336 0.988252 0.000000
vt 0.264336 0.982186 0.000000
vt 0.007233 0.982186 0.000000
vt 0.007233 0.988252 0.000000
vt 0.007233 0.958084 0.000000
vt 0.007233 0.958084 0.000000
vt 0.007233 0.988252 0.000000
vt 0.007233 0.982186 0.000000
vt 0.220011 0.554361 0.000000
vt 0.220011 0.579180 0.000000
vt 0.301131 0.579180 0.000000
vt 0.301131 0.554361 0.000000
vt 0.358516 0.579180 0.000000
vt 0.358516 0.554361 0.000000
vt 0.141828 0.554361 0.000000
vt 0.141828 0.579338 0.000000
vt 0.075376 0.253002 0.000000
vt 0.137198 0.253002 0.000000
vt 0.137198 0.212507 0.000000
vt 0.075376 0.212507 0.000000
vt 0.075376 0.253002 0.000000
vt 0.075376 0.212507 0.000000
vt 0.137198 0.212507 0.000000
vt 0.137198 0.253002 0.000000
vt 0.007738 0.212507 0.000000
vt 0.007738 0.253002 0.000000
vt 0.007738 0.253002 0.000000
vt 0.007738 0.212507 0.000000
vt 0.208764 0.252394 0.000000
vt 0.152556 0.252394 0.000000
vt 0.152556 0.213191 0.000000
vt 0.208764 0.213191 0.000000
vt 0.208764 0.252394 0.000000
vt 0.208764 0.213191 0.000000
vt 0.681279 0.170573 0.000000
vt 0.703429 0.150065 0.000000
vt 0.652438 0.150066 0.000000
vt 0.645791 0.170573 0.000000
vt 0.600427 0.150066 0.000000
vt 0.557118 0.150066 0.000000
vt 0.542983 0.133759 0.000000
vt 0.600427 0.133759 0.000000
vt 0.600427 0.150066 0.000000
vt 0.600427 0.170573 0.000000
vt 0.600427 0.133759 0.000000
vt 0.672600 0.119387 0.000000
vt 0.437520 0.750881 0.000000
vt 0.395841 0.750390 0.000000
vt 0.388163 0.765111 0.000000
vt 0.440365 0.765537 0.000000
vt 0.434206 0.729534 0.000000
vt 0.403611 0.729264 0.000000
vt 0.718753 0.113633 0.000000
vt 0.745710 0.150396 0.000000
vt 0.718753 0.113633 0.000000
vt 0.745710 0.150396 0.000000
vt 0.703429 0.150065 0.000000
vt 0.672600 0.119387 0.000000
vt 0.652438 0.150066 0.000000
vt 0.542983 0.133759 0.000000
vt 0.557118 0.150066 0.000000
vt 0.393224 0.776149 0.000000
vt 0.437234 0.776439 0.000000
vt 0.557118 0.170573 0.000000
vt 0.007016 0.311686 0.000000
vt 0.007016 0.362128 0.000000
vt 0.059559 0.362128 0.000000
vt 0.059559 0.311686 0.000000
vt 0.183594 0.259141 0.000000
vt 0.183594 0.311686 0.000000
vt 0.123141 0.311686 0.000000
vt 0.123141 0.259141 0.000000
vt 0.123141 0.259141 0.000000
vt 0.123141 0.311686 0.000000
vt 0.059559 0.311686 0.000000
vt 0.059559 0.259141 0.000000
vt 0.059559 0.259141 0.000000
vt 0.123141 0.385115 0.000000
vt 0.059559 0.385115 0.000000
vt 0.059559 0.362128 0.000000
vt 0.123141 0.362128 0.000000
vt 0.059559 0.395876 0.000000
vt 0.007016 0.395785 0.000000
vt 0.007016 0.408384 0.000000
vt 0.059559 0.408391 0.000000
vt 0.059559 0.385115 0.000000
vt 0.123141 0.385115 0.000000
vt 0.123141 0.362128 0.000000
vt 0.007016 0.259141 0.000000
vt 0.123141 0.395876 0.000000
vt 0.123141 0.408391 0.000000
vt 0.183594 0.408391 0.000000
vt 0.183594 0.395876 0.000000
vt 0.183594 0.362128 0.000000
vt 0.123141 0.408391 0.000000
vt 0.059559 0.408391 0.000000
vt 0.059559 0.395876 0.000000
vt 0.123141 0.395876 0.000000
vt 0.007016 0.385115 0.000000
vt 0.364694 0.914817 0.000000
vt 0.364694 0.884169 0.000000
vt 0.315119 0.885358 0.000000
vt 0.318251 0.911651 0.000000
vt 0.073356 0.871285 0.000000
vt 0.067733 0.890485 0.000000
vt 0.130636 0.888226 0.000000
vt 0.132592 0.870422 0.000000
vt 0.133602 0.848009 0.000000
vt 0.180221 0.846128 0.000000
vt 0.181302 0.829257 0.000000
vt 0.151041 0.829257 0.000000
vt 0.364694 0.861652 0.000000
vt 0.313578 0.862000 0.000000
vt 0.275701 0.886213 0.000000
vt 0.280292 0.909389 0.000000
vt 0.100471 0.829257 0.000000
vt 0.074582 0.850691 0.000000
vt 0.161200 0.929874 0.000000
vt 0.177853 0.908799 0.000000
vt 0.113466 0.908808 0.000000
vt 0.104078 0.929744 0.000000
vt 0.064410 0.910620 0.000000
vt 0.060967 0.929117 0.000000
vt 0.206976 0.932142 0.000000
vt 0.152573 0.946528 0.000000
vt 0.182374 0.946476 0.000000
vt 0.045746 0.850692 0.000000
vt 0.045704 0.872118 0.000000
vt 0.244607 0.938032 0.000000
vt 0.226541 0.946362 0.000000
vt 0.227432 0.909477 0.000000
vt 0.205733 0.887178 0.000000
vt 0.048983 0.910737 0.000000
vt 0.045351 0.928329 0.000000
vt 0.191371 0.866684 0.000000
vt 0.227676 0.829257 0.000000
vt 0.226561 0.840746 0.000000
vt 0.007233 0.890615 0.000000
vt 0.007233 0.872291 0.000000
vt 0.007233 0.850765 0.000000
vt 0.045622 0.829257 0.000000
vt 0.007233 0.829257 0.000000
vt 0.485315 0.680939 0.000000
vt 0.458074 0.680939 0.000000
vt 0.458074 0.733038 0.000000
vt 0.485316 0.733038 0.000000
vt 0.485316 0.774201 0.000000
vt 0.485316 0.803907 0.000000
vt 0.522613 0.803907 0.000000
vt 0.522613 0.774200 0.000000
vt 0.522613 0.733038 0.000000
vt 0.522612 0.680938 0.000000
vt 0.458074 0.774201 0.000000
vt 0.458075 0.803907 0.000000
vt 0.851197 0.151992 0.000000
vt 0.869446 0.153781 0.000000
vt 0.866168 0.161930 0.000000
vt 0.850438 0.159784 0.000000
vt 0.143098 0.452585 0.000000
vt 0.143098 0.414388 0.000000
vt 0.068415 0.414388 0.000000
vt 0.068415 0.452585 0.000000
vt 0.068415 0.488108 0.000000
vt 0.143098 0.488108 0.000000
vt 0.220435 0.470536 0.000000
vt 0.220435 0.488108 0.000000
vt 0.006841 0.452585 0.000000
vt 0.006841 0.488108 0.000000
vt 0.006841 0.414388 0.000000
vt 0.485316 0.733038 0.000000
vt 0.458074 0.733038 0.000000
vt 0.485316 0.774201 0.000000
vt 0.522613 0.774200 0.000000
vt 0.522613 0.803907 0.000000
vt 0.485316 0.803907 0.000000
vt 0.522613 0.733038 0.000000
vt 0.458074 0.774201 0.000000
vt 0.458075 0.803907 0.000000
vt 0.851197 0.151992 0.000000
vt 0.850438 0.159784 0.000000
vt 0.866168 0.161930 0.000000
vt 0.869446 0.153781 0.000000
vt 0.143098 0.452585 0.000000
vt 0.068415 0.452585 0.000000
vt 0.068415 0.414388 0.000000
vt 0.143098 0.414388 0.000000
vt 0.068415 0.488108 0.000000
vt 0.143098 0.488108 0.000000
vt 0.333864 0.362093 0.000000
vt 0.334553 0.389269 0.000000
vt 0.241892 0.405955 0.000000
vt 0.241303 0.393835 0.000000
vt 0.228310 0.400200 0.000000
vt 0.200017 0.378671 0.000000
vt 0.484006 0.279030 0.000000
vt 0.476617 0.360009 0.000000
vt 0.994277 0.428295 0.000000
vt 0.896927 0.429939 0.000000
vt 0.717350 0.410954 0.000000
vt 0.614959 0.397958 0.000000
vt 0.792271 0.381894 0.000000
vt 0.820562 0.430377 0.000000
vt 0.610685 0.525586 0.000000
vt 0.633849 0.531983 0.000000
vt 0.717350 0.481155 0.000000
vt 0.291208 0.713815 0.000000
vt 0.753067 0.364440 0.000000
vt 0.291208 0.688447 0.000000
vt 0.913631 0.510246 0.000000
vt 0.091292 0.652656 0.000000
vt 0.007233 0.651608 0.000000
vt 0.060702 0.652923 0.000000
vt 0.007233 0.726435 0.000000
vt 0.476617 0.394110 0.000000
vt 0.532002 0.514482 0.000000
vt 0.569013 0.458291 0.000000
vt 0.476617 0.529255 0.000000
vt 0.558918 0.411896 0.000000
vt 0.405501 0.489910 0.000000
vt 0.435982 0.489910 0.000000
vt 0.365761 0.461873 0.000000
vt 0.318980 0.489910 0.000000
vt 0.365761 0.489910 0.000000
vt 0.445675 0.624321 0.000000
vt 0.518915 0.631218 0.000000
vt 0.475922 0.602035 0.000000
vt 0.517778 0.670006 0.000000
vt 0.478730 0.664294 0.000000
vt 0.449639 0.643470 0.000000
vt 0.270809 0.255537 0.000000
vt 0.217054 0.255537 0.000000
vt 0.226894 0.233267 0.000000
vt 0.269865 0.217692 0.000000
vt 0.312965 0.233896 0.000000
vt 0.325731 0.255537 0.000000
vt 0.240189 0.442611 0.000000
vt 0.247702 0.465401 0.000000
vt 0.291785 0.442611 0.000000
vt 0.290779 0.476996 0.000000
vt 0.333130 0.465897 0.000000
vt 0.342949 0.442611 0.000000
vt 0.419217 0.725825 0.000000
vt 0.784227 0.110586 0.000000
vt 0.784227 0.150312 0.000000
vt 0.414563 0.785586 0.000000
vt 0.511063 0.126171 0.000000
vt 0.542983 0.133759 0.000000
vt 0.480547 0.170573 0.000000
vt 0.480547 0.170573 0.000000
vt 0.542983 0.133759 0.000000
vt 0.510500 0.126456 0.000000
vt 0.775431 0.508660 0.000000
vt 0.809592 0.508660 0.000000
vt 0.794389 0.525004 0.000000
vt 0.754334 0.525004 0.000000
vt 0.739658 0.508660 0.000000
vt 0.775431 0.487908 0.000000
vt 0.257472 0.829257 0.000000
vt 0.246074 0.859710 0.000000
vt 0.278835 0.928661 0.000000
vt 0.257584 0.825974 0.000000
vt 0.043748 0.946642 0.000000
vt 0.100051 0.946777 0.000000
vt 0.364694 0.829257 0.000000
vt 0.310280 0.829257 0.000000
vt 0.007233 0.911597 0.000000
vt 0.007233 0.946726 0.000000
vt 0.994286 0.124338 0.000000
vt 0.880197 0.084238 0.000000
vt 0.994286 0.094324 0.000000
vt 0.802378 0.055238 0.000000
vt 0.881478 0.040295 0.000000
vt 0.881478 0.142341 0.000000
vt 0.826393 0.130967 0.000000
vt 0.994286 0.174104 0.000000
vt 0.994286 0.046389 0.000000
vt 0.783838 0.094324 0.000000
vt 0.994286 0.010003 0.000000
vt 0.486024 0.852206 0.000000
vt 0.994404 0.001672 0.000000
vt 0.807562 0.155913 0.000000
vt 0.795067 0.163947 0.000000
vt 0.840059 0.172617 0.000000
vt 0.771466 0.174054 0.000000
vt 0.827947 0.153144 0.000000
vt 0.847582 0.139107 0.000000
vt 0.220435 0.432620 0.000000
vt 0.220435 0.414388 0.000000
vt 0.803318 0.451284 0.000000
vt 0.803318 0.472111 0.000000
vt 0.731326 0.451284 0.000000
vt 0.802245 0.429933 0.000000
vt 0.007166 0.145283 0.000000
vt 0.038725 0.099769 0.000000
vt 0.038724 0.144480 0.000000
vt 0.069001 0.145283 0.000000
vt 0.038724 0.144480 0.000000
vt 0.038725 0.099769 0.000000
vt 0.881478 0.094324 0.000000
vt 0.802378 0.055238 0.000000
vt 0.881478 0.040295 0.000000
vt 0.881478 0.142341 0.000000
vt 0.826393 0.130967 0.000000
vt 0.783838 0.094324 0.000000
vt 0.486024 0.852206 0.000000
vt 0.807562 0.155913 0.000000
vt 0.840059 0.172617 0.000000
vt 0.795067 0.163947 0.000000
vt 0.771466 0.174054 0.000000
vt 0.827947 0.153144 0.000000
vt 0.847582 0.139107 0.000000
vt 0.068415 0.488108 0.000000
vt 0.803318 0.451284 0.000000
vt 0.731326 0.451284 0.000000
vt 0.803318 0.472111 0.000000
vt 0.802245 0.429933 0.000000
vt 0.038725 0.099769 0.000000
vt 0.038725 0.099769 0.000000
vt 0.333864 0.362093 0.000000
vt 0.334553 0.389269 0.000000
vt 0.241892 0.405955 0.000000
vt 0.228310 0.400200 0.000000
vt 0.241303 0.393835 0.000000
vt 0.200017 0.378671 0.000000
vt 0.896927 0.429939 0.000000
vt 0.717350 0.410954 0.000000
vt 0.614959 0.397958 0.000000
vt 0.792271 0.381894 0.000000
vt 0.820562 0.430377 0.000000
vt 0.610685 0.525586 0.000000
vt 0.633849 0.531983 0.000000
vt 0.717350 0.481155 0.000000
vt 0.291208 0.713815 0.000000
vt 0.753067 0.364440 0.000000
vt 0.291208 0.688447 0.000000
vt 0.913631 0.510246 0.000000
vt 0.091292 0.652656 0.000000
vt 0.060702 0.652923 0.000000
vt 0.007233 0.651608 0.000000
vt 0.007233 0.726435 0.000000
vt 0.532002 0.514482 0.000000
vt 0.569013 0.458291 0.000000
vt 0.558918 0.411896 0.000000
vt 0.405501 0.489910 0.000000
vt 0.435982 0.489910 0.000000
vt 0.365761 0.489910 0.000000
vt 0.445675 0.624321 0.000000
vt 0.517778 0.670006 0.000000
vt 0.478730 0.664294 0.000000
vt 0.449639 0.643470 0.000000
vt 0.270809 0.255537 0.000000
vt 0.226894 0.233267 0.000000
vt 0.217054 0.255537 0.000000
vt 0.312965 0.233896 0.000000
vt 0.269865 0.217692 0.000000
vt 0.325731 0.255537 0.000000
vt 0.240189 0.442611 0.000000
vt 0.291785 0.442611 0.000000
vt 0.247702 0.465401 0.000000
vt 0.290779 0.476996 0.000000
vt 0.333130 0.465897 0.000000
vt 0.342949 0.442611 0.000000
vt 0.419217 0.725825 0.000000
vt 0.784227 0.110586 0.000000
vt 0.784227 0.150312 0.000000
vt 0.414563 0.785586 0.000000
vt 0.511063 0.126171 0.000000
vt 0.480547 0.170573 0.000000
vt 0.542983 0.133759 0.000000
vt 0.480547 0.170573 0.000000
vt 0.542983 0.133759 0.000000
vt 0.510500 0.126456 0.000000
vt 0.775431 0.508660 0.000000
vt 0.794389 0.525004 0.000000
vt 0.809592 0.508660 0.000000
vt 0.754334 0.525004 0.000000
vt 0.739658 0.508660 0.000000
vt 0.775431 0.487908 0.000000
vt 0.246074 0.859710 0.000000
vt 0.278835 0.928661 0.000000
vt 0.043748 0.946642 0.000000
vt 0.100051 0.946777 0.000000
vt 0.007233 0.911597 0.000000
vt 0.007233 0.946726 0.000000
vt 0.994286 0.124338 0.000000
vt 0.994286 0.094324 0.000000
vt 0.880197 0.084238 0.000000
vt 0.802378 0.055238 0.000000
vt 0.881478 0.040295 0.000000
vt 0.881478 0.142341 0.000000
vt 0.826393 0.130967 0.000000
vt 0.994286 0.174104 0.000000
vt 0.994286 0.046389 0.000000
vt 0.783838 0.094324 0.000000
vt 0.994286 0.010003 0.000000
vt 0.486024 0.852206 0.000000
vt 0.994404 0.001672 0.000000
vt 0.807562 0.155913 0.000000
vt 0.840059 0.172617 0.000000
vt 0.795067 0.163947 0.000000
vt 0.771466 0.174054 0.000000
vt 0.827947 0.153144 0.000000
vt 0.847582 0.139107 0.000000
vt 0.220435 0.432620 0.000000
vt 0.220435 0.414388 0.000000
vt 0.803318 0.451284 0.000000
vt 0.731326 0.451284 0.000000
vt 0.803318 0.472111 0.000000
vt 0.802245 0.429933 0.000000
vt 0.007166 0.145283 0.000000
vt 0.038724 0.144480 0.000000
vt 0.038725 0.099769 0.000000
vt 0.069001 0.145283 0.000000
vt 0.038725 0.099769 0.000000
vt 0.038724 0.144480 0.000000
vt 0.881478 0.094324 0.000000
vt 0.802378 0.055238 0.000000
vt 0.881478 0.040295 0.000000
vt 0.881478 0.142341 0.000000
vt 0.826393 0.130967 0.000000
vt 0.783838 0.094324 0.000000
vt 0.486024 0.852206 0.000000
vt 0.807562 0.155913 0.000000
vt 0.795067 0.163947 0.000000
vt 0.840059 0.172617 0.000000
vt 0.771466 0.174054 0.000000
vt 0.827947 0.153144 0.000000
vt 0.847582 0.139107 0.000000
vt 0.803318 0.451284 0.000000
vt 0.803318 0.472111 0.000000
vt 0.731326 0.451284 0.000000
vt 0.802245 0.429933 0.000000
vt 0.038725 0.099769 0.000000
vt 0.038725 0.099769 0.000000
vt 0.143098 0.488108 0.000000
vt 0.143098 0.452585 0.000000
vt 0.068415 0.452585 0.000000
vt 0.068415 0.488108 0.000000
vt 0.637520 0.098236 0.000000
vt 0.481468 0.122018 0.000000
vt 0.408966 0.077105 0.000000
vt 0.559714 0.056749 0.000000
vt 0.631462 0.053780 0.000000
vt 0.714964 0.095423 0.000000
vt 0.051345 0.035852 0.000000
vt 0.051345 0.071943 0.000000
vt 0.029447 0.071943 0.000000
vt 0.029447 0.027720 0.000000
vt 0.166125 0.035852 0.000000
vt 0.051345 0.035852 0.000000
vt 0.029447 0.027720 0.000000
vt 0.165691 0.027720 0.000000
vt 0.455373 0.015263 0.000000
vt 0.380666 0.015263 0.000000
vt 0.349869 0.005164 0.000000
vt 0.455373 0.005164 0.000000
vt 0.379431 0.035852 0.000000
vt 0.350141 0.027720 0.000000
vt 0.551498 0.028343 0.000000
vt 0.552756 0.018369 0.000000
vt 0.631462 0.053780 0.000000
vt 0.644788 0.046290 0.000000
vt 0.722337 0.085122 0.000000
vt 0.714964 0.095423 0.000000
vt 0.380666 0.015263 0.000000
vt 0.379431 0.035852 0.000000
vt 0.350141 0.027720 0.000000
vt 0.349869 0.005164 0.000000
vt 0.051345 0.071943 0.000000
vt 0.035650 0.092177 0.000000
vt 0.007984 0.092177 0.000000
vt 0.029447 0.071943 0.000000
vt 0.178621 0.207933 0.000000
vt 0.187570 0.200526 0.000000
vt 0.171135 0.130429 0.000000
vt 0.368744 0.157444 0.000000
vt 0.435190 0.146427 0.000000
vt 0.463531 0.172525 0.000000
vt 0.546875 0.500000 0.000000
vt 0.535156 0.503906 0.000000
vt 0.554688 0.531250 0.000000
vt 0.554688 0.496094 0.000000
vt 0.388705 0.208990 0.000000
vt 0.463916 0.173038 0.000000
vt 0.463919 0.215491 0.000000
vt 0.559714 0.056749 0.000000
vt 0.408966 0.077105 0.000000
vt 0.631462 0.053780 0.000000
vt 0.051345 0.035852 0.000000
vt 0.029447 0.027720 0.000000
vt 0.029447 0.071943 0.000000
vt 0.051345 0.071943 0.000000
vt 0.166125 0.035852 0.000000
vt 0.165691 0.027720 0.000000
vt 0.029447 0.027720 0.000000
vt 0.051345 0.035852 0.000000
vt 0.455373 0.015263 0.000000
vt 0.455373 0.005164 0.000000
vt 0.349869 0.005164 0.000000
vt 0.380666 0.015263 0.000000
vt 0.379431 0.035852 0.000000
vt 0.350141 0.027720 0.000000
vt 0.551498 0.028343 0.000000
vt 0.552756 0.018369 0.000000
vt 0.631462 0.053780 0.000000
vt 0.644788 0.046290 0.000000
vt 0.714964 0.095423 0.000000
vt 0.722337 0.085122 0.000000
vt 0.380666 0.015263 0.000000
vt 0.349869 0.005164 0.000000
vt 0.350141 0.027720 0.000000
vt 0.379431 0.035852 0.000000
vt 0.051345 0.071943 0.000000
vt 0.029447 0.071943 0.000000
vt 0.007984 0.092177 0.000000
vt 0.035650 0.092177 0.000000
vt 0.463723 0.172782 0.000000
vt 0.368744 0.157444 0.000000
vt 0.546875 0.500000 0.000000
vt 0.554688 0.496094 0.000000
vt 0.535156 0.503906 0.000000
vt 0.388705 0.208990 0.000000
vt 0.051345 0.071943 0.000000
vt 0.051345 0.035852 0.000000
vt 0.154385 0.084673 0.000000
vt 0.166125 0.035852 0.000000
vt 0.379431 0.035852 0.000000
vt 0.455373 0.015263 0.000000
vt 0.120650 0.161833 0.000000
vt 0.120273 0.200526 0.000000
vt 0.075917 0.171343 0.000000
vt 0.075917 0.200526 0.000000
vt 0.351037 0.115903 0.000000
vt 0.435033 0.135574 0.000000
vt 0.171135 0.130429 0.000000
vt 0.075917 0.127685 0.000000
vt 0.285380 0.098948 0.000000
vt 0.137432 0.208009 0.000000
vt 0.242577 0.143689 0.000000
vt 0.228744 0.200526 0.000000
vt 0.286421 0.211592 0.000000
vt 0.325991 0.175467 0.000000
vt 0.365800 0.236321 0.000000
vt 0.551498 0.028343 0.000000
vt 0.120273 0.200526 0.000000
vt 0.120650 0.161833 0.000000
vt 0.137432 0.208009 0.000000
vt 0.035650 0.092177 0.000000
vt 0.463919 0.285046 0.000000
vt 0.066212 0.109362 0.000000
vt 0.500000 0.519531 0.000000
vt 0.488281 0.531250 0.000000
vt 0.523438 0.507813 0.000000
vt 0.380666 0.015263 0.000000
vt 0.051345 0.035852 0.000000
vt 0.051345 0.071943 0.000000
vt 0.154385 0.084673 0.000000
vt 0.166125 0.035852 0.000000
vt 0.379431 0.035852 0.000000
vt 0.455373 0.015263 0.000000
vt 0.120650 0.161833 0.000000
vt 0.075917 0.171343 0.000000
vt 0.351037 0.115903 0.000000
vt 0.075917 0.127685 0.000000
vt 0.285380 0.098948 0.000000
vt 0.242577 0.143689 0.000000
vt 0.325991 0.175467 0.000000
vt 0.551498 0.028343 0.000000
vt 0.120650 0.161833 0.000000
vt 0.035650 0.092177 0.000000
vt 0.066212 0.109362 0.000000
vt 0.500000 0.519531 0.000000
vt 0.523438 0.507813 0.000000
vt 0.380666 0.015263 0.000000
vt 0.013524 0.188348 0.000000
vt 0.065982 0.205148 0.000000
vt 0.053980 0.205127 0.000000
vt 0.053444 0.179449 0.000000
vt 0.013524 0.188348 0.000000
vt 0.057366 0.194893 0.000000
vt 0.054175 0.171012 0.000000
vt 0.053402 0.179259 0.000000
vt 0.057320 0.194805 0.000000
vt 0.013524 0.188348 0.000000
vt 0.054023 0.205146 0.000000
vt 0.013524 0.201940 0.000000
vt 0.031488 0.159313 0.000000
vt 0.013524 0.156161 0.000000
vt 0.054132 0.170767 0.000000
vt 0.044902 0.164702 0.000000
vt 0.031507 0.159635 0.000000
vt 0.044869 0.164415 0.000000
vt 0.013524 0.156161 0.000000
vt 0.053936 0.208041 0.000000
vt 0.053979 0.208041 0.000000
vt 0.066037 0.205167 0.000000
vt 0.065982 0.205148 0.000000
vt 0.066037 0.205167 0.000000
vt 0.058917 0.179844 0.000000
vt 0.058869 0.179657 0.000000
vt 0.637520 0.098236 0.000000
vt 0.559714 0.056749 0.000000
vt 0.408966 0.077105 0.000000
vt 0.481468 0.122018 0.000000
vt 0.714964 0.095423 0.000000
vt 0.631462 0.053780 0.000000
vt 0.051345 0.035852 0.000000
vt 0.029447 0.027720 0.000000
vt 0.029447 0.071943 0.000000
vt 0.051345 0.071943 0.000000
vt 0.166125 0.035852 0.000000
vt 0.165691 0.027720 0.000000
vt 0.029447 0.027720 0.000000
vt 0.051345 0.035852 0.000000
vt 0.455373 0.015263 0.000000
vt 0.455373 0.005164 0.000000
vt 0.349869 0.005164 0.000000
vt 0.380666 0.015263 0.000000
vt 0.379431 0.035852 0.000000
vt 0.350141 0.027720 0.000000
vt 0.551498 0.028343 0.000000
vt 0.552756 0.018369 0.000000
vt 0.631462 0.053780 0.000000
vt 0.644788 0.046290 0.000000
vt 0.714964 0.095423 0.000000
vt 0.722337 0.085122 0.000000
vt 0.380666 0.015263 0.000000
vt 0.349869 0.005164 0.000000
vt 0.350141 0.027720 0.000000
vt 0.379431 0.035852 0.000000
vt 0.051345 0.071943 0.000000
vt 0.029447 0.071943 0.000000
vt 0.007984 0.092177 0.000000
vt 0.035650 0.092177 0.000000
vt 0.178621 0.207933 0.000000
vt 0.187570 0.200526 0.000000
vt 0.171135 0.130429 0.000000
vt 0.463723 0.172782 0.000000
vt 0.435190 0.146427 0.000000
vt 0.368744 0.157444 0.000000
vt 0.546875 0.500000 0.000000
vt 0.554688 0.496094 0.000000
vt 0.554688 0.531250 0.000000
vt 0.535156 0.503906 0.000000
vt 0.388705 0.208990 0.000000
vt 0.463919 0.215491 0.000000
vt 0.408966 0.077105 0.000000
vt 0.559714 0.056749 0.000000
vt 0.631462 0.053780 0.000000
vt 0.051345 0.035852 0.000000
vt 0.051345 0.071943 0.000000
vt 0.029447 0.071943 0.000000
vt 0.029447 0.027720 0.000000
vt 0.166125 0.035852 0.000000
vt 0.051345 0.035852 0.000000
vt 0.029447 0.027720 0.000000
vt 0.165691 0.027720 0.000000
vt 0.455373 0.015263 0.000000
vt 0.380666 0.015263 0.000000
vt 0.349869 0.005164 0.000000
vt 0.455373 0.005164 0.000000
vt 0.379431 0.035852 0.000000
vt 0.350141 0.027720 0.000000
vt 0.551498 0.028343 0.000000
vt 0.552756 0.018369 0.000000
vt 0.631462 0.053780 0.000000
vt 0.644788 0.046290 0.000000
vt 0.722337 0.085122 0.000000
vt 0.714964 0.095423 0.000000
vt 0.380666 0.015263 0.000000
vt 0.379431 0.035852 0.000000
vt 0.350141 0.027720 0.000000
vt 0.349869 0.005164 0.000000
vt 0.051345 0.071943 0.000000
vt 0.035650 0.092177 0.000000
vt 0.007984 0.092177 0.000000
vt 0.029447 0.071943 0.000000
vt 0.368744 0.157444 0.000000
vt 0.463531 0.172525 0.000000
vt 0.546875 0.500000 0.000000
vt 0.535156 0.503906 0.000000
vt 0.554688 0.496094 0.000000
vt 0.388705 0.208990 0.000000
vt 0.463916 0.173038 0.000000
vt 0.051345 0.071943 0.000000
vt 0.154385 0.084673 0.000000
vt 0.051345 0.035852 0.000000
vt 0.166125 0.035852 0.000000
vt 0.455373 0.015263 0.000000
vt 0.379431 0.035852 0.000000
vt 0.120650 0.161833 0.000000
vt 0.075917 0.171343 0.000000
vt 0.120273 0.200526 0.000000
vt 0.075917 0.200526 0.000000
vt 0.351037 0.115903 0.000000
vt 0.435033 0.135574 0.000000
vt 0.075917 0.127685 0.000000
vt 0.285380 0.098948 0.000000
vt 0.137432 0.208009 0.000000
vt 0.242577 0.143689 0.000000
vt 0.228744 0.200526 0.000000
vt 0.286421 0.211592 0.000000
vt 0.325991 0.175467 0.000000
vt 0.365800 0.236321 0.000000
vt 0.551498 0.028343 0.000000
vt 0.120273 0.200526 0.000000
vt 0.137432 0.208009 0.000000
vt 0.120650 0.161833 0.000000
vt 0.035650 0.092177 0.000000
vt 0.463919 0.285046 0.000000
vt 0.066212 0.109362 0.000000
vt 0.488281 0.531250 0.000000
vt 0.500000 0.519531 0.000000
vt 0.523438 0.507813 0.000000
vt 0.380666 0.015263 0.000000
vt 0.051345 0.035852 0.000000
vt 0.154385 0.084673 0.000000
vt 0.051345 0.071943 0.000000
vt 0.166125 0.035852 0.000000
vt 0.379431 0.035852 0.000000
vt 0.455373 0.015263 0.000000
vt 0.075917 0.171343 0.000000
vt 0.120650 0.161833 0.000000
vt 0.351037 0.115903 0.000000
vt 0.171135 0.130429 0.000000
vt 0.075917 0.127685 0.000000
vt 0.285380 0.098948 0.000000
vt 0.242577 0.143689 0.000000
vt 0.325991 0.175467 0.000000
vt 0.551498 0.028343 0.000000
vt 0.120650 0.161833 0.000000
vt 0.035650 0.092177 0.000000
vt 0.066212 0.109362 0.000000
vt 0.500000 0.519531 0.000000
vt 0.523438 0.507813 0.000000
vt 0.380666 0.015263 0.000000
vt 0.013524 0.188348 0.000000
vt 0.053980 0.205127 0.000000
vt 0.065982 0.205148 0.000000
vt 0.053444 0.179449 0.000000
vt 0.057366 0.194893 0.000000
vt 0.013524 0.188348 0.000000
vt 0.054175 0.171012 0.000000
vt 0.053402 0.179259 0.000000
vt 0.013524 0.188348 0.000000
vt 0.057320 0.194805 0.000000
vt 0.054023 0.205146 0.000000
vt 0.013524 0.201940 0.000000
vt 0.031488 0.159313 0.000000
vt 0.013524 0.156161 0.000000
vt 0.054132 0.170767 0.000000
vt 0.044902 0.164702 0.000000
vt 0.031507 0.159635 0.000000
vt 0.044869 0.164415 0.000000
vt 0.013524 0.156161 0.000000
vt 0.053936 0.208041 0.000000
vt 0.053979 0.208041 0.000000
vt 0.066037 0.205167 0.000000
vt 0.065982 0.205148 0.000000
vt 0.066037 0.205167 0.000000
vt 0.058917 0.179844 0.000000
vt 0.058869 0.179657 0.000000
usemtl Material_1
f 527/527 528/528 529/529
f 529/529 530/530 527/527
f 531/531 532/532 533/533
f 533/533 534/534 531/531
f 535/535 529/529 528/528
f 528/528 536/536 535/535
f 527/527 530/530 533/533
f 533/533 532/532 527/527
f 537/537 538/538 539/539
f 539/539 540/540 537/537
f 541/541 542/542 543/543
f 543/543 544/544 541/541
f 545/545 546/546 538/538
f 538/538 534/534 545/545
f 547/547 548/548 533/533
f 533/533 530/530 547/547
f 549/549 550/550 551/551
f 551/551 552/552 549/549
f 551/551 553/553 554/554
f 554/554 555/555 551/551
f 556/556 557/557 558/558
f 558/558 559/559 556/556
f 554/554 553/553 560/560
f 560/560 561/561 554/554
f 562/562 563/563 556/556
f 556/556 559/559 562/562
f 564/564 546/546 545/545
f 545/545 565/565 564/564
f 565/565 545/545 548/548
f 548/548 566/566 565/565
f 567/567 564/564 565/565
f 565/565 568/568 567/567
f 565/565 566/566 569/569
f 569/569 568/568 565/565
f 547/547 555/555 570/570
f 570/570 571/571 547/547
f 570/570 572/572 573/573
f 573/573 571/571 570/570
f 573/573 569/569 566/566
f 566/566 571/571 573/573
f 564/564 567/567 574/574
f 574/574 575/575 564/564
f 566/566 548/548 547/547
f 547/547 571/571 566/566
f 558/558 546/546 564/564
f 564/564 575/575 558/558
f 576/576 577/577 578/578
f 578/578 579/579 576/576
f 560/560 553/553 580/580
f 580/580 581/581 560/560
f 551/551 550/550 580/580
f 580/580 553/553 551/551
f 534/534 533/533 548/548
f 548/548 545/545 534/534
f 582/582 583/583 584/584
f 584/584 585/585 582/582
f 586/586 587/587 588/588
f 588/588 589/589 586/586
f 590/590 591/591 592/592
f 592/592 593/593 590/590
f 594/594 595/595 590/590
f 590/590 593/593 594/594
f 593/593 596/596 597/597
f 597/597 594/594 593/593
f 598/598 599/599 592/592
f 592/592 591/591 598/598
f 600/600 601/601 602/602
f 602/602 603/603 600/600
f 604/604 603/603 602/602
f 602/602 605/605 604/604
f 606/606 607/607 608/608
f 608/608 609/609 606/606
f 608/608 610/610 611/611
f 611/611 612/612 608/608
f 613/613 614/614 615/615
f 615/615 616/616 613/613
f 617/617 616/616 615/615
f 615/615 618/618 617/617
f 618/618 619/619 620/620
f 620/620 617/617 618/618
f 614/614 613/613 621/621
f 621/621 622/622 614/614
f 601/601 623/623 624/624
f 624/624 602/602 601/601
f 605/605 602/602 624/624
f 624/624 625/625 605/605
f 592/592 599/599 626/626
f 626/626 627/627 592/592
f 626/626 599/599 628/628
f 628/628 629/629 626/626
f 630/630 631/631 632/632
f 632/632 633/633 630/630
f 633/633 632/632 634/634
f 634/634 635/635 633/633
f 632/632 636/636 637/637
f 637/637 634/634 632/632
f 638/638 630/630 633/633
f 633/633 639/639 638/638
f 637/637 618/618 615/615
f 615/615 634/634 637/637
f 615/615 614/614 635/635
f 635/635 634/634 615/615
f 589/589 640/640 641/641
f 641/641 642/642 589/589
f 643/643 644/644 645/645
f 645/645 646/646 643/643
f 647/647 648/648 649/649
f 649/649 644/644 647/647
f 650/650 651/651 652/652
f 652/652 638/638 650/650
f 653/653 654/654 655/655
f 655/655 656/656 653/653
f 655/655 654/654 657/657
f 657/657 658/658 655/655
f 659/659 652/652 651/651
f 651/651 656/656 659/659
f 660/660 661/661 643/643
f 643/643 646/646 660/660
f 649/649 648/648 662/662
f 662/662 663/663 649/649
f 664/664 643/643 661/661
f 661/661 665/665 664/664
f 666/666 652/652 659/659
f 659/659 667/667 666/666
f 668/668 669/669 670/670
f 670/670 671/671 668/668
f 671/671 670/670 590/590
f 590/590 595/595 671/671
f 590/590 670/670 672/672
f 672/672 591/591 590/590
f 630/630 638/638 652/652
f 652/652 666/666 630/630
f 673/673 638/638 639/639
f 639/639 674/674 673/673
f 627/627 596/596 593/593
f 593/593 592/592 627/627
f 675/675 676/676 677/677
f 677/677 678/678 675/675
f 679/679 680/680 589/589
f 589/589 642/642 679/679
f 681/681 682/682 683/683
f 683/683 684/684 681/681
f 685/685 686/686 687/687
f 687/687 688/688 685/685
f 686/686 685/685 689/689
f 689/689 690/690 686/686
f 690/690 689/689 681/681
f 681/681 684/684 690/690
f 691/691 692/692 693/693
f 693/693 694/694 691/691
f 695/695 693/693 692/692
f 692/692 696/696 695/695
f 697/697 695/695 696/696
f 696/696 698/698 697/697
f 699/699 691/691 694/694
f 694/694 700/700 699/699
f 701/701 702/702 703/703
f 703/703 704/704 701/701
f 705/705 706/706 707/707
f 707/707 708/708 705/705
f 709/709 707/707 706/706
f 706/706 710/710 709/709
f 711/711 709/709 710/710
f 710/710 712/712 711/711
f 713/713 705/705 708/708
f 708/708 714/714 713/713
f 715/715 716/716 717/717
f 717/717 718/718 715/715
f 719/719 720/720 721/721
f 721/721 722/722 719/719
f 723/723 716/716 715/715
f 715/715 724/724 723/723
f 725/725 719/719 722/722
f 722/722 726/726 725/725
f 727/727 728/728 729/729
f 729/729 730/730 727/727
f 731/731 730/730 729/729
f 729/729 732/732 731/731
f 733/733 734/734 735/735
f 735/735 736/736 733/733
f 737/737 738/738 739/739
f 739/739 740/740 737/737
f 741/741 735/735 734/734
f 734/734 742/742 741/741
f 743/743 744/744 735/735
f 735/735 741/741 743/743
f 745/745 746/746 747/747
f 747/747 748/748 745/745
f 748/748 749/749 750/750
f 750/750 745/745 748/748
f 751/751 752/752 736/736
f 736/736 744/744 751/751
f 753/753 754/754 755/755
f 755/755 756/756 753/753
f 733/733 755/755 757/757
f 757/757 734/734 733/733
f 743/743 741/741 758/758
f 758/758 759/759 743/743
f 746/746 760/760 761/761
f 761/761 747/747 746/746
f 758/758 741/741 742/742
f 742/742 762/762 758/758
f 737/737 742/742 734/734
f 734/734 757/757 737/737
f 738/738 737/737 757/757
f 757/757 754/754 738/738
f 742/742 737/737 740/740
f 740/740 762/762 742/742
f 763/763 764/764 765/765
f 765/765 766/766 763/763
f 767/767 768/768 769/769
f 769/769 770/770 767/767
f 767/767 770/770 771/771
f 771/771 772/772 767/767
f 769/769 768/768 773/773
f 773/773 774/774 769/769
f 771/771 764/764 775/775
f 775/775 772/772 771/771
f 776/776 777/777 778/778
f 778/778 779/779 776/776
f 780/780 781/781 782/782
f 782/782 783/783 780/780
f 784/784 765/765 785/785
f 785/785 786/786 784/784
f 775/775 764/764 763/763
f 763/763 787/787 775/775
f 788/788 789/789 790/790
f 790/790 791/791 788/788
f 789/789 792/792 777/777
f 777/777 776/776 789/789
f 770/770 792/792 785/785
f 785/785 771/771 770/770
f 777/777 792/792 770/770
f 770/770 769/769 777/777
f 793/793 794/794 795/795
f 795/795 796/796 793/793
f 784/784 780/780 783/783
f 783/783 797/797 784/784
f 781/781 780/780 788/788
f 788/788 791/791 781/781
f 790/790 789/789 794/794
f 794/794 793/793 790/790
f 792/792 789/789 786/786
f 786/786 785/785 792/792
f 765/765 784/784 797/797
f 797/797 766/766 765/765
f 794/794 776/776 779/779
f 779/779 795/795 794/794
f 780/780 784/784 786/786
f 786/786 788/788 780/780
f 798/798 799/799 800/800
f 800/800 801/801 798/798
f 802/802 803/803 804/804
f 804/804 805/805 802/802
f 806/806 807/807 808/808
f 808/808 809/809 806/806
f 810/810 801/801 800/800
f 800/800 811/811 810/810
f 799/799 812/812 813/813
f 813/813 800/800 799/799
f 814/814 807/807 806/806
f 806/806 815/815 814/814
f 816/816 817/817 818/818
f 818/818 819/819 816/816
f 817/817 820/820 821/821
f 821/821 818/818 817/817
f 822/822 823/823 824/824
f 824/824 816/816 822/822
f 815/815 802/802 825/825
f 825/825 826/826 815/815
f 803/803 802/802 815/815
f 815/815 806/806 803/803
f 827/827 828/828 829/829
f 829/829 830/830 827/827
f 831/831 799/799 798/798
f 798/798 832/832 831/831
f 833/833 834/834 813/813
f 813/813 812/812 833/833
f 820/820 835/835 836/836
f 836/836 821/821 820/820
f 822/822 816/816 819/819
f 819/819 833/833 822/822
f 837/837 803/803 806/806
f 806/806 809/809 837/837
f 838/838 839/839 809/809
f 809/809 808/808 838/838
f 840/840 841/841 825/825
f 825/825 805/805 840/840
f 841/841 842/842 826/826
f 826/826 825/825 841/841
f 843/843 826/826 842/842
f 842/842 844/844 843/843
f 845/845 846/846 847/847
f 847/847 848/848 845/845
f 849/849 850/850 851/851
f 851/851 852/852 849/849
f 846/846 853/853 850/850
f 850/850 849/849 846/846
f 853/853 846/846 845/845
f 845/845 854/854 853/853
f 855/855 849/849 852/852
f 852/852 856/856 855/855
f 847/847 846/846 849/849
f 849/849 855/855 847/847
f 857/857 858/858 859/859
f 859/859 860/860 857/857
f 861/861 862/862 863/863
f 863/863 864/864 861/861
f 865/865 862/862 861/861
f 861/861 866/866 865/865
f 867/867 868/868 866/866
f 866/866 861/861 867/867
f 862/862 865/865 869/869
f 869/869 870/870 862/862
f 871/871 863/863 862/862
f 862/862 870/870 871/871
f 845/845 848/848 872/872
f 872/872 873/873 845/845
f 874/874 875/875 876/876
f 876/876 877/877 874/874
f 873/873 874/874 877/877
f 877/877 878/878 873/873
f 878/878 854/854 845/845
f 845/845 873/873 878/878
f 879/879 880/880 875/875
f 875/875 874/874 879/879
f 872/872 879/879 874/874
f 874/874 873/873 872/872
f 881/881 882/882 883/883
f 883/883 884/884 881/881
f 885/885 886/886 887/887
f 887/887 888/888 885/885
f 867/867 885/885 889/889
f 889/889 868/868 867/867
f 871/871 870/870 888/888
f 888/888 887/887 871/871
f 890/890 891/891 892/892
f 892/892 893/893 890/890
f 894/894 895/895 896/896
f 896/896 897/897 894/894
f 898/898 899/899 893/893
f 893/893 892/892 898/898
f 890/890 897/897 896/896
f 896/896 891/891 890/890
f 900/900 901/901 902/902
f 902/902 903/903 900/900
f 904/904 905/905 906/906
f 906/906 907/907 904/904
f 908/908 895/895 903/903
f 903/903 909/909 908/908
f 910/910 891/891 896/896
f 896/896 911/911 910/910
f 912/912 913/913 914/914
f 914/914 915/915 912/912
f 914/914 916/916 917/917
f 917/917 918/918 914/914
f 919/919 920/920 921/921
f 921/921 922/922 919/919
f 917/917 923/923 924/924
f 924/924 918/918 917/917
f 925/925 920/920 919/919
f 919/919 926/926 925/925
f 927/927 928/928 908/908
f 908/908 909/909 927/927
f 928/928 929/929 911/911
f 911/911 908/908 928/928
f 930/930 931/931 928/928
f 928/928 927/927 930/930
f 928/928 931/931 932/932
f 932/932 929/929 928/928
f 910/910 933/933 934/934
f 934/934 916/916 910/910
f 934/934 933/933 935/935
f 935/935 936/936 934/934
f 935/935 933/933 929/929
f 929/929 932/932 935/935
f 927/927 937/937 938/938
f 938/938 930/930 927/927
f 929/929 933/933 910/910
f 910/910 911/911 929/929
f 921/921 937/937 927/927
f 927/927 909/909 921/921
f 939/939 940/940 941/941
f 941/941 942/942 939/939
f 924/924 943/943 944/944
f 944/944 918/918 924/924
f 914/914 918/918 944/944
f 944/944 915/915 914/914
f 895/895 908/908 911/911
f 911/911 896/896 895/895
f 945/945 946/946 947/947
f 947/947 948/948 945/945
f 949/949 950/950 951/951
f 951/951 952/952 949/949
f 953/953 954/954 955/955
f 955/955 956/956 953/953
f 594/594 954/954 953/953
f 953/953 595/595 594/594
f 954/954 594/594 597/597
f 597/597 957/957 954/954
f 958/958 956/956 955/955
f 955/955 959/959 958/958
f 960/960 961/961 962/962
f 962/962 963/963 960/960
f 604/604 605/605 962/962
f 962/962 961/961 604/604
f 964/964 965/965 966/966
f 966/966 967/967 964/964
f 966/966 968/968 611/611
f 611/611 610/610 966/966
f 969/969 970/970 971/971
f 971/971 972/972 969/969
f 973/973 974/974 971/971
f 971/971 970/970 973/973
f 974/974 973/973 975/975
f 975/975 976/976 974/974
f 972/972 977/977 978/978
f 978/978 969/969 972/972
f 963/963 962/962 979/979
f 979/979 980/980 963/963
f 605/605 625/625 979/979
f 979/979 962/962 605/605
f 955/955 981/981 982/982
f 982/982 959/959 955/955
f 982/982 629/629 628/628
f 628/628 959/959 982/982
f 983/983 984/984 985/985
f 985/985 986/986 983/983
f 984/984 987/987 988/988
f 988/988 985/985 984/984
f 985/985 988/988 989/989
f 989/989 990/990 985/985
f 991/991 992/992 984/984
f 984/984 983/983 991/991
f 989/989 988/988 971/971
f 971/971 974/974 989/989
f 971/971 988/988 987/987
f 987/987 972/972 971/971
f 950/950 642/642 641/641
f 641/641 993/993 950/950
f 994/994 995/995 996/996
f 996/996 997/997 994/994
f 998/998 997/997 999/999
f 999/999 1000/1000 998/998
f 1001/1001 991/991 1002/1002
f 1002/1002 1003/1003 1001/1001
f 1004/1004 1005/1005 1006/1006
f 1006/1006 1007/1007 1004/1004
f 1006/1006 1008/1008 1009/1009
f 1009/1009 1007/1007 1006/1006
f 1010/1010 1005/1005 1003/1003
f 1003/1003 1002/1002 1010/1010
f 1011/1011 995/995 994/994
f 994/994 1012/1012 1011/1011
f 999/999 1013/1013 1014/1014
f 1014/1014 1000/1000 999/999
f 1015/1015 1016/1016 1012/1012
f 1012/1012 994/994 1015/1015
f 1017/1017 1018/1018 1010/1010
f 1010/1010 1002/1002 1017/1017
f 668/668 671/671 1019/1019
f 1019/1019 1020/1020 668/668
f 671/671 595/595 953/953
f 953/953 1019/1019 671/671
f 953/953 956/956 1021/1021
f 1021/1021 1019/1019 953/953
f 983/983 1017/1017 1002/1002
f 1002/1002 991/991 983/983
f 1022/1022 1023/1023 992/992
f 992/992 991/991 1022/1022
f 981/981 955/955 954/954
f 954/954 957/957 981/981
f 1024/1024 1025/1025 677/677
f 677/677 676/676 1024/1024
f 679/679 642/642 950/950
f 950/950 1026/1026 679/679
f 1027/1027 1028/1028 683/683
f 683/683 682/682 1027/1027
f 1029/1029 1030/1030 1031/1031
f 1031/1031 1032/1032 1029/1029
f 1032/1032 1033/1033 1034/1034
f 1034/1034 1029/1029 1032/1032
f 1033/1033 1028/1028 1027/1027
f 1027/1027 1034/1034 1033/1033
f 1035/1035 1036/1036 1037/1037
f 1037/1037 1038/1038 1035/1035
f 1039/1039 1040/1040 1038/1038
f 1038/1038 1037/1037 1039/1039
f 697/697 698/698 1040/1040
f 1040/1040 1039/1039 697/697
f 1041/1041 1042/1042 1036/1036
f 1036/1036 1035/1035 1041/1041
f 1043/1043 1044/1044 1045/1045
f 1045/1045 1046/1046 1043/1043
f 1047/1047 1048/1048 1049/1049
f 1049/1049 1050/1050 1047/1047
f 1051/1051 1052/1052 1050/1050
f 1050/1050 1049/1049 1051/1051
f 711/711 712/712 1052/1052
f 1052/1052 1051/1051 711/711
f 1053/1053 1054/1054 1048/1048
f 1048/1048 1047/1047 1053/1053
f 1055/1055 1056/1056 1057/1057
f 1057/1057 1058/1058 1055/1055
f 1059/1059 1060/1060 1061/1061
f 1061/1061 1062/1062 1059/1059
f 1063/1063 1064/1064 1055/1055
f 1055/1055 1058/1058 1063/1063
f 1065/1065 1066/1066 1060/1060
f 1060/1060 1059/1059 1065/1065
f 1067/1067 1068/1068 1069/1069
f 1069/1069 1070/1070 1067/1067
f 1071/1071 1072/1072 1069/1069
f 1069/1069 1068/1068 1071/1071
f 1073/1073 1074/1074 1075/1075
f 1075/1075 1076/1076 1073/1073
f 1077/1077 1078/1078 1079/1079
f 1079/1079 1080/1080 1077/1077
f 1081/1081 1082/1082 1076/1076
f 1076/1076 1075/1075 1081/1081
f 1083/1083 1081/1081 1075/1075
f 1075/1075 1084/1084 1083/1083
f 1085/1085 1086/1086 1087/1087
f 1087/1087 1088/1088 1085/1085
f 1086/1086 1085/1085 1089/1089
f 1089/1089 1090/1090 1086/1086
f 1091/1091 1084/1084 1074/1074
f 1074/1074 1092/1092 1091/1091
f 1093/1093 1094/1094 1095/1095
f 1095/1095 1096/1096 1093/1093
f 1073/1073 1076/1076 1097/1097
f 1097/1097 1095/1095 1073/1073
f 1083/1083 1098/1098 1099/1099
f 1099/1099 1081/1081 1083/1083
f 1088/1088 1087/1087 1100/1100
f 1100/1100 1101/1101 1088/1088
f 1099/1099 1102/1102 1082/1082
f 1082/1082 1081/1081 1099/1099
f 1077/1077 1097/1097 1076/1076
f 1076/1076 1082/1082 1077/1077
f 1080/1080 1096/1096 1097/1097
f 1097/1097 1077/1077 1080/1080
f 1082/1082 1102/1102 1078/1078
f 1078/1078 1077/1077 1082/1082
f 1103/1103 1104/1104 1105/1105
f 1105/1105 1106/1106 1103/1103
f 1107/1107 1108/1108 1109/1109
f 1109/1109 1110/1110 1107/1107
f 1107/1107 1111/1111 1112/1112
f 1112/1112 1108/1108 1107/1107
f 1109/1109 1113/1113 1114/1114
f 1114/1114 1110/1110 1109/1109
f 1112/1112 1111/1111 1115/1115
f 1115/1115 1106/1106 1112/1112
f 1116/1116 1117/1117 1118/1118
f 1118/1118 1119/1119 1116/1116
f 1120/1120 1121/1121 1122/1122
f 1122/1122 1123/1123 1120/1120
f 1124/1124 1125/1125 1126/1126
f 1126/1126 1105/1105 1124/1124
f 1115/1115 1127/1127 1103/1103
f 1103/1103 1106/1106 1115/1115
f 1128/1128 1129/1129 1130/1130
f 1130/1130 1131/1131 1128/1128
f 1131/1131 1116/1116 1119/1119
f 1119/1119 1132/1132 1131/1131
f 1108/1108 1112/1112 1126/1126
f 1126/1126 1132/1132 1108/1108
f 1119/1119 1109/1109 1108/1108
f 1108/1108 1132/1132 1119/1119
f 1133/1133 1134/1134 1135/1135
f 1135/1135 1136/1136 1133/1133
f 1124/1124 1137/1137 1121/1121
f 1121/1121 1120/1120 1124/1124
f 1123/1123 1129/1129 1128/1128
f 1128/1128 1120/1120 1123/1123
f 1130/1130 1133/1133 1136/1136
f 1136/1136 1131/1131 1130/1130
f 1132/1132 1126/1126 1125/1125
f 1125/1125 1131/1131 1132/1132
f 1105/1105 1104/1104 1137/1137
f 1137/1137 1124/1124 1105/1105
f 1136/1136 1135/1135 1117/1117
f 1117/1117 1116/1116 1136/1136
f 1120/1120 1128/1128 1125/1125
f 1125/1125 1124/1124 1120/1120
f 1138/1138 1139/1139 1140/1140
f 1140/1140 1141/1141 1138/1138
f 1142/1142 1143/1143 1144/1144
f 1144/1144 1145/1145 1142/1142
f 1146/1146 1147/1147 1148/1148
f 1148/1148 1149/1149 1146/1146
f 1150/1150 1151/1151 1140/1140
f 1140/1140 1139/1139 1150/1150
f 1141/1141 1140/1140 1152/1152
f 1152/1152 1153/1153 1141/1141
f 1154/1154 1155/1155 1146/1146
f 1146/1146 1149/1149 1154/1154
f 1156/1156 1157/1157 1158/1158
f 1158/1158 1159/1159 1156/1156
f 1159/1159 1158/1158 1160/1160
f 1160/1160 1161/1161 1159/1159
f 1162/1162 1156/1156 1163/1163
f 1163/1163 1164/1164 1162/1162
f 1155/1155 1165/1165 1166/1166
f 1166/1166 1142/1142 1155/1155
f 1145/1145 1146/1146 1155/1155
f 1155/1155 1142/1142 1145/1145
f 827/827 830/830 1167/1167
f 1167/1167 1168/1168 827/827
f 831/831 832/832 1138/1138
f 1138/1138 1141/1141 831/831
f 1169/1169 1153/1153 1152/1152
f 1152/1152 1170/1170 1169/1169
f 1161/1161 1160/1160 1171/1171
f 1171/1171 1172/1172 1161/1161
f 1162/1162 1169/1169 1157/1157
f 1157/1157 1156/1156 1162/1162
f 1173/1173 1147/1147 1146/1146
f 1146/1146 1145/1145 1173/1173
f 1174/1174 1148/1148 1147/1147
f 1147/1147 1175/1175 1174/1174
f 1176/1176 1143/1143 1166/1166
f 1166/1166 1177/1177 1176/1176
f 1177/1177 1166/1166 1165/1165
f 1165/1165 1178/1178 1177/1177
f 1179/1179 1180/1180 1178/1178
f 1178/1178 1165/1165 1179/1179
f 1181/1181 1182/1182 1183/1183
f 1183/1183 1184/1184 1181/1181
f 1185/1185 1186/1186 1187/1187
f 1187/1187 1188/1188 1185/1185
f 1184/1184 1185/1185 1188/1188
f 1188/1188 1189/1189 1184/1184
f 1189/1189 1190/1190 1181/1181
f 1181/1181 1184/1184 1189/1189
f 1191/1191 1192/1192 1186/1186
f 1186/1186 1185/1185 1191/1191
f 1183/1183 1191/1191 1185/1185
f 1185/1185 1184/1184 1183/1183
f 1193/1193 1194/1194 1195/1195
f 1195/1195 1196/1196 1193/1193
f 1197/1197 1198/1198 1199/1199
f 1199/1199 1200/1200 1197/1197
f 1201/1201 1202/1202 1197/1197
f 1197/1197 1200/1200 1201/1201
f 1203/1203 1197/1197 1202/1202
f 1202/1202 1204/1204 1203/1203
f 1200/1200 1205/1205 1206/1206
f 1206/1206 1201/1201 1200/1200
f 1207/1207 1205/1205 1200/1200
f 1200/1200 1199/1199 1207/1207
f 1181/1181 1208/1208 1209/1209
f 1209/1209 1182/1182 1181/1181
f 1210/1210 1211/1211 1212/1212
f 1212/1212 1213/1213 1210/1210
f 1208/1208 1214/1214 1211/1211
f 1211/1211 1210/1210 1208/1208
f 1214/1214 1208/1208 1181/1181
f 1181/1181 1190/1190 1214/1214
f 1215/1215 1210/1210 1213/1213
f 1213/1213 1216/1216 1215/1215
f 1209/1209 1208/1208 1210/1210
f 1210/1210 1215/1215 1209/1209
f 1217/1217 1218/1218 1219/1219
f 1219/1219 1220/1220 1217/1217
f 1221/1221 1222/1222 1223/1223
f 1223/1223 1224/1224 1221/1221
f 1225/1225 1222/1222 1221/1221
f 1221/1221 1226/1226 1225/1225
f 1203/1203 1204/1204 1226/1226
f 1226/1226 1221/1221 1203/1203
f 1207/1207 1223/1223 1222/1222
f 1222/1222 1205/1205 1207/1207
f 546/546 1227/1227 538/538
f 551/551 547/547 552/552
f 552/552 530/530 529/529
f 552/552 529/529 549/549
f 549/549 529/529 535/535
f 1227/1227 1228/1228 539/539
f 555/555 547/547 551/551
f 1228/1228 1227/1227 557/557
f 1229/1229 1230/1230 1231/1231
f 1227/1227 546/546 558/558
f 557/557 1227/1227 558/558
f 539/539 538/538 1227/1227
f 579/579 578/578 1232/1232
f 547/547 530/530 552/552
f 1233/1233 583/583 1234/1234
f 628/628 598/598 1233/1233
f 583/583 598/598 672/672
f 612/612 609/609 608/608
f 1235/1235 1236/1236 669/669
f 1234/1234 583/583 582/582
f 1237/1237 1238/1238 585/585
f 669/669 1239/1239 670/670
f 608/608 607/607 1240/1240
f 582/582 1238/1238 1234/1234
f 1241/1241 640/640 601/601
f 601/601 1242/1242 1241/1241
f 601/601 600/600 1242/1242
f 587/587 1243/1243 588/588
f 619/619 1244/1244 620/620
f 1239/1239 1245/1245 672/672
f 623/623 589/589 588/588
f 1237/1237 587/587 586/586
f 586/586 1238/1238 1237/1237
f 640/640 589/589 601/601
f 1235/1235 669/669 668/668
f 631/631 636/636 632/632
f 1246/1246 636/636 665/665
f 1246/1246 637/637 636/636
f 619/619 1246/1246 1244/1244
f 637/637 619/619 618/618
f 633/633 635/635 622/622
f 1247/1247 609/609 612/612
f 674/674 639/639 622/622
f 622/622 635/635 614/614
f 621/621 674/674 622/622
f 608/608 1236/1236 1235/1235
f 1240/1240 1239/1239 669/669
f 601/601 589/589 623/623
f 658/658 1248/1248 667/667
f 655/655 667/667 659/659
f 645/645 644/644 649/649
f 1248/1248 648/648 647/647
f 666/666 631/631 630/630
f 659/659 656/656 655/655
f 657/657 1249/1249 1250/1250
f 665/665 631/631 664/664
f 1250/1250 1249/1249 648/648
f 648/648 1249/1249 662/662
f 649/649 663/663 1251/1251
f 664/664 647/647 643/643
f 658/658 667/667 655/655
f 658/658 1250/1250 1248/1248
f 1250/1250 648/648 1248/1248
f 649/649 1251/1251 645/645
f 658/658 657/657 1250/1250
f 1239/1239 672/672 670/670
f 1246/1246 665/665 1244/1244
f 637/637 1246/1246 619/619
f 660/660 1244/1244 661/661
f 661/661 1244/1244 665/665
f 631/631 665/665 636/636
f 647/647 644/644 643/643
f 672/672 584/584 583/583
f 672/672 1245/1245 584/584
f 638/638 673/673 650/650
f 639/639 633/633 622/622
f 666/666 1248/1248 631/631
f 631/631 1248/1248 664/664
f 666/666 667/667 1248/1248
f 1248/1248 647/647 664/664
f 1236/1236 1240/1240 669/669
f 608/608 1240/1240 1236/1236
f 608/608 1235/1235 610/610
f 677/677 1252/1252 678/678
f 1253/1253 675/675 1254/1254
f 1253/1253 1255/1255 676/676
f 628/628 599/599 598/598
f 1238/1238 582/582 585/585
f 1252/1252 1238/1238 1256/1256
f 1238/1238 586/586 1256/1256
f 1256/1256 586/586 1254/1254
f 1257/1257 1258/1258 1259/1259
f 1259/1259 1260/1260 1261/1261
f 1261/1261 1257/1257 1259/1259
f 1253/1253 676/676 675/675
f 678/678 1256/1256 675/675
f 1252/1252 1256/1256 678/678
f 1256/1256 1254/1254 675/675
f 1233/1233 598/598 583/583
f 1262/1262 1263/1263 1264/1264
f 1265/1265 1263/1263 1266/1266
f 1263/1263 1267/1267 1266/1266
f 1263/1263 1262/1262 1267/1267
f 1268/1268 1269/1269 1270/1270
f 1268/1268 1271/1271 1272/1272
f 1268/1268 1270/1270 1271/1271
f 1268/1268 1272/1272 1273/1273
f 1274/1274 1275/1275 1276/1276
f 1277/1277 1278/1278 1276/1276
f 1275/1275 1277/1277 1276/1276
f 1278/1278 1279/1279 1276/1276
f 750/750 749/749 1280/1280
f 1281/1281 756/756 1282/1282
f 757/757 755/755 754/754
f 751/751 1281/1281 752/752
f 753/753 756/756 1281/1281
f 736/736 735/735 744/744
f 1283/1283 761/761 760/760
f 1284/1284 1285/1285 1286/1286
f 759/759 758/758 1287/1287
f 758/758 762/762 1287/1287
f 740/740 739/739 1287/1287
f 1288/1288 1289/1289 1286/1286
f 762/762 740/740 1287/1287
f 778/778 777/777 769/769
f 771/771 785/785 765/765
f 771/771 765/765 764/764
f 774/774 778/778 769/769
f 1290/1290 1291/1291 1292/1292
f 1290/1290 1292/1292 1293/1293
f 1290/1290 1293/1293 1294/1294
f 1290/1290 1295/1295 1291/1291
f 1290/1290 1294/1294 1295/1295
f 788/788 786/786 789/789
f 776/776 794/794 789/789
f 802/802 805/805 825/825
f 815/815 843/843 814/814
f 839/839 1296/1296 1297/1297
f 803/803 837/837 834/834
f 1297/1297 809/809 839/839
f 831/831 830/830 1298/1298
f 800/800 813/813 811/811
f 799/799 831/831 1298/1298
f 829/829 1298/1298 830/830
f 1296/1296 838/838 1299/1299
f 822/822 833/833 812/812
f 834/834 819/819 804/804
f 804/804 803/803 834/834
f 799/799 1298/1298 812/812
f 811/811 813/813 1297/1297
f 1300/1300 820/820 1301/1301
f 818/818 821/821 805/805
f 826/826 843/843 815/815
f 804/804 818/818 805/805
f 816/816 824/824 1301/1301
f 816/816 1301/1301 817/817
f 804/804 819/819 818/818
f 1297/1297 813/813 834/834
f 1302/1302 810/810 1303/1303
f 829/829 812/812 1298/1298
f 829/829 828/828 822/822
f 829/829 822/822 812/812
f 811/811 1297/1297 1303/1303
f 1300/1300 835/835 820/820
f 821/821 836/836 805/805
f 820/820 817/817 1301/1301
f 833/833 819/819 834/834
f 1297/1297 1296/1296 1303/1303
f 810/810 811/811 1303/1303
f 837/837 1297/1297 834/834
f 1297/1297 837/837 809/809
f 822/822 828/828 823/823
f 1296/1296 839/839 838/838
f 836/836 835/835 1304/1304
f 805/805 836/836 840/840
f 835/835 1305/1305 1304/1304
f 836/836 1304/1304 840/840
f 835/835 1300/1300 1305/1305
f 1306/1306 1307/1307 1308/1308
f 1309/1309 1310/1310 1307/1307
f 1311/1311 1312/1312 1307/1307
f 1313/1313 1311/1311 1306/1306
f 1306/1306 1311/1311 1307/1307
f 1307/1307 1314/1314 1308/1308
f 1307/1307 1310/1310 1314/1314
f 1315/1315 1309/1309 1307/1307
f 1310/1310 1316/1316 1314/1314
f 1317/1317 852/852 851/851
f 1317/1317 856/856 852/852
f 1310/1310 1318/1318 1316/1316
f 1312/1312 1315/1315 1307/1307
f 1319/1319 1320/1320 1321/1321
f 1320/1320 1322/1322 1321/1321
f 858/858 1323/1323 1321/1321
f 1323/1323 1319/1319 1321/1321
f 860/860 1324/1324 857/857
f 858/858 1321/1321 859/859
f 864/864 1325/1325 861/861
f 864/864 1326/1326 1325/1325
f 1327/1327 1328/1328 1329/1329
f 1327/1327 1329/1329 1330/1330
f 1331/1331 1332/1332 1333/1333
f 1334/1334 1335/1335 1336/1336
f 1306/1306 1308/1308 1337/1337
f 1338/1338 1337/1337 1339/1339
f 1340/1340 1337/1337 1341/1341
f 1313/1313 1306/1306 1340/1340
f 1306/1306 1337/1337 1340/1340
f 1337/1337 1308/1308 1314/1314
f 1337/1337 1314/1314 1339/1339
f 1342/1342 1337/1337 1338/1338
f 1339/1339 1314/1314 1316/1316
f 1343/1343 876/876 875/875
f 1343/1343 875/875 880/880
f 1339/1339 1316/1316 1318/1318
f 1341/1341 1337/1337 1342/1342
f 1344/1344 1345/1345 1346/1346
f 1346/1346 1345/1345 1347/1347
f 884/884 1345/1345 1348/1348
f 1348/1348 1345/1345 1344/1344
f 882/882 881/881 1349/1349
f 884/884 883/883 1345/1345
f 886/886 885/885 1325/1325
f 888/888 870/870 1350/1350
f 886/886 1325/1325 1326/1326
f 1351/1351 1352/1352 1353/1353
f 1351/1351 1354/1354 1352/1352
f 1331/1331 1333/1333 1355/1355
f 1334/1334 1356/1356 1335/1335
f 870/870 869/869 1350/1350
f 1238/1238 1252/1252 1234/1234
f 598/598 591/591 672/672
f 909/909 903/903 1357/1357
f 914/914 913/913 910/910
f 913/913 892/892 891/891
f 913/913 912/912 892/892
f 912/912 898/898 892/892
f 1357/1357 902/902 1358/1358
f 916/916 914/914 910/910
f 1358/1358 922/922 1357/1357
f 1359/1359 1360/1360 1361/1361
f 1357/1357 921/921 909/909
f 922/922 921/921 1357/1357
f 902/902 1357/1357 903/903
f 940/940 1362/1362 941/941
f 910/910 913/913 891/891
f 1233/1233 1234/1234 948/948
f 628/628 1233/1233 958/958
f 948/948 1021/1021 958/958
f 968/968 966/966 965/965
f 1235/1235 1020/1020 1363/1363
f 1234/1234 945/945 948/948
f 1364/1364 946/946 1365/1365
f 1020/1020 1019/1019 1366/1366
f 966/966 1367/1367 967/967
f 945/945 1234/1234 1365/1365
f 1368/1368 963/963 993/993
f 963/963 1368/1368 1369/1369
f 963/963 1369/1369 960/960
f 952/952 951/951 1370/1370
f 976/976 975/975 1371/1371
f 1366/1366 1021/1021 1372/1372
f 980/980 951/951 950/950
f 1364/1364 949/949 952/952
f 949/949 1364/1364 1365/1365
f 993/993 963/963 950/950
f 1235/1235 668/668 1020/1020
f 986/986 985/985 990/990
f 1373/1373 1016/1016 990/990
f 1373/1373 990/990 989/989
f 976/976 1371/1371 1373/1373
f 989/989 974/974 976/976
f 984/984 977/977 987/987
f 1374/1374 968/968 965/965
f 1023/1023 977/977 992/992
f 977/977 972/972 987/987
f 978/978 977/977 1023/1023
f 966/966 1235/1235 1363/1363
f 1367/1367 1020/1020 1366/1366
f 963/963 980/980 950/950
f 1008/1008 1018/1018 1375/1375
f 1006/1006 1010/1010 1018/1018
f 996/996 999/999 997/997
f 1375/1375 998/998 1000/1000
f 1017/1017 983/983 986/986
f 1010/1010 1006/1006 1005/1005
f 1009/1009 1376/1376 1377/1377
f 1016/1016 1015/1015 986/986
f 1376/1376 1000/1000 1377/1377
f 1000/1000 1014/1014 1377/1377
f 999/999 1378/1378 1013/1013
f 1015/1015 994/994 998/998
f 1008/1008 1006/1006 1018/1018
f 1008/1008 1375/1375 1376/1376
f 1376/1376 1375/1375 1000/1000
f 999/999 996/996 1378/1378
f 1008/1008 1376/1376 1009/1009
f 1366/1366 1019/1019 1021/1021
f 1373/1373 1371/1371 1016/1016
f 989/989 976/976 1373/1373
f 1011/1011 1012/1012 1371/1371
f 1012/1012 1016/1016 1371/1371
f 986/986 990/990 1016/1016
f 998/998 994/994 997/997
f 1021/1021 948/948 947/947
f 1021/1021 947/947 1372/1372
f 991/991 1001/1001 1022/1022
f 992/992 977/977 984/984
f 1017/1017 986/986 1375/1375
f 986/986 1015/1015 1375/1375
f 1017/1017 1375/1375 1018/1018
f 1375/1375 1015/1015 998/998
f 1363/1363 1020/1020 1367/1367
f 966/966 1363/1363 1367/1367
f 966/966 610/610 1235/1235
f 677/677 1025/1025 1252/1252
f 1379/1379 1380/1380 1024/1024
f 1379/1379 676/676 1255/1255
f 628/628 958/958 959/959
f 1365/1365 946/946 945/945
f 1252/1252 1381/1381 1365/1365
f 1365/1365 1381/1381 949/949
f 1381/1381 1380/1380 949/949
f 1382/1382 1259/1259 1383/1383
f 1259/1259 1384/1384 1260/1260
f 1384/1384 1259/1259 1382/1382
f 1379/1379 1024/1024 676/676
f 1025/1025 1024/1024 1381/1381
f 1252/1252 1025/1025 1381/1381
f 1381/1381 1024/1024 1380/1380
f 1233/1233 948/948 958/958
f 1385/1385 1264/1264 1263/1263
f 1386/1386 1387/1387 1263/1263
f 1263/1263 1387/1387 1388/1388
f 1263/1263 1388/1388 1385/1385
f 1389/1389 1390/1390 1391/1391
f 1389/1389 1392/1392 1393/1393
f 1389/1389 1393/1393 1390/1390
f 1389/1389 1394/1394 1392/1392
f 1395/1395 1396/1396 1397/1397
f 1398/1398 1396/1396 1399/1399
f 1397/1397 1396/1396 1398/1398
f 1399/1399 1396/1396 1400/1400
f 1089/1089 1401/1401 1090/1090
f 1402/1402 1403/1403 1094/1094
f 1097/1097 1096/1096 1095/1095
f 1091/1091 1092/1092 1402/1402
f 1093/1093 1402/1402 1094/1094
f 1074/1074 1084/1084 1075/1075
f 1404/1404 1101/1101 1100/1100
f 1405/1405 1406/1406 1407/1407
f 1098/1098 1408/1408 1099/1099
f 1099/1099 1408/1408 1102/1102
f 1078/1078 1408/1408 1079/1079
f 1409/1409 1406/1406 1410/1410
f 1102/1102 1408/1408 1078/1078
f 1118/1118 1109/1109 1119/1119
f 1112/1112 1105/1105 1126/1126
f 1112/1112 1106/1106 1105/1105
f 1113/1113 1109/1109 1118/1118
f 1411/1411 1412/1412 1413/1413
f 1411/1411 1414/1414 1412/1412
f 1411/1411 1415/1415 1414/1414
f 1411/1411 1413/1413 1416/1416
f 1411/1411 1416/1416 1415/1415
f 1128/1128 1131/1131 1125/1125
f 1116/1116 1131/1131 1136/1136
f 1142/1142 1166/1166 1143/1143
f 1155/1155 1154/1154 1179/1179
f 1175/1175 1417/1417 1296/1296
f 1145/1145 1170/1170 1173/1173
f 1417/1417 1175/1175 1147/1147
f 831/831 1418/1418 830/830
f 1140/1140 1151/1151 1152/1152
f 1141/1141 1418/1418 831/831
f 1167/1167 830/830 1418/1418
f 1296/1296 1299/1299 1174/1174
f 1162/1162 1153/1153 1169/1169
f 1170/1170 1144/1144 1157/1157
f 1144/1144 1170/1170 1145/1145
f 1141/1141 1153/1153 1418/1418
f 1151/1151 1417/1417 1152/1152
f 1419/1419 1420/1420 1161/1161
f 1158/1158 1143/1143 1160/1160
f 1165/1165 1155/1155 1179/1179
f 1144/1144 1143/1143 1158/1158
f 1156/1156 1420/1420 1163/1163
f 1156/1156 1159/1159 1420/1420
f 1144/1144 1158/1158 1157/1157
f 1417/1417 1170/1170 1152/1152
f 1302/1302 1303/1303 1150/1150
f 1167/1167 1418/1418 1153/1153
f 1167/1167 1162/1162 1168/1168
f 1167/1167 1153/1153 1162/1162
f 1151/1151 1303/1303 1417/1417
f 1419/1419 1161/1161 1172/1172
f 1160/1160 1143/1143 1171/1171
f 1161/1161 1420/1420 1159/1159
f 1169/1169 1170/1170 1157/1157
f 1417/1417 1303/1303 1296/1296
f 1150/1150 1303/1303 1151/1151
f 1173/1173 1170/1170 1417/1417
f 1417/1417 1147/1147 1173/1173
f 1162/1162 1164/1164 1168/1168
f 1296/1296 1174/1174 1175/1175
f 1171/1171 1421/1421 1172/1172
f 1143/1143 1176/1176 1171/1171
f 1172/1172 1421/1421 1422/1422
f 1171/1171 1176/1176 1421/1421
f 1172/1172 1422/1422 1419/1419
f 1423/1423 1424/1424 1425/1425
f 1426/1426 1425/1425 1427/1427
f 1428/1428 1425/1425 1429/1429
f 1430/1430 1423/1423 1428/1428
f 1423/1423 1425/1425 1428/1428
f 1425/1425 1424/1424 1431/1431
f 1425/1425 1431/1431 1427/1427
f 1432/1432 1425/1425 1426/1426
f 1427/1427 1431/1431 1433/1433
f 1434/1434 1187/1187 1186/1186
f 1434/1434 1186/1186 1192/1192
f 1427/1427 1433/1433 1435/1435
f 1429/1429 1425/1425 1432/1432
f 1436/1436 1437/1437 1438/1438
f 1438/1438 1437/1437 1439/1439
f 1196/1196 1437/1437 1440/1440
f 1440/1440 1437/1437 1436/1436
f 1194/1194 1193/1193 1441/1441
f 1196/1196 1195/1195 1437/1437
f 1198/1198 1197/1197 1442/1442
f 1198/1198 1442/1442 1443/1443
f 1444/1444 1445/1445 1446/1446
f 1444/1444 1447/1447 1445/1445
f 1448/1448 1449/1449 1450/1450
f 1451/1451 1452/1452 1453/1453
f 1423/1423 1454/1454 1424/1424
f 1455/1455 1456/1456 1454/1454
f 1457/1457 1458/1458 1454/1454
f 1430/1430 1457/1457 1423/1423
f 1423/1423 1457/1457 1454/1454
f 1454/1454 1431/1431 1424/1424
f 1454/1454 1456/1456 1431/1431
f 1459/1459 1455/1455 1454/1454
f 1456/1456 1433/1433 1431/1431
f 1460/1460 1213/1213 1212/1212
f 1460/1460 1216/1216 1213/1213
f 1456/1456 1435/1435 1433/1433
f 1458/1458 1459/1459 1454/1454
f 1461/1461 1462/1462 1463/1463
f 1462/1462 1464/1464 1463/1463
f 1218/1218 1465/1465 1463/1463
f 1465/1465 1461/1461 1463/1463
f 1220/1220 1466/1466 1217/1217
f 1218/1218 1463/1463 1219/1219
f 1224/1224 1442/1442 1221/1221
f 1222/1222 1225/1225 1205/1205
f 1224/1224 1443/1443 1442/1442
f 1467/1467 1468/1468 1469/1469
f 1467/1467 1469/1469 1470/1470
f 1448/1448 1471/1471 1449/1449
f 1451/1451 1453/1453 1472/1472
f 1205/1205 1225/1225 1206/1206
f 1365/1365 1234/1234 1252/1252
f 958/958 1021/1021 956/956
f 1473/1473 1474/1474 1475/1475
f 1475/1475 1476/1476 1473/1473
f 1477/1477 1478/1478 1479/1479
f 1479/1479 1480/1480 1477/1477
f 1480/1480 1481/1481 1482/1482
f 1482/1482 1477/1477 1480/1480
f 1483/1483 1484/1484 1485/1485
f 1485/1485 1486/1486 1483/1483
f 1487/1487 1488/1488 1489/1489
f 1489/1489 1490/1490 1487/1487
f 1491/1491 1492/1492 1493/1493
f 1493/1493 1494/1494 1491/1491
f 1495/1495 1487/1487 1490/1490
f 1490/1490 1496/1496 1495/1495
f 1497/1497 1491/1491 1494/1494
f 1494/1494 1498/1498 1497/1497
f 1499/1499 1497/1497 1498/1498
f 1498/1498 1500/1500 1499/1499
f 1500/1500 1501/1501 1502/1502
f 1502/1502 1499/1499 1500/1500
f 1503/1503 1504/1504 1505/1505
f 1505/1505 1506/1506 1503/1503
f 1507/1507 1508/1508 1509/1509
f 1509/1509 1510/1510 1507/1507
f 1511/1511 1512/1512 1513/1513
f 1514/1514 1515/1515 1516/1516
f 1517/1517 1518/1518 1519/1519
f 1519/1519 1520/1520 1517/1517
f 1521/1521 1522/1522 1523/1523
f 1522/1522 1521/1521 1514/1514
f 1477/1477 1524/1524 1525/1525
f 1525/1525 1478/1478 1477/1477
f 1524/1524 1477/1477 1482/1482
f 1482/1482 1526/1526 1524/1524
f 1527/1527 1528/1528 1529/1529
f 1529/1529 1530/1530 1527/1527
f 1531/1531 1532/1532 1533/1533
f 1533/1533 1534/1534 1531/1531
f 1535/1535 1536/1536 1537/1537
f 1537/1537 1538/1538 1535/1535
f 1539/1539 1540/1540 1532/1532
f 1532/1532 1531/1531 1539/1539
f 1541/1541 1542/1542 1536/1536
f 1536/1536 1535/1535 1541/1541
f 1543/1543 1544/1544 1542/1542
f 1542/1542 1541/1541 1543/1543
f 1544/1544 1543/1543 1545/1545
f 1545/1545 1546/1546 1544/1544
f 1547/1547 1548/1548 1549/1549
f 1549/1549 1550/1550 1547/1547
f 1551/1551 1552/1552 1553/1553
f 1553/1553 1554/1554 1551/1551
f 1555/1555 1515/1515 1556/1556
f 1557/1557 1558/1558 1519/1519
f 1519/1519 1559/1559 1557/1557
f 1560/1560 1523/1523 1555/1555
f 1560/1560 1555/1555 1556/1556
f 1561/1561 1562/1562 1563/1563
f 1564/1564 1563/1563 1562/1562
f 1480/1480 1565/1565 1566/1566
f 1567/1567 1568/1568 1569/1569
f 1570/1570 1569/1569 1568/1568
f 1571/1571 1479/1479 1572/1572
f 1478/1478 1572/1572 1479/1479
f 1563/1563 1573/1573 1574/1574
f 1567/1567 1574/1574 1573/1573
f 1575/1575 1563/1563 1565/1565
f 1564/1564 1565/1565 1563/1563
f 1511/1511 1576/1576 1573/1573
f 1567/1567 1573/1573 1576/1576
f 1563/1563 1575/1575 1573/1573
f 1577/1577 1573/1573 1575/1575
f 1578/1578 1577/1577 1579/1579
f 1580/1580 1579/1579 1577/1577
f 1572/1572 1515/1515 1571/1571
f 1514/1514 1571/1571 1515/1515
f 1581/1581 1579/1579 1521/1521
f 1580/1580 1521/1521 1579/1579
f 1573/1573 1577/1577 1512/1512
f 1578/1578 1512/1512 1577/1577
f 1575/1575 1565/1565 1479/1479
f 1481/1481 1480/1480 1582/1582
f 1480/1480 1566/1566 1582/1582
f 1569/1569 1574/1574 1567/1567
f 1583/1583 1584/1584 1585/1585
f 1561/1561 1563/1563 1586/1586
f 1587/1587 1581/1581 1521/1521
f 1514/1514 1577/1577 1575/1575
f 1587/1587 1521/1521 1523/1523
f 1521/1521 1580/1580 1514/1514
f 1514/1514 1575/1575 1571/1571
f 1575/1575 1479/1479 1571/1571
f 1586/1586 1563/1563 1588/1588
f 1574/1574 1588/1588 1563/1563
f 1519/1519 1589/1589 1590/1590
f 1519/1519 1591/1591 1589/1589
f 1519/1519 1518/1518 1591/1591
f 1592/1592 1566/1566 1565/1565
f 1580/1580 1577/1577 1514/1514
f 1479/1479 1565/1565 1480/1480
f 1593/1593 1594/1594 1595/1595
f 1595/1595 1596/1596 1593/1593
f 1597/1597 1524/1524 1598/1598
f 1568/1568 1599/1599 1600/1600
f 1600/1600 1570/1570 1568/1568
f 1525/1525 1601/1601 1572/1572
f 1572/1572 1478/1478 1525/1525
f 1513/1513 1595/1595 1602/1602
f 1602/1602 1599/1599 1513/1513
f 1595/1595 1603/1603 1597/1597
f 1597/1597 1596/1596 1595/1595
f 1576/1576 1511/1511 1513/1513
f 1513/1513 1599/1599 1576/1576
f 1603/1603 1595/1595 1513/1513
f 1513/1513 1604/1604 1603/1603
f 1604/1604 1578/1578 1579/1579
f 1579/1579 1605/1605 1604/1604
f 1515/1515 1572/1572 1601/1601
f 1601/1601 1556/1556 1515/1515
f 1579/1579 1581/1581 1560/1560
f 1560/1560 1605/1605 1579/1579
f 1604/1604 1513/1513 1512/1512
f 1512/1512 1578/1578 1604/1604
f 1597/1597 1603/1603 1525/1525
f 1524/1524 1526/1526 1606/1606
f 1598/1598 1524/1524 1606/1606
f 1602/1602 1600/1600 1599/1599
f 1607/1607 1583/1583 1585/1585
f 1595/1595 1594/1594 1608/1608
f 1581/1581 1587/1587 1560/1560
f 1604/1604 1556/1556 1603/1603
f 1560/1560 1587/1587 1523/1523
f 1605/1605 1560/1560 1556/1556
f 1603/1603 1556/1556 1601/1601
f 1525/1525 1603/1603 1601/1601
f 1595/1595 1608/1608 1609/1609
f 1609/1609 1602/1602 1595/1595
f 1610/1610 1519/1519 1590/1590
f 1611/1611 1519/1519 1610/1610
f 1559/1559 1519/1519 1611/1611
f 1598/1598 1612/1612 1597/1597
f 1604/1604 1605/1605 1556/1556
f 1597/1597 1525/1525 1524/1524
f 1613/1613 1614/1614 1615/1615
f 1616/1616 1617/1617 1618/1618
f 1619/1619 1617/1617 1616/1616
f 1620/1620 1621/1621 1622/1622
f 1623/1623 1613/1613 1624/1624
f 1625/1625 1622/1622 1626/1626
f 1620/1620 1622/1622 1627/1627
f 1628/1628 1617/1617 1619/1619
f 1629/1629 1617/1617 1628/1628
f 1627/1627 1622/1622 1630/1630
f 1630/1630 1622/1622 1625/1625
f 1631/1631 1617/1617 1629/1629
f 1632/1632 1624/1624 1615/1615
f 1633/1633 1623/1623 1624/1624
f 1624/1624 1613/1613 1615/1615
f 1634/1634 1613/1613 1623/1623
f 1621/1621 1635/1635 1622/1622
f 1618/1618 1617/1617 1636/1636
f 1637/1637 1619/1619 1616/1616
f 1638/1638 1620/1620 1627/1627
f 1511/1511 1573/1573 1512/1512
f 1639/1639 1640/1640 1641/1641
f 1641/1641 1642/1642 1639/1639
f 1640/1640 1639/1639 1643/1643
f 1643/1643 1644/1644 1640/1640
f 1645/1645 1646/1646 1647/1647
f 1647/1647 1648/1648 1645/1645
f 1649/1649 1650/1650 1651/1651
f 1651/1651 1652/1652 1649/1649
f 1653/1653 1654/1654 1655/1655
f 1655/1655 1656/1656 1653/1653
f 1657/1657 1658/1658 1650/1650
f 1650/1650 1649/1649 1657/1657
f 1659/1659 1660/1660 1654/1654
f 1654/1654 1653/1653 1659/1659
f 1661/1661 1662/1662 1660/1660
f 1660/1660 1659/1659 1661/1661
f 1662/1662 1661/1661 1663/1663
f 1663/1663 1664/1664 1662/1662
f 1665/1665 1666/1666 1667/1667
f 1667/1667 1668/1668 1665/1665
f 1669/1669 1670/1670 1671/1671
f 1671/1671 1672/1672 1669/1669
f 1673/1673 1674/1674 1675/1675
f 1676/1676 1677/1677 1678/1678
f 1679/1679 1680/1680 1681/1681
f 1681/1681 1682/1682 1679/1679
f 1683/1683 1684/1684 1676/1676
f 1676/1676 1678/1678 1683/1683
f 1639/1639 1642/1642 1685/1685
f 1685/1685 1686/1686 1639/1639
f 1686/1686 1687/1687 1643/1643
f 1643/1643 1639/1639 1686/1686
f 1688/1688 1689/1689 1690/1690
f 1690/1690 1691/1691 1688/1688
f 1692/1692 1693/1693 1694/1694
f 1694/1694 1695/1695 1692/1692
f 1696/1696 1697/1697 1698/1698
f 1698/1698 1699/1699 1696/1696
f 1700/1700 1692/1692 1695/1695
f 1695/1695 1701/1701 1700/1700
f 1702/1702 1696/1696 1699/1699
f 1699/1699 1703/1703 1702/1702
f 1704/1704 1702/1702 1703/1703
f 1703/1703 1705/1705 1704/1704
f 1705/1705 1706/1706 1707/1707
f 1707/1707 1704/1704 1705/1705
f 1708/1708 1709/1709 1710/1710
f 1710/1710 1711/1711 1708/1708
f 1712/1712 1713/1713 1714/1714
f 1714/1714 1715/1715 1712/1712
f 1716/1716 1677/1677 1717/1717
f 1718/1718 1719/1719 1681/1681
f 1681/1681 1720/1720 1718/1718
f 1721/1721 1722/1722 1684/1684
f 1721/1721 1716/1716 1722/1722
f 1723/1723 1724/1724 1725/1725
f 1726/1726 1725/1725 1724/1724
f 1640/1640 1727/1727 1728/1728
f 1729/1729 1730/1730 1731/1731
f 1732/1732 1731/1731 1730/1730
f 1733/1733 1734/1734 1641/1641
f 1642/1642 1641/1641 1734/1734
f 1724/1724 1735/1735 1675/1675
f 1729/1729 1675/1675 1735/1735
f 1736/1736 1728/1728 1724/1724
f 1726/1726 1724/1724 1728/1728
f 1673/1673 1675/1675 1737/1737
f 1729/1729 1737/1737 1675/1675
f 1724/1724 1675/1675 1736/1736
f 1738/1738 1736/1736 1675/1675
f 1739/1739 1740/1740 1738/1738
f 1741/1741 1738/1738 1740/1740
f 1734/1734 1733/1733 1677/1677
f 1678/1678 1677/1677 1733/1733
f 1742/1742 1683/1683 1740/1740
f 1741/1741 1740/1740 1683/1683
f 1675/1675 1674/1674 1738/1738
f 1739/1739 1738/1738 1674/1674
f 1736/1736 1641/1641 1728/1728
f 1644/1644 1743/1743 1640/1640
f 1640/1640 1743/1743 1727/1727
f 1730/1730 1729/1729 1735/1735
f 1744/1744 1745/1745 1746/1746
f 1723/1723 1747/1747 1724/1724
f 1748/1748 1683/1683 1742/1742
f 1678/1678 1736/1736 1738/1738
f 1748/1748 1684/1684 1683/1683
f 1683/1683 1678/1678 1741/1741
f 1678/1678 1733/1733 1736/1736
f 1736/1736 1733/1733 1641/1641
f 1747/1747 1749/1749 1724/1724
f 1735/1735 1724/1724 1749/1749
f 1681/1681 1750/1750 1751/1751
f 1681/1681 1751/1751 1752/1752
f 1681/1681 1752/1752 1682/1682
f 1753/1753 1728/1728 1727/1727
f 1741/1741 1678/1678 1738/1738
f 1641/1641 1640/1640 1728/1728
f 1754/1754 1755/1755 1756/1756
f 1755/1755 1754/1754 1757/1757
f 1758/1758 1759/1759 1686/1686
f 1731/1731 1760/1760 1761/1761
f 1760/1760 1731/1731 1732/1732
f 1685/1685 1734/1734 1762/1762
f 1734/1734 1685/1685 1642/1642
f 1763/1763 1764/1764 1755/1755
f 1764/1764 1763/1763 1761/1761
f 1755/1755 1758/1758 1765/1765
f 1758/1758 1755/1755 1757/1757
f 1737/1737 1763/1763 1673/1673
f 1763/1763 1737/1737 1761/1761
f 1765/1765 1763/1763 1755/1755
f 1763/1763 1765/1765 1766/1766
f 1766/1766 1740/1740 1739/1739
f 1740/1740 1766/1766 1767/1767
f 1677/1677 1762/1762 1734/1734
f 1762/1762 1677/1677 1716/1716
f 1740/1740 1721/1721 1742/1742
f 1721/1721 1740/1740 1767/1767
f 1766/1766 1674/1674 1763/1763
f 1674/1674 1766/1766 1739/1739
f 1758/1758 1685/1685 1765/1765
f 1686/1686 1768/1768 1687/1687
f 1759/1759 1768/1768 1686/1686
f 1764/1764 1761/1761 1760/1760
f 1769/1769 1745/1745 1744/1744
f 1755/1755 1770/1770 1756/1756
f 1742/1742 1721/1721 1748/1748
f 1766/1766 1765/1765 1716/1716
f 1721/1721 1684/1684 1748/1748
f 1767/1767 1716/1716 1721/1721
f 1765/1765 1762/1762 1716/1716
f 1685/1685 1762/1762 1765/1765
f 1755/1755 1771/1771 1770/1770
f 1771/1771 1755/1755 1764/1764
f 1772/1772 1750/1750 1681/1681
f 1773/1773 1772/1772 1681/1681
f 1719/1719 1773/1773 1681/1681
f 1759/1759 1758/1758 1774/1774
f 1766/1766 1716/1716 1767/1767
f 1758/1758 1686/1686 1685/1685
f 1775/1775 1776/1776 1777/1777
f 1778/1778 1779/1779 1780/1780
f 1781/1781 1778/1778 1780/1780
f 1782/1782 1783/1783 1784/1784
f 1785/1785 1786/1786 1775/1775
f 1787/1787 1788/1788 1783/1783
f 1782/1782 1789/1789 1783/1783
f 1790/1790 1781/1781 1780/1780
f 1791/1791 1790/1790 1780/1780
f 1789/1789 1792/1792 1783/1783
f 1792/1792 1787/1787 1783/1783
f 1793/1793 1791/1791 1780/1780
f 1794/1794 1776/1776 1786/1786
f 1795/1795 1786/1786 1785/1785
f 1786/1786 1776/1776 1775/1775
f 1796/1796 1785/1785 1775/1775
f 1784/1784 1783/1783 1797/1797
f 1779/1779 1798/1798 1780/1780
f 1799/1799 1778/1778 1781/1781
f 1800/1800 1789/1789 1782/1782
f 1673/1673 1763/1763 1674/1674

