mtllib common_dress_female_85492.mtl

g common_dress_female_85492
v 1.140917 -6.559682 61.707620
v -0.005125 -7.012941 61.717350
v 0.517244 -6.392920 60.766080
v 8.701866 3.866711 51.978970
v 5.037538 1.484407 55.450530
v 5.942019 -2.142205 55.160770
v 9.752604 -1.625154 51.632510
v 4.204710 -3.878676 54.804360
v 7.011329 -4.866155 51.237040
v 4.216585 -6.933217 50.519020
v 1.812324 -5.503369 54.364630
v 13.291300 -0.919979 48.036660
v 10.381740 -5.710451 46.883840
v -0.005142 14.850090 48.145590
v 7.129040 12.236760 48.054530
v 10.940180 19.754290 39.023560
v -0.003761 23.669480 39.212090
v 12.588140 6.358850 47.911970
v 5.912534 -8.390289 46.727120
v 2.082285 -9.267076 47.065950
v 3.158928 3.621799 55.443920
v 5.423849 8.514655 52.060420
v -0.005129 10.302040 51.926430
v -0.005130 4.340034 55.518940
v 19.937660 10.436800 39.115840
v 22.281140 -0.429578 40.151790
v 17.362690 -7.149494 38.024480
v -0.005128 -7.904158 50.445960
v -0.005128 -6.066501 54.128190
v 13.347380 -10.484450 36.531360
v 4.811079 -6.198554 63.639450
v 3.527553 -7.088816 63.283180
v 3.352509 -5.951275 62.396430
v 4.560266 -4.493697 62.870930
v 1.871102 -7.268132 63.778930
v 1.717149 -6.474323 62.908200
v 3.466439 -0.962399 71.594770
v 3.851023 -1.783251 70.546260
v 5.175272 -1.078001 70.744010
v 5.045406 0.510471 71.879940
v 4.973771 2.252209 71.298190
v 4.999289 3.180455 69.535980
v 2.205901 3.262492 70.374150
v 2.429593 2.288995 72.222230
v 2.608362 3.415495 68.135600
v 5.284467 3.241019 68.211010
v 5.214083 -3.289853 64.186580
v 5.487241 -0.208155 64.027300
v 5.680467 0.348663 65.237830
v 5.363952 -2.892130 65.774460
v 4.965695 -1.015939 62.203740
v -0.005127 1.571827 63.123470
v -0.005129 2.701310 65.709390
v 2.825995 2.816515 65.736830
v 2.681148 1.803173 63.150000
v 2.422339 -6.104082 60.653770
v -0.005125 -6.600117 61.380140
v -0.005125 -5.884171 58.603690
v 2.190652 -5.254856 58.098610
v 3.503660 -6.955837 67.015920
v 3.653867 -7.675901 65.972330
v 4.710114 -6.889526 65.964870
v 4.567080 -6.169080 66.876100
v 5.175272 -1.078001 70.744010
v 6.429490 -0.927442 70.609680
v 6.324677 0.511237 71.638600
v 5.045406 0.510471 71.879940
v 5.921428 2.192240 71.162530
v 4.973771 2.252209 71.298190
v 5.653804 3.127420 69.397980
v 5.729230 3.199898 68.151520
v 5.284467 3.241019 68.211010
v 4.999289 3.180455 69.535980
v 2.580726 -4.013842 68.922090
v 2.932800 -5.600126 67.919450
v 4.332798 -4.656259 67.778750
v 4.299838 -2.886828 69.148000
v 5.095194 -3.782536 67.234860
v 5.593685 -1.846517 68.816560
v 7.836936 -0.812608 68.446970
v 8.067657 -0.463481 66.466500
v 8.788168 1.181359 65.963210
v 8.582261 1.037243 68.201350
v 6.172449 2.830365 66.623860
v 5.911998 0.893633 66.256890
v 5.690423 1.036068 67.243210
v 7.529340 -0.434828 70.384650
v 7.418643 0.656058 70.990680
v 6.998086 2.072501 70.646130
v 6.247167 -1.502579 68.529510
v -0.005131 3.197174 70.335860
v -0.005130 3.314804 68.000190
v 4.773746 -6.786323 64.814320
v 3.626004 -7.668661 64.601950
v 2.095792 -7.689764 64.910610
v 0.933103 -7.218569 65.711890
v 0.628842 -7.000426 64.812100
v 7.908132 2.709597 60.430860
v 7.717880 1.105813 59.234880
v 7.764729 2.659212 66.655920
v 9.377584 2.641957 60.929140
v 9.871404 1.410997 61.742640
v 8.273794 -0.185701 60.058900
v 8.628956 -0.141240 58.800690
v 10.022420 -0.201509 59.226310
v 9.536388 -0.202429 60.453750
v 8.143089 2.878186 59.362030
v 9.693071 2.809295 59.906850
v 7.717880 1.105813 59.234880
v 8.161742 0.729822 56.230640
v 9.058622 -0.632464 56.777190
v 11.637320 0.876130 57.614970
v 10.672540 2.501064 57.007010
v 9.986276 2.670547 58.959310
v 10.653350 1.341249 60.007580
v 8.468727 2.707860 58.450620
v 8.989492 2.481385 56.408350
v 8.161742 0.729822 56.230640
v 10.551170 -0.762653 57.448360
v 2.419805 0.855958 58.530720
v -0.005127 1.696379 58.578570
v -0.005127 1.392473 60.689680
v 2.435462 0.906978 60.666460
v 0.921421 -6.471607 66.809020
v -0.005127 -5.328218 66.581860
v -0.005126 -5.967835 65.475100
v 3.809719 -0.087695 60.590450
v 4.394832 -1.710110 60.504800
v 4.303246 -1.856741 58.291780
v 3.685475 -0.477224 58.430770
v 2.173470 -7.713732 65.954960
v 5.283535 -4.892023 66.287460
v 5.532485 -3.967831 65.119790
v 3.260227 0.508912 72.607330
v 5.045406 0.510471 71.879940
v 6.035216 -1.357661 67.257690
v 5.593685 -1.846517 68.816560
v 6.602341 -0.695169 66.090570
v 7.564331 2.645499 68.763080
v 0.346392 -6.466484 64.114880
v 4.996134 2.184396 65.503150
v 4.418628 1.056662 62.717510
v 5.911998 0.893633 66.256890
v 5.690423 1.036068 67.243210
v 5.841405 -1.541043 67.326540
v 5.894733 0.861745 67.242360
v 5.894733 0.861745 67.242360
v 5.389593 -5.178902 64.327860
v 5.303149 -5.870792 65.467030
v -0.005130 -2.437523 71.153740
v -0.005129 -3.137845 69.895040
v 2.135410 -2.551057 70.402630
v 1.923759 -1.953678 71.365450
v 2.325644 -6.940862 66.945110
v 0.978004 -4.998381 67.869290
v -0.005125 -6.029294 56.117140
v 2.704458 -5.046349 56.536440
v -0.005136 2.522367 72.185750
v 1.615288 -1.124289 72.395600
v 3.260227 0.508912 72.607330
v -0.005129 3.205096 57.495860
v 4.033872 1.064034 56.775840
v 3.481404 1.056298 75.456700
v 2.558135 -2.021100 75.251080
v 1.518680 -1.229148 73.726180
v 1.908604 0.680929 73.825070
v -0.005120 -2.157226 73.212570
v -0.005130 -2.437523 71.153740
v 1.615288 -1.124289 72.395600
v 1.327734 -4.120456 74.843110
v 3.369565 -5.200217 55.214420
v 5.604388 -1.934524 56.211240
v 3.815506 -3.789678 58.218320
v 4.686193 3.513700 28.373520
v 6.419258 2.629771 28.353760
v 6.545554 3.820334 25.319820
v 4.879284 4.956404 25.361680
v 3.299005 3.666159 24.873090
v 5.070428 5.601506 22.358640
v 3.201653 3.926346 21.788660
v 2.765848 1.099385 21.218850
v 5.237604 -0.450223 21.074610
v 4.896085 -0.857008 26.427200
v 2.758367 0.490657 27.196010
v 6.768885 -4.323041 48.124720
v 5.972939 -4.080866 51.290950
v 4.007655 -4.917464 50.992930
v 4.491741 -5.422842 47.765490
v 7.151774 -4.170959 40.837260
v 7.238574 -4.432233 44.902700
v 4.819086 -5.545060 44.306250
v 4.894018 -5.188450 40.752130
v 1.983880 1.994021 41.374590
v 1.046272 -1.076618 40.913780
v 0.598408 -1.262133 43.800680
v 1.589704 2.101704 45.909550
v 1.752022 -4.536725 47.942120
v 2.070912 -4.518878 43.948370
v 4.043394 3.230601 46.909550
v 6.697806 1.763140 47.324970
v 6.985921 1.451529 45.477280
v 4.125282 2.511187 45.353360
v 1.571713 3.632582 47.142890
v -0.005129 -2.157127 46.280970
v -0.005129 1.493511 46.180830
v 0.447398 -2.134688 46.308360
v -0.005129 -4.687535 47.839770
v -0.005129 -2.157127 46.280970
v 0.447398 -2.134688 46.308360
v -0.005129 -5.466825 50.063020
v 0.598408 -1.262133 43.800680
v 3.898671 3.725961 49.137760
v 3.581675 3.592607 51.334220
v 5.583470 1.741513 51.432900
v 6.255534 1.847444 49.332780
v 1.633854 4.246159 49.166440
v 1.645314 4.051091 51.289430
v 6.768594 -2.043069 51.593280
v 7.750466 -1.806643 48.552730
v 2.439483 2.953730 53.744220
v 4.737404 1.355270 53.687030
v 5.825531 -2.079962 53.525950
v 3.394410 2.608366 27.966320
v 2.586931 1.482835 31.666340
v 4.424597 2.367681 32.128380
v 4.686193 3.513700 28.373520
v 2.652617 1.615373 36.618710
v 4.671876 2.387978 36.609150
v 3.116794 -2.901856 31.674050
v 3.393610 -2.052673 29.046690
v 5.682569 -2.167808 29.105980
v 5.897235 -2.884248 31.817090
v 6.419258 2.629771 28.353760
v 6.246254 1.444059 31.745940
v 7.476224 -0.996419 36.226350
v 6.543662 -3.490921 36.143990
v 6.597695 -0.379277 30.755380
v 6.805463 1.045935 36.512970
v 1.769583 -0.745391 36.605130
v 8.209591 -1.359847 41.053960
v 7.073040 1.391602 41.463640
v 5.435624 2.980326 40.386940
v 3.037566 -3.843581 36.545310
v 1.769583 -0.745391 36.605130
v 1.874277 -0.612217 32.473190
v 4.649895 -4.217839 36.348980
v 2.466759 -4.441143 40.841980
v 1.874277 -0.612217 32.473190
v 1.046272 -1.076618 40.913780
v 8.233437 -1.604815 45.393970
v 5.106629 -3.961531 53.165330
v 3.598895 -4.852463 53.011590
v -0.005129 -5.738049 52.363910
v 6.904784 4.212830 22.304840
v 3.394410 2.608366 27.966320
v -0.005129 3.364546 47.423140
v -0.005129 4.003284 51.237930
v -0.005129 4.116437 49.202730
v -0.005129 2.788649 53.799150
v 7.895006 1.211952 21.783350
v 7.405150 0.896515 24.590140
v 4.552174 -4.623899 -0.040510
v 4.953940 -4.475032 1.367152
v 4.654141 -2.422414 2.073027
v 4.078203 -1.601465 -0.040512
v 6.317121 -1.519770 5.793746
v 6.492434 -2.838167 3.255181
v 8.641397 -1.739361 2.114013
v 8.082138 -0.219267 4.937521
v 7.100552 -6.705122 1.155838
v 7.166472 -7.924072 -0.040494
v 8.988533 -3.727999 -0.040457
v 8.599053 -3.685173 1.240968
v 9.170652 -0.603505 -0.040449
v 7.839767 2.528513 3.811419
v 4.078203 -1.601465 -0.040512
v 4.374007 2.399503 3.698265
v 7.839767 2.528513 3.811419
v 9.170652 -0.603505 -0.040449
v 7.004914 4.349704 4.613328
v 5.846726 4.923143 4.814384
v 5.751201 3.607626 8.363730
v 6.654339 3.192499 8.348824
v 4.734199 4.423693 4.539689
v 4.872905 3.215638 8.297927
v 8.988533 -3.727999 -0.040457
v 4.552174 -4.623899 -0.040510
v 4.718801 -0.565278 5.141904
v 4.374007 2.399503 3.698265
v 4.961417 2.667408 2.270993
v 7.175050 2.792796 2.339967
v 7.839767 2.528513 3.811419
v 7.839767 2.528513 3.811419
v 7.175050 2.792796 2.339967
v 6.644384 4.345790 2.798538
v 7.004914 4.349704 4.613328
v 5.846726 4.923143 4.814384
v 5.915616 4.601355 2.882442
v 6.971588 3.896839 19.120460
v 5.163091 5.221126 19.110420
v 3.575117 3.490062 18.703620
v 5.472994 2.705858 -0.040491
v 6.592817 2.801451 -0.040490
v 4.374007 2.399503 3.698265
v 4.734199 4.423693 4.539689
v 5.306393 4.209225 2.767611
v 4.961417 2.667408 2.270993
v 5.498218 3.511777 12.011880
v 6.455698 2.902015 12.098030
v 7.895006 1.211952 21.783350
v 7.850682 1.425182 19.187400
v 2.765848 1.099385 21.218850
v 4.310813 1.254116 11.878000
v 5.730356 0.341758 11.863590
v 7.111912 1.459124 12.940130
v 4.673420 2.871836 11.987850
v 7.423313 1.461963 8.302252
v 6.084400 -0.118547 8.679305
v 7.423313 1.461963 8.302252
v 6.654339 3.192499 8.348824
v 5.751201 3.607626 8.363730
v 4.872905 3.215638 8.297927
v 12.601670 -1.698134 50.501590
v 11.056030 -0.810254 59.094280
v 11.303000 -1.683565 50.155920
v 8.203284 -0.883464 58.208820
v 13.161340 -0.244072 50.498860
v 12.036610 1.129155 59.433130
v 10.720570 -0.253788 49.891350
v 7.037796 0.939186 57.741340
v 11.112140 0.945435 49.702060
v 8.639758 3.380969 57.234380
v 12.517080 0.929095 50.161920
v 10.829900 3.210777 58.271420
v 13.644120 -3.699042 47.978330
v 11.001200 -3.218860 48.430450
v 14.970610 -1.063716 47.272900
v 10.202620 -0.842834 48.449830
v 11.481520 1.415750 47.955780
v 13.766920 1.262722 47.198280
v 9.394669 -6.599465 65.438200
v 9.782328 -5.673726 66.271380
v 6.128927 -5.990409 70.283160
v 5.763678 -6.491474 69.625760
v 8.880312 -6.305919 63.095820
v 10.571850 -5.959268 62.178560
v 12.018260 -6.144172 64.259700
v 12.797950 -4.424819 68.907290
v 10.373800 -4.296350 69.339830
v 9.782328 -5.673726 66.271380
v 10.373800 -4.296350 69.339830
v 13.483570 -3.842447 67.217150
v 13.127250 -5.017548 63.348160
v 15.749560 -2.523676 60.855920
v 16.974860 -2.517593 62.440850
v 14.013690 -4.003551 65.689430
v 13.031560 -3.810220 64.000400
v 14.093160 -3.497512 66.986570
v 7.818898 -4.726692 70.065090
v 7.748105 -5.250162 69.174210
v 17.659420 -0.820565 71.544430
v 18.354890 1.750942 71.307560
v 17.292000 1.872992 75.645840
v 16.634010 -0.028259 75.845630
v 16.881470 -2.121246 64.136960
v 7.037895 -5.194939 68.082030
v 17.652210 -1.820249 67.097310
v 15.410720 -3.509548 70.312990
v 18.355500 1.750305 71.294120
v 18.513290 0.853489 66.363330
v 18.359890 1.747632 71.234020
v 15.969700 -4.688529 71.183360
v 15.234420 -4.113136 72.570880
v 12.835740 -4.650584 71.469150
v 13.386020 -5.439735 70.120360
v 9.977428 -5.078047 69.735380
v 10.294740 -5.796649 68.649290
v 14.593580 -4.277797 68.683500
v 14.779690 -3.615907 68.704770
v 16.201640 -3.605343 71.315190
v 12.835740 -4.650584 71.469150
v 12.879610 -4.433705 69.047560
v 10.236890 -4.879901 68.188200
v 9.977428 -5.078047 69.735380
v 12.511710 -6.654685 72.272420
v 15.157950 -5.923091 73.859750
v 14.062300 -5.366746 74.734340
v 11.661260 -5.834833 73.304930
v 9.706724 -7.113148 69.978180
v 9.185562 -6.246955 70.983810
v 15.261750 -5.030785 72.711360
v 13.047620 -5.550358 70.862560
v 10.188220 -6.103137 69.197470
v 11.661260 -5.834833 73.304930
v 14.062300 -5.366746 74.734340
v 15.261750 -5.030785 72.711360
v 13.047620 -5.550358 70.862560
v 9.185562 -6.246955 70.983810
v 10.188220 -6.103137 69.197470
v 19.443990 1.890238 71.995200
v 18.735170 -0.683378 72.368740
v 17.933160 -0.970147 70.439160
v 18.814380 1.725816 69.968720
v 17.694400 -0.437198 73.175200
v 18.404370 1.840228 72.949580
v 15.786840 0.107616 66.426680
v 15.713900 1.586495 73.005770
v 16.434470 1.631392 72.543050
v 18.335810 1.746943 71.265260
v 18.359890 1.747632 71.234020
v 18.513290 0.853489 66.363330
v 7.716868 7.573396 64.389760
v 4.141544 7.211172 68.612110
v 4.607635 6.860371 69.332530
v 8.301812 6.832604 65.346250
v 7.310556 6.954236 62.114910
v 10.402440 7.505116 63.250000
v 9.056330 6.842713 61.231540
v 9.164520 5.918727 68.584180
v 11.509970 6.455058 68.102460
v 8.301812 6.832604 65.346250
v 11.760480 6.527938 62.494080
v 12.336470 5.847365 66.500350
v 9.164520 5.918727 68.584180
v 14.936060 4.348186 60.347580
v 11.940690 5.404737 63.318730
v 12.835580 5.948273 64.953250
v 16.116480 4.733385 61.904460
v 6.376770 6.333909 68.317290
v 6.557381 5.929721 69.276800
v 13.015730 5.603850 66.313300
v 16.097240 4.503390 63.646910
v 5.811736 5.959155 67.095900
v 14.261210 6.200686 69.594680
v 16.885480 4.656586 66.618190
v 18.359840 2.149731 66.267440
v 14.522310 7.537951 70.278920
v 11.833680 7.673387 69.150320
v 11.560560 6.852732 70.530640
v 13.920930 6.982292 71.750110
v 8.589897 6.642820 68.868330
v 8.745586 7.289465 67.681260
v 13.302640 6.627158 67.876820
v 15.000160 6.543956 70.564390
v 13.638730 6.022094 67.991810
v 11.560560 6.852732 70.530640
v 8.589897 6.642820 68.868330
v 8.908381 6.342335 67.358050
v 11.586060 6.493262 68.239240
v 10.969110 8.764387 70.735690
v 10.277520 7.996400 71.926450
v 12.456500 8.197855 73.730900
v 13.408530 8.854809 72.766560
v 7.847636 8.591131 68.816480
v 7.528021 7.754811 69.948040
v 13.731930 7.892025 71.755410
v 11.468080 7.792434 69.875530
v 8.563370 7.622437 68.182130
v 10.277520 7.996400 71.926450
v 11.468080 7.792434 69.875530
v 13.731930 7.892025 71.755410
v 12.456500 8.197855 73.730900
v 7.528021 7.754811 69.948040
v 8.563370 7.622437 68.182130
v 17.318300 4.223683 70.054960
v 18.146190 4.291966 72.000690
v 17.176300 3.939353 72.851450
v 17.072270 4.139265 71.177540
v 15.519310 2.367473 66.259510
v 18.359840 2.149731 66.267440
v 0.687362 -6.704207 62.909380
v 1.297176 -7.124835 63.361140
v -0.005124 -8.038681 63.992650
v -0.005126 -7.709661 65.463410
v 0.561527 -7.497360 64.874440
v 0.873647 -7.341403 65.545480
v -0.005126 -7.337735 66.463490
v 3.104249 -7.486814 63.902740
v 1.299253 -7.472663 64.459640
v 1.297041 -7.743323 63.944050
v 0.634558 -6.745621 62.295450
v 4.328914 -11.675430 41.770360
v 8.638429 -12.091060 38.232430
v 9.970752 0.366270 57.286700
v 10.829900 3.210777 58.271420
v 12.036610 1.129155 59.433130
v 7.037796 0.939186 57.741340
v 8.203284 -0.883464 58.208820
v 11.056030 -0.810254 59.094280
v 8.639758 3.380969 57.234380
v 4.638707 4.170754 55.217870
v -0.005128 -7.099483 54.189700
v 5.841405 -1.541043 67.326540
v -0.005127 -6.510014 63.558930
v 5.894733 0.861745 67.242360
v 4.318208 -6.223618 53.514270
v 4.073219 -4.412413 60.726520
v 8.197528 0.854587 69.871300
v -0.005128 -4.584770 67.854740
v 0.063185 -11.022690 47.372620
v 2.345981 -8.265285 51.209250
v -0.005128 -9.726799 51.325230
v 10.122570 -0.334373 52.821500
v 6.772857 2.910275 54.761620
v 7.939990 -1.208532 54.912940
v 7.300022 -3.931000 53.421070
v -0.005129 13.940500 50.813350
v -0.005129 9.931741 54.663680
v 3.622361 9.319708 53.188270
v -0.005130 6.722873 56.280180
v 5.554246 6.033416 54.055670
v 1.908604 0.680929 73.825070
v 1.908604 0.680929 73.825070
v -0.005147 3.573910 75.691870
v -0.005136 2.522367 72.185750
v -0.005140 2.208831 73.666410
v 2.429593 2.288995 72.222230
v -0.005131 -2.402391 72.520900
v -0.005131 -2.951380 71.632060
v 0.905177 -2.043195 71.532580
v -0.005130 -2.978190 70.370260
v 0.887396 -12.001150 42.344460
v 2.892533 -9.846165 46.999430
v 0.627883 -10.234780 47.081490
v 4.224984 -7.816818 50.205950
v 0.535004 -7.572742 52.551490
v 0.540639 -8.978214 50.513790
v 6.630843 0.647221 27.428270
v 2.108370 -0.167512 29.509620
v 2.108370 -0.167512 29.509620
v 4.896085 -0.857008 26.427200
v 6.630843 0.647221 27.428270
v 2.758367 0.490657 27.196010
v 2.758367 0.490657 27.196010
v 7.166472 -7.924072 -0.040494
v 6.084400 -0.118547 8.679305
v 6.592817 2.801451 -0.040490
v 5.472994 2.705858 -0.040491
v 5.986001 3.732473 -0.040483
v 4.227568 1.309928 7.986352
v 4.374007 2.399503 3.698265
v 5.472994 2.705858 -0.040491
v 5.986001 3.732473 -0.040483
v 6.592817 2.801451 -0.040490
v 4.227568 1.309928 7.986352
v 8.463692 -1.005127 61.379510
v 11.691530 1.399659 61.998270
v 5.901787 1.223291 59.574360
v 9.079820 4.246425 60.870560
v 1.558518 -6.320851 73.301950
v 13.183420 -5.463248 60.522900
v 10.271440 -2.721768 73.226020
v 6.774972 -6.618393 65.466880
v 13.127250 -5.017548 63.348160
v 12.855620 -1.582233 74.243900
v 13.483570 -3.842447 67.217150
v 12.580460 -1.654673 70.452710
v 4.895224 -6.452561 68.300320
v 12.580460 -1.654673 70.452710
v 10.271440 -2.721768 73.226020
v 10.141140 -1.183373 76.806690
v 13.183420 -5.463248 60.522900
v 10.571850 -5.959268 62.178560
v 8.880312 -6.305919 63.095820
v 6.774972 -6.618393 65.466880
v 4.895224 -6.452561 68.300320
v 6.128927 -5.990409 70.283160
v 1.558518 -6.320851 73.301950
v 12.855620 -1.582233 74.243900
v 12.580460 -1.654673 70.452710
v 17.011570 0.720390 65.687710
v 10.141140 -1.183373 76.806690
v 16.614120 1.351954 66.784670
v 16.614120 1.351954 66.784670
v 17.048990 1.196723 62.965230
v 17.048990 1.196723 62.965230
v 20.748460 1.488499 61.778980
v 10.141140 -1.183373 76.806690
v 3.503228 -5.155817 71.445880
v 18.447180 0.266527 56.737810
v 18.243790 0.426693 60.383020
v 9.603054 -5.436426 75.356390
v 14.587090 -2.386790 74.324620
v 14.815560 -2.156932 75.860150
v 14.638530 1.927274 81.607510
v 14.249260 -1.416366 77.017070
v 14.721780 -2.741484 72.688280
v 11.323780 -3.891424 75.284050
v 7.560170 -5.438102 67.252150
v 10.236890 -4.879901 68.188200
v 12.879610 -4.433705 69.047560
v 17.000670 -3.726333 74.533690
v 13.725200 -4.006890 67.201430
v 16.201640 -3.605343 71.315190
v 15.234420 -4.113136 72.570880
v 17.000670 -3.726333 74.533690
v 14.779690 -3.615907 68.704770
v 7.560170 -5.438102 67.252150
v 13.725200 -4.006890 67.201430
v 15.415360 -4.948386 78.019790
v 15.857740 -4.887734 74.622680
v 8.362509 -6.486681 69.651000
v 7.754562 -6.742663 67.229450
v 15.857740 -4.887734 74.622680
v 15.415360 -4.948386 78.019790
v 7.754562 -6.742663 67.229450
v 8.362509 -6.486681 69.651000
v 15.142350 -3.068977 73.937520
v 15.749560 -2.523676 60.855920
v 13.031560 -3.810220 64.000400
v 14.362470 -3.178508 64.807820
v 18.447180 0.266527 56.737810
v 16.424420 -0.152243 60.558990
v 7.037895 -5.194939 68.082030
v 7.818898 -4.726692 70.065090
v 18.243790 0.426693 60.383020
v 14.093160 -3.497512 66.986570
v 9.603054 -5.436426 75.356390
v 14.721780 -2.741484 72.688280
v 14.587090 -2.386790 74.324620
v 11.323780 -3.891424 75.284050
v 14.249260 -1.416366 77.017070
v 3.503228 -5.155817 71.445880
v 14.638530 1.927274 81.607510
v 0.215634 6.931873 70.867610
v 11.745390 6.684246 59.624300
v 9.523478 4.754580 72.480900
v 5.429666 6.828532 64.126610
v 11.760480 6.527938 62.494080
v 12.165260 4.249406 73.812500
v 11.924870 3.883284 70.043060
v 12.336470 5.847365 66.500350
v 3.568267 6.810958 66.978450
v 11.924870 3.883284 70.043060
v 9.573416 3.612335 76.451930
v 9.523478 4.754580 72.480900
v 11.745390 6.684246 59.624300
v 9.056330 6.842713 61.231540
v 7.310556 6.954236 62.114910
v 5.429666 6.828532 64.126610
v 3.568267 6.810958 66.978450
v 4.607635 6.860371 69.332530
v 0.215634 6.931873 70.867610
v 12.165260 4.249406 73.812500
v 16.868600 1.928132 65.598360
v 11.924870 3.883284 70.043060
v 9.573416 3.612335 76.451930
v 16.614120 1.351954 66.784670
v 17.048990 1.196723 62.965230
v 16.614120 1.351954 66.784670
v 17.048990 1.196723 62.965230
v 20.748460 1.488499 61.778980
v 9.573416 3.612335 76.451930
v 2.405334 5.818046 70.351780
v 18.273920 1.730089 56.629540
v 18.068620 1.906363 60.273570
v 8.298039 7.607840 74.056340
v 16.202800 3.614276 75.576170
v 13.669590 5.363616 73.751280
v 13.928140 5.339347 75.305630
v 13.533270 4.631783 76.569660
v 13.738200 5.567026 72.073650
v 10.298190 6.359962 74.262350
v 6.277469 6.178195 66.223190
v 8.908381 6.342335 67.358050
v 11.586060 6.493262 68.239240
v 15.714520 7.138103 73.730000
v 12.534560 6.050728 66.457430
v 15.000160 6.543956 70.564390
v 15.714520 7.138103 73.730000
v 13.920930 6.982292 71.750110
v 13.638730 6.022094 67.991810
v 6.277469 6.178195 66.223190
v 12.534560 6.050728 66.457430
v 14.077900 8.420118 76.687430
v 14.325070 8.059185 73.664930
v 6.683371 7.697490 68.601750
v 6.058331 7.585880 66.169510
v 14.325070 8.059185 73.664930
v 14.077900 8.420118 76.687430
v 6.058331 7.585880 66.169510
v 6.683371 7.697490 68.601750
v 14.058040 6.090572 73.259960
v 14.936060 4.348186 60.347580
v 13.379620 5.123864 64.193650
v 11.940690 5.404737 63.318730
v 18.273920 1.730089 56.629540
v 16.152590 2.144009 60.389130
v 5.811736 5.959155 67.095900
v 6.557381 5.929721 69.276800
v 18.068620 1.906363 60.273570
v 13.015730 5.603850 66.313300
v 8.298039 7.607840 74.056340
v 13.738200 5.567026 72.073650
v 13.669590 5.363616 73.751280
v 13.533270 4.631783 76.569660
v 10.298190 6.359962 74.262350
v 2.405334 5.818046 70.351780
v -0.005124 -6.473722 60.733730
v 1.497376 -0.756223 73.782070
v 1.516525 -0.919658 75.847110
v -0.102778 -1.640593 74.765360
v -0.005122 -1.536736 73.652400
v 1.936683 1.141675 78.371680
v 1.680304 0.627522 76.221100
v 0.048183 1.958749 76.359640
v 0.156383 2.369282 78.302330
v -0.005125 -2.241660 72.210850
v 1.495451 -0.999130 72.435390
v 11.994760 0.616200 48.673480
v 12.882900 0.606557 48.838600
v 13.801710 0.512927 45.546240
v 12.830870 0.522362 45.575890
v 13.360770 -0.563927 49.135590
v 14.179800 -1.354563 45.797340
v 12.613860 -1.866859 49.275210
v 13.395800 -3.097807 46.112980
v 11.403620 -3.741990 46.790900
v 11.751100 -3.035150 48.052010
v 10.700860 -2.360565 47.791580
v 10.376030 -3.012809 46.582490
v 11.208700 -4.160027 45.569740
v 11.600670 -3.240314 45.190470
v 11.983550 -2.981917 46.238640
v 11.189110 -4.272000 44.094560
v 11.528640 -3.551886 44.171760
v 10.437480 -3.427572 45.415690
v 11.600670 -3.240314 45.190470
v 11.528640 -3.551886 44.171760
v 10.719380 -3.712297 44.113330
v 13.467570 -0.059689 43.136600
v 12.689310 0.019530 43.383190
v 13.757140 -1.749955 43.081090
v 11.955780 -0.473811 41.590640
v 11.615850 -0.409680 41.920640
v 11.857330 -2.007276 41.184200
v 12.290140 -3.261499 43.549110
v 13.032200 -3.305212 43.320300
v 12.345050 -2.874727 46.184570
v 11.542350 -3.339612 41.592750
v 11.143030 -3.241467 41.976490
v 11.143030 -3.241467 41.976490
v 12.290140 -3.261499 43.549110
v 12.345050 -2.874727 46.184570
v 11.857330 -2.007276 41.184200
v 11.955780 -0.473811 41.590640
v 10.437480 -3.427572 45.415690
v 10.719380 -3.712297 44.113330
v 12.437810 -1.566367 50.112330
v 11.609480 -1.541317 49.905000
v 11.795260 -1.813414 49.151730
v 12.554530 0.593382 49.819470
v 13.062180 -0.399101 50.100210
v 11.391870 -0.499187 48.709600
v 11.226000 -0.325462 49.565590
v 11.678790 0.581649 49.627730
v 11.391870 -0.499187 48.709600
v 11.226000 -0.325462 49.565590
v 11.983550 -2.981917 46.238640
v 10.376030 -3.012809 46.582490
v 1.816222 0.680929 73.825070
v 2.730750 -0.079686 78.335380
v -0.005139 2.107011 73.592990
v 2.302665 -0.303296 77.103290
v 11.257740 -0.748121 47.626460
v 12.508360 -3.473881 46.965340
v 10.700860 -2.360565 47.791580
v 11.189110 -4.272000 44.094560
v 11.542350 -3.339612 41.592750
v 9.130545 -3.480930 52.021270
v 7.872816 -5.437697 52.135610
v 10.612500 -7.656389 49.806270
v 9.066115 -1.506629 52.898900
v 5.933077 -3.897475 53.882190
v 4.651815 -2.946564 54.968230
v 10.215140 -8.077838 49.705760
v 7.420821 -5.910584 52.018410
v 5.652061 -7.327899 51.490190
v 3.666384 -7.491897 52.097260
v 4.225123 -3.376632 54.843040
v 5.462620 -4.383946 53.756360
v 9.675325 8.309880 51.370780
v 5.471670 7.788569 52.828260
v 6.940315 6.311971 53.139220
v 3.623343 8.103798 53.376310
v 3.821416 3.942568 55.305690
v 5.020851 4.891851 54.478820
v 7.286507 5.891361 53.190200
v 8.404541 4.109653 53.091020
v 9.934002 7.942835 51.351390
v 8.109549 2.347700 53.645130
v 5.406320 4.464483 54.577540
v 4.078011 3.455131 55.383520
v -1.151166 -6.559682 61.707620
v -0.527493 -6.392920 60.766080
v -8.712126 3.869161 51.974830
v -9.762859 -1.622412 51.633030
v -5.952275 -2.142208 55.160770
v -5.047796 1.484406 55.450530
v -4.250237 -4.083017 54.804360
v -7.021585 -4.864740 51.240280
v -4.226844 -6.933216 50.519020
v -1.822580 -5.503369 54.364630
v -13.301560 -0.920023 48.036640
v -10.391980 -5.710483 46.883820
v -11.056420 19.631420 39.023550
v -7.116744 12.269520 48.047070
v -12.598410 6.358824 47.911960
v -5.922771 -8.390309 46.727110
v -2.092530 -9.267080 47.065960
v -3.169186 3.621799 55.443920
v -5.434114 8.515760 52.052360
v -19.945140 10.436740 39.115830
v -22.288590 -0.429646 40.151680
v -17.370120 -7.149539 38.024290
v -13.354810 -10.484480 36.531200
v -4.821330 -6.198556 63.639450
v -4.570518 -4.493698 62.870930
v -3.362761 -5.951275 62.396430
v -3.537804 -7.088818 63.283180
v -1.727401 -6.474324 62.908200
v -1.881354 -7.268133 63.778930
v -3.476701 -0.962400 71.594770
v -5.055668 0.510460 71.879950
v -5.185530 -1.078013 70.744020
v -3.861284 -1.783251 70.546250
v -4.984036 2.252198 71.298190
v -2.439865 2.288984 72.222230
v -2.216163 3.262491 70.374150
v -5.009557 3.180445 69.535970
v -2.618622 3.415494 68.135590
v -5.294735 3.241009 68.210990
v -5.224337 -3.289854 64.186580
v -5.374208 -2.892132 65.774460
v -5.690722 0.348662 65.237820
v -5.497497 -0.208156 64.027300
v -4.975947 -1.015939 62.203740
v -2.691402 1.803174 63.150000
v -2.836253 2.816514 65.736830
v -2.432590 -6.104083 60.653770
v -2.200903 -5.254857 58.098610
v -3.513917 -6.955838 67.015910
v -4.577334 -6.169083 66.876090
v -4.720368 -6.889526 65.964870
v -3.664120 -7.675903 65.972330
v -5.185530 -1.078013 70.744020
v -5.055668 0.510460 71.879950
v -6.334937 0.511218 71.638600
v -6.439741 -0.927461 70.609720
v -4.984036 2.252198 71.298190
v -5.931698 2.192220 71.162520
v -5.664079 3.127400 69.397960
v -5.009557 3.180445 69.535970
v -5.294735 3.241009 68.210990
v -5.739508 3.199877 68.151500
v -2.590985 -4.013843 68.922090
v -4.310096 -2.886830 69.147990
v -4.343054 -4.656261 67.778750
v -2.943056 -5.600128 67.919450
v -5.603938 -1.846526 68.816570
v -5.105450 -3.782538 67.234860
v -7.847188 -0.812631 68.447010
v -8.592524 1.037221 68.201350
v -8.798433 1.181332 65.963210
v -8.077912 -0.463505 66.466510
v -6.182722 2.830343 66.623840
v -5.700687 1.036044 67.243210
v -5.922263 0.893613 66.256900
v -7.428903 0.656036 70.990680
v -7.539593 -0.434849 70.384680
v -7.008354 2.072479 70.646120
v -6.257416 -1.502598 68.529540
v -4.784000 -6.786324 64.814320
v -3.636255 -7.668663 64.601940
v -2.106045 -7.689765 64.910610
v -0.639095 -7.000426 64.812100
v -0.943357 -7.218569 65.711890
v -7.918408 2.709570 60.430840
v -7.728147 1.105786 59.234880
v -9.387858 2.641927 60.929120
v -7.775002 2.659188 66.655900
v -9.881670 1.410967 61.742640
v -8.284052 -0.185727 60.058910
v -9.546647 -0.202458 60.453770
v -10.032810 -0.201591 59.225910
v -8.639340 -0.141318 58.800270
v -8.153366 2.878157 59.362000
v -9.703348 2.809264 59.906830
v -9.069048 -0.632561 56.776630
v -8.171952 0.729818 56.230820
v -7.728147 1.105786 59.234880
v -11.647480 0.876137 57.615320
v -10.663610 1.341217 60.007570
v -9.996374 2.670588 58.959890
v -10.682450 2.501182 57.008240
v -8.478830 2.707903 58.451180
v -8.999415 2.481501 56.409520
v -8.171952 0.729818 56.230820
v -10.561610 -0.762759 57.447770
v -2.430058 0.855958 58.530720
v -2.445714 0.906977 60.666460
v -0.931674 -6.471607 66.809020
v -3.819971 -0.087696 60.590450
v -3.695727 -0.477225 58.430770
v -4.313499 -1.856742 58.291780
v -4.405083 -1.710110 60.504800
v -2.183726 -7.713733 65.954960
v -5.542740 -3.967833 65.119780
v -5.293790 -4.892025 66.287450
v -5.055668 0.510460 71.879950
v -3.270491 0.508900 72.607330
v -6.045467 -1.357680 67.257720
v -5.603938 -1.846526 68.816570
v -6.612596 -0.695190 66.090580
v -7.574605 2.645475 68.763050
v -0.356644 -6.466485 64.114880
v -4.428882 1.056662 62.717500
v -5.006392 2.184394 65.503150
v -5.922263 0.893613 66.256900
v -5.700687 1.036044 67.243210
v -5.851659 -1.541053 67.326550
v -5.904992 0.861744 67.242360
v -5.904992 0.861744 67.242360
v -5.399846 -5.178902 64.327870
v -5.313404 -5.870795 65.467030
v -1.934021 -1.953678 71.365450
v -2.145669 -2.551058 70.402630
v -2.335898 -6.940863 66.945110
v -0.988262 -4.998382 67.869290
v -2.714710 -5.046349 56.536440
v -1.625544 -1.124296 72.395600
v -3.270491 0.508900 72.607330
v -4.044129 1.064033 56.775840
v -3.491675 1.056269 75.456690
v -1.918869 0.680912 73.825070
v -1.528929 -1.229162 73.726180
v -2.568378 -2.021123 75.251080
v -1.625544 -1.124296 72.395600
v -1.337959 -4.120469 74.843110
v -3.825758 -3.789678 58.218320
v -5.614645 -1.934524 56.211240
v -3.379820 -5.200218 55.214420
v -4.696495 3.513687 28.373510
v -4.889601 4.956389 25.361670
v -6.555857 3.820301 25.319810
v -6.429550 2.629738 28.353760
v -3.309306 3.666162 24.873090
v -3.211956 3.926352 21.788660
v -5.080750 5.601489 22.358630
v -2.776119 1.099394 21.218850
v -2.768635 0.490653 27.196020
v -4.906343 -0.857025 26.427200
v -5.247856 -0.450241 21.074610
v -6.779133 -4.323063 48.124710
v -4.501985 -5.422857 47.765490
v -4.017914 -4.917463 50.992930
v -5.983194 -4.079867 51.293530
v -7.162024 -4.170981 40.837250
v -4.904264 -5.188467 40.752130
v -4.829332 -5.545077 44.306250
v -7.248823 -4.432256 44.902690
v -1.994150 1.994013 41.374600
v -1.599968 2.101701 45.909560
v -0.608666 -1.262137 43.800700
v -1.056531 -1.076624 40.913800
v -2.081160 -4.518887 43.948380
v -1.762279 -4.536725 47.942120
v -4.053651 3.230602 46.909550
v -4.135547 2.511180 45.353370
v -6.996189 1.451506 45.477270
v -6.708074 1.763119 47.324950
v -1.581971 3.632582 47.142890
v -0.457656 -2.134688 46.308360
v -0.457656 -2.134688 46.308360
v -0.608666 -1.262137 43.800700
v -3.908928 3.725961 49.137760
v -6.265797 1.847434 49.332780
v -5.593728 1.741513 51.432900
v -3.591933 3.592607 51.334220
v -1.655572 4.051091 51.289430
v -1.644112 4.246159 49.166440
v -7.760723 -1.806667 48.552720
v -6.778851 -2.041604 51.594140
v -4.747662 1.355270 53.687030
v -2.449740 2.953730 53.744220
v -5.835787 -2.078047 53.526850
v -3.404702 2.608368 27.966320
v -4.696495 3.513687 28.373510
v -4.434871 2.367664 32.128390
v -2.597202 1.482824 31.666350
v -2.662887 1.615362 36.618720
v -4.682150 2.387961 36.609160
v -3.127050 -2.901868 31.674050
v -5.907494 -2.884269 31.817090
v -5.692819 -2.167830 29.105980
v -3.403861 -2.052680 29.046700
v -6.429550 2.629738 28.353760
v -6.256526 1.444037 31.745940
v -7.486487 -0.996444 36.226340
v -6.607962 -0.379300 30.755380
v -6.553915 -3.490943 36.143980
v -6.815732 1.045912 36.512960
v -1.779845 -0.745400 36.605140
v -8.219851 -1.359873 41.053940
v -7.083308 1.391579 41.463630
v -5.445898 2.980308 40.386940
v -3.047817 -3.843593 36.545320
v -1.884540 -0.612226 32.473210
v -1.779845 -0.745400 36.605140
v -4.660146 -4.217856 36.348980
v -2.477009 -4.441154 40.841990
v -1.884540 -0.612226 32.473210
v -1.056531 -1.076624 40.913800
v -8.243693 -1.604841 45.393960
v -5.116885 -3.960075 53.167810
v -3.609150 -4.851710 53.014820
v -6.915090 4.212793 22.304840
v -3.404702 2.608368 27.966320
v -7.415421 0.896474 24.590150
v -7.905277 1.211904 21.783350
v -4.562424 -4.623912 -0.040508
v -4.088463 -1.601477 -0.040505
v -4.664399 -2.422429 2.073030
v -4.964191 -4.475048 1.367154
v -6.327383 -1.519796 5.793745
v -8.092404 -0.219301 4.937514
v -8.651658 -1.739397 2.114006
v -6.502693 -2.838193 3.255180
v -7.110796 -6.705151 1.155837
v -8.609308 -3.685211 1.240965
v -8.998786 -3.728040 -0.040461
v -7.176711 -7.924101 -0.040494
v -7.850042 2.528478 3.811412
v -9.180916 -0.603547 -0.040456
v -4.088463 -1.601477 -0.040505
v -9.180916 -0.603547 -0.040456
v -7.850042 2.528478 3.811412
v -4.384280 2.399488 3.698273
v -7.015195 4.349675 4.613325
v -6.664620 3.192470 8.348822
v -5.761485 3.607604 8.363731
v -5.857008 4.923120 4.814385
v -4.744479 4.423675 4.539695
v -4.883187 3.215623 8.297928
v -4.562424 -4.623912 -0.040508
v -8.998786 -3.728040 -0.040461
v -4.729065 -0.565295 5.141910
v -4.384280 2.399488 3.698273
v -7.850042 2.528478 3.811412
v -7.185325 2.792766 2.339963
v -4.971692 2.667391 2.270998
v -7.850042 2.528478 3.811412
v -7.015195 4.349675 4.613325
v -6.654665 4.345762 2.798538
v -7.185325 2.792766 2.339963
v -5.857008 4.923120 4.814385
v -5.925897 4.601331 2.882443
v -5.173406 5.221110 19.110420
v -6.981888 3.896802 19.120460
v -3.585413 3.490063 18.703620
v -6.603091 2.801424 -0.040490
v -5.483268 2.705837 -0.040488
v -4.384280 2.399488 3.698273
v -4.971692 2.667391 2.270998
v -5.316672 4.209205 2.767615
v -4.744479 4.423675 4.539695
v -5.508510 3.511758 12.011880
v -6.465983 2.901985 12.098030
v -7.905277 1.211904 21.783350
v -7.860955 1.425132 19.187400
v -2.776119 1.099394 21.218850
v -5.740611 0.341737 11.863590
v -4.321080 1.254111 11.878000
v -7.122181 1.459087 12.940130
v -4.683704 2.871826 11.987850
v -7.433582 1.461927 8.302250
v -6.094658 -0.118571 8.679307
v -7.433582 1.461927 8.302250
v -6.664620 3.192470 8.348822
v -5.761485 3.607604 8.363731
v -4.883187 3.215623 8.297928
v -8.213784 -0.883590 58.208000
v -11.066490 -0.810372 59.093600
v -11.313460 -1.683683 50.155250
v -12.612120 -1.698252 50.500960
v -12.046750 1.129168 59.433540
v -13.171540 -0.244090 50.499050
v -8.649556 3.381139 57.235980
v -7.048013 0.939182 57.741490
v -11.122170 0.945496 49.702850
v -10.730800 -0.253810 49.891450
v -10.839950 3.210838 58.272170
v -12.527100 0.929157 50.162730
v -11.011660 -3.218983 48.429730
v -13.654590 -3.699176 47.977580
v -14.980860 -1.063755 47.272920
v -11.491610 1.415784 47.956350
v -10.212900 -0.842879 48.449730
v -13.776990 1.262758 47.198910
v -9.404707 -6.599485 65.437850
v -5.773714 -6.491484 69.625400
v -6.138964 -5.990419 70.282800
v -9.792368 -5.673746 66.271030
v -8.890352 -6.305940 63.095470
v -12.028300 -6.144199 64.259350
v -10.581890 -5.959291 62.178190
v -10.383840 -4.296372 69.339460
v -12.807990 -4.424847 68.906920
v -9.792368 -5.673746 66.271030
v -13.137290 -5.017579 63.347790
v -13.493610 -3.842477 67.216770
v -10.383840 -4.296372 69.339460
v -15.759600 -2.523715 60.855540
v -13.041610 -3.810251 64.000030
v -14.023730 -4.003582 65.689070
v -16.984910 -2.517635 62.440470
v -7.758147 -5.250177 69.173860
v -7.828940 -4.726708 70.064730
v -14.103210 -3.497543 66.986210
v -17.669470 -0.820608 71.544050
v -16.644060 -0.028297 75.845250
v -17.302050 1.872955 75.645450
v -18.364940 1.750897 71.307170
v -16.891530 -2.121288 64.136580
v -7.047949 -5.194943 68.081620
v -15.420770 -3.509584 70.312610
v -17.662260 -1.820290 67.096920
v -18.365560 1.750260 71.293730
v -18.369950 1.747580 71.233630
v -18.523340 0.853439 66.362930
v -15.979730 -4.688563 71.183010
v -13.396060 -5.439764 70.120000
v -12.845780 -4.650612 71.468790
v -15.244460 -4.113169 72.570510
v -9.987469 -5.078068 69.735020
v -10.304780 -5.796671 68.648940
v -14.603620 -4.277830 68.683140
v -16.211690 -3.605379 71.314820
v -14.789730 -3.615941 68.704390
v -12.845780 -4.650612 71.468790
v -9.987469 -5.078068 69.735020
v -10.246930 -4.879924 68.187840
v -12.889650 -4.433734 69.047200
v -12.521770 -6.654721 72.272000
v -11.671320 -5.834869 73.304530
v -14.072330 -5.366776 74.733990
v -15.167990 -5.923121 73.859390
v -9.716757 -7.113167 69.977830
v -9.195599 -6.246973 70.983450
v -15.271790 -5.030819 72.711010
v -13.057660 -5.550385 70.862200
v -10.198250 -6.103159 69.197100
v -11.671320 -5.834869 73.304530
v -13.057660 -5.550385 70.862200
v -15.271790 -5.030819 72.711010
v -14.072330 -5.366776 74.733990
v -9.195599 -6.246973 70.983450
v -10.198250 -6.103159 69.197100
v -19.454050 1.890186 71.994810
v -18.824430 1.725764 69.968320
v -17.943200 -0.970188 70.438780
v -18.745220 -0.683419 72.368360
v -17.704450 -0.437240 73.174820
v -18.414420 1.840189 72.949190
v -15.796900 0.107575 66.426290
v -18.345860 1.746899 71.264850
v -16.444530 1.631354 72.542650
v -15.723950 1.586456 73.005370
v -18.369950 1.747580 71.233630
v -18.523340 0.853439 66.362930
v -7.726947 7.573373 64.389320
v -8.311889 6.832581 65.345810
v -4.727140 6.860721 69.179170
v -4.274961 7.202077 68.445140
v -7.320634 6.954213 62.114470
v -9.066408 6.842687 61.231100
v -10.412510 7.505086 63.249570
v -11.520050 6.455027 68.102040
v -9.275604 5.820983 68.502950
v -8.311889 6.832581 65.345810
v -9.275604 5.820983 68.502950
v -12.346540 5.847332 66.499920
v -11.770560 6.527905 62.493650
v -14.946130 4.348144 60.347160
v -16.126550 4.733341 61.904050
v -12.845650 5.948238 64.952820
v -11.950760 5.404705 63.318310
v -13.025810 5.603815 66.312870
v -6.567453 5.929705 69.276370
v -6.386844 6.333892 68.316860
v -16.107310 4.503347 63.646490
v -5.821809 5.959139 67.095470
v -16.895550 4.656541 66.617770
v -14.271290 6.200647 69.594250
v -18.369900 2.149686 66.267040
v -14.532380 7.537912 70.278470
v -13.931000 6.982255 71.749670
v -11.570620 6.852694 70.530240
v -11.843750 7.673355 69.149880
v -8.599972 6.642797 68.867900
v -8.755663 7.289442 67.680820
v -13.312710 6.627123 67.876390
v -13.648800 6.022058 67.991380
v -15.010220 6.543918 70.563960
v -11.570620 6.852694 70.530240
v -11.596140 6.493233 68.238800
v -9.040103 6.219112 67.263710
v -8.599972 6.642797 68.867900
v -10.979170 8.764350 70.735290
v -13.418600 8.854773 72.766110
v -12.466580 8.197823 73.730460
v -10.287580 7.996366 71.926040
v -7.857716 8.591109 68.816020
v -7.538088 7.754790 69.947570
v -13.742010 7.891990 71.754970
v -11.478160 7.792402 69.875090
v -8.573446 7.622415 68.181690
v -10.287580 7.996366 71.926040
v -12.466580 8.197823 73.730460
v -13.742010 7.891990 71.754970
v -11.478160 7.792402 69.875090
v -7.538088 7.754790 69.947570
v -8.573446 7.622415 68.181690
v -18.156250 4.291923 72.000280
v -17.328360 4.223639 70.054540
v -17.186360 3.939312 72.851040
v -17.082330 4.139221 71.177120
v -15.593270 2.101628 66.333600
v -18.369900 2.149686 66.267040
v -0.697614 -6.704208 62.909380
v -1.307427 -7.124835 63.361140
v -0.883901 -7.341403 65.545470
v -0.571778 -7.497361 64.874440
v -3.114499 -7.486816 63.902740
v -1.307290 -7.743325 63.944050
v -1.309505 -7.472663 64.459640
v -0.644806 -6.745622 62.295450
v -4.331017 -11.671300 41.794670
v -8.673545 -12.091140 38.233470
v -12.046750 1.129168 59.433540
v -10.839950 3.210838 58.272170
v -9.981012 0.366244 57.286700
v -8.213784 -0.883590 58.208000
v -7.048013 0.939182 57.741490
v -11.066490 -0.810372 59.093600
v -8.649556 3.381139 57.235980
v -4.648965 4.170753 55.217870
v -5.851659 -1.541053 67.326550
v -5.904992 0.861744 67.242360
v -4.328463 -6.222341 53.518670
v -4.083469 -4.412415 60.726520
v -8.207790 0.854563 69.871320
v -2.356237 -8.265285 51.209250
v -10.132830 -0.330953 52.820920
v -7.950247 -1.205115 54.913090
v -6.783116 2.913134 54.758290
v -7.310277 -3.928508 53.423540
v -3.632618 9.319708 53.188270
v -5.564508 6.035450 54.049700
v -1.918869 0.680912 73.825070
v -1.918869 0.680912 73.825070
v -2.439865 2.288984 72.222230
v -0.915439 -2.043195 71.532580
v -0.897622 -12.001160 42.344480
v -0.638128 -10.234780 47.081500
v -2.902777 -9.846170 46.999440
v -4.235240 -7.816820 50.205950
v -0.545261 -7.572742 52.551490
v -0.550896 -8.978214 50.513790
v -6.641112 0.647201 27.428270
v -2.118635 -0.167510 29.509630
v -2.118635 -0.167510 29.509630
v -4.906343 -0.857025 26.427200
v -6.641112 0.647201 27.428270
v -2.768635 0.490653 27.196020
v -2.768635 0.490653 27.196020
v -7.176711 -7.924101 -0.040494
v -6.094658 -0.118571 8.679307
v -6.603091 2.801424 -0.040490
v -5.996279 3.732449 -0.040481
v -5.483268 2.705837 -0.040488
v -4.237836 1.309919 7.986356
v -4.384280 2.399488 3.698273
v -5.483268 2.705837 -0.040488
v -5.996279 3.732449 -0.040481
v -6.603091 2.801424 -0.040490
v -4.237836 1.309919 7.986356
v -8.474257 -1.005281 61.378480
v -11.701800 1.399597 61.998280
v -5.912056 1.223297 59.574370
v -9.090116 4.246396 60.870590
v -1.568519 -6.320928 73.301540
v -13.193470 -5.463282 60.522540
v -10.281510 -2.721798 73.225620
v -6.785026 -6.618393 65.466460
v -13.137290 -5.017579 63.347790
v -12.865670 -1.582261 74.243520
v -12.590510 -1.654703 70.452330
v -13.493610 -3.842477 67.216770
v -4.905280 -6.452562 68.299910
v -12.590510 -1.654703 70.452330
v -10.151190 -1.183393 76.806310
v -10.281510 -2.721798 73.225620
v -13.193470 -5.463282 60.522540
v -10.581890 -5.959291 62.178190
v -8.890352 -6.305940 63.095470
v -6.785026 -6.618393 65.466460
v -4.905280 -6.452562 68.299910
v -6.138964 -5.990419 70.282800
v -1.568519 -6.320928 73.301540
v -12.865670 -1.582261 74.243520
v -17.021630 0.720320 65.687320
v -12.590510 -1.654703 70.452330
v -10.151190 -1.183393 76.806310
v -16.624180 1.351915 66.784270
v -17.059050 1.196679 62.964840
v -16.624180 1.351915 66.784270
v -17.059050 1.196679 62.964840
v -20.758520 1.488445 61.778590
v -10.151190 -1.183393 76.806310
v -3.513287 -5.155817 71.445480
v -18.457230 0.266476 56.737410
v -18.253850 0.426656 60.382630
v -9.613114 -5.436454 75.355980
v -14.597140 -2.386822 74.324230
v -14.825610 -2.156964 75.859790
v -14.648580 1.927221 81.607120
v -14.259310 -1.416396 77.016690
v -14.731820 -2.741518 72.687900
v -11.333840 -3.891457 75.283650
v -7.570223 -5.438106 67.251740
v -10.246930 -4.879924 68.187840
v -12.889650 -4.433734 69.047200
v -17.010710 -3.726371 74.533330
v -13.735240 -4.006923 67.201070
v -16.211690 -3.605379 71.314820
v -17.010710 -3.726371 74.533330
v -15.244460 -4.113169 72.570510
v -14.789730 -3.615941 68.704390
v -7.570223 -5.438106 67.251740
v -13.735240 -4.006923 67.201070
v -15.425420 -4.948431 78.019390
v -15.867780 -4.887770 74.622320
v -8.372545 -6.486696 69.650650
v -7.764600 -6.742680 67.229100
v -15.867780 -4.887770 74.622320
v -15.425420 -4.948431 78.019390
v -7.764600 -6.742680 67.229100
v -8.372545 -6.486696 69.650650
v -15.152390 -3.069008 73.937160
v -15.759600 -2.523715 60.855540
v -14.372520 -3.178541 64.807450
v -13.041610 -3.810251 64.000030
v -18.457230 0.266476 56.737410
v -16.434480 -0.152288 60.558610
v -7.047949 -5.194943 68.081620
v -7.828940 -4.726708 70.064730
v -18.253850 0.426656 60.382630
v -14.103210 -3.497543 66.986210
v -9.613114 -5.436454 75.355980
v -14.731820 -2.741518 72.687900
v -14.597140 -2.386822 74.324230
v -14.259310 -1.416396 77.016690
v -11.333840 -3.891457 75.283650
v -3.513287 -5.155817 71.445480
v -14.648580 1.927221 81.607120
v -0.225690 6.931871 70.867200
v -11.755470 6.684212 59.623860
v -9.533539 4.754549 72.480500
v -5.439722 6.828533 64.126210
v -11.770560 6.527905 62.493650
v -12.175330 4.249376 73.812090
v -12.346540 5.847332 66.499920
v -11.934930 3.883254 70.042650
v -3.578323 6.810956 66.978050
v -11.934930 3.883254 70.042650
v -9.533539 4.754549 72.480500
v -9.583478 3.612314 76.451520
v -11.755470 6.684212 59.623860
v -9.066408 6.842687 61.231100
v -7.320634 6.954213 62.114470
v -5.439722 6.828533 64.126210
v -3.578323 6.810956 66.978050
v -4.727140 6.860721 69.179170
v -0.225690 6.931871 70.867200
v -12.175330 4.249376 73.812090
v -11.934930 3.883254 70.042650
v -16.878660 1.928091 65.597960
v -9.583478 3.612314 76.451520
v -16.624180 1.351915 66.784270
v -16.624180 1.351915 66.784270
v -17.059050 1.196679 62.964840
v -17.059050 1.196679 62.964840
v -20.758520 1.488445 61.778590
v -9.583478 3.612314 76.451520
v -2.415392 5.817993 70.351970
v -18.283980 1.730037 56.629140
v -18.078680 1.906315 60.273160
v -8.308100 7.607811 74.055940
v -16.212870 3.614236 75.575760
v -13.679660 5.363581 73.750870
v -13.938210 5.339314 75.305220
v -13.543330 4.631750 76.569240
v -13.748270 5.566990 72.073230
v -10.308250 6.359929 74.261950
v -6.287543 6.178178 66.222760
v -9.040103 6.219112 67.263710
v -11.596140 6.493233 68.238800
v -15.724600 7.138062 73.729570
v -12.544630 6.050694 66.457000
v -15.010220 6.543918 70.563960
v -13.931000 6.982255 71.749670
v -15.724600 7.138062 73.729570
v -13.648800 6.022058 67.991380
v -6.287543 6.178178 66.222760
v -12.544630 6.050694 66.457000
v -14.087960 8.420073 76.687030
v -14.335140 8.059148 73.664510
v -6.693448 7.697471 68.601310
v -6.068410 7.585862 66.169070
v -14.335140 8.059148 73.664510
v -14.087960 8.420073 76.687030
v -6.068410 7.585862 66.169070
v -6.693448 7.697471 68.601310
v -14.068110 6.090538 73.259540
v -14.946130 4.348144 60.347160
v -11.950760 5.404705 63.318310
v -13.524130 4.845001 64.177310
v -18.283980 1.730037 56.629140
v -16.162650 2.143964 60.388730
v -5.821809 5.959139 67.095470
v -6.567453 5.929705 69.276370
v -18.078680 1.906315 60.273160
v -13.025810 5.603815 66.312870
v -8.308100 7.607811 74.055940
v -13.748270 5.566990 72.073230
v -13.679660 5.363581 73.750870
v -10.308250 6.359929 74.261950
v -13.543330 4.631750 76.569240
v -2.415392 5.817993 70.351970
v -1.507630 -0.756236 73.782070
v -1.605520 -0.763243 75.898540
v -1.734427 1.325598 78.432160
v -1.651946 0.710929 76.248540
v -1.505707 -0.999136 72.435390
v -12.004920 0.616205 48.673830
v -12.841130 0.522323 45.575880
v -13.811980 0.512884 45.546230
v -12.893050 0.606562 48.838970
v -13.371010 -0.563962 49.135640
v -14.190060 -1.354606 45.797340
v -12.624210 -1.866938 49.274880
v -13.406050 -3.097847 46.112980
v -11.413880 -3.742025 46.790890
v -10.386290 -3.012839 46.582500
v -10.711110 -2.360599 47.791580
v -11.761350 -3.035187 48.052020
v -11.993810 -2.981955 46.238640
v -11.610920 -3.240349 45.190470
v -11.218950 -4.160061 45.569740
v -11.199360 -4.272033 44.094550
v -11.538890 -3.551921 44.171760
v -10.447730 -3.427601 45.415690
v -10.729630 -3.712327 44.113340
v -11.538890 -3.551921 44.171760
v -11.610920 -3.240349 45.190470
v -12.699580 0.019493 43.383190
v -13.477830 -0.059730 43.136600
v -13.767390 -1.749997 43.081090
v -11.626110 -0.409713 41.920640
v -11.966040 -0.473846 41.590640
v -11.867580 -2.007311 41.184200
v -12.300390 -3.261533 43.549110
v -12.355300 -2.874764 46.184580
v -13.042450 -3.305250 43.320300
v -11.552600 -3.339644 41.592750
v -11.153280 -3.241497 41.976490
v -11.153280 -3.241497 41.976490
v -12.300390 -3.261533 43.549110
v -12.355300 -2.874764 46.184580
v -11.867580 -2.007311 41.184200
v -11.966040 -0.473846 41.590640
v -10.447730 -3.427601 45.415690
v -10.729630 -3.712327 44.113340
v -12.448230 -1.566474 50.111770
v -11.805620 -1.813492 49.151390
v -11.619900 -1.541424 49.904430
v -12.552330 -0.496701 48.860950
v -13.072400 -0.399127 50.100330
v -11.402120 -0.499220 48.709630
v -11.236230 -0.325485 49.565690
v -11.688870 0.581688 49.628350
v -11.236230 -0.325485 49.565690
v -11.402120 -0.499220 48.709630
v -11.993810 -2.981955 46.238640
v -10.386290 -3.012839 46.582500
v -1.826488 0.680913 73.825070
v -2.647322 0.189755 78.423970
v -2.284437 -0.073482 77.178850
v -11.267990 -0.748157 47.626460
v -12.518610 -3.473919 46.965350
v -10.711110 -2.360599 47.791580
v -11.199360 -4.272033 44.094550
v -11.552600 -3.339644 41.592750
v -10.515030 -8.015968 50.037830
v -7.686601 -5.693141 52.155800
v -8.938491 -3.736650 51.979530
v -8.834880 -1.719105 52.747330
v -4.358884 -3.079609 54.738080
v -5.680974 -4.075818 53.750300
v -10.123310 -8.444668 49.946240
v -5.498237 -7.631289 51.532230
v -7.241079 -6.174656 52.048820
v -3.493669 -7.775906 52.079160
v -3.803925 -3.411478 54.569480
v -5.217359 -4.571483 53.634820
v -9.685589 8.312475 51.362880
v -6.950576 6.314189 53.133010
v -5.481934 7.790031 52.820810
v -3.633606 8.104721 53.368590
v -3.831675 3.942568 55.305690
v -5.031112 4.893847 54.473820
v -9.944263 7.945530 51.343800
v -8.414803 4.112466 53.086670
v -7.296768 5.893748 53.184350
v -8.119806 2.350632 53.642270
v -4.088269 3.455131 55.383520
v -5.416581 4.466684 54.572900
v -10.928990 17.124540 50.033180
v -9.852639 17.619450 50.155840
v -9.519954 17.175060 50.043400
v -10.887200 16.916430 49.947790
v -9.852639 17.619450 50.155840
v -9.630109 17.940550 49.352260
v -9.333329 17.574900 49.175560
v -9.519954 17.175060 50.043400
v -10.606420 16.130530 51.813890
v -15.135010 15.586610 50.765930
v -15.077330 14.698600 51.923370
v -10.461670 15.110660 53.346450
v -15.042810 15.784270 49.322370
v -10.602940 16.467860 49.998390
v -11.369030 13.664220 56.322730
v -10.396730 13.662210 56.164350
v -12.204830 14.153030 54.033410
v -12.839120 14.021100 54.589290
v -11.983850 13.254110 56.317680
v -13.481700 13.604470 54.688100
v -13.320110 16.269370 48.344000
v -12.833410 16.202350 49.432940
v -10.433690 17.268030 48.118830
v -10.636850 17.359120 47.120260
v -7.257532 17.787320 48.529410
v -6.927192 18.049800 47.396710
v -10.458240 15.447970 51.530960
v -10.461670 15.110660 53.346450
v -15.077330 14.698600 51.923370
v -14.985140 14.896280 50.479790
v -15.042810 15.784270 49.322370
v -10.602940 16.467860 49.998390
v -11.269740 13.206880 56.133140
v -12.755000 13.633600 54.428630
v -12.204830 14.153030 54.033410
v -10.396730 13.662210 56.164350
v -11.983850 13.254110 56.317680
v -13.481700 13.604470 54.688100
v -13.320110 16.269370 48.344000
v -10.636850 17.359120 47.120260
v -10.334410 16.810660 47.929250
v -12.734130 15.745020 49.243350
v -6.927192 18.049800 47.396710
v -7.158260 17.329970 48.339820
v -5.027881 17.642370 51.874200
v -4.980469 17.434760 51.790570
v -6.182847 17.467890 51.084500
v -6.047493 17.953370 51.342970
v -6.047493 17.953370 51.342970
v -6.182847 17.467890 51.084500
v -5.907479 17.875510 50.244350
v -5.824976 18.274460 50.539400
v -5.940655 16.593610 53.294900
v -6.761245 15.489030 54.526310
v -2.361579 15.868100 55.915840
v -1.802371 16.810240 54.950890
v -1.093327 17.062020 53.699750
v -4.971904 17.015640 51.780550
v -7.673372 13.988520 57.475720
v -5.560611 14.659790 56.860060
v -5.781407 14.716710 56.037380
v -8.371081 13.839950 56.796330
v -7.107430 13.682040 57.839040
v -5.029809 14.346140 57.324940
v -2.001669 17.262580 51.875130
v -3.656960 17.971620 49.297860
v -4.370871 17.800050 50.010320
v -3.000114 17.065240 52.500730
v -5.792479 15.911050 53.011980
v -1.652508 16.119900 54.664710
v -2.361579 15.868100 55.915840
v -6.761245 15.489030 54.526310
v -1.093327 17.062020 53.699750
v -4.971904 17.015640 51.780550
v -7.574093 13.531190 57.286120
v -8.371081 13.839950 56.796330
v -5.781407 14.716710 56.037380
v -5.476492 14.272300 56.699420
v -7.107430 13.682040 57.839040
v -5.029809 14.346140 57.324940
v -2.001669 17.262580 51.875130
v -2.900835 16.607890 52.311160
v -4.271585 17.342700 49.820740
v -3.656960 17.971620 49.297860
v -8.274963 14.927780 52.592230
v -14.847760 14.341780 50.544380
v -12.092920 6.830608 67.575680
v -18.692320 6.396749 65.476750
v -1.631164 15.504410 54.654840
v -5.560608 7.258400 69.651840
v -1.658421 15.631920 54.338970
v 2.765488 21.906260 38.562920
v -3.846913 21.307480 36.547180
v -8.236457 15.058950 52.295950
v -10.396100 20.712280 34.550320
v -14.874150 14.465120 50.226920
v -25.128420 9.218584 54.565590
v -8.879224 15.115610 51.822670
v -10.749130 17.305170 45.541920
v -27.048600 11.411970 48.266230
v -23.012760 7.576835 60.771710
v -6.986781 12.888090 58.161730
v -20.133710 16.695840 39.143220
v -8.049849 15.333490 51.731340
v -3.345527 18.102440 47.495640
v -15.439300 19.489070 34.860620
v -24.779270 13.929220 43.381530
v -12.799310 12.520650 56.004210
v 5.117573 11.893630 64.011700
v 9.881353 14.673540 59.797590
v -2.748369 18.174050 48.116930
v -7.461504 15.406780 52.343900
v 0.402625 9.140345 68.181530
v -12.219830 12.595670 56.608040
v 8.738673 19.095430 48.534560
v 6.911187 21.316360 42.217240
v -9.828805 17.545370 45.925670
v -7.970692 15.352280 52.208740
v 10.547360 16.895160 54.786480
v -6.090052 13.121250 58.550080
v -14.319050 11.906260 49.534790
v -7.746258 12.492280 51.582650
v -12.030550 6.527697 67.442500
v -18.629960 6.093825 65.343600
v -1.102458 13.068880 53.645240
v -5.498252 6.955475 69.518680
v -3.780688 21.002420 36.420730
v 2.831711 21.601190 38.436440
v -1.129730 13.196410 53.329370
v -7.707773 12.623440 51.286360
v -10.329890 20.407220 34.423860
v -14.345440 12.029620 49.217350
v -25.062200 8.913513 54.439130
v -26.982380 11.106890 48.139780
v -10.220430 14.869660 44.532310
v -8.350519 12.680100 50.813070
v -22.950410 7.273932 60.638520
v -6.458078 10.452580 57.152130
v -20.067490 16.390750 39.016730
v -15.373090 19.183990 34.734150
v -2.816822 15.666930 46.486050
v -7.521164 12.897990 50.721740
v -24.713070 13.624120 43.255030
v -12.270630 10.085150 54.994630
v -2.219668 15.738520 47.107340
v 9.947577 14.368450 59.671120
v 5.183792 11.588550 63.885190
v -6.932801 12.971270 51.334300
v 0.468856 8.835251 68.055050
v -11.691120 10.160130 55.598440
v 8.897920 18.361820 48.230470
v -7.441988 12.916760 51.199140
v -9.300081 15.109860 44.916070
v 6.977397 21.011300 42.090780
v 10.613580 16.590080 54.659980
v -5.561360 10.685730 57.540490
v -9.519954 17.175060 50.043400
v -8.914742 15.494420 54.486220
v -11.723250 15.253820 53.552270
v -9.751801 14.016970 57.584790
v -10.887200 16.916430 49.947790
v -7.749150 17.524200 50.179200
v -9.333329 17.574900 49.175560
v -6.855985 19.090530 46.875650
v -10.287140 17.510100 48.874790
v -11.914390 17.061580 49.090860
v -11.723250 15.253820 53.552270
v -9.082291 16.294530 54.798170
v -9.852639 17.619450 50.155840
v -9.751801 14.016970 57.584790
v -10.928990 17.124540 50.033180
v -7.921978 18.320440 50.509180
v -9.630109 17.940550 49.352260
v -6.855985 19.090530 46.875650
v -10.287140 17.510100 48.874790
v -11.914390 17.061580 49.090860
v -9.333329 17.574900 49.175560
v -9.630109 17.940550 49.352260
v -10.287140 17.510100 48.874790
v -11.914390 17.061580 49.090860
v -16.426500 15.377290 50.594540
v -17.309700 15.457400 48.923840
v -17.365510 14.898390 50.243160
v -16.630900 12.885860 55.482800
v -17.421340 14.339340 51.562530
v -16.092540 16.869490 46.154710
v -10.937350 12.127200 59.584210
v -12.674590 15.008070 51.724750
v -10.920160 16.292600 49.544730
v -7.488594 17.067460 49.472500
v -13.744310 15.125430 51.553900
v -14.402640 14.071490 53.079200
v -14.830060 14.792180 51.116790
v -8.729170 14.257630 53.485520
v -10.323920 14.893770 52.479510
v -17.301170 9.721073 60.926030
v -11.275240 14.641160 51.226950
v -16.276640 14.686990 50.308370
v -17.309700 15.457400 48.923840
v -17.365510 14.898390 50.243160
v -16.630900 12.885860 55.482800
v -17.421340 14.339340 51.562530
v -16.092540 16.869490 46.154710
v -10.937350 12.127200 59.584210
v -12.674590 15.008070 51.724750
v -10.920160 16.292600 49.544730
v -7.488594 17.067460 49.472500
v -13.645040 14.668080 51.364340
v -14.402640 14.071490 53.079200
v -14.830060 14.792180 51.116790
v -6.182847 17.467890 51.084500
v -6.074587 15.749500 55.314540
v -4.980469 17.434760 51.790570
v -5.907479 17.875510 50.244350
v -4.954880 17.978020 50.538330
v -3.687745 17.783490 51.657430
v -6.074587 15.749500 55.314540
v -6.047493 17.953370 51.342970
v -5.027881 17.642370 51.874200
v -5.824976 18.274460 50.539400
v -4.954880 17.978020 50.538330
v -3.687745 17.783490 51.657430
v -5.907479 17.875510 50.244350
v -4.954880 17.978020 50.538330
v -5.824976 18.274460 50.539400
v -3.687745 17.783490 51.657430
v -0.626355 16.817450 55.549290
v 1.019603 17.119500 54.667640
v 0.408617 16.511750 55.813750
v -2.825311 14.150990 59.815290
v -0.202363 15.904000 56.959930
v 1.373151 18.455800 51.629070
v -9.620489 12.242760 59.995030
v -4.233140 15.748820 54.358320
v -4.627119 16.844820 51.508050
v -3.288953 16.042910 54.815780
v -3.449656 15.032630 56.496350
v -2.109841 15.908420 55.085250
v -8.590837 14.269770 53.528680
v -4.810138 10.411980 64.814960
v -6.832208 15.200160 53.568850
v -5.314359 15.164240 53.086640
v -0.476505 16.127120 55.263130
v 1.019603 17.119500 54.667640
v 0.408617 16.511750 55.813750
v -2.825311 14.150990 59.815290
v -0.202363 15.904000 56.959930
v 1.373151 18.455800 51.629070
v -9.620489 12.242760 59.995030
v -4.233140 15.748820 54.358320
v -4.627119 16.844820 51.508050
v -3.189677 15.585560 54.626210
v -3.449656 15.032630 56.496350
v -2.109841 15.908420 55.085250
v -10.660050 14.143250 52.750280
v -10.349880 15.401780 51.240390
v -22.114680 13.736970 47.731940
v -9.751537 15.574200 49.774100
v -10.671960 15.222400 50.150140
v -8.874282 15.782000 49.759110
v -12.595040 19.598310 38.586720
v -7.417929 16.149250 49.618300
v -6.509626 14.518830 54.017680
v 5.707184 16.344450 56.011200
v -6.165834 15.780530 52.517740
v -5.896224 15.921950 50.954110
v -5.079375 15.829310 51.605270
v 1.430872 21.096360 42.308470
v -6.614890 16.505010 50.534910
v -7.749422 16.130140 49.481300
v -12.625790 10.485640 53.300450
v -11.612240 12.223140 49.568190
v -7.305223 11.599720 50.425700
v -10.537890 14.103060 45.595760
v -4.580852 11.204510 55.850690
v -3.564242 12.982750 52.091960
v -6.442868 14.536840 46.835450
v -2.477215 14.884850 48.072650
v -8.546514 10.856500 54.613460
v 13.733240 -10.686110 27.599100
v 16.780360 -15.049290 16.022610
v 18.658270 -4.359780 30.756940
v 22.803670 -5.671150 18.783650
v 13.763760 -4.293496 38.396640
v 10.342540 -8.961452 36.444670
v 20.926240 -15.877820 6.538584
v 28.227010 -4.743289 10.067330
v 9.408273 -3.944163 47.033500
v 7.805114 -3.484267 50.450630
v 6.316214 -7.265830 46.106420
v 4.273019 -6.541424 50.111130
v 39.742040 -5.178915 -0.154274
v 29.275460 -16.870740 -0.142414
v -13.906470 -11.639100 26.892850
v -19.073970 -3.766128 30.340900
v -16.465270 -14.916500 16.143300
v -22.589680 -4.954991 18.904330
v -14.230080 -4.111740 37.697850
v -10.541610 -10.504050 35.389210
v -20.938340 -15.877880 6.538568
v -28.498040 -4.546428 10.067310
v -9.678697 -3.899431 46.600530
v -6.288569 -7.580315 46.683480
v -7.815370 -3.482864 50.452710
v -4.331044 -6.531494 50.111130
v -39.754180 -5.179034 -0.154308
v -29.287570 -16.870810 -0.142435
v 15.860110 -5.664691 38.106460
v 9.725836 -5.047074 46.992400
v 6.171016 -8.313728 46.356560
v 11.922160 -9.287857 36.254250
v -0.005141 13.465880 48.042710
v 6.516222 11.229580 47.963090
v 9.482848 17.642920 39.859610
v -0.006110 21.371480 39.801960
v 8.189503 3.585697 51.704290
v 4.650139 1.252290 55.311010
v 5.380745 -1.176146 55.097980
v 8.984499 -0.732381 51.388720
v 18.994170 1.822531 39.509690
v 12.609390 -0.027508 47.895490
v 4.242669 -6.988555 50.134480
v 6.719005 -4.579851 51.008220
v 4.238040 -3.849530 54.560860
v 2.395296 -5.134605 54.310010
v 16.293190 10.084100 39.451120
v 11.140620 5.608599 48.075160
v -0.005129 9.041361 51.754180
v 4.644482 7.448235 51.726510
v 2.567469 3.381176 55.380170
v -0.005129 3.593782 55.207660
v 21.685910 -5.971337 28.458060
v 16.658100 -10.045880 26.766300
v 19.586060 -14.611750 18.249070
v 24.914840 -8.383414 19.553130
v 13.849310 25.827810 20.412010
v -0.006124 31.126380 20.340980
v -0.006118 26.829890 30.219160
v 11.696130 22.050040 30.197030
v 24.379490 2.218092 29.935800
v 27.315130 1.891400 20.210340
v 21.089630 12.967880 30.090470
v 25.253340 15.677630 20.195660
v 30.072280 -8.667707 9.955841
v 28.924380 19.017940 7.595360
v -0.006129 33.413150 9.436548
v -15.872250 -5.664742 38.106490
v -6.181253 -8.313748 46.356560
v -9.736084 -5.047103 46.992370
v -11.934290 -9.287897 36.254300
v -9.495056 17.642890 39.859600
v -6.526497 11.229420 47.956170
v -8.199761 3.587813 51.700390
v -5.391003 -1.176146 55.097980
v -4.660398 1.252289 55.311010
v -8.994755 -0.730069 51.388470
v -19.006330 1.822468 39.509690
v -12.619660 -0.027546 47.895460
v -4.252926 -6.988555 50.134480
v -4.248298 -3.849530 54.560860
v -6.729259 -4.578662 51.011230
v -2.405552 -5.134605 54.310010
v -16.305370 10.084050 39.451100
v -11.150890 5.608581 48.075150
v -4.654743 7.448864 51.719350
v -2.577727 3.381176 55.380170
v -21.698050 -5.971403 28.458060
v -19.598170 -14.611800 18.249050
v -16.670220 -10.045930 26.766320
v -24.926970 -8.383490 19.553100
v -13.861550 25.829570 20.411990
v -11.511030 22.050000 30.201560
v -24.568760 2.558890 30.251790
v -27.327290 1.891332 20.210320
v -21.150570 12.991830 30.089660
v -25.265540 15.677560 20.195650
v -30.084400 -8.667803 9.955816
v -28.936590 19.017860 7.595337
v 16.712080 -10.467750 37.773960
v 10.262390 -16.360740 35.512370
v 12.885280 -19.324060 27.613420
v 19.048880 -12.709270 30.161070
v 10.778200 -7.135065 47.103260
v 3.823317 -8.093096 50.804920
v 5.946439 -10.986520 46.915440
v 7.099959 -5.200571 51.505540
v 1.892107 -5.982234 54.340500
v 19.180050 -17.902920 23.759020
v 13.677180 -26.173000 19.094760
v 4.291884 -3.991469 54.891840
v -16.820050 -10.440500 37.508490
v -12.895480 -19.324110 27.613380
v -10.370340 -16.333480 35.246940
v -19.059110 -12.709330 30.161010
v -10.788440 -7.135099 47.103230
v -5.956664 -10.986540 46.915430
v -3.833572 -8.093098 50.804920
v -7.110214 -5.199003 51.509080
v -1.902362 -5.982234 54.340500
v -19.190260 -17.902960 23.759000
v -13.687380 -26.173030 19.094750
v -4.302142 -3.991469 54.891840
vt 0.245551 0.967166 0.000000
vt 0.245551 0.991734 0.000000
vt 0.200241 0.976358 0.000000
vt 0.598604 0.489266 0.000000
vt 0.548892 0.460051 0.000000
vt 0.582923 0.439658 0.000000
vt 0.643897 0.458955 0.000000
vt 0.587338 0.421462 0.000000
vt 0.648702 0.429801 0.000000
vt 0.651455 0.405350 0.000000
vt 0.580399 0.402126 0.000000
vt 0.702030 0.477691 0.000000
vt 0.719299 0.440136 0.000000
vt 0.451456 0.550304 0.000000
vt 0.552130 0.543337 0.000000
vt 0.575697 0.581901 0.000000
vt 0.447740 0.591978 0.000000
vt 0.642271 0.514656 0.000000
vt 0.721184 0.409468 0.000000
vt 0.689722 0.356342 0.000000
vt 0.514937 0.471132 0.000000
vt 0.534535 0.511157 0.000000
vt 0.457228 0.517912 0.000000
vt 0.469562 0.472320 0.000000
vt 0.695282 0.546167 0.000000
vt 0.776484 0.500874 0.000000
vt 0.802974 0.453141 0.000000
vt 0.633740 0.356492 0.000000
vt 0.583294 0.356629 0.000000
vt 0.808443 0.414992 0.000000
vt 0.185993 0.820577 0.000000
vt 0.134459 0.816564 0.000000
vt 0.154541 0.797369 0.000000
vt 0.222661 0.810591 0.000000
vt 0.079020 0.820595 0.000000
vt 0.070951 0.805639 0.000000
vt 0.162247 0.937953 0.000000
vt 0.168998 0.922969 0.000000
vt 0.225615 0.926223 0.000000
vt 0.233408 0.953013 0.000000
vt 0.380319 0.944665 0.000000
vt 0.377913 0.922380 0.000000
vt 0.451062 0.931029 0.000000
vt 0.448250 0.959746 0.000000
vt 0.439727 0.898966 0.000000
vt 0.346852 0.895521 0.000000
vt 0.264472 0.839137 0.000000
vt 0.320377 0.838598 0.000000
vt 0.323741 0.863136 0.000000
vt 0.266057 0.868792 0.000000
vt 0.311583 0.802336 0.000000
vt 0.511832 0.815710 0.000000
vt 0.511832 0.864728 0.000000
vt 0.434234 0.864956 0.000000
vt 0.432304 0.815898 0.000000
vt 0.122443 0.762445 0.000000
vt 0.014921 0.776791 0.000000
vt 0.014921 0.730903 0.000000
vt 0.119020 0.720484 0.000000
vt 0.125807 0.866899 0.000000
vt 0.126830 0.853664 0.000000
vt 0.164986 0.853548 0.000000
vt 0.166564 0.866597 0.000000
vt 0.715222 0.819806 0.000000
vt 0.738085 0.809348 0.000000
vt 0.717589 0.791608 0.000000
vt 0.695134 0.791537 0.000000
vt 0.722985 0.772331 0.000000
vt 0.704850 0.768823 0.000000
vt 0.759583 0.758685 0.000000
vt 0.794177 0.754800 0.000000
vt 0.773295 0.743795 0.000000
vt 0.737168 0.747295 0.000000
vt 0.105246 0.894777 0.000000
vt 0.107899 0.879266 0.000000
vt 0.166540 0.881282 0.000000
vt 0.173102 0.902977 0.000000
vt 0.212025 0.877169 0.000000
vt 0.230185 0.898154 0.000000
vt 0.785250 0.808804 0.000000
vt 0.837824 0.809364 0.000000
vt 0.842245 0.791552 0.000000
vt 0.793622 0.791387 0.000000
vt 0.846400 0.758700 0.000000
vt 0.851681 0.747210 0.000000
vt 0.811647 0.746980 0.000000
vt 0.750799 0.799464 0.000000
vt 0.738274 0.791914 0.000000
vt 0.741726 0.777252 0.000000
vt 0.770920 0.823429 0.000000
vt 0.511832 0.930839 0.000000
vt 0.511832 0.898564 0.000000
vt 0.171105 0.837296 0.000000
vt 0.128972 0.833117 0.000000
vt 0.086962 0.836953 0.000000
vt 0.051839 0.849740 0.000000
vt 0.037396 0.837617 0.000000
vt 0.911507 0.759767 0.000000
vt 0.929052 0.747210 0.000000
vt 0.833240 0.774835 0.000000
vt 0.911463 0.775054 0.000000
vt 0.906501 0.792548 0.000000
vt 0.916774 0.823505 0.000000
vt 0.940840 0.823668 0.000000
vt 0.940777 0.809535 0.000000
vt 0.916150 0.809535 0.000000
vt 0.927904 0.759533 0.000000
vt 0.927611 0.775346 0.000000
vt 0.929046 0.835715 0.000000
vt 0.992142 0.835715 0.000000
vt 0.992142 0.824023 0.000000
vt 0.992142 0.792130 0.000000
vt 0.992142 0.775054 0.000000
vt 0.945441 0.775054 0.000000
vt 0.930457 0.793271 0.000000
vt 0.943273 0.759767 0.000000
vt 0.992142 0.759767 0.000000
vt 0.992142 0.747210 0.000000
vt 0.992142 0.809535 0.000000
vt 0.413037 0.729568 0.000000
vt 0.515409 0.735644 0.000000
vt 0.511832 0.772446 0.000000
vt 0.427171 0.768859 0.000000
vt 0.047362 0.865000 0.000000
vt 0.014921 0.865400 0.000000
vt 0.014921 0.849780 0.000000
vt 0.363855 0.767590 0.000000
vt 0.296660 0.765314 0.000000
vt 0.296660 0.722380 0.000000
vt 0.356974 0.727037 0.000000
vt 0.088184 0.852631 0.000000
vt 0.209454 0.861144 0.000000
vt 0.245646 0.850217 0.000000
vt 0.419468 0.972064 0.000000
vt 0.377564 0.961120 0.000000
vt 0.801084 0.827881 0.000000
vt 0.756880 0.834052 0.000000
vt 0.845576 0.824380 0.000000
vt 0.784885 0.774219 0.000000
vt 0.014921 0.828223 0.000000
vt 0.370804 0.865432 0.000000
vt 0.371251 0.811614 0.000000
vt 0.851681 0.835715 0.000000
vt 0.813565 0.833539 0.000000
vt 0.783709 0.834908 0.000000
vt 0.809088 0.836325 0.000000
vt 0.805712 0.744740 0.000000
vt 0.225539 0.833883 0.000000
vt 0.202035 0.847643 0.000000
vt 0.014921 0.926870 0.000000
vt 0.014921 0.910266 0.000000
vt 0.097438 0.918617 0.000000
vt 0.096919 0.934410 0.000000
vt 0.090785 0.865360 0.000000
vt 0.045762 0.881380 0.000000
vt 0.014921 0.692345 0.000000
vt 0.128346 0.693523 0.000000
vt 0.511832 0.955125 0.000000
vt 0.095537 0.948503 0.000000
vt 0.193502 0.959691 0.000000
vt 0.553001 0.703756 0.000000
vt 0.406291 0.688430 0.000000
vt 0.755937 0.293384 0.000000
vt 0.755938 0.249555 0.000000
vt 0.697318 0.249554 0.000000
vt 0.697317 0.293384 0.000000
vt 0.697318 0.219835 0.000000
vt 0.629481 0.219835 0.000000
vt 0.629481 0.249554 0.000000
vt 0.755938 0.219835 0.000000
vt 0.132960 0.657882 0.000000
vt 0.296660 0.663767 0.000000
vt 0.206148 0.720770 0.000000
vt 0.990613 0.363009 0.000000
vt 0.961039 0.363009 0.000000
vt 0.961039 0.371039 0.000000
vt 0.990613 0.370906 0.000000
vt 0.961039 0.371039 0.000000
vt 0.991662 0.393331 0.000000
vt 0.962086 0.393331 0.000000
vt 0.924483 0.393331 0.000000
vt 0.870570 0.393331 0.000000
vt 0.869523 0.363009 0.000000
vt 0.923434 0.363009 0.000000
vt 0.892556 0.899444 0.000000
vt 0.947528 0.900568 0.000000
vt 0.945210 0.885971 0.000000
vt 0.888840 0.881410 0.000000
vt 0.777250 0.896156 0.000000
vt 0.840227 0.897365 0.000000
vt 0.834452 0.878884 0.000000
vt 0.775054 0.878601 0.000000
vt 0.782108 0.971550 0.000000
vt 0.781998 0.987686 0.000000
vt 0.819168 0.987686 0.000000
vt 0.858623 0.973236 0.000000
vt 0.877164 0.858572 0.000000
vt 0.825490 0.858990 0.000000
vt 0.877089 0.954144 0.000000
vt 0.877330 0.934636 0.000000
vt 0.846475 0.934061 0.000000
vt 0.851784 0.954657 0.000000
vt 0.878692 0.973744 0.000000
vt 0.865437 0.987686 0.000000
vt 0.870877 0.987686 0.000000
vt 0.862804 0.987686 0.000000
vt 0.876389 0.844503 0.000000
vt 0.855885 0.844502 0.000000
vt 0.854973 0.844502 0.000000
vt 0.926983 0.844503 0.000000
vt 0.819169 0.844502 0.000000
vt 0.907635 0.955628 0.000000
vt 0.942690 0.957695 0.000000
vt 0.944507 0.936641 0.000000
vt 0.908906 0.935082 0.000000
vt 0.907764 0.974518 0.000000
vt 0.939809 0.974630 0.000000
vt 0.947197 0.915918 0.000000
vt 0.894398 0.915020 0.000000
vt 0.988421 0.964698 0.000000
vt 0.988421 0.941220 0.000000
vt 0.988421 0.914348 0.000000
vt 0.533954 0.970077 0.000000
vt 0.606415 0.970865 0.000000
vt 0.603487 0.951399 0.000000
vt 0.533954 0.951620 0.000000
vt 0.700421 0.971078 0.000000
vt 0.694334 0.950714 0.000000
vt 0.629454 0.868203 0.000000
vt 0.573682 0.868203 0.000000
vt 0.573682 0.890507 0.000000
vt 0.629454 0.890507 0.000000
vt 0.533954 0.932011 0.000000
vt 0.603036 0.931715 0.000000
vt 0.699477 0.913248 0.000000
vt 0.705238 0.895555 0.000000
vt 0.604632 0.911002 0.000000
vt 0.694745 0.931770 0.000000
vt 0.710660 0.987685 0.000000
vt 0.777734 0.914425 0.000000
vt 0.778764 0.932013 0.000000
vt 0.781359 0.952027 0.000000
vt 0.711472 0.862911 0.000000
vt 0.710661 0.844502 0.000000
vt 0.639615 0.844502 0.000000
vt 0.709841 0.878975 0.000000
vt 0.769124 0.860378 0.000000
vt 0.639614 0.987685 0.000000
vt 0.765279 0.844502 0.000000
vt 0.843452 0.914607 0.000000
vt 0.988421 0.898924 0.000000
vt 0.988421 0.884770 0.000000
vt 0.988421 0.844503 0.000000
vt 0.962086 0.393331 0.000000
vt 0.961039 0.363009 0.000000
vt 0.887339 0.987686 0.000000
vt 0.939145 0.987686 0.000000
vt 0.911043 0.987686 0.000000
vt 0.988421 0.987686 0.000000
vt 0.924483 0.393331 0.000000
vt 0.923434 0.371445 0.000000
vt 0.585918 0.817771 0.000000
vt 0.563131 0.815832 0.000000
vt 0.563131 0.799240 0.000000
vt 0.585918 0.796636 0.000000
vt 0.523636 0.787338 0.000000
vt 0.523636 0.803160 0.000000
vt 0.563131 0.799496 0.000000
vt 0.563131 0.782170 0.000000
vt 0.523712 0.829283 0.000000
vt 0.523712 0.837359 0.000000
vt 0.585918 0.817771 0.000000
vt 0.563131 0.815832 0.000000
vt 0.585918 0.796717 0.000000
vt 0.585918 0.761903 0.000000
vt 0.616783 0.802810 0.000000
vt 0.616783 0.833735 0.000000
vt 0.664021 0.833735 0.000000
vt 0.664022 0.802810 0.000000
vt 0.585918 0.751018 0.000000
vt 0.585918 0.734586 0.000000
vt 0.538202 0.734586 0.000000
vt 0.538202 0.751018 0.000000
vt 0.585918 0.751018 0.000000
vt 0.538202 0.751018 0.000000
vt 0.664022 0.779451 0.000000
vt 0.616783 0.779451 0.000000
vt 0.563131 0.782170 0.000000
vt 0.365427 0.538769 0.000000
vt 0.365428 0.558984 0.000000
vt 0.365428 0.558984 0.000000
vt 0.365427 0.538769 0.000000
vt 0.365427 0.538769 0.000000
vt 0.365428 0.558984 0.000000
vt 0.395261 0.558838 0.000000
vt 0.395261 0.538769 0.000000
vt 0.425533 0.538769 0.000000
vt 0.425533 0.559092 0.000000
vt 0.962086 0.410269 0.000000
vt 0.991662 0.410269 0.000000
vt 0.962086 0.410269 0.000000
vt 0.365428 0.579608 0.000000
vt 0.365428 0.579608 0.000000
vt 0.365427 0.538769 0.000000
vt 0.395261 0.538769 0.000000
vt 0.395261 0.558838 0.000000
vt 0.365428 0.558984 0.000000
vt 0.991661 0.462001 0.000000
vt 0.962086 0.462001 0.000000
vt 0.924753 0.393331 0.000000
vt 0.924753 0.410269 0.000000
vt 0.924753 0.393331 0.000000
vt 0.924754 0.462001 0.000000
vt 0.870568 0.462001 0.000000
vt 0.924754 0.462001 0.000000
vt 0.962086 0.462001 0.000000
vt 0.538202 0.761903 0.000000
vt 0.870569 0.484861 0.000000
vt 0.924754 0.484861 0.000000
vt 0.962087 0.484861 0.000000
vt 0.991661 0.484861 0.000000
vt 0.962087 0.484861 0.000000
vt 0.922036 0.308465 0.000000
vt 0.922036 0.212706 0.000000
vt 0.848353 0.308465 0.000000
vt 0.848352 0.212706 0.000000
vt 0.993967 0.308465 0.000000
vt 0.993966 0.212705 0.000000
vt 0.770557 0.308465 0.000000
vt 0.770555 0.212706 0.000000
vt 0.848353 0.308465 0.000000
vt 0.848352 0.212706 0.000000
vt 0.922036 0.308465 0.000000
vt 0.922036 0.212706 0.000000
vt 0.922036 0.342293 0.000000
vt 0.848353 0.342293 0.000000
vt 0.993968 0.342293 0.000000
vt 0.770557 0.342293 0.000000
vt 0.848353 0.342293 0.000000
vt 0.922036 0.342293 0.000000
vt 0.465633 0.030569 0.000000
vt 0.475962 0.048123 0.000000
vt 0.348295 0.048123 0.000000
vt 0.348295 0.030569 0.000000
vt 0.476191 0.008525 0.000000
vt 0.529640 0.008525 0.000000
vt 0.529640 0.030569 0.000000
vt 0.529640 0.075357 0.000000
vt 0.475962 0.075357 0.000000
vt 0.769049 0.080307 0.000000
vt 0.738322 0.080307 0.000000
vt 0.737926 0.061116 0.000000
vt 0.769049 0.061116 0.000000
vt 0.214396 0.038286 0.000000
vt 0.202230 0.055779 0.000000
vt 0.284308 0.082189 0.000000
vt 0.294226 0.068927 0.000000
vt 0.270450 0.101300 0.000000
vt 0.384625 0.135764 0.000000
vt 0.394705 0.123180 0.000000
vt 0.167669 0.140917 0.000000
vt 0.114034 0.138053 0.000000
vt 0.113825 0.172071 0.000000
vt 0.161966 0.172327 0.000000
vt 0.193100 0.075160 0.000000
vt 0.405271 0.112386 0.000000
vt 0.183362 0.097564 0.000000
vt 0.256083 0.126450 0.000000
vt 0.114032 0.137922 0.000000
vt 0.113825 0.096049 0.000000
vt 0.113825 0.137425 0.000000
vt 0.417772 0.222182 0.000000
vt 0.422329 0.239210 0.000000
vt 0.361168 0.241422 0.000000
vt 0.354096 0.224365 0.000000
vt 0.285839 0.238974 0.000000
vt 0.280071 0.225711 0.000000
vt 0.372858 0.201617 0.000000
vt 0.390211 0.191707 0.000000
vt 0.439664 0.214287 0.000000
vt 0.368805 0.080549 0.000000
vt 0.374171 0.067170 0.000000
vt 0.346023 0.063640 0.000000
vt 0.339782 0.072261 0.000000
vt 0.615521 0.064467 0.000000
vt 0.615521 0.041280 0.000000
vt 0.644389 0.041280 0.000000
vt 0.644389 0.064467 0.000000
vt 0.615522 0.091248 0.000000
vt 0.644389 0.091248 0.000000
vt 0.588675 0.041280 0.000000
vt 0.588675 0.064467 0.000000
vt 0.588676 0.091248 0.000000
vt 0.426544 0.085004 0.000000
vt 0.426543 0.070890 0.000000
vt 0.462547 0.075587 0.000000
vt 0.462547 0.085004 0.000000
vt 0.426544 0.100032 0.000000
vt 0.462547 0.100032 0.000000
vt 0.478407 0.195552 0.000000
vt 0.597965 0.195552 0.000000
vt 0.597965 0.180457 0.000000
vt 0.478407 0.180457 0.000000
vt 0.597965 0.211560 0.000000
vt 0.478407 0.211560 0.000000
vt 0.020867 0.330539 0.000000
vt 0.016923 0.353454 0.000000
vt 0.015116 0.351703 0.000000
vt 0.010382 0.346884 0.000000
vt 0.010291 0.346779 0.000000
vt 0.010292 0.330341 0.000000
vt 0.465633 0.030569 0.000000
vt 0.348295 0.030569 0.000000
vt 0.348295 0.048123 0.000000
vt 0.475962 0.048123 0.000000
vt 0.476191 0.008525 0.000000
vt 0.529640 0.030569 0.000000
vt 0.529640 0.008525 0.000000
vt 0.475962 0.075357 0.000000
vt 0.529640 0.075357 0.000000
vt 0.769049 0.080307 0.000000
vt 0.769049 0.061116 0.000000
vt 0.737926 0.061116 0.000000
vt 0.738322 0.080307 0.000000
vt 0.214396 0.038286 0.000000
vt 0.294226 0.068927 0.000000
vt 0.284308 0.082189 0.000000
vt 0.202230 0.055779 0.000000
vt 0.394705 0.123180 0.000000
vt 0.384625 0.135764 0.000000
vt 0.270450 0.101300 0.000000
vt 0.193100 0.075160 0.000000
vt 0.405271 0.112386 0.000000
vt 0.256083 0.126450 0.000000
vt 0.183362 0.097564 0.000000
vt 0.113825 0.096049 0.000000
vt 0.417772 0.222182 0.000000
vt 0.354096 0.224365 0.000000
vt 0.361168 0.241422 0.000000
vt 0.422329 0.239210 0.000000
vt 0.285839 0.238974 0.000000
vt 0.280071 0.225711 0.000000
vt 0.372858 0.201617 0.000000
vt 0.439664 0.214287 0.000000
vt 0.390211 0.191707 0.000000
vt 0.368805 0.080549 0.000000
vt 0.339782 0.072261 0.000000
vt 0.346023 0.063640 0.000000
vt 0.374171 0.067170 0.000000
vt 0.615521 0.064467 0.000000
vt 0.644389 0.064467 0.000000
vt 0.644389 0.041280 0.000000
vt 0.615521 0.041280 0.000000
vt 0.615522 0.091248 0.000000
vt 0.644389 0.091248 0.000000
vt 0.588675 0.041280 0.000000
vt 0.588675 0.064467 0.000000
vt 0.588676 0.091248 0.000000
vt 0.426544 0.085004 0.000000
vt 0.462547 0.085004 0.000000
vt 0.462547 0.075587 0.000000
vt 0.426543 0.070890 0.000000
vt 0.426544 0.100032 0.000000
vt 0.462547 0.100032 0.000000
vt 0.597965 0.180457 0.000000
vt 0.597965 0.195552 0.000000
vt 0.597965 0.211560 0.000000
vt 0.167669 0.140917 0.000000
vt 0.020867 0.330539 0.000000
vt 0.010292 0.330341 0.000000
vt 0.268629 0.972733 0.000000
vt 0.290832 0.955913 0.000000
vt 0.313033 0.991735 0.000000
vt 0.377801 0.991735 0.000000
vt 0.358486 0.982463 0.000000
vt 0.377801 0.972262 0.000000
vt 0.428930 0.991735 0.000000
vt 0.313034 0.939093 0.000000
vt 0.335760 0.960778 0.000000
vt 0.313034 0.965414 0.000000
vt 0.258380 0.970261 0.000000
vt 0.731013 0.356418 0.000000
vt 0.783593 0.356514 0.000000
vt 0.525872 0.377502 0.000000
vt 0.544071 0.392514 0.000000
vt 0.563126 0.377354 0.000000
vt 0.492212 0.377630 0.000000
vt 0.509572 0.364169 0.000000
vt 0.546305 0.364060 0.000000
vt 0.511646 0.392753 0.000000
vt 0.480876 0.648480 0.000000
vt 0.014921 0.659320 0.000000
vt 0.258687 0.891375 0.000000
vt 0.014921 0.819565 0.000000
vt 0.312285 0.877184 0.000000
vt 0.144420 0.635522 0.000000
vt 0.211244 0.764954 0.000000
vt 0.761566 0.791095 0.000000
vt 0.014921 0.884465 0.000000
vt 0.014921 0.541411 0.000000
vt 0.080994 0.605267 0.000000
vt 0.014921 0.605267 0.000000
vt 0.296660 0.555491 0.000000
vt 0.403339 0.605332 0.000000
vt 0.296660 0.605332 0.000000
vt 0.219685 0.605332 0.000000
vt 0.766345 0.567576 0.000000
vt 0.670730 0.629949 0.000000
vt 0.602812 0.598909 0.000000
vt 0.610056 0.666414 0.000000
vt 0.505480 0.618502 0.000000
vt 0.153598 0.966369 0.000000
vt 0.461371 0.983008 0.000000
vt 0.755937 0.346913 0.000000
vt 0.629480 0.346913 0.000000
vt 0.697317 0.346913 0.000000
vt 0.629480 0.320557 0.000000
vt 0.011779 0.531906 0.000000
vt 0.011779 0.492220 0.000000
vt 0.082403 0.492220 0.000000
vt 0.011779 0.445052 0.000000
vt 0.782129 0.573424 0.000000
vt 0.698392 0.647743 0.000000
vt 0.782128 0.647743 0.000000
vt 0.661208 0.689678 0.000000
vt 0.782127 0.732968 0.000000
vt 0.782127 0.689679 0.000000
vt 0.923434 0.363009 0.000000
vt 0.588062 0.987685 0.000000
vt 0.588063 0.844502 0.000000
vt 0.533955 0.879953 0.000000
vt 0.533954 0.910044 0.000000
vt 0.533955 0.844502 0.000000
vt 0.533954 0.987685 0.000000
vt 0.642421 0.765322 0.000000
vt 0.523636 0.771191 0.000000
vt 0.365428 0.579608 0.000000
vt 0.365428 0.579608 0.000000
vt 0.425533 0.579608 0.000000
vt 0.538202 0.761903 0.000000
vt 0.585918 0.761903 0.000000
vt 0.365428 0.579608 0.000000
vt 0.425533 0.579608 0.000000
vt 0.365428 0.579608 0.000000
vt 0.924754 0.484861 0.000000
vt 0.887857 0.177294 0.000000
vt 0.995118 0.177293 0.000000
vt 0.770555 0.177294 0.000000
vt 0.886778 0.177294 0.000000
vt 0.262644 0.030569 0.000000
vt 0.577879 0.008525 0.000000
vt 0.475962 0.121443 0.000000
vt 0.420503 0.008525 0.000000
vt 0.577879 0.030569 0.000000
vt 0.529640 0.144893 0.000000
vt 0.577879 0.075357 0.000000
vt 0.577879 0.123192 0.000000
vt 0.348295 0.008525 0.000000
vt 0.693252 0.061116 0.000000
vt 0.693278 0.080307 0.000000
vt 0.664241 0.088649 0.000000
vt 0.799378 0.061115 0.000000
vt 0.799378 0.067644 0.000000
vt 0.799379 0.080307 0.000000
vt 0.799379 0.088669 0.000000
vt 0.799379 0.102451 0.000000
vt 0.769050 0.103905 0.000000
vt 0.799380 0.124090 0.000000
vt 0.529640 0.144893 0.000000
vt 0.577879 0.123192 0.000000
vt 0.702556 0.144893 0.000000
vt 0.475962 0.166528 0.000000
vt 0.702556 0.166528 0.000000
vt 0.664240 0.034653 0.000000
vt 0.693251 0.019317 0.000000
vt 0.769160 0.123192 0.000000
vt 0.814807 0.144893 0.000000
vt 0.475962 0.166528 0.000000
vt 0.467505 0.150396 0.000000
vt 0.113825 0.003985 0.000000
vt 0.113825 0.039174 0.000000
vt 0.379465 0.173665 0.000000
vt 0.239026 0.166424 0.000000
vt 0.232268 0.181778 0.000000
vt 0.113825 0.247755 0.000000
vt 0.225757 0.196293 0.000000
vt 0.247469 0.150299 0.000000
vt 0.293498 0.190633 0.000000
vt 0.213654 0.223474 0.000000
vt 0.275064 0.215063 0.000000
vt 0.336735 0.208673 0.000000
vt 0.480795 0.245476 0.000000
vt 0.349450 0.185398 0.000000
vt 0.412310 0.079046 0.000000
vt 0.395935 0.085913 0.000000
vt 0.414850 0.096432 0.000000
vt 0.402109 0.065405 0.000000
vt 0.318415 0.058603 0.000000
vt 0.388858 0.056842 0.000000
vt 0.615521 0.008649 0.000000
vt 0.595740 0.027625 0.000000
vt 0.636015 0.101631 0.000000
vt 0.615522 0.117683 0.000000
vt 0.462547 0.064430 0.000000
vt 0.426543 0.055123 0.000000
vt 0.462547 0.114734 0.000000
vt 0.426544 0.106263 0.000000
vt 0.743212 0.195552 0.000000
vt 0.033309 0.309401 0.000000
vt 0.046634 0.318703 0.000000
vt 0.041122 0.321979 0.000000
vt 0.010292 0.298482 0.000000
vt 0.018112 0.311282 0.000000
vt 0.069765 0.329715 0.000000
vt 0.067600 0.337101 0.000000
vt 0.010292 0.310718 0.000000
vt 0.044243 0.328868 0.000000
vt 0.069363 0.351712 0.000000
vt 0.044154 0.348035 0.000000
vt 0.043269 0.353697 0.000000
vt 0.057137 0.357404 0.000000
vt 0.039274 0.363544 0.000000
vt 0.082818 0.340233 0.000000
vt 0.017045 0.383097 0.000000
vt 0.262644 0.030569 0.000000
vt 0.577879 0.008525 0.000000
vt 0.475962 0.121443 0.000000
vt 0.420503 0.008525 0.000000
vt 0.577879 0.030569 0.000000
vt 0.529640 0.144893 0.000000
vt 0.577879 0.123192 0.000000
vt 0.577879 0.075357 0.000000
vt 0.348295 0.008525 0.000000
vt 0.693252 0.061116 0.000000
vt 0.664241 0.088649 0.000000
vt 0.693278 0.080307 0.000000
vt 0.799378 0.061115 0.000000
vt 0.799378 0.067644 0.000000
vt 0.799379 0.080307 0.000000
vt 0.799379 0.088669 0.000000
vt 0.799379 0.102451 0.000000
vt 0.769050 0.103905 0.000000
vt 0.799380 0.124090 0.000000
vt 0.529640 0.144893 0.000000
vt 0.702556 0.144893 0.000000
vt 0.577879 0.123192 0.000000
vt 0.475962 0.166528 0.000000
vt 0.702556 0.166528 0.000000
vt 0.693251 0.019317 0.000000
vt 0.664240 0.034653 0.000000
vt 0.769160 0.123192 0.000000
vt 0.814807 0.144893 0.000000
vt 0.475962 0.166528 0.000000
vt 0.467505 0.150396 0.000000
vt 0.113825 0.003985 0.000000
vt 0.113825 0.039174 0.000000
vt 0.379465 0.173665 0.000000
vt 0.161966 0.172327 0.000000
vt 0.239026 0.166424 0.000000
vt 0.232268 0.181778 0.000000
vt 0.225757 0.196293 0.000000
vt 0.247469 0.150299 0.000000
vt 0.293498 0.190633 0.000000
vt 0.213654 0.223474 0.000000
vt 0.275064 0.215063 0.000000
vt 0.336735 0.208673 0.000000
vt 0.480795 0.245476 0.000000
vt 0.349450 0.185398 0.000000
vt 0.412310 0.079046 0.000000
vt 0.414850 0.096432 0.000000
vt 0.395935 0.085913 0.000000
vt 0.402109 0.065405 0.000000
vt 0.318415 0.058603 0.000000
vt 0.388858 0.056842 0.000000
vt 0.615521 0.008649 0.000000
vt 0.595740 0.027625 0.000000
vt 0.636015 0.101631 0.000000
vt 0.615522 0.117683 0.000000
vt 0.462547 0.064430 0.000000
vt 0.426543 0.055123 0.000000
vt 0.462547 0.114734 0.000000
vt 0.426544 0.106263 0.000000
vt 0.743212 0.195552 0.000000
vt 0.033309 0.309401 0.000000
vt 0.041122 0.321979 0.000000
vt 0.046634 0.318703 0.000000
vt 0.010292 0.298482 0.000000
vt 0.018112 0.311282 0.000000
vt 0.069765 0.329715 0.000000
vt 0.067600 0.337101 0.000000
vt 0.010292 0.310718 0.000000
vt 0.044243 0.328868 0.000000
vt 0.069363 0.351712 0.000000
vt 0.044154 0.348035 0.000000
vt 0.043269 0.353697 0.000000
vt 0.039274 0.363544 0.000000
vt 0.057137 0.357404 0.000000
vt 0.082818 0.340233 0.000000
vt 0.141126 0.991734 0.000000
vt 0.621648 0.708351 0.000000
vt 0.621648 0.729702 0.000000
vt 0.585340 0.729702 0.000000
vt 0.585340 0.708351 0.000000
vt 0.654200 0.756296 0.000000
vt 0.654200 0.735544 0.000000
vt 0.696573 0.735544 0.000000
vt 0.696573 0.756296 0.000000
vt 0.585340 0.692879 0.000000
vt 0.621648 0.693524 0.000000
vt 0.470861 0.322426 0.000000
vt 0.496353 0.322426 0.000000
vt 0.489558 0.290283 0.000000
vt 0.474371 0.288965 0.000000
vt 0.526014 0.322426 0.000000
vt 0.526246 0.290087 0.000000
vt 0.556495 0.322426 0.000000
vt 0.558059 0.290115 0.000000
vt 0.592879 0.298643 0.000000
vt 0.584975 0.311380 0.000000
vt 0.612967 0.310992 0.000000
vt 0.612967 0.297954 0.000000
vt 0.597584 0.283005 0.000000
vt 0.581711 0.283706 0.000000
vt 0.579760 0.289314 0.000000
vt 0.597524 0.269244 0.000000
vt 0.583282 0.269183 0.000000
vt 0.390923 0.280992 0.000000
vt 0.420107 0.276789 0.000000
vt 0.410396 0.265866 0.000000
vt 0.393417 0.268984 0.000000
vt 0.489528 0.271838 0.000000
vt 0.474429 0.272009 0.000000
vt 0.526170 0.271437 0.000000
vt 0.489529 0.255545 0.000000
vt 0.473926 0.255545 0.000000
vt 0.526105 0.255545 0.000000
vt 0.575579 0.271257 0.000000
vt 0.557785 0.271390 0.000000
vt 0.574285 0.289682 0.000000
vt 0.557415 0.255545 0.000000
vt 0.575461 0.255544 0.000000
vt 0.431988 0.255545 0.000000
vt 0.430976 0.272055 0.000000
vt 0.427902 0.286923 0.000000
vt 0.453105 0.253432 0.000000
vt 0.473800 0.253432 0.000000
vt 0.612967 0.283806 0.000000
vt 0.612967 0.269187 0.000000
vt 0.557848 0.337667 0.000000
vt 0.586876 0.337667 0.000000
vt 0.585307 0.322426 0.000000
vt 0.498913 0.337667 0.000000
vt 0.528573 0.337667 0.000000
vt 0.612967 0.322426 0.000000
vt 0.612967 0.337667 0.000000
vt 0.472190 0.337667 0.000000
vt 0.447084 0.322426 0.000000
vt 0.445909 0.337667 0.000000
vt 0.425653 0.284791 0.000000
vt 0.398111 0.294310 0.000000
vt 0.654200 0.708351 0.000000
vt 0.627719 0.756296 0.000000
vt 0.696573 0.708351 0.000000
vt 0.627377 0.744139 0.000000
vt 0.455537 0.305485 0.000000
vt 0.572589 0.296865 0.000000
vt 0.427300 0.311331 0.000000
vt 0.399900 0.261936 0.000000
vt 0.431807 0.253432 0.000000
vt 0.698392 0.647743 0.000000
vt 0.782128 0.647743 0.000000
vt 0.782129 0.573424 0.000000
vt 0.661208 0.689678 0.000000
vt 0.782127 0.689679 0.000000
vt 0.782127 0.732968 0.000000
vt 0.782129 0.573424 0.000000
vt 0.782128 0.647743 0.000000
vt 0.698392 0.647743 0.000000
vt 0.661208 0.689678 0.000000
vt 0.782127 0.732968 0.000000
vt 0.782127 0.689679 0.000000
vt 0.782129 0.573424 0.000000
vt 0.698392 0.647743 0.000000
vt 0.782128 0.647743 0.000000
vt 0.661208 0.689678 0.000000
vt 0.782127 0.732968 0.000000
vt 0.782127 0.689679 0.000000
vt 0.782128 0.647743 0.000000
vt 0.698392 0.647743 0.000000
vt 0.782129 0.573424 0.000000
vt 0.661208 0.689678 0.000000
vt 0.782127 0.689679 0.000000
vt 0.782127 0.732968 0.000000
vt 0.245551 0.967166 0.000000
vt 0.200241 0.976358 0.000000
vt 0.598604 0.489266 0.000000
vt 0.643897 0.458955 0.000000
vt 0.582923 0.439658 0.000000
vt 0.548892 0.460051 0.000000
vt 0.587338 0.421462 0.000000
vt 0.648702 0.429801 0.000000
vt 0.651455 0.405350 0.000000
vt 0.580399 0.402126 0.000000
vt 0.702030 0.477691 0.000000
vt 0.719299 0.440136 0.000000
vt 0.575697 0.581901 0.000000
vt 0.552130 0.543337 0.000000
vt 0.642271 0.514656 0.000000
vt 0.721184 0.409468 0.000000
vt 0.689722 0.356342 0.000000
vt 0.514937 0.471132 0.000000
vt 0.534535 0.511157 0.000000
vt 0.695282 0.546167 0.000000
vt 0.776484 0.500874 0.000000
vt 0.802974 0.453141 0.000000
vt 0.808443 0.414992 0.000000
vt 0.185993 0.820577 0.000000
vt 0.222661 0.810591 0.000000
vt 0.154541 0.797369 0.000000
vt 0.134459 0.816564 0.000000
vt 0.070951 0.805639 0.000000
vt 0.079020 0.820595 0.000000
vt 0.162247 0.937953 0.000000
vt 0.233408 0.953013 0.000000
vt 0.225615 0.926223 0.000000
vt 0.168998 0.922969 0.000000
vt 0.380319 0.944665 0.000000
vt 0.448250 0.959746 0.000000
vt 0.451062 0.931029 0.000000
vt 0.377913 0.922380 0.000000
vt 0.439727 0.898966 0.000000
vt 0.346852 0.895521 0.000000
vt 0.264472 0.839137 0.000000
vt 0.266057 0.868792 0.000000
vt 0.323741 0.863136 0.000000
vt 0.320377 0.838598 0.000000
vt 0.311583 0.802336 0.000000
vt 0.432304 0.815898 0.000000
vt 0.434234 0.864956 0.000000
vt 0.122443 0.762445 0.000000
vt 0.119020 0.720484 0.000000
vt 0.125807 0.866899 0.000000
vt 0.166564 0.866597 0.000000
vt 0.164986 0.853548 0.000000
vt 0.126830 0.853664 0.000000
vt 0.715222 0.819806 0.000000
vt 0.695134 0.791537 0.000000
vt 0.717589 0.791608 0.000000
vt 0.738085 0.809348 0.000000
vt 0.704850 0.768823 0.000000
vt 0.722985 0.772331 0.000000
vt 0.759583 0.758685 0.000000
vt 0.737168 0.747295 0.000000
vt 0.773295 0.743795 0.000000
vt 0.794177 0.754800 0.000000
vt 0.105246 0.894777 0.000000
vt 0.173102 0.902977 0.000000
vt 0.166540 0.881282 0.000000
vt 0.107899 0.879266 0.000000
vt 0.230185 0.898154 0.000000
vt 0.212025 0.877169 0.000000
vt 0.785250 0.808804 0.000000
vt 0.793622 0.791387 0.000000
vt 0.842245 0.791552 0.000000
vt 0.837824 0.809364 0.000000
vt 0.846400 0.758700 0.000000
vt 0.811647 0.746980 0.000000
vt 0.851681 0.747210 0.000000
vt 0.738274 0.791914 0.000000
vt 0.750799 0.799464 0.000000
vt 0.741726 0.777252 0.000000
vt 0.770920 0.823429 0.000000
vt 0.171105 0.837296 0.000000
vt 0.128972 0.833117 0.000000
vt 0.086962 0.836953 0.000000
vt 0.037396 0.837617 0.000000
vt 0.051839 0.849740 0.000000
vt 0.911507 0.759767 0.000000
vt 0.929052 0.747210 0.000000
vt 0.911463 0.775054 0.000000
vt 0.833240 0.774835 0.000000
vt 0.906501 0.792548 0.000000
vt 0.916774 0.823505 0.000000
vt 0.916150 0.809535 0.000000
vt 0.940777 0.809535 0.000000
vt 0.940840 0.823668 0.000000
vt 0.927904 0.759533 0.000000
vt 0.927611 0.775346 0.000000
vt 0.992142 0.824023 0.000000
vt 0.992142 0.835715 0.000000
vt 0.929046 0.835715 0.000000
vt 0.992142 0.792130 0.000000
vt 0.930457 0.793271 0.000000
vt 0.945441 0.775054 0.000000
vt 0.992142 0.775054 0.000000
vt 0.943273 0.759767 0.000000
vt 0.992142 0.759767 0.000000
vt 0.992142 0.747210 0.000000
vt 0.992142 0.809535 0.000000
vt 0.413037 0.729568 0.000000
vt 0.427171 0.768859 0.000000
vt 0.047362 0.865000 0.000000
vt 0.363855 0.767590 0.000000
vt 0.356974 0.727037 0.000000
vt 0.296660 0.722380 0.000000
vt 0.296660 0.765314 0.000000
vt 0.088184 0.852631 0.000000
vt 0.245646 0.850217 0.000000
vt 0.209454 0.861144 0.000000
vt 0.377564 0.961120 0.000000
vt 0.419468 0.972064 0.000000
vt 0.801084 0.827881 0.000000
vt 0.756880 0.834052 0.000000
vt 0.845576 0.824380 0.000000
vt 0.784885 0.774219 0.000000
vt 0.014921 0.828223 0.000000
vt 0.371251 0.811614 0.000000
vt 0.370804 0.865432 0.000000
vt 0.851681 0.835715 0.000000
vt 0.813565 0.833539 0.000000
vt 0.783709 0.834908 0.000000
vt 0.809088 0.836325 0.000000
vt 0.805712 0.744740 0.000000
vt 0.225539 0.833883 0.000000
vt 0.202035 0.847643 0.000000
vt 0.096919 0.934410 0.000000
vt 0.097438 0.918617 0.000000
vt 0.090785 0.865360 0.000000
vt 0.045762 0.881380 0.000000
vt 0.128346 0.693523 0.000000
vt 0.095537 0.948503 0.000000
vt 0.193502 0.959691 0.000000
vt 0.406291 0.688430 0.000000
vt 0.755937 0.293384 0.000000
vt 0.697317 0.293384 0.000000
vt 0.697318 0.249554 0.000000
vt 0.755938 0.249555 0.000000
vt 0.629481 0.249554 0.000000
vt 0.755938 0.219835 0.000000
vt 0.206148 0.720770 0.000000
vt 0.296660 0.663767 0.000000
vt 0.132960 0.657882 0.000000
vt 0.990613 0.363009 0.000000
vt 0.990613 0.370906 0.000000
vt 0.961039 0.371039 0.000000
vt 0.961039 0.363009 0.000000
vt 0.961039 0.371039 0.000000
vt 0.962086 0.393331 0.000000
vt 0.991662 0.393331 0.000000
vt 0.924483 0.393331 0.000000
vt 0.923434 0.363009 0.000000
vt 0.869523 0.363009 0.000000
vt 0.870570 0.393331 0.000000
vt 0.892556 0.899444 0.000000
vt 0.888840 0.881410 0.000000
vt 0.945210 0.885971 0.000000
vt 0.947528 0.900568 0.000000
vt 0.777250 0.896156 0.000000
vt 0.775054 0.878601 0.000000
vt 0.834452 0.878884 0.000000
vt 0.840227 0.897365 0.000000
vt 0.782108 0.971550 0.000000
vt 0.858623 0.973236 0.000000
vt 0.819168 0.987686 0.000000
vt 0.781998 0.987686 0.000000
vt 0.825490 0.858990 0.000000
vt 0.877164 0.858572 0.000000
vt 0.877089 0.954144 0.000000
vt 0.851784 0.954657 0.000000
vt 0.846475 0.934061 0.000000
vt 0.877330 0.934636 0.000000
vt 0.878692 0.973744 0.000000
vt 0.862804 0.987686 0.000000
vt 0.854973 0.844502 0.000000
vt 0.819169 0.844502 0.000000
vt 0.907635 0.955628 0.000000
vt 0.908906 0.935082 0.000000
vt 0.944507 0.936641 0.000000
vt 0.942690 0.957695 0.000000
vt 0.939809 0.974630 0.000000
vt 0.907764 0.974518 0.000000
vt 0.894398 0.915020 0.000000
vt 0.947197 0.915918 0.000000
vt 0.988421 0.941220 0.000000
vt 0.988421 0.964698 0.000000
vt 0.988421 0.914348 0.000000
vt 0.533954 0.970077 0.000000
vt 0.533954 0.951620 0.000000
vt 0.603487 0.951399 0.000000
vt 0.606415 0.970865 0.000000
vt 0.700421 0.971078 0.000000
vt 0.694334 0.950714 0.000000
vt 0.629454 0.868203 0.000000
vt 0.629454 0.890507 0.000000
vt 0.573682 0.890507 0.000000
vt 0.573682 0.868203 0.000000
vt 0.533954 0.932011 0.000000
vt 0.603036 0.931715 0.000000
vt 0.699477 0.913248 0.000000
vt 0.604632 0.911002 0.000000
vt 0.705238 0.895555 0.000000
vt 0.694745 0.931770 0.000000
vt 0.710660 0.987685 0.000000
vt 0.777734 0.914425 0.000000
vt 0.778764 0.932013 0.000000
vt 0.781359 0.952027 0.000000
vt 0.711472 0.862911 0.000000
vt 0.639615 0.844502 0.000000
vt 0.710661 0.844502 0.000000
vt 0.709841 0.878975 0.000000
vt 0.769124 0.860378 0.000000
vt 0.639614 0.987685 0.000000
vt 0.765279 0.844502 0.000000
vt 0.843452 0.914607 0.000000
vt 0.988421 0.898924 0.000000
vt 0.988421 0.884770 0.000000
vt 0.962086 0.393331 0.000000
vt 0.961039 0.363009 0.000000
vt 0.923434 0.371445 0.000000
vt 0.924483 0.393331 0.000000
vt 0.585918 0.817771 0.000000
vt 0.585918 0.796636 0.000000
vt 0.563131 0.799240 0.000000
vt 0.563131 0.815832 0.000000
vt 0.523636 0.787338 0.000000
vt 0.563131 0.782170 0.000000
vt 0.563131 0.799496 0.000000
vt 0.523636 0.803160 0.000000
vt 0.523712 0.829283 0.000000
vt 0.563131 0.815832 0.000000
vt 0.585918 0.817771 0.000000
vt 0.523712 0.837359 0.000000
vt 0.585918 0.761903 0.000000
vt 0.585918 0.796717 0.000000
vt 0.616783 0.802810 0.000000
vt 0.664022 0.802810 0.000000
vt 0.664021 0.833735 0.000000
vt 0.616783 0.833735 0.000000
vt 0.585918 0.751018 0.000000
vt 0.538202 0.751018 0.000000
vt 0.538202 0.734586 0.000000
vt 0.585918 0.734586 0.000000
vt 0.585918 0.751018 0.000000
vt 0.538202 0.751018 0.000000
vt 0.616783 0.779451 0.000000
vt 0.664022 0.779451 0.000000
vt 0.563131 0.782170 0.000000
vt 0.365427 0.538769 0.000000
vt 0.365427 0.538769 0.000000
vt 0.365428 0.558984 0.000000
vt 0.365428 0.558984 0.000000
vt 0.365427 0.538769 0.000000
vt 0.395261 0.538769 0.000000
vt 0.395261 0.558838 0.000000
vt 0.365428 0.558984 0.000000
vt 0.425533 0.538769 0.000000
vt 0.425533 0.559092 0.000000
vt 0.991662 0.410269 0.000000
vt 0.962086 0.410269 0.000000
vt 0.962086 0.410269 0.000000
vt 0.365428 0.579608 0.000000
vt 0.365428 0.579608 0.000000
vt 0.365427 0.538769 0.000000
vt 0.365428 0.558984 0.000000
vt 0.395261 0.558838 0.000000
vt 0.395261 0.538769 0.000000
vt 0.991661 0.462001 0.000000
vt 0.962086 0.462001 0.000000
vt 0.924753 0.393331 0.000000
vt 0.924753 0.410269 0.000000
vt 0.924753 0.393331 0.000000
vt 0.870568 0.462001 0.000000
vt 0.924754 0.462001 0.000000
vt 0.924754 0.462001 0.000000
vt 0.962086 0.462001 0.000000
vt 0.538202 0.761903 0.000000
vt 0.870569 0.484861 0.000000
vt 0.924754 0.484861 0.000000
vt 0.962087 0.484861 0.000000
vt 0.991661 0.484861 0.000000
vt 0.962087 0.484861 0.000000
vt 0.848352 0.212706 0.000000
vt 0.922036 0.212706 0.000000
vt 0.848353 0.308465 0.000000
vt 0.922036 0.308465 0.000000
vt 0.993966 0.212705 0.000000
vt 0.993967 0.308465 0.000000
vt 0.848352 0.212706 0.000000
vt 0.770555 0.212706 0.000000
vt 0.848353 0.308465 0.000000
vt 0.770557 0.308465 0.000000
vt 0.922036 0.212706 0.000000
vt 0.922036 0.308465 0.000000
vt 0.848353 0.342293 0.000000
vt 0.922036 0.342293 0.000000
vt 0.993968 0.342293 0.000000
vt 0.848353 0.342293 0.000000
vt 0.770557 0.342293 0.000000
vt 0.922036 0.342293 0.000000
vt 0.465633 0.030569 0.000000
vt 0.348295 0.030569 0.000000
vt 0.348295 0.048123 0.000000
vt 0.475962 0.048123 0.000000
vt 0.476191 0.008525 0.000000
vt 0.529640 0.030569 0.000000
vt 0.529640 0.008525 0.000000
vt 0.475962 0.075357 0.000000
vt 0.529640 0.075357 0.000000
vt 0.769049 0.080307 0.000000
vt 0.769049 0.061116 0.000000
vt 0.737926 0.061116 0.000000
vt 0.738322 0.080307 0.000000
vt 0.214396 0.038286 0.000000
vt 0.294226 0.068927 0.000000
vt 0.284308 0.082189 0.000000
vt 0.202230 0.055779 0.000000
vt 0.394705 0.123180 0.000000
vt 0.384625 0.135764 0.000000
vt 0.270450 0.101300 0.000000
vt 0.167669 0.140917 0.000000
vt 0.161966 0.172327 0.000000
vt 0.113825 0.172071 0.000000
vt 0.114034 0.138053 0.000000
vt 0.193100 0.075160 0.000000
vt 0.405271 0.112386 0.000000
vt 0.256083 0.126450 0.000000
vt 0.183362 0.097564 0.000000
vt 0.114032 0.137922 0.000000
vt 0.113825 0.137425 0.000000
vt 0.113825 0.096049 0.000000
vt 0.417772 0.222182 0.000000
vt 0.354096 0.224365 0.000000
vt 0.361168 0.241422 0.000000
vt 0.422329 0.239210 0.000000
vt 0.285839 0.238974 0.000000
vt 0.280071 0.225711 0.000000
vt 0.372858 0.201617 0.000000
vt 0.439664 0.214287 0.000000
vt 0.390211 0.191707 0.000000
vt 0.368805 0.080549 0.000000
vt 0.339782 0.072261 0.000000
vt 0.346023 0.063640 0.000000
vt 0.374171 0.067170 0.000000
vt 0.615521 0.064467 0.000000
vt 0.644389 0.064467 0.000000
vt 0.644389 0.041280 0.000000
vt 0.615521 0.041280 0.000000
vt 0.615522 0.091248 0.000000
vt 0.644389 0.091248 0.000000
vt 0.588675 0.041280 0.000000
vt 0.588675 0.064467 0.000000
vt 0.588676 0.091248 0.000000
vt 0.426544 0.085004 0.000000
vt 0.462547 0.085004 0.000000
vt 0.462547 0.075587 0.000000
vt 0.426543 0.070890 0.000000
vt 0.426544 0.100032 0.000000
vt 0.462547 0.100032 0.000000
vt 0.478407 0.195552 0.000000
vt 0.478407 0.180457 0.000000
vt 0.597965 0.180457 0.000000
vt 0.597965 0.195552 0.000000
vt 0.597965 0.211560 0.000000
vt 0.478407 0.211560 0.000000
vt 0.020867 0.330539 0.000000
vt 0.010382 0.346884 0.000000
vt 0.015116 0.351703 0.000000
vt 0.016923 0.353454 0.000000
vt 0.010291 0.346779 0.000000
vt 0.010292 0.330341 0.000000
vt 0.465633 0.030569 0.000000
vt 0.475962 0.048123 0.000000
vt 0.348295 0.048123 0.000000
vt 0.348295 0.030569 0.000000
vt 0.476191 0.008525 0.000000
vt 0.529640 0.008525 0.000000
vt 0.529640 0.030569 0.000000
vt 0.529640 0.075357 0.000000
vt 0.475962 0.075357 0.000000
vt 0.769049 0.080307 0.000000
vt 0.738322 0.080307 0.000000
vt 0.737926 0.061116 0.000000
vt 0.769049 0.061116 0.000000
vt 0.214396 0.038286 0.000000
vt 0.202230 0.055779 0.000000
vt 0.284308 0.082189 0.000000
vt 0.294226 0.068927 0.000000
vt 0.270450 0.101300 0.000000
vt 0.384625 0.135764 0.000000
vt 0.394705 0.123180 0.000000
vt 0.193100 0.075160 0.000000
vt 0.405271 0.112386 0.000000
vt 0.183362 0.097564 0.000000
vt 0.256083 0.126450 0.000000
vt 0.113825 0.096049 0.000000
vt 0.417772 0.222182 0.000000
vt 0.422329 0.239210 0.000000
vt 0.361168 0.241422 0.000000
vt 0.354096 0.224365 0.000000
vt 0.285839 0.238974 0.000000
vt 0.280071 0.225711 0.000000
vt 0.372858 0.201617 0.000000
vt 0.390211 0.191707 0.000000
vt 0.439664 0.214287 0.000000
vt 0.368805 0.080549 0.000000
vt 0.374171 0.067170 0.000000
vt 0.346023 0.063640 0.000000
vt 0.339782 0.072261 0.000000
vt 0.615521 0.064467 0.000000
vt 0.615521 0.041280 0.000000
vt 0.644389 0.041280 0.000000
vt 0.644389 0.064467 0.000000
vt 0.615522 0.091248 0.000000
vt 0.644389 0.091248 0.000000
vt 0.588675 0.041280 0.000000
vt 0.588675 0.064467 0.000000
vt 0.588676 0.091248 0.000000
vt 0.426544 0.085004 0.000000
vt 0.426543 0.070890 0.000000
vt 0.462547 0.075587 0.000000
vt 0.462547 0.085004 0.000000
vt 0.426544 0.100032 0.000000
vt 0.462547 0.100032 0.000000
vt 0.597965 0.195552 0.000000
vt 0.597965 0.180457 0.000000
vt 0.597965 0.211560 0.000000
vt 0.167669 0.140917 0.000000
vt 0.020867 0.330539 0.000000
vt 0.010292 0.330341 0.000000
vt 0.268629 0.972733 0.000000
vt 0.290832 0.955913 0.000000
vt 0.377801 0.972262 0.000000
vt 0.358486 0.982463 0.000000
vt 0.313034 0.939093 0.000000
vt 0.313034 0.965414 0.000000
vt 0.335760 0.960778 0.000000
vt 0.258380 0.970261 0.000000
vt 0.730772 0.356417 0.000000
vt 0.783593 0.356514 0.000000
vt 0.563126 0.377354 0.000000
vt 0.544071 0.392514 0.000000
vt 0.525872 0.377502 0.000000
vt 0.509572 0.364169 0.000000
vt 0.492212 0.377630 0.000000
vt 0.546305 0.364060 0.000000
vt 0.511646 0.392753 0.000000
vt 0.480876 0.648480 0.000000
vt 0.258687 0.891375 0.000000
vt 0.312285 0.877184 0.000000
vt 0.144420 0.635522 0.000000
vt 0.211244 0.764954 0.000000
vt 0.761566 0.791095 0.000000
vt 0.080994 0.605267 0.000000
vt 0.296660 0.555491 0.000000
vt 0.296660 0.605332 0.000000
vt 0.403339 0.605332 0.000000
vt 0.219685 0.605332 0.000000
vt 0.602812 0.598909 0.000000
vt 0.505480 0.618502 0.000000
vt 0.153598 0.966369 0.000000
vt 0.461371 0.983008 0.000000
vt 0.629480 0.320557 0.000000
vt 0.082403 0.492220 0.000000
vt 0.782129 0.573424 0.000000
vt 0.782128 0.647743 0.000000
vt 0.698392 0.647743 0.000000
vt 0.661208 0.689678 0.000000
vt 0.782127 0.732968 0.000000
vt 0.782127 0.689679 0.000000
vt 0.923434 0.363009 0.000000
vt 0.588062 0.987685 0.000000
vt 0.588063 0.844502 0.000000
vt 0.533955 0.879953 0.000000
vt 0.533954 0.910044 0.000000
vt 0.533955 0.844502 0.000000
vt 0.533954 0.987685 0.000000
vt 0.642421 0.765322 0.000000
vt 0.523636 0.771191 0.000000
vt 0.365428 0.579608 0.000000
vt 0.425533 0.579608 0.000000
vt 0.365428 0.579608 0.000000
vt 0.538202 0.761903 0.000000
vt 0.585918 0.761903 0.000000
vt 0.365428 0.579608 0.000000
vt 0.425533 0.579608 0.000000
vt 0.365428 0.579608 0.000000
vt 0.924754 0.484861 0.000000
vt 0.887857 0.177294 0.000000
vt 0.995118 0.177293 0.000000
vt 0.770555 0.177294 0.000000
vt 0.886778 0.177294 0.000000
vt 0.262644 0.030569 0.000000
vt 0.577879 0.008525 0.000000
vt 0.475962 0.121443 0.000000
vt 0.420503 0.008525 0.000000
vt 0.577879 0.030569 0.000000
vt 0.529640 0.144893 0.000000
vt 0.577879 0.123192 0.000000
vt 0.577879 0.075357 0.000000
vt 0.348295 0.008525 0.000000
vt 0.693252 0.061116 0.000000
vt 0.664241 0.088649 0.000000
vt 0.693278 0.080307 0.000000
vt 0.799378 0.061115 0.000000
vt 0.799378 0.067644 0.000000
vt 0.799379 0.080307 0.000000
vt 0.799379 0.088669 0.000000
vt 0.799379 0.102451 0.000000
vt 0.769050 0.103905 0.000000
vt 0.799380 0.124090 0.000000
vt 0.529640 0.144893 0.000000
vt 0.702556 0.144893 0.000000
vt 0.577879 0.123192 0.000000
vt 0.475962 0.166528 0.000000
vt 0.702556 0.166528 0.000000
vt 0.693251 0.019317 0.000000
vt 0.664240 0.034653 0.000000
vt 0.769160 0.123192 0.000000
vt 0.814807 0.144893 0.000000
vt 0.475962 0.166528 0.000000
vt 0.467505 0.150396 0.000000
vt 0.113825 0.003985 0.000000
vt 0.113825 0.039174 0.000000
vt 0.379465 0.173665 0.000000
vt 0.239026 0.166424 0.000000
vt 0.232268 0.181778 0.000000
vt 0.113825 0.247755 0.000000
vt 0.225757 0.196293 0.000000
vt 0.247469 0.150299 0.000000
vt 0.293498 0.190633 0.000000
vt 0.213654 0.223474 0.000000
vt 0.275064 0.215063 0.000000
vt 0.336735 0.208673 0.000000
vt 0.480795 0.245476 0.000000
vt 0.349450 0.185398 0.000000
vt 0.412310 0.079046 0.000000
vt 0.414850 0.096432 0.000000
vt 0.395935 0.085913 0.000000
vt 0.402109 0.065405 0.000000
vt 0.318415 0.058603 0.000000
vt 0.388858 0.056842 0.000000
vt 0.615521 0.008649 0.000000
vt 0.595740 0.027625 0.000000
vt 0.636015 0.101631 0.000000
vt 0.615522 0.117683 0.000000
vt 0.462547 0.064430 0.000000
vt 0.426543 0.055123 0.000000
vt 0.462547 0.114734 0.000000
vt 0.426544 0.106263 0.000000
vt 0.743212 0.195552 0.000000
vt 0.033309 0.309401 0.000000
vt 0.041122 0.321979 0.000000
vt 0.046634 0.318703 0.000000
vt 0.010292 0.298482 0.000000
vt 0.018112 0.311282 0.000000
vt 0.069765 0.329715 0.000000
vt 0.067600 0.337101 0.000000
vt 0.010292 0.310718 0.000000
vt 0.044243 0.328868 0.000000
vt 0.069363 0.351712 0.000000
vt 0.044154 0.348035 0.000000
vt 0.043269 0.353697 0.000000
vt 0.039274 0.363544 0.000000
vt 0.057137 0.357404 0.000000
vt 0.082818 0.340233 0.000000
vt 0.017045 0.383097 0.000000
vt 0.262644 0.030569 0.000000
vt 0.577879 0.008525 0.000000
vt 0.475962 0.121443 0.000000
vt 0.420503 0.008525 0.000000
vt 0.577879 0.030569 0.000000
vt 0.529640 0.144893 0.000000
vt 0.577879 0.075357 0.000000
vt 0.577879 0.123192 0.000000
vt 0.348295 0.008525 0.000000
vt 0.693252 0.061116 0.000000
vt 0.693278 0.080307 0.000000
vt 0.664241 0.088649 0.000000
vt 0.799378 0.061115 0.000000
vt 0.799378 0.067644 0.000000
vt 0.799379 0.080307 0.000000
vt 0.799379 0.088669 0.000000
vt 0.799379 0.102451 0.000000
vt 0.769050 0.103905 0.000000
vt 0.799380 0.124090 0.000000
vt 0.529640 0.144893 0.000000
vt 0.577879 0.123192 0.000000
vt 0.702556 0.144893 0.000000
vt 0.475962 0.166528 0.000000
vt 0.702556 0.166528 0.000000
vt 0.664240 0.034653 0.000000
vt 0.693251 0.019317 0.000000
vt 0.769160 0.123192 0.000000
vt 0.814807 0.144893 0.000000
vt 0.475962 0.166528 0.000000
vt 0.467505 0.150396 0.000000
vt 0.113825 0.003985 0.000000
vt 0.113825 0.039174 0.000000
vt 0.379465 0.173665 0.000000
vt 0.161966 0.172327 0.000000
vt 0.239026 0.166424 0.000000
vt 0.232268 0.181778 0.000000
vt 0.225757 0.196293 0.000000
vt 0.247469 0.150299 0.000000
vt 0.293498 0.190633 0.000000
vt 0.213654 0.223474 0.000000
vt 0.275064 0.215063 0.000000
vt 0.336735 0.208673 0.000000
vt 0.480795 0.245476 0.000000
vt 0.349450 0.185398 0.000000
vt 0.412310 0.079046 0.000000
vt 0.395935 0.085913 0.000000
vt 0.414850 0.096432 0.000000
vt 0.402109 0.065405 0.000000
vt 0.318415 0.058603 0.000000
vt 0.388858 0.056842 0.000000
vt 0.615521 0.008649 0.000000
vt 0.595740 0.027625 0.000000
vt 0.636015 0.101631 0.000000
vt 0.615522 0.117683 0.000000
vt 0.462547 0.064430 0.000000
vt 0.426543 0.055123 0.000000
vt 0.462547 0.114734 0.000000
vt 0.426544 0.106263 0.000000
vt 0.743212 0.195552 0.000000
vt 0.033309 0.309401 0.000000
vt 0.046634 0.318703 0.000000
vt 0.041122 0.321979 0.000000
vt 0.010292 0.298482 0.000000
vt 0.018112 0.311282 0.000000
vt 0.069765 0.329715 0.000000
vt 0.067600 0.337101 0.000000
vt 0.010292 0.310718 0.000000
vt 0.044243 0.328868 0.000000
vt 0.069363 0.351712 0.000000
vt 0.044154 0.348035 0.000000
vt 0.043269 0.353697 0.000000
vt 0.057137 0.357404 0.000000
vt 0.039274 0.363544 0.000000
vt 0.082818 0.340233 0.000000
vt 0.621648 0.708351 0.000000
vt 0.621648 0.729702 0.000000
vt 0.654200 0.756296 0.000000
vt 0.654200 0.735544 0.000000
vt 0.621648 0.693524 0.000000
vt 0.470861 0.322426 0.000000
vt 0.474371 0.288965 0.000000
vt 0.489558 0.290283 0.000000
vt 0.496353 0.322426 0.000000
vt 0.526014 0.322426 0.000000
vt 0.526246 0.290087 0.000000
vt 0.556495 0.322426 0.000000
vt 0.558059 0.290115 0.000000
vt 0.592879 0.298643 0.000000
vt 0.612967 0.297954 0.000000
vt 0.612967 0.310992 0.000000
vt 0.584975 0.311380 0.000000
vt 0.579760 0.289314 0.000000
vt 0.581711 0.283706 0.000000
vt 0.597584 0.283005 0.000000
vt 0.597524 0.269244 0.000000
vt 0.583282 0.269183 0.000000
vt 0.390923 0.280992 0.000000
vt 0.393417 0.268984 0.000000
vt 0.410396 0.265866 0.000000
vt 0.420107 0.276789 0.000000
vt 0.474429 0.272009 0.000000
vt 0.489528 0.271838 0.000000
vt 0.526170 0.271437 0.000000
vt 0.473926 0.255545 0.000000
vt 0.489529 0.255545 0.000000
vt 0.526105 0.255545 0.000000
vt 0.575579 0.271257 0.000000
vt 0.574285 0.289682 0.000000
vt 0.557785 0.271390 0.000000
vt 0.557415 0.255545 0.000000
vt 0.575461 0.255544 0.000000
vt 0.431988 0.255545 0.000000
vt 0.430976 0.272055 0.000000
vt 0.427902 0.286923 0.000000
vt 0.453105 0.253432 0.000000
vt 0.473800 0.253432 0.000000
vt 0.612967 0.283806 0.000000
vt 0.612967 0.269187 0.000000
vt 0.557848 0.337667 0.000000
vt 0.585307 0.322426 0.000000
vt 0.586876 0.337667 0.000000
vt 0.498913 0.337667 0.000000
vt 0.528573 0.337667 0.000000
vt 0.612967 0.322426 0.000000
vt 0.612967 0.337667 0.000000
vt 0.472190 0.337667 0.000000
vt 0.445909 0.337667 0.000000
vt 0.447084 0.322426 0.000000
vt 0.425653 0.284791 0.000000
vt 0.398111 0.294310 0.000000
vt 0.654200 0.708351 0.000000
vt 0.627719 0.756296 0.000000
vt 0.627377 0.744139 0.000000
vt 0.455537 0.305485 0.000000
vt 0.572589 0.296865 0.000000
vt 0.427300 0.311331 0.000000
vt 0.399900 0.261936 0.000000
vt 0.431807 0.253432 0.000000
vt 0.782129 0.573424 0.000000
vt 0.782128 0.647743 0.000000
vt 0.698392 0.647743 0.000000
vt 0.661208 0.689678 0.000000
vt 0.782127 0.732968 0.000000
vt 0.782127 0.689679 0.000000
vt 0.782129 0.573424 0.000000
vt 0.698392 0.647743 0.000000
vt 0.782128 0.647743 0.000000
vt 0.661208 0.689678 0.000000
vt 0.782127 0.732968 0.000000
vt 0.782127 0.689679 0.000000
vt 0.782129 0.573424 0.000000
vt 0.782128 0.647743 0.000000
vt 0.698392 0.647743 0.000000
vt 0.661208 0.689678 0.000000
vt 0.782127 0.732968 0.000000
vt 0.782127 0.689679 0.000000
vt 0.782129 0.573424 0.000000
vt 0.698392 0.647743 0.000000
vt 0.782128 0.647743 0.000000
vt 0.661208 0.689678 0.000000
vt 0.782127 0.732968 0.000000
vt 0.782127 0.689679 0.000000
vt 0.761695 0.035308 0.000000
vt 0.761695 0.023120 0.000000
vt 0.761695 0.023120 0.000000
vt 0.761695 0.035107 0.000000
vt 0.761695 0.023120 0.000000
vt 0.739520 0.023120 0.000000
vt 0.739520 0.023120 0.000000
vt 0.761695 0.023120 0.000000
vt 0.191994 0.230839 0.000000
vt 0.191994 0.250755 0.000000
vt 0.220450 0.253933 0.000000
vt 0.220450 0.230839 0.000000
vt 0.166244 0.253932 0.000000
vt 0.166245 0.230838 0.000000
vt 0.849440 0.069490 0.000000
vt 0.849440 0.059041 0.000000
vt 0.870811 0.059041 0.000000
vt 0.870811 0.069490 0.000000
vt 0.849440 0.079231 0.000000
vt 0.870811 0.079231 0.000000
vt 0.947127 0.079231 0.000000
vt 0.940030 0.069490 0.000000
vt 0.967912 0.069490 0.000000
vt 0.967783 0.079231 0.000000
vt 0.994038 0.069490 0.000000
vt 0.994038 0.079231 0.000000
vt 0.191994 0.230839 0.000000
vt 0.220450 0.230839 0.000000
vt 0.220450 0.253933 0.000000
vt 0.191994 0.250755 0.000000
vt 0.166244 0.253932 0.000000
vt 0.166245 0.230838 0.000000
vt 0.849440 0.069490 0.000000
vt 0.870811 0.069490 0.000000
vt 0.870811 0.059041 0.000000
vt 0.849440 0.059041 0.000000
vt 0.849440 0.079231 0.000000
vt 0.870811 0.079231 0.000000
vt 0.947127 0.079231 0.000000
vt 0.967783 0.079231 0.000000
vt 0.967912 0.069490 0.000000
vt 0.940030 0.069490 0.000000
vt 0.994038 0.079231 0.000000
vt 0.994038 0.069490 0.000000
vt 0.761695 0.035308 0.000000
vt 0.761695 0.035107 0.000000
vt 0.761695 0.023120 0.000000
vt 0.761695 0.023120 0.000000
vt 0.761695 0.023120 0.000000
vt 0.761695 0.023120 0.000000
vt 0.739520 0.023120 0.000000
vt 0.739520 0.023120 0.000000
vt 0.191994 0.230839 0.000000
vt 0.220450 0.230839 0.000000
vt 0.220450 0.253933 0.000000
vt 0.191994 0.250755 0.000000
vt 0.166244 0.253932 0.000000
vt 0.166245 0.230838 0.000000
vt 0.849440 0.069490 0.000000
vt 0.870811 0.069490 0.000000
vt 0.870811 0.059041 0.000000
vt 0.849440 0.059041 0.000000
vt 0.849440 0.079231 0.000000
vt 0.870811 0.079231 0.000000
vt 0.947127 0.079231 0.000000
vt 0.967783 0.079231 0.000000
vt 0.967912 0.069490 0.000000
vt 0.940030 0.069490 0.000000
vt 0.191994 0.230839 0.000000
vt 0.191994 0.250755 0.000000
vt 0.220450 0.253933 0.000000
vt 0.220450 0.230839 0.000000
vt 0.166244 0.253932 0.000000
vt 0.166245 0.230838 0.000000
vt 0.849440 0.069490 0.000000
vt 0.849440 0.059041 0.000000
vt 0.870811 0.059041 0.000000
vt 0.870811 0.069490 0.000000
vt 0.849440 0.079231 0.000000
vt 0.870811 0.079231 0.000000
vt 0.947127 0.079231 0.000000
vt 0.940030 0.069490 0.000000
vt 0.967912 0.069490 0.000000
vt 0.967783 0.079231 0.000000
vt 0.913283 0.086839 0.000000
vt 0.988073 0.086913 0.000000
vt 0.914212 0.170327 0.000000
vt 0.988571 0.170609 0.000000
vt 0.838249 0.086857 0.000000
vt 0.839607 0.170139 0.000000
vt 0.988073 0.086913 0.000000
vt 0.988571 0.170609 0.000000
vt 0.914212 0.170327 0.000000
vt 0.913283 0.086839 0.000000
vt 0.839607 0.170139 0.000000
vt 0.838249 0.086857 0.000000
vt 0.914212 0.170327 0.000000
vt 0.913283 0.086839 0.000000
vt 0.988073 0.086913 0.000000
vt 0.988571 0.170609 0.000000
vt 0.839607 0.170139 0.000000
vt 0.838249 0.086857 0.000000
vt 0.914212 0.170327 0.000000
vt 0.913283 0.086839 0.000000
vt 0.988073 0.086913 0.000000
vt 0.988571 0.170609 0.000000
vt 0.839607 0.170139 0.000000
vt 0.838249 0.086857 0.000000
vt 0.914212 0.170327 0.000000
vt 0.988571 0.170609 0.000000
vt 0.988073 0.086913 0.000000
vt 0.913283 0.086839 0.000000
vt 0.839607 0.170139 0.000000
vt 0.838249 0.086857 0.000000
vt 0.914212 0.170327 0.000000
vt 0.988571 0.170609 0.000000
vt 0.988073 0.086913 0.000000
vt 0.913283 0.086839 0.000000
vt 0.839607 0.170139 0.000000
vt 0.838249 0.086857 0.000000
vt 0.988073 0.086913 0.000000
vt 0.913283 0.086839 0.000000
vt 0.914212 0.170327 0.000000
vt 0.988571 0.170609 0.000000
vt 0.838249 0.086857 0.000000
vt 0.839607 0.170139 0.000000
vt 0.914212 0.170327 0.000000
vt 0.988571 0.170609 0.000000
vt 0.988073 0.086913 0.000000
vt 0.913283 0.086839 0.000000
vt 0.839607 0.170139 0.000000
vt 0.838249 0.086857 0.000000
vt 0.914212 0.170327 0.000000
vt 0.988571 0.170609 0.000000
vt 0.988073 0.086913 0.000000
vt 0.913283 0.086839 0.000000
vt 0.839607 0.170139 0.000000
vt 0.838249 0.086857 0.000000
vt 0.914212 0.170327 0.000000
vt 0.988571 0.170609 0.000000
vt 0.988073 0.086913 0.000000
vt 0.913283 0.086839 0.000000
vt 0.839607 0.170139 0.000000
vt 0.838249 0.086857 0.000000
vt 0.988073 0.086913 0.000000
vt 0.988571 0.170609 0.000000
vt 0.914212 0.170327 0.000000
vt 0.913283 0.086839 0.000000
vt 0.839607 0.170139 0.000000
vt 0.838249 0.086857 0.000000
vt 0.914212 0.170327 0.000000
vt 0.913283 0.086839 0.000000
vt 0.988073 0.086913 0.000000
vt 0.988571 0.170609 0.000000
vt 0.839607 0.170139 0.000000
vt 0.838249 0.086857 0.000000
vt 0.761695 0.023120 0.000000
vt 0.826612 0.005695 0.000000
vt 0.826612 0.036133 0.000000
vt 0.881904 0.005695 0.000000
vt 0.761695 0.035107 0.000000
vt 0.754879 0.005695 0.000000
vt 0.739520 0.023120 0.000000
vt 0.694570 0.005871 0.000000
vt 0.739520 0.034755 0.000000
vt 0.761695 0.052562 0.000000
vt 0.826612 0.036133 0.000000
vt 0.826612 0.005695 0.000000
vt 0.761695 0.023120 0.000000
vt 0.881904 0.005695 0.000000
vt 0.761695 0.035308 0.000000
vt 0.754879 0.005695 0.000000
vt 0.739520 0.023120 0.000000
vt 0.694570 0.005871 0.000000
vt 0.739520 0.034755 0.000000
vt 0.761695 0.052562 0.000000
vt 0.739520 0.023120 0.000000
vt 0.739520 0.023120 0.000000
vt 0.739520 0.034755 0.000000
vt 0.761695 0.052562 0.000000
vt 0.191994 0.261577 0.000000
vt 0.169312 0.270246 0.000000
vt 0.191994 0.270246 0.000000
vt 0.286983 0.261577 0.000000
vt 0.217898 0.270246 0.000000
vt 0.114658 0.261577 0.000000
vt 0.808228 0.069490 0.000000
vt 0.912499 0.059041 0.000000
vt 0.957081 0.059041 0.000000
vt 0.994038 0.059041 0.000000
vt 0.912499 0.069490 0.000000
vt 0.891509 0.079231 0.000000
vt 0.912499 0.079231 0.000000
vt 0.754343 0.093668 0.000000
vt 0.754343 0.104050 0.000000
vt 0.653758 0.104050 0.000000
vt 0.754343 0.114864 0.000000
vt 0.191994 0.261577 0.000000
vt 0.169312 0.270246 0.000000
vt 0.191994 0.270246 0.000000
vt 0.286983 0.261577 0.000000
vt 0.217898 0.270246 0.000000
vt 0.114658 0.261577 0.000000
vt 0.808228 0.069490 0.000000
vt 0.912499 0.059041 0.000000
vt 0.957081 0.059041 0.000000
vt 0.994038 0.059041 0.000000
vt 0.912499 0.069490 0.000000
vt 0.891509 0.079231 0.000000
vt 0.912499 0.079231 0.000000
vt 0.761695 0.023120 0.000000
vt 0.826612 0.036133 0.000000
vt 0.761695 0.035107 0.000000
vt 0.739520 0.023120 0.000000
vt 0.739520 0.034755 0.000000
vt 0.761695 0.052562 0.000000
vt 0.826612 0.036133 0.000000
vt 0.761695 0.023120 0.000000
vt 0.761695 0.035308 0.000000
vt 0.739520 0.023120 0.000000
vt 0.739520 0.034755 0.000000
vt 0.761695 0.052562 0.000000
vt 0.739520 0.023120 0.000000
vt 0.739520 0.034755 0.000000
vt 0.739520 0.023120 0.000000
vt 0.761695 0.052562 0.000000
vt 0.191994 0.261577 0.000000
vt 0.169312 0.270246 0.000000
vt 0.191994 0.270246 0.000000
vt 0.286983 0.261577 0.000000
vt 0.217898 0.270246 0.000000
vt 0.114658 0.261577 0.000000
vt 0.808228 0.069490 0.000000
vt 0.912499 0.059041 0.000000
vt 0.957081 0.059041 0.000000
vt 0.912499 0.069490 0.000000
vt 0.891509 0.079231 0.000000
vt 0.912499 0.079231 0.000000
vt 0.754343 0.093668 0.000000
vt 0.653758 0.104050 0.000000
vt 0.754343 0.104050 0.000000
vt 0.754343 0.114864 0.000000
vt 0.191994 0.261577 0.000000
vt 0.169312 0.270246 0.000000
vt 0.191994 0.270246 0.000000
vt 0.286983 0.261577 0.000000
vt 0.217898 0.270246 0.000000
vt 0.114658 0.261577 0.000000
vt 0.808228 0.069490 0.000000
vt 0.912499 0.059041 0.000000
vt 0.957081 0.059041 0.000000
vt 0.912499 0.069490 0.000000
vt 0.891509 0.079231 0.000000
vt 0.912499 0.079231 0.000000
vt 0.754343 0.093668 0.000000
vt 0.754343 0.104050 0.000000
vt 0.653758 0.104050 0.000000
vt 0.754343 0.114864 0.000000
vt 0.754343 0.093668 0.000000
vt 0.754343 0.104050 0.000000
vt 0.653758 0.104050 0.000000
vt 0.754343 0.114864 0.000000
vt 0.754343 0.093668 0.000000
vt 0.653758 0.104050 0.000000
vt 0.754343 0.104050 0.000000
vt 0.754343 0.114864 0.000000
vt 0.754343 0.093668 0.000000
vt 0.653758 0.104050 0.000000
vt 0.754343 0.104050 0.000000
vt 0.754343 0.114864 0.000000
vt 0.991356 0.052531 0.000000
vt 0.991356 0.007044 0.000000
vt 0.897007 0.007344 0.000000
vt 0.991356 0.052531 0.000000
vt 0.991356 0.052531 0.000000
vt 0.991356 0.007290 0.000000
vt 0.897177 0.052531 0.000000
vt 0.991356 0.052531 0.000000
vt 0.897175 0.052531 0.000000
vt 0.792161 0.672787 0.000000
vt 0.792161 0.629025 0.000000
vt 0.877809 0.672915 0.000000
vt 0.877809 0.629687 0.000000
vt 0.877809 0.702207 0.000000
vt 0.792161 0.703448 0.000000
vt 0.792161 0.555802 0.000000
vt 0.877809 0.555336 0.000000
vt 0.877809 0.720842 0.000000
vt 0.877809 0.735534 0.000000
vt 0.792161 0.721609 0.000000
vt 0.792161 0.736095 0.000000
vt 0.877809 0.496509 0.000000
vt 0.814503 0.519732 0.000000
vt 0.792161 0.672787 0.000000
vt 0.877809 0.672915 0.000000
vt 0.792161 0.629025 0.000000
vt 0.877809 0.629687 0.000000
vt 0.877809 0.702207 0.000000
vt 0.792161 0.703448 0.000000
vt 0.792161 0.555802 0.000000
vt 0.877809 0.555336 0.000000
vt 0.877809 0.720842 0.000000
vt 0.792161 0.721609 0.000000
vt 0.877809 0.735534 0.000000
vt 0.792161 0.736095 0.000000
vt 0.877809 0.496509 0.000000
vt 0.814503 0.519732 0.000000
vt 0.375259 0.462016 0.000000
vt 0.425289 0.443083 0.000000
vt 0.462676 0.455227 0.000000
vt 0.422168 0.480262 0.000000
vt 0.391502 0.330635 0.000000
vt 0.367324 0.361881 0.000000
vt 0.307802 0.356047 0.000000
vt 0.336746 0.315008 0.000000
vt 0.416492 0.392783 0.000000
vt 0.471608 0.388324 0.000000
vt 0.478096 0.401089 0.000000
vt 0.432014 0.412081 0.000000
vt 0.335795 0.435322 0.000000
vt 0.389660 0.422537 0.000000
vt 0.489300 0.438007 0.000000
vt 0.464891 0.427213 0.000000
vt 0.499377 0.413176 0.000000
vt 0.518038 0.418950 0.000000
vt 0.310019 0.401897 0.000000
vt 0.369494 0.396639 0.000000
vt 0.435127 0.345037 0.000000
vt 0.415102 0.367081 0.000000
vt 0.473613 0.375036 0.000000
vt 0.485146 0.363096 0.000000
vt 0.289699 0.492500 0.000000
vt 0.354356 0.517081 0.000000
vt 0.228098 0.568160 0.000000
vt 0.179318 0.531291 0.000000
vt 0.099046 0.344356 0.000000
vt 0.129981 0.274130 0.000000
vt 0.245775 0.294494 0.000000
vt 0.215387 0.349969 0.000000
vt 0.243755 0.456377 0.000000
vt 0.128160 0.480574 0.000000
vt 0.221648 0.421019 0.000000
vt 0.097609 0.420195 0.000000
vt 0.081885 0.565642 0.000000
vt 0.008201 0.426873 0.000000
vt 0.042506 0.259697 0.000000
vt 0.375259 0.462016 0.000000
vt 0.462676 0.455227 0.000000
vt 0.425289 0.443083 0.000000
vt 0.422168 0.480262 0.000000
vt 0.307802 0.356047 0.000000
vt 0.367324 0.361881 0.000000
vt 0.416492 0.392783 0.000000
vt 0.478096 0.401089 0.000000
vt 0.471608 0.388324 0.000000
vt 0.432014 0.412081 0.000000
vt 0.335795 0.435322 0.000000
vt 0.389660 0.422537 0.000000
vt 0.489300 0.438007 0.000000
vt 0.499377 0.413176 0.000000
vt 0.464891 0.427213 0.000000
vt 0.518038 0.418950 0.000000
vt 0.310019 0.401897 0.000000
vt 0.369494 0.396639 0.000000
vt 0.415102 0.367081 0.000000
vt 0.473613 0.375036 0.000000
vt 0.289699 0.492500 0.000000
vt 0.228098 0.568160 0.000000
vt 0.354356 0.517081 0.000000
vt 0.179318 0.531291 0.000000
vt 0.099046 0.344356 0.000000
vt 0.215387 0.349969 0.000000
vt 0.243755 0.456377 0.000000
vt 0.128160 0.480574 0.000000
vt 0.222795 0.419573 0.000000
vt 0.097609 0.420195 0.000000
vt 0.081885 0.565642 0.000000
vt 0.008201 0.426873 0.000000
vt 0.988678 0.627308 0.000000
vt 0.893060 0.627308 0.000000
vt 0.893060 0.553084 0.000000
vt 0.988678 0.553084 0.000000
vt 0.988678 0.676495 0.000000
vt 0.893060 0.709011 0.000000
vt 0.893060 0.676495 0.000000
vt 0.988678 0.709011 0.000000
vt 0.893060 0.738313 0.000000
vt 0.988678 0.519416 0.000000
vt 0.893060 0.494098 0.000000
vt 0.988678 0.738313 0.000000
vt 0.988678 0.627308 0.000000
vt 0.893060 0.553084 0.000000
vt 0.893060 0.627308 0.000000
vt 0.988678 0.553084 0.000000
vt 0.988678 0.676495 0.000000
vt 0.893060 0.676495 0.000000
vt 0.893060 0.709011 0.000000
vt 0.988678 0.709011 0.000000
vt 0.893060 0.738313 0.000000
vt 0.988678 0.519416 0.000000
vt 0.893060 0.494098 0.000000
vt 0.988678 0.738313 0.000000
usemtl Material_2
f 1/1 2/2 3/3
f 4/4 5/5 6/6
f 6/6 7/7 4/4
f 8/8 9/9 7/7
f 7/7 6/6 8/8
f 10/10 9/9 8/8
f 8/8 11/11 10/10
f 12/12 7/7 9/9
f 9/9 13/13 12/12
f 14/14 15/15 16/16
f 16/16 17/17 14/14
f 18/18 4/4 7/7
f 7/7 12/12 18/18
f 19/19 10/10 20/20
f 21/21 22/22 23/23
f 23/23 24/24 21/21
f 21/21 5/5 4/4
f 4/4 22/22 21/21
f 15/15 18/18 25/25
f 25/25 16/16 15/15
f 26/26 12/12 13/13
f 13/13 27/27 26/26
f 25/25 18/18 12/12
f 12/12 26/26 25/25
f 22/22 15/15 14/14
f 14/14 23/23 22/22
f 4/4 18/18 15/15
f 15/15 22/22 4/4
f 28/28 10/10 11/11
f 11/11 29/29 28/28
f 13/13 19/19 30/30
f 30/30 27/27 13/13
f 9/9 10/10 19/19
f 19/19 13/13 9/9
f 31/31 32/32 33/33
f 33/33 34/34 31/31
f 32/32 35/35 36/36
f 36/36 33/33 32/32
f 37/37 38/38 39/39
f 39/39 40/40 37/37
f 41/41 42/42 43/43
f 43/43 44/44 41/41
f 45/45 43/43 42/42
f 42/42 46/46 45/45
f 47/47 48/48 49/49
f 49/49 50/50 47/47
f 51/51 48/48 47/47
f 47/47 34/34 51/51
f 52/52 53/53 54/54
f 54/54 55/55 52/52
f 56/56 57/57 58/58
f 58/58 59/59 56/56
f 60/60 61/61 62/62
f 62/62 63/63 60/60
f 64/64 65/65 66/66
f 66/66 67/67 64/64
f 66/66 68/68 69/69
f 69/69 67/67 66/66
f 70/70 71/71 72/72
f 72/72 73/73 70/70
f 74/74 75/75 76/76
f 76/76 77/77 74/74
f 76/76 78/78 79/79
f 79/79 77/77 76/76
f 80/80 81/81 82/82
f 82/82 83/83 80/80
f 84/84 85/85 86/86
f 86/86 71/71 84/84
f 66/66 65/65 87/87
f 87/87 88/88 66/66
f 89/89 68/68 66/66
f 66/66 88/88 89/89
f 80/80 87/87 65/65
f 65/65 90/90 80/80
f 91/91 43/43 45/45
f 45/45 92/92 91/91
f 93/93 94/94 32/32
f 32/32 31/31 93/93
f 95/95 96/96 97/97
f 97/97 35/35 95/95
f 98/98 99/99 85/85
f 85/85 84/84 98/98
f 84/84 100/100 101/101
f 101/101 98/98 84/84
f 101/101 100/100 82/82
f 82/82 102/102 101/101
f 103/103 104/104 105/105
f 105/105 106/106 103/103
f 107/107 98/98 101/101
f 101/101 108/108 107/107
f 82/82 81/81 106/106
f 106/106 102/102 82/82
f 104/104 109/109 110/110
f 110/110 111/111 104/104
f 112/112 113/113 114/114
f 114/114 115/115 112/112
f 116/116 114/114 113/113
f 113/113 117/117 116/116
f 116/116 117/117 118/118
f 118/118 99/99 116/116
f 104/104 111/111 119/119
f 119/119 105/105 104/104
f 114/114 116/116 107/107
f 107/107 108/108 114/114
f 120/120 121/121 122/122
f 122/122 123/123 120/120
f 96/96 124/124 125/125
f 125/125 126/126 96/96
f 127/127 128/128 129/129
f 129/129 130/130 127/127
f 95/95 94/94 61/61
f 61/61 131/131 95/95
f 78/78 132/132 133/133
f 133/133 50/50 78/78
f 41/41 44/44 134/134
f 134/134 135/135 41/41
f 90/90 136/136 81/81
f 81/81 80/80 90/90
f 65/65 64/64 137/137
f 137/137 90/90 65/65
f 103/103 106/106 81/81
f 81/81 138/138 103/103
f 69/69 68/68 70/70
f 70/70 73/73 69/69
f 83/83 82/82 100/100
f 100/100 139/139 83/83
f 70/70 68/68 89/89
f 89/89 139/139 70/70
f 35/35 97/97 140/140
f 140/140 36/36 35/35
f 55/55 54/54 141/141
f 141/141 142/142 55/55
f 123/123 55/55 142/142
f 142/142 127/127 123/123
f 143/143 109/109 103/103
f 103/103 138/138 143/143
f 144/144 143/143 138/138
f 138/138 136/136 144/144
f 145/145 146/146 144/144
f 147/147 72/72 71/71
f 71/71 86/86 147/147
f 94/94 95/95 35/35
f 35/35 32/32 94/94
f 148/148 149/149 93/93
f 93/93 31/31 148/148
f 150/150 151/151 152/152
f 152/152 153/153 150/150
f 153/153 152/152 38/38
f 38/38 37/37 153/153
f 149/149 148/148 133/133
f 133/133 132/132 149/149
f 132/132 78/78 76/76
f 76/76 63/63 132/132
f 149/149 132/132 63/63
f 63/63 62/62 149/149
f 75/75 60/60 63/63
f 63/63 76/76 75/75
f 60/60 154/154 131/131
f 131/131 61/61 60/60
f 155/155 124/124 154/154
f 154/154 75/75 155/155
f 61/61 94/94 93/93
f 93/93 62/62 61/61
f 151/151 155/155 74/74
f 74/74 152/152 151/151
f 152/152 74/74 77/77
f 77/77 38/38 152/152
f 77/77 79/79 39/39
f 39/39 38/38 77/77
f 51/51 128/128 127/127
f 127/127 142/142 51/51
f 59/59 58/58 156/156
f 156/156 157/157 59/59
f 130/130 120/120 123/123
f 123/123 127/127 130/130
f 46/46 141/141 54/54
f 54/54 45/45 46/46
f 54/54 53/53 92/92
f 92/92 45/45 54/54
f 90/90 137/137 145/145
f 145/145 136/136 90/90
f 43/43 91/91 158/158
f 158/158 44/44 43/43
f 70/70 139/139 100/100
f 100/100 71/71 70/70
f 159/159 153/153 37/37
f 37/37 160/160 159/159
f 52/52 55/55 123/123
f 123/123 122/122 52/52
f 161/161 120/120 162/162
f 163/163 164/164 165/165
f 165/165 166/166 163/163
f 167/167 168/168 169/169
f 169/169 165/165 167/167
f 167/167 165/165 164/164
f 164/164 170/170 167/167
f 157/157 171/171 172/172
f 172/172 173/173 157/157
f 174/174 175/175 176/176
f 176/176 177/177 174/174
f 178/178 177/177 179/179
f 179/179 180/180 178/178
f 181/181 182/182 183/183
f 183/183 184/184 181/181
f 185/185 186/186 187/187
f 187/187 188/188 185/185
f 189/189 190/190 191/191
f 191/191 192/192 189/189
f 193/193 194/194 195/195
f 195/195 196/196 193/193
f 188/188 197/197 198/198
f 198/198 191/191 188/188
f 199/199 200/200 201/201
f 201/201 202/202 199/199
f 202/202 196/196 203/203
f 203/203 199/199 202/202
f 204/204 205/205 196/196
f 196/196 206/206 204/204
f 207/207 208/208 209/209
f 209/209 197/197 207/207
f 210/210 207/207 197/197
f 197/197 187/187 210/210
f 211/211 198/198 197/197
f 197/197 209/209 211/211
f 212/212 213/213 214/214
f 214/214 215/215 212/212
f 213/213 212/212 216/216
f 216/216 217/217 213/213
f 214/214 218/218 219/219
f 219/219 215/215 214/214
f 213/213 220/220 221/221
f 221/221 214/214 213/213
f 221/221 222/222 218/218
f 218/218 214/214 221/221
f 223/223 224/224 225/225
f 225/225 226/226 223/223
f 227/227 228/228 225/225
f 225/225 224/224 227/227
f 229/229 230/230 231/231
f 231/231 232/232 229/229
f 233/233 226/226 225/225
f 225/225 234/234 233/233
f 235/235 236/236 232/232
f 232/232 237/237 235/235
f 238/238 234/234 225/225
f 225/225 228/228 238/238
f 239/239 194/194 193/193
f 193/193 227/227 239/239
f 240/240 235/235 238/238
f 238/238 241/241 240/240
f 196/196 202/202 242/242
f 242/242 193/193 196/196
f 243/243 244/244 245/245
f 245/245 229/229 243/243
f 227/227 193/193 242/242
f 242/242 228/228 227/227
f 189/189 192/192 246/246
f 246/246 236/236 189/189
f 192/192 247/247 243/243
f 243/243 246/246 192/192
f 228/228 242/242 241/241
f 241/241 238/238 228/228
f 227/227 224/224 248/248
f 248/248 239/239 227/227
f 235/235 237/237 234/234
f 234/234 238/238 235/235
f 247/247 249/249 244/244
f 244/244 243/243 247/247
f 250/250 240/240 241/241
f 241/241 201/201 250/250
f 190/190 185/185 188/188
f 188/188 191/191 190/190
f 198/198 247/247 192/192
f 192/192 191/191 198/198
f 201/201 241/241 242/242
f 242/242 202/202 201/201
f 247/247 198/198 211/211
f 211/211 249/249 247/247
f 219/219 218/218 186/186
f 186/186 185/185 219/219
f 240/240 250/250 190/190
f 190/190 189/189 240/240
f 186/186 218/218 222/222
f 222/222 251/251 186/186
f 236/236 235/235 240/240
f 240/240 189/189 236/236
f 250/250 219/219 185/185
f 185/185 190/190 250/250
f 252/252 253/253 210/210
f 210/210 187/187 252/252
f 254/254 179/179 177/177
f 177/177 176/176 254/254
f 255/255 174/174 177/177
f 177/177 178/178 255/255
f 196/196 205/205 256/256
f 256/256 203/203 196/196
f 257/257 217/217 216/216
f 216/216 258/258 257/257
f 220/220 217/217 257/257
f 257/257 259/259 220/220
f 258/258 216/216 203/203
f 203/203 256/256 258/258
f 216/216 212/212 199/199
f 199/199 203/203 216/216
f 212/212 215/215 200/200
f 200/200 199/199 212/212
f 250/250 201/201 200/200
f 200/200 219/219 250/250
f 182/182 260/260 261/261
f 261/261 183/183 182/182
f 262/262 263/263 264/264
f 264/264 265/265 262/262
f 266/266 267/267 268/268
f 268/268 269/269 266/266
f 270/270 271/271 272/272
f 272/272 273/273 270/270
f 269/269 268/268 274/274
f 274/274 275/275 269/269
f 276/276 277/277 278/278
f 278/278 279/279 276/276
f 280/280 281/281 282/282
f 282/282 283/283 280/280
f 284/284 285/285 282/282
f 282/282 281/281 284/284
f 273/273 272/272 274/274
f 274/274 268/268 273/273
f 279/279 286/286 287/287
f 287/287 276/276 279/279
f 266/266 288/288 264/264
f 264/264 267/267 266/266
f 289/289 290/290 291/291
f 291/291 292/292 289/289
f 293/293 294/294 295/295
f 295/295 296/296 293/293
f 297/297 296/296 295/295
f 295/295 298/298 297/297
f 254/254 299/299 300/300
f 300/300 179/179 254/254
f 180/180 179/179 300/300
f 300/300 301/301 180/180
f 290/290 302/302 303/303
f 303/303 291/291 290/290
f 304/304 305/305 306/306
f 306/306 307/307 304/304
f 305/305 297/297 298/298
f 298/298 306/306 305/305
f 308/308 300/300 299/299
f 299/299 309/309 308/308
f 310/310 311/311 299/299
f 299/299 254/254 310/310
f 312/312 313/313 314/314
f 314/314 182/182 312/312
f 311/311 182/182 314/314
f 314/314 315/315 311/311
f 263/263 262/262 271/271
f 271/271 270/270 263/263
f 301/301 300/300 308/308
f 308/308 316/316 301/301
f 317/317 275/275 280/280
f 280/280 283/283 317/317
f 318/318 319/319 315/315
f 315/315 314/314 318/318
f 319/319 320/320 309/309
f 309/309 315/315 319/319
f 309/309 320/320 321/321
f 321/321 308/308 309/309
f 321/321 322/322 316/316
f 316/316 308/308 321/321
f 309/309 299/299 311/311
f 311/311 315/315 309/309
f 323/323 324/324 325/325
f 326/326 325/325 324/324
f 327/327 328/328 323/323
f 324/324 323/323 328/328
f 329/329 330/330 331/331
f 332/332 331/331 330/330
f 331/331 332/332 333/333
f 334/334 333/333 332/332
f 333/333 334/334 327/327
f 328/328 327/327 334/334
f 325/325 326/326 329/329
f 330/330 329/329 326/326
f 335/335 323/323 336/336
f 325/325 336/336 323/323
f 337/337 327/327 335/335
f 323/323 335/335 327/327
f 338/338 329/329 339/339
f 331/331 339/339 329/329
f 339/339 331/331 340/340
f 333/333 340/340 331/331
f 340/340 333/333 337/337
f 327/327 337/337 333/333
f 336/336 325/325 338/338
f 329/329 338/338 325/325
f 341/341 342/342 343/343
f 343/343 344/344 341/341
f 345/345 346/346 347/347
f 347/347 341/341 345/345
f 347/347 348/348 349/349
f 349/349 342/342 347/347
f 350/350 351/351 352/352
f 352/352 353/353 350/350
f 354/354 355/355 356/356
f 356/356 357/357 354/354
f 356/356 358/358 359/359
f 359/359 360/360 356/356
f 361/361 362/362 363/363
f 363/363 364/364 361/361
f 355/355 365/365 358/358
f 358/358 356/356 355/355
f 357/357 356/356 360/360
f 360/360 366/366 357/357
f 365/365 367/367 368/368
f 368/368 358/358 365/365
f 369/369 367/367 370/370
f 370/370 371/371 369/369
f 372/372 373/373 374/374
f 374/374 375/375 372/372
f 376/376 377/377 375/375
f 375/375 374/374 376/376
f 378/378 379/379 380/380
f 380/380 372/372 378/378
f 381/381 382/382 383/383
f 383/383 384/384 381/381
f 385/385 386/386 387/387
f 387/387 388/388 385/385
f 389/389 385/385 388/388
f 388/388 390/390 389/389
f 391/391 386/386 385/385
f 385/385 392/392 391/391
f 392/392 385/385 389/389
f 389/389 393/393 392/392
f 394/394 395/395 396/396
f 396/396 397/397 394/394
f 398/398 394/394 397/397
f 397/397 399/399 398/398
f 400/400 401/401 402/402
f 402/402 403/403 400/400
f 404/404 401/401 400/400
f 400/400 405/405 404/404
f 362/362 361/361 367/367
f 367/367 369/369 362/362
f 406/406 407/407 408/408
f 408/408 409/409 406/406
f 410/410 411/411 406/406
f 406/406 409/409 410/410
f 412/412 413/413 414/414
f 414/414 415/415 412/412
f 416/416 412/412 417/417
f 417/417 418/418 416/416
f 417/417 415/415 419/419
f 419/419 420/420 417/417
f 421/421 422/422 423/423
f 423/423 424/424 421/421
f 425/425 426/426 427/427
f 427/427 428/428 425/425
f 427/427 429/429 430/430
f 430/430 431/431 427/427
f 428/428 427/427 431/431
f 431/431 432/432 428/428
f 426/426 433/433 429/429
f 429/429 427/427 426/426
f 432/432 431/431 434/434
f 434/434 435/435 432/432
f 369/369 371/371 436/436
f 436/436 435/435 369/369
f 437/437 438/438 439/439
f 439/439 440/440 437/437
f 441/441 439/439 438/438
f 438/438 442/442 441/441
f 443/443 437/437 444/444
f 444/444 445/445 443/443
f 446/446 447/447 448/448
f 448/448 449/449 446/446
f 450/450 451/451 452/452
f 452/452 453/453 450/450
f 454/454 455/455 451/451
f 451/451 450/450 454/454
f 456/456 457/457 450/450
f 450/450 453/453 456/456
f 457/457 458/458 454/454
f 454/454 450/450 457/457
f 459/459 460/460 461/461
f 461/461 462/462 459/459
f 463/463 464/464 460/460
f 460/460 459/459 463/463
f 400/400 403/403 465/465
f 465/465 466/466 400/400
f 467/467 405/405 400/400
f 400/400 466/466 467/467
f 362/362 369/369 435/435
f 435/435 468/468 362/362
f 469/469 409/409 408/408
f 408/408 407/407 469/469
f 410/410 409/409 469/469
f 469/469 470/470 410/410
f 471/471 472/472 473/473
f 474/474 475/475 476/476
f 474/474 476/476 477/477
f 473/473 475/475 474/474
f 478/478 479/479 480/480
f 2/2 471/471 473/473
f 1/1 481/481 2/2
f 20/20 482/482 19/19
f 483/483 30/30 19/19
f 484/484 485/485 486/486
f 487/487 484/484 488/488
f 489/489 484/484 486/486
f 488/488 484/484 489/489
f 490/490 484/484 487/487
f 485/485 484/484 490/490
f 161/161 162/162 491/491
f 157/157 492/492 171/171
f 153/153 159/159 150/150
f 148/148 34/34 47/47
f 33/33 36/36 56/56
f 49/49 48/48 141/141
f 78/78 50/50 493/493
f 494/494 140/140 126/126
f 129/129 172/172 130/130
f 49/49 141/141 495/495
f 496/496 172/172 171/171
f 59/59 173/173 497/497
f 498/498 80/80 83/83
f 497/497 34/34 33/33
f 56/56 36/36 57/57
f 106/106 105/105 115/115
f 107/107 99/99 98/98
f 101/101 115/115 108/108
f 104/104 103/103 109/109
f 112/112 115/115 119/119
f 108/108 115/115 114/114
f 107/107 116/116 99/99
f 129/129 128/128 497/497
f 31/31 34/34 148/148
f 154/154 124/124 131/131
f 56/56 497/497 33/33
f 56/56 59/59 497/497
f 115/115 102/102 106/106
f 115/115 101/101 102/102
f 51/51 34/34 497/497
f 128/128 51/51 497/497
f 95/95 131/131 96/96
f 140/140 494/494 36/36
f 494/494 57/57 36/36
f 140/140 97/97 126/126
f 40/40 160/160 37/37
f 139/139 498/498 83/83
f 139/139 89/89 498/498
f 148/148 47/47 133/133
f 495/495 50/50 49/49
f 78/78 493/493 79/79
f 115/115 105/105 119/119
f 136/136 138/138 81/81
f 84/84 71/71 100/100
f 50/50 495/495 493/493
f 47/47 50/50 133/133
f 93/93 149/149 62/62
f 88/88 498/498 89/89
f 154/154 60/60 75/75
f 173/173 129/129 497/497
f 172/172 129/129 173/173
f 48/48 142/142 141/141
f 48/48 51/51 142/142
f 173/173 59/59 157/157
f 172/172 162/162 130/130
f 97/97 96/96 126/126
f 124/124 96/96 131/131
f 155/155 499/499 125/125
f 151/151 499/499 155/155
f 155/155 125/125 124/124
f 155/155 75/75 74/74
f 87/87 498/498 88/88
f 80/80 498/498 87/87
f 500/500 501/501 502/502
f 503/503 504/504 505/505
f 503/503 505/505 506/506
f 507/507 508/508 509/509
f 501/501 496/496 492/492
f 501/501 492/492 502/502
f 505/505 172/172 506/506
f 172/172 496/496 506/506
f 504/504 172/172 505/505
f 157/157 156/156 492/492
f 120/120 130/130 162/162
f 172/172 504/504 162/162
f 508/508 510/510 509/509
f 161/161 491/491 510/510
f 504/504 511/511 491/491
f 504/504 491/491 162/162
f 509/509 510/510 491/491
f 492/492 496/496 171/171
f 511/511 509/509 491/491
f 159/159 160/160 512/512
f 513/513 134/134 44/44
f 163/163 166/166 514/514
f 515/515 516/516 517/517
f 516/516 166/166 517/517
f 518/518 519/519 520/520
f 519/519 521/521 520/520
f 166/166 165/165 169/169
f 166/166 516/516 514/514
f 522/522 523/523 524/524
f 524/524 523/523 525/525
f 526/526 527/527 525/525
f 524/524 525/525 527/527
f 528/528 183/183 261/261
f 181/181 178/178 180/180
f 528/528 176/176 175/175
f 219/219 200/200 215/215
f 187/187 197/197 188/188
f 220/220 213/213 217/217
f 233/233 234/234 237/237
f 529/529 224/224 223/223
f 229/229 530/530 230/230
f 230/230 531/531 231/231
f 531/531 532/532 231/231
f 231/231 237/237 232/232
f 246/246 229/229 232/232
f 245/245 530/530 229/229
f 533/533 531/531 230/230
f 532/532 237/237 231/231
f 532/532 233/233 237/237
f 186/186 251/251 187/187
f 196/196 195/195 206/206
f 248/248 224/224 529/529
f 246/246 232/232 236/236
f 243/243 229/229 246/246
f 530/530 533/533 230/230
f 223/223 534/534 529/529
f 251/251 252/252 187/187
f 528/528 261/261 176/176
f 260/260 254/254 176/176
f 184/184 255/255 178/178
f 181/181 184/184 178/178
f 261/261 260/260 176/176
f 287/287 286/286 535/535
f 273/273 267/267 270/270
f 317/317 536/536 269/269
f 537/537 538/538 539/539
f 540/540 284/284 541/541
f 288/288 540/540 541/541
f 266/266 536/536 288/288
f 317/317 269/269 275/275
f 541/541 265/265 288/288
f 542/542 306/306 543/543
f 543/543 306/306 298/298
f 265/265 264/264 288/288
f 536/536 266/266 269/269
f 536/536 540/540 288/288
f 182/182 311/311 310/310
f 294/294 544/544 295/295
f 295/295 543/543 298/298
f 542/542 307/307 306/306
f 544/544 543/543 295/295
f 312/312 301/301 313/313
f 270/270 267/267 263/263
f 267/267 264/264 263/263
f 312/312 180/180 301/301
f 313/313 545/545 318/318
f 301/301 316/316 313/313
f 284/284 540/540 285/285
f 322/322 545/545 313/313
f 313/313 318/318 314/314
f 316/316 322/322 313/313
f 273/273 268/268 267/267
f 326/326 324/324 546/546
f 324/324 328/328 547/547
f 332/332 330/330 548/548
f 334/334 332/332 549/549
f 328/328 334/334 547/547
f 330/330 326/326 548/548
f 468/468 363/363 362/362
f 550/550 344/344 343/343
f 551/551 347/347 346/346
f 349/349 348/348 552/552
f 341/341 553/553 345/345
f 344/344 553/553 341/341
f 554/554 347/347 551/551
f 555/555 556/556 557/557
f 347/347 342/342 341/341
f 550/550 558/558 344/344
f 559/559 560/560 561/561
f 562/562 563/563 353/353
f 563/563 564/564 350/350
f 564/564 565/565 350/350
f 566/566 567/567 350/350
f 566/566 568/568 567/567
f 565/565 566/566 350/350
f 563/563 350/350 353/353
f 569/569 570/570 571/571
f 572/572 569/569 573/573
f 559/559 574/574 575/575
f 576/576 577/577 571/571
f 571/571 577/577 573/573
f 559/559 561/561 574/574
f 348/348 554/554 556/556
f 569/569 571/571 573/573
f 570/570 576/576 571/571
f 555/555 348/348 556/556
f 559/559 352/352 351/351
f 559/559 351/351 560/560
f 348/348 555/555 552/552
f 555/555 578/578 552/552
f 348/348 347/347 554/554
f 344/344 558/558 553/553
f 579/579 360/360 359/359
f 580/580 355/355 354/354
f 361/361 368/368 367/367
f 365/365 581/581 367/367
f 358/358 368/368 582/582
f 364/364 583/583 361/361
f 364/364 584/584 583/583
f 585/585 586/586 364/364
f 364/364 363/363 585/585
f 579/579 366/366 360/360
f 355/355 581/581 365/365
f 580/580 581/581 355/355
f 368/368 587/587 582/582
f 581/581 370/370 367/367
f 583/583 587/587 361/361
f 361/361 587/587 368/368
f 364/364 586/586 584/584
f 584/584 588/588 583/583
f 586/586 588/588 584/584
f 589/589 377/377 376/376
f 590/590 591/591 377/377
f 592/592 372/372 380/380
f 375/375 378/378 372/372
f 592/592 373/373 372/372
f 589/589 590/590 377/377
f 591/591 378/378 375/375
f 591/591 375/375 377/377
f 593/593 378/378 591/591
f 593/593 379/379 378/378
f 594/594 595/595 596/596
f 597/597 381/381 595/595
f 595/595 594/594 597/597
f 383/383 598/598 384/384
f 597/597 599/599 382/382
f 597/597 382/382 381/381
f 600/600 386/386 601/601
f 602/602 603/603 389/389
f 386/386 391/391 601/601
f 600/600 387/387 386/386
f 603/603 393/393 389/389
f 390/390 602/602 389/389
f 396/396 395/395 604/604
f 395/395 605/605 604/604
f 606/606 607/607 399/399
f 607/607 398/398 399/399
f 608/608 401/401 404/404
f 608/608 402/402 401/401
f 609/609 610/610 611/611
f 612/612 609/609 613/613
f 610/610 614/614 611/611
f 614/614 615/615 611/611
f 616/616 613/613 406/406
f 411/411 616/616 406/406
f 615/615 617/617 611/611
f 618/618 619/619 617/617
f 620/620 621/621 622/622
f 619/619 407/407 617/617
f 614/614 623/623 615/615
f 622/622 624/624 407/407
f 619/619 620/620 407/407
f 620/620 622/622 407/407
f 613/613 611/611 406/406
f 406/406 611/611 407/407
f 407/407 611/611 617/617
f 609/609 611/611 613/613
f 616/616 612/612 613/613
f 625/625 414/414 413/413
f 626/626 418/418 417/417
f 419/419 627/627 420/420
f 412/412 416/416 628/628
f 413/413 412/412 628/628
f 629/629 626/626 417/417
f 630/630 631/631 632/632
f 417/417 412/412 415/415
f 625/625 413/413 633/633
f 634/634 635/635 636/636
f 637/637 422/422 638/638
f 638/638 421/421 639/639
f 639/639 421/421 640/640
f 641/641 421/421 642/642
f 641/641 642/642 643/643
f 640/640 421/421 641/641
f 638/638 422/422 421/421
f 644/644 645/645 646/646
f 647/647 648/648 644/644
f 634/634 649/649 650/650
f 651/651 645/645 652/652
f 645/645 648/648 652/652
f 634/634 650/650 635/635
f 420/420 632/632 629/629
f 644/644 648/648 645/645
f 646/646 645/645 651/651
f 630/630 632/632 420/420
f 634/634 424/424 423/423
f 634/634 636/636 424/424
f 420/420 627/627 630/630
f 630/630 627/627 653/653
f 420/420 629/629 417/417
f 413/413 628/628 633/633
f 654/654 430/430 429/429
f 655/655 425/425 428/428
f 468/468 435/435 434/434
f 432/432 435/435 656/656
f 431/431 657/657 434/434
f 658/658 468/468 659/659
f 468/468 658/658 363/363
f 658/658 659/659 660/660
f 585/585 658/658 661/661
f 658/658 585/585 363/363
f 654/654 429/429 433/433
f 428/428 432/432 656/656
f 655/655 428/428 656/656
f 434/434 657/657 662/662
f 656/656 435/435 436/436
f 659/659 468/468 662/662
f 468/468 434/434 662/662
f 658/658 660/660 661/661
f 660/660 659/659 663/663
f 661/661 660/660 663/663
f 664/664 441/441 442/442
f 665/665 442/442 666/666
f 667/667 444/444 437/437
f 438/438 437/437 443/443
f 667/667 437/437 440/440
f 664/664 442/442 665/665
f 666/666 438/438 443/443
f 666/666 442/442 438/438
f 668/668 666/666 443/443
f 668/668 443/443 445/445
f 669/669 670/670 671/671
f 672/672 671/671 446/446
f 671/671 672/672 669/669
f 448/448 447/447 673/673
f 672/672 449/449 674/674
f 672/672 446/446 449/449
f 675/675 676/676 453/453
f 677/677 454/454 678/678
f 453/453 676/676 456/456
f 675/675 453/453 452/452
f 678/678 454/454 458/458
f 455/455 454/454 677/677
f 461/461 679/679 462/462
f 462/462 679/679 680/680
f 681/681 464/464 682/682
f 682/682 464/464 463/463
f 683/683 467/467 466/466
f 683/683 466/466 465/465
f 684/684 685/685 686/686
f 687/687 688/688 684/684
f 686/686 685/685 689/689
f 689/689 685/685 690/690
f 691/691 469/469 688/688
f 470/470 469/469 691/691
f 690/690 685/685 692/692
f 693/693 692/692 694/694
f 695/695 696/696 697/697
f 694/694 692/692 407/407
f 689/689 690/690 698/698
f 696/696 407/407 624/624
f 694/694 407/407 695/695
f 695/695 407/407 696/696
f 688/688 469/469 685/685
f 469/469 407/407 685/685
f 407/407 692/692 685/685
f 684/684 688/688 685/685
f 691/691 688/688 687/687
f 144/144 136/136 145/145
f 141/141 46/46 495/495
f 161/161 121/121 120/120
f 2/2 699/699 3/3
f 472/472 478/478 480/480
f 475/475 473/473 480/480
f 480/480 479/479 475/475
f 472/472 480/480 473/473
f 481/481 471/471 2/2
f 700/700 701/701 702/702
f 702/702 703/703 700/700
f 704/704 705/705 706/706
f 706/706 707/707 704/704
f 700/700 703/703 708/708
f 708/708 709/709 700/700
f 710/710 711/711 712/712
f 712/712 713/713 710/710
f 714/714 715/715 712/712
f 712/712 711/711 714/714
f 716/716 717/717 715/715
f 715/715 714/714 716/716
f 718/718 719/719 720/720
f 720/720 721/721 718/718
f 718/718 722/722 723/723
f 723/723 724/724 718/718
f 725/725 726/726 723/723
f 723/723 722/722 725/725
f 727/727 728/728 729/729
f 729/729 730/730 727/727
f 712/712 731/731 732/732
f 732/732 713/713 712/712
f 715/715 733/733 731/731
f 731/731 712/712 715/715
f 731/731 734/734 735/735
f 735/735 732/732 731/731
f 736/736 734/734 731/731
f 731/731 733/733 736/736
f 737/737 738/738 717/717
f 717/717 739/739 737/737
f 740/740 738/738 737/737
f 737/737 741/741 740/740
f 733/733 738/738 740/740
f 740/740 736/736 733/733
f 742/742 743/743 732/732
f 732/732 735/735 742/742
f 717/717 738/738 733/733
f 733/733 715/715 717/717
f 732/732 743/743 744/744
f 744/744 713/713 732/732
f 745/745 742/742 735/735
f 735/735 746/746 745/745
f 747/747 748/748 725/725
f 725/725 722/722 747/747
f 747/747 722/722 718/718
f 718/718 721/721 747/747
f 749/749 750/750 751/751
f 751/751 716/716 749/749
f 752/752 753/753 714/714
f 714/714 711/711 752/752
f 754/754 751/751 750/750
f 750/750 755/755 754/754
f 749/749 716/716 714/714
f 714/714 753/753 749/749
f 756/756 710/710 757/757
f 757/757 758/758 756/756
f 752/752 711/711 710/710
f 710/710 756/756 752/752
f 759/759 728/728 727/727
f 727/727 760/760 759/759
f 705/705 701/701 761/761
f 705/705 704/704 762/762
f 705/705 763/763 706/706
f 705/705 762/762 764/764
f 764/764 701/701 705/705
f 705/705 761/761 763/763
f 701/701 700/700 761/761
f 709/709 761/761 700/700
f 765/765 710/710 713/713
f 717/717 716/716 766/766
f 716/716 751/751 719/719
f 751/751 720/720 719/719
f 751/751 754/754 720/720
f 767/767 757/757 765/765
f 717/717 766/766 739/739
f 765/765 760/760 767/767
f 759/759 760/760 744/744
f 729/729 768/768 730/730
f 713/713 744/744 765/765
f 765/765 744/744 760/760
f 710/710 765/765 757/757
f 745/745 769/769 742/742
f 766/766 724/724 739/739
f 719/719 718/718 766/766
f 716/716 719/719 766/766
f 766/766 718/718 724/724
f 770/770 771/771 772/772
f 770/770 773/773 771/771
f 774/774 773/773 775/775
f 773/773 774/774 771/771
f 776/776 777/777 778/778
f 777/777 779/779 778/778
f 780/780 779/779 781/781
f 777/777 781/781 779/779
f 782/782 783/783 784/784
f 784/784 783/783 785/785
f 786/786 787/787 785/785
f 784/784 785/785 787/787
f 788/788 789/789 790/790
f 791/791 789/789 788/788
f 791/791 792/792 793/793
f 792/792 791/791 788/788
f 794/794 795/795 2/2
f 796/796 797/797 798/798
f 798/798 799/799 796/796
f 800/800 798/798 797/797
f 797/797 801/801 800/800
f 802/802 803/803 800/800
f 800/800 801/801 802/802
f 804/804 805/805 801/801
f 801/801 797/797 804/804
f 14/14 17/17 806/806
f 806/806 807/807 14/14
f 808/808 804/804 797/797
f 797/797 796/796 808/808
f 809/809 810/810 802/802
f 811/811 24/24 23/23
f 23/23 812/812 811/811
f 811/811 812/812 796/796
f 796/796 799/799 811/811
f 807/807 806/806 813/813
f 813/813 808/808 807/807
f 814/814 815/815 805/805
f 805/805 804/804 814/814
f 813/813 814/814 804/804
f 804/804 808/808 813/813
f 812/812 23/23 14/14
f 14/14 807/807 812/812
f 796/796 812/812 807/807
f 807/807 808/808 796/796
f 28/28 29/29 803/803
f 803/803 802/802 28/28
f 805/805 815/815 816/816
f 816/816 809/809 805/805
f 801/801 805/805 809/809
f 809/809 802/802 801/801
f 817/817 818/818 819/819
f 819/819 820/820 817/817
f 820/820 819/819 821/821
f 821/821 822/822 820/820
f 823/823 824/824 825/825
f 825/825 826/826 823/823
f 827/827 828/828 829/829
f 829/829 830/830 827/827
f 831/831 832/832 830/830
f 830/830 829/829 831/831
f 833/833 834/834 835/835
f 835/835 836/836 833/833
f 837/837 818/818 833/833
f 833/833 836/836 837/837
f 52/52 838/838 839/839
f 839/839 53/53 52/52
f 840/840 841/841 58/58
f 58/58 57/57 840/840
f 842/842 843/843 844/844
f 844/844 845/845 842/842
f 846/846 847/847 848/848
f 848/848 849/849 846/846
f 848/848 847/847 850/850
f 850/850 851/851 848/848
f 852/852 853/853 854/854
f 854/854 855/855 852/852
f 856/856 857/857 858/858
f 858/858 859/859 856/856
f 858/858 857/857 860/860
f 860/860 861/861 858/858
f 862/862 863/863 864/864
f 864/864 865/865 862/862
f 866/866 855/855 867/867
f 867/867 868/868 866/866
f 848/848 869/869 870/870
f 870/870 849/849 848/848
f 871/871 869/869 848/848
f 848/848 851/851 871/871
f 862/862 872/872 849/849
f 849/849 870/870 862/862
f 91/91 92/92 831/831
f 831/831 829/829 91/91
f 873/873 817/817 820/820
f 820/820 874/874 873/873
f 875/875 822/822 876/876
f 876/876 877/877 875/875
f 878/878 866/866 868/868
f 868/868 879/879 878/878
f 866/866 878/878 880/880
f 880/880 881/881 866/866
f 880/880 882/882 864/864
f 864/864 881/881 880/880
f 883/883 884/884 885/885
f 885/885 886/886 883/883
f 887/887 888/888 880/880
f 880/880 878/878 887/887
f 864/864 882/882 884/884
f 884/884 865/865 864/864
f 886/886 889/889 890/890
f 890/890 891/891 886/886
f 892/892 893/893 894/894
f 894/894 895/895 892/892
f 896/896 897/897 895/895
f 895/895 894/894 896/896
f 896/896 879/879 898/898
f 898/898 897/897 896/896
f 886/886 885/885 899/899
f 899/899 889/889 886/886
f 894/894 888/888 887/887
f 887/887 896/896 894/894
f 900/900 901/901 122/122
f 122/122 121/121 900/900
f 877/877 126/126 125/125
f 125/125 902/902 877/877
f 903/903 904/904 905/905
f 905/905 906/906 903/903
f 875/875 907/907 845/845
f 845/845 874/874 875/875
f 861/861 834/834 908/908
f 908/908 909/909 861/861
f 827/827 910/910 911/911
f 911/911 828/828 827/827
f 872/872 862/862 865/865
f 865/865 912/912 872/872
f 849/849 872/872 913/913
f 913/913 846/846 849/849
f 883/883 914/914 865/865
f 865/865 884/884 883/883
f 850/850 853/853 852/852
f 852/852 851/851 850/850
f 863/863 915/915 881/881
f 881/881 864/864 863/863
f 852/852 915/915 871/871
f 871/871 851/851 852/852
f 822/822 821/821 916/916
f 916/916 876/876 822/822
f 838/838 917/917 918/918
f 918/918 839/839 838/838
f 901/901 903/903 917/917
f 917/917 838/838 901/901
f 919/919 914/914 883/883
f 883/883 891/891 919/919
f 920/920 912/912 914/914
f 914/914 919/919 920/920
f 921/921 920/920 922/922
f 923/923 867/867 855/855
f 855/855 854/854 923/923
f 874/874 820/820 822/822
f 822/822 875/875 874/874
f 924/924 817/817 873/873
f 873/873 925/925 924/924
f 150/150 926/926 927/927
f 927/927 151/151 150/150
f 926/926 823/823 826/826
f 826/826 927/927 926/926
f 925/925 909/909 908/908
f 908/908 924/924 925/925
f 909/909 843/843 858/858
f 858/858 861/861 909/909
f 925/925 844/844 843/843
f 843/843 909/909 925/925
f 859/859 858/858 843/843
f 843/843 842/842 859/859
f 842/842 845/845 907/907
f 907/907 928/928 842/842
f 929/929 859/859 928/928
f 928/928 902/902 929/929
f 845/845 844/844 873/873
f 873/873 874/874 845/845
f 151/151 927/927 856/856
f 856/856 929/929 151/151
f 927/927 826/826 857/857
f 857/857 856/856 927/927
f 857/857 826/826 825/825
f 825/825 860/860 857/857
f 837/837 917/917 903/903
f 903/903 906/906 837/837
f 841/841 930/930 156/156
f 156/156 58/58 841/841
f 904/904 903/903 901/901
f 901/901 900/900 904/904
f 832/832 831/831 839/839
f 839/839 918/918 832/832
f 839/839 831/831 92/92
f 92/92 53/53 839/839
f 872/872 912/912 921/921
f 921/921 913/913 872/872
f 829/829 828/828 158/158
f 158/158 91/91 829/829
f 852/852 855/855 881/881
f 881/881 915/915 852/852
f 931/931 932/932 823/823
f 823/823 926/926 931/931
f 52/52 122/122 901/901
f 901/901 838/838 52/52
f 161/161 933/933 900/900
f 934/934 935/935 936/936
f 936/936 937/937 934/934
f 167/167 936/936 938/938
f 938/938 168/168 167/167
f 167/167 939/939 937/937
f 937/937 936/936 167/167
f 930/930 940/940 941/941
f 941/941 942/942 930/930
f 943/943 944/944 945/945
f 945/945 946/946 943/943
f 947/947 948/948 949/949
f 949/949 944/944 947/947
f 950/950 951/951 952/952
f 952/952 953/953 950/950
f 954/954 955/955 956/956
f 956/956 957/957 954/954
f 958/958 959/959 960/960
f 960/960 961/961 958/958
f 962/962 963/963 964/964
f 964/964 965/965 962/962
f 955/955 960/960 966/966
f 966/966 967/967 955/955
f 968/968 969/969 970/970
f 970/970 971/971 968/968
f 969/969 968/968 972/972
f 972/972 963/963 969/969
f 204/204 973/973 963/963
f 963/963 205/205 204/204
f 207/207 967/967 974/974
f 974/974 208/208 207/207
f 210/210 956/956 967/967
f 967/967 207/207 210/210
f 975/975 974/974 967/967
f 967/967 966/966 975/975
f 976/976 977/977 978/978
f 978/978 979/979 976/976
f 979/979 980/980 981/981
f 981/981 976/976 979/979
f 978/978 977/977 982/982
f 982/982 983/983 978/978
f 979/979 978/978 984/984
f 984/984 985/985 979/979
f 984/984 978/978 983/983
f 983/983 986/986 984/984
f 987/987 988/988 989/989
f 989/989 990/990 987/987
f 991/991 990/990 989/989
f 989/989 992/992 991/991
f 993/993 994/994 995/995
f 995/995 996/996 993/993
f 997/997 998/998 989/989
f 989/989 988/988 997/997
f 999/999 1000/1000 994/994
f 994/994 1001/1001 999/999
f 1002/1002 992/992 989/989
f 989/989 998/998 1002/1002
f 1003/1003 991/991 962/962
f 962/962 965/965 1003/1003
f 1004/1004 1005/1005 1002/1002
f 1002/1002 999/999 1004/1004
f 963/963 962/962 1006/1006
f 1006/1006 969/969 963/963
f 1007/1007 993/993 1008/1008
f 1008/1008 1009/1009 1007/1007
f 991/991 992/992 1006/1006
f 1006/1006 962/962 991/991
f 958/958 1001/1001 1010/1010
f 1010/1010 959/959 958/958
f 959/959 1010/1010 1007/1007
f 1007/1007 1011/1011 959/959
f 992/992 1002/1002 1005/1005
f 1005/1005 1006/1006 992/992
f 991/991 1003/1003 1012/1012
f 1012/1012 990/990 991/991
f 999/999 1002/1002 998/998
f 998/998 1000/1000 999/999
f 1011/1011 1007/1007 1009/1009
f 1009/1009 1013/1013 1011/1011
f 1014/1014 970/970 1005/1005
f 1005/1005 1004/1004 1014/1014
f 961/961 960/960 955/955
f 955/955 954/954 961/961
f 966/966 960/960 959/959
f 959/959 1011/1011 966/966
f 970/970 969/969 1006/1006
f 1006/1006 1005/1005 970/970
f 1011/1011 1013/1013 975/975
f 975/975 966/966 1011/1011
f 982/982 954/954 957/957
f 957/957 983/983 982/982
f 1004/1004 958/958 961/961
f 961/961 1014/1014 1004/1004
f 957/957 1015/1015 986/986
f 986/986 983/983 957/957
f 1001/1001 958/958 1004/1004
f 1004/1004 999/999 1001/1001
f 1014/1014 961/961 954/954
f 954/954 982/982 1014/1014
f 1016/1016 956/956 210/210
f 210/210 253/253 1016/1016
f 1017/1017 945/945 944/944
f 944/944 949/949 1017/1017
f 1018/1018 947/947 944/944
f 944/944 943/943 1018/1018
f 963/963 972/972 256/256
f 256/256 205/205 963/963
f 257/257 258/258 981/981
f 981/981 980/980 257/257
f 985/985 259/259 257/257
f 257/257 980/980 985/985
f 258/258 256/256 972/972
f 972/972 981/981 258/258
f 981/981 972/972 968/968
f 968/968 976/976 981/981
f 976/976 968/968 971/971
f 971/971 977/977 976/976
f 1014/1014 982/982 971/971
f 971/971 970/970 1014/1014
f 953/953 952/952 1019/1019
f 1019/1019 1020/1020 953/953
f 1021/1021 1022/1022 1023/1023
f 1023/1023 1024/1024 1021/1021
f 1025/1025 1026/1026 1027/1027
f 1027/1027 1028/1028 1025/1025
f 1029/1029 1030/1030 1031/1031
f 1031/1031 1032/1032 1029/1029
f 1026/1026 1033/1033 1034/1034
f 1034/1034 1027/1027 1026/1026
f 1035/1035 1036/1036 1037/1037
f 1037/1037 1038/1038 1035/1035
f 1039/1039 1040/1040 1041/1041
f 1041/1041 1042/1042 1039/1039
f 1043/1043 1042/1042 1041/1041
f 1041/1041 1044/1044 1043/1043
f 1030/1030 1027/1027 1034/1034
f 1034/1034 1031/1031 1030/1030
f 1036/1036 1035/1035 1045/1045
f 1045/1045 1046/1046 1036/1036
f 1025/1025 1028/1028 1023/1023
f 1023/1023 1047/1047 1025/1025
f 1048/1048 1049/1049 1050/1050
f 1050/1050 1051/1051 1048/1048
f 1052/1052 1053/1053 1054/1054
f 1054/1054 1055/1055 1052/1052
f 1056/1056 1057/1057 1054/1054
f 1054/1054 1053/1053 1056/1056
f 1017/1017 949/949 1058/1058
f 1058/1058 1059/1059 1017/1017
f 948/948 1060/1060 1058/1058
f 1058/1058 949/949 948/948
f 1051/1051 1050/1050 1061/1061
f 1061/1061 1062/1062 1051/1051
f 1063/1063 1064/1064 1065/1065
f 1065/1065 1066/1066 1063/1063
f 1066/1066 1065/1065 1057/1057
f 1057/1057 1056/1056 1066/1066
f 1067/1067 1068/1068 1059/1059
f 1059/1059 1058/1058 1067/1067
f 1069/1069 1017/1017 1059/1059
f 1059/1059 1070/1070 1069/1069
f 1071/1071 953/953 1072/1072
f 1072/1072 1073/1073 1071/1071
f 1070/1070 1074/1074 1072/1072
f 1072/1072 953/953 1070/1070
f 1024/1024 1029/1029 1032/1032
f 1032/1032 1021/1021 1024/1024
f 1060/1060 1075/1075 1067/1067
f 1067/1067 1058/1058 1060/1060
f 1076/1076 1040/1040 1039/1039
f 1039/1039 1033/1033 1076/1076
f 1077/1077 1072/1072 1074/1074
f 1074/1074 1078/1078 1077/1077
f 1078/1078 1074/1074 1068/1068
f 1068/1068 1079/1079 1078/1078
f 1068/1068 1067/1067 1080/1080
f 1080/1080 1079/1079 1068/1068
f 1080/1080 1067/1067 1075/1075
f 1075/1075 1081/1081 1080/1080
f 1068/1068 1074/1074 1070/1070
f 1070/1070 1059/1059 1068/1068
f 1082/1082 1083/1083 1084/1084
f 1085/1085 1084/1084 1083/1083
f 1083/1083 1086/1086 1085/1085
f 1087/1087 1085/1085 1086/1086
f 1088/1088 1089/1089 1090/1090
f 1091/1091 1090/1090 1089/1089
f 1092/1092 1088/1088 1093/1093
f 1090/1090 1093/1093 1088/1088
f 1086/1086 1092/1092 1087/1087
f 1093/1093 1087/1087 1092/1092
f 1089/1089 1082/1082 1091/1091
f 1084/1084 1091/1091 1082/1082
f 1084/1084 1085/1085 1094/1094
f 1095/1095 1094/1094 1085/1085
f 1085/1085 1087/1087 1095/1095
f 1096/1096 1095/1095 1087/1087
f 1090/1090 1091/1091 1097/1097
f 1098/1098 1097/1097 1091/1091
f 1093/1093 1090/1090 1099/1099
f 1097/1097 1099/1099 1090/1090
f 1087/1087 1093/1093 1096/1096
f 1099/1099 1096/1096 1093/1093
f 1091/1091 1084/1084 1098/1098
f 1094/1094 1098/1098 1084/1084
f 1100/1100 1101/1101 1102/1102
f 1102/1102 1103/1103 1100/1100
f 1104/1104 1100/1100 1105/1105
f 1105/1105 1106/1106 1104/1104
f 1105/1105 1103/1103 1107/1107
f 1107/1107 1108/1108 1105/1105
f 1109/1109 1110/1110 1111/1111
f 1111/1111 1112/1112 1109/1109
f 1113/1113 1114/1114 1115/1115
f 1115/1115 1116/1116 1113/1113
f 1115/1115 1117/1117 1118/1118
f 1118/1118 1119/1119 1115/1115
f 1120/1120 1121/1121 1122/1122
f 1122/1122 1123/1123 1120/1120
f 1116/1116 1115/1115 1119/1119
f 1119/1119 1124/1124 1116/1116
f 1114/1114 1125/1125 1117/1117
f 1117/1117 1115/1115 1114/1114
f 1124/1124 1119/1119 1126/1126
f 1126/1126 1127/1127 1124/1124
f 1128/1128 1129/1129 1130/1130
f 1130/1130 1127/1127 1128/1128
f 1131/1131 1132/1132 1133/1133
f 1133/1133 1134/1134 1131/1131
f 1135/1135 1133/1133 1132/1132
f 1132/1132 1136/1136 1135/1135
f 1137/1137 1131/1131 1138/1138
f 1138/1138 1139/1139 1137/1137
f 1140/1140 1141/1141 1142/1142
f 1142/1142 1143/1143 1140/1140
f 1144/1144 1145/1145 1146/1146
f 1146/1146 1147/1147 1144/1144
f 1148/1148 1149/1149 1145/1145
f 1145/1145 1144/1144 1148/1148
f 1150/1150 1151/1151 1144/1144
f 1144/1144 1147/1147 1150/1150
f 1151/1151 1152/1152 1148/1148
f 1148/1148 1144/1144 1151/1151
f 1153/1153 1154/1154 1155/1155
f 1155/1155 1156/1156 1153/1153
f 1157/1157 1158/1158 1154/1154
f 1154/1154 1153/1153 1157/1157
f 1159/1159 1160/1160 1161/1161
f 1161/1161 1162/1162 1159/1159
f 1163/1163 1164/1164 1159/1159
f 1159/1159 1162/1162 1163/1163
f 1123/1123 1128/1128 1127/1127
f 1127/1127 1120/1120 1123/1123
f 1165/1165 1166/1166 1167/1167
f 1167/1167 1168/1168 1165/1165
f 1169/1169 1166/1166 1165/1165
f 1165/1165 1170/1170 1169/1169
f 1171/1171 1172/1172 1173/1173
f 1173/1173 1174/1174 1171/1171
f 1175/1175 1176/1176 1177/1177
f 1177/1177 1171/1171 1175/1175
f 1177/1177 1178/1178 1179/1179
f 1179/1179 1172/1172 1177/1177
f 1180/1180 1181/1181 1182/1182
f 1182/1182 1183/1183 1180/1180
f 1184/1184 1185/1185 1186/1186
f 1186/1186 1187/1187 1184/1184
f 1186/1186 1188/1188 1189/1189
f 1189/1189 1190/1190 1186/1186
f 1185/1185 1191/1191 1188/1188
f 1188/1188 1186/1186 1185/1185
f 1187/1187 1186/1186 1190/1190
f 1190/1190 1192/1192 1187/1187
f 1191/1191 1193/1193 1194/1194
f 1194/1194 1188/1188 1191/1191
f 1128/1128 1193/1193 1195/1195
f 1195/1195 1129/1129 1128/1128
f 1196/1196 1197/1197 1198/1198
f 1198/1198 1199/1199 1196/1196
f 1200/1200 1201/1201 1199/1199
f 1199/1199 1198/1198 1200/1200
f 1202/1202 1203/1203 1204/1204
f 1204/1204 1196/1196 1202/1202
f 1205/1205 1206/1206 1207/1207
f 1207/1207 1208/1208 1205/1205
f 1209/1209 1210/1210 1211/1211
f 1211/1211 1212/1212 1209/1209
f 1213/1213 1209/1209 1212/1212
f 1212/1212 1214/1214 1213/1213
f 1215/1215 1210/1210 1209/1209
f 1209/1209 1216/1216 1215/1215
f 1216/1216 1209/1209 1213/1213
f 1213/1213 1217/1217 1216/1216
f 1218/1218 1219/1219 1220/1220
f 1220/1220 1221/1221 1218/1218
f 1222/1222 1218/1218 1221/1221
f 1221/1221 1223/1223 1222/1222
f 1159/1159 1224/1224 1225/1225
f 1225/1225 1160/1160 1159/1159
f 1226/1226 1224/1224 1159/1159
f 1159/1159 1164/1164 1226/1226
f 1123/1123 1227/1227 1193/1193
f 1193/1193 1128/1128 1123/1123
f 1228/1228 1168/1168 1167/1167
f 1167/1167 1166/1166 1228/1228
f 1169/1169 1229/1229 1228/1228
f 1228/1228 1166/1166 1169/1169
f 1230/1230 473/473 1231/1231
f 474/474 1232/1232 1233/1233
f 474/474 477/477 1232/1232
f 473/473 474/474 1233/1233
f 1234/1234 1235/1235 1236/1236
f 2/2 473/473 1230/1230
f 794/794 2/2 1237/1237
f 810/810 809/809 1238/1238
f 1239/1239 809/809 816/816
f 1240/1240 1241/1241 1242/1242
f 1243/1243 1242/1242 1244/1244
f 1240/1240 1242/1242 1245/1245
f 1245/1245 1242/1242 1243/1243
f 1244/1244 1242/1242 1246/1246
f 1246/1246 1242/1242 1241/1241
f 161/161 1247/1247 933/933
f 930/930 942/942 492/492
f 926/926 150/150 931/931
f 924/924 833/833 818/818
f 819/819 840/840 821/821
f 835/835 918/918 836/836
f 861/861 1248/1248 834/834
f 494/494 126/126 916/916
f 905/905 904/904 941/941
f 835/835 1249/1249 918/918
f 1250/1250 942/942 941/941
f 841/841 1251/1251 940/940
f 1252/1252 863/863 862/862
f 1251/1251 819/819 818/818
f 840/840 57/57 821/821
f 884/884 893/893 885/885
f 887/887 878/878 879/879
f 880/880 888/888 893/893
f 886/886 891/891 883/883
f 892/892 899/899 893/893
f 888/888 894/894 893/893
f 887/887 879/879 896/896
f 905/905 1251/1251 906/906
f 817/817 924/924 818/818
f 928/928 907/907 902/902
f 840/840 819/819 1251/1251
f 840/840 1251/1251 841/841
f 893/893 884/884 882/882
f 893/893 882/882 880/880
f 837/837 1251/1251 818/818
f 906/906 1251/1251 837/837
f 875/875 877/877 907/907
f 916/916 821/821 494/494
f 494/494 821/821 57/57
f 916/916 126/126 876/876
f 824/824 823/823 932/932
f 915/915 863/863 1252/1252
f 915/915 1252/1252 871/871
f 924/924 908/908 833/833
f 1249/1249 835/835 834/834
f 861/861 860/860 1248/1248
f 893/893 899/899 885/885
f 912/912 865/865 914/914
f 866/866 881/881 855/855
f 834/834 1248/1248 1249/1249
f 833/833 908/908 834/834
f 873/873 844/844 925/925
f 869/869 871/871 1252/1252
f 928/928 859/859 842/842
f 940/940 1251/1251 905/905
f 941/941 940/940 905/905
f 836/836 918/918 917/917
f 836/836 917/917 837/837
f 940/940 930/930 841/841
f 941/941 904/904 933/933
f 876/876 126/126 877/877
f 902/902 907/907 877/877
f 929/929 125/125 499/499
f 151/151 929/929 499/499
f 929/929 902/902 125/125
f 929/929 856/856 859/859
f 870/870 869/869 1252/1252
f 862/862 870/870 1252/1252
f 500/500 502/502 1253/1253
f 1254/1254 1255/1255 1256/1256
f 1254/1254 1257/1257 1255/1255
f 507/507 1258/1258 508/508
f 1253/1253 492/492 1250/1250
f 1253/1253 502/502 492/492
f 1255/1255 1257/1257 941/941
f 941/941 1257/1257 1250/1250
f 1256/1256 1255/1255 941/941
f 930/930 492/492 156/156
f 900/900 933/933 904/904
f 941/941 933/933 1256/1256
f 508/508 1258/1258 510/510
f 161/161 510/510 1247/1247
f 1256/1256 1247/1247 1259/1259
f 1256/1256 933/933 1247/1247
f 1258/1258 1247/1247 510/510
f 492/492 942/942 1250/1250
f 1259/1259 1247/1247 1258/1258
f 931/931 1260/1260 932/932
f 1261/1261 828/828 911/911
f 934/934 514/514 935/935
f 515/515 1262/1262 516/516
f 516/516 1262/1262 935/935
f 518/518 1263/1263 519/519
f 519/519 1263/1263 521/521
f 935/935 938/938 936/936
f 935/935 514/514 516/516
f 1264/1264 1265/1265 1266/1266
f 1265/1265 1267/1267 1266/1266
f 1268/1268 1267/1267 1269/1269
f 1265/1265 1269/1269 1267/1267
f 1270/1270 1019/1019 952/952
f 950/950 948/948 947/947
f 1270/1270 946/946 945/945
f 982/982 977/977 971/971
f 956/956 955/955 967/967
f 985/985 980/980 979/979
f 997/997 1000/1000 998/998
f 1271/1271 987/987 990/990
f 993/993 996/996 1272/1272
f 996/996 995/995 1273/1273
f 1273/1273 995/995 1274/1274
f 995/995 994/994 1000/1000
f 1010/1010 994/994 993/993
f 1008/1008 993/993 1272/1272
f 1275/1275 996/996 1273/1273
f 1274/1274 995/995 1000/1000
f 1274/1274 1000/1000 997/997
f 957/957 956/956 1015/1015
f 963/963 973/973 964/964
f 1012/1012 1271/1271 990/990
f 1010/1010 1001/1001 994/994
f 1007/1007 1010/1010 993/993
f 1272/1272 996/996 1275/1275
f 987/987 1271/1271 1276/1276
f 1015/1015 956/956 1016/1016
f 1270/1270 945/945 1019/1019
f 1020/1020 945/945 1017/1017
f 951/951 947/947 1018/1018
f 950/950 947/947 951/951
f 1019/1019 945/945 1020/1020
f 1045/1045 1277/1277 1046/1046
f 1030/1030 1029/1029 1028/1028
f 1076/1076 1026/1026 1278/1278
f 1279/1279 1280/1280 1281/1281
f 1282/1282 1283/1283 1043/1043
f 1047/1047 1283/1283 1282/1282
f 1025/1025 1047/1047 1278/1278
f 1076/1076 1033/1033 1026/1026
f 1283/1283 1047/1047 1022/1022
f 1284/1284 1285/1285 1065/1065
f 1285/1285 1057/1057 1065/1065
f 1022/1022 1047/1047 1023/1023
f 1278/1278 1026/1026 1025/1025
f 1278/1278 1047/1047 1282/1282
f 953/953 1069/1069 1070/1070
f 1055/1055 1054/1054 1286/1286
f 1054/1054 1057/1057 1285/1285
f 1284/1284 1065/1065 1064/1064
f 1286/1286 1054/1054 1285/1285
f 1071/1071 1073/1073 1060/1060
f 1029/1029 1024/1024 1028/1028
f 1028/1028 1024/1024 1023/1023
f 1071/1071 1060/1060 948/948
f 1073/1073 1077/1077 1287/1287
f 1060/1060 1073/1073 1075/1075
f 1043/1043 1044/1044 1282/1282
f 1081/1081 1073/1073 1287/1287
f 1073/1073 1072/1072 1077/1077
f 1075/1075 1073/1073 1081/1081
f 1030/1030 1028/1028 1027/1027
f 1083/1083 1082/1082 1288/1288
f 1086/1086 1083/1083 1289/1289
f 1089/1089 1088/1088 1290/1290
f 1088/1088 1092/1092 1291/1291
f 1092/1092 1086/1086 1289/1289
f 1082/1082 1089/1089 1290/1290
f 1227/1227 1123/1123 1122/1122
f 1292/1292 1102/1102 1101/1101
f 1293/1293 1106/1106 1105/1105
f 1107/1107 1294/1294 1108/1108
f 1100/1100 1104/1104 1295/1295
f 1101/1101 1100/1100 1295/1295
f 1296/1296 1293/1293 1105/1105
f 1297/1297 1298/1298 1299/1299
f 1105/1105 1100/1100 1103/1103
f 1292/1292 1101/1101 1300/1300
f 1301/1301 1302/1302 1303/1303
f 1304/1304 1110/1110 1305/1305
f 1305/1305 1109/1109 1306/1306
f 1306/1306 1109/1109 1307/1307
f 1308/1308 1109/1109 1309/1309
f 1308/1308 1309/1309 1310/1310
f 1307/1307 1109/1109 1308/1308
f 1305/1305 1110/1110 1109/1109
f 1311/1311 1312/1312 1313/1313
f 1314/1314 1315/1315 1311/1311
f 1301/1301 1316/1316 1317/1317
f 1318/1318 1312/1312 1319/1319
f 1312/1312 1315/1315 1319/1319
f 1301/1301 1317/1317 1302/1302
f 1108/1108 1299/1299 1296/1296
f 1311/1311 1315/1315 1312/1312
f 1313/1313 1312/1312 1318/1318
f 1297/1297 1299/1299 1108/1108
f 1301/1301 1112/1112 1111/1111
f 1301/1301 1303/1303 1112/1112
f 1108/1108 1294/1294 1297/1297
f 1297/1297 1294/1294 1320/1320
f 1108/1108 1296/1296 1105/1105
f 1101/1101 1295/1295 1300/1300
f 1321/1321 1118/1118 1117/1117
f 1322/1322 1113/1113 1116/1116
f 1120/1120 1127/1127 1126/1126
f 1124/1124 1127/1127 1323/1323
f 1119/1119 1324/1324 1126/1126
f 1121/1121 1120/1120 1325/1325
f 1121/1121 1325/1325 1326/1326
f 1327/1327 1121/1121 1328/1328
f 1121/1121 1327/1327 1122/1122
f 1321/1321 1117/1117 1125/1125
f 1116/1116 1124/1124 1323/1323
f 1322/1322 1116/1116 1323/1323
f 1126/1126 1324/1324 1329/1329
f 1323/1323 1127/1127 1130/1130
f 1325/1325 1120/1120 1329/1329
f 1120/1120 1126/1126 1329/1329
f 1121/1121 1326/1326 1328/1328
f 1326/1326 1325/1325 1330/1330
f 1328/1328 1326/1326 1330/1330
f 1331/1331 1135/1135 1136/1136
f 1332/1332 1136/1136 1333/1333
f 1334/1334 1138/1138 1131/1131
f 1132/1132 1131/1131 1137/1137
f 1334/1334 1131/1131 1134/1134
f 1331/1331 1136/1136 1332/1332
f 1333/1333 1132/1132 1137/1137
f 1333/1333 1136/1136 1132/1132
f 1335/1335 1333/1333 1137/1137
f 1335/1335 1137/1137 1139/1139
f 1336/1336 1337/1337 1338/1338
f 1339/1339 1338/1338 1140/1140
f 1338/1338 1339/1339 1336/1336
f 1142/1142 1141/1141 1340/1340
f 1339/1339 1143/1143 1341/1341
f 1339/1339 1140/1140 1143/1143
f 1342/1342 1343/1343 1147/1147
f 1344/1344 1148/1148 1345/1345
f 1147/1147 1343/1343 1150/1150
f 1342/1342 1147/1147 1146/1146
f 1345/1345 1148/1148 1152/1152
f 1149/1149 1148/1148 1344/1344
f 1155/1155 1346/1346 1156/1156
f 1156/1156 1346/1346 1347/1347
f 1348/1348 1158/1158 1349/1349
f 1349/1349 1158/1158 1157/1157
f 1350/1350 1163/1163 1162/1162
f 1350/1350 1162/1162 1161/1161
f 1351/1351 1352/1352 1353/1353
f 1354/1354 1355/1355 1351/1351
f 1353/1353 1352/1352 1356/1356
f 1356/1356 1352/1352 1357/1357
f 1358/1358 1165/1165 1355/1355
f 1170/1170 1165/1165 1358/1358
f 1357/1357 1352/1352 1359/1359
f 1360/1360 1359/1359 1361/1361
f 1362/1362 1363/1363 1364/1364
f 1361/1361 1359/1359 1168/1168
f 1356/1356 1357/1357 1365/1365
f 1363/1363 1168/1168 1366/1366
f 1361/1361 1168/1168 1362/1362
f 1362/1362 1168/1168 1363/1363
f 1355/1355 1165/1165 1352/1352
f 1165/1165 1168/1168 1352/1352
f 1168/1168 1359/1359 1352/1352
f 1351/1351 1355/1355 1352/1352
f 1358/1358 1355/1355 1354/1354
f 1367/1367 1174/1174 1173/1173
f 1368/1368 1177/1177 1176/1176
f 1179/1179 1178/1178 1369/1369
f 1171/1171 1370/1370 1175/1175
f 1174/1174 1370/1370 1171/1171
f 1371/1371 1177/1177 1368/1368
f 1372/1372 1373/1373 1374/1374
f 1177/1177 1172/1172 1171/1171
f 1367/1367 1375/1375 1174/1174
f 1376/1376 1377/1377 1378/1378
f 1379/1379 1380/1380 1183/1183
f 1380/1380 1381/1381 1180/1180
f 1381/1381 1382/1382 1180/1180
f 1383/1383 1384/1384 1180/1180
f 1383/1383 1385/1385 1384/1384
f 1382/1382 1383/1383 1180/1180
f 1380/1380 1180/1180 1183/1183
f 1386/1386 1387/1387 1388/1388
f 1389/1389 1386/1386 1390/1390
f 1376/1376 1391/1391 1392/1392
f 1393/1393 1394/1394 1388/1388
f 1388/1388 1394/1394 1390/1390
f 1376/1376 1378/1378 1391/1391
f 1178/1178 1371/1371 1373/1373
f 1386/1386 1388/1388 1390/1390
f 1387/1387 1393/1393 1388/1388
f 1372/1372 1178/1178 1373/1373
f 1376/1376 1182/1182 1181/1181
f 1376/1376 1181/1181 1377/1377
f 1178/1178 1372/1372 1369/1369
f 1372/1372 1395/1395 1369/1369
f 1178/1178 1177/1177 1371/1371
f 1174/1174 1375/1375 1370/1370
f 1396/1396 1190/1190 1189/1189
f 1397/1397 1185/1185 1184/1184
f 1227/1227 1194/1194 1193/1193
f 1191/1191 1398/1398 1193/1193
f 1188/1188 1194/1194 1399/1399
f 1400/1400 1401/1401 1227/1227
f 1227/1227 1122/1122 1400/1400
f 1400/1400 1402/1402 1401/1401
f 1327/1327 1403/1403 1400/1400
f 1400/1400 1122/1122 1327/1327
f 1396/1396 1192/1192 1190/1190
f 1185/1185 1398/1398 1191/1191
f 1397/1397 1398/1398 1185/1185
f 1194/1194 1404/1404 1399/1399
f 1398/1398 1195/1195 1193/1193
f 1401/1401 1404/1404 1227/1227
f 1227/1227 1404/1404 1194/1194
f 1400/1400 1403/1403 1402/1402
f 1402/1402 1405/1405 1401/1401
f 1403/1403 1405/1405 1402/1402
f 1406/1406 1201/1201 1200/1200
f 1407/1407 1408/1408 1201/1201
f 1409/1409 1196/1196 1204/1204
f 1199/1199 1202/1202 1196/1196
f 1409/1409 1197/1197 1196/1196
f 1406/1406 1407/1407 1201/1201
f 1408/1408 1202/1202 1199/1199
f 1408/1408 1199/1199 1201/1201
f 1410/1410 1202/1202 1408/1408
f 1410/1410 1203/1203 1202/1202
f 1411/1411 1412/1412 1413/1413
f 1414/1414 1205/1205 1412/1412
f 1412/1412 1411/1411 1414/1414
f 1207/1207 1415/1415 1208/1208
f 1414/1414 1416/1416 1206/1206
f 1414/1414 1206/1206 1205/1205
f 1417/1417 1210/1210 1418/1418
f 1419/1419 1420/1420 1213/1213
f 1210/1210 1215/1215 1418/1418
f 1417/1417 1211/1211 1210/1210
f 1420/1420 1217/1217 1213/1213
f 1214/1214 1419/1419 1213/1213
f 1220/1220 1219/1219 1421/1421
f 1219/1219 1422/1422 1421/1421
f 1423/1423 1424/1424 1223/1223
f 1424/1424 1222/1222 1223/1223
f 1425/1425 1224/1224 1226/1226
f 1425/1425 1225/1225 1224/1224
f 1426/1426 1427/1427 1428/1428
f 1429/1429 1426/1426 1430/1430
f 1427/1427 1431/1431 1428/1428
f 1431/1431 1432/1432 1428/1428
f 1433/1433 1430/1430 1228/1228
f 1229/1229 1433/1433 1228/1228
f 1432/1432 1434/1434 1428/1428
f 1435/1435 1436/1436 1434/1434
f 1437/1437 1438/1438 1439/1439
f 1436/1436 1168/1168 1434/1434
f 1431/1431 1440/1440 1432/1432
f 1439/1439 1366/1366 1168/1168
f 1436/1436 1437/1437 1168/1168
f 1437/1437 1439/1439 1168/1168
f 1430/1430 1428/1428 1228/1228
f 1228/1228 1428/1428 1168/1168
f 1168/1168 1428/1428 1434/1434
f 1426/1426 1428/1428 1430/1430
f 1433/1433 1429/1429 1430/1430
f 920/920 921/921 912/912
f 918/918 1249/1249 832/832
f 161/161 900/900 121/121
f 2/2 795/795 699/699
f 1231/1231 1235/1235 1234/1234
f 1233/1233 1236/1236 1235/1235
f 1235/1235 473/473 1233/1233
f 1231/1231 473/473 1235/1235
f 1237/1237 2/2 1230/1230
f 1441/1441 703/703 702/702
f 702/702 1442/1442 1441/1441
f 1443/1443 707/707 706/706
f 706/706 1444/1444 1443/1443
f 1441/1441 1445/1445 708/708
f 708/708 703/703 1441/1441
f 1446/1446 1447/1447 1448/1448
f 1448/1448 1449/1449 1446/1446
f 1450/1450 1449/1449 1448/1448
f 1448/1448 1451/1451 1450/1450
f 1452/1452 1450/1450 1451/1451
f 1451/1451 1453/1453 1452/1452
f 1454/1454 1455/1455 1456/1456
f 1456/1456 1457/1457 1454/1454
f 1454/1454 1458/1458 1459/1459
f 1459/1459 1460/1460 1454/1454
f 1461/1461 1460/1460 1459/1459
f 1459/1459 1462/1462 1461/1461
f 1463/1463 1464/1464 1465/1465
f 1465/1465 1466/1466 1463/1463
f 1448/1448 1447/1447 1467/1467
f 1467/1467 1468/1468 1448/1448
f 1451/1451 1448/1448 1468/1468
f 1468/1468 1469/1469 1451/1451
f 1468/1468 1467/1467 1470/1470
f 1470/1470 1471/1471 1468/1468
f 1472/1472 1469/1469 1468/1468
f 1468/1468 1471/1471 1472/1472
f 1473/1473 1474/1474 1453/1453
f 1453/1453 1475/1475 1473/1473
f 1476/1476 1477/1477 1473/1473
f 1473/1473 1475/1475 1476/1476
f 1469/1469 1472/1472 1476/1476
f 1476/1476 1475/1475 1469/1469
f 1478/1478 1470/1470 1467/1467
f 1467/1467 1479/1479 1478/1478
f 1453/1453 1451/1451 1469/1469
f 1469/1469 1475/1475 1453/1453
f 1467/1467 1447/1447 1480/1480
f 1480/1480 1479/1479 1467/1467
f 1481/1481 1482/1482 1470/1470
f 1470/1470 1478/1478 1481/1481
f 1483/1483 1460/1460 1461/1461
f 1461/1461 1484/1484 1483/1483
f 1483/1483 1455/1455 1454/1454
f 1454/1454 1460/1460 1483/1483
f 1485/1485 1452/1452 1486/1486
f 1486/1486 1487/1487 1485/1485
f 1488/1488 1449/1449 1450/1450
f 1450/1450 1489/1489 1488/1488
f 1490/1490 1491/1491 1487/1487
f 1487/1487 1486/1486 1490/1490
f 1485/1485 1489/1489 1450/1450
f 1450/1450 1452/1452 1485/1485
f 1492/1492 1493/1493 1494/1494
f 1494/1494 1446/1446 1492/1492
f 1488/1488 1492/1492 1446/1446
f 1446/1446 1449/1449 1488/1488
f 1495/1495 1496/1496 1463/1463
f 1463/1463 1466/1466 1495/1495
f 1444/1444 1497/1497 1442/1442
f 1444/1444 1498/1498 1443/1443
f 1444/1444 706/706 763/763
f 1444/1444 1499/1499 1498/1498
f 1499/1499 1444/1444 1442/1442
f 1444/1444 763/763 1497/1497
f 1442/1442 1497/1497 1441/1441
f 1445/1445 1441/1441 1497/1497
f 1500/1500 1447/1447 1446/1446
f 1453/1453 1501/1501 1452/1452
f 1452/1452 1457/1457 1486/1486
f 1486/1486 1457/1457 1456/1456
f 1486/1486 1456/1456 1490/1490
f 1502/1502 1500/1500 1494/1494
f 1453/1453 1474/1474 1501/1501
f 1500/1500 1502/1502 1496/1496
f 1495/1495 1480/1480 1496/1496
f 1465/1465 1464/1464 1503/1503
f 1447/1447 1500/1500 1480/1480
f 1500/1500 1496/1496 1480/1480
f 1446/1446 1494/1494 1500/1500
f 1481/1481 1478/1478 1504/1504
f 1501/1501 1474/1474 1458/1458
f 1457/1457 1501/1501 1454/1454
f 1452/1452 1501/1501 1457/1457
f 1501/1501 1458/1458 1454/1454
f 1505/1505 1506/1506 1507/1507
f 1506/1506 1508/1508 1507/1507
f 1509/1509 1508/1508 1510/1510
f 1506/1506 1510/1510 1508/1508
f 1511/1511 1512/1512 1513/1513
f 1513/1513 1512/1512 1514/1514
f 1515/1515 1516/1516 1514/1514
f 1513/1513 1514/1514 1516/1516
f 1517/1517 1518/1518 1519/1519
f 1518/1518 1520/1520 1519/1519
f 1521/1521 1520/1520 1522/1522
f 1518/1518 1522/1522 1520/1520
f 1523/1523 1524/1524 1525/1525
f 1525/1525 1524/1524 1526/1526
f 1527/1527 1528/1528 1526/1526
f 1525/1525 1526/1526 1528/1528
f 1529/1529 1530/1530 1531/1531
f 1531/1531 1532/1532 1529/1529
f 1533/1533 1534/1534 1535/1535
f 1535/1535 1536/1536 1533/1533
f 1537/1537 1538/1538 1539/1539
f 1539/1539 1540/1540 1537/1537
f 1541/1541 1538/1538 1537/1537
f 1537/1537 1542/1542 1541/1541
f 1543/1543 1544/1544 1545/1545
f 1545/1545 1546/1546 1543/1543
f 1547/1547 1543/1543 1546/1546
f 1546/1546 1548/1548 1547/1547
f 1549/1549 1550/1550 1551/1551
f 1551/1551 1552/1552 1549/1549
f 1552/1552 1551/1551 1553/1553
f 1553/1553 1554/1554 1552/1552
f 1555/1555 1556/1556 1557/1557
f 1557/1557 1558/1558 1555/1555
f 1559/1559 1560/1560 1555/1555
f 1555/1555 1558/1558 1559/1559
f 1561/1561 1562/1562 1563/1563
f 1563/1563 1564/1564 1561/1561
f 1565/1565 1566/1566 1562/1562
f 1562/1562 1561/1561 1565/1565
f 1567/1567 1568/1568 1569/1569
f 1569/1569 1570/1570 1567/1567
f 1568/1568 1571/1571 1572/1572
f 1572/1572 1569/1569 1568/1568
f 1573/1573 1574/1574 1575/1575
f 1575/1575 1576/1576 1573/1573
f 1577/1577 1578/1578 1579/1579
f 1579/1579 1580/1580 1577/1577
f 1581/1581 1582/1582 1583/1583
f 1583/1583 1584/1584 1581/1581
f 1585/1585 1586/1586 1581/1581
f 1581/1581 1584/1584 1585/1585
f 1587/1587 1588/1588 1589/1589
f 1589/1589 1590/1590 1587/1587
f 1591/1591 1592/1592 1588/1588
f 1588/1588 1587/1587 1591/1591
f 1593/1593 1594/1594 1595/1595
f 1595/1595 1596/1596 1593/1593
f 1594/1594 1554/1554 1553/1553
f 1553/1553 1595/1595 1594/1594
f 1597/1597 1598/1598 1599/1599
f 1599/1599 1600/1600 1597/1597
f 1601/1601 1598/1598 1597/1597
f 1597/1597 1602/1602 1601/1601
f 1603/1603 1604/1604 1605/1605
f 1605/1605 1606/1606 1603/1603
f 1607/1607 1603/1603 1606/1606
f 1606/1606 1608/1608 1607/1607
f 1609/1609 1610/1610 1611/1611
f 1611/1611 1612/1612 1609/1609
f 1612/1612 1611/1611 1572/1572
f 1572/1572 1571/1571 1612/1612
f 1613/1613 1614/1614 1615/1615
f 1616/1616 1615/1615 1614/1614
f 1617/1617 1613/1613 1618/1618
f 1615/1615 1618/1618 1613/1613
f 1619/1619 1620/1620 1621/1621
f 1621/1621 1622/1622 1619/1619
f 1622/1622 1621/1621 1623/1623
f 1623/1623 1624/1624 1622/1622
f 1625/1625 1626/1626 1627/1627
f 1627/1627 1628/1628 1625/1625
f 1629/1629 1630/1630 1626/1626
f 1626/1626 1625/1625 1629/1629
f 1631/1631 1632/1632 1633/1633
f 1633/1633 1634/1634 1631/1631
f 1635/1635 1636/1636 1632/1632
f 1632/1632 1631/1631 1635/1635
f 1637/1637 1638/1638 1639/1639
f 1639/1639 1640/1640 1637/1637
f 1641/1641 1637/1637 1640/1640
f 1640/1640 1642/1642 1641/1641
f 1643/1643 1644/1644 1645/1645
f 1645/1645 1646/1646 1643/1643
f 1647/1647 1643/1643 1646/1646
f 1646/1646 1648/1648 1647/1647
f 1649/1649 1650/1650 1651/1651
f 1651/1651 1652/1652 1649/1649
f 1650/1650 1653/1653 1654/1654
f 1654/1654 1651/1651 1650/1650
f 1655/1655 1656/1656 1657/1657
f 1657/1657 1658/1658 1655/1655
f 1659/1659 1655/1655 1658/1658
f 1658/1658 1660/1660 1659/1659
f 1661/1661 1662/1662 1663/1663
f 1663/1663 1664/1664 1661/1661
f 1665/1665 1661/1661 1664/1664
f 1664/1664 1666/1666 1665/1665
f 1667/1667 1668/1668 1669/1669
f 1669/1669 1670/1670 1667/1667
f 1671/1671 1667/1667 1670/1670
f 1670/1670 1672/1672 1671/1671
f 1673/1673 1674/1674 1675/1675
f 1675/1675 1676/1676 1673/1673
f 1676/1676 1675/1675 1677/1677
f 1677/1677 1678/1678 1676/1676
f 1679/1679 1680/1680 1681/1681
f 1681/1681 1682/1682 1679/1679
f 1683/1683 1684/1684 1680/1680
f 1680/1680 1679/1679 1683/1683
f 1685/1685 1686/1686 1687/1687
f 1686/1686 1688/1688 1687/1687
f 1689/1689 1685/1685 1687/1687
f 1690/1690 1686/1686 1685/1685
f 1691/1691 1690/1690 1685/1685
f 1691/1691 1692/1692 1690/1690
f 1692/1692 1691/1691 1693/1693
f 1694/1694 1689/1689 1687/1687
f 1695/1695 1696/1696 1697/1697
f 1695/1695 1698/1698 1696/1696
f 1695/1695 1697/1697 1699/1699
f 1697/1697 1696/1696 1700/1700
f 1697/1697 1700/1700 1701/1701
f 1700/1700 1702/1702 1701/1701
f 1703/1703 1701/1701 1702/1702
f 1695/1695 1699/1699 1704/1704
f 1705/1705 1706/1706 1707/1707
f 1532/1532 1708/1708 1529/1529
f 1709/1709 1538/1538 1541/1541
f 1710/1710 1711/1711 1709/1709
f 1539/1539 1709/1709 1712/1712
f 1709/1709 1713/1713 1712/1712
f 1714/1714 1709/1709 1541/1541
f 1714/1714 1710/1710 1709/1709
f 1709/1709 1539/1539 1538/1538
f 1711/1711 1713/1713 1709/1709
f 1544/1544 1543/1543 1715/1715
f 1716/1716 1546/1546 1545/1545
f 1717/1717 1550/1550 1716/1716
f 1717/1717 1551/1551 1550/1550
f 1718/1718 1551/1551 1717/1717
f 1719/1719 1720/1720 1546/1546
f 1719/1719 1721/1721 1720/1720
f 1550/1550 1721/1721 1719/1719
f 1543/1543 1547/1547 1715/1715
f 1550/1550 1719/1719 1716/1716
f 1550/1550 1549/1549 1721/1721
f 1718/1718 1553/1553 1551/1551
f 1716/1716 1719/1719 1546/1546
f 1720/1720 1548/1548 1546/1546
f 1722/1722 1723/1723 1724/1724
f 1723/1723 1725/1725 1724/1724
f 1726/1726 1559/1559 1558/1558
f 1727/1727 1726/1726 1728/1728
f 1557/1557 1729/1729 1726/1726
f 1726/1726 1729/1729 1730/1730
f 1731/1731 1559/1559 1726/1726
f 1731/1731 1726/1726 1727/1727
f 1726/1726 1558/1558 1557/1557
f 1728/1728 1726/1726 1730/1730
f 1564/1564 1732/1732 1561/1561
f 1733/1733 1563/1563 1562/1562
f 1734/1734 1733/1733 1570/1570
f 1734/1734 1570/1570 1569/1569
f 1735/1735 1734/1734 1569/1569
f 1736/1736 1562/1562 1737/1737
f 1736/1736 1737/1737 1738/1738
f 1570/1570 1736/1736 1738/1738
f 1561/1561 1732/1732 1565/1565
f 1570/1570 1733/1733 1736/1736
f 1570/1570 1738/1738 1567/1567
f 1735/1735 1569/1569 1572/1572
f 1733/1733 1562/1562 1736/1736
f 1737/1737 1562/1562 1566/1566
f 1739/1739 1740/1740 1686/1686
f 1686/1686 1740/1740 1688/1688
f 1741/1741 1740/1740 1739/1739
f 1690/1690 1739/1739 1686/1686
f 1742/1742 1739/1739 1690/1690
f 1742/1742 1690/1690 1692/1692
f 1692/1692 1743/1743 1742/1742
f 1744/1744 1740/1740 1741/1741
f 1745/1745 1746/1746 1696/1696
f 1745/1745 1696/1696 1698/1698
f 1745/1745 1747/1747 1746/1746
f 1746/1746 1700/1700 1696/1696
f 1746/1746 1748/1748 1700/1700
f 1700/1700 1748/1748 1702/1702
f 1749/1749 1702/1702 1748/1748
f 1745/1745 1750/1750 1747/1747
f 1751/1751 1752/1752 1753/1753
f 1574/1574 1573/1573 1754/1754
f 1755/1755 1585/1585 1584/1584
f 1756/1756 1755/1755 1757/1757
f 1583/1583 1758/1758 1755/1755
f 1755/1755 1758/1758 1759/1759
f 1760/1760 1585/1585 1755/1755
f 1760/1760 1755/1755 1756/1756
f 1755/1755 1584/1584 1583/1583
f 1757/1757 1755/1755 1759/1759
f 1590/1590 1761/1761 1587/1587
f 1762/1762 1589/1589 1588/1588
f 1763/1763 1762/1762 1596/1596
f 1763/1763 1596/1596 1595/1595
f 1718/1718 1763/1763 1595/1595
f 1764/1764 1588/1588 1765/1765
f 1764/1764 1765/1765 1766/1766
f 1596/1596 1764/1764 1766/1766
f 1587/1587 1761/1761 1591/1591
f 1596/1596 1762/1762 1764/1764
f 1596/1596 1766/1766 1593/1593
f 1718/1718 1595/1595 1553/1553
f 1762/1762 1588/1588 1764/1764
f 1765/1765 1588/1588 1592/1592
f 1767/1767 1768/1768 1769/1769
f 1769/1769 1768/1768 1770/1770
f 1771/1771 1598/1598 1601/1601
f 1772/1772 1773/1773 1771/1771
f 1599/1599 1771/1771 1774/1774
f 1771/1771 1775/1775 1774/1774
f 1776/1776 1771/1771 1601/1601
f 1776/1776 1772/1772 1771/1771
f 1771/1771 1599/1599 1598/1598
f 1773/1773 1775/1775 1771/1771
f 1604/1604 1603/1603 1777/1777
f 1778/1778 1606/1606 1605/1605
f 1779/1779 1610/1610 1778/1778
f 1779/1779 1611/1611 1610/1610
f 1735/1735 1611/1611 1779/1779
f 1780/1780 1781/1781 1606/1606
f 1780/1780 1782/1782 1781/1781
f 1610/1610 1782/1782 1780/1780
f 1603/1603 1607/1607 1777/1777
f 1610/1610 1780/1780 1778/1778
f 1610/1610 1609/1609 1782/1782
f 1735/1735 1572/1572 1611/1611
f 1778/1778 1780/1780 1606/1606
f 1781/1781 1608/1608 1606/1606
f 1783/1783 1784/1784 1785/1785
f 1784/1784 1786/1786 1785/1785
f 1787/1787 1788/1788 1789/1789
f 1788/1788 1790/1790 1789/1789
f 1791/1791 1792/1792 1793/1793
f 1793/1793 1792/1792 1794/1794
f 1795/1795 1796/1796 1797/1797
f 1797/1797 1796/1796 1798/1798
f 1799/1799 1800/1800 1801/1801
f 1801/1801 1800/1800 1802/1802
f 1803/1803 1801/1801 1804/1804
f 1801/1801 1805/1805 1806/1806
f 1807/1807 1799/1799 1801/1801
f 1805/1805 1801/1801 1802/1802
f 1807/1807 1801/1801 1803/1803
f 1804/1804 1801/1801 1806/1806
f 1808/1808 1809/1809 1810/1810
f 1811/1811 1810/1810 1809/1809
f 1810/1810 1812/1812 1808/1808
f 1813/1813 1808/1808 1812/1812
f 1809/1809 1814/1814 1811/1811
f 1815/1815 1811/1811 1814/1814
f 1816/1816 1817/1817 1818/1818
f 1819/1819 1818/1818 1817/1817
f 1816/1816 1818/1818 1812/1812
f 1813/1813 1812/1812 1818/1818
f 1820/1820 1815/1815 1821/1821
f 1815/1815 1814/1814 1821/1821
f 1822/1822 1823/1823 1824/1824
f 1825/1825 1824/1824 1823/1823
f 1823/1823 1822/1822 1826/1826
f 1827/1827 1826/1826 1822/1822
f 1824/1824 1825/1825 1828/1828
f 1829/1829 1828/1828 1825/1825
f 1830/1830 1831/1831 1832/1832
f 1833/1833 1832/1832 1831/1831
f 1830/1830 1826/1826 1831/1831
f 1827/1827 1831/1831 1826/1826
f 1834/1834 1835/1835 1829/1829
f 1829/1829 1835/1835 1828/1828
f 809/809 1239/1239 1238/1238
f 482/482 483/483 19/19
f 1836/1836 1837/1837 1838/1838
f 1838/1838 1839/1839 1836/1836
f 1840/1840 1841/1841 1842/1842
f 1842/1842 1843/1843 1840/1840
f 1844/1844 1845/1845 1846/1846
f 1846/1846 1847/1847 1844/1844
f 1848/1848 1849/1849 1837/1837
f 1837/1837 1836/1836 1848/1848
f 1850/1850 1851/1851 1852/1852
f 1852/1852 1853/1853 1850/1850
f 1849/1849 1847/1847 1851/1851
f 1851/1851 1837/1837 1849/1849
f 1854/1854 1855/1855 1849/1849
f 1849/1849 1848/1848 1854/1854
f 1856/1856 1857/1857 1841/1841
f 1841/1841 1840/1840 1856/1856
f 1855/1855 1844/1844 1847/1847
f 1847/1847 1849/1849 1855/1855
f 1858/1858 1857/1857 1856/1856
f 1856/1856 1859/1859 1858/1858
f 1858/1858 1845/1845 1844/1844
f 1844/1844 1857/1857 1858/1858
f 1841/1841 1855/1855 1854/1854
f 1854/1854 1842/1842 1841/1841
f 1857/1857 1844/1844 1855/1855
f 1855/1855 1841/1841 1857/1857
f 1860/1860 1861/1861 1862/1862
f 1862/1862 1863/1863 1860/1860
f 1864/1864 1865/1865 1866/1866
f 1866/1866 1867/1867 1864/1864
f 1868/1868 1860/1860 1863/1863
f 1863/1863 1869/1869 1868/1868
f 1870/1870 1868/1868 1869/1869
f 1869/1869 1871/1871 1870/1870
f 1867/1867 1870/1870 1871/1871
f 1871/1871 1864/1864 1867/1867
f 1839/1839 1861/1861 1860/1860
f 1860/1860 1836/1836 1839/1839
f 1842/1842 1867/1867 1866/1866
f 1866/1866 1843/1843 1842/1842
f 1836/1836 1860/1860 1868/1868
f 1868/1868 1848/1848 1836/1836
f 1848/1848 1868/1868 1870/1870
f 1870/1870 1854/1854 1848/1848
f 1854/1854 1870/1870 1867/1867
f 1867/1867 1842/1842 1854/1854
f 1851/1851 1850/1850 1838/1838
f 1838/1838 1837/1837 1851/1851
f 1847/1847 1846/1846 1851/1851
f 1872/1872 1869/1869 1863/1863
f 1873/1873 1864/1864 1871/1871
f 1872/1872 1863/1863 1862/1862
f 1873/1873 1871/1871 1869/1869
f 1846/1846 1852/1852 1851/1851
f 1865/1865 1864/1864 1874/1874
f 1875/1875 1876/1876 1877/1877
f 1876/1876 1875/1875 1878/1878
f 1840/1840 1879/1879 1880/1880
f 1879/1879 1840/1840 1843/1843
f 1881/1881 1882/1882 1883/1883
f 1882/1882 1881/1881 1884/1884
f 1885/1885 1877/1877 1886/1886
f 1877/1877 1885/1885 1875/1875
f 1887/1887 1888/1888 1889/1889
f 1888/1888 1887/1887 1890/1890
f 1886/1886 1889/1889 1884/1884
f 1889/1889 1886/1886 1877/1877
f 1891/1891 1886/1886 1892/1892
f 1886/1886 1891/1891 1885/1885
f 1856/1856 1880/1880 1893/1893
f 1880/1880 1856/1856 1840/1840
f 1892/1892 1884/1884 1881/1881
f 1884/1884 1892/1892 1886/1886
f 1894/1894 1856/1856 1893/1893
f 1856/1856 1894/1894 1859/1859
f 1894/1894 1881/1881 1883/1883
f 1881/1881 1894/1894 1893/1893
f 1880/1880 1891/1891 1892/1892
f 1891/1891 1880/1880 1879/1879
f 1893/1893 1892/1892 1881/1881
f 1892/1892 1893/1893 1880/1880
f 1895/1895 1896/1896 1897/1897
f 1896/1896 1895/1895 1898/1898
f 1899/1899 1866/1866 1865/1865
f 1866/1866 1899/1899 1900/1900
f 1901/1901 1898/1898 1895/1895
f 1898/1898 1901/1901 1902/1902
f 1903/1903 1902/1902 1901/1901
f 1902/1902 1903/1903 1904/1904
f 1900/1900 1904/1904 1903/1903
f 1904/1904 1900/1900 1899/1899
f 1878/1878 1895/1895 1897/1897
f 1895/1895 1878/1878 1875/1875
f 1879/1879 1866/1866 1900/1900
f 1866/1866 1879/1879 1843/1843
f 1875/1875 1901/1901 1895/1895
f 1901/1901 1875/1875 1885/1885
f 1885/1885 1903/1903 1901/1901
f 1903/1903 1885/1885 1891/1891
f 1891/1891 1900/1900 1903/1903
f 1900/1900 1891/1891 1879/1879
f 1889/1889 1876/1876 1887/1887
f 1876/1876 1889/1889 1877/1877
f 1884/1884 1889/1889 1882/1882
f 1905/1905 1898/1898 1902/1902
f 1906/1906 1904/1904 1899/1899
f 1905/1905 1896/1896 1898/1898
f 1906/1906 1902/1902 1904/1904
f 1882/1882 1889/1889 1888/1888
f 1865/1865 1874/1874 1899/1899
f 1907/1907 1908/1908 1909/1909
f 1909/1909 1910/1910 1907/1907
f 1911/1911 1912/1912 1913/1913
f 1914/1914 1915/1915 1912/1912
f 1913/1913 1908/1908 1907/1907
f 1907/1907 1911/1911 1913/1913
f 1909/1909 1916/1916 1910/1910
f 1909/1909 1917/1917 1916/1916
f 1911/1911 1914/1914 1912/1912
f 1914/1914 1918/1918 1915/1915
f 1919/1919 1920/1920 1921/1921
f 1920/1920 1919/1919 1922/1922
f 1923/1923 1924/1924 1925/1925
f 1926/1926 1925/1925 1927/1927
f 1924/1924 1919/1919 1921/1921
f 1919/1919 1924/1924 1923/1923
f 1920/1920 1922/1922 1928/1928
f 1920/1920 1928/1928 1929/1929
f 1923/1923 1925/1925 1926/1926
f 1926/1926 1927/1927 1930/1930
f 10/10 28/28 20/20
f 810/810 28/28 802/802

g dajianbang
v 6.135235 -6.818457 73.744310
v 7.552876 -5.716064 72.714690
v 11.567400 -4.252835 76.149550
v 10.584390 -5.244744 79.161290
v 13.815480 -2.992178 79.878390
v 13.169540 -1.831909 85.037470
v 11.650870 -3.314475 85.385660
v 10.156740 -1.188080 89.098470
v 9.661158 -2.269634 88.741710
v 4.141379 -5.328184 75.068020
v 7.355918 -4.416266 78.098560
v 9.242030 -3.497385 80.916560
v 9.767750 -2.513033 84.696460
v 8.904303 -1.914576 87.596690
v 9.767750 -2.513033 84.696460
v 13.169540 -1.831909 85.037470
v 13.815480 -2.992178 79.878390
v 9.242030 -3.497385 80.916560
v 10.156740 -1.188080 89.098470
v 8.904303 -1.914576 87.596690
v 7.355918 -4.416266 78.098560
v 11.567400 -4.252835 76.149550
v 4.141379 -5.328184 75.068020
v 7.552876 -5.716064 72.714690
v 4.080606 8.458149 72.933660
v 8.996453 7.726560 78.102460
v 10.157920 7.255659 75.279830
v 5.756575 7.658949 71.965040
v 10.271660 6.499415 84.466620
v 12.038960 5.644999 84.418720
v 12.532280 6.650524 79.126550
v 8.420079 5.499479 87.876500
v 9.123588 4.770491 88.636060
v 2.523612 7.199503 73.157520
v 5.949835 6.719775 77.087920
v 7.930010 6.272954 79.984190
v 8.566084 5.588811 83.834980
v 7.777338 5.010212 86.768070
v 8.566084 5.588811 83.834980
v 7.930010 6.272954 79.984190
v 12.532280 6.650524 79.126550
v 12.038960 5.644999 84.418720
v 9.123588 4.770491 88.636060
v 7.777338 5.010212 86.768070
v 5.949835 6.719775 77.087920
v 10.157920 7.255659 75.279830
v 2.523612 7.199503 73.157520
v 5.756575 7.658949 71.965040
v 3.930496 -7.405164 67.959280
v 6.222253 -0.743963 92.425540
v 6.222253 -0.743963 92.425540
v 3.930496 -7.405164 67.959280
v 2.191204 8.567038 66.715190
v 5.173512 3.992339 91.623160
v 5.173512 3.992339 91.623160
v 2.191204 8.567038 66.715190
v -6.145104 -6.818470 73.743970
v -10.594290 -5.244775 79.160880
v -11.577300 -4.252870 76.149140
v -7.562751 -5.716083 72.714340
v -11.660760 -3.314510 85.385250
v -13.179430 -1.831950 85.037060
v -13.825380 -2.992221 79.877980
v -9.671048 -2.269660 88.741320
v -10.166630 -1.188110 89.098060
v -4.151227 -5.328284 75.067630
v -7.365814 -4.416289 78.098150
v -9.251925 -3.497413 80.916160
v -9.777641 -2.513062 84.696070
v -8.914194 -1.914601 87.596300
v -9.777641 -2.513062 84.696070
v -9.251925 -3.497413 80.916160
v -13.825380 -2.992221 79.877980
v -13.179430 -1.831950 85.037060
v -10.166630 -1.188110 89.098060
v -8.914194 -1.914601 87.596300
v -7.365814 -4.416289 78.098150
v -11.577300 -4.252870 76.149140
v -4.151227 -5.328284 75.067630
v -7.562751 -5.716083 72.714340
v -4.090520 8.458132 72.933220
v -5.766487 7.658930 71.964600
v -10.167810 7.255623 75.279440
v -9.006350 7.726529 78.102080
v -12.542170 6.650482 79.126150
v -12.048850 5.644959 84.418330
v -10.281550 6.499382 84.466220
v -9.133478 4.770463 88.635670
v -8.429974 5.499453 87.876100
v -2.533522 7.199492 73.157090
v -5.959731 6.719755 77.087520
v -7.939904 6.272925 79.983800
v -8.575980 5.588782 83.834590
v -7.787232 5.010186 86.767660
v -8.575980 5.588782 83.834590
v -12.048850 5.644959 84.418330
v -12.542170 6.650482 79.126150
v -7.939904 6.272925 79.983800
v -9.133478 4.770463 88.635670
v -7.787232 5.010186 86.767660
v -5.959731 6.719755 77.087520
v -10.167810 7.255623 75.279440
v -2.533522 7.199492 73.157090
v -5.766487 7.658930 71.964600
v -3.940386 -7.405167 67.958880
v -6.232143 -0.743982 92.425130
v -6.232143 -0.743982 92.425130
v -3.940386 -7.405167 67.958880
v -2.201095 8.567038 66.714790
v -5.183403 3.992324 91.622760
v -5.183403 3.992324 91.622760
v -2.201095 8.567038 66.714790
vt 0.056386 0.048653 0.000000
vt 0.099644 0.049473 0.000000
vt 0.099644 0.095262 0.000000
vt 0.056386 0.113474 0.000000
vt 0.099644 0.135626 0.000000
vt 0.099644 0.181631 0.000000
vt 0.056386 0.181867 0.000000
vt 0.099644 0.218221 0.000000
vt 0.056386 0.218718 0.000000
vt 0.013036 0.048960 0.000000
vt 0.013036 0.095262 0.000000
vt 0.013036 0.135626 0.000000
vt 0.013036 0.181251 0.000000
vt 0.013036 0.218066 0.000000
vt 0.013036 0.181251 0.000000
vt 0.099644 0.181631 0.000000
vt 0.099644 0.135626 0.000000
vt 0.013036 0.135626 0.000000
vt 0.099644 0.218221 0.000000
vt 0.013036 0.218066 0.000000
vt 0.013036 0.095262 0.000000
vt 0.099644 0.095262 0.000000
vt 0.013036 0.048960 0.000000
vt 0.099644 0.049473 0.000000
vt 0.056386 0.048653 0.000000
vt 0.056386 0.113474 0.000000
vt 0.099644 0.095262 0.000000
vt 0.099644 0.049473 0.000000
vt 0.056386 0.181867 0.000000
vt 0.099644 0.181631 0.000000
vt 0.099644 0.135626 0.000000
vt 0.056386 0.218718 0.000000
vt 0.099644 0.218221 0.000000
vt 0.013036 0.048960 0.000000
vt 0.013036 0.095262 0.000000
vt 0.013036 0.135626 0.000000
vt 0.013036 0.181251 0.000000
vt 0.013036 0.218066 0.000000
vt 0.013036 0.181251 0.000000
vt 0.013036 0.135626 0.000000
vt 0.099644 0.135626 0.000000
vt 0.099644 0.181631 0.000000
vt 0.099644 0.218221 0.000000
vt 0.013036 0.218066 0.000000
vt 0.013036 0.095262 0.000000
vt 0.099644 0.095262 0.000000
vt 0.013036 0.048960 0.000000
vt 0.099644 0.049473 0.000000
vt 0.055574 0.006933 0.000000
vt 0.055574 0.245153 0.000000
vt 0.055574 0.245153 0.000000
vt 0.055574 0.006933 0.000000
vt 0.055574 0.006933 0.000000
vt 0.055574 0.245153 0.000000
vt 0.055574 0.245153 0.000000
vt 0.055574 0.006933 0.000000
vt 0.056386 0.048653 0.000000
vt 0.056386 0.113474 0.000000
vt 0.099644 0.095262 0.000000
vt 0.099644 0.049473 0.000000
vt 0.056386 0.181867 0.000000
vt 0.099644 0.181631 0.000000
vt 0.099644 0.135626 0.000000
vt 0.056386 0.218718 0.000000
vt 0.099644 0.218221 0.000000
vt 0.013036 0.048960 0.000000
vt 0.013036 0.095262 0.000000
vt 0.013036 0.135626 0.000000
vt 0.013036 0.181251 0.000000
vt 0.013036 0.218066 0.000000
vt 0.013036 0.181251 0.000000
vt 0.013036 0.135626 0.000000
vt 0.099644 0.135626 0.000000
vt 0.099644 0.181631 0.000000
vt 0.099644 0.218221 0.000000
vt 0.013036 0.218066 0.000000
vt 0.013036 0.095262 0.000000
vt 0.099644 0.095262 0.000000
vt 0.013036 0.048960 0.000000
vt 0.099644 0.049473 0.000000
vt 0.056386 0.048653 0.000000
vt 0.099644 0.049473 0.000000
vt 0.099644 0.095262 0.000000
vt 0.056386 0.113474 0.000000
vt 0.099644 0.135626 0.000000
vt 0.099644 0.181631 0.000000
vt 0.056386 0.181867 0.000000
vt 0.099644 0.218221 0.000000
vt 0.056386 0.218718 0.000000
vt 0.013036 0.048960 0.000000
vt 0.013036 0.095262 0.000000
vt 0.013036 0.135626 0.000000
vt 0.013036 0.181251 0.000000
vt 0.013036 0.218066 0.000000
vt 0.013036 0.181251 0.000000
vt 0.099644 0.181631 0.000000
vt 0.099644 0.135626 0.000000
vt 0.013036 0.135626 0.000000
vt 0.099644 0.218221 0.000000
vt 0.013036 0.218066 0.000000
vt 0.013036 0.095262 0.000000
vt 0.099644 0.095262 0.000000
vt 0.013036 0.048960 0.000000
vt 0.099644 0.049473 0.000000
vt 0.055574 0.006933 0.000000
vt 0.055574 0.245153 0.000000
vt 0.055574 0.245153 0.000000
vt 0.055574 0.006933 0.000000
vt 0.055574 0.006933 0.000000
vt 0.055574 0.245153 0.000000
vt 0.055574 0.245153 0.000000
vt 0.055574 0.006933 0.000000
usemtl Material_2
f 1931/1931 1932/1932 1933/1933
f 1933/1933 1934/1934 1931/1931
f 1934/1934 1935/1935 1936/1936
f 1936/1936 1937/1937 1934/1934
f 1937/1937 1936/1936 1938/1938
f 1938/1938 1939/1939 1937/1937
f 1940/1940 1931/1931 1934/1934
f 1934/1934 1941/1941 1940/1940
f 1942/1942 1934/1934 1937/1937
f 1937/1937 1943/1943 1942/1942
f 1943/1943 1937/1937 1939/1939
f 1939/1939 1944/1944 1943/1943
f 1945/1945 1946/1946 1947/1947
f 1947/1947 1948/1948 1945/1945
f 1949/1949 1946/1946 1945/1945
f 1945/1945 1950/1950 1949/1949
f 1951/1951 1948/1948 1947/1947
f 1947/1947 1952/1952 1951/1951
f 1953/1953 1951/1951 1952/1952
f 1952/1952 1954/1954 1953/1953
f 1955/1955 1956/1956 1957/1957
f 1957/1957 1958/1958 1955/1955
f 1956/1956 1959/1959 1960/1960
f 1960/1960 1961/1961 1956/1956
f 1959/1959 1962/1962 1963/1963
f 1963/1963 1960/1960 1959/1959
f 1964/1964 1965/1965 1956/1956
f 1956/1956 1955/1955 1964/1964
f 1966/1966 1967/1967 1959/1959
f 1959/1959 1956/1956 1966/1966
f 1967/1967 1968/1968 1962/1962
f 1962/1962 1959/1959 1967/1967
f 1969/1969 1970/1970 1971/1971
f 1971/1971 1972/1972 1969/1969
f 1973/1973 1974/1974 1969/1969
f 1969/1969 1972/1972 1973/1973
f 1975/1975 1976/1976 1971/1971
f 1971/1971 1970/1970 1975/1975
f 1977/1977 1978/1978 1976/1976
f 1976/1976 1975/1975 1977/1977
f 1979/1979 1931/1931 1940/1940
f 1935/1935 1934/1934 1933/1933
f 1980/1980 1939/1939 1938/1938
f 1934/1934 1942/1942 1941/1941
f 1979/1979 1932/1932 1931/1931
f 1980/1980 1944/1944 1939/1939
f 1950/1950 1981/1981 1949/1949
f 1954/1954 1982/1982 1953/1953
f 1983/1983 1964/1964 1955/1955
f 1961/1961 1957/1957 1956/1956
f 1984/1984 1963/1963 1962/1962
f 1956/1956 1965/1965 1966/1966
f 1983/1983 1955/1955 1958/1958
f 1984/1984 1962/1962 1968/1968
f 1974/1974 1973/1973 1985/1985
f 1978/1978 1977/1977 1986/1986
f 1987/1987 1988/1988 1989/1989
f 1989/1989 1990/1990 1987/1987
f 1988/1988 1991/1991 1992/1992
f 1992/1992 1993/1993 1988/1988
f 1991/1991 1994/1994 1995/1995
f 1995/1995 1992/1992 1991/1991
f 1996/1996 1997/1997 1988/1988
f 1988/1988 1987/1987 1996/1996
f 1998/1998 1999/1999 1991/1991
f 1991/1991 1988/1988 1998/1998
f 1999/1999 2000/2000 1994/1994
f 1994/1994 1991/1991 1999/1999
f 2001/2001 2002/2002 2003/2003
f 2003/2003 2004/2004 2001/2001
f 2005/2005 2006/2006 2001/2001
f 2001/2001 2004/2004 2005/2005
f 2007/2007 2008/2008 2003/2003
f 2003/2003 2002/2002 2007/2007
f 2009/2009 2010/2010 2008/2008
f 2008/2008 2007/2007 2009/2009
f 2011/2011 2012/2012 2013/2013
f 2013/2013 2014/2014 2011/2011
f 2014/2014 2015/2015 2016/2016
f 2016/2016 2017/2017 2014/2014
f 2017/2017 2016/2016 2018/2018
f 2018/2018 2019/2019 2017/2017
f 2020/2020 2011/2011 2014/2014
f 2014/2014 2021/2021 2020/2020
f 2022/2022 2014/2014 2017/2017
f 2017/2017 2023/2023 2022/2022
f 2023/2023 2017/2017 2019/2019
f 2019/2019 2024/2024 2023/2023
f 2025/2025 2026/2026 2027/2027
f 2027/2027 2028/2028 2025/2025
f 2029/2029 2026/2026 2025/2025
f 2025/2025 2030/2030 2029/2029
f 2031/2031 2028/2028 2027/2027
f 2027/2027 2032/2032 2031/2031
f 2033/2033 2031/2031 2032/2032
f 2032/2032 2034/2034 2033/2033
f 2035/2035 1996/1996 1987/1987
f 1993/1993 1989/1989 1988/1988
f 2036/2036 1995/1995 1994/1994
f 1988/1988 1997/1997 1998/1998
f 2035/2035 1987/1987 1990/1990
f 2036/2036 1994/1994 2000/2000
f 2006/2006 2005/2005 2037/2037
f 2010/2010 2009/2009 2038/2038
f 2039/2039 2011/2011 2020/2020
f 2015/2015 2014/2014 2013/2013
f 2040/2040 2019/2019 2018/2018
f 2014/2014 2022/2022 2021/2021
f 2039/2039 2012/2012 2011/2011
f 2040/2040 2024/2024 2019/2019
f 2030/2030 2041/2041 2029/2029
f 2034/2034 2042/2042 2033/2033

g jianbangUV01
v 6.135235 -6.818457 73.744310
v 7.552876 -5.716064 72.714690
v 11.567400 -4.252835 76.149550
v 10.584390 -5.244744 79.161290
v 13.815480 -2.992178 79.878390
v 13.169540 -1.831909 85.037470
v 11.650870 -3.314475 85.385660
v 10.156740 -1.188080 89.098470
v 9.661158 -2.269634 88.741710
v 4.141379 -5.328184 75.068020
v 7.355918 -4.416266 78.098560
v 9.242030 -3.497385 80.916560
v 9.767750 -2.513033 84.696460
v 8.904303 -1.914576 87.596690
v 9.767750 -2.513033 84.696460
v 13.169540 -1.831909 85.037470
v 13.815480 -2.992178 79.878390
v 9.242030 -3.497385 80.916560
v 10.156740 -1.188080 89.098470
v 8.904303 -1.914576 87.596690
v 7.355918 -4.416266 78.098560
v 11.567400 -4.252835 76.149550
v 4.141379 -5.328184 75.068020
v 7.552876 -5.716064 72.714690
v 3.930496 -7.405164 67.959280
v 6.222253 -0.743963 92.425540
v 6.222253 -0.743963 92.425540
v 3.930496 -7.405164 67.959280
vt 0.056386 0.048653 0.000000
vt 0.099644 0.049473 0.000000
vt 0.099644 0.095262 0.000000
vt 0.056386 0.113474 0.000000
vt 0.099644 0.135626 0.000000
vt 0.099644 0.181631 0.000000
vt 0.056386 0.181867 0.000000
vt 0.099644 0.218221 0.000000
vt 0.056386 0.218718 0.000000
vt 0.013036 0.048960 0.000000
vt 0.013036 0.095262 0.000000
vt 0.013036 0.135626 0.000000
vt 0.013036 0.181251 0.000000
vt 0.013036 0.218066 0.000000
vt 0.013036 0.181251 0.000000
vt 0.099644 0.181631 0.000000
vt 0.099644 0.135626 0.000000
vt 0.013036 0.135626 0.000000
vt 0.099644 0.218221 0.000000
vt 0.013036 0.218066 0.000000
vt 0.013036 0.095262 0.000000
vt 0.099644 0.095262 0.000000
vt 0.013036 0.048960 0.000000
vt 0.099644 0.049473 0.000000
vt 0.055574 0.006933 0.000000
vt 0.055574 0.245153 0.000000
vt 0.055574 0.245153 0.000000
vt 0.055574 0.006933 0.000000
usemtl Material_7
f 2043/2043 2044/2044 2045/2045
f 2045/2045 2046/2046 2043/2043
f 2046/2046 2047/2047 2048/2048
f 2048/2048 2049/2049 2046/2046
f 2049/2049 2048/2048 2050/2050
f 2050/2050 2051/2051 2049/2049
f 2052/2052 2043/2043 2046/2046
f 2046/2046 2053/2053 2052/2052
f 2054/2054 2046/2046 2049/2049
f 2049/2049 2055/2055 2054/2054
f 2055/2055 2049/2049 2051/2051
f 2051/2051 2056/2056 2055/2055
f 2057/2057 2058/2058 2059/2059
f 2059/2059 2060/2060 2057/2057
f 2061/2061 2058/2058 2057/2057
f 2057/2057 2062/2062 2061/2061
f 2063/2063 2060/2060 2059/2059
f 2059/2059 2064/2064 2063/2063
f 2065/2065 2063/2063 2064/2064
f 2064/2064 2066/2066 2065/2065
f 2067/2067 2043/2043 2052/2052
f 2047/2047 2046/2046 2045/2045
f 2068/2068 2051/2051 2050/2050
f 2046/2046 2054/2054 2053/2053
f 2067/2067 2044/2044 2043/2043
f 2068/2068 2056/2056 2051/2051
f 2062/2062 2069/2069 2061/2061
f 2066/2066 2070/2070 2065/2065

g jianbangUV02
v 4.080606 8.458149 72.933660
v 8.996453 7.726560 78.102460
v 10.157920 7.255659 75.279830
v 5.756575 7.658949 71.965040
v 10.271660 6.499415 84.466620
v 12.038960 5.644999 84.418720
v 12.532280 6.650524 79.126550
v 8.420079 5.499479 87.876500
v 9.123588 4.770491 88.636060
v 2.523612 7.199503 73.157520
v 5.949835 6.719775 77.087920
v 7.930010 6.272954 79.984190
v 8.566084 5.588811 83.834980
v 7.777338 5.010212 86.768070
v 8.566084 5.588811 83.834980
v 7.930010 6.272954 79.984190
v 12.532280 6.650524 79.126550
v 12.038960 5.644999 84.418720
v 9.123588 4.770491 88.636060
v 7.777338 5.010212 86.768070
v 5.949835 6.719775 77.087920
v 10.157920 7.255659 75.279830
v 2.523612 7.199503 73.157520
v 5.756575 7.658949 71.965040
v 2.191204 8.567038 66.715190
v 5.173512 3.992339 91.623160
v 5.173512 3.992339 91.623160
v 2.191204 8.567038 66.715190
vt 0.056386 0.048653 0.000000
vt 0.056386 0.113474 0.000000
vt 0.099644 0.095262 0.000000
vt 0.099644 0.049473 0.000000
vt 0.056386 0.181867 0.000000
vt 0.099644 0.181631 0.000000
vt 0.099644 0.135626 0.000000
vt 0.056386 0.218718 0.000000
vt 0.099644 0.218221 0.000000
vt 0.013036 0.048960 0.000000
vt 0.013036 0.095262 0.000000
vt 0.013036 0.135626 0.000000
vt 0.013036 0.181251 0.000000
vt 0.013036 0.218066 0.000000
vt 0.013036 0.181251 0.000000
vt 0.013036 0.135626 0.000000
vt 0.099644 0.135626 0.000000
vt 0.099644 0.181631 0.000000
vt 0.099644 0.218221 0.000000
vt 0.013036 0.218066 0.000000
vt 0.013036 0.095262 0.000000
vt 0.099644 0.095262 0.000000
vt 0.013036 0.048960 0.000000
vt 0.099644 0.049473 0.000000
vt 0.055574 0.006933 0.000000
vt 0.055574 0.245153 0.000000
vt 0.055574 0.245153 0.000000
vt 0.055574 0.006933 0.000000
usemtl Material_7
f 2071/2071 2072/2072 2073/2073
f 2073/2073 2074/2074 2071/2071
f 2072/2072 2075/2075 2076/2076
f 2076/2076 2077/2077 2072/2072
f 2075/2075 2078/2078 2079/2079
f 2079/2079 2076/2076 2075/2075
f 2080/2080 2081/2081 2072/2072
f 2072/2072 2071/2071 2080/2080
f 2082/2082 2083/2083 2075/2075
f 2075/2075 2072/2072 2082/2082
f 2083/2083 2084/2084 2078/2078
f 2078/2078 2075/2075 2083/2083
f 2085/2085 2086/2086 2087/2087
f 2087/2087 2088/2088 2085/2085
f 2089/2089 2090/2090 2085/2085
f 2085/2085 2088/2088 2089/2089
f 2091/2091 2092/2092 2087/2087
f 2087/2087 2086/2086 2091/2091
f 2093/2093 2094/2094 2092/2092
f 2092/2092 2091/2091 2093/2093
f 2095/2095 2080/2080 2071/2071
f 2077/2077 2073/2073 2072/2072
f 2096/2096 2079/2079 2078/2078
f 2072/2072 2081/2081 2082/2082
f 2095/2095 2071/2071 2074/2074
f 2096/2096 2078/2078 2084/2084
f 2090/2090 2089/2089 2097/2097
f 2094/2094 2093/2093 2098/2098

g jianbangUV03
v -6.145104 -6.818470 73.743970
v -10.594290 -5.244775 79.160880
v -11.577300 -4.252870 76.149140
v -7.562751 -5.716083 72.714340
v -11.660760 -3.314510 85.385250
v -13.179430 -1.831950 85.037060
v -13.825380 -2.992221 79.877980
v -9.671048 -2.269660 88.741320
v -10.166630 -1.188110 89.098060
v -4.151227 -5.328284 75.067630
v -7.365814 -4.416289 78.098150
v -9.251925 -3.497413 80.916160
v -9.777641 -2.513062 84.696070
v -8.914194 -1.914601 87.596300
v -9.777641 -2.513062 84.696070
v -9.251925 -3.497413 80.916160
v -13.825380 -2.992221 79.877980
v -13.179430 -1.831950 85.037060
v -10.166630 -1.188110 89.098060
v -8.914194 -1.914601 87.596300
v -7.365814 -4.416289 78.098150
v -11.577300 -4.252870 76.149140
v -4.151227 -5.328284 75.067630
v -7.562751 -5.716083 72.714340
v -3.940386 -7.405167 67.958880
v -6.232143 -0.743982 92.425130
v -6.232143 -0.743982 92.425130
v -3.940386 -7.405167 67.958880
vt 0.056386 0.048653 0.000000
vt 0.056386 0.113474 0.000000
vt 0.099644 0.095262 0.000000
vt 0.099644 0.049473 0.000000
vt 0.056386 0.181867 0.000000
vt 0.099644 0.181631 0.000000
vt 0.099644 0.135626 0.000000
vt 0.056386 0.218718 0.000000
vt 0.099644 0.218221 0.000000
vt 0.013036 0.048960 0.000000
vt 0.013036 0.095262 0.000000
vt 0.013036 0.135626 0.000000
vt 0.013036 0.181251 0.000000
vt 0.013036 0.218066 0.000000
vt 0.013036 0.181251 0.000000
vt 0.013036 0.135626 0.000000
vt 0.099644 0.135626 0.000000
vt 0.099644 0.181631 0.000000
vt 0.099644 0.218221 0.000000
vt 0.013036 0.218066 0.000000
vt 0.013036 0.095262 0.000000
vt 0.099644 0.095262 0.000000
vt 0.013036 0.048960 0.000000
vt 0.099644 0.049473 0.000000
vt 0.055574 0.006933 0.000000
vt 0.055574 0.245153 0.000000
vt 0.055574 0.245153 0.000000
vt 0.055574 0.006933 0.000000
usemtl Material_7
f 2099/2099 2100/2100 2101/2101
f 2101/2101 2102/2102 2099/2099
f 2100/2100 2103/2103 2104/2104
f 2104/2104 2105/2105 2100/2100
f 2103/2103 2106/2106 2107/2107
f 2107/2107 2104/2104 2103/2103
f 2108/2108 2109/2109 2100/2100
f 2100/2100 2099/2099 2108/2108
f 2110/2110 2111/2111 2103/2103
f 2103/2103 2100/2100 2110/2110
f 2111/2111 2112/2112 2106/2106
f 2106/2106 2103/2103 2111/2111
f 2113/2113 2114/2114 2115/2115
f 2115/2115 2116/2116 2113/2113
f 2117/2117 2118/2118 2113/2113
f 2113/2113 2116/2116 2117/2117
f 2119/2119 2120/2120 2115/2115
f 2115/2115 2114/2114 2119/2119
f 2121/2121 2122/2122 2120/2120
f 2120/2120 2119/2119 2121/2121
f 2123/2123 2108/2108 2099/2099
f 2105/2105 2101/2101 2100/2100
f 2124/2124 2107/2107 2106/2106
f 2100/2100 2109/2109 2110/2110
f 2123/2123 2099/2099 2102/2102
f 2124/2124 2106/2106 2112/2112
f 2118/2118 2117/2117 2125/2125
f 2122/2122 2121/2121 2126/2126

g jianbangUV04
v -4.090520 8.458132 72.933220
v -5.766487 7.658930 71.964600
v -10.167810 7.255623 75.279440
v -9.006350 7.726529 78.102080
v -12.542170 6.650482 79.126150
v -12.048850 5.644959 84.418330
v -10.281550 6.499382 84.466220
v -9.133478 4.770463 88.635670
v -8.429974 5.499453 87.876100
v -2.533522 7.199492 73.157090
v -5.959731 6.719755 77.087520
v -7.939904 6.272925 79.983800
v -8.575980 5.588782 83.834590
v -7.787232 5.010186 86.767660
v -8.575980 5.588782 83.834590
v -12.048850 5.644959 84.418330
v -12.542170 6.650482 79.126150
v -7.939904 6.272925 79.983800
v -9.133478 4.770463 88.635670
v -7.787232 5.010186 86.767660
v -5.959731 6.719755 77.087520
v -10.167810 7.255623 75.279440
v -2.533522 7.199492 73.157090
v -5.766487 7.658930 71.964600
v -2.201095 8.567038 66.714790
v -5.183403 3.992324 91.622760
v -5.183403 3.992324 91.622760
v -2.201095 8.567038 66.714790
vt 0.056386 0.048653 0.000000
vt 0.099644 0.049473 0.000000
vt 0.099644 0.095262 0.000000
vt 0.056386 0.113474 0.000000
vt 0.099644 0.135626 0.000000
vt 0.099644 0.181631 0.000000
vt 0.056386 0.181867 0.000000
vt 0.099644 0.218221 0.000000
vt 0.056386 0.218718 0.000000
vt 0.013036 0.048960 0.000000
vt 0.013036 0.095262 0.000000
vt 0.013036 0.135626 0.000000
vt 0.013036 0.181251 0.000000
vt 0.013036 0.218066 0.000000
vt 0.013036 0.181251 0.000000
vt 0.099644 0.181631 0.000000
vt 0.099644 0.135626 0.000000
vt 0.013036 0.135626 0.000000
vt 0.099644 0.218221 0.000000
vt 0.013036 0.218066 0.000000
vt 0.013036 0.095262 0.000000
vt 0.099644 0.095262 0.000000
vt 0.013036 0.048960 0.000000
vt 0.099644 0.049473 0.000000
vt 0.055574 0.006933 0.000000
vt 0.055574 0.245153 0.000000
vt 0.055574 0.245153 0.000000
vt 0.055574 0.006933 0.000000
usemtl Material_7
f 2127/2127 2128/2128 2129/2129
f 2129/2129 2130/2130 2127/2127
f 2130/2130 2131/2131 2132/2132
f 2132/2132 2133/2133 2130/2130
f 2133/2133 2132/2132 2134/2134
f 2134/2134 2135/2135 2133/2133
f 2136/2136 2127/2127 2130/2130
f 2130/2130 2137/2137 2136/2136
f 2138/2138 2130/2130 2133/2133
f 2133/2133 2139/2139 2138/2138
f 2139/2139 2133/2133 2135/2135
f 2135/2135 2140/2140 2139/2139
f 2141/2141 2142/2142 2143/2143
f 2143/2143 2144/2144 2141/2141
f 2145/2145 2142/2142 2141/2141
f 2141/2141 2146/2146 2145/2145
f 2147/2147 2144/2144 2143/2143
f 2143/2143 2148/2148 2147/2147
f 2149/2149 2147/2147 2148/2148
f 2148/2148 2150/2150 2149/2149
f 2151/2151 2127/2127 2136/2136
f 2131/2131 2130/2130 2129/2129
f 2152/2152 2135/2135 2134/2134
f 2130/2130 2138/2138 2137/2137
f 2151/2151 2128/2128 2127/2127
f 2152/2152 2140/2140 2135/2135
f 2146/2146 2153/2153 2145/2145
f 2150/2150 2154/2154 2149/2149

