mtllib tw_mount_anxinchonglang.mtl

g tw_mount_anxinchonglang_01
v 0.541377 30.258110 99.283110
v 0.000411 29.985740 99.475640
v -0.004041 30.114950 99.192340
v 0.378194 30.105090 99.577060
v -0.000007 32.423900 99.254990
v 0.669892 30.626690 99.051320
v -0.000469 30.406780 98.969800
v 0.258772 29.665640 100.811000
v -0.001610 29.595540 100.613000
v 0.289843 29.742140 100.644400
v -0.001063 29.548330 100.778300
v 2.266713 32.610200 100.609900
v 2.296732 33.949210 101.587100
v 2.504771 33.201440 101.592300
v 1.563186 33.257230 100.338500
v 1.739126 31.230780 100.309000
v 1.916735 32.173400 100.086400
v 2.074496 31.669920 100.975500
v 0.841832 30.205850 100.485800
v 0.308410 29.919810 100.505700
v 0.370170 29.908820 100.094400
v 0.343324 30.149800 99.884960
v 1.397471 30.517700 100.499500
v 2.576699 31.921960 102.218200
v 2.801769 33.442250 103.304300
v 2.504771 33.201440 101.592300
v 3.275461 34.441420 102.331200
v 2.801769 33.442250 103.304300
v 2.826926 33.927080 101.519400
v 2.826926 33.927080 101.519400
v 2.504771 33.201440 101.592300
v 2.296732 33.949210 101.587100
v 2.665839 34.198320 102.814000
v 3.275461 34.441420 102.331200
v 3.165536 33.962060 103.636500
v 3.532828 34.632620 103.507600
v 2.801769 33.442250 103.304300
v 3.165536 33.962060 103.636500
v 2.665839 34.198320 102.814000
v 3.532828 34.632620 103.507600
v 0.000051 29.578540 101.090500
v 0.661663 29.946550 101.424000
v 0.414887 29.518330 101.489700
v 1.326938 30.177430 103.522600
v 1.992128 30.650220 103.179400
v 1.615685 30.060490 104.043300
v 2.155671 30.542770 103.860300
v 2.244022 30.880520 105.105900
v 1.356203 30.130970 105.610100
v 1.337441 30.971510 106.936500
v 2.446799 31.904010 105.977400
v -0.000003 29.495490 104.415900
v 0.755107 29.764150 103.665400
v -0.000003 29.726240 105.718200
v -0.000728 29.799260 100.372100
v -0.000253 29.821020 100.074700
v -0.000727 29.876020 100.449100
v 1.348022 31.448100 99.460040
v 1.307737 30.258170 102.951900
v 1.368812 30.260860 102.105700
v 0.407770 29.915810 102.160000
v 0.558262 30.036850 102.970600
v 2.413220 31.265780 103.344000
v 2.186357 30.810940 102.202800
v 2.686561 32.196670 103.399500
v 2.778274 32.772060 104.914300
v 0.989239 30.142650 100.948200
v 1.832579 30.669200 101.484000
v -0.000006 30.553340 107.120500
v -0.000004 29.657330 103.027000
v -0.000004 29.582100 103.549500
v 1.022705 30.664670 99.692980
v -0.000971 30.029360 99.918510
v -0.379644 30.117650 99.577060
v 0.000087 30.066470 99.796560
v -0.346612 30.185920 99.886630
v -0.667627 30.616640 99.048330
v -0.291971 29.742140 100.644400
v -0.000727 29.876020 100.449100
v -0.001610 29.595540 100.613000
v -0.309862 29.919810 100.505700
v -2.296748 33.949210 101.587100
v -2.266724 32.610200 100.609900
v -2.504784 33.201430 101.592300
v -1.563200 33.257230 100.338500
v -1.739131 31.230780 100.309000
v -1.916744 32.173400 100.086400
v -2.074405 31.617930 100.975500
v -0.370717 29.914900 100.096200
v -0.843286 30.205850 100.485800
v -1.397474 30.517700 100.499500
v -2.576709 31.921960 102.218200
v -2.801785 33.442250 103.304300
v -3.275477 34.441420 102.331200
v -2.504784 33.201430 101.592300
v -2.801785 33.442250 103.304300
v -2.826941 33.927080 101.519400
v -2.296748 33.949210 101.587100
v -2.504784 33.201430 101.592300
v -2.826941 33.927080 101.519400
v -2.665854 34.198310 102.814000
v -3.275477 34.441420 102.331200
v -3.165552 33.962060 103.636500
v -3.532844 34.632620 103.507500
v -2.665854 34.198310 102.814000
v -3.165552 33.962060 103.636500
v -2.801785 33.442250 103.304300
v -3.532844 34.632620 103.507500
v -0.000194 29.060230 101.539000
v -0.107938 29.310140 101.296300
v -0.000071 29.254420 101.296900
v -0.215931 29.171680 101.537800
v -0.260901 29.665640 100.811000
v -2.155681 30.542770 103.860300
v -1.992135 30.650220 103.179400
v -1.615694 30.060490 104.043300
v -1.326949 30.177430 103.522600
v -0.661302 29.946550 101.424000
v -1.356210 30.130970 105.610100
v -2.244032 30.880520 105.105900
v -1.337455 30.971510 106.936500
v -2.446813 31.904010 105.977400
v -0.755115 29.764150 103.665400
v -1.348026 31.448100 99.460030
v -0.558271 30.036850 102.970600
v -0.193857 29.499490 102.218200
v -1.368822 30.260860 102.105700
v -1.307743 30.258170 102.951900
v -0.547546 30.249920 99.280680
v -0.407773 29.915810 102.160000
v -2.186367 30.810930 102.202800
v -2.413229 31.265770 103.344000
v -2.686573 32.196670 103.399500
v -2.778289 32.772060 104.914300
v -0.989243 30.142640 100.909100
v -1.819223 30.667960 101.460500
v -0.000004 29.582100 103.549500
v -1.024158 30.664660 99.692980
v 0.000257 29.060670 101.724300
v -0.219725 29.175280 101.752600
v 0.441462 29.557170 101.697600
v 0.190874 29.496650 102.236000
v 0.000325 29.372030 102.244100
v 0.000325 29.372030 102.244100
v 0.216176 29.172250 101.771500
v 0.212107 29.168280 101.559000
v -0.443210 29.559030 101.686000
v -0.416803 29.520250 101.477700
v 0.106081 29.308450 101.306900
vt 0.142403 0.081641 0.000000
vt 0.040669 0.112398 0.000000
vt 0.040539 0.069974 0.000000
vt 0.110043 0.120114 0.000000
vt 0.391975 0.020168 0.000000
vt 0.186449 0.054858 0.000000
vt 0.040173 0.038196 0.000000
vt 0.085075 0.308441 0.000000
vt 0.038649 0.271338 0.000000
vt 0.098613 0.281304 0.000000
vt 0.038643 0.300047 0.000000
vt 0.653169 0.262784 0.000000
vt 0.823570 0.307139 0.000000
vt 0.755097 0.396042 0.000000
vt 0.716432 0.192385 0.000000
vt 0.426876 0.217757 0.000000
vt 0.458275 0.153466 0.000000
vt 0.552767 0.334289 0.000000
vt 0.208633 0.259874 0.000000
vt 0.106034 0.254166 0.000000
vt 0.116348 0.203685 0.000000
vt 0.118084 0.171496 0.000000
vt 0.326646 0.264767 0.000000
vt 0.638507 0.466502 0.000000
vt 0.812758 0.601472 0.000000
vt 0.753285 0.108731 0.000000
vt 0.927283 0.093680 0.000000
vt 0.820604 0.252936 0.000000
vt 0.812485 0.065275 0.000000
vt 0.812485 0.065275 0.000000
vt 0.753285 0.108731 0.000000
vt 0.771903 0.046442 0.000000
vt 0.952988 0.067103 0.000000
vt 0.927283 0.093680 0.000000
vt 0.900396 0.255621 0.000000
vt 0.959772 0.231500 0.000000
vt 0.820604 0.252936 0.000000
vt 0.900396 0.255621 0.000000
vt 0.938775 0.305225 0.000000
vt 0.959772 0.231500 0.000000
vt 0.040555 0.363842 0.000000
vt 0.163772 0.412604 0.000000
vt 0.127825 0.421565 0.000000
vt 0.321669 0.669012 0.000000
vt 0.452285 0.627342 0.000000
vt 0.363162 0.739705 0.000000
vt 0.468266 0.726467 0.000000
vt 0.529126 0.879147 0.000000
vt 0.292726 0.919202 0.000000
vt 0.279598 0.976500 0.000000
vt 0.621414 0.965004 0.000000
vt 0.040768 0.773900 0.000000
vt 0.209126 0.683264 0.000000
vt 0.040561 0.913483 0.000000
vt 0.038638 0.227110 0.000000
vt 0.040550 0.203787 0.000000
vt 0.038655 0.240019 0.000000
vt 0.327590 0.100333 0.000000
vt 0.322020 0.589355 0.000000
vt 0.313084 0.459295 0.000000
vt 0.145650 0.500967 0.000000
vt 0.175579 0.582818 0.000000
vt 0.565285 0.644235 0.000000
vt 0.491813 0.470477 0.000000
vt 0.691242 0.657384 0.000000
vt 0.780011 0.782308 0.000000
vt 0.242240 0.332995 0.000000
vt 0.423928 0.371357 0.000000
vt 0.040554 0.982192 0.000000
vt 0.039042 0.581733 0.000000
vt 0.040750 0.656267 0.000000
vt 0.244761 0.142628 0.000000
vt 0.040674 0.181488 0.000000
vt 0.110059 0.120086 0.000000
vt 0.040799 0.159190 0.000000
vt 0.118117 0.171441 0.000000
vt 0.186449 0.054858 0.000000
vt 0.098682 0.281164 0.000000
vt 0.037378 0.240114 0.000000
vt 0.038011 0.271386 0.000000
vt 0.105865 0.254234 0.000000
vt 0.823570 0.307139 0.000000
vt 0.653169 0.262784 0.000000
vt 0.755097 0.396042 0.000000
vt 0.716432 0.192385 0.000000
vt 0.427315 0.219733 0.000000
vt 0.457778 0.153457 0.000000
vt 0.552747 0.334230 0.000000
vt 0.116478 0.203466 0.000000
vt 0.208633 0.259874 0.000000
vt 0.326691 0.265276 0.000000
vt 0.638507 0.466502 0.000000
vt 0.812758 0.601472 0.000000
vt 0.927283 0.093680 0.000000
vt 0.753285 0.108731 0.000000
vt 0.820604 0.252936 0.000000
vt 0.812485 0.065275 0.000000
vt 0.771903 0.046442 0.000000
vt 0.753285 0.108731 0.000000
vt 0.812485 0.065275 0.000000
vt 0.952988 0.067103 0.000000
vt 0.927283 0.093680 0.000000
vt 0.900396 0.255621 0.000000
vt 0.959772 0.231500 0.000000
vt 0.938775 0.305225 0.000000
vt 0.900396 0.255621 0.000000
vt 0.820604 0.252936 0.000000
vt 0.959772 0.231500 0.000000
vt 0.038279 0.419441 0.000000
vt 0.066217 0.397184 0.000000
vt 0.039417 0.391642 0.000000
vt 0.089619 0.429020 0.000000
vt 0.085381 0.308094 0.000000
vt 0.468266 0.726467 0.000000
vt 0.452285 0.627342 0.000000
vt 0.363162 0.739705 0.000000
vt 0.321669 0.669012 0.000000
vt 0.163772 0.412604 0.000000
vt 0.292726 0.919202 0.000000
vt 0.529126 0.879147 0.000000
vt 0.279598 0.976500 0.000000
vt 0.621414 0.965004 0.000000
vt 0.208925 0.683237 0.000000
vt 0.327342 0.100329 0.000000
vt 0.176883 0.582112 0.000000
vt 0.086617 0.524158 0.000000
vt 0.313084 0.459295 0.000000
vt 0.322020 0.589355 0.000000
vt 0.142403 0.081641 0.000000
vt 0.146140 0.503032 0.000000
vt 0.491813 0.470477 0.000000
vt 0.565285 0.644235 0.000000
vt 0.691242 0.657384 0.000000
vt 0.780011 0.782308 0.000000
vt 0.242240 0.332995 0.000000
vt 0.423843 0.374814 0.000000
vt 0.039850 0.656798 0.000000
vt 0.244980 0.143616 0.000000
vt 0.036605 0.447214 0.000000
vt 0.084668 0.455324 0.000000
vt 0.128739 0.433964 0.000000
vt 0.086617 0.524158 0.000000
vt 0.037759 0.516705 0.000000
vt 0.038507 0.516805 0.000000
vt 0.084668 0.455324 0.000000
vt 0.089619 0.429020 0.000000
vt 0.128739 0.433964 0.000000
vt 0.127825 0.421565 0.000000
vt 0.066217 0.397184 0.000000
usemtl Material_1
f 1/1 2/2 3/3
f 2/2 1/1 4/4
f 5/5 6/6 7/7
f 8/8 9/9 10/10
f 9/9 8/8 11/11
f 12/12 13/13 14/14
f 13/13 12/12 15/15
f 12/12 16/16 17/17
f 16/16 12/12 18/18
f 19/19 20/20 21/21
f 19/19 22/22 23/23
f 22/22 19/19 21/21
f 24/24 18/18 12/12
f 25/25 24/24 14/14
f 26/26 27/27 28/28
f 27/27 26/26 29/29
f 30/30 31/31 32/32
f 30/30 33/33 34/34
f 33/33 30/30 32/32
f 35/35 27/27 36/36
f 27/27 35/35 28/28
f 37/37 38/38 39/39
f 40/40 34/34 33/33
f 38/38 40/40 39/39
f 41/41 42/42 43/43
f 19/19 8/8 10/10
f 44/44 45/45 46/46
f 47/47 46/46 45/45
f 42/42 41/41 8/8
f 41/41 11/11 8/8
f 46/46 48/48 49/49
f 48/48 50/50 49/49
f 50/50 48/48 51/51
f 49/49 52/52 53/53
f 52/52 49/49 54/54
f 55/55 21/21 20/20
f 56/56 21/21 55/55
f 57/57 55/55 20/20
f 17/17 16/16 58/58
f 59/59 60/60 45/45
f 7/7 1/1 3/3
f 1/1 7/7 6/6
f 53/53 46/46 49/49
f 61/61 42/42 60/60
f 59/59 61/61 60/60
f 61/61 59/59 62/62
f 44/44 46/46 53/53
f 63/63 45/45 64/64
f 59/59 45/45 44/44
f 24/24 63/63 64/64
f 63/63 24/24 65/65
f 66/66 48/48 65/65
f 48/48 66/66 51/51
f 24/24 64/64 18/18
f 23/23 67/67 19/19
f 42/42 67/67 60/60
f 8/8 67/67 42/42
f 19/19 67/67 8/8
f 67/67 68/68 60/60
f 68/68 67/67 23/23
f 69/69 49/49 50/50
f 49/49 69/69 54/54
f 45/45 63/63 47/47
f 70/70 62/62 71/71
f 44/44 62/62 59/59
f 65/65 47/47 63/63
f 47/47 65/65 48/48
f 25/25 66/66 65/65
f 65/65 24/24 25/25
f 16/16 18/18 68/68
f 53/53 52/52 71/71
f 62/62 44/44 53/53
f 62/62 53/53 71/71
f 46/46 47/47 48/48
f 17/17 15/15 12/12
f 6/6 5/5 58/58
f 72/72 16/16 23/23
f 56/56 22/22 21/21
f 22/22 56/56 73/73
f 45/45 60/60 64/64
f 74/74 75/75 76/76
f 75/75 74/74 2/2
f 7/7 77/77 5/5
f 78/78 79/79 80/80
f 79/79 78/78 81/81
f 82/82 83/83 84/84
f 83/83 82/82 85/85
f 86/86 83/83 87/87
f 83/83 86/86 88/88
f 89/89 81/81 90/90
f 76/76 90/90 91/91
f 92/92 84/84 83/83
f 84/84 92/92 93/93
f 94/94 95/95 96/96
f 95/95 94/94 97/97
f 98/98 99/99 100/100
f 101/101 100/100 102/102
f 100/100 101/101 98/98
f 94/94 103/103 104/104
f 103/103 94/94 96/96
f 105/105 106/106 107/107
f 101/101 102/102 108/108
f 105/105 108/108 106/106
f 109/109 110/110 111/111
f 110/110 109/109 112/112
f 78/78 113/113 90/90
f 114/114 115/115 116/116
f 117/117 116/116 115/115
f 113/113 41/41 118/118
f 113/113 11/11 41/41
f 119/119 120/120 116/116
f 121/121 120/120 119/119
f 120/120 121/121 122/122
f 52/52 119/119 123/123
f 119/119 52/52 54/54
f 81/81 89/89 55/55
f 55/55 89/89 56/56
f 81/81 55/55 79/79
f 87/87 124/124 86/86
f 70/70 125/125 126/126
f 115/115 127/127 128/128
f 129/129 7/7 3/3
f 7/7 129/129 77/77
f 119/119 116/116 123/123
f 127/127 118/118 130/130
f 130/130 128/128 127/127
f 128/128 130/130 125/125
f 123/123 116/116 117/117
f 131/131 115/115 132/132
f 117/117 115/115 128/128
f 132/132 92/92 131/131
f 92/92 132/132 133/133
f 120/120 134/134 133/133
f 134/134 120/120 122/122
f 88/88 131/131 92/92
f 90/90 135/135 91/91
f 127/127 135/135 118/118
f 118/118 135/135 113/113
f 113/113 135/135 90/90
f 127/127 131/131 136/136
f 119/119 69/69 121/121
f 69/69 119/119 54/54
f 114/114 132/132 115/115
f 137/137 125/125 70/70
f 128/128 125/125 117/117
f 114/114 133/133 132/132
f 133/133 114/114 120/120
f 133/133 134/134 93/93
f 93/93 92/92 133/133
f 131/131 88/88 136/136
f 137/137 52/52 123/123
f 123/123 117/117 125/125
f 137/137 123/123 125/125
f 120/120 114/114 116/116
f 83/83 85/85 87/87
f 5/5 87/87 85/85
f 87/87 5/5 124/124
f 91/91 86/86 138/138
f 76/76 75/75 73/73
f 89/89 90/90 76/76
f 131/131 127/127 115/115
f 72/72 6/6 58/58
f 6/6 72/72 1/1
f 77/77 138/138 124/124
f 138/138 77/77 129/129
f 5/5 17/17 58/58
f 17/17 5/5 15/15
f 124/124 5/5 77/77
f 72/72 4/4 1/1
f 4/4 72/72 22/22
f 138/138 74/74 76/76
f 74/74 138/138 129/129
f 72/72 23/23 22/22
f 91/91 138/138 76/76
f 125/125 130/130 126/126
f 139/139 112/112 109/109
f 112/112 139/139 140/140
f 43/43 42/42 141/141
f 142/142 70/70 143/143
f 126/126 144/144 70/70
f 143/143 145/145 142/142
f 145/145 143/143 139/139
f 142/142 62/62 70/70
f 144/144 140/140 139/139
f 140/140 144/144 126/126
f 139/139 146/146 145/145
f 146/146 139/139 109/109
f 147/147 118/118 148/148
f 141/141 42/42 61/61
f 126/126 130/130 147/147
f 142/142 61/61 62/62
f 60/60 68/68 64/64
f 68/68 18/18 64/64
f 136/136 135/135 127/127
f 135/135 136/136 91/91
f 136/136 88/88 86/86
f 92/92 83/83 88/88
f 24/24 12/12 14/14
f 16/16 68/68 23/23
f 136/136 86/86 91/91
f 109/109 149/149 146/146
f 149/149 109/109 111/111
f 148/148 110/110 112/112
f 110/110 148/148 41/41
f 58/58 16/16 72/72
f 86/86 124/124 138/138
f 145/145 43/43 141/141
f 43/43 145/145 146/146
f 140/140 148/148 112/112
f 148/148 140/140 147/147
f 43/43 149/149 41/41
f 149/149 43/43 146/146
f 41/41 148/148 118/118
f 126/126 147/147 140/140
f 141/141 142/142 145/145
f 141/141 61/61 142/142
f 147/147 130/130 118/118
f 111/111 110/110 41/41
f 149/149 111/111 41/41
f 22/22 73/73 75/75
f 73/73 89/89 76/76
f 89/89 73/73 56/56
f 4/4 75/75 2/2
f 75/75 4/4 22/22
f 129/129 2/2 74/74
f 2/2 129/129 3/3
f 10/10 57/57 20/20
f 57/57 10/10 9/9
f 113/113 80/80 11/11
f 80/80 113/113 78/78
f 19/19 10/10 20/20
f 78/78 90/90 81/81

g tw_mount_anxinchonglang_01
v -3.290043 38.232750 77.000500
v -2.640186 36.981030 79.475370
v -0.000009 38.378090 77.105330
v -0.000008 37.048470 79.543520
v -4.845963 35.610610 79.166700
v -6.074939 35.947090 76.551470
v -5.292310 30.634710 78.127190
v -6.055761 30.393410 75.430360
v -3.687680 29.535720 77.865430
v -3.953066 29.127950 75.134770
v -6.082773 32.437110 78.388940
v -0.000007 28.855930 74.770000
v -0.000007 28.904850 77.583210
v -4.102269 28.302720 92.014750
v -2.619311 27.922050 91.915020
v -3.676365 29.620580 92.937910
v -1.762048 29.078600 92.731480
v -5.140130 33.695670 87.698700
v -5.592278 34.974700 90.009250
v -2.686284 36.429230 87.636210
v -2.831133 37.637930 90.469120
v -0.000009 36.340920 87.582080
v -0.000009 37.522720 90.441670
v -5.331557 32.289510 79.991350
v -4.193896 32.363860 82.684340
v -3.584087 35.262080 80.653120
v -2.725069 34.564900 82.980320
v -4.415459 32.915940 85.044690
v -2.636405 35.034130 85.175420
v -4.970812 32.824530 93.562740
v -5.654256 35.260100 90.992180
v -5.338542 32.711780 91.017810
v -0.000009 36.530910 102.672600
v -0.000008 35.964450 100.915400
v -1.838115 35.397350 102.805600
v -1.598980 34.730630 100.708000
v -4.747334 30.787530 79.707230
v -3.119703 29.434540 79.423120
v -3.591749 30.605010 82.659200
v -2.186838 29.169180 82.634060
v -7.472476 37.160450 93.553430
v -5.746109 37.610800 94.035050
v -7.928286 37.197260 90.942270
v -6.433229 37.225840 90.731090
v -0.000008 35.091430 82.943210
v -0.000009 36.185670 80.758800
v -7.878180 35.177970 83.048760
v -8.065706 36.831150 84.118480
v -5.654256 35.260100 90.992180
v -9.533237 36.808970 84.704800
v -9.913150 35.531780 85.695220
v -8.843663 35.395760 90.765520
v -9.448234 33.876680 85.042010
v -9.957696 34.054810 83.612080
v -8.125252 33.917460 84.618000
v -8.574586 34.143230 83.158500
v -9.968419 37.005200 83.682920
v -8.407497 37.046890 83.073910
v -7.846225 33.672270 90.960560
v -9.303603 33.392450 80.626380
v -8.572136 34.776660 80.082660
v -7.878180 35.177970 83.048760
v -10.717210 35.528920 83.999510
v -10.255920 36.782980 82.813580
v -11.703410 34.847940 81.541240
v -10.959770 36.496720 80.938840
v -6.347457 33.399710 91.133390
v -5.654256 35.260100 90.992180
v -10.779530 33.228940 81.326380
v -9.289605 36.512310 80.305000
v -8.698608 36.814900 82.228440
v -8.572136 34.776660 80.082660
v -0.000008 35.190870 84.976360
v -2.498690 27.378720 90.740250
v -4.241457 27.817220 90.637210
v -0.000009 36.454430 98.077420
v -4.922368 37.050520 95.636490
v -1.813711 35.056750 98.067590
v -5.171148 35.136230 96.095490
v -13.232790 34.735490 73.013110
v -12.339920 34.740760 72.779940
v -14.386760 34.893180 69.975830
v -13.636010 34.865710 69.722470
v -15.052390 33.028890 70.199140
v -13.515010 33.559990 73.306560
v -14.234860 31.242650 70.307540
v -12.886590 32.243520 73.359030
v -12.409420 31.129480 71.906080
v -12.466790 30.499560 70.566970
v -11.633470 31.780050 71.532850
v -11.644130 31.224070 70.414130
v -13.273450 31.422910 70.064870
v -12.943570 31.090710 69.101660
v -12.461190 30.209060 69.450730
v -12.943570 31.090710 69.101660
v -13.273450 31.422910 70.064870
v -11.839930 30.903570 69.331390
v -11.644130 31.224070 70.414130
v -12.890480 30.837680 68.103900
v -12.614930 30.176980 67.923000
v -12.890480 30.837680 68.103900
v -12.140100 30.592900 68.002820
v -14.480820 34.453390 67.772970
v -13.904070 34.491890 67.954810
v -15.020700 32.709260 67.574080
v -12.972360 34.216820 66.231990
v -12.783720 34.359510 66.595310
v -12.955960 32.578570 65.762680
v -14.242630 31.131650 67.702310
v -13.586870 31.206480 67.915060
v -12.676210 31.283540 66.163970
v -12.345430 31.277820 66.460560
v -13.586870 31.206480 67.915060
v -12.345430 31.277820 66.460560
v -12.955960 32.578570 65.762680
v -12.972360 34.216820 66.231990
v -12.140100 30.592900 68.002820
v -11.839930 30.903570 69.331390
v -11.838430 32.711590 73.884600
v -12.699080 32.660140 74.194270
v -12.009090 32.291910 73.127850
v -12.886590 32.243520 73.359030
v -13.155930 33.683760 74.195360
v -12.842260 34.688190 73.919920
v -13.515010 33.559990 73.306560
v -13.232790 34.735490 73.013110
v -11.705460 33.617200 72.726920
v -11.379780 33.794110 73.626190
v -12.339920 34.740760 72.779940
v -11.920850 34.674910 73.660020
v -11.705460 33.617200 72.726920
v -11.379780 33.794110 73.626190
v -10.685690 35.512030 76.929050
v -10.083240 34.285610 76.818130
v -10.589890 33.129360 77.165440
v -11.667750 33.028610 77.602600
v -12.398620 34.267300 77.696100
v -11.807780 35.510960 77.316020
v -5.292310 30.634710 78.127190
v -3.687680 29.535720 77.865430
v -6.082773 32.437110 78.388940
v -4.845963 35.610610 79.166700
v -6.268165 36.501080 46.824100
v -5.246359 35.059280 52.617260
v -4.179075 37.883640 46.974850
v -3.748842 35.938020 52.723190
v -2.275026 35.034160 52.360730
v -2.125331 36.477650 46.464920
v -1.850346 32.850910 51.598160
v -1.692505 33.721880 45.878520
v -6.544236 34.173390 46.222090
v -5.698483 33.019800 51.656290
v -7.410262 32.335030 73.047740
v -6.534043 36.015610 72.176050
v -7.595333 32.138180 69.427540
v -6.700441 35.995320 68.969120
v -7.439379 31.941210 65.317540
v -6.324479 29.552460 69.541920
v -6.210334 29.238820 65.822340
v -4.049961 37.264510 71.107620
v -0.000008 32.507290 70.642270
v -0.000006 29.877430 72.388630
v -0.746865 32.529170 70.857220
v -1.769013 30.030080 72.721790
v -1.769013 30.030080 72.721790
v -1.641371 29.631380 68.910010
v -0.571756 32.724960 68.575350
v -3.688568 38.468220 73.130490
v -1.817265 34.468840 55.962670
v -3.611114 35.392620 56.253430
v -2.921164 30.283190 53.534210
v -2.120081 29.720430 56.390470
v -4.595387 30.277260 53.499840
v -4.751983 29.639340 56.416650
v -5.169730 34.431490 56.038410
v -5.743312 32.267300 55.074730
v -6.778811 32.104320 60.282680
v -5.613080 29.487850 60.902720
v -3.541723 28.744510 61.345510
v -1.753077 29.971200 61.788300
v -3.788676 36.263270 60.833590
v -5.925697 35.093550 60.741950
v -1.777766 35.294080 61.149360
v -1.244399 36.119150 66.652760
v -1.040878 32.471920 62.633230
v -0.571756 32.724960 68.575350
v -6.510015 35.755550 65.762190
v -1.040878 32.471920 62.633230
v -1.016133 32.218700 57.007820
v -6.274263 36.697360 44.222580
v -4.199450 37.971530 44.361370
v -1.902790 34.298290 43.027640
v -1.692505 33.721880 45.878520
v -3.492275 32.858090 44.464990
v -6.377679 34.502150 43.837920
v -5.179865 32.951210 44.723890
v -2.242277 36.523300 43.677410
v -1.902790 34.298290 43.027640
v -5.149484 32.214170 89.331090
v -4.534782 30.689950 88.073840
v -5.138783 29.872290 89.415010
v -3.387039 28.999750 87.905940
v -4.183102 28.111190 89.225950
v -1.563754 28.259750 88.183640
v -2.089554 27.541950 89.261760
v -3.518320 33.906020 96.015540
v -5.171148 35.136230 96.095490
v -4.995128 33.302970 95.187390
v -4.300477 32.160490 94.220350
v -2.555512 28.555740 85.529590
v -2.447876 38.261420 94.518890
v -4.946188 37.698960 94.209400
v -0.000007 32.423900 99.254990
v -1.563200 33.257230 100.338500
v -1.479041 33.678030 97.205730
v -1.813711 35.056750 98.067590
v -2.816389 31.146140 94.287190
v -4.853341 31.011580 92.572210
v -0.000007 30.212330 93.101640
v -0.000008 28.311210 89.840090
v -0.484370 28.353900 89.396270
v -0.000007 28.300550 88.268240
v -0.000007 28.494650 83.155140
v -5.100837 29.327260 91.161320
v -6.494445 33.514630 94.944500
v -4.995128 33.302970 95.187390
v -5.171148 35.136230 96.095490
v -4.922368 37.050520 95.636490
v -6.900754 35.155740 95.604540
v -4.946188 37.698960 94.209400
v -2.665854 34.198310 102.814000
v -0.000009 36.454430 98.077420
v -3.906676 30.269610 85.575780
v -2.296748 33.949210 101.587100
v -8.515596 35.267520 92.956500
v -8.016117 35.256680 94.537740
v -6.689970 37.075530 94.909210
v -7.557808 33.606780 93.405580
v -6.021272 33.180550 93.559630
v -0.000009 37.836790 94.032060
v -0.755270 28.953480 91.802690
v -0.000007 28.790430 78.883130
v -1.121255 28.067310 90.775350
v -0.000007 28.243350 86.282590
v -0.477046 28.715480 90.773470
v -0.000007 28.696780 90.705840
v -4.970812 32.824530 93.562740
v -0.000008 32.975010 96.689330
v -11.993060 33.418560 71.634810
v -12.009090 32.291910 73.127850
v -11.705460 33.617200 72.726920
v -11.705460 33.617200 72.726920
v -11.633470 31.780050 71.532850
v -12.614930 30.176980 67.923000
v -12.676210 31.283540 66.163970
v -10.083240 34.285610 76.818130
v -0.000008 37.048470 79.543520
v -2.640186 36.981030 79.475370
v -4.752057 31.808890 51.028100
v -5.179865 32.951210 44.723890
v -3.373372 31.801300 51.032880
v -3.492275 32.858090 44.464990
v -1.850346 32.850910 51.598160
v -6.200738 29.982340 72.791940
v -1.415762 36.142030 70.358470
v -3.871740 28.686990 69.225970
v -3.814204 29.236850 72.756860
v -6.200738 29.982340 72.791940
v -0.000008 32.507290 70.642270
v -0.000008 35.832440 71.195450
v -0.000009 37.778180 72.668630
v -3.814204 29.236850 72.756860
v -6.952199 32.362060 75.725950
v -1.204908 32.117290 54.727410
v -1.204908 32.117290 54.727410
v -0.746865 32.529170 70.857220
v -1.016133 32.218700 57.007820
v -0.000007 28.904850 77.583210
v -6.334431 28.515440 26.722370
v -1.793735 28.428680 26.722310
v -5.567688 26.518770 26.722350
v -3.835378 25.593960 26.722330
v -1.778277 30.885180 26.722300
v -6.362514 31.191640 26.722380
v -5.645099 33.963550 26.753240
v -5.076885 36.670090 26.698040
v -2.238234 33.962490 26.753190
v -2.502797 36.392360 26.698010
v -2.601252 34.425090 37.439640
v -3.662479 33.378420 37.593540
v -3.492275 32.858090 44.464990
v -5.481080 35.767370 37.621770
v -5.594342 34.426620 37.634900
v -3.531000 37.287890 26.698060
v -2.601252 34.425090 37.439640
v -2.665785 34.575560 32.238380
v -2.694848 35.875910 37.575190
v -3.916795 36.352520 32.588070
v -5.189140 34.675100 32.325110
v -2.633395 26.026700 26.722310
v -5.558471 32.856210 29.635810
v -5.922553 30.858180 28.725740
v -3.964411 31.520730 30.876130
v -3.714670 30.233700 29.833590
v -5.863609 28.789080 28.074430
v -6.334431 28.515440 26.722370
v -5.237243 26.953420 27.977550
v -5.567688 26.518770 26.722350
v -3.835378 25.593960 26.722330
v -3.519160 26.087660 27.986240
v -6.362514 31.191640 26.722380
v -3.523124 28.734410 28.983400
v -2.111193 30.343700 29.111960
v -2.318759 32.611210 29.836850
v -3.466050 37.261280 29.912690
v -3.496315 37.236550 28.240030
v -4.826377 36.526260 29.695800
v -5.009920 36.599600 28.131520
v -2.502797 36.392360 26.698010
v -3.531000 37.287890 26.698060
v -2.441040 36.292240 28.091710
v -5.076885 36.670090 26.698040
v -2.382754 36.273770 29.616360
v -4.316999 33.017560 32.357320
v -5.189140 34.675100 32.325110
v -1.778277 30.885180 26.722300
v -1.793735 28.428680 26.722310
v -5.645099 33.963550 26.753240
v -3.916795 36.352520 32.588070
v -5.530184 34.891620 29.564590
v -2.665785 34.575560 32.238380
v -2.138621 34.817860 29.461450
v -2.238234 33.962490 26.753190
v -3.563746 32.982430 32.349490
v -2.041495 28.720340 28.091240
v -2.729766 26.465410 27.994930
v -2.633395 26.026700 26.722310
v -4.049804 37.133940 65.730450
v -1.730139 29.648970 65.976860
v -3.795204 28.401580 65.899600
v -2.665785 34.575560 32.238380
v -3.563746 32.982430 32.349490
v -4.316999 33.017560 32.357320
v -4.713892 33.411330 37.663830
v -3.999357 36.712010 37.786880
v -5.179865 32.951210 44.723890
v -6.952199 32.362060 75.725950
v -6.082773 32.437110 78.388940
v -7.410262 32.335030 73.047740
v 3.290026 38.232750 77.000500
v 2.640169 36.981030 79.475370
v 4.845948 35.610610 79.166700
v 6.074923 35.947090 76.551470
v 5.292296 30.634710 78.127200
v 3.687665 29.535720 77.865440
v 6.055746 30.393400 75.430360
v 3.953050 29.127950 75.134770
v 6.082758 32.437110 78.388940
v 4.102254 28.302720 92.014750
v 3.676348 29.620580 92.937910
v 2.619297 27.922050 91.915020
v 1.762033 29.078600 92.731480
v 5.140114 33.695680 87.698700
v 2.686266 36.429230 87.636210
v 5.592261 34.974700 90.009250
v 2.831115 37.637930 90.469120
v 5.331541 32.289510 79.991350
v 3.584070 35.262080 80.653120
v 4.193880 32.363860 82.684340
v 2.725052 34.564900 82.980320
v 4.415443 32.915940 85.044690
v 2.636389 35.034130 85.175420
v 4.970797 32.824530 93.562740
v 5.338524 32.711780 91.017810
v 5.654241 35.260110 90.992180
v 1.838098 35.397350 102.805600
v 1.598963 34.730630 100.708000
v 4.747317 30.787530 79.707240
v 3.591734 30.605010 82.659200
v 3.119689 29.434540 79.423120
v 2.186823 29.169180 82.634060
v 7.472458 37.160450 93.553430
v 7.928269 37.197260 90.942270
v 5.746091 37.610800 94.035050
v 6.433211 37.225840 90.731090
v 7.878162 35.177970 83.048770
v 5.654241 35.260110 90.992180
v 8.065687 36.831150 84.118480
v 9.533222 36.808980 84.704800
v 9.913134 35.531790 85.695220
v 8.843647 35.395760 90.765520
v 9.448217 33.876690 85.042010
v 8.125237 33.917470 84.618000
v 9.957679 34.054820 83.612080
v 8.574569 34.143230 83.158500
v 9.968401 37.005210 83.682920
v 8.407478 37.046890 83.073910
v 7.846208 33.672280 90.960560
v 9.303586 33.392460 80.626380
v 8.572121 34.776660 80.082660
v 7.878162 35.177970 83.048770
v 10.717190 35.528920 83.999510
v 11.703390 34.847940 81.541240
v 10.255900 36.782990 82.813580
v 10.959760 36.496730 80.938840
v 6.347439 33.399720 91.133390
v 5.654241 35.260110 90.992180
v 10.779520 33.228950 81.326390
v 9.289588 36.512310 80.305000
v 8.698588 36.814900 82.228440
v 8.572121 34.776660 80.082660
v 2.498674 27.378720 90.740250
v 4.241443 27.817220 90.637210
v 1.813694 35.056750 98.067590
v 4.922347 37.050530 95.636490
v 5.171130 35.136230 96.095490
v 13.232780 34.735490 73.013110
v 14.386740 34.893180 69.975840
v 12.339900 34.740770 72.779940
v 13.635990 34.865720 69.722480
v 15.052380 33.028900 70.199130
v 13.514990 33.560000 73.306550
v 14.234850 31.242660 70.307540
v 12.886570 32.243530 73.359040
v 12.409400 31.129480 71.906070
v 11.633450 31.780050 71.532850
v 12.466780 30.499560 70.566970
v 11.644110 31.224080 70.414130
v 13.273440 31.422910 70.064870
v 12.943550 31.090710 69.101670
v 12.461170 30.209060 69.450730
v 12.943550 31.090710 69.101670
v 11.839910 30.903580 69.331390
v 13.273440 31.422910 70.064870
v 11.644110 31.224080 70.414130
v 12.890460 30.837690 68.103910
v 12.614910 30.176990 67.923000
v 12.890460 30.837690 68.103910
v 12.140090 30.592910 68.002820
v 14.480800 34.453400 67.772970
v 13.904060 34.491900 67.954810
v 15.020680 32.709270 67.574080
v 12.972340 34.216820 66.231990
v 12.783700 34.359520 66.595310
v 12.955950 32.578580 65.762670
v 14.242610 31.131660 67.702320
v 13.586850 31.206490 67.915060
v 12.676190 31.283550 66.163980
v 12.345410 31.277820 66.460560
v 13.586850 31.206490 67.915060
v 12.345410 31.277820 66.460560
v 12.955950 32.578580 65.762670
v 12.972340 34.216820 66.231990
v 12.140090 30.592910 68.002820
v 11.839910 30.903580 69.331390
v 11.838420 32.711600 73.884600
v 12.009070 32.291920 73.127850
v 12.699070 32.660150 74.194270
v 12.886570 32.243530 73.359040
v 13.155920 33.683760 74.195350
v 13.514990 33.560000 73.306550
v 12.842240 34.688200 73.919920
v 13.232780 34.735490 73.013110
v 11.705440 33.617210 72.726920
v 11.379770 33.794110 73.626190
v 12.339900 34.740770 72.779940
v 11.705440 33.617210 72.726920
v 11.920830 34.674920 73.660020
v 11.379770 33.794110 73.626190
v 10.685680 35.512040 76.929050
v 10.083220 34.285610 76.818130
v 10.589870 33.129370 77.165440
v 11.667740 33.028610 77.602600
v 12.398600 34.267300 77.696100
v 11.807770 35.510960 77.316010
v 5.292296 30.634710 78.127200
v 3.687665 29.535720 77.865440
v 6.082758 32.437110 78.388940
v 4.845948 35.610610 79.166700
v 6.268148 36.501090 46.824100
v 4.179058 37.883640 46.974850
v 5.246341 35.059280 52.617260
v 3.748825 35.938020 52.723180
v 2.275010 35.034160 52.360730
v 2.125315 36.477650 46.464920
v 1.850330 32.850910 51.598160
v 1.692490 33.721880 45.878520
v 6.544221 34.173390 46.222100
v 5.698468 33.019810 51.656290
v 7.410244 32.335030 73.047740
v 7.595316 32.138180 69.427540
v 6.534027 36.015620 72.176050
v 6.700425 35.995320 68.969120
v 6.324464 29.552460 69.541920
v 7.439363 31.941210 65.317540
v 6.210317 29.238820 65.822340
v 4.049944 37.264510 71.107620
v 0.746850 32.529170 70.857220
v 1.768998 30.030080 72.721790
v 1.641355 29.631380 68.910010
v 0.571740 32.724960 68.575350
v 3.688551 38.468220 73.130490
v 1.817249 34.468840 55.962670
v 3.611098 35.392630 56.253430
v 2.921149 30.283190 53.534200
v 4.595371 30.277260 53.499840
v 2.120066 29.720430 56.390460
v 4.751966 29.639350 56.416660
v 5.169713 34.431500 56.038410
v 5.743296 32.267300 55.074730
v 6.778795 32.104320 60.282680
v 5.613063 29.487850 60.902720
v 1.753061 29.971200 61.788300
v 3.541707 28.744510 61.345510
v 3.788660 36.263270 60.833590
v 5.925680 35.093560 60.741950
v 1.777750 35.294090 61.149360
v 1.040862 32.471920 62.633230
v 1.244383 36.119150 66.652760
v 0.571740 32.724960 68.575350
v 6.510000 35.755550 65.762190
v 1.040862 32.471920 62.633230
v 1.016117 32.218700 57.007820
v 6.274246 36.697370 44.222580
v 4.199434 37.971530 44.361360
v 3.492260 32.858100 44.464990
v 1.692490 33.721880 45.878520
v 1.902774 34.298290 43.027640
v 5.179849 32.951210 44.723890
v 6.377664 34.502160 43.837910
v 2.242260 36.523300 43.677410
v 1.902774 34.298290 43.027640
v 5.138768 29.872290 89.415010
v 4.534767 30.689950 88.073840
v 5.149469 32.214180 89.331090
v 4.183081 28.111190 89.225950
v 3.387025 28.999750 87.905940
v 2.089539 27.541950 89.261760
v 1.563739 28.259760 88.183640
v 4.995112 33.302970 95.187390
v 5.171130 35.136230 96.095490
v 3.518304 33.906020 96.015540
v 4.300461 32.160490 94.220340
v 2.555498 28.555740 85.529590
v 2.447858 38.261420 94.518890
v 4.946167 37.698960 94.209400
v 1.479025 33.678030 97.205720
v 1.563186 33.257230 100.338500
v 1.813694 35.056750 98.067590
v 2.816376 31.146140 94.287190
v 4.853325 31.011580 92.572220
v 0.484355 28.353900 89.396270
v 5.100822 29.327260 91.161320
v 5.171130 35.136230 96.095490
v 4.995112 33.302970 95.187390
v 6.494429 33.514630 94.944500
v 6.900736 35.155740 95.604550
v 4.922347 37.050530 95.636490
v 4.946167 37.698960 94.209400
v 2.665839 34.198320 102.814000
v 3.906661 30.269620 85.575780
v 2.296732 33.949210 101.587100
v 8.515574 35.267530 92.956500
v 8.016099 35.256680 94.537740
v 6.689952 37.075530 94.909210
v 7.557793 33.606790 93.405580
v 6.021256 33.180550 93.559630
v 0.755255 28.953470 91.802690
v 1.121240 28.067310 90.775350
v 0.477031 28.715480 90.773470
v 4.970797 32.824530 93.562740
v 11.993040 33.418570 71.634820
v 12.009070 32.291920 73.127850
v 11.705440 33.617210 72.726920
v 11.633450 31.780050 71.532850
v 11.705440 33.617210 72.726920
v 12.614910 30.176990 67.923000
v 12.676190 31.283550 66.163980
v 10.083220 34.285610 76.818130
v 2.640169 36.981030 79.475370
v 4.752041 31.808890 51.028100
v 5.179849 32.951210 44.723890
v 3.373357 31.801300 51.032880
v 1.850330 32.850910 51.598160
v 3.492260 32.858100 44.464990
v 6.200721 29.982340 72.791940
v 1.415745 36.142030 70.358470
v 3.871724 28.686990 69.225960
v 3.814187 29.236850 72.756860
v 6.952182 32.362070 75.725950
v 1.204892 32.117290 54.727410
v 1.204892 32.117290 54.727410
v 0.746850 32.529170 70.857220
v 1.016117 32.218700 57.007820
v 6.334417 28.515440 26.722380
v 5.484245 26.376030 26.722350
v 1.793721 28.428680 26.722300
v 3.832528 25.593960 26.722330
v 1.778263 30.885180 26.722300
v 6.362500 31.191640 26.722380
v 5.645084 33.963550 26.753240
v 2.238218 33.962490 26.753190
v 5.076870 36.670090 26.698040
v 2.502782 36.392360 26.698010
v 2.601236 34.425090 37.439640
v 3.662463 33.378420 37.593540
v 3.492260 32.858100 44.464990
v 5.481065 35.767370 37.621770
v 5.594326 34.426620 37.634900
v 3.530990 37.287890 26.698060
v 2.694832 35.875910 37.575190
v 2.665769 34.575560 32.238380
v 2.601236 34.425090 37.439640
v 5.189125 34.675100 32.325110
v 3.916778 36.352520 32.588070
v 2.695240 26.026700 26.722310
v 5.558455 32.856220 29.635810
v 3.964396 31.520730 30.876130
v 5.922538 30.858180 28.725740
v 3.789661 30.233700 29.833590
v 5.863595 28.789080 28.074430
v 5.188211 26.794560 27.977550
v 6.334417 28.515440 26.722380
v 5.484245 26.376030 26.722350
v 3.832528 25.593960 26.722330
v 3.547698 26.087660 27.986240
v 6.362500 31.191640 26.722380
v 3.621273 28.734410 28.983400
v 2.111179 30.343700 29.111950
v 2.318743 32.611210 29.836850
v 3.466033 37.261280 29.912690
v 4.826361 36.526260 29.695800
v 3.496297 37.236550 28.240030
v 5.009903 36.599600 28.131520
v 2.502782 36.392360 26.698010
v 2.441024 36.292240 28.091710
v 3.530990 37.287890 26.698060
v 5.076870 36.670090 26.698040
v 2.382739 36.273770 29.616360
v 5.189125 34.675100 32.325110
v 4.316985 33.017560 32.357320
v 1.793721 28.428680 26.722300
v 1.778263 30.885180 26.722300
v 5.645084 33.963550 26.753240
v 3.916778 36.352520 32.588070
v 5.530169 34.891630 29.564590
v 2.665769 34.575560 32.238380
v 2.138604 34.817870 29.461450
v 2.238218 33.962490 26.753190
v 3.563730 32.982430 32.349490
v 2.786424 26.465400 27.994930
v 2.041480 28.720340 28.091240
v 2.695240 26.026700 26.722310
v 4.049788 37.133940 65.730450
v 1.730121 29.648970 65.976860
v 3.795186 28.401580 65.899600
v 2.665769 34.575560 32.238380
v 3.563730 32.982430 32.349490
v 4.316985 33.017560 32.357320
v 4.713876 33.411330 37.663830
v 3.999341 36.712010 37.786880
v 5.179849 32.951210 44.723890
vt 0.910510 0.915092 0.000000
vt 0.910510 0.982753 0.000000
vt 0.985941 0.917612 0.000000
vt 0.985941 0.982753 0.000000
vt 0.848136 0.982752 0.000000
vt 0.848136 0.914704 0.000000
vt 0.497997 0.982753 0.000000
vt 0.496381 0.912162 0.000000
vt 0.524261 0.982753 0.000000
vt 0.543613 0.909942 0.000000
vt 0.802188 0.982753 0.000000
vt 0.615430 0.913223 0.000000
vt 0.615430 0.982753 0.000000
vt 0.128513 0.701184 0.000000
vt 0.080399 0.695556 0.000000
vt 0.119507 0.730132 0.000000
vt 0.058847 0.720148 0.000000
vt 0.291775 0.604987 0.000000
vt 0.297553 0.684383 0.000000
vt 0.396498 0.614336 0.000000
vt 0.399692 0.721201 0.000000
vt 0.468886 0.618294 0.000000
vt 0.468886 0.719920 0.000000
vt 0.247937 0.311721 0.000000
vt 0.254612 0.438098 0.000000
vt 0.371742 0.311721 0.000000
vt 0.389556 0.440405 0.000000
vt 0.279801 0.521819 0.000000
vt 0.389816 0.534566 0.000000
vt 0.210949 0.767543 0.000000
vt 0.287165 0.725975 0.000000
vt 0.242920 0.706410 0.000000
vt 0.199668 0.976070 0.000000
vt 0.199565 0.944122 0.000000
vt 0.176602 0.976108 0.000000
vt 0.146409 0.941353 0.000000
vt 0.183543 0.311721 0.000000
vt 0.115726 0.312590 0.000000
vt 0.175879 0.434749 0.000000
vt 0.087880 0.431604 0.000000
vt 0.108646 0.163538 0.000000
vt 0.084975 0.207995 0.000000
vt 0.190842 0.167242 0.000000
vt 0.174065 0.205117 0.000000
vt 0.468886 0.438916 0.000000
vt 0.468886 0.311721 0.000000
vt 0.333619 0.225126 0.000000
vt 0.312692 0.205814 0.000000
vt 0.157536 0.231767 0.000000
vt 0.312640 0.166726 0.000000
vt 0.303760 0.124034 0.000000
vt 0.203701 0.122036 0.000000
vt 0.311180 0.078553 0.000000
vt 0.340941 0.078553 0.000000
vt 0.311807 0.041506 0.000000
vt 0.341018 0.041506 0.000000
vt 0.332048 0.166726 0.000000
vt 0.332308 0.205814 0.000000
vt 0.198522 0.079310 0.000000
vt 0.412326 0.041506 0.000000
vt 0.412326 0.020193 0.000000
vt 0.333619 0.020193 0.000000
vt 0.339142 0.122919 0.000000
vt 0.353702 0.166726 0.000000
vt 0.412326 0.123058 0.000000
vt 0.412326 0.166726 0.000000
vt 0.192815 0.043573 0.000000
vt 0.189315 0.019086 0.000000
vt 0.412326 0.078553 0.000000
vt 0.412326 0.205814 0.000000
vt 0.351081 0.205814 0.000000
vt 0.412326 0.231767 0.000000
vt 0.468886 0.528864 0.000000
vt 0.081104 0.665172 0.000000
vt 0.133633 0.663962 0.000000
vt 0.468886 0.906015 0.000000
vt 0.349615 0.852156 0.000000
vt 0.424199 0.924070 0.000000
vt 0.347080 0.883018 0.000000
vt 0.689217 0.180201 0.000000
vt 0.722053 0.180201 0.000000
vt 0.696167 0.100703 0.000000
vt 0.715955 0.097496 0.000000
vt 0.648364 0.100226 0.000000
vt 0.649812 0.180201 0.000000
vt 0.606914 0.100296 0.000000
vt 0.606148 0.180201 0.000000
vt 0.578403 0.146676 0.000000
vt 0.564448 0.118730 0.000000
vt 0.538685 0.149349 0.000000
vt 0.535738 0.120191 0.000000
vt 0.583117 0.102520 0.000000
vt 0.577260 0.083287 0.000000
vt 0.557399 0.084332 0.000000
vt 0.785331 0.063863 0.000000
vt 0.774581 0.088756 0.000000
vt 0.821118 0.074292 0.000000
vt 0.811001 0.105738 0.000000
vt 0.574050 0.049390 0.000000
vt 0.555511 0.049435 0.000000
vt 0.799311 0.041320 0.000000
vt 0.821433 0.048904 0.000000
vt 0.696206 0.055845 0.000000
vt 0.715880 0.056260 0.000000
vt 0.648463 0.054871 0.000000
vt 0.696205 0.015444 0.000000
vt 0.716535 0.015741 0.000000
vt 0.648547 0.015149 0.000000
vt 0.607370 0.054757 0.000000
vt 0.584047 0.054428 0.000000
vt 0.607754 0.014675 0.000000
vt 0.584240 0.014085 0.000000
vt 0.771337 0.056626 0.000000
vt 0.771177 0.016589 0.000000
vt 0.743663 0.012799 0.000000
vt 0.716699 0.012700 0.000000
vt 0.536599 0.049399 0.000000
vt 0.535047 0.084935 0.000000
vt 0.487012 0.041506 0.000000
vt 0.487012 0.078553 0.000000
vt 0.521756 0.050419 0.000000
vt 0.521756 0.090116 0.000000
vt 0.487011 0.123058 0.000000
vt 0.487012 0.166726 0.000000
vt 0.521756 0.133058 0.000000
vt 0.521756 0.171811 0.000000
vt 0.521756 0.020193 0.000000
vt 0.487012 0.020193 0.000000
vt 0.521756 0.204103 0.000000
vt 0.487012 0.205814 0.000000
vt 0.521756 0.231767 0.000000
vt 0.487012 0.231767 0.000000
vt 0.449669 0.205814 0.000000
vt 0.449669 0.231767 0.000000
vt 0.449669 0.041506 0.000000
vt 0.449669 0.078553 0.000000
vt 0.449668 0.123058 0.000000
vt 0.449669 0.166726 0.000000
vt 0.183543 0.257053 0.000000
vt 0.119149 0.257053 0.000000
vt 0.247937 0.257053 0.000000
vt 0.352852 0.257053 0.000000
vt 0.841503 0.332741 0.000000
vt 0.840792 0.453291 0.000000
vt 0.888543 0.332741 0.000000
vt 0.893233 0.457140 0.000000
vt 0.940020 0.453873 0.000000
vt 0.939662 0.332741 0.000000
vt 0.986106 0.444466 0.000000
vt 0.986106 0.332741 0.000000
vt 0.792772 0.332741 0.000000
vt 0.789739 0.446971 0.000000
vt 0.801943 0.840982 0.000000
vt 0.845554 0.835245 0.000000
vt 0.797128 0.788223 0.000000
vt 0.842257 0.788105 0.000000
vt 0.792960 0.718532 0.000000
vt 0.741263 0.777990 0.000000
vt 0.743972 0.712587 0.000000
vt 0.896501 0.825067 0.000000
vt 0.615773 0.812258 0.000000
vt 0.615430 0.852991 0.000000
vt 0.615773 0.812258 0.000000
vt 0.570027 0.857917 0.000000
vt 0.654952 0.859598 0.000000
vt 0.655825 0.757238 0.000000
vt 0.617147 0.753133 0.000000
vt 0.908409 0.855583 0.000000
vt 0.941415 0.501665 0.000000
vt 0.894241 0.501433 0.000000
vt 0.687531 0.474771 0.000000
vt 0.673536 0.539600 0.000000
vt 0.733014 0.475838 0.000000
vt 0.740755 0.536024 0.000000
vt 0.840855 0.504061 0.000000
vt 0.789461 0.514458 0.000000
vt 0.791211 0.616495 0.000000
vt 0.743624 0.621785 0.000000
vt 0.702052 0.627121 0.000000
vt 0.665521 0.635818 0.000000
vt 0.893361 0.615975 0.000000
vt 0.839908 0.613465 0.000000
vt 0.942657 0.615823 0.000000
vt 0.943898 0.729981 0.000000
vt 0.986023 0.667233 0.000000
vt 0.985941 0.778825 0.000000
vt 0.838961 0.722870 0.000000
vt 0.617147 0.652242 0.000000
vt 0.617147 0.551351 0.000000
vt 0.841503 0.277243 0.000000
vt 0.888543 0.277243 0.000000
vt 0.642778 0.277243 0.000000
vt 0.617147 0.332741 0.000000
vt 0.688479 0.304992 0.000000
vt 0.776520 0.277243 0.000000
vt 0.729165 0.304992 0.000000
vt 0.939662 0.277243 0.000000
vt 0.986106 0.277243 0.000000
vt 0.249597 0.652797 0.000000
vt 0.209857 0.610079 0.000000
vt 0.199747 0.639835 0.000000
vt 0.143500 0.592853 0.000000
vt 0.136735 0.625408 0.000000
vt 0.057695 0.595294 0.000000
vt 0.076219 0.629044 0.000000
vt 0.151847 0.842492 0.000000
vt 0.214429 0.867813 0.000000
vt 0.207229 0.818589 0.000000
vt 0.163193 0.780879 0.000000
vt 0.104092 0.510467 0.000000
vt 0.409978 0.815626 0.000000
vt 0.347400 0.810361 0.000000
vt 0.009768 0.937854 0.000000
vt 0.086369 0.962482 0.000000
vt 0.085216 0.869437 0.000000
vt 0.140987 0.892863 0.000000
vt 0.102440 0.769939 0.000000
vt 0.179708 0.739008 0.000000
vt 0.009768 0.738082 0.000000
vt 0.009768 0.645667 0.000000
vt 0.019483 0.631045 0.000000
vt 0.009768 0.599256 0.000000
vt 0.009768 0.443958 0.000000
vt 0.175574 0.688593 0.000000
vt 0.062142 0.079844 0.000000
vt 0.032979 0.053092 0.000000
vt 0.009313 0.124575 0.000000
vt 0.021054 0.182659 0.000000
vt 0.045243 0.124000 0.000000
vt 0.059255 0.231767 0.000000
vt 0.140480 0.976149 0.000000
vt 0.197520 0.904006 0.000000
vt 0.194034 0.516753 0.000000
vt 0.115042 0.975957 0.000000
vt 0.122373 0.122326 0.000000
vt 0.084833 0.119689 0.000000
vt 0.056045 0.167574 0.000000
vt 0.116464 0.081036 0.000000
vt 0.112574 0.043024 0.000000
vt 0.468886 0.802960 0.000000
vt 0.026916 0.700215 0.000000
vt 0.009768 0.311721 0.000000
vt 0.037237 0.670349 0.000000
vt 0.009768 0.537304 0.000000
vt 0.019616 0.673137 0.000000
vt 0.009768 0.671982 0.000000
vt 0.097333 0.020193 0.000000
vt 0.009768 0.844736 0.000000
vt 0.740495 0.137671 0.000000
vt 0.565782 0.180201 0.000000
vt 0.536271 0.180201 0.000000
vt 0.750182 0.180201 0.000000
vt 0.776522 0.147339 0.000000
vt 0.812663 0.033324 0.000000
vt 0.770476 0.012634 0.000000
vt 0.449669 0.020194 0.000000
vt 0.468886 0.257053 0.000000
vt 0.418465 0.257053 0.000000
vt 0.733678 0.435551 0.000000
vt 0.730482 0.332741 0.000000
vt 0.684870 0.435212 0.000000
vt 0.687733 0.332741 0.000000
vt 0.617147 0.444466 0.000000
vt 0.508294 0.835713 0.000000
vt 0.948333 0.816255 0.000000
vt 0.699804 0.765934 0.000000
vt 0.695493 0.846689 0.000000
vt 0.740542 0.836553 0.000000
vt 0.985941 0.817091 0.000000
vt 0.985941 0.823708 0.000000
vt 0.985941 0.853022 0.000000
vt 0.535367 0.848033 0.000000
vt 0.801943 0.905980 0.000000
vt 0.617147 0.510913 0.000000
vt 0.986106 0.510913 0.000000
vt 0.985941 0.813885 0.000000
vt 0.986106 0.555641 0.000000
vt 0.009768 0.257053 0.000000
vt 0.238069 0.810860 0.000000
vt 0.309246 0.810860 0.000000
vt 0.257406 0.777702 0.000000
vt 0.272574 0.777702 0.000000
vt 0.304331 0.856128 0.000000
vt 0.238705 0.855635 0.000000
vt 0.242305 0.905658 0.000000
vt 0.247162 0.950896 0.000000
vt 0.295547 0.905658 0.000000
vt 0.289328 0.949554 0.000000
vt 0.642551 0.264111 0.000000
vt 0.682586 0.238934 0.000000
vt 0.689225 0.277243 0.000000
vt 0.833203 0.238934 0.000000
vt 0.780180 0.238934 0.000000
vt 0.271564 0.961954 0.000000
vt 0.986106 0.238934 0.000000
vt 0.986106 0.200624 0.000000
vt 0.962884 0.238934 0.000000
vt 0.888543 0.200624 0.000000
vt 0.792772 0.200624 0.000000
vt 0.290696 0.777702 0.000000
vt 0.564084 0.348054 0.000000
vt 0.546272 0.390270 0.000000
vt 0.595908 0.372376 0.000000
vt 0.586355 0.402742 0.000000
vt 0.532316 0.430802 0.000000
vt 0.495191 0.434370 0.000000
vt 0.530657 0.457768 0.000000
vt 0.495191 0.467314 0.000000
vt 0.495191 0.490363 0.000000
vt 0.541732 0.477788 0.000000
vt 0.495191 0.381262 0.000000
vt 0.569808 0.445551 0.000000
vt 0.546272 0.390270 0.000000
vt 0.564084 0.348054 0.000000
vt 0.566474 0.259601 0.000000
vt 0.528534 0.259602 0.000000
vt 0.560682 0.283823 0.000000
vt 0.527557 0.284785 0.000000
vt 0.494234 0.284871 0.000000
vt 0.494234 0.259601 0.000000
vt 0.527557 0.284785 0.000000
vt 0.494234 0.284871 0.000000
vt 0.560682 0.283823 0.000000
vt 0.602103 0.351849 0.000000
vt 0.591685 0.306547 0.000000
vt 0.495191 0.381262 0.000000
vt 0.495191 0.434370 0.000000
vt 0.495325 0.330219 0.000000
vt 0.592319 0.259601 0.000000
vt 0.560607 0.308673 0.000000
vt 0.591685 0.306547 0.000000
vt 0.560607 0.308673 0.000000
vt 0.495325 0.330219 0.000000
vt 0.600022 0.358185 0.000000
vt 0.532316 0.430802 0.000000
vt 0.530657 0.457768 0.000000
vt 0.495191 0.467313 0.000000
vt 0.892481 0.730517 0.000000
vt 0.659862 0.707634 0.000000
vt 0.698977 0.707591 0.000000
vt 0.624451 0.261347 0.000000
vt 0.642551 0.264111 0.000000
vt 0.625213 0.200348 0.000000
vt 0.734510 0.238934 0.000000
vt 0.888543 0.238934 0.000000
vt 0.727848 0.277243 0.000000
vt 0.479733 0.914381 0.000000
vt 0.479487 0.982753 0.000000
vt 0.479733 0.840142 0.000000
vt 0.910510 0.915092 0.000000
vt 0.910510 0.982753 0.000000
vt 0.848136 0.982752 0.000000
vt 0.848136 0.914704 0.000000
vt 0.750839 0.982753 0.000000
vt 0.706598 0.982753 0.000000
vt 0.754692 0.904517 0.000000
vt 0.714550 0.909942 0.000000
vt 0.802188 0.982753 0.000000
vt 0.128513 0.701184 0.000000
vt 0.119507 0.730132 0.000000
vt 0.080399 0.695556 0.000000
vt 0.058847 0.720148 0.000000
vt 0.291775 0.604987 0.000000
vt 0.396498 0.614336 0.000000
vt 0.297553 0.684383 0.000000
vt 0.399692 0.721201 0.000000
vt 0.247937 0.311721 0.000000
vt 0.371742 0.311721 0.000000
vt 0.254612 0.438098 0.000000
vt 0.389556 0.440405 0.000000
vt 0.279801 0.521819 0.000000
vt 0.389816 0.534566 0.000000
vt 0.210949 0.767543 0.000000
vt 0.242920 0.706410 0.000000
vt 0.287165 0.725975 0.000000
vt 0.176602 0.976108 0.000000
vt 0.146409 0.941353 0.000000
vt 0.183543 0.311721 0.000000
vt 0.175879 0.434749 0.000000
vt 0.115705 0.312644 0.000000
vt 0.088110 0.431810 0.000000
vt 0.108646 0.163538 0.000000
vt 0.190842 0.167242 0.000000
vt 0.084975 0.207995 0.000000
vt 0.174065 0.205117 0.000000
vt 0.333619 0.225126 0.000000
vt 0.157536 0.231767 0.000000
vt 0.312692 0.205814 0.000000
vt 0.312640 0.166726 0.000000
vt 0.303760 0.124034 0.000000
vt 0.203701 0.122036 0.000000
vt 0.311180 0.078553 0.000000
vt 0.311807 0.041506 0.000000
vt 0.340941 0.078553 0.000000
vt 0.341018 0.041506 0.000000
vt 0.332048 0.166726 0.000000
vt 0.332308 0.205814 0.000000
vt 0.198522 0.079310 0.000000
vt 0.412326 0.041506 0.000000
vt 0.412326 0.020193 0.000000
vt 0.333619 0.020193 0.000000
vt 0.339142 0.122919 0.000000
vt 0.412326 0.123058 0.000000
vt 0.353702 0.166726 0.000000
vt 0.412326 0.166726 0.000000
vt 0.192815 0.043573 0.000000
vt 0.189315 0.019086 0.000000
vt 0.412326 0.078553 0.000000
vt 0.412326 0.205814 0.000000
vt 0.351081 0.205814 0.000000
vt 0.412326 0.231767 0.000000
vt 0.081104 0.665172 0.000000
vt 0.133633 0.663962 0.000000
vt 0.424199 0.924070 0.000000
vt 0.349615 0.852156 0.000000
vt 0.347080 0.883018 0.000000
vt 0.689217 0.180201 0.000000
vt 0.696167 0.100703 0.000000
vt 0.722053 0.180201 0.000000
vt 0.715955 0.097496 0.000000
vt 0.648364 0.100226 0.000000
vt 0.649812 0.180201 0.000000
vt 0.606914 0.100296 0.000000
vt 0.606148 0.180201 0.000000
vt 0.578403 0.146676 0.000000
vt 0.538685 0.149349 0.000000
vt 0.564448 0.118730 0.000000
vt 0.535738 0.120191 0.000000
vt 0.583117 0.102520 0.000000
vt 0.577260 0.083287 0.000000
vt 0.557399 0.084332 0.000000
vt 0.785331 0.063863 0.000000
vt 0.821118 0.074292 0.000000
vt 0.774581 0.088756 0.000000
vt 0.811001 0.105738 0.000000
vt 0.574050 0.049390 0.000000
vt 0.555511 0.049435 0.000000
vt 0.799311 0.041320 0.000000
vt 0.821433 0.048904 0.000000
vt 0.696206 0.055845 0.000000
vt 0.715880 0.056260 0.000000
vt 0.648463 0.054871 0.000000
vt 0.696205 0.015444 0.000000
vt 0.716535 0.015741 0.000000
vt 0.648547 0.015149 0.000000
vt 0.607370 0.054757 0.000000
vt 0.584047 0.054428 0.000000
vt 0.607754 0.014675 0.000000
vt 0.584240 0.014085 0.000000
vt 0.771337 0.056626 0.000000
vt 0.771177 0.016589 0.000000
vt 0.743663 0.012799 0.000000
vt 0.716699 0.012700 0.000000
vt 0.536599 0.049399 0.000000
vt 0.535047 0.084935 0.000000
vt 0.487012 0.041506 0.000000
vt 0.521756 0.050419 0.000000
vt 0.487012 0.078553 0.000000
vt 0.521756 0.090116 0.000000
vt 0.487011 0.123058 0.000000
vt 0.521756 0.133058 0.000000
vt 0.487012 0.166726 0.000000
vt 0.521756 0.171811 0.000000
vt 0.521756 0.020193 0.000000
vt 0.487012 0.020193 0.000000
vt 0.521756 0.204103 0.000000
vt 0.521756 0.231767 0.000000
vt 0.487012 0.205814 0.000000
vt 0.487012 0.231767 0.000000
vt 0.449669 0.205814 0.000000
vt 0.449669 0.231767 0.000000
vt 0.449669 0.041506 0.000000
vt 0.449669 0.078553 0.000000
vt 0.449668 0.123058 0.000000
vt 0.449669 0.166726 0.000000
vt 0.183543 0.257053 0.000000
vt 0.119149 0.257053 0.000000
vt 0.247937 0.257053 0.000000
vt 0.352852 0.257053 0.000000
vt 0.841503 0.332741 0.000000
vt 0.888543 0.332741 0.000000
vt 0.840792 0.453291 0.000000
vt 0.893233 0.457140 0.000000
vt 0.940020 0.453873 0.000000
vt 0.939662 0.332741 0.000000
vt 0.986106 0.444466 0.000000
vt 0.986106 0.332741 0.000000
vt 0.792772 0.332741 0.000000
vt 0.789739 0.446971 0.000000
vt 0.801943 0.840982 0.000000
vt 0.797128 0.788223 0.000000
vt 0.845554 0.835245 0.000000
vt 0.842257 0.788105 0.000000
vt 0.741263 0.777990 0.000000
vt 0.792960 0.718532 0.000000
vt 0.743972 0.712587 0.000000
vt 0.896501 0.825067 0.000000
vt 0.615773 0.812258 0.000000
vt 0.654952 0.859598 0.000000
vt 0.655825 0.757238 0.000000
vt 0.617147 0.753133 0.000000
vt 0.908409 0.855583 0.000000
vt 0.941415 0.501665 0.000000
vt 0.894241 0.501433 0.000000
vt 0.687531 0.474771 0.000000
vt 0.733014 0.475838 0.000000
vt 0.673536 0.539600 0.000000
vt 0.740755 0.536024 0.000000
vt 0.840855 0.504061 0.000000
vt 0.789461 0.514458 0.000000
vt 0.791211 0.616495 0.000000
vt 0.743624 0.621785 0.000000
vt 0.665521 0.635818 0.000000
vt 0.702052 0.627121 0.000000
vt 0.893361 0.615975 0.000000
vt 0.839908 0.613465 0.000000
vt 0.942657 0.615823 0.000000
vt 0.986023 0.667233 0.000000
vt 0.943898 0.729981 0.000000
vt 0.985941 0.778825 0.000000
vt 0.838961 0.722870 0.000000
vt 0.617147 0.652242 0.000000
vt 0.617147 0.551351 0.000000
vt 0.841503 0.277243 0.000000
vt 0.888543 0.277243 0.000000
vt 0.688479 0.304992 0.000000
vt 0.617147 0.332741 0.000000
vt 0.642778 0.277243 0.000000
vt 0.729165 0.304992 0.000000
vt 0.776520 0.277243 0.000000
vt 0.939662 0.277243 0.000000
vt 0.986106 0.277243 0.000000
vt 0.199747 0.639835 0.000000
vt 0.209857 0.610079 0.000000
vt 0.249597 0.652797 0.000000
vt 0.136735 0.625408 0.000000
vt 0.143500 0.592853 0.000000
vt 0.076219 0.629044 0.000000
vt 0.057695 0.595294 0.000000
vt 0.207229 0.818589 0.000000
vt 0.214429 0.867813 0.000000
vt 0.151847 0.842492 0.000000
vt 0.163193 0.780879 0.000000
vt 0.104009 0.510147 0.000000
vt 0.409978 0.815626 0.000000
vt 0.347400 0.810361 0.000000
vt 0.085216 0.869437 0.000000
vt 0.086369 0.962482 0.000000
vt 0.140987 0.892863 0.000000
vt 0.102440 0.769939 0.000000
vt 0.179708 0.739008 0.000000
vt 0.019483 0.631045 0.000000
vt 0.175574 0.688593 0.000000
vt 0.009313 0.124575 0.000000
vt 0.032979 0.053092 0.000000
vt 0.062142 0.079844 0.000000
vt 0.045243 0.124000 0.000000
vt 0.021054 0.182659 0.000000
vt 0.059255 0.231767 0.000000
vt 0.140480 0.976149 0.000000
vt 0.194034 0.516753 0.000000
vt 0.115042 0.975957 0.000000
vt 0.122373 0.122326 0.000000
vt 0.084833 0.119689 0.000000
vt 0.056045 0.167574 0.000000
vt 0.116464 0.081036 0.000000
vt 0.112574 0.043024 0.000000
vt 0.026916 0.700215 0.000000
vt 0.037237 0.670349 0.000000
vt 0.019616 0.673137 0.000000
vt 0.097333 0.020193 0.000000
vt 0.740495 0.137671 0.000000
vt 0.565782 0.180201 0.000000
vt 0.536271 0.180201 0.000000
vt 0.776522 0.147339 0.000000
vt 0.750182 0.180201 0.000000
vt 0.812663 0.033324 0.000000
vt 0.770476 0.012634 0.000000
vt 0.449669 0.020194 0.000000
vt 0.418465 0.257053 0.000000
vt 0.733678 0.435551 0.000000
vt 0.730482 0.332741 0.000000
vt 0.684870 0.435212 0.000000
vt 0.617147 0.444466 0.000000
vt 0.687733 0.332741 0.000000
vt 0.740542 0.836553 0.000000
vt 0.948333 0.816255 0.000000
vt 0.699804 0.765934 0.000000
vt 0.695493 0.846689 0.000000
vt 0.801943 0.905980 0.000000
vt 0.617147 0.510913 0.000000
vt 0.986106 0.510913 0.000000
vt 0.985941 0.813885 0.000000
vt 0.986106 0.555641 0.000000
vt 0.238069 0.810860 0.000000
vt 0.257406 0.777702 0.000000
vt 0.309246 0.810860 0.000000
vt 0.272574 0.777702 0.000000
vt 0.304331 0.856128 0.000000
vt 0.238705 0.855635 0.000000
vt 0.242305 0.905658 0.000000
vt 0.295547 0.905658 0.000000
vt 0.247162 0.950896 0.000000
vt 0.289328 0.949554 0.000000
vt 0.642551 0.264111 0.000000
vt 0.682586 0.238934 0.000000
vt 0.689225 0.277243 0.000000
vt 0.833203 0.238934 0.000000
vt 0.780180 0.238934 0.000000
vt 0.271564 0.961954 0.000000
vt 0.962884 0.238934 0.000000
vt 0.986106 0.200624 0.000000
vt 0.986106 0.238934 0.000000
vt 0.792772 0.200624 0.000000
vt 0.888543 0.200624 0.000000
vt 0.290696 0.777702 0.000000
vt 0.564084 0.348054 0.000000
vt 0.595908 0.372376 0.000000
vt 0.546272 0.390270 0.000000
vt 0.586355 0.402742 0.000000
vt 0.532316 0.430802 0.000000
vt 0.530657 0.457768 0.000000
vt 0.495191 0.434370 0.000000
vt 0.495191 0.467314 0.000000
vt 0.495191 0.490363 0.000000
vt 0.541732 0.477788 0.000000
vt 0.495191 0.381262 0.000000
vt 0.569808 0.445551 0.000000
vt 0.546272 0.390270 0.000000
vt 0.564084 0.348054 0.000000
vt 0.566474 0.259601 0.000000
vt 0.560682 0.283823 0.000000
vt 0.528534 0.259602 0.000000
vt 0.527557 0.284785 0.000000
vt 0.494234 0.284871 0.000000
vt 0.527557 0.284785 0.000000
vt 0.494234 0.259601 0.000000
vt 0.494234 0.284871 0.000000
vt 0.560682 0.283823 0.000000
vt 0.591685 0.306547 0.000000
vt 0.602103 0.351849 0.000000
vt 0.495191 0.434370 0.000000
vt 0.495191 0.381262 0.000000
vt 0.495325 0.330219 0.000000
vt 0.592319 0.259601 0.000000
vt 0.560607 0.308673 0.000000
vt 0.591685 0.306547 0.000000
vt 0.560607 0.308673 0.000000
vt 0.495325 0.330219 0.000000
vt 0.600022 0.358185 0.000000
vt 0.530657 0.457768 0.000000
vt 0.532316 0.430802 0.000000
vt 0.495191 0.467313 0.000000
vt 0.892481 0.730517 0.000000
vt 0.659862 0.707634 0.000000
vt 0.698977 0.707591 0.000000
vt 0.624451 0.261347 0.000000
vt 0.642551 0.264111 0.000000
vt 0.625213 0.200348 0.000000
vt 0.734510 0.238934 0.000000
vt 0.888543 0.238934 0.000000
vt 0.727848 0.277243 0.000000
usemtl Material_3
f 150/150 151/151 152/152
f 153/153 152/152 151/151
f 151/151 150/150 154/154
f 155/155 154/154 150/150
f 156/156 157/157 158/158
f 159/159 158/158 157/157
f 160/160 154/154 155/155
f 161/161 158/158 159/159
f 161/161 162/162 158/158
f 163/163 164/164 165/165
f 166/166 165/165 164/164
f 167/167 168/168 169/169
f 170/170 169/169 168/168
f 169/169 170/170 171/171
f 172/172 171/171 170/170
f 173/173 174/174 175/175
f 176/176 175/175 174/174
f 177/177 167/167 178/178
f 169/169 178/178 167/167
f 179/179 180/180 181/181
f 168/168 181/181 180/180
f 182/182 183/183 184/184
f 185/185 184/184 183/183
f 186/186 187/187 188/188
f 189/189 188/188 187/187
f 190/190 191/191 192/192
f 193/193 192/192 191/191
f 194/194 195/195 176/176
f 175/175 176/176 195/195
f 196/196 197/197 198/198
f 193/193 198/198 197/197
f 197/197 199/199 193/193
f 192/192 193/193 199/199
f 200/200 201/201 199/199
f 192/192 199/199 201/201
f 202/202 203/203 204/204
f 205/205 204/204 203/203
f 206/206 199/199 207/207
f 197/197 207/207 199/199
f 200/200 202/202 201/201
f 208/208 201/201 202/202
f 209/209 210/210 205/205
f 211/211 205/205 210/210
f 212/212 213/213 214/214
f 215/215 214/214 213/213
f 216/216 204/204 217/217
f 211/211 217/217 204/204
f 212/212 214/214 203/203
f 218/218 203/203 214/214
f 219/219 215/215 220/220
f 213/213 220/220 215/215
f 196/196 221/221 220/220
f 219/219 220/220 221/221
f 203/203 218/218 205/205
f 209/209 205/205 218/218
f 206/206 207/207 213/213
f 220/220 213/213 207/207
f 176/176 178/178 194/194
f 222/222 194/194 178/178
f 178/178 176/176 177/177
f 174/174 177/177 176/176
f 178/178 169/169 222/222
f 171/171 222/222 169/169
f 223/223 164/164 224/224
f 163/163 224/224 164/164
f 225/225 226/226 227/227
f 228/228 227/227 226/226
f 216/216 208/208 204/204
f 202/202 204/204 208/208
f 229/229 230/230 231/231
f 232/232 231/231 230/230
f 233/233 234/234 231/231
f 229/229 231/231 234/234
f 235/235 236/236 233/233
f 234/234 233/233 236/236
f 237/237 238/238 239/239
f 240/240 239/239 238/238
f 241/241 242/242 238/238
f 243/243 238/238 242/242
f 244/244 245/245 246/246
f 247/247 246/246 245/245
f 248/248 249/249 242/242
f 243/243 242/242 249/249
f 244/244 246/246 250/250
f 251/251 250/250 246/246
f 252/252 231/231 253/253
f 232/232 253/253 231/231
f 254/254 233/233 252/252
f 231/231 252/252 233/233
f 255/255 252/252 256/256
f 253/253 256/256 252/252
f 255/255 257/257 252/252
f 254/254 252/252 257/257
f 258/258 259/259 235/235
f 241/241 235/235 259/259
f 258/258 260/260 259/259
f 261/261 259/259 260/260
f 258/258 254/254 260/260
f 257/257 260/260 254/254
f 262/262 263/263 253/253
f 256/256 253/253 263/263
f 258/258 235/235 254/254
f 233/233 254/254 235/235
f 262/262 253/253 245/245
f 232/232 245/245 253/253
f 263/263 264/264 256/256
f 265/265 256/256 264/264
f 266/266 267/267 249/249
f 243/243 249/249 267/267
f 243/243 267/267 238/238
f 240/240 238/238 267/267
f 268/268 269/269 270/270
f 271/271 270/270 269/269
f 272/272 273/273 274/274
f 275/275 274/274 273/273
f 270/270 276/276 268/268
f 277/277 268/268 276/276
f 271/271 269/269 274/274
f 272/272 274/274 269/269
f 278/278 279/279 280/280
f 281/281 280/280 279/279
f 275/275 273/273 278/278
f 279/279 278/278 273/273
f 219/219 221/221 282/282
f 283/283 282/282 221/221
f 284/284 209/209 285/285
f 218/218 285/285 209/209
f 286/286 272/272 285/285
f 269/269 285/285 272/272
f 282/282 287/287 219/219
f 215/215 219/219 287/287
f 287/287 286/286 215/215
f 214/214 215/215 286/286
f 288/288 289/289 186/186
f 187/187 186/186 289/289
f 290/290 173/173 291/291
f 175/175 291/291 173/173
f 292/292 293/293 294/294
f 295/295 294/294 293/293
f 295/295 296/296 294/294
f 297/297 294/294 296/296
f 296/296 298/298 297/297
f 299/299 297/297 298/298
f 292/292 300/300 293/293
f 301/301 293/293 300/300
f 302/302 303/303 304/304
f 305/305 304/304 303/303
f 304/304 306/306 307/307
f 308/308 307/307 306/306
f 305/305 303/303 309/309
f 310/310 311/311 312/312
f 313/313 312/312 311/311
f 311/311 161/161 313/313
f 159/159 313/313 161/161
f 314/314 315/315 312/312
f 316/316 312/312 315/315
f 150/150 317/317 155/155
f 303/303 155/155 317/317
f 318/318 296/296 319/319
f 295/295 319/319 296/296
f 320/320 321/321 322/322
f 323/323 322/322 321/321
f 295/295 293/293 319/319
f 324/324 319/319 293/293
f 325/325 323/323 326/326
f 327/327 326/326 323/323
f 328/328 321/321 329/329
f 330/330 319/319 331/331
f 324/324 331/331 319/319
f 332/332 333/333 334/334
f 335/335 334/334 333/333
f 326/326 306/306 331/331
f 336/336 331/331 306/306
f 337/337 329/329 338/338
f 321/321 338/338 329/329
f 339/339 292/292 340/340
f 294/294 340/340 292/292
f 341/341 342/342 343/343
f 344/344 345/345 300/300
f 294/294 297/297 340/340
f 346/346 340/340 297/297
f 346/346 297/297 347/347
f 299/299 347/347 297/297
f 344/344 300/300 339/339
f 292/292 339/339 300/300
f 348/348 349/349 350/350
f 349/349 351/351 352/352
f 353/353 354/354 351/351
f 355/355 356/356 357/357
f 355/355 357/357 358/358
f 359/359 353/353 351/351
f 226/226 225/225 360/360
f 361/361 360/360 170/170
f 181/181 168/168 348/348
f 362/362 363/363 364/364
f 365/365 363/363 185/185
f 348/348 167/167 349/349
f 366/366 355/355 358/358
f 179/179 181/181 367/367
f 368/368 364/364 366/366
f 369/369 370/370 371/371
f 359/359 189/189 372/372
f 367/367 373/373 163/163
f 374/374 375/375 376/376
f 377/377 378/378 376/376
f 198/198 191/191 379/379
f 180/180 361/361 168/168
f 168/168 361/361 170/170
f 380/380 184/184 185/185
f 165/165 366/366 358/358
f 179/179 367/367 358/358
f 224/224 373/373 350/350
f 381/381 365/365 185/185
f 177/177 174/174 382/382
f 188/188 382/382 174/174
f 383/383 380/380 185/185
f 201/201 208/208 384/384
f 193/193 191/191 198/198
f 385/385 374/374 378/378
f 378/378 386/386 385/385
f 384/384 387/387 385/385
f 374/374 387/387 388/388
f 216/216 217/217 388/388
f 226/226 360/360 361/361
f 389/389 360/360 225/225
f 360/360 389/389 170/170
f 368/368 366/366 166/166
f 368/368 166/166 390/390
f 351/351 349/349 382/382
f 189/189 187/187 391/391
f 352/352 354/354 224/224
f 354/354 392/392 223/223
f 393/393 353/353 359/359
f 212/212 203/203 202/202
f 197/197 196/196 207/207
f 206/206 212/212 199/199
f 211/211 204/204 205/205
f 213/213 212/212 206/206
f 196/196 220/220 207/207
f 185/185 363/363 383/383
f 373/373 224/224 163/163
f 350/350 349/349 352/352
f 368/368 394/394 395/395
f 351/351 354/354 352/352
f 351/351 382/382 359/359
f 358/358 357/357 179/179
f 202/202 200/200 212/212
f 200/200 199/199 212/212
f 170/170 389/389 172/172
f 382/382 349/349 167/167
f 382/382 167/167 177/177
f 392/392 164/164 223/223
f 350/350 373/373 181/181
f 368/368 390/390 394/394
f 353/353 371/371 370/370
f 353/353 393/393 371/371
f 355/355 365/365 356/356
f 387/387 208/208 388/388
f 396/396 375/375 374/374
f 208/208 216/216 388/388
f 217/217 396/396 388/388
f 191/191 377/377 379/379
f 384/384 385/385 190/190
f 192/192 384/384 190/190
f 386/386 191/191 190/190
f 191/191 386/386 377/377
f 387/387 374/374 385/385
f 385/385 386/386 190/190
f 208/208 387/387 384/384
f 348/348 168/168 167/167
f 354/354 353/353 370/370
f 354/354 370/370 392/392
f 370/370 394/394 392/392
f 165/165 166/166 366/366
f 367/367 165/165 358/358
f 192/192 201/201 384/384
f 354/354 223/223 224/224
f 373/373 367/367 181/181
f 355/355 364/364 365/365
f 181/181 348/348 350/350
f 364/364 363/363 365/365
f 397/397 362/362 364/364
f 183/183 381/381 185/185
f 386/386 378/378 377/377
f 388/388 396/396 374/374
f 394/394 370/370 369/369
f 392/392 394/394 390/390
f 164/164 390/390 166/166
f 397/397 364/364 368/368
f 393/393 359/359 372/372
f 372/372 189/189 391/391
f 230/230 398/398 232/232
f 237/237 235/235 238/238
f 399/399 236/236 237/237
f 239/239 399/399 237/237
f 400/400 399/399 239/239
f 401/401 402/402 398/398
f 238/238 235/235 241/241
f 247/247 398/398 402/402
f 403/403 250/250 251/251
f 245/245 232/232 398/398
f 245/245 398/398 247/247
f 398/398 230/230 401/401
f 404/404 264/264 263/263
f 237/237 236/236 235/235
f 284/284 268/268 405/405
f 277/277 405/405 268/268
f 195/195 406/406 407/407
f 175/175 407/407 291/291
f 195/195 407/407 175/175
f 391/391 187/187 289/289
f 408/408 301/301 409/409
f 300/300 409/409 301/301
f 410/410 411/411 412/412
f 342/342 412/412 411/411
f 413/413 159/159 157/157
f 335/335 333/333 414/414
f 415/415 416/416 307/307
f 417/417 307/307 416/416
f 317/317 414/414 309/309
f 418/418 414/414 419/419
f 420/420 414/414 317/317
f 421/421 313/313 159/159
f 303/303 317/317 309/309
f 152/152 420/420 317/317
f 303/303 422/422 155/155
f 422/422 303/303 302/302
f 420/420 419/419 414/414
f 320/320 412/412 423/423
f 325/325 324/324 293/293
f 296/296 318/318 424/424
f 320/320 423/423 321/321
f 322/322 301/301 408/408
f 323/323 325/325 322/322
f 424/424 298/298 296/296
f 321/321 423/423 338/338
f 320/320 410/410 412/412
f 322/322 325/325 301/301
f 325/325 293/293 301/301
f 425/425 335/335 414/414
f 424/424 318/318 426/426
f 392/392 390/390 164/164
f 391/391 289/289 427/427
f 364/364 355/355 366/366
f 165/165 367/367 163/163
f 352/352 224/224 350/350
f 395/395 394/394 369/369
f 425/425 414/414 418/418
f 150/150 152/152 317/317
f 378/378 374/374 376/376
f 428/428 429/429 430/430
f 431/431 430/430 429/429
f 432/432 429/429 433/433
f 428/428 433/433 429/429
f 434/434 435/435 436/436
f 437/437 436/436 435/435
f 438/438 341/341 439/439
f 440/440 439/439 341/341
f 339/339 441/441 344/344
f 442/442 344/344 441/441
f 436/436 433/433 434/434
f 437/437 435/435 443/443
f 444/444 445/445 446/446
f 441/441 447/447 448/448
f 446/446 445/445 447/447
f 432/432 433/433 436/436
f 431/431 429/429 449/449
f 450/450 451/451 452/452
f 453/453 452/452 451/451
f 454/454 455/455 456/456
f 457/457 456/456 455/455
f 457/457 458/458 456/456
f 459/459 456/456 458/458
f 451/451 460/460 454/454
f 455/455 454/454 460/460
f 451/451 454/454 453/453
f 461/461 453/453 454/454
f 453/453 462/462 452/452
f 463/463 452/452 462/462
f 464/464 465/465 466/466
f 467/467 466/466 465/465
f 468/468 469/469 470/470
f 465/465 470/470 469/469
f 465/465 469/469 467/467
f 471/471 467/467 469/469
f 470/470 465/465 472/472
f 464/464 472/472 465/465
f 473/473 474/474 450/450
f 475/475 462/462 476/476
f 450/450 477/477 460/460
f 474/474 478/478 466/466
f 467/467 477/477 479/479
f 480/480 472/472 478/478
f 472/472 480/480 481/481
f 481/481 463/463 482/482
f 464/464 466/466 478/478
f 478/478 472/472 464/464
f 450/450 474/474 479/479
f 475/475 482/482 463/463
f 462/462 475/475 463/463
f 483/483 452/452 463/463
f 480/480 483/483 463/463
f 484/484 485/485 476/476
f 485/485 486/486 476/476
f 484/484 462/462 453/453
f 474/474 466/466 479/479
f 480/480 463/463 481/481
f 477/477 450/450 479/479
f 470/470 472/472 481/481
f 451/451 450/450 460/460
f 485/485 484/484 461/461
f 462/462 484/484 476/476
f 459/459 461/461 456/456
f 456/456 461/461 454/454
f 468/468 470/470 482/482
f 471/471 477/477 467/467
f 466/466 467/467 479/479
f 482/482 470/470 481/481
f 461/461 484/484 453/453
f 485/485 461/461 459/459
f 458/458 486/486 459/459
f 485/485 459/459 486/486
f 414/414 333/333 309/309
f 487/487 309/309 333/333
f 332/332 318/318 330/330
f 319/319 330/330 318/318
f 318/318 332/332 426/426
f 334/334 426/426 332/332
f 488/488 329/329 337/337
f 330/330 487/487 332/332
f 333/333 332/332 487/487
f 336/336 306/306 305/305
f 304/304 305/305 306/306
f 302/302 304/304 417/417
f 307/307 417/417 304/304
f 487/487 305/305 309/309
f 336/336 305/305 487/487
f 308/308 306/306 327/327
f 326/326 327/327 306/306
f 325/325 326/326 324/324
f 331/331 324/324 326/326
f 489/489 308/308 328/328
f 327/327 328/328 308/308
f 487/487 330/330 336/336
f 331/331 336/336 330/330
f 307/307 308/308 415/415
f 489/489 415/415 308/308
f 315/315 488/488 316/316
f 316/316 488/488 337/337
f 315/315 314/314 415/415
f 416/416 415/415 314/314
f 488/488 489/489 329/329
f 328/328 329/329 489/489
f 488/488 315/315 489/489
f 415/415 489/489 315/315
f 413/413 421/421 159/159
f 323/323 321/321 328/328
f 327/327 323/323 328/328
f 490/490 438/438 491/491
f 439/439 491/491 438/438
f 448/448 492/492 442/442
f 493/493 442/442 492/492
f 446/446 346/346 444/444
f 347/347 444/444 346/346
f 340/340 494/494 339/339
f 441/441 339/339 494/494
f 340/340 346/346 494/494
f 446/446 494/494 346/346
f 493/493 495/495 442/442
f 344/344 442/442 495/495
f 441/441 448/448 442/442
f 494/494 447/447 441/441
f 494/494 446/446 447/447
f 281/281 279/279 283/283
f 282/282 283/283 279/279
f 268/268 284/284 269/269
f 285/285 269/269 284/284
f 214/214 286/286 218/218
f 285/285 218/218 286/286
f 279/279 273/273 282/282
f 287/287 282/282 273/273
f 273/273 272/272 287/287
f 286/286 287/287 272/272
f 209/209 284/284 210/210
f 405/405 210/210 284/284
f 322/322 408/408 320/320
f 410/410 320/320 408/408
f 409/409 411/411 408/408
f 410/410 408/408 411/411
f 492/492 491/491 493/493
f 439/439 493/493 491/491
f 493/493 439/439 345/345
f 343/343 345/345 439/439
f 450/450 452/452 473/473
f 473/473 452/452 483/483
f 496/496 157/157 497/497
f 156/156 497/497 157/157
f 498/498 413/413 496/496
f 157/157 496/496 413/413
f 173/173 186/186 174/174
f 188/188 174/174 186/186
f 290/290 288/288 173/173
f 186/186 173/173 288/288
f 359/359 382/382 189/189
f 188/188 189/189 382/382
f 422/422 160/160 155/155
f 499/499 152/152 500/500
f 153/153 500/500 152/152
f 500/500 501/501 499/499
f 502/502 499/499 501/501
f 503/503 504/504 505/505
f 506/506 505/505 504/504
f 502/502 501/501 507/507
f 506/506 504/504 161/161
f 504/504 162/162 161/161
f 508/508 509/509 510/510
f 511/511 510/510 509/509
f 512/512 513/513 514/514
f 515/515 514/514 513/513
f 513/513 171/171 515/515
f 172/172 515/515 171/171
f 516/516 517/517 518/518
f 519/519 518/518 517/517
f 520/520 521/521 512/512
f 513/513 512/512 521/521
f 522/522 523/523 524/524
f 514/514 524/524 523/523
f 182/182 525/525 183/183
f 526/526 183/183 525/525
f 527/527 528/528 529/529
f 530/530 529/529 528/528
f 531/531 532/532 533/533
f 534/534 533/533 532/532
f 194/194 519/519 195/195
f 517/517 195/195 519/519
f 535/535 536/536 537/537
f 534/534 537/537 536/536
f 537/537 534/534 538/538
f 532/532 538/538 534/534
f 539/539 538/538 540/540
f 532/532 540/540 538/538
f 541/541 542/542 543/543
f 544/544 543/543 542/542
f 545/545 546/546 538/538
f 537/537 538/538 546/546
f 539/539 540/540 541/541
f 547/547 541/541 540/540
f 548/548 544/544 549/549
f 550/550 549/549 544/544
f 551/551 552/552 553/553
f 554/554 553/553 552/552
f 555/555 556/556 542/542
f 550/550 542/542 556/556
f 551/551 543/543 552/552
f 557/557 552/552 543/543
f 558/558 559/559 554/554
f 553/553 554/554 559/559
f 535/535 559/559 560/560
f 558/558 560/560 559/559
f 543/543 544/544 557/557
f 548/548 557/557 544/544
f 545/545 553/553 546/546
f 559/559 546/546 553/553
f 519/519 194/194 521/521
f 222/222 521/521 194/194
f 521/521 520/520 519/519
f 518/518 519/519 520/520
f 521/521 222/222 513/513
f 171/171 513/513 222/222
f 561/561 562/562 510/510
f 508/508 510/510 562/562
f 225/225 563/563 564/564
f 565/565 564/564 563/563
f 555/555 542/542 547/547
f 541/541 547/547 542/542
f 566/566 567/567 568/568
f 569/569 568/568 567/567
f 570/570 567/567 571/571
f 566/566 571/571 567/567
f 572/572 570/570 573/573
f 571/571 573/573 570/570
f 574/574 575/575 576/576
f 577/577 576/576 575/575
f 578/578 576/576 579/579
f 580/580 579/579 576/576
f 581/581 582/582 583/583
f 584/584 583/583 582/582
f 585/585 579/579 586/586
f 580/580 586/586 579/579
f 581/581 587/587 582/582
f 588/588 582/582 587/587
f 589/589 590/590 567/567
f 569/569 567/567 590/590
f 591/591 589/589 570/570
f 567/567 570/570 589/589
f 592/592 593/593 589/589
f 590/590 589/589 593/593
f 592/592 589/589 594/594
f 591/591 594/594 589/589
f 595/595 572/572 596/596
f 578/578 596/596 572/572
f 595/595 596/596 597/597
f 598/598 597/597 596/596
f 595/595 597/597 591/591
f 594/594 591/591 597/597
f 599/599 590/590 600/600
f 593/593 600/600 590/590
f 595/595 591/591 572/572
f 570/570 572/572 591/591
f 599/599 583/583 590/590
f 569/569 590/590 583/583
f 600/600 593/593 601/601
f 602/602 601/601 593/593
f 603/603 586/586 604/604
f 580/580 604/604 586/586
f 580/580 576/576 604/604
f 577/577 604/604 576/576
f 605/605 606/606 607/607
f 608/608 607/607 606/606
f 609/609 610/610 611/611
f 612/612 611/611 610/610
f 606/606 605/605 613/613
f 614/614 613/613 605/605
f 608/608 610/610 607/607
f 609/609 607/607 610/610
f 615/615 616/616 617/617
f 618/618 617/617 616/616
f 612/612 615/615 611/611
f 617/617 611/611 615/615
f 558/558 619/619 560/560
f 620/620 560/560 619/619
f 621/621 622/622 548/548
f 557/557 548/548 622/622
f 623/623 622/622 609/609
f 607/607 609/609 622/622
f 619/619 558/558 624/624
f 554/554 624/624 558/558
f 624/624 554/554 623/623
f 552/552 623/623 554/554
f 625/625 527/527 626/626
f 529/529 626/626 527/527
f 627/627 628/628 516/516
f 517/517 516/516 628/628
f 629/629 630/630 631/631
f 632/632 631/631 630/630
f 632/632 630/630 633/633
f 634/634 633/633 630/630
f 633/633 634/634 635/635
f 636/636 635/635 634/634
f 629/629 631/631 637/637
f 638/638 637/637 631/631
f 639/639 640/640 641/641
f 642/642 641/641 640/640
f 640/640 643/643 644/644
f 645/645 644/644 643/643
f 646/646 641/641 642/642
f 310/310 647/647 311/311
f 648/648 311/311 647/647
f 311/311 648/648 161/161
f 506/506 161/161 648/648
f 648/648 647/647 649/649
f 650/650 649/649 647/647
f 499/499 502/502 651/651
f 641/641 651/651 502/502
f 652/652 653/653 633/633
f 632/632 633/633 653/653
f 654/654 655/655 656/656
f 657/657 656/656 655/655
f 632/632 653/653 631/631
f 658/658 631/631 653/653
f 659/659 660/660 657/657
f 661/661 657/657 660/660
f 662/662 656/656 663/663
f 664/664 665/665 653/653
f 658/658 653/653 665/665
f 666/666 667/667 668/668
f 669/669 668/668 667/667
f 660/660 665/665 644/644
f 670/670 644/644 665/665
f 671/671 672/672 662/662
f 656/656 662/662 672/672
f 673/673 674/674 629/629
f 630/630 629/629 674/674
f 675/675 676/676 677/677
f 637/637 678/678 679/679
f 630/630 674/674 634/634
f 680/680 634/634 674/674
f 680/680 681/681 634/634
f 636/636 634/634 681/681
f 679/679 673/673 637/637
f 629/629 637/637 673/673
f 682/682 683/683 684/684
f 685/685 686/686 683/683
f 686/686 687/687 688/688
f 689/689 690/690 691/691
f 692/692 689/689 691/691
f 686/686 688/688 693/693
f 694/694 225/225 564/564
f 515/515 694/694 695/695
f 684/684 514/514 523/523
f 696/696 697/697 362/362
f 526/526 697/697 698/698
f 683/683 512/512 684/684
f 692/692 691/691 699/699
f 700/700 523/523 522/522
f 699/699 696/696 368/368
f 371/371 701/701 369/369
f 372/372 530/530 693/693
f 508/508 702/702 700/700
f 703/703 704/704 705/705
f 703/703 706/706 707/707
f 708/708 533/533 536/536
f 514/514 695/695 524/524
f 515/515 695/695 514/514
f 526/526 525/525 709/709
f 692/692 699/699 509/509
f 692/692 700/700 522/522
f 682/682 702/702 562/562
f 526/526 698/698 381/381
f 520/520 710/710 518/518
f 528/528 518/518 710/710
f 526/526 709/709 711/711
f 712/712 547/547 540/540
f 536/536 533/533 534/534
f 706/706 705/705 713/713
f 713/713 714/714 706/706
f 713/713 715/715 712/712
f 716/716 715/715 705/705
f 716/716 556/556 555/555
f 695/695 694/694 564/564
f 225/225 694/694 389/389
f 515/515 389/389 694/694
f 511/511 699/699 368/368
f 717/717 511/511 368/368
f 710/710 683/683 686/686
f 391/391 529/529 530/530
f 562/562 687/687 685/685
f 561/561 718/718 687/687
f 693/693 688/688 393/393
f 541/541 543/543 551/551
f 546/546 535/535 537/537
f 538/538 551/551 545/545
f 544/544 542/542 550/550
f 545/545 551/551 553/553
f 546/546 559/559 535/535
f 711/711 697/697 526/526
f 508/508 562/562 702/702
f 685/685 683/683 682/682
f 395/395 719/719 368/368
f 685/685 687/687 686/686
f 693/693 710/710 686/686
f 522/522 689/689 692/692
f 551/551 539/539 541/541
f 551/551 538/538 539/539
f 172/172 389/389 515/515
f 512/512 683/683 710/710
f 520/520 512/512 710/710
f 561/561 510/510 718/718
f 523/523 702/702 682/682
f 719/719 717/717 368/368
f 701/701 371/371 688/688
f 371/371 393/393 688/688
f 690/690 698/698 691/691
f 716/716 547/547 715/715
f 705/705 704/704 720/720
f 716/716 555/555 547/547
f 716/716 720/720 556/556
f 708/708 707/707 533/533
f 531/531 713/713 712/712
f 531/531 712/712 532/532
f 531/531 533/533 714/714
f 707/707 714/714 533/533
f 713/713 705/705 715/715
f 531/531 714/714 713/713
f 712/712 715/715 547/547
f 512/512 514/514 684/684
f 701/701 688/688 687/687
f 718/718 701/701 687/687
f 718/718 719/719 701/701
f 699/699 511/511 509/509
f 692/692 509/509 700/700
f 712/712 540/540 532/532
f 562/562 561/561 687/687
f 523/523 700/700 702/702
f 698/698 696/696 691/691
f 682/682 684/684 523/523
f 698/698 697/697 696/696
f 696/696 362/362 397/397
f 526/526 381/381 183/183
f 707/707 706/706 714/714
f 705/705 720/720 716/716
f 369/369 701/701 719/719
f 717/717 719/719 718/718
f 511/511 717/717 510/510
f 368/368 696/696 397/397
f 372/372 693/693 393/393
f 391/391 530/530 372/372
f 569/569 721/721 568/568
f 576/576 572/572 574/574
f 574/574 573/573 722/722
f 574/574 722/722 575/575
f 575/575 722/722 723/723
f 721/721 724/724 725/725
f 578/578 572/572 576/576
f 724/724 721/721 584/584
f 588/588 587/587 726/726
f 721/721 569/569 583/583
f 584/584 721/721 583/583
f 725/725 568/568 721/721
f 600/600 601/601 727/727
f 572/572 573/573 574/574
f 621/621 728/728 605/605
f 614/614 605/605 728/728
f 729/729 406/406 195/195
f 628/628 729/729 517/517
f 517/517 729/729 195/195
f 626/626 529/529 391/391
f 730/730 731/731 638/638
f 637/637 638/638 731/731
f 732/732 733/733 734/734
f 676/676 734/734 733/733
f 505/505 506/506 735/735
f 736/736 668/668 669/669
f 737/737 643/643 738/738
f 735/735 738/738 643/643
f 646/646 736/736 651/651
f 419/419 736/736 418/418
f 651/651 736/736 420/420
f 506/506 648/648 738/738
f 646/646 651/651 641/641
f 651/651 420/420 152/152
f 739/739 639/639 641/641
f 641/641 502/502 739/739
f 736/736 419/419 420/420
f 740/740 733/733 654/654
f 631/631 658/658 659/659
f 741/741 652/652 633/633
f 656/656 740/740 654/654
f 730/730 638/638 655/655
f 655/655 659/659 657/657
f 633/633 635/635 741/741
f 672/672 740/740 656/656
f 733/733 732/732 654/654
f 638/638 659/659 655/655
f 638/638 631/631 659/659
f 736/736 669/669 742/742
f 743/743 652/652 741/741
f 510/510 717/717 718/718
f 427/427 626/626 391/391
f 699/699 691/691 696/696
f 508/508 700/700 509/509
f 682/682 562/562 685/685
f 369/369 719/719 395/395
f 418/418 736/736 742/742
f 651/651 152/152 499/499
f 703/703 705/705 706/706
f 744/744 745/745 746/746
f 747/747 746/746 745/745
f 748/748 749/749 746/746
f 744/744 746/746 749/749
f 750/750 751/751 752/752
f 753/753 752/752 751/751
f 754/754 755/755 677/677
f 756/756 677/677 755/755
f 673/673 679/679 757/757
f 758/758 757/757 679/679
f 750/750 749/749 751/751
f 759/759 752/752 753/753
f 760/760 761/761 762/762
f 763/763 764/764 757/757
f 764/764 761/761 760/760
f 751/751 749/749 748/748
f 765/765 746/746 747/747
f 766/766 767/767 768/768
f 769/769 768/768 767/767
f 770/770 771/771 772/772
f 773/773 772/772 771/771
f 773/773 771/771 774/774
f 775/775 774/774 771/771
f 768/768 770/770 776/776
f 772/772 776/776 770/770
f 768/768 769/769 770/770
f 777/777 770/770 769/769
f 769/769 767/767 778/778
f 779/779 778/778 767/767
f 780/780 781/781 782/782
f 783/783 782/782 781/781
f 784/784 785/785 786/786
f 782/782 786/786 785/785
f 782/782 783/783 786/786
f 787/787 786/786 783/783
f 785/785 788/788 782/782
f 780/780 782/782 788/788
f 766/766 789/789 790/790
f 791/791 778/778 792/792
f 776/776 793/793 766/766
f 781/781 794/794 789/789
f 795/795 793/793 783/783
f 794/794 788/788 796/796
f 797/797 796/796 788/788
f 798/798 779/779 797/797
f 794/794 781/781 780/780
f 780/780 788/788 794/794
f 795/795 789/789 766/766
f 779/779 798/798 792/792
f 779/779 792/792 778/778
f 779/779 767/767 799/799
f 779/779 799/799 796/796
f 791/791 800/800 801/801
f 791/791 802/802 800/800
f 769/769 778/778 801/801
f 795/795 781/781 789/789
f 797/797 779/779 796/796
f 795/795 766/766 793/793
f 797/797 788/788 785/785
f 776/776 766/766 768/768
f 777/777 801/801 800/800
f 791/791 801/801 778/778
f 771/771 777/777 775/775
f 770/770 777/777 771/771
f 798/798 785/785 784/784
f 783/783 793/793 787/787
f 795/795 783/783 781/781
f 797/797 785/785 798/798
f 769/769 801/801 777/777
f 775/775 777/777 800/800
f 774/774 775/775 802/802
f 800/800 802/802 775/775
f 736/736 646/646 668/668
f 803/803 668/668 646/646
f 666/666 664/664 652/652
f 653/653 652/652 664/664
f 652/652 743/743 666/666
f 667/667 666/666 743/743
f 671/671 662/662 804/804
f 664/664 666/666 803/803
f 668/668 803/803 666/666
f 670/670 642/642 644/644
f 640/640 644/644 642/642
f 639/639 735/735 640/640
f 643/643 640/640 735/735
f 646/646 642/642 803/803
f 803/803 642/642 670/670
f 645/645 661/661 644/644
f 660/660 644/644 661/661
f 659/659 658/658 660/660
f 665/665 660/660 658/658
f 805/805 663/663 645/645
f 661/661 645/645 663/663
f 803/803 670/670 664/664
f 665/665 664/664 670/670
f 643/643 737/737 645/645
f 805/805 645/645 737/737
f 650/650 804/804 649/649
f 671/671 804/804 650/650
f 649/649 737/737 648/648
f 738/738 648/648 737/737
f 804/804 662/662 805/805
f 663/663 805/805 662/662
f 804/804 805/805 649/649
f 737/737 649/649 805/805
f 506/506 738/738 735/735
f 663/663 656/656 657/657
f 663/663 657/657 661/661
f 806/806 807/807 754/754
f 755/755 754/754 807/807
f 763/763 758/758 808/808
f 809/809 808/808 758/758
f 760/760 762/762 680/680
f 681/681 680/680 762/762
f 674/674 673/673 810/810
f 757/757 810/810 673/673
f 674/674 810/810 680/680
f 760/760 680/680 810/810
f 809/809 758/758 811/811
f 679/679 811/811 758/758
f 758/758 763/763 757/757
f 757/757 764/764 810/810
f 764/764 760/760 810/810
f 618/618 620/620 617/617
f 619/619 617/617 620/620
f 605/605 607/607 621/621
f 622/622 621/621 607/607
f 552/552 557/557 623/623
f 622/622 623/623 557/557
f 617/617 619/619 611/611
f 624/624 611/611 619/619
f 611/611 624/624 609/609
f 623/623 609/609 624/624
f 548/548 549/549 621/621
f 728/728 621/621 549/549
f 655/655 654/654 730/730
f 732/732 730/730 654/654
f 731/731 730/730 734/734
f 732/732 734/734 730/730
f 808/808 809/809 807/807
f 755/755 807/807 809/809
f 809/809 678/678 755/755
f 675/675 755/755 678/678
f 790/790 767/767 766/766
f 799/799 767/767 790/790
f 739/739 507/507 505/505
f 503/503 505/505 507/507
f 639/639 739/739 735/735
f 505/505 735/735 739/739
f 516/516 518/518 527/527
f 528/528 527/527 518/518
f 627/627 516/516 625/625
f 527/527 625/625 516/516
f 693/693 530/530 710/710
f 528/528 710/710 530/530
f 502/502 507/507 739/739

g tw_mount_anxinchonglang_01
v 2.837254 37.314350 104.802400
v 3.616894 37.659000 102.064400
v -0.072472 39.274210 100.947100
v -0.044372 37.202720 105.460200
v 6.355136 38.095430 96.456550
v 2.891562 39.209300 95.418390
v 3.485726 38.505600 99.227660
v 4.163227 35.956630 99.344920
v 3.868060 36.158130 104.114400
v 1.973462 35.900170 107.289600
v -0.157245 40.428960 95.687360
v 4.520609 35.102600 100.953100
v -0.035644 36.184700 108.088700
v 3.256474 35.157020 105.709700
v 2.706823 38.872490 92.059410
v -0.226713 39.227240 91.745680
v 5.294181 38.673380 94.664600
v 1.790204 35.793740 108.278300
v 1.973462 35.900170 107.289600
v -0.035644 36.184700 108.088700
v -0.026722 35.968080 108.821600
v 1.464262 30.341790 106.159500
v 2.244021 30.880480 105.105900
v 2.365015 31.436570 106.676900
v 1.474299 31.206120 107.371400
v 2.036373 34.120900 108.390100
v 1.491060 35.030360 108.335400
v -0.017800 35.094510 108.707600
v -0.091373 33.482730 108.977000
v 2.703015 34.326900 102.454500
v 3.861528 35.045990 103.657700
v 3.562802 33.901410 104.322300
v 2.801768 33.442200 103.304300
v 1.706535 32.989500 99.857890
v 3.576574 33.648340 101.559800
v 2.405065 33.496930 101.404800
v 3.971279 33.700720 100.287900
v 3.600654 33.206740 98.895710
v 4.520609 35.102600 100.953100
v 3.861528 35.045990 103.657700
v 4.406172 35.785220 102.556600
v 4.163227 35.956630 99.344920
v 1.265654 32.730670 97.020850
v 3.287193 32.183350 97.728910
v 2.443365 32.432000 99.033770
v 1.904963 33.120220 98.288480
v 4.286912 32.275240 95.887250
v 4.613637 33.423320 95.489720
v 4.762306 34.653080 96.771130
v 4.517994 32.989300 97.171970
v 1.285986 31.506100 95.992440
v 3.641715 31.377760 96.474150
v 2.201021 30.786320 95.468530
v 3.052832 30.601850 95.441960
v 1.699567 30.392460 94.379490
v 4.517994 32.989300 97.171970
v 3.600654 33.206740 98.895710
v 4.319745 31.245020 94.808120
v 3.097393 30.551920 94.026880
v 4.286912 32.275240 95.887250
v 2.708267 33.096580 100.211500
v 1.169635 32.724620 97.200110
v 0.243819 32.120510 96.365250
v 1.275196 31.604830 96.287900
v 0.131388 33.051510 97.288890
v 4.126799 33.937220 101.395000
v 3.971279 33.700720 100.287900
v 0.844684 29.510900 105.469400
v 0.104813 29.555140 106.522300
v -0.867935 29.367140 105.867100
v -0.275298 29.195010 104.825900
v 2.266954 32.570770 107.845600
v 0.255527 31.870820 108.502300
v 4.126799 33.937220 101.395000
v 3.562802 33.901410 104.322300
v 4.126799 33.937220 101.395000
v -0.044372 37.202720 105.460200
v -3.377437 37.741760 101.807500
v -2.987719 37.165130 103.284300
v -3.778020 35.155340 103.325400
v -3.372494 34.673450 105.382200
v -3.054459 36.777700 105.051100
v -3.074522 37.686180 98.948940
v -2.865981 39.418870 95.367140
v -4.694204 37.451220 94.949900
v -4.004150 35.976980 98.298830
v -3.916666 35.596170 102.434600
v -4.132538 35.858880 100.788900
v -3.054459 36.777700 105.051100
v -1.833142 35.717580 107.306800
v -0.035644 36.184700 108.088700
v -0.226713 39.227240 91.745680
v -2.282800 38.729320 91.987280
v -4.060740 37.955830 93.295900
v -1.782702 34.701510 108.183300
v -0.017800 35.094510 108.707600
v -0.026722 35.968080 108.821600
v -1.807922 35.538020 108.168500
v -3.066577 33.196290 103.898300
v -2.601868 31.605790 104.264100
v -3.048777 32.031200 105.239800
v -2.532372 30.476650 105.983300
v -3.457239 31.012700 104.557000
v -2.092147 29.846440 104.767800
v -3.143983 32.706370 107.139800
v -3.455894 33.324760 105.498900
v -2.563757 31.547250 106.561000
v -3.372494 34.673450 105.382200
v -1.881697 33.431410 108.465700
v -0.091373 33.482730 108.977000
v -2.750928 33.831570 107.316500
v -3.048777 32.031200 105.239800
v -2.563757 31.547250 106.561000
v -2.638929 33.769840 103.006400
v -2.864771 32.763340 102.358000
v -3.778020 35.155340 103.325400
v -3.534285 34.112320 102.290000
v -3.372494 34.673450 105.382200
v -4.418102 34.654300 101.011200
v -4.202723 34.789870 102.272000
v -3.916666 35.596170 102.434600
v -4.132538 35.858880 100.788900
v -3.394034 33.372670 100.962500
v -2.215919 33.837670 101.381800
v -2.857986 34.239060 102.270500
v -4.661291 32.725630 96.690350
v -4.619348 33.531070 98.278660
v -5.222233 34.596690 97.987960
v -5.088835 33.602830 95.992560
v -1.374763 33.135820 97.566640
v -3.151340 32.410550 98.470740
v -2.457567 32.517610 96.762010
v -3.831799 32.094370 94.997550
v -3.309804 31.500450 95.695690
v -3.919544 34.687670 99.357880
v -2.331113 30.045400 94.318320
v -2.270487 31.741500 96.316800
v -3.695443 32.485860 97.233560
v -3.978422 35.682810 98.981850
v -1.588613 33.379610 99.030430
v -1.675192 29.776250 103.982000
v -1.477677 31.498500 107.812700
v 0.255527 31.870820 108.502300
v -1.477677 31.498500 107.812700
v -1.267316 30.296250 107.053500
v -2.638929 33.769840 103.006400
v 4.722634 31.886910 94.354690
v 4.319745 31.245020 94.808120
v -1.833142 35.717580 107.306800
v 4.722634 31.886910 94.354690
v -0.035644 36.184700 108.088700
v 0.013245 36.968430 106.905900
v -1.566209 36.682140 106.358400
v -1.833141 35.717580 107.306800
v 0.153747 37.973940 105.642800
v 0.161936 39.210570 103.035600
v -2.361351 37.936900 102.655200
v -1.571478 37.172600 104.810100
v 0.146016 39.671130 100.493300
v -2.278728 38.414430 101.055700
v 0.318492 40.688820 97.897980
v -2.791673 39.089600 97.797490
v -0.497050 40.192990 93.016690
v -1.301804 40.179920 94.274040
v 0.348225 40.998410 96.162770
v -2.097225 39.873260 94.924660
v 0.318492 40.688820 97.897980
v 0.668427 36.037840 107.670500
v 1.973462 35.900170 107.289600
v 1.770511 36.522860 106.266500
v 2.022959 37.338460 105.051200
v 2.134062 38.208910 102.756500
v 2.650491 38.761910 100.624600
v 0.146016 39.671130 100.493300
v 3.045714 38.990390 97.815430
v 0.318492 40.688820 97.897980
v 1.502848 39.827220 94.404530
v 2.723583 39.321090 96.418460
v 0.348225 40.998410 96.162770
v -1.566209 36.682140 106.358400
v -3.547713 35.171610 102.966200
v -4.036522 35.168830 101.182100
v -2.848853 33.714690 101.130900
v -4.692863 35.148890 98.042660
v -3.806074 33.248460 97.926250
v -3.192408 33.522460 98.685910
v -3.423079 35.052780 99.309800
v -3.423079 35.052780 99.309800
v -4.036522 35.168830 101.182100
v -3.621847 36.426270 99.154850
v -3.597916 36.476320 98.074650
v -4.692863 35.148890 98.042660
v -4.944942 35.771200 97.536420
v -3.634178 36.789940 100.531300
v -3.547713 35.171610 102.966200
v -5.542140 34.849550 97.700360
v -4.944942 35.771200 97.536420
v -5.227886 37.132400 96.647130
v -5.542140 34.849550 97.700360
v 5.214401 37.078790 97.576330
v 4.166645 36.720340 98.862430
v 3.983742 35.809170 99.067930
v 4.842882 35.605400 98.030140
v 3.987774 38.211430 96.985410
v 3.255191 37.793260 99.172000
v 5.214401 37.078790 97.576330
v 5.789003 37.479370 96.491900
v 5.172578 38.545960 95.313410
v 4.166645 36.720340 98.862430
v 3.956954 36.257560 100.009300
v 5.665396 36.273460 96.897150
v 3.956954 36.257560 100.009300
v 5.665396 36.273460 96.897150
v -4.028083 37.434210 95.894510
v -3.171527 31.962280 102.405400
v -2.691475 32.304260 100.976100
v -2.281512 32.127600 100.969300
v -2.512351 31.651930 102.207200
v -3.109421 32.579490 102.472600
v -2.613766 32.560200 100.848100
v 3.166128 32.409180 105.392200
v 3.562802 33.901410 104.322300
v 2.753202 32.681380 102.963200
v 2.801768 33.442200 103.304300
v 3.256474 35.157020 105.709700
v 3.525006 34.001010 106.539700
v 3.584663 34.020200 105.790000
v 3.224236 33.954980 107.234400
v 2.669466 31.942090 103.265800
v -3.375194 32.266770 103.819700
v -3.643080 31.378420 103.581100
v -1.748239 32.075140 99.182880
v 1.464262 30.341790 106.159500
v 1.474299 31.206120 107.371400
v 0.657252 29.971840 107.010000
v -0.044331 30.679190 107.767700
v 0.255527 31.870820 108.502300
v -2.393179 31.087960 102.938600
v -0.035644 36.184700 108.088700
v -1.833142 35.717580 107.306800
vt 0.899550 0.486490 0.000000
vt 0.871807 0.371372 0.000000
vt 0.990904 0.341783 0.000000
vt 0.988569 0.529304 0.000000
vt 0.710449 0.145771 0.000000
vt 0.869759 0.176567 0.000000
vt 0.861992 0.273037 0.000000
vt 0.729786 0.268430 0.000000
vt 0.829914 0.490497 0.000000
vt 0.930428 0.623155 0.000000
vt 0.991634 0.183169 0.000000
vt 0.754602 0.388412 0.000000
vt 0.979063 0.635613 0.000000
vt 0.865642 0.622437 0.000000
vt 0.876845 0.058751 0.000000
vt 0.991634 0.023049 0.000000
vt 0.746867 0.080259 0.000000
vt 0.953403 0.900801 0.000000
vt 0.961562 0.874384 0.000000
vt 0.983051 0.978316 0.000000
vt 0.960137 0.985279 0.000000
vt 0.733870 0.863981 0.000000
vt 0.750183 0.817865 0.000000
vt 0.782078 0.878992 0.000000
vt 0.776593 0.909007 0.000000
vt 0.880098 0.913038 0.000000
vt 0.922065 0.917961 0.000000
vt 0.944133 0.975260 0.000000
vt 0.880169 0.974938 0.000000
vt 0.323582 0.407045 0.000000
vt 0.439793 0.433547 0.000000
vt 0.379631 0.517869 0.000000
vt 0.350379 0.652511 0.000000
vt 0.291527 0.312388 0.000000
vt 0.384292 0.362635 0.000000
vt 0.305708 0.377039 0.000000
vt 0.813063 0.373941 0.000000
vt 0.794849 0.309036 0.000000
vt 0.859566 0.367476 0.000000
vt 0.765621 0.506446 0.000000
vt 0.787525 0.433039 0.000000
vt 0.912259 0.291801 0.000000
vt 0.277828 0.217557 0.000000
vt 0.350519 0.209134 0.000000
vt 0.348724 0.267698 0.000000
vt 0.293164 0.261365 0.000000
vt 0.755925 0.175211 0.000000
vt 0.868097 0.123008 0.000000
vt 0.880949 0.219452 0.000000
vt 0.771200 0.220168 0.000000
vt 0.289262 0.153569 0.000000
vt 0.375330 0.154083 0.000000
vt 0.334832 0.100801 0.000000
vt 0.371239 0.098287 0.000000
vt 0.339138 0.021018 0.000000
vt 0.422586 0.202977 0.000000
vt 0.422486 0.261180 0.000000
vt 0.447296 0.095991 0.000000
vt 0.414133 0.033633 0.000000
vt 0.441255 0.150704 0.000000
vt 0.370297 0.314430 0.000000
vt 0.274884 0.231248 0.000000
vt 0.225867 0.179173 0.000000
vt 0.282575 0.159745 0.000000
vt 0.228775 0.241980 0.000000
vt 0.429671 0.334637 0.000000
vt 0.429763 0.299933 0.000000
vt 0.706649 0.917277 0.000000
vt 0.655776 0.920586 0.000000
vt 0.659795 0.874291 0.000000
vt 0.706649 0.866731 0.000000
vt 0.834560 0.912606 0.000000
vt 0.813532 0.975189 0.000000
vt 0.822747 0.401824 0.000000
vt 0.791439 0.625239 0.000000
vt 0.755461 0.451623 0.000000
vt 0.991634 0.573546 0.000000
vt 0.873813 0.422487 0.000000
vt 0.866593 0.531128 0.000000
vt 0.788275 0.601133 0.000000
vt 0.789251 0.634339 0.000000
vt 0.873485 0.587041 0.000000
vt 0.857312 0.322939 0.000000
vt 0.879436 0.176344 0.000000
vt 0.710449 0.145771 0.000000
vt 0.757025 0.339650 0.000000
vt 0.769625 0.535087 0.000000
vt 0.745962 0.439093 0.000000
vt 0.874324 0.591197 0.000000
vt 0.871360 0.637793 0.000000
vt 0.979599 0.641892 0.000000
vt 0.955711 0.061853 0.000000
vt 0.876845 0.048813 0.000000
vt 0.746867 0.080259 0.000000
vt 0.404545 0.909037 0.000000
vt 0.395906 0.967297 0.000000
vt 0.375525 0.983955 0.000000
vt 0.381894 0.910518 0.000000
vt 0.462245 0.724435 0.000000
vt 0.529372 0.735610 0.000000
vt 0.514151 0.777301 0.000000
vt 0.625100 0.825801 0.000000
vt 0.636147 0.767327 0.000000
vt 0.673551 0.809206 0.000000
vt 0.489796 0.857465 0.000000
vt 0.455327 0.787716 0.000000
vt 0.537655 0.831055 0.000000
vt 0.404544 0.789952 0.000000
vt 0.462969 0.922544 0.000000
vt 0.463670 0.973975 0.000000
vt 0.436656 0.865045 0.000000
vt 0.591272 0.772951 0.000000
vt 0.578100 0.836905 0.000000
vt 0.436104 0.688771 0.000000
vt 0.476343 0.659225 0.000000
vt 0.565650 0.127729 0.000000
vt 0.597054 0.219425 0.000000
vt 0.601812 0.082034 0.000000
vt 0.538452 0.316638 0.000000
vt 0.550207 0.221194 0.000000
vt 0.507234 0.208924 0.000000
vt 0.483355 0.327501 0.000000
vt 0.640697 0.335910 0.000000
vt 0.734515 0.264073 0.000000
vt 0.647068 0.235114 0.000000
vt 0.546789 0.547329 0.000000
vt 0.557890 0.470547 0.000000
vt 0.504439 0.463602 0.000000
vt 0.489502 0.551586 0.000000
vt 0.718679 0.514774 0.000000
vt 0.637341 0.474270 0.000000
vt 0.658583 0.564587 0.000000
vt 0.513676 0.636680 0.000000
vt 0.579736 0.621197 0.000000
vt 0.541162 0.391990 0.000000
vt 0.586338 0.703809 0.000000
vt 0.647754 0.609181 0.000000
vt 0.612929 0.543242 0.000000
vt 0.488797 0.404428 0.000000
vt 0.711330 0.437415 0.000000
vt 0.708158 0.802565 0.000000
vt 0.541719 0.889882 0.000000
vt 0.530626 0.973857 0.000000
vt 0.574730 0.896661 0.000000
vt 0.613260 0.891421 0.000000
vt 0.644547 0.165495 0.000000
vt 0.830536 0.081410 0.000000
vt 0.777344 0.092586 0.000000
vt 0.369671 0.884412 0.000000
vt 0.487575 0.047147 0.000000
vt 0.180784 0.348215 0.000000
vt 0.181527 0.410532 0.000000
vt 0.265881 0.414874 0.000000
vt 0.261280 0.346531 0.000000
vt 0.192390 0.532928 0.000000
vt 0.192936 0.647529 0.000000
vt 0.341795 0.634908 0.000000
vt 0.312021 0.523700 0.000000
vt 0.195727 0.750393 0.000000
vt 0.341524 0.734912 0.000000
vt 0.197154 0.808945 0.000000
vt 0.372006 0.844845 0.000000
vt 0.196919 0.997382 0.000000
vt 0.246542 0.994773 0.000000
vt 0.199044 0.862357 0.000000
vt 0.310137 0.977665 0.000000
vt 0.192403 0.802460 0.000000
vt 0.194679 0.340656 0.000000
vt 0.117462 0.369209 0.000000
vt 0.112832 0.409885 0.000000
vt 0.064050 0.519435 0.000000
vt 0.038247 0.636101 0.000000
vt 0.039616 0.735343 0.000000
vt 0.190885 0.750392 0.000000
vt 0.003778 0.806420 0.000000
vt 0.198118 0.809806 0.000000
vt 0.095539 0.984917 0.000000
vt 0.028759 0.879924 0.000000
vt 0.195633 0.866567 0.000000
vt 0.264664 0.414116 0.000000
vt 0.859566 0.367476 0.000000
vt 0.794849 0.309036 0.000000
vt 0.912259 0.291801 0.000000
vt 0.755925 0.175211 0.000000
vt 0.868097 0.123008 0.000000
vt 0.880949 0.219452 0.000000
vt 0.771200 0.220168 0.000000
vt 0.422586 0.202977 0.000000
vt 0.422486 0.261180 0.000000
vt 0.350519 0.209134 0.000000
vt 0.375330 0.154083 0.000000
vt 0.441255 0.150704 0.000000
vt 0.447296 0.095991 0.000000
vt 0.348724 0.267698 0.000000
vt 0.429763 0.299933 0.000000
vt 0.830536 0.081410 0.000000
vt 0.777344 0.092586 0.000000
vt 0.414133 0.033633 0.000000
vt 0.487575 0.047147 0.000000
vt 0.766634 0.133899 0.000000
vt 0.771200 0.220168 0.000000
vt 0.880949 0.219452 0.000000
vt 0.868097 0.123008 0.000000
vt 0.309189 0.143182 0.000000
vt 0.350519 0.209134 0.000000
vt 0.444276 0.123348 0.000000
vt 0.414133 0.033633 0.000000
vt 0.339138 0.021018 0.000000
vt 0.422586 0.202977 0.000000
vt 0.422486 0.261180 0.000000
vt 0.830536 0.081410 0.000000
vt 0.853554 0.300419 0.000000
vt 0.487575 0.047147 0.000000
vt 0.339138 0.021018 0.000000
vt 0.675180 0.691090 0.000000
vt 0.690823 0.650630 0.000000
vt 0.707438 0.656331 0.000000
vt 0.707749 0.700147 0.000000
vt 0.655111 0.680954 0.000000
vt 0.677279 0.647866 0.000000
vt 0.814783 0.820300 0.000000
vt 0.870190 0.767464 0.000000
vt 0.819511 0.723185 0.000000
vt 0.844885 0.728157 0.000000
vt 0.930088 0.817468 0.000000
vt 0.882957 0.848941 0.000000
vt 0.880161 0.822749 0.000000
vt 0.875240 0.868828 0.000000
vt 0.784351 0.743705 0.000000
vt 0.627426 0.719272 0.000000
vt 0.656259 0.729257 0.000000
vt 0.707708 0.581877 0.000000
vt 0.700732 0.953537 0.000000
vt 0.651082 0.983940 0.000000
vt 0.654441 0.949747 0.000000
vt 0.613633 0.946905 0.000000
vt 0.582853 0.975232 0.000000
vt 0.707651 0.736834 0.000000
vt 0.360202 0.982946 0.000000
vt 0.869525 0.637785 0.000000
usemtl Material_4
f 812/812 813/813 814/814
f 814/814 815/815 812/812
f 816/816 817/817 818/818
f 818/818 819/819 816/816
f 812/812 820/820 813/813
f 815/815 821/821 812/812
f 818/818 817/817 822/822
f 822/822 814/814 818/818
f 823/823 819/819 818/818
f 818/818 813/813 823/823
f 821/821 815/815 824/824
f 821/821 825/825 820/820
f 820/820 812/812 821/821
f 817/817 826/826 827/827
f 827/827 822/822 817/817
f 816/816 828/828 817/817
f 814/814 813/813 818/818
f 829/829 830/830 831/831
f 831/831 832/832 829/829
f 833/833 834/834 835/835
f 835/835 836/836 833/833
f 837/837 838/838 839/839
f 839/839 840/840 837/837
f 841/841 842/842 843/843
f 843/843 844/844 841/841
f 845/845 846/846 847/847
f 848/848 849/849 850/850
f 820/820 851/851 852/852
f 841/841 846/846 842/842
f 850/850 849/849 853/853
f 854/854 855/855 856/856
f 856/856 857/857 854/854
f 858/858 859/859 860/860
f 860/860 861/861 858/858
f 862/862 863/863 855/855
f 855/855 854/854 862/862
f 864/864 865/865 863/863
f 863/863 862/862 864/864
f 866/866 865/865 864/864
f 867/867 868/868 855/855
f 855/855 863/863 867/867
f 863/863 865/865 869/869
f 865/865 866/866 870/870
f 870/870 869/869 865/865
f 867/867 863/863 871/871
f 863/863 869/869 871/871
f 845/845 857/857 872/872
f 873/873 874/874 875/875
f 873/873 876/876 874/874
f 842/842 846/846 877/877
f 877/877 846/846 872/872
f 856/856 878/878 872/872
f 879/879 880/880 881/881
f 881/881 882/882 879/879
f 883/883 837/837 840/840
f 840/840 884/884 883/883
f 848/848 850/850 885/885
f 825/825 886/886 851/851
f 851/851 820/820 825/825
f 845/845 872/872 846/846
f 877/877 872/872 878/878
f 841/841 847/847 846/846
f 856/856 868/868 878/878
f 820/820 852/852 813/813
f 887/887 823/823 852/852
f 852/852 851/851 887/887
f 852/852 823/823 813/813
f 888/888 814/814 889/889
f 889/889 890/890 888/888
f 891/891 892/892 893/893
f 894/894 895/895 896/896
f 896/896 897/897 894/894
f 898/898 890/890 889/889
f 889/889 899/899 898/898
f 890/890 893/893 888/888
f 814/814 822/822 895/895
f 895/895 894/894 814/814
f 894/894 897/897 899/899
f 899/899 889/889 894/894
f 900/900 901/901 902/902
f 902/902 888/888 900/900
f 893/893 890/890 898/898
f 898/898 891/891 893/893
f 903/903 904/904 895/895
f 895/895 822/822 903/903
f 895/895 904/904 905/905
f 905/905 896/896 895/895
f 889/889 814/814 894/894
f 906/906 907/907 908/908
f 908/908 909/909 906/906
f 910/910 911/911 912/912
f 913/913 914/914 915/915
f 916/916 917/917 912/912
f 912/912 918/918 916/916
f 910/910 917/917 919/919
f 920/920 921/921 907/907
f 907/907 906/906 920/920
f 922/922 920/920 906/906
f 923/923 914/914 913/913
f 913/913 924/924 923/923
f 925/925 910/910 919/919
f 925/925 926/926 910/910
f 926/926 911/911 910/910
f 927/927 928/928 929/929
f 930/930 931/931 932/932
f 932/932 933/933 930/930
f 932/932 931/931 927/927
f 934/934 935/935 936/936
f 937/937 938/938 939/939
f 939/939 940/940 937/937
f 941/941 942/942 943/943
f 937/937 940/940 944/944
f 944/944 945/945 937/937
f 946/946 939/939 938/938
f 938/938 942/942 946/946
f 945/945 947/947 948/948
f 944/944 947/947 945/945
f 931/931 928/928 927/927
f 930/930 934/934 931/931
f 930/930 946/946 934/934
f 942/942 934/934 946/946
f 937/937 949/949 938/938
f 937/937 945/945 949/949
f 950/950 930/930 933/933
f 942/942 951/951 934/934
f 934/934 951/951 935/935
f 936/936 928/928 934/934
f 952/952 882/882 881/881
f 881/881 915/915 952/952
f 921/921 920/920 953/953
f 953/953 954/954 921/921
f 920/920 916/916 918/918
f 918/918 953/953 920/920
f 955/955 924/924 913/913
f 913/913 956/956 955/955
f 934/934 928/928 931/931
f 948/948 943/943 949/949
f 949/949 945/945 948/948
f 928/928 936/936 929/929
f 936/936 957/957 929/929
f 858/858 958/958 859/859
f 858/858 959/959 958/958
f 845/845 876/876 857/857
f 876/876 873/873 857/857
f 919/919 909/909 960/960
f 950/950 946/946 930/930
f 941/941 951/951 942/942
f 942/942 949/949 943/943
f 849/849 861/861 860/860
f 849/849 860/860 853/853
f 868/868 856/856 855/855
f 869/869 870/870 961/961
f 949/949 942/942 938/938
f 857/857 856/856 872/872
f 828/828 826/826 817/817
f 962/962 963/963 964/964
f 964/964 965/965 962/962
f 963/963 966/966 964/964
f 966/966 967/967 968/968
f 968/968 969/969 966/966
f 967/967 970/970 971/971
f 971/971 968/968 967/967
f 970/970 972/972 973/973
f 973/973 971/971 970/970
f 974/974 975/975 976/976
f 976/976 975/975 977/977
f 977/977 973/973 976/976
f 978/978 976/976 973/973
f 962/962 979/979 980/980
f 962/962 980/980 981/981
f 981/981 963/963 962/962
f 963/963 981/981 966/966
f 966/966 982/982 983/983
f 983/983 967/967 966/966
f 967/967 983/983 984/984
f 984/984 985/985 967/967
f 985/985 984/984 986/986
f 986/986 987/987 985/985
f 976/976 988/988 974/974
f 976/976 989/989 988/988
f 978/978 986/986 989/989
f 989/989 990/990 978/978
f 966/966 969/969 991/991
f 981/981 982/982 966/966
f 992/992 993/993 994/994
f 995/995 996/996 997/997
f 997/997 998/998 995/995
f 999/999 1000/1000 1001/1001
f 1001/1001 1002/1002 999/999
f 999/999 1002/1002 1003/1003
f 1002/1002 1004/1004 1003/1003
f 1005/1005 1000/1000 1006/1006
f 995/995 1007/1007 996/996
f 995/995 1008/1008 1007/1007
f 993/993 998/998 997/997
f 993/993 997/997 994/994
f 1000/1000 1005/1005 1001/1001
f 1004/1004 1009/1009 1010/1010
f 1011/1011 1012/1012 1013/1013
f 1013/1013 1014/1014 1011/1011
f 1015/1015 1016/1016 1017/1017
f 1015/1015 1017/1017 1018/1018
f 1018/1018 1019/1019 1015/1015
f 1020/1020 1016/1016 1021/1021
f 1011/1011 1014/1014 1022/1022
f 1023/1023 1013/1013 1012/1012
f 1017/1017 1024/1024 1018/1018
f 1016/1016 1020/1020 1017/1017
f 1009/1009 1004/1004 1002/1002
f 1002/1002 1025/1025 1009/1009
f 1026/1026 1027/1027 1028/1028
f 1028/1028 1029/1029 1026/1026
f 1026/1026 1030/1030 1031/1031
f 1031/1031 1027/1027 1026/1026
f 834/834 1032/1032 835/835
f 883/883 884/884 836/836
f 836/836 835/835 883/883
f 1033/1033 1034/1034 1035/1035
f 1036/1036 830/830 1037/1037
f 1037/1037 1038/1038 1036/1036
f 830/830 829/829 1039/1039
f 838/838 837/837 1039/1039
f 837/837 883/883 1039/1039
f 883/883 835/835 1039/1039
f 835/835 1037/1037 1039/1039
f 1032/1032 834/834 1040/1040
f 1033/1033 1032/1032 1040/1040
f 956/956 913/913 915/915
f 915/915 881/881 956/956
f 1041/1041 1042/1042 914/914
f 914/914 923/923 1041/1041
f 1027/1027 1043/1043 1028/1028
f 1031/1031 1043/1043 1027/1027
f 1044/1044 1045/1045 1046/1046
f 955/955 956/956 1047/1047
f 1047/1047 1048/1048 955/955
f 880/880 1046/1046 1047/1047
f 1047/1047 956/956 880/880
f 1045/1045 1048/1048 1047/1047
f 1047/1047 1046/1046 1045/1045
f 1026/1026 1029/1029 1049/1049
f 1049/1049 1042/1042 1026/1026
f 1041/1041 1030/1030 1026/1026
f 1026/1026 1042/1042 1041/1041
f 914/914 1042/1042 915/915
f 1049/1049 952/952 915/915
f 915/915 1042/1042 1049/1049
f 1032/1032 1033/1033 1038/1038
f 1033/1033 1036/1036 1038/1038
f 879/879 1044/1044 1046/1046
f 1046/1046 880/880 879/879
f 956/956 881/881 880/880
f 1033/1033 1040/1040 1034/1034
f 838/838 829/829 832/832
f 832/832 839/839 838/838
f 909/909 908/908 1050/1050
f 1050/1050 960/960 909/909
f 919/919 906/906 909/909
f 829/829 838/838 1039/1039
f 919/919 922/922 906/906
f 917/917 916/916 922/922
f 922/922 919/919 917/917
f 920/920 922/922 916/916
f 1032/1032 1038/1038 1037/1037
f 1037/1037 835/835 1032/1032
f 830/830 1039/1039 1037/1037
f 910/910 912/912 917/917
f 892/892 1051/1051 893/893

g tw_mount_anxinchonglang
v -0.088378 -60.635380 31.241360
v -4.466361 -61.243430 30.594870
v -0.098732 -68.948550 34.492370
v -0.117732 -51.064670 28.739610
v -0.123088 -36.520030 26.854050
v -11.742090 -36.868360 25.668530
v -8.589796 -51.387480 27.734250
v -0.102437 -18.839160 26.273120
v -13.606610 -18.863940 25.112620
v -9.469509 35.608820 26.138550
v -11.835380 18.493120 25.580710
v -0.104125 18.184970 26.624380
v -0.114811 35.454960 27.027910
v -13.136710 0.181627 25.215430
v -0.101300 0.073009 26.309550
v -7.294902 51.649850 26.971230
v -0.121559 51.513340 27.331550
v 4.466339 -61.243410 30.594870
v 8.589779 -51.387470 27.734240
v 11.742080 -36.868350 25.668530
v 13.606600 -18.863940 25.112630
v 9.469518 35.608810 26.138560
v 11.835390 18.493120 25.580720
v 13.136710 0.181623 25.215440
v 7.294916 51.649840 26.971230
v -0.101338 -70.393050 32.604800
v -4.586463 -62.703120 27.946000
v -0.088372 -63.052860 27.090750
v -0.117725 -52.899730 23.812250
v -8.819232 -52.480290 24.688900
v -12.054610 -37.578140 21.853880
v -0.123088 -37.768380 20.416810
v -13.967230 -18.945590 20.366530
v -0.102439 -18.945590 19.153210
v -9.722323 35.781950 22.017680
v -0.114810 36.148640 21.051500
v -0.104122 18.576430 19.583940
v -12.149440 18.576430 21.033850
v -13.485070 0.177767 20.736900
v -0.101295 0.177765 19.008190
v -7.491056 51.902050 23.382270
v -0.121556 51.512300 22.546080
v 4.586442 -62.703130 27.946000
v 12.054600 -37.578140 21.853880
v 8.819217 -52.480290 24.688910
v 13.967220 -18.945590 20.366530
v 9.722334 35.781950 22.017680
v 12.149450 18.576430 21.033860
v 13.485070 0.177763 20.736900
v 7.491071 51.902050 23.382270
v -0.101286 -71.443010 34.506320
v -5.712948 -62.909280 29.423940
v -4.586463 -62.703120 27.946000
v -0.101338 -70.393050 32.604800
v -10.556930 -52.695140 26.213790
v -14.119480 -37.801670 23.595980
v -12.054610 -37.578140 21.853880
v -8.819232 -52.480290 24.688900
v -13.967230 -18.945590 20.366530
v -15.795140 -18.934550 22.830130
v -13.905490 18.745040 23.233040
v -11.637900 36.082880 23.854320
v -9.722323 35.781950 22.017680
v -12.149440 18.576430 21.033850
v -15.337890 0.267584 23.047730
v -13.485070 0.177767 20.736900
v -4.758736 72.775130 27.134000
v -0.101303 69.555890 27.131370
v -0.101297 67.682210 24.885950
v -3.907128 70.313950 25.566640
v -9.016077 52.274720 25.108520
v -7.491056 51.902050 23.382270
v 5.712928 -62.909280 29.423940
v -0.101286 -71.443010 34.506320
v -0.101338 -70.393050 32.604800
v 4.586442 -62.703130 27.946000
v 14.119460 -37.801670 23.595990
v 10.556920 -52.695160 26.213790
v 8.819217 -52.480290 24.688910
v 12.054600 -37.578140 21.853880
v 13.967220 -18.945590 20.366530
v 15.795130 -18.934560 22.830140
v 11.637910 36.082870 23.854320
v 13.905490 18.745030 23.233050
v 12.149450 18.576430 21.033860
v 9.722334 35.781950 22.017680
v 15.337890 0.267579 23.047740
v 13.485070 0.177763 20.736900
v 9.016091 52.274710 25.108530
v 7.491071 51.902050 23.382270
v 4.758755 72.775130 27.134010
v 3.907148 70.313950 25.566640
v 11.742080 -36.868350 25.668530
v 8.589779 -51.387470 27.734240
v 10.556920 -52.695160 26.213790
v 14.119460 -37.801670 23.595990
v 4.466339 -61.243410 30.594870
v -0.098732 -68.948550 34.492370
v -0.101286 -71.443010 34.506320
v 5.712928 -62.909280 29.423940
v -0.098732 -68.948550 34.492370
v -4.466361 -61.243430 30.594870
v -5.712948 -62.909280 29.423940
v -0.101286 -71.443010 34.506320
v -8.589796 -51.387480 27.734250
v -11.742090 -36.868360 25.668530
v -14.119480 -37.801670 23.595980
v -10.556930 -52.695140 26.213790
v -15.795140 -18.934550 22.830130
v -13.606610 -18.863940 25.112620
v -13.136710 0.181627 25.215430
v -15.337890 0.267584 23.047730
v -11.835380 18.493120 25.580710
v -9.469509 35.608820 26.138550
v -11.637900 36.082880 23.854320
v -13.905490 18.745040 23.233040
v -7.294902 51.649850 26.971230
v -9.016077 52.274720 25.108520
v -3.803259 69.971440 28.508170
v -0.101301 67.682210 28.327250
v -0.101303 69.555890 27.131370
v -4.758736 72.775130 27.134000
v 3.803278 69.971440 28.508170
v 4.758755 72.775130 27.134010
v 7.294916 51.649840 26.971230
v 9.469518 35.608810 26.138560
v 11.637910 36.082870 23.854320
v 9.016091 52.274710 25.108530
v 11.835390 18.493120 25.580720
v 13.905490 18.745030 23.233050
v 13.136710 0.181623 25.215440
v 13.606600 -18.863940 25.112630
v 15.795130 -18.934560 22.830140
v 15.337890 0.267579 23.047740
v 13.136710 0.181623 25.215440
v 15.337890 0.267579 23.047740
v -0.101300 0.073009 26.309550
v 13.136710 0.181623 25.215440
v -13.136710 0.181627 25.215430
v -13.136710 0.181627 25.215430
v -15.337890 0.267584 23.047730
v 3.803278 69.971440 28.508170
v -0.101301 67.682210 28.327250
v -3.803259 69.971440 28.508170
v -3.803259 69.971440 28.508170
v -4.758736 72.775130 27.134000
v -4.758736 72.775130 27.134000
v -3.907128 70.313950 25.566640
v -3.907128 70.313950 25.566640
v -0.101297 67.682210 24.885950
v 3.907148 70.313950 25.566640
v 3.907148 70.313950 25.566640
v 4.758755 72.775130 27.134010
v 4.758755 72.775130 27.134010
v 3.803278 69.971440 28.508170
vt 0.241082 0.808301 0.000000
vt 0.300307 0.808301 0.000000
vt 0.239763 0.911985 0.000000
vt 0.241523 0.674349 0.000000
vt 0.242017 0.485262 0.000000
vt 0.397822 0.485262 0.000000
vt 0.356103 0.674349 0.000000
vt 0.242147 0.258543 0.000000
vt 0.421309 0.258543 0.000000
vt 0.734595 0.539114 0.000000
vt 0.765433 0.753836 0.000000
vt 0.613417 0.753836 0.000000
vt 0.613501 0.539114 0.000000
vt 0.421309 0.016581 0.000000
vt 0.242581 0.016581 0.000000
vt 0.705446 0.339926 0.000000
vt 0.613562 0.339926 0.000000
vt 0.178505 0.808301 0.000000
vt 0.123983 0.674349 0.000000
vt 0.082990 0.485262 0.000000
vt 0.060659 0.258543 0.000000
vt 0.489507 0.539114 0.000000
vt 0.458547 0.753836 0.000000
vt 0.060659 0.016581 0.000000
vt 0.518580 0.339926 0.000000
vt 0.982834 0.964658 0.000000
vt 0.919729 0.897519 0.000000
vt 0.982834 0.897519 0.000000
vt 0.982834 0.826853 0.000000
vt 0.878020 0.826853 0.000000
vt 0.854907 0.727668 0.000000
vt 0.982834 0.727668 0.000000
vt 0.836330 0.606583 0.000000
vt 0.982834 0.606583 0.000000
vt 0.879307 0.253165 0.000000
vt 0.982834 0.253165 0.000000
vt 0.982834 0.364917 0.000000
vt 0.854365 0.364917 0.000000
vt 0.839658 0.483451 0.000000
vt 0.982834 0.483451 0.000000
vt 0.902537 0.152205 0.000000
vt 0.982834 0.152205 0.000000
vt 0.919729 0.897519 0.000000
vt 0.854907 0.727668 0.000000
vt 0.878020 0.826853 0.000000
vt 0.836330 0.606583 0.000000
vt 0.879307 0.253165 0.000000
vt 0.854365 0.364917 0.000000
vt 0.839657 0.483451 0.000000
vt 0.902537 0.152205 0.000000
vt 0.982834 0.979234 0.000000
vt 0.903182 0.903900 0.000000
vt 0.919729 0.897519 0.000000
vt 0.982834 0.964658 0.000000
vt 0.855346 0.831270 0.000000
vt 0.827690 0.727668 0.000000
vt 0.854907 0.727668 0.000000
vt 0.878020 0.826853 0.000000
vt 0.836330 0.606583 0.000000
vt 0.805373 0.606583 0.000000
vt 0.826114 0.364917 0.000000
vt 0.852681 0.253165 0.000000
vt 0.879307 0.253165 0.000000
vt 0.854365 0.364917 0.000000
vt 0.809634 0.483451 0.000000
vt 0.839658 0.483451 0.000000
vt 0.924748 0.026993 0.000000
vt 0.982834 0.026993 0.000000
vt 0.982834 0.046697 0.000000
vt 0.937893 0.046697 0.000000
vt 0.879890 0.152205 0.000000
vt 0.902537 0.152205 0.000000
vt 0.903182 0.903900 0.000000
vt 0.982834 0.979234 0.000000
vt 0.982834 0.964658 0.000000
vt 0.919729 0.897519 0.000000
vt 0.827690 0.727668 0.000000
vt 0.855346 0.831270 0.000000
vt 0.878020 0.826853 0.000000
vt 0.854907 0.727668 0.000000
vt 0.836330 0.606583 0.000000
vt 0.805373 0.606583 0.000000
vt 0.852681 0.253165 0.000000
vt 0.826114 0.364917 0.000000
vt 0.854365 0.364917 0.000000
vt 0.879307 0.253165 0.000000
vt 0.809634 0.483451 0.000000
vt 0.839657 0.483451 0.000000
vt 0.879890 0.152205 0.000000
vt 0.902537 0.152205 0.000000
vt 0.924748 0.026993 0.000000
vt 0.937893 0.046697 0.000000
vt 0.082990 0.485262 0.000000
vt 0.123983 0.674349 0.000000
vt 0.090601 0.690001 0.000000
vt 0.041760 0.485262 0.000000
vt 0.178505 0.808301 0.000000
vt 0.239763 0.911985 0.000000
vt 0.239511 0.943176 0.000000
vt 0.153821 0.825976 0.000000
vt 0.239763 0.911985 0.000000
vt 0.300307 0.808301 0.000000
vt 0.325206 0.827066 0.000000
vt 0.239511 0.943176 0.000000
vt 0.356103 0.674349 0.000000
vt 0.397822 0.485262 0.000000
vt 0.439026 0.485262 0.000000
vt 0.389498 0.690738 0.000000
vt 0.462681 0.258543 0.000000
vt 0.421309 0.258543 0.000000
vt 0.421309 0.016581 0.000000
vt 0.462681 0.016581 0.000000
vt 0.765433 0.753836 0.000000
vt 0.734595 0.539114 0.000000
vt 0.774020 0.539114 0.000000
vt 0.804625 0.753836 0.000000
vt 0.705446 0.339926 0.000000
vt 0.737373 0.339926 0.000000
vt 0.662206 0.125683 0.000000
vt 0.613263 0.149422 0.000000
vt 0.613115 0.121453 0.000000
vt 0.680557 0.088990 0.000000
vt 0.561910 0.125743 0.000000
vt 0.543499 0.088990 0.000000
vt 0.518580 0.339926 0.000000
vt 0.489507 0.539114 0.000000
vt 0.450070 0.539114 0.000000
vt 0.486657 0.339926 0.000000
vt 0.458547 0.753836 0.000000
vt 0.419414 0.753836 0.000000
vt 0.060659 0.016581 0.000000
vt 0.060659 0.258543 0.000000
vt 0.019740 0.258543 0.000000
vt 0.019740 0.016581 0.000000
vt 0.441032 0.983324 0.000000
vt 0.402364 0.983324 0.000000
vt 0.612954 0.983324 0.000000
vt 0.441032 0.983324 0.000000
vt 0.782468 0.983324 0.000000
vt 0.782468 0.983324 0.000000
vt 0.821112 0.983324 0.000000
vt 0.561910 0.125743 0.000000
vt 0.613263 0.149422 0.000000
vt 0.662206 0.125683 0.000000
vt 0.662206 0.125683 0.000000
vt 0.680557 0.088990 0.000000
vt 0.924748 0.026993 0.000000
vt 0.937893 0.046697 0.000000
vt 0.937893 0.046697 0.000000
vt 0.982834 0.046697 0.000000
vt 0.937893 0.046697 0.000000
vt 0.937893 0.046697 0.000000
vt 0.924748 0.026993 0.000000
vt 0.543499 0.088990 0.000000
vt 0.561910 0.125743 0.000000
usemtl Material_5
f 1052/1052 1053/1053 1054/1054
f 1055/1055 1056/1056 1057/1057
f 1057/1057 1058/1058 1055/1055
f 1057/1057 1056/1056 1059/1059
f 1059/1059 1060/1060 1057/1057
f 1061/1061 1062/1062 1063/1063
f 1063/1063 1064/1064 1061/1061
f 1065/1065 1060/1060 1059/1059
f 1059/1059 1066/1066 1065/1065
f 1067/1067 1061/1061 1064/1064
f 1064/1064 1068/1068 1067/1067
f 1054/1054 1069/1069 1052/1052
f 1055/1055 1070/1070 1071/1071
f 1071/1071 1056/1056 1055/1055
f 1071/1071 1072/1072 1059/1059
f 1059/1059 1056/1056 1071/1071
f 1073/1073 1064/1064 1063/1063
f 1063/1063 1074/1074 1073/1073
f 1075/1075 1066/1066 1059/1059
f 1059/1059 1072/1072 1075/1075
f 1076/1076 1068/1068 1064/1064
f 1064/1064 1073/1073 1076/1076
f 1077/1077 1078/1078 1079/1079
f 1080/1080 1081/1081 1082/1082
f 1082/1082 1083/1083 1080/1080
f 1084/1084 1085/1085 1083/1083
f 1083/1083 1082/1082 1084/1084
f 1086/1086 1087/1087 1088/1088
f 1088/1088 1089/1089 1086/1086
f 1090/1090 1091/1091 1085/1085
f 1085/1085 1084/1084 1090/1090
f 1092/1092 1093/1093 1087/1087
f 1087/1087 1086/1086 1092/1092
f 1079/1079 1094/1094 1077/1077
f 1080/1080 1083/1083 1095/1095
f 1095/1095 1096/1096 1080/1080
f 1097/1097 1095/1095 1083/1083
f 1083/1083 1085/1085 1097/1097
f 1098/1098 1099/1099 1088/1088
f 1088/1088 1087/1087 1098/1098
f 1100/1100 1097/1097 1085/1085
f 1085/1085 1091/1091 1100/1100
f 1101/1101 1098/1098 1087/1087
f 1087/1087 1093/1093 1101/1101
f 1102/1102 1103/1103 1104/1104
f 1104/1104 1105/1105 1102/1102
f 1106/1106 1107/1107 1108/1108
f 1108/1108 1109/1109 1106/1106
f 1110/1110 1108/1108 1107/1107
f 1107/1107 1111/1111 1110/1110
f 1112/1112 1113/1113 1114/1114
f 1114/1114 1115/1115 1112/1112
f 1111/1111 1116/1116 1117/1117
f 1117/1117 1110/1110 1111/1111
f 1118/1118 1119/1119 1120/1120
f 1120/1120 1121/1121 1118/1118
f 1113/1113 1122/1122 1123/1123
f 1123/1123 1114/1114 1113/1113
f 1124/1124 1125/1125 1126/1126
f 1126/1126 1127/1127 1124/1124
f 1128/1128 1129/1129 1130/1130
f 1130/1130 1131/1131 1128/1128
f 1131/1131 1132/1132 1133/1133
f 1133/1133 1128/1128 1131/1131
f 1134/1134 1135/1135 1136/1136
f 1136/1136 1137/1137 1134/1134
f 1138/1138 1133/1133 1132/1132
f 1132/1132 1139/1139 1138/1138
f 1140/1140 1134/1134 1137/1137
f 1137/1137 1141/1141 1140/1140
f 1119/1119 1142/1142 1143/1143
f 1143/1143 1120/1120 1119/1119
f 1144/1144 1145/1145 1146/1146
f 1146/1146 1147/1147 1144/1144
f 1148/1148 1149/1149 1150/1150
f 1150/1150 1151/1151 1148/1148
f 1152/1152 1153/1153 1154/1154
f 1154/1154 1155/1155 1152/1152
f 1156/1156 1157/1157 1158/1158
f 1158/1158 1159/1159 1156/1156
f 1160/1160 1158/1158 1157/1157
f 1157/1157 1161/1161 1160/1160
f 1161/1161 1162/1162 1163/1163
f 1163/1163 1160/1160 1161/1161
f 1164/1164 1165/1165 1166/1166
f 1166/1166 1167/1167 1164/1164
f 1165/1165 1168/1168 1169/1169
f 1169/1169 1166/1166 1165/1165
f 1170/1170 1171/1171 1172/1172
f 1172/1172 1173/1173 1170/1170
f 1171/1171 1174/1174 1175/1175
f 1175/1175 1172/1172 1171/1171
f 1176/1176 1177/1177 1178/1178
f 1178/1178 1179/1179 1176/1176
f 1177/1177 1180/1180 1181/1181
f 1181/1181 1178/1178 1177/1177
f 1182/1182 1183/1183 1184/1184
f 1184/1184 1185/1185 1182/1182
f 1147/1147 1184/1184 1183/1183
f 1183/1183 1144/1144 1147/1147
f 1135/1135 1138/1138 1139/1139
f 1139/1139 1136/1136 1135/1135
f 1181/1181 1180/1180 1186/1186
f 1186/1186 1187/1187 1181/1181
f 1074/1074 1063/1063 1188/1188
f 1188/1188 1189/1189 1074/1074
f 1063/1063 1062/1062 1190/1190
f 1190/1190 1188/1188 1063/1063
f 1191/1191 1164/1164 1167/1167
f 1167/1167 1192/1192 1191/1191
f 1116/1116 1112/1112 1115/1115
f 1115/1115 1117/1117 1116/1116
f 1089/1089 1088/1088 1091/1091
f 1091/1091 1090/1090 1089/1089
f 1088/1088 1099/1099 1100/1100
f 1100/1100 1091/1091 1088/1088
f 1193/1193 1194/1194 1068/1068
f 1068/1068 1076/1076 1193/1193
f 1194/1194 1195/1195 1067/1067
f 1067/1067 1068/1068 1194/1194
f 1168/1168 1196/1196 1197/1197
f 1197/1197 1169/1169 1168/1168
f 1122/1122 1198/1198 1199/1199
f 1199/1199 1123/1123 1122/1122
f 1200/1200 1201/1201 1093/1093
f 1093/1093 1092/1092 1200/1200
f 1201/1201 1202/1202 1101/1101
f 1101/1101 1093/1093 1201/1201
f 1203/1203 1204/1204 1140/1140
f 1140/1140 1141/1141 1203/1203
f 1205/1205 1206/1206 1176/1176
f 1176/1176 1179/1179 1205/1205
f 1145/1145 1148/1148 1151/1151
f 1151/1151 1146/1146 1145/1145
f 1129/1129 1124/1124 1127/1127
f 1127/1127 1130/1130 1129/1129
f 1094/1094 1079/1079 1080/1080
f 1080/1080 1096/1096 1094/1094
f 1079/1079 1078/1078 1081/1081
f 1081/1081 1080/1080 1079/1079
f 1104/1104 1103/1103 1106/1106
f 1106/1106 1109/1109 1104/1104
f 1154/1154 1153/1153 1156/1156
f 1156/1156 1159/1159 1154/1154
f 1053/1053 1052/1052 1055/1055
f 1055/1055 1058/1058 1053/1053
f 1052/1052 1069/1069 1070/1070
f 1070/1070 1055/1055 1052/1052

