mtllib hai_yuren.mtl

g hai_yuren
v -122.704200 -28.556440 18.358710
v -122.704200 -28.556430 121.558400
v -125.116300 -30.968490 121.558400
v -125.116300 -31.955030 13.366130
v -125.116300 -34.434010 131.940900
v -125.116300 -30.968490 121.558400
v -122.704200 -28.556430 121.558400
v -116.677300 -28.556450 131.940900
v -115.386400 -28.556420 191.404300
v -119.649400 -33.562340 188.922300
v -120.847000 -34.272410 182.278400
v -116.948000 -28.556450 184.043500
v -125.116300 -28.556450 216.839300
v -125.116300 -32.243640 199.342700
v -112.172000 -28.556430 176.682600
v -117.899300 -34.938190 173.514700
v -119.081700 -37.719270 161.481700
v -125.116300 -39.913110 153.113100
v -113.299900 -36.650240 148.354600
v -114.949400 -35.764260 162.447800
v -117.899300 -34.938190 173.514700
v -125.116300 -37.251560 173.795900
v -83.621130 -28.556580 144.332600
v -86.801690 -31.470650 149.013400
v -89.080140 -34.035450 145.248700
v -84.357570 -28.556500 136.549200
v -85.499930 -28.556390 154.367300
v -86.801690 -31.470650 149.013400
v -82.066610 -30.013480 146.256500
v -79.887940 -28.556060 149.939600
v -120.847000 -34.272410 182.278400
v -119.649400 -33.562340 188.922300
v -125.116300 -34.932250 188.261800
v -125.116300 -35.823440 182.278300
v -125.116300 -34.599320 144.346900
v -125.116300 -35.790070 141.040600
v -117.882700 -28.556450 141.040600
v -120.427700 -28.556440 144.346900
v -118.880400 -28.556440 148.281500
v -125.116300 -34.792320 148.281500
v -125.116300 -34.599320 144.346900
v -120.427700 -28.556440 144.346900
v -127.528500 -28.556440 18.358710
v -127.528500 -28.556430 121.558400
v -133.555400 -28.556450 131.940900
v -127.528500 -28.556430 121.558400
v -134.846300 -28.556440 191.404300
v -133.284700 -28.556440 184.043500
v -129.385700 -34.272410 182.278400
v -130.583300 -33.562340 188.922300
v -138.060700 -28.556420 176.682600
v -132.333400 -34.938190 173.514700
v -131.151000 -37.719280 161.481700
v -135.283300 -35.764260 162.447800
v -136.932800 -36.650250 148.354600
v -132.333400 -34.938190 173.514700
v -166.611600 -28.556560 144.332600
v -165.875200 -28.556500 136.549300
v -161.152600 -34.035460 145.248700
v -163.431000 -31.470660 149.013400
v -164.732800 -28.556380 154.367300
v -170.344800 -28.556060 149.939600
v -168.166100 -30.013540 146.256500
v -163.431000 -31.470660 149.013400
v -129.385700 -34.272410 182.278400
v -130.583300 -33.562340 188.922300
v -125.116300 -34.599320 144.346900
v -129.805100 -28.556450 144.346900
v -132.350100 -28.556440 141.040600
v -125.116300 -35.790070 141.040600
v -131.352300 -28.556440 148.281500
v -129.805100 -28.556450 144.346900
v -125.116300 -26.144370 121.558400
v -125.116300 -25.157820 13.366130
v -125.116300 -22.678870 131.940900
v -125.116300 -26.144370 121.558400
v -134.846300 -28.556440 191.404300
v -130.583300 -23.550550 188.922300
v -129.385700 -22.840500 182.278400
v -133.284700 -28.556440 184.043500
v -125.116300 -28.556450 216.839300
v -125.116300 -24.869250 199.342700
v -138.060700 -28.556420 176.682600
v -132.333400 -22.174710 173.514700
v -131.151000 -19.393620 161.481700
v -125.116400 -17.199790 153.113100
v -136.932800 -20.462640 148.354600
v -135.283300 -21.348640 162.447800
v -132.333400 -22.174710 173.514700
v -125.116400 -19.861330 173.795900
v -163.431000 -25.642240 149.013400
v -161.152600 -23.077430 145.248700
v -163.431000 -25.642240 149.013400
v -168.166100 -27.099370 146.256500
v -129.385700 -22.840500 182.278400
v -130.583300 -23.550550 188.922300
v -125.116400 -22.180640 188.261800
v -125.116300 -21.289470 182.278300
v -125.116300 -22.513580 144.346900
v -125.116300 -21.322810 141.040600
v -132.350100 -28.556440 141.040600
v -129.805100 -28.556450 144.346900
v -125.116300 -22.320560 148.281500
v -125.116300 -22.513580 144.346900
v -115.386400 -28.556420 191.404300
v -116.948000 -28.556450 184.043500
v -120.847000 -22.840500 182.278400
v -119.649400 -23.550540 188.922200
v -112.172000 -28.556430 176.682600
v -117.899300 -22.174700 173.514700
v -119.081700 -19.393620 161.481700
v -114.949400 -21.348630 162.447800
v -113.299900 -20.462640 148.354600
v -117.899300 -22.174700 173.514700
v -89.080140 -23.077420 145.248600
v -86.801700 -25.642220 149.013400
v -82.066610 -27.099330 146.256500
v -86.801700 -25.642220 149.013400
v -120.847000 -22.840500 182.278400
v -119.649400 -23.550540 188.922200
v -125.116300 -22.513580 144.346900
v -120.427700 -28.556440 144.346900
v -117.882700 -28.556450 141.040600
v -125.116300 -21.322810 141.040600
v -116.399600 -28.556440 14.728030
v -120.994600 -31.369350 15.911940
v -118.522400 -28.556420 12.244110
v -116.677300 -28.556450 131.940900
v -125.116300 -28.556430 144.583500
v -125.116300 -34.434010 131.940900
v -125.116300 -31.955030 13.366130
v -125.116300 -28.556420 -5.097413
v -116.276600 -28.556440 9.268914
v -120.994600 -31.369350 15.911940
v -122.704200 -28.556440 18.358710
v -125.116300 -31.955030 13.366130
v -120.994600 -31.369350 15.911940
v -121.082600 -28.556430 22.224100
v -122.704200 -28.556440 18.358710
v -117.738900 -29.962870 20.649120
v -117.738900 -29.962870 20.649120
v -116.714000 -28.556430 23.829300
v -120.844800 -28.556440 28.572100
v -115.533500 -29.962870 16.861590
v -114.074800 -28.556440 19.249310
v -120.844800 -28.556440 28.572100
v -112.160400 -28.556400 12.490650
v -109.604300 -28.556470 169.118400
v -114.949400 -35.764260 162.447800
v -108.093500 -28.556460 164.386800
v -98.658420 -28.556560 136.056900
v -113.299900 -36.650240 148.354600
v -118.880400 -28.556440 148.281500
v -125.116300 -39.913110 153.113100
v -112.268800 -28.556410 171.403100
v -119.081700 -37.719270 161.481700
v -125.116300 -37.251560 173.795900
v -125.116300 -42.092480 160.507800
v -125.116300 -42.092480 160.507800
v -105.342300 -28.556360 155.849600
v -106.724300 -30.410730 159.965800
v -100.744800 -28.556470 180.292100
v -106.724300 -30.410730 159.965800
v -99.700200 -37.803250 160.541900
v -108.093500 -28.556460 164.386800
v -106.724300 -30.410730 159.965800
v -105.342300 -28.556360 155.849600
v -99.700200 -37.803250 160.541900
v -99.700200 -37.803250 160.541900
v -88.794690 -32.500490 161.043400
v -94.627750 -28.556390 173.064100
v -89.080140 -34.035450 145.248700
v -88.475780 -28.556560 121.457400
v -84.357570 -28.556500 136.549200
v -89.996350 -28.556210 168.148900
v -95.015250 -36.355690 152.026600
v -99.508710 -28.556530 148.384000
v -95.015250 -36.355690 152.026600
v -83.621130 -28.556580 144.332600
v -92.963050 -28.556310 142.184100
v -100.744800 -28.556470 180.292100
v -85.499930 -28.556390 154.367300
v -86.664110 -28.556580 159.536500
v -75.990040 -28.556960 141.114800
v -88.794690 -32.500490 161.043400
v -86.664110 -28.556580 159.536500
v -85.923930 -31.405040 161.837300
v -80.231910 -28.555980 158.040000
v -84.635870 -28.556340 164.497300
v -89.996350 -28.556210 168.148900
v -125.116300 -32.243640 199.342700
v -125.116300 -34.792320 148.281500
v -125.116300 -35.790070 141.040600
v -125.116300 -28.556430 135.785400
v -117.882700 -28.556450 141.040600
v -117.936000 -31.944120 13.061400
v -125.116300 -35.545720 13.061430
v -125.116300 -31.944110 3.550270
v -125.116300 -35.545720 13.061430
v -117.936000 -31.944120 13.061400
v -125.116300 -31.944110 22.572590
v -125.116300 -31.944110 3.550270
v -125.116300 -31.944110 22.572590
v -117.936000 -31.944120 13.061400
v -129.238200 -31.369350 15.911940
v -133.833100 -28.556420 14.728030
v -131.710300 -28.556440 12.244110
v -133.555400 -28.556450 131.940900
v -125.116300 -28.556420 -5.097413
v -125.116300 -31.955030 13.366130
v -133.956100 -28.556430 9.268914
v -127.528500 -28.556440 18.358710
v -129.238200 -31.369350 15.911940
v -129.150100 -28.556440 22.224100
v -129.238200 -31.369350 15.911940
v -127.528500 -28.556440 18.358710
v -132.493800 -29.962870 20.649120
v -133.518700 -28.556430 23.829300
v -132.493800 -29.962870 20.649120
v -129.387900 -28.556440 28.572100
v -136.157900 -28.556460 19.249310
v -134.699200 -29.962870 16.861590
v -129.387900 -28.556440 28.572100
v -138.072300 -28.556400 12.490650
v -140.628400 -28.556410 169.118400
v -142.139200 -28.556410 164.386800
v -135.283300 -35.764260 162.447800
v -151.574300 -28.556530 136.056900
v -131.352300 -28.556440 148.281500
v -136.932800 -36.650250 148.354600
v -137.963900 -28.556480 171.403100
v -131.151000 -37.719280 161.481700
v -125.116300 -42.092480 160.507800
v -125.116300 -37.251560 173.795900
v -131.151000 -37.719280 161.481700
v -125.116300 -39.913110 153.113100
v -125.116300 -42.092480 160.507800
v -144.890400 -28.556490 155.849600
v -143.508400 -30.410740 159.965800
v -149.487900 -28.556440 180.292200
v -150.532500 -37.803270 160.541900
v -143.508400 -30.410740 159.965800
v -142.139200 -28.556410 164.386800
v -143.508400 -30.410740 159.965800
v -150.532500 -37.803270 160.541900
v -144.890400 -28.556490 155.849600
v -150.532500 -37.803270 160.541900
v -155.604900 -28.556370 173.064100
v -161.438000 -32.500510 161.043500
v -161.152600 -34.035460 145.248700
v -165.875200 -28.556500 136.549300
v -161.756900 -28.556560 121.457400
v -160.236300 -28.556200 168.148900
v -155.217500 -36.355710 152.026700
v -150.724000 -28.556500 148.384000
v -155.217500 -36.355710 152.026700
v -166.611600 -28.556560 144.332600
v -157.269700 -28.556290 142.184200
v -149.487900 -28.556440 180.292200
v -163.568600 -28.556580 159.536500
v -164.732800 -28.556380 154.367300
v -174.242700 -28.556960 141.114900
v -161.438000 -32.500510 161.043500
v -164.308800 -31.405070 161.837300
v -163.568600 -28.556580 159.536500
v -165.596800 -28.556330 164.497300
v -170.000800 -28.556880 158.040000
v -160.236300 -28.556200 168.148900
v -132.350100 -28.556440 141.040600
v -132.296700 -31.944130 13.061400
v -125.116300 -31.944110 3.550270
v -125.116300 -35.545720 13.061430
v -125.116300 -35.545720 13.061430
v -125.116300 -31.944110 22.572590
v -132.296700 -31.944130 13.061400
v -132.296700 -31.944130 13.061400
v -133.833100 -28.556420 14.728030
v -129.238200 -25.743510 15.911940
v -131.710300 -28.556440 12.244110
v -125.116300 -22.678870 131.940900
v -125.116300 -25.157820 13.366130
v -125.116300 -28.556420 -5.097413
v -133.956100 -28.556430 9.268914
v -129.238200 -25.743510 15.911940
v -125.116300 -25.157820 13.366130
v -132.493800 -27.150000 20.649120
v -133.518700 -28.556430 23.829300
v -134.699200 -27.149990 16.861590
v -136.157900 -28.556460 19.249310
v -138.072300 -28.556400 12.490650
v -140.628400 -28.556410 169.118400
v -135.283300 -21.348640 162.447800
v -142.139200 -28.556410 164.386800
v -136.932800 -20.462640 148.354600
v -125.116400 -17.199790 153.113100
v -137.963900 -28.556480 171.403100
v -131.151000 -19.393620 161.481700
v -125.116400 -19.861330 173.795900
v -125.116400 -15.020410 160.507800
v -131.151000 -19.393620 161.481700
v -125.116400 -15.020410 160.507800
v -125.116400 -17.199790 153.113100
v -144.890400 -28.556490 155.849600
v -136.932800 -20.462640 148.354600
v -143.508400 -26.702150 159.965800
v -149.487900 -28.556440 180.292200
v -143.508400 -26.702150 159.965800
v -150.532500 -19.309650 160.541900
v -142.139200 -28.556410 164.386800
v -143.508400 -26.702150 159.965800
v -144.890400 -28.556490 155.849600
v -150.532500 -19.309650 160.541900
v -150.532500 -19.309650 160.541900
v -161.438000 -24.612400 161.043500
v -161.152600 -23.077430 145.248700
v -161.756900 -28.556560 121.457400
v -165.875200 -28.556500 136.549300
v -155.217500 -20.757210 152.026600
v -150.724000 -28.556500 148.384000
v -155.217500 -20.757210 152.026600
v -157.269700 -28.556290 142.184200
v -155.604900 -28.556370 173.064100
v -161.438000 -24.612400 161.043500
v -164.308800 -25.707850 161.837300
v -125.116300 -24.869250 199.342700
v -125.116300 -22.320560 148.281500
v -125.116300 -21.322810 141.040600
v -132.296700 -25.168810 13.061400
v -125.116300 -21.567220 13.061420
v -125.116300 -25.168820 3.550262
v -125.116300 -21.567220 13.061420
v -132.296700 -25.168810 13.061400
v -125.116300 -25.168830 22.572580
v -125.116300 -25.168820 3.550262
v -125.116300 -25.168830 22.572580
v -132.296700 -25.168810 13.061400
v -151.574300 -28.556530 136.056900
v -120.994600 -25.743500 15.911940
v -116.399600 -28.556440 14.728030
v -118.522400 -28.556420 12.244110
v -125.116300 -28.556420 -5.097413
v -116.276600 -28.556440 9.268914
v -120.994600 -25.743500 15.911940
v -117.738900 -27.149990 20.649120
v -116.714000 -28.556430 23.829300
v -117.738900 -27.149990 20.649120
v -120.844800 -28.556440 28.572100
v -114.074800 -28.556440 19.249310
v -115.533500 -27.149980 16.861590
v -112.160400 -28.556400 12.490650
v -109.604300 -28.556470 169.118400
v -108.093500 -28.556460 164.386800
v -114.949400 -21.348630 162.447800
v -113.299900 -20.462640 148.354600
v -112.268800 -28.556410 171.403100
v -119.081700 -19.393620 161.481700
v -125.116400 -15.020410 160.507800
v -125.116400 -19.861330 173.795900
v -125.116400 -15.020410 160.507800
v -105.342300 -28.556360 155.849600
v -113.299900 -20.462640 148.354600
v -106.724300 -26.702150 159.965800
v -100.744800 -28.556470 180.292100
v -99.700220 -19.309630 160.541900
v -106.724300 -26.702150 159.965800
v -108.093500 -28.556460 164.386800
v -106.724300 -26.702150 159.965800
v -99.700220 -19.309630 160.541900
v -105.342300 -28.556360 155.849600
v -99.700220 -19.309630 160.541900
v -88.794700 -24.612390 161.043400
v -89.080140 -23.077420 145.248600
v -84.357570 -28.556500 136.549200
v -88.475780 -28.556560 121.457400
v -95.015250 -20.757190 152.026600
v -99.508710 -28.556530 148.384000
v -95.015250 -20.757190 152.026600
v -92.963050 -28.556310 142.184100
v -94.627750 -28.556390 173.064100
v -88.794700 -24.612390 161.043400
v -85.923910 -25.707830 161.837300
v -117.936000 -25.168810 13.061400
v -125.116300 -25.168820 3.550262
v -125.116300 -21.567220 13.061420
v -125.116300 -21.567220 13.061420
v -125.116300 -25.168830 22.572580
v -117.936000 -25.168810 13.061400
v -117.936000 -25.168810 13.061400
v -98.658420 -28.556560 136.056900
v -76.521580 -19.343640 23.479530
v -69.912170 -21.547520 24.051040
v -68.519580 -20.169520 38.587180
v -76.064630 -17.359260 38.876960
v -76.718300 -12.037730 23.524060
v -77.958100 -10.776870 37.672940
v -66.252810 -9.928843 32.418620
v -66.085280 -10.477730 24.112200
v -63.394670 -25.608680 41.388820
v -62.200290 -28.719980 25.007310
v -55.290010 -26.268110 26.835340
v -55.353090 -22.664060 39.002050
v -66.317690 -23.522690 24.505120
v -43.642350 -5.998009 41.217890
v -40.138750 -11.153150 34.117990
v -47.670270 -14.175800 33.369740
v -52.294610 -11.542950 37.983130
v -46.167770 -22.513560 37.336130
v -50.543430 -20.235340 45.647580
v -69.912170 -21.547520 24.051040
v -68.519580 -20.169520 38.587180
v -77.958100 -10.776870 37.672940
v -76.718300 -12.037730 23.524060
v -42.105560 -18.494630 44.694450
v -39.540950 -21.216800 37.320850
v -36.412050 -16.117670 36.270150
v -38.609570 -11.724830 43.968770
v -53.476370 -19.971140 12.320880
v -48.908480 -19.490430 17.266260
v -54.110970 -26.013280 23.675190
v -61.046660 -28.385740 21.003020
v -57.734870 -18.053770 24.897680
v -51.750680 -14.385590 18.032420
v -56.367000 -14.956370 14.632070
v -64.727900 -22.656340 20.891600
v -63.939600 -10.992200 10.028300
v -59.141090 -12.503110 13.833350
v -69.182210 -20.838360 19.538110
v -74.687260 -18.614210 18.368500
v -64.727900 -22.656340 20.891600
v -56.367000 -14.956370 14.632070
v -75.360850 -11.671160 18.869800
v -64.703080 -5.469238 12.934870
v -81.310430 -5.422504 24.848340
v -78.307370 -9.913444 24.255370
v -80.791400 -5.629678 38.646310
v -78.104880 -0.197016 25.738140
v -78.689790 0.550546 37.136370
v -71.907740 -1.193340 33.792730
v -71.251920 -1.255217 24.718420
v -78.307370 -9.913444 24.255370
v -78.152220 -9.412436 21.361900
v -71.761990 -5.864356 15.103730
v -68.440730 -0.185038 19.113200
v -78.689790 0.550546 37.136370
v -78.104880 -0.197016 25.738140
v -81.130830 -5.215853 21.450130
v -73.945970 -2.000698 14.840350
v -71.761990 -5.864356 15.103730
v -78.152220 -9.412436 21.361900
v -77.560100 -0.118466 22.290140
v -72.620610 1.723182 16.737330
v -60.033260 -7.139166 16.935190
v -64.703080 -5.469238 12.934870
v -75.360850 -11.671160 18.869800
v -72.620610 1.723182 16.737330
v -77.560100 -0.118466 22.290140
v -66.317690 -23.522690 24.505120
v -57.882530 -15.614040 34.376260
v -60.131460 2.561000 49.334880
v -62.628680 -3.073078 41.706080
v -70.043110 2.347999 42.770160
v -69.642040 3.461251 49.626960
v -55.290010 -26.268110 26.835340
v -55.353090 -22.664060 39.002050
v -53.703910 -2.294127 42.612320
v -50.380650 0.114351 50.098800
v -55.327520 -11.805190 60.304820
v -54.169510 -13.752320 55.329560
v -49.988240 -6.792440 53.828910
v -50.650180 -4.719880 57.811230
v -54.110970 -26.013280 23.675190
v -48.908480 -19.490430 17.266260
v -51.648650 18.255540 72.652840
v -55.093400 14.782040 62.489880
v -65.053210 13.827740 65.730330
v -61.087700 17.063810 77.305740
v -64.587280 -6.669600 72.903730
v -52.208750 -8.969744 70.395520
v -49.476880 -4.403604 77.886290
v -60.277980 -3.049896 81.122220
v -58.625770 7.247533 54.591050
v -68.452760 6.912759 55.066100
v -44.975520 10.205500 71.971320
v -46.402020 1.488074 76.440810
v -45.758900 -0.759609 71.097240
v -45.444680 7.609806 66.528380
v -50.380650 0.114351 50.098800
v -50.867810 2.211776 54.780160
v -60.131460 2.561000 49.334880
v -69.642040 3.461251 49.626960
v -66.494380 8.593790 80.242780
v -72.252080 5.576001 70.688560
v -74.186810 0.897811 57.566110
v -78.105230 -16.421500 55.138790
v -76.322710 -16.580860 46.429340
v -68.905060 -18.615560 46.483510
v -71.875680 -16.945590 56.009590
v -82.227460 -18.963060 68.368880
v -77.436580 -19.478740 68.975720
v -85.730110 -24.146530 83.195040
v -89.644160 -24.269510 81.858390
v -69.682140 -12.635920 54.576350
v -71.875680 -16.945590 56.009590
v -65.545560 -17.486940 56.807650
v -57.408740 -20.131650 55.334210
v -78.469030 -9.707593 45.106940
v -78.077890 -10.324330 55.417310
v -77.436580 -19.478740 68.975720
v -82.493290 -14.259370 68.563370
v -89.258910 -20.363310 81.840500
v -85.730110 -24.146530 83.195040
v -89.258910 -20.363310 81.840500
v -82.493290 -14.259370 68.563370
v -55.701020 -24.320340 66.622330
v -54.739730 -32.296430 78.178900
v -57.458750 -33.456340 78.851390
v -59.830160 -25.643870 67.995610
v -55.701020 -24.320340 66.622330
v -61.893490 -22.676090 68.997140
v -59.193220 -31.643350 79.999470
v -54.739730 -32.296430 78.178900
v -61.893490 -22.676090 68.997140
v -65.545560 -17.486940 56.807650
v -63.032050 -21.891370 55.499470
v -57.408740 -20.131650 55.334210
v -59.193220 -31.643350 79.999470
v -96.454970 10.903200 72.117500
v -94.787980 12.713970 71.714780
v -85.702960 6.660389 60.671710
v -87.964540 3.501045 61.196490
v -94.953600 9.255014 73.269600
v -85.450890 1.297685 63.377030
v -85.702960 6.660389 60.671710
v -94.787980 12.713970 71.714780
v -80.347920 -0.963641 52.042820
v -78.433440 -3.896482 53.918560
v -85.450890 1.297685 63.377030
v -76.033650 1.251474 50.765440
v -78.433440 -3.896482 53.918560
v -76.033650 1.251474 50.765440
v -94.953600 9.255014 73.269600
v -44.975520 10.205500 71.971320
v -45.444680 7.609806 66.528380
v -67.864800 -8.503652 61.147330
v -78.077890 -10.324330 55.417310
v -47.619550 5.219118 61.434050
v -47.370060 -3.495780 65.790260
v -56.495230 0.650474 85.488090
v -60.638150 9.885579 86.845510
v -49.636640 20.017700 76.690330
v -59.326520 18.179960 80.746290
v -69.182210 -20.838360 19.538110
v -59.141090 -12.503110 13.833350
v -52.307060 -18.010360 52.048890
v -50.543430 -20.235340 45.647580
v -43.677070 -17.076690 47.664770
v -47.209530 -13.990540 52.093610
v -40.343690 -10.044730 46.379410
v -43.719960 -6.891546 49.709180
v -43.642350 -5.998009 41.217890
v -47.008280 -2.646488 45.540570
v -40.138750 -11.153150 34.117990
v -46.167770 -22.513560 37.336130
v -38.499050 -19.313700 28.169570
v -77.712120 0.792704 44.246330
v -45.040820 11.954440 76.609760
v -48.816990 -0.167077 80.254520
v -50.867810 2.211776 54.780160
v -53.417330 -3.130535 13.125760
v -57.190310 -22.191810 49.009590
v -79.857600 -3.545731 44.787990
v -46.655670 -10.018180 13.645380
v -43.787170 -17.381340 26.499800
v -44.623600 -22.613700 29.490310
v -40.248230 -13.713460 28.312150
v -44.943390 -19.290630 20.787490
v -44.623600 -22.613700 29.490310
v -44.943390 -19.290630 20.787490
v -46.655670 -10.018180 13.645380
v -58.104670 -6.626153 9.627712
v -53.417330 -3.130535 13.125760
v -40.248230 -13.713460 28.312150
v -63.924310 -24.163930 48.091060
v -59.903670 1.558417 14.210620
v -68.216940 0.731011 12.929390
v -59.903670 1.558417 14.210620
v -50.380650 0.114351 50.098800
v -69.682140 -12.635920 54.576350
v -76.033650 1.251474 50.765440
v -47.008280 -2.646488 45.540570
v -76.033650 1.251474 50.765440
v -77.712120 0.792704 44.246330
v -104.341700 -36.244820 103.329500
v -104.341700 -36.244820 103.329500
v -57.408740 -20.131650 55.334210
v -54.449940 -44.993600 90.501240
v -54.449940 -44.993600 90.501240
v -106.542700 20.054060 81.860970
v -106.542700 20.054060 81.860970
v -47.619550 5.219118 61.434050
v -45.040820 11.954440 76.609760
v -54.169510 -13.752320 55.329560
v -49.988240 -6.792440 53.828910
v -50.380650 0.114351 50.098800
v -43.599760 -2.165343 107.447400
v -40.348660 -3.969808 112.589200
v -43.569630 6.473784 116.230300
v -47.398800 7.638082 108.572300
v -37.086270 11.027300 84.836620
v -42.370930 -2.551041 86.693850
v -36.839470 -3.678530 95.240510
v -45.514840 -1.197142 102.647000
v -52.801910 -0.689554 93.180380
v -47.672230 18.861130 81.758930
v -55.973010 18.296460 87.097020
v -32.433310 9.240602 93.303300
v -49.687860 20.211220 97.817000
v -40.951100 21.040980 91.998100
v -39.940760 17.087880 112.632000
v -43.144720 16.821620 107.406200
v -34.143680 -5.755592 117.743300
v -36.591880 5.776700 121.839600
v -30.130490 17.454330 118.587900
v -34.519430 16.933350 116.219800
v -28.886050 6.596670 125.026300
v -35.595080 19.322740 99.554130
v -32.246510 18.636710 100.975800
v -31.458300 8.597680 94.164050
v -32.433310 9.240602 93.303300
v -32.459830 -5.670023 97.795680
v -31.458300 8.597680 94.164050
v -30.148360 -6.137185 97.040610
v -37.086270 11.027300 84.836620
v -29.691310 -11.073490 112.297800
v -34.953000 -8.997391 107.492000
v -28.961550 -10.272100 103.231800
v -38.715560 -5.774841 102.601100
v -35.320510 19.956200 108.655900
v -30.626250 20.339030 106.890700
v -56.335800 9.325461 96.782590
v -25.508170 -8.221295 121.324700
v -51.223350 8.700009 104.561000
v -23.972520 -11.386920 112.704200
v -22.656510 0.065651 21.232300
v -17.718000 -0.863052 34.514510
v -11.992910 -1.854702 27.610580
v -18.903660 1.648325 17.048170
v -17.511640 -0.822116 44.575600
v -19.017100 2.959751 45.482110
v -27.438330 3.019087 36.225210
v -26.806300 1.404464 33.537900
v -17.718000 -0.863052 34.514510
v -22.656510 0.065651 21.232300
v -20.420000 -2.514393 19.142750
v -14.144430 -4.634259 31.198820
v -19.017100 2.959751 45.482110
v -24.229900 1.162664 29.949300
v -27.438330 3.019087 36.225210
v -24.229900 1.162664 29.949300
v -11.992910 -1.854702 27.610580
v -18.903660 1.648325 17.048170
v -7.595505 -22.595350 122.410900
v 0.000021 -21.484320 125.357400
v -10.659120 -6.914306 131.571400
v -8.748135 -4.088674 69.791880
v -0.000001 -7.070901 69.878590
v -0.000003 -8.548191 80.291760
v -9.666538 -5.582835 79.669360
v -12.185890 12.031290 132.022500
v 0.000020 -6.834773 132.974500
v 0.000011 12.010420 134.541500
v -17.788390 -13.572410 89.246060
v -16.414330 -18.326990 94.803630
v -24.849820 -13.641360 99.039510
v -26.639790 -10.294910 93.266030
v -4.654583 27.351180 123.335000
v -10.387160 26.195310 121.343600
v 0.000006 20.096570 133.319700
v -0.000001 -33.881950 128.761000
v -0.000001 -21.364560 149.338700
v -3.682118 -18.979650 147.548400
v -3.829503 -31.239610 127.098100
v -4.160827 -34.142060 120.794400
v 0.000039 -37.520660 121.562500
v -6.263921 -30.677390 118.671400
v -5.520367 -34.534360 118.675300
v -4.160827 -34.142060 120.794400
v 0.000026 -26.476650 122.347600
v -0.000001 37.480620 130.815400
v -0.000004 30.057220 119.424600
v -4.654583 27.351180 123.335000
v -4.476191 34.706000 133.487000
v -0.000002 9.245227 179.106200
v 0.000000 -4.102844 163.066100
v -2.853688 -6.161560 164.932200
v -1.733027 8.151050 180.715800
v 0.000000 -15.401080 145.437400
v -0.000003 45.292800 151.376300
v -3.504567 48.815840 148.289800
v -0.000002 28.589820 138.273600
v -0.000017 35.610440 95.063510
v -0.000012 33.891940 82.385560
v -10.882510 29.637840 84.239360
v -11.284820 32.437460 94.600590
v 0.000026 -26.476650 122.347600
v 0.000000 7.006034 181.545600
v 0.000000 -7.573910 167.018300
v -0.000002 50.714810 145.785700
v 0.000006 20.096570 133.319700
v -7.902725 -5.513944 60.425890
v 0.000001 -8.365501 60.865970
v -12.553590 3.892121 59.467800
v -13.573960 4.496604 68.249980
v -15.036650 25.467640 119.001400
v -15.205570 12.229340 130.040800
v -28.886050 6.596670 125.026300
v -25.508170 -8.221295 121.324700
v -37.888520 2.694724 139.691600
v -35.358090 16.561080 138.220800
v -18.026030 -1.552651 127.951700
v -18.026030 -1.552651 127.951700
v -15.205570 12.229340 130.040800
v -27.098550 17.062150 138.892100
v -29.837740 6.803873 140.747400
v -37.888520 2.694724 139.691600
v -25.508170 -8.221295 121.324700
v -19.060430 -9.500528 122.879900
v -40.246070 30.515860 133.538700
v -27.528580 19.203700 120.141900
v -11.992910 -1.854702 27.610580
v -7.405529 -7.659327 26.672020
v -7.409793 -6.993251 40.925000
v -12.346250 -2.120869 41.100050
v -8.146660 6.301737 29.098220
v -0.000001 10.888420 29.737860
v 0.000001 10.872920 24.821860
v -9.284725 6.814288 22.465860
v -12.212090 1.648326 18.073170
v -0.000003 23.431750 19.116240
v -12.218390 21.782570 12.684720
v -12.604020 10.265230 14.319700
v -0.000001 13.300330 20.563890
v 0.000008 83.895340 15.450110
v -11.313820 83.824520 10.368360
v -11.610520 66.529380 11.188740
v 0.000005 66.421900 16.381790
v 0.000000 36.344620 18.181970
v -12.132690 36.309390 12.250720
v -7.515640 -5.449049 50.734540
v -0.000002 -11.134870 40.625760
v 0.000000 -9.485651 50.161210
v -8.368942 10.551090 48.956080
v -9.154724 9.506053 40.397530
v -12.342520 2.483912 41.213490
v -12.395480 4.053446 49.901490
v -7.098455 100.340800 2.951586
v -6.894615 118.525600 2.951581
v 0.000013 118.413200 0.000814
v 0.000010 99.987290 0.000815
v 0.000013 118.770600 13.196640
v -9.912890 118.785400 8.401581
v -10.681920 100.433200 9.491699
v 0.000011 100.414700 14.450280
v -11.313820 83.824520 10.368360
v 0.000008 83.895340 15.450110
v 0.000002 50.757790 17.199410
v -11.863980 50.607190 11.877930
v -0.000002 13.051830 39.063080
v -6.577806 136.171400 2.951585
v 0.000016 136.090400 0.000815
v 0.000016 136.375900 11.542800
v -9.112887 136.364800 7.273111
v -5.159985 152.703000 2.951583
v -6.673904 164.401000 2.951584
v 0.000022 164.346000 0.000815
v 0.000019 152.643800 0.000816
v 0.000020 152.852800 10.044060
v 0.000022 164.491300 8.958415
v -7.384257 164.471800 5.111448
v -8.106556 152.844600 6.366791
v -7.228391 172.475700 3.953918
v 0.000025 172.433200 0.000817
v 0.000025 172.501600 8.277646
v -0.000001 35.667200 0.000815
v -0.000004 20.231320 0.000816
v -9.229793 20.102630 2.951581
v -9.111016 35.929870 2.951582
v 0.000002 50.014100 0.000816
v -9.974117 50.222150 2.951581
v 0.000005 66.027260 0.000814
v -8.740150 66.184310 2.951585
v 0.000008 83.329560 0.000815
v -8.117603 83.472830 2.951581
v -8.974257 6.355661 6.173922
v 0.000003 -12.711350 26.178960
v -0.000002 14.552540 47.571840
v -0.000010 4.113194 1.597586
v -0.000005 -8.777842 11.473090
v -8.208581 -4.477752 14.210550
v -8.117603 83.472830 2.951581
v 0.000008 83.329560 0.000815
v 0.000033 204.670200 0.237142
v -9.939769 205.362800 0.168125
v -8.045658 229.120600 2.726707
v 0.000053 275.234600 0.527649
v 0.000033 204.093600 6.959651
v -9.939763 204.786200 5.590283
v -12.274610 -22.511440 115.393500
v -19.060430 -9.500528 122.879900
v -5.908205 14.999420 57.178760
v -11.284200 13.703900 65.435240
v -0.000002 19.068710 61.868830
v -0.000002 16.591190 56.494000
v -7.515640 -5.449049 50.734540
v 0.000000 -9.485651 50.161210
v -12.395480 4.053446 49.901490
v -27.267740 -5.500114 89.703880
v -17.232390 -9.893558 85.990000
v -15.443960 -1.095373 77.454190
v -2.904573 65.686620 160.170100
v -0.000002 66.851390 156.878500
v -0.000003 63.539070 162.254600
v -39.484320 27.556540 150.328600
v -44.626660 16.959370 153.058500
v -27.493560 26.375360 127.285200
v -15.036650 25.467640 119.001400
v -44.626660 16.959370 153.058500
v -42.214690 25.035170 148.540600
v -5.409451 -28.367450 103.897200
v -4.615209 -24.446410 101.350800
v -3.331514 -27.793740 102.653600
v -46.368070 32.989950 146.117200
v -3.040738 31.313290 76.853360
v -2.363189 37.158500 68.369060
v -0.000003 33.323880 67.095710
v -3.416113 27.379670 70.681450
v -0.000012 33.891940 82.385560
v -0.000002 38.812840 70.225960
v -3.884130 45.592670 109.084100
v -4.159864 34.300980 106.672400
v -0.000011 34.823780 109.245700
v 0.000011 44.510230 111.580600
v -2.430099 83.511380 114.793500
v 0.000011 84.201650 111.439100
v 0.000010 63.408170 109.696700
v -3.444884 62.318320 112.956500
v 0.000012 62.617010 115.438900
v 0.000009 46.498710 105.370100
v -0.000015 35.857150 101.516400
v 0.000012 84.213660 116.241500
v -40.246070 30.515860 133.538700
v -28.961550 -10.272100 103.231800
v -30.148360 -6.137185 97.040610
v -7.313688 -12.273170 85.218320
v -6.702417 -16.237040 87.458530
v -5.234694 -20.899770 92.547550
v -4.242755 -23.153670 98.131020
v -13.716590 -21.157920 101.286500
v -8.121519 -10.259820 83.195300
v -23.790650 1.624348 83.384350
v -16.135240 -6.864405 83.294540
v -26.811990 25.340820 103.602700
v -28.628410 23.059530 109.603600
v -24.970840 24.492830 112.227800
v -20.752110 27.156930 105.217800
v 0.000033 -29.402240 101.718500
v -4.879360 -31.162480 103.322900
v 0.000030 -27.149190 101.854800
v -9.503184 -23.752270 106.081900
v -7.557716 -29.009710 106.805300
v -8.234918 -29.602040 110.473700
v -10.180360 -24.013840 110.901900
v -6.806612 -32.643920 106.649700
v -7.165077 -32.376300 109.236800
v -2.766228 -44.861210 104.508900
v 0.000052 -45.492390 103.926200
v -1.140886 -45.948500 104.625200
v 0.000052 -45.240010 100.785700
v -2.481535 -44.532250 101.084300
v 0.000052 -44.217650 98.623950
v -2.637980 -43.654240 99.136390
v -1.502453 -45.157030 110.383000
v -1.583416 -45.230840 111.917400
v -3.791965 -43.647500 113.234500
v -3.959677 -43.747250 111.733900
v -4.160827 -34.142060 120.794400
v -3.570902 -38.266350 119.905400
v 0.000039 -37.520660 121.562500
v -5.471022 -41.765050 114.613400
v -6.062809 -41.857440 112.662300
v -5.786315 -38.680330 100.319600
v -3.829306 -38.566490 98.669140
v -3.665095 -41.564760 98.535660
v -4.831204 -41.833930 99.666820
v -4.747068 -32.715600 102.798600
v -4.879360 -31.162480 103.322900
v 0.000033 -29.402240 101.718500
v 0.000035 -31.407990 100.962400
v -3.635442 -42.557450 116.844100
v -3.555169 -43.455350 114.697000
v -1.170588 -44.456620 114.799300
v -2.045679 -42.627940 117.810000
v 0.000045 -38.434250 97.851040
v -3.599272 -34.112600 100.217100
v 0.000039 -33.959320 99.372350
v 0.000049 -41.768740 97.789470
v -5.520367 -34.534360 118.675300
v -5.843516 -37.819570 117.881300
v -5.796199 -35.645050 101.350800
v -6.131546 -40.298280 105.717500
v -6.168909 -40.082340 104.535200
v -6.190561 -41.439960 103.995000
v -5.949527 -41.535310 105.263100
v 0.000049 -46.126880 123.123600
v 0.000043 -40.445850 120.082600
v -2.045679 -42.627940 117.810000
v -1.196035 -47.051790 121.861800
v 0.000048 -43.904650 116.330800
v 0.000052 -48.003680 120.639500
v -2.861261 -42.931530 107.879800
v -4.420009 -42.425370 104.921200
v -2.477903 -44.512660 105.614300
v 0.000052 -45.777570 105.384200
v -7.165077 -32.376300 109.236800
v -7.954217 -34.512790 109.072700
v -7.766127 -34.681930 111.536800
v -5.424029 -41.694310 109.228200
v -4.305778 -41.609950 110.070300
v -5.756954 -40.644120 110.474100
v -4.566392 -42.271770 104.151300
v -4.420009 -42.425370 104.921200
v -5.265327 -41.707510 106.238700
v -5.417692 -41.879470 107.681300
v -6.461672 -40.248920 107.631000
v -6.131546 -40.298280 105.717500
v -3.373740 -42.726690 108.986100
v -3.063749 -42.363430 109.678000
v -7.231864 -38.689790 107.777300
v -6.820118 -38.601470 104.738600
v -7.766127 -34.681930 111.536800
v -7.045103 -37.956100 112.592300
v -11.649330 -33.577470 118.553000
v -11.252990 -30.222520 117.697100
v -18.094330 -26.149300 112.782700
v -7.587379 -37.477090 109.962100
v -17.922180 -25.218830 114.239500
v -17.039930 -25.353320 124.319000
v -16.218370 -26.067610 126.259700
v -9.744091 -32.530370 119.623600
v -17.270660 -25.219140 111.697400
v -7.954217 -34.512790 109.072700
v -3.112989 -42.595020 110.633800
v -4.382854 -41.884080 111.188000
v -4.867217 -41.983800 101.369500
v -4.566392 -42.271770 104.151300
v -5.444410 -40.773720 101.668000
v -6.223993 -38.658330 102.151000
v -1.691475 -43.636690 108.662700
v -0.736940 -43.929260 109.428300
v -1.987948 -43.226930 109.221400
v -1.987950 -43.226930 109.221400
v -15.115540 -24.521460 101.122800
v -15.516980 -24.663140 102.148400
v -6.962215 -34.050940 106.626300
v -16.056210 -25.355570 101.387600
v -7.612559 -36.616540 108.030000
v 0.000050 -45.069640 113.765900
v 0.000050 -45.386330 112.187500
v -7.612559 -36.616540 108.030000
v -6.982053 -36.012660 105.081200
v -5.636581 -41.466870 101.535200
v -5.444410 -40.773720 101.668000
v -16.930050 -26.911060 125.293000
v -6.888433 -34.420950 116.004100
v -4.867217 -41.983800 101.369500
v -12.395480 4.053446 49.901490
v -12.342520 2.483912 41.213490
v -12.395480 4.053446 49.901490
v -33.542590 3.019063 24.543410
v -33.542590 3.019063 24.543410
v -12.346250 -2.120869 41.100050
v -25.121630 1.648325 8.434872
v -25.121630 1.648325 8.434872
v -3.040738 31.313290 76.853360
v -0.000011 34.823780 109.245700
v -4.159864 34.300980 106.672400
v -0.000004 30.057220 119.424600
v 0.000010 105.143600 109.644900
v 0.000008 -17.406320 87.761260
v -12.407000 32.707320 105.547900
v -8.368942 10.551090 48.956080
v -12.553590 3.892121 59.467800
v -9.943662 10.797870 58.176810
v -21.007260 28.466590 93.738200
v -15.316200 31.577450 104.874000
v -12.867880 -21.121060 108.432900
v -0.000003 43.662620 59.160300
v -0.000002 14.552540 47.571840
v -13.573960 4.496604 68.249980
v -28.886050 6.596670 125.026300
v -27.528580 19.203700 120.141900
v -30.130490 17.454330 118.587900
v -23.972520 -11.386920 112.704200
v -19.810260 -16.090480 106.626800
v -23.390190 7.725638 79.317650
v -17.394610 18.729920 74.924590
v -18.112280 6.282332 74.214990
v -24.376640 18.924460 85.502940
v -8.107780 25.412070 73.819680
v 0.000014 -22.358180 97.075390
v 0.000021 -23.882310 100.444900
v -8.096418 -30.341390 114.825300
v -6.888433 -34.420950 116.004100
v -18.112280 6.282332 74.214990
v -23.390190 7.725638 79.317650
v -27.938690 9.043123 85.461390
v -31.458300 8.597680 94.164050
v -28.713720 20.211700 91.711690
v -27.938690 9.043123 85.461390
v -0.000002 28.515600 194.207700
v -51.092020 37.859580 161.666600
v -46.368070 32.989950 146.117200
v -51.092020 37.859580 161.666600
v -19.065720 29.342530 114.721400
v -33.051560 28.833430 119.818700
v -21.258250 -11.243710 118.605000
v -25.508170 -8.221295 121.324700
v -32.246510 18.636710 100.975800
v -7.228391 172.475700 3.953918
v 0.000025 172.501600 8.277646
v -36.635530 238.362900 0.461402
v -19.191860 223.828300 1.698237
v 0.000025 172.433200 0.000817
v -18.977520 205.491000 2.121547
v -12.395480 4.053446 49.901490
v -0.000002 89.544990 170.571700
v -3.416113 27.379670 70.681450
v -3.416113 27.379670 70.681450
v -0.000003 33.323880 67.095710
v -0.000004 25.646570 64.675390
v -0.000002 19.068710 61.868830
v -31.458300 8.597680 94.164050
v -0.000015 35.857150 101.516400
v -30.626250 20.339030 106.890700
v 0.000000 -13.068120 84.057330
v 0.000012 -20.632120 93.455780
v -23.520090 29.561000 109.770200
v -28.028190 29.688500 111.917800
v -23.520090 29.561000 109.770200
v -21.095430 29.641760 104.001400
v -20.752110 27.156930 105.217800
v -19.065720 29.342530 114.721400
v -23.520090 29.561000 109.770200
v -21.095430 29.641760 104.001400
v -21.007260 28.466590 93.738200
v -24.970840 24.492830 112.227800
v -33.051560 28.833430 119.818700
v -27.528580 19.203700 120.141900
v -33.051560 28.833430 119.818700
v -28.028190 29.688500 111.917800
v 0.000050 -45.036750 109.966300
v -6.806612 -32.643920 106.649700
v -6.962215 -34.050940 106.626300
v 0.000053 -46.433190 105.846900
v -0.886531 -46.276830 105.917600
v -3.545187 -40.755500 118.778500
v -5.834276 -39.912460 116.839100
v 0.000043 -40.445850 120.082600
v 0.000050 -45.329120 111.004700
v 0.000051 -45.289910 107.863900
v -2.280760 -42.647950 110.052600
v -6.168909 -40.082340 104.535200
v -5.069249 -40.958790 111.182200
v -6.344944 -39.751990 111.658500
v -7.045103 -37.956100 112.592300
v -7.587379 -37.477090 109.962100
v -6.888433 -34.420950 116.004100
v 0.000050 -45.069640 113.765900
v 0.000053 -48.235280 117.842600
v -1.170588 -44.456620 114.799300
v -6.652550 -37.954440 115.093400
v -5.265327 -41.707510 106.238700
v -6.385991 -39.682790 114.796900
v -1.668210 -43.467830 109.691500
v -22.000870 -17.892290 92.457290
v 0.000048 -43.904650 116.330800
v 0.000053 -50.120160 125.776900
v -40.019200 -4.957715 141.710700
v -6.784016 -39.664540 110.205100
v -30.410900 -11.887140 111.194300
v 0.000049 -44.286110 109.303900
v -4.831204 -41.833930 99.666820
v -0.971156 -45.158770 107.774300
v 0.000053 -46.202940 104.511700
v 76.521580 -19.343640 23.479530
v 76.064640 -17.359260 38.876960
v 68.519580 -20.169510 38.587170
v 69.912170 -21.547510 24.051040
v 76.718300 -12.037720 23.524060
v 66.085280 -10.477720 24.112200
v 66.252800 -9.928837 32.418620
v 77.958100 -10.776870 37.672940
v 63.394680 -25.608670 41.388820
v 55.353090 -22.664050 39.002040
v 55.290020 -26.268100 26.835330
v 62.200290 -28.719980 25.007300
v 66.317710 -23.522690 24.505110
v 43.642350 -5.998003 41.217880
v 52.294600 -11.542940 37.983120
v 47.670270 -14.175790 33.369730
v 40.138740 -11.153140 34.117980
v 50.543430 -20.235340 45.647560
v 46.167770 -22.513550 37.336120
v 69.912170 -21.547510 24.051040
v 68.519580 -20.169510 38.587170
v 76.718300 -12.037720 23.524060
v 77.958100 -10.776870 37.672940
v 42.105550 -18.494620 44.694450
v 38.609570 -11.724820 43.968770
v 36.412050 -16.117660 36.270140
v 39.540940 -21.216800 37.320840
v 53.476370 -19.971140 12.320880
v 61.046670 -28.385730 21.003020
v 54.110980 -26.013280 23.675190
v 48.908490 -19.490430 17.266260
v 57.734870 -18.053770 24.897680
v 64.727910 -22.656330 20.891600
v 56.367010 -14.956360 14.632070
v 51.750680 -14.385580 18.032420
v 63.939600 -10.992200 10.028300
v 74.687260 -18.614200 18.368490
v 69.182210 -20.838360 19.538100
v 59.141110 -12.503110 13.833350
v 64.727910 -22.656330 20.891600
v 56.367010 -14.956360 14.632070
v 64.703090 -5.469230 12.934860
v 75.360850 -11.671160 18.869800
v 81.310430 -5.422499 24.848340
v 80.791410 -5.629675 38.646320
v 78.307370 -9.913439 24.255370
v 78.104900 -0.197011 25.738140
v 71.251910 -1.255213 24.718420
v 71.907750 -1.193326 33.792720
v 78.689800 0.550551 37.136380
v 78.307370 -9.913439 24.255370
v 68.440740 -0.185031 19.113200
v 71.761990 -5.864350 15.103730
v 78.152240 -9.412430 21.361900
v 78.104900 -0.197011 25.738140
v 78.689800 0.550551 37.136380
v 81.130830 -5.215847 21.450130
v 78.152240 -9.412430 21.361900
v 71.761990 -5.864350 15.103730
v 73.945970 -2.000693 14.840350
v 72.620590 1.723190 16.737330
v 77.560100 -0.118461 22.290140
v 75.360850 -11.671160 18.869800
v 64.703090 -5.469230 12.934860
v 60.033280 -7.139160 16.935190
v 77.560100 -0.118461 22.290140
v 72.620590 1.723190 16.737330
v 66.317710 -23.522690 24.505110
v 57.882530 -15.614030 34.376240
v 60.131450 2.561006 49.334880
v 69.642040 3.461255 49.626960
v 70.043110 2.348010 42.770160
v 62.628670 -3.073072 41.706080
v 55.290020 -26.268100 26.835330
v 55.353090 -22.664050 39.002040
v 53.703920 -2.294118 42.612320
v 50.380660 0.114359 50.098790
v 55.327530 -11.805180 60.304820
v 50.650190 -4.719873 57.811220
v 49.988250 -6.792428 53.828900
v 54.169510 -13.752310 55.329560
v 48.908490 -19.490430 17.266260
v 54.110980 -26.013280 23.675190
v 51.648640 18.255540 72.652840
v 61.087700 17.063820 77.305740
v 65.053190 13.827750 65.730330
v 55.093390 14.782040 62.489880
v 64.587290 -6.669595 72.903730
v 60.277970 -3.049893 81.122220
v 49.476880 -4.403595 77.886290
v 52.208750 -8.969741 70.395520
v 68.452770 6.912766 55.066100
v 58.625770 7.247536 54.591050
v 44.975510 10.205500 71.971320
v 45.444670 7.609814 66.528380
v 45.758910 -0.759610 71.097240
v 46.402020 1.488076 76.440800
v 50.380660 0.114359 50.098790
v 50.867810 2.211784 54.780160
v 69.642040 3.461255 49.626960
v 60.131450 2.561006 49.334880
v 72.252080 5.576008 70.688550
v 66.494370 8.593791 80.242770
v 74.186800 0.897819 57.566110
v 78.105220 -16.421500 55.138780
v 71.875670 -16.945590 56.009580
v 68.905050 -18.615560 46.483510
v 76.322710 -16.580860 46.429340
v 82.227460 -18.963050 68.368900
v 89.644160 -24.269500 81.858390
v 85.730130 -24.146520 83.195040
v 77.436580 -19.478740 68.975740
v 69.682140 -12.635920 54.576350
v 57.408730 -20.131650 55.334200
v 65.545560 -17.486940 56.807640
v 71.875670 -16.945590 56.009580
v 78.469020 -9.707589 45.106940
v 78.077900 -10.324320 55.417310
v 77.436580 -19.478740 68.975740
v 85.730130 -24.146520 83.195040
v 89.258920 -20.363310 81.840500
v 82.493290 -14.259360 68.563370
v 89.258920 -20.363310 81.840500
v 82.493290 -14.259360 68.563370
v 55.701020 -24.320360 66.622310
v 59.830160 -25.643870 67.995590
v 57.458760 -33.456340 78.851360
v 54.739720 -32.296450 78.178880
v 55.701020 -24.320360 66.622310
v 54.739720 -32.296450 78.178880
v 59.193220 -31.643350 79.999460
v 61.893490 -22.676100 68.997120
v 61.893490 -22.676100 68.997120
v 63.032050 -21.891360 55.499470
v 65.545560 -17.486940 56.807640
v 57.408730 -20.131650 55.334200
v 59.193220 -31.643350 79.999460
v 96.454960 10.903210 72.117510
v 87.964520 3.501057 61.196500
v 85.702960 6.660400 60.671730
v 94.787990 12.713990 71.714800
v 94.953610 9.255021 73.269610
v 94.787990 12.713990 71.714800
v 85.702960 6.660400 60.671730
v 85.450900 1.297688 63.377030
v 80.347920 -0.963635 52.042830
v 85.450900 1.297688 63.377030
v 78.433440 -3.896476 53.918560
v 76.033650 1.251479 50.765430
v 76.033650 1.251479 50.765430
v 78.433440 -3.896476 53.918560
v 94.953610 9.255021 73.269610
v 44.975510 10.205500 71.971320
v 45.444670 7.609814 66.528380
v 67.864800 -8.503646 61.147320
v 78.077900 -10.324320 55.417310
v 47.370060 -3.495778 65.790250
v 47.619540 5.219123 61.434040
v 60.638150 9.885576 86.845510
v 56.495230 0.650477 85.488080
v 49.636630 20.017700 76.690330
v 59.326520 18.179960 80.746320
v 59.141110 -12.503110 13.833350
v 69.182210 -20.838360 19.538100
v 52.307060 -18.010350 52.048880
v 47.209520 -13.990530 52.093600
v 43.677070 -17.076680 47.664760
v 50.543430 -20.235340 45.647560
v 40.343700 -10.044720 46.379410
v 43.719970 -6.891540 49.709170
v 47.008280 -2.646483 45.540570
v 43.642350 -5.998003 41.217880
v 40.138740 -11.153140 34.117980
v 46.167770 -22.513550 37.336120
v 38.499050 -19.313690 28.169560
v 77.712140 0.792709 44.246330
v 48.816970 -0.167072 80.254510
v 45.040830 11.954440 76.609760
v 50.867810 2.211784 54.780160
v 53.417340 -3.130529 13.125760
v 57.190310 -22.191800 49.009570
v 79.857610 -3.545723 44.787990
v 46.655670 -10.018180 13.645380
v 44.623600 -22.613690 29.490310
v 43.787160 -17.381330 26.499790
v 40.248230 -13.713460 28.312140
v 44.943390 -19.290620 20.787480
v 44.623600 -22.613690 29.490310
v 44.943390 -19.290620 20.787480
v 46.655670 -10.018180 13.645380
v 58.104680 -6.626145 9.627710
v 53.417340 -3.130529 13.125760
v 40.248230 -13.713460 28.312140
v 63.924310 -24.163930 48.091060
v 59.903680 1.558420 14.210620
v 68.216940 0.731012 12.929390
v 59.903680 1.558420 14.210620
v 50.380660 0.114359 50.098790
v 69.682140 -12.635920 54.576350
v 76.033650 1.251479 50.765430
v 47.008280 -2.646483 45.540570
v 76.033650 1.251479 50.765430
v 77.712140 0.792709 44.246330
v 104.341700 -36.244810 103.329500
v 104.341700 -36.244810 103.329500
v 57.408730 -20.131650 55.334200
v 54.449940 -44.993610 90.501210
v 54.449940 -44.993610 90.501210
v 106.542700 20.054080 81.861000
v 106.542700 20.054080 81.861000
v 47.619540 5.219123 61.434040
v 45.040830 11.954440 76.609760
v 54.169510 -13.752310 55.329560
v 49.988250 -6.792428 53.828900
v 50.380660 0.114359 50.098790
v 43.599750 -2.165347 107.447400
v 47.398800 7.638066 108.572300
v 43.569630 6.473830 116.230300
v 40.348660 -3.969806 112.589200
v 42.370930 -2.551033 86.693840
v 37.086270 11.027300 84.836600
v 36.839470 -3.678524 95.240500
v 52.801910 -0.689549 93.180380
v 45.514830 -1.197141 102.646900
v 47.672230 18.861130 81.758930
v 55.973010 18.296460 87.097010
v 32.433310 9.240609 93.303290
v 49.687860 20.211220 97.817000
v 40.951100 21.040980 91.998100
v 43.144710 16.821620 107.406200
v 39.940760 17.087890 112.632000
v 36.591880 5.776706 121.839600
v 34.143690 -5.755588 117.743300
v 30.130490 17.454340 118.587900
v 28.886050 6.596676 125.026300
v 34.519420 16.933360 116.219800
v 35.595070 19.322740 99.554130
v 32.433310 9.240609 93.303290
v 31.458300 8.597686 94.164050
v 32.246510 18.636710 100.975800
v 32.459820 -5.670021 97.795680
v 30.148360 -6.137176 97.040600
v 31.458300 8.597686 94.164050
v 37.086270 11.027300 84.836600
v 29.691310 -11.073490 112.297800
v 28.961550 -10.272090 103.231800
v 34.953000 -8.997388 107.492000
v 38.715560 -5.774836 102.601000
v 35.320510 19.956200 108.655900
v 30.626250 20.339030 106.890700
v 56.335790 9.325440 96.782590
v 25.508170 -8.221291 121.324700
v 51.223340 8.700024 104.561000
v 23.972520 -11.386910 112.704200
v 22.656500 0.065650 21.232300
v 18.903660 1.648321 17.048170
v 11.992910 -1.854701 27.610580
v 17.717990 -0.863053 34.514510
v 17.511640 -0.822108 44.575600
v 26.806300 1.404469 33.537900
v 27.438320 3.019090 36.225210
v 19.017100 2.959756 45.482110
v 17.717990 -0.863053 34.514510
v 14.144430 -4.634257 31.198810
v 20.419990 -2.514394 19.142750
v 22.656500 0.065650 21.232300
v 19.017100 2.959756 45.482110
v 27.438320 3.019090 36.225210
v 24.229900 1.162667 29.949300
v 24.229900 1.162667 29.949300
v 11.992910 -1.854701 27.610580
v 18.903660 1.648321 17.048170
v 7.595506 -22.595350 122.410900
v 10.659120 -6.914303 131.571400
v 8.748138 -4.088670 69.791880
v 9.666536 -5.582836 79.669350
v 12.185870 12.031290 132.022500
v 17.788380 -13.572410 89.246050
v 26.639790 -10.294910 93.266030
v 24.849820 -13.641360 99.039500
v 16.414320 -18.326990 94.803630
v 4.654574 27.351190 123.335000
v 10.387170 26.195310 121.343600
v 3.829506 -31.239600 127.098100
v 3.682118 -18.979640 147.548400
v 4.160830 -34.142060 120.794400
v 6.263924 -30.677390 118.671400
v 4.160830 -34.142060 120.794400
v 5.520370 -34.534360 118.675300
v 4.476186 34.706010 133.487000
v 4.654574 27.351190 123.335000
v 1.733025 8.151052 180.715800
v 2.853687 -6.161560 164.932200
v 3.504559 48.815840 148.289800
v 11.284820 32.437460 94.600570
v 10.882500 29.637840 84.239350
v 7.902725 -5.513945 60.425880
v 0.000001 -8.365501 60.865970
v 12.553590 3.892123 59.467800
v 13.573960 4.496606 68.249970
v 15.205570 12.229340 130.040800
v 15.036640 25.467650 119.001400
v 28.886050 6.596676 125.026300
v 35.358090 16.561080 138.220800
v 37.888520 2.694725 139.691600
v 25.508170 -8.221291 121.324700
v 18.026030 -1.552655 127.951700
v 18.026030 -1.552655 127.951700
v 29.837730 6.803879 140.747400
v 27.098560 17.062150 138.892100
v 15.205570 12.229340 130.040800
v 19.060430 -9.500524 122.879900
v 25.508170 -8.221291 121.324700
v 37.888520 2.694725 139.691600
v 27.528580 19.203700 120.141900
v 40.246060 30.515850 133.538700
v 11.992910 -1.854701 27.610580
v 12.346250 -2.120868 41.100050
v 7.409792 -6.993247 40.925000
v 7.405527 -7.659325 26.672030
v 8.146657 6.301738 29.098220
v 9.284726 6.814283 22.465860
v 12.212090 1.648321 18.073160
v 12.604020 10.265230 14.319690
v 12.218390 21.782570 12.684720
v 11.610510 66.529380 11.188740
v 11.313810 83.824520 10.368360
v 12.132680 36.309390 12.250720
v 7.515637 -5.449048 50.734540
v 8.368939 10.551100 48.956080
v 12.395480 4.053447 49.901490
v 12.342520 2.483913 41.213480
v 9.154721 9.506054 40.397530
v 7.098442 100.340800 2.951583
v 6.894601 118.525600 2.951581
v 10.681910 100.433200 9.491699
v 9.912876 118.785400 8.401581
v 11.313810 83.824520 10.368360
v 11.863980 50.607200 11.877930
v 6.577790 136.171400 2.951582
v 9.112869 136.364800 7.273109
v 5.159966 152.703000 2.951581
v 6.673886 164.401000 2.951582
v 8.106541 152.844700 6.366791
v 7.384237 164.471800 5.111447
v 7.228372 172.475700 3.953913
v 9.111009 35.929870 2.951581
v 9.229787 20.102630 2.951581
v 9.974112 50.222150 2.951581
v 8.740139 66.184310 2.951581
v 8.117592 83.472820 2.951581
v 8.974252 6.355653 6.173917
v 8.208572 -4.477757 14.210540
v 8.117592 83.472820 2.951581
v 8.045627 229.120600 2.726699
v 9.939743 205.362800 0.168121
v 9.939746 204.786200 5.590278
v 12.274610 -22.511440 115.393400
v 19.060430 -9.500524 122.879900
v 5.908202 14.999410 57.178750
v 11.284190 13.703890 65.435230
v 7.515637 -5.449048 50.734540
v 12.395480 4.053447 49.901490
v 27.267750 -5.500108 89.703880
v 17.232390 -9.893553 85.990000
v 15.443960 -1.095374 77.454190
v 2.904565 65.686620 160.170100
v 44.626670 16.959370 153.058400
v 39.484320 27.556530 150.328600
v 27.493550 26.375350 127.285200
v 15.036640 25.467650 119.001400
v 42.214680 25.035160 148.540600
v 44.626670 16.959370 153.058400
v 5.409451 -28.367450 103.897200
v 3.331516 -27.793740 102.653600
v 4.615212 -24.446410 101.350800
v 46.368060 32.989940 146.117200
v 3.040733 31.313300 76.853350
v 3.416106 27.379670 70.681440
v 2.363184 37.158490 68.369030
v 3.884125 45.592670 109.084100
v 4.159860 34.300980 106.672400
v 2.430093 83.511380 114.793500
v 3.444880 62.318330 112.956500
v 40.246060 30.515850 133.538700
v 30.148360 -6.137176 97.040600
v 28.961550 -10.272090 103.231800
v 6.702423 -16.237030 87.458510
v 7.313692 -12.273170 85.218320
v 5.234694 -20.899760 92.547540
v 13.716590 -21.157920 101.286500
v 4.242759 -23.153670 98.131010
v 8.121521 -10.259820 83.195290
v 16.135240 -6.864402 83.294530
v 23.790640 1.624347 83.384350
v 26.812000 25.340830 103.602700
v 20.752110 27.156930 105.217800
v 24.970840 24.492830 112.227800
v 28.628420 23.059520 109.603600
v 4.879361 -31.162480 103.322900
v 9.503184 -23.752260 106.081900
v 10.180360 -24.013840 110.901900
v 8.234920 -29.602040 110.473700
v 7.557718 -29.009710 106.805300
v 7.165079 -32.376300 109.236800
v 6.806617 -32.643920 106.649700
v 2.766232 -44.861210 104.508900
v 1.140892 -45.948500 104.625200
v 2.481539 -44.532250 101.084300
v 2.637981 -43.654240 99.136380
v 1.502456 -45.157030 110.383000
v 3.959680 -43.747250 111.733900
v 3.791968 -43.647500 113.234500
v 1.583421 -45.230840 111.917300
v 4.160830 -34.142060 120.794400
v 3.570904 -38.266350 119.905400
v 6.062814 -41.857440 112.662300
v 5.471026 -41.765040 114.613400
v 5.786321 -38.680330 100.319600
v 4.831210 -41.833930 99.666820
v 3.665097 -41.564760 98.535660
v 3.829310 -38.566490 98.669120
v 4.747072 -32.715600 102.798600
v 4.879361 -31.162480 103.322900
v 3.635447 -42.557450 116.844100
v 2.045684 -42.627940 117.810000
v 1.170591 -44.456620 114.799300
v 3.555172 -43.455350 114.697000
v 3.599272 -34.112600 100.217100
v 5.843519 -37.819570 117.881300
v 5.520370 -34.534360 118.675300
v 5.796200 -35.645050 101.350800
v 6.131551 -40.298280 105.717500
v 5.949532 -41.535310 105.263100
v 6.190565 -41.439960 103.995000
v 6.168913 -40.082340 104.535200
v 1.196039 -47.051780 121.861800
v 2.045684 -42.627940 117.810000
v 2.861264 -42.931530 107.879800
v 2.477908 -44.512660 105.614300
v 4.420012 -42.425370 104.921200
v 7.165079 -32.376300 109.236800
v 7.766129 -34.681930 111.536800
v 7.954223 -34.512790 109.072700
v 5.424033 -41.694310 109.228200
v 5.756957 -40.644120 110.474100
v 4.305782 -41.609950 110.070300
v 4.566397 -42.271770 104.151300
v 4.420012 -42.425370 104.921200
v 5.265332 -41.707520 106.238700
v 6.131551 -40.298280 105.717500
v 6.461676 -40.248920 107.631000
v 5.417695 -41.879470 107.681300
v 3.373743 -42.726700 108.986100
v 3.063752 -42.363430 109.678000
v 7.231868 -38.689790 107.777300
v 6.820124 -38.601470 104.738600
v 7.766129 -34.681930 111.536800
v 11.253020 -30.222540 117.697100
v 11.649360 -33.577480 118.553000
v 7.045107 -37.956100 112.592300
v 18.094380 -26.149340 112.782600
v 17.922240 -25.218880 114.239500
v 7.587381 -37.477090 109.962100
v 17.039990 -25.353360 124.318900
v 9.744118 -32.530370 119.623600
v 16.218430 -26.067630 126.259700
v 7.954223 -34.512790 109.072700
v 17.270720 -25.219190 111.697400
v 4.382857 -41.884080 111.188000
v 3.112993 -42.595020 110.633800
v 4.867220 -41.983800 101.369500
v 4.566397 -42.271770 104.151300
v 6.223999 -38.658330 102.151000
v 5.444415 -40.773720 101.668000
v 1.691477 -43.636680 108.662700
v 1.987953 -43.226920 109.221400
v 1.987951 -43.226940 109.221400
v 0.736944 -43.929250 109.428300
v 15.115580 -24.521500 101.122800
v 6.962220 -34.050940 106.626300
v 15.517030 -24.663190 102.148400
v 7.612564 -36.616540 108.030000
v 16.056250 -25.355610 101.387600
v 7.612564 -36.616540 108.030000
v 6.982058 -36.012660 105.081200
v 5.636587 -41.466870 101.535200
v 5.444415 -40.773720 101.668000
v 16.930100 -26.911090 125.293000
v 6.888438 -34.420950 116.004100
v 4.867220 -41.983800 101.369500
v 12.342520 2.483913 41.213480
v 12.395480 4.053447 49.901490
v 12.395480 4.053447 49.901490
v 33.542590 3.019066 24.543410
v 33.542590 3.019066 24.543410
v 12.346250 -2.120868 41.100050
v 25.121620 1.648322 8.434871
v 25.121620 1.648322 8.434871
v 3.040733 31.313300 76.853350
v 4.159860 34.300980 106.672400
v 12.407000 32.707320 105.547900
v 8.368939 10.551100 48.956080
v 9.943659 10.797880 58.176800
v 12.553590 3.892123 59.467800
v 21.007250 28.466600 93.738200
v 15.316200 31.577440 104.874100
v 12.867880 -21.121060 108.432900
v 13.573960 4.496606 68.249970
v 28.886050 6.596676 125.026300
v 30.130490 17.454340 118.587900
v 27.528580 19.203700 120.141900
v 23.972520 -11.386910 112.704200
v 19.810260 -16.090480 106.626800
v 23.390180 7.725632 79.317650
v 18.112280 6.282331 74.214990
v 17.394610 18.729920 74.924590
v 24.376640 18.924460 85.502910
v 8.107774 25.412060 73.819670
v 8.096420 -30.341390 114.825300
v 6.888438 -34.420950 116.004100
v 18.112280 6.282331 74.214990
v 23.390180 7.725632 79.317650
v 27.938690 9.043122 85.461360
v 28.713720 20.211700 91.711690
v 31.458300 8.597686 94.164050
v 27.938690 9.043122 85.461360
v 51.092010 37.859580 161.666600
v 46.368060 32.989940 146.117200
v 51.092010 37.859580 161.666600
v 33.051560 28.833440 119.818600
v 19.065710 29.342540 114.721400
v 25.508170 -8.221291 121.324700
v 21.258240 -11.243700 118.605000
v 32.246510 18.636710 100.975800
v 7.228372 172.475700 3.953913
v 19.191840 223.828200 1.698233
v 36.635500 238.362900 0.461399
v 18.977490 205.491000 2.121542
v 12.395480 4.053447 49.901490
v 3.416106 27.379670 70.681440
v 3.416106 27.379670 70.681440
v 31.458300 8.597686 94.164050
v 30.626250 20.339030 106.890700
v 23.520110 29.561000 109.770200
v 28.028180 29.688500 111.917800
v 23.520110 29.561000 109.770200
v 20.752110 27.156930 105.217800
v 21.095420 29.641760 104.001400
v 19.065710 29.342540 114.721400
v 23.520110 29.561000 109.770200
v 21.095420 29.641760 104.001400
v 21.007250 28.466600 93.738200
v 24.970840 24.492830 112.227800
v 33.051560 28.833440 119.818600
v 33.051560 28.833440 119.818600
v 27.528580 19.203700 120.141900
v 28.028180 29.688500 111.917800
v 6.962220 -34.050940 106.626300
v 6.806617 -32.643920 106.649700
v 0.886532 -46.276830 105.917600
v 3.545187 -40.755500 118.778500
v 5.834280 -39.912460 116.839100
v 2.280763 -42.647950 110.052600
v 6.168913 -40.082340 104.535200
v 5.069253 -40.958790 111.182200
v 6.344948 -39.751990 111.658500
v 7.045107 -37.956100 112.592300
v 7.587381 -37.477090 109.962100
v 6.888438 -34.420950 116.004100
v 1.170591 -44.456620 114.799300
v 6.652553 -37.954440 115.093400
v 5.265332 -41.707520 106.238700
v 6.385996 -39.682790 114.796900
v 1.668213 -43.467830 109.691500
v 22.000940 -17.892360 92.457280
v 40.019370 -4.957832 141.710700
v 6.784019 -39.664540 110.205100
v 30.411010 -11.887240 111.194300
v 4.831210 -41.833930 99.666820
v 0.971160 -45.158770 107.774200
vt 0.640986 0.023838 0.000000
vt 0.803734 0.023838 0.000000
vt 0.803734 0.009512 0.000000
vt 0.616598 0.009511 0.000000
vt 0.850475 0.009512 0.000000
vt 0.803734 0.009512 0.000000
vt 0.803734 0.023838 0.000000
vt 0.850475 0.055155 0.000000
vt 0.729934 0.146469 0.000000
vt 0.746858 0.113256 0.000000
vt 0.775466 0.109101 0.000000
vt 0.763919 0.141551 0.000000
vt 0.615859 0.087465 0.000000
vt 0.696802 0.087465 0.000000
vt 0.796977 0.156513 0.000000
vt 0.815347 0.124582 0.000000
vt 0.872553 0.121814 0.000000
vt 0.914938 0.087465 0.000000
vt 0.933777 0.146767 0.000000
vt 0.866260 0.146767 0.000000
vt 0.815347 0.124582 0.000000
vt 0.815347 0.087465 0.000000
vt 0.689493 0.248464 0.000000
vt 0.664552 0.227134 0.000000
vt 0.685053 0.210066 0.000000
vt 0.728401 0.248464 0.000000
vt 0.635139 0.237987 0.000000
vt 0.664552 0.227134 0.000000
vt 0.676655 0.254979 0.000000
vt 0.656843 0.265907 0.000000
vt 0.775466 0.109101 0.000000
vt 0.746858 0.113256 0.000000
vt 0.746858 0.087465 0.000000
vt 0.775745 0.087465 0.000000
vt 0.954853 0.087465 0.000000
vt 0.972958 0.087465 0.000000
vt 0.972958 0.129376 0.000000
vt 0.954853 0.123035 0.000000
vt 0.941759 0.123035 0.000000
vt 0.941659 0.087465 0.000000
vt 0.954853 0.087465 0.000000
vt 0.954853 0.123035 0.000000
vt 0.640986 0.023838 0.000000
vt 0.803734 0.023838 0.000000
vt 0.850475 0.055155 0.000000
vt 0.803734 0.023838 0.000000
vt 0.729934 0.146469 0.000000
vt 0.763919 0.141551 0.000000
vt 0.775466 0.109101 0.000000
vt 0.746858 0.113256 0.000000
vt 0.796977 0.156513 0.000000
vt 0.815347 0.124582 0.000000
vt 0.872553 0.121814 0.000000
vt 0.866260 0.146767 0.000000
vt 0.933777 0.146767 0.000000
vt 0.815347 0.124582 0.000000
vt 0.689493 0.248464 0.000000
vt 0.728401 0.248464 0.000000
vt 0.685053 0.210066 0.000000
vt 0.664552 0.227134 0.000000
vt 0.635139 0.237987 0.000000
vt 0.656843 0.265907 0.000000
vt 0.676655 0.254979 0.000000
vt 0.664552 0.227134 0.000000
vt 0.775466 0.109101 0.000000
vt 0.746858 0.113256 0.000000
vt 0.954853 0.087465 0.000000
vt 0.954853 0.123035 0.000000
vt 0.972958 0.129376 0.000000
vt 0.972958 0.087465 0.000000
vt 0.941759 0.123035 0.000000
vt 0.954853 0.123035 0.000000
vt 0.803734 0.009512 0.000000
vt 0.616598 0.009511 0.000000
vt 0.850475 0.009512 0.000000
vt 0.803734 0.009512 0.000000
vt 0.729934 0.146469 0.000000
vt 0.746858 0.113256 0.000000
vt 0.775466 0.109101 0.000000
vt 0.763919 0.141551 0.000000
vt 0.615859 0.087465 0.000000
vt 0.696802 0.087465 0.000000
vt 0.796977 0.156513 0.000000
vt 0.815347 0.124582 0.000000
vt 0.872553 0.121814 0.000000
vt 0.914938 0.087465 0.000000
vt 0.933777 0.146767 0.000000
vt 0.866260 0.146767 0.000000
vt 0.815347 0.124582 0.000000
vt 0.815347 0.087465 0.000000
vt 0.664552 0.227134 0.000000
vt 0.685053 0.210066 0.000000
vt 0.664552 0.227134 0.000000
vt 0.676655 0.254979 0.000000
vt 0.775466 0.109101 0.000000
vt 0.746858 0.113256 0.000000
vt 0.746858 0.087465 0.000000
vt 0.775745 0.087465 0.000000
vt 0.954853 0.087465 0.000000
vt 0.972958 0.087465 0.000000
vt 0.972958 0.129376 0.000000
vt 0.954853 0.123035 0.000000
vt 0.941659 0.087465 0.000000
vt 0.954853 0.087465 0.000000
vt 0.729934 0.146469 0.000000
vt 0.763919 0.141551 0.000000
vt 0.775466 0.109101 0.000000
vt 0.746858 0.113256 0.000000
vt 0.796977 0.156513 0.000000
vt 0.815347 0.124582 0.000000
vt 0.872553 0.121814 0.000000
vt 0.866260 0.146767 0.000000
vt 0.933777 0.146767 0.000000
vt 0.815347 0.124582 0.000000
vt 0.685053 0.210066 0.000000
vt 0.664552 0.227134 0.000000
vt 0.676655 0.254979 0.000000
vt 0.664552 0.227134 0.000000
vt 0.775466 0.109101 0.000000
vt 0.746858 0.113256 0.000000
vt 0.954853 0.087465 0.000000
vt 0.954853 0.123035 0.000000
vt 0.972958 0.129376 0.000000
vt 0.972958 0.087465 0.000000
vt 0.615958 0.050691 0.000000
vt 0.625982 0.029310 0.000000
vt 0.606818 0.039632 0.000000
vt 0.850475 0.055155 0.000000
vt 0.906150 0.009511 0.000000
vt 0.850475 0.009512 0.000000
vt 0.616598 0.009511 0.000000
vt 0.535738 0.009511 0.000000
vt 0.594571 0.047671 0.000000
vt 0.625982 0.029310 0.000000
vt 0.640986 0.023838 0.000000
vt 0.616598 0.009511 0.000000
vt 0.625982 0.029310 0.000000
vt 0.655522 0.032546 0.000000
vt 0.640986 0.023838 0.000000
vt 0.645070 0.046252 0.000000
vt 0.645070 0.046252 0.000000
vt 0.658807 0.053967 0.000000
vt 0.681940 0.039793 0.000000
vt 0.627416 0.053983 0.000000
vt 0.637845 0.062751 0.000000
vt 0.681940 0.039793 0.000000
vt 0.608463 0.069957 0.000000
vt 0.828154 0.186552 0.000000
vt 0.866260 0.146767 0.000000
vt 0.849758 0.193897 0.000000
vt 0.994967 0.220364 0.000000
vt 0.933777 0.146767 0.000000
vt 0.941759 0.123035 0.000000
vt 0.914938 0.087465 0.000000
vt 0.818709 0.162481 0.000000
vt 0.872553 0.121814 0.000000
vt 0.815347 0.087465 0.000000
vt 0.872553 0.087465 0.000000
vt 0.872553 0.087465 0.000000
vt 0.898914 0.206236 0.000000
vt 0.874059 0.201940 0.000000
vt 0.511778 0.129402 0.000000
vt 0.616537 0.107368 0.000000
vt 0.616537 0.146511 0.000000
vt 0.594795 0.096808 0.000000
vt 0.616537 0.107368 0.000000
vt 0.644721 0.114088 0.000000
vt 0.616537 0.146511 0.000000
vt 0.616537 0.146511 0.000000
vt 0.598432 0.210066 0.000000
vt 0.542846 0.173061 0.000000
vt 0.685053 0.210066 0.000000
vt 0.807229 0.236711 0.000000
vt 0.728401 0.248464 0.000000
vt 0.561206 0.199688 0.000000
vt 0.651526 0.178276 0.000000
vt 0.685097 0.145101 0.000000
vt 0.651526 0.178276 0.000000
vt 0.689493 0.248464 0.000000
vt 0.712744 0.183516 0.000000
vt 0.511778 0.129402 0.000000
vt 0.635139 0.237987 0.000000
vt 0.610372 0.232926 0.000000
vt 0.699607 0.289849 0.000000
vt 0.598432 0.210066 0.000000
vt 0.610372 0.232926 0.000000
vt 0.594851 0.224619 0.000000
vt 0.594851 0.262868 0.000000
vt 0.573408 0.230257 0.000000
vt 0.561206 0.199688 0.000000
vt 0.696802 0.087465 0.000000
vt 0.941659 0.087465 0.000000
vt 0.972958 0.087465 0.000000
vt 0.990830 0.087465 0.000000
vt 0.972958 0.129376 0.000000
vt 0.924671 0.004453 0.000000
vt 0.924671 0.065626 0.000000
vt 0.865197 0.065626 0.000000
vt 0.924671 0.065626 0.000000
vt 0.924671 0.004453 0.000000
vt 0.982310 0.065626 0.000000
vt 0.685741 0.032280 0.000000
vt 0.731180 0.032280 0.000000
vt 0.708461 0.049432 0.000000
vt 0.625982 0.029310 0.000000
vt 0.615958 0.050691 0.000000
vt 0.606818 0.039632 0.000000
vt 0.850475 0.055155 0.000000
vt 0.535738 0.009511 0.000000
vt 0.616598 0.009511 0.000000
vt 0.594571 0.047671 0.000000
vt 0.640986 0.023838 0.000000
vt 0.625982 0.029310 0.000000
vt 0.655522 0.032546 0.000000
vt 0.625982 0.029310 0.000000
vt 0.640986 0.023838 0.000000
vt 0.645070 0.046252 0.000000
vt 0.658807 0.053967 0.000000
vt 0.645070 0.046252 0.000000
vt 0.681940 0.039793 0.000000
vt 0.637845 0.062751 0.000000
vt 0.627416 0.053983 0.000000
vt 0.681940 0.039793 0.000000
vt 0.608463 0.069957 0.000000
vt 0.828154 0.186552 0.000000
vt 0.849758 0.193897 0.000000
vt 0.866260 0.146767 0.000000
vt 0.994967 0.220364 0.000000
vt 0.941759 0.123035 0.000000
vt 0.933777 0.146767 0.000000
vt 0.818709 0.162481 0.000000
vt 0.872553 0.121814 0.000000
vt 0.872553 0.087465 0.000000
vt 0.815347 0.087465 0.000000
vt 0.872553 0.121814 0.000000
vt 0.914938 0.087465 0.000000
vt 0.872553 0.087465 0.000000
vt 0.898914 0.206236 0.000000
vt 0.874059 0.201940 0.000000
vt 0.511778 0.129402 0.000000
vt 0.616537 0.146511 0.000000
vt 0.616537 0.107368 0.000000
vt 0.594795 0.096808 0.000000
vt 0.616537 0.107368 0.000000
vt 0.616537 0.146511 0.000000
vt 0.644721 0.114088 0.000000
vt 0.616537 0.146511 0.000000
vt 0.542846 0.173061 0.000000
vt 0.598432 0.210066 0.000000
vt 0.685053 0.210066 0.000000
vt 0.728401 0.248464 0.000000
vt 0.807229 0.236711 0.000000
vt 0.561206 0.199688 0.000000
vt 0.651526 0.178276 0.000000
vt 0.685097 0.145101 0.000000
vt 0.651526 0.178276 0.000000
vt 0.689493 0.248464 0.000000
vt 0.712744 0.183516 0.000000
vt 0.511778 0.129402 0.000000
vt 0.610372 0.232926 0.000000
vt 0.635139 0.237987 0.000000
vt 0.699607 0.289849 0.000000
vt 0.598432 0.210066 0.000000
vt 0.594851 0.224619 0.000000
vt 0.610372 0.232926 0.000000
vt 0.573408 0.230257 0.000000
vt 0.594851 0.262868 0.000000
vt 0.561206 0.199688 0.000000
vt 0.972958 0.129376 0.000000
vt 0.924671 0.004453 0.000000
vt 0.865197 0.065626 0.000000
vt 0.924671 0.065626 0.000000
vt 0.924671 0.065626 0.000000
vt 0.982310 0.065626 0.000000
vt 0.924671 0.004453 0.000000
vt 0.708461 0.049432 0.000000
vt 0.615958 0.050691 0.000000
vt 0.625982 0.029310 0.000000
vt 0.606818 0.039632 0.000000
vt 0.850475 0.009512 0.000000
vt 0.616598 0.009511 0.000000
vt 0.535738 0.009511 0.000000
vt 0.594571 0.047671 0.000000
vt 0.625982 0.029310 0.000000
vt 0.616598 0.009511 0.000000
vt 0.645070 0.046252 0.000000
vt 0.658807 0.053967 0.000000
vt 0.627416 0.053983 0.000000
vt 0.637845 0.062751 0.000000
vt 0.608463 0.069957 0.000000
vt 0.828154 0.186552 0.000000
vt 0.866260 0.146767 0.000000
vt 0.849758 0.193897 0.000000
vt 0.933777 0.146767 0.000000
vt 0.914938 0.087465 0.000000
vt 0.818709 0.162481 0.000000
vt 0.872553 0.121814 0.000000
vt 0.815347 0.087465 0.000000
vt 0.872553 0.087465 0.000000
vt 0.872553 0.121814 0.000000
vt 0.872553 0.087465 0.000000
vt 0.914938 0.087465 0.000000
vt 0.898914 0.206236 0.000000
vt 0.933777 0.146767 0.000000
vt 0.874059 0.201940 0.000000
vt 0.511778 0.129402 0.000000
vt 0.616537 0.107368 0.000000
vt 0.616537 0.146511 0.000000
vt 0.594795 0.096808 0.000000
vt 0.616537 0.107368 0.000000
vt 0.644721 0.114088 0.000000
vt 0.616537 0.146511 0.000000
vt 0.616537 0.146511 0.000000
vt 0.598432 0.210066 0.000000
vt 0.685053 0.210066 0.000000
vt 0.807229 0.236711 0.000000
vt 0.728401 0.248464 0.000000
vt 0.651526 0.178276 0.000000
vt 0.685097 0.145101 0.000000
vt 0.651526 0.178276 0.000000
vt 0.712744 0.183516 0.000000
vt 0.542846 0.173061 0.000000
vt 0.598432 0.210066 0.000000
vt 0.594851 0.224619 0.000000
vt 0.696802 0.087465 0.000000
vt 0.941659 0.087465 0.000000
vt 0.972958 0.087465 0.000000
vt 0.924671 0.004453 0.000000
vt 0.924671 0.065626 0.000000
vt 0.865197 0.065626 0.000000
vt 0.924671 0.065626 0.000000
vt 0.924671 0.004453 0.000000
vt 0.982310 0.065626 0.000000
vt 0.685741 0.032280 0.000000
vt 0.731180 0.032280 0.000000
vt 0.708461 0.049432 0.000000
vt 0.994967 0.220364 0.000000
vt 0.625982 0.029310 0.000000
vt 0.615958 0.050691 0.000000
vt 0.606818 0.039632 0.000000
vt 0.535738 0.009511 0.000000
vt 0.594571 0.047671 0.000000
vt 0.625982 0.029310 0.000000
vt 0.645070 0.046252 0.000000
vt 0.658807 0.053967 0.000000
vt 0.645070 0.046252 0.000000
vt 0.681940 0.039793 0.000000
vt 0.637845 0.062751 0.000000
vt 0.627416 0.053983 0.000000
vt 0.608463 0.069957 0.000000
vt 0.828154 0.186552 0.000000
vt 0.849758 0.193897 0.000000
vt 0.866260 0.146767 0.000000
vt 0.933777 0.146767 0.000000
vt 0.818709 0.162481 0.000000
vt 0.872553 0.121814 0.000000
vt 0.872553 0.087465 0.000000
vt 0.815347 0.087465 0.000000
vt 0.872553 0.087465 0.000000
vt 0.898914 0.206236 0.000000
vt 0.933777 0.146767 0.000000
vt 0.874059 0.201940 0.000000
vt 0.511778 0.129402 0.000000
vt 0.616537 0.146511 0.000000
vt 0.616537 0.107368 0.000000
vt 0.594795 0.096808 0.000000
vt 0.616537 0.107368 0.000000
vt 0.616537 0.146511 0.000000
vt 0.644721 0.114088 0.000000
vt 0.616537 0.146511 0.000000
vt 0.598432 0.210066 0.000000
vt 0.685053 0.210066 0.000000
vt 0.728401 0.248464 0.000000
vt 0.807229 0.236711 0.000000
vt 0.651526 0.178276 0.000000
vt 0.685097 0.145101 0.000000
vt 0.651526 0.178276 0.000000
vt 0.712744 0.183516 0.000000
vt 0.542846 0.173061 0.000000
vt 0.598432 0.210066 0.000000
vt 0.594851 0.224619 0.000000
vt 0.924671 0.004453 0.000000
vt 0.865197 0.065626 0.000000
vt 0.924671 0.065626 0.000000
vt 0.924671 0.065626 0.000000
vt 0.982310 0.065626 0.000000
vt 0.924671 0.004453 0.000000
vt 0.708461 0.049432 0.000000
vt 0.994967 0.220364 0.000000
vt 0.241929 0.586939 0.000000
vt 0.257366 0.584212 0.000000
vt 0.271184 0.614480 0.000000
vt 0.254556 0.622133 0.000000
vt 0.459740 0.482427 0.000000
vt 0.434641 0.467376 0.000000
vt 0.440868 0.435948 0.000000
vt 0.471714 0.456896 0.000000
vt 0.287866 0.612802 0.000000
vt 0.283108 0.572049 0.000000
vt 0.300243 0.572049 0.000000
vt 0.307591 0.599897 0.000000
vt 0.268695 0.575400 0.000000
vt 0.373126 0.363331 0.000000
vt 0.382530 0.342562 0.000000
vt 0.411309 0.345038 0.000000
vt 0.411105 0.377233 0.000000
vt 0.431839 0.339685 0.000000
vt 0.450089 0.357881 0.000000
vt 0.483463 0.432839 0.000000
vt 0.450232 0.422152 0.000000
vt 0.237857 0.623178 0.000000
vt 0.230271 0.593303 0.000000
vt 0.343186 0.611007 0.000000
vt 0.344983 0.592784 0.000000
vt 0.365042 0.592784 0.000000
vt 0.361534 0.614698 0.000000
vt 0.280066 0.532638 0.000000
vt 0.294791 0.528027 0.000000
vt 0.298237 0.563468 0.000000
vt 0.282620 0.563468 0.000000
vt 0.492649 0.399249 0.000000
vt 0.530617 0.392554 0.000000
vt 0.530617 0.409330 0.000000
vt 0.493813 0.420845 0.000000
vt 0.234871 0.546013 0.000000
vt 0.246850 0.541817 0.000000
vt 0.254049 0.574690 0.000000
vt 0.240918 0.582709 0.000000
vt 0.266726 0.563468 0.000000
vt 0.266726 0.530126 0.000000
vt 0.227934 0.582709 0.000000
vt 0.221143 0.546013 0.000000
vt 0.210311 0.608479 0.000000
vt 0.222748 0.602061 0.000000
vt 0.222739 0.629199 0.000000
vt 0.388831 0.495653 0.000000
vt 0.382993 0.481001 0.000000
vt 0.409148 0.453356 0.000000
vt 0.409148 0.494388 0.000000
vt 0.439164 0.491570 0.000000
vt 0.440354 0.494388 0.000000
vt 0.431962 0.521071 0.000000
vt 0.409148 0.521071 0.000000
vt 0.205420 0.636838 0.000000
vt 0.199034 0.614375 0.000000
vt 0.204686 0.600397 0.000000
vt 0.193537 0.582321 0.000000
vt 0.201280 0.575371 0.000000
vt 0.218299 0.594669 0.000000
vt 0.194720 0.605825 0.000000
vt 0.183022 0.586709 0.000000
vt 0.498664 0.469067 0.000000
vt 0.498087 0.491751 0.000000
vt 0.463465 0.485479 0.000000
vt 0.392068 0.521071 0.000000
vt 0.386882 0.504364 0.000000
vt 0.489481 0.422152 0.000000
vt 0.450089 0.399249 0.000000
vt 0.375171 0.418771 0.000000
vt 0.401257 0.423746 0.000000
vt 0.385296 0.450432 0.000000
vt 0.368706 0.440821 0.000000
vt 0.489481 0.377233 0.000000
vt 0.450089 0.377233 0.000000
vt 0.385241 0.402308 0.000000
vt 0.361920 0.396303 0.000000
vt 0.209068 0.293391 0.000000
vt 0.215862 0.277371 0.000000
vt 0.232716 0.286021 0.000000
vt 0.232716 0.304420 0.000000
vt 0.493813 0.375100 0.000000
vt 0.527785 0.375100 0.000000
vt 0.050390 0.361529 0.000000
vt 0.050390 0.321767 0.000000
vt 0.088410 0.315030 0.000000
vt 0.088410 0.361529 0.000000
vt 0.164659 0.323075 0.000000
vt 0.202259 0.332320 0.000000
vt 0.202259 0.366047 0.000000
vt 0.164659 0.358690 0.000000
vt 0.050390 0.282123 0.000000
vt 0.088410 0.272882 0.000000
vt 0.259221 0.377992 0.000000
vt 0.222795 0.374827 0.000000
vt 0.226143 0.354333 0.000000
vt 0.259221 0.354333 0.000000
vt 0.259221 0.286021 0.000000
vt 0.259221 0.304420 0.000000
vt 0.050390 0.265430 0.000000
vt 0.088410 0.251457 0.000000
vt 0.125181 0.353616 0.000000
vt 0.125181 0.315030 0.000000
vt 0.125181 0.264968 0.000000
vt 0.269778 0.664166 0.000000
vt 0.262713 0.637952 0.000000
vt 0.277061 0.633313 0.000000
vt 0.285718 0.657486 0.000000
vt 0.277411 0.698287 0.000000
vt 0.285718 0.695977 0.000000
vt 0.293867 0.737510 0.000000
vt 0.286813 0.740380 0.000000
vt 0.618294 0.356889 0.000000
vt 0.630000 0.361839 0.000000
vt 0.630000 0.347710 0.000000
vt 0.618294 0.339331 0.000000
vt 0.242266 0.640104 0.000000
vt 0.255381 0.666767 0.000000
vt 0.652515 0.373633 0.000000
vt 0.648828 0.383029 0.000000
vt 0.678885 0.393793 0.000000
vt 0.682164 0.387027 0.000000
vt 0.276809 0.741950 0.000000
vt 0.267108 0.701540 0.000000
vt 0.328542 0.665123 0.000000
vt 0.366909 0.694409 0.000000
vt 0.364773 0.699393 0.000000
vt 0.326614 0.670971 0.000000
vt 0.635937 0.316940 0.000000
vt 0.645783 0.326614 0.000000
vt 0.678292 0.329951 0.000000
vt 0.680180 0.322374 0.000000
vt 0.322817 0.675295 0.000000
vt 0.296283 0.653352 0.000000
vt 0.299812 0.646102 0.000000
vt 0.312065 0.640952 0.000000
vt 0.361395 0.702651 0.000000
vt 0.196168 0.727033 0.000000
vt 0.190467 0.724451 0.000000
vt 0.203734 0.693260 0.000000
vt 0.212155 0.697598 0.000000
vt 0.563503 0.414576 0.000000
vt 0.587075 0.399482 0.000000
vt 0.579043 0.393695 0.000000
vt 0.558284 0.409707 0.000000
vt 0.223971 0.665262 0.000000
vt 0.235040 0.666767 0.000000
vt 0.220599 0.696927 0.000000
vt 0.216005 0.663750 0.000000
vt 0.606492 0.383124 0.000000
vt 0.595640 0.376416 0.000000
vt 0.202395 0.727811 0.000000
vt 0.013995 0.358965 0.000000
vt 0.013995 0.335973 0.000000
vt 0.164659 0.280678 0.000000
vt 0.622540 0.372431 0.000000
vt 0.259221 0.332314 0.000000
vt 0.229696 0.334250 0.000000
vt 0.171547 0.384873 0.000000
vt 0.125181 0.384230 0.000000
vt 0.050390 0.371935 0.000000
vt 0.088410 0.371935 0.000000
vt 0.488950 0.433472 0.000000
vt 0.512363 0.452368 0.000000
vt 0.325115 0.632285 0.000000
vt 0.326842 0.610474 0.000000
vt 0.343186 0.616048 0.000000
vt 0.336787 0.631246 0.000000
vt 0.360470 0.619787 0.000000
vt 0.356887 0.636095 0.000000
vt 0.378058 0.623803 0.000000
vt 0.371456 0.640383 0.000000
vt 0.375564 0.596091 0.000000
vt 0.333166 0.592071 0.000000
vt 0.360440 0.573847 0.000000
vt 0.216005 0.648919 0.000000
vt 0.259221 0.392720 0.000000
vt 0.206926 0.381441 0.000000
vt 0.013995 0.275546 0.000000
vt 0.535857 0.483959 0.000000
vt 0.308703 0.626245 0.000000
vt 0.228048 0.644909 0.000000
vt 0.559884 0.390602 0.000000
vt 0.406873 0.318655 0.000000
vt 0.425157 0.321201 0.000000
vt 0.380081 0.573847 0.000000
vt 0.360440 0.548904 0.000000
vt 0.341074 0.569719 0.000000
vt 0.404897 0.296299 0.000000
vt 0.278329 0.501456 0.000000
vt 0.231945 0.530784 0.000000
vt 0.228759 0.513906 0.000000
vt 0.387203 0.325559 0.000000
vt 0.290472 0.629442 0.000000
vt 0.409148 0.549685 0.000000
vt 0.183646 0.572484 0.000000
vt 0.173124 0.559493 0.000000
vt 0.013995 0.256490 0.000000
vt 0.173140 0.256784 0.000000
vt 0.125181 0.236420 0.000000
vt 0.365888 0.377966 0.000000
vt 0.350586 0.463199 0.000000
vt 0.369618 0.470166 0.000000
vt 0.306150 0.810183 0.000000
vt 0.728235 0.418148 0.000000
vt 0.206563 0.277682 0.000000
vt 0.398667 0.728004 0.000000
vt 0.712883 0.334606 0.000000
vt 0.169697 0.758211 0.000000
vt 0.530695 0.423367 0.000000
vt 0.013995 0.307494 0.000000
vt 0.013995 0.381673 0.000000
vt 0.325879 0.644513 0.000000
vt 0.344686 0.647423 0.000000
vt 0.364045 0.658534 0.000000
vt 0.167754 0.463112 0.000000
vt 0.164384 0.486906 0.000000
vt 0.125181 0.482660 0.000000
vt 0.125181 0.454391 0.000000
vt 0.259221 0.412308 0.000000
vt 0.211518 0.415380 0.000000
vt 0.208646 0.452463 0.000000
vt 0.171547 0.449329 0.000000
vt 0.171547 0.411629 0.000000
vt 0.050390 0.384230 0.000000
vt 0.088410 0.384230 0.000000
vt 0.259221 0.438290 0.000000
vt 0.088410 0.413893 0.000000
vt 0.050390 0.418164 0.000000
vt 0.088410 0.477681 0.000000
vt 0.088410 0.457088 0.000000
vt 0.164384 0.513961 0.000000
vt 0.125181 0.512461 0.000000
vt 0.081482 0.520979 0.000000
vt 0.086082 0.499006 0.000000
vt 0.125181 0.540121 0.000000
vt 0.050390 0.450294 0.000000
vt 0.050390 0.460249 0.000000
vt 0.013995 0.442549 0.000000
vt 0.013995 0.437123 0.000000
vt 0.208709 0.463112 0.000000
vt 0.259221 0.442142 0.000000
vt 0.217528 0.467193 0.000000
vt 0.013995 0.403448 0.000000
vt 0.190578 0.515078 0.000000
vt 0.186770 0.488882 0.000000
vt 0.213164 0.491240 0.000000
vt 0.186770 0.463112 0.000000
vt 0.069297 0.478591 0.000000
vt 0.050390 0.487944 0.000000
vt 0.125181 0.410566 0.000000
vt 0.176383 0.545178 0.000000
vt 0.125181 0.436449 0.000000
vt 0.206997 0.529196 0.000000
vt 0.724034 0.321459 0.000000
vt 0.749200 0.369685 0.000000
vt 0.771097 0.338455 0.000000
vt 0.745783 0.297762 0.000000
vt 0.751714 0.410827 0.000000
vt 0.744529 0.416166 0.000000
vt 0.710400 0.381000 0.000000
vt 0.714651 0.371139 0.000000
vt 0.749200 0.369685 0.000000
vt 0.724034 0.321459 0.000000
vt 0.735642 0.312825 0.000000
vt 0.763523 0.354644 0.000000
vt 0.744529 0.416166 0.000000
vt 0.718428 0.362643 0.000000
vt 0.710400 0.381000 0.000000
vt 0.718428 0.362643 0.000000
vt 0.771097 0.338455 0.000000
vt 0.745783 0.297762 0.000000
vt 0.871383 0.944165 0.000000
vt 0.863248 0.981710 0.000000
vt 0.789438 0.936397 0.000000
vt 0.936765 0.658471 0.000000
vt 0.986552 0.646140 0.000000
vt 0.986552 0.707110 0.000000
vt 0.938619 0.707110 0.000000
vt 0.695245 0.936397 0.000000
vt 0.793334 0.981710 0.000000
vt 0.713550 0.981710 0.000000
vt 0.910156 0.780755 0.000000
vt 0.915333 0.817851 0.000000
vt 0.861821 0.817851 0.000000
vt 0.863892 0.780755 0.000000
vt 0.650301 0.957551 0.000000
vt 0.637858 0.936397 0.000000
vt 0.682349 0.981710 0.000000
vt 0.405537 0.738505 0.000000
vt 0.421600 0.678559 0.000000
vt 0.429852 0.680770 0.000000
vt 0.413789 0.740716 0.000000
vt 0.407966 0.762449 0.000000
vt 0.400714 0.756504 0.000000
vt 0.910996 0.950213 0.000000
vt 0.927926 0.958039 0.000000
vt 0.923662 0.969538 0.000000
vt 0.899178 0.981710 0.000000
vt 0.595420 0.662706 0.000000
vt 0.586848 0.694210 0.000000
vt 0.576166 0.694210 0.000000
vt 0.585859 0.660144 0.000000
vt 0.471202 0.563045 0.000000
vt 0.455754 0.620788 0.000000
vt 0.446582 0.618331 0.000000
vt 0.462031 0.560674 0.000000
vt 0.439023 0.683227 0.000000
vt 0.590404 0.599737 0.000000
vt 0.601265 0.602647 0.000000
vt 0.573641 0.657628 0.000000
vt 0.500535 0.981710 0.000000
vt 0.453177 0.981710 0.000000
vt 0.460311 0.936298 0.000000
vt 0.507794 0.933116 0.000000
vt 0.420091 0.753881 0.000000
vt 0.453779 0.558463 0.000000
vt 0.438330 0.616120 0.000000
vt 0.610826 0.605209 0.000000
vt 0.565810 0.694210 0.000000
vt 0.946832 0.615319 0.000000
vt 0.986349 0.618749 0.000000
vt 0.909528 0.615319 0.000000
vt 0.893275 0.652331 0.000000
vt 0.630919 0.900226 0.000000
vt 0.692663 0.900226 0.000000
vt 0.800759 0.335566 0.000000
vt 0.787566 0.397804 0.000000
vt 0.861205 0.354178 0.000000
vt 0.855215 0.301014 0.000000
vt 0.762363 0.900226 0.000000
vt 0.821304 0.437298 0.000000
vt 0.881444 0.454818 0.000000
vt 0.909841 0.404222 0.000000
vt 0.873933 0.381923 0.000000
vt 0.861205 0.354178 0.000000
vt 0.787566 0.397804 0.000000
vt 0.781368 0.431953 0.000000
vt 0.855215 0.249669 0.000000
vt 0.778835 0.286814 0.000000
vt 0.485998 0.234687 0.000000
vt 0.517162 0.220905 0.000000
vt 0.535482 0.275702 0.000000
vt 0.506761 0.278724 0.000000
vt 0.457566 0.251041 0.000000
vt 0.436026 0.262599 0.000000
vt 0.428629 0.254149 0.000000
vt 0.441565 0.226102 0.000000
vt 0.452099 0.194789 0.000000
vt 0.347837 0.239585 0.000000
vt 0.353534 0.191766 0.000000
vt 0.408094 0.191766 0.000000
vt 0.402161 0.243154 0.000000
vt 0.023715 0.227723 0.000000
vt 0.023715 0.191766 0.000000
vt 0.115828 0.191766 0.000000
vt 0.115828 0.227723 0.000000
vt 0.273411 0.227723 0.000000
vt 0.273411 0.191766 0.000000
vt 0.535482 0.330583 0.000000
vt 0.565558 0.274050 0.000000
vt 0.565558 0.335945 0.000000
vt 0.481117 0.336349 0.000000
vt 0.469488 0.290622 0.000000
vt 0.506761 0.278724 0.000000
vt 0.506761 0.325308 0.000000
vt 0.111592 0.077825 0.000000
vt 0.208489 0.073305 0.000000
vt 0.209357 0.094024 0.000000
vt 0.111592 0.100987 0.000000
vt 0.208128 0.016628 0.000000
vt 0.208036 0.049503 0.000000
vt 0.111592 0.052441 0.000000
vt 0.111592 0.014939 0.000000
vt 0.029543 0.057013 0.000000
vt 0.029543 0.017869 0.000000
vt 0.200969 0.227723 0.000000
vt 0.200969 0.191766 0.000000
vt 0.451531 0.301759 0.000000
vt 0.300749 0.067164 0.000000
vt 0.300749 0.088053 0.000000
vt 0.300749 0.022115 0.000000
vt 0.300749 0.046861 0.000000
vt 0.386995 0.062877 0.000000
vt 0.447944 0.059468 0.000000
vt 0.447944 0.077099 0.000000
vt 0.386995 0.082358 0.000000
vt 0.386995 0.022115 0.000000
vt 0.447944 0.026570 0.000000
vt 0.447944 0.047045 0.000000
vt 0.386995 0.045081 0.000000
vt 0.518827 0.052371 0.000000
vt 0.518827 0.066969 0.000000
vt 0.518827 0.033436 0.000000
vt 0.273411 0.125089 0.000000
vt 0.363028 0.125089 0.000000
vt 0.358678 0.151804 0.000000
vt 0.273411 0.151804 0.000000
vt 0.200969 0.125089 0.000000
vt 0.200969 0.151804 0.000000
vt 0.115828 0.125089 0.000000
vt 0.115828 0.151804 0.000000
vt 0.023715 0.125089 0.000000
vt 0.023715 0.151804 0.000000
vt 0.422340 0.151804 0.000000
vt 0.547234 0.215944 0.000000
vt 0.454720 0.348004 0.000000
vt 0.429601 0.125089 0.000000
vt 0.482401 0.149907 0.000000
vt 0.464272 0.170477 0.000000
vt 0.029543 0.083619 0.000000
vt 0.029543 0.108726 0.000000
vt 0.282516 0.378814 0.000000
vt 0.310278 0.376517 0.000000
vt 0.301814 0.318669 0.000000
vt 0.282516 0.272848 0.000000
vt 0.282516 0.378814 0.000000
vt 0.310278 0.376517 0.000000
vt 0.884845 0.913361 0.000000
vt 0.804004 0.893881 0.000000
vt 0.293759 0.954302 0.000000
vt 0.341464 0.930506 0.000000
vt 0.318494 0.981710 0.000000
vt 0.299949 0.981710 0.000000
vt 0.958654 0.565431 0.000000
vt 0.986552 0.565431 0.000000
vt 0.917041 0.565431 0.000000
vt 0.858985 0.762435 0.000000
vt 0.907806 0.750643 0.000000
vt 0.901925 0.696877 0.000000
vt 0.621091 0.528655 0.000000
vt 0.630652 0.531216 0.000000
vt 0.610231 0.525744 0.000000
vt 0.953084 0.333260 0.000000
vt 0.914548 0.314246 0.000000
vt 0.947661 0.453624 0.000000
vt 0.917930 0.506699 0.000000
vt 0.914548 0.314246 0.000000
vt 0.911196 0.281612 0.000000
vt 0.957826 0.886847 0.000000
vt 0.960271 0.870216 0.000000
vt 0.969948 0.888226 0.000000
vt 0.917677 0.249669 0.000000
vt 0.683523 0.814061 0.000000
vt 0.716922 0.842662 0.000000
vt 0.706669 0.845956 0.000000
vt 0.683523 0.835947 0.000000
vt 0.688952 0.795160 0.000000
vt 0.723930 0.836636 0.000000
vt 0.668251 0.697423 0.000000
vt 0.648077 0.727759 0.000000
vt 0.630049 0.716317 0.000000
vt 0.654110 0.690439 0.000000
vt 0.759139 0.579033 0.000000
vt 0.766311 0.584586 0.000000
vt 0.720365 0.644166 0.000000
vt 0.710961 0.638490 0.000000
vt 0.704037 0.630833 0.000000
vt 0.679920 0.705276 0.000000
vt 0.658058 0.740561 0.000000
vt 0.750361 0.571676 0.000000
vt 0.986078 0.401029 0.000000
vt 0.819382 0.817851 0.000000
vt 0.829836 0.780755 0.000000
vt 0.958984 0.759169 0.000000
vt 0.962891 0.780755 0.000000
vt 0.966308 0.814226 0.000000
vt 0.966544 0.850682 0.000000
vt 0.919799 0.853967 0.000000
vt 0.954108 0.731110 0.000000
vt 0.860458 0.720280 0.000000
vt 0.906054 0.728790 0.000000
vt 0.547422 0.852559 0.000000
vt 0.568972 0.851741 0.000000
vt 0.584117 0.850202 0.000000
vt 0.555074 0.863471 0.000000
vt 0.986552 0.901387 0.000000
vt 0.960196 0.900768 0.000000
vt 0.986552 0.890037 0.000000
vt 0.926949 0.875381 0.000000
vt 0.943372 0.899807 0.000000
vt 0.931308 0.913236 0.000000
vt 0.909816 0.898132 0.000000
vt 0.950841 0.913077 0.000000
vt 0.944333 0.917904 0.000000
vt 0.160412 0.672085 0.000000
vt 0.184266 0.663167 0.000000
vt 0.175406 0.675970 0.000000
vt 0.182328 0.625884 0.000000
vt 0.157183 0.633279 0.000000
vt 0.172037 0.597700 0.000000
vt 0.149523 0.612886 0.000000
vt 0.147419 0.746483 0.000000
vt 0.141856 0.760384 0.000000
vt 0.114379 0.765801 0.000000
vt 0.120416 0.750497 0.000000
vt 0.007606 0.824012 0.000000
vt 0.044466 0.819176 0.000000
vt 0.007606 0.856388 0.000000
vt 0.086675 0.768502 0.000000
vt 0.090652 0.750497 0.000000
vt 0.098410 0.621842 0.000000
vt 0.107282 0.600217 0.000000
vt 0.134537 0.610247 0.000000
vt 0.126708 0.621711 0.000000
vt 0.035286 0.614163 0.000000
vt 0.015893 0.614163 0.000000
vt 0.015893 0.557866 0.000000
vt 0.035286 0.557866 0.000000
vt 0.096550 0.798809 0.000000
vt 0.109254 0.780458 0.000000
vt 0.135301 0.793666 0.000000
vt 0.109197 0.825013 0.000000
vt 0.115061 0.561728 0.000000
vt 0.062460 0.593349 0.000000
vt 0.062460 0.557866 0.000000
vt 0.155869 0.580442 0.000000
vt 0.007606 0.787806 0.000000
vt 0.041007 0.787806 0.000000
vt 0.068088 0.620041 0.000000
vt 0.099609 0.673828 0.000000
vt 0.099609 0.660453 0.000000
vt 0.113180 0.660453 0.000000
vt 0.113180 0.671400 0.000000
vt 0.146946 0.917070 0.000000
vt 0.074269 0.850681 0.000000
vt 0.109197 0.825013 0.000000
vt 0.163599 0.902783 0.000000
vt 0.127435 0.807744 0.000000
vt 0.179010 0.890901 0.000000
vt 0.136498 0.705434 0.000000
vt 0.129549 0.672085 0.000000
vt 0.157035 0.683771 0.000000
vt 0.184266 0.686709 0.000000
vt 0.007606 0.691047 0.000000
vt 0.024015 0.692164 0.000000
vt 0.022135 0.713673 0.000000
vt 0.103536 0.710954 0.000000
vt 0.106921 0.719265 0.000000
vt 0.089193 0.719132 0.000000
vt 0.130264 0.664324 0.000000
vt 0.129549 0.672085 0.000000
vt 0.113180 0.682704 0.000000
vt 0.109321 0.696446 0.000000
vt 0.090482 0.691571 0.000000
vt 0.099609 0.673828 0.000000
vt 0.127092 0.711607 0.000000
vt 0.124823 0.722297 0.000000
vt 0.072695 0.689433 0.000000
vt 0.082263 0.660453 0.000000
vt 0.042067 0.880644 0.000000
vt 0.039818 0.867653 0.000000
vt 0.072747 0.884802 0.000000
vt 0.069334 0.892147 0.000000
vt 0.061557 0.925125 0.000000
vt 0.026434 0.880644 0.000000
vt 0.068366 0.922000 0.000000
vt 0.103398 0.909706 0.000000
vt 0.108397 0.899544 0.000000
vt 0.074610 0.880649 0.000000
vt 0.055381 0.927872 0.000000
vt 0.025203 0.889975 0.000000
vt 0.122202 0.735070 0.000000
vt 0.106921 0.735070 0.000000
vt 0.128112 0.636982 0.000000
vt 0.130264 0.664324 0.000000
vt 0.113369 0.636440 0.000000
vt 0.091328 0.637001 0.000000
vt 0.145370 0.718409 0.000000
vt 0.154041 0.730264 0.000000
vt 0.139632 0.722767 0.000000
vt 0.139632 0.722767 0.000000
vt 0.013259 0.944084 0.000000
vt 0.025203 0.944084 0.000000
vt 0.013259 0.889975 0.000000
vt 0.018613 0.944084 0.000000
vt 0.018613 0.889975 0.000000
vt 0.149977 0.785085 0.000000
vt 0.154605 0.769210 0.000000
vt 0.052097 0.686072 0.000000
vt 0.055582 0.658317 0.000000
vt 0.119670 0.636764 0.000000
vt 0.113369 0.636440 0.000000
vt 0.105817 0.903958 0.000000
vt 0.052383 0.867653 0.000000
vt 0.128112 0.636982 0.000000
vt 0.771097 0.442782 0.000000
vt 0.771097 0.396886 0.000000
vt 0.771097 0.442782 0.000000
vt 0.682957 0.338883 0.000000
vt 0.682957 0.338883 0.000000
vt 0.771083 0.396877 0.000000
vt 0.713293 0.271864 0.000000
vt 0.713293 0.271864 0.000000
vt 0.430456 0.971098 0.000000
vt 0.583026 0.981710 0.000000
vt 0.569040 0.970857 0.000000
vt 0.643042 0.981710 0.000000
vt 0.801452 0.514595 0.000000
vt 0.986552 0.780755 0.000000
vt 0.565921 0.931958 0.000000
vt 0.225177 0.934724 0.000000
vt 0.274687 0.892290 0.000000
vt 0.287307 0.926586 0.000000
vt 0.502562 0.887514 0.000000
vt 0.557891 0.911119 0.000000
vt 0.896215 0.878981 0.000000
vt 0.743603 0.865221 0.000000
vt 0.225177 0.981710 0.000000
vt 0.325397 0.892290 0.000000
vt 0.657674 0.806132 0.000000
vt 0.618753 0.829731 0.000000
vt 0.602346 0.823674 0.000000
vt 0.819382 0.856116 0.000000
vt 0.856616 0.853799 0.000000
vt 0.387333 0.838112 0.000000
vt 0.408346 0.899166 0.000000
vt 0.356603 0.863388 0.000000
vt 0.448972 0.856447 0.000000
vt 0.412745 0.946695 0.000000
vt 0.986552 0.853011 0.000000
vt 0.986552 0.877062 0.000000
vt 0.919226 0.931070 0.000000
vt 0.931665 0.946576 0.000000
vt 0.876261 0.671601 0.000000
vt 0.855058 0.688441 0.000000
vt 0.427552 0.813851 0.000000
vt 0.479983 0.781890 0.000000
vt 0.484655 0.839371 0.000000
vt 0.824735 0.708919 0.000000
vt 0.474779 0.513098 0.000000
vt 0.986078 0.249669 0.000000
vt 0.986078 0.342612 0.000000
vt 0.986078 0.249669 0.000000
vt 0.947661 0.516746 0.000000
vt 0.986078 0.471978 0.000000
vt 0.810141 0.877448 0.000000
vt 0.773126 0.877448 0.000000
vt 0.540265 0.800751 0.000000
vt 0.302705 0.484603 0.000000
vt 0.282516 0.484603 0.000000
vt 0.368337 0.266165 0.000000
vt 0.327474 0.314348 0.000000
vt 0.282516 0.484603 0.000000
vt 0.335521 0.375137 0.000000
vt 0.225177 0.892290 0.000000
vt 0.644393 0.441691 0.000000
vt 0.398174 0.981710 0.000000
vt 0.683523 0.835947 0.000000
vt 0.706669 0.845956 0.000000
vt 0.683523 0.858992 0.000000
vt 0.661464 0.886160 0.000000
vt 0.785853 0.735955 0.000000
vt 0.535714 0.981710 0.000000
vt 0.566785 0.823674 0.000000
vt 0.986552 0.736202 0.000000
vt 0.986552 0.824771 0.000000
vt 0.973011 0.526140 0.000000
vt 0.986078 0.509599 0.000000
vt 0.883694 0.517591 0.000000
vt 0.907423 0.523949 0.000000
vt 0.907522 0.510973 0.000000
vt 0.610801 0.885060 0.000000
vt 0.572957 0.865654 0.000000
vt 0.552494 0.883113 0.000000
vt 0.945353 0.534112 0.000000
vt 0.877444 0.494684 0.000000
vt 0.788748 0.249669 0.000000
vt 0.851484 0.466522 0.000000
vt 0.831299 0.503551 0.000000
vt 0.865174 0.512628 0.000000
vt 0.161872 0.743426 0.000000
vt 0.015893 0.658317 0.000000
vt 0.028759 0.664911 0.000000
vt 0.181885 0.694007 0.000000
vt 0.172894 0.694007 0.000000
vt 0.074520 0.812861 0.000000
vt 0.062837 0.782380 0.000000
vt 0.074269 0.850681 0.000000
vt 0.159283 0.757801 0.000000
vt 0.172177 0.714567 0.000000
vt 0.131721 0.728806 0.000000
vt 0.099609 0.660453 0.000000
vt 0.094382 0.729958 0.000000
vt 0.074187 0.730271 0.000000
vt 0.054361 0.729177 0.000000
vt 0.054382 0.705420 0.000000
vt 0.007606 0.758677 0.000000
vt 0.149977 0.785085 0.000000
vt 0.161643 0.833940 0.000000
vt 0.135301 0.793666 0.000000
vt 0.045992 0.758677 0.000000
vt 0.113180 0.682704 0.000000
vt 0.063685 0.763265 0.000000
vt 0.142976 0.729721 0.000000
vt 0.018613 0.984433 0.000000
vt 0.127435 0.807744 0.000000
vt 0.193915 0.955507 0.000000
vt 0.202133 0.984256 0.000000
vt 0.076909 0.714009 0.000000
vt 0.090856 0.984256 0.000000
vt 0.161872 0.730264 0.000000
vt 0.126708 0.621711 0.000000
vt 0.164206 0.709868 0.000000
vt 0.184266 0.675970 0.000000
vt 0.241929 0.586939 0.000000
vt 0.254556 0.622133 0.000000
vt 0.271184 0.614480 0.000000
vt 0.257366 0.584212 0.000000
vt 0.459740 0.482427 0.000000
vt 0.471714 0.456896 0.000000
vt 0.440868 0.435948 0.000000
vt 0.434641 0.467376 0.000000
vt 0.287866 0.612802 0.000000
vt 0.307591 0.599897 0.000000
vt 0.300243 0.572049 0.000000
vt 0.283108 0.572049 0.000000
vt 0.268695 0.575400 0.000000
vt 0.373126 0.363331 0.000000
vt 0.411105 0.377233 0.000000
vt 0.411309 0.345038 0.000000
vt 0.382530 0.342562 0.000000
vt 0.450089 0.357881 0.000000
vt 0.431839 0.339685 0.000000
vt 0.483463 0.432839 0.000000
vt 0.450232 0.422152 0.000000
vt 0.230271 0.593303 0.000000
vt 0.237857 0.623178 0.000000
vt 0.343186 0.611007 0.000000
vt 0.361534 0.614698 0.000000
vt 0.365042 0.592784 0.000000
vt 0.344983 0.592784 0.000000
vt 0.280066 0.532638 0.000000
vt 0.282620 0.563468 0.000000
vt 0.298237 0.563468 0.000000
vt 0.294791 0.528027 0.000000
vt 0.492649 0.399249 0.000000
vt 0.493813 0.420845 0.000000
vt 0.530617 0.409330 0.000000
vt 0.530617 0.392554 0.000000
vt 0.234871 0.546013 0.000000
vt 0.240918 0.582709 0.000000
vt 0.254049 0.574690 0.000000
vt 0.246850 0.541817 0.000000
vt 0.266726 0.563468 0.000000
vt 0.266726 0.530126 0.000000
vt 0.221143 0.546013 0.000000
vt 0.227934 0.582709 0.000000
vt 0.210311 0.608479 0.000000
vt 0.222739 0.629199 0.000000
vt 0.222748 0.602061 0.000000
vt 0.388831 0.495653 0.000000
vt 0.409148 0.494388 0.000000
vt 0.409148 0.453356 0.000000
vt 0.382993 0.481001 0.000000
vt 0.439164 0.491570 0.000000
vt 0.409148 0.521071 0.000000
vt 0.431962 0.521071 0.000000
vt 0.440354 0.494388 0.000000
vt 0.199034 0.614375 0.000000
vt 0.205420 0.636838 0.000000
vt 0.204686 0.600397 0.000000
vt 0.218299 0.594669 0.000000
vt 0.201280 0.575371 0.000000
vt 0.193537 0.582321 0.000000
vt 0.183022 0.586709 0.000000
vt 0.194720 0.605825 0.000000
vt 0.463465 0.485479 0.000000
vt 0.498087 0.491751 0.000000
vt 0.498664 0.469067 0.000000
vt 0.386882 0.504364 0.000000
vt 0.392068 0.521071 0.000000
vt 0.489481 0.422152 0.000000
vt 0.450089 0.399249 0.000000
vt 0.375171 0.418771 0.000000
vt 0.368706 0.440821 0.000000
vt 0.385296 0.450432 0.000000
vt 0.401257 0.423746 0.000000
vt 0.489481 0.377233 0.000000
vt 0.450089 0.377233 0.000000
vt 0.385241 0.402308 0.000000
vt 0.361920 0.396303 0.000000
vt 0.209068 0.293391 0.000000
vt 0.232716 0.304420 0.000000
vt 0.232716 0.286021 0.000000
vt 0.215862 0.277371 0.000000
vt 0.527785 0.375100 0.000000
vt 0.493813 0.375100 0.000000
vt 0.050390 0.361529 0.000000
vt 0.088410 0.361529 0.000000
vt 0.088410 0.315030 0.000000
vt 0.050390 0.321767 0.000000
vt 0.164659 0.323075 0.000000
vt 0.164659 0.358690 0.000000
vt 0.202259 0.366047 0.000000
vt 0.202259 0.332320 0.000000
vt 0.088410 0.272882 0.000000
vt 0.050390 0.282123 0.000000
vt 0.259221 0.377992 0.000000
vt 0.259221 0.354333 0.000000
vt 0.226143 0.354333 0.000000
vt 0.222795 0.374827 0.000000
vt 0.259221 0.286021 0.000000
vt 0.259221 0.304420 0.000000
vt 0.088410 0.251457 0.000000
vt 0.050390 0.265430 0.000000
vt 0.125181 0.315030 0.000000
vt 0.125181 0.353616 0.000000
vt 0.125181 0.264968 0.000000
vt 0.269778 0.664166 0.000000
vt 0.285718 0.657486 0.000000
vt 0.277061 0.633313 0.000000
vt 0.262713 0.637952 0.000000
vt 0.277411 0.698287 0.000000
vt 0.286813 0.740380 0.000000
vt 0.293867 0.737510 0.000000
vt 0.285718 0.695977 0.000000
vt 0.618294 0.356889 0.000000
vt 0.618294 0.339331 0.000000
vt 0.630000 0.347710 0.000000
vt 0.630000 0.361839 0.000000
vt 0.242266 0.640104 0.000000
vt 0.255381 0.666767 0.000000
vt 0.652515 0.373633 0.000000
vt 0.682164 0.387027 0.000000
vt 0.678885 0.393793 0.000000
vt 0.648828 0.383029 0.000000
vt 0.276809 0.741950 0.000000
vt 0.267108 0.701540 0.000000
vt 0.328542 0.665123 0.000000
vt 0.326614 0.670971 0.000000
vt 0.364773 0.699393 0.000000
vt 0.366909 0.694409 0.000000
vt 0.635937 0.316940 0.000000
vt 0.680180 0.322374 0.000000
vt 0.678292 0.329951 0.000000
vt 0.645783 0.326614 0.000000
vt 0.322817 0.675295 0.000000
vt 0.299812 0.646102 0.000000
vt 0.296283 0.653352 0.000000
vt 0.312065 0.640952 0.000000
vt 0.361395 0.702651 0.000000
vt 0.196168 0.727033 0.000000
vt 0.212155 0.697598 0.000000
vt 0.203734 0.693260 0.000000
vt 0.190467 0.724451 0.000000
vt 0.563503 0.414576 0.000000
vt 0.558284 0.409707 0.000000
vt 0.579043 0.393695 0.000000
vt 0.587075 0.399482 0.000000
vt 0.223971 0.665262 0.000000
vt 0.220599 0.696927 0.000000
vt 0.235040 0.666767 0.000000
vt 0.216005 0.663750 0.000000
vt 0.595640 0.376416 0.000000
vt 0.606492 0.383124 0.000000
vt 0.202395 0.727811 0.000000
vt 0.013995 0.358965 0.000000
vt 0.013995 0.335973 0.000000
vt 0.164659 0.280678 0.000000
vt 0.622540 0.372431 0.000000
vt 0.229696 0.334250 0.000000
vt 0.259221 0.332314 0.000000
vt 0.125181 0.384230 0.000000
vt 0.171547 0.384873 0.000000
vt 0.050390 0.371935 0.000000
vt 0.088410 0.371935 0.000000
vt 0.512363 0.452368 0.000000
vt 0.488950 0.433472 0.000000
vt 0.325115 0.632285 0.000000
vt 0.336787 0.631246 0.000000
vt 0.343186 0.616048 0.000000
vt 0.326842 0.610474 0.000000
vt 0.360470 0.619787 0.000000
vt 0.356887 0.636095 0.000000
vt 0.371456 0.640383 0.000000
vt 0.378058 0.623803 0.000000
vt 0.375564 0.596091 0.000000
vt 0.333166 0.592071 0.000000
vt 0.360440 0.573847 0.000000
vt 0.216005 0.648919 0.000000
vt 0.206926 0.381441 0.000000
vt 0.259221 0.392720 0.000000
vt 0.013995 0.275546 0.000000
vt 0.535857 0.483959 0.000000
vt 0.308703 0.626245 0.000000
vt 0.228048 0.644909 0.000000
vt 0.559884 0.390602 0.000000
vt 0.425157 0.321201 0.000000
vt 0.406873 0.318655 0.000000
vt 0.380081 0.573847 0.000000
vt 0.360440 0.548904 0.000000
vt 0.341074 0.569719 0.000000
vt 0.404897 0.296299 0.000000
vt 0.278329 0.501456 0.000000
vt 0.231945 0.530784 0.000000
vt 0.228759 0.513906 0.000000
vt 0.387203 0.325559 0.000000
vt 0.290472 0.629442 0.000000
vt 0.409148 0.549685 0.000000
vt 0.183646 0.572484 0.000000
vt 0.173124 0.559493 0.000000
vt 0.013995 0.256490 0.000000
vt 0.173140 0.256784 0.000000
vt 0.125181 0.236420 0.000000
vt 0.365888 0.377966 0.000000
vt 0.350586 0.463199 0.000000
vt 0.369618 0.470166 0.000000
vt 0.306150 0.810183 0.000000
vt 0.728235 0.418148 0.000000
vt 0.206563 0.277682 0.000000
vt 0.398667 0.728004 0.000000
vt 0.712883 0.334606 0.000000
vt 0.169697 0.758211 0.000000
vt 0.530695 0.423367 0.000000
vt 0.013995 0.307494 0.000000
vt 0.013995 0.381673 0.000000
vt 0.325879 0.644513 0.000000
vt 0.344686 0.647423 0.000000
vt 0.364045 0.658534 0.000000
vt 0.167754 0.463112 0.000000
vt 0.125181 0.454391 0.000000
vt 0.125181 0.482660 0.000000
vt 0.164384 0.486906 0.000000
vt 0.211518 0.415380 0.000000
vt 0.259221 0.412308 0.000000
vt 0.208646 0.452463 0.000000
vt 0.171547 0.411629 0.000000
vt 0.171547 0.449329 0.000000
vt 0.050390 0.384230 0.000000
vt 0.088410 0.384230 0.000000
vt 0.259221 0.438290 0.000000
vt 0.088410 0.413893 0.000000
vt 0.050390 0.418164 0.000000
vt 0.088410 0.457088 0.000000
vt 0.088410 0.477681 0.000000
vt 0.125181 0.512461 0.000000
vt 0.164384 0.513961 0.000000
vt 0.081482 0.520979 0.000000
vt 0.125181 0.540121 0.000000
vt 0.086082 0.499006 0.000000
vt 0.050390 0.450294 0.000000
vt 0.013995 0.437123 0.000000
vt 0.013995 0.442549 0.000000
vt 0.050390 0.460249 0.000000
vt 0.208709 0.463112 0.000000
vt 0.217528 0.467193 0.000000
vt 0.259221 0.442142 0.000000
vt 0.013995 0.403448 0.000000
vt 0.190578 0.515078 0.000000
vt 0.213164 0.491240 0.000000
vt 0.186770 0.488882 0.000000
vt 0.186770 0.463112 0.000000
vt 0.069297 0.478591 0.000000
vt 0.050390 0.487944 0.000000
vt 0.125181 0.410566 0.000000
vt 0.176383 0.545178 0.000000
vt 0.125181 0.436449 0.000000
vt 0.206997 0.529196 0.000000
vt 0.724034 0.321459 0.000000
vt 0.745783 0.297762 0.000000
vt 0.771097 0.338455 0.000000
vt 0.749200 0.369685 0.000000
vt 0.751714 0.410827 0.000000
vt 0.714651 0.371139 0.000000
vt 0.710400 0.381000 0.000000
vt 0.744529 0.416166 0.000000
vt 0.749200 0.369685 0.000000
vt 0.763523 0.354644 0.000000
vt 0.735642 0.312825 0.000000
vt 0.724034 0.321459 0.000000
vt 0.744529 0.416166 0.000000
vt 0.710400 0.381000 0.000000
vt 0.718428 0.362643 0.000000
vt 0.718428 0.362643 0.000000
vt 0.771097 0.338455 0.000000
vt 0.745783 0.297762 0.000000
vt 0.871383 0.944165 0.000000
vt 0.789438 0.936397 0.000000
vt 0.936765 0.658471 0.000000
vt 0.938619 0.707110 0.000000
vt 0.695245 0.936397 0.000000
vt 0.910156 0.780755 0.000000
vt 0.863892 0.780755 0.000000
vt 0.861821 0.817851 0.000000
vt 0.915333 0.817851 0.000000
vt 0.650301 0.957551 0.000000
vt 0.637858 0.936397 0.000000
vt 0.413789 0.740716 0.000000
vt 0.429852 0.680770 0.000000
vt 0.407966 0.762449 0.000000
vt 0.910996 0.950213 0.000000
vt 0.923662 0.969538 0.000000
vt 0.927926 0.958039 0.000000
vt 0.585859 0.660144 0.000000
vt 0.576166 0.694210 0.000000
vt 0.462031 0.560674 0.000000
vt 0.446582 0.618331 0.000000
vt 0.601265 0.602647 0.000000
vt 0.507794 0.933116 0.000000
vt 0.460311 0.936298 0.000000
vt 0.946832 0.615319 0.000000
vt 0.986173 0.618761 0.000000
vt 0.909528 0.615319 0.000000
vt 0.893275 0.652331 0.000000
vt 0.692663 0.900226 0.000000
vt 0.630919 0.900226 0.000000
vt 0.800759 0.335566 0.000000
vt 0.855215 0.301014 0.000000
vt 0.861205 0.354178 0.000000
vt 0.787566 0.397804 0.000000
vt 0.762363 0.900226 0.000000
vt 0.821304 0.437298 0.000000
vt 0.873933 0.381923 0.000000
vt 0.909841 0.404222 0.000000
vt 0.881444 0.454818 0.000000
vt 0.781368 0.431953 0.000000
vt 0.787566 0.397804 0.000000
vt 0.861205 0.354178 0.000000
vt 0.778835 0.286814 0.000000
vt 0.855215 0.249669 0.000000
vt 0.485998 0.234687 0.000000
vt 0.506761 0.278724 0.000000
vt 0.535482 0.275702 0.000000
vt 0.517162 0.220905 0.000000
vt 0.457566 0.251041 0.000000
vt 0.441565 0.226102 0.000000
vt 0.452099 0.194789 0.000000
vt 0.408094 0.191766 0.000000
vt 0.353534 0.191766 0.000000
vt 0.115828 0.191766 0.000000
vt 0.023715 0.191766 0.000000
vt 0.273411 0.191766 0.000000
vt 0.535482 0.330583 0.000000
vt 0.481117 0.336349 0.000000
vt 0.506761 0.325308 0.000000
vt 0.506761 0.278724 0.000000
vt 0.469488 0.290622 0.000000
vt 0.111592 0.077825 0.000000
vt 0.208489 0.073305 0.000000
vt 0.111592 0.052441 0.000000
vt 0.208036 0.049503 0.000000
vt 0.029543 0.057013 0.000000
vt 0.200969 0.191766 0.000000
vt 0.300749 0.067164 0.000000
vt 0.300749 0.046861 0.000000
vt 0.386995 0.062877 0.000000
vt 0.447944 0.059468 0.000000
vt 0.386995 0.045081 0.000000
vt 0.447944 0.047045 0.000000
vt 0.518827 0.052371 0.000000
vt 0.273411 0.151804 0.000000
vt 0.358678 0.151804 0.000000
vt 0.200969 0.151804 0.000000
vt 0.115828 0.151804 0.000000
vt 0.023715 0.151804 0.000000
vt 0.422340 0.151804 0.000000
vt 0.464272 0.170477 0.000000
vt 0.029543 0.083619 0.000000
vt 0.301814 0.318669 0.000000
vt 0.310278 0.376517 0.000000
vt 0.310278 0.376517 0.000000
vt 0.884845 0.913361 0.000000
vt 0.804004 0.893881 0.000000
vt 0.293759 0.954302 0.000000
vt 0.341464 0.930506 0.000000
vt 0.958654 0.565431 0.000000
vt 0.917041 0.565431 0.000000
vt 0.858985 0.762435 0.000000
vt 0.907806 0.750643 0.000000
vt 0.901925 0.696877 0.000000
vt 0.621091 0.528655 0.000000
vt 0.914548 0.314246 0.000000
vt 0.953084 0.333260 0.000000
vt 0.947661 0.453624 0.000000
vt 0.917930 0.506699 0.000000
vt 0.911196 0.281612 0.000000
vt 0.914548 0.314246 0.000000
vt 0.957826 0.886847 0.000000
vt 0.969948 0.888226 0.000000
vt 0.960271 0.870216 0.000000
vt 0.917677 0.249669 0.000000
vt 0.683523 0.814061 0.000000
vt 0.683523 0.835947 0.000000
vt 0.716922 0.842662 0.000000
vt 0.668251 0.697423 0.000000
vt 0.648077 0.727759 0.000000
vt 0.759139 0.579033 0.000000
vt 0.710961 0.638490 0.000000
vt 0.986078 0.401029 0.000000
vt 0.829836 0.780755 0.000000
vt 0.819382 0.817851 0.000000
vt 0.962891 0.780755 0.000000
vt 0.958984 0.759169 0.000000
vt 0.966308 0.814226 0.000000
vt 0.919799 0.853967 0.000000
vt 0.966544 0.850682 0.000000
vt 0.954108 0.731110 0.000000
vt 0.906054 0.728790 0.000000
vt 0.860458 0.720280 0.000000
vt 0.547422 0.852559 0.000000
vt 0.555074 0.863471 0.000000
vt 0.584117 0.850202 0.000000
vt 0.568972 0.851741 0.000000
vt 0.960196 0.900768 0.000000
vt 0.926949 0.875381 0.000000
vt 0.909816 0.898132 0.000000
vt 0.931308 0.913236 0.000000
vt 0.943372 0.899807 0.000000
vt 0.944333 0.917904 0.000000
vt 0.950841 0.913077 0.000000
vt 0.160412 0.672085 0.000000
vt 0.175406 0.675970 0.000000
vt 0.157183 0.633279 0.000000
vt 0.149523 0.612886 0.000000
vt 0.147419 0.746483 0.000000
vt 0.120416 0.750497 0.000000
vt 0.114379 0.765801 0.000000
vt 0.141856 0.760384 0.000000
vt 0.007606 0.824012 0.000000
vt 0.044466 0.819176 0.000000
vt 0.090652 0.750497 0.000000
vt 0.086675 0.768502 0.000000
vt 0.098410 0.621842 0.000000
vt 0.126708 0.621711 0.000000
vt 0.134537 0.610247 0.000000
vt 0.107282 0.600217 0.000000
vt 0.035286 0.614163 0.000000
vt 0.015893 0.614163 0.000000
vt 0.096550 0.798809 0.000000
vt 0.109197 0.825013 0.000000
vt 0.135301 0.793666 0.000000
vt 0.109254 0.780458 0.000000
vt 0.062460 0.593349 0.000000
vt 0.041007 0.787806 0.000000
vt 0.007606 0.787806 0.000000
vt 0.068088 0.620041 0.000000
vt 0.099609 0.673828 0.000000
vt 0.113180 0.671400 0.000000
vt 0.113180 0.660453 0.000000
vt 0.099609 0.660453 0.000000
vt 0.163599 0.902783 0.000000
vt 0.109197 0.825013 0.000000
vt 0.136498 0.705434 0.000000
vt 0.157035 0.683771 0.000000
vt 0.129549 0.672085 0.000000
vt 0.007606 0.691047 0.000000
vt 0.022135 0.713673 0.000000
vt 0.024015 0.692164 0.000000
vt 0.103536 0.710954 0.000000
vt 0.089193 0.719132 0.000000
vt 0.106921 0.719265 0.000000
vt 0.130264 0.664324 0.000000
vt 0.129549 0.672085 0.000000
vt 0.113180 0.682704 0.000000
vt 0.099609 0.673828 0.000000
vt 0.090482 0.691571 0.000000
vt 0.109321 0.696446 0.000000
vt 0.127092 0.711607 0.000000
vt 0.124823 0.722297 0.000000
vt 0.072695 0.689433 0.000000
vt 0.082263 0.660453 0.000000
vt 0.042067 0.880644 0.000000
vt 0.069334 0.892147 0.000000
vt 0.072747 0.884802 0.000000
vt 0.039818 0.867653 0.000000
vt 0.061557 0.925125 0.000000
vt 0.068366 0.922000 0.000000
vt 0.026434 0.880644 0.000000
vt 0.103398 0.909706 0.000000
vt 0.074610 0.880649 0.000000
vt 0.108397 0.899544 0.000000
vt 0.025203 0.889975 0.000000
vt 0.055381 0.927872 0.000000
vt 0.106921 0.735070 0.000000
vt 0.122202 0.735070 0.000000
vt 0.128112 0.636982 0.000000
vt 0.130264 0.664324 0.000000
vt 0.091328 0.637001 0.000000
vt 0.113369 0.636440 0.000000
vt 0.145370 0.718409 0.000000
vt 0.139632 0.722767 0.000000
vt 0.139632 0.722767 0.000000
vt 0.154041 0.730264 0.000000
vt 0.013259 0.944084 0.000000
vt 0.013259 0.889975 0.000000
vt 0.025203 0.944084 0.000000
vt 0.018613 0.889975 0.000000
vt 0.018613 0.944084 0.000000
vt 0.052097 0.686072 0.000000
vt 0.055582 0.658317 0.000000
vt 0.119670 0.636764 0.000000
vt 0.113369 0.636440 0.000000
vt 0.105817 0.903958 0.000000
vt 0.052383 0.867653 0.000000
vt 0.128112 0.636982 0.000000
vt 0.771097 0.396886 0.000000
vt 0.771097 0.442782 0.000000
vt 0.771097 0.442782 0.000000
vt 0.682957 0.338883 0.000000
vt 0.682957 0.338883 0.000000
vt 0.771083 0.396877 0.000000
vt 0.713293 0.271864 0.000000
vt 0.713293 0.271864 0.000000
vt 0.430456 0.971098 0.000000
vt 0.569040 0.970857 0.000000
vt 0.565921 0.931958 0.000000
vt 0.225177 0.934724 0.000000
vt 0.287307 0.926586 0.000000
vt 0.274687 0.892290 0.000000
vt 0.502562 0.887514 0.000000
vt 0.557891 0.911119 0.000000
vt 0.896215 0.878981 0.000000
vt 0.325397 0.892290 0.000000
vt 0.657674 0.806132 0.000000
vt 0.602346 0.823674 0.000000
vt 0.618753 0.829731 0.000000
vt 0.819382 0.856116 0.000000
vt 0.856616 0.853799 0.000000
vt 0.387333 0.838112 0.000000
vt 0.356603 0.863388 0.000000
vt 0.408346 0.899166 0.000000
vt 0.448972 0.856447 0.000000
vt 0.412745 0.946695 0.000000
vt 0.919226 0.931070 0.000000
vt 0.931665 0.946576 0.000000
vt 0.876261 0.671601 0.000000
vt 0.855058 0.688441 0.000000
vt 0.427552 0.813851 0.000000
vt 0.484655 0.839371 0.000000
vt 0.479983 0.781890 0.000000
vt 0.824735 0.708919 0.000000
vt 0.986078 0.249669 0.000000
vt 0.986078 0.342612 0.000000
vt 0.986078 0.249669 0.000000
vt 0.986078 0.471978 0.000000
vt 0.947661 0.516746 0.000000
vt 0.773126 0.877448 0.000000
vt 0.810141 0.877448 0.000000
vt 0.540265 0.800751 0.000000
vt 0.302705 0.484603 0.000000
vt 0.327474 0.314348 0.000000
vt 0.368337 0.266165 0.000000
vt 0.335521 0.375137 0.000000
vt 0.225177 0.892290 0.000000
vt 0.398174 0.981710 0.000000
vt 0.683523 0.835947 0.000000
vt 0.785853 0.735955 0.000000
vt 0.566785 0.823674 0.000000
vt 0.973011 0.526140 0.000000
vt 0.986078 0.509599 0.000000
vt 0.883694 0.517591 0.000000
vt 0.907522 0.510973 0.000000
vt 0.907423 0.523949 0.000000
vt 0.610801 0.885060 0.000000
vt 0.572957 0.865654 0.000000
vt 0.552494 0.883113 0.000000
vt 0.945353 0.534112 0.000000
vt 0.877444 0.494684 0.000000
vt 0.788748 0.249669 0.000000
vt 0.831299 0.503551 0.000000
vt 0.851484 0.466522 0.000000
vt 0.865174 0.512628 0.000000
vt 0.028759 0.664911 0.000000
vt 0.015893 0.658317 0.000000
vt 0.172894 0.694007 0.000000
vt 0.074520 0.812861 0.000000
vt 0.062837 0.782380 0.000000
vt 0.131721 0.728806 0.000000
vt 0.099609 0.660453 0.000000
vt 0.094382 0.729958 0.000000
vt 0.074187 0.730271 0.000000
vt 0.054361 0.729177 0.000000
vt 0.054382 0.705420 0.000000
vt 0.007606 0.758677 0.000000
vt 0.135301 0.793666 0.000000
vt 0.045992 0.758677 0.000000
vt 0.113180 0.682704 0.000000
vt 0.063685 0.763265 0.000000
vt 0.142976 0.729721 0.000000
vt 0.018613 0.984433 0.000000
vt 0.202133 0.984256 0.000000
vt 0.076909 0.714009 0.000000
vt 0.090856 0.984256 0.000000
vt 0.126708 0.621711 0.000000
vt 0.164206 0.709868 0.000000
usemtl Material_1
f 1/1 2/2 3/3
f 3/3 4/4 1/1
f 5/5 6/6 7/7
f 7/7 8/8 5/5
f 9/9 10/10 11/11
f 11/11 12/12 9/9
f 9/9 13/13 14/14
f 14/14 10/10 9/9
f 15/15 12/12 11/11
f 11/11 16/16 15/15
f 17/17 18/18 19/19
f 19/19 20/20 17/17
f 21/21 22/22 17/17
f 17/17 20/20 21/21
f 23/23 24/24 25/25
f 25/25 26/26 23/23
f 27/27 28/28 29/29
f 29/29 30/30 27/27
f 31/31 32/32 33/33
f 33/33 34/34 31/31
f 35/35 36/36 37/37
f 37/37 38/38 35/35
f 39/39 40/40 41/41
f 41/41 42/42 39/39
f 21/21 31/31 34/34
f 34/34 22/22 21/21
f 43/43 4/4 3/3
f 3/3 44/44 43/43
f 5/5 45/45 46/46
f 46/46 6/6 5/5
f 47/47 48/48 49/49
f 49/49 50/50 47/47
f 47/47 50/50 14/14
f 14/14 13/13 47/47
f 51/51 52/52 49/49
f 49/49 48/48 51/51
f 53/53 54/54 55/55
f 55/55 18/18 53/53
f 56/56 54/54 53/53
f 53/53 22/22 56/56
f 57/57 58/58 59/59
f 59/59 60/60 57/57
f 61/61 62/62 63/63
f 63/63 64/64 61/61
f 65/65 34/34 33/33
f 33/33 66/66 65/65
f 67/67 68/68 69/69
f 69/69 70/70 67/67
f 71/71 72/72 41/41
f 41/41 40/40 71/71
f 56/56 22/22 34/34
f 34/34 65/65 56/56
f 43/43 44/44 73/73
f 73/73 74/74 43/43
f 75/75 76/76 46/46
f 46/46 45/45 75/75
f 77/77 78/78 79/79
f 79/79 80/80 77/77
f 77/77 81/81 82/82
f 82/82 78/78 77/77
f 83/83 80/80 79/79
f 79/79 84/84 83/83
f 85/85 86/86 87/87
f 87/87 88/88 85/85
f 89/89 90/90 85/85
f 85/85 88/88 89/89
f 57/57 91/91 92/92
f 92/92 58/58 57/57
f 61/61 93/93 94/94
f 94/94 62/62 61/61
f 95/95 96/96 97/97
f 97/97 98/98 95/95
f 99/99 100/100 101/101
f 101/101 102/102 99/99
f 71/71 103/103 104/104
f 104/104 72/72 71/71
f 89/89 95/95 98/98
f 98/98 90/90 89/89
f 1/1 74/74 73/73
f 73/73 2/2 1/1
f 75/75 8/8 7/7
f 7/7 76/76 75/75
f 105/105 106/106 107/107
f 107/107 108/108 105/105
f 105/105 108/108 82/82
f 82/82 81/81 105/105
f 109/109 110/110 107/107
f 107/107 106/106 109/109
f 111/111 112/112 113/113
f 113/113 86/86 111/111
f 114/114 112/112 111/111
f 111/111 90/90 114/114
f 23/23 26/26 115/115
f 115/115 116/116 23/23
f 27/27 30/30 117/117
f 117/117 118/118 27/27
f 119/119 98/98 97/97
f 97/97 120/120 119/119
f 121/121 122/122 123/123
f 123/123 124/124 121/121
f 39/39 42/42 104/104
f 104/104 103/103 39/39
f 114/114 90/90 98/98
f 98/98 119/119 114/114
f 125/125 126/126 127/127
f 128/128 129/129 130/130
f 131/131 132/132 133/133
f 131/131 133/133 127/127
f 134/134 135/135 136/136
f 137/137 138/138 139/139
f 137/137 140/140 138/138
f 141/141 142/142 143/143
f 144/144 145/145 141/141
f 140/140 146/146 138/138
f 126/126 131/131 127/127
f 141/141 126/126 144/144
f 125/125 147/147 144/144
f 144/144 147/147 145/145
f 141/141 145/145 142/142
f 125/125 144/144 126/126
f 148/148 149/149 150/150
f 151/151 152/152 153/153
f 153/153 152/152 154/154
f 15/15 16/16 155/155
f 155/155 149/149 148/148
f 155/155 16/16 149/149
f 156/156 157/157 158/158
f 17/17 159/159 18/18
f 160/160 149/149 152/152
f 150/150 149/149 161/161
f 161/161 149/149 160/160
f 162/162 163/163 164/164
f 165/165 163/163 162/162
f 166/166 167/167 168/168
f 169/169 170/170 171/171
f 172/172 173/173 174/174
f 171/171 170/170 175/175
f 176/176 177/177 172/172
f 178/178 170/170 169/169
f 178/178 25/25 170/170
f 28/28 179/179 29/29
f 172/172 177/177 180/180
f 172/172 180/180 173/173
f 169/169 171/171 181/181
f 170/170 182/182 183/183
f 24/24 182/182 170/170
f 24/24 170/170 25/25
f 29/29 184/184 30/30
f 29/29 179/179 184/184
f 185/185 186/186 187/187
f 187/187 188/188 189/189
f 187/187 189/189 190/190
f 187/187 186/186 188/188
f 187/187 190/190 185/185
f 33/33 32/32 191/191
f 153/153 154/154 192/192
f 193/193 194/194 195/195
f 196/196 197/197 198/198
f 199/199 200/200 201/201
f 202/202 203/203 204/204
f 160/160 152/152 151/151
f 176/176 167/167 177/177
f 168/168 167/167 176/176
f 205/205 206/206 207/207
f 129/129 208/208 130/130
f 209/209 210/210 211/211
f 211/211 210/210 207/207
f 212/212 213/213 136/136
f 214/214 215/215 216/216
f 217/217 215/215 214/214
f 218/218 219/219 220/220
f 221/221 222/222 219/219
f 223/223 217/217 214/214
f 210/210 205/205 207/207
f 205/205 219/219 222/222
f 224/224 206/206 222/222
f 224/224 222/222 221/221
f 221/221 219/219 218/218
f 222/222 206/206 205/205
f 225/225 226/226 227/227
f 228/228 229/229 230/230
f 229/229 154/154 230/230
f 51/51 231/231 52/52
f 231/231 225/225 227/227
f 231/231 227/227 52/52
f 232/232 233/233 234/234
f 235/235 236/236 237/237
f 238/238 230/230 227/227
f 226/226 239/239 227/227
f 239/239 238/238 227/227
f 240/240 241/241 242/242
f 243/243 240/240 242/242
f 244/244 245/245 246/246
f 247/247 248/248 249/249
f 250/250 251/251 252/252
f 248/248 253/253 249/249
f 254/254 250/250 255/255
f 256/256 247/247 249/249
f 256/256 249/249 59/59
f 64/64 63/63 257/257
f 250/250 258/258 255/255
f 250/250 252/252 258/258
f 247/247 259/259 248/248
f 249/249 260/260 261/261
f 60/60 249/249 261/261
f 60/60 59/59 249/249
f 63/63 62/62 262/262
f 63/63 262/262 257/257
f 263/263 264/264 265/265
f 264/264 266/266 267/267
f 264/264 268/268 266/266
f 264/264 267/267 265/265
f 264/264 263/263 268/268
f 33/33 191/191 66/66
f 229/229 192/192 154/154
f 193/193 269/269 194/194
f 270/270 271/271 272/272
f 273/273 274/274 275/275
f 202/202 276/276 203/203
f 238/238 228/228 230/230
f 254/254 255/255 246/246
f 245/245 254/254 246/246
f 277/277 278/278 279/279
f 208/208 129/129 280/280
f 281/281 282/282 283/283
f 281/281 283/283 279/279
f 284/284 212/212 285/285
f 278/278 214/214 216/216
f 278/278 286/286 214/214
f 286/286 287/287 223/223
f 288/288 289/289 286/286
f 286/286 223/223 214/214
f 278/278 281/281 279/279
f 286/286 278/278 288/288
f 277/277 290/290 288/288
f 288/288 290/290 289/289
f 286/286 289/289 287/287
f 277/277 288/288 278/278
f 291/291 292/292 293/293
f 228/228 294/294 229/229
f 229/229 294/294 295/295
f 83/83 84/84 296/296
f 296/296 292/292 291/291
f 296/296 84/84 292/292
f 297/297 298/298 299/299
f 300/300 301/301 302/302
f 303/303 292/292 304/304
f 293/293 292/292 305/305
f 305/305 292/292 303/303
f 306/306 307/307 308/308
f 309/309 307/307 306/306
f 310/310 311/311 312/312
f 313/313 314/314 248/248
f 315/315 316/316 317/317
f 248/248 314/314 253/253
f 318/318 319/319 315/315
f 320/320 314/314 313/313
f 320/320 92/92 314/314
f 93/93 257/257 94/94
f 315/315 319/319 321/321
f 315/315 321/321 316/316
f 308/308 322/322 306/306
f 314/314 261/261 260/260
f 91/91 261/261 314/314
f 91/91 314/314 92/92
f 94/94 262/262 62/62
f 94/94 257/257 262/262
f 323/323 265/265 324/324
f 324/324 267/267 266/266
f 324/324 266/266 268/268
f 324/324 265/265 267/267
f 324/324 268/268 323/323
f 97/97 96/96 325/325
f 229/229 295/295 326/326
f 327/327 194/194 269/269
f 328/328 329/329 330/330
f 331/331 332/332 333/333
f 334/334 335/335 336/336
f 303/303 304/304 337/337
f 318/318 311/311 319/319
f 312/312 311/311 318/318
f 338/338 339/339 340/340
f 129/129 128/128 280/280
f 341/341 285/285 342/342
f 342/342 285/285 340/340
f 135/135 338/338 285/285
f 138/138 343/343 139/139
f 344/344 343/343 138/138
f 345/345 346/346 347/347
f 348/348 349/349 346/346
f 146/146 344/344 138/138
f 285/285 338/338 340/340
f 338/338 346/346 349/349
f 350/350 339/339 349/349
f 350/350 349/349 348/348
f 348/348 346/346 345/345
f 349/349 339/339 338/338
f 351/351 352/352 353/353
f 151/151 153/153 354/354
f 153/153 295/295 354/354
f 109/109 355/355 110/110
f 355/355 351/351 353/353
f 355/355 353/353 110/110
f 356/356 357/357 358/358
f 111/111 86/86 359/359
f 360/360 361/361 353/353
f 352/352 362/362 353/353
f 362/362 360/360 353/353
f 363/363 364/364 365/365
f 366/366 363/363 365/365
f 367/367 368/368 369/369
f 370/370 171/171 371/371
f 372/372 373/373 374/374
f 171/171 175/175 371/371
f 375/375 372/372 376/376
f 377/377 370/370 371/371
f 377/377 371/371 115/115
f 118/118 117/117 179/179
f 372/372 378/378 376/376
f 372/372 374/374 378/378
f 364/364 363/363 379/379
f 371/371 183/183 182/182
f 116/116 371/371 182/182
f 116/116 115/115 371/371
f 117/117 30/30 184/184
f 117/117 184/184 179/179
f 380/380 381/381 186/186
f 381/381 189/189 188/188
f 381/381 190/190 189/189
f 381/381 188/188 186/186
f 381/381 380/380 190/190
f 97/97 325/325 120/120
f 153/153 326/326 295/295
f 327/327 195/195 194/194
f 382/382 383/383 384/384
f 385/385 386/386 387/387
f 334/334 388/388 335/335
f 360/360 389/389 361/361
f 375/375 376/376 369/369
f 368/368 375/375 369/369
f 390/390 391/391 392/392
f 392/392 393/393 390/390
f 394/394 395/395 396/396
f 396/396 397/397 394/394
f 398/398 399/399 400/400
f 400/400 401/401 398/398
f 392/392 402/402 399/399
f 399/399 398/398 392/392
f 403/403 404/404 405/405
f 405/405 406/406 403/403
f 405/405 407/407 408/408
f 408/408 406/406 405/405
f 409/409 397/397 396/396
f 396/396 410/410 409/409
f 393/393 411/411 412/412
f 412/412 390/390 393/393
f 413/413 414/414 415/415
f 415/415 416/416 413/413
f 417/417 418/418 419/419
f 419/419 420/420 417/417
f 421/421 422/422 423/423
f 423/423 424/424 421/421
f 425/425 426/426 427/427
f 427/427 428/428 425/425
f 429/429 430/430 417/417
f 417/417 420/420 429/429
f 425/425 428/428 431/431
f 431/431 432/432 425/425
f 433/433 434/434 411/411
f 411/411 435/435 433/433
f 436/436 437/437 438/438
f 438/438 439/439 436/436
f 440/440 439/439 438/438
f 438/438 395/395 440/440
f 439/439 441/441 442/442
f 442/442 443/443 439/439
f 435/435 444/444 445/445
f 445/445 433/433 435/435
f 446/446 447/447 448/448
f 448/448 449/449 446/446
f 446/446 450/450 451/451
f 451/451 447/447 446/446
f 428/428 427/427 390/390
f 412/412 431/431 390/390
f 397/397 452/452 453/453
f 453/453 454/454 397/397
f 433/433 446/446 449/449
f 449/449 434/434 433/433
f 446/446 433/433 445/445
f 445/445 450/450 446/446
f 439/439 443/443 455/455
f 455/455 456/456 439/439
f 457/457 410/410 458/458
f 458/458 421/421 457/457
f 459/459 460/460 461/461
f 461/461 462/462 459/459
f 463/463 421/421 458/458
f 458/458 464/464 463/463
f 465/465 459/459 466/466
f 467/467 468/468 469/469
f 469/469 470/470 467/467
f 399/399 420/420 419/419
f 419/419 400/400 399/399
f 422/422 421/421 471/471
f 471/471 472/472 422/422
f 402/402 429/429 420/420
f 420/420 399/399 402/402
f 473/473 474/474 475/475
f 475/475 476/476 473/473
f 477/477 478/478 479/479
f 479/479 480/480 477/477
f 474/474 481/481 482/482
f 482/482 475/475 474/474
f 483/483 484/484 485/485
f 485/485 486/486 483/483
f 487/487 488/488 470/470
f 470/470 469/469 487/487
f 482/482 481/481 489/489
f 489/489 490/490 482/482
f 477/477 480/480 491/491
f 491/491 492/492 477/477
f 482/482 493/493 492/492
f 492/492 475/475 482/482
f 494/494 495/495 496/496
f 496/496 497/497 494/494
f 498/498 499/499 500/500
f 500/500 501/501 498/498
f 502/502 503/503 504/504
f 504/504 505/505 502/502
f 494/494 497/497 499/499
f 499/499 498/498 494/494
f 506/506 495/495 494/494
f 494/494 507/507 506/506
f 508/508 509/509 510/510
f 510/510 511/511 508/508
f 512/512 513/513 498/498
f 498/498 501/501 512/512
f 513/513 507/507 494/494
f 494/494 498/498 513/513
f 514/514 515/515 516/516
f 516/516 517/517 514/514
f 518/518 519/519 520/520
f 520/520 521/521 518/518
f 522/522 523/523 524/524
f 524/524 517/517 522/522
f 525/525 514/514 517/517
f 517/517 524/524 525/525
f 505/505 504/504 519/519
f 519/519 518/518 505/505
f 516/516 526/526 522/522
f 522/522 517/517 516/516
f 527/527 528/528 529/529
f 529/529 530/530 527/527
f 531/531 532/532 533/533
f 533/533 534/534 531/531
f 535/535 536/536 537/537
f 537/537 530/530 535/535
f 530/530 529/529 538/538
f 538/538 535/535 530/530
f 532/532 539/539 540/540
f 540/540 533/533 532/532
f 537/537 541/541 527/527
f 527/527 530/530 537/537
f 542/542 543/543 474/474
f 474/474 473/473 542/542
f 475/475 492/492 491/491
f 491/491 476/476 475/475
f 477/477 492/492 493/493
f 493/493 544/544 477/477
f 545/545 509/509 508/508
f 508/508 503/503 545/545
f 467/467 478/478 477/477
f 477/477 544/544 467/467
f 488/488 546/546 547/547
f 547/547 470/470 488/488
f 480/480 548/548 549/549
f 549/549 491/491 480/480
f 547/547 546/546 486/486
f 486/486 485/485 547/547
f 550/550 473/473 476/476
f 476/476 551/551 550/550
f 397/397 552/552 553/553
f 553/553 452/452 397/397
f 554/554 555/555 556/556
f 556/556 557/557 554/554
f 460/460 396/396 438/438
f 558/558 556/556 413/413
f 413/413 416/416 558/558
f 470/470 547/547 478/478
f 478/478 467/467 470/470
f 559/559 558/558 560/560
f 560/560 561/561 559/559
f 416/416 415/415 562/562
f 562/562 560/560 416/416
f 563/563 414/414 413/413
f 413/413 555/555 563/563
f 557/557 556/556 558/558
f 558/558 559/559 557/557
f 564/564 415/415 414/414
f 493/493 482/482 490/490
f 502/502 540/540 539/539
f 538/538 565/565 535/535
f 485/485 479/479 478/478
f 548/548 480/480 479/479
f 484/484 566/566 567/567
f 481/481 568/568 489/489
f 464/464 406/406 408/408
f 569/569 452/452 553/553
f 471/471 421/421 463/463
f 394/394 397/397 454/454
f 398/398 401/401 570/570
f 571/571 565/565 435/435
f 506/506 411/411 393/393
f 437/437 461/461 438/438
f 422/422 472/472 572/572
f 406/406 458/458 460/460
f 465/465 460/460 459/459
f 396/396 460/460 458/458
f 396/396 458/458 410/410
f 396/396 395/395 438/438
f 405/405 573/573 574/574
f 575/575 564/564 576/576
f 564/564 577/577 576/576
f 574/574 573/573 578/578
f 565/565 444/444 435/435
f 418/418 417/417 579/579
f 417/417 430/430 579/579
f 425/425 580/580 426/426
f 432/432 581/581 580/580
f 423/423 422/422 572/572
f 392/392 398/398 496/496
f 554/554 570/570 555/555
f 453/453 452/452 569/569
f 573/573 582/582 578/578
f 582/582 573/573 405/405
f 496/496 393/393 392/392
f 570/570 583/583 398/398
f 506/506 435/435 411/411
f 570/570 401/401 555/555
f 405/405 404/404 582/582
f 407/407 405/405 574/574
f 426/426 580/580 581/581
f 432/432 580/580 425/425
f 436/436 439/439 456/456
f 442/442 584/584 443/443
f 447/447 585/585 448/448
f 451/451 586/586 585/585
f 455/455 443/443 584/584
f 448/448 585/585 586/586
f 451/451 585/585 447/447
f 397/397 409/409 552/552
f 439/439 440/440 441/441
f 496/496 495/495 393/393
f 424/424 457/457 421/421
f 458/458 406/406 464/464
f 551/551 491/491 549/549
f 542/542 473/473 550/550
f 587/587 489/489 568/568
f 588/588 493/493 589/589
f 403/403 465/465 590/590
f 406/406 460/460 465/465
f 403/403 406/406 465/465
f 462/462 461/461 591/591
f 461/461 592/592 591/591
f 461/461 437/437 592/592
f 506/506 393/393 495/495
f 501/501 500/500 593/593
f 524/524 570/570 525/525
f 583/583 570/570 524/524
f 511/511 510/510 594/594
f 512/512 501/501 593/593
f 496/496 583/583 524/524
f 496/496 398/398 583/583
f 588/588 595/595 467/467
f 516/516 515/515 596/596
f 521/521 520/520 597/597
f 526/526 516/516 596/596
f 496/496 524/524 523/523
f 497/497 496/496 523/523
f 528/528 527/527 598/598
f 531/531 534/534 599/599
f 527/527 541/541 598/598
f 535/535 506/506 536/536
f 506/506 507/507 536/536
f 484/484 567/567 479/479
f 483/483 566/566 484/484
f 567/567 548/548 479/479
f 588/588 544/544 493/493
f 588/588 467/467 544/544
f 474/474 543/543 600/600
f 506/506 571/571 435/435
f 506/506 535/535 571/571
f 502/502 545/545 503/503
f 474/474 568/568 481/481
f 525/525 570/570 554/554
f 485/485 478/478 547/547
f 568/568 474/474 600/600
f 484/484 479/479 485/485
f 476/476 491/491 551/551
f 601/601 542/542 550/550
f 589/589 493/493 490/490
f 554/554 557/557 602/602
f 467/467 595/595 468/468
f 602/602 525/525 554/554
f 558/558 416/416 560/560
f 415/415 564/564 575/575
f 564/564 414/414 577/577
f 413/413 556/556 555/555
f 415/415 575/575 562/562
f 577/577 414/414 563/563
f 602/602 557/557 603/603
f 603/603 559/559 604/604
f 604/604 559/559 561/561
f 603/603 557/557 559/559
f 535/535 565/565 571/571
f 502/502 539/539 545/545
f 465/465 466/466 590/590
f 390/390 427/427 391/391
f 390/390 431/431 428/428
f 460/460 438/438 461/461
f 605/605 606/606 607/607
f 607/607 608/608 605/605
f 567/567 566/566 609/609
f 609/609 610/610 567/567
f 611/611 612/612 613/613
f 613/613 610/610 611/611
f 614/614 550/550 551/551
f 551/551 615/615 614/614
f 548/548 567/567 610/610
f 610/610 613/613 548/548
f 616/616 611/611 610/610
f 610/610 609/609 616/616
f 617/617 618/618 614/614
f 614/614 615/615 617/617
f 607/607 619/619 620/620
f 620/620 608/608 607/607
f 606/606 621/621 622/622
f 622/622 607/607 606/606
f 623/623 624/624 622/622
f 622/622 625/625 623/623
f 622/622 624/624 619/619
f 619/619 607/607 622/622
f 622/622 621/621 625/625
f 626/626 627/627 628/628
f 628/628 629/629 626/626
f 630/630 616/616 631/631
f 631/631 632/632 630/630
f 633/633 618/618 626/626
f 626/626 629/629 633/633
f 626/626 618/618 617/617
f 617/617 620/620 626/626
f 634/634 635/635 636/636
f 637/637 630/630 636/636
f 636/636 635/635 637/637
f 606/606 635/635 634/634
f 634/634 621/621 606/606
f 605/605 637/637 635/635
f 635/635 606/606 605/605
f 638/638 624/624 639/639
f 626/626 620/620 627/627
f 640/640 549/549 548/548
f 640/640 615/615 549/549
f 621/621 634/634 641/641
f 612/612 608/608 642/642
f 642/642 620/620 617/617
f 636/636 630/630 632/632
f 619/619 624/624 638/638
f 619/619 638/638 620/620
f 620/620 638/638 627/627
f 627/627 638/638 639/639
f 601/601 614/614 633/633
f 614/614 618/618 633/633
f 642/642 640/640 613/613
f 613/613 640/640 548/548
f 617/617 615/615 640/640
f 642/642 617/617 640/640
f 613/613 612/612 642/642
f 608/608 620/620 642/642
f 615/615 551/551 549/549
f 614/614 601/601 550/550
f 608/608 612/612 605/605
f 612/612 611/611 637/637
f 611/611 630/630 637/637
f 616/616 630/630 611/611
f 641/641 634/634 643/643
f 612/612 637/637 605/605
f 634/634 636/636 643/643
f 625/625 621/621 641/641
f 644/644 645/645 646/646
f 646/646 647/647 644/644
f 648/648 649/649 650/650
f 650/650 651/651 648/648
f 652/652 653/653 654/654
f 654/654 655/655 652/652
f 656/656 645/645 657/657
f 657/657 658/658 656/656
f 651/651 659/659 652/652
f 652/652 648/648 651/651
f 660/660 655/655 654/654
f 654/654 661/661 660/660
f 662/662 663/663 664/664
f 665/665 666/666 667/667
f 667/667 668/668 665/665
f 669/669 664/664 670/670
f 670/670 671/671 669/669
f 672/672 673/673 674/674
f 674/674 675/675 672/672
f 676/676 677/677 669/669
f 669/669 678/678 676/676
f 679/679 680/680 681/681
f 681/681 682/682 679/679
f 682/682 683/683 684/684
f 684/684 679/679 682/682
f 685/685 686/686 687/687
f 687/687 688/688 685/685
f 689/689 690/690 691/691
f 691/691 692/692 689/689
f 693/693 694/694 695/695
f 695/695 696/696 693/693
f 695/695 694/694 697/697
f 697/697 681/681 695/695
f 698/698 699/699 692/692
f 692/692 700/700 698/698
f 701/701 702/702 703/703
f 703/703 704/704 701/701
f 705/705 682/682 681/681
f 681/681 697/697 705/705
f 706/706 696/696 695/695
f 695/695 707/707 706/706
f 707/707 695/695 681/681
f 681/681 680/680 707/707
f 708/708 689/689 692/692
f 692/692 699/699 708/708
f 709/709 700/700 692/692
f 692/692 691/691 709/709
f 710/710 711/711 666/666
f 666/666 665/665 710/710
f 712/712 710/710 665/665
f 665/665 713/713 712/712
f 677/677 714/714 715/715
f 715/715 669/669 677/677
f 716/716 717/717 718/718
f 718/718 719/719 716/716
f 720/720 664/664 669/669
f 669/669 715/715 720/720
f 721/721 722/722 723/723
f 723/723 724/724 721/721
f 724/724 725/725 726/726
f 726/726 727/727 724/724
f 716/716 719/719 728/728
f 728/728 729/729 716/716
f 730/730 731/731 732/732
f 732/732 733/733 730/730
f 734/734 735/735 736/736
f 736/736 737/737 734/734
f 734/734 737/737 738/738
f 738/738 730/730 734/734
f 739/739 740/740 741/741
f 741/741 742/742 739/739
f 743/743 744/744 745/745
f 745/745 746/746 743/743
f 747/747 748/748 740/740
f 740/740 739/739 747/747
f 749/749 732/732 750/750
f 750/750 751/751 749/749
f 752/752 753/753 754/754
f 754/754 755/755 752/752
f 756/756 757/757 758/758
f 758/758 759/759 756/756
f 760/760 761/761 762/762
f 762/762 763/763 760/760
f 763/763 762/762 764/764
f 764/764 765/765 763/763
f 748/748 747/747 766/766
f 766/766 767/767 748/748
f 762/762 761/761 757/757
f 757/757 756/756 762/762
f 735/735 734/734 753/753
f 753/753 768/768 735/735
f 741/741 737/737 736/736
f 736/736 742/742 741/741
f 757/757 769/769 770/770
f 770/770 758/758 757/757
f 761/761 760/760 771/771
f 771/771 772/772 761/761
f 761/761 772/772 769/769
f 769/769 757/757 761/761
f 773/773 774/774 775/775
f 775/775 776/776 773/773
f 777/777 778/778 779/779
f 779/779 780/780 777/777
f 780/780 779/779 774/774
f 774/774 773/773 780/780
f 769/769 773/773 776/776
f 776/776 770/770 769/769
f 777/777 780/780 772/772
f 772/772 771/771 777/777
f 772/772 780/780 773/773
f 773/773 769/769 772/772
f 774/774 781/781 782/782
f 782/782 775/775 774/774
f 783/783 781/781 779/779
f 779/779 778/778 783/783
f 784/784 785/785 786/786
f 786/786 787/787 784/784
f 788/788 784/784 787/787
f 787/787 789/789 788/788
f 790/790 788/788 789/789
f 789/789 791/791 790/790
f 792/792 790/790 791/791
f 791/791 793/793 792/792
f 741/741 740/740 786/786
f 786/786 794/794 741/741
f 749/749 755/755 733/733
f 733/733 732/732 749/749
f 732/732 731/731 795/795
f 795/795 750/750 732/732
f 734/734 730/730 754/754
f 754/754 753/753 734/734
f 753/753 752/752 796/796
f 796/796 768/768 753/753
f 797/797 798/798 799/799
f 799/799 794/794 797/797
f 767/767 766/766 746/746
f 746/746 745/745 767/767
f 794/794 786/786 785/785
f 785/785 797/797 794/794
f 799/799 731/731 730/730
f 730/730 738/738 799/799
f 731/731 799/799 798/798
f 798/798 795/795 731/731
f 748/748 767/767 789/789
f 789/789 787/787 748/748
f 767/767 745/745 791/791
f 791/791 789/789 767/767
f 745/745 744/744 793/793
f 793/793 791/791 745/745
f 756/756 800/800 764/764
f 764/764 762/762 756/756
f 800/800 756/756 759/759
f 759/759 801/801 800/800
f 787/787 786/786 740/740
f 740/740 748/748 787/787
f 799/799 738/738 741/741
f 741/741 794/794 799/799
f 802/802 803/803 804/804
f 804/804 805/805 802/802
f 806/806 805/805 804/804
f 804/804 807/807 806/806
f 808/808 662/662 809/809
f 810/810 811/811 812/812
f 812/812 813/813 810/810
f 814/814 815/815 711/711
f 711/711 710/710 814/814
f 816/816 814/814 710/710
f 710/710 712/712 816/816
f 817/817 818/818 672/672
f 672/672 675/675 817/817
f 819/819 713/713 665/665
f 665/665 668/668 819/819
f 708/708 699/699 820/820
f 820/820 821/821 708/708
f 698/698 822/822 820/820
f 820/820 699/699 698/698
f 724/724 723/723 823/823
f 823/823 824/824 724/724
f 825/825 723/723 722/722
f 722/722 826/826 825/825
f 718/718 827/827 828/828
f 828/828 719/719 718/718
f 829/829 830/830 831/831
f 828/828 832/832 728/728
f 728/728 719/719 828/828
f 833/833 834/834 835/835
f 835/835 836/836 833/833
f 833/833 837/837 838/838
f 838/838 834/834 833/833
f 839/839 840/840 841/841
f 841/841 842/842 839/839
f 843/843 844/844 845/845
f 845/845 846/846 843/843
f 846/846 839/839 842/842
f 842/842 847/847 846/846
f 839/839 848/848 849/849
f 849/849 840/840 839/839
f 846/846 845/845 848/848
f 848/848 839/839 846/846
f 843/843 846/846 847/847
f 847/847 850/850 843/843
f 851/851 823/823 723/723
f 723/723 825/825 851/851
f 675/675 674/674 852/852
f 852/852 853/853 675/675
f 672/672 818/818 854/854
f 854/854 855/855 672/672
f 855/855 856/856 673/673
f 673/673 672/672 855/855
f 856/856 857/857 858/858
f 858/858 673/673 856/856
f 854/854 818/818 859/859
f 818/818 817/817 860/860
f 860/860 861/861 818/818
f 819/819 861/861 860/860
f 861/861 819/819 668/668
f 862/862 863/863 864/864
f 864/864 865/865 862/862
f 866/866 867/867 831/831
f 831/831 868/868 866/866
f 869/869 870/870 871/871
f 871/871 872/872 869/869
f 871/871 870/870 873/873
f 873/873 874/874 871/871
f 875/875 876/876 877/877
f 878/878 876/876 875/875
f 875/875 879/879 878/878
f 880/880 878/878 879/879
f 879/879 881/881 880/880
f 882/882 883/883 884/884
f 884/884 885/885 882/882
f 886/886 887/887 888/888
f 884/884 889/889 890/890
f 890/890 885/885 884/884
f 891/891 892/892 893/893
f 893/893 894/894 891/891
f 895/895 896/896 897/897
f 897/897 898/898 895/895
f 899/899 900/900 901/901
f 901/901 902/902 899/899
f 903/903 892/892 904/904
f 904/904 905/905 903/903
f 893/893 892/892 903/903
f 903/903 906/906 893/893
f 887/887 886/886 907/907
f 907/907 908/908 887/887
f 891/891 909/909 892/892
f 910/910 911/911 912/912
f 912/912 913/913 910/910
f 914/914 915/915 916/916
f 916/916 917/917 914/914
f 917/917 916/916 918/918
f 918/918 919/919 917/917
f 883/883 901/901 900/900
f 900/900 884/884 883/883
f 920/920 921/921 922/922
f 922/922 877/877 923/923
f 924/924 925/925 926/926
f 927/927 928/928 929/929
f 930/930 931/931 913/913
f 913/913 912/912 930/930
f 932/932 933/933 934/934
f 934/934 935/935 932/932
f 927/927 933/933 936/936
f 937/937 928/928 927/927
f 927/927 936/936 937/937
f 938/938 939/939 935/935
f 940/940 941/941 942/942
f 942/942 943/943 940/940
f 944/944 945/945 946/946
f 893/893 906/906 880/880
f 880/880 881/881 893/893
f 947/947 948/948 949/949
f 949/949 943/943 947/947
f 945/945 944/944 950/950
f 950/950 951/951 945/945
f 951/951 950/950 946/946
f 946/946 940/940 951/951
f 928/928 937/937 952/952
f 952/952 953/953 928/928
f 954/954 879/879 875/875
f 875/875 955/955 954/954
f 881/881 879/879 954/954
f 954/954 894/894 881/881
f 891/891 894/894 956/956
f 956/956 957/957 891/891
f 958/958 959/959 960/960
f 960/960 961/961 958/958
f 942/942 941/941 949/949
f 962/962 963/963 951/951
f 951/951 964/964 962/962
f 963/963 965/965 966/966
f 966/966 951/951 963/963
f 965/965 962/962 964/964
f 964/964 966/966 965/965
f 967/967 901/901 883/883
f 883/883 968/968 967/967
f 969/969 970/970 939/939
f 971/971 912/912 911/911
f 911/911 972/972 971/971
f 943/943 942/942 973/973
f 973/973 947/947 943/943
f 943/943 949/949 974/974
f 974/974 940/940 943/943
f 973/973 942/942 949/949
f 949/949 948/948 973/973
f 912/912 971/971 975/975
f 975/975 930/930 912/912
f 656/656 976/976 977/977
f 648/648 978/978 649/649
f 657/657 979/979 658/658
f 651/651 980/980 659/659
f 978/978 648/648 981/981
f 645/645 977/977 646/646
f 654/654 982/982 661/661
f 644/644 647/647 983/983
f 651/651 650/650 980/980
f 654/654 653/653 982/982
f 656/656 977/977 645/645
f 703/703 702/702 984/984
f 985/985 986/986 987/987
f 988/988 844/844 843/843
f 856/856 855/855 989/989
f 990/990 714/714 677/677
f 991/991 992/992 993/993
f 994/994 995/995 704/704
f 858/858 869/869 996/996
f 831/831 867/867 829/829
f 997/997 834/834 838/838
f 991/991 810/810 998/998
f 993/993 999/999 811/811
f 811/811 810/810 993/993
f 1000/1000 1001/1001 1002/1002
f 1003/1003 1004/1004 996/996
f 1005/1005 1006/1006 1007/1007
f 1006/1006 1005/1005 1008/1008
f 1006/1006 703/703 1009/1009
f 688/688 662/662 685/685
f 1010/1010 1011/1011 857/857
f 869/869 829/829 870/870
f 1012/1012 1013/1013 685/685
f 872/872 808/808 996/996
f 994/994 704/704 703/703
f 1014/1014 713/713 819/819
f 1004/1004 673/673 858/858
f 1015/1015 1014/1014 819/819
f 808/808 685/685 662/662
f 703/703 1008/1008 994/994
f 1016/1016 1017/1017 1018/1018
f 1007/1007 811/811 999/999
f 1019/1019 860/860 817/817
f 1007/1007 1006/1006 811/811
f 1006/1006 1008/1008 703/703
f 688/688 663/663 662/662
f 1008/1008 1016/1016 1018/1018
f 996/996 1004/1004 858/858
f 686/686 685/685 1013/1013
f 810/810 813/813 998/998
f 696/696 1020/1020 693/693
f 696/696 706/706 1020/1020
f 682/682 705/705 683/683
f 1021/1021 823/823 1022/1022
f 994/994 1018/1018 862/862
f 862/862 865/865 994/994
f 1008/1008 1018/1018 994/994
f 828/828 1023/1023 832/832
f 720/720 809/809 664/664
f 724/724 727/727 721/721
f 825/825 1024/1024 1025/1025
f 1012/1012 685/685 808/808
f 1003/1003 1026/1026 1027/1027
f 1004/1004 1003/1003 852/852
f 825/825 1025/1025 851/851
f 873/873 870/870 829/829
f 873/873 829/829 867/867
f 1004/1004 852/852 674/674
f 1017/1017 1028/1028 1018/1018
f 862/862 1018/1018 1028/1028
f 808/808 1003/1003 996/996
f 737/737 741/741 738/738
f 774/774 779/779 781/781
f 1029/1029 1030/1030 807/807
f 803/803 1031/1031 1032/1032
f 1032/1032 804/804 803/803
f 1033/1033 803/803 802/802
f 1030/1030 806/806 807/807
f 1031/1031 1034/1034 807/807
f 1029/1029 1034/1034 803/803
f 804/804 1032/1032 807/807
f 1034/1034 1029/1029 807/807
f 1033/1033 1029/1029 803/803
f 1034/1034 1031/1031 803/803
f 1032/1032 1031/1031 807/807
f 829/829 869/869 830/830
f 1012/1012 808/808 872/872
f 808/808 1026/1026 1003/1003
f 1019/1019 1015/1015 860/860
f 1023/1023 828/828 827/827
f 725/725 724/724 824/824
f 1035/1035 992/992 991/991
f 993/993 810/810 991/991
f 992/992 999/999 993/993
f 821/821 820/820 1036/1036
f 820/820 822/822 1036/1036
f 984/984 1037/1037 1009/1009
f 1009/1009 811/811 1006/1006
f 1009/1009 703/703 984/984
f 1009/1009 812/812 811/811
f 1009/1009 1037/1037 812/812
f 835/835 834/834 997/997
f 990/990 986/986 704/704
f 677/677 986/986 990/990
f 704/704 986/986 701/701
f 843/843 850/850 988/988
f 1038/1038 1039/1039 1040/1040
f 1038/1038 1040/1040 1041/1041
f 1022/1022 823/823 851/851
f 824/824 823/823 1021/1021
f 1008/1008 1005/1005 1016/1016
f 678/678 669/669 671/671
f 987/987 986/986 677/677
f 817/817 675/675 853/853
f 817/817 853/853 1042/1042
f 1019/1019 817/817 1042/1042
f 1004/1004 674/674 673/673
f 857/857 1011/1011 830/830
f 701/701 986/986 1043/1043
f 1002/1002 863/863 1044/1044
f 1044/1044 862/862 1028/1028
f 981/981 652/652 655/655
f 655/655 660/660 981/981
f 652/652 981/981 648/648
f 855/855 854/854 989/989
f 1045/1045 854/854 859/859
f 857/857 830/830 858/858
f 856/856 1010/1010 857/857
f 856/856 1046/1046 1010/1010
f 856/856 989/989 1046/1046
f 859/859 668/668 667/667
f 854/854 1045/1045 989/989
f 1045/1045 859/859 667/667
f 1047/1047 1048/1048 1024/1024
f 1024/1024 1048/1048 1025/1025
f 1049/1049 1050/1050 1051/1051
f 714/714 990/990 1052/1052
f 1052/1052 990/990 995/995
f 1052/1052 995/995 1053/1053
f 995/995 994/994 1054/1054
f 704/704 995/995 990/990
f 987/987 677/677 676/676
f 1053/1053 995/995 1054/1054
f 864/864 863/863 1002/1002
f 1055/1055 1051/1051 1050/1050
f 1051/1051 1056/1056 1049/1049
f 825/825 826/826 1024/1024
f 729/729 728/728 1057/1057
f 1001/1001 864/864 1002/1002
f 1056/1056 1058/1058 1059/1059
f 1044/1044 863/863 862/862
f 1049/1049 1056/1056 1060/1060
f 1060/1060 1056/1056 1059/1059
f 858/858 830/830 869/869
f 831/831 1011/1011 868/868
f 872/872 871/871 1012/1012
f 871/871 874/874 1013/1013
f 871/871 1013/1013 1012/1012
f 996/996 869/869 872/872
f 1027/1027 1026/1026 809/809
f 1026/1026 808/808 809/809
f 1061/1061 882/882 959/959
f 924/924 1062/1062 1063/1063
f 923/923 1064/1064 1065/1065
f 1065/1065 922/922 923/923
f 1066/1066 1067/1067 899/899
f 953/953 952/952 885/885
f 1066/1066 902/902 1068/1068
f 1069/1069 883/883 882/882
f 1069/1069 968/968 883/883
f 1070/1070 1065/1065 1064/1064
f 877/877 922/922 875/875
f 970/970 969/969 1063/1063
f 970/970 895/895 909/909
f 904/904 898/898 905/905
f 882/882 885/885 1071/1071
f 889/889 900/900 899/899
f 900/900 889/889 884/884
f 961/961 937/937 936/936
f 1072/1072 935/935 939/939
f 1073/1073 890/890 1074/1074
f 1075/1075 926/926 1076/1076
f 1077/1077 908/908 907/907
f 1078/1078 1079/1079 1080/1080
f 920/920 958/958 961/961
f 908/908 1077/1077 1081/1081
f 970/970 909/909 957/957
f 895/895 898/898 904/904
f 909/909 895/895 904/904
f 913/913 931/931 1082/1082
f 910/910 913/913 1082/1082
f 928/928 1073/1073 929/929
f 957/957 956/956 1072/1072
f 921/921 920/920 932/932
f 1083/1083 889/889 1067/1067
f 1079/1079 918/918 1080/1080
f 961/961 1071/1071 937/937
f 1084/1084 882/882 1071/1071
f 962/962 1085/1085 963/963
f 1086/1086 902/902 901/901
f 1087/1087 914/914 917/917
f 1087/1087 917/917 919/919
f 1072/1072 939/939 957/957
f 891/891 957/957 909/909
f 948/948 1088/1088 973/973
f 963/963 1085/1085 965/965
f 965/965 1085/1085 962/962
f 925/925 969/969 1076/1076
f 896/896 895/895 1062/1062
f 1089/1089 1075/1075 1076/1076
f 1074/1074 1075/1075 1089/1089
f 925/925 924/924 1063/1063
f 1067/1067 908/908 1081/1081
f 934/934 927/927 1089/1089
f 1071/1071 952/952 937/937
f 1071/1071 885/885 952/952
f 1073/1073 953/953 890/890
f 953/953 1073/1073 928/928
f 920/920 961/961 936/936
f 927/927 934/934 933/933
f 932/932 920/920 933/933
f 1076/1076 969/969 938/938
f 1089/1089 1076/1076 938/938
f 899/899 902/902 1066/1066
f 929/929 1073/1073 1074/1074
f 1089/1089 929/929 1074/1074
f 890/890 1075/1075 1074/1074
f 881/881 894/894 893/893
f 939/939 970/970 957/957
f 890/890 953/953 885/885
f 1062/1062 895/895 970/970
f 1061/1061 1069/1069 882/882
f 1084/1084 1071/1071 961/961
f 961/961 960/960 1084/1084
f 1088/1088 947/947 973/973
f 1088/1088 948/948 947/947
f 1090/1090 944/944 946/946
f 1090/1090 950/950 944/944
f 1090/1090 946/946 950/950
f 889/889 899/899 1067/1067
f 908/908 1067/1067 887/887
f 887/887 1067/1067 1066/1066
f 887/887 1066/1066 1068/1068
f 1081/1081 1075/1075 1083/1083
f 938/938 934/934 1089/1089
f 1077/1077 1075/1075 1081/1081
f 890/890 889/889 1083/1083
f 890/890 1083/1083 1075/1075
f 959/959 1091/1091 1061/1061
f 1063/1063 1062/1062 970/970
f 972/972 1092/1092 971/971
f 971/971 1092/1092 975/975
f 946/946 945/945 940/940
f 1083/1083 1067/1067 1081/1081
f 1065/1065 1070/1070 1093/1093
f 1065/1065 1093/1093 922/922
f 923/923 877/877 1094/1094
f 875/875 922/922 921/921
f 875/875 921/921 955/955
f 888/888 887/887 1068/1068
f 938/938 935/935 934/934
f 969/969 939/939 938/938
f 924/924 926/926 1077/1077
f 949/949 941/941 974/974
f 920/920 922/922 1093/1093
f 877/877 876/876 1094/1094
f 927/927 929/929 1089/1089
f 936/936 933/933 920/920
f 1091/1091 959/959 1093/1093
f 1093/1093 1070/1070 1091/1091
f 959/959 958/958 1093/1093
f 958/958 920/920 1093/1093
f 882/882 1084/1084 959/959
f 1084/1084 960/960 959/959
f 892/892 909/909 904/904
f 831/831 830/830 1011/1011
f 861/861 668/668 859/859
f 664/664 663/663 670/670
f 809/809 662/662 664/664
f 819/819 860/860 1015/1015
f 859/859 818/818 861/861
f 639/639 624/624 623/623
f 1095/1095 1096/1096 1097/1097
f 1097/1097 1098/1098 1095/1095
f 1099/1099 1100/1100 1101/1101
f 1101/1101 1102/1102 1099/1099
f 1103/1103 1104/1104 1105/1105
f 1105/1105 1106/1106 1103/1103
f 1097/1097 1103/1103 1106/1106
f 1106/1106 1107/1107 1097/1097
f 1108/1108 1109/1109 1110/1110
f 1110/1110 1111/1111 1108/1108
f 1110/1110 1109/1109 1112/1112
f 1112/1112 1113/1113 1110/1110
f 1114/1114 1115/1115 1101/1101
f 1101/1101 1100/1100 1114/1114
f 1096/1096 1095/1095 1116/1116
f 1116/1116 1117/1117 1096/1096
f 1118/1118 1119/1119 1120/1120
f 1120/1120 1121/1121 1118/1118
f 1122/1122 1123/1123 1124/1124
f 1124/1124 1125/1125 1122/1122
f 1126/1126 1127/1127 1128/1128
f 1128/1128 1129/1129 1126/1126
f 1130/1130 1131/1131 1132/1132
f 1132/1132 1133/1133 1130/1130
f 1134/1134 1123/1123 1122/1122
f 1122/1122 1135/1135 1134/1134
f 1130/1130 1136/1136 1137/1137
f 1137/1137 1131/1131 1130/1130
f 1138/1138 1139/1139 1117/1117
f 1117/1117 1140/1140 1138/1138
f 1141/1141 1142/1142 1143/1143
f 1143/1143 1144/1144 1141/1141
f 1145/1145 1102/1102 1143/1143
f 1143/1143 1142/1142 1145/1145
f 1142/1142 1146/1146 1147/1147
f 1147/1147 1148/1148 1142/1142
f 1139/1139 1138/1138 1149/1149
f 1149/1149 1150/1150 1139/1139
f 1151/1151 1152/1152 1153/1153
f 1153/1153 1154/1154 1151/1151
f 1151/1151 1154/1154 1155/1155
f 1155/1155 1156/1156 1151/1151
f 1131/1131 1095/1095 1132/1132
f 1116/1116 1095/1095 1137/1137
f 1100/1100 1157/1157 1158/1158
f 1158/1158 1159/1159 1100/1100
f 1138/1138 1140/1140 1152/1152
f 1152/1152 1151/1151 1138/1138
f 1151/1151 1156/1156 1149/1149
f 1149/1149 1138/1138 1151/1151
f 1142/1142 1160/1160 1161/1161
f 1161/1161 1146/1146 1142/1142
f 1162/1162 1126/1126 1163/1163
f 1163/1163 1115/1115 1162/1162
f 1164/1164 1165/1165 1166/1166
f 1166/1166 1167/1167 1164/1164
f 1168/1168 1169/1169 1163/1163
f 1163/1163 1126/1126 1168/1168
f 1170/1170 1171/1171 1164/1164
f 1172/1172 1173/1173 1174/1174
f 1174/1174 1175/1175 1172/1172
f 1106/1106 1105/1105 1124/1124
f 1124/1124 1123/1123 1106/1106
f 1129/1129 1176/1176 1177/1177
f 1177/1177 1126/1126 1129/1129
f 1107/1107 1106/1106 1123/1123
f 1123/1123 1134/1134 1107/1107
f 1178/1178 1179/1179 1180/1180
f 1180/1180 1181/1181 1178/1178
f 1182/1182 1183/1183 1184/1184
f 1184/1184 1185/1185 1182/1182
f 1181/1181 1180/1180 1186/1186
f 1186/1186 1187/1187 1181/1181
f 1188/1188 1189/1189 1190/1190
f 1190/1190 1191/1191 1188/1188
f 1192/1192 1174/1174 1173/1173
f 1173/1173 1193/1193 1192/1192
f 1186/1186 1194/1194 1195/1195
f 1195/1195 1187/1187 1186/1186
f 1182/1182 1196/1196 1197/1197
f 1197/1197 1183/1183 1182/1182
f 1186/1186 1180/1180 1196/1196
f 1196/1196 1198/1198 1186/1186
f 1199/1199 1200/1200 1201/1201
f 1201/1201 1202/1202 1199/1199
f 1203/1203 1204/1204 1205/1205
f 1205/1205 1206/1206 1203/1203
f 1207/1207 1208/1208 1209/1209
f 1209/1209 1210/1210 1207/1207
f 1199/1199 1203/1203 1206/1206
f 1206/1206 1200/1200 1199/1199
f 1211/1211 1212/1212 1199/1199
f 1199/1199 1202/1202 1211/1211
f 1213/1213 1214/1214 1215/1215
f 1215/1215 1216/1216 1213/1213
f 1217/1217 1204/1204 1203/1203
f 1203/1203 1218/1218 1217/1217
f 1218/1218 1203/1203 1199/1199
f 1199/1199 1212/1212 1218/1218
f 1219/1219 1220/1220 1221/1221
f 1221/1221 1222/1222 1219/1219
f 1223/1223 1224/1224 1225/1225
f 1225/1225 1226/1226 1223/1223
f 1227/1227 1220/1220 1228/1228
f 1228/1228 1229/1229 1227/1227
f 1230/1230 1228/1228 1220/1220
f 1220/1220 1219/1219 1230/1230
f 1208/1208 1223/1223 1226/1226
f 1226/1226 1209/1209 1208/1208
f 1221/1221 1220/1220 1227/1227
f 1227/1227 1231/1231 1221/1221
f 1232/1232 1233/1233 1234/1234
f 1234/1234 1235/1235 1232/1232
f 1236/1236 1237/1237 1238/1238
f 1238/1238 1239/1239 1236/1236
f 1240/1240 1233/1233 1241/1241
f 1241/1241 1242/1242 1240/1240
f 1233/1233 1240/1240 1243/1243
f 1243/1243 1234/1234 1233/1233
f 1239/1239 1238/1238 1244/1244
f 1244/1244 1245/1245 1239/1239
f 1241/1241 1233/1233 1232/1232
f 1232/1232 1246/1246 1241/1241
f 1247/1247 1178/1178 1181/1181
f 1181/1181 1248/1248 1247/1247
f 1180/1180 1179/1179 1197/1197
f 1197/1197 1196/1196 1180/1180
f 1182/1182 1249/1249 1198/1198
f 1198/1198 1196/1196 1182/1182
f 1250/1250 1210/1210 1213/1213
f 1213/1213 1216/1216 1250/1250
f 1172/1172 1249/1249 1182/1182
f 1182/1182 1185/1185 1172/1172
f 1193/1193 1173/1173 1251/1251
f 1251/1251 1252/1252 1193/1193
f 1183/1183 1197/1197 1253/1253
f 1253/1253 1254/1254 1183/1183
f 1251/1251 1190/1190 1189/1189
f 1189/1189 1252/1252 1251/1251
f 1255/1255 1256/1256 1179/1179
f 1179/1179 1178/1178 1255/1255
f 1100/1100 1159/1159 1257/1257
f 1257/1257 1258/1258 1100/1100
f 1259/1259 1260/1260 1261/1261
f 1261/1261 1262/1262 1259/1259
f 1167/1167 1143/1143 1101/1101
f 1263/1263 1119/1119 1118/1118
f 1118/1118 1261/1261 1263/1263
f 1173/1173 1172/1172 1185/1185
f 1185/1185 1251/1251 1173/1173
f 1264/1264 1265/1265 1266/1266
f 1266/1266 1263/1263 1264/1264
f 1119/1119 1266/1266 1267/1267
f 1267/1267 1120/1120 1119/1119
f 1268/1268 1262/1262 1118/1118
f 1118/1118 1121/1121 1268/1268
f 1260/1260 1264/1264 1263/1263
f 1263/1263 1261/1261 1260/1260
f 1269/1269 1121/1121 1120/1120
f 1198/1198 1194/1194 1186/1186
f 1207/1207 1245/1245 1244/1244
f 1243/1243 1240/1240 1270/1270
f 1190/1190 1185/1185 1184/1184
f 1254/1254 1184/1184 1183/1183
f 1191/1191 1271/1271 1272/1272
f 1187/1187 1195/1195 1273/1273
f 1169/1169 1112/1112 1109/1109
f 1274/1274 1257/1257 1159/1159
f 1177/1177 1168/1168 1126/1126
f 1099/1099 1157/1157 1100/1100
f 1103/1103 1275/1275 1104/1104
f 1276/1276 1139/1139 1270/1270
f 1211/1211 1096/1096 1117/1117
f 1144/1144 1143/1143 1166/1166
f 1129/1129 1277/1277 1176/1176
f 1109/1109 1167/1167 1163/1163
f 1170/1170 1164/1164 1167/1167
f 1101/1101 1163/1163 1167/1167
f 1101/1101 1115/1115 1163/1163
f 1101/1101 1143/1143 1102/1102
f 1110/1110 1278/1278 1279/1279
f 1280/1280 1281/1281 1269/1269
f 1269/1269 1281/1281 1282/1282
f 1278/1278 1283/1283 1279/1279
f 1270/1270 1139/1139 1150/1150
f 1125/1125 1284/1284 1122/1122
f 1122/1122 1284/1284 1135/1135
f 1130/1130 1133/1133 1285/1285
f 1136/1136 1285/1285 1286/1286
f 1128/1128 1277/1277 1129/1129
f 1097/1097 1201/1201 1103/1103
f 1259/1259 1262/1262 1275/1275
f 1158/1158 1274/1274 1159/1159
f 1279/1279 1283/1283 1287/1287
f 1287/1287 1110/1110 1279/1279
f 1201/1201 1097/1097 1096/1096
f 1275/1275 1103/1103 1288/1288
f 1211/1211 1117/1117 1139/1139
f 1275/1275 1262/1262 1104/1104
f 1110/1110 1287/1287 1111/1111
f 1113/1113 1278/1278 1110/1110
f 1133/1133 1286/1286 1285/1285
f 1136/1136 1130/1130 1285/1285
f 1141/1141 1160/1160 1142/1142
f 1147/1147 1146/1146 1289/1289
f 1154/1154 1153/1153 1290/1290
f 1155/1155 1290/1290 1291/1291
f 1161/1161 1289/1289 1146/1146
f 1153/1153 1291/1291 1290/1290
f 1155/1155 1154/1154 1290/1290
f 1100/1100 1258/1258 1114/1114
f 1142/1142 1148/1148 1145/1145
f 1201/1201 1096/1096 1202/1202
f 1127/1127 1126/1126 1162/1162
f 1163/1163 1169/1169 1109/1109
f 1256/1256 1253/1253 1197/1197
f 1247/1247 1255/1255 1178/1178
f 1292/1292 1273/1273 1195/1195
f 1293/1293 1294/1294 1198/1198
f 1108/1108 1295/1295 1170/1170
f 1109/1109 1170/1170 1167/1167
f 1108/1108 1170/1170 1109/1109
f 1165/1165 1296/1296 1166/1166
f 1166/1166 1296/1296 1297/1297
f 1166/1166 1297/1297 1144/1144
f 1211/1211 1202/1202 1096/1096
f 1204/1204 1298/1298 1205/1205
f 1228/1228 1230/1230 1275/1275
f 1288/1288 1228/1228 1275/1275
f 1214/1214 1299/1299 1215/1215
f 1217/1217 1298/1298 1204/1204
f 1201/1201 1228/1228 1288/1288
f 1201/1201 1288/1288 1103/1103
f 1293/1293 1172/1172 1300/1300
f 1221/1221 1301/1301 1222/1222
f 1224/1224 1302/1302 1225/1225
f 1231/1231 1301/1301 1221/1221
f 1201/1201 1229/1229 1228/1228
f 1200/1200 1229/1229 1201/1201
f 1235/1235 1303/1303 1232/1232
f 1236/1236 1304/1304 1237/1237
f 1232/1232 1303/1303 1246/1246
f 1240/1240 1242/1242 1211/1211
f 1211/1211 1242/1242 1212/1212
f 1191/1191 1184/1184 1271/1271
f 1188/1188 1191/1191 1272/1272
f 1271/1271 1184/1184 1254/1254
f 1293/1293 1198/1198 1249/1249
f 1293/1293 1249/1249 1172/1172
f 1181/1181 1305/1305 1248/1248
f 1211/1211 1139/1139 1276/1276
f 1211/1211 1276/1276 1240/1240
f 1207/1207 1210/1210 1250/1250
f 1181/1181 1187/1187 1273/1273
f 1230/1230 1259/1259 1275/1275
f 1190/1190 1251/1251 1185/1185
f 1273/1273 1305/1305 1181/1181
f 1191/1191 1190/1190 1184/1184
f 1179/1179 1256/1256 1197/1197
f 1306/1306 1255/1255 1247/1247
f 1294/1294 1194/1194 1198/1198
f 1259/1259 1307/1307 1260/1260
f 1172/1172 1175/1175 1300/1300
f 1307/1307 1259/1259 1230/1230
f 1263/1263 1266/1266 1119/1119
f 1120/1120 1280/1280 1269/1269
f 1269/1269 1282/1282 1121/1121
f 1118/1118 1262/1262 1261/1261
f 1120/1120 1267/1267 1280/1280
f 1282/1282 1268/1268 1121/1121
f 1307/1307 1308/1308 1260/1260
f 1308/1308 1309/1309 1264/1264
f 1309/1309 1265/1265 1264/1264
f 1308/1308 1264/1264 1260/1260
f 1240/1240 1276/1276 1270/1270
f 1207/1207 1250/1250 1245/1245
f 1170/1170 1295/1295 1171/1171
f 1095/1095 1098/1098 1132/1132
f 1095/1095 1131/1131 1137/1137
f 1167/1167 1166/1166 1143/1143
f 1310/1310 1311/1311 1312/1312
f 1312/1312 1313/1313 1310/1310
f 1271/1271 1314/1314 1315/1315
f 1315/1315 1272/1272 1271/1271
f 1316/1316 1314/1314 1317/1317
f 1317/1317 1318/1318 1316/1316
f 1319/1319 1320/1320 1256/1256
f 1256/1256 1255/1255 1319/1319
f 1254/1254 1317/1317 1314/1314
f 1314/1314 1271/1271 1254/1254
f 1321/1321 1315/1315 1314/1314
f 1314/1314 1316/1316 1321/1321
f 1322/1322 1320/1320 1319/1319
f 1319/1319 1323/1323 1322/1322
f 1312/1312 1311/1311 1324/1324
f 1324/1324 1325/1325 1312/1312
f 1313/1313 1312/1312 1326/1326
f 1326/1326 1327/1327 1313/1313
f 1328/1328 1329/1329 1326/1326
f 1326/1326 1330/1330 1328/1328
f 1326/1326 1312/1312 1325/1325
f 1325/1325 1330/1330 1326/1326
f 1326/1326 1329/1329 1327/1327
f 1331/1331 1332/1332 1333/1333
f 1333/1333 1334/1334 1331/1331
f 1335/1335 1336/1336 1337/1337
f 1337/1337 1321/1321 1335/1335
f 1338/1338 1332/1332 1331/1331
f 1331/1331 1323/1323 1338/1338
f 1331/1331 1324/1324 1322/1322
f 1322/1322 1323/1323 1331/1331
f 1339/1339 1340/1340 1341/1341
f 1342/1342 1341/1341 1340/1340
f 1340/1340 1335/1335 1342/1342
f 1313/1313 1327/1327 1339/1339
f 1339/1339 1341/1341 1313/1313
f 1310/1310 1313/1313 1341/1341
f 1341/1341 1342/1342 1310/1310
f 1343/1343 1344/1344 1330/1330
f 1331/1331 1334/1334 1324/1324
f 1345/1345 1254/1254 1253/1253
f 1345/1345 1253/1253 1320/1320
f 1327/1327 1346/1346 1339/1339
f 1318/1318 1347/1347 1311/1311
f 1347/1347 1322/1322 1324/1324
f 1340/1340 1336/1336 1335/1335
f 1325/1325 1343/1343 1330/1330
f 1325/1325 1324/1324 1343/1343
f 1324/1324 1334/1334 1343/1343
f 1334/1334 1344/1344 1343/1343
f 1306/1306 1338/1338 1319/1319
f 1319/1319 1338/1338 1323/1323
f 1347/1347 1317/1317 1345/1345
f 1317/1317 1254/1254 1345/1345
f 1322/1322 1345/1345 1320/1320
f 1347/1347 1345/1345 1322/1322
f 1317/1317 1347/1347 1318/1318
f 1311/1311 1347/1347 1324/1324
f 1320/1320 1253/1253 1256/1256
f 1319/1319 1255/1255 1306/1306
f 1311/1311 1310/1310 1318/1318
f 1318/1318 1342/1342 1316/1316
f 1316/1316 1342/1342 1335/1335
f 1321/1321 1316/1316 1335/1335
f 1346/1346 1348/1348 1339/1339
f 1318/1318 1310/1310 1342/1342
f 1339/1339 1348/1348 1340/1340
f 1329/1329 1346/1346 1327/1327
f 1349/1349 1350/1350 1351/1351
f 1351/1351 1352/1352 1349/1349
f 1353/1353 1354/1354 1355/1355
f 1355/1355 1356/1356 1353/1353
f 1357/1357 1358/1358 1359/1359
f 1359/1359 1360/1360 1357/1357
f 1361/1361 1362/1362 1363/1363
f 1363/1363 1352/1352 1361/1361
f 1354/1354 1353/1353 1357/1357
f 1357/1357 1364/1364 1354/1354
f 1365/1365 1366/1366 1359/1359
f 1359/1359 1358/1358 1365/1365
f 1367/1367 1368/1368 663/663
f 1369/1369 1370/1370 667/667
f 667/667 666/666 1369/1369
f 1371/1371 671/671 670/670
f 670/670 1368/1368 1371/1371
f 1372/1372 1373/1373 1374/1374
f 1374/1374 1375/1375 1372/1372
f 1376/1376 678/678 1371/1371
f 1371/1371 1377/1377 1376/1376
f 679/679 1378/1378 1379/1379
f 1379/1379 680/680 679/679
f 1378/1378 679/679 684/684
f 684/684 1380/1380 1378/1378
f 1381/1381 688/688 1382/1382
f 1382/1382 1383/1383 1381/1381
f 689/689 1384/1384 1385/1385
f 1385/1385 690/690 689/689
f 693/693 1386/1386 1387/1387
f 1387/1387 694/694 693/693
f 1387/1387 1379/1379 697/697
f 697/697 694/694 1387/1387
f 698/698 700/700 1384/1384
f 1384/1384 1388/1388 698/698
f 701/701 1389/1389 1390/1390
f 1390/1390 702/702 701/701
f 705/705 697/697 1379/1379
f 1379/1379 1378/1378 705/705
f 706/706 707/707 1387/1387
f 1387/1387 1386/1386 706/706
f 707/707 680/680 1379/1379
f 1379/1379 1387/1387 707/707
f 708/708 1388/1388 1384/1384
f 1384/1384 689/689 708/708
f 709/709 1385/1385 1384/1384
f 1384/1384 700/700 709/709
f 1391/1391 1369/1369 666/666
f 666/666 1392/1392 1391/1391
f 1393/1393 1394/1394 1369/1369
f 1369/1369 1391/1391 1393/1393
f 1377/1377 1371/1371 1395/1395
f 1395/1395 1396/1396 1377/1377
f 1397/1397 1398/1398 1399/1399
f 1399/1399 1400/1400 1397/1397
f 1401/1401 1395/1395 1371/1371
f 1371/1371 1368/1368 1401/1401
f 1402/1402 1403/1403 1404/1404
f 1404/1404 1405/1405 1402/1402
f 1403/1403 1406/1406 1407/1407
f 1407/1407 1408/1408 1403/1403
f 1397/1397 1409/1409 1410/1410
f 1410/1410 1398/1398 1397/1397
f 1411/1411 1412/1412 1413/1413
f 1413/1413 1414/1414 1411/1411
f 1415/1415 1416/1416 736/736
f 736/736 735/735 1415/1415
f 1415/1415 1411/1411 1417/1417
f 1417/1417 1416/1416 1415/1415
f 739/739 742/742 1418/1418
f 1418/1418 1419/1419 739/739
f 743/743 746/746 1420/1420
f 1420/1420 1421/1421 743/743
f 747/747 739/739 1419/1419
f 1419/1419 1422/1422 747/747
f 1423/1423 751/751 750/750
f 750/750 1413/1413 1423/1423
f 1424/1424 1425/1425 1426/1426
f 1426/1426 1427/1427 1424/1424
f 1428/1428 759/759 758/758
f 758/758 1429/1429 1428/1428
f 760/760 763/763 1430/1430
f 1430/1430 1431/1431 760/760
f 763/763 765/765 1432/1432
f 1432/1432 1430/1430 763/763
f 1422/1422 1433/1433 766/766
f 766/766 747/747 1422/1422
f 1430/1430 1428/1428 1429/1429
f 1429/1429 1431/1431 1430/1430
f 735/735 768/768 1427/1427
f 1427/1427 1415/1415 735/735
f 1418/1418 742/742 736/736
f 736/736 1416/1416 1418/1418
f 1429/1429 758/758 770/770
f 770/770 1434/1434 1429/1429
f 1431/1431 1435/1435 771/771
f 771/771 760/760 1431/1431
f 1431/1431 1429/1429 1434/1434
f 1434/1434 1435/1435 1431/1431
f 1436/1436 776/776 775/775
f 775/775 1437/1437 1436/1436
f 777/777 1438/1438 1439/1439
f 1439/1439 778/778 777/777
f 1438/1438 1436/1436 1437/1437
f 1437/1437 1439/1439 1438/1438
f 1434/1434 770/770 776/776
f 776/776 1436/1436 1434/1434
f 777/777 771/771 1435/1435
f 1435/1435 1438/1438 777/777
f 1435/1435 1434/1434 1436/1436
f 1436/1436 1438/1438 1435/1435
f 1437/1437 775/775 782/782
f 782/782 1440/1440 1437/1437
f 783/783 778/778 1439/1439
f 1439/1439 1440/1440 783/783
f 784/784 1441/1441 1442/1442
f 1442/1442 785/785 784/784
f 788/788 1443/1443 1441/1441
f 1441/1441 784/784 788/788
f 790/790 1444/1444 1443/1443
f 1443/1443 788/788 790/790
f 792/792 1445/1445 1444/1444
f 1444/1444 790/790 792/792
f 1418/1418 1446/1446 1442/1442
f 1442/1442 1419/1419 1418/1418
f 1423/1423 1413/1413 1412/1412
f 1412/1412 1425/1425 1423/1423
f 1413/1413 750/750 795/795
f 795/795 1414/1414 1413/1413
f 1415/1415 1427/1427 1426/1426
f 1426/1426 1411/1411 1415/1415
f 1427/1427 768/768 796/796
f 796/796 1424/1424 1427/1427
f 797/797 1446/1446 1447/1447
f 1447/1447 798/798 797/797
f 1433/1433 1420/1420 746/746
f 746/746 766/766 1433/1433
f 1446/1446 797/797 785/785
f 785/785 1442/1442 1446/1446
f 1447/1447 1417/1417 1411/1411
f 1411/1411 1414/1414 1447/1447
f 1414/1414 795/795 798/798
f 798/798 1447/1447 1414/1414
f 1422/1422 1441/1441 1443/1443
f 1443/1443 1433/1433 1422/1422
f 1433/1433 1443/1443 1444/1444
f 1444/1444 1420/1420 1433/1433
f 1420/1420 1444/1444 1445/1445
f 1445/1445 1421/1421 1420/1420
f 1428/1428 1430/1430 1432/1432
f 1432/1432 1448/1448 1428/1428
f 1448/1448 801/801 759/759
f 759/759 1428/1428 1448/1448
f 1441/1441 1422/1422 1419/1419
f 1419/1419 1442/1442 1441/1441
f 1447/1447 1446/1446 1418/1418
f 1418/1418 1417/1417 1447/1447
f 1449/1449 1450/1450 802/802
f 802/802 805/805 1449/1449
f 806/806 1451/1451 1449/1449
f 1449/1449 805/805 806/806
f 1452/1452 1453/1453 1367/1367
f 1454/1454 813/813 812/812
f 812/812 1455/1455 1454/1454
f 1456/1456 1391/1391 1392/1392
f 1392/1392 815/815 1456/1456
f 1457/1457 1393/1393 1391/1391
f 1391/1391 1456/1456 1457/1457
f 1458/1458 1373/1373 1372/1372
f 1372/1372 1459/1459 1458/1458
f 1460/1460 1370/1370 1369/1369
f 1369/1369 1394/1394 1460/1460
f 708/708 821/821 1461/1461
f 1461/1461 1388/1388 708/708
f 698/698 1388/1388 1461/1461
f 1461/1461 822/822 698/698
f 1403/1403 1462/1462 1463/1463
f 1463/1463 1404/1404 1403/1403
f 1464/1464 1465/1465 1405/1405
f 1405/1405 1404/1404 1464/1464
f 1399/1399 1398/1398 1466/1466
f 1466/1466 1467/1467 1399/1399
f 1468/1468 1469/1469 1470/1470
f 1466/1466 1398/1398 1410/1410
f 1410/1410 1471/1471 1466/1466
f 1472/1472 1473/1473 835/835
f 835/835 1474/1474 1472/1472
f 1472/1472 1474/1474 838/838
f 838/838 837/837 1472/1472
f 1475/1475 842/842 841/841
f 841/841 1476/1476 1475/1475
f 1477/1477 1478/1478 845/845
f 845/845 844/844 1477/1477
f 1478/1478 847/847 842/842
f 842/842 1475/1475 1478/1478
f 1475/1475 1476/1476 849/849
f 849/849 848/848 1475/1475
f 1478/1478 1475/1475 848/848
f 848/848 845/845 1478/1478
f 1477/1477 850/850 847/847
f 847/847 1478/1478 1477/1477
f 1479/1479 1464/1464 1404/1404
f 1404/1404 1463/1463 1479/1479
f 1373/1373 1480/1480 1481/1481
f 1481/1481 1374/1374 1373/1373
f 1372/1372 1482/1482 1483/1483
f 1483/1483 1459/1459 1372/1372
f 1482/1482 1372/1372 1375/1375
f 1375/1375 1484/1484 1482/1482
f 1484/1484 1375/1375 1485/1485
f 1485/1485 1486/1486 1484/1484
f 1483/1483 1487/1487 1459/1459
f 1459/1459 1488/1488 1489/1489
f 1489/1489 1458/1458 1459/1459
f 1460/1460 1489/1489 1488/1488
f 1488/1488 1370/1370 1460/1460
f 1490/1490 1491/1491 1492/1492
f 1492/1492 1493/1493 1490/1490
f 866/866 868/868 1469/1469
f 1469/1469 1494/1494 866/866
f 1495/1495 1496/1496 1497/1497
f 1497/1497 1498/1498 1495/1495
f 1497/1497 1499/1499 1500/1500
f 1500/1500 1498/1498 1497/1497
f 1501/1501 1502/1502 876/876
f 878/878 1503/1503 1501/1501
f 1501/1501 876/876 878/878
f 880/880 1504/1504 1503/1503
f 1503/1503 878/878 880/880
f 1505/1505 1506/1506 1507/1507
f 1507/1507 1508/1508 1505/1505
f 1509/1509 888/888 1510/1510
f 1507/1507 1506/1506 1511/1511
f 1511/1511 1512/1512 1507/1507
f 1513/1513 1514/1514 1515/1515
f 1515/1515 1516/1516 1513/1513
f 1517/1517 898/898 897/897
f 897/897 1518/1518 1517/1517
f 1519/1519 1520/1520 1521/1521
f 1521/1521 1522/1522 1519/1519
f 903/903 905/905 1523/1523
f 1523/1523 1516/1516 903/903
f 1515/1515 906/906 903/903
f 903/903 1516/1516 1515/1515
f 1510/1510 1524/1524 1525/1525
f 1525/1525 1509/1509 1510/1510
f 1513/1513 1516/1516 1526/1526
f 1527/1527 1528/1528 1529/1529
f 1529/1529 1530/1530 1527/1527
f 914/914 1531/1531 1532/1532
f 1532/1532 915/915 914/914
f 1531/1531 919/919 918/918
f 918/918 1532/1532 1531/1531
f 1508/1508 1507/1507 1522/1522
f 1522/1522 1521/1521 1508/1508
f 1533/1533 1534/1534 1535/1535
f 1534/1534 923/923 1502/1502
f 1536/1536 1537/1537 1538/1538
f 1539/1539 1540/1540 1541/1541
f 1542/1542 1529/1529 1528/1528
f 1528/1528 1543/1543 1542/1542
f 1544/1544 1545/1545 1546/1546
f 1546/1546 1547/1547 1544/1544
f 1539/1539 1548/1548 1547/1547
f 1549/1549 1548/1548 1539/1539
f 1539/1539 1541/1541 1549/1549
f 1550/1550 1545/1545 1551/1551
f 1552/1552 1553/1553 1554/1554
f 1554/1554 1555/1555 1552/1552
f 1556/1556 1557/1557 1558/1558
f 1515/1515 1504/1504 880/880
f 880/880 906/906 1515/1515
f 1559/1559 1553/1553 1560/1560
f 1560/1560 1561/1561 1559/1559
f 1558/1558 1562/1562 1563/1563
f 1563/1563 1556/1556 1558/1558
f 1562/1562 1552/1552 1557/1557
f 1557/1557 1563/1563 1562/1562
f 1541/1541 1564/1564 1565/1565
f 1565/1565 1549/1549 1541/1541
f 1566/1566 1567/1567 1501/1501
f 1501/1501 1503/1503 1566/1566
f 1504/1504 1514/1514 1566/1566
f 1566/1566 1503/1503 1504/1504
f 1513/1513 1568/1568 1569/1569
f 1569/1569 1514/1514 1513/1513
f 1570/1570 1571/1571 1572/1572
f 1572/1572 1573/1573 1570/1570
f 1554/1554 1560/1560 1555/1555
f 1574/1574 1575/1575 1562/1562
f 1562/1562 1576/1576 1574/1574
f 1576/1576 1562/1562 1577/1577
f 1577/1577 1578/1578 1576/1576
f 1578/1578 1577/1577 1575/1575
f 1575/1575 1574/1574 1578/1578
f 967/967 968/968 1508/1508
f 1508/1508 1521/1521 967/967
f 1579/1579 1551/1551 1580/1580
f 1581/1581 1582/1582 1530/1530
f 1530/1530 1529/1529 1581/1581
f 1553/1553 1559/1559 1583/1583
f 1583/1583 1554/1554 1553/1553
f 1553/1553 1552/1552 1584/1584
f 1584/1584 1560/1560 1553/1553
f 1583/1583 1561/1561 1560/1560
f 1560/1560 1554/1554 1583/1583
f 1529/1529 1542/1542 1585/1585
f 1585/1585 1581/1581 1529/1529
f 1361/1361 1586/1586 1587/1587
f 1353/1353 1356/1356 1588/1588
f 1363/1363 1362/1362 1589/1589
f 1354/1354 1364/1364 1590/1590
f 1588/1588 1591/1591 1353/1353
f 1352/1352 1351/1351 1586/1586
f 1359/1359 1366/1366 1592/1592
f 1349/1349 1593/1593 1350/1350
f 1354/1354 1590/1590 1355/1355
f 1359/1359 1592/1592 1360/1360
f 1361/1361 1352/1352 1586/1586
f 1390/1390 1594/1594 702/702
f 985/985 987/987 1595/1595
f 988/988 1477/1477 844/844
f 1484/1484 989/989 1482/1482
f 1596/1596 1377/1377 1396/1396
f 1597/1597 1598/1598 1599/1599
f 1600/1600 1389/1389 1601/1601
f 1485/1485 1602/1602 1495/1495
f 1469/1469 1468/1468 1494/1494
f 997/997 838/838 1474/1474
f 1597/1597 998/998 1454/1454
f 1598/1598 1455/1455 1603/1603
f 1455/1455 1598/1598 1454/1454
f 1604/1604 1605/1605 1606/1606
f 1607/1607 1602/1602 1608/1608
f 1609/1609 1610/1610 1611/1611
f 1611/1611 1612/1612 1609/1609
f 1611/1611 1613/1613 1390/1390
f 688/688 1381/1381 1367/1367
f 1010/1010 1486/1486 1011/1011
f 1495/1495 1498/1498 1468/1468
f 1614/1614 1381/1381 1615/1615
f 1496/1496 1602/1602 1452/1452
f 1600/1600 1390/1390 1389/1389
f 1616/1616 1460/1460 1394/1394
f 1608/1608 1485/1485 1375/1375
f 1617/1617 1460/1460 1616/1616
f 1452/1452 1367/1367 1381/1381
f 1390/1390 1600/1600 1612/1612
f 1618/1618 1619/1619 1620/1620
f 1610/1610 1603/1603 1455/1455
f 1621/1621 1458/1458 1489/1489
f 1610/1610 1455/1455 1611/1611
f 1611/1611 1390/1390 1612/1612
f 688/688 1367/1367 663/663
f 1612/1612 1619/1619 1618/1618
f 1602/1602 1485/1485 1608/1608
f 1383/1383 1615/1615 1381/1381
f 1454/1454 998/998 813/813
f 1386/1386 693/693 1020/1020
f 1386/1386 1020/1020 706/706
f 1378/1378 1380/1380 705/705
f 1622/1622 1623/1623 1463/1463
f 1600/1600 1490/1490 1619/1619
f 1490/1490 1600/1600 1491/1491
f 1612/1612 1600/1600 1619/1619
f 1466/1466 1471/1471 1624/1624
f 1401/1401 1368/1368 1453/1453
f 1403/1403 1402/1402 1406/1406
f 1464/1464 1625/1625 1626/1626
f 1614/1614 1452/1452 1381/1381
f 1607/1607 1627/1627 1628/1628
f 1608/1608 1481/1481 1607/1607
f 1464/1464 1479/1479 1625/1625
f 1500/1500 1468/1468 1498/1498
f 1500/1500 1494/1494 1468/1468
f 1608/1608 1374/1374 1481/1481
f 1620/1620 1619/1619 1629/1629
f 1490/1490 1629/1629 1619/1619
f 1452/1452 1602/1602 1607/1607
f 1416/1416 1417/1417 1418/1418
f 1437/1437 1440/1440 1439/1439
f 1630/1630 1451/1451 1030/1030
f 1450/1450 1631/1631 1632/1632
f 1631/1631 1450/1450 1449/1449
f 1033/1033 802/802 1450/1450
f 1030/1030 1451/1451 806/806
f 1632/1632 1451/1451 1633/1633
f 1630/1630 1450/1450 1633/1633
f 1449/1449 1451/1451 1631/1631
f 1633/1633 1451/1451 1630/1630
f 1033/1033 1450/1450 1630/1630
f 1633/1633 1450/1450 1632/1632
f 1631/1631 1451/1451 1632/1632
f 1468/1468 1470/1470 1495/1495
f 1614/1614 1496/1496 1452/1452
f 1452/1452 1607/1607 1628/1628
f 1621/1621 1489/1489 1617/1617
f 1624/1624 1467/1467 1466/1466
f 1408/1408 1462/1462 1403/1403
f 1634/1634 1597/1597 1599/1599
f 1598/1598 1597/1597 1454/1454
f 1599/1599 1598/1598 1603/1603
f 821/821 1036/1036 1461/1461
f 1461/1461 1036/1036 822/822
f 1594/1594 1613/1613 1635/1635
f 1613/1613 1611/1611 1455/1455
f 1613/1613 1594/1594 1390/1390
f 1613/1613 1455/1455 812/812
f 1613/1613 812/812 1635/1635
f 835/835 997/997 1474/1474
f 1596/1596 1389/1389 1595/1595
f 1377/1377 1596/1596 1595/1595
f 1389/1389 701/701 1595/1595
f 1477/1477 988/988 850/850
f 1636/1636 1040/1040 1039/1039
f 1636/1636 1041/1041 1040/1040
f 1623/1623 1479/1479 1463/1463
f 1462/1462 1622/1622 1463/1463
f 1612/1612 1618/1618 1609/1609
f 678/678 671/671 1371/1371
f 987/987 1377/1377 1595/1595
f 1458/1458 1480/1480 1373/1373
f 1458/1458 1637/1637 1480/1480
f 1621/1621 1637/1637 1458/1458
f 1608/1608 1375/1375 1374/1374
f 1486/1486 1470/1470 1011/1011
f 701/701 1043/1043 1595/1595
f 1605/1605 1638/1638 1493/1493
f 1638/1638 1629/1629 1490/1490
f 1591/1591 1358/1358 1357/1357
f 1358/1358 1591/1591 1365/1365
f 1357/1357 1353/1353 1591/1591
f 1482/1482 989/989 1483/1483
f 1045/1045 1487/1487 1483/1483
f 1486/1486 1485/1485 1470/1470
f 1484/1484 1486/1486 1010/1010
f 1484/1484 1010/1010 1046/1046
f 1484/1484 1046/1046 989/989
f 1487/1487 667/667 1370/1370
f 1483/1483 989/989 1045/1045
f 1045/1045 667/667 1487/1487
f 1639/1639 1626/1626 1640/1640
f 1626/1626 1625/1625 1640/1640
f 1641/1641 1642/1642 1643/1643
f 1396/1396 1644/1644 1596/1596
f 1644/1644 1601/1601 1596/1596
f 1644/1644 1645/1645 1601/1601
f 1601/1601 1646/1646 1600/1600
f 1389/1389 1596/1596 1601/1601
f 987/987 1376/1376 1377/1377
f 1645/1645 1646/1646 1601/1601
f 1492/1492 1605/1605 1493/1493
f 1647/1647 1643/1643 1642/1642
f 1642/1642 1641/1641 1648/1648
f 1464/1464 1626/1626 1465/1465
f 1409/1409 1649/1649 1410/1410
f 1606/1606 1605/1605 1492/1492
f 1648/1648 1650/1650 1651/1651
f 1638/1638 1490/1490 1493/1493
f 1641/1641 1652/1652 1648/1648
f 1652/1652 1650/1650 1648/1648
f 1485/1485 1495/1495 1470/1470
f 1469/1469 868/868 1011/1011
f 1496/1496 1614/1614 1497/1497
f 1497/1497 1615/1615 1499/1499
f 1497/1497 1614/1614 1615/1615
f 1602/1602 1496/1496 1495/1495
f 1627/1627 1453/1453 1628/1628
f 1628/1628 1453/1453 1452/1452
f 1061/1061 1573/1573 1505/1505
f 1536/1536 1653/1653 1654/1654
f 923/923 1534/1534 1655/1655
f 1655/1655 1064/1064 923/923
f 1656/1656 1519/1519 1657/1657
f 1564/1564 1506/1506 1565/1565
f 1656/1656 1068/1068 1520/1520
f 1069/1069 1505/1505 1508/1508
f 1069/1069 1508/1508 968/968
f 1070/1070 1064/1064 1655/1655
f 1502/1502 1501/1501 1534/1534
f 1580/1580 1653/1653 1579/1579
f 1580/1580 1526/1526 1517/1517
f 1523/1523 905/905 898/898
f 1505/1505 1658/1658 1506/1506
f 1512/1512 1519/1519 1522/1522
f 1522/1522 1507/1507 1512/1512
f 1571/1571 1548/1548 1549/1549
f 1659/1659 1551/1551 1545/1545
f 1660/1660 1661/1661 1511/1511
f 1662/1662 1663/1663 1537/1537
f 1664/1664 1525/1525 1524/1524
f 1078/1078 1665/1665 1079/1079
f 1533/1533 1571/1571 1570/1570
f 1524/1524 1666/1666 1664/1664
f 1580/1580 1568/1568 1526/1526
f 1517/1517 1523/1523 898/898
f 1526/1526 1523/1523 1517/1517
f 1528/1528 1667/1667 1543/1543
f 1527/1527 1667/1667 1528/1528
f 1541/1541 1540/1540 1660/1660
f 1568/1568 1659/1659 1569/1569
f 1535/1535 1544/1544 1533/1533
f 1668/1668 1657/1657 1512/1512
f 1079/1079 1665/1665 918/918
f 1571/1571 1549/1549 1658/1658
f 1669/1669 1658/1658 1505/1505
f 1574/1574 1576/1576 1670/1670
f 1086/1086 1521/1521 1520/1520
f 1087/1087 1531/1531 914/914
f 1087/1087 919/919 1531/1531
f 1659/1659 1568/1568 1551/1551
f 1513/1513 1526/1526 1568/1568
f 1561/1561 1583/1583 1671/1671
f 1576/1576 1578/1578 1670/1670
f 1578/1578 1574/1574 1670/1670
f 1538/1538 1663/1663 1579/1579
f 1518/1518 1654/1654 1517/1517
f 1672/1672 1663/1663 1662/1662
f 1661/1661 1672/1672 1662/1662
f 1538/1538 1653/1653 1536/1536
f 1657/1657 1666/1666 1524/1524
f 1546/1546 1672/1672 1539/1539
f 1658/1658 1549/1549 1565/1565
f 1658/1658 1565/1565 1506/1506
f 1660/1660 1511/1511 1564/1564
f 1564/1564 1541/1541 1660/1660
f 1533/1533 1548/1548 1571/1571
f 1539/1539 1547/1547 1546/1546
f 1544/1544 1547/1547 1533/1533
f 1663/1663 1550/1550 1579/1579
f 1672/1672 1550/1550 1663/1663
f 1519/1519 1656/1656 1520/1520
f 1540/1540 1661/1661 1660/1660
f 1672/1672 1661/1661 1540/1540
f 1511/1511 1661/1661 1662/1662
f 1504/1504 1515/1515 1514/1514
f 1551/1551 1568/1568 1580/1580
f 1511/1511 1506/1506 1564/1564
f 1654/1654 1580/1580 1517/1517
f 1061/1061 1505/1505 1069/1069
f 1669/1669 1572/1572 1571/1571
f 1571/1571 1658/1658 1669/1669
f 1671/1671 1583/1583 1559/1559
f 1671/1671 1559/1559 1561/1561
f 1673/1673 1557/1557 1556/1556
f 1673/1673 1556/1556 1563/1563
f 1673/1673 1563/1563 1557/1557
f 1512/1512 1657/1657 1519/1519
f 1524/1524 1510/1510 1657/1657
f 1510/1510 1656/1656 1657/1657
f 1510/1510 1068/1068 1656/1656
f 1666/1666 1668/1668 1662/1662
f 1550/1550 1672/1672 1546/1546
f 1664/1664 1666/1666 1662/1662
f 1511/1511 1668/1668 1512/1512
f 1511/1511 1662/1662 1668/1668
f 1573/1573 1061/1061 1091/1091
f 1653/1653 1580/1580 1654/1654
f 1582/1582 1581/1581 1674/1674
f 1581/1581 1585/1585 1674/1674
f 1557/1557 1552/1552 1558/1558
f 1668/1668 1666/1666 1657/1657
f 1655/1655 1675/1675 1070/1070
f 1655/1655 1534/1534 1675/1675
f 923/923 1094/1094 1502/1502
f 1501/1501 1535/1535 1534/1534
f 1501/1501 1567/1567 1535/1535
f 888/888 1068/1068 1510/1510
f 1550/1550 1546/1546 1545/1545
f 1579/1579 1550/1550 1551/1551
f 1536/1536 1664/1664 1537/1537
f 1560/1560 1584/1584 1555/1555
f 1533/1533 1675/1675 1534/1534
f 1502/1502 1094/1094 876/876
f 1539/1539 1672/1672 1540/1540
f 1548/1548 1533/1533 1547/1547
f 1091/1091 1070/1070 1675/1675
f 1675/1675 1573/1573 1091/1091
f 1573/1573 1675/1675 1570/1570
f 1570/1570 1675/1675 1533/1533
f 1505/1505 1573/1573 1669/1669
f 1669/1669 1573/1573 1572/1572
f 1516/1516 1523/1523 1526/1526
f 1469/1469 1011/1011 1470/1470
f 1488/1488 1487/1487 1370/1370
f 1368/1368 670/670 663/663
f 1453/1453 1368/1368 1367/1367
f 1460/1460 1617/1617 1489/1489
f 1487/1487 1488/1488 1459/1459
f 1344/1344 1328/1328 1330/1330

g hai_yuren
v -65.545560 -17.486950 56.807660
v -61.893490 -22.676090 68.997140
v -77.436580 -19.478750 68.975740
v -71.875680 -16.945580 56.009610
v -59.193220 -31.643350 79.999470
v -85.730110 -24.146520 83.195040
v -104.341700 -36.244820 103.329500
v -54.449930 -44.993610 90.501240
v -85.450890 1.297685 63.377030
v -78.433440 -3.896482 53.918560
v -78.077870 -10.324330 55.417310
v -82.493290 -14.259370 68.563370
v -94.953600 9.255002 73.269600
v -89.258910 -20.363310 81.840500
v -104.341700 -36.244830 103.329500
v -106.542700 20.054060 81.860980
v -54.110970 -26.013290 23.675190
v -44.623600 -22.613700 29.490310
v -46.167760 -22.513560 37.336130
v -55.290010 -26.268100 26.835340
v -50.543420 -20.235350 45.647580
v -55.353090 -22.664060 39.002050
v -66.317680 -23.522690 24.505120
v -68.519580 -20.169530 38.587170
v -69.912170 -21.547520 24.051040
v -76.718280 -12.037720 23.524070
v -77.958100 -10.776860 37.672940
v -78.307370 -9.913444 24.255370
v -17.039930 -25.353320 124.319000
v -40.019210 -4.957712 141.710700
v -30.410900 -11.887130 111.194300
v -17.922190 -25.218830 114.239500
v -7.766127 -34.681930 111.536800
v -11.252990 -30.222520 117.697100
v -22.000870 -17.892290 92.457290
v -15.516990 -24.663150 102.148400
v -17.270660 -25.219150 111.697400
v -30.410900 -11.887130 111.194300
v -7.954221 -34.512790 109.072700
v 65.545560 -17.486940 56.807650
v 71.875670 -16.945570 56.009600
v 77.436580 -19.478740 68.975740
v 61.893500 -22.676100 68.997140
v 85.730120 -24.146520 83.195020
v 59.193220 -31.643360 79.999470
v 104.341700 -36.244810 103.329500
v 54.449940 -44.993620 90.501230
v 85.450900 1.297688 63.377030
v 82.493290 -14.259360 68.563370
v 78.077870 -10.324320 55.417320
v 78.433440 -3.896476 53.918560
v 94.953610 9.255015 73.269610
v 89.258930 -20.363310 81.840490
v 106.542700 20.054070 81.861000
v 104.341700 -36.244820 103.329500
v 54.110980 -26.013280 23.675180
v 55.290010 -26.268100 26.835330
v 46.167760 -22.513550 37.336120
v 44.623590 -22.613700 29.490300
v 50.543410 -20.235340 45.647570
v 55.353080 -22.664050 39.002040
v 66.317700 -23.522690 24.505120
v 69.912170 -21.547510 24.051040
v 68.519580 -20.169520 38.587170
v 76.718290 -12.037720 23.524060
v 78.307370 -9.913439 24.255370
v 77.958100 -10.776860 37.672940
v 17.039990 -25.353360 124.318900
v 17.922240 -25.218880 114.239500
v 30.411020 -11.887240 111.194300
v 40.019370 -4.957828 141.710700
v 7.766129 -34.681930 111.536800
v 11.253020 -30.222540 117.697100
v 22.000950 -17.892370 92.457280
v 30.411020 -11.887240 111.194300
v 17.270720 -25.219190 111.697400
v 15.517030 -24.663190 102.148400
v 7.954225 -34.512790 109.072700
v 0.000021 -21.484320 125.357400
v 0.000020 -6.834772 132.974500
v 0.000002 6.297495 140.323400
v 0.000000 -15.401090 145.437400
v 0.000000 -4.102840 163.066100
v -0.881336 17.466950 154.311600
v -0.000004 27.513470 167.947600
v 0.000001 9.245218 179.106200
v 0.000006 20.096570 133.319700
v -0.000002 28.589820 138.273600
v 0.000011 12.010420 134.541500
v -0.000003 45.292790 151.376300
v 0.000026 -26.476640 122.347600
v -0.000002 89.544990 170.571700
v -0.000005 63.564170 174.405700
v -0.000003 63.539070 162.254600
v 0.000001 28.515590 194.207700
v -0.000011 34.823780 109.245700
v -0.006528 40.995430 121.198000
v -0.000004 30.057220 119.424600
v 0.000012 62.617020 115.438900
v -0.091558 56.665920 130.612300
v 0.000011 44.510230 111.580600
v -0.183285 50.714810 145.785700
v 0.000010 74.006130 135.402900
v -0.000002 66.851410 156.878500
v 0.000012 84.213650 116.241500
v 0.000010 105.143600 109.644900
v 0.000011 94.019580 139.965000
v 0.000000 38.812840 70.225960
v -0.000001 43.662620 59.160300
v 0.592526 57.862210 76.452960
v 0.000000 43.679450 78.894380
v -0.000017 35.610430 95.063510
v -0.000010 51.644510 94.361980
v 0.000009 46.498710 105.370100
v -0.000015 35.857150 101.516400
v -0.000013 75.167980 92.652210
v -0.000012 33.891940 82.385560
v 0.000011 84.201650 111.439100
v 0.000010 63.408170 109.696700
v 0.000010 105.143600 109.644900
v -0.039361 37.480620 130.815400
v -0.000002 89.544990 170.571700
vt 0.296283 0.653352 0.000000
vt 0.322817 0.675295 0.000000
vt 0.285718 0.695977 0.000000
vt 0.285718 0.657486 0.000000
vt 0.361395 0.702651 0.000000
vt 0.293867 0.737510 0.000000
vt 0.306150 0.810183 0.000000
vt 0.398667 0.728004 0.000000
vt 0.220599 0.696927 0.000000
vt 0.235040 0.666767 0.000000
vt 0.255381 0.666767 0.000000
vt 0.267108 0.701540 0.000000
vt 0.202395 0.727811 0.000000
vt 0.276809 0.741950 0.000000
vt 0.306150 0.810183 0.000000
vt 0.169697 0.758211 0.000000
vt 0.298237 0.563468 0.000000
vt 0.341074 0.569719 0.000000
vt 0.333166 0.592071 0.000000
vt 0.300243 0.572049 0.000000
vt 0.326842 0.610474 0.000000
vt 0.307591 0.599897 0.000000
vt 0.268695 0.575400 0.000000
vt 0.271184 0.614480 0.000000
vt 0.257366 0.584212 0.000000
vt 0.230271 0.593303 0.000000
vt 0.237857 0.623178 0.000000
vt 0.222748 0.602061 0.000000
vt 0.103398 0.909706 0.000000
vt 0.202133 0.984256 0.000000
vt 0.090856 0.984256 0.000000
vt 0.068366 0.922000 0.000000
vt 0.042067 0.880644 0.000000
vt 0.069334 0.892147 0.000000
vt 0.018613 0.984433 0.000000
vt 0.025203 0.944084 0.000000
vt 0.055381 0.927872 0.000000
vt 0.090856 0.984256 0.000000
vt 0.025203 0.889975 0.000000
vt 0.296283 0.653352 0.000000
vt 0.285718 0.657486 0.000000
vt 0.285718 0.695977 0.000000
vt 0.322817 0.675295 0.000000
vt 0.293867 0.737510 0.000000
vt 0.361395 0.702651 0.000000
vt 0.306150 0.810183 0.000000
vt 0.398667 0.728004 0.000000
vt 0.220599 0.696927 0.000000
vt 0.267108 0.701540 0.000000
vt 0.255381 0.666767 0.000000
vt 0.235040 0.666767 0.000000
vt 0.202395 0.727811 0.000000
vt 0.276809 0.741950 0.000000
vt 0.169697 0.758211 0.000000
vt 0.306150 0.810183 0.000000
vt 0.298237 0.563468 0.000000
vt 0.300243 0.572049 0.000000
vt 0.333166 0.592071 0.000000
vt 0.341074 0.569719 0.000000
vt 0.326842 0.610474 0.000000
vt 0.307591 0.599897 0.000000
vt 0.268695 0.575400 0.000000
vt 0.257366 0.584212 0.000000
vt 0.271184 0.614480 0.000000
vt 0.230271 0.593303 0.000000
vt 0.222748 0.602061 0.000000
vt 0.237857 0.623178 0.000000
vt 0.103398 0.909706 0.000000
vt 0.068366 0.922000 0.000000
vt 0.090856 0.984256 0.000000
vt 0.202133 0.984256 0.000000
vt 0.042067 0.880644 0.000000
vt 0.069334 0.892147 0.000000
vt 0.018613 0.984433 0.000000
vt 0.090856 0.984256 0.000000
vt 0.055381 0.927872 0.000000
vt 0.025203 0.944084 0.000000
vt 0.025203 0.889975 0.000000
vt 0.454763 0.742096 0.000000
vt 0.492053 0.709526 0.000000
vt 0.508731 0.669986 0.000000
vt 0.439023 0.683227 0.000000
vt 0.455754 0.620788 0.000000
vt 0.521254 0.615944 0.000000
vt 0.525700 0.563045 0.000000
vt 0.471202 0.563045 0.000000
vt 0.565810 0.694210 0.000000
vt 0.573641 0.657628 0.000000
vt 0.534080 0.681639 0.000000
vt 0.590404 0.599737 0.000000
vt 0.420091 0.753881 0.000000
vt 0.644393 0.441691 0.000000
vt 0.591124 0.490998 0.000000
vt 0.610231 0.525744 0.000000
vt 0.474779 0.513098 0.000000
vt 0.630049 0.716317 0.000000
vt 0.623652 0.677479 0.000000
vt 0.586848 0.694210 0.000000
vt 0.704037 0.630833 0.000000
vt 0.657431 0.618021 0.000000
vt 0.654110 0.690439 0.000000
vt 0.610826 0.605209 0.000000
vt 0.691997 0.553235 0.000000
vt 0.630652 0.531216 0.000000
vt 0.750361 0.571676 0.000000
vt 0.801452 0.514595 0.000000
vt 0.722834 0.478055 0.000000
vt 0.723930 0.836636 0.000000
vt 0.743603 0.865221 0.000000
vt 0.766998 0.793199 0.000000
vt 0.719931 0.793199 0.000000
vt 0.670935 0.754471 0.000000
vt 0.709762 0.730903 0.000000
vt 0.679920 0.705276 0.000000
vt 0.658058 0.740561 0.000000
vt 0.775752 0.694311 0.000000
vt 0.688952 0.795160 0.000000
vt 0.766311 0.584586 0.000000
vt 0.720365 0.644166 0.000000
vt 0.801452 0.514595 0.000000
vt 0.595420 0.662706 0.000000
vt 0.644393 0.441691 0.000000
usemtl Material_2
f 1676/1676 1677/1677 1678/1678
f 1678/1678 1679/1679 1676/1676
f 1677/1677 1680/1680 1681/1681
f 1681/1681 1678/1678 1677/1677
f 1682/1682 1681/1681 1680/1680
f 1680/1680 1683/1683 1682/1682
f 1684/1684 1685/1685 1686/1686
f 1686/1686 1687/1687 1684/1684
f 1688/1688 1684/1684 1687/1687
f 1687/1687 1689/1689 1688/1688
f 1689/1689 1690/1690 1691/1691
f 1691/1691 1688/1688 1689/1689
f 1692/1692 1693/1693 1694/1694
f 1694/1694 1695/1695 1692/1692
f 1696/1696 1697/1697 1694/1694
f 1694/1694 1697/1697 1695/1695
f 1698/1698 1699/1699 1700/1700
f 1701/1701 1702/1702 1703/1703
f 1704/1704 1705/1705 1706/1706
f 1706/1706 1707/1707 1704/1704
f 1708/1708 1709/1709 1707/1707
f 1707/1707 1709/1709 1704/1704
f 1710/1710 1711/1711 1712/1712
f 1712/1712 1713/1713 1710/1710
f 1711/1711 1714/1714 1712/1712
f 1715/1715 1716/1716 1717/1717
f 1717/1717 1718/1718 1715/1715
f 1718/1718 1717/1717 1719/1719
f 1719/1719 1720/1720 1718/1718
f 1721/1721 1722/1722 1720/1720
f 1720/1720 1719/1719 1721/1721
f 1723/1723 1724/1724 1725/1725
f 1725/1725 1726/1726 1723/1723
f 1727/1727 1728/1728 1724/1724
f 1724/1724 1723/1723 1727/1727
f 1728/1728 1727/1727 1729/1729
f 1729/1729 1730/1730 1728/1728
f 1731/1731 1732/1732 1733/1733
f 1733/1733 1734/1734 1731/1731
f 1735/1735 1733/1733 1736/1736
f 1733/1733 1732/1732 1736/1736
f 1737/1737 1738/1738 1739/1739
f 1740/1740 1741/1741 1742/1742
f 1743/1743 1744/1744 1745/1745
f 1745/1745 1746/1746 1743/1743
f 1747/1747 1744/1744 1748/1748
f 1744/1744 1743/1743 1748/1748
f 1749/1749 1750/1750 1751/1751
f 1751/1751 1752/1752 1749/1749
f 1752/1752 1751/1751 1753/1753
f 1754/1754 1755/1755 1756/1756
f 1756/1756 1757/1757 1754/1754
f 1758/1758 1759/1759 1760/1760
f 1760/1760 1761/1761 1758/1758
f 1762/1762 1763/1763 1764/1764
f 1763/1763 1765/1765 1759/1759
f 1759/1759 1756/1756 1763/1763
f 1764/1764 1756/1756 1755/1755
f 1754/1754 1757/1757 1766/1766
f 1756/1756 1758/1758 1757/1757
f 1767/1767 1768/1768 1769/1769
f 1768/1768 1760/1760 1769/1769
f 1758/1758 1756/1756 1759/1759
f 1759/1759 1765/1765 1760/1760
f 1760/1760 1765/1765 1769/1769
f 1770/1770 1761/1761 1760/1760
f 1763/1763 1756/1756 1764/1764
f 1771/1771 1772/1772 1773/1773
f 1774/1774 1775/1775 1772/1772
f 1772/1772 1776/1776 1774/1774
f 1777/1777 1775/1775 1778/1778
f 1778/1778 1779/1779 1777/1777
f 1780/1780 1781/1781 1782/1782
f 1782/1782 1778/1778 1780/1780
f 1783/1783 1784/1784 1785/1785
f 1785/1785 1786/1786 1783/1783
f 1787/1787 1788/1788 1789/1789
f 1789/1789 1790/1790 1787/1787
f 1785/1785 1791/1791 1788/1788
f 1788/1788 1786/1786 1785/1785
f 1788/1788 1787/1787 1792/1792
f 1792/1792 1786/1786 1788/1788
f 1791/1791 1793/1793 1794/1794
f 1794/1794 1788/1788 1791/1791
f 1792/1792 1783/1783 1786/1786
f 1791/1791 1795/1795 1793/1793
f 1788/1788 1794/1794 1789/1789
f 1775/1775 1777/1777 1796/1796
f 1796/1796 1772/1772 1775/1775
f 1774/1774 1780/1780 1778/1778
f 1778/1778 1775/1775 1774/1774
f 1782/1782 1797/1797 1779/1779
f 1779/1779 1778/1778 1782/1782
f 1771/1771 1776/1776 1772/1772
f 1772/1772 1796/1796 1773/1773

