mtllib demon_jikezhe.mtl

g Demon_Jikezhe
v 9.490065 446.496900 465.558500
v 10.209700 443.535400 471.322300
v 6.886815 438.993200 468.034600
v 4.955080 440.183000 462.987100
v 14.373760 425.982800 494.406300
v 11.086910 419.799300 495.159200
v 16.760810 419.482100 488.117500
v 19.890860 423.283100 491.225600
v 13.262020 427.530600 473.633500
v 2.974289 426.984400 469.689700
v 1.353769 431.260000 472.104200
v 11.989950 433.548900 473.772600
v 13.726660 453.627500 441.392300
v 19.713500 445.979500 442.654100
v 21.201220 443.628900 425.553100
v 18.397290 447.995400 426.196100
v 12.489760 441.373100 424.323700
v 13.253370 447.447500 426.180700
v 15.106190 441.530700 426.295800
v 12.900170 444.829500 419.661500
v 3.074054 444.442000 446.980900
v 6.405324 443.520900 440.164000
v 11.475680 434.540800 440.838100
v 4.566313 434.739000 450.890200
v 6.853570 452.564700 440.674300
v 6.405324 443.520900 440.164000
v 17.074120 449.766400 416.659700
v 12.900170 444.829500 419.661500
v 9.455210 449.325500 420.735000
v 15.243710 455.890100 419.422100
v 16.497640 440.560900 416.534500
v 21.456510 442.419700 417.774200
v 20.157790 440.266000 425.962600
v 16.236620 438.286400 424.757900
v 20.812190 454.609100 424.903900
v 22.224900 447.706600 420.680400
v 12.489760 441.373100 424.323700
v 3.074054 444.442000 446.980900
v 3.764693 453.121800 449.356300
v 20.042130 443.605900 426.436500
v 17.274350 437.676300 442.692700
v 0.321746 445.634500 446.659000
v -0.979544 435.963800 449.222900
v 0.321746 445.634500 446.659000
v 0.463173 453.025700 449.663500
v 5.096750 453.729300 468.008700
v 6.374810 447.953800 473.740300
v 0.106867 455.967400 470.178200
v -0.622377 451.982200 475.821800
v 11.245800 419.752700 474.461300
v 4.043941 419.602500 471.550800
v 0.167663 438.865100 462.387700
v 0.797001 437.195700 466.043200
v 1.767708 409.155300 489.960200
v 2.073531 406.042800 486.108000
v 8.092290 408.037000 483.226100
v 12.359800 414.702200 490.428100
v 19.501810 428.526200 479.477900
v 17.901330 421.678700 480.540300
v 9.773254 413.214400 478.226900
v 7.441786 411.674300 477.586400
v 4.354837 412.741300 475.091100
v 4.030491 414.741300 475.618300
v 15.918480 459.362800 473.684900
v 15.892840 463.363500 477.491800
v 20.132670 462.959700 466.316400
v 34.695000 467.216900 462.500600
v 36.239110 468.284900 460.651200
v 34.475470 466.050800 458.374000
v 32.552390 465.519500 460.820200
v 39.301420 455.157300 447.275800
v 37.142060 453.402200 447.894000
v 36.886300 456.145200 454.255400
v 39.357430 457.682600 452.526500
v 20.797010 458.588300 478.809600
v 18.965230 456.700700 475.587000
v 24.514520 456.621900 470.678300
v 27.142440 460.901800 476.562800
v 22.586160 443.692900 479.699500
v 21.134710 442.015700 476.673100
v 40.286460 466.729000 448.363100
v 39.751800 465.178200 442.311200
v 40.471160 462.468700 442.406700
v 41.383660 463.288000 449.188600
v 34.475470 466.050800 458.374000
v 34.292800 462.226000 458.213600
v 32.663960 462.405300 460.451400
v 32.552390 465.519500 460.820200
v 17.275010 436.520500 491.853100
v 15.630350 441.720000 487.302000
v 12.456850 434.286900 491.718500
v -1.173632 496.870200 456.823200
v 4.676010 498.762500 464.171600
v 7.241336 458.632800 462.680900
v 0.626345 460.842200 455.294900
v -2.871295 498.756000 470.130000
v 0.106867 455.967400 470.178200
v -40.379200 613.332200 518.570000
v -37.939710 611.657500 520.640700
v -19.942570 594.345000 478.253200
v -24.066130 595.776600 474.053300
v -4.879949 548.460800 465.703800
v -9.917763 547.844700 459.316400
v -39.972400 608.817000 521.770000
v -24.032350 590.891400 480.697800
v -11.210510 546.936100 470.459100
v 6.326811 395.358200 482.562300
v 5.165463 393.892700 482.805100
v 5.316190 393.040000 480.791800
v 6.894095 394.212200 480.082100
v 8.348010 398.519700 494.993800
v 7.851579 405.322700 497.205200
v 3.708741 403.968300 498.033400
v 4.364963 397.425400 495.793800
v 4.910905 393.511500 490.404600
v 8.472030 394.643000 489.948400
v 7.814096 410.283400 485.598900
v 3.379555 412.754000 486.468100
v 3.264016 412.838300 489.323900
v 9.175014 410.494400 489.179700
v 7.143101 393.954700 486.426900
v 6.867875 393.183700 484.933800
v 10.270140 395.088100 485.527900
v 9.689513 395.513800 486.908200
v 9.981281 396.452000 489.274600
v 10.908890 400.203900 493.215200
v 9.183087 401.983400 477.142100
v 7.506460 398.689000 473.749400
v 7.722715 399.563200 471.326500
v 10.054580 404.747000 477.169200
v 8.038442 405.322400 477.098500
v 4.535050 404.354500 475.328100
v 16.760810 419.482100 488.117500
v 8.092290 408.037000 483.226100
v -1.101732 448.168700 483.519800
v 10.069170 446.370400 483.433600
v 14.840020 438.625700 478.292100
v 8.875494 433.446400 487.892400
v 15.312050 432.496200 481.441900
v 9.226094 436.902400 494.888800
v -0.937086 419.204200 497.838600
v 11.278670 421.467400 496.223100
v 12.333350 430.375900 492.428900
v -1.715353 439.169900 494.839400
v 22.059940 425.372500 483.130600
v 19.890860 423.283100 491.225600
v 5.382821 457.615500 454.120900
v 2.208728 455.961800 454.815000
v 10.863440 447.219200 463.181200
v 14.990640 437.922400 449.162800
v 12.408930 446.197600 458.461000
v 8.565956 438.119100 457.189400
v 8.104994 456.341300 424.625300
v 9.455210 449.325500 420.735000
v 9.787684 449.154300 426.301500
v 17.666230 445.879800 430.376400
v 8.104994 456.341300 424.625300
v 12.384360 468.928700 429.347200
v 14.019710 455.155100 430.969500
v 7.241731 475.055900 427.219800
v 15.619100 450.296100 431.644100
v 2.925285 472.657200 430.817900
v 7.241336 458.632800 462.680900
v 16.817040 447.310600 451.739100
v -1.083018 434.257600 454.367800
v 5.024843 436.120900 456.886300
v 5.787541 457.528100 458.347100
v 8.765913 452.839300 459.150000
v 10.321900 453.021700 452.211600
v 8.565956 438.119100 457.189400
v 5.259396 472.963000 436.085700
v 12.328620 473.897800 431.164200
v 5.024843 436.120900 456.886300
v 8.765913 452.839300 459.150000
v 5.981644 457.670500 458.715700
v 10.863440 447.219200 463.181200
v 2.925285 472.657200 430.817900
v 0.683550 477.702400 436.354300
v 2.925285 472.657200 430.817900
v 5.259396 472.963000 436.085700
v 6.375465 481.001500 436.909700
v 0.683550 477.702400 436.354300
v 9.405871 475.879400 431.787700
v -5.369041 486.113900 415.234300
v -9.241958 491.170000 410.842000
v -2.938933 489.120600 415.051900
v -2.938933 489.120600 415.051900
v -7.887665 493.585800 412.526300
v -8.228390 486.804700 418.546300
v -7.887665 493.585800 412.526300
v -9.241958 491.170000 410.842000
v -14.692270 499.588600 412.243000
v 0.817194 488.932700 412.862300
v -1.331799 493.239900 409.703800
v 1.277460 496.841200 415.686700
v 3.856152 497.323800 414.631100
v 2.129511 491.517600 415.073300
v -11.811190 491.559200 413.435300
v -11.811190 491.559200 413.435300
v 7.241731 475.055900 427.219800
v -7.887665 493.585800 412.526300
v -14.692270 499.588600 412.243000
v -11.811190 491.559200 413.435300
v -5.382259 495.497800 410.464000
v -1.553973 497.672400 410.022400
v -7.717103 504.027700 409.437700
v 5.854085 493.108200 418.448300
v 5.109466 491.669600 415.777700
v 4.652980 497.131400 417.169200
v 1.277460 496.841200 415.686700
v 4.652980 497.131400 417.169200
v 0.625984 504.966600 418.265500
v 3.856152 497.323800 414.631100
v 1.277460 496.841200 415.686700
v 0.625984 504.966600 418.265500
v 4.652980 497.131400 417.169200
v -5.382259 495.497800 410.464000
v -3.129852 496.707300 408.930900
v -1.553973 497.672400 410.022400
v -5.382259 495.497800 410.464000
v -7.717103 504.027700 409.437700
v -3.129852 496.707300 408.930900
v -1.553973 497.672400 410.022400
v -8.228390 486.804700 418.546300
v -1.553973 497.672400 410.022400
v -5.382259 495.497800 410.464000
v 2.129511 491.517600 415.073300
v -2.938933 489.120600 415.051900
v -11.811190 491.559200 413.435300
v 4.652980 497.131400 417.169200
v 1.277460 496.841200 415.686700
v 5.854085 493.108200 418.448300
v 6.375465 481.001500 436.909700
v 0.683550 477.702400 436.354300
v 0.683550 477.702400 436.354300
v 9.405871 475.879400 431.787700
v 14.373760 425.982800 494.406300
v 16.961610 429.454800 495.053200
v 12.333350 430.375900 492.428900
v 19.501810 428.526200 479.477900
v 20.272260 433.473800 480.157500
v 24.885470 431.379200 486.617100
v 15.898390 459.642200 480.256400
v 21.366620 443.319100 485.048000
v 21.858590 438.023000 482.913100
v 15.918480 459.362800 473.684900
v 15.456300 433.957100 481.613700
v 15.456300 433.957100 481.613700
v 12.074000 434.935000 485.875100
v 19.117360 464.198500 479.587800
v 23.052950 428.349800 493.247300
v 19.890860 423.283100 491.225600
v 22.059940 425.372500 483.130600
v 23.747900 435.766900 491.121200
v 38.007530 464.065200 461.299400
v 35.423160 464.284500 462.437700
v 34.475470 466.050800 458.374000
v 36.239110 468.284900 460.651200
v 36.497250 472.672100 450.563400
v 34.292800 462.226000 458.213600
v 39.301420 455.157300 447.275800
v 39.713650 452.811600 447.608600
v 36.294990 454.145800 440.148300
v 41.383660 463.288000 449.188600
v 40.471160 462.468700 442.406700
v 43.201080 465.531400 448.720400
v 37.109270 471.000100 444.800700
v 38.738340 472.451400 450.277700
v 38.468050 469.668900 449.850700
v 37.142060 453.402200 447.894000
v 38.468050 469.668900 449.850700
v 38.007530 464.065200 461.299400
v 39.301420 455.157300 447.275800
v 36.294990 454.145800 440.148300
v 37.142060 453.402200 447.894000
v 19.796270 465.730900 475.982800
v 20.132670 462.959700 466.316400
v 15.312050 432.496200 481.441900
v 8.875494 433.446400 487.892400
v 39.751800 465.178200 442.311200
v 40.286460 466.729000 448.363100
v 40.471160 462.468700 442.406700
v 39.751800 465.178200 442.311200
v 35.336920 462.110900 432.355600
v 36.497250 472.672100 450.563400
v 36.239110 468.284900 460.651200
v 35.270190 473.361100 446.066500
v 37.109270 471.000100 444.800700
v 35.270190 473.361100 446.066500
v 31.189920 471.816000 437.604200
v 35.270190 473.361100 446.066500
v 37.109270 471.000100 444.800700
v 37.249660 473.273800 444.735600
v 37.109270 471.000100 444.800700
v 31.189920 471.816000 437.604200
v 35.270190 473.361100 446.066500
v 41.760310 464.500800 441.824000
v 37.249660 473.273800 444.735600
v 39.357430 457.682600 452.526500
v 39.792210 455.687900 454.647700
v 39.301420 455.157300 447.275800
v 37.142060 453.402200 447.894000
v 36.886300 456.145200 454.255400
v 40.471160 462.468700 442.406700
v 35.336920 462.110900 432.355600
v 41.760310 464.500800 441.824000
v 39.751800 465.178200 442.311200
v 15.898390 459.642200 480.256400
v 19.117360 464.198500 479.587800
v 14.543060 463.709700 481.718100
v 11.527520 465.137200 485.950000
v 15.892840 463.363500 477.491800
v 15.892840 463.363500 477.491800
v 39.713650 452.811600 447.608600
v 34.292800 462.226000 458.213600
v 39.505470 468.242600 450.282500
v 39.812670 460.154500 452.705400
v 39.505470 468.242600 450.282500
v 39.812670 460.154500 452.705400
v 41.383660 463.288000 449.188600
v 15.312050 432.496200 481.441900
v -50.614530 625.168900 567.141700
v 5.059983 393.751000 485.916600
v 7.684066 396.314700 481.216700
v 6.477438 395.575900 479.011100
v 8.091508 397.047300 479.553900
v 10.239360 398.538900 479.792000
v 8.899375 400.155700 478.964400
v 10.709380 404.816400 483.421800
v 5.198608 397.640500 473.289200
v 5.211115 398.592400 470.764600
v 10.787620 398.299600 481.957800
v 3.248611 409.954500 496.379600
v 8.860434 407.856100 494.985300
v 10.971630 402.802700 488.136900
v 7.065920 394.529300 483.730400
v 8.400955 395.684100 483.075900
v 8.590579 395.535900 484.238800
v 10.218800 397.773100 483.382700
v 5.043085 400.418900 470.989500
v 3.379555 412.754000 486.468100
v 7.814096 410.283400 485.598900
v 10.709380 404.816400 483.421800
v 8.038442 405.322400 477.098500
v 9.532463 405.006300 483.372900
v 9.532463 405.006300 483.372900
v 9.532463 405.006300 483.372900
v 5.233720 394.865700 478.759900
v 4.535050 404.354500 475.328100
v 14.938140 405.130500 499.610400
v 12.421000 407.358800 487.523900
v 10.971630 402.802700 488.136900
v 9.532463 405.006300 483.372900
v 10.709380 404.816400 483.421800
v 11.709080 403.435700 485.884400
v 15.225060 407.333700 486.838500
v 10.971630 402.802700 488.136900
v 15.225060 407.333700 486.838500
v 16.311870 408.090300 492.435400
v 14.912670 402.586800 498.759000
v 24.986000 396.805200 500.336500
v 10.709380 404.816400 483.421800
v 11.709080 403.435700 485.884400
v 0.626345 460.842200 455.294900
v -7.887665 493.585800 412.526300
v 4.381562 401.592000 485.749200
v 9.183087 401.983400 477.142100
v 10.709380 404.816400 483.421800
v 5.198608 397.640500 473.289200
v 7.506460 398.689000 473.749400
v 10.709380 404.816400 483.421800
v 25.132720 424.686300 496.511700
v 25.912040 425.720900 488.018600
v 25.129110 431.151000 492.508300
v 25.132720 424.686300 496.511700
v 25.129110 431.151000 492.508300
v 22.754870 432.004100 498.699500
v -9.204904 446.498500 465.458000
v -4.628815 440.183900 462.935500
v -5.622685 438.128400 467.526500
v -9.792487 442.152700 470.509800
v -13.618270 421.997600 485.292700
v -18.876510 417.213200 485.525600
v -11.188840 412.546500 480.003300
v -14.315300 412.420300 489.795600
v -7.850367 425.085200 470.468000
v -9.658808 431.584900 472.155200
v -11.818020 459.571300 445.102500
v -17.786230 461.289900 429.421800
v -21.595930 458.259300 427.513000
v -19.526570 453.617100 444.076400
v -13.730030 454.679400 424.720100
v -14.007590 458.856100 420.803000
v -12.736950 460.868500 428.158100
v -12.943530 459.613800 428.715400
v -3.284794 445.673900 446.474700
v -5.957027 436.161300 448.618500
v -14.420520 442.122100 437.458600
v -7.264236 449.263900 439.600000
v -5.431887 457.296000 443.392300
v -7.264236 449.263900 439.600000
v -20.003530 460.981000 417.587400
v -18.696930 467.245600 414.843800
v -11.538600 462.666200 417.255600
v -14.007590 458.856100 420.803000
v -19.223510 453.761500 418.852500
v -18.129520 452.612200 424.364000
v -21.427060 454.845200 426.574300
v -23.460080 456.446500 421.000600
v -22.644310 462.476400 423.729900
v -21.336220 470.314700 421.649400
v -13.730030 454.679400 424.720100
v -2.899076 453.330900 450.288000
v -3.284794 445.673900 446.474700
v -17.583920 462.942300 429.104600
v -19.244660 445.583800 440.870300
v -4.853564 453.730100 467.955200
v -6.808736 447.042400 473.204700
v -3.555363 417.988600 471.630100
v -7.126875 410.448300 485.166000
v -1.835626 407.386400 480.502600
v -8.861640 415.301700 472.894700
v -15.971670 417.653000 471.794300
v -1.855637 412.013100 475.669100
v 0.784261 410.986600 476.122000
v -32.541120 440.913900 450.702100
v -28.291550 441.375400 452.522300
v -31.773770 434.542900 443.484100
v -46.825020 432.288100 439.861600
v -44.222590 430.685900 438.883900
v -46.144590 429.467900 436.696100
v -48.564990 431.903300 437.920000
v -44.733580 416.492100 428.515800
v -46.385180 419.497200 433.226500
v -43.613250 419.669500 435.162000
v -42.047450 416.142200 429.403200
v -31.278760 436.391300 456.666400
v -38.130900 435.560200 454.296800
v -34.165490 429.983600 450.687400
v -28.821720 433.793900 454.518200
v -25.590680 422.544600 463.236200
v -27.681740 424.970700 465.187300
v -51.253930 426.112400 427.519700
v -50.612720 422.763800 428.969200
v -48.923990 421.385800 422.431000
v -49.595750 424.043700 421.837400
v -46.144590 429.467900 436.696100
v -44.222590 430.685900 438.883900
v -43.379340 427.861800 439.961000
v -44.812740 426.223800 438.241900
v -20.144280 427.822100 478.266400
v -14.837860 427.644600 478.444800
v -19.453890 429.735300 471.150500
v 0.626345 460.842200 455.294900
v -6.238388 457.841700 462.131800
v -8.666320 496.548800 462.761900
v -28.156040 592.322800 476.498900
v -42.443680 610.639600 519.685400
v -16.250320 546.319600 464.087600
v 3.789534 395.136700 482.466100
v 3.617010 393.926000 479.957900
v 0.324091 397.819000 494.689900
v -0.531959 404.590500 496.887700
v 1.252112 394.012500 489.675000
v -0.482438 409.558900 485.284600
v -2.124277 409.507600 488.751700
v 2.940703 393.587700 486.267700
v 0.134020 394.679300 486.546300
v -0.258857 394.168600 485.129100
v 3.456536 392.885800 484.804600
v -2.348786 399.046100 492.713000
v -0.492569 395.537400 488.877900
v 0.244729 401.202800 476.803500
v -1.091506 403.773600 476.747000
v 2.534387 399.110200 471.130000
v 2.716183 398.270700 473.567900
v 0.794129 404.689700 476.824100
v -11.188840 412.546500 480.003300
v -1.835626 407.386400 480.502600
v -11.602840 444.404100 481.814500
v -14.034850 436.006100 476.134900
v -15.253140 422.541300 472.600600
v -15.604300 429.066200 482.528000
v -12.475990 434.388600 491.634900
v -11.955080 418.622600 491.697100
v -10.347480 425.278500 479.921800
v -17.390590 414.851400 475.277300
v -18.876510 417.213200 485.525600
v -3.946195 456.786400 455.714700
v -10.552190 447.221000 463.066000
v -16.956850 442.851700 446.739000
v -9.461669 438.570700 455.477600
v -12.034380 445.925400 458.414600
v -10.422020 470.369600 414.909300
v -10.596120 466.671000 421.364300
v -11.538600 462.666200 417.255600
v -14.474250 467.021600 429.272600
v -10.422020 470.369600 414.909300
v -15.318800 483.302500 412.113700
v -13.067640 474.100400 422.374000
v -12.771640 486.100300 401.876800
v -13.152930 471.006900 426.502600
v -7.375532 484.638400 404.040900
v -8.495533 484.490900 409.034400
v -6.238388 457.841700 462.131800
v -16.367600 450.737500 452.703700
v -6.272419 436.388500 454.598700
v -7.851357 451.828000 459.908700
v -4.378618 455.975400 459.751400
v -8.648000 454.185200 454.587200
v -9.461669 438.570700 455.477600
v -15.607150 487.528600 410.210200
v -6.272419 436.388500 454.598700
v -4.551795 456.060900 460.140400
v -7.851357 451.828000 459.908700
v -10.552190 447.221000 463.066000
v -7.375532 484.638400 404.040900
v -5.724051 487.199700 409.608200
v -8.495533 484.490900 409.034400
v -7.375532 484.638400 404.040900
v -11.896050 488.446600 411.593500
v -5.724051 487.199700 409.608200
v -14.000670 486.439700 406.258200
v -4.775915 503.107800 393.134300
v -7.996759 505.103000 393.817700
v -4.294156 507.822000 387.791600
v -7.996759 505.103000 393.817700
v -1.740274 504.332200 395.918600
v -6.072141 509.821800 389.620900
v -6.072141 509.821800 389.620900
v -2.427601 517.752300 387.122600
v -4.294156 507.822000 387.791600
v -11.810660 503.964000 392.323400
v -12.388900 506.723000 388.756300
v -14.784830 510.057600 394.978200
v -13.435540 505.693600 395.013500
v -17.511080 509.391500 394.631100
v -1.573003 509.535800 389.562400
v -1.573003 509.535800 389.562400
v -12.771640 486.100300 401.876800
v -6.072141 509.821800 389.620900
v -1.573003 509.535800 389.562400
v -2.427601 517.752300 387.122600
v -9.493729 510.388900 388.245600
v -10.994720 518.893400 386.081000
v -13.860990 510.921700 388.717800
v -16.774020 505.652400 399.027900
v -16.117880 504.826800 396.169000
v -17.575090 509.340800 397.297000
v -14.784830 510.057600 394.978200
v -16.816850 518.169300 396.757900
v -17.575090 509.340800 397.297000
v -17.511080 509.391500 394.631100
v -16.816850 518.169300 396.757900
v -14.784830 510.057600 394.978200
v -17.575090 509.340800 397.297000
v -12.322150 510.430000 387.305000
v -9.493729 510.388900 388.245600
v -13.860990 510.921700 388.717800
v -9.493729 510.388900 388.245600
v -12.322150 510.430000 387.305000
v -10.994720 518.893400 386.081000
v -13.860990 510.921700 388.717800
v -1.740274 504.332200 395.918600
v -13.860990 510.921700 388.717800
v -13.435540 505.693600 395.013500
v -9.493729 510.388900 388.245600
v -7.996759 505.103000 393.817700
v -1.573003 509.535800 389.562400
v -17.575090 509.340800 397.297000
v -16.774020 505.652400 399.027900
v -14.784830 510.057600 394.978200
v -11.896050 488.446600 411.593500
v -5.724051 487.199700 409.608200
v -5.724051 487.199700 409.608200
v -14.000670 486.439700 406.258200
v -13.618270 421.997600 485.292700
v -10.347480 425.278500 479.921800
v -17.298370 424.174200 484.499900
v -15.971670 417.653000 471.794300
v -25.054610 418.471600 477.793300
v -21.661810 417.909200 470.307300
v -27.077130 439.700500 456.767100
v -25.596050 428.246100 469.895800
v -24.947290 422.373100 470.597900
v -26.005130 435.746600 452.356600
v -17.126650 420.961700 470.614500
v -17.126650 420.961700 470.614500
v -26.005130 435.746600 452.356600
v -14.519610 425.142700 473.120200
v -31.564390 441.980200 454.589900
v -22.451510 420.298500 484.603600
v -18.876510 417.213200 485.525600
v -17.390590 414.851400 475.277300
v -25.821610 424.665500 479.164200
v -48.996920 428.151500 440.582900
v -46.633090 429.585100 441.199300
v -46.144590 429.467900 436.696100
v -50.973600 433.418500 428.550500
v -48.564990 431.903300 437.920000
v -44.812740 426.223800 438.241900
v -44.733580 416.492100 428.515800
v -41.098960 415.913100 421.637000
v -43.986560 414.335000 429.272100
v -50.612720 422.763800 428.969200
v -53.246870 423.723800 428.135500
v -48.923990 421.385800 422.431000
v -50.279130 430.734600 423.193800
v -51.193410 429.765200 428.423100
v -52.802580 432.089400 428.346900
v -42.047450 416.142200 429.403200
v -51.193410 429.765200 428.423100
v -48.996920 428.151500 440.582900
v -44.733580 416.492100 428.515800
v -42.047450 416.142200 429.403200
v -41.098960 415.913100 421.637000
v -31.773770 434.542900 443.484100
v -15.253140 422.541300 472.600600
v -15.604300 429.066200 482.528000
v -51.253930 426.112400 427.519700
v -49.595750 424.043700 421.837400
v -48.923990 421.385800 422.431000
v -43.532950 421.921800 412.523300
v -49.595750 424.043700 421.837400
v -50.973600 433.418500 428.550500
v -48.564990 431.903300 437.920000
v -49.905130 433.864500 423.983000
v -50.279130 430.734600 423.193800
v -44.977980 433.131100 415.869300
v -49.905130 433.864500 423.983000
v -49.905130 433.864500 423.983000
v -50.279130 430.734600 423.193800
v -51.493520 432.604800 422.723000
v -44.977980 433.131100 415.869300
v -50.279130 430.734600 423.193800
v -49.905130 433.864500 423.983000
v -50.986710 422.403300 421.513900
v -51.493520 432.604800 422.723000
v -46.385180 419.497200 433.226500
v -44.733580 416.492100 428.515800
v -45.958180 417.925500 435.679100
v -42.047450 416.142200 429.403200
v -43.613250 419.669500 435.162000
v -48.923990 421.385800 422.431000
v -50.986710 422.403300 421.513900
v -43.532950 421.921800 412.523300
v -49.595750 424.043700 421.837400
v -27.077130 439.700500 456.767100
v -27.119300 443.831900 456.175400
v -31.564390 441.980200 454.589900
v -24.798440 447.828000 458.947600
v -28.291550 441.375400 452.522300
v -28.291550 441.375400 452.522300
v -43.986560 414.335000 429.272100
v -44.812740 426.223800 438.241900
v -51.442820 428.107900 429.121900
v -47.987840 421.424100 432.965500
v -51.442820 428.107900 429.121900
v -47.987840 421.424100 432.965500
v -50.612720 422.763800 428.969200
v -15.253140 422.541300 472.600600
v 2.392125 395.852600 481.016200
v 1.990027 396.514400 479.322800
v 3.870543 395.348200 478.912400
v -0.395316 397.610200 479.389200
v -2.215994 403.687600 482.932200
v 0.702889 399.439900 478.653900
v -1.054895 397.265400 481.509200
v -1.794529 406.925600 494.581600
v -2.478967 401.628100 487.627400
v 3.119478 394.184700 483.581000
v 1.409796 394.908800 483.966800
v 1.657684 395.095200 482.820500
v -0.512143 396.836000 482.976300
v -0.482438 409.558900 485.284600
v -2.215994 403.687600 482.932200
v -1.089401 404.078600 482.970600
v 0.794129 404.689700 476.824100
v -1.089401 404.078600 482.970600
v -1.089401 404.078600 482.970600
v -7.001764 406.940800 498.683300
v -2.478967 401.628100 487.627400
v -4.597762 405.973700 486.614400
v -1.089401 404.078600 482.970600
v -2.215994 403.687600 482.932200
v -3.143624 402.138600 485.321800
v -2.478967 401.628100 487.627400
v -7.349505 405.345400 486.009200
v -7.349505 405.345400 486.009200
v -8.206408 406.454500 490.704100
v -17.170080 401.489000 502.892500
v -6.742524 404.175200 498.909300
v -2.215994 403.687600 482.932200
v -3.143624 402.138600 485.321800
v 0.626345 460.842200 455.294900
v -6.072141 509.821800 389.620900
v -2.215994 403.687600 482.932200
v 0.244729 401.202800 476.803500
v 2.716183 398.270700 473.567900
v -2.215994 403.687600 482.932200
v -23.241770 409.176400 482.358800
v -23.112620 413.689300 476.240200
v -18.225860 408.621800 475.405800
v -23.241770 409.176400 482.358800
v -26.362490 416.476000 481.375200
v -23.112620 413.689300 476.240200
v 16.311870 408.090300 492.435400
v 24.986000 396.805200 500.336500
v 14.912670 402.586800 498.759000
v -6.742524 404.175200 498.909300
v -17.170080 401.489000 502.892500
v -8.206408 406.454500 490.704100
v 28.566900 468.078700 464.014500
v 31.556370 465.075900 457.547900
v 27.462890 463.784900 461.818100
v 32.793930 468.867700 459.635600
v 33.358730 462.116300 467.019400
v 36.478240 468.364300 463.029100
v 32.251210 467.575300 467.408000
v 37.941140 463.565600 462.275500
v 28.566900 468.078700 464.014500
v 32.793930 468.867700 459.635600
v 30.962010 459.570900 465.790700
v 33.659320 458.535700 462.881900
v 36.846620 461.257900 459.037900
v 31.132090 459.123400 463.941100
v 34.711430 460.947400 458.598400
v -41.362750 435.148300 440.597300
v -38.722540 430.963900 440.478400
v -42.889230 428.937700 436.580700
v -45.272350 432.745400 436.880400
v -43.989230 430.299300 446.513200
v -44.820620 435.253100 444.254600
v -48.730230 432.850200 440.537700
v -48.655830 428.051100 442.180400
v -41.362750 435.148300 440.597300
v -45.272350 432.745400 436.880400
v -40.902030 428.261800 446.286300
v -43.076230 425.294500 444.476300
v -46.823110 424.924000 440.213700
v -40.875580 426.985800 444.864500
v -44.681840 425.059000 439.718400
v -23.125780 377.582000 532.563500
v -26.677100 377.924600 533.814900
v -25.502710 400.312000 523.197000
v -23.453010 397.225800 521.676500
v -47.687570 409.221600 542.379700
v -45.120910 407.363100 543.112200
v -55.325970 439.531900 547.710800
v -57.188180 439.749600 547.487400
v -44.136690 408.764700 540.885100
v -54.945030 440.014800 545.821000
v -14.093060 422.295200 491.387800
v -24.169370 411.591800 511.934800
v -22.018050 409.939800 512.806200
v -11.955080 418.622600 491.697100
v -49.757550 404.851500 545.054100
v -47.764200 404.152100 545.560900
v -45.120910 407.363100 543.112200
v -47.687570 409.221600 542.379700
v -47.728260 403.570800 543.523200
v -45.675400 405.524600 541.128500
v -33.186980 395.977100 535.523100
v -33.595790 397.354200 533.609500
v -25.502710 400.312000 523.197000
v -23.099720 398.463100 524.159000
v -24.345700 411.380300 511.788100
v -22.529400 407.573700 511.505200
v -45.675400 405.524600 541.128500
v -44.136690 408.764700 540.885100
v -33.595790 397.354200 533.609500
v -35.409240 395.555700 534.803900
v -27.019740 378.187700 535.702100
v -26.677100 377.924600 533.814900
v -27.529780 368.344000 535.397100
v -24.515780 361.536500 532.405300
v -24.464760 368.754300 532.707400
v -24.213180 377.745700 535.235200
v -24.977780 367.783700 534.891400
v -23.125780 377.582000 532.563500
v -27.019740 378.187700 535.702100
v -27.529780 368.344000 535.397100
v -24.464760 368.754300 532.707400
v -23.125780 377.582000 532.563500
v -27.019740 378.187700 535.702100
v -35.409240 395.555700 534.803900
v -33.595790 397.354200 533.609500
v -24.213180 377.745700 535.235200
v -24.213180 377.745700 535.235200
v -35.409240 395.555700 534.803900
v -26.677100 377.924600 533.814900
v -27.019740 378.187700 535.702100
v -33.595830 397.354300 533.609500
v -45.675400 405.524600 541.128500
v -47.687570 409.221600 542.379700
v -54.945030 440.014800 545.821000
v -57.188180 439.749600 547.487400
v -58.628000 465.234900 543.809200
v -58.628000 465.234900 543.809200
v -13.449550 413.067700 489.481100
v -17.832140 411.203000 495.938000
v -14.148420 422.154200 491.159500
v -47.687570 409.221600 542.379700
v -45.675400 405.524600 541.128500
v -47.728260 403.570800 543.523200
v -50.733370 398.479900 545.702900
v -49.757550 404.851500 545.054100
v 8.719533 386.319200 542.071500
v 11.827030 403.937600 530.727600
v 12.634070 407.436500 532.488600
v 11.780590 386.042900 544.273400
v 32.706000 414.205700 562.397000
v 35.446770 447.009300 567.087000
v 33.673400 446.536200 566.645000
v 30.116830 412.305600 562.307900
v 29.847130 413.715200 559.847500
v 33.964210 446.873200 564.708600
v 12.714320 425.485200 496.502700
v 11.278670 421.467400 496.223100
v 12.302920 415.478300 520.324000
v 14.357940 417.442900 520.176600
v 33.910180 409.840000 565.637500
v 32.706000 414.205700 562.397000
v 30.116830 412.305600 562.307900
v 31.904480 409.108500 565.506000
v 31.272240 410.495800 560.573500
v 32.500820 408.547500 563.531100
v 18.552600 401.509400 552.334500
v 19.674500 402.637500 550.489500
v 10.334070 405.251400 532.690900
v 12.634070 407.436500 532.488600
v 14.607300 417.260000 520.135100
v 13.634520 413.187200 519.602900
v 31.272240 410.495800 560.573500
v 20.785700 400.693100 552.250900
v 19.674500 402.637500 550.489500
v 29.847130 413.715200 559.847500
v 11.596800 386.085900 546.200300
v 11.077570 376.335700 544.816700
v 11.780590 386.042900 544.273400
v 8.308068 370.316700 540.291300
v 8.973829 377.413300 541.468500
v 9.009625 386.089000 544.936700
v 8.719533 386.319200 542.071500
v 8.730639 376.189500 543.570500
v 11.077570 376.335700 544.816700
v 11.596800 386.085900 546.200300
v 8.973829 377.413300 541.468500
v 8.719533 386.319200 542.071500
v 11.596800 386.085900 546.200300
v 20.785700 400.693100 552.250900
v 19.674500 402.637500 550.489500
v 9.009625 386.089000 544.936700
v 9.009625 386.089000 544.936700
v 20.785700 400.693100 552.250900
v 11.596800 386.085900 546.200300
v 11.780590 386.042900 544.273400
v 19.674540 402.637600 550.489600
v 31.272240 410.495800 560.573500
v 32.706000 414.205700 562.397000
v 33.964210 446.873200 564.708600
v 35.446770 447.009300 567.087000
v 35.582190 472.177300 562.752300
v 35.582190 472.177300 562.752300
v 14.982300 415.456400 495.514200
v 16.119170 415.508200 502.794700
v 12.873280 425.355400 496.329400
v 32.706000 414.205700 562.397000
v 32.500820 408.547500 563.531100
v 31.272240 410.495800 560.573500
v 34.743360 403.479300 566.588900
v 33.910180 409.840000 565.637500
v -1.769223 416.786500 495.198700
v 0.267013 414.876800 494.240300
v -1.336593 411.100500 504.976700
v -0.719606 418.330400 497.246200
v 1.324217 417.155200 495.790400
v -3.266182 426.887100 496.730600
v -1.481967 424.610600 497.318300
v -2.834723 425.385900 503.907100
v -2.082158 429.248900 497.565800
v -0.172740 427.255800 497.322300
v 0.234253 410.462200 490.425600
v 1.848744 408.948000 489.665700
v 1.219012 407.580400 493.810000
v 1.066473 411.686200 492.049000
v 2.686980 410.754500 490.894800
vt 0.170682 0.235423 0.000000
vt 0.167498 0.310536 0.000000
vt 0.099277 0.300103 0.000000
vt 0.079158 0.235772 0.000000
vt 0.189832 0.548198 0.000000
vt 0.241017 0.564004 0.000000
vt 0.179991 0.643025 0.000000
vt 0.179991 0.607869 0.000000
vt 0.095458 0.456010 0.000000
vt 0.012622 0.433941 0.000000
vt 0.012622 0.368755 0.000000
vt 0.109486 0.391841 0.000000
vt 0.818227 0.333215 0.000000
vt 0.777613 0.333915 0.000000
vt 0.765641 0.245145 0.000000
vt 0.798971 0.235232 0.000000
vt 0.875167 0.231512 0.000000
vt 0.836337 0.240339 0.000000
vt 0.833118 0.213255 0.000000
vt 0.867983 0.199268 0.000000
vt 0.648699 0.369533 0.000000
vt 0.664626 0.321953 0.000000
vt 0.702678 0.331182 0.000000
vt 0.685171 0.397820 0.000000
vt 0.856617 0.337361 0.000000
vt 0.894560 0.324313 0.000000
vt 0.728831 0.165408 0.000000
vt 0.697639 0.207689 0.000000
vt 0.699039 0.156008 0.000000
vt 0.732791 0.142280 0.000000
vt 0.717687 0.224380 0.000000
vt 0.741488 0.225375 0.000000
vt 0.741287 0.251445 0.000000
vt 0.715046 0.248101 0.000000
vt 0.772661 0.159009 0.000000
vt 0.765289 0.210316 0.000000
vt 0.693485 0.245865 0.000000
vt 0.906624 0.370356 0.000000
vt 0.873065 0.398826 0.000000
vt 0.800176 0.210867 0.000000
vt 0.738421 0.335503 0.000000
vt 0.643225 0.392037 0.000000
vt 0.670300 0.412622 0.000000
vt 0.906532 0.392918 0.000000
vt 0.901325 0.415057 0.000000
vt 0.259230 0.237767 0.000000
vt 0.239006 0.303373 0.000000
vt 0.326367 0.243650 0.000000
vt 0.326367 0.296855 0.000000
vt 0.075088 0.533035 0.000000
vt 0.012622 0.522576 0.000000
vt 0.012622 0.242843 0.000000
vt 0.012622 0.287439 0.000000
vt 0.326367 0.616950 0.000000
vt 0.326367 0.654865 0.000000
vt 0.260103 0.682909 0.000000
vt 0.247170 0.627372 0.000000
vt 0.128588 0.496755 0.000000
vt 0.122827 0.551756 0.000000
vt 0.084906 0.602026 0.000000
vt 0.063654 0.640407 0.000000
vt 0.012622 0.625543 0.000000
vt 0.012622 0.586501 0.000000
vt 0.425328 0.354108 0.000000
vt 0.464403 0.361140 0.000000
vt 0.424970 0.427925 0.000000
vt 0.479056 0.507119 0.000000
vt 0.473082 0.528508 0.000000
vt 0.449550 0.528508 0.000000
vt 0.453937 0.502541 0.000000
vt 0.860681 0.529061 0.000000
vt 0.846929 0.534755 0.000000
vt 0.846929 0.563414 0.000000
vt 0.865920 0.557396 0.000000
vt 0.512689 0.350587 0.000000
vt 0.550914 0.349065 0.000000
vt 0.547155 0.423208 0.000000
vt 0.503226 0.412047 0.000000
vt 0.567822 0.233128 0.000000
vt 0.598034 0.235656 0.000000
vt 0.885951 0.547755 0.000000
vt 0.893935 0.516325 0.000000
vt 0.909109 0.517113 0.000000
vt 0.905409 0.554267 0.000000
vt 0.575086 0.528508 0.000000
vt 0.550236 0.528508 0.000000
vt 0.549095 0.504161 0.000000
vt 0.573179 0.510711 0.000000
vt 0.505687 0.127094 0.000000
vt 0.497271 0.183118 0.000000
vt 0.486991 0.106229 0.000000
vt 0.983823 0.187480 0.000000
vt 0.956182 0.186364 0.000000
vt 0.956268 0.018643 0.000000
vt 0.986867 0.018643 0.000000
vt 0.918352 0.186364 0.000000
vt 0.916221 0.018643 0.000000
vt 0.962863 0.772605 0.000000
vt 0.949570 0.773576 0.000000
vt 0.949570 0.569683 0.000000
vt 0.972447 0.568612 0.000000
vt 0.955152 0.382973 0.000000
vt 0.978652 0.382973 0.000000
vt 0.935877 0.774762 0.000000
vt 0.926721 0.571602 0.000000
vt 0.920954 0.382973 0.000000
vt 0.035732 0.835068 0.000000
vt 0.011525 0.844058 0.000000
vt 0.011525 0.823778 0.000000
vt 0.029616 0.814173 0.000000
vt 0.110456 0.940038 0.000000
vt 0.183706 0.940866 0.000000
vt 0.185507 0.989686 0.000000
vt 0.091980 0.986632 0.000000
vt 0.011525 0.929549 0.000000
vt 0.053764 0.902593 0.000000
vt 0.226682 0.814006 0.000000
vt 0.282162 0.828384 0.000000
vt 0.282162 0.863065 0.000000
vt 0.219371 0.853272 0.000000
vt 0.040151 0.878275 0.000000
vt 0.034727 0.865324 0.000000
vt 0.064306 0.859344 0.000000
vt 0.069026 0.870957 0.000000
vt 0.075974 0.887364 0.000000
vt 0.122405 0.910519 0.000000
vt 0.086254 0.750185 0.000000
vt 0.037144 0.720460 0.000000
vt 0.042917 0.702773 0.000000
vt 0.103583 0.736002 0.000000
vt 0.036504 0.672554 0.000000
vt 0.012594 0.672158 0.000000
vt 0.169150 0.557796 0.000000
vt 0.167566 0.633938 0.000000
vt 0.326367 0.353995 0.000000
vt 0.242490 0.376775 0.000000
vt 0.163693 0.390443 0.000000
vt 0.192234 0.447490 0.000000
vt 0.149904 0.463167 0.000000
vt 0.257847 0.442629 0.000000
vt 0.326367 0.528901 0.000000
vt 0.260889 0.516933 0.000000
vt 0.198710 0.482834 0.000000
vt 0.326367 0.439285 0.000000
vt 0.145127 0.541754 0.000000
vt 0.163677 0.536939 0.000000
vt 0.848942 0.438206 0.000000
vt 0.886565 0.455453 0.000000
vt 0.170863 0.203013 0.000000
vt 0.734152 0.379206 0.000000
vt 0.767991 0.435616 0.000000
vt 0.725777 0.425512 0.000000
vt 0.847127 0.097049 0.000000
vt 0.868463 0.157330 0.000000
vt 0.841682 0.159779 0.000000
vt 0.811787 0.186071 0.000000
vt 0.709839 0.113026 0.000000
vt 0.772290 0.060725 0.000000
vt 0.809997 0.137391 0.000000
vt 0.741685 0.015528 0.000000
vt 0.811557 0.160555 0.000000
vt 0.833158 0.023278 0.000000
vt 0.275565 0.183456 0.000000
vt 0.780186 0.393969 0.000000
vt 0.012622 0.185325 0.000000
vt 0.045859 0.179898 0.000000
vt 0.830724 0.462072 0.000000
vt 0.800890 0.451257 0.000000
vt 0.820206 0.413565 0.000000
vt 0.078484 0.171103 0.000000
vt 0.812234 0.023278 0.000000
vt 0.772528 0.045288 0.000000
vt 0.699410 0.436120 0.000000
vt 0.222788 0.157694 0.000000
vt 0.269546 0.150052 0.000000
vt 0.764785 0.462985 0.000000
vt 0.715247 0.015528 0.000000
vt 0.417262 0.323321 0.000000
vt 0.354844 0.323405 0.000000
vt 0.370780 0.351891 0.000000
vt 0.417262 0.323321 0.000000
vt 0.417262 0.351591 0.000000
vt 0.354844 0.323405 0.000000
vt 0.385832 0.147455 0.000000
vt 0.394194 0.099249 0.000000
vt 0.366138 0.135853 0.000000
vt 0.632514 0.035312 0.000000
vt 0.654472 0.044795 0.000000
vt 0.613401 0.051724 0.000000
vt 0.834973 0.961149 0.000000
vt 0.799275 0.961149 0.000000
vt 0.799275 0.802284 0.000000
vt 0.338379 0.132534 0.000000
vt 0.338378 0.102486 0.000000
vt 0.380221 0.087972 0.000000
vt 0.394194 0.099249 0.000000
vt 0.366138 0.135683 0.000000
vt 0.755056 0.961149 0.000000
vt 0.413949 0.096757 0.000000
vt 0.338379 0.308159 0.000000
vt 0.801006 0.592293 0.000000
vt 0.816406 0.495310 0.000000
vt 0.834745 0.592293 0.000000
vt 0.834745 0.592293 0.000000
vt 0.801006 0.592293 0.000000
vt 0.816406 0.495310 0.000000
vt 0.413950 0.157040 0.000000
vt 0.385833 0.147385 0.000000
vt 0.413949 0.096757 0.000000
vt 0.801006 0.592293 0.000000
vt 0.834745 0.592293 0.000000
vt 0.816406 0.495310 0.000000
vt 0.799275 0.961149 0.000000
vt 0.834973 0.961149 0.000000
vt 0.799275 0.802284 0.000000
vt 0.755056 0.961149 0.000000
vt 0.357692 0.080770 0.000000
vt 0.338378 0.080139 0.000000
vt 0.357692 0.080770 0.000000
vt 0.755056 0.961149 0.000000
vt 0.799275 0.802284 0.000000
vt 0.799275 0.961149 0.000000
vt 0.834973 0.961149 0.000000
vt 0.413949 0.157040 0.000000
vt 0.678168 0.035312 0.000000
vt 0.678168 0.013096 0.000000
vt 0.632514 0.035312 0.000000
vt 0.631615 0.013096 0.000000
vt 0.638789 0.055423 0.000000
vt 0.638789 0.055423 0.000000
vt 0.654472 0.044795 0.000000
vt 0.613401 0.051724 0.000000
vt 0.482904 0.035312 0.000000
vt 0.483061 0.013096 0.000000
vt 0.482904 0.035312 0.000000
vt 0.772937 0.019046 0.000000
vt 0.500000 0.054688 0.000000
vt 0.509310 0.076916 0.000000
vt 0.461863 0.074806 0.000000
vt 0.624403 0.152352 0.000000
vt 0.612907 0.170663 0.000000
vt 0.584756 0.129187 0.000000
vt 0.472059 0.326068 0.000000
vt 0.542099 0.207468 0.000000
vt 0.574206 0.180576 0.000000
vt 0.586041 0.354826 0.000000
vt 0.637709 0.187433 0.000000
vt 0.421959 0.170565 0.000000
vt 0.455995 0.143352 0.000000
vt 0.478609 0.361115 0.000000
vt 0.550030 0.083236 0.000000
vt 0.550781 0.054688 0.000000
vt 0.609437 0.097471 0.000000
vt 0.545296 0.127607 0.000000
vt 0.504378 0.528508 0.000000
vt 0.505831 0.507924 0.000000
vt 0.878852 0.616470 0.000000
vt 0.846929 0.616470 0.000000
vt 0.846929 0.563414 0.000000
vt 0.846929 0.616470 0.000000
vt 0.755258 0.961149 0.000000
vt 0.799309 0.961149 0.000000
vt 0.799309 0.802284 0.000000
vt 0.467705 0.669095 0.000000
vt 0.463577 0.614958 0.000000
vt 0.443719 0.669159 0.000000
vt 0.526154 0.652126 0.000000
vt 0.516596 0.696466 0.000000
vt 0.497210 0.686142 0.000000
vt 0.835175 0.961149 0.000000
vt 0.865920 0.557396 0.000000
vt 0.443719 0.767980 0.000000
vt 0.801006 0.592293 0.000000
vt 0.816415 0.495310 0.000000
vt 0.834745 0.592293 0.000000
vt 0.468987 0.381773 0.000000
vt 0.586763 0.434173 0.000000
vt 0.637897 0.170849 0.000000
vt 0.434960 0.104418 0.000000
vt 0.463577 0.614958 0.000000
vt 0.467705 0.669095 0.000000
vt 0.834745 0.592293 0.000000
vt 0.801006 0.592293 0.000000
vt 0.816406 0.495310 0.000000
vt 0.531313 0.706137 0.000000
vt 0.487042 0.767980 0.000000
vt 0.553172 0.674770 0.000000
vt 0.834745 0.592293 0.000000
vt 0.801006 0.592293 0.000000
vt 0.816406 0.495310 0.000000
vt 0.846929 0.534755 0.000000
vt 0.860681 0.529061 0.000000
vt 0.799510 0.961149 0.000000
vt 0.755056 0.961149 0.000000
vt 0.799510 0.802284 0.000000
vt 0.834973 0.961149 0.000000
vt 0.443719 0.617154 0.000000
vt 0.539958 0.662293 0.000000
vt 0.497210 0.686142 0.000000
vt 0.516596 0.696466 0.000000
vt 0.526154 0.652126 0.000000
vt 0.553172 0.674770 0.000000
vt 0.531313 0.706137 0.000000
vt 0.755056 0.961149 0.000000
vt 0.799510 0.802284 0.000000
vt 0.799510 0.961149 0.000000
vt 0.834973 0.961149 0.000000
vt 0.905094 0.013590 0.000000
vt 0.855922 0.013590 0.000000
vt 0.895326 0.055687 0.000000
vt 0.877164 0.132800 0.000000
vt 0.905094 0.013590 0.000000
vt 0.855922 0.013590 0.000000
vt 0.539947 0.662246 0.000000
vt 0.487042 0.767980 0.000000
vt 0.479860 0.684170 0.000000
vt 0.479860 0.684170 0.000000
vt 0.875726 0.558758 0.000000
vt 0.875726 0.558758 0.000000
vt 0.885951 0.547755 0.000000
vt 0.421959 0.141815 0.000000
vt 0.949570 0.969713 0.000000
vt 0.011525 0.881854 0.000000
vt 0.047981 0.817354 0.000000
vt 0.032455 0.798584 0.000000
vt 0.052646 0.798374 0.000000
vt 0.073366 0.798207 0.000000
vt 0.077385 0.773713 0.000000
vt 0.137286 0.791424 0.000000
vt 0.011525 0.715876 0.000000
vt 0.017305 0.691713 0.000000
vt 0.080770 0.816012 0.000000
vt 0.250658 0.942461 0.000000
vt 0.200272 0.912597 0.000000
vt 0.135479 0.851611 0.000000
vt 0.039444 0.848421 0.000000
vt 0.053519 0.836440 0.000000
vt 0.055391 0.846718 0.000000
vt 0.079527 0.831162 0.000000
vt 0.044814 0.688991 0.000000
vt 0.326367 0.717651 0.000000
vt 0.304754 0.717800 0.000000
vt 0.137581 0.792354 0.000000
vt 0.109750 0.723110 0.000000
vt 0.147111 0.778085 0.000000
vt 0.278601 0.726270 0.000000
vt 0.161196 0.793078 0.000000
vt 0.011525 0.797735 0.000000
vt 0.063431 0.691055 0.000000
vt 0.136962 0.113163 0.000000
vt 0.118655 0.042586 0.000000
vt 0.159402 0.040004 0.000000
vt 0.167949 0.689276 0.000000
vt 0.132990 0.014486 0.000000
vt 0.175247 0.028478 0.000000
vt 0.215518 0.042913 0.000000
vt 0.163083 0.040441 0.000000
vt 0.094870 0.041941 0.000000
vt 0.108577 0.115111 0.000000
vt 0.159401 0.112985 0.000000
vt 0.139462 0.176282 0.000000
vt 0.145535 0.791878 0.000000
vt 0.134007 0.826344 0.000000
vt 0.326367 0.140244 0.000000
vt 0.380221 0.087972 0.000000
vt 0.230318 0.803006 0.000000
vt 0.267260 0.740386 0.000000
vt 0.283154 0.803006 0.000000
vt 0.230318 0.694606 0.000000
vt 0.250097 0.702168 0.000000
vt 0.184806 0.011948 0.000000
vt 0.291720 0.728996 0.000000
vt 0.376872 0.774426 0.000000
vt 0.291720 0.791961 0.000000
vt 0.291720 0.728996 0.000000
vt 0.291720 0.791961 0.000000
vt 0.376872 0.774426 0.000000
vt 0.170682 0.235423 0.000000
vt 0.079158 0.235772 0.000000
vt 0.099277 0.300103 0.000000
vt 0.167498 0.310536 0.000000
vt 0.189832 0.548198 0.000000
vt 0.179991 0.607869 0.000000
vt 0.179991 0.643025 0.000000
vt 0.241017 0.564004 0.000000
vt 0.095458 0.456010 0.000000
vt 0.109486 0.391841 0.000000
vt 0.818227 0.333215 0.000000
vt 0.798971 0.235232 0.000000
vt 0.765641 0.245145 0.000000
vt 0.777613 0.333915 0.000000
vt 0.875167 0.231512 0.000000
vt 0.867983 0.199268 0.000000
vt 0.833118 0.213255 0.000000
vt 0.836337 0.240339 0.000000
vt 0.648699 0.369533 0.000000
vt 0.685171 0.397820 0.000000
vt 0.702678 0.331182 0.000000
vt 0.664626 0.321953 0.000000
vt 0.856617 0.337361 0.000000
vt 0.894560 0.324313 0.000000
vt 0.728831 0.165408 0.000000
vt 0.733452 0.142280 0.000000
vt 0.699039 0.156008 0.000000
vt 0.697639 0.207689 0.000000
vt 0.717687 0.224380 0.000000
vt 0.715046 0.248101 0.000000
vt 0.741287 0.251445 0.000000
vt 0.741488 0.225375 0.000000
vt 0.765289 0.210316 0.000000
vt 0.772661 0.159009 0.000000
vt 0.693485 0.245865 0.000000
vt 0.873065 0.398826 0.000000
vt 0.906624 0.370356 0.000000
vt 0.800176 0.210867 0.000000
vt 0.738421 0.335503 0.000000
vt 0.259230 0.237767 0.000000
vt 0.239006 0.303373 0.000000
vt 0.075088 0.533035 0.000000
vt 0.247170 0.627372 0.000000
vt 0.260103 0.682909 0.000000
vt 0.122827 0.551756 0.000000
vt 0.128588 0.496755 0.000000
vt 0.083332 0.602853 0.000000
vt 0.063654 0.640407 0.000000
vt 0.468987 0.381773 0.000000
vt 0.464403 0.361140 0.000000
vt 0.424970 0.427925 0.000000
vt 0.479056 0.507119 0.000000
vt 0.453937 0.502541 0.000000
vt 0.449550 0.528508 0.000000
vt 0.473082 0.528508 0.000000
vt 0.860681 0.529061 0.000000
vt 0.865920 0.557396 0.000000
vt 0.846929 0.563414 0.000000
vt 0.846929 0.534755 0.000000
vt 0.512689 0.350587 0.000000
vt 0.503226 0.412047 0.000000
vt 0.547155 0.423208 0.000000
vt 0.550914 0.349065 0.000000
vt 0.598034 0.235656 0.000000
vt 0.567822 0.233128 0.000000
vt 0.885951 0.547755 0.000000
vt 0.905409 0.554267 0.000000
vt 0.909109 0.517113 0.000000
vt 0.893935 0.516325 0.000000
vt 0.575086 0.528508 0.000000
vt 0.573179 0.510711 0.000000
vt 0.549095 0.504161 0.000000
vt 0.550236 0.528508 0.000000
vt 0.505687 0.127094 0.000000
vt 0.486991 0.106229 0.000000
vt 0.497271 0.183118 0.000000
vt 0.986867 0.018643 0.000000
vt 0.956268 0.018643 0.000000
vt 0.956182 0.186364 0.000000
vt 0.949570 0.569683 0.000000
vt 0.949570 0.773576 0.000000
vt 0.955152 0.382973 0.000000
vt 0.035732 0.835068 0.000000
vt 0.029616 0.814173 0.000000
vt 0.110456 0.940038 0.000000
vt 0.183706 0.940866 0.000000
vt 0.053764 0.902593 0.000000
vt 0.226682 0.814006 0.000000
vt 0.219371 0.853272 0.000000
vt 0.040151 0.878275 0.000000
vt 0.069026 0.870957 0.000000
vt 0.064306 0.859344 0.000000
vt 0.034727 0.865324 0.000000
vt 0.122405 0.910519 0.000000
vt 0.075974 0.887364 0.000000
vt 0.086254 0.750185 0.000000
vt 0.103583 0.736002 0.000000
vt 0.042917 0.702773 0.000000
vt 0.037144 0.720460 0.000000
vt 0.036504 0.672554 0.000000
vt 0.169150 0.557796 0.000000
vt 0.167566 0.633938 0.000000
vt 0.242490 0.376775 0.000000
vt 0.163693 0.390443 0.000000
vt 0.149904 0.463167 0.000000
vt 0.192234 0.447490 0.000000
vt 0.257847 0.442629 0.000000
vt 0.260889 0.516933 0.000000
vt 0.198710 0.482834 0.000000
vt 0.145127 0.541754 0.000000
vt 0.163677 0.536939 0.000000
vt 0.848942 0.438206 0.000000
vt 0.170863 0.203013 0.000000
vt 0.734152 0.379206 0.000000
vt 0.725777 0.425512 0.000000
vt 0.767991 0.435616 0.000000
vt 0.847127 0.097049 0.000000
vt 0.841682 0.159779 0.000000
vt 0.868463 0.157330 0.000000
vt 0.811787 0.186071 0.000000
vt 0.709839 0.113026 0.000000
vt 0.772290 0.060725 0.000000
vt 0.809997 0.137391 0.000000
vt 0.741685 0.015528 0.000000
vt 0.811557 0.160555 0.000000
vt 0.833158 0.023278 0.000000
vt 0.812234 0.023278 0.000000
vt 0.275565 0.183456 0.000000
vt 0.780186 0.393969 0.000000
vt 0.045859 0.179898 0.000000
vt 0.800890 0.451257 0.000000
vt 0.830724 0.462072 0.000000
vt 0.820206 0.413565 0.000000
vt 0.078484 0.171103 0.000000
vt 0.772528 0.045288 0.000000
vt 0.699410 0.436120 0.000000
vt 0.269546 0.150052 0.000000
vt 0.222788 0.157694 0.000000
vt 0.764785 0.462985 0.000000
vt 0.715247 0.015528 0.000000
vt 0.417262 0.323321 0.000000
vt 0.370780 0.351891 0.000000
vt 0.354844 0.323405 0.000000
vt 0.417262 0.323321 0.000000
vt 0.417262 0.351591 0.000000
vt 0.354844 0.323405 0.000000
vt 0.385832 0.147455 0.000000
vt 0.366138 0.135853 0.000000
vt 0.394194 0.099249 0.000000
vt 0.632514 0.035312 0.000000
vt 0.613401 0.051724 0.000000
vt 0.654472 0.044795 0.000000
vt 0.755056 0.961149 0.000000
vt 0.799275 0.802284 0.000000
vt 0.799275 0.961149 0.000000
vt 0.338379 0.132534 0.000000
vt 0.338378 0.102486 0.000000
vt 0.380221 0.087972 0.000000
vt 0.366138 0.135683 0.000000
vt 0.394194 0.099249 0.000000
vt 0.834973 0.961149 0.000000
vt 0.413949 0.096757 0.000000
vt 0.338379 0.308159 0.000000
vt 0.834745 0.592293 0.000000
vt 0.801006 0.592293 0.000000
vt 0.816406 0.495310 0.000000
vt 0.801006 0.592293 0.000000
vt 0.816406 0.495310 0.000000
vt 0.834745 0.592293 0.000000
vt 0.413950 0.157040 0.000000
vt 0.385833 0.147385 0.000000
vt 0.413949 0.096757 0.000000
vt 0.801006 0.592293 0.000000
vt 0.816406 0.495310 0.000000
vt 0.834745 0.592293 0.000000
vt 0.799275 0.961149 0.000000
vt 0.799275 0.802284 0.000000
vt 0.834973 0.961149 0.000000
vt 0.755056 0.961149 0.000000
vt 0.338378 0.080139 0.000000
vt 0.357692 0.080770 0.000000
vt 0.357692 0.080770 0.000000
vt 0.755056 0.961149 0.000000
vt 0.799275 0.961149 0.000000
vt 0.799275 0.802284 0.000000
vt 0.834973 0.961149 0.000000
vt 0.413949 0.157040 0.000000
vt 0.678168 0.035312 0.000000
vt 0.632514 0.035312 0.000000
vt 0.678168 0.013096 0.000000
vt 0.631615 0.013096 0.000000
vt 0.638789 0.055423 0.000000
vt 0.638789 0.055423 0.000000
vt 0.613401 0.051724 0.000000
vt 0.654472 0.044795 0.000000
vt 0.482904 0.035312 0.000000
vt 0.483061 0.013096 0.000000
vt 0.482904 0.035312 0.000000
vt 0.772937 0.019046 0.000000
vt 0.500000 0.054688 0.000000
vt 0.461863 0.074806 0.000000
vt 0.509310 0.076916 0.000000
vt 0.624403 0.152352 0.000000
vt 0.584756 0.129187 0.000000
vt 0.612907 0.170663 0.000000
vt 0.472059 0.326068 0.000000
vt 0.542289 0.204948 0.000000
vt 0.574206 0.180576 0.000000
vt 0.586041 0.354826 0.000000
vt 0.637709 0.187433 0.000000
vt 0.421959 0.170565 0.000000
vt 0.425328 0.354108 0.000000
vt 0.455995 0.143352 0.000000
vt 0.478609 0.361115 0.000000
vt 0.550030 0.083236 0.000000
vt 0.550781 0.054688 0.000000
vt 0.609437 0.097471 0.000000
vt 0.545296 0.127607 0.000000
vt 0.504378 0.528508 0.000000
vt 0.505831 0.507924 0.000000
vt 0.878852 0.616470 0.000000
vt 0.846929 0.563414 0.000000
vt 0.846929 0.616470 0.000000
vt 0.846929 0.616470 0.000000
vt 0.755056 0.961149 0.000000
vt 0.799510 0.802284 0.000000
vt 0.799510 0.961149 0.000000
vt 0.467705 0.669095 0.000000
vt 0.443719 0.669159 0.000000
vt 0.463577 0.614958 0.000000
vt 0.526154 0.652126 0.000000
vt 0.497210 0.686142 0.000000
vt 0.516596 0.696466 0.000000
vt 0.834973 0.961149 0.000000
vt 0.865920 0.557396 0.000000
vt 0.443719 0.767980 0.000000
vt 0.801006 0.592293 0.000000
vt 0.834745 0.592293 0.000000
vt 0.816415 0.495310 0.000000
vt 0.586763 0.434173 0.000000
vt 0.637897 0.170849 0.000000
vt 0.434960 0.104418 0.000000
vt 0.467705 0.669095 0.000000
vt 0.463577 0.614958 0.000000
vt 0.801006 0.592293 0.000000
vt 0.816406 0.495310 0.000000
vt 0.834745 0.592293 0.000000
vt 0.531313 0.706137 0.000000
vt 0.487042 0.767980 0.000000
vt 0.553172 0.674770 0.000000
vt 0.834745 0.592293 0.000000
vt 0.816415 0.495310 0.000000
vt 0.801006 0.592293 0.000000
vt 0.846929 0.534755 0.000000
vt 0.860681 0.529061 0.000000
vt 0.799510 0.961149 0.000000
vt 0.799510 0.802284 0.000000
vt 0.755056 0.961149 0.000000
vt 0.834973 0.961149 0.000000
vt 0.443719 0.617154 0.000000
vt 0.539958 0.662293 0.000000
vt 0.497210 0.686142 0.000000
vt 0.526154 0.652126 0.000000
vt 0.516596 0.696466 0.000000
vt 0.553172 0.674770 0.000000
vt 0.531313 0.706137 0.000000
vt 0.755258 0.961149 0.000000
vt 0.799309 0.961149 0.000000
vt 0.799309 0.802284 0.000000
vt 0.835175 0.961149 0.000000
vt 0.905094 0.013590 0.000000
vt 0.895326 0.055687 0.000000
vt 0.855922 0.013590 0.000000
vt 0.877164 0.132800 0.000000
vt 0.905094 0.013590 0.000000
vt 0.855922 0.013590 0.000000
vt 0.539947 0.662246 0.000000
vt 0.487042 0.767980 0.000000
vt 0.479860 0.684170 0.000000
vt 0.479860 0.684170 0.000000
vt 0.875726 0.558758 0.000000
vt 0.875726 0.558758 0.000000
vt 0.885951 0.547755 0.000000
vt 0.421959 0.141815 0.000000
vt 0.047981 0.817354 0.000000
vt 0.052646 0.798374 0.000000
vt 0.032455 0.798584 0.000000
vt 0.073366 0.798207 0.000000
vt 0.137286 0.791424 0.000000
vt 0.077385 0.773713 0.000000
vt 0.080770 0.816012 0.000000
vt 0.200272 0.912597 0.000000
vt 0.135479 0.851611 0.000000
vt 0.039444 0.848421 0.000000
vt 0.055391 0.846718 0.000000
vt 0.053519 0.836440 0.000000
vt 0.079527 0.831162 0.000000
vt 0.304754 0.717800 0.000000
vt 0.137581 0.792354 0.000000
vt 0.147111 0.778085 0.000000
vt 0.109750 0.723110 0.000000
vt 0.278601 0.726270 0.000000
vt 0.161196 0.793078 0.000000
vt 0.136962 0.113163 0.000000
vt 0.159402 0.040004 0.000000
vt 0.118655 0.042586 0.000000
vt 0.167949 0.689276 0.000000
vt 0.132990 0.014486 0.000000
vt 0.175247 0.028478 0.000000
vt 0.163083 0.040441 0.000000
vt 0.215518 0.042913 0.000000
vt 0.094870 0.041941 0.000000
vt 0.108577 0.115111 0.000000
vt 0.139462 0.176282 0.000000
vt 0.159401 0.112985 0.000000
vt 0.145535 0.791878 0.000000
vt 0.134007 0.826344 0.000000
vt 0.326367 0.140244 0.000000
vt 0.380221 0.087972 0.000000
vt 0.283154 0.803006 0.000000
vt 0.267260 0.740386 0.000000
vt 0.250097 0.702168 0.000000
vt 0.184806 0.011948 0.000000
vt 0.291720 0.728996 0.000000
vt 0.291720 0.791961 0.000000
vt 0.376872 0.774426 0.000000
vt 0.291720 0.728996 0.000000
vt 0.376872 0.774426 0.000000
vt 0.291720 0.791961 0.000000
vt 0.199880 0.113690 0.000000
vt 0.181906 0.175725 0.000000
vt 0.163076 0.113447 0.000000
vt 0.163076 0.113447 0.000000
vt 0.182044 0.175703 0.000000
vt 0.199880 0.113690 0.000000
vt 0.924706 0.758349 0.000000
vt 0.847077 0.846884 0.000000
vt 0.924707 0.846884 0.000000
vt 0.847076 0.758349 0.000000
vt 0.924707 0.907066 0.000000
vt 0.847076 0.824241 0.000000
vt 0.924706 0.824240 0.000000
vt 0.847077 0.907067 0.000000
vt 0.924706 0.758166 0.000000
vt 0.847076 0.758167 0.000000
vt 0.924707 0.967417 0.000000
vt 0.887140 0.967417 0.000000
vt 0.847077 0.967417 0.000000
vt 0.924707 0.967364 0.000000
vt 0.847077 0.967365 0.000000
vt 0.924706 0.758349 0.000000
vt 0.924707 0.846884 0.000000
vt 0.847077 0.846884 0.000000
vt 0.847076 0.758349 0.000000
vt 0.924707 0.907066 0.000000
vt 0.924706 0.824240 0.000000
vt 0.847076 0.824241 0.000000
vt 0.847077 0.907067 0.000000
vt 0.924706 0.758166 0.000000
vt 0.847076 0.758167 0.000000
vt 0.924707 0.967417 0.000000
vt 0.887140 0.967417 0.000000
vt 0.847077 0.967417 0.000000
vt 0.924707 0.967364 0.000000
vt 0.847077 0.967365 0.000000
vt 0.376586 0.742920 0.000000
vt 0.393230 0.742920 0.000000
vt 0.393230 0.590592 0.000000
vt 0.376586 0.602063 0.000000
vt 0.402207 0.656709 0.000000
vt 0.417676 0.666204 0.000000
vt 0.417676 0.532031 0.000000
vt 0.401831 0.532031 0.000000
vt 0.432275 0.664276 0.000000
vt 0.432275 0.532031 0.000000
vt 0.339283 0.363463 0.000000
vt 0.339283 0.496163 0.000000
vt 0.358876 0.503534 0.000000
vt 0.358876 0.363463 0.000000
vt 0.477697 0.607701 0.000000
vt 0.495665 0.607701 0.000000
vt 0.495665 0.540579 0.000000
vt 0.477697 0.540688 0.000000
vt 0.513679 0.607701 0.000000
vt 0.513679 0.540809 0.000000
vt 0.417993 0.727333 0.000000
vt 0.432275 0.727333 0.000000
vt 0.339283 0.589886 0.000000
vt 0.358875 0.603619 0.000000
vt 0.393230 0.500519 0.000000
vt 0.376586 0.506952 0.000000
vt 0.432275 0.641227 0.000000
vt 0.402207 0.633700 0.000000
vt 0.402207 0.727333 0.000000
vt 0.432275 0.727333 0.000000
vt 0.513679 0.540809 0.000000
vt 0.495665 0.540574 0.000000
vt 0.513679 0.607701 0.000000
vt 0.491779 0.664865 0.000000
vt 0.477697 0.607701 0.000000
vt 0.495665 0.540579 0.000000
vt 0.495665 0.607701 0.000000
vt 0.513679 0.540809 0.000000
vt 0.477697 0.540688 0.000000
vt 0.477697 0.607701 0.000000
vt 0.513679 0.607701 0.000000
vt 0.477697 0.540688 0.000000
vt 0.402207 0.801342 0.000000
vt 0.402207 0.727333 0.000000
vt 0.432275 0.727333 0.000000
vt 0.432275 0.801342 0.000000
vt 0.339283 0.742920 0.000000
vt 0.402207 0.727333 0.000000
vt 0.432275 0.801342 0.000000
vt 0.402207 0.801342 0.000000
vt 0.432275 0.727333 0.000000
vt 0.402207 0.672306 0.000000
vt 0.432275 0.625172 0.000000
vt 0.401830 0.532031 0.000000
vt 0.432275 0.532031 0.000000
vt 0.417677 0.450056 0.000000
vt 0.417676 0.450056 0.000000
vt 0.376586 0.363463 0.000000
vt 0.376586 0.430015 0.000000
vt 0.393230 0.363463 0.000000
vt 0.513679 0.540809 0.000000
vt 0.477697 0.540688 0.000000
vt 0.477697 0.607701 0.000000
vt 0.491780 0.664869 0.000000
vt 0.513679 0.607701 0.000000
vt 0.376586 0.742920 0.000000
vt 0.376586 0.602063 0.000000
vt 0.393230 0.590592 0.000000
vt 0.393230 0.742920 0.000000
vt 0.402207 0.656709 0.000000
vt 0.401831 0.532031 0.000000
vt 0.417676 0.532031 0.000000
vt 0.417676 0.666204 0.000000
vt 0.432275 0.664276 0.000000
vt 0.432275 0.532031 0.000000
vt 0.339283 0.363463 0.000000
vt 0.358876 0.363463 0.000000
vt 0.358876 0.503534 0.000000
vt 0.339283 0.496163 0.000000
vt 0.477697 0.607701 0.000000
vt 0.477697 0.540688 0.000000
vt 0.495665 0.540579 0.000000
vt 0.495665 0.607701 0.000000
vt 0.513679 0.540809 0.000000
vt 0.513679 0.607701 0.000000
vt 0.417993 0.727333 0.000000
vt 0.432275 0.727333 0.000000
vt 0.358875 0.603619 0.000000
vt 0.339283 0.589886 0.000000
vt 0.393230 0.500519 0.000000
vt 0.376586 0.506952 0.000000
vt 0.432275 0.641227 0.000000
vt 0.432275 0.727333 0.000000
vt 0.402207 0.727333 0.000000
vt 0.402207 0.633700 0.000000
vt 0.513679 0.540809 0.000000
vt 0.513679 0.607701 0.000000
vt 0.495665 0.540574 0.000000
vt 0.491779 0.664865 0.000000
vt 0.477697 0.607701 0.000000
vt 0.495665 0.540579 0.000000
vt 0.513679 0.540809 0.000000
vt 0.495665 0.607701 0.000000
vt 0.477697 0.607701 0.000000
vt 0.477697 0.540688 0.000000
vt 0.513679 0.607701 0.000000
vt 0.477697 0.540688 0.000000
vt 0.402207 0.801342 0.000000
vt 0.402207 0.727333 0.000000
vt 0.432275 0.727333 0.000000
vt 0.432275 0.801342 0.000000
vt 0.339283 0.742920 0.000000
vt 0.402207 0.727333 0.000000
vt 0.402207 0.801342 0.000000
vt 0.432275 0.801342 0.000000
vt 0.432275 0.727333 0.000000
vt 0.402207 0.672306 0.000000
vt 0.432275 0.625172 0.000000
vt 0.401830 0.532031 0.000000
vt 0.432275 0.532031 0.000000
vt 0.417677 0.450056 0.000000
vt 0.417676 0.450056 0.000000
vt 0.376586 0.363463 0.000000
vt 0.376586 0.430015 0.000000
vt 0.393230 0.363463 0.000000
vt 0.513679 0.540809 0.000000
vt 0.477697 0.607701 0.000000
vt 0.477697 0.540688 0.000000
vt 0.491780 0.664869 0.000000
vt 0.513679 0.607701 0.000000
vt 0.565058 0.550875 0.000000
vt 0.539633 0.550875 0.000000
vt 0.565058 0.636907 0.000000
vt 0.586592 0.550875 0.000000
vt 0.565058 0.550875 0.000000
vt 0.565058 0.550875 0.000000
vt 0.539633 0.550875 0.000000
vt 0.565058 0.636907 0.000000
vt 0.586592 0.550875 0.000000
vt 0.565058 0.550875 0.000000
vt 0.565058 0.550875 0.000000
vt 0.539633 0.550875 0.000000
vt 0.565058 0.636907 0.000000
vt 0.586592 0.550875 0.000000
vt 0.565058 0.550875 0.000000
usemtl Material_1
f 1/1 2/2 3/3
f 3/3 4/4 1/1
f 5/5 6/6 7/7
f 7/7 8/8 5/5
f 9/9 10/10 11/11
f 11/11 12/12 9/9
f 13/13 14/14 15/15
f 15/15 16/16 13/13
f 17/17 18/18 19/19
f 19/19 20/20 17/17
f 21/21 22/22 23/23
f 23/23 24/24 21/21
f 25/25 18/18 17/17
f 17/17 26/26 25/25
f 27/27 28/28 29/29
f 29/29 30/30 27/27
f 31/31 32/32 33/33
f 33/33 34/34 31/31
f 27/27 30/30 35/35
f 35/35 36/36 27/27
f 37/37 34/34 23/23
f 23/23 22/22 37/37
f 13/13 16/16 18/18
f 18/18 25/25 13/13
f 25/25 26/26 38/38
f 38/38 39/39 25/25
f 40/40 19/19 18/18
f 18/18 16/16 40/40
f 33/33 15/15 14/14
f 14/14 41/41 33/33
f 40/40 16/16 15/15
f 15/15 36/36 40/40
f 23/23 34/34 33/33
f 33/33 41/41 23/23
f 42/42 21/21 24/24
f 24/24 43/43 42/42
f 39/39 38/38 44/44
f 44/44 45/45 39/39
f 46/46 47/47 2/2
f 2/2 1/1 46/46
f 48/48 49/49 47/47
f 47/47 46/46 48/48
f 9/9 50/50 51/51
f 51/51 10/10 9/9
f 52/52 4/4 3/3
f 3/3 53/53 52/52
f 54/54 55/55 56/56
f 56/56 57/57 54/54
f 9/9 58/58 59/59
f 59/59 50/50 9/9
f 60/60 61/61 62/62
f 62/62 63/63 60/60
f 64/64 65/65 66/66
f 67/67 68/68 69/69
f 69/69 70/70 67/67
f 71/71 72/72 73/73
f 73/73 74/74 71/71
f 75/75 76/76 77/77
f 77/77 78/78 75/75
f 75/75 79/79 80/80
f 80/80 76/76 75/75
f 81/81 82/82 83/83
f 83/83 84/84 81/81
f 85/85 86/86 87/87
f 87/87 88/88 85/85
f 89/89 90/90 91/91
f 92/92 93/93 94/94
f 94/94 95/95 92/92
f 93/93 96/96 97/97
f 97/97 94/94 93/93
f 98/98 99/99 100/100
f 100/100 101/101 98/98
f 101/101 100/100 102/102
f 102/102 103/103 101/101
f 99/99 104/104 105/105
f 105/105 100/100 99/99
f 100/100 105/105 106/106
f 106/106 102/102 100/100
f 103/103 102/102 93/93
f 93/93 92/92 103/103
f 102/102 106/106 96/96
f 96/96 93/93 102/102
f 107/107 108/108 109/109
f 109/109 110/110 107/107
f 111/111 112/112 113/113
f 113/113 114/114 111/111
f 114/114 115/115 116/116
f 116/116 111/111 114/114
f 117/117 118/118 119/119
f 119/119 120/120 117/117
f 121/121 122/122 123/123
f 123/123 124/124 121/121
f 111/111 116/116 125/125
f 125/125 126/126 111/111
f 127/127 128/128 129/129
f 129/129 130/130 127/127
f 131/131 132/132 62/62
f 62/62 61/61 131/131
f 60/60 59/59 133/133
f 134/134 60/60 133/133
f 11/11 3/3 12/12
f 51/51 60/60 63/63
f 47/47 135/135 136/136
f 137/137 138/138 139/139
f 140/140 141/141 142/142
f 142/142 141/141 6/6
f 47/47 136/136 2/2
f 58/58 137/137 139/139
f 140/140 143/143 138/138
f 140/140 144/144 141/141
f 140/140 136/136 135/135
f 136/136 138/138 137/137
f 145/145 146/146 133/133
f 143/143 6/6 5/5
f 58/58 145/145 59/59
f 9/9 12/12 58/58
f 136/136 140/140 138/138
f 53/53 3/3 11/11
f 145/145 133/133 59/59
f 147/147 39/39 148/148
f 39/39 13/13 25/25
f 149/149 1/1 4/4
f 150/150 151/151 152/152
f 153/153 154/154 155/155
f 40/40 156/156 19/19
f 31/31 27/27 32/32
f 157/157 30/30 29/29
f 19/19 156/156 155/155
f 158/158 159/159 35/35
f 158/158 35/35 160/160
f 156/156 35/35 161/161
f 155/155 156/156 161/161
f 155/155 20/20 19/19
f 155/155 162/162 153/153
f 33/33 32/32 15/15
f 28/28 31/31 37/37
f 149/149 163/163 46/46
f 14/14 13/13 164/164
f 165/165 166/166 52/52
f 147/147 167/167 168/168
f 168/168 151/151 169/169
f 46/46 1/1 149/149
f 32/32 36/36 15/15
f 52/52 166/166 4/4
f 148/148 39/39 45/45
f 39/39 147/147 169/169
f 169/169 147/147 168/168
f 166/166 170/170 4/4
f 34/34 37/37 31/31
f 159/159 171/171 155/155
f 171/171 158/158 172/172
f 172/172 158/158 160/160
f 32/32 27/27 36/36
f 27/27 31/31 28/28
f 157/157 160/160 30/30
f 23/23 150/150 24/24
f 41/41 14/14 164/164
f 155/155 154/154 20/20
f 40/40 35/35 156/156
f 41/41 150/150 23/23
f 152/152 173/173 24/24
f 163/163 174/174 175/175
f 150/150 164/164 151/151
f 169/169 151/151 164/164
f 164/164 13/13 169/169
f 41/41 164/164 150/150
f 160/160 35/35 30/30
f 151/151 176/176 152/152
f 12/12 2/2 137/137
f 57/57 6/6 54/54
f 47/47 49/49 135/135
f 140/140 135/135 144/144
f 58/58 12/12 137/137
f 143/143 142/142 6/6
f 140/140 142/142 143/143
f 51/51 50/50 60/60
f 59/59 60/60 50/50
f 7/7 6/6 57/57
f 3/3 2/2 12/12
f 6/6 141/141 54/54
f 61/61 60/60 134/134
f 170/170 149/149 4/4
f 168/168 176/176 151/151
f 39/39 169/169 13/13
f 160/160 157/157 177/177
f 178/178 179/179 180/180
f 181/181 182/182 180/180
f 183/183 181/181 180/180
f 184/184 185/185 186/186
f 187/187 188/188 189/189
f 190/190 191/191 192/192
f 193/193 186/186 194/194
f 195/195 196/196 197/197
f 192/192 191/191 198/198
f 184/184 199/199 185/185
f 193/193 200/200 186/186
f 201/201 202/202 203/203
f 204/204 205/205 206/206
f 207/207 183/183 208/208
f 209/209 207/207 196/196
f 210/210 211/211 212/212
f 213/213 214/214 215/215
f 216/216 213/213 215/215
f 194/194 217/217 218/218
f 219/219 194/194 218/218
f 220/220 221/221 222/222
f 222/222 221/221 223/223
f 200/200 197/197 208/208
f 219/219 197/197 194/194
f 197/197 200/200 193/193
f 179/179 184/184 200/200
f 224/224 184/184 179/179
f 183/183 200/200 208/208
f 196/196 208/208 197/197
f 207/207 208/208 196/196
f 186/186 217/217 194/194
f 225/225 226/226 227/227
f 226/226 228/228 227/227
f 188/188 229/229 189/189
f 230/230 231/231 232/232
f 231/231 227/227 232/232
f 183/183 207/207 181/181
f 233/233 232/232 227/227
f 233/233 227/227 234/234
f 234/234 227/227 228/228
f 235/235 187/187 189/189
f 178/178 224/224 179/179
f 160/160 236/236 172/172
f 172/172 236/236 171/171
f 35/35 159/159 161/161
f 161/161 159/159 155/155
f 237/237 238/238 239/239
f 240/240 241/241 242/242
f 243/243 90/90 244/244
f 79/79 244/244 245/245
f 246/246 80/80 247/247
f 248/248 249/249 64/64
f 79/79 245/245 80/80
f 75/75 250/250 243/243
f 238/238 237/237 251/251
f 252/252 253/253 251/251
f 253/253 240/240 242/242
f 242/242 244/244 254/254
f 89/89 254/254 244/244
f 243/243 244/244 75/75
f 238/238 254/254 89/89
f 255/255 68/68 256/256
f 86/86 256/256 87/87
f 257/257 258/258 259/259
f 257/257 73/73 260/260
f 261/261 262/262 263/263
f 264/264 265/265 266/266
f 267/267 268/268 269/269
f 263/263 262/262 270/270
f 271/271 257/257 259/259
f 266/266 272/272 264/264
f 257/257 74/74 73/73
f 273/273 274/274 275/275
f 276/276 250/250 78/78
f 277/277 77/77 246/246
f 276/276 65/65 250/250
f 67/67 66/66 276/276
f 77/77 87/87 256/256
f 78/78 77/77 256/256
f 276/276 78/78 67/67
f 89/89 244/244 90/90
f 240/240 278/278 241/241
f 91/91 279/279 239/239
f 80/80 246/246 76/76
f 75/75 244/244 79/79
f 89/89 91/91 238/238
f 266/266 280/280 281/281
f 282/282 283/283 284/284
f 285/285 286/286 268/268
f 287/287 285/285 268/268
f 288/288 289/289 290/290
f 259/259 291/291 271/271
f 271/271 291/291 292/292
f 293/293 294/294 295/295
f 296/296 293/293 295/295
f 266/266 265/265 297/297
f 280/280 266/266 297/297
f 267/267 298/298 268/268
f 287/287 268/268 298/298
f 299/299 300/300 301/301
f 302/302 300/300 303/303
f 245/245 241/241 80/80
f 304/304 305/305 306/306
f 306/306 305/305 307/307
f 308/308 309/309 310/310
f 310/310 309/309 311/311
f 309/309 312/312 311/311
f 313/313 310/310 311/311
f 308/308 310/310 313/313
f 272/272 269/269 268/268
f 281/281 272/272 266/266
f 257/257 81/81 84/84
f 301/301 300/300 314/314
f 314/314 300/300 302/302
f 272/272 300/300 299/299
f 77/77 277/277 87/87
f 300/300 272/272 315/315
f 303/303 300/300 315/315
f 269/269 272/272 316/316
f 316/316 272/272 281/281
f 264/264 272/272 317/317
f 271/271 318/318 257/257
f 257/257 319/319 74/74
f 257/257 320/320 319/319
f 318/318 81/81 257/257
f 286/286 272/272 268/268
f 277/277 88/88 87/87
f 241/241 278/278 247/247
f 248/248 321/321 279/279
f 248/248 279/279 249/249
f 249/249 279/279 91/91
f 254/254 251/251 242/242
f 238/238 251/251 254/254
f 98/98 322/322 99/99
f 99/99 322/322 104/104
f 108/108 122/122 323/323
f 116/116 124/124 125/125
f 324/324 325/325 326/326
f 327/327 328/328 329/329
f 330/330 331/331 128/128
f 332/332 326/326 327/327
f 121/121 323/323 122/122
f 333/333 112/112 334/334
f 120/120 333/333 334/334
f 123/123 335/335 124/124
f 126/126 112/112 111/111
f 336/336 337/337 338/338
f 335/335 123/123 339/339
f 121/121 115/115 323/323
f 335/335 126/126 125/125
f 335/335 334/334 126/126
f 340/340 130/130 129/129
f 341/341 342/342 55/55
f 343/343 344/344 345/345
f 327/327 329/329 332/332
f 56/56 342/342 346/346
f 335/335 347/347 120/120
f 336/336 108/108 107/107
f 107/107 110/110 324/324
f 338/338 123/123 122/122
f 107/107 324/324 337/337
f 337/337 339/339 338/338
f 336/336 107/107 337/337
f 337/337 324/324 332/332
f 332/332 339/339 337/337
f 110/110 109/109 348/348
f 110/110 348/348 325/325
f 122/122 336/336 338/338
f 124/124 335/335 125/125
f 340/340 349/349 344/344
f 350/350 351/351 352/352
f 335/335 339/339 332/332
f 131/131 134/134 353/353
f 354/354 352/352 351/351
f 331/331 340/340 129/129
f 342/342 56/56 55/55
f 355/355 356/356 357/357
f 354/354 351/351 358/358
f 351/351 350/350 359/359
f 350/350 360/360 361/361
f 350/350 352/352 360/360
f 351/351 359/359 358/358
f 350/350 361/361 359/359
f 362/362 347/347 335/335
f 329/329 127/127 130/130
f 324/324 110/110 325/325
f 332/332 324/324 326/326
f 327/327 326/326 328/328
f 328/328 127/127 329/329
f 335/335 332/332 363/363
f 329/329 363/363 332/332
f 335/335 120/120 334/334
f 123/123 338/338 339/339
f 108/108 336/336 122/122
f 331/331 129/129 128/128
f 48/48 46/46 163/163
f 163/163 175/175 364/364
f 24/24 150/150 152/152
f 197/197 193/193 194/194
f 185/185 365/365 186/186
f 366/366 367/367 368/368
f 366/366 369/369 367/367
f 369/369 370/370 367/367
f 61/61 134/134 131/131
f 343/343 130/130 344/344
f 355/355 371/371 356/356
f 121/121 116/116 115/115
f 243/243 249/249 90/90
f 249/249 243/243 64/64
f 77/77 76/76 246/246
f 64/64 243/243 65/65
f 272/272 299/299 317/317
f 80/80 241/241 247/247
f 253/253 242/242 251/251
f 237/237 252/252 251/251
f 238/238 91/91 239/239
f 68/68 67/67 256/256
f 86/86 255/255 256/256
f 78/78 256/256 67/67
f 163/163 149/149 174/174
f 35/35 40/40 36/36
f 158/158 171/171 159/159
f 184/184 224/224 199/199
f 184/184 186/186 200/200
f 116/116 121/121 124/124
f 340/340 344/344 130/130
f 347/347 117/117 120/120
f 120/120 119/119 333/333
f 333/333 113/113 112/112
f 126/126 334/334 112/112
f 7/7 57/57 56/56
f 241/241 245/245 242/242
f 372/372 373/373 374/374
f 375/375 376/376 377/377
f 378/378 379/379 380/380
f 380/380 381/381 378/378
f 382/382 383/383 384/384
f 384/384 385/385 382/382
f 386/386 387/387 11/11
f 11/11 10/10 386/386
f 388/388 389/389 390/390
f 390/390 391/391 388/388
f 392/392 393/393 394/394
f 394/394 395/395 392/392
f 396/396 397/397 398/398
f 398/398 399/399 396/396
f 400/400 401/401 392/392
f 392/392 395/395 400/400
f 402/402 403/403 404/404
f 404/404 405/405 402/402
f 406/406 407/407 408/408
f 408/408 409/409 406/406
f 402/402 410/410 411/411
f 411/411 403/403 402/402
f 412/412 399/399 398/398
f 398/398 407/407 412/412
f 388/388 400/400 395/395
f 395/395 389/389 388/388
f 400/400 413/413 414/414
f 414/414 401/401 400/400
f 415/415 389/389 395/395
f 395/395 394/394 415/415
f 408/408 416/416 391/391
f 391/391 390/390 408/408
f 415/415 410/410 390/390
f 390/390 389/389 415/415
f 398/398 416/416 408/408
f 408/408 407/407 398/398
f 42/42 43/43 397/397
f 397/397 396/396 42/42
f 413/413 45/45 44/44
f 44/44 414/414 413/413
f 417/417 378/378 381/381
f 381/381 418/418 417/417
f 48/48 417/417 418/418
f 418/418 49/49 48/48
f 386/386 10/10 51/51
f 51/51 419/419 386/386
f 52/52 53/53 380/380
f 380/380 379/379 52/52
f 54/54 420/420 421/421
f 421/421 55/55 54/54
f 386/386 419/419 422/422
f 422/422 423/423 386/386
f 424/424 63/63 62/62
f 62/62 425/425 424/424
f 426/426 427/427 428/428
f 429/429 430/430 431/431
f 431/431 432/432 429/429
f 433/433 434/434 435/435
f 435/435 436/436 433/433
f 437/437 438/438 439/439
f 439/439 440/440 437/437
f 437/437 440/440 441/441
f 441/441 442/442 437/437
f 443/443 444/444 445/445
f 445/445 446/446 443/443
f 447/447 448/448 449/449
f 449/449 450/450 447/447
f 451/451 452/452 453/453
f 92/92 454/454 455/455
f 455/455 456/456 92/92
f 456/456 455/455 97/97
f 97/97 96/96 456/456
f 98/98 101/101 457/457
f 457/457 458/458 98/98
f 101/101 103/103 459/459
f 459/459 457/457 101/101
f 458/458 457/457 105/105
f 105/105 104/104 458/458
f 457/457 459/459 106/106
f 106/106 105/105 457/457
f 103/103 92/92 456/456
f 456/456 459/459 103/103
f 459/459 456/456 96/96
f 96/96 106/106 459/459
f 460/460 461/461 109/109
f 109/109 108/108 460/460
f 462/462 114/114 113/113
f 113/113 463/463 462/462
f 114/114 462/462 464/464
f 464/464 115/115 114/114
f 465/465 466/466 119/119
f 119/119 118/118 465/465
f 467/467 468/468 469/469
f 469/469 470/470 467/467
f 462/462 471/471 472/472
f 472/472 464/464 462/462
f 473/473 474/474 475/475
f 475/475 476/476 473/473
f 477/477 425/425 62/62
f 62/62 132/132 477/477
f 424/424 478/478 422/422
f 479/479 478/478 424/424
f 11/11 387/387 380/380
f 51/51 63/63 424/424
f 418/418 480/480 135/135
f 481/481 482/482 483/483
f 484/484 485/485 141/141
f 485/485 385/385 141/141
f 418/418 381/381 480/480
f 423/423 482/482 481/481
f 484/484 483/483 486/486
f 484/484 141/141 144/144
f 484/484 135/135 480/480
f 480/480 481/481 483/483
f 487/487 478/478 488/488
f 486/486 382/382 385/385
f 423/423 422/422 487/487
f 386/386 423/423 387/387
f 480/480 483/483 484/484
f 53/53 11/11 380/380
f 487/487 422/422 478/478
f 489/489 148/148 413/413
f 413/413 400/400 388/388
f 490/490 379/379 378/378
f 491/491 492/492 493/493
f 494/494 495/495 496/496
f 415/415 394/394 497/497
f 406/406 409/409 402/402
f 498/498 404/404 403/403
f 394/394 495/495 497/497
f 499/499 411/411 500/500
f 499/499 501/501 411/411
f 497/497 502/502 411/411
f 495/495 502/502 497/497
f 495/495 394/394 393/393
f 495/495 503/503 504/504
f 408/408 390/390 409/409
f 405/405 412/412 406/406
f 490/490 417/417 505/505
f 391/391 506/506 388/388
f 165/165 52/52 507/507
f 489/489 508/508 509/509
f 508/508 510/510 493/493
f 417/417 490/490 378/378
f 409/409 390/390 410/410
f 52/52 379/379 507/507
f 148/148 45/45 413/413
f 413/413 510/510 489/489
f 510/510 508/508 489/489
f 507/507 379/379 511/511
f 407/407 406/406 412/412
f 500/500 495/495 504/504
f 504/504 512/512 499/499
f 512/512 501/501 499/499
f 409/409 410/410 402/402
f 402/402 405/405 406/406
f 498/498 403/403 501/501
f 398/398 397/397 491/491
f 416/416 506/506 391/391
f 495/495 393/393 496/496
f 415/415 497/497 411/411
f 416/416 398/398 491/491
f 492/492 397/397 513/513
f 505/505 514/514 515/515
f 491/491 493/493 506/506
f 510/510 506/506 493/493
f 506/506 510/510 388/388
f 416/416 491/491 506/506
f 501/501 403/403 411/411
f 493/493 492/492 516/516
f 387/387 481/481 381/381
f 420/420 54/54 385/385
f 418/418 135/135 49/49
f 484/484 144/144 135/135
f 423/423 481/481 387/387
f 486/486 385/385 485/485
f 484/484 486/486 485/485
f 51/51 424/424 419/419
f 422/422 419/419 424/424
f 384/384 420/420 385/385
f 380/380 387/387 381/381
f 385/385 54/54 141/141
f 425/425 479/479 424/424
f 511/511 379/379 490/490
f 508/508 493/493 516/516
f 413/413 388/388 510/510
f 501/501 517/517 498/498
f 518/518 519/519 520/520
f 521/521 519/519 522/522
f 523/523 519/519 521/521
f 524/524 525/525 526/526
f 527/527 528/528 529/529
f 530/530 531/531 532/532
f 533/533 534/534 525/525
f 535/535 536/536 537/537
f 531/531 538/538 532/532
f 524/524 526/526 539/539
f 533/533 525/525 540/540
f 541/541 542/542 543/543
f 544/544 545/545 546/546
f 547/547 548/548 523/523
f 549/549 537/537 547/547
f 550/550 551/551 552/552
f 553/553 554/554 555/555
f 556/556 554/554 553/553
f 534/534 557/557 558/558
f 559/559 557/557 534/534
f 560/560 561/561 562/562
f 561/561 563/563 562/562
f 540/540 548/548 536/536
f 559/559 534/534 536/536
f 536/536 533/533 540/540
f 520/520 540/540 524/524
f 564/564 520/520 524/524
f 523/523 548/548 540/540
f 537/537 536/536 548/548
f 547/547 537/537 548/548
f 525/525 534/534 558/558
f 565/565 566/566 567/567
f 567/567 566/566 568/568
f 529/529 528/528 569/569
f 570/570 571/571 572/572
f 572/572 571/571 566/566
f 523/523 521/521 547/547
f 573/573 566/566 571/571
f 573/573 574/574 566/566
f 574/574 568/568 566/566
f 575/575 528/528 527/527
f 518/518 520/520 564/564
f 501/501 512/512 576/576
f 512/512 504/504 576/576
f 411/411 502/502 500/500
f 502/502 495/495 500/500
f 577/577 578/578 579/579
f 580/580 581/581 582/582
f 583/583 584/584 453/453
f 442/442 585/585 584/584
f 586/586 587/587 441/441
f 588/588 589/589 590/590
f 442/442 441/441 585/585
f 437/437 583/583 591/591
f 579/579 592/592 577/577
f 593/593 592/592 594/594
f 594/594 581/581 580/580
f 581/581 584/584 585/585
f 451/451 584/584 595/595
f 583/583 437/437 584/584
f 579/579 451/451 595/595
f 596/596 597/597 432/432
f 450/450 449/449 597/597
f 598/598 599/599 600/600
f 598/598 601/601 435/435
f 602/602 603/603 604/604
f 605/605 606/606 607/607
f 608/608 609/609 610/610
f 603/603 611/611 604/604
f 612/612 599/599 598/598
f 606/606 605/605 613/613
f 598/598 435/435 434/434
f 614/614 615/615 616/616
f 426/426 438/438 591/591
f 617/617 586/586 439/439
f 426/426 591/591 427/427
f 429/429 428/428 430/430
f 439/439 597/597 449/449
f 438/438 597/597 439/439
f 426/426 429/429 438/438
f 451/451 453/453 584/584
f 580/580 582/582 618/618
f 452/452 578/578 619/619
f 441/441 440/440 586/586
f 437/437 442/442 584/584
f 451/451 579/579 452/452
f 606/606 620/620 621/621
f 622/622 623/623 624/624
f 625/625 610/610 626/626
f 627/627 610/610 625/625
f 628/628 629/629 630/630
f 599/599 612/612 631/631
f 612/612 632/632 631/631
f 633/633 634/634 635/635
f 636/636 634/634 633/633
f 606/606 637/637 607/607
f 621/621 637/637 606/606
f 608/608 610/610 638/638
f 627/627 638/638 610/610
f 639/639 640/640 641/641
f 642/642 643/643 641/641
f 585/585 441/441 582/582
f 644/644 645/645 646/646
f 645/645 647/647 646/646
f 648/648 649/649 650/650
f 649/649 651/651 650/650
f 650/650 651/651 652/652
f 653/653 651/651 649/649
f 648/648 653/653 649/649
f 613/613 610/610 609/609
f 620/620 606/606 613/613
f 598/598 444/444 443/443
f 640/640 654/654 641/641
f 654/654 642/642 641/641
f 613/613 639/639 641/641
f 439/439 449/449 617/617
f 641/641 655/655 613/613
f 643/643 655/655 641/641
f 609/609 656/656 613/613
f 656/656 620/620 613/613
f 605/605 657/657 613/613
f 612/612 598/598 658/658
f 598/598 434/434 659/659
f 598/598 659/659 660/660
f 658/658 598/598 443/443
f 626/626 610/610 613/613
f 617/617 449/449 448/448
f 582/582 587/587 618/618
f 588/588 619/619 661/661
f 588/588 590/590 619/619
f 590/590 452/452 619/619
f 595/595 581/581 592/592
f 579/579 595/595 592/592
f 98/98 458/458 322/322
f 458/458 104/104 322/322
f 108/108 323/323 470/470
f 464/464 472/472 468/468
f 662/662 663/663 664/664
f 665/665 666/666 667/667
f 330/330 476/476 331/331
f 668/668 665/665 663/663
f 467/467 470/470 323/323
f 333/333 669/669 463/463
f 466/466 669/669 333/333
f 469/469 468/468 670/670
f 471/471 462/462 463/463
f 671/671 672/672 673/673
f 670/670 674/674 469/469
f 467/467 323/323 115/115
f 670/670 472/472 471/471
f 670/670 471/471 669/669
f 340/340 475/475 474/474
f 341/341 55/55 675/675
f 676/676 677/677 678/678
f 665/665 668/668 666/666
f 421/421 679/679 675/675
f 670/670 466/466 680/680
f 671/671 460/460 108/108
f 460/460 662/662 461/461
f 672/672 470/470 469/469
f 460/460 673/673 662/662
f 673/673 672/672 674/674
f 671/671 673/673 460/460
f 673/673 668/668 662/662
f 668/668 673/673 674/674
f 461/461 348/348 109/109
f 461/461 664/664 348/348
f 470/470 672/672 671/671
f 468/468 472/472 670/670
f 340/340 678/678 349/349
f 681/681 682/682 683/683
f 670/670 668/668 674/674
f 477/477 684/684 479/479
f 685/685 683/683 682/682
f 331/331 475/475 340/340
f 675/675 55/55 421/421
f 686/686 687/687 688/688
f 685/685 689/689 683/683
f 683/683 690/690 681/681
f 681/681 691/691 692/692
f 681/681 692/692 682/682
f 683/683 689/689 690/690
f 681/681 690/690 691/691
f 693/693 670/670 680/680
f 666/666 474/474 473/473
f 662/662 664/664 461/461
f 668/668 663/663 662/662
f 665/665 667/667 663/663
f 667/667 666/666 473/473
f 670/670 694/694 668/668
f 666/666 668/668 694/694
f 670/670 669/669 466/466
f 469/469 674/674 672/672
f 108/108 470/470 671/671
f 331/331 476/476 475/475
f 48/48 505/505 417/417
f 505/505 695/695 514/514
f 397/397 492/492 491/491
f 536/536 534/534 533/533
f 526/526 525/525 696/696
f 366/366 697/697 698/698
f 366/366 698/698 369/369
f 369/369 698/698 699/699
f 425/425 477/477 479/479
f 676/676 678/678 474/474
f 686/686 688/688 700/700
f 467/467 115/115 464/464
f 583/583 453/453 590/590
f 590/590 589/589 583/583
f 439/439 586/586 440/440
f 589/589 427/427 583/583
f 613/613 657/657 639/639
f 441/441 587/587 582/582
f 594/594 592/592 581/581
f 577/577 592/592 593/593
f 579/579 578/578 452/452
f 432/432 597/597 429/429
f 450/450 597/597 596/596
f 438/438 429/429 597/597
f 505/505 515/515 490/490
f 411/411 410/410 415/415
f 499/499 500/500 504/504
f 524/524 539/539 564/564
f 524/524 540/540 525/525
f 464/464 468/468 467/467
f 340/340 474/474 678/678
f 680/680 466/466 465/465
f 466/466 333/333 119/119
f 333/333 463/463 113/113
f 471/471 463/463 669/669
f 384/384 421/421 420/420
f 582/582 581/581 585/585
f 701/701 702/702 703/703
f 704/704 705/705 706/706
f 707/707 708/708 709/709
f 707/707 709/709 357/357
f 356/356 707/707 357/357
f 710/710 711/711 712/712
f 687/687 710/710 712/712
f 687/687 712/712 688/688
f 67/67 70/70 66/66
f 429/429 426/426 428/428
f 713/713 714/714 715/715
f 714/714 713/713 716/716
f 717/717 718/718 719/719
f 718/718 717/717 720/720
f 721/721 719/719 718/718
f 718/718 722/722 721/721
f 723/723 724/724 717/717
f 725/725 720/720 724/724
f 726/726 715/715 714/714
f 727/727 726/726 714/714
f 720/720 717/717 724/724
f 728/728 729/729 730/730
f 730/730 731/731 728/728
f 732/732 733/733 734/734
f 734/734 735/735 732/732
f 736/736 734/734 733/733
f 734/734 736/736 737/737
f 738/738 732/732 739/739
f 740/740 739/739 735/735
f 741/741 730/730 729/729
f 742/742 730/730 741/741
f 735/735 739/739 732/732
f 743/743 744/744 745/745
f 745/745 746/746 743/743
f 747/747 748/748 749/749
f 749/749 750/750 747/747
f 751/751 752/752 749/749
f 749/749 748/748 751/751
f 753/753 754/754 755/755
f 755/755 756/756 753/753
f 757/757 758/758 759/759
f 759/759 760/760 757/757
f 758/758 761/761 762/762
f 762/762 759/759 758/758
f 763/763 764/764 751/751
f 751/751 748/748 763/763
f 755/755 754/754 765/765
f 765/765 766/766 755/755
f 767/767 768/768 746/746
f 746/746 745/745 767/767
f 768/768 755/755 766/766
f 766/766 746/746 768/768
f 769/769 770/770 771/771
f 771/771 772/772 769/769
f 773/773 774/774 775/775
f 776/776 775/775 777/777
f 778/778 779/779 780/780
f 778/778 781/781 782/782
f 776/776 783/783 779/779
f 776/776 779/779 782/782
f 774/774 784/784 777/777
f 782/782 779/779 778/778
f 774/774 777/777 775/775
f 780/780 779/779 783/783
f 785/785 763/763 786/786
f 787/787 763/763 788/788
f 766/766 743/743 746/746
f 788/788 763/763 785/785
f 765/765 789/789 766/766
f 766/766 789/789 743/743
f 790/790 791/791 792/792
f 790/790 793/793 791/791
f 794/794 786/786 748/748
f 770/770 769/769 795/795
f 796/796 770/770 797/797
f 795/795 797/797 770/770
f 749/749 798/798 750/750
f 752/752 798/798 749/749
f 797/797 799/799 796/796
f 800/800 756/756 801/801
f 802/802 801/801 767/767
f 803/803 804/804 805/805
f 758/758 757/757 806/806
f 807/807 805/805 806/806
f 761/761 758/758 806/806
f 786/786 763/763 748/748
f 768/768 767/767 801/801
f 755/755 768/768 801/801
f 756/756 755/755 801/801
f 801/801 802/802 800/800
f 803/803 805/805 807/807
f 808/808 809/809 810/810
f 810/810 811/811 808/808
f 812/812 813/813 814/814
f 814/814 815/815 812/812
f 816/816 815/815 814/814
f 814/814 817/817 816/816
f 818/818 819/819 820/820
f 820/820 821/821 818/818
f 822/822 823/823 824/824
f 824/824 825/825 822/822
f 825/825 824/824 826/826
f 826/826 827/827 825/825
f 828/828 815/815 816/816
f 816/816 829/829 828/828
f 820/820 830/830 831/831
f 831/831 821/821 820/820
f 832/832 810/810 809/809
f 809/809 833/833 832/832
f 833/833 809/809 830/830
f 830/830 820/820 833/833
f 834/834 835/835 836/836
f 836/836 837/837 834/834
f 838/838 839/839 840/840
f 841/841 842/842 839/839
f 843/843 844/844 845/845
f 843/843 846/846 847/847
f 841/841 845/845 848/848
f 841/841 846/846 845/845
f 840/840 842/842 849/849
f 846/846 843/843 845/845
f 840/840 839/839 842/842
f 844/844 848/848 845/845
f 850/850 851/851 828/828
f 852/852 853/853 828/828
f 830/830 809/809 808/808
f 853/853 850/850 828/828
f 831/831 830/830 854/854
f 830/830 808/808 854/854
f 855/855 856/856 857/857
f 855/855 857/857 858/858
f 859/859 815/815 851/851
f 837/837 860/860 834/834
f 861/861 862/862 837/837
f 860/860 837/837 862/862
f 814/814 813/813 863/863
f 817/817 814/814 863/863
f 862/862 861/861 864/864
f 865/865 866/866 819/819
f 867/867 832/832 866/866
f 868/868 869/869 870/870
f 825/825 871/871 822/822
f 872/872 871/871 869/869
f 827/827 871/871 825/825
f 851/851 815/815 828/828
f 833/833 866/866 832/832
f 820/820 866/866 833/833
f 819/819 866/866 820/820
f 866/866 865/865 867/867
f 868/868 872/872 869/869
f 90/90 249/249 91/91
f 452/452 590/590 453/453
f 250/250 75/75 78/78
f 65/65 276/276 66/66
f 438/438 437/437 591/591
f 427/427 589/589 428/428
f 242/242 245/245 244/244
f 581/581 595/595 584/584
f 155/155 171/171 162/162
f 495/495 494/494 503/503
f 873/873 874/874 875/875
f 876/876 873/873 875/875
f 877/877 875/875 874/874
f 876/876 875/875 877/877
f 878/878 879/879 880/880
f 881/881 878/878 880/880
f 882/882 880/880 879/879
f 881/881 880/880 882/882
f 883/883 884/884 885/885
f 886/886 883/883 885/885
f 887/887 885/885 884/884
f 886/886 885/885 887/887
f 136/136 137/137 2/2
f 381/381 481/481 480/480

g Demon_Jikezhe
v -2.063943 432.267700 446.042000
v 7.642386 434.223200 450.771400
v 5.024843 436.120900 456.886300
v -1.083018 434.257600 454.367800
v -2.151921 433.877900 434.758600
v 8.070624 432.538700 440.900900
v 5.233720 394.865700 478.759900
v 5.340994 395.606500 474.219700
v 7.507222 396.879200 474.697300
v 6.477438 395.575900 479.011100
v 5.198608 397.640500 473.289200
v 7.506460 398.689000 473.749400
v 7.460888 397.503400 476.203100
v 5.233154 396.284200 475.504400
v 7.506460 398.689000 473.749400
v 9.183087 401.983400 477.142100
v 8.899375 400.155700 478.964400
v 8.565956 438.119100 457.189400
v 8.091508 397.047300 479.553900
v 4.581057 464.100100 442.944500
v 5.981644 457.670500 458.715700
v 8.870767 458.965800 444.978300
v 0.626345 460.842200 455.294900
v 1.335920 463.849900 444.534500
v 8.765913 452.839300 459.150000
v 11.223440 416.152600 494.588300
v 15.170870 422.111100 485.667200
v 21.238250 422.602000 487.769800
v 35.187620 442.299400 491.151800
v 25.129110 431.151000 492.508300
v 25.912040 425.720900 488.018600
v 25.912040 425.720900 488.018600
v 22.681740 428.073200 482.927400
v 28.341720 432.592900 485.388200
v 30.325710 427.851800 489.608100
v 25.132720 424.686300 496.511700
v 21.260540 420.946700 497.375400
v 17.361450 429.902400 499.302700
v 22.754870 432.004100 498.699500
v 22.754870 432.004100 498.699500
v 35.187620 442.299400 491.151800
v 21.349940 440.347100 492.991800
v 27.607990 432.943700 498.219100
v 18.813890 436.550700 497.448000
v 10.217090 427.513900 497.687100
v -6.272419 436.388500 454.598700
v -9.002851 436.047500 448.628000
v -12.983700 441.102400 436.065000
v 3.870543 395.348200 478.912400
v 2.957528 396.481900 474.525000
v 2.781930 397.094800 476.025800
v 2.716183 398.270700 473.567900
v -9.461669 438.570700 455.477600
v 1.990027 396.514400 479.322800
v 0.702889 399.439900 478.653900
v -2.290813 464.736300 446.141600
v -7.098713 460.096800 447.484000
v -4.551795 456.060900 460.140400
v 0.626345 460.842200 455.294900
v 1.335920 463.849900 444.534500
v -7.851357 451.828000 459.908700
v -10.188240 411.465400 492.072600
v -14.012570 409.239400 479.080100
v -8.767429 412.565400 480.783400
v -33.716090 415.457300 464.086400
v -18.225860 408.621800 475.405800
v -23.112620 413.689300 476.240200
v -18.225860 408.621800 475.405800
v -20.654640 412.012800 468.875200
v -13.746970 411.984000 472.161800
v -22.811400 407.554300 473.312700
v -23.241770 409.176400 482.358800
v -20.019880 408.916700 486.749300
v -22.733880 418.412800 485.492600
v -26.362490 416.476000 481.375200
v -26.362490 416.476000 481.375200
v -27.902690 419.406600 474.610500
v -33.716090 415.457300 464.086400
v -29.280170 414.017300 478.195900
v -25.032710 422.339800 480.103300
v -16.412010 421.040300 489.026300
v -24.169370 411.591800 511.934800
v -14.093060 422.295200 491.387800
v -15.892370 429.155100 490.228100
v -30.070830 435.630000 510.508800
v -25.502710 400.312000 523.197000
v -38.556250 434.681000 519.549600
v -24.213180 377.745700 535.235200
v -40.828720 466.186000 512.813700
v -44.136690 408.764700 540.885100
v -36.082010 432.994900 537.548000
v -54.945030 440.014800 545.821000
v -33.595790 397.354200 533.609500
v -52.545550 423.517600 533.785200
v -57.336280 441.676200 535.070400
v -64.787590 492.495300 524.171000
v 14.357940 417.442900 520.176600
v 18.743160 445.031400 519.663600
v 13.655710 432.528500 495.664700
v 12.714320 425.485200 496.502700
v 12.634070 407.436500 532.488600
v 9.009625 386.089000 544.936700
v 22.513980 444.191100 531.336500
v 24.834290 476.207000 527.647200
v 29.847130 413.715200 559.847500
v 33.964210 446.873200 564.708600
v 29.157000 431.228200 554.541600
v 19.674500 402.637500 550.489500
v 29.675150 434.192600 550.969400
v 32.705140 450.846700 555.906700
v 43.306130 502.266400 556.637300
v 0.244729 401.202800 476.803500
v 2.716183 398.270700 473.567900
vt 0.012622 0.115998 0.000000
vt 0.078484 0.126495 0.000000
vt 0.045859 0.179898 0.000000
vt 0.012622 0.185325 0.000000
vt 0.012622 0.011549 0.000000
vt 0.078484 0.038430 0.000000
vt 0.011525 0.797735 0.000000
vt 0.011207 0.731944 0.000000
vt 0.037078 0.732900 0.000000
vt 0.032455 0.798584 0.000000
vt 0.179277 0.675809 0.000000
vt 0.179276 0.724818 0.000000
vt 0.222117 0.724819 0.000000
vt 0.222118 0.675809 0.000000
vt 0.037144 0.720460 0.000000
vt 0.086254 0.750185 0.000000
vt 0.077385 0.773713 0.000000
vt 0.078484 0.171103 0.000000
vt 0.052646 0.798374 0.000000
vt 0.286168 0.026917 0.000000
vt 0.269546 0.150052 0.000000
vt 0.242685 0.050232 0.000000
vt 0.326367 0.140244 0.000000
vt 0.326367 0.024660 0.000000
vt 0.222788 0.157694 0.000000
vt 0.246427 0.979174 0.000000
vt 0.332016 0.979174 0.000000
vt 0.360769 0.940131 0.000000
vt 0.291720 0.876379 0.000000
vt 0.291720 0.791961 0.000000
vt 0.376872 0.774426 0.000000
vt 0.454407 0.913403 0.000000
vt 0.428265 0.979174 0.000000
vt 0.585191 0.979174 0.000000
vt 0.540990 0.889960 0.000000
vt 0.402193 0.834882 0.000000
vt 0.286815 0.897352 0.000000
vt 0.367627 0.944098 0.000000
vt 0.376872 0.774426 0.000000
vt 0.454407 0.913403 0.000000
vt 0.782999 0.979574 0.000000
vt 0.579521 0.979174 0.000000
vt 0.540990 0.889960 0.000000
vt 0.428265 0.979174 0.000000
vt 0.318760 0.979174 0.000000
vt 0.045859 0.179898 0.000000
vt 0.078484 0.126495 0.000000
vt 0.078484 0.038430 0.000000
vt 0.032455 0.798584 0.000000
vt 0.037078 0.732900 0.000000
vt 0.222117 0.724819 0.000000
vt 0.179276 0.724818 0.000000
vt 0.078484 0.171103 0.000000
vt 0.052646 0.798374 0.000000
vt 0.077385 0.773713 0.000000
vt 0.286168 0.026917 0.000000
vt 0.242685 0.050232 0.000000
vt 0.269546 0.150052 0.000000
vt 0.326367 0.140244 0.000000
vt 0.326367 0.024660 0.000000
vt 0.222788 0.157694 0.000000
vt 0.246427 0.979174 0.000000
vt 0.360769 0.940131 0.000000
vt 0.332016 0.979174 0.000000
vt 0.291720 0.876379 0.000000
vt 0.376872 0.774426 0.000000
vt 0.291720 0.791961 0.000000
vt 0.454407 0.913403 0.000000
vt 0.585191 0.979174 0.000000
vt 0.428265 0.979174 0.000000
vt 0.540990 0.889960 0.000000
vt 0.402193 0.834882 0.000000
vt 0.286815 0.897352 0.000000
vt 0.367627 0.944098 0.000000
vt 0.376872 0.774426 0.000000
vt 0.454407 0.913403 0.000000
vt 0.579521 0.979174 0.000000
vt 0.782999 0.979574 0.000000
vt 0.540990 0.889960 0.000000
vt 0.428265 0.979174 0.000000
vt 0.318760 0.979174 0.000000
vt 0.805355 0.769336 0.000000
vt 0.910896 0.692685 0.000000
vt 0.910896 0.649269 0.000000
vt 0.793215 0.627824 0.000000
vt 0.752162 0.849360 0.000000
vt 0.722160 0.633348 0.000000
vt 0.725843 0.946055 0.000000
vt 0.722160 0.464844 0.000000
vt 0.546687 0.872985 0.000000
vt 0.564212 0.724330 0.000000
vt 0.436992 0.831523 0.000000
vt 0.639327 0.913787 0.000000
vt 0.607178 0.693650 0.000000
vt 0.598596 0.589239 0.000000
vt 0.598596 0.325692 0.000000
vt 0.805355 0.769336 0.000000
vt 0.793215 0.627824 0.000000
vt 0.910896 0.649269 0.000000
vt 0.910896 0.692685 0.000000
vt 0.752162 0.849360 0.000000
vt 0.725843 0.946055 0.000000
vt 0.722160 0.633348 0.000000
vt 0.722160 0.464844 0.000000
vt 0.546687 0.872985 0.000000
vt 0.436992 0.831523 0.000000
vt 0.564212 0.724330 0.000000
vt 0.639327 0.913787 0.000000
vt 0.607178 0.693650 0.000000
vt 0.598596 0.589239 0.000000
vt 0.598596 0.325692 0.000000
vt 0.086254 0.750185 0.000000
vt 0.037144 0.720460 0.000000
usemtl Material_2
f 888/888 889/889 890/890
f 890/890 891/891 888/888
f 892/892 893/893 889/889
f 889/889 888/888 892/892
f 894/894 895/895 896/896
f 896/896 897/897 894/894
f 898/898 899/899 900/900
f 900/900 901/901 898/898
f 902/902 903/903 904/904
f 905/905 890/890 889/889
f 897/897 896/896 906/906
f 896/896 904/904 906/906
f 907/907 908/908 909/909
f 910/910 908/908 907/907
f 910/910 907/907 911/911
f 908/908 912/912 909/909
f 913/913 914/914 915/915
f 916/916 917/917 918/918
f 919/919 920/920 921/921
f 922/922 923/923 919/919
f 923/923 924/924 919/919
f 919/919 924/924 915/915
f 913/913 924/924 925/925
f 916/916 926/926 917/917
f 927/927 928/928 929/929
f 930/930 927/927 923/923
f 923/923 927/927 924/924
f 927/927 931/931 925/925
f 915/915 924/924 913/913
f 925/925 931/931 932/932
f 925/925 924/924 927/927
f 915/915 920/920 919/919
f 929/929 931/931 927/927
f 921/921 928/928 919/919
f 932/932 913/913 925/925
f 914/914 920/920 915/915
f 888/888 891/891 933/933
f 933/933 934/934 888/888
f 892/892 888/888 934/934
f 934/934 935/935 892/892
f 894/894 936/936 937/937
f 937/937 895/895 894/894
f 898/898 901/901 938/938
f 938/938 939/939 898/898
f 940/940 934/934 933/933
f 936/936 941/941 937/937
f 937/937 941/941 942/942
f 943/943 944/944 945/945
f 946/946 943/943 945/945
f 946/946 947/947 943/943
f 945/945 944/944 948/948
f 949/949 950/950 951/951
f 952/952 953/953 954/954
f 955/955 956/956 957/957
f 958/958 955/955 959/959
f 959/959 955/955 960/960
f 955/955 950/950 960/960
f 949/949 961/961 960/960
f 952/952 954/954 962/962
f 963/963 964/964 965/965
f 966/966 959/959 963/963
f 959/959 960/960 963/963
f 963/963 961/961 967/967
f 950/950 949/949 960/960
f 961/961 968/968 967/967
f 961/961 963/963 960/960
f 950/950 955/955 957/957
f 964/964 963/963 967/967
f 956/956 955/955 965/965
f 968/968 961/961 949/949
f 951/951 950/950 957/957
f 969/969 970/970 971/971
f 971/971 972/972 969/969
f 973/973 974/974 975/975
f 973/973 969/969 972/972
f 972/972 976/976 974/974
f 977/977 978/978 979/979
f 980/980 981/981 978/978
f 980/980 978/978 977/977
f 981/981 975/975 974/974
f 973/973 972/972 974/974
f 981/981 980/980 975/975
f 982/982 981/981 974/974
f 974/974 983/983 982/982
f 984/984 985/985 986/986
f 986/986 987/987 984/984
f 988/988 989/989 990/990
f 988/988 985/985 984/984
f 985/985 990/990 991/991
f 992/992 993/993 994/994
f 995/995 994/994 996/996
f 995/995 992/992 994/994
f 996/996 990/990 989/989
f 988/988 990/990 985/985
f 996/996 989/989 995/995
f 997/997 990/990 996/996
f 990/990 997/997 998/998
f 942/942 999/999 1000/1000

g demon_jikezhe_1
v 35.686440 467.125100 463.173800
v 33.044720 465.871000 465.790000
v 40.097840 467.580100 469.316100
v 40.097840 467.580100 469.316100
v 35.765150 463.402400 464.411300
v 40.097840 467.580100 469.316100
v 40.097840 467.580100 469.316100
v 40.097840 467.580100 469.316100
v 40.097840 467.580100 469.316100
v 31.634230 464.313300 458.530500
v 30.141510 462.214800 461.490800
v 24.918980 461.172800 454.449900
v 24.918980 461.172800 454.449900
v 28.469140 465.609300 460.453500
v 24.918980 461.172800 454.449900
v 24.918980 461.172800 454.449900
v 24.918980 461.172800 454.449900
v 24.918980 461.172800 454.449900
v 31.423850 467.070100 459.271300
v 28.937140 466.319700 462.212200
v 27.714480 474.467200 460.371500
v 27.714480 474.467200 460.371500
v 32.263410 468.281300 462.907700
v 27.714480 474.467200 460.371500
v 27.714480 474.467200 460.371500
v 27.714480 474.467200 460.371500
v 27.714480 474.467200 460.371500
vt 0.351563 0.015625 0.000000
vt 0.351563 0.050781 0.000000
vt 0.406250 0.031250 0.000000
vt 0.406250 0.031250 0.000000
vt 0.351563 0.031250 0.000000
vt 0.406250 0.031250 0.000000
vt 0.406250 0.031250 0.000000
vt 0.406250 0.031250 0.000000
vt 0.406250 0.031250 0.000000
vt 0.351563 0.015625 0.000000
vt 0.351563 0.050781 0.000000
vt 0.406250 0.031250 0.000000
vt 0.406250 0.031250 0.000000
vt 0.351563 0.031250 0.000000
vt 0.406250 0.031250 0.000000
vt 0.406250 0.031250 0.000000
vt 0.406250 0.031250 0.000000
vt 0.406250 0.031250 0.000000
vt 0.351563 0.015625 0.000000
vt 0.351563 0.050781 0.000000
vt 0.406250 0.031250 0.000000
vt 0.406250 0.031250 0.000000
vt 0.351563 0.031250 0.000000
vt 0.406250 0.031250 0.000000
vt 0.406250 0.031250 0.000000
vt 0.406250 0.031250 0.000000
vt 0.406250 0.031250 0.000000
usemtl Material_1
f 1001/1001 1002/1002 1003/1003
f 1003/1003 1004/1004 1001/1001
f 1002/1002 1005/1005 1006/1006
f 1006/1006 1003/1003 1002/1002
f 1005/1005 1001/1001 1004/1004
f 1004/1004 1006/1006 1005/1005
f 1007/1007 1008/1008 1009/1009
f 1010/1010 1011/1011 1012/1012
f 1012/1012 1013/1013 1010/1010
f 1011/1011 1014/1014 1015/1015
f 1015/1015 1012/1012 1011/1011
f 1014/1014 1010/1010 1013/1013
f 1013/1013 1015/1015 1014/1014
f 1016/1016 1017/1017 1018/1018
f 1019/1019 1020/1020 1021/1021
f 1021/1021 1022/1022 1019/1019
f 1020/1020 1023/1023 1024/1024
f 1024/1024 1021/1021 1020/1020
f 1023/1023 1019/1019 1022/1022
f 1022/1022 1024/1024 1023/1023
f 1025/1025 1026/1026 1027/1027

g 22
v 8.358242 413.001900 494.689800
v 24.223120 418.812400 490.061700
v 17.653460 417.893300 488.739900
v 45.360490 438.132800 498.472400
v 30.265720 421.325100 492.292900
v 27.221750 423.306000 498.877200
v 30.265720 421.325100 492.292900
v 34.818780 429.516400 489.738500
v 28.043040 425.933000 484.528200
v 35.483600 422.472700 496.078200
v 26.716520 418.826800 502.117000
v 21.265090 415.151100 501.636200
v 16.944290 426.814800 501.366500
v 24.002440 428.035900 503.004800
v 24.002440 428.035900 503.004800
v 28.586940 435.670800 499.458700
v 45.360490 438.132800 498.472400
v 30.224980 427.961400 504.631300
v 20.042930 434.863400 499.295200
v 8.691116 422.135100 497.629600
v 27.861070 425.254700 486.039200
v 25.533040 423.319400 481.768700
v 24.107920 421.010200 484.003600
v 25.155420 420.633100 488.628700
v 22.791660 421.092500 479.176500
v 22.286910 420.005400 481.352400
v 18.111390 418.007800 479.559500
v 23.030350 416.806800 501.364200
v 23.613850 414.365400 503.535900
v 21.238890 415.541100 504.307900
v 19.589100 419.354100 501.056000
v 19.278190 413.129100 501.700100
v 17.780780 414.708200 499.585500
v 21.689110 407.924000 507.104000
v 20.429260 409.144800 507.549600
v 19.284400 408.386800 505.238200
v 15.251690 401.260000 507.835800
v 22.207150 416.750200 497.131000
v 23.504400 413.424100 501.016100
v 22.035040 407.738400 505.315000
v 19.763720 433.141100 499.718100
v 17.839260 427.557100 501.110700
v 14.161120 430.693400 500.460400
v 14.686730 433.965500 499.872500
v 10.666560 431.441600 500.170600
v 10.019630 433.731500 499.861400
v 5.872658 430.216200 498.984900
v 27.221750 423.306000 498.877200
v 30.265720 421.325100 492.292900
v 22.327540 417.161000 501.089800
v 24.002440 428.035900 503.004800
vt 0.246427 0.979174 0.000000
vt 0.364198 0.942114 0.000000
vt 0.325388 0.979174 0.000000
vt 0.296875 0.875000 0.000000
vt 0.378906 0.785156 0.000000
vt 0.296875 0.792969 0.000000
vt 0.454407 0.913403 0.000000
vt 0.585191 0.979174 0.000000
vt 0.428265 0.979174 0.000000
vt 0.540990 0.889960 0.000000
vt 0.402193 0.834882 0.000000
vt 0.286815 0.897352 0.000000
vt 0.364198 0.942114 0.000000
vt 0.378906 0.785156 0.000000
vt 0.454407 0.913403 0.000000
vt 0.579521 0.979174 0.000000
vt 0.782999 0.979574 0.000000
vt 0.540990 0.889960 0.000000
vt 0.428265 0.979174 0.000000
vt 0.325388 0.979174 0.000000
vt 0.582649 0.539063 0.000000
vt 0.582649 0.590820 0.000000
vt 0.539063 0.590820 0.000000
vt 0.527344 0.539063 0.000000
vt 0.582649 0.644531 0.000000
vt 0.554688 0.644531 0.000000
vt 0.582649 0.695313 0.000000
vt 0.761719 0.964844 0.000000
vt 0.761719 0.914063 0.000000
vt 0.792969 0.914063 0.000000
vt 0.792969 0.964844 0.000000
vt 0.824219 0.914063 0.000000
vt 0.824219 0.964844 0.000000
vt 0.769531 0.863281 0.000000
vt 0.792969 0.863281 0.000000
vt 0.816406 0.863281 0.000000
vt 0.792969 0.816406 0.000000
vt 0.792969 0.964844 0.000000
vt 0.792969 0.914063 0.000000
vt 0.792969 0.863281 0.000000
vt 0.582649 0.539063 0.000000
vt 0.527344 0.539063 0.000000
vt 0.539063 0.590820 0.000000
vt 0.582649 0.590820 0.000000
vt 0.554688 0.644531 0.000000
vt 0.582649 0.644531 0.000000
vt 0.582649 0.695313 0.000000
vt 0.296875 0.792969 0.000000
vt 0.378906 0.785156 0.000000
vt 0.296875 0.742188 0.000000
vt 0.378906 0.785156 0.000000
usemtl Material_2
f 1029/1029 1028/1028 1030/1030
f 1032/1032 1031/1031 1033/1033
f 1035/1035 1034/1034 1036/1036
f 1034/1034 1037/1037 1038/1038
f 1034/1034 1038/1038 1039/1039
f 1029/1029 1034/1034 1039/1039
f 1040/1040 1028/1028 1039/1039
f 1033/1033 1031/1031 1041/1041
f 1043/1043 1042/1042 1044/1044
f 1038/1038 1045/1045 1042/1042
f 1039/1039 1038/1038 1042/1042
f 1040/1040 1042/1042 1046/1046
f 1028/1028 1029/1029 1039/1039
f 1047/1047 1040/1040 1046/1046
f 1042/1042 1040/1040 1039/1039
f 1034/1034 1029/1029 1036/1036
f 1042/1042 1043/1043 1046/1046
f 1034/1034 1035/1035 1044/1044
f 1040/1040 1047/1047 1028/1028
f 1029/1029 1030/1030 1036/1036
f 1049/1049 1048/1048 1050/1050
f 1051/1051 1050/1050 1048/1048
f 1052/1052 1049/1049 1053/1053
f 1050/1050 1053/1053 1049/1049
f 1052/1052 1053/1053 1054/1054
f 1056/1056 1055/1055 1057/1057
f 1058/1058 1057/1057 1055/1055
f 1057/1057 1058/1058 1059/1059
f 1060/1060 1059/1059 1058/1058
f 1061/1061 1056/1056 1062/1062
f 1057/1057 1062/1062 1056/1056
f 1062/1062 1057/1057 1063/1063
f 1059/1059 1063/1063 1057/1057
f 1064/1064 1061/1061 1062/1062
f 1064/1064 1062/1062 1063/1063
f 1065/1065 1055/1055 1066/1066
f 1056/1056 1066/1066 1055/1055
f 1060/1060 1065/1065 1059/1059
f 1066/1066 1059/1059 1065/1065
f 1066/1066 1056/1056 1067/1067
f 1061/1061 1067/1067 1056/1056
f 1059/1059 1066/1066 1063/1063
f 1067/1067 1063/1063 1066/1066
f 1067/1067 1061/1061 1064/1064
f 1063/1063 1067/1067 1064/1064
f 1069/1069 1068/1068 1070/1070
f 1071/1071 1070/1070 1068/1068
f 1070/1070 1071/1071 1072/1072
f 1073/1073 1072/1072 1071/1071
f 1074/1074 1072/1072 1073/1073
f 1076/1076 1075/1075 1077/1077
f 1075/1075 1078/1078 1077/1077

g demon_jikezhe_1
v -47.761650 432.242600 440.613400
v -44.941780 433.131500 443.192900
v -52.111940 433.717700 447.965000
v -52.111940 433.717700 447.965000
v -46.750210 429.654600 443.383800
v -52.111940 433.717700 447.965000
v -52.111940 433.717700 447.965000
v -52.111940 433.717700 447.965000
v -52.111940 433.717700 447.965000
v -42.917490 428.873400 437.286300
v -40.948020 428.887200 440.680000
v -35.808980 426.714400 434.276900
v -35.808980 426.714400 434.276900
v -40.347550 431.737900 438.051600
v -35.808980 426.714400 434.276900
v -35.808980 426.714400 434.276900
v -35.808980 426.714400 434.276900
v -35.808980 426.714400 434.276900
v -43.569600 431.595400 436.687800
v -41.058700 433.014500 439.348100
v -42.340930 438.673100 433.012400
v -42.340930 438.673100 433.012400
v -44.840290 434.054000 439.469200
v -42.340930 438.673100 433.012400
v -42.340930 438.673100 433.012400
v -42.340930 438.673100 433.012400
v -42.340930 438.673100 433.012400
vt 0.351563 0.015625 0.000000
vt 0.351563 0.050781 0.000000
vt 0.406250 0.031250 0.000000
vt 0.406250 0.031250 0.000000
vt 0.351563 0.031250 0.000000
vt 0.406250 0.031250 0.000000
vt 0.406250 0.031250 0.000000
vt 0.406250 0.031250 0.000000
vt 0.406250 0.031250 0.000000
vt 0.351563 0.015625 0.000000
vt 0.351563 0.050781 0.000000
vt 0.406250 0.031250 0.000000
vt 0.406250 0.031250 0.000000
vt 0.351563 0.031250 0.000000
vt 0.406250 0.031250 0.000000
vt 0.406250 0.031250 0.000000
vt 0.406250 0.031250 0.000000
vt 0.406250 0.031250 0.000000
vt 0.351563 0.015625 0.000000
vt 0.351563 0.050781 0.000000
vt 0.406250 0.031250 0.000000
vt 0.406250 0.031250 0.000000
vt 0.351563 0.031250 0.000000
vt 0.406250 0.031250 0.000000
vt 0.406250 0.031250 0.000000
vt 0.406250 0.031250 0.000000
vt 0.406250 0.031250 0.000000
usemtl Material_1
f 1080/1080 1079/1079 1081/1081
f 1082/1082 1081/1081 1079/1079
f 1083/1083 1080/1080 1084/1084
f 1081/1081 1084/1084 1080/1080
f 1079/1079 1083/1083 1082/1082
f 1084/1084 1082/1082 1083/1083
f 1086/1086 1085/1085 1087/1087
f 1089/1089 1088/1088 1090/1090
f 1091/1091 1090/1090 1088/1088
f 1092/1092 1089/1089 1093/1093
f 1090/1090 1093/1093 1089/1089
f 1088/1088 1092/1092 1091/1091
f 1093/1093 1091/1091 1092/1092
f 1095/1095 1094/1094 1096/1096
f 1098/1098 1097/1097 1099/1099
f 1100/1100 1099/1099 1097/1097
f 1101/1101 1098/1098 1102/1102
f 1099/1099 1102/1102 1098/1098
f 1097/1097 1101/1101 1100/1100
f 1102/1102 1100/1100 1101/1101
f 1104/1104 1103/1103 1105/1105

g 22
v -9.483424 409.437700 494.457700
v -17.221730 405.137900 481.660000
v -11.122160 407.911100 484.102900
v -42.527710 408.268100 471.159900
v -23.037250 403.586300 479.584400
v -27.656160 406.444600 485.617900
v -23.037250 403.586300 479.584400
v -27.234320 407.717100 472.740500
v -18.525250 408.940100 473.366700
v -28.892220 401.340000 479.500400
v -26.815420 403.223900 489.255300
v -22.011050 403.414900 492.733900
v -24.574210 415.441000 490.478300
v -29.963380 412.270400 487.949100
v -29.963380 412.270400 487.949100
v -33.256760 415.968700 480.564100
v -42.527710 408.268100 471.159900
v -34.342300 408.529800 486.254000
v -28.270690 420.281600 484.714200
v -17.295610 419.379200 493.887300
v -19.172150 408.433200 474.787100
v -14.174890 408.377700 473.445100
v -13.955440 407.235500 476.541700
v -17.519040 406.136600 479.547000
v -9.983687 408.258400 473.618000
v -10.739020 407.579700 475.815200
v -6.435411 408.448900 477.158300
v -23.474470 403.749300 491.133900
v -24.218520 401.334800 493.293500
v -23.997710 403.642300 494.552100
v -22.540470 407.836800 491.625500
v -20.129400 402.919100 494.414100
v -18.568100 405.159700 493.023700
v -22.864330 397.062700 499.036400
v -23.029800 398.772000 499.521600
v -20.511050 398.911000 498.640400
v -17.078930 395.343600 504.900800
v -20.111160 404.349000 488.460400
v -22.026140 400.731100 491.841700
v -21.740660 396.781400 497.639300
v -27.669010 419.023500 485.753700
v -25.193410 415.536100 489.615400
v -24.153690 420.254700 489.763000
v -25.441840 422.639100 487.946900
v -22.427110 422.906400 490.921500
v -22.861270 425.160600 490.198400
v -18.545770 424.740100 492.724700
v -27.656160 406.444600 485.617900
v -23.037250 403.586300 479.584400
v -23.067050 404.457200 491.138600
v -29.963380 412.270400 487.949100
vt 0.250000 0.980469 0.000000
vt 0.367188 0.941406 0.000000
vt 0.328125 0.980469 0.000000
vt 0.296875 0.867188 0.000000
vt 0.377889 0.796458 0.000000
vt 0.296875 0.792969 0.000000
vt 0.454407 0.913403 0.000000
vt 0.585191 0.979174 0.000000
vt 0.428265 0.979174 0.000000
vt 0.540990 0.889960 0.000000
vt 0.402193 0.834882 0.000000
vt 0.286815 0.897352 0.000000
vt 0.367188 0.941406 0.000000
vt 0.377889 0.796458 0.000000
vt 0.454407 0.913403 0.000000
vt 0.579521 0.979174 0.000000
vt 0.782999 0.979574 0.000000
vt 0.540990 0.889960 0.000000
vt 0.428265 0.979174 0.000000
vt 0.328125 0.980469 0.000000
vt 0.582649 0.539063 0.000000
vt 0.582649 0.590820 0.000000
vt 0.539063 0.590820 0.000000
vt 0.527344 0.539063 0.000000
vt 0.582649 0.644531 0.000000
vt 0.554688 0.644531 0.000000
vt 0.582649 0.695313 0.000000
vt 0.761719 0.964844 0.000000
vt 0.761719 0.914063 0.000000
vt 0.792969 0.914063 0.000000
vt 0.792969 0.964844 0.000000
vt 0.824219 0.914063 0.000000
vt 0.824219 0.964844 0.000000
vt 0.769531 0.863281 0.000000
vt 0.792969 0.863281 0.000000
vt 0.816406 0.863281 0.000000
vt 0.792969 0.816406 0.000000
vt 0.792969 0.964844 0.000000
vt 0.792969 0.914063 0.000000
vt 0.792969 0.863281 0.000000
vt 0.582649 0.539063 0.000000
vt 0.527344 0.539063 0.000000
vt 0.539063 0.590820 0.000000
vt 0.582649 0.590820 0.000000
vt 0.554688 0.644531 0.000000
vt 0.582649 0.644531 0.000000
vt 0.582649 0.695313 0.000000
vt 0.296875 0.792969 0.000000
vt 0.378906 0.796458 0.000000
vt 0.296875 0.738281 0.000000
vt 0.378906 0.796458 0.000000
usemtl Material_2
f 1106/1106 1107/1107 1108/1108
f 1109/1109 1110/1110 1111/1111
f 1112/1112 1113/1113 1114/1114
f 1115/1115 1112/1112 1116/1116
f 1116/1116 1112/1112 1117/1117
f 1112/1112 1107/1107 1117/1117
f 1106/1106 1118/1118 1117/1117
f 1109/1109 1111/1111 1119/1119
f 1120/1120 1121/1121 1122/1122
f 1123/1123 1116/1116 1120/1120
f 1116/1116 1117/1117 1120/1120
f 1120/1120 1118/1118 1124/1124
f 1107/1107 1106/1106 1117/1117
f 1118/1118 1125/1125 1124/1124
f 1118/1118 1120/1120 1117/1117
f 1107/1107 1112/1112 1114/1114
f 1121/1121 1120/1120 1124/1124
f 1113/1113 1112/1112 1122/1122
f 1125/1125 1118/1118 1106/1106
f 1108/1108 1107/1107 1114/1114
f 1126/1126 1127/1127 1128/1128
f 1128/1128 1129/1129 1126/1126
f 1127/1127 1130/1130 1131/1131
f 1131/1131 1128/1128 1127/1127
f 1131/1131 1130/1130 1132/1132
f 1133/1133 1134/1134 1135/1135
f 1135/1135 1136/1136 1133/1133
f 1136/1136 1135/1135 1137/1137
f 1137/1137 1138/1138 1136/1136
f 1134/1134 1139/1139 1140/1140
f 1140/1140 1135/1135 1134/1134
f 1135/1135 1140/1140 1141/1141
f 1141/1141 1137/1137 1135/1135
f 1139/1139 1142/1142 1140/1140
f 1140/1140 1142/1142 1141/1141
f 1133/1133 1143/1143 1144/1144
f 1144/1144 1134/1134 1133/1133
f 1143/1143 1138/1138 1137/1137
f 1137/1137 1144/1144 1143/1143
f 1134/1134 1144/1144 1145/1145
f 1145/1145 1139/1139 1134/1134
f 1144/1144 1137/1137 1141/1141
f 1141/1141 1145/1145 1144/1144
f 1139/1139 1145/1145 1142/1142
f 1145/1145 1141/1141 1142/1142
f 1146/1146 1147/1147 1148/1148
f 1148/1148 1149/1149 1146/1146
f 1149/1149 1148/1148 1150/1150
f 1150/1150 1151/1151 1149/1149
f 1150/1150 1152/1152 1151/1151
f 1153/1153 1154/1154 1155/1155
f 1156/1156 1153/1153 1155/1155

