mtllib sisyphus.mtl

g Sisyphus
v -18.860290 -1.564700 46.034210
v -20.255030 -1.015150 46.376570
v -20.567690 -1.267910 44.950410
v -19.201090 -1.836440 44.862030
v -21.244900 0.599170 44.823730
v -21.040690 0.858190 46.329250
v -20.472240 3.502889 45.871620
v -20.615080 3.174109 44.445970
v -17.514810 -0.871050 45.672940
v -17.587110 -1.199730 44.464200
v -17.848840 1.101640 43.955210
v -17.441780 1.217530 45.238250
v -17.848840 1.101640 43.955210
v -18.983530 3.385280 43.815190
v -18.566180 3.556709 45.242440
v -17.441780 1.217530 45.238250
v -18.450760 -3.916981 40.249570
v -16.985540 -2.618301 40.040160
v -17.157770 -1.974941 42.335860
v -18.822720 -3.195500 42.478840
v -19.379930 -3.149670 37.566700
v -18.175530 -4.208080 38.031430
v -20.000620 -2.662230 39.703320
v -20.000620 -2.662230 39.703320
v -16.985540 -2.618301 40.040160
v -17.073910 -3.053310 37.930340
v -19.379930 -3.149670 37.566700
v -17.186680 -3.206460 35.938010
v -18.898120 -3.155670 35.708030
v -21.706350 3.625529 39.032650
v -20.110600 3.348430 38.664090
v -20.324110 2.863389 36.656600
v -21.541760 3.259171 36.667350
v -22.390980 1.472040 36.559890
v -22.698920 -0.632500 36.520630
v -22.814870 -0.555850 39.349410
v -22.457180 1.629199 39.218510
v -21.038490 3.060489 34.875600
v -20.152070 2.597399 35.162600
v -19.844240 2.470329 33.913700
v -20.556400 2.871369 33.327760
v -21.841920 1.353749 34.636130
v -20.974000 1.208900 32.508880
v -21.084480 -0.781550 32.273300
v -21.950700 -0.700171 34.433730
v -21.739150 -2.639301 34.140250
v -20.996890 -2.634799 32.340440
v -20.345150 -2.540161 32.727150
v -20.690240 -2.615383 34.478540
v -20.770840 -0.629262 34.571690
v -20.348020 -0.617432 33.074300
v -20.101540 1.107289 33.258460
v -20.552800 1.143889 34.768360
v -20.936240 -1.117020 36.282140
v -20.762020 -0.716546 38.504810
v -20.392200 -2.627850 38.870940
v -20.820140 -2.667070 36.314870
v -21.084480 -0.781550 32.273300
v -20.974000 1.208900 32.508880
v -17.073910 -3.053310 37.930340
v -19.940670 3.957690 48.351780
v -17.853140 4.145691 47.206140
v -16.552220 1.445879 46.959270
v -16.884000 -0.763340 47.465280
v -16.552220 1.445879 46.959270
v -18.079130 -1.578320 48.108280
v -15.981230 5.998040 57.166630
v -13.528130 5.768661 55.923710
v -14.154840 5.422531 54.504020
v -16.873480 5.540970 55.868430
v -18.726980 -1.027649 52.736160
v -19.874160 1.483901 52.989910
v -20.580220 1.107701 48.881470
v -19.707550 -1.005730 48.734670
v -19.802750 3.736729 52.621620
v -20.490280 2.889110 48.701820
v -14.999250 -0.349600 50.866630
v -16.519900 -1.556290 51.695630
v -14.385650 2.082811 50.316020
v -13.178340 2.484897 53.118530
v -13.686380 0.153060 53.540090
v -14.385650 2.082811 50.316020
v -15.704430 5.050260 50.649120
v -14.559030 5.437941 53.170540
v -13.178340 2.484897 53.118530
v -15.562770 -0.931680 54.478200
v -17.232890 5.541010 51.218410
v -16.181150 5.789041 53.871700
v -17.857700 -0.461349 55.531500
v -19.098670 1.762610 55.651740
v -17.872320 5.404330 54.685130
v -18.799820 5.088600 52.032200
v -18.962010 4.086610 55.289400
v -22.461000 -1.094770 36.407550
v -22.181020 -2.574000 36.534110
v -22.231070 -2.477871 39.534230
v -20.690240 -2.615383 34.478540
v -20.345150 -2.540161 32.727150
v -20.483180 -1.566204 32.647360
v -20.762850 -1.364216 34.406210
v -20.996890 -2.634799 32.340440
v -21.144430 -1.545888 32.224460
v -21.095100 -0.634100 36.260990
v -20.759670 1.226765 36.470670
v -20.499790 1.143558 38.452010
v -22.814870 -0.555850 39.349410
v -22.698920 -0.632500 36.520630
v -21.950700 -0.700171 34.433730
v -21.880590 -1.337261 33.974880
v -21.144430 -1.545888 32.224460
v -21.880590 -1.337261 33.974880
v -21.144430 -1.545888 32.224460
v -17.864250 1.895460 57.326030
v -17.263390 1.949821 58.942260
v -17.302850 4.548110 58.431480
v -18.039640 4.258600 56.812890
v -21.478710 -2.044310 42.211410
v -22.242830 0.051080 41.987670
v -11.014220 2.331281 73.182010
v -9.775401 -0.063969 71.974560
v -7.280001 0.678242 72.486400
v -8.858289 2.566852 73.739320
v -8.050385 6.019001 73.621150
v -10.762590 5.405419 72.765060
v -8.027201 7.768441 71.684950
v -10.325660 7.184422 70.993340
v -13.891180 -0.417639 64.995820
v -13.252300 -0.535049 68.100360
v -14.600700 2.408490 68.367770
v -15.069080 2.338042 65.002050
v -11.889860 -0.276219 70.478330
v -13.172890 2.273852 71.282570
v -12.570890 5.457932 70.919750
v -13.736320 5.379661 68.286570
v -9.264800 0.978862 64.077840
v -10.774720 -0.886528 65.093220
v -12.163180 -1.488329 60.865560
v -10.519640 0.644840 60.136620
v -8.937530 2.983297 63.956060
v -9.919360 2.822839 60.562840
v -10.846750 7.066671 61.681320
v -10.127660 6.801052 65.177310
v -14.006920 6.963261 62.557330
v -12.791470 6.830431 65.392940
v -14.917340 -0.832790 61.872940
v -15.950180 -0.707709 58.869820
v -13.754590 -1.097729 57.667610
v -15.010610 -0.492510 55.764950
v -16.526150 -0.398270 57.061860
v -16.283950 2.192740 62.348480
v -15.839060 5.096621 62.865590
v -14.481490 4.982952 65.301820
v -12.483950 6.412480 57.761840
v -15.315590 6.589370 58.999140
v -9.042936 -0.643900 65.515660
v -8.652090 -1.933578 66.459370
v -10.555870 -1.175989 65.842460
v -22.009830 1.827000 41.840580
v -11.912330 0.836291 57.104910
v -12.973990 0.748520 55.600200
v -20.820140 -2.667070 36.314870
v -22.461000 -1.094770 36.407550
v -8.937530 2.983297 63.956060
v -9.919360 2.822839 60.562840
v -11.470890 2.827981 57.013490
v -12.646670 2.363040 55.391500
v -21.366650 3.708340 41.751380
v -2.830510 -2.635568 80.030580
v -2.358520 -3.098957 79.793620
v -2.304758 -3.058234 80.636880
v -2.711979 -2.652289 80.701330
v -1.831108 -2.896278 77.367600
v -1.980258 -2.976518 78.282360
v -2.506739 -2.357579 78.317790
v -2.246419 -2.203198 77.352550
v -0.624670 -2.737179 75.414850
v -0.762441 -3.233758 75.450730
v -1.484078 -2.616918 76.091530
v -1.473431 -2.176417 75.912460
v 0.000000 -0.072048 86.611800
v -1.478940 -0.018587 86.377620
v -1.365489 -2.703669 85.456350
v 0.000000 -2.880377 85.665470
v -1.459650 1.358177 86.453220
v 0.000000 1.327487 86.694850
v 0.000000 2.796335 86.554640
v -1.440360 2.804255 86.362170
v -1.370788 -4.044008 83.509210
v 0.000000 -4.322338 83.523360
v -0.499519 -3.824138 76.901920
v -0.673960 -3.542068 75.926760
v 0.000001 -3.853868 76.060700
v 0.000001 -3.982608 76.910700
v 0.000000 3.914539 85.883320
v -1.434236 3.840961 85.726380
v -2.719020 3.846803 83.824150
v -1.428111 4.602133 84.142810
v -1.407580 4.863354 81.613490
v -2.651691 4.132903 81.434190
v -2.628469 -2.178307 84.766420
v -2.788730 0.041871 85.570630
v -2.472169 -3.083768 83.337930
v -0.000001 4.941113 81.651150
v -0.000001 4.757202 84.264230
v -1.785960 -3.486388 81.081930
v -1.830899 -3.302658 80.470460
v -1.166370 -3.461362 80.426730
v -1.125669 -3.559949 80.941190
v -0.958431 -4.128317 80.999400
v -1.784607 -3.843787 81.295220
v -2.310925 -3.184256 81.034340
v -0.512938 -3.986187 77.117390
v -0.923780 -3.744537 77.267620
v -1.053368 -3.485047 77.069530
v -0.313628 -4.753918 79.090260
v 0.000002 -4.955608 79.107180
v 0.000002 -4.581227 80.215770
v -0.272850 -4.472017 80.196340
v -1.977901 -2.338328 76.571360
v -2.347510 -1.380358 76.547720
v -3.088039 -1.979269 81.223530
v -3.141079 -1.522458 80.188020
v -2.655251 -2.492858 79.116600
v -2.182389 -3.070228 79.017600
v -1.444250 -3.515238 79.773070
v -1.344530 -3.589099 78.680340
v -0.804439 -3.918427 78.805040
v -0.829238 -3.771457 79.909860
v -3.159740 -1.571987 83.600760
v -3.009111 -2.196837 82.972570
v -3.396320 0.240099 84.156940
v -2.773051 2.697745 85.594790
v -3.454051 2.442622 84.033290
v -0.788409 -3.574519 80.576650
v -0.552998 -3.962879 80.632730
v -0.548948 -4.132338 80.075360
v -0.647378 -4.283748 78.951320
v -2.498238 -3.410910 81.410130
v -0.342257 -4.078659 77.529020
v 0.000001 -4.136318 77.522070
v 0.000001 -4.308509 77.932620
v -0.504328 -4.167308 77.895350
v -2.520659 -3.542043 81.673320
v -1.742428 -4.055339 81.513440
v -0.666940 -4.539379 81.155200
v -0.304119 -4.350167 80.650860
v -1.311880 -3.121758 76.381770
v -1.597660 -2.973458 76.737330
v 0.000000 -3.546728 75.395770
v 0.000000 -2.922668 75.273020
v -4.421730 1.930653 79.999240
v -3.337290 2.078742 80.184440
v -3.025600 1.115701 78.664860
v -3.743600 1.078443 78.938190
v -4.035650 1.242123 82.239430
v -4.466870 2.149893 82.468980
v -4.726040 1.780023 82.044780
v -4.182020 0.998456 81.536800
v -3.497666 0.468743 81.346250
v -3.896090 0.740850 81.099540
v -7.878281 0.427009 2.284363
v -6.001142 -1.058371 4.164473
v -5.902543 0.780679 5.520494
v -7.225760 2.968129 4.894624
v -4.330770 -7.795502 -0.004902
v -3.476140 -4.664321 -0.004902
v -4.010180 -4.998950 1.758213
v -4.689930 -7.314392 1.280913
v -9.132792 -3.584172 1.739023
v -6.499590 -4.352591 2.039403
v -6.654840 -7.250721 1.395143
v -8.543560 -6.341291 1.256473
v -9.000031 -6.698671 -0.004902
v -6.733690 -7.920660 -0.004902
v -8.125400 2.207788 -0.004902
v -9.883041 -3.312922 -0.004902
v -7.735250 6.267489 -0.004902
v -3.928751 6.132309 -0.004902
v -3.456872 3.419629 -0.004902
v -8.125400 2.207788 -0.004902
v -6.649582 5.593258 4.576152
v -7.735250 6.267489 -0.004902
v -3.877551 2.899859 4.809963
v -3.456872 3.419629 -0.004902
v -3.928751 6.132309 -0.004902
v -4.997181 5.636859 4.507642
v -4.330770 -7.795502 -0.004902
v -9.000031 -6.698671 -0.004902
v -9.883041 -3.312922 -0.004902
v -3.476140 -4.664321 -0.004902
v -3.892361 0.000149 -0.004902
v -4.252271 -0.234461 2.858273
v -6.649582 5.593258 4.576152
v -7.283861 5.632725 11.768400
v -4.716891 5.808295 11.746500
v -4.997181 5.636859 4.507642
v -1.816670 -3.704318 38.987590
v -4.542468 -5.170787 39.928340
v -5.151119 -4.270334 33.388670
v -2.737801 -2.863895 32.429660
v -3.571501 -2.291574 28.802300
v -5.428729 -3.183384 28.975310
v -8.838449 1.409817 23.310360
v -8.448021 0.862234 25.383840
v -7.227301 3.303279 26.240140
v -7.677221 4.100187 23.779760
v -3.851831 4.814808 23.990410
v -3.958041 6.088316 21.017080
v -8.123416 5.384634 20.792750
v -7.209001 -1.955220 26.794170
v -7.312150 -1.422625 24.526210
v -5.666210 -2.415685 24.371750
v -5.501711 -3.110530 26.737740
v -0.683770 -0.195439 37.760100
v -0.183500 -0.050966 42.089130
v -1.550259 -3.476834 43.014790
v -7.046540 3.315122 29.384630
v -3.562840 3.390162 29.202680
v -4.133421 3.601500 26.263390
v -6.916212 4.159940 37.261710
v -2.310571 4.213761 37.171450
v -2.821230 3.872817 33.281540
v -7.005382 3.800776 33.236320
v -4.009211 -1.936720 26.641970
v -4.072401 -4.837303 44.370150
v -1.896500 4.112086 41.866400
v -1.774270 4.327120 44.258200
v -0.253620 0.560141 44.270500
v -0.183500 -0.050966 42.089130
v -4.616050 1.147775 11.280430
v -3.807051 0.412183 15.975120
v -5.978681 -0.428180 15.718340
v -5.901340 0.469875 11.356030
v -9.378160 2.972409 16.559090
v -8.141351 3.154645 11.584700
v -7.002271 1.057025 11.431640
v -7.800881 0.494591 15.942400
v -7.720851 5.992187 14.071200
v -4.466211 6.215418 14.074900
v -3.584081 3.107944 11.082730
v -3.116181 3.268347 13.448260
v -7.225760 2.968129 4.894624
v -3.584081 3.107944 11.082730
v -3.877551 2.899859 4.809963
v -3.116181 3.268347 13.448260
v -4.096372 6.579213 17.743530
v -8.245641 6.141022 17.617290
v -3.731221 -0.066599 19.254110
v -5.950931 -1.023349 19.023780
v -7.842001 -0.073269 19.311920
v -9.402461 2.366972 20.146670
v -2.599961 3.199100 16.610840
v -2.321060 2.662474 19.827010
v -2.599961 3.199100 16.610840
v -2.321060 2.662474 19.827010
v -7.345090 -3.643613 34.334910
v -7.199870 -4.339186 40.931070
v -7.082821 -2.307513 29.031090
v -4.054400 -1.488655 24.471400
v -6.690351 -4.031792 45.247880
v -5.741312 -1.700390 22.732410
v -7.459681 -0.726188 22.835590
v -4.058321 -0.821529 22.722590
v -8.661870 2.044700 36.789170
v -8.346251 2.005856 32.646580
v -8.314751 2.192664 41.954900
v -6.373701 4.499425 42.010190
v -9.256501 -0.042580 36.033210
v -8.952711 -1.787352 35.318950
v -8.663001 -2.253935 41.383380
v -9.146690 0.051687 41.846040
v -8.545631 -0.266856 30.147910
v -8.527822 -0.168319 45.682180
v -7.848691 2.349348 45.395160
v -7.952450 1.748442 28.774200
v -3.853971 4.941849 44.682080
v -4.267770 4.806675 41.902710
v -5.896221 4.405890 45.080720
v -4.364041 3.680942 53.644520
v -4.886281 4.214411 51.977440
v -6.331630 2.329370 51.751650
v -5.776180 2.086941 53.695960
v -1.377090 -2.766272 45.392230
v -0.253620 0.560141 44.270500
v 0.000000 0.508911 44.332450
v 0.000000 -2.451669 44.779030
v -1.345740 -2.615238 71.023450
v -0.000001 -2.453687 70.917420
v -0.000001 -1.635938 71.904040
v -1.192089 -1.830058 72.144090
v -7.825090 0.661613 58.864070
v -7.109931 3.193811 57.987650
v -5.815430 2.219021 55.996930
v -6.545020 -0.013800 56.386150
v -2.166780 5.901261 58.373230
v -2.065270 4.526221 55.875770
v -4.041881 3.882361 55.935550
v -4.263091 5.264853 58.081650
v -2.195420 4.325253 53.520670
v 0.000000 4.472621 55.948540
v 0.000000 4.636382 53.435920
v 0.000000 -5.776719 57.144760
v 0.000000 -5.891499 59.923360
v -2.311229 -5.631958 59.620110
v -2.370929 -5.408198 57.058990
v -5.807390 -2.531070 57.159670
v -7.231320 -2.514528 60.229090
v 0.000000 -0.960237 75.629840
v -1.267819 -0.790923 75.934110
v -1.154700 -0.527378 74.248690
v 0.000001 -0.381579 73.808710
v -5.079981 9.442111 65.445180
v -2.568532 9.715292 65.638250
v -2.322001 8.333181 62.122210
v -4.750980 7.811002 61.700740
v -8.855490 4.664481 61.016300
v -8.910661 1.630571 61.701210
v -2.502541 9.798002 68.962970
v -2.381051 8.881062 72.689570
v -0.000001 8.893711 72.612340
v -0.000001 9.449242 69.079440
v -5.614605 -5.307775 65.747310
v -7.131449 -3.816530 66.514950
v -7.608937 -3.311287 65.299890
v -5.734736 -5.272778 64.306960
v -2.369780 -6.218789 64.146410
v -2.238290 -6.367077 65.577400
v -8.318420 -1.701919 63.205220
v -2.367060 -5.951260 63.294560
v -5.331288 -4.589536 62.979930
v -7.766833 -2.302495 64.053090
v -8.652090 -1.933578 66.459370
v -9.042936 -0.643900 65.515660
v -6.860910 0.036837 51.568600
v -7.199425 0.002560 49.573210
v -6.085230 -2.780239 49.329480
v -6.331630 2.329370 51.751650
v -7.069770 2.665141 49.593960
v 0.000000 5.140932 51.603830
v -2.493130 5.016341 51.937320
v -0.000001 9.180773 65.665920
v -5.776180 2.086941 53.695960
v -6.602940 0.078275 53.598660
v -7.109931 3.193811 57.987650
v -5.815430 2.219021 55.996930
v -5.318431 9.681862 68.759930
v -2.474581 7.734782 74.973200
v -0.000001 7.720222 75.008590
v -5.627242 6.982692 74.579570
v -5.450241 8.366802 72.296780
v -7.150019 2.824551 74.842900
v -4.802270 3.145392 76.208210
v -5.591091 5.342932 75.856940
v -7.259401 4.588251 74.837130
v 0.000000 5.619712 58.589980
v 0.000000 7.951571 62.522930
v 0.000000 5.876462 49.558900
v -2.798010 5.910532 49.911980
v 0.000001 -0.479178 72.847180
v -1.106238 -0.844977 72.913670
v -3.152969 -1.275218 72.435230
v -3.559781 -1.987227 71.383580
v -0.253620 0.560141 44.270500
v -0.390370 4.334451 44.849490
v 0.000000 3.942381 45.056760
v 0.000000 0.508911 44.332450
v -7.635161 8.575530 65.205020
v -7.299710 7.614071 62.712330
v -2.581651 4.881482 78.163890
v -2.390321 4.490762 79.717550
v -0.000001 5.184262 80.010450
v -0.000001 5.616823 78.274040
v -2.672910 2.491662 78.834470
v -3.106950 3.262133 77.196150
v -2.365268 -4.837180 53.777380
v -4.071459 -3.792488 53.633850
v -4.059030 -3.791308 51.072740
v -2.344950 -4.871698 50.810330
v -4.161410 -4.032188 56.286090
v -5.422590 4.861971 49.923070
v 0.000000 5.473111 46.608590
v -0.862251 6.108960 46.631030
v 0.000000 -6.147048 61.541110
v -2.364759 -6.126749 61.444950
v -0.539990 -5.101369 53.223360
v 0.000000 -5.321029 52.356920
v -2.244569 0.685232 75.022000
v -3.266380 0.982681 74.208580
v -0.000001 6.204332 77.096500
v -2.206221 5.738033 77.102320
v 0.000000 -5.189799 54.134450
v -19.476970 3.666340 41.393350
v -15.424410 1.831829 48.663340
v -15.424410 1.831829 48.663340
v -20.392200 -2.627850 38.870940
v -17.963410 -3.936491 35.760510
v -17.186680 -3.206460 35.938010
v -18.647020 0.513301 41.323230
v -17.157770 -1.974941 42.335860
v -18.018600 -1.265370 40.820130
v -17.963410 -3.936491 35.760510
v -12.646670 2.363040 55.391500
v -18.898120 -3.155670 35.708030
v -7.364380 -1.195244 70.420140
v -10.303790 -1.463919 67.955530
v -9.472739 7.784381 68.492860
v -11.572880 7.343491 68.340060
v -10.111190 -1.154698 70.041950
v -8.268770 -2.094940 68.073950
v -9.644821 6.425921 65.296700
v -11.470890 2.827981 57.013490
v 0.000001 -4.148198 77.108630
v -1.267819 -0.790923 75.934110
v -2.362330 0.580122 77.115730
v -3.297999 -1.144269 82.276340
v -3.552820 0.547282 82.442120
v 0.000000 -0.960237 75.629840
v -2.959857 0.001043 77.592900
v -3.025600 1.115701 78.664860
v -3.445791 2.363573 82.236210
v -0.335689 -4.800827 78.667330
v -2.768159 -1.227618 78.339890
v -2.974846 -0.613288 77.966420
v -2.688480 -1.335817 77.383730
v -2.942709 -1.213529 79.201650
v -2.562278 -2.827841 80.979160
v 0.000002 -4.424519 80.681630
v -1.230760 -3.583038 77.495640
v -0.399778 -4.099518 78.558530
v 0.000001 -4.273969 78.400410
v -3.315691 2.929753 80.915940
v -3.337290 2.078742 80.184440
v 0.000002 -4.560588 81.134630
v -2.944811 -2.787176 81.635060
v -3.340841 0.385842 80.386680
v 0.000001 -4.908937 78.669900
v -3.220317 0.369673 78.952850
v -4.670869 2.176431 81.423230
v -4.098741 1.363993 80.841240
v -3.220317 0.369673 78.952850
v -4.035650 1.242123 82.239430
v -3.497666 0.468743 81.346250
v -4.492100 2.372322 81.027500
v -4.754620 3.102651 82.145660
v -4.466870 2.149893 82.468980
v -4.421730 1.930653 79.999240
v -3.743600 1.078443 78.938190
v -4.754620 3.102651 82.145660
v -4.492100 2.372322 81.027500
v -3.892361 0.000149 -0.004902
v -7.069770 2.665141 49.593960
v -7.199425 0.002560 49.573210
v -3.201660 1.302398 24.211140
v -3.927340 -3.976718 48.800670
v -6.085230 -2.780239 49.329480
v -3.201660 1.302398 24.211140
v -2.876210 0.515150 26.948840
v -1.748740 -0.036095 32.517720
v -5.835890 7.252089 -0.004902
v -5.835890 7.252089 -0.004902
v -3.456872 3.419629 -0.004902
v -3.877551 2.899859 4.809963
v -6.733690 -7.920660 -0.004902
v -5.902543 0.780679 5.520494
v -3.877551 2.899859 4.809963
v -2.519260 0.283852 28.882650
v -2.876210 0.515150 26.948840
v -1.377090 -2.766272 45.392230
v -2.519260 0.283852 28.882650
v -1.748740 -0.036095 32.517720
v -0.253620 0.560141 44.270500
v -8.510361 0.314261 27.890650
v -7.881140 -2.342422 45.699780
v -0.683770 -0.195439 37.760100
v -5.699410 5.409630 47.423980
v 0.000000 -5.059989 53.233490
v -8.268770 -2.094940 68.073950
v -3.817971 5.313462 76.979390
v -5.750360 -2.440938 53.475430
v -5.034410 -4.981768 60.981760
v -4.543690 -4.654239 58.880610
v -5.699410 5.409630 47.423980
v -6.929070 6.446772 60.927580
v -8.937530 2.983297 63.956060
v -9.644821 6.425921 65.296700
v -9.215381 2.939710 63.848350
v -7.069770 2.665141 49.593960
v -3.424331 6.172241 46.833900
v -3.315691 2.929753 80.915940
v -0.000001 4.941113 81.651150
v -1.407580 4.863354 81.613490
v -3.025600 1.115701 78.664860
v -2.672910 2.491662 78.834470
v -2.362330 0.580122 77.115730
v -3.337290 2.078742 80.184440
v -3.337290 2.078742 80.184440
v -2.651691 4.132903 81.434190
v -5.761189 -2.440180 51.314370
v -3.927340 -3.976718 48.800670
v -1.027898 -6.292228 64.470880
v 0.000000 -5.696118 65.983000
v -1.130078 -6.240638 65.791500
v -4.802270 3.145392 76.208210
v -7.150019 2.824551 74.842900
v -5.052650 0.946432 73.041720
v 0.000000 -5.271987 50.684350
v -1.993570 -4.137368 47.756630
v 0.000000 -4.058939 46.605120
v -1.774270 4.327120 44.258200
v -4.765750 -3.867178 68.731010
v -7.364380 -1.195244 70.420140
v -9.061460 7.422973 65.102770
v -8.005392 8.759302 68.510640
v -8.027201 7.768441 71.684950
v -8.050385 6.019001 73.621150
v -1.620170 -4.918220 68.080460
v -9.472739 7.784381 68.492860
v -9.644821 6.425921 65.296700
v -2.793240 1.673562 75.832400
v -5.897240 -0.296867 72.030390
v -3.106950 3.262133 77.196150
v 0.000000 -4.826458 67.907880
v -8.858289 2.566852 73.739320
v -8.858289 2.566852 73.739320
v -7.280001 0.678242 72.486400
v 0.000000 -5.977189 63.312400
v -9.396080 5.662901 63.754430
v -8.950399 6.296391 63.410500
v -3.853971 4.941849 44.682080
v -8.855490 4.664481 61.016300
v -9.396080 5.662901 63.754430
v 18.860290 -1.564697 46.034210
v 19.201090 -1.836437 44.862030
v 20.567690 -1.267907 44.950410
v 20.255030 -1.015147 46.376570
v 21.244900 0.599174 44.823730
v 20.615080 3.174113 44.445970
v 20.472240 3.502892 45.871620
v 21.040690 0.858193 46.329250
v 17.514810 -0.871047 45.672940
v 17.441780 1.217532 45.238250
v 17.848840 1.101643 43.955210
v 17.587110 -1.199727 44.464200
v 17.848840 1.101643 43.955210
v 17.441780 1.217532 45.238250
v 18.566180 3.556713 45.242440
v 18.983530 3.385283 43.815190
v 18.450760 -3.916978 40.249570
v 18.822720 -3.195497 42.478840
v 17.157770 -1.974896 42.335840
v 16.985540 -2.618297 40.040160
v 19.379930 -3.149667 37.566700
v 20.000620 -2.662227 39.703320
v 18.175530 -4.208077 38.031430
v 20.000620 -2.662227 39.703320
v 19.379930 -3.149667 37.566700
v 17.073910 -3.053308 37.930340
v 16.985540 -2.618297 40.040160
v 18.898120 -3.155667 35.708030
v 17.186680 -3.206457 35.938010
v 21.706350 3.625533 39.032650
v 21.541760 3.259175 36.667350
v 20.324110 2.863393 36.656600
v 20.110600 3.348433 38.664090
v 22.390980 1.472044 36.559890
v 22.457180 1.629203 39.218510
v 22.814870 -0.555847 39.349410
v 22.698920 -0.632497 36.520630
v 21.038490 3.060493 34.875600
v 20.556400 2.871373 33.327760
v 19.844240 2.470332 33.913700
v 20.152070 2.597402 35.162600
v 21.841920 1.353753 34.636130
v 21.950700 -0.700168 34.433730
v 21.084480 -0.781547 32.273300
v 20.974000 1.208903 32.508880
v 21.739150 -2.639297 34.140250
v 20.690240 -2.615379 34.478540
v 20.345140 -2.540159 32.727150
v 20.996890 -2.634796 32.340440
v 20.770840 -0.629258 34.571690
v 20.552800 1.143893 34.768360
v 20.101540 1.107293 33.258460
v 20.348020 -0.617429 33.074300
v 20.936240 -1.117017 36.282140
v 20.820140 -2.667067 36.314870
v 20.392200 -2.627847 38.870940
v 20.762020 -0.716542 38.504810
v 20.974000 1.208903 32.508880
v 21.084480 -0.781547 32.273300
v 17.073910 -3.053308 37.930340
v 17.853140 4.145694 47.206140
v 19.940670 3.957694 48.351780
v 16.884000 -0.763337 47.465280
v 16.552220 1.445882 46.959270
v 16.552220 1.445882 46.959270
v 18.079130 -1.578317 48.108280
v 15.981230 5.998043 57.166630
v 16.873480 5.540973 55.868430
v 14.154840 5.422534 54.504020
v 13.528130 5.768662 55.923710
v 18.726980 -1.027647 52.736160
v 19.707550 -1.005726 48.734670
v 20.580220 1.107704 48.881470
v 19.874160 1.483903 52.989910
v 20.490280 2.889113 48.701820
v 19.802750 3.736733 52.621620
v 16.519900 -1.556287 51.695630
v 14.999250 -0.349597 50.866630
v 13.686380 0.153063 53.540080
v 13.178340 2.484905 53.118530
v 14.385650 2.082809 50.316020
v 14.385650 2.082809 50.316020
v 13.178340 2.484905 53.118530
v 14.559030 5.437942 53.170540
v 15.704430 5.050263 50.649120
v 15.562770 -0.931677 54.478200
v 16.181150 5.789043 53.871700
v 17.232890 5.541012 51.218410
v 17.857700 -0.461347 55.531500
v 19.098670 1.762612 55.651740
v 17.872320 5.404333 54.685130
v 18.962010 4.086613 55.289400
v 18.799820 5.088603 52.032210
v 22.231070 -2.477868 39.534220
v 22.181020 -2.573997 36.534110
v 22.461000 -1.094767 36.407550
v 20.690240 -2.615379 34.478540
v 20.762850 -1.364212 34.406210
v 20.483180 -1.566201 32.647360
v 20.345140 -2.540159 32.727150
v 21.144430 -1.545885 32.224460
v 20.996890 -2.634796 32.340440
v 21.095100 -0.634097 36.260990
v 20.499790 1.143561 38.452010
v 20.759670 1.226768 36.470670
v 22.814870 -0.555847 39.349410
v 22.698920 -0.632497 36.520630
v 21.950700 -0.700168 34.433730
v 21.880590 -1.337257 33.974880
v 21.144430 -1.545885 32.224460
v 21.144430 -1.545885 32.224460
v 21.880590 -1.337257 33.974880
v 17.864250 1.895463 57.326030
v 18.039640 4.258603 56.812890
v 17.302850 4.548113 58.431480
v 17.263390 1.949823 58.942260
v 21.478710 -2.044307 42.211410
v 22.242830 0.051084 41.987670
v 11.014220 2.331283 73.182010
v 8.858291 2.566854 73.739320
v 7.280002 0.678244 72.486400
v 9.775400 -0.063967 71.974560
v 8.050384 6.019004 73.621150
v 10.762590 5.405421 72.765060
v 10.325660 7.184423 70.993340
v 8.027197 7.768444 71.684950
v 13.891180 -0.417636 64.995820
v 15.069080 2.338043 65.002050
v 14.600700 2.408493 68.367770
v 13.252300 -0.535047 68.100360
v 13.172890 2.273853 71.282570
v 11.889860 -0.276216 70.478330
v 13.736320 5.379663 68.286570
v 12.570890 5.457933 70.919750
v 9.264800 0.978864 64.077840
v 10.519640 0.644843 60.136630
v 12.163180 -1.488326 60.865560
v 10.774720 -0.886526 65.093220
v 8.937531 2.983304 63.956070
v 10.127660 6.801054 65.177310
v 10.846750 7.066672 61.681320
v 9.919360 2.822842 60.562850
v 14.006920 6.963263 62.557330
v 12.791470 6.830433 65.392940
v 14.917340 -0.832787 61.872940
v 13.754590 -1.097727 57.667610
v 15.950180 -0.707707 58.869820
v 15.010610 -0.492506 55.764950
v 16.526150 -0.398268 57.061860
v 16.283950 2.192743 62.348480
v 14.481490 4.982954 65.301820
v 15.839060 5.096623 62.865590
v 15.315590 6.589373 58.999130
v 12.483950 6.412483 57.761840
v 9.042935 -0.643896 65.515660
v 10.555870 -1.175987 65.842460
v 8.652091 -1.933577 66.459370
v 22.009830 1.827004 41.840580
v 11.912330 0.836293 57.104910
v 12.973990 0.748523 55.600200
v 20.820140 -2.667067 36.314870
v 22.461000 -1.094767 36.407550
v 8.937531 2.983304 63.956070
v 9.919360 2.822842 60.562850
v 11.470890 2.827983 57.013480
v 12.646670 2.363043 55.391500
v 21.366650 3.708344 41.751380
v 2.830510 -2.635568 80.030580
v 2.711982 -2.652287 80.701330
v 2.304760 -3.058233 80.636880
v 2.358521 -3.098958 79.793620
v 1.831112 -2.896276 77.367600
v 2.246420 -2.203197 77.352550
v 2.506741 -2.357577 78.317790
v 1.980261 -2.976517 78.282360
v 0.624671 -2.737178 75.414850
v 1.473431 -2.176418 75.912460
v 1.484082 -2.616917 76.091530
v 0.762442 -3.233759 75.450730
v 1.365491 -2.703668 85.456350
v 1.478940 -0.018587 86.377620
v 1.459650 1.358177 86.453220
v 1.440359 2.804255 86.362170
v 1.370790 -4.044007 83.509210
v 0.499521 -3.824137 76.901920
v 0.673961 -3.542068 75.926760
v 1.434235 3.840962 85.726380
v 2.719019 3.846803 83.824150
v 2.651690 4.132903 81.434190
v 1.407580 4.863354 81.613490
v 1.428109 4.602134 84.142810
v 2.628471 -2.178308 84.766420
v 2.788730 0.041871 85.570630
v 2.472171 -3.083767 83.337930
v 1.785961 -3.486387 81.081930
v 1.125670 -3.559948 80.941190
v 1.166374 -3.461361 80.426730
v 1.830901 -3.302657 80.470460
v 1.784608 -3.843787 81.295220
v 0.958432 -4.128317 80.999400
v 2.310927 -3.184255 81.034340
v 1.053373 -3.485047 77.069530
v 0.923782 -3.744536 77.267620
v 0.512939 -3.986187 77.117390
v 0.313631 -4.753918 79.090260
v 0.272850 -4.472017 80.196340
v 2.347511 -1.380358 76.547720
v 1.977902 -2.338327 76.571360
v 3.141080 -1.522459 80.188030
v 3.088041 -1.979267 81.223530
v 2.182391 -3.070228 79.017600
v 2.655251 -2.492858 79.116600
v 1.444250 -3.515237 79.773070
v 0.829241 -3.771456 79.909860
v 0.804442 -3.918427 78.805040
v 1.344531 -3.589098 78.680340
v 3.009111 -2.196838 82.972580
v 3.159741 -1.571986 83.600760
v 3.396320 0.240099 84.156940
v 2.773049 2.697746 85.594790
v 3.454050 2.442623 84.033290
v 0.553001 -3.962878 80.632730
v 0.788410 -3.574519 80.576650
v 0.548952 -4.132338 80.075360
v 0.647381 -4.283748 78.951320
v 2.498241 -3.410911 81.410140
v 0.342262 -4.078659 77.529020
v 0.504330 -4.167308 77.895350
v 2.520659 -3.542043 81.673320
v 1.742431 -4.055339 81.513440
v 0.666941 -4.539379 81.155200
v 0.304120 -4.350166 80.650860
v 1.597661 -2.973458 76.737330
v 1.311881 -3.121758 76.381770
v 4.421731 1.930651 79.999240
v 3.743600 1.078443 78.938200
v 3.025600 1.115702 78.664860
v 3.337290 2.078742 80.184440
v 4.035650 1.242123 82.239430
v 4.182021 0.998455 81.536800
v 4.726040 1.780022 82.044790
v 4.466870 2.149892 82.468980
v 3.497666 0.468744 81.346250
v 3.896090 0.740851 81.099540
v 7.878281 0.427010 2.284363
v 7.225761 2.968130 4.894624
v 5.902542 0.780680 5.520495
v 6.001139 -1.058370 4.164473
v 4.330772 -7.795501 -0.004902
v 4.689931 -7.314391 1.280912
v 4.010181 -4.998950 1.758213
v 3.476141 -4.664321 -0.004901
v 6.499592 -4.352590 2.039403
v 9.132792 -3.584170 1.739023
v 6.654842 -7.250720 1.395143
v 6.733691 -7.920660 -0.004902
v 9.000033 -6.698670 -0.004902
v 8.543562 -6.341290 1.256473
v 9.883042 -3.312921 -0.004901
v 8.125400 2.207790 -0.004902
v 7.735251 6.267489 -0.004902
v 8.125400 2.207790 -0.004902
v 3.456871 3.419629 -0.004903
v 3.928750 6.132309 -0.004903
v 7.735251 6.267489 -0.004902
v 6.649580 5.593260 4.576151
v 3.877550 2.899859 4.809964
v 4.997180 5.636859 4.507641
v 3.928750 6.132309 -0.004903
v 3.456871 3.419629 -0.004903
v 4.330772 -7.795501 -0.004902
v 3.476141 -4.664321 -0.004901
v 9.883042 -3.312921 -0.004901
v 9.000033 -6.698670 -0.004902
v 4.252271 -0.234460 2.858273
v 3.892361 0.000149 -0.004902
v 6.649580 5.593260 4.576151
v 4.997180 5.636859 4.507641
v 4.716890 5.808296 11.746500
v 7.283861 5.632726 11.768400
v 1.816669 -3.704317 38.987590
v 2.737799 -2.863894 32.429660
v 5.151119 -4.270333 33.388670
v 4.542469 -5.170787 39.928340
v 3.571500 -2.291572 28.802300
v 5.428730 -3.183383 28.975310
v 8.838449 1.409817 23.310360
v 7.677220 4.100189 23.779760
v 7.227301 3.303280 26.240140
v 8.448021 0.862230 25.383840
v 3.851830 4.814809 23.990410
v 8.123416 5.384635 20.792750
v 3.958040 6.088317 21.017080
v 7.209001 -1.955219 26.794170
v 5.501711 -3.110529 26.737730
v 5.666211 -2.415685 24.371750
v 7.312151 -1.422624 24.526210
v 0.683771 -0.195439 37.760100
v 1.550259 -3.476833 43.014790
v 0.183500 -0.050964 42.089130
v 4.133420 3.601501 26.263390
v 3.562840 3.390163 29.202680
v 7.046540 3.315123 29.384630
v 6.916211 4.159941 37.261710
v 7.005381 3.800777 33.236320
v 2.821230 3.872818 33.281540
v 2.310571 4.213762 37.171450
v 4.009211 -1.936720 26.641970
v 4.072401 -4.837302 44.370150
v 1.896500 4.112086 41.866400
v 0.183500 -0.050964 42.089130
v 0.253620 0.560141 44.270500
v 1.774270 4.327119 44.258200
v 4.616050 1.147775 11.280430
v 5.901341 0.469875 11.356030
v 5.978680 -0.428179 15.718340
v 3.807051 0.412184 15.975120
v 9.378161 2.972412 16.559090
v 7.800880 0.494592 15.942400
v 7.002272 1.057026 11.431640
v 8.141351 3.154647 11.584700
v 4.466210 6.215419 14.074900
v 7.720850 5.992190 14.071200
v 3.116180 3.268348 13.448260
v 3.584080 3.107944 11.082730
v 7.225761 2.968130 4.894624
v 3.584080 3.107944 11.082730
v 3.877550 2.899859 4.809964
v 3.116180 3.268348 13.448260
v 4.096370 6.579214 17.743530
v 8.245641 6.141024 17.617290
v 3.731220 -0.066599 19.254110
v 5.950931 -1.023349 19.023780
v 9.402461 2.366975 20.146670
v 7.842001 -0.073269 19.311920
v 2.321060 2.662474 19.827010
v 2.599960 3.199100 16.610840
v 2.599960 3.199100 16.610840
v 2.321060 2.662474 19.827010
v 7.345091 -3.643612 34.334910
v 7.199870 -4.339186 40.931070
v 7.082820 -2.307513 29.031090
v 4.054401 -1.488655 24.471400
v 6.690350 -4.031792 45.247880
v 7.459682 -0.726187 22.835590
v 5.741311 -1.700389 22.732410
v 4.058321 -0.821528 22.722590
v 8.661870 2.044701 36.789160
v 8.346251 2.005856 32.646580
v 6.373701 4.499427 42.010190
v 8.314752 2.192665 41.954900
v 9.256500 -0.042580 36.033210
v 9.146689 0.051686 41.846040
v 8.662999 -2.253935 41.383380
v 8.952711 -1.787351 35.318950
v 8.545631 -0.266856 30.147910
v 7.848691 2.349349 45.395160
v 8.527822 -0.168319 45.682180
v 7.952450 1.748442 28.774200
v 3.853971 4.941849 44.682070
v 4.267770 4.806676 41.902710
v 5.896221 4.405890 45.080720
v 4.364039 3.680942 53.644520
v 5.776180 2.086943 53.695960
v 6.331630 2.329371 51.751650
v 4.886279 4.214412 51.977440
v 1.377089 -2.766271 45.392230
v 0.253620 0.560141 44.270500
v 1.345740 -2.615239 71.023450
v 1.192091 -1.830057 72.144090
v 7.825090 0.661613 58.864070
v 6.545020 -0.013799 56.386150
v 5.815430 2.219022 55.996930
v 7.109930 3.193812 57.987650
v 2.166780 5.901261 58.373230
v 4.263090 5.264853 58.081650
v 4.041880 3.882362 55.935550
v 2.065270 4.526222 55.875770
v 2.195420 4.325253 53.520670
v 2.370931 -5.408197 57.058990
v 2.311231 -5.631958 59.620110
v 7.231320 -2.514526 60.229090
v 5.807391 -2.531067 57.159670
v 1.154701 -0.527377 74.248690
v 1.267821 -0.790922 75.934110
v 5.079979 9.442112 65.445180
v 4.750979 7.811002 61.700740
v 2.321999 8.333180 62.122210
v 2.568529 9.715292 65.638250
v 8.855490 4.664482 61.016300
v 8.910662 1.630571 61.701210
v 2.502539 9.798002 68.962970
v 2.381050 8.881063 72.689570
v 5.614609 -5.307771 65.747310
v 5.734738 -5.272777 64.306960
v 7.608938 -3.311288 65.299890
v 7.131452 -3.816527 66.514950
v 2.238290 -6.367077 65.577400
v 2.369780 -6.218788 64.146410
v 8.318420 -1.701918 63.205220
v 2.367060 -5.951260 63.294560
v 5.331289 -4.589534 62.979930
v 7.766835 -2.302491 64.053090
v 9.042935 -0.643896 65.515660
v 8.652091 -1.933577 66.459370
v 6.860910 0.036836 51.568600
v 6.085230 -2.780237 49.329480
v 7.199425 0.002560 49.573210
v 6.331630 2.329371 51.751650
v 7.069770 2.665141 49.593960
v 2.493129 5.016341 51.937320
v 6.602940 0.078275 53.598660
v 5.776180 2.086943 53.695960
v 7.109930 3.193812 57.987650
v 5.815430 2.219022 55.996930
v 5.318429 9.681864 68.759930
v 2.474579 7.734782 74.973200
v 5.627237 6.982694 74.579570
v 5.450238 8.366803 72.296780
v 7.150022 2.824554 74.842900
v 7.259398 4.588254 74.837130
v 5.591089 5.342935 75.856940
v 4.802270 3.145395 76.208210
v 2.798009 5.910532 49.911980
v 1.106241 -0.844976 72.913670
v 3.559780 -1.987227 71.383580
v 3.152971 -1.275217 72.435230
v 0.253620 0.560141 44.270500
v 0.390370 4.334451 44.849490
v 7.635159 8.575533 65.205020
v 7.299711 7.614071 62.712330
v 2.581649 4.881483 78.163890
v 2.390320 4.490763 79.717550
v 2.672909 2.491663 78.834470
v 3.106950 3.262132 77.196150
v 2.365271 -4.837179 53.777380
v 2.344950 -4.871699 50.810330
v 4.059031 -3.791308 51.072740
v 4.071460 -3.792488 53.633850
v 4.161410 -4.032188 56.286090
v 5.422588 4.861972 49.923070
v 0.862250 6.108960 46.631030
v 2.364761 -6.126748 61.444950
v 0.539990 -5.101369 53.223360
v 3.266382 0.982682 74.208590
v 2.244570 0.685233 75.022000
v 2.206219 5.738033 77.102320
v 19.476970 3.666343 41.393350
v 15.424410 1.831832 48.663340
v 15.424410 1.831832 48.663340
v 20.392200 -2.627847 38.870940
v 17.963410 -3.936488 35.760510
v 17.186680 -3.206457 35.938010
v 18.647020 0.513302 41.323230
v 17.157770 -1.974896 42.335840
v 18.018600 -1.265368 40.820130
v 17.963410 -3.936488 35.760510
v 12.646670 2.363043 55.391500
v 18.898120 -3.155667 35.708030
v 7.364381 -1.195241 70.420140
v 10.303790 -1.463917 67.955530
v 9.472738 7.784383 68.492860
v 11.572880 7.343493 68.340060
v 10.111190 -1.154696 70.041950
v 8.268770 -2.094938 68.073950
v 9.644819 6.425923 65.296700
v 11.470890 2.827983 57.013480
v 1.267821 -0.790922 75.934110
v 2.362330 0.580123 77.115730
v 3.297999 -1.144267 82.276340
v 3.552820 0.547283 82.442120
v 2.959858 0.001042 77.592910
v 3.025600 1.115702 78.664860
v 3.445790 2.363573 82.236210
v 0.335692 -4.800829 78.667330
v 2.768160 -1.227617 78.339890
v 2.688480 -1.335818 77.383740
v 2.974847 -0.613286 77.966420
v 2.942710 -1.213527 79.201650
v 2.562280 -2.827839 80.979160
v 1.230762 -3.583038 77.495640
v 0.399781 -4.099518 78.558530
v 3.337290 2.078742 80.184440
v 3.315691 2.929753 80.915940
v 2.944812 -2.787178 81.635060
v 3.340840 0.385843 80.386680
v 3.220317 0.369672 78.952850
v 4.670870 2.176432 81.423230
v 4.098741 1.363992 80.841240
v 3.220317 0.369672 78.952850
v 3.497666 0.468744 81.346250
v 4.035650 1.242123 82.239430
v 4.492100 2.372322 81.027500
v 4.754620 3.102652 82.145670
v 4.466870 2.149892 82.468980
v 4.421731 1.930651 79.999240
v 3.743600 1.078443 78.938200
v 4.754620 3.102652 82.145670
v 4.492100 2.372322 81.027500
v 3.892361 0.000149 -0.004902
v 7.069770 2.665141 49.593960
v 7.199425 0.002560 49.573210
v 3.201660 1.302399 24.211140
v 6.085230 -2.780237 49.329480
v 3.927341 -3.976718 48.800670
v 3.201660 1.302399 24.211140
v 2.876210 0.515150 26.948840
v 1.748740 -0.036093 32.517720
v 5.835881 7.252089 -0.004903
v 5.835881 7.252089 -0.004903
v 3.877550 2.899859 4.809964
v 3.456871 3.419629 -0.004903
v 6.733691 -7.920660 -0.004902
v 5.902542 0.780680 5.520495
v 3.877550 2.899859 4.809964
v 2.876210 0.515150 26.948840
v 2.519260 0.283853 28.882650
v 1.377089 -2.766271 45.392230
v 2.519260 0.283853 28.882650
v 1.748740 -0.036093 32.517720
v 0.253620 0.560141 44.270500
v 8.510361 0.314261 27.890650
v 7.881140 -2.342421 45.699780
v 0.683771 -0.195439 37.760100
v 5.699409 5.409631 47.423970
v 8.268770 -2.094938 68.073950
v 3.817970 5.313463 76.979390
v 5.750360 -2.440938 53.475430
v 5.034410 -4.981769 60.981760
v 4.543692 -4.654237 58.880610
v 5.699409 5.409631 47.423970
v 6.929069 6.446773 60.927580
v 8.937531 2.983304 63.956070
v 9.215380 2.939711 63.848350
v 9.644819 6.425923 65.296700
v 7.069770 2.665141 49.593960
v 3.424330 6.172241 46.833890
v 3.315691 2.929753 80.915940
v 1.407580 4.863354 81.613490
v 3.025600 1.115702 78.664860
v 2.362330 0.580123 77.115730
v 2.672909 2.491663 78.834470
v 3.337290 2.078742 80.184440
v 3.337290 2.078742 80.184440
v 2.651690 4.132903 81.434190
v 5.761190 -2.440178 51.314370
v 3.927341 -3.976718 48.800670
v 1.027902 -6.292227 64.470880
v 1.130082 -6.240638 65.791500
v 4.802270 3.145395 76.208210
v 5.052651 0.946432 73.041720
v 7.150022 2.824554 74.842900
v 1.993571 -4.137368 47.756630
v 1.774270 4.327119 44.258200
v 7.364381 -1.195241 70.420140
v 4.765751 -3.867177 68.731010
v 8.005390 8.759303 68.510640
v 9.061460 7.422974 65.102770
v 8.050384 6.019004 73.621150
v 8.027197 7.768444 71.684950
v 1.620171 -4.918219 68.080460
v 9.472738 7.784383 68.492860
v 9.644819 6.425923 65.296700
v 2.793240 1.673562 75.832410
v 5.897242 -0.296866 72.030390
v 3.106950 3.262132 77.196150
v 8.858291 2.566854 73.739320
v 8.858291 2.566854 73.739320
v 7.280002 0.678244 72.486400
v 9.396080 5.662903 63.754430
v 8.950399 6.296393 63.410490
v 3.853971 4.941849 44.682070
v 8.855490 4.664482 61.016300
v 9.396080 5.662903 63.754430
vt 0.618401 0.899074 0.000000
vt 0.616344 0.874023 0.000000
vt 0.640126 0.874023 0.000000
vt 0.639383 0.897794 0.000000
vt 0.639153 0.840671 0.000000
vt 0.615330 0.840671 0.000000
vt 0.614283 0.797579 0.000000
vt 0.638017 0.798236 0.000000
vt 0.618088 0.925245 0.000000
vt 0.638093 0.927046 0.000000
vt 0.631913 0.958017 0.000000
vt 0.618289 0.954031 0.000000
vt 0.635446 0.732289 0.000000
vt 0.640763 0.769016 0.000000
vt 0.617333 0.766270 0.000000
vt 0.621673 0.730066 0.000000
vt 0.705100 0.917336 0.000000
vt 0.705675 0.941629 0.000000
vt 0.669573 0.935894 0.000000
vt 0.676787 0.909669 0.000000
vt 0.735388 0.897562 0.000000
vt 0.732174 0.917336 0.000000
vt 0.707840 0.897562 0.000000
vt 0.714859 0.691399 0.000000
vt 0.697851 0.651320 0.000000
vt 0.730199 0.651320 0.000000
vt 0.740395 0.683030 0.000000
vt 0.758497 0.651320 0.000000
vt 0.763943 0.673279 0.000000
vt 0.714448 0.792869 0.000000
vt 0.714327 0.771500 0.000000
vt 0.745094 0.771500 0.000000
vt 0.749606 0.790958 0.000000
vt 0.753622 0.816715 0.000000
vt 0.758713 0.844614 0.000000
vt 0.718772 0.848669 0.000000
vt 0.716578 0.820053 0.000000
vt 0.772585 0.786903 0.000000
vt 0.766848 0.771500 0.000000
vt 0.784578 0.771500 0.000000
vt 0.792887 0.780392 0.000000
vt 0.778474 0.812514 0.000000
vt 0.807492 0.807083 0.000000
vt 0.816340 0.833665 0.000000
vt 0.786837 0.839593 0.000000
vt 0.787139 0.873975 0.000000
vt 0.811762 0.873975 0.000000
vt 0.809581 0.886182 0.000000
vt 0.786529 0.890218 0.000000
vt 0.776995 0.727540 0.000000
vt 0.793917 0.732591 0.000000
vt 0.788090 0.753527 0.000000
vt 0.770763 0.749557 0.000000
vt 0.757268 0.711840 0.000000
vt 0.719494 0.718734 0.000000
vt 0.721604 0.693351 0.000000
vt 0.757268 0.690597 0.000000
vt 0.807382 0.732388 0.000000
vt 0.802366 0.756967 0.000000
vt 0.734269 0.937725 0.000000
vt 0.575534 0.795185 0.000000
vt 0.584706 0.760640 0.000000
vt 0.596013 0.957685 0.000000
vt 0.588919 0.926730 0.000000
vt 0.598678 0.719546 0.000000
vt 0.583710 0.903197 0.000000
vt 0.438897 0.767770 0.000000
vt 0.441652 0.725931 0.000000
vt 0.466123 0.725065 0.000000
vt 0.463607 0.773430 0.000000
vt 0.521879 0.878681 0.000000
vt 0.518716 0.840671 0.000000
vt 0.576233 0.840671 0.000000
vt 0.579050 0.875463 0.000000
vt 0.519162 0.809314 0.000000
vt 0.574741 0.813940 0.000000
vt 0.534184 0.942712 0.000000
vt 0.528874 0.912806 0.000000
vt 0.542874 0.980900 0.000000
vt 0.493823 0.991925 0.000000
vt 0.489226 0.954032 0.000000
vt 0.540680 0.693647 0.000000
vt 0.527541 0.738852 0.000000
vt 0.487824 0.729469 0.000000
vt 0.492220 0.680357 0.000000
vt 0.485552 0.917009 0.000000
vt 0.524212 0.761647 0.000000
vt 0.485771 0.754918 0.000000
vt 0.481802 0.876924 0.000000
vt 0.482868 0.840671 0.000000
vt 0.483868 0.781770 0.000000
vt 0.520487 0.785533 0.000000
vt 0.483288 0.806950 0.000000
vt 0.758745 0.854668 0.000000
vt 0.757810 0.873975 0.000000
vt 0.717413 0.873975 0.000000
vt 0.779882 0.690597 0.000000
vt 0.800649 0.690597 0.000000
vt 0.800649 0.706530 0.000000
vt 0.779882 0.710682 0.000000
vt 0.808653 0.690597 0.000000
vt 0.808653 0.708654 0.000000
vt 0.756810 0.724013 0.000000
vt 0.750797 0.746926 0.000000
vt 0.716748 0.741031 0.000000
vt 0.737583 0.718733 0.000000
vt 0.757268 0.719975 0.000000
vt 0.779882 0.719975 0.000000
vt 0.779882 0.717049 0.000000
vt 0.807694 0.713428 0.000000
vt 0.788744 0.857340 0.000000
vt 0.813605 0.859929 0.000000
vt 0.455176 0.840671 0.000000
vt 0.428003 0.840671 0.000000
vt 0.431960 0.802207 0.000000
vt 0.459884 0.804000 0.000000
vt 0.682268 0.873975 0.000000
vt 0.682114 0.844538 0.000000
vt 0.211849 0.840671 0.000000
vt 0.217130 0.884052 0.000000
vt 0.183166 0.895406 0.000000
vt 0.183166 0.840671 0.000000
vt 0.183167 0.780650 0.000000
vt 0.218456 0.799988 0.000000
vt 0.206764 0.749109 0.000000
vt 0.234566 0.770427 0.000000
vt 0.331910 0.881426 0.000000
vt 0.288353 0.879153 0.000000
vt 0.291654 0.840671 0.000000
vt 0.336441 0.840671 0.000000
vt 0.252003 0.878359 0.000000
vt 0.252003 0.840671 0.000000
vt 0.252003 0.801834 0.000000
vt 0.286935 0.801623 0.000000
vt 0.316513 0.960993 0.000000
vt 0.313336 0.922836 0.000000
vt 0.375650 0.925231 0.000000
vt 0.375650 0.962189 0.000000
vt 0.316866 0.673739 0.000000
vt 0.366119 0.673739 0.000000
vt 0.355165 0.729072 0.000000
vt 0.308486 0.731942 0.000000
vt 0.359607 0.769358 0.000000
vt 0.317629 0.768702 0.000000
vt 0.375650 0.885541 0.000000
vt 0.421951 0.886361 0.000000
vt 0.424569 0.924132 0.000000
vt 0.462132 0.921018 0.000000
vt 0.453074 0.886461 0.000000
vt 0.375650 0.840671 0.000000
vt 0.366235 0.802238 0.000000
vt 0.328308 0.802853 0.000000
vt 0.410474 0.726602 0.000000
vt 0.410163 0.767709 0.000000
vt 0.298118 0.940369 0.000000
vt 0.281610 0.944638 0.000000
vt 0.300854 0.922320 0.000000
vt 0.682114 0.821141 0.000000
vt 0.421978 0.964204 0.000000
vt 0.451077 0.962002 0.000000
vt 0.761480 0.891815 0.000000
vt 0.757268 0.718733 0.000000
vt 0.314338 0.991925 0.000000
vt 0.363799 0.991925 0.000000
vt 0.419402 0.991925 0.000000
vt 0.450611 0.991925 0.000000
vt 0.679431 0.795385 0.000000
vt 0.902277 0.150892 0.000000
vt 0.917365 0.142915 0.000000
vt 0.917181 0.166085 0.000000
vt 0.903962 0.169387 0.000000
vt 0.932320 0.078202 0.000000
vt 0.926625 0.102052 0.000000
vt 0.905448 0.102052 0.000000
vt 0.910264 0.076676 0.000000
vt 0.957866 0.027477 0.000000
vt 0.964002 0.036236 0.000000
vt 0.938915 0.046291 0.000000
vt 0.931427 0.037847 0.000000
vt 0.912627 0.359066 0.000000
vt 0.891597 0.331193 0.000000
vt 0.936291 0.291301 0.000000
vt 0.964772 0.308437 0.000000
vt 0.866153 0.345078 0.000000
vt 0.880699 0.374050 0.000000
vt 0.848770 0.389034 0.000000
vt 0.840710 0.358962 0.000000
vt 0.953754 0.239595 0.000000
vt 0.987963 0.243698 0.000000
vt 0.972727 0.069979 0.000000
vt 0.968884 0.046969 0.000000
vt 0.987674 0.049914 0.000000
vt 0.987674 0.070206 0.000000
vt 0.816528 0.389186 0.000000
vt 0.814435 0.359172 0.000000
vt 0.794825 0.330201 0.000000
vt 0.788160 0.359381 0.000000
vt 0.740816 0.340195 0.000000
vt 0.750337 0.308010 0.000000
vt 0.907420 0.274624 0.000000
vt 0.872444 0.305261 0.000000
vt 0.919365 0.238706 0.000000
vt 0.732364 0.370820 0.000000
vt 0.784287 0.389338 0.000000
vt 0.936048 0.177079 0.000000
vt 0.931766 0.161035 0.000000
vt 0.948391 0.159059 0.000000
vt 0.950388 0.170322 0.000000
vt 0.961132 0.176904 0.000000
vt 0.941524 0.186372 0.000000
vt 0.919641 0.177542 0.000000
vt 0.972328 0.075534 0.000000
vt 0.960109 0.079408 0.000000
vt 0.956255 0.074301 0.000000
vt 0.986755 0.129600 0.000000
vt 0.995033 0.130579 0.000000
vt 0.987702 0.156938 0.000000
vt 0.980891 0.155611 0.000000
vt 0.922553 0.057002 0.000000
vt 0.895811 0.049119 0.000000
vt 0.886126 0.187433 0.000000
vt 0.872193 0.157884 0.000000
vt 0.903615 0.124184 0.000000
vt 0.922161 0.122271 0.000000
vt 0.943188 0.143112 0.000000
vt 0.947595 0.115831 0.000000
vt 0.964020 0.119615 0.000000
vt 0.959640 0.147513 0.000000
vt 0.886212 0.252959 0.000000
vt 0.896716 0.234170 0.000000
vt 0.854399 0.282775 0.000000
vt 0.829685 0.331395 0.000000
vt 0.816244 0.308710 0.000000
vt 0.956783 0.162654 0.000000
vt 0.966559 0.164942 0.000000
vt 0.970704 0.152112 0.000000
vt 0.973900 0.124623 0.000000
vt 0.921259 0.190242 0.000000
vt 0.977404 0.086148 0.000000
vt 0.987674 0.085968 0.000000
vt 0.987674 0.096553 0.000000
vt 0.972584 0.095592 0.000000
vt 0.923332 0.197373 0.000000
vt 0.945193 0.192251 0.000000
vt 0.972010 0.181518 0.000000
vt 0.977551 0.167111 0.000000
vt 0.949570 0.055762 0.000000
vt 0.940800 0.063334 0.000000
vt 0.982713 0.031482 0.000000
vt 0.972580 0.018440 0.000000
vt 0.449526 0.196194 0.000000
vt 0.418312 0.197853 0.000000
vt 0.415015 0.140918 0.000000
vt 0.437021 0.155364 0.000000
vt 0.780148 0.218558 0.000000
vt 0.751000 0.218558 0.000000
vt 0.760781 0.205709 0.000000
vt 0.786508 0.198025 0.000000
vt 0.815576 0.205097 0.000000
vt 0.800080 0.187734 0.000000
vt 0.165480 0.247058 0.000000
vt 0.123508 0.243410 0.000000
vt 0.123508 0.271837 0.000000
vt 0.148029 0.291749 0.000000
vt 0.083972 0.145359 0.000000
vt 0.068867 0.186154 0.000000
vt 0.091488 0.187238 0.000000
vt 0.094954 0.157724 0.000000
vt 0.157136 0.192523 0.000000
vt 0.123508 0.192523 0.000000
vt 0.118636 0.154923 0.000000
vt 0.143394 0.160749 0.000000
vt 0.153559 0.147431 0.000000
vt 0.118790 0.136246 0.000000
vt 0.203219 0.257518 0.000000
vt 0.179661 0.185135 0.000000
vt 0.796598 0.024213 0.000000
vt 0.796598 0.069775 0.000000
vt 0.766956 0.077387 0.000000
vt 0.749218 0.024213 0.000000
vt 0.163783 0.324966 0.000000
vt 0.219291 0.306900 0.000000
vt 0.150413 0.381405 0.000000
vt 0.211611 0.396007 0.000000
vt 0.223840 0.361759 0.000000
vt 0.165435 0.346027 0.000000
vt 0.636236 0.076114 0.000000
vt 0.645263 0.021112 0.000000
vt 0.683819 0.008198 0.000000
vt 0.673215 0.083548 0.000000
vt 0.057736 0.241568 0.000000
vt 0.092632 0.248846 0.000000
vt 0.610904 0.084004 0.000000
vt 0.582493 0.175294 0.000000
vt 0.548518 0.162432 0.000000
vt 0.589051 0.076482 0.000000
vt 0.677057 0.560413 0.000000
vt 0.639356 0.565539 0.000000
vt 0.646484 0.514648 0.000000
vt 0.679688 0.507813 0.000000
vt 0.679688 0.470703 0.000000
vt 0.648438 0.470703 0.000000
vt 0.585938 0.349609 0.000000
vt 0.582031 0.388672 0.000000
vt 0.533962 0.372862 0.000000
vt 0.544578 0.333472 0.000000
vt 0.491751 0.322343 0.000000
vt 0.504354 0.283640 0.000000
vt 0.551378 0.293861 0.000000
vt 0.623047 0.441406 0.000000
vt 0.623926 0.411098 0.000000
vt 0.652400 0.417409 0.000000
vt 0.652344 0.447266 0.000000
vt 0.723370 0.547931 0.000000
vt 0.723370 0.607534 0.000000
vt 0.673167 0.610379 0.000000
vt 0.520409 0.417288 0.000000
vt 0.464424 0.403837 0.000000
vt 0.481606 0.361243 0.000000
vt 0.495261 0.513408 0.000000
vt 0.434531 0.505488 0.000000
vt 0.447649 0.455547 0.000000
vt 0.507246 0.463834 0.000000
vt 0.679688 0.447266 0.000000
vt 0.634592 0.618188 0.000000
vt 0.418459 0.568868 0.000000
vt 0.415927 0.601320 0.000000
vt 0.363475 0.593774 0.000000
vt 0.363475 0.563526 0.000000
vt 0.691109 0.192858 0.000000
vt 0.689440 0.265710 0.000000
vt 0.660448 0.260339 0.000000
vt 0.670063 0.192010 0.000000
vt 0.598808 0.255742 0.000000
vt 0.618668 0.184136 0.000000
vt 0.652075 0.189760 0.000000
vt 0.634212 0.257741 0.000000
vt 0.570235 0.214497 0.000000
vt 0.532122 0.201899 0.000000
vt 0.723370 0.190916 0.000000
vt 0.723370 0.229829 0.000000
vt 0.643480 0.092146 0.000000
vt 0.514072 0.137657 0.000000
vt 0.548480 0.064330 0.000000
vt 0.495900 0.178261 0.000000
vt 0.516726 0.242765 0.000000
vt 0.560866 0.253735 0.000000
vt 0.688359 0.321527 0.000000
vt 0.656209 0.315549 0.000000
vt 0.626536 0.311132 0.000000
vt 0.589845 0.301147 0.000000
vt 0.723370 0.270657 0.000000
vt 0.723370 0.320549 0.000000
vt 0.477033 0.217393 0.000000
vt 0.458913 0.264305 0.000000
vt 0.615234 0.514648 0.000000
vt 0.605501 0.570969 0.000000
vt 0.619141 0.466797 0.000000
vt 0.680830 0.419186 0.000000
vt 0.599616 0.621603 0.000000
vt 0.654320 0.375778 0.000000
vt 0.622698 0.367580 0.000000
vt 0.684181 0.377564 0.000000
vt 0.531060 0.511405 0.000000
vt 0.540170 0.461015 0.000000
vt 0.518070 0.573954 0.000000
vt 0.479350 0.573476 0.000000
vt 0.559457 0.506463 0.000000
vt 0.582031 0.507813 0.000000
vt 0.575158 0.571487 0.000000
vt 0.546486 0.574001 0.000000
vt 0.578125 0.457031 0.000000
vt 0.546240 0.621644 0.000000
vt 0.512617 0.618570 0.000000
vt 0.551789 0.415153 0.000000
vt 0.444919 0.608745 0.000000
vt 0.451472 0.571455 0.000000
vt 0.473993 0.615313 0.000000
vt 0.917298 0.496232 0.000000
vt 0.914244 0.467837 0.000000
vt 0.882537 0.469834 0.000000
vt 0.885629 0.496487 0.000000
vt 0.034489 0.361516 0.000000
vt 0.024274 0.304536 0.000000
vt 0.019675 0.304767 0.000000
vt 0.011034 0.349787 0.000000
vt 0.035427 0.825291 0.000000
vt 0.011034 0.826651 0.000000
vt 0.011034 0.847957 0.000000
vt 0.034066 0.848710 0.000000
vt 0.200708 0.607414 0.000000
vt 0.243402 0.585328 0.000000
vt 0.224450 0.544775 0.000000
vt 0.182707 0.557842 0.000000
vt 0.955997 0.585801 0.000000
vt 0.956586 0.536852 0.000000
vt 0.919954 0.534848 0.000000
vt 0.919885 0.577853 0.000000
vt 0.955301 0.496251 0.000000
vt 0.993227 0.537589 0.000000
vt 0.993227 0.495673 0.000000
vt 0.011034 0.572090 0.000000
vt 0.011034 0.618726 0.000000
vt 0.048908 0.615599 0.000000
vt 0.051944 0.572183 0.000000
vt 0.133587 0.574293 0.000000
vt 0.146352 0.632724 0.000000
vt 0.010870 0.913666 0.000000
vt 0.026992 0.922383 0.000000
vt 0.034005 0.896300 0.000000
vt 0.016785 0.887655 0.000000
vt 0.911967 0.715444 0.000000
vt 0.951423 0.718860 0.000000
vt 0.954629 0.659041 0.000000
vt 0.915652 0.650266 0.000000
vt 0.271191 0.643944 0.000000
vt 0.221920 0.658362 0.000000
vt 0.953085 0.771196 0.000000
vt 0.954939 0.832676 0.000000
vt 0.993227 0.831657 0.000000
vt 0.993227 0.773427 0.000000
vt 0.103084 0.725552 0.000000
vt 0.130991 0.740429 0.000000
vt 0.143235 0.720744 0.000000
vt 0.108959 0.703839 0.000000
vt 0.053638 0.692119 0.000000
vt 0.048646 0.715176 0.000000
vt 0.169348 0.684625 0.000000
vt 0.051433 0.675742 0.000000
vt 0.104813 0.676525 0.000000
vt 0.157379 0.698617 0.000000
vt 0.171421 0.742491 0.000000
vt 0.191530 0.722863 0.000000
vt 0.176710 0.466692 0.000000
vt 0.176056 0.430532 0.000000
vt 0.124867 0.427946 0.000000
vt 0.215242 0.469891 0.000000
vt 0.215242 0.430532 0.000000
vt 0.993227 0.464039 0.000000
vt 0.953187 0.467673 0.000000
vt 0.993227 0.717242 0.000000
vt 0.215242 0.505222 0.000000
vt 0.178853 0.505222 0.000000
vt 0.866311 0.561802 0.000000
vt 0.882660 0.527445 0.000000
vt 0.908766 0.767977 0.000000
vt 0.953320 0.873755 0.000000
vt 0.993227 0.875187 0.000000
vt 0.900022 0.874172 0.000000
vt 0.903540 0.829279 0.000000
vt 0.852181 0.933910 0.000000
vt 0.895989 0.943500 0.000000
vt 0.897488 0.908617 0.000000
vt 0.862868 0.905791 0.000000
vt 0.993227 0.585786 0.000000
vt 0.993227 0.661604 0.000000
vt 0.993227 0.428270 0.000000
vt 0.950987 0.433753 0.000000
vt 0.014310 0.874528 0.000000
vt 0.035307 0.871390 0.000000
vt 0.069160 0.856308 0.000000
vt 0.074488 0.834380 0.000000
vt 0.984752 0.303873 0.000000
vt 0.984752 0.348414 0.000000
vt 0.993227 0.344382 0.000000
vt 0.993227 0.307450 0.000000
vt 0.868391 0.709145 0.000000
vt 0.874107 0.664851 0.000000
vt 0.949890 0.941479 0.000000
vt 0.953400 0.967962 0.000000
vt 0.993227 0.967962 0.000000
vt 0.993227 0.938412 0.000000
vt 0.921396 0.967962 0.000000
vt 0.921396 0.945233 0.000000
vt 0.055510 0.514554 0.000000
vt 0.091216 0.510228 0.000000
vt 0.087662 0.463609 0.000000
vt 0.051503 0.462923 0.000000
vt 0.091711 0.558829 0.000000
vt 0.910072 0.435486 0.000000
vt 0.993227 0.379983 0.000000
vt 0.977897 0.384803 0.000000
vt 0.011034 0.646045 0.000000
vt 0.046904 0.645983 0.000000
vt 0.024671 0.505806 0.000000
vt 0.011034 0.490988 0.000000
vt 0.058034 0.916494 0.000000
vt 0.078704 0.905476 0.000000
vt 0.993227 0.916989 0.000000
vt 0.956667 0.920795 0.000000
vt 0.011034 0.520552 0.000000
vt 0.676777 0.770535 0.000000
vt 0.570444 0.969676 0.000000
vt 0.570482 0.706301 0.000000
vt 0.722776 0.895098 0.000000
vt 0.761382 0.917336 0.000000
vt 0.761381 0.932254 0.000000
vt 0.675319 0.722842 0.000000
vt 0.648378 0.675333 0.000000
vt 0.679879 0.690922 0.000000
vt 0.773226 0.655356 0.000000
vt 0.450962 0.673739 0.000000
vt 0.761382 0.900428 0.000000
vt 0.212439 0.935039 0.000000
vt 0.271618 0.916823 0.000000
vt 0.258686 0.740738 0.000000
vt 0.273313 0.766554 0.000000
vt 0.243599 0.906097 0.000000
vt 0.256814 0.944638 0.000000
vt 0.303313 0.724874 0.000000
vt 0.420722 0.673739 0.000000
vt 0.987674 0.075309 0.000000
vt 0.907041 0.014892 0.000000
vt 0.842333 0.054878 0.000000
vt 0.867512 0.223370 0.000000
vt 0.827325 0.245804 0.000000
vt 0.929748 0.003370 0.000000
vt 0.845969 0.076710 0.000000
vt 0.809620 0.098054 0.000000
vt 0.787803 0.279606 0.000000
vt 0.987871 0.121695 0.000000
vt 0.874270 0.101391 0.000000
vt 0.860120 0.089051 0.000000
vt 0.882962 0.076710 0.000000
vt 0.868168 0.126613 0.000000
vt 0.908845 0.177400 0.000000
vt 0.985313 0.167846 0.000000
vt 0.950979 0.085287 0.000000
vt 0.975430 0.112716 0.000000
vt 0.986079 0.108389 0.000000
vt 0.750337 0.269575 0.000000
vt 0.750337 0.231980 0.000000
vt 0.987674 0.179108 0.000000
vt 0.904906 0.197458 0.000000
vt 0.821315 0.166319 0.000000
vt 0.994621 0.120560 0.000000
vt 0.829113 0.115688 0.000000
vt 0.753430 0.187366 0.000000
vt 0.781858 0.175229 0.000000
vt 0.439402 0.130504 0.000000
vt 0.391824 0.257770 0.000000
vt 0.370355 0.226661 0.000000
vt 0.749231 0.174416 0.000000
vt 0.734598 0.205912 0.000000
vt 0.418312 0.269657 0.000000
vt 0.764747 0.147186 0.000000
vt 0.801368 0.115688 0.000000
vt 0.449526 0.265849 0.000000
vt 0.449526 0.227542 0.000000
vt 0.726966 0.077387 0.000000
vt 0.508615 0.675874 0.000000
vt 0.544813 0.675874 0.000000
vt 0.443277 0.326887 0.000000
vt 0.621224 0.675874 0.000000
vt 0.586304 0.675874 0.000000
vt 0.723370 0.381300 0.000000
vt 0.723370 0.411096 0.000000
vt 0.393513 0.428459 0.000000
vt 0.809513 0.046780 0.000000
vt 0.227724 0.332810 0.000000
vt 0.044029 0.278720 0.000000
vt 0.098428 0.292856 0.000000
vt 0.632886 0.048354 0.000000
vt 0.682256 0.103216 0.000000
vt 0.723370 0.103216 0.000000
vt 0.415224 0.386016 0.000000
vt 0.427141 0.358724 0.000000
vt 0.673392 0.643730 0.000000
vt 0.723370 0.441513 0.000000
vt 0.723370 0.482447 0.000000
vt 0.723370 0.639114 0.000000
vt 0.580078 0.417969 0.000000
vt 0.574171 0.623946 0.000000
vt 0.369213 0.501277 0.000000
vt 0.464672 0.649482 0.000000
vt 0.011034 0.506024 0.000000
vt 0.160391 0.774628 0.000000
vt 0.929990 0.922687 0.000000
vt 0.130848 0.505222 0.000000
vt 0.092059 0.641639 0.000000
vt 0.090494 0.605717 0.000000
vt 0.906703 0.398167 0.000000
vt 0.877950 0.629529 0.000000
vt 0.245962 0.698220 0.000000
vt 0.299136 0.711371 0.000000
vt 0.245248 0.693657 0.000000
vt 0.876320 0.438675 0.000000
vt 0.941617 0.389924 0.000000
vt 0.929512 0.988523 0.000000
vt 0.993227 0.993359 0.000000
vt 0.971535 0.993359 0.000000
vt 0.039326 0.970399 0.000000
vt 0.060750 0.981445 0.000000
vt 0.045886 0.947827 0.000000
vt 0.043921 0.991993 0.000000
vt 0.916592 0.988523 0.000000
vt 0.949033 0.993359 0.000000
vt 0.128134 0.464780 0.000000
vt 0.080453 0.423545 0.000000
vt 0.030119 0.696294 0.000000
vt 0.011034 0.723836 0.000000
vt 0.031262 0.718358 0.000000
vt 0.110548 0.951464 0.000000
vt 0.149351 0.926308 0.000000
vt 0.109631 0.886734 0.000000
vt 0.011034 0.462819 0.000000
vt 0.044766 0.409017 0.000000
vt 0.011034 0.390792 0.000000
vt 0.962093 0.344403 0.000000
vt 0.091140 0.778837 0.000000
vt 0.146530 0.822891 0.000000
vt 0.838045 0.702914 0.000000
vt 0.863341 0.764421 0.000000
vt 0.858342 0.822286 0.000000
vt 0.853836 0.870537 0.000000
vt 0.038383 0.762181 0.000000
vt 0.834062 0.765008 0.000000
vt 0.823968 0.700993 0.000000
vt 0.071441 0.936278 0.000000
vt 0.120281 0.857437 0.000000
vt 0.084450 0.967644 0.000000
vt 0.011034 0.761161 0.000000
vt 0.819248 0.921641 0.000000
vt 0.177885 0.906389 0.000000
vt 0.146530 0.872699 0.000000
vt 0.011034 0.675162 0.000000
vt 0.823968 0.664498 0.000000
vt 0.837530 0.664861 0.000000
vt 0.932244 0.355660 0.000000
vt 0.837796 0.615656 0.000000
vt 0.289937 0.690554 0.000000
vt 0.618401 0.899074 0.000000
vt 0.639383 0.897794 0.000000
vt 0.640126 0.874023 0.000000
vt 0.616344 0.874023 0.000000
vt 0.639153 0.840671 0.000000
vt 0.638017 0.798236 0.000000
vt 0.614283 0.797579 0.000000
vt 0.615330 0.840671 0.000000
vt 0.618088 0.925245 0.000000
vt 0.618289 0.954031 0.000000
vt 0.631913 0.958017 0.000000
vt 0.638093 0.927046 0.000000
vt 0.635446 0.732289 0.000000
vt 0.621673 0.730066 0.000000
vt 0.617333 0.766270 0.000000
vt 0.640763 0.769016 0.000000
vt 0.705100 0.917336 0.000000
vt 0.676787 0.909669 0.000000
vt 0.669573 0.935894 0.000000
vt 0.705675 0.941629 0.000000
vt 0.735388 0.897562 0.000000
vt 0.707840 0.897562 0.000000
vt 0.732174 0.917336 0.000000
vt 0.714859 0.691399 0.000000
vt 0.740395 0.683030 0.000000
vt 0.730199 0.651320 0.000000
vt 0.697851 0.651320 0.000000
vt 0.763943 0.673279 0.000000
vt 0.758497 0.651320 0.000000
vt 0.714448 0.792869 0.000000
vt 0.749606 0.790958 0.000000
vt 0.745094 0.771500 0.000000
vt 0.714327 0.771500 0.000000
vt 0.753622 0.816715 0.000000
vt 0.716578 0.820053 0.000000
vt 0.718772 0.848669 0.000000
vt 0.758713 0.844614 0.000000
vt 0.772585 0.786903 0.000000
vt 0.792887 0.780392 0.000000
vt 0.784578 0.771500 0.000000
vt 0.766848 0.771500 0.000000
vt 0.778474 0.812514 0.000000
vt 0.786837 0.839593 0.000000
vt 0.816340 0.833665 0.000000
vt 0.807492 0.807083 0.000000
vt 0.787139 0.873975 0.000000
vt 0.786529 0.890218 0.000000
vt 0.809581 0.886182 0.000000
vt 0.811762 0.873975 0.000000
vt 0.776995 0.727540 0.000000
vt 0.770763 0.749557 0.000000
vt 0.788090 0.753527 0.000000
vt 0.793917 0.732591 0.000000
vt 0.757268 0.711840 0.000000
vt 0.757268 0.690597 0.000000
vt 0.721604 0.693351 0.000000
vt 0.719494 0.718734 0.000000
vt 0.802366 0.756967 0.000000
vt 0.807382 0.732388 0.000000
vt 0.734269 0.937725 0.000000
vt 0.584706 0.760640 0.000000
vt 0.575534 0.795185 0.000000
vt 0.588919 0.926730 0.000000
vt 0.596013 0.957685 0.000000
vt 0.598678 0.719546 0.000000
vt 0.583710 0.903197 0.000000
vt 0.438897 0.767770 0.000000
vt 0.463607 0.773430 0.000000
vt 0.466123 0.725065 0.000000
vt 0.441652 0.725931 0.000000
vt 0.521879 0.878681 0.000000
vt 0.579050 0.875463 0.000000
vt 0.576233 0.840671 0.000000
vt 0.518716 0.840671 0.000000
vt 0.574741 0.813940 0.000000
vt 0.519162 0.809314 0.000000
vt 0.528874 0.912806 0.000000
vt 0.534184 0.942712 0.000000
vt 0.489226 0.954032 0.000000
vt 0.493823 0.991925 0.000000
vt 0.542874 0.980900 0.000000
vt 0.540680 0.693647 0.000000
vt 0.492220 0.680357 0.000000
vt 0.487824 0.729469 0.000000
vt 0.527541 0.738852 0.000000
vt 0.485552 0.917009 0.000000
vt 0.485771 0.754918 0.000000
vt 0.524212 0.761647 0.000000
vt 0.481802 0.876924 0.000000
vt 0.482868 0.840671 0.000000
vt 0.483868 0.781770 0.000000
vt 0.483288 0.806950 0.000000
vt 0.520487 0.785533 0.000000
vt 0.717413 0.873975 0.000000
vt 0.757810 0.873975 0.000000
vt 0.758745 0.854668 0.000000
vt 0.779882 0.690597 0.000000
vt 0.779882 0.710682 0.000000
vt 0.800649 0.706530 0.000000
vt 0.800649 0.690597 0.000000
vt 0.808653 0.708654 0.000000
vt 0.808653 0.690597 0.000000
vt 0.756810 0.724013 0.000000
vt 0.716748 0.741031 0.000000
vt 0.750797 0.746926 0.000000
vt 0.737583 0.718733 0.000000
vt 0.757268 0.719975 0.000000
vt 0.779882 0.719975 0.000000
vt 0.779882 0.717049 0.000000
vt 0.807694 0.713428 0.000000
vt 0.813605 0.859929 0.000000
vt 0.788744 0.857340 0.000000
vt 0.455176 0.840671 0.000000
vt 0.459884 0.804000 0.000000
vt 0.431960 0.802207 0.000000
vt 0.428003 0.840671 0.000000
vt 0.682268 0.873975 0.000000
vt 0.682114 0.844538 0.000000
vt 0.211849 0.840671 0.000000
vt 0.183166 0.840671 0.000000
vt 0.183166 0.895406 0.000000
vt 0.217130 0.884052 0.000000
vt 0.183167 0.780650 0.000000
vt 0.218456 0.799988 0.000000
vt 0.234566 0.770427 0.000000
vt 0.206764 0.749109 0.000000
vt 0.331910 0.881426 0.000000
vt 0.336441 0.840671 0.000000
vt 0.291654 0.840671 0.000000
vt 0.288353 0.879153 0.000000
vt 0.252003 0.840671 0.000000
vt 0.252003 0.878359 0.000000
vt 0.286935 0.801623 0.000000
vt 0.252003 0.801834 0.000000
vt 0.316513 0.960993 0.000000
vt 0.375650 0.962189 0.000000
vt 0.375650 0.925231 0.000000
vt 0.313336 0.922836 0.000000
vt 0.316866 0.673739 0.000000
vt 0.308486 0.731942 0.000000
vt 0.355165 0.729072 0.000000
vt 0.366119 0.673739 0.000000
vt 0.359607 0.769358 0.000000
vt 0.317629 0.768702 0.000000
vt 0.375650 0.885541 0.000000
vt 0.424569 0.924132 0.000000
vt 0.421951 0.886361 0.000000
vt 0.462132 0.921018 0.000000
vt 0.453074 0.886461 0.000000
vt 0.375650 0.840671 0.000000
vt 0.328308 0.802853 0.000000
vt 0.366235 0.802238 0.000000
vt 0.410163 0.767709 0.000000
vt 0.410474 0.726602 0.000000
vt 0.298118 0.940369 0.000000
vt 0.300854 0.922320 0.000000
vt 0.281610 0.944638 0.000000
vt 0.682114 0.821141 0.000000
vt 0.421978 0.964204 0.000000
vt 0.451077 0.962002 0.000000
vt 0.761480 0.891815 0.000000
vt 0.757268 0.718733 0.000000
vt 0.314338 0.991925 0.000000
vt 0.363799 0.991925 0.000000
vt 0.419402 0.991925 0.000000
vt 0.450611 0.991925 0.000000
vt 0.679431 0.795385 0.000000
vt 0.902277 0.150892 0.000000
vt 0.903962 0.169387 0.000000
vt 0.917181 0.166085 0.000000
vt 0.917365 0.142915 0.000000
vt 0.932320 0.078202 0.000000
vt 0.910264 0.076676 0.000000
vt 0.905448 0.102052 0.000000
vt 0.926625 0.102052 0.000000
vt 0.957866 0.027477 0.000000
vt 0.931427 0.037847 0.000000
vt 0.938915 0.046291 0.000000
vt 0.964002 0.036236 0.000000
vt 0.936291 0.291301 0.000000
vt 0.891597 0.331193 0.000000
vt 0.866153 0.345078 0.000000
vt 0.840710 0.358962 0.000000
vt 0.953754 0.239595 0.000000
vt 0.972727 0.069979 0.000000
vt 0.968884 0.046969 0.000000
vt 0.814435 0.359172 0.000000
vt 0.794825 0.330201 0.000000
vt 0.750337 0.308010 0.000000
vt 0.740816 0.340195 0.000000
vt 0.788160 0.359381 0.000000
vt 0.907420 0.274624 0.000000
vt 0.872444 0.305261 0.000000
vt 0.919365 0.238706 0.000000
vt 0.936048 0.177079 0.000000
vt 0.950388 0.170322 0.000000
vt 0.948391 0.159059 0.000000
vt 0.931766 0.161035 0.000000
vt 0.941524 0.186372 0.000000
vt 0.961132 0.176904 0.000000
vt 0.919641 0.177542 0.000000
vt 0.956255 0.074301 0.000000
vt 0.960109 0.079408 0.000000
vt 0.972328 0.075534 0.000000
vt 0.986755 0.129600 0.000000
vt 0.980891 0.155611 0.000000
vt 0.895811 0.049119 0.000000
vt 0.922553 0.057002 0.000000
vt 0.872193 0.157884 0.000000
vt 0.886126 0.187433 0.000000
vt 0.922161 0.122271 0.000000
vt 0.903615 0.124184 0.000000
vt 0.943188 0.143112 0.000000
vt 0.959640 0.147513 0.000000
vt 0.964020 0.119615 0.000000
vt 0.947595 0.115831 0.000000
vt 0.896716 0.234170 0.000000
vt 0.886212 0.252959 0.000000
vt 0.854399 0.282775 0.000000
vt 0.829685 0.331395 0.000000
vt 0.816244 0.308710 0.000000
vt 0.966559 0.164942 0.000000
vt 0.956783 0.162654 0.000000
vt 0.970704 0.152112 0.000000
vt 0.973900 0.124623 0.000000
vt 0.921259 0.190242 0.000000
vt 0.977404 0.086148 0.000000
vt 0.972584 0.095592 0.000000
vt 0.923332 0.197373 0.000000
vt 0.945193 0.192251 0.000000
vt 0.972010 0.181518 0.000000
vt 0.977551 0.167111 0.000000
vt 0.940800 0.063334 0.000000
vt 0.949570 0.055762 0.000000
vt 0.449526 0.196194 0.000000
vt 0.437021 0.155364 0.000000
vt 0.415015 0.140918 0.000000
vt 0.418312 0.197853 0.000000
vt 0.780148 0.218558 0.000000
vt 0.786508 0.198025 0.000000
vt 0.760781 0.205709 0.000000
vt 0.751000 0.218558 0.000000
vt 0.815576 0.205097 0.000000
vt 0.800080 0.187734 0.000000
vt 0.165480 0.247058 0.000000
vt 0.148029 0.291749 0.000000
vt 0.123508 0.271837 0.000000
vt 0.123508 0.243410 0.000000
vt 0.083972 0.145359 0.000000
vt 0.094954 0.157724 0.000000
vt 0.091488 0.187238 0.000000
vt 0.068867 0.186154 0.000000
vt 0.123508 0.192523 0.000000
vt 0.157136 0.192523 0.000000
vt 0.118636 0.154923 0.000000
vt 0.118790 0.136246 0.000000
vt 0.153559 0.147431 0.000000
vt 0.143394 0.160749 0.000000
vt 0.179661 0.185135 0.000000
vt 0.203219 0.257518 0.000000
vt 0.796598 0.024213 0.000000
vt 0.749218 0.024213 0.000000
vt 0.766956 0.077387 0.000000
vt 0.796598 0.069775 0.000000
vt 0.219291 0.306900 0.000000
vt 0.163783 0.324966 0.000000
vt 0.150413 0.381405 0.000000
vt 0.165435 0.346027 0.000000
vt 0.223840 0.361759 0.000000
vt 0.211611 0.396007 0.000000
vt 0.636236 0.076114 0.000000
vt 0.673215 0.083548 0.000000
vt 0.683819 0.008198 0.000000
vt 0.645263 0.021112 0.000000
vt 0.092632 0.248846 0.000000
vt 0.057736 0.241568 0.000000
vt 0.610904 0.084004 0.000000
vt 0.589051 0.076482 0.000000
vt 0.548518 0.162432 0.000000
vt 0.582493 0.175294 0.000000
vt 0.677057 0.560413 0.000000
vt 0.679688 0.507813 0.000000
vt 0.646484 0.514648 0.000000
vt 0.639356 0.565539 0.000000
vt 0.679688 0.470703 0.000000
vt 0.648438 0.470703 0.000000
vt 0.585938 0.349609 0.000000
vt 0.544578 0.333472 0.000000
vt 0.533962 0.372862 0.000000
vt 0.582031 0.388672 0.000000
vt 0.491751 0.322343 0.000000
vt 0.551378 0.293861 0.000000
vt 0.504354 0.283640 0.000000
vt 0.623047 0.441406 0.000000
vt 0.652344 0.447266 0.000000
vt 0.652403 0.417438 0.000000
vt 0.623892 0.411150 0.000000
vt 0.723370 0.547931 0.000000
vt 0.673167 0.610379 0.000000
vt 0.723370 0.607534 0.000000
vt 0.481606 0.361243 0.000000
vt 0.464424 0.403837 0.000000
vt 0.520409 0.417288 0.000000
vt 0.495261 0.513408 0.000000
vt 0.507246 0.463834 0.000000
vt 0.447649 0.455547 0.000000
vt 0.434531 0.505488 0.000000
vt 0.679688 0.447266 0.000000
vt 0.634592 0.618188 0.000000
vt 0.418459 0.568868 0.000000
vt 0.363475 0.563526 0.000000
vt 0.363475 0.593774 0.000000
vt 0.415927 0.601320 0.000000
vt 0.691109 0.192858 0.000000
vt 0.670063 0.192010 0.000000
vt 0.660429 0.260367 0.000000
vt 0.689431 0.265632 0.000000
vt 0.598808 0.255742 0.000000
vt 0.634186 0.257776 0.000000
vt 0.652075 0.189760 0.000000
vt 0.618668 0.184136 0.000000
vt 0.532122 0.201899 0.000000
vt 0.570235 0.214497 0.000000
vt 0.723370 0.229829 0.000000
vt 0.723370 0.190916 0.000000
vt 0.643480 0.092146 0.000000
vt 0.514072 0.137657 0.000000
vt 0.548480 0.064330 0.000000
vt 0.495900 0.178261 0.000000
vt 0.516726 0.242765 0.000000
vt 0.560866 0.253735 0.000000
vt 0.688456 0.321312 0.000000
vt 0.656208 0.315548 0.000000
vt 0.589845 0.301147 0.000000
vt 0.626536 0.311179 0.000000
vt 0.723370 0.320549 0.000000
vt 0.723370 0.270657 0.000000
vt 0.477033 0.217393 0.000000
vt 0.458913 0.264305 0.000000
vt 0.615234 0.514648 0.000000
vt 0.605501 0.570969 0.000000
vt 0.619141 0.466797 0.000000
vt 0.680801 0.419060 0.000000
vt 0.599616 0.621603 0.000000
vt 0.622718 0.367482 0.000000
vt 0.654325 0.375760 0.000000
vt 0.684195 0.377527 0.000000
vt 0.531060 0.511405 0.000000
vt 0.540170 0.461015 0.000000
vt 0.479350 0.573476 0.000000
vt 0.518070 0.573954 0.000000
vt 0.559457 0.506463 0.000000
vt 0.546486 0.574001 0.000000
vt 0.575158 0.571487 0.000000
vt 0.582031 0.507813 0.000000
vt 0.578125 0.457031 0.000000
vt 0.512617 0.618570 0.000000
vt 0.546240 0.621644 0.000000
vt 0.551789 0.415153 0.000000
vt 0.444919 0.608745 0.000000
vt 0.451472 0.571455 0.000000
vt 0.473993 0.615313 0.000000
vt 0.917298 0.496232 0.000000
vt 0.885629 0.496487 0.000000
vt 0.882537 0.469834 0.000000
vt 0.914244 0.467837 0.000000
vt 0.034489 0.361516 0.000000
vt 0.024274 0.304536 0.000000
vt 0.035427 0.825291 0.000000
vt 0.034066 0.848710 0.000000
vt 0.200708 0.607414 0.000000
vt 0.182707 0.557842 0.000000
vt 0.224450 0.544775 0.000000
vt 0.243402 0.585328 0.000000
vt 0.955997 0.585801 0.000000
vt 0.919885 0.577853 0.000000
vt 0.919954 0.534848 0.000000
vt 0.956586 0.536852 0.000000
vt 0.955301 0.496251 0.000000
vt 0.051944 0.572183 0.000000
vt 0.048908 0.615599 0.000000
vt 0.146352 0.632724 0.000000
vt 0.133587 0.574293 0.000000
vt 0.034005 0.896300 0.000000
vt 0.026992 0.922383 0.000000
vt 0.911967 0.715444 0.000000
vt 0.915652 0.650266 0.000000
vt 0.954629 0.659041 0.000000
vt 0.951423 0.718860 0.000000
vt 0.271191 0.643944 0.000000
vt 0.221920 0.658362 0.000000
vt 0.953085 0.771196 0.000000
vt 0.954939 0.832676 0.000000
vt 0.103084 0.725552 0.000000
vt 0.108959 0.703839 0.000000
vt 0.143235 0.720744 0.000000
vt 0.130991 0.740429 0.000000
vt 0.048646 0.715176 0.000000
vt 0.053638 0.692119 0.000000
vt 0.169348 0.684625 0.000000
vt 0.051433 0.675742 0.000000
vt 0.104813 0.676525 0.000000
vt 0.157379 0.698617 0.000000
vt 0.191530 0.722863 0.000000
vt 0.171421 0.742491 0.000000
vt 0.176710 0.466692 0.000000
vt 0.124867 0.427946 0.000000
vt 0.176056 0.430532 0.000000
vt 0.215242 0.469891 0.000000
vt 0.215242 0.430532 0.000000
vt 0.953187 0.467673 0.000000
vt 0.178853 0.505222 0.000000
vt 0.215242 0.505222 0.000000
vt 0.866311 0.561802 0.000000
vt 0.882660 0.527445 0.000000
vt 0.908766 0.767977 0.000000
vt 0.953320 0.873755 0.000000
vt 0.900022 0.874172 0.000000
vt 0.903540 0.829279 0.000000
vt 0.852181 0.933910 0.000000
vt 0.862868 0.905791 0.000000
vt 0.897488 0.908617 0.000000
vt 0.895989 0.943500 0.000000
vt 0.950987 0.433753 0.000000
vt 0.035307 0.871390 0.000000
vt 0.074488 0.834380 0.000000
vt 0.069160 0.856308 0.000000
vt 0.984752 0.303873 0.000000
vt 0.984752 0.348414 0.000000
vt 0.868391 0.709145 0.000000
vt 0.874107 0.664851 0.000000
vt 0.949890 0.941479 0.000000
vt 0.953400 0.967962 0.000000
vt 0.921396 0.967962 0.000000
vt 0.921396 0.945233 0.000000
vt 0.055510 0.514554 0.000000
vt 0.051503 0.462923 0.000000
vt 0.087662 0.463609 0.000000
vt 0.091216 0.510228 0.000000
vt 0.091711 0.558829 0.000000
vt 0.910072 0.435486 0.000000
vt 0.977897 0.384803 0.000000
vt 0.046904 0.645983 0.000000
vt 0.024671 0.505806 0.000000
vt 0.078704 0.905476 0.000000
vt 0.058034 0.916494 0.000000
vt 0.956667 0.920795 0.000000
vt 0.676777 0.770535 0.000000
vt 0.570444 0.969676 0.000000
vt 0.570482 0.706301 0.000000
vt 0.722776 0.895098 0.000000
vt 0.761382 0.917336 0.000000
vt 0.761381 0.932254 0.000000
vt 0.675319 0.722842 0.000000
vt 0.648378 0.675333 0.000000
vt 0.679879 0.690922 0.000000
vt 0.773226 0.655356 0.000000
vt 0.450962 0.673739 0.000000
vt 0.761382 0.900428 0.000000
vt 0.212439 0.935039 0.000000
vt 0.271618 0.916823 0.000000
vt 0.258686 0.740738 0.000000
vt 0.273313 0.766554 0.000000
vt 0.243599 0.906097 0.000000
vt 0.256814 0.944638 0.000000
vt 0.303313 0.724874 0.000000
vt 0.420722 0.673739 0.000000
vt 0.907041 0.014892 0.000000
vt 0.842333 0.054878 0.000000
vt 0.867512 0.223370 0.000000
vt 0.827325 0.245804 0.000000
vt 0.845969 0.076710 0.000000
vt 0.809620 0.098054 0.000000
vt 0.787803 0.279606 0.000000
vt 0.987871 0.121695 0.000000
vt 0.874270 0.101391 0.000000
vt 0.882962 0.076710 0.000000
vt 0.860120 0.089051 0.000000
vt 0.868168 0.126613 0.000000
vt 0.908845 0.177400 0.000000
vt 0.950979 0.085287 0.000000
vt 0.975430 0.112716 0.000000
vt 0.750337 0.231980 0.000000
vt 0.750337 0.269575 0.000000
vt 0.904906 0.197458 0.000000
vt 0.821315 0.166319 0.000000
vt 0.829113 0.115688 0.000000
vt 0.753430 0.187366 0.000000
vt 0.781858 0.175229 0.000000
vt 0.439402 0.130504 0.000000
vt 0.370355 0.226661 0.000000
vt 0.391824 0.257770 0.000000
vt 0.749231 0.174416 0.000000
vt 0.734598 0.205912 0.000000
vt 0.418312 0.269657 0.000000
vt 0.764747 0.147186 0.000000
vt 0.801368 0.115688 0.000000
vt 0.449526 0.265849 0.000000
vt 0.449526 0.227542 0.000000
vt 0.726966 0.077387 0.000000
vt 0.508615 0.675874 0.000000
vt 0.544813 0.675874 0.000000
vt 0.443277 0.326887 0.000000
vt 0.586304 0.675874 0.000000
vt 0.621224 0.675874 0.000000
vt 0.723370 0.381300 0.000000
vt 0.723370 0.411096 0.000000
vt 0.393513 0.428459 0.000000
vt 0.809513 0.046780 0.000000
vt 0.227724 0.332810 0.000000
vt 0.098428 0.292856 0.000000
vt 0.044029 0.278720 0.000000
vt 0.632886 0.048354 0.000000
vt 0.682256 0.103216 0.000000
vt 0.723370 0.103216 0.000000
vt 0.427141 0.358724 0.000000
vt 0.415224 0.386016 0.000000
vt 0.673392 0.643730 0.000000
vt 0.723370 0.441513 0.000000
vt 0.723370 0.482447 0.000000
vt 0.723370 0.639114 0.000000
vt 0.580078 0.417969 0.000000
vt 0.574171 0.623946 0.000000
vt 0.369213 0.501277 0.000000
vt 0.464672 0.649482 0.000000
vt 0.160391 0.774628 0.000000
vt 0.929990 0.922687 0.000000
vt 0.130848 0.505222 0.000000
vt 0.092059 0.641639 0.000000
vt 0.090494 0.605717 0.000000
vt 0.906703 0.398167 0.000000
vt 0.877950 0.629529 0.000000
vt 0.245962 0.698220 0.000000
vt 0.245248 0.693657 0.000000
vt 0.299136 0.711371 0.000000
vt 0.876320 0.438675 0.000000
vt 0.941617 0.389924 0.000000
vt 0.929512 0.988523 0.000000
vt 0.971535 0.993359 0.000000
vt 0.039326 0.970399 0.000000
vt 0.045886 0.947827 0.000000
vt 0.060750 0.981445 0.000000
vt 0.043921 0.991993 0.000000
vt 0.916592 0.988523 0.000000
vt 0.949033 0.993359 0.000000
vt 0.128134 0.464780 0.000000
vt 0.080453 0.423545 0.000000
vt 0.030119 0.696294 0.000000
vt 0.031262 0.718358 0.000000
vt 0.110548 0.951464 0.000000
vt 0.109631 0.886734 0.000000
vt 0.149351 0.926308 0.000000
vt 0.044766 0.409017 0.000000
vt 0.962093 0.344403 0.000000
vt 0.146530 0.822891 0.000000
vt 0.091140 0.778837 0.000000
vt 0.863341 0.764421 0.000000
vt 0.838045 0.702914 0.000000
vt 0.853836 0.870537 0.000000
vt 0.858342 0.822286 0.000000
vt 0.038383 0.762181 0.000000
vt 0.834062 0.765008 0.000000
vt 0.823968 0.700993 0.000000
vt 0.071441 0.936278 0.000000
vt 0.120281 0.857437 0.000000
vt 0.084450 0.967644 0.000000
vt 0.819248 0.921641 0.000000
vt 0.177885 0.906389 0.000000
vt 0.146530 0.872699 0.000000
vt 0.823968 0.664498 0.000000
vt 0.837530 0.664861 0.000000
vt 0.932244 0.355660 0.000000
vt 0.837796 0.615656 0.000000
vt 0.289937 0.690554 0.000000
usemtl Material_2
f 1/1 2/2 3/3
f 3/3 4/4 1/1
f 5/5 6/6 7/7
f 7/7 8/8 5/5
f 9/9 10/10 11/11
f 11/11 12/12 9/9
f 5/5 3/3 2/2
f 2/2 6/6 5/5
f 13/13 14/14 15/15
f 15/15 16/16 13/13
f 14/14 8/8 7/7
f 7/7 15/15 14/14
f 17/17 18/18 19/19
f 19/19 20/20 17/17
f 21/21 22/22 17/17
f 17/17 23/23 21/21
f 24/24 25/25 26/26
f 26/26 27/27 24/24
f 26/26 28/28 29/29
f 29/29 27/27 26/26
f 30/30 31/31 32/32
f 32/32 33/33 30/30
f 34/34 35/35 36/36
f 36/36 37/37 34/34
f 38/38 39/39 40/40
f 40/40 41/41 38/38
f 42/42 43/43 44/44
f 44/44 45/45 42/42
f 46/46 47/47 48/48
f 48/48 49/49 46/46
f 50/50 51/51 52/52
f 52/52 53/53 50/50
f 54/54 55/55 56/56
f 56/56 57/57 54/54
f 52/52 51/51 58/58
f 58/58 59/59 52/52
f 60/60 18/18 17/17
f 17/17 22/22 60/60
f 15/15 7/7 61/61
f 61/61 62/62 15/15
f 9/9 12/12 63/63
f 63/63 64/64 9/9
f 65/65 16/16 15/15
f 15/15 62/62 65/65
f 9/9 64/64 66/66
f 66/66 1/1 9/9
f 67/67 68/68 69/69
f 69/69 70/70 67/67
f 71/71 72/72 73/73
f 73/73 74/74 71/71
f 73/73 72/72 75/75
f 75/75 76/76 73/73
f 64/64 77/77 78/78
f 78/78 66/66 64/64
f 74/74 73/73 6/6
f 6/6 2/2 74/74
f 77/77 79/79 80/80
f 80/80 81/81 77/77
f 82/82 83/83 84/84
f 84/84 85/85 82/82
f 81/81 86/86 78/78
f 78/78 77/77 81/81
f 84/84 83/83 87/87
f 87/87 88/88 84/84
f 89/89 90/90 72/72
f 72/72 71/71 89/89
f 91/91 92/92 75/75
f 75/75 93/93 91/91
f 36/36 94/94 95/95
f 95/95 96/96 36/36
f 97/97 98/98 99/99
f 99/99 100/100 97/97
f 98/98 101/101 102/102
f 102/102 99/99 98/98
f 103/103 104/104 105/105
f 105/105 55/55 103/103
f 106/106 107/107 103/103
f 103/103 55/55 106/106
f 50/50 108/108 58/58
f 58/58 51/51 50/50
f 109/109 100/100 99/99
f 99/99 110/110 109/109
f 46/46 111/111 112/112
f 112/112 47/47 46/46
f 113/113 114/114 115/115
f 115/115 116/116 113/113
f 9/9 1/1 4/4
f 4/4 10/10 9/9
f 2/2 1/1 66/66
f 66/66 74/74 2/2
f 74/74 66/66 78/78
f 78/78 71/71 74/74
f 78/78 86/86 89/89
f 89/89 71/71 78/78
f 61/61 76/76 75/75
f 75/75 92/92 61/61
f 93/93 75/75 72/72
f 72/72 90/90 93/93
f 91/91 93/93 116/116
f 116/116 70/70 91/91
f 91/91 88/88 87/87
f 87/87 92/92 91/91
f 113/113 116/116 93/93
f 93/93 90/90 113/113
f 117/117 118/118 36/36
f 36/36 96/96 117/117
f 119/119 120/120 121/121
f 121/121 122/122 119/119
f 123/123 124/124 119/119
f 119/119 122/122 123/123
f 124/124 123/123 125/125
f 125/125 126/126 124/124
f 127/127 128/128 129/129
f 129/129 130/130 127/127
f 128/128 131/131 132/132
f 132/132 129/129 128/128
f 129/129 132/132 133/133
f 133/133 134/134 129/129
f 133/133 132/132 119/119
f 119/119 124/124 133/133
f 119/119 132/132 131/131
f 131/131 120/120 119/119
f 135/135 136/136 137/137
f 137/137 138/138 135/135
f 139/139 140/140 141/141
f 141/141 142/142 139/139
f 143/143 144/144 142/142
f 142/142 141/141 143/143
f 145/145 146/146 147/147
f 147/147 137/137 145/145
f 148/148 147/147 146/146
f 146/146 149/149 148/148
f 145/145 127/127 130/130
f 130/130 150/150 145/145
f 143/143 151/151 152/152
f 152/152 144/144 143/143
f 143/143 141/141 153/153
f 153/153 154/154 143/143
f 130/130 152/152 151/151
f 151/151 150/150 130/130
f 154/154 153/153 68/68
f 68/68 67/67 154/154
f 154/154 115/115 151/151
f 151/151 143/143 154/154
f 155/155 156/156 157/157
f 157/157 136/136 155/155
f 3/3 5/5 118/118
f 118/118 117/117 3/3
f 37/37 36/36 118/118
f 118/118 158/158 37/37
f 138/138 137/137 147/147
f 147/147 159/159 138/138
f 147/147 148/148 160/160
f 160/160 159/159 147/147
f 95/95 94/94 111/111
f 111/111 46/46 95/95
f 95/95 46/46 49/49
f 49/49 161/161 95/95
f 57/57 97/97 100/100
f 100/100 54/54 57/57
f 54/54 100/100 109/109
f 109/109 162/162 54/54
f 163/163 135/135 138/138
f 138/138 164/164 163/163
f 164/164 138/138 159/159
f 159/159 165/165 164/164
f 159/159 160/160 166/166
f 166/166 165/165 159/159
f 104/104 32/32 31/31
f 31/31 105/105 104/104
f 53/53 52/52 40/40
f 40/40 39/39 53/53
f 40/40 52/52 59/59
f 59/59 41/41 40/40
f 41/41 43/43 42/42
f 42/42 38/38 41/41
f 33/33 34/34 37/37
f 37/37 30/30 33/33
f 30/30 37/37 158/158
f 158/158 167/167 30/30
f 103/103 50/50 53/53
f 53/53 104/104 103/103
f 104/104 53/53 39/39
f 39/39 32/32 104/104
f 32/32 39/39 38/38
f 38/38 33/33 32/32
f 38/38 42/42 34/34
f 34/34 33/33 38/38
f 34/34 42/42 45/45
f 45/45 35/35 34/34
f 107/107 108/108 50/50
f 50/50 103/103 107/107
f 168/168 169/169 170/170
f 170/170 171/171 168/168
f 172/172 173/173 174/174
f 174/174 175/175 172/172
f 176/176 177/177 178/178
f 178/178 179/179 176/176
f 180/180 181/181 182/182
f 182/182 183/183 180/180
f 184/184 185/185 186/186
f 186/186 187/187 184/184
f 188/188 189/189 183/183
f 183/183 182/182 188/188
f 190/190 191/191 192/192
f 192/192 193/193 190/190
f 187/187 186/186 194/194
f 194/194 195/195 187/187
f 196/196 197/197 198/198
f 198/198 199/199 196/196
f 200/200 182/182 181/181
f 181/181 201/201 200/200
f 188/188 182/182 200/200
f 200/200 202/202 188/188
f 203/203 198/198 197/197
f 197/197 204/204 203/203
f 205/205 206/206 207/207
f 207/207 208/208 205/205
f 208/208 209/209 210/210
f 210/210 205/205 208/208
f 206/206 205/205 211/211
f 211/211 170/170 206/206
f 190/190 212/212 213/213
f 213/213 214/214 190/190
f 215/215 216/216 217/217
f 217/217 218/218 215/215
f 179/179 178/178 219/219
f 219/219 220/220 179/179
f 168/168 171/171 221/221
f 221/221 222/222 168/168
f 169/169 168/168 223/223
f 223/223 224/224 169/169
f 173/173 224/224 223/223
f 223/223 174/174 173/173
f 225/225 226/226 227/227
f 227/227 228/228 225/225
f 202/202 200/200 229/229
f 229/229 230/230 202/202
f 201/201 231/231 229/229
f 229/229 200/200 201/201
f 232/232 233/233 231/231
f 231/231 201/201 232/232
f 209/209 208/208 234/234
f 234/234 235/235 209/209
f 234/234 228/228 236/236
f 236/236 235/235 234/234
f 227/227 237/237 236/236
f 236/236 228/228 227/227
f 238/238 211/211 205/205
f 205/205 210/210 238/238
f 239/239 240/240 241/241
f 241/241 242/242 239/239
f 243/243 238/238 210/210
f 210/210 244/244 243/243
f 209/209 245/245 244/244
f 244/244 210/210 209/209
f 245/245 209/209 235/235
f 235/235 246/246 245/245
f 235/235 236/236 218/218
f 218/218 246/246 235/235
f 236/236 237/237 215/215
f 215/215 218/218 236/236
f 219/219 178/178 247/247
f 247/247 248/248 219/219
f 177/177 191/191 247/247
f 247/247 178/178 177/177
f 177/177 249/249 192/192
f 192/192 191/191 177/177
f 177/177 176/176 250/250
f 250/250 249/249 177/177
f 251/251 252/252 253/253
f 253/253 254/254 251/251
f 255/255 256/256 257/257
f 257/257 258/258 255/255
f 259/259 255/255 258/258
f 258/258 260/260 259/259
f 261/261 262/262 263/263
f 263/263 264/264 261/261
f 265/265 266/266 267/267
f 267/267 268/268 265/265
f 262/262 261/261 269/269
f 269/269 270/270 262/262
f 271/271 272/272 273/273
f 273/273 274/274 271/271
f 261/261 275/275 276/276
f 276/276 269/269 261/261
f 277/277 278/278 279/279
f 279/279 280/280 277/277
f 264/264 281/281 282/282
f 282/282 275/275 264/264
f 283/283 284/284 285/285
f 285/285 286/286 283/283
f 268/268 271/271 274/274
f 274/274 265/265 268/268
f 272/272 269/269 276/276
f 276/276 273/273 272/272
f 287/287 288/288 289/289
f 289/289 290/290 287/287
f 270/270 269/269 272/272
f 272/272 271/271 270/270
f 266/266 291/291 292/292
f 292/292 267/267 266/266
f 268/268 267/267 270/270
f 270/270 271/271 268/268
f 293/293 294/294 295/295
f 295/295 296/296 293/293
f 297/297 298/298 299/299
f 299/299 300/300 297/297
f 301/301 300/300 299/299
f 299/299 302/302 301/301
f 303/303 304/304 305/305
f 305/305 306/306 303/303
f 307/307 308/308 309/309
f 309/309 306/306 307/307
f 310/310 311/311 312/312
f 312/312 313/313 310/310
f 314/314 315/315 316/316
f 316/316 297/297 314/314
f 305/305 317/317 318/318
f 318/318 319/319 305/305
f 320/320 321/321 322/322
f 322/322 323/323 320/320
f 324/324 301/301 302/302
f 302/302 313/313 324/324
f 316/316 325/325 298/298
f 298/298 297/297 316/316
f 326/326 327/327 328/328
f 328/328 329/329 326/326
f 330/330 331/331 332/332
f 332/332 333/333 330/330
f 334/334 335/335 336/336
f 336/336 337/337 334/334
f 294/294 338/338 339/339
f 339/339 295/295 294/294
f 330/330 340/340 341/341
f 341/341 331/331 330/330
f 335/335 294/294 293/293
f 293/293 342/342 335/335
f 343/343 344/344 296/296
f 296/296 295/295 343/343
f 295/295 339/339 345/345
f 345/345 343/343 295/295
f 346/346 347/347 309/309
f 309/309 308/308 346/346
f 348/348 349/349 332/332
f 332/332 331/331 348/348
f 334/334 337/337 350/350
f 350/350 351/351 334/334
f 331/331 352/352 353/353
f 353/353 348/348 331/331
f 347/347 334/334 351/351
f 351/351 309/309 347/347
f 354/354 346/346 308/308
f 308/308 355/355 354/354
f 347/347 346/346 339/339
f 339/339 338/338 347/347
f 294/294 335/335 334/334
f 334/334 338/338 294/294
f 356/356 299/299 298/298
f 298/298 357/357 356/356
f 358/358 302/302 299/299
f 299/299 356/356 358/358
f 324/324 313/313 312/312
f 312/312 359/359 324/324
f 313/313 302/302 358/358
f 358/358 310/310 313/313
f 357/357 298/298 325/325
f 325/325 360/360 357/357
f 336/336 333/333 332/332
f 332/332 337/337 336/336
f 337/337 332/332 349/349
f 349/349 350/350 337/337
f 351/351 303/303 306/306
f 306/306 309/309 351/351
f 319/319 307/307 306/306
f 306/306 305/305 319/319
f 349/349 361/361 362/362
f 362/362 350/350 349/349
f 350/350 362/362 303/303
f 303/303 351/351 350/350
f 363/363 361/361 349/349
f 349/349 348/348 363/363
f 361/361 312/312 311/311
f 311/311 362/362 361/361
f 359/359 312/312 361/361
f 361/361 363/363 359/359
f 364/364 320/320 323/323
f 323/323 365/365 364/364
f 320/320 364/364 366/366
f 366/366 367/367 320/320
f 368/368 369/369 370/370
f 370/370 371/371 368/368
f 356/356 369/369 372/372
f 372/372 358/358 356/356
f 364/364 368/368 371/371
f 371/371 366/366 364/364
f 366/366 371/371 373/373
f 373/373 374/374 366/366
f 369/369 356/356 357/357
f 357/357 370/370 369/369
f 318/318 317/317 323/323
f 323/323 322/322 318/318
f 317/317 375/375 365/365
f 365/365 323/323 317/317
f 368/368 364/364 365/365
f 365/365 372/372 368/368
f 376/376 327/327 326/326
f 326/326 377/377 376/376
f 378/378 376/376 377/377
f 377/377 367/367 378/378
f 379/379 380/380 381/381
f 381/381 382/382 379/379
f 383/383 384/384 385/385
f 385/385 386/386 383/383
f 387/387 388/388 389/389
f 389/389 390/390 387/387
f 391/391 392/392 393/393
f 393/393 394/394 391/391
f 395/395 396/396 397/397
f 397/397 398/398 395/395
f 399/399 396/396 400/400
f 400/400 401/401 399/399
f 402/402 403/403 404/404
f 404/404 405/405 402/402
f 394/394 406/406 407/407
f 407/407 391/391 394/394
f 408/408 409/409 410/410
f 410/410 411/411 408/408
f 412/412 413/413 414/414
f 414/414 415/415 412/412
f 398/398 415/415 414/414
f 414/414 395/395 398/398
f 416/416 392/392 391/391
f 391/391 417/417 416/416
f 418/418 419/419 420/420
f 420/420 421/421 418/418
f 422/422 423/423 424/424
f 424/424 425/425 422/422
f 422/422 425/425 426/426
f 426/426 427/427 422/422
f 391/391 407/407 428/428
f 428/428 417/417 391/391
f 429/429 426/426 425/425
f 425/425 430/430 429/429
f 425/425 424/424 431/431
f 431/431 430/430 425/425
f 424/424 432/432 433/433
f 433/433 431/431 424/424
f 434/434 435/435 436/436
f 437/437 438/438 435/435
f 435/435 434/434 437/437
f 401/401 439/439 440/440
f 440/440 399/399 401/401
f 421/421 441/441 413/413
f 413/413 418/418 421/421
f 394/394 393/393 442/442
f 442/442 443/443 394/394
f 444/444 398/398 397/397
f 397/397 445/445 444/444
f 412/412 446/446 418/418
f 418/418 413/413 412/412
f 419/419 447/447 448/448
f 448/448 420/420 419/419
f 449/449 447/447 419/419
f 419/419 450/450 449/449
f 451/451 452/452 453/453
f 453/453 454/454 451/451
f 455/455 400/400 396/396
f 396/396 395/395 455/455
f 379/379 397/397 396/396
f 396/396 399/399 379/379
f 456/456 455/455 395/395
f 395/395 414/414 456/456
f 440/440 380/380 379/379
f 379/379 399/399 440/440
f 440/440 439/439 457/457
f 457/457 458/458 440/440
f 413/413 441/441 456/456
f 456/456 414/414 413/413
f 434/434 443/443 442/442
f 442/442 437/437 434/434
f 397/397 379/379 382/382
f 382/382 445/445 397/397
f 459/459 460/460 390/390
f 390/390 389/389 459/459
f 390/390 461/461 462/462
f 462/462 387/387 390/390
f 463/463 464/464 465/465
f 465/465 466/466 463/463
f 467/467 412/412 415/415
f 415/415 468/468 467/467
f 469/469 470/470 471/471
f 471/471 472/472 469/469
f 473/473 470/470 469/469
f 469/469 474/474 473/473
f 475/475 476/476 477/477
f 477/477 478/478 475/475
f 405/405 479/479 476/476
f 476/476 475/475 405/405
f 380/380 440/440 458/458
f 458/458 480/480 380/380
f 481/481 465/465 464/464
f 464/464 482/482 481/481
f 403/403 483/483 484/484
f 484/484 404/404 403/403
f 485/485 475/475 478/478
f 478/478 486/486 485/485
f 411/411 410/410 460/460
f 460/460 459/459 411/411
f 410/410 487/487 488/488
f 488/488 460/460 410/410
f 489/489 448/448 447/447
f 447/447 490/490 489/489
f 469/469 472/472 489/489
f 489/489 490/490 469/469
f 402/402 405/405 475/475
f 475/475 491/491 402/402
f 181/181 180/180 185/185
f 185/185 184/184 181/181
f 204/204 197/197 195/195
f 195/195 194/194 204/204
f 158/158 118/118 5/5
f 167/167 8/8 492/492
f 73/73 76/76 6/6
f 89/89 86/86 149/149
f 91/91 70/70 88/88
f 61/61 92/92 87/87
f 493/493 77/77 64/64
f 62/62 83/83 494/494
f 96/96 161/161 495/495
f 496/496 497/497 22/22
f 148/148 81/81 160/160
f 31/31 492/492 498/498
f 17/17 20/20 23/23
f 20/20 10/10 4/4
f 20/20 19/19 10/10
f 19/19 11/11 10/10
f 498/498 13/13 499/499
f 499/499 25/25 500/500
f 28/28 501/501 29/29
f 498/498 55/55 105/105
f 25/25 24/24 500/500
f 13/13 498/498 14/14
f 502/502 69/69 68/68
f 89/89 149/149 113/113
f 69/69 502/502 85/85
f 69/69 85/85 84/84
f 22/22 503/503 496/496
f 497/497 60/60 22/22
f 22/22 21/21 503/503
f 162/162 106/106 54/54
f 96/96 95/95 161/161
f 106/106 55/55 54/54
f 498/498 24/24 55/55
f 81/81 80/80 166/166
f 148/148 86/86 81/81
f 149/149 86/86 148/148
f 20/20 4/4 3/3
f 498/498 492/492 14/14
f 30/30 492/492 31/31
f 492/492 8/8 14/14
f 115/115 67/67 70/70
f 7/7 76/76 61/61
f 88/88 69/69 84/84
f 88/88 70/70 69/69
f 61/61 87/87 62/62
f 62/62 87/87 83/83
f 6/6 76/76 7/7
f 77/77 493/493 79/79
f 493/493 64/64 63/63
f 62/62 494/494 65/65
f 494/494 83/83 82/82
f 89/89 113/113 90/90
f 70/70 116/116 115/115
f 113/113 149/149 114/114
f 121/121 120/120 504/504
f 502/502 68/68 153/153
f 505/505 157/157 156/156
f 114/114 146/146 150/150
f 115/115 154/154 67/67
f 128/128 127/127 505/505
f 137/137 136/136 145/145
f 126/126 125/125 506/506
f 130/130 129/129 152/152
f 507/507 144/144 134/134
f 507/507 134/134 133/133
f 126/126 506/506 507/507
f 133/133 124/124 126/126
f 128/128 508/508 131/131
f 509/509 508/508 505/505
f 508/508 120/120 131/131
f 504/504 508/508 509/509
f 149/149 146/146 114/114
f 507/507 506/506 144/144
f 133/133 126/126 507/507
f 139/139 142/142 510/510
f 142/142 144/144 506/506
f 136/136 135/135 155/155
f 505/505 508/508 128/128
f 145/145 136/136 127/127
f 127/127 157/157 505/505
f 151/151 115/115 150/150
f 152/152 134/134 144/144
f 152/152 129/129 134/134
f 150/150 115/115 114/114
f 153/153 140/140 511/511
f 140/140 153/153 141/141
f 505/505 156/156 509/509
f 150/150 146/146 145/145
f 157/157 127/127 136/136
f 120/120 508/508 504/504
f 511/511 502/502 153/153
f 142/142 506/506 510/510
f 20/20 3/3 117/117
f 20/20 117/117 23/23
f 117/117 96/96 23/23
f 55/55 24/24 56/56
f 495/495 23/23 96/96
f 492/492 30/30 167/167
f 499/499 500/500 498/498
f 24/24 498/498 500/500
f 135/135 163/163 155/155
f 81/81 166/166 160/160
f 498/498 105/105 31/31
f 158/158 5/5 8/8
f 167/167 158/158 8/8
f 240/240 239/239 512/512
f 232/232 184/184 187/187
f 196/196 195/195 197/197
f 513/513 220/220 514/514
f 515/515 229/229 516/516
f 516/516 231/231 233/233
f 512/512 212/212 190/190
f 517/517 179/179 513/513
f 518/518 519/519 514/514
f 196/196 199/199 520/520
f 216/216 215/215 521/521
f 522/522 523/523 524/524
f 525/525 223/223 222/222
f 174/174 522/522 175/175
f 525/525 174/174 223/223
f 526/526 211/211 238/238
f 246/246 527/527 245/245
f 206/206 169/169 225/225
f 212/212 239/239 213/213
f 528/528 214/214 213/213
f 250/250 176/176 517/517
f 528/528 242/242 227/227
f 221/221 515/515 259/259
f 169/169 224/224 225/225
f 239/239 242/242 528/528
f 242/242 529/529 227/227
f 242/242 241/241 530/530
f 520/520 531/531 532/532
f 516/516 532/532 259/259
f 239/239 212/212 512/512
f 259/259 515/515 516/516
f 520/520 532/532 516/516
f 514/514 220/220 518/518
f 245/245 533/533 189/189
f 190/190 214/214 247/247
f 202/202 534/534 243/243
f 243/243 244/244 188/188
f 227/227 529/529 237/237
f 259/259 222/222 221/221
f 232/232 196/196 233/233
f 222/222 535/535 525/525
f 245/245 189/189 188/188
f 245/245 527/527 533/533
f 527/527 246/246 218/218
f 218/218 217/217 527/527
f 247/247 214/214 248/248
f 190/190 247/247 191/191
f 179/179 517/517 176/176
f 227/227 226/226 528/528
f 528/528 173/173 172/172
f 522/522 525/525 523/523
f 526/526 170/170 211/211
f 234/234 207/207 228/228
f 208/208 207/207 234/234
f 526/526 221/221 171/171
f 221/221 534/534 515/515
f 534/534 230/230 515/515
f 243/243 188/188 202/202
f 169/169 206/206 170/170
f 213/213 239/239 528/528
f 521/521 530/530 536/536
f 526/526 534/534 221/221
f 526/526 171/171 170/170
f 219/219 248/248 175/175
f 214/214 172/172 248/248
f 219/219 175/175 524/524
f 220/220 219/219 524/524
f 175/175 248/248 172/172
f 226/226 224/224 173/173
f 528/528 226/226 173/173
f 206/206 225/225 207/207
f 207/207 225/225 228/228
f 225/225 224/224 226/226
f 244/244 245/245 188/188
f 518/518 537/537 519/519
f 525/525 522/522 174/174
f 223/223 168/168 222/222
f 528/528 172/172 214/214
f 522/522 524/524 175/175
f 518/518 220/220 524/524
f 229/229 515/515 230/230
f 534/534 202/202 230/230
f 196/196 520/520 233/233
f 199/199 531/531 520/520
f 222/222 259/259 535/535
f 535/535 537/537 525/525
f 521/521 536/536 216/216
f 193/193 512/512 190/190
f 516/516 233/233 520/520
f 513/513 179/179 220/220
f 215/215 237/237 521/521
f 529/529 521/521 237/237
f 242/242 530/530 529/529
f 238/238 243/243 534/534
f 526/526 238/238 534/534
f 529/529 530/530 521/521
f 538/538 539/539 257/257
f 260/260 539/539 535/535
f 253/253 540/540 254/254
f 252/252 541/541 542/542
f 543/543 538/538 544/544
f 252/252 545/545 541/541
f 539/539 546/546 535/535
f 546/546 547/547 535/535
f 547/547 537/537 535/535
f 539/539 258/258 257/257
f 259/259 260/260 535/535
f 257/257 256/256 544/544
f 539/539 260/260 258/258
f 544/544 538/538 257/257
f 543/543 546/546 538/538
f 252/252 548/548 545/545
f 538/538 546/546 539/539
f 252/252 549/549 548/548
f 252/252 251/251 549/549
f 550/550 290/290 280/280
f 377/377 326/326 321/321
f 551/551 373/373 552/552
f 355/355 307/307 553/553
f 280/280 290/290 289/289
f 263/263 262/262 292/292
f 270/270 267/267 262/262
f 319/319 553/553 307/307
f 360/360 554/554 555/555
f 311/311 304/304 303/303
f 556/556 557/557 359/359
f 321/321 326/326 329/329
f 558/558 322/322 321/321
f 277/277 559/559 278/278
f 560/560 281/281 286/286
f 292/292 561/561 562/562
f 282/282 281/281 560/560
f 285/285 560/560 286/286
f 264/264 275/275 261/261
f 563/563 288/288 287/287
f 342/342 564/564 336/336
f 564/564 565/565 330/330
f 565/565 340/340 330/330
f 347/347 338/338 334/334
f 317/317 305/305 375/375
f 318/318 566/566 567/567
f 316/316 568/568 325/325
f 557/557 569/569 301/301
f 319/319 318/318 567/567
f 553/553 319/319 567/567
f 368/368 372/372 369/369
f 297/297 570/570 314/314
f 297/297 300/300 570/570
f 378/378 367/367 374/374
f 568/568 316/316 571/571
f 557/557 301/301 324/324
f 358/358 572/572 310/310
f 301/301 570/570 300/300
f 360/360 573/573 357/357
f 316/316 315/315 571/571
f 330/330 333/333 564/564
f 336/336 335/335 342/342
f 558/558 321/321 574/574
f 321/321 329/329 574/574
f 331/331 341/341 352/352
f 339/339 354/354 345/345
f 339/339 346/346 354/354
f 573/573 555/555 552/552
f 564/564 333/333 336/336
f 325/325 554/554 360/360
f 325/325 568/568 554/554
f 357/357 573/573 370/370
f 556/556 348/348 353/353
f 556/556 363/363 348/348
f 572/572 311/311 310/310
f 359/359 557/557 324/324
f 311/311 303/303 362/362
f 360/360 555/555 573/573
f 573/573 373/373 371/371
f 556/556 359/359 363/363
f 304/304 572/572 375/375
f 304/304 311/311 572/572
f 292/292 291/291 561/561
f 262/262 267/267 292/292
f 263/263 292/292 562/562
f 573/573 552/552 373/373
f 374/374 551/551 575/575
f 573/573 371/371 370/370
f 304/304 375/375 305/305
f 558/558 318/318 322/322
f 367/367 366/366 374/374
f 365/365 375/375 372/372
f 372/372 572/572 358/358
f 375/375 572/572 372/372
f 355/355 308/308 307/307
f 575/575 378/378 374/374
f 367/367 377/377 320/320
f 377/377 321/321 320/320
f 569/569 570/570 301/301
f 318/318 558/558 566/566
f 551/551 374/374 373/373
f 378/378 575/575 376/376
f 550/550 280/280 279/279
f 576/576 485/485 486/486
f 423/423 577/577 432/432
f 453/453 449/449 454/454
f 447/447 578/578 490/490
f 490/490 578/578 469/469
f 394/394 579/579 406/406
f 407/407 580/580 430/430
f 581/581 407/407 406/406
f 479/479 406/406 579/579
f 458/458 582/582 480/480
f 398/398 583/583 415/415
f 584/584 585/585 586/586
f 587/587 480/480 582/582
f 458/458 482/482 588/588
f 487/487 410/410 409/409
f 479/479 404/404 581/581
f 589/589 470/470 473/473
f 590/590 471/471 591/591
f 592/592 593/593 594/594
f 593/593 592/592 595/595
f 473/473 596/596 589/589
f 591/591 471/471 470/470
f 591/591 470/470 597/597
f 598/598 599/599 477/477
f 578/578 474/474 469/469
f 600/600 601/601 602/602
f 429/429 600/600 426/426
f 476/476 579/579 477/477
f 580/580 484/484 429/429
f 603/603 604/604 605/605
f 458/458 457/457 482/482
f 606/606 607/607 608/608
f 477/477 607/607 478/478
f 383/383 608/608 607/607
f 482/482 457/457 481/481
f 477/477 599/599 607/607
f 383/383 607/607 599/599
f 464/464 609/609 482/482
f 578/578 453/453 452/452
f 577/577 610/610 611/611
f 467/467 612/612 613/613
f 449/449 614/614 615/615
f 610/610 422/422 616/616
f 617/617 612/612 618/618
f 577/577 423/423 610/610
f 603/603 488/488 619/619
f 611/611 462/462 620/620
f 462/462 611/611 610/610
f 594/594 619/619 487/487
f 462/462 616/616 387/387
f 474/474 578/578 452/452
f 621/621 603/603 619/619
f 430/430 431/431 428/428
f 433/433 584/584 586/586
f 446/446 412/412 613/613
f 449/449 450/450 614/614
f 388/388 616/616 622/622
f 615/615 623/623 454/454
f 624/624 625/625 604/604
f 461/461 620/620 462/462
f 603/603 605/605 488/488
f 605/605 461/461 488/488
f 422/422 427/427 616/616
f 601/601 622/622 602/602
f 462/462 610/610 616/616
f 580/580 429/429 430/430
f 429/429 483/483 626/626
f 428/428 431/431 433/433
f 434/434 579/579 443/443
f 477/477 579/579 598/598
f 428/428 433/433 417/417
f 600/600 626/626 601/601
f 610/610 423/423 422/422
f 598/598 579/579 434/434
f 418/418 446/446 419/419
f 447/447 449/449 578/578
f 419/419 446/446 450/450
f 450/450 446/446 614/614
f 617/617 614/614 613/613
f 613/613 614/614 446/446
f 612/612 627/627 618/618
f 612/612 468/468 628/628
f 468/468 612/612 467/467
f 578/578 449/449 453/453
f 612/612 617/617 613/613
f 620/620 461/461 605/605
f 604/604 625/625 605/605
f 461/461 390/390 460/460
f 616/616 388/388 387/387
f 429/429 626/626 600/600
f 427/427 426/426 600/600
f 623/623 451/451 454/454
f 464/464 463/463 609/609
f 616/616 427/427 602/602
f 602/602 427/427 600/600
f 622/622 616/616 602/602
f 613/613 412/412 467/467
f 468/468 415/415 583/583
f 488/488 461/461 460/460
f 605/605 625/625 620/620
f 620/620 625/625 611/611
f 589/589 597/597 470/470
f 484/484 483/483 429/429
f 607/607 606/606 478/478
f 598/598 436/436 599/599
f 587/587 381/381 480/480
f 629/629 588/588 609/609
f 458/458 588/588 582/582
f 629/629 582/582 588/588
f 482/482 609/609 588/588
f 381/381 380/380 480/480
f 581/581 580/580 407/407
f 404/404 580/580 581/581
f 479/479 581/581 406/406
f 479/479 405/405 404/404
f 475/475 485/485 491/491
f 423/423 432/432 424/424
f 386/386 608/608 383/383
f 476/476 479/479 579/579
f 593/593 621/621 619/619
f 594/594 593/593 619/619
f 619/619 488/488 487/487
f 449/449 615/615 454/454
f 491/491 485/485 576/576
f 487/487 409/409 594/594
f 407/407 430/430 428/428
f 468/468 583/583 630/630
f 444/444 630/630 583/583
f 631/631 416/416 417/417
f 612/612 628/628 627/627
f 628/628 630/630 627/627
f 468/468 630/630 628/628
f 398/398 444/444 583/583
f 404/404 484/484 580/580
f 394/394 443/443 579/579
f 433/433 586/586 417/417
f 585/585 631/631 586/586
f 478/478 606/606 486/486
f 631/631 417/417 586/586
f 516/516 229/229 231/231
f 523/523 518/518 524/524
f 537/537 518/518 523/523
f 525/525 537/537 523/523
f 232/232 201/201 184/184
f 196/196 232/232 195/195
f 201/201 181/181 184/184
f 232/232 187/187 195/195
f 434/434 436/436 598/598
f 632/632 633/633 634/634
f 634/634 635/635 632/632
f 636/636 637/637 638/638
f 638/638 639/639 636/636
f 640/640 641/641 642/642
f 642/642 643/643 640/640
f 636/636 639/639 635/635
f 635/635 634/634 636/636
f 644/644 645/645 646/646
f 646/646 647/647 644/644
f 647/647 646/646 638/638
f 638/638 637/637 647/647
f 648/648 649/649 650/650
f 650/650 651/651 648/648
f 652/652 653/653 648/648
f 648/648 654/654 652/652
f 655/655 656/656 657/657
f 657/657 658/658 655/655
f 657/657 656/656 659/659
f 659/659 660/660 657/657
f 661/661 662/662 663/663
f 663/663 664/664 661/661
f 665/665 666/666 667/667
f 667/667 668/668 665/665
f 669/669 670/670 671/671
f 671/671 672/672 669/669
f 673/673 674/674 675/675
f 675/675 676/676 673/673
f 677/677 678/678 679/679
f 679/679 680/680 677/677
f 681/681 682/682 683/683
f 683/683 684/684 681/681
f 685/685 686/686 687/687
f 687/687 688/688 685/685
f 683/683 689/689 690/690
f 690/690 684/684 683/683
f 691/691 654/654 648/648
f 648/648 651/651 691/691
f 646/646 692/692 693/693
f 693/693 638/638 646/646
f 640/640 694/694 695/695
f 695/695 641/641 640/640
f 696/696 692/692 646/646
f 646/646 645/645 696/696
f 640/640 632/632 697/697
f 697/697 694/694 640/640
f 698/698 699/699 700/700
f 700/700 701/701 698/698
f 702/702 703/703 704/704
f 704/704 705/705 702/702
f 704/704 706/706 707/707
f 707/707 705/705 704/704
f 694/694 697/697 708/708
f 708/708 709/709 694/694
f 703/703 635/635 639/639
f 639/639 704/704 703/703
f 709/709 710/710 711/711
f 711/711 712/712 709/709
f 713/713 714/714 715/715
f 715/715 716/716 713/713
f 710/710 709/709 708/708
f 708/708 717/717 710/710
f 715/715 718/718 719/719
f 719/719 716/716 715/715
f 720/720 702/702 705/705
f 705/705 721/721 720/720
f 722/722 723/723 707/707
f 707/707 724/724 722/722
f 667/667 725/725 726/726
f 726/726 727/727 667/667
f 728/728 729/729 730/730
f 730/730 731/731 728/728
f 731/731 730/730 732/732
f 732/732 733/733 731/731
f 734/734 688/688 735/735
f 735/735 736/736 734/734
f 737/737 688/688 734/734
f 734/734 738/738 737/737
f 681/681 684/684 690/690
f 690/690 739/739 681/681
f 740/740 741/741 730/730
f 730/730 729/729 740/740
f 677/677 680/680 742/742
f 742/742 743/743 677/677
f 744/744 745/745 746/746
f 746/746 747/747 744/744
f 640/640 643/643 633/633
f 633/633 632/632 640/640
f 635/635 703/703 697/697
f 697/697 632/632 635/635
f 703/703 702/702 708/708
f 708/708 697/697 703/703
f 708/708 702/702 720/720
f 720/720 717/717 708/708
f 693/693 724/724 707/707
f 707/707 706/706 693/693
f 723/723 721/721 705/705
f 705/705 707/707 723/723
f 722/722 699/699 745/745
f 745/745 723/723 722/722
f 722/722 724/724 719/719
f 719/719 718/718 722/722
f 744/744 721/721 723/723
f 723/723 745/745 744/744
f 748/748 725/725 667/667
f 667/667 749/749 748/748
f 750/750 751/751 752/752
f 752/752 753/753 750/750
f 754/754 751/751 750/750
f 750/750 755/755 754/754
f 755/755 756/756 757/757
f 757/757 754/754 755/755
f 758/758 759/759 760/760
f 760/760 761/761 758/758
f 761/761 760/760 762/762
f 762/762 763/763 761/761
f 760/760 764/764 765/765
f 765/765 762/762 760/760
f 765/765 755/755 750/750
f 750/750 762/762 765/765
f 750/750 753/753 763/763
f 763/763 762/762 750/750
f 766/766 767/767 768/768
f 768/768 769/769 766/766
f 770/770 771/771 772/772
f 772/772 773/773 770/770
f 774/774 772/772 771/771
f 771/771 775/775 774/774
f 776/776 768/768 777/777
f 777/777 778/778 776/776
f 779/779 780/780 778/778
f 778/778 777/777 779/779
f 776/776 781/781 759/759
f 759/759 758/758 776/776
f 774/774 775/775 782/782
f 782/782 783/783 774/774
f 774/774 784/784 785/785
f 785/785 772/772 774/774
f 759/759 781/781 783/783
f 783/783 782/782 759/759
f 784/784 698/698 701/701
f 701/701 785/785 784/784
f 784/784 774/774 783/783
f 783/783 746/746 784/784
f 786/786 769/769 787/787
f 787/787 788/788 786/786
f 634/634 748/748 749/749
f 749/749 636/636 634/634
f 666/666 789/789 749/749
f 749/749 667/667 666/666
f 767/767 790/790 777/777
f 777/777 768/768 767/767
f 777/777 790/790 791/791
f 791/791 779/779 777/777
f 726/726 677/677 743/743
f 743/743 727/727 726/726
f 726/726 792/792 678/678
f 678/678 677/677 726/726
f 686/686 685/685 729/729
f 729/729 728/728 686/686
f 685/685 793/793 740/740
f 740/740 729/729 685/685
f 794/794 795/795 767/767
f 767/767 766/766 794/794
f 795/795 796/796 790/790
f 790/790 767/767 795/795
f 790/790 796/796 797/797
f 797/797 791/791 790/790
f 736/736 735/735 664/664
f 664/664 663/663 736/736
f 682/682 672/672 671/671
f 671/671 683/683 682/682
f 671/671 670/670 689/689
f 689/689 683/683 671/671
f 670/670 669/669 673/673
f 673/673 676/676 670/670
f 662/662 661/661 666/666
f 666/666 665/665 662/662
f 661/661 798/798 789/789
f 789/789 666/666 661/661
f 734/734 736/736 682/682
f 682/682 681/681 734/734
f 736/736 663/663 672/672
f 672/672 682/682 736/736
f 663/663 662/662 669/669
f 669/669 672/672 663/663
f 669/669 662/662 665/665
f 665/665 673/673 669/669
f 665/665 668/668 674/674
f 674/674 673/673 665/665
f 738/738 734/734 681/681
f 681/681 739/739 738/738
f 799/799 800/800 801/801
f 801/801 802/802 799/799
f 803/803 804/804 805/805
f 805/805 806/806 803/803
f 807/807 808/808 809/809
f 809/809 810/810 807/807
f 180/180 183/183 811/811
f 811/811 812/812 180/180
f 813/813 814/814 186/186
f 186/186 185/185 813/813
f 815/815 811/811 183/183
f 183/183 189/189 815/815
f 816/816 193/193 192/192
f 192/192 817/817 816/816
f 814/814 818/818 194/194
f 194/194 186/186 814/814
f 819/819 820/820 821/821
f 821/821 822/822 819/819
f 823/823 824/824 812/812
f 812/812 811/811 823/823
f 815/815 825/825 823/823
f 823/823 811/811 815/815
f 203/203 204/204 822/822
f 822/822 821/821 203/203
f 826/826 827/827 828/828
f 828/828 829/829 826/826
f 827/827 826/826 830/830
f 830/830 831/831 827/827
f 829/829 801/801 832/832
f 832/832 826/826 829/829
f 816/816 833/833 834/834
f 834/834 835/835 816/816
f 836/836 837/837 217/217
f 217/217 216/216 836/836
f 808/808 838/838 839/839
f 839/839 809/809 808/808
f 799/799 840/840 841/841
f 841/841 800/800 799/799
f 802/802 842/842 843/843
f 843/843 799/799 802/802
f 806/806 805/805 843/843
f 843/843 842/842 806/806
f 844/844 845/845 846/846
f 846/846 847/847 844/844
f 825/825 848/848 849/849
f 849/849 823/823 825/825
f 824/824 823/823 849/849
f 849/849 850/850 824/824
f 851/851 824/824 850/850
f 850/850 852/852 851/851
f 831/831 853/853 854/854
f 854/854 827/827 831/831
f 854/854 853/853 855/855
f 855/855 845/845 854/854
f 846/846 845/845 855/855
f 855/855 856/856 846/846
f 857/857 830/830 826/826
f 826/826 832/832 857/857
f 858/858 859/859 241/241
f 241/241 240/240 858/858
f 860/860 861/861 830/830
f 830/830 857/857 860/860
f 831/831 830/830 861/861
f 861/861 862/862 831/831
f 862/862 863/863 853/853
f 853/853 831/831 862/862
f 853/853 863/863 837/837
f 837/837 855/855 853/853
f 855/855 837/837 836/836
f 836/836 856/856 855/855
f 839/839 864/864 865/865
f 865/865 809/809 839/839
f 810/810 809/809 865/865
f 865/865 817/817 810/810
f 810/810 817/817 192/192
f 192/192 249/249 810/810
f 810/810 249/249 250/250
f 250/250 807/807 810/810
f 866/866 867/867 868/868
f 868/868 869/869 866/866
f 870/870 871/871 872/872
f 872/872 873/873 870/870
f 874/874 875/875 871/871
f 871/871 870/870 874/874
f 876/876 877/877 878/878
f 878/878 879/879 876/876
f 880/880 881/881 882/882
f 882/882 883/883 880/880
f 879/879 884/884 885/885
f 885/885 876/876 879/879
f 886/886 887/887 888/888
f 888/888 889/889 886/886
f 876/876 885/885 890/890
f 890/890 891/891 876/876
f 892/892 893/893 894/894
f 894/894 895/895 892/892
f 877/877 891/891 896/896
f 896/896 897/897 877/877
f 898/898 899/899 900/900
f 900/900 901/901 898/898
f 881/881 880/880 887/887
f 887/887 886/886 881/881
f 889/889 888/888 890/890
f 890/890 885/885 889/889
f 902/902 903/903 904/904
f 904/904 905/905 902/902
f 884/884 886/886 889/889
f 889/889 885/885 884/884
f 883/883 882/882 906/906
f 906/906 907/907 883/883
f 881/881 886/886 884/884
f 884/884 882/882 881/881
f 908/908 909/909 910/910
f 910/910 911/911 908/908
f 912/912 913/913 914/914
f 914/914 915/915 912/912
f 916/916 917/917 914/914
f 914/914 913/913 916/916
f 918/918 919/919 920/920
f 920/920 921/921 918/918
f 922/922 919/919 923/923
f 923/923 924/924 922/922
f 925/925 926/926 927/927
f 927/927 928/928 925/925
f 929/929 912/912 930/930
f 930/930 931/931 929/929
f 920/920 932/932 933/933
f 933/933 934/934 920/920
f 935/935 936/936 937/937
f 937/937 938/938 935/935
f 939/939 926/926 917/917
f 917/917 916/916 939/939
f 930/930 912/912 915/915
f 915/915 940/940 930/930
f 941/941 942/942 943/943
f 943/943 944/944 941/941
f 945/945 946/946 947/947
f 947/947 948/948 945/945
f 949/949 950/950 951/951
f 951/951 952/952 949/949
f 911/911 910/910 953/953
f 953/953 954/954 911/911
f 945/945 948/948 955/955
f 955/955 956/956 945/945
f 952/952 957/957 908/908
f 908/908 911/911 952/952
f 958/958 910/910 909/909
f 909/909 959/959 958/958
f 910/910 958/958 960/960
f 960/960 953/953 910/910
f 961/961 924/924 923/923
f 923/923 962/962 961/961
f 963/963 948/948 947/947
f 947/947 964/964 963/963
f 949/949 965/965 966/966
f 966/966 950/950 949/949
f 948/948 963/963 967/967
f 967/967 968/968 948/948
f 962/962 923/923 965/965
f 965/965 949/949 962/962
f 969/969 970/970 924/924
f 924/924 961/961 969/969
f 962/962 954/954 953/953
f 953/953 961/961 962/962
f 911/911 954/954 949/949
f 949/949 952/952 911/911
f 971/971 972/972 915/915
f 915/915 914/914 971/971
f 973/973 971/971 914/914
f 914/914 917/917 973/973
f 939/939 974/974 927/927
f 927/927 926/926 939/939
f 926/926 925/925 973/973
f 973/973 917/917 926/926
f 972/972 975/975 940/940
f 940/940 915/915 972/972
f 951/951 950/950 947/947
f 947/947 946/946 951/951
f 950/950 966/966 964/964
f 964/964 947/947 950/950
f 965/965 923/923 919/919
f 919/919 918/918 965/965
f 932/932 920/920 919/919
f 919/919 922/922 932/932
f 964/964 966/966 976/976
f 976/976 977/977 964/964
f 966/966 965/965 918/918
f 918/918 976/976 966/966
f 978/978 963/963 964/964
f 964/964 977/977 978/978
f 977/977 976/976 928/928
f 928/928 927/927 977/977
f 974/974 978/978 977/977
f 977/977 927/927 974/974
f 979/979 980/980 936/936
f 936/936 935/935 979/979
f 935/935 981/981 982/982
f 982/982 979/979 935/935
f 983/983 984/984 985/985
f 985/985 986/986 983/983
f 971/971 973/973 987/987
f 987/987 986/986 971/971
f 979/979 982/982 984/984
f 984/984 983/983 979/979
f 982/982 988/988 989/989
f 989/989 984/984 982/982
f 986/986 985/985 972/972
f 972/972 971/971 986/986
f 933/933 937/937 936/936
f 936/936 934/934 933/933
f 934/934 936/936 980/980
f 980/980 990/990 934/934
f 983/983 987/987 980/980
f 980/980 979/979 983/983
f 991/991 992/992 941/941
f 941/941 944/944 991/991
f 993/993 981/981 992/992
f 992/992 991/991 993/993
f 994/994 995/995 996/996
f 996/996 997/997 994/994
f 998/998 386/386 385/385
f 385/385 999/999 998/998
f 1000/1000 1001/1001 389/389
f 389/389 388/388 1000/1000
f 1002/1002 1003/1003 1004/1004
f 1004/1004 1005/1005 1002/1002
f 1006/1006 1007/1007 1008/1008
f 1008/1008 1009/1009 1006/1006
f 1010/1010 401/401 400/400
f 400/400 1009/1009 1010/1010
f 402/402 1011/1011 1012/1012
f 1012/1012 403/403 402/402
f 1003/1003 1002/1002 1013/1013
f 1013/1013 1014/1014 1003/1003
f 408/408 411/411 1015/1015
f 1015/1015 1016/1016 408/408
f 1017/1017 1018/1018 1019/1019
f 1019/1019 1020/1020 1017/1017
f 1007/1007 1006/1006 1019/1019
f 1019/1019 1018/1018 1007/1007
f 1021/1021 1022/1022 1002/1002
f 1002/1002 1005/1005 1021/1021
f 1023/1023 421/421 420/420
f 420/420 1024/1024 1023/1023
f 1025/1025 1026/1026 1027/1027
f 1027/1027 1028/1028 1025/1025
f 1025/1025 1029/1029 1030/1030
f 1030/1030 1026/1026 1025/1025
f 1002/1002 1022/1022 1031/1031
f 1031/1031 1013/1013 1002/1002
f 1032/1032 1033/1033 1026/1026
f 1026/1026 1030/1030 1032/1032
f 1026/1026 1033/1033 1034/1034
f 1034/1034 1027/1027 1026/1026
f 1027/1027 1034/1034 1035/1035
f 1035/1035 1036/1036 1027/1027
f 1037/1037 1038/1038 1039/1039
f 1040/1040 1037/1037 1039/1039
f 1039/1039 1041/1041 1040/1040
f 401/401 1010/1010 1042/1042
f 1042/1042 439/439 401/401
f 421/421 1023/1023 1020/1020
f 1020/1020 441/441 421/421
f 1003/1003 1043/1043 1044/1044
f 1044/1044 1004/1004 1003/1003
f 1045/1045 1046/1046 1008/1008
f 1008/1008 1007/1007 1045/1045
f 1017/1017 1020/1020 1023/1023
f 1023/1023 1047/1047 1017/1017
f 1024/1024 420/420 448/448
f 448/448 1048/1048 1024/1024
f 1049/1049 1050/1050 1024/1024
f 1024/1024 1048/1048 1049/1049
f 1051/1051 1052/1052 1053/1053
f 1053/1053 1054/1054 1051/1051
f 455/455 1006/1006 1009/1009
f 1009/1009 400/400 455/455
f 994/994 1010/1010 1009/1009
f 1009/1009 1008/1008 994/994
f 456/456 1019/1019 1006/1006
f 1006/1006 455/455 456/456
f 1042/1042 1010/1010 994/994
f 994/994 997/997 1042/1042
f 1042/1042 1055/1055 457/457
f 457/457 439/439 1042/1042
f 1020/1020 1019/1019 456/456
f 456/456 441/441 1020/1020
f 1037/1037 1040/1040 1044/1044
f 1044/1044 1043/1043 1037/1037
f 1008/1008 1046/1046 995/995
f 995/995 994/994 1008/1008
f 459/459 389/389 1001/1001
f 1001/1001 1056/1056 459/459
f 1001/1001 1000/1000 1057/1057
f 1057/1057 1058/1058 1001/1001
f 1059/1059 466/466 465/465
f 465/465 1060/1060 1059/1059
f 1061/1061 1062/1062 1018/1018
f 1018/1018 1017/1017 1061/1061
f 1063/1063 472/472 471/471
f 471/471 1064/1064 1063/1063
f 1065/1065 1066/1066 1063/1063
f 1063/1063 1064/1064 1065/1065
f 1067/1067 1068/1068 1069/1069
f 1069/1069 1070/1070 1067/1067
f 1011/1011 1067/1067 1070/1070
f 1070/1070 1071/1071 1011/1011
f 997/997 1072/1072 1055/1055
f 1055/1055 1042/1042 997/997
f 481/481 1073/1073 1060/1060
f 1060/1060 465/465 481/481
f 403/403 1012/1012 1074/1074
f 1074/1074 483/483 403/403
f 1075/1075 486/486 1068/1068
f 1068/1068 1067/1067 1075/1075
f 411/411 459/459 1056/1056
f 1056/1056 1015/1015 411/411
f 1015/1015 1056/1056 1076/1076
f 1076/1076 1077/1077 1015/1015
f 489/489 1078/1078 1048/1048
f 1048/1048 448/448 489/489
f 1063/1063 1078/1078 489/489
f 489/489 472/472 1063/1063
f 402/402 491/491 1067/1067
f 1067/1067 1011/1011 402/402
f 812/812 813/813 185/185
f 185/185 180/180 812/812
f 204/204 194/194 818/818
f 818/818 822/822 204/204
f 789/789 636/636 749/749
f 798/798 1079/1079 637/637
f 704/704 639/639 706/706
f 720/720 780/780 717/717
f 722/722 718/718 699/699
f 693/693 719/719 724/724
f 1080/1080 694/694 709/709
f 692/692 1081/1081 716/716
f 725/725 1082/1082 792/792
f 1083/1083 654/654 1084/1084
f 779/779 791/791 710/710
f 664/664 1085/1085 1079/1079
f 648/648 653/653 649/649
f 649/649 633/633 643/643
f 649/649 643/643 650/650
f 650/650 643/643 642/642
f 1085/1085 1086/1086 644/644
f 1086/1086 1087/1087 658/658
f 660/660 659/659 1088/1088
f 1085/1085 735/735 688/688
f 658/658 1087/1087 655/655
f 644/644 647/647 1085/1085
f 1089/1089 701/701 700/700
f 720/720 744/744 780/780
f 700/700 714/714 1089/1089
f 700/700 715/715 714/714
f 654/654 1083/1083 1090/1090
f 1084/1084 654/654 691/691
f 654/654 1090/1090 652/652
f 793/793 685/685 737/737
f 725/725 792/792 726/726
f 737/737 685/685 688/688
f 1085/1085 688/688 655/655
f 710/710 797/797 711/711
f 779/779 710/710 717/717
f 780/780 779/779 717/717
f 649/649 634/634 633/633
f 1085/1085 647/647 1079/1079
f 661/661 664/664 1079/1079
f 1079/1079 647/647 637/637
f 746/746 699/699 698/698
f 638/638 693/693 706/706
f 718/718 715/715 700/700
f 718/718 700/700 699/699
f 693/693 692/692 719/719
f 692/692 716/716 719/719
f 639/639 638/638 706/706
f 709/709 712/712 1080/1080
f 1080/1080 695/695 694/694
f 692/692 696/696 1081/1081
f 1081/1081 713/713 716/716
f 720/720 721/721 744/744
f 699/699 746/746 745/745
f 744/744 747/747 780/780
f 752/752 1091/1091 753/753
f 1089/1089 785/785 701/701
f 1092/1092 788/788 787/787
f 747/747 781/781 778/778
f 746/746 698/698 784/784
f 761/761 1092/1092 758/758
f 768/768 776/776 769/769
f 756/756 1093/1093 757/757
f 759/759 782/782 760/760
f 1094/1094 764/764 775/775
f 1094/1094 765/765 764/764
f 756/756 1094/1094 1093/1093
f 765/765 756/756 755/755
f 761/761 763/763 1095/1095
f 1096/1096 1092/1092 1095/1095
f 1095/1095 763/763 753/753
f 1091/1091 1096/1096 1095/1095
f 780/780 747/747 778/778
f 1094/1094 775/775 1093/1093
f 765/765 1094/1094 756/756
f 770/770 1097/1097 771/771
f 771/771 1093/1093 775/775
f 769/769 786/786 766/766
f 1092/1092 761/761 1095/1095
f 776/776 758/758 769/769
f 758/758 1092/1092 787/787
f 783/783 781/781 746/746
f 782/782 775/775 764/764
f 782/782 764/764 760/760
f 781/781 747/747 746/746
f 785/785 1098/1098 773/773
f 773/773 772/772 785/785
f 1092/1092 1096/1096 788/788
f 781/781 776/776 778/778
f 787/787 769/769 758/758
f 753/753 1091/1091 1095/1095
f 1098/1098 785/785 1089/1089
f 771/771 1097/1097 1093/1093
f 649/649 748/748 634/634
f 649/649 653/653 748/748
f 748/748 653/653 725/725
f 688/688 687/687 655/655
f 1082/1082 725/725 653/653
f 1079/1079 798/798 661/661
f 1086/1086 1085/1085 1087/1087
f 655/655 1087/1087 1085/1085
f 766/766 786/786 794/794
f 710/710 791/791 797/797
f 1085/1085 664/664 735/735
f 789/789 637/637 636/636
f 798/798 637/637 789/789
f 240/240 512/512 858/858
f 851/851 814/814 813/813
f 819/819 822/822 818/818
f 1099/1099 1100/1100 838/838
f 1101/1101 1102/1102 849/849
f 1102/1102 852/852 850/850
f 512/512 816/816 835/835
f 517/517 1099/1099 808/808
f 1103/1103 1100/1100 1104/1104
f 819/819 1105/1105 820/820
f 216/216 1106/1106 836/836
f 1107/1107 1108/1108 1109/1109
f 1110/1110 840/840 843/843
f 805/805 804/804 1107/1107
f 1110/1110 843/843 805/805
f 1111/1111 857/857 832/832
f 863/863 862/862 527/527
f 829/829 844/844 802/802
f 835/835 834/834 858/858
f 1112/1112 834/834 833/833
f 250/250 517/517 807/807
f 1112/1112 846/846 859/859
f 841/841 874/874 1101/1101
f 802/802 844/844 842/842
f 858/858 1112/1112 859/859
f 859/859 846/846 1113/1113
f 859/859 530/530 241/241
f 1105/1105 1114/1114 1115/1115
f 1102/1102 874/874 1114/1114
f 858/858 512/512 835/835
f 874/874 1102/1102 1101/1101
f 1105/1105 1102/1102 1114/1114
f 1100/1100 1103/1103 838/838
f 862/862 189/189 533/533
f 816/816 865/865 833/833
f 825/825 860/860 1116/1116
f 860/860 815/815 861/861
f 846/846 856/856 1113/1113
f 874/874 841/841 840/840
f 851/851 852/852 819/819
f 840/840 1110/1110 1117/1117
f 862/862 815/815 189/189
f 862/862 533/533 527/527
f 527/527 837/837 863/863
f 837/837 527/527 217/217
f 865/865 864/864 833/833
f 816/816 817/817 865/865
f 808/808 807/807 517/517
f 846/846 1112/1112 847/847
f 1112/1112 803/803 806/806
f 1107/1107 1109/1109 1110/1110
f 1111/1111 832/832 801/801
f 854/854 845/845 828/828
f 827/827 854/854 828/828
f 1111/1111 800/800 841/841
f 841/841 1101/1101 1116/1116
f 1116/1116 1101/1101 848/848
f 860/860 825/825 815/815
f 802/802 801/801 829/829
f 834/834 1112/1112 858/858
f 1106/1106 536/536 530/530
f 1111/1111 841/841 1116/1116
f 1111/1111 801/801 800/800
f 839/839 804/804 864/864
f 833/833 864/864 803/803
f 839/839 1108/1108 804/804
f 838/838 1108/1108 839/839
f 804/804 803/803 864/864
f 847/847 806/806 842/842
f 1112/1112 806/806 847/847
f 829/829 828/828 844/844
f 828/828 845/845 844/844
f 844/844 847/847 842/842
f 861/861 815/815 862/862
f 1103/1103 1104/1104 1118/1118
f 1110/1110 805/805 1107/1107
f 843/843 840/840 799/799
f 1112/1112 833/833 803/803
f 1107/1107 804/804 1108/1108
f 1103/1103 1108/1108 838/838
f 849/849 848/848 1101/1101
f 1116/1116 848/848 825/825
f 819/819 852/852 1105/1105
f 820/820 1105/1105 1115/1115
f 840/840 1117/1117 874/874
f 1117/1117 1110/1110 1118/1118
f 1106/1106 216/216 536/536
f 193/193 816/816 512/512
f 1102/1102 1105/1105 852/852
f 1099/1099 838/838 808/808
f 836/836 1106/1106 856/856
f 1113/1113 856/856 1106/1106
f 859/859 1113/1113 530/530
f 857/857 1116/1116 860/860
f 1111/1111 1116/1116 857/857
f 1113/1113 1106/1106 530/530
f 1119/1119 872/872 1120/1120
f 875/875 1117/1117 1120/1120
f 868/868 867/867 1121/1121
f 869/869 1122/1122 1123/1123
f 1124/1124 1125/1125 1119/1119
f 869/869 1123/1123 1126/1126
f 1120/1120 1117/1117 1127/1127
f 1127/1127 1117/1117 1128/1128
f 1128/1128 1117/1117 1118/1118
f 1120/1120 872/872 871/871
f 874/874 1117/1117 875/875
f 872/872 1125/1125 873/873
f 1120/1120 871/871 875/875
f 1125/1125 872/872 1119/1119
f 1124/1124 1119/1119 1127/1127
f 869/869 1126/1126 1129/1129
f 1119/1119 1120/1120 1127/1127
f 869/869 1129/1129 1130/1130
f 869/869 1130/1130 866/866
f 1131/1131 893/893 903/903
f 992/992 938/938 941/941
f 1132/1132 1133/1133 989/989
f 970/970 1134/1134 922/922
f 893/893 904/904 903/903
f 878/878 906/906 879/879
f 884/884 879/879 882/882
f 932/932 922/922 1134/1134
f 975/975 1135/1135 1136/1136
f 928/928 918/918 921/921
f 1137/1137 974/974 1138/1138
f 938/938 942/942 941/941
f 1139/1139 938/938 937/937
f 892/892 895/895 1140/1140
f 1141/1141 899/899 897/897
f 906/906 1142/1142 1143/1143
f 896/896 1141/1141 897/897
f 900/900 899/899 1141/1141
f 877/877 876/876 891/891
f 1144/1144 902/902 905/905
f 957/957 951/951 1145/1145
f 1145/1145 945/945 1146/1146
f 1146/1146 945/945 956/956
f 962/962 949/949 954/954
f 934/934 990/990 920/920
f 933/933 1147/1147 1148/1148
f 930/930 940/940 1149/1149
f 1138/1138 916/916 1150/1150
f 932/932 1147/1147 933/933
f 1134/1134 1147/1147 932/932
f 983/983 986/986 987/987
f 912/912 929/929 1151/1151
f 912/912 1151/1151 913/913
f 993/993 988/988 981/981
f 1149/1149 1152/1152 930/930
f 1138/1138 939/939 916/916
f 973/973 925/925 1153/1153
f 916/916 913/913 1151/1151
f 975/975 972/972 1154/1154
f 930/930 1152/1152 931/931
f 945/945 1145/1145 946/946
f 951/951 957/957 952/952
f 1139/1139 1155/1155 938/938
f 938/938 1155/1155 942/942
f 948/948 968/968 955/955
f 953/953 960/960 969/969
f 953/953 969/969 961/961
f 1154/1154 1133/1133 1135/1135
f 1145/1145 951/951 946/946
f 940/940 975/975 1136/1136
f 940/940 1136/1136 1149/1149
f 972/972 985/985 1154/1154
f 1137/1137 967/967 963/963
f 1137/1137 963/963 978/978
f 1153/1153 925/925 928/928
f 974/974 939/939 1138/1138
f 928/928 976/976 918/918
f 975/975 1154/1154 1135/1135
f 1154/1154 984/984 989/989
f 1137/1137 978/978 974/974
f 921/921 990/990 1153/1153
f 921/921 1153/1153 928/928
f 906/906 1143/1143 907/907
f 879/879 906/906 882/882
f 878/878 1142/1142 906/906
f 1154/1154 989/989 1133/1133
f 988/988 1156/1156 1132/1132
f 1154/1154 985/985 984/984
f 921/921 920/920 990/990
f 1139/1139 937/937 933/933
f 981/981 988/988 982/982
f 980/980 987/987 990/990
f 987/987 973/973 1153/1153
f 990/990 987/987 1153/1153
f 970/970 922/922 924/924
f 1156/1156 988/988 993/993
f 981/981 935/935 992/992
f 992/992 935/935 938/938
f 1150/1150 916/916 1151/1151
f 933/933 1148/1148 1139/1139
f 1132/1132 989/989 988/988
f 993/993 991/991 1156/1156
f 1131/1131 894/894 893/893
f 576/576 486/486 1075/1075
f 1028/1028 1036/1036 1157/1157
f 1053/1053 1052/1052 1049/1049
f 1048/1048 1078/1078 1158/1158
f 1078/1078 1063/1063 1158/1158
f 1003/1003 1014/1014 1159/1159
f 1013/1013 1033/1033 1160/1160
f 1161/1161 1014/1014 1013/1013
f 1071/1071 1159/1159 1014/1014
f 1055/1055 1072/1072 1162/1162
f 1007/1007 1018/1018 1163/1163
f 1164/1164 1165/1165 1166/1166
f 1167/1167 1162/1162 1072/1072
f 1055/1055 1168/1168 1073/1073
f 1077/1077 1016/1016 1015/1015
f 1071/1071 1161/1161 1012/1012
f 1169/1169 1065/1065 1064/1064
f 590/590 1170/1170 471/471
f 1171/1171 1172/1172 1173/1173
f 1173/1173 1174/1174 1171/1171
f 1065/1065 1169/1169 1175/1175
f 1170/1170 1064/1064 471/471
f 1170/1170 1176/1176 1064/1064
f 1177/1177 1069/1069 1178/1178
f 1158/1158 1063/1063 1066/1066
f 1179/1179 1180/1180 601/601
f 1032/1032 1030/1030 1179/1179
f 1070/1070 1069/1069 1159/1159
f 1160/1160 1032/1032 1074/1074
f 1181/1181 1182/1182 1183/1183
f 1055/1055 1073/1073 457/457
f 606/606 608/608 1184/1184
f 1069/1069 1068/1068 1184/1184
f 998/998 1184/1184 608/608
f 1073/1073 481/481 457/457
f 1069/1069 1184/1184 1178/1178
f 998/998 1178/1178 1184/1184
f 1060/1060 1073/1073 1185/1185
f 1158/1158 1054/1054 1053/1053
f 1157/1157 1186/1186 1187/1187
f 1061/1061 1188/1188 1189/1189
f 1049/1049 1190/1190 1191/1191
f 1187/1187 1192/1192 1025/1025
f 1193/1193 1194/1194 1189/1189
f 1157/1157 1187/1187 1028/1028
f 1181/1181 1195/1195 1076/1076
f 1186/1186 1196/1196 1057/1057
f 1057/1057 1187/1187 1186/1186
f 1172/1172 1077/1077 1195/1195
f 1057/1057 1000/1000 1192/1192
f 1066/1066 1054/1054 1158/1158
f 1197/1197 1195/1195 1181/1181
f 1033/1033 1031/1031 1034/1034
f 1035/1035 1165/1165 1164/1164
f 1047/1047 1188/1188 1017/1017
f 1049/1049 1191/1191 1050/1050
f 388/388 622/622 1192/1192
f 1190/1190 1052/1052 1198/1198
f 1199/1199 1183/1183 1200/1200
f 1058/1058 1057/1057 1196/1196
f 1181/1181 1076/1076 1182/1182
f 1182/1182 1076/1076 1058/1058
f 1025/1025 1192/1192 1029/1029
f 601/601 1180/1180 622/622
f 1057/1057 1192/1192 1187/1187
f 1160/1160 1033/1033 1032/1032
f 1032/1032 626/626 483/483
f 1031/1031 1035/1035 1034/1034
f 1037/1037 1043/1043 1159/1159
f 1069/1069 1177/1177 1159/1159
f 1031/1031 1022/1022 1035/1035
f 1179/1179 601/601 626/626
f 1187/1187 1025/1025 1028/1028
f 1177/1177 1037/1037 1159/1159
f 1023/1023 1024/1024 1047/1047
f 1048/1048 1158/1158 1049/1049
f 1024/1024 1050/1050 1047/1047
f 1050/1050 1191/1191 1047/1047
f 1193/1193 1188/1188 1191/1191
f 1188/1188 1047/1047 1191/1191
f 1189/1189 1194/1194 1201/1201
f 1189/1189 1202/1202 1062/1062
f 1062/1062 1061/1061 1189/1189
f 1158/1158 1053/1053 1049/1049
f 1189/1189 1188/1188 1193/1193
f 1196/1196 1182/1182 1058/1058
f 1183/1183 1182/1182 1200/1200
f 1058/1058 1056/1056 1001/1001
f 1192/1192 1000/1000 388/388
f 1032/1032 1179/1179 626/626
f 1029/1029 1179/1179 1030/1030
f 1198/1198 1052/1052 1051/1051
f 1060/1060 1185/1185 1059/1059
f 1192/1192 1180/1180 1029/1029
f 1180/1180 1179/1179 1029/1029
f 622/622 1180/1180 1192/1192
f 1188/1188 1061/1061 1017/1017
f 1062/1062 1163/1163 1018/1018
f 1076/1076 1056/1056 1058/1058
f 1182/1182 1196/1196 1200/1200
f 1196/1196 1186/1186 1200/1200
f 1169/1169 1064/1064 1176/1176
f 1074/1074 1032/1032 483/483
f 1184/1184 1068/1068 606/606
f 1177/1177 1178/1178 1038/1038
f 1167/1167 1072/1072 996/996
f 1203/1203 1185/1185 1168/1168
f 1055/1055 1162/1162 1168/1168
f 1203/1203 1168/1168 1162/1162
f 1073/1073 1168/1168 1185/1185
f 996/996 1072/1072 997/997
f 1161/1161 1013/1013 1160/1160
f 1012/1012 1161/1161 1160/1160
f 1071/1071 1014/1014 1161/1161
f 1071/1071 1012/1012 1011/1011
f 1067/1067 491/491 1075/1075
f 1028/1028 1027/1027 1036/1036
f 386/386 998/998 608/608
f 1070/1070 1159/1159 1071/1071
f 1173/1173 1195/1195 1197/1197
f 1172/1172 1195/1195 1173/1173
f 1195/1195 1077/1077 1076/1076
f 1049/1049 1052/1052 1190/1190
f 491/491 576/576 1075/1075
f 1077/1077 1172/1172 1016/1016
f 1013/1013 1031/1031 1033/1033
f 1062/1062 1204/1204 1163/1163
f 1045/1045 1163/1163 1204/1204
f 1205/1205 1022/1022 1021/1021
f 1189/1189 1201/1201 1202/1202
f 1202/1202 1201/1201 1204/1204
f 1062/1062 1202/1202 1204/1204
f 1007/1007 1163/1163 1045/1045
f 1012/1012 1160/1160 1074/1074
f 1003/1003 1159/1159 1043/1043
f 1035/1035 1022/1022 1165/1165
f 1166/1166 1165/1165 1205/1205
f 1068/1068 486/486 606/606
f 1205/1205 1165/1165 1022/1022
f 1102/1102 850/850 849/849
f 1109/1109 1108/1108 1103/1103
f 1118/1118 1109/1109 1103/1103
f 1110/1110 1109/1109 1118/1118
f 851/851 813/813 824/824
f 819/819 818/818 851/851
f 824/824 813/813 812/812
f 851/851 818/818 814/814
f 1037/1037 1177/1177 1038/1038

g Sisyphus
v -5.265951 -4.797722 49.093030
v -5.291580 -5.047113 48.340930
v -4.025289 -5.059814 47.842340
v -4.066536 -5.281972 48.780540
v -3.964500 -5.424535 46.272090
v -3.145231 -6.098586 46.089230
v -3.461759 -5.526143 48.622970
v -4.360446 -5.832053 44.922770
v -1.956773 -5.127832 45.709850
v -8.770012 -3.406836 36.769630
v -10.051850 -2.951635 37.468780
v -14.070290 -3.580280 33.230570
v -13.357200 -3.837012 32.217230
v -7.594050 -4.207673 39.182990
v -8.651681 -3.905081 40.009690
v -5.979510 -4.992926 41.629810
v -6.833270 -4.894519 42.621700
v -7.029670 -4.653786 46.100460
v -7.600241 -3.585696 45.373540
v -6.188590 -4.673637 44.327750
v -5.976770 -5.077306 45.305760
v -5.354526 -3.803978 49.725890
v -7.117483 -3.058165 48.121410
v -6.870319 -4.314083 47.986800
v -2.504734 -4.824701 48.960620
v -3.974699 -4.315784 49.650560
v -5.575659 -5.355038 43.850400
v -5.076546 -5.154327 45.252870
v -6.188590 -4.673637 44.327750
v -10.664930 -2.307135 38.104590
v -14.479450 -2.881309 34.243910
v -9.134700 -3.101481 40.640980
v -7.330839 -4.252018 43.342070
v -4.025271 -5.392427 44.519290
v -3.976649 -5.523696 45.512200
v -4.329260 -5.378918 43.061140
v -4.987092 4.430731 52.047060
v -6.600581 2.406150 51.745660
v -6.063541 2.176191 53.551080
v -4.481691 3.821302 53.689750
v -2.448571 5.206812 52.004550
v -2.157591 4.481291 53.540040
v -6.206303 5.313481 44.941310
v -5.862721 5.822040 47.524130
v -4.008391 6.187931 44.467360
v 2.278769 4.704093 53.203420
v 2.504618 5.308261 51.916450
v -0.103401 5.428282 51.739580
v -0.079901 5.008002 53.417500
v 1.484847 6.822191 44.823570
v -0.120131 6.930821 44.837630
v -0.093112 6.969192 47.003170
v 0.975239 6.870711 47.042260
v -1.649788 -5.083067 39.347650
v -4.576092 -5.534957 39.928360
v -4.576777 -5.278164 34.208050
v -1.304527 -5.714703 33.903390
v -1.405481 -4.419261 43.354840
v -4.738709 -5.025587 44.425580
v 0.807004 -4.313252 34.161450
v -0.020993 -4.528815 38.844210
v -0.048960 -4.234301 42.958020
v 4.261859 -4.115488 51.149880
v 4.178279 -4.294667 49.014130
v 5.913148 -2.641487 51.430630
v -7.122731 -0.004570 51.568600
v -7.005970 -0.091135 52.822510
v 8.703060 2.684677 43.247590
v 8.438528 2.621400 45.708670
v 8.936619 -0.240879 45.926850
v 9.698459 -0.076404 43.059470
v -0.093211 6.048720 49.821980
v 2.809758 6.143032 50.031880
v -5.503952 5.111861 50.052330
v -2.804281 5.976663 50.031190
v -7.295141 2.708160 49.715280
v -7.467660 -0.080378 49.671090
v 7.497838 -0.161953 49.810170
v 7.340778 2.826272 49.756360
v 6.651739 2.438882 51.802460
v 7.074348 -0.054874 51.607130
v 4.592338 4.160803 52.948310
v 5.004399 4.402863 51.963510
v 5.551488 5.043522 50.068420
v 3.744099 6.531420 44.969510
v 6.002088 5.574672 47.474750
v 6.337588 5.477522 45.316880
v 6.727180 5.462086 42.249010
v 4.214368 6.315958 42.496080
v 1.620508 6.588118 43.099230
v -0.119881 6.811941 43.322190
v -1.652872 6.666212 44.804940
v -0.900431 6.833941 47.009220
v -1.898613 6.548021 43.953700
v 8.247787 -2.583292 45.773080
v -2.692746 -4.295798 28.784260
v -0.110695 -5.512447 28.926100
v 2.042715 -4.264235 30.941480
v -5.700160 -5.151902 46.302880
v -5.292531 -6.019202 45.451120
v -4.400383 -6.449302 45.894160
v -5.134442 -5.437860 47.321550
v -5.483560 -5.714908 38.089130
v -5.147500 -6.004936 40.788720
v -6.049921 -5.322626 40.944880
v -6.280730 -4.757708 38.250580
v -5.206610 -4.733393 32.730960
v -4.299359 -5.610603 32.584420
v -5.133871 -5.693451 35.383970
v -5.897560 -4.571961 35.213940
v -4.223790 -5.898686 40.614630
v -3.599481 -6.327523 43.384150
v -4.649519 -6.677434 43.453010
v -4.044051 -5.915371 35.762370
v -4.377069 -5.887438 38.054900
v -3.279153 -6.140522 46.089210
v -4.025381 -5.059810 47.842320
v -5.126061 -4.076958 48.878030
v -5.848781 -4.085158 48.304890
v -3.078680 -5.688273 33.231940
v -5.477070 -5.859374 43.249220
v -6.542960 -4.156459 47.082200
v -5.700071 -5.151906 46.302910
v -3.964500 -5.424535 46.272090
v -8.233782 2.778419 45.449300
v 1.376998 -4.127658 44.896770
v 4.270834 -5.238912 44.452350
v -4.220109 -4.319770 50.950990
v -1.913332 -4.764219 47.756630
v -2.136250 -5.234299 50.454900
v -3.927431 -4.270718 48.800670
v -1.377181 -4.134366 45.392230
v -0.099309 -5.514978 50.273450
v -0.035911 -4.927998 46.605120
v -8.958552 -0.201112 45.809090
v 6.246170 -2.969738 49.706870
v 6.412719 -3.104626 49.128200
v 6.874898 -4.184482 45.264170
v -6.267550 -2.783090 51.421410
v -3.927431 -4.270718 48.800670
v -4.220109 -4.319770 50.950990
v 1.913149 -4.723108 47.756630
v 2.381200 -4.933138 50.674580
v -6.319961 -3.010139 49.314130
v -8.140892 -2.548952 45.660150
v -6.750570 -4.379861 45.247880
v -0.000092 -4.318848 44.578370
v -0.000092 -4.318848 44.578370
v -1.377181 -4.134366 45.392230
v 3.362929 6.744001 47.130260
v -3.470111 6.689682 47.026600
v -3.927431 -4.270718 48.800670
v -6.750570 -4.379861 45.247880
v 8.605289 -2.429993 43.799170
v 6.933578 -4.359152 44.467150
v -3.157324 -5.361779 44.265760
vt 0.325240 0.508172 0.000000
vt 0.300314 0.508171 0.000000
vt 0.300314 0.474565 0.000000
vt 0.325240 0.485830 0.000000
vt 0.300314 0.427155 0.000000
vt 0.325240 0.429671 0.000000
vt 0.325240 0.474565 0.000000
vt 0.325240 0.400692 0.000000
vt 0.351152 0.426252 0.000000
vt 0.351152 0.245673 0.000000
vt 0.325240 0.245673 0.000000
vt 0.325240 0.153677 0.000000
vt 0.351152 0.149076 0.000000
vt 0.351152 0.289828 0.000000
vt 0.325240 0.289828 0.000000
vt 0.351152 0.337992 0.000000
vt 0.325240 0.337992 0.000000
vt 0.325240 0.574799 0.000000
vt 0.351152 0.574799 0.000000
vt 0.351152 0.601739 0.000000
vt 0.325240 0.601739 0.000000
vt 0.351152 0.508171 0.000000
vt 0.351152 0.542604 0.000000
vt 0.325240 0.542604 0.000000
vt 0.351152 0.474566 0.000000
vt 0.351152 0.492744 0.000000
vt 0.325240 0.371713 0.000000
vt 0.300314 0.396578 0.000000
vt 0.300314 0.366002 0.000000
vt 0.300314 0.245673 0.000000
vt 0.300314 0.162311 0.000000
vt 0.300314 0.289828 0.000000
vt 0.300314 0.337992 0.000000
vt 0.351152 0.657439 0.000000
vt 0.325240 0.657439 0.000000
vt 0.351152 0.379280 0.000000
vt 0.133625 0.037034 0.000000
vt 0.104573 0.035914 0.000000
vt 0.110338 0.017712 0.000000
vt 0.136607 0.017712 0.000000
vt 0.162135 0.036237 0.000000
vt 0.163088 0.017712 0.000000
vt 0.124240 0.111352 0.000000
vt 0.131291 0.085219 0.000000
vt 0.149763 0.116344 0.000000
vt 0.213188 0.017712 0.000000
vt 0.216602 0.033366 0.000000
vt 0.187595 0.036959 0.000000
vt 0.186205 0.017712 0.000000
vt 0.206114 0.109730 0.000000
vt 0.190360 0.110267 0.000000
vt 0.189954 0.088821 0.000000
vt 0.200574 0.087856 0.000000
vt 0.803225 0.535465 0.000000
vt 0.764674 0.544769 0.000000
vt 0.764674 0.474309 0.000000
vt 0.803225 0.462735 0.000000
vt 0.813206 0.587899 0.000000
vt 0.776154 0.604950 0.000000
vt 0.835011 0.462895 0.000000
vt 0.825201 0.528254 0.000000
vt 0.830326 0.580718 0.000000
vt 0.409826 0.017712 0.000000
vt 0.418260 0.051665 0.000000
vt 0.369990 0.017712 0.000000
vt 0.076021 0.028163 0.000000
vt 0.079072 0.017712 0.000000
vt 0.293086 0.129391 0.000000
vt 0.294722 0.102738 0.000000
vt 0.328485 0.102788 0.000000
vt 0.324026 0.136752 0.000000
vt 0.188848 0.058500 0.000000
vt 0.219653 0.055685 0.000000
vt 0.131530 0.059075 0.000000
vt 0.160625 0.058559 0.000000
vt 0.099559 0.057982 0.000000
vt 0.069378 0.049661 0.000000
vt 0.328041 0.047133 0.000000
vt 0.287433 0.051157 0.000000
vt 0.284069 0.017712 0.000000
vt 0.323210 0.017712 0.000000
vt 0.243773 0.017712 0.000000
vt 0.248657 0.027683 0.000000
vt 0.252332 0.052311 0.000000
vt 0.228470 0.108038 0.000000
vt 0.253886 0.081999 0.000000
vt 0.256835 0.105193 0.000000
vt 0.257950 0.136843 0.000000
vt 0.232538 0.132424 0.000000
vt 0.207890 0.126462 0.000000
vt 0.190988 0.122425 0.000000
vt 0.174802 0.111614 0.000000
vt 0.181818 0.088931 0.000000
vt 0.172629 0.120528 0.000000
vt 0.358711 0.105754 0.000000
vt 0.764674 0.400273 0.000000
vt 0.803225 0.395829 0.000000
vt 0.841835 0.416190 0.000000
vt 0.241032 0.467543 0.000000
vt 0.241032 0.423472 0.000000
vt 0.261289 0.426903 0.000000
vt 0.261289 0.471535 0.000000
vt 0.261289 0.272728 0.000000
vt 0.261289 0.326719 0.000000
vt 0.241032 0.325277 0.000000
vt 0.241032 0.274786 0.000000
vt 0.241032 0.154423 0.000000
vt 0.261289 0.154423 0.000000
vt 0.261289 0.217149 0.000000
vt 0.241032 0.216795 0.000000
vt 0.282435 0.327363 0.000000
vt 0.282435 0.381842 0.000000
vt 0.261289 0.378687 0.000000
vt 0.282435 0.221669 0.000000
vt 0.282435 0.273598 0.000000
vt 0.282435 0.431421 0.000000
vt 0.282435 0.472548 0.000000
vt 0.282435 0.511884 0.000000
vt 0.261289 0.511884 0.000000
vt 0.282435 0.154423 0.000000
vt 0.241032 0.371344 0.000000
vt 0.241032 0.511884 0.000000
vt 0.300314 0.601739 0.000000
vt 0.300314 0.647629 0.000000
vt 0.089664 0.103125 0.000000
vt 0.471909 0.100442 0.000000
vt 0.424403 0.119295 0.000000
vt 0.551419 0.002821 0.000000
vt 0.519817 0.056791 0.000000
vt 0.517935 0.017712 0.000000
vt 0.551419 0.037602 0.000000
vt 0.517613 0.096169 0.000000
vt 0.487523 0.017712 0.000000
vt 0.492358 0.076539 0.000000
vt 0.057966 0.093175 0.000000
vt 0.375569 0.045797 0.000000
vt 0.376607 0.055187 0.000000
vt 0.386125 0.112902 0.000000
vt 0.043216 0.017712 0.000000
vt 0.007085 0.035588 0.000000
vt 0.016545 0.017712 0.000000
vt 0.459209 0.063348 0.000000
vt 0.446045 0.017712 0.000000
vt 0.034549 0.041314 0.000000
vt 0.033170 0.085554 0.000000
vt 0.007085 0.080194 0.000000
vt 0.495173 0.106043 0.000000
vt 0.834164 0.604444 0.000000
vt 0.816961 0.615730 0.000000
vt 0.224375 0.086446 0.000000
vt 0.156234 0.089928 0.000000
vt 0.786230 0.656016 0.000000
vt 0.741948 0.622164 0.000000
vt 0.353871 0.129859 0.000000
vt 0.386763 0.123942 0.000000
vt 0.351152 0.402766 0.000000
usemtl Material_3
f 1206/1206 1207/1207 1208/1208
f 1208/1208 1209/1209 1206/1206
f 1210/1210 1211/1211 1212/1212
f 1212/1212 1208/1208 1210/1210
f 1211/1211 1213/1213 1214/1214
f 1215/1215 1216/1216 1217/1217
f 1217/1217 1218/1218 1215/1215
f 1219/1219 1220/1220 1216/1216
f 1216/1216 1215/1215 1219/1219
f 1221/1221 1222/1222 1220/1220
f 1220/1220 1219/1219 1221/1221
f 1223/1223 1224/1224 1225/1225
f 1225/1225 1226/1226 1223/1223
f 1206/1206 1227/1227 1228/1228
f 1228/1228 1229/1229 1206/1206
f 1212/1212 1230/1230 1231/1231
f 1231/1231 1209/1209 1212/1212
f 1230/1230 1212/1212 1214/1214
f 1232/1232 1213/1213 1233/1233
f 1233/1233 1234/1234 1232/1232
f 1216/1216 1235/1235 1236/1236
f 1236/1236 1217/1217 1216/1216
f 1220/1220 1237/1237 1235/1235
f 1235/1235 1216/1216 1220/1220
f 1222/1222 1238/1238 1237/1237
f 1237/1237 1220/1220 1222/1222
f 1239/1239 1240/1240 1226/1226
f 1226/1226 1225/1225 1239/1239
f 1228/1228 1224/1224 1223/1223
f 1223/1223 1229/1229 1228/1228
f 1234/1234 1238/1238 1222/1222
f 1222/1222 1232/1232 1234/1234
f 1222/1222 1221/1221 1241/1241
f 1241/1241 1232/1232 1222/1222
f 1242/1242 1243/1243 1244/1244
f 1244/1244 1245/1245 1242/1242
f 1246/1246 1242/1242 1245/1245
f 1245/1245 1247/1247 1246/1246
f 1248/1248 1249/1249 1250/1250
f 1251/1251 1252/1252 1253/1253
f 1253/1253 1254/1254 1251/1251
f 1255/1255 1256/1256 1257/1257
f 1257/1257 1258/1258 1255/1255
f 1259/1259 1260/1260 1261/1261
f 1261/1261 1262/1262 1259/1259
f 1260/1260 1259/1259 1263/1263
f 1263/1263 1264/1264 1260/1260
f 1265/1265 1266/1266 1259/1259
f 1259/1259 1262/1262 1265/1265
f 1266/1266 1267/1267 1263/1263
f 1263/1263 1259/1259 1266/1266
f 1268/1268 1269/1269 1270/1270
f 1243/1243 1271/1271 1272/1272
f 1272/1272 1244/1244 1243/1243
f 1273/1273 1274/1274 1275/1275
f 1275/1275 1276/1276 1273/1273
f 1277/1277 1253/1253 1252/1252
f 1252/1252 1278/1278 1277/1277
f 1279/1279 1242/1242 1246/1246
f 1246/1246 1280/1280 1279/1279
f 1271/1271 1243/1243 1281/1281
f 1281/1281 1282/1282 1271/1271
f 1283/1283 1275/1275 1274/1274
f 1274/1274 1284/1284 1283/1283
f 1285/1285 1286/1286 1283/1283
f 1283/1283 1284/1284 1285/1285
f 1287/1287 1288/1288 1252/1252
f 1252/1252 1251/1251 1287/1287
f 1278/1278 1252/1252 1288/1288
f 1288/1288 1289/1289 1278/1278
f 1290/1290 1291/1291 1292/1292
f 1292/1292 1293/1293 1294/1294
f 1294/1294 1290/1290 1292/1292
f 1295/1295 1296/1296 1256/1256
f 1256/1256 1255/1255 1295/1295
f 1290/1290 1294/1294 1295/1295
f 1295/1295 1255/1255 1290/1290
f 1253/1253 1246/1246 1247/1247
f 1247/1247 1254/1254 1253/1253
f 1280/1280 1246/1246 1253/1253
f 1253/1253 1277/1277 1280/1280
f 1257/1257 1256/1256 1297/1297
f 1297/1297 1298/1298 1257/1257
f 1256/1256 1296/1296 1299/1299
f 1299/1299 1297/1297 1256/1256
f 1283/1283 1300/1300 1275/1275
f 1275/1275 1300/1300 1276/1276
f 1261/1261 1301/1301 1302/1302
f 1302/1302 1262/1262 1261/1261
f 1262/1262 1302/1302 1303/1303
f 1303/1303 1265/1265 1262/1262
f 1304/1304 1305/1305 1306/1306
f 1306/1306 1307/1307 1304/1304
f 1308/1308 1309/1309 1310/1310
f 1310/1310 1311/1311 1308/1308
f 1312/1312 1313/1313 1314/1314
f 1314/1314 1315/1315 1312/1312
f 1316/1316 1317/1317 1318/1318
f 1318/1318 1309/1309 1316/1316
f 1319/1319 1320/1320 1308/1308
f 1308/1308 1314/1314 1319/1319
f 1317/1317 1321/1321 1306/1306
f 1306/1306 1318/1318 1317/1317
f 1307/1307 1322/1322 1323/1323
f 1323/1323 1324/1324 1307/1307
f 1320/1320 1316/1316 1309/1309
f 1309/1309 1308/1308 1320/1320
f 1313/1313 1325/1325 1319/1319
f 1319/1319 1314/1314 1313/1313
f 1326/1326 1310/1310 1309/1309
f 1309/1309 1318/1318 1326/1326
f 1311/1311 1315/1315 1314/1314
f 1314/1314 1308/1308 1311/1311
f 1326/1326 1318/1318 1306/1306
f 1306/1306 1305/1305 1326/1326
f 1321/1321 1322/1322 1307/1307
f 1307/1307 1306/1306 1321/1321
f 1304/1304 1307/1307 1324/1324
f 1324/1324 1327/1327 1304/1304
f 1328/1328 1226/1226 1329/1329
f 1207/1207 1229/1229 1328/1328
f 1226/1226 1240/1240 1329/1329
f 1229/1229 1223/1223 1328/1328
f 1207/1207 1206/1206 1229/1229
f 1328/1328 1223/1223 1226/1226
f 1330/1330 1281/1281 1249/1249
f 1288/1288 1287/1287 1285/1285
f 1269/1269 1331/1331 1332/1332
f 1333/1333 1334/1334 1335/1335
f 1334/1334 1336/1336 1337/1337
f 1338/1338 1334/1334 1339/1339
f 1282/1282 1281/1281 1340/1340
f 1249/1249 1279/1279 1280/1280
f 1283/1283 1341/1341 1342/1342
f 1291/1291 1289/1289 1284/1284
f 1269/1269 1343/1343 1342/1342
f 1341/1341 1269/1269 1342/1342
f 1344/1344 1345/1345 1346/1346
f 1281/1281 1279/1279 1249/1249
f 1347/1347 1348/1348 1338/1338
f 1279/1279 1243/1243 1242/1242
f 1349/1349 1271/1271 1282/1282
f 1350/1350 1351/1351 1349/1349
f 1286/1286 1341/1341 1283/1283
f 1274/1274 1273/1273 1293/1293
f 1269/1269 1268/1268 1347/1347
f 1339/1339 1337/1337 1352/1352
f 1258/1258 1257/1257 1277/1277
f 1339/1339 1331/1331 1347/1347
f 1282/1282 1350/1350 1349/1349
f 1353/1353 1354/1354 1263/1263
f 1354/1354 1264/1264 1263/1263
f 1267/1267 1353/1353 1263/1263
f 1291/1291 1274/1274 1292/1292
f 1344/1344 1271/1271 1349/1349
f 1272/1272 1271/1271 1344/1344
f 1270/1270 1341/1341 1286/1286
f 1291/1291 1355/1355 1278/1278
f 1289/1289 1285/1285 1284/1284
f 1292/1292 1274/1274 1293/1293
f 1278/1278 1258/1258 1277/1277
f 1255/1255 1258/1258 1355/1355
f 1356/1356 1280/1280 1298/1298
f 1297/1297 1356/1356 1298/1298
f 1298/1298 1277/1277 1257/1257
f 1250/1250 1356/1356 1297/1297
f 1250/1250 1297/1297 1299/1299
f 1334/1334 1337/1337 1339/1339
f 1352/1352 1331/1331 1339/1339
f 1264/1264 1357/1357 1358/1358
f 1349/1349 1345/1345 1344/1344
f 1333/1333 1336/1336 1334/1334
f 1354/1354 1357/1357 1264/1264
f 1349/1349 1351/1351 1345/1345
f 1249/1249 1280/1280 1356/1356
f 1330/1330 1249/1249 1248/1248
f 1282/1282 1340/1340 1350/1350
f 1300/1300 1342/1342 1343/1343
f 1359/1359 1300/1300 1360/1360
f 1347/1347 1338/1338 1339/1339
f 1335/1335 1334/1334 1338/1338
f 1347/1347 1331/1331 1269/1269
f 1332/1332 1360/1360 1343/1343
f 1300/1300 1343/1343 1360/1360
f 1332/1332 1343/1343 1269/1269
f 1291/1291 1284/1284 1274/1274
f 1288/1288 1285/1285 1289/1289
f 1291/1291 1278/1278 1289/1289
f 1355/1355 1258/1258 1278/1278
f 1255/1255 1355/1355 1290/1290
f 1298/1298 1280/1280 1277/1277
f 1279/1279 1281/1281 1243/1243
f 1281/1281 1330/1330 1340/1340
f 1268/1268 1348/1348 1347/1347
f 1300/1300 1359/1359 1276/1276
f 1283/1283 1342/1342 1300/1300
f 1290/1290 1355/1355 1291/1291
f 1249/1249 1356/1356 1250/1250
f 1213/1213 1232/1232 1241/1241
f 1241/1241 1361/1361 1213/1213
f 1213/1213 1211/1211 1210/1210
f 1210/1210 1233/1233 1213/1213
f 1212/1212 1211/1211 1214/1214
f 1231/1231 1227/1227 1206/1206
f 1206/1206 1209/1209 1231/1231
f 1208/1208 1212/1212 1209/1209
f 1213/1213 1361/1361 1214/1214
f 1269/1269 1341/1341 1270/1270

g Sisyphus_a
v 96.086940 63.089160 59.826980
v 76.583330 53.666850 86.654590
v 115.574600 53.666860 86.666200
v 96.070980 33.167940 113.493800
v 129.241300 28.214340 105.488600
v 62.905430 28.214340 105.468800
v 64.545410 53.666850 49.568130
v 45.041800 33.167930 76.395740
v 42.425290 28.214340 42.373590
v 96.096820 53.666850 26.659040
v 64.555290 33.167940 16.400200
v 96.103740 28.214330 3.398315
v 127.634600 53.666850 49.586910
v 127.644400 33.167940 16.418980
v 149.759000 28.214340 42.405540
v 147.122200 33.167940 76.426130
v 115.564700 -0.000007 119.834100
v 147.116100 -0.000005 96.925040
v 45.035710 -0.000004 96.894660
v 76.573470 -0.000007 119.822500
v 45.057790 0.000003 22.728920
v 32.997790 0.000000 59.808200
v 115.600400 0.000004 -0.168579
v 76.609180 0.000004 -0.180176
v 159.176100 -0.000002 59.845760
v 147.138200 0.000001 22.759290
v 96.086930 -63.089180 59.826960
v 115.574600 -53.666860 86.666190
v 76.583330 -53.666860 86.654590
v 129.241300 -28.214340 105.488600
v 96.070980 -33.167950 113.493800
v 62.905430 -28.214340 105.468900
v 64.545430 -53.666840 49.568120
v 45.041810 -33.167950 76.395740
v 42.425290 -28.214340 42.373580
v 96.096820 -53.666850 26.659040
v 64.555300 -33.167940 16.400190
v 96.103750 -28.214330 3.398311
v 127.634600 -53.666860 49.586910
v 127.644400 -33.167930 16.418970
v 149.759000 -28.214340 42.405540
v 147.122200 -33.167940 76.426130
vt 0.500651 0.501953 0.000000
vt 0.599609 0.367188 0.000000
vt 0.404297 0.367188 0.000000
vt 0.501953 0.193359 0.000000
vt 0.304688 0.232422 0.000000
vt 0.697266 0.232422 0.000000
vt 0.658203 0.552734 0.000000
vt 0.794922 0.406250 0.000000
vt 0.816406 0.605469 0.000000
vt 0.500651 0.667969 0.000000
vt 0.681641 0.751953 0.000000
vt 0.500651 0.835938 0.000000
vt 0.343750 0.552734 0.000000
vt 0.318359 0.750000 0.000000
vt 0.185547 0.603516 0.000000
vt 0.208984 0.406250 0.000000
vt 0.349609 0.039063 0.000000
vt 0.107422 0.212891 0.000000
vt 0.896484 0.214844 0.000000
vt 0.654297 0.039063 0.000000
vt 0.896484 0.789063 0.000000
vt 0.990234 0.503906 0.000000
vt 0.349609 0.965820 0.000000
vt 0.650391 0.965820 0.000000
vt 0.013672 0.501953 0.000000
vt 0.105469 0.787109 0.000000
vt 0.500651 0.501953 0.000000
vt 0.404297 0.367188 0.000000
vt 0.599609 0.367188 0.000000
vt 0.304688 0.232422 0.000000
vt 0.501953 0.193359 0.000000
vt 0.697266 0.232422 0.000000
vt 0.658203 0.552734 0.000000
vt 0.794922 0.406250 0.000000
vt 0.816406 0.605469 0.000000
vt 0.500651 0.667969 0.000000
vt 0.681641 0.751953 0.000000
vt 0.500651 0.835938 0.000000
vt 0.343750 0.552734 0.000000
vt 0.318359 0.750000 0.000000
vt 0.185547 0.603516 0.000000
vt 0.208984 0.406250 0.000000
usemtl Material_1
f 1362/1362 1363/1363 1364/1364
f 1364/1364 1365/1365 1366/1366
f 1364/1364 1363/1363 1365/1365
f 1363/1363 1367/1367 1365/1365
f 1362/1362 1368/1368 1363/1363
f 1363/1363 1369/1369 1367/1367
f 1363/1363 1368/1368 1369/1369
f 1368/1368 1370/1370 1369/1369
f 1362/1362 1371/1371 1368/1368
f 1368/1368 1372/1372 1370/1370
f 1368/1368 1371/1371 1372/1372
f 1371/1371 1373/1373 1372/1372
f 1362/1362 1374/1374 1371/1371
f 1371/1371 1375/1375 1373/1373
f 1371/1371 1374/1374 1375/1375
f 1374/1374 1376/1376 1375/1375
f 1362/1362 1364/1364 1374/1374
f 1374/1374 1377/1377 1376/1376
f 1374/1374 1364/1364 1377/1377
f 1364/1364 1366/1366 1377/1377
f 1366/1366 1378/1378 1379/1379
f 1367/1367 1380/1380 1381/1381
f 1370/1370 1382/1382 1383/1383
f 1373/1373 1384/1384 1385/1385
f 1376/1376 1386/1386 1387/1387
f 1381/1381 1365/1365 1367/1367
f 1381/1381 1378/1378 1365/1365
f 1378/1378 1366/1366 1365/1365
f 1383/1383 1369/1369 1370/1370
f 1383/1383 1380/1380 1369/1369
f 1380/1380 1367/1367 1369/1369
f 1385/1385 1372/1372 1373/1373
f 1385/1385 1382/1382 1372/1372
f 1382/1382 1370/1370 1372/1372
f 1387/1387 1375/1375 1376/1376
f 1387/1387 1384/1384 1375/1375
f 1384/1384 1373/1373 1375/1375
f 1379/1379 1377/1377 1366/1366
f 1379/1379 1386/1386 1377/1377
f 1386/1386 1376/1376 1377/1377
f 1388/1388 1389/1389 1390/1390
f 1389/1389 1391/1391 1392/1392
f 1389/1389 1392/1392 1390/1390
f 1390/1390 1392/1392 1393/1393
f 1388/1388 1390/1390 1394/1394
f 1390/1390 1393/1393 1395/1395
f 1390/1390 1395/1395 1394/1394
f 1394/1394 1395/1395 1396/1396
f 1388/1388 1394/1394 1397/1397
f 1394/1394 1396/1396 1398/1398
f 1394/1394 1398/1398 1397/1397
f 1397/1397 1398/1398 1399/1399
f 1388/1388 1397/1397 1400/1400
f 1397/1397 1399/1399 1401/1401
f 1397/1397 1401/1401 1400/1400
f 1400/1400 1401/1401 1402/1402
f 1388/1388 1400/1400 1389/1389
f 1400/1400 1402/1402 1403/1403
f 1400/1400 1403/1403 1389/1389
f 1389/1389 1403/1403 1391/1391
f 1391/1391 1379/1379 1378/1378
f 1393/1393 1381/1381 1380/1380
f 1396/1396 1383/1383 1382/1382
f 1399/1399 1385/1385 1384/1384
f 1402/1402 1387/1387 1386/1386
f 1381/1381 1393/1393 1392/1392
f 1381/1381 1392/1392 1378/1378
f 1378/1378 1392/1392 1391/1391
f 1383/1383 1396/1396 1395/1395
f 1383/1383 1395/1395 1380/1380
f 1380/1380 1395/1395 1393/1393
f 1385/1385 1399/1399 1398/1398
f 1385/1385 1398/1398 1382/1382
f 1382/1382 1398/1398 1396/1396
f 1387/1387 1402/1402 1401/1401
f 1387/1387 1401/1401 1384/1384
f 1384/1384 1401/1401 1399/1399
f 1379/1379 1391/1391 1403/1403
f 1379/1379 1403/1403 1386/1386
f 1386/1386 1403/1403 1402/1402

