mtllib common_back_90170.mtl

g Object02
v -7.284976 7.093595 0.055311
v -10.647990 8.587423 -1.415936
v -9.641863 7.877712 -4.310476
v -7.653737 6.602157 -4.627476
v -10.410160 9.135574 1.601103
v -9.207631 9.117245 3.082707
v -11.387630 12.266370 6.523329
v -13.236240 12.320590 4.226579
v -14.118580 12.104580 10.155740
v -17.047940 7.146391 17.088210
v -19.687530 8.846972 10.797890
v -16.546350 12.140530 7.018673
v -9.519554 9.159855 -4.373886
v -10.510840 9.861805 -1.504294
v -7.147008 8.368032 -0.031442
v -7.538920 7.886710 -4.685733
v -11.310600 13.558730 6.470848
v -9.014101 10.354890 2.930763
v -10.237170 10.385800 1.461801
v -13.128840 13.604660 4.152256
v -19.847020 10.087640 10.978030
v -17.201620 8.380838 17.287330
v -14.239380 13.376460 10.275940
v -16.652780 13.422390 7.107709
v -9.933812 7.823766 -7.531472
v -6.102626 6.272455 -11.198990
v -6.979188 6.361110 -7.644771
v -13.991220 9.877323 -0.724725
v -13.741140 11.043430 2.285419
v -5.994667 7.560066 -11.242020
v -9.823467 9.110113 -7.582448
v -6.871430 7.648461 -7.691189
v -13.824090 11.121350 -0.888963
v -13.550420 12.258260 2.077120
v -6.871430 7.648461 -7.691189
v -6.979188 6.361110 -7.644771
v -6.102626 6.272455 -11.198990
v -5.994667 7.560066 -11.242020
v -5.994667 7.560066 -11.242020
v -6.102626 6.272455 -11.198990
v -9.933812 7.823766 -7.531472
v -9.823467 9.110113 -7.582448
v -7.538920 7.886710 -4.685733
v -7.653737 6.602157 -4.627476
v -9.519554 9.159855 -4.373886
v -9.641863 7.877712 -4.310476
v -10.647990 8.587423 -1.415936
v -10.510840 9.861805 -1.504294
v -7.147008 8.368032 -0.031442
v -7.284976 7.093595 0.055311
v -9.014101 10.354890 2.930763
v -9.207631 9.117245 3.082707
v -10.510840 9.861805 -1.504294
v -10.647990 8.587423 -1.415936
v -13.991220 9.877323 -0.724725
v -13.824090 11.121350 -0.888963
v -11.310600 13.558730 6.470848
v -11.387630 12.266370 6.523329
v -10.237170 10.385800 1.461801
v -10.410160 9.135574 1.601103
v -13.236240 12.320590 4.226579
v -13.128840 13.604660 4.152256
v -19.847020 10.087640 10.978030
v -19.687530 8.846972 10.797890
v -17.047940 7.146391 17.088210
v -17.201620 8.380838 17.287330
v -17.201620 8.380838 17.287330
v -17.047940 7.146391 17.088210
v -14.118580 12.104580 10.155740
v -14.239380 13.376460 10.275940
v -16.652780 13.422390 7.107709
v -16.546350 12.140530 7.018673
v -19.687530 8.846972 10.797890
v -19.847020 10.087640 10.978030
v -9.823467 9.110113 -7.582448
v -9.933812 7.823766 -7.531472
v -13.824090 11.121350 -0.888963
v -13.991220 9.877323 -0.724725
v -13.741140 11.043430 2.285419
v -13.550420 12.258260 2.077120
v -13.550420 12.258260 2.077120
v -13.741140 11.043430 2.285419
v -10.410160 9.135574 1.601103
v -10.237170 10.385800 1.461801
v 7.284979 7.093594 0.055309
v 7.653739 6.602156 -4.627480
v 9.641864 7.877712 -4.310480
v 10.647990 8.587423 -1.415939
v 10.410160 9.135574 1.601099
v 13.236250 12.320590 4.226575
v 11.387630 12.266370 6.523325
v 9.207632 9.117246 3.082704
v 14.118580 12.104580 10.155740
v 16.546350 12.140530 7.018670
v 19.687530 8.847011 10.797880
v 17.047940 7.146403 17.088210
v 9.519555 9.159854 -4.373890
v 7.538922 7.886709 -4.685735
v 7.147010 8.368032 -0.031445
v 10.510840 9.861805 -1.504297
v 11.310600 13.558730 6.470844
v 13.128840 13.604660 4.152251
v 10.237170 10.385800 1.461797
v 9.014101 10.354890 2.930759
v 19.847020 10.087640 10.978030
v 16.652790 13.422400 7.107704
v 14.239380 13.376460 10.275940
v 17.201620 8.380953 17.287330
v 9.933813 7.823765 -7.531473
v 6.979191 6.361109 -7.644772
v 6.102628 6.272451 -11.198990
v 13.991220 9.877324 -0.724729
v 13.741140 11.043430 2.285414
v 5.994668 7.560060 -11.242020
v 6.871432 7.648458 -7.691190
v 9.823469 9.110114 -7.582450
v 13.824090 11.121350 -0.888967
v 13.550430 12.258260 2.077115
v 6.871432 7.648458 -7.691190
v 5.994668 7.560060 -11.242020
v 6.102628 6.272451 -11.198990
v 6.979191 6.361109 -7.644772
v 5.994668 7.560060 -11.242020
v 9.823469 9.110114 -7.582450
v 9.933813 7.823765 -7.531473
v 6.102628 6.272451 -11.198990
v 7.538922 7.886709 -4.685735
v 7.653739 6.602156 -4.627480
v 9.519555 9.159854 -4.373890
v 10.510840 9.861805 -1.504297
v 10.647990 8.587423 -1.415939
v 9.641864 7.877712 -4.310480
v 7.147010 8.368032 -0.031445
v 7.284979 7.093594 0.055309
v 9.014101 10.354890 2.930759
v 9.207632 9.117246 3.082704
v 10.510840 9.861805 -1.504297
v 13.824090 11.121350 -0.888967
v 13.991220 9.877324 -0.724729
v 10.647990 8.587423 -1.415939
v 11.310600 13.558730 6.470844
v 11.387630 12.266370 6.523325
v 10.237170 10.385800 1.461797
v 13.128840 13.604660 4.152251
v 13.236250 12.320590 4.226575
v 10.410160 9.135574 1.601099
v 19.847020 10.087640 10.978030
v 17.201620 8.380953 17.287330
v 17.047940 7.146403 17.088210
v 19.687530 8.847011 10.797880
v 17.201620 8.380953 17.287330
v 14.239380 13.376460 10.275940
v 14.118580 12.104580 10.155740
v 17.047940 7.146403 17.088210
v 16.652790 13.422400 7.107704
v 19.847020 10.087640 10.978030
v 19.687530 8.847011 10.797880
v 16.546350 12.140530 7.018670
v 9.823469 9.110114 -7.582450
v 9.933813 7.823765 -7.531473
v 13.824090 11.121350 -0.888967
v 13.550430 12.258260 2.077115
v 13.741140 11.043430 2.285414
v 13.991220 9.877324 -0.724729
v 13.550430 12.258260 2.077115
v 10.237170 10.385800 1.461797
v 10.410160 9.135574 1.601099
v 13.741140 11.043430 2.285414
v 12.479750 9.610689 16.589060
v 10.944020 7.360034 11.217670
v 12.723730 7.484563 10.801110
v 15.521910 9.136831 14.927080
v 7.748426 5.664056 6.576762
v 10.122420 6.082873 4.333498
v 12.178020 6.468982 6.088397
v 11.185590 6.323021 8.127448
v 13.038560 6.380914 3.750878
v 15.700930 6.927800 3.335838
v 15.581800 7.077124 4.406809
v 13.498800 6.700313 4.807377
v 17.415840 7.521091 4.190907
v 17.140520 7.106780 4.590339
v 15.572280 10.535820 14.171530
v 11.919700 11.143290 16.162850
v 13.901930 13.436020 20.658920
v 18.425370 12.439720 17.418290
v 7.284039 7.864629 6.047965
v 10.424880 9.279840 11.009360
v 12.960820 9.029156 10.446260
v 11.573420 8.145929 7.964423
v 9.770265 8.046541 3.684535
v 12.284610 8.162910 6.205601
v 15.636700 8.266942 2.884330
v 12.820530 8.079624 3.196170
v 13.617030 8.253439 5.032129
v 15.431130 8.537216 4.426935
v 17.680190 8.715734 4.088446
v 17.184670 8.319647 4.695848
v 11.919700 11.143290 16.162850
v 12.479750 9.610689 16.589060
v 9.665136 11.665670 21.747160
v 9.062556 13.230830 21.769830
v 20.913900 10.889190 13.594750
v 20.418120 9.586325 14.214430
v 15.521910 9.136831 14.927080
v 15.572280 10.535820 14.171530
v 18.425370 12.439720 17.418290
v 18.284660 10.891780 17.484510
v 20.418120 9.586325 14.214430
v 20.913900 10.889190 13.594750
v 10.424880 9.279840 11.009360
v 10.944020 7.360034 11.217670
v 12.723730 7.484563 10.801110
v 12.960820 9.029156 10.446260
v 15.572280 10.535820 14.171530
v 15.521910 9.136831 14.927080
v 7.284039 7.864629 6.047965
v 7.748426 5.664056 6.576762
v 11.185590 6.323021 8.127448
v 11.573420 8.145929 7.964423
v 13.901930 13.436020 20.658920
v 13.928620 11.802140 20.687220
v 9.770265 8.046541 3.684535
v 7.284039 7.864629 6.047965
v 12.178020 6.468982 6.088397
v 12.284610 8.162910 6.205601
v 15.636700 8.266942 2.884330
v 12.820530 8.079624 3.196170
v 15.581800 7.077124 4.406809
v 15.431130 8.537216 4.426935
v 13.617030 8.253439 5.032129
v 13.498800 6.700313 4.807377
v 17.680190 8.715734 4.088446
v 17.140520 7.106780 4.590339
v 17.184670 8.319647 4.695848
v 17.184670 8.319647 4.695848
v 17.140520 7.106780 4.590339
v 17.415840 7.521091 4.190907
v 17.680190 8.715734 4.088446
v 5.456895 6.215298 -1.404931
v 4.171484 5.244720 -1.515736
v 3.084559 4.580258 -2.957077
v 3.675250 5.332129 -3.380055
v 0.915704 3.819481 -3.591217
v 1.504172 4.625366 -4.057404
v 2.892365 4.391769 0.400084
v 2.116908 3.310844 0.400236
v 16.096270 11.613410 -1.937312
v 14.660450 11.059140 -1.262753
v 14.048930 10.797960 -3.480534
v 16.045450 11.575050 -4.112556
v 14.651970 11.138340 0.510815
v 12.870970 10.507740 0.611795
v 12.963280 10.470090 -1.651532
v 13.765450 11.796370 2.235916
v 14.298570 11.131650 1.882170
v 15.960840 11.815700 2.056818
v 15.629160 12.559100 2.436584
v 13.465940 11.262600 -3.977211
v 12.144610 10.872830 -1.901439
v 12.070010 11.007830 0.635610
v 18.056180 13.170920 -2.996767
v 18.021170 12.495060 -3.062314
v 19.106820 13.065470 -3.846328
v 19.094390 13.729550 -3.671104
v 15.722010 12.122300 -4.695766
v 20.632940 14.603530 -7.802188
v 20.378500 13.586980 -7.010392
v 20.367130 13.762660 -4.179052
v 20.591170 14.604760 -4.083990
v 17.340120 12.981550 -1.341835
v 17.344580 12.137920 -1.305886
v 17.360720 13.111990 0.506309
v 17.320630 12.207260 0.404196
v 10.520630 9.615022 -9.906948
v 12.703230 10.482490 -7.122536
v 9.214532 9.333399 -4.705022
v 8.840532 9.190187 -7.950148
v 8.840532 9.190187 -7.950148
v 9.214532 9.333399 -4.705022
v 12.934240 11.080270 -7.104638
v 10.697790 10.007420 -10.020910
v 12.703230 10.482490 -7.122536
v 10.520630 9.615022 -9.906948
v 10.697790 10.007420 -10.020910
v 12.934240 11.080270 -7.104638
v 0.000000 1.922428 -0.468956
v 2.140669 2.859632 1.106145
v 1.839018 3.266575 1.244463
v 0.000000 2.455197 -0.075740
v 2.865237 3.897409 3.635979
v 3.162610 3.832163 3.618743
v 1.696186 5.396189 -3.327758
v 0.000001 4.314546 -4.088186
v 0.000001 4.314547 -5.824780
v 1.806631 5.396190 -5.858038
v 2.124590 5.916696 -5.577098
v 0.000001 5.905987 -7.064943
v 0.000001 5.902274 -3.754579
v 1.939930 5.916144 -3.028743
v 3.895549 5.441982 -8.336329
v 4.312319 5.923929 -8.387680
v 2.124590 5.916696 -5.577098
v 1.939930 5.916144 -3.028743
v 0.000001 5.609051 -15.230760
v 0.000001 5.927852 -16.005770
v 0.000000 5.935617 -2.601003
v 6.047651 7.091929 -3.332961
v 6.047661 7.534035 -3.332973
v 0.000000 6.377713 -2.601015
v 6.047651 7.091929 -3.332961
v 2.737517 6.597570 -6.702884
v 2.737537 7.039666 -6.702896
v 6.047661 7.534035 -3.332973
v 0.000001 6.358628 -10.923430
v 0.000000 6.800726 -10.923440
v 13.317850 8.266491 4.599253
v 15.279730 8.119403 6.547837
v 12.680910 8.072062 9.300968
v 10.538560 7.918765 7.483479
v 14.422600 10.146350 10.414240
v 16.659930 10.192290 8.077620
v 15.412040 12.040620 6.214683
v 11.765600 11.826150 9.603020
v 10.451730 11.662710 7.103479
v 13.051340 11.891610 4.518963
v 10.099340 9.384427 6.658718
v 12.737240 9.760833 3.808062
v 23.316500 17.329620 1.468331
v 17.670730 15.699240 9.412429
v 22.637330 19.184840 11.615210
v 26.664440 20.867820 8.173069
v 18.826660 15.425450 -1.688067
v 14.547310 14.133330 2.853068
v 13.258680 13.751500 -4.638117
v 10.694880 13.006390 -0.163844
v 7.090413 10.880200 -5.333690
v 6.756661 11.159470 -1.836838
v 4.668842 8.574313 -5.011981
v 4.616023 8.640619 -0.964922
v 27.159940 20.172460 8.179182
v 23.107330 18.479240 11.621310
v 18.174110 15.023000 9.520144
v 23.850960 16.702960 1.576047
v 15.020050 13.463950 2.903884
v 19.356300 14.792280 -1.629248
v 10.987020 12.227880 -0.505530
v 13.604360 12.976150 -4.713745
v 7.508003 10.602970 -2.168785
v 7.885777 10.379770 -5.393806
v 5.116586 8.011189 -1.272201
v 5.189031 7.943720 -5.053194
v 23.316500 17.329620 1.468331
v 26.664440 20.867820 8.173069
v 27.159940 20.172460 8.179182
v 23.850960 16.702960 1.576047
v 22.637330 19.184840 11.615210
v 17.670730 15.699240 9.412429
v 27.527410 23.374290 15.999470
v 27.916870 22.849410 16.000140
v 27.916870 22.849410 16.000140
v 27.527410 23.374290 15.999470
v 14.547310 14.133330 2.853068
v 19.356300 14.792280 -1.629248
v 18.826660 15.425450 -1.688067
v 10.694880 13.006390 -0.163844
v 13.604360 12.976150 -4.713745
v 13.258680 13.751500 -4.638117
v 6.756661 11.159470 -1.836838
v 7.885777 10.379770 -5.393806
v 7.090413 10.880200 -5.333690
v 4.616023 8.640619 -0.964922
v 5.189031 7.943720 -5.053194
v 4.668842 8.574313 -5.011981
v 0.000001 7.289968 -5.007133
v 0.000001 7.526313 -0.963856
v 0.000001 6.747066 -1.271883
v 0.000001 6.510723 -5.049101
v 0.000001 6.510723 -5.049101
v 0.000001 7.289968 -5.007133
v 0.000001 7.526313 -0.963856
v 23.582420 11.280910 5.598388
v 29.806250 14.429150 9.753044
v 28.909720 15.813880 10.793820
v 22.172660 13.412860 8.331309
v 17.077050 9.774567 4.296636
v 17.427670 12.063420 7.691629
v 31.920500 17.198270 8.387850
v 25.787910 14.585670 3.252422
v 21.709910 15.840920 5.598395
v 22.172660 13.412860 8.331309
v 28.909720 15.813880 10.793820
v 28.501540 17.426030 9.753047
v 15.479140 13.695360 4.296638
v 17.427670 12.063420 7.691629
v 31.920500 17.198270 8.387850
v 25.787910 14.585670 3.252422
v 17.340120 12.981550 -1.341835
v 18.056180 13.170920 -2.996767
v 15.722010 12.122300 -4.695766
v 13.465940 11.262600 -3.977211
v 12.144610 10.872830 -1.901439
v 17.360720 13.111990 0.506309
v 12.070010 11.007830 0.635610
v 15.629160 12.559100 2.436584
v 25.375080 18.233390 1.244269
v 23.865690 18.534350 -1.493008
v 31.960300 23.724550 -2.647196
v 31.876770 22.097230 0.267300
v 34.027920 23.410420 25.447360
v 37.835480 27.734620 31.892320
v 34.312290 28.416070 34.706250
v 25.635340 22.229230 28.793610
v 38.262760 29.253540 30.668050
v 33.589020 25.480080 24.008130
v 15.724820 11.436270 -10.623320
v 13.072510 12.324470 -11.503010
v 19.946880 15.136310 -15.799270
v 20.912700 14.293430 -14.273210
v 23.204740 17.028430 -10.773310
v 16.556090 12.013030 -6.964396
v 21.542690 20.563660 2.772532
v 23.865690 18.534350 -1.493008
v 25.375080 18.233390 1.244269
v 24.411510 18.761600 4.077332
v 15.054600 13.031090 -6.766190
v 13.072510 12.324470 -11.503010
v 15.724820 11.436270 -10.623320
v 16.556090 12.013030 -6.964396
v 22.842160 23.015840 -0.855776
v 30.517210 26.115910 -1.895201
v 31.960300 23.724550 -2.647196
v 23.865690 18.534350 -1.493008
v 31.443990 26.798760 25.050350
v 25.635340 22.229230 28.793610
v 34.312290 28.416070 34.706250
v 36.069590 29.985760 31.059730
v 38.262760 29.253540 30.668050
v 33.589020 25.480080 24.008130
v 14.111260 14.977470 -10.675940
v 19.806560 17.238020 -14.115750
v 19.946880 15.136310 -15.799270
v 13.072510 12.324470 -11.503010
v 22.753980 16.792090 -11.503930
v 15.022940 14.860580 -6.826171
v 23.204740 17.028430 -10.773310
v 21.542690 20.563660 2.772532
v 22.387920 22.975270 3.530984
v 15.022940 14.860580 -6.826171
v 14.111260 14.977470 -10.675940
v 16.202180 17.401640 24.379450
v 25.803520 18.653130 23.877400
v 25.025200 17.656830 20.196340
v 16.202180 17.401640 24.379450
v 18.180160 16.264550 17.709800
v -12.479750 9.610692 16.589070
v -15.521900 9.136833 14.927080
v -12.723730 7.484564 10.801110
v -10.944010 7.360035 11.217670
v -7.748424 5.664056 6.576761
v -11.185580 6.323021 8.127447
v -12.178010 6.468982 6.088396
v -10.122410 6.082874 4.333497
v -13.038560 6.380913 3.750878
v -13.498800 6.700311 4.807372
v -15.581800 7.077125 4.406807
v -15.700930 6.927802 3.335836
v -17.140510 7.106786 4.590334
v -17.415830 7.521091 4.190909
v -15.572280 10.535820 14.171520
v -18.425370 12.439720 17.418290
v -13.901920 13.436020 20.658910
v -11.919690 11.143290 16.162850
v -7.284036 7.864629 6.047965
v -11.573420 8.145930 7.964421
v -12.960820 9.029158 10.446260
v -10.424880 9.279841 11.009360
v -9.770263 8.046541 3.684535
v -12.284610 8.162912 6.205600
v -15.636700 8.266943 2.884328
v -15.431130 8.537217 4.426933
v -13.617030 8.253439 5.032127
v -12.820530 8.079624 3.196169
v -17.680190 8.715734 4.088444
v -17.184670 8.319648 4.695846
v -11.919690 11.143290 16.162850
v -9.062553 13.230830 21.769830
v -9.665129 11.665670 21.747160
v -12.479750 9.610692 16.589070
v -20.913900 10.889190 13.594740
v -15.572280 10.535820 14.171520
v -15.521900 9.136833 14.927080
v -20.418120 9.586325 14.214430
v -18.425370 12.439720 17.418290
v -20.913900 10.889190 13.594740
v -20.418120 9.586325 14.214430
v -18.284660 10.891780 17.484510
v -10.424880 9.279841 11.009360
v -10.944010 7.360035 11.217670
v -12.723730 7.484564 10.801110
v -15.521900 9.136833 14.927080
v -15.572280 10.535820 14.171520
v -12.960820 9.029158 10.446260
v -7.284036 7.864629 6.047965
v -7.748424 5.664056 6.576761
v -11.185580 6.323021 8.127447
v -11.573420 8.145930 7.964421
v -13.901920 13.436020 20.658910
v -13.928620 11.802140 20.687220
v -9.770263 8.046541 3.684535
v -7.284036 7.864629 6.047965
v -12.178010 6.468982 6.088396
v -12.284610 8.162912 6.205600
v -15.636700 8.266943 2.884328
v -12.820530 8.079624 3.196169
v -15.581800 7.077125 4.406807
v -13.498800 6.700311 4.807372
v -13.617030 8.253439 5.032127
v -15.431130 8.537217 4.426933
v -17.680190 8.715734 4.088444
v -17.140510 7.106786 4.590334
v -17.184670 8.319648 4.695846
v -17.184670 8.319648 4.695846
v -17.680190 8.715734 4.088444
v -17.415830 7.521091 4.190909
v -17.140510 7.106786 4.590334
v -5.456893 6.215298 -1.404932
v -3.675247 5.332130 -3.380056
v -3.084558 4.580259 -2.957078
v -4.171483 5.244719 -1.515737
v -1.504171 4.625366 -4.057403
v -0.915702 3.819481 -3.591217
v -2.892362 4.391769 0.400084
v -2.116906 3.310845 0.400236
v -16.096270 11.613420 -1.937313
v -16.045450 11.575050 -4.112561
v -14.048930 10.797960 -3.480535
v -14.660450 11.059140 -1.262754
v -12.963280 10.470090 -1.651532
v -12.870960 10.507740 0.611794
v -14.651970 11.138340 0.510814
v -13.765450 11.796370 2.235915
v -15.629160 12.559100 2.436583
v -15.960840 11.815700 2.056817
v -14.298570 11.131650 1.882169
v -13.465940 11.262600 -3.977212
v -12.144600 10.872840 -1.901440
v -12.070010 11.007830 0.635609
v -18.056170 13.170920 -2.996768
v -19.094380 13.729550 -3.671105
v -19.106820 13.065480 -3.846330
v -18.021170 12.495060 -3.062319
v -20.378500 13.586980 -7.010391
v -20.632940 14.603530 -7.802187
v -15.722000 12.122300 -4.695766
v -20.591160 14.604770 -4.083992
v -20.367130 13.762660 -4.179053
v -17.344570 12.137920 -1.305887
v -17.340120 12.981550 -1.341840
v -17.320630 12.207260 0.404194
v -17.360720 13.111990 0.506308
v -10.520620 9.615022 -9.906948
v -8.840528 9.190187 -7.950148
v -9.214527 9.333401 -4.705022
v -12.703230 10.482490 -7.122534
v -8.840528 9.190187 -7.950148
v -10.697780 10.007420 -10.020910
v -12.934230 11.080270 -7.104635
v -9.214527 9.333401 -4.705022
v -12.703230 10.482490 -7.122534
v -12.934230 11.080270 -7.104635
v -10.697780 10.007420 -10.020910
v -10.520620 9.615022 -9.906948
v -1.839017 3.266575 1.244463
v -2.140667 2.859632 1.106145
v -2.865235 3.897409 3.635980
v -3.162610 3.832163 3.618743
v -1.696185 5.396189 -3.327759
v -1.806629 5.396191 -5.858039
v -2.124588 5.916696 -5.577098
v -1.939929 5.916144 -3.028744
v -2.124588 5.916696 -5.577098
v -4.312315 5.923930 -8.387680
v -3.895547 5.441983 -8.336329
v -1.939929 5.916144 -3.028744
v -6.047659 7.534035 -3.332973
v -6.047649 7.091928 -3.332963
v -6.047649 7.091928 -3.332963
v -6.047659 7.534035 -3.332973
v -2.737535 7.039665 -6.702896
v -2.737515 6.597569 -6.702883
v -13.317850 8.266492 4.599252
v -10.538560 7.918766 7.483479
v -12.680910 8.072063 9.300967
v -15.279720 8.119403 6.547835
v -14.422590 10.146350 10.414240
v -11.765590 11.826150 9.603018
v -15.412030 12.040620 6.214681
v -16.659920 10.192290 8.077619
v -10.451730 11.662710 7.103478
v -13.051330 11.891610 4.518962
v -10.099340 9.384428 6.658717
v -12.737230 9.760834 3.808062
v -23.316490 17.329620 1.468328
v -26.664430 20.867830 8.173065
v -22.637330 19.184840 11.615200
v -17.670730 15.699240 9.412428
v -18.826660 15.425450 -1.688070
v -14.547310 14.133330 2.853066
v -13.258680 13.751500 -4.638116
v -10.694880 13.006390 -0.163844
v -7.090410 10.880200 -5.333687
v -6.756658 11.159470 -1.836835
v -4.668838 8.574313 -5.011977
v -4.616020 8.640620 -0.964918
v -27.159940 20.172460 8.179176
v -23.850960 16.702970 1.576043
v -18.174110 15.023000 9.520144
v -23.107330 18.479240 11.621310
v -19.356300 14.792280 -1.629250
v -15.020050 13.463950 2.903882
v -13.604350 12.976150 -4.713745
v -10.987020 12.227880 -0.505532
v -7.885775 10.379770 -5.393804
v -7.508000 10.602970 -2.168782
v -5.189029 7.943719 -5.053189
v -5.116584 8.011189 -1.272197
v -23.316490 17.329620 1.468328
v -23.850960 16.702970 1.576043
v -27.159940 20.172460 8.179176
v -26.664430 20.867830 8.173065
v -22.637330 19.184840 11.615200
v -17.670730 15.699240 9.412428
v -27.916860 22.849410 16.000140
v -27.527400 23.374290 15.999470
v -27.527400 23.374290 15.999470
v -27.916860 22.849410 16.000140
v -14.547310 14.133330 2.853066
v -18.826660 15.425450 -1.688070
v -19.356300 14.792280 -1.629250
v -10.694880 13.006390 -0.163844
v -13.258680 13.751500 -4.638116
v -13.604350 12.976150 -4.713745
v -6.756658 11.159470 -1.836835
v -7.090410 10.880200 -5.333687
v -7.885775 10.379770 -5.393804
v -4.616020 8.640620 -0.964918
v -4.668838 8.574313 -5.011977
v -5.189029 7.943719 -5.053189
v -23.582420 11.280910 5.598399
v -22.172650 13.412860 8.331308
v -28.909720 15.813870 10.793810
v -29.806250 14.429150 9.753044
v -17.077050 9.774566 4.296636
v -17.427660 12.063420 7.691627
v -31.920500 17.198270 8.387848
v -25.787910 14.585670 3.252420
v -21.709910 15.840920 5.598391
v -28.501530 17.426030 9.753040
v -28.909720 15.813870 10.793810
v -22.172650 13.412860 8.331308
v -15.479140 13.695360 4.296636
v -17.427660 12.063420 7.691627
v -31.920500 17.198270 8.387848
v -25.787910 14.585670 3.252420
v -17.340120 12.981550 -1.341840
v -13.465940 11.262600 -3.977212
v -15.722000 12.122300 -4.695766
v -18.056170 13.170920 -2.996768
v -17.360720 13.111990 0.506308
v -12.144600 10.872840 -1.901440
v -15.629160 12.559100 2.436583
v -12.070010 11.007830 0.635609
v -25.375080 18.233390 1.244270
v -31.876760 22.097230 0.267303
v -31.960300 23.724560 -2.647195
v -23.865690 18.534350 -1.493006
v -34.027920 23.410430 25.447340
v -25.635340 22.229240 28.793590
v -34.312290 28.416070 34.706220
v -37.835480 27.734630 31.892290
v -38.262760 29.253540 30.668020
v -33.589010 25.480080 24.008110
v -15.724820 11.436260 -10.623320
v -20.912690 14.293430 -14.273200
v -19.946880 15.136310 -15.799270
v -13.072500 12.324470 -11.503010
v -23.204730 17.028420 -10.773300
v -16.556080 12.013030 -6.964393
v -21.542690 20.563660 2.772533
v -24.411510 18.761610 4.077332
v -25.375080 18.233390 1.244270
v -23.865690 18.534350 -1.493006
v -15.054590 13.031080 -6.766187
v -16.556080 12.013030 -6.964393
v -15.724820 11.436260 -10.623320
v -13.072500 12.324470 -11.503010
v -22.842160 23.015850 -0.855773
v -23.865690 18.534350 -1.493006
v -31.960300 23.724560 -2.647195
v -30.517200 26.115910 -1.895198
v -31.443990 26.798760 25.050330
v -36.069590 29.985770 31.059710
v -34.312290 28.416070 34.706220
v -25.635340 22.229240 28.793590
v -38.262760 29.253540 30.668020
v -33.589010 25.480080 24.008110
v -14.111250 14.977470 -10.675930
v -13.072500 12.324470 -11.503010
v -19.946880 15.136310 -15.799270
v -19.806550 17.238020 -14.115740
v -22.753970 16.792080 -11.503930
v -23.204730 17.028420 -10.773300
v -15.022940 14.860570 -6.826169
v -21.542690 20.563660 2.772533
v -22.387910 22.975270 3.530986
v -14.111250 14.977470 -10.675930
v -15.022940 14.860570 -6.826169
v -16.202180 17.401640 24.379450
v -25.803530 18.653140 23.877390
v -25.025210 17.656830 20.196330
v -18.180160 16.264550 17.709790
v -16.202180 17.401640 24.379450
v 29.364320 21.026860 25.467240
v 23.512540 22.478450 23.550660
v 13.928620 11.802140 20.687220
v 18.284660 10.891780 17.484510
v 20.418120 9.586325 14.214430
v 9.665136 11.665670 21.747160
v 20.913900 10.889190 13.594750
v 9.062556 13.230830 21.769830
v 9.665136 11.665670 21.747160
v 0.000000 2.827375 4.339015
v 0.000000 2.470442 -1.471992
v 0.000001 4.054847 -7.002498
v 0.000000 3.335308 -3.442670
v 0.000000 3.780733 5.803544
v 16.005750 11.704560 1.208296
v 16.309490 11.110830 -0.300561
v 8.007798 8.740253 -10.534410
v 6.730557 7.983460 -13.177210
v 8.007798 8.740253 -10.534410
v 6.730557 7.983460 -13.177210
v 12.934240 11.080270 -7.104638
v 9.214532 9.333399 -4.705022
v 12.703230 10.482490 -7.122536
v 6.730557 7.983460 -13.177210
v 2.731836 3.332400 -0.401780
v 5.280665 4.888196 -0.513076
v 4.751565 4.985394 2.566857
v 3.557126 4.641839 6.538791
v 0.000000 2.366179 -4.119698
v 1.377911 2.764137 -1.323969
v 1.839018 3.266575 1.244463
v 2.865237 3.897409 3.635979
v 4.751565 4.985394 2.566857
v 3.557126 4.641839 6.538791
v 5.280665 4.888196 -0.513076
v 0.000001 4.023776 -8.461701
v 4.312319 5.923929 -8.387680
v 0.000001 5.927852 -16.005770
v 1.939930 5.916144 -3.028743
v 0.000001 5.902274 -3.754579
v 1.696186 5.396189 -3.327758
v 6.047651 7.091929 -3.332961
v 0.000000 5.935617 -2.601003
v 2.737517 6.597570 -6.702884
v 0.000001 6.358628 -10.923430
v 2.737537 7.039666 -6.702896
v 0.000000 6.377713 -2.601015
v 6.047661 7.534035 -3.332973
v 0.000000 6.800726 -10.923440
v 16.646800 10.157570 5.727961
v 12.105850 9.857585 10.669860
v 9.749495 9.400243 8.408530
v 14.278960 9.997566 3.230263
v 27.527410 23.374290 15.999470
v 21.292340 13.153500 0.158442
v 34.557790 18.835120 15.380000
v 14.637870 11.259200 5.710733
v 13.499360 10.910260 2.442034
v 16.197130 11.715130 2.801098
v 17.861950 12.185020 2.379004
v 21.292340 13.153500 0.158442
v 34.557790 18.835120 15.380000
v 14.637870 11.259200 5.710733
v 13.499360 10.910260 2.442034
v 16.197130 11.715130 2.801098
v 17.861950 12.185020 2.379004
v 13.765450 11.796370 2.235916
v 19.094390 13.729550 -3.671104
v 20.632940 14.603530 -7.802188
v 20.591170 14.604760 -4.083990
v 0.000001 4.314546 -4.088186
v 9.062556 13.230830 21.769830
v 5.456895 6.215298 -1.404931
v 3.675250 5.332129 -3.380055
v 0.000000 4.412161 -1.606880
v 1.504172 4.625366 -4.057404
v 0.000001 4.054847 -7.002498
v 2.892365 4.391769 0.400084
v 0.000000 3.780733 5.803544
v 46.938210 32.149200 1.340323
v 32.258550 24.789070 3.635163
v 24.411510 18.761600 4.077332
v 20.275580 19.151860 9.210812
v 25.902730 17.532140 16.949350
v 17.832390 14.049830 9.188694
v 26.750250 20.122320 16.995840
v 31.744150 21.406030 -19.945180
v 16.801260 13.721850 -1.163745
v 20.275580 19.151860 9.210812
v 40.939210 34.974370 42.393070
v 26.627960 21.396330 22.696880
v 25.435540 19.923690 20.157350
v 29.192930 22.960930 24.228070
v 16.801260 13.721850 -1.163745
v 46.938210 32.149200 1.340323
v 32.258550 24.789070 3.635163
v 20.275580 19.151860 9.210812
v 19.516830 19.160610 17.106170
v 17.832390 14.049830 9.188694
v 18.180160 16.264550 17.709800
v 26.750250 20.122320 16.995840
v 16.202180 17.401640 24.379450
v 31.744150 21.406030 -19.945180
v 16.801260 13.721850 -1.163745
v 40.939210 34.974370 42.393070
v 26.627960 21.396330 22.696880
v 25.435540 19.923690 20.157350
v 29.192930 22.960930 24.228070
v -29.364310 21.026870 25.467220
v -23.512540 22.478460 23.550650
v -13.928620 11.802140 20.687220
v -18.284660 10.891780 17.484510
v -20.418120 9.586325 14.214430
v -9.665129 11.665670 21.747160
v -20.913900 10.889190 13.594740
v -9.062553 13.230830 21.769830
v -9.665129 11.665670 21.747160
v -16.005740 11.704560 1.208295
v -16.309490 11.110830 -0.300562
v -8.007790 8.740256 -10.534410
v -6.730547 7.983464 -13.177210
v -8.007790 8.740256 -10.534410
v -6.730547 7.983464 -13.177210
v -12.934230 11.080270 -7.104635
v -12.703230 10.482490 -7.122534
v -9.214527 9.333401 -4.705022
v -6.730547 7.983464 -13.177210
v -2.731834 3.332401 -0.401780
v -5.280663 4.888196 -0.513076
v -4.751563 4.985394 2.566856
v -3.557125 4.641839 6.538792
v -1.377910 2.764137 -1.323969
v -1.839017 3.266575 1.244463
v -4.751563 4.985394 2.566856
v -2.865235 3.897409 3.635980
v -3.557125 4.641839 6.538792
v -5.280663 4.888196 -0.513076
v -4.312315 5.923930 -8.387680
v -1.939929 5.916144 -3.028744
v -1.696185 5.396189 -3.327759
v -6.047649 7.091928 -3.332963
v -2.737515 6.597569 -6.702883
v -2.737535 7.039665 -6.702896
v -6.047659 7.534035 -3.332973
v -16.646800 10.157570 5.727960
v -12.105840 9.857585 10.669860
v -9.749494 9.400243 8.408530
v -14.278950 9.997566 3.230262
v -27.527400 23.374290 15.999470
v -21.292340 13.153490 0.158440
v -34.557790 18.835120 15.380000
v -14.637870 11.259200 5.710732
v -13.499360 10.910250 2.442033
v -16.197130 11.715130 2.801097
v -17.861940 12.185020 2.379003
v -21.292340 13.153490 0.158440
v -34.557790 18.835120 15.380000
v -14.637870 11.259200 5.710732
v -13.499360 10.910250 2.442033
v -16.197130 11.715130 2.801097
v -17.861940 12.185020 2.379003
v -13.765450 11.796370 2.235915
v -19.094380 13.729550 -3.671105
v -20.632940 14.603530 -7.802187
v -20.591160 14.604770 -4.083992
v -9.062553 13.230830 21.769830
v -5.456893 6.215298 -1.404932
v -3.675247 5.332130 -3.380056
v -1.504171 4.625366 -4.057403
v -2.892362 4.391769 0.400084
v -46.938190 32.149210 1.340330
v -32.258540 24.789070 3.635167
v -24.411510 18.761610 4.077332
v -20.275570 19.151860 9.210811
v -25.902730 17.532140 16.949340
v -17.832380 14.049830 9.188692
v -26.750250 20.122320 16.995830
v -31.744140 21.406020 -19.945180
v -16.801260 13.721850 -1.163747
v -20.275570 19.151860 9.210811
v -40.939210 34.974370 42.393040
v -26.627960 21.396330 22.696870
v -25.435540 19.923690 20.157330
v -29.192920 22.960940 24.228060
v -16.801260 13.721850 -1.163747
v -46.938190 32.149210 1.340330
v -32.258540 24.789070 3.635167
v -20.275570 19.151860 9.210811
v -19.516830 19.160620 17.106160
v -18.180160 16.264550 17.709790
v -17.832380 14.049830 9.188692
v -26.750250 20.122320 16.995830
v -16.202180 17.401640 24.379450
v -31.744140 21.406020 -19.945180
v -16.801260 13.721850 -1.163747
v -40.939210 34.974370 42.393040
v -26.627960 21.396330 22.696870
v -25.435540 19.923690 20.157330
v -29.192920 22.960940 24.228060
vt 0.293292 0.002513 0.000000
vt 0.269583 0.076558 0.000000
vt 0.194277 0.059669 0.000000
vt 0.194277 0.002512 0.000000
vt 0.358639 0.089191 0.000000
vt 0.386300 0.002514 0.000000
vt 0.465729 0.002515 0.000000
vt 0.465728 0.089192 0.000000
vt 0.573372 0.002516 0.000000
vt 0.793208 0.002518 0.000000
vt 0.692297 0.089194 0.000000
vt 0.573371 0.089193 0.000000
vt 0.194277 0.059669 0.000000
vt 0.269583 0.076558 0.000000
vt 0.293292 0.002513 0.000000
vt 0.194277 0.002512 0.000000
vt 0.465729 0.002515 0.000000
vt 0.386300 0.002514 0.000000
vt 0.358639 0.089191 0.000000
vt 0.465728 0.089192 0.000000
vt 0.692297 0.089194 0.000000
vt 0.793208 0.002518 0.000000
vt 0.573372 0.002516 0.000000
vt 0.573371 0.089193 0.000000
vt 0.121985 0.075001 0.000000
vt 0.031201 0.002510 0.000000
vt 0.121986 0.002511 0.000000
vt 0.269582 0.166286 0.000000
vt 0.358638 0.166287 0.000000
vt 0.031201 0.002510 0.000000
vt 0.121985 0.075001 0.000000
vt 0.121986 0.002511 0.000000
vt 0.269582 0.166286 0.000000
vt 0.358638 0.166287 0.000000
vt 0.396066 0.608261 0.000000
vt 0.396066 0.597495 0.000000
vt 0.371239 0.597495 0.000000
vt 0.371239 0.608261 0.000000
vt 0.377775 0.620263 0.000000
vt 0.377775 0.632897 0.000000
vt 0.433685 0.632897 0.000000
vt 0.433745 0.620263 0.000000
vt 0.417908 0.608260 0.000000
vt 0.417908 0.597495 0.000000
vt 0.466780 0.620263 0.000000
vt 0.466696 0.632897 0.000000
vt 0.498812 0.632897 0.000000
vt 0.498872 0.620263 0.000000
vt 0.450874 0.608260 0.000000
vt 0.450874 0.597495 0.000000
vt 0.477040 0.608260 0.000000
vt 0.477040 0.597495 0.000000
vt 0.498872 0.620263 0.000000
vt 0.498812 0.632897 0.000000
vt 0.535295 0.632897 0.000000
vt 0.535269 0.620263 0.000000
vt 0.509774 0.608260 0.000000
vt 0.509774 0.597495 0.000000
vt 0.371239 0.578086 0.000000
vt 0.371239 0.591642 0.000000
vt 0.425442 0.591642 0.000000
vt 0.425442 0.578086 0.000000
vt 0.533723 0.578086 0.000000
vt 0.533723 0.591642 0.000000
vt 0.606581 0.591641 0.000000
vt 0.606581 0.578085 0.000000
vt 0.606581 0.608260 0.000000
vt 0.606581 0.597494 0.000000
vt 0.542592 0.597494 0.000000
vt 0.542592 0.608260 0.000000
vt 0.474745 0.578086 0.000000
vt 0.474745 0.591642 0.000000
vt 0.533723 0.591642 0.000000
vt 0.533723 0.578086 0.000000
vt 0.433745 0.620263 0.000000
vt 0.433685 0.632897 0.000000
vt 0.535269 0.620263 0.000000
vt 0.535295 0.632897 0.000000
vt 0.569959 0.632897 0.000000
vt 0.569959 0.620263 0.000000
vt 0.569959 0.620263 0.000000
vt 0.569959 0.632897 0.000000
vt 0.613117 0.632896 0.000000
vt 0.613117 0.620262 0.000000
vt 0.293292 0.002513 0.000000
vt 0.194277 0.002512 0.000000
vt 0.194277 0.059669 0.000000
vt 0.269583 0.076558 0.000000
vt 0.358639 0.089191 0.000000
vt 0.465728 0.089192 0.000000
vt 0.465729 0.002515 0.000000
vt 0.386300 0.002514 0.000000
vt 0.573372 0.002516 0.000000
vt 0.573371 0.089193 0.000000
vt 0.692297 0.089194 0.000000
vt 0.793208 0.002518 0.000000
vt 0.194277 0.059669 0.000000
vt 0.194277 0.002512 0.000000
vt 0.293292 0.002513 0.000000
vt 0.269583 0.076558 0.000000
vt 0.465729 0.002515 0.000000
vt 0.465728 0.089192 0.000000
vt 0.358639 0.089191 0.000000
vt 0.386300 0.002514 0.000000
vt 0.692297 0.089194 0.000000
vt 0.573371 0.089193 0.000000
vt 0.573372 0.002516 0.000000
vt 0.793208 0.002518 0.000000
vt 0.121985 0.075001 0.000000
vt 0.121986 0.002511 0.000000
vt 0.031201 0.002510 0.000000
vt 0.269582 0.166286 0.000000
vt 0.358638 0.166287 0.000000
vt 0.031201 0.002510 0.000000
vt 0.121986 0.002511 0.000000
vt 0.121985 0.075001 0.000000
vt 0.269582 0.166286 0.000000
vt 0.358638 0.166287 0.000000
vt 0.396066 0.608261 0.000000
vt 0.371239 0.608261 0.000000
vt 0.371239 0.597495 0.000000
vt 0.396066 0.597495 0.000000
vt 0.377775 0.620263 0.000000
vt 0.433745 0.620263 0.000000
vt 0.433685 0.632897 0.000000
vt 0.377775 0.632897 0.000000
vt 0.417908 0.608260 0.000000
vt 0.417908 0.597495 0.000000
vt 0.466780 0.620263 0.000000
vt 0.498872 0.620263 0.000000
vt 0.498812 0.632897 0.000000
vt 0.466696 0.632897 0.000000
vt 0.450874 0.608260 0.000000
vt 0.450874 0.597495 0.000000
vt 0.477040 0.608260 0.000000
vt 0.477040 0.597495 0.000000
vt 0.498872 0.620263 0.000000
vt 0.535269 0.620263 0.000000
vt 0.535295 0.632897 0.000000
vt 0.498812 0.632897 0.000000
vt 0.509774 0.608260 0.000000
vt 0.509774 0.597495 0.000000
vt 0.371239 0.578086 0.000000
vt 0.425442 0.578086 0.000000
vt 0.425442 0.591642 0.000000
vt 0.371239 0.591642 0.000000
vt 0.533723 0.578086 0.000000
vt 0.606581 0.578085 0.000000
vt 0.606581 0.591641 0.000000
vt 0.533723 0.591642 0.000000
vt 0.606581 0.608260 0.000000
vt 0.542592 0.608260 0.000000
vt 0.542592 0.597494 0.000000
vt 0.606581 0.597494 0.000000
vt 0.474745 0.578086 0.000000
vt 0.533723 0.578086 0.000000
vt 0.533723 0.591642 0.000000
vt 0.474745 0.591642 0.000000
vt 0.433745 0.620263 0.000000
vt 0.433685 0.632897 0.000000
vt 0.535269 0.620263 0.000000
vt 0.569959 0.620263 0.000000
vt 0.569959 0.632897 0.000000
vt 0.535295 0.632897 0.000000
vt 0.569959 0.620263 0.000000
vt 0.613117 0.620262 0.000000
vt 0.613117 0.632896 0.000000
vt 0.569959 0.632897 0.000000
vt 0.556402 0.291119 0.000000
vt 0.675131 0.269848 0.000000
vt 0.658542 0.218933 0.000000
vt 0.556402 0.218001 0.000000
vt 0.821637 0.270767 0.000000
vt 0.821637 0.215249 0.000000
vt 0.763691 0.170426 0.000000
vt 0.724129 0.204978 0.000000
vt 0.821637 0.120085 0.000000
vt 0.821637 0.079526 0.000000
vt 0.792860 0.079526 0.000000
vt 0.792860 0.120085 0.000000
vt 0.821637 0.044739 0.000000
vt 0.792860 0.044739 0.000000
vt 0.556402 0.218001 0.000000
vt 0.556402 0.291119 0.000000
vt 0.472010 0.291119 0.000000
vt 0.472010 0.218001 0.000000
vt 0.821637 0.270767 0.000000
vt 0.675131 0.269848 0.000000
vt 0.658542 0.218933 0.000000
vt 0.724129 0.204978 0.000000
vt 0.821637 0.215249 0.000000
vt 0.763691 0.170426 0.000000
vt 0.821637 0.079526 0.000000
vt 0.821637 0.120085 0.000000
vt 0.792860 0.120085 0.000000
vt 0.792860 0.079526 0.000000
vt 0.821637 0.044739 0.000000
vt 0.792860 0.044739 0.000000
vt 0.575875 0.321147 0.000000
vt 0.556402 0.291119 0.000000
vt 0.472010 0.384295 0.000000
vt 0.459073 0.415772 0.000000
vt 0.459073 0.097734 0.000000
vt 0.472010 0.133404 0.000000
vt 0.556402 0.218001 0.000000
vt 0.567394 0.200186 0.000000
vt 0.459583 0.218001 0.000000
vt 0.472010 0.218001 0.000000
vt 0.472010 0.133404 0.000000
vt 0.459073 0.097734 0.000000
vt 0.674891 0.307612 0.000000
vt 0.675131 0.269848 0.000000
vt 0.658542 0.218933 0.000000
vt 0.655038 0.200186 0.000000
vt 0.567394 0.200186 0.000000
vt 0.556402 0.218001 0.000000
vt 0.848094 0.307612 0.000000
vt 0.821637 0.270767 0.000000
vt 0.724129 0.204978 0.000000
vt 0.714139 0.183505 0.000000
vt 0.459073 0.291119 0.000000
vt 0.472010 0.291119 0.000000
vt 0.848094 0.215249 0.000000
vt 0.848094 0.307612 0.000000
vt 0.763691 0.170426 0.000000
vt 0.745737 0.156171 0.000000
vt 0.848094 0.079526 0.000000
vt 0.848094 0.120085 0.000000
vt 0.792860 0.079526 0.000000
vt 0.761683 0.079526 0.000000
vt 0.761683 0.120085 0.000000
vt 0.792860 0.120085 0.000000
vt 0.848094 0.044739 0.000000
vt 0.792860 0.044739 0.000000
vt 0.761683 0.043565 0.000000
vt 0.792860 0.024752 0.000000
vt 0.792860 0.044739 0.000000
vt 0.821637 0.044739 0.000000
vt 0.821637 0.024752 0.000000
vt 0.205754 0.759310 0.000000
vt 0.159016 0.759310 0.000000
vt 0.119705 0.722313 0.000000
vt 0.139715 0.702194 0.000000
vt 0.054759 0.703333 0.000000
vt 0.075715 0.679960 0.000000
vt 0.119224 0.821156 0.000000
vt 0.077436 0.821156 0.000000
vt 0.308076 0.477053 0.000000
vt 0.256612 0.480432 0.000000
vt 0.266989 0.545760 0.000000
vt 0.336110 0.545704 0.000000
vt 0.233109 0.433818 0.000000
vt 0.183597 0.456406 0.000000
vt 0.213750 0.513452 0.000000
vt 0.185800 0.385023 0.000000
vt 0.206816 0.403492 0.000000
vt 0.250673 0.374911 0.000000
vt 0.244441 0.348477 0.000000
vt 0.262025 0.568958 0.000000
vt 0.193851 0.533173 0.000000
vt 0.156877 0.460761 0.000000
vt 0.395626 0.461352 0.000000
vt 0.379659 0.482628 0.000000
vt 0.450454 0.482628 0.000000
vt 0.459939 0.461352 0.000000
vt 0.336110 0.568958 0.000000
vt 0.524301 0.568958 0.000000
vt 0.499424 0.545704 0.000000
vt 0.499424 0.482628 0.000000
vt 0.524301 0.461352 0.000000
vt 0.358689 0.421241 0.000000
vt 0.336053 0.439567 0.000000
vt 0.326882 0.372406 0.000000
vt 0.309710 0.395771 0.000000
vt 0.066262 0.463666 0.000000
vt 0.101581 0.375599 0.000000
vt 0.008479 0.375599 0.000000
vt 0.008479 0.435599 0.000000
vt 0.008479 0.435599 0.000000
vt 0.008479 0.375599 0.000000
vt 0.101581 0.375599 0.000000
vt 0.066262 0.463666 0.000000
vt 0.593105 0.112677 0.000000
vt 0.658626 0.112619 0.000000
vt 0.658626 0.173864 0.000000
vt 0.593105 0.173927 0.000000
vt 0.271966 0.778426 0.000000
vt 0.217787 0.864535 0.000000
vt 0.203101 0.855328 0.000000
vt 0.244835 0.778426 0.000000
vt 0.134678 0.906256 0.000000
vt 0.138166 0.915389 0.000000
vt 0.067154 0.593628 0.000000
vt 0.067154 0.628276 0.000000
vt 0.112876 0.628276 0.000000
vt 0.112876 0.593628 0.000000
vt 0.573216 0.489609 0.000000
vt 0.613717 0.467058 0.000000
vt 0.613717 0.521305 0.000000
vt 0.578030 0.521305 0.000000
vt 0.164972 0.549519 0.000000
vt 0.164972 0.535436 0.000000
vt 0.101448 0.581955 0.000000
vt 0.054446 0.581955 0.000000
vt 0.314830 0.628276 0.000000
vt 0.331849 0.628275 0.000000
vt 0.636126 0.321788 0.000000
vt 0.636125 0.456923 0.000000
vt 0.628457 0.474657 0.000000
vt 0.628457 0.321788 0.000000
vt 0.636125 0.456923 0.000000
vt 0.724456 0.393651 0.000000
vt 0.730811 0.401210 0.000000
vt 0.628457 0.474657 0.000000
vt 0.821258 0.321788 0.000000
vt 0.841425 0.321788 0.000000
vt 0.756495 0.533882 0.000000
vt 0.680197 0.534720 0.000000
vt 0.680197 0.616721 0.000000
vt 0.756495 0.615882 0.000000
vt 0.621364 0.615883 0.000000
vt 0.621363 0.533882 0.000000
vt 0.680197 0.534720 0.000000
vt 0.680197 0.616721 0.000000
vt 0.756495 0.615882 0.000000
vt 0.756495 0.533882 0.000000
vt 0.793553 0.615882 0.000000
vt 0.793553 0.533881 0.000000
vt 0.979912 0.458663 0.000000
vt 0.825883 0.436581 0.000000
vt 0.825682 0.540030 0.000000
vt 0.918468 0.575775 0.000000
vt 0.979912 0.336432 0.000000
vt 0.868073 0.336432 0.000000
vt 0.979912 0.245992 0.000000
vt 0.881597 0.245992 0.000000
vt 0.979912 0.154001 0.000000
vt 0.881597 0.154001 0.000000
vt 0.979912 0.080170 0.000000
vt 0.881597 0.080170 0.000000
vt 0.918042 0.576206 0.000000
vt 0.825831 0.540030 0.000000
vt 0.825831 0.436866 0.000000
vt 0.979912 0.458981 0.000000
vt 0.868021 0.336432 0.000000
vt 0.979912 0.336432 0.000000
vt 0.881597 0.245992 0.000000
vt 0.979912 0.245992 0.000000
vt 0.881597 0.154001 0.000000
vt 0.979912 0.154001 0.000000
vt 0.881597 0.080170 0.000000
vt 0.979912 0.080170 0.000000
vt 0.991755 0.458981 0.000000
vt 0.931273 0.582545 0.000000
vt 0.918042 0.576206 0.000000
vt 0.979912 0.458981 0.000000
vt 0.811870 0.540030 0.000000
vt 0.811730 0.434513 0.000000
vt 0.811729 0.690766 0.000000
vt 0.825913 0.655516 0.000000
vt 0.825913 0.655516 0.000000
vt 0.811729 0.690766 0.000000
vt 0.853754 0.336432 0.000000
vt 0.979912 0.336432 0.000000
vt 0.992288 0.336432 0.000000
vt 0.865740 0.245992 0.000000
vt 0.979912 0.245992 0.000000
vt 0.991756 0.245992 0.000000
vt 0.865740 0.154001 0.000000
vt 0.979912 0.154001 0.000000
vt 0.991756 0.154001 0.000000
vt 0.865741 0.080170 0.000000
vt 0.979912 0.080170 0.000000
vt 0.991756 0.080170 0.000000
vt 0.979912 0.008151 0.000000
vt 0.881597 0.008151 0.000000
vt 0.881597 0.008151 0.000000
vt 0.979912 0.008151 0.000000
vt 0.979912 0.008151 0.000000
vt 0.991757 0.008151 0.000000
vt 0.865741 0.008151 0.000000
vt 0.281081 0.254088 0.000000
vt 0.184663 0.181436 0.000000
vt 0.194874 0.144651 0.000000
vt 0.302794 0.194508 0.000000
vt 0.370856 0.285274 0.000000
vt 0.380650 0.218718 0.000000
vt 0.140610 0.197235 0.000000
vt 0.226885 0.287256 0.000000
vt 0.281081 0.254088 0.000000
vt 0.302794 0.194508 0.000000
vt 0.194874 0.144651 0.000000
vt 0.184663 0.181436 0.000000
vt 0.370856 0.285274 0.000000
vt 0.380650 0.218718 0.000000
vt 0.140610 0.197235 0.000000
vt 0.226885 0.287256 0.000000
vt 0.393839 0.168848 0.000000
vt 0.408605 0.182446 0.000000
vt 0.448220 0.160536 0.000000
vt 0.448220 0.133262 0.000000
vt 0.435046 0.108164 0.000000
vt 0.375860 0.157139 0.000000
vt 0.408388 0.094552 0.000000
vt 0.367051 0.126788 0.000000
vt 0.044591 0.330252 0.000000
vt 0.008687 0.362076 0.000000
vt 0.008686 0.204366 0.000000
vt 0.043324 0.204366 0.000000
vt 0.256520 0.708554 0.000000
vt 0.191793 0.693524 0.000000
vt 0.201028 0.645450 0.000000
vt 0.303169 0.645393 0.000000
vt 0.184276 0.709771 0.000000
vt 0.257426 0.738177 0.000000
vt 0.044591 0.330252 0.000000
vt 0.008687 0.362076 0.000000
vt 0.008686 0.204366 0.000000
vt 0.043324 0.204366 0.000000
vt 0.123385 0.204366 0.000000
vt 0.123385 0.330251 0.000000
vt 0.123385 0.362075 0.000000
vt 0.008687 0.362076 0.000000
vt 0.044591 0.330252 0.000000
vt 0.123385 0.330251 0.000000
vt 0.123385 0.362075 0.000000
vt 0.008687 0.362076 0.000000
vt 0.044591 0.330252 0.000000
vt 0.123385 0.330251 0.000000
vt 0.044591 0.330252 0.000000
vt 0.043324 0.204366 0.000000
vt 0.008686 0.204366 0.000000
vt 0.008687 0.362076 0.000000
vt 0.256349 0.707449 0.000000
vt 0.303169 0.645393 0.000000
vt 0.201028 0.645450 0.000000
vt 0.189498 0.679110 0.000000
vt 0.184276 0.709771 0.000000
vt 0.257426 0.738177 0.000000
vt 0.044591 0.330252 0.000000
vt 0.043324 0.204366 0.000000
vt 0.008686 0.204366 0.000000
vt 0.008687 0.362076 0.000000
vt 0.123385 0.204366 0.000000
vt 0.123385 0.330251 0.000000
vt 0.123385 0.204366 0.000000
vt 0.123385 0.362075 0.000000
vt 0.123385 0.330251 0.000000
vt 0.123385 0.330251 0.000000
vt 0.044591 0.330252 0.000000
vt 0.405251 0.645561 0.000000
vt 0.333569 0.690890 0.000000
vt 0.365028 0.715836 0.000000
vt 0.405251 0.645561 0.000000
vt 0.418569 0.713278 0.000000
vt 0.556402 0.291119 0.000000
vt 0.556402 0.218001 0.000000
vt 0.658542 0.218933 0.000000
vt 0.675131 0.269848 0.000000
vt 0.821637 0.270767 0.000000
vt 0.724129 0.204978 0.000000
vt 0.763691 0.170426 0.000000
vt 0.821637 0.215249 0.000000
vt 0.821637 0.120085 0.000000
vt 0.792860 0.120085 0.000000
vt 0.792860 0.079526 0.000000
vt 0.821637 0.079526 0.000000
vt 0.792860 0.044739 0.000000
vt 0.821637 0.044739 0.000000
vt 0.556402 0.218001 0.000000
vt 0.472010 0.218001 0.000000
vt 0.472010 0.291119 0.000000
vt 0.556402 0.291119 0.000000
vt 0.821637 0.270767 0.000000
vt 0.724129 0.204978 0.000000
vt 0.658542 0.218933 0.000000
vt 0.675131 0.269848 0.000000
vt 0.821637 0.215249 0.000000
vt 0.763691 0.170426 0.000000
vt 0.821637 0.079526 0.000000
vt 0.792860 0.079526 0.000000
vt 0.792860 0.120085 0.000000
vt 0.821637 0.120085 0.000000
vt 0.821637 0.044739 0.000000
vt 0.792860 0.044739 0.000000
vt 0.575875 0.321147 0.000000
vt 0.459073 0.415772 0.000000
vt 0.472010 0.384295 0.000000
vt 0.556402 0.291119 0.000000
vt 0.459073 0.097734 0.000000
vt 0.567394 0.200186 0.000000
vt 0.556402 0.218001 0.000000
vt 0.472010 0.133404 0.000000
vt 0.459583 0.218001 0.000000
vt 0.459073 0.097734 0.000000
vt 0.472010 0.133404 0.000000
vt 0.472010 0.218001 0.000000
vt 0.674891 0.307612 0.000000
vt 0.675131 0.269848 0.000000
vt 0.658542 0.218933 0.000000
vt 0.556402 0.218001 0.000000
vt 0.567394 0.200186 0.000000
vt 0.655038 0.200186 0.000000
vt 0.848094 0.307612 0.000000
vt 0.821637 0.270767 0.000000
vt 0.724129 0.204978 0.000000
vt 0.714139 0.183505 0.000000
vt 0.459073 0.291119 0.000000
vt 0.472010 0.291119 0.000000
vt 0.848094 0.215249 0.000000
vt 0.848094 0.307612 0.000000
vt 0.763691 0.170426 0.000000
vt 0.745737 0.156171 0.000000
vt 0.848094 0.079526 0.000000
vt 0.848094 0.120085 0.000000
vt 0.792860 0.079526 0.000000
vt 0.792860 0.120085 0.000000
vt 0.761683 0.120085 0.000000
vt 0.761683 0.079526 0.000000
vt 0.848094 0.044739 0.000000
vt 0.792860 0.044739 0.000000
vt 0.761683 0.043565 0.000000
vt 0.792860 0.024752 0.000000
vt 0.821637 0.024752 0.000000
vt 0.821637 0.044739 0.000000
vt 0.792860 0.044739 0.000000
vt 0.205754 0.759310 0.000000
vt 0.139715 0.702194 0.000000
vt 0.119705 0.722313 0.000000
vt 0.159016 0.759310 0.000000
vt 0.075715 0.679960 0.000000
vt 0.054759 0.703333 0.000000
vt 0.119224 0.821156 0.000000
vt 0.077436 0.821156 0.000000
vt 0.308076 0.477053 0.000000
vt 0.336110 0.545704 0.000000
vt 0.266989 0.545760 0.000000
vt 0.256612 0.480432 0.000000
vt 0.213750 0.513452 0.000000
vt 0.183597 0.456406 0.000000
vt 0.233109 0.433818 0.000000
vt 0.185800 0.385023 0.000000
vt 0.244441 0.348477 0.000000
vt 0.250673 0.374911 0.000000
vt 0.206816 0.403492 0.000000
vt 0.262025 0.568958 0.000000
vt 0.193851 0.533173 0.000000
vt 0.156877 0.460761 0.000000
vt 0.395626 0.461352 0.000000
vt 0.459939 0.461352 0.000000
vt 0.450454 0.482628 0.000000
vt 0.379659 0.482628 0.000000
vt 0.499424 0.545704 0.000000
vt 0.524301 0.568958 0.000000
vt 0.336110 0.568958 0.000000
vt 0.524301 0.461352 0.000000
vt 0.499424 0.482628 0.000000
vt 0.336053 0.439567 0.000000
vt 0.358689 0.421241 0.000000
vt 0.309710 0.395771 0.000000
vt 0.326882 0.372406 0.000000
vt 0.066262 0.463666 0.000000
vt 0.008479 0.435599 0.000000
vt 0.008479 0.375599 0.000000
vt 0.101581 0.375599 0.000000
vt 0.008479 0.435599 0.000000
vt 0.066262 0.463666 0.000000
vt 0.101581 0.375599 0.000000
vt 0.008479 0.375599 0.000000
vt 0.593105 0.112677 0.000000
vt 0.593105 0.173927 0.000000
vt 0.658626 0.173864 0.000000
vt 0.658626 0.112619 0.000000
vt 0.203101 0.855328 0.000000
vt 0.217787 0.864535 0.000000
vt 0.134678 0.906256 0.000000
vt 0.138166 0.915389 0.000000
vt 0.067154 0.593628 0.000000
vt 0.112876 0.593628 0.000000
vt 0.573216 0.489609 0.000000
vt 0.578030 0.521305 0.000000
vt 0.101448 0.581955 0.000000
vt 0.164972 0.535436 0.000000
vt 0.164972 0.549519 0.000000
vt 0.054446 0.581955 0.000000
vt 0.628457 0.474657 0.000000
vt 0.636125 0.456923 0.000000
vt 0.636125 0.456923 0.000000
vt 0.628457 0.474657 0.000000
vt 0.730811 0.401210 0.000000
vt 0.724456 0.393651 0.000000
vt 0.756495 0.533882 0.000000
vt 0.756495 0.615882 0.000000
vt 0.680197 0.616721 0.000000
vt 0.680197 0.534720 0.000000
vt 0.621364 0.615883 0.000000
vt 0.680197 0.616721 0.000000
vt 0.680197 0.534720 0.000000
vt 0.621363 0.533882 0.000000
vt 0.756495 0.615882 0.000000
vt 0.756495 0.533882 0.000000
vt 0.793553 0.615882 0.000000
vt 0.793553 0.533881 0.000000
vt 0.979912 0.458663 0.000000
vt 0.918468 0.575775 0.000000
vt 0.825682 0.540030 0.000000
vt 0.825883 0.436581 0.000000
vt 0.979912 0.336432 0.000000
vt 0.868073 0.336432 0.000000
vt 0.979912 0.245992 0.000000
vt 0.881597 0.245992 0.000000
vt 0.979912 0.154001 0.000000
vt 0.881597 0.154001 0.000000
vt 0.979912 0.080170 0.000000
vt 0.881597 0.080170 0.000000
vt 0.918042 0.576206 0.000000
vt 0.979912 0.458981 0.000000
vt 0.825831 0.436866 0.000000
vt 0.825831 0.540030 0.000000
vt 0.979912 0.336432 0.000000
vt 0.868021 0.336432 0.000000
vt 0.979912 0.245992 0.000000
vt 0.881597 0.245992 0.000000
vt 0.979912 0.154001 0.000000
vt 0.881597 0.154001 0.000000
vt 0.979912 0.080170 0.000000
vt 0.881597 0.080170 0.000000
vt 0.991755 0.458981 0.000000
vt 0.979912 0.458981 0.000000
vt 0.918042 0.576206 0.000000
vt 0.931273 0.582545 0.000000
vt 0.811870 0.540030 0.000000
vt 0.811730 0.434513 0.000000
vt 0.825913 0.655516 0.000000
vt 0.811729 0.690766 0.000000
vt 0.811729 0.690766 0.000000
vt 0.825913 0.655516 0.000000
vt 0.853754 0.336432 0.000000
vt 0.992288 0.336432 0.000000
vt 0.979912 0.336432 0.000000
vt 0.865740 0.245992 0.000000
vt 0.991756 0.245992 0.000000
vt 0.979912 0.245992 0.000000
vt 0.865740 0.154001 0.000000
vt 0.991756 0.154001 0.000000
vt 0.979912 0.154001 0.000000
vt 0.865741 0.080170 0.000000
vt 0.991756 0.080170 0.000000
vt 0.979912 0.080170 0.000000
vt 0.281081 0.254088 0.000000
vt 0.302794 0.194508 0.000000
vt 0.194874 0.144651 0.000000
vt 0.184663 0.181436 0.000000
vt 0.370856 0.285274 0.000000
vt 0.380650 0.218718 0.000000
vt 0.140610 0.197235 0.000000
vt 0.226885 0.287256 0.000000
vt 0.281081 0.254088 0.000000
vt 0.184663 0.181436 0.000000
vt 0.194874 0.144651 0.000000
vt 0.302794 0.194508 0.000000
vt 0.370856 0.285274 0.000000
vt 0.380650 0.218718 0.000000
vt 0.140610 0.197235 0.000000
vt 0.226885 0.287256 0.000000
vt 0.393839 0.168848 0.000000
vt 0.448220 0.133262 0.000000
vt 0.448220 0.160536 0.000000
vt 0.408605 0.182446 0.000000
vt 0.375860 0.157139 0.000000
vt 0.435046 0.108164 0.000000
vt 0.367051 0.126788 0.000000
vt 0.408388 0.094552 0.000000
vt 0.044591 0.330252 0.000000
vt 0.043324 0.204366 0.000000
vt 0.008686 0.204366 0.000000
vt 0.008687 0.362076 0.000000
vt 0.256520 0.708554 0.000000
vt 0.303169 0.645393 0.000000
vt 0.201028 0.645450 0.000000
vt 0.191793 0.693524 0.000000
vt 0.184276 0.709771 0.000000
vt 0.257426 0.738177 0.000000
vt 0.044591 0.330252 0.000000
vt 0.043324 0.204366 0.000000
vt 0.008686 0.204366 0.000000
vt 0.008687 0.362076 0.000000
vt 0.123385 0.204366 0.000000
vt 0.123385 0.330251 0.000000
vt 0.123385 0.362075 0.000000
vt 0.123385 0.330251 0.000000
vt 0.044591 0.330252 0.000000
vt 0.008687 0.362076 0.000000
vt 0.123385 0.362075 0.000000
vt 0.123385 0.330251 0.000000
vt 0.044591 0.330252 0.000000
vt 0.008687 0.362076 0.000000
vt 0.044591 0.330252 0.000000
vt 0.008687 0.362076 0.000000
vt 0.008686 0.204366 0.000000
vt 0.043324 0.204366 0.000000
vt 0.256349 0.707449 0.000000
vt 0.189498 0.679110 0.000000
vt 0.201028 0.645450 0.000000
vt 0.303169 0.645393 0.000000
vt 0.184276 0.709771 0.000000
vt 0.257426 0.738177 0.000000
vt 0.044591 0.330252 0.000000
vt 0.008687 0.362076 0.000000
vt 0.008686 0.204366 0.000000
vt 0.043324 0.204366 0.000000
vt 0.123385 0.204366 0.000000
vt 0.123385 0.204366 0.000000
vt 0.123385 0.330251 0.000000
vt 0.123385 0.362075 0.000000
vt 0.123385 0.330251 0.000000
vt 0.044591 0.330252 0.000000
vt 0.123385 0.330251 0.000000
vt 0.405251 0.645561 0.000000
vt 0.333569 0.690890 0.000000
vt 0.365028 0.715836 0.000000
vt 0.418569 0.713278 0.000000
vt 0.405251 0.645561 0.000000
vt 0.292635 0.692693 0.000000
vt 0.339146 0.679110 0.000000
vt 0.472010 0.291119 0.000000
vt 0.472010 0.218001 0.000000
vt 0.472010 0.133404 0.000000
vt 0.472010 0.384295 0.000000
vt 0.472010 0.133404 0.000000
vt 0.472010 0.384295 0.000000
vt 0.472010 0.384295 0.000000
vt 0.008710 0.925784 0.000000
vt 0.008710 0.764774 0.000000
vt 0.008710 0.591510 0.000000
vt 0.008710 0.703333 0.000000
vt 0.008710 0.986485 0.000000
vt 0.262020 0.395010 0.000000
vt 0.282981 0.435475 0.000000
vt 0.008479 0.498239 0.000000
vt 0.008479 0.566323 0.000000
vt 0.008479 0.498239 0.000000
vt 0.008479 0.566323 0.000000
vt 0.593105 0.173927 0.000000
vt 0.518511 0.112994 0.000000
vt 0.593105 0.112677 0.000000
vt 0.744896 0.111026 0.000000
vt 0.271966 0.889918 0.000000
vt 0.271966 0.986157 0.000000
vt 0.173643 0.986157 0.000000
vt 0.031374 0.986157 0.000000
vt 0.385890 0.778426 0.000000
vt 0.303980 0.841715 0.000000
vt 0.385503 0.408893 0.000000
vt 0.413756 0.375120 0.000000
vt 0.445238 0.397786 0.000000
vt 0.445238 0.332635 0.000000
vt 0.445238 0.446998 0.000000
vt 0.164972 0.628276 0.000000
vt 0.528574 0.449085 0.000000
vt 0.613717 0.335809 0.000000
vt 0.054446 0.581955 0.000000
vt 0.054446 0.628276 0.000000
vt 0.067154 0.593628 0.000000
vt 0.636125 0.456923 0.000000
vt 0.636126 0.321788 0.000000
vt 0.724456 0.393651 0.000000
vt 0.821258 0.321788 0.000000
vt 0.098697 0.479683 0.000000
vt 0.133608 0.541626 0.000000
vt 0.060450 0.541626 0.000000
vt 0.133608 0.402606 0.000000
vt 0.665442 0.468552 0.000000
vt 0.669429 0.678605 0.000000
vt 0.756495 0.678605 0.000000
vt 0.756494 0.468552 0.000000
vt 0.826051 0.655936 0.000000
vt 0.300121 0.343497 0.000000
vt 0.097651 0.086474 0.000000
vt 0.425340 0.257892 0.000000
vt 0.441723 0.312635 0.000000
vt 0.393688 0.325054 0.000000
vt 0.360046 0.331279 0.000000
vt 0.300121 0.343497 0.000000
vt 0.097651 0.086474 0.000000
vt 0.425340 0.257892 0.000000
vt 0.441723 0.312635 0.000000
vt 0.393688 0.325054 0.000000
vt 0.360046 0.331279 0.000000
vt 0.380505 0.105200 0.000000
vt 0.408605 0.206123 0.000000
vt 0.448220 0.229817 0.000000
vt 0.408606 0.229817 0.000000
vt 0.067154 0.628276 0.000000
vt 0.459073 0.415772 0.000000
vt 0.906853 0.875920 0.000000
vt 0.936056 0.850663 0.000000
vt 0.992958 0.871226 0.000000
vt 0.964357 0.840832 0.000000
vt 0.992958 0.801719 0.000000
vt 0.945117 0.903269 0.000000
vt 0.992958 0.976377 0.000000
vt 0.008685 0.011955 0.000000
vt 0.123385 0.204366 0.000000
vt 0.123385 0.330251 0.000000
vt 0.194369 0.362075 0.000000
vt 0.369410 0.749244 0.000000
vt 0.464107 0.765369 0.000000
vt 0.352287 0.765369 0.000000
vt 0.008685 0.011955 0.000000
vt 0.194369 0.362075 0.000000
vt 0.194369 0.362075 0.000000
vt 0.095863 0.645696 0.000000
vt 0.326749 0.706716 0.000000
vt 0.350031 0.723218 0.000000
vt 0.293053 0.706716 0.000000
vt 0.194369 0.362075 0.000000
vt 0.008685 0.011955 0.000000
vt 0.123385 0.204366 0.000000
vt 0.194369 0.362075 0.000000
vt 0.393307 0.724446 0.000000
vt 0.464107 0.765369 0.000000
vt 0.418569 0.713278 0.000000
vt 0.352287 0.765369 0.000000
vt 0.405251 0.645561 0.000000
vt 0.008685 0.011955 0.000000
vt 0.194369 0.362075 0.000000
vt 0.095863 0.645696 0.000000
vt 0.326749 0.706716 0.000000
vt 0.350031 0.723218 0.000000
vt 0.293053 0.706716 0.000000
vt 0.292635 0.692693 0.000000
vt 0.339146 0.679110 0.000000
vt 0.472010 0.291119 0.000000
vt 0.472010 0.218001 0.000000
vt 0.472010 0.133404 0.000000
vt 0.472010 0.384295 0.000000
vt 0.472010 0.133404 0.000000
vt 0.472010 0.384295 0.000000
vt 0.472010 0.384295 0.000000
vt 0.262020 0.395010 0.000000
vt 0.282981 0.435475 0.000000
vt 0.008479 0.498239 0.000000
vt 0.008479 0.566323 0.000000
vt 0.008479 0.498239 0.000000
vt 0.008479 0.566323 0.000000
vt 0.593105 0.173927 0.000000
vt 0.593105 0.112677 0.000000
vt 0.518511 0.112994 0.000000
vt 0.744896 0.111026 0.000000
vt 0.271966 0.889918 0.000000
vt 0.271966 0.986157 0.000000
vt 0.173643 0.986157 0.000000
vt 0.031374 0.986157 0.000000
vt 0.303980 0.841715 0.000000
vt 0.385503 0.408893 0.000000
vt 0.445238 0.397786 0.000000
vt 0.413756 0.375120 0.000000
vt 0.445238 0.332635 0.000000
vt 0.445238 0.446998 0.000000
vt 0.528574 0.449085 0.000000
vt 0.054446 0.581955 0.000000
vt 0.067154 0.593628 0.000000
vt 0.636125 0.456923 0.000000
vt 0.724456 0.393651 0.000000
vt 0.098697 0.479683 0.000000
vt 0.060450 0.541626 0.000000
vt 0.665442 0.468552 0.000000
vt 0.669429 0.678605 0.000000
vt 0.756495 0.678605 0.000000
vt 0.756494 0.468552 0.000000
vt 0.826051 0.655936 0.000000
vt 0.300121 0.343497 0.000000
vt 0.097651 0.086474 0.000000
vt 0.425340 0.257892 0.000000
vt 0.441723 0.312635 0.000000
vt 0.393688 0.325054 0.000000
vt 0.360046 0.331279 0.000000
vt 0.300121 0.343497 0.000000
vt 0.097651 0.086474 0.000000
vt 0.425340 0.257892 0.000000
vt 0.441723 0.312635 0.000000
vt 0.393688 0.325054 0.000000
vt 0.360046 0.331279 0.000000
vt 0.380505 0.105200 0.000000
vt 0.408605 0.206123 0.000000
vt 0.448220 0.229817 0.000000
vt 0.408606 0.229817 0.000000
vt 0.459073 0.415772 0.000000
vt 0.906853 0.875920 0.000000
vt 0.936056 0.850663 0.000000
vt 0.964357 0.840832 0.000000
vt 0.945117 0.903269 0.000000
vt 0.008685 0.011955 0.000000
vt 0.123385 0.204366 0.000000
vt 0.123385 0.330251 0.000000
vt 0.194369 0.362075 0.000000
vt 0.369410 0.749244 0.000000
vt 0.464107 0.765369 0.000000
vt 0.352287 0.765369 0.000000
vt 0.008685 0.011955 0.000000
vt 0.194369 0.362075 0.000000
vt 0.194369 0.362075 0.000000
vt 0.095863 0.645696 0.000000
vt 0.326749 0.706716 0.000000
vt 0.350031 0.723218 0.000000
vt 0.293053 0.706716 0.000000
vt 0.194369 0.362075 0.000000
vt 0.008685 0.011955 0.000000
vt 0.123385 0.204366 0.000000
vt 0.194369 0.362075 0.000000
vt 0.393307 0.724446 0.000000
vt 0.418569 0.713278 0.000000
vt 0.464107 0.765369 0.000000
vt 0.352287 0.765369 0.000000
vt 0.405251 0.645561 0.000000
vt 0.008685 0.011955 0.000000
vt 0.194369 0.362075 0.000000
vt 0.095863 0.645696 0.000000
vt 0.326749 0.706716 0.000000
vt 0.350031 0.723218 0.000000
vt 0.293053 0.706716 0.000000
usemtl Material_1
f 1/1 2/2 3/3
f 3/3 4/4 1/1
f 5/5 6/6 7/7
f 7/7 8/8 5/5
f 9/9 10/10 11/11
f 11/11 12/12 9/9
f 7/7 9/9 12/12
f 12/12 8/8 7/7
f 13/13 14/14 15/15
f 15/15 16/16 13/13
f 17/17 18/18 19/19
f 19/19 20/20 17/17
f 21/21 22/22 23/23
f 23/23 24/24 21/21
f 24/24 23/23 17/17
f 17/17 20/20 24/24
f 25/25 26/26 27/27
f 4/4 25/25 27/27
f 6/6 5/5 1/1
f 5/5 2/2 1/1
f 2/2 5/5 28/28
f 4/4 3/3 25/25
f 5/5 29/29 28/28
f 30/30 31/31 32/32
f 31/31 16/16 32/32
f 19/19 18/18 15/15
f 14/14 19/19 15/15
f 19/19 14/14 33/33
f 13/13 16/16 31/31
f 34/34 19/19 33/33
f 35/35 36/36 37/37
f 37/37 38/38 35/35
f 39/39 40/40 41/41
f 41/41 42/42 39/39
f 43/43 44/44 36/36
f 36/36 35/35 43/43
f 45/45 46/46 47/47
f 47/47 48/48 45/45
f 49/49 50/50 44/44
f 44/44 43/43 49/49
f 51/51 52/52 50/50
f 50/50 49/49 51/51
f 53/53 54/54 55/55
f 55/55 56/56 53/53
f 57/57 58/58 52/52
f 52/52 51/51 57/57
f 59/59 60/60 61/61
f 61/61 62/62 59/59
f 63/63 64/64 65/65
f 65/65 66/66 63/63
f 67/67 68/68 69/69
f 69/69 70/70 67/67
f 71/71 72/72 73/73
f 73/73 74/74 71/71
f 75/75 76/76 46/46
f 46/46 45/45 75/75
f 70/70 69/69 58/58
f 58/58 57/57 70/70
f 62/62 61/61 72/72
f 72/72 71/71 62/62
f 77/77 78/78 79/79
f 79/79 80/80 77/77
f 81/81 82/82 83/83
f 83/83 84/84 81/81
f 85/85 86/86 87/87
f 87/87 88/88 85/85
f 89/89 90/90 91/91
f 91/91 92/92 89/89
f 93/93 94/94 95/95
f 95/95 96/96 93/93
f 91/91 90/90 94/94
f 94/94 93/93 91/91
f 97/97 98/98 99/99
f 99/99 100/100 97/97
f 101/101 102/102 103/103
f 103/103 104/104 101/101
f 105/105 106/106 107/107
f 107/107 108/108 105/105
f 106/106 102/102 101/101
f 101/101 107/107 106/106
f 109/109 110/110 111/111
f 86/86 110/110 109/109
f 92/92 85/85 89/89
f 89/89 85/85 88/88
f 88/88 112/112 89/89
f 86/86 109/109 87/87
f 89/89 112/112 113/113
f 114/114 115/115 116/116
f 116/116 115/115 98/98
f 103/103 99/99 104/104
f 100/100 99/99 103/103
f 103/103 117/117 100/100
f 97/97 116/116 98/98
f 118/118 117/117 103/103
f 119/119 120/120 121/121
f 121/121 122/122 119/119
f 123/123 124/124 125/125
f 125/125 126/126 123/123
f 127/127 119/119 122/122
f 122/122 128/128 127/127
f 129/129 130/130 131/131
f 131/131 132/132 129/129
f 133/133 127/127 128/128
f 128/128 134/134 133/133
f 135/135 133/133 134/134
f 134/134 136/136 135/135
f 137/137 138/138 139/139
f 139/139 140/140 137/137
f 141/141 135/135 136/136
f 136/136 142/142 141/141
f 143/143 144/144 145/145
f 145/145 146/146 143/143
f 147/147 148/148 149/149
f 149/149 150/150 147/147
f 151/151 152/152 153/153
f 153/153 154/154 151/151
f 155/155 156/156 157/157
f 157/157 158/158 155/155
f 159/159 129/129 132/132
f 132/132 160/160 159/159
f 152/152 141/141 142/142
f 142/142 153/153 152/152
f 144/144 155/155 158/158
f 158/158 145/145 144/144
f 161/161 162/162 163/163
f 163/163 164/164 161/161
f 165/165 166/166 167/167
f 167/167 168/168 165/165
f 169/169 170/170 171/171
f 171/171 172/172 169/169
f 173/173 174/174 175/175
f 175/175 176/176 173/173
f 177/177 178/178 179/179
f 179/179 180/180 177/177
f 178/178 181/181 182/182
f 182/182 179/179 178/178
f 177/177 180/180 175/175
f 175/175 174/174 177/177
f 183/183 184/184 185/185
f 185/185 186/186 183/183
f 187/187 188/188 189/189
f 189/189 190/190 187/187
f 191/191 187/187 190/190
f 190/190 192/192 191/191
f 193/193 194/194 195/195
f 195/195 196/196 193/193
f 197/197 193/193 196/196
f 196/196 198/198 197/197
f 195/195 194/194 191/191
f 191/191 192/192 195/195
f 199/199 200/200 201/201
f 201/201 202/202 199/199
f 203/203 204/204 205/205
f 205/205 206/206 203/203
f 207/207 208/208 209/209
f 209/209 210/210 207/207
f 211/211 212/212 200/200
f 200/200 199/199 211/211
f 213/213 214/214 215/215
f 215/215 216/216 213/213
f 217/217 218/218 212/212
f 212/212 211/211 217/217
f 219/219 220/220 214/214
f 214/214 213/213 219/219
f 221/221 222/222 208/208
f 208/208 207/207 221/221
f 223/223 174/174 173/173
f 173/173 224/224 223/223
f 225/225 226/226 220/220
f 220/220 219/219 225/225
f 227/227 178/178 177/177
f 177/177 228/228 227/227
f 229/229 230/230 231/231
f 231/231 232/232 229/229
f 233/233 181/181 178/178
f 178/178 227/227 233/233
f 234/234 235/235 230/230
f 230/230 229/229 234/234
f 236/236 237/237 238/238
f 238/238 239/239 236/236
f 228/228 177/177 174/174
f 174/174 223/223 228/228
f 232/232 231/231 226/226
f 226/226 225/225 232/232
f 240/240 241/241 242/242
f 242/242 243/243 240/240
f 243/243 242/242 244/244
f 244/244 245/245 243/243
f 246/246 247/247 241/241
f 241/241 240/240 246/246
f 248/248 249/249 250/250
f 250/250 251/251 248/248
f 249/249 252/252 253/253
f 253/253 254/254 249/249
f 255/255 256/256 257/257
f 257/257 258/258 255/255
f 259/259 250/250 254/254
f 254/254 260/260 259/259
f 260/260 254/254 253/253
f 253/253 261/261 260/260
f 262/262 263/263 264/264
f 264/264 265/265 262/262
f 251/251 266/266 267/267
f 267/267 268/268 251/251
f 265/265 264/264 269/269
f 269/269 270/270 265/265
f 270/270 269/269 268/268
f 268/268 267/267 270/270
f 263/263 262/262 271/271
f 271/271 272/272 263/263
f 272/272 271/271 273/273
f 273/273 274/274 272/272
f 266/266 251/251 250/250
f 250/250 259/259 266/266
f 274/274 273/273 258/258
f 258/258 257/257 274/274
f 261/261 253/253 256/256
f 256/256 255/255 261/261
f 275/275 276/276 277/277
f 277/277 278/278 275/275
f 279/279 280/280 281/281
f 281/281 282/282 279/279
f 283/283 284/284 285/285
f 285/285 286/286 283/283
f 287/287 288/288 289/289
f 289/289 290/290 287/287
f 291/291 289/289 288/288
f 288/288 292/292 291/291
f 293/293 294/294 295/295
f 295/295 296/296 293/293
f 297/297 298/298 299/299
f 299/299 300/300 297/297
f 296/296 301/301 302/302
f 302/302 303/303 296/296
f 303/303 304/304 293/293
f 293/293 296/296 303/303
f 301/301 305/305 306/306
f 306/306 302/302 301/301
f 307/307 308/308 309/309
f 309/309 310/310 307/307
f 311/311 312/312 313/313
f 313/313 314/314 311/311
f 312/312 315/315 316/316
f 316/316 313/313 312/312
f 317/317 318/318 319/319
f 319/319 320/320 317/317
f 321/321 322/322 323/323
f 323/323 324/324 321/321
f 325/325 324/324 323/323
f 323/323 326/326 325/325
f 318/318 322/322 321/321
f 321/321 319/319 318/318
f 327/327 325/325 326/326
f 326/326 328/328 327/327
f 328/328 317/317 320/320
f 320/320 327/327 328/328
f 329/329 330/330 331/331
f 331/331 332/332 329/329
f 333/333 334/334 330/330
f 330/330 329/329 333/333
f 335/335 336/336 334/334
f 334/334 333/333 335/335
f 337/337 338/338 336/336
f 336/336 335/335 337/337
f 339/339 340/340 338/338
f 338/338 337/337 339/339
f 341/341 342/342 343/343
f 343/343 344/344 341/341
f 344/344 343/343 345/345
f 345/345 346/346 344/344
f 346/346 345/345 347/347
f 347/347 348/348 346/346
f 348/348 347/347 349/349
f 349/349 350/350 348/348
f 350/350 349/349 351/351
f 351/351 352/352 350/350
f 353/353 354/354 355/355
f 355/355 356/356 353/353
f 357/357 358/358 343/343
f 343/343 342/342 357/357
f 354/354 359/359 360/360
f 360/360 355/355 354/354
f 342/342 361/361 362/362
f 362/362 357/357 342/342
f 358/358 363/363 345/345
f 345/345 343/343 358/358
f 356/356 364/364 365/365
f 365/365 353/353 356/356
f 363/363 366/366 347/347
f 347/347 345/345 363/363
f 364/364 367/367 368/368
f 368/368 365/365 364/364
f 366/366 369/369 349/349
f 349/349 347/347 366/366
f 367/367 370/370 371/371
f 371/371 368/368 367/367
f 369/369 372/372 351/351
f 351/351 349/349 369/369
f 370/370 373/373 374/374
f 374/374 371/371 370/370
f 340/340 339/339 375/375
f 375/375 376/376 340/340
f 377/377 378/378 352/352
f 352/352 351/351 377/377
f 374/374 373/373 379/379
f 379/379 380/380 374/374
f 351/351 372/372 381/381
f 381/381 377/377 351/351
f 382/382 383/383 384/384
f 384/384 385/385 382/382
f 386/386 382/382 385/385
f 385/385 387/387 386/386
f 388/388 383/383 382/382
f 382/382 389/389 388/388
f 390/390 391/391 392/392
f 392/392 393/393 390/390
f 394/394 395/395 391/391
f 391/391 390/390 394/394
f 396/396 397/397 390/390
f 390/390 393/393 396/396
f 398/398 399/399 400/400
f 400/400 401/401 398/398
f 398/398 401/401 402/402
f 402/402 403/403 398/398
f 403/403 402/402 404/404
f 404/404 405/405 403/403
f 406/406 407/407 408/408
f 408/408 409/409 406/406
f 410/410 411/411 412/412
f 412/412 413/413 410/410
f 414/414 411/411 410/410
f 410/410 415/415 414/414
f 416/416 417/417 418/418
f 418/418 419/419 416/416
f 420/420 421/421 416/416
f 416/416 419/419 420/420
f 422/422 423/423 424/424
f 424/424 425/425 422/422
f 426/426 427/427 428/428
f 428/428 429/429 426/426
f 430/430 431/431 432/432
f 432/432 433/433 430/430
f 434/434 435/435 436/436
f 436/436 437/437 434/434
f 438/438 439/439 434/434
f 434/434 437/437 438/438
f 440/440 441/441 442/442
f 442/442 443/443 440/440
f 444/444 440/440 445/445
f 445/445 446/446 444/444
f 446/446 441/441 440/440
f 440/440 444/444 446/446
f 447/447 448/448 430/430
f 430/430 433/433 447/447
f 426/426 449/449 450/450
f 450/450 427/427 426/426
f 451/451 452/452 413/413
f 453/453 454/454 455/455
f 456/456 457/457 458/458
f 458/458 459/459 456/456
f 460/460 461/461 462/462
f 462/462 463/463 460/460
f 464/464 465/465 466/466
f 466/466 467/467 464/464
f 467/467 466/466 468/468
f 468/468 469/469 467/467
f 464/464 463/463 462/462
f 462/462 465/465 464/464
f 470/470 471/471 472/472
f 472/472 473/473 470/470
f 474/474 475/475 476/476
f 476/476 477/477 474/474
f 478/478 479/479 475/475
f 475/475 474/474 478/478
f 480/480 481/481 482/482
f 482/482 483/483 480/480
f 484/484 485/485 481/481
f 481/481 480/480 484/484
f 482/482 479/479 478/478
f 478/478 483/483 482/482
f 486/486 487/487 488/488
f 488/488 489/489 486/486
f 490/490 491/491 492/492
f 492/492 493/493 490/490
f 494/494 495/495 496/496
f 496/496 497/497 494/494
f 498/498 486/486 489/489
f 489/489 499/499 498/498
f 500/500 501/501 502/502
f 502/502 503/503 500/500
f 504/504 498/498 499/499
f 499/499 505/505 504/504
f 506/506 500/500 503/503
f 503/503 507/507 506/506
f 508/508 494/494 497/497
f 497/497 509/509 508/508
f 510/510 511/511 460/460
f 460/460 463/463 510/510
f 512/512 506/506 507/507
f 507/507 513/513 512/512
f 514/514 515/515 464/464
f 464/464 467/467 514/514
f 516/516 517/517 518/518
f 518/518 519/519 516/516
f 520/520 514/514 467/467
f 467/467 469/469 520/520
f 521/521 516/516 519/519
f 519/519 522/522 521/521
f 523/523 524/524 525/525
f 525/525 526/526 523/523
f 515/515 510/510 463/463
f 463/463 464/464 515/515
f 517/517 512/512 513/513
f 513/513 518/518 517/517
f 527/527 528/528 529/529
f 529/529 530/530 527/527
f 528/528 531/531 532/532
f 532/532 529/529 528/528
f 533/533 527/527 530/530
f 530/530 534/534 533/533
f 535/535 536/536 537/537
f 537/537 538/538 535/535
f 538/538 539/539 540/540
f 540/540 541/541 538/538
f 542/542 543/543 544/544
f 544/544 545/545 542/542
f 546/546 547/547 539/539
f 539/539 537/537 546/546
f 547/547 548/548 540/540
f 540/540 539/539 547/547
f 549/549 550/550 551/551
f 551/551 552/552 549/549
f 536/536 553/553 554/554
f 554/554 555/555 536/536
f 550/550 556/556 557/557
f 557/557 551/551 550/550
f 556/556 554/554 553/553
f 553/553 557/557 556/556
f 552/552 558/558 559/559
f 559/559 549/549 552/552
f 558/558 560/560 561/561
f 561/561 559/559 558/558
f 555/555 546/546 537/537
f 537/537 536/536 555/555
f 560/560 544/544 543/543
f 543/543 561/561 560/560
f 548/548 542/542 545/545
f 545/545 540/540 548/548
f 562/562 563/563 564/564
f 564/564 565/565 562/562
f 566/566 567/567 568/568
f 568/568 569/569 566/566
f 570/570 571/571 572/572
f 572/572 573/573 570/570
f 287/287 290/290 574/574
f 574/574 575/575 287/287
f 576/576 577/577 575/575
f 575/575 574/574 576/576
f 578/578 579/579 295/295
f 295/295 294/294 578/578
f 580/580 581/581 299/299
f 299/299 298/298 580/580
f 579/579 582/582 583/583
f 583/583 584/584 579/579
f 582/582 579/579 578/578
f 578/578 585/585 582/582
f 584/584 583/583 306/306
f 306/306 305/305 584/584
f 307/307 310/310 586/586
f 586/586 587/587 307/307
f 588/588 589/589 590/590
f 590/590 591/591 588/588
f 591/591 590/590 316/316
f 316/316 315/315 591/591
f 592/592 593/593 594/594
f 594/594 595/595 592/592
f 596/596 597/597 598/598
f 598/598 599/599 596/596
f 600/600 601/601 598/598
f 598/598 597/597 600/600
f 595/595 594/594 596/596
f 596/596 599/599 595/595
f 602/602 603/603 601/601
f 601/601 600/600 602/602
f 603/603 602/602 593/593
f 593/593 592/592 603/603
f 604/604 605/605 606/606
f 606/606 607/607 604/604
f 608/608 604/604 607/607
f 607/607 609/609 608/608
f 610/610 608/608 609/609
f 609/609 611/611 610/610
f 612/612 610/610 611/611
f 611/611 613/613 612/612
f 614/614 612/612 613/613
f 613/613 615/615 614/614
f 616/616 617/617 618/618
f 618/618 619/619 616/616
f 617/617 620/620 621/621
f 621/621 618/618 617/617
f 620/620 622/622 623/623
f 623/623 621/621 620/620
f 622/622 624/624 625/625
f 625/625 623/623 622/622
f 624/624 626/626 627/627
f 627/627 625/625 624/624
f 628/628 629/629 630/630
f 630/630 631/631 628/628
f 632/632 619/619 618/618
f 618/618 633/633 632/632
f 631/631 630/630 634/634
f 634/634 635/635 631/631
f 619/619 632/632 636/636
f 636/636 637/637 619/619
f 633/633 618/618 621/621
f 621/621 638/638 633/633
f 629/629 628/628 639/639
f 639/639 640/640 629/629
f 638/638 621/621 623/623
f 623/623 641/641 638/638
f 640/640 639/639 642/642
f 642/642 643/643 640/640
f 641/641 623/623 625/625
f 625/625 644/644 641/641
f 643/643 642/642 645/645
f 645/645 646/646 643/643
f 644/644 625/625 627/627
f 627/627 647/647 644/644
f 646/646 645/645 648/648
f 648/648 649/649 646/646
f 615/615 376/376 375/375
f 375/375 614/614 615/615
f 377/377 627/627 626/626
f 626/626 378/378 377/377
f 648/648 380/380 379/379
f 379/379 649/649 648/648
f 627/627 377/377 381/381
f 381/381 647/647 627/627
f 650/650 651/651 652/652
f 652/652 653/653 650/650
f 654/654 655/655 651/651
f 651/651 650/650 654/654
f 656/656 657/657 650/650
f 650/650 653/653 656/656
f 658/658 659/659 660/660
f 660/660 661/661 658/658
f 662/662 658/658 661/661
f 661/661 663/663 662/662
f 664/664 659/659 658/658
f 658/658 665/665 664/664
f 666/666 667/667 668/668
f 668/668 669/669 666/666
f 666/666 670/670 671/671
f 671/671 667/667 666/666
f 670/670 672/672 673/673
f 673/673 671/671 670/670
f 674/674 675/675 676/676
f 676/676 677/677 674/674
f 678/678 679/679 680/680
f 680/680 681/681 678/678
f 682/682 683/683 678/678
f 678/678 681/681 682/682
f 684/684 685/685 686/686
f 686/686 687/687 684/684
f 688/688 685/685 684/684
f 684/684 689/689 688/688
f 690/690 691/691 692/692
f 692/692 693/693 690/690
f 694/694 695/695 696/696
f 696/696 697/697 694/694
f 698/698 699/699 700/700
f 700/700 701/701 698/698
f 702/702 703/703 704/704
f 704/704 705/705 702/702
f 706/706 703/703 702/702
f 702/702 707/707 706/706
f 708/708 709/709 710/710
f 710/710 711/711 708/708
f 712/712 713/713 714/714
f 714/714 708/708 712/712
f 713/713 712/712 708/708
f 708/708 711/711 713/713
f 715/715 699/699 698/698
f 698/698 716/716 715/715
f 694/694 697/697 717/717
f 717/717 718/718 694/694
f 719/719 679/679 720/720
f 721/721 722/722 723/723
f 724/724 410/410 413/413
f 725/725 435/435 434/434
f 726/726 172/172 727/727
f 728/728 727/727 172/172
f 176/176 170/170 173/173
f 729/729 169/169 726/726
f 183/183 188/188 184/184
f 730/730 183/183 186/186
f 731/731 185/185 184/184
f 221/221 732/732 222/222
f 171/171 170/170 176/176
f 189/189 188/188 183/183
f 733/733 734/734 247/247
f 735/735 245/245 244/244
f 734/734 244/244 242/242
f 736/736 735/735 244/244
f 247/247 734/734 242/242
f 241/241 247/247 242/242
f 246/246 737/737 247/247
f 737/737 733/733 247/247
f 734/734 736/736 244/244
f 738/738 257/257 256/256
f 249/249 739/739 252/252
f 248/248 263/263 272/272
f 251/251 264/264 263/263
f 268/268 269/269 264/264
f 739/739 738/738 252/252
f 739/739 272/272 274/274
f 739/739 274/274 738/738
f 739/739 249/249 248/248
f 739/739 248/248 272/272
f 254/254 250/250 249/249
f 738/738 274/274 257/257
f 253/253 252/252 256/256
f 252/252 738/738 256/256
f 251/251 263/263 248/248
f 251/251 268/268 264/264
f 275/275 278/278 740/740
f 275/275 740/740 741/741
f 282/282 742/742 279/279
f 743/743 742/742 282/282
f 744/744 745/745 746/746
f 747/747 285/285 284/284
f 288/288 287/287 748/748
f 749/749 288/288 748/748
f 288/288 750/750 292/292
f 750/750 751/751 292/292
f 287/287 752/752 753/753
f 287/287 753/753 748/748
f 292/292 751/751 291/291
f 754/754 755/755 756/756
f 757/757 756/756 755/755
f 754/754 756/756 758/758
f 749/749 750/750 288/288
f 759/759 301/301 296/296
f 759/759 296/296 295/295
f 301/301 759/759 305/305
f 297/297 760/760 298/298
f 761/761 298/298 760/760
f 762/762 763/763 764/764
f 765/765 766/766 767/767
f 767/767 766/766 768/768
f 769/769 770/770 771/771
f 772/772 770/770 769/769
f 322/322 318/318 773/773
f 774/774 319/319 321/321
f 321/321 324/324 774/774
f 319/319 775/775 320/320
f 325/325 775/775 324/324
f 774/774 775/775 319/319
f 324/324 775/775 774/774
f 773/773 323/323 322/322
f 317/317 776/776 318/318
f 318/318 776/776 773/773
f 323/323 773/773 776/776
f 326/326 323/323 776/776
f 775/775 325/325 327/327
f 775/775 327/327 320/320
f 328/328 326/326 776/776
f 328/328 776/776 317/317
f 332/332 331/331 777/777
f 361/361 342/342 341/341
f 726/726 169/169 172/172
f 386/386 778/778 382/382
f 779/779 383/383 388/388
f 779/779 384/384 383/383
f 780/780 781/781 386/386
f 386/386 781/781 782/782
f 386/386 783/783 778/778
f 386/386 782/782 783/783
f 387/387 780/780 386/386
f 389/389 382/382 778/778
f 394/394 390/390 784/784
f 785/785 396/396 393/393
f 785/785 393/393 392/392
f 786/786 394/394 787/787
f 394/394 788/788 787/787
f 394/394 784/784 789/789
f 394/394 789/789 788/788
f 395/395 394/394 786/786
f 784/784 390/390 397/397
f 405/405 404/404 790/790
f 791/791 792/792 400/400
f 399/399 791/791 400/400
f 791/791 793/793 792/792
f 763/763 794/794 764/764
f 221/221 795/795 732/732
f 796/796 797/797 798/798
f 799/799 800/800 798/798
f 797/797 799/799 798/798
f 801/801 796/796 798/798
f 802/802 801/801 798/798
f 409/409 408/408 803/803
f 409/409 803/803 804/804
f 406/406 804/804 805/805
f 805/805 804/804 806/806
f 409/409 804/804 406/406
f 807/807 455/455 808/808
f 807/807 808/808 809/809
f 807/807 453/453 455/455
f 419/419 418/418 810/810
f 419/419 810/810 420/420
f 421/421 420/420 811/811
f 812/812 422/422 425/425
f 813/813 411/411 414/414
f 412/412 411/411 813/813
f 814/814 452/452 815/815
f 815/815 807/807 809/809
f 410/410 724/724 816/816
f 415/415 410/410 816/816
f 815/815 453/453 807/807
f 816/816 452/452 814/814
f 817/817 426/426 429/429
f 431/431 818/818 432/432
f 431/431 819/819 818/818
f 430/430 448/448 819/819
f 448/448 820/820 819/819
f 431/431 430/430 819/819
f 821/821 822/822 823/823
f 821/821 824/824 822/822
f 821/821 823/823 825/825
f 441/441 826/826 442/442
f 441/441 446/446 826/826
f 445/445 827/827 446/446
f 820/820 448/448 447/447
f 828/828 438/438 437/437
f 828/828 437/437 436/436
f 825/825 725/725 821/821
f 829/829 830/830 725/725
f 830/830 824/824 821/821
f 831/831 725/725 434/434
f 831/831 434/434 439/439
f 830/830 821/821 725/725
f 831/831 829/829 725/725
f 817/817 449/449 426/426
f 825/825 435/435 725/725
f 413/413 452/452 724/724
f 724/724 452/452 816/816
f 815/815 452/452 453/453
f 453/453 452/452 451/451
f 832/832 679/679 678/678
f 833/833 702/702 705/705
f 834/834 835/835 457/457
f 836/836 457/457 835/835
f 461/461 460/460 459/459
f 837/837 834/834 456/456
f 470/470 473/473 477/477
f 838/838 471/471 470/470
f 839/839 473/473 472/472
f 508/508 509/509 840/840
f 458/458 461/461 459/459
f 476/476 470/470 477/477
f 733/733 534/534 734/734
f 735/735 532/532 531/531
f 734/734 529/529 532/532
f 736/736 532/532 735/735
f 534/534 529/529 734/734
f 530/530 529/529 534/534
f 533/533 534/534 737/737
f 737/737 534/534 733/733
f 734/734 532/532 736/736
f 841/841 545/545 544/544
f 538/538 541/541 842/842
f 535/535 558/558 552/552
f 536/536 552/552 551/551
f 553/553 551/551 557/557
f 842/842 541/541 841/841
f 842/842 560/560 558/558
f 842/842 841/841 560/560
f 842/842 535/535 538/538
f 842/842 558/558 535/535
f 539/539 538/538 537/537
f 841/841 544/544 560/560
f 540/540 545/545 541/541
f 541/541 545/545 841/841
f 536/536 535/535 552/552
f 536/536 551/551 553/553
f 562/562 843/843 563/563
f 562/562 844/844 843/843
f 567/567 566/566 845/845
f 846/846 567/567 845/845
f 847/847 848/848 849/849
f 850/850 573/573 572/572
f 575/575 851/851 287/287
f 852/852 851/851 575/575
f 575/575 577/577 853/853
f 853/853 577/577 854/854
f 287/287 855/855 752/752
f 287/287 851/851 855/855
f 577/577 576/576 854/854
f 856/856 857/857 858/858
f 859/859 858/858 857/857
f 856/856 860/860 857/857
f 852/852 575/575 853/853
f 759/759 579/579 584/584
f 759/759 295/295 579/579
f 584/584 305/305 759/759
f 580/580 298/298 861/861
f 761/761 861/861 298/298
f 862/862 863/863 763/763
f 864/864 865/865 766/766
f 865/865 768/768 766/766
f 866/866 867/867 770/770
f 772/772 866/866 770/770
f 599/599 868/868 595/595
f 869/869 596/596 594/594
f 596/596 869/869 597/597
f 594/594 593/593 870/870
f 600/600 597/597 870/870
f 869/869 594/594 870/870
f 597/597 869/869 870/870
f 868/868 599/599 598/598
f 592/592 595/595 871/871
f 595/595 868/868 871/871
f 598/598 871/871 868/868
f 601/601 871/871 598/598
f 870/870 602/602 600/600
f 870/870 593/593 602/602
f 603/603 871/871 601/601
f 603/603 592/592 871/871
f 605/605 872/872 606/606
f 637/637 616/616 619/619
f 834/834 457/457 456/456
f 654/654 650/650 873/873
f 874/874 656/656 653/653
f 874/874 653/653 652/652
f 875/875 654/654 876/876
f 654/654 877/877 876/876
f 654/654 873/873 878/878
f 654/654 878/878 877/877
f 655/655 654/654 875/875
f 657/657 873/873 650/650
f 662/662 879/879 658/658
f 880/880 659/659 664/664
f 880/880 660/660 659/659
f 881/881 882/882 662/662
f 662/662 882/882 883/883
f 662/662 884/884 879/879
f 662/662 883/883 884/884
f 663/663 881/881 662/662
f 879/879 665/665 658/658
f 672/672 885/885 673/673
f 886/886 668/668 887/887
f 669/669 668/668 886/886
f 886/886 887/887 888/888
f 763/763 863/863 794/794
f 508/508 840/840 889/889
f 890/890 798/798 891/891
f 892/892 798/798 800/800
f 891/891 798/798 892/892
f 893/893 798/798 890/890
f 802/802 798/798 893/893
f 675/675 894/894 676/676
f 675/675 895/895 894/894
f 674/674 896/896 895/895
f 896/896 897/897 895/895
f 675/675 674/674 895/895
f 898/898 899/899 722/722
f 898/898 900/900 899/899
f 898/898 722/722 721/721
f 685/685 901/901 686/686
f 685/685 688/688 901/901
f 689/689 902/902 688/688
f 903/903 691/691 690/690
f 904/904 682/682 681/681
f 680/680 904/904 681/681
f 905/905 906/906 720/720
f 906/906 900/900 898/898
f 678/678 907/907 832/832
f 683/683 907/907 678/678
f 906/906 898/898 721/721
f 907/907 905/905 720/720
f 908/908 695/695 694/694
f 701/701 700/700 909/909
f 701/701 909/909 910/910
f 698/698 910/910 716/716
f 716/716 910/910 911/911
f 701/701 910/910 698/698
f 912/912 913/913 914/914
f 912/912 914/914 915/915
f 912/912 916/916 913/913
f 711/711 710/710 917/917
f 711/711 917/917 713/713
f 714/714 713/713 918/918
f 911/911 715/715 716/716
f 919/919 703/703 706/706
f 919/919 704/704 703/703
f 916/916 912/912 833/833
f 920/920 833/833 921/921
f 921/921 912/912 915/915
f 922/922 702/702 833/833
f 922/922 707/707 702/702
f 921/921 833/833 912/912
f 922/922 833/833 920/920
f 908/908 694/694 718/718
f 916/916 833/833 705/705
f 679/679 832/832 720/720
f 832/832 907/907 720/720
f 906/906 721/721 720/720
f 721/721 719/719 720/720

g yglow1
v 12.333670 -4.317466 14.264580
v 5.664933 -2.372012 8.080448
v -5.487842 5.496554 13.132760
v 2.637718 3.126122 20.667880
v -1.003799 -0.426570 1.896293
v -13.613420 7.867006 5.597648
v -7.672530 1.518873 -4.287857
v -21.739000 10.237450 -1.937463
v -14.341260 3.464309 -10.472000
v -29.864560 12.607880 -9.472589
v -16.787940 13.755630 20.045390
v -7.800588 11.133780 28.379670
v -25.775310 16.377480 11.711110
v -34.762670 18.999320 3.376823
v -43.750020 21.621160 -4.957459
v -27.633920 22.585730 29.202720
v -18.407960 19.894280 37.758280
v -36.859910 25.277200 20.647160
v -46.085890 27.968650 12.091600
v -55.311870 30.660120 3.536024
v -37.424370 32.167470 40.989190
v -28.611040 29.596390 49.162090
v -46.237700 34.738550 32.816290
v -55.051040 37.309640 24.643390
v -63.864380 39.880720 16.470480
v -45.557840 42.681400 55.789210
v -37.836550 40.428900 62.949450
v -53.279150 44.933920 48.629020
v -61.000440 47.186420 41.468780
v -68.721740 49.438930 34.308570
v -51.432920 54.308110 73.987270
v -45.511160 52.580570 79.478710
v -57.354690 56.035640 68.495800
v -63.276460 57.763170 63.004340
v -69.198230 59.490710 57.512880
v -54.448170 67.228130 95.967670
v -51.061550 66.240160 99.108220
v -57.834790 68.216100 92.827150
v -61.221440 69.204070 89.686630
v -64.608060 70.192040 86.546090
v -54.002170 81.622080 122.115000
v -53.914420 81.596470 122.196300
v -54.089940 81.647690 122.033600
v -54.177700 81.673290 121.952200
v -54.265440 81.698860 121.870800
vt 0.100000 0.100000 0.000000
vt 0.300000 0.100000 0.000000
vt 0.300000 0.200000 0.000000
vt 0.100000 0.200000 0.000000
vt 0.500000 0.100000 0.000000
vt 0.500000 0.200000 0.000000
vt 0.700000 0.100000 0.000000
vt 0.700000 0.200000 0.000000
vt 0.900000 0.100000 0.000000
vt 0.900000 0.200000 0.000000
vt 0.300000 0.300000 0.000000
vt 0.100000 0.300000 0.000000
vt 0.500000 0.300000 0.000000
vt 0.700000 0.300000 0.000000
vt 0.900000 0.300000 0.000000
vt 0.300000 0.400000 0.000000
vt 0.100000 0.400000 0.000000
vt 0.500000 0.400000 0.000000
vt 0.700000 0.400000 0.000000
vt 0.900000 0.400000 0.000000
vt 0.300000 0.500000 0.000000
vt 0.100000 0.500000 0.000000
vt 0.500000 0.500000 0.000000
vt 0.700000 0.500000 0.000000
vt 0.900000 0.500000 0.000000
vt 0.300000 0.600000 0.000000
vt 0.100000 0.600000 0.000000
vt 0.500000 0.600000 0.000000
vt 0.700000 0.600000 0.000000
vt 0.900000 0.600000 0.000000
vt 0.300000 0.700000 0.000000
vt 0.100000 0.700000 0.000000
vt 0.500000 0.700000 0.000000
vt 0.700000 0.700000 0.000000
vt 0.900000 0.700000 0.000000
vt 0.300000 0.800000 0.000000
vt 0.100000 0.800000 0.000000
vt 0.500000 0.800000 0.000000
vt 0.700000 0.800000 0.000000
vt 0.900000 0.800000 0.000000
vt 0.300000 0.900000 0.000000
vt 0.100000 0.900000 0.000000
vt 0.500000 0.900000 0.000000
vt 0.700000 0.900000 0.000000
vt 0.900000 0.900000 0.000000
usemtl Material_3
f 924/924 923/923 925/925
f 926/926 925/925 923/923
f 927/927 924/924 928/928
f 925/925 928/928 924/924
f 929/929 927/927 930/930
f 928/928 930/930 927/927
f 931/931 929/929 932/932
f 930/930 932/932 929/929
f 925/925 926/926 933/933
f 934/934 933/933 926/926
f 928/928 925/925 935/935
f 933/933 935/935 925/925
f 930/930 928/928 936/936
f 935/935 936/936 928/928
f 932/932 930/930 937/937
f 936/936 937/937 930/930
f 933/933 934/934 938/938
f 939/939 938/938 934/934
f 935/935 933/933 940/940
f 938/938 940/940 933/933
f 936/936 935/935 941/941
f 940/940 941/941 935/935
f 937/937 936/936 942/942
f 941/941 942/942 936/936
f 938/938 939/939 943/943
f 944/944 943/943 939/939
f 940/940 938/938 945/945
f 943/943 945/945 938/938
f 941/941 940/940 946/946
f 945/945 946/946 940/940
f 942/942 941/941 947/947
f 946/946 947/947 941/941
f 943/943 944/944 948/948
f 949/949 948/948 944/944
f 945/945 943/943 950/950
f 948/948 950/950 943/943
f 946/946 945/945 951/951
f 950/950 951/951 945/945
f 947/947 946/946 952/952
f 951/951 952/952 946/946
f 948/948 949/949 953/953
f 954/954 953/953 949/949
f 950/950 948/948 955/955
f 953/953 955/955 948/948
f 951/951 950/950 956/956
f 955/955 956/956 950/950
f 952/952 951/951 957/957
f 956/956 957/957 951/951
f 953/953 954/954 958/958
f 959/959 958/958 954/954
f 955/955 953/953 960/960
f 958/958 960/960 953/953
f 956/956 955/955 961/961
f 960/960 961/961 955/955
f 957/957 956/956 962/962
f 961/961 962/962 956/956
f 958/958 959/959 963/963
f 964/964 963/963 959/959
f 960/960 958/958 965/965
f 963/963 965/965 958/958
f 961/961 960/960 966/966
f 965/965 966/966 960/960
f 962/962 961/961 967/967
f 966/966 967/967 961/961

g zglow1
v -12.369410 -3.298234 16.962540
v -6.002142 -1.400563 10.785100
v 4.985126 6.274776 15.466750
v -2.773111 3.962554 22.993710
v 0.365119 0.497094 4.607646
v 12.743370 8.586996 7.939794
v 6.732379 2.394752 -1.569793
v 20.501620 10.899220 0.412852
v 13.099650 4.292421 -7.747239
v 28.259850 13.211440 -7.114099
v 16.156980 14.331010 21.959320
v 7.575910 11.773560 30.284570
v 24.738060 16.888470 13.634070
v 33.319130 19.445920 5.308812
v 41.900180 22.003370 -3.016434
v 26.935370 22.944290 30.650900
v 18.126470 20.318930 39.197190
v 35.744280 25.569640 22.104600
v 44.553180 28.194990 13.558310
v 53.362090 30.820350 5.012006
v 36.742240 32.290720 41.929610
v 28.327330 29.782790 50.093650
v 45.157150 34.798650 33.765560
v 53.572070 37.306590 25.601520
v 61.986970 39.814510 17.437470
v 44.999530 42.546450 56.183580
v 37.627300 40.349280 63.336060
v 52.371790 44.743650 49.031140
v 59.744030 46.940830 41.878670
v 67.116280 49.138000 34.726200
v 51.129210 53.887640 73.800960
v 45.475150 52.202540 79.286460
v 56.783280 55.572740 68.315440
v 62.437340 57.257840 62.829940
v 68.091400 58.942960 57.344440
v 54.553210 66.490390 95.169800
v 51.319680 65.526690 98.306930
v 57.786750 67.454100 92.032680
v 61.020270 68.417800 88.895550
v 64.253800 69.381500 85.758420
v 54.693500 80.530880 120.678300
v 54.609700 80.505900 120.759600
v 54.777300 80.555870 120.597000
v 54.861080 80.580830 120.515700
v 54.944870 80.605800 120.434400
vt 0.100000 0.100000 0.000000
vt 0.300000 0.100000 0.000000
vt 0.300000 0.200000 0.000000
vt 0.100000 0.200000 0.000000
vt 0.500000 0.100000 0.000000
vt 0.500000 0.200000 0.000000
vt 0.700000 0.100000 0.000000
vt 0.700000 0.200000 0.000000
vt 0.900000 0.100000 0.000000
vt 0.900000 0.200000 0.000000
vt 0.300000 0.300000 0.000000
vt 0.100000 0.300000 0.000000
vt 0.500000 0.300000 0.000000
vt 0.700000 0.300000 0.000000
vt 0.900000 0.300000 0.000000
vt 0.300000 0.400000 0.000000
vt 0.100000 0.400000 0.000000
vt 0.500000 0.400000 0.000000
vt 0.700000 0.400000 0.000000
vt 0.900000 0.400000 0.000000
vt 0.300000 0.500000 0.000000
vt 0.100000 0.500000 0.000000
vt 0.500000 0.500000 0.000000
vt 0.700000 0.500000 0.000000
vt 0.900000 0.500000 0.000000
vt 0.300000 0.600000 0.000000
vt 0.100000 0.600000 0.000000
vt 0.500000 0.600000 0.000000
vt 0.700000 0.600000 0.000000
vt 0.900000 0.600000 0.000000
vt 0.300000 0.700000 0.000000
vt 0.100000 0.700000 0.000000
vt 0.500000 0.700000 0.000000
vt 0.700000 0.700000 0.000000
vt 0.900000 0.700000 0.000000
vt 0.300000 0.800000 0.000000
vt 0.100000 0.800000 0.000000
vt 0.500000 0.800000 0.000000
vt 0.700000 0.800000 0.000000
vt 0.900000 0.800000 0.000000
vt 0.300000 0.900000 0.000000
vt 0.100000 0.900000 0.000000
vt 0.500000 0.900000 0.000000
vt 0.700000 0.900000 0.000000
vt 0.900000 0.900000 0.000000
usemtl Material_3
f 968/968 969/969 970/970
f 970/970 971/971 968/968
f 969/969 972/972 973/973
f 973/973 970/970 969/969
f 972/972 974/974 975/975
f 975/975 973/973 972/972
f 974/974 976/976 977/977
f 977/977 975/975 974/974
f 971/971 970/970 978/978
f 978/978 979/979 971/971
f 970/970 973/973 980/980
f 980/980 978/978 970/970
f 973/973 975/975 981/981
f 981/981 980/980 973/973
f 975/975 977/977 982/982
f 982/982 981/981 975/975
f 979/979 978/978 983/983
f 983/983 984/984 979/979
f 978/978 980/980 985/985
f 985/985 983/983 978/978
f 980/980 981/981 986/986
f 986/986 985/985 980/980
f 981/981 982/982 987/987
f 987/987 986/986 981/981
f 984/984 983/983 988/988
f 988/988 989/989 984/984
f 983/983 985/985 990/990
f 990/990 988/988 983/983
f 985/985 986/986 991/991
f 991/991 990/990 985/985
f 986/986 987/987 992/992
f 992/992 991/991 986/986
f 989/989 988/988 993/993
f 993/993 994/994 989/989
f 988/988 990/990 995/995
f 995/995 993/993 988/988
f 990/990 991/991 996/996
f 996/996 995/995 990/990
f 991/991 992/992 997/997
f 997/997 996/996 991/991
f 994/994 993/993 998/998
f 998/998 999/999 994/994
f 993/993 995/995 1000/1000
f 1000/1000 998/998 993/993
f 995/995 996/996 1001/1001
f 1001/1001 1000/1000 995/995
f 996/996 997/997 1002/1002
f 1002/1002 1001/1001 996/996
f 999/999 998/998 1003/1003
f 1003/1003 1004/1004 999/999
f 998/998 1000/1000 1005/1005
f 1005/1005 1003/1003 998/998
f 1000/1000 1001/1001 1006/1006
f 1006/1006 1005/1005 1000/1000
f 1001/1001 1002/1002 1007/1007
f 1007/1007 1006/1006 1001/1001
f 1004/1004 1003/1003 1008/1008
f 1008/1008 1009/1009 1004/1004
f 1003/1003 1005/1005 1010/1010
f 1010/1010 1008/1008 1003/1003
f 1005/1005 1006/1006 1011/1011
f 1011/1011 1010/1010 1005/1005
f 1006/1006 1007/1007 1012/1012
f 1012/1012 1011/1011 1006/1006

g zglow2
v 2.807111 13.185040 35.366590
v 2.882966 12.412040 26.795950
v 11.384320 16.172360 20.636330
v 11.281250 17.133470 31.077440
v 2.958821 11.639040 18.225330
v 11.480290 15.224080 10.193990
v 3.034665 10.866030 9.654709
v 11.569160 14.288620 -0.249556
v 3.110517 10.093030 1.084085
v 11.650930 13.366000 -10.694330
v 21.120040 20.185520 15.098180
v 20.981330 21.293260 26.642400
v 21.234430 19.121770 3.549767
v 21.324480 18.102000 -8.002831
v 21.390210 17.126200 -19.559610
v 32.025270 24.774750 10.413060
v 31.851910 25.967870 22.258470
v 32.153020 23.664100 -1.440196
v 32.235130 22.635910 -13.301300
v 32.271640 21.690170 -25.170270
v 44.035140 30.263250 6.812513
v 43.837590 31.460770 18.122620
v 44.167830 29.183020 -4.508762
v 44.235630 28.220080 -15.841190
v 44.238550 27.374400 -27.184780
v 57.084840 36.974260 4.528076
v 56.882970 38.075430 14.431820
v 57.210670 36.010540 -5.388736
v 57.260480 35.184250 -15.318670
v 57.234250 34.495400 -25.261670
v 71.109470 45.230990 3.791292
v 70.932650 46.115320 11.383070
v 71.213330 44.478600 -3.813049
v 71.244190 43.858150 -11.429950
v 71.202050 43.369650 -19.059410
v 86.044210 55.356660 4.833708
v 85.931190 55.883910 9.173359
v 86.107570 54.919200 0.485508
v 86.121250 54.571550 -3.871231
v 86.085270 54.313680 -8.236528
v 101.824200 67.674490 7.886862
v 101.823200 67.684660 7.999648
v 101.825200 67.664320 7.774071
v 101.826200 67.654140 7.661285
v 101.827200 67.643970 7.548497
vt 0.100000 0.100000 0.000000
vt 0.300000 0.100000 0.000000
vt 0.300000 0.200000 0.000000
vt 0.100000 0.200000 0.000000
vt 0.500000 0.100000 0.000000
vt 0.500000 0.200000 0.000000
vt 0.700000 0.100000 0.000000
vt 0.700000 0.200000 0.000000
vt 0.900000 0.100000 0.000000
vt 0.900000 0.200000 0.000000
vt 0.300000 0.300000 0.000000
vt 0.100000 0.300000 0.000000
vt 0.500000 0.300000 0.000000
vt 0.700000 0.300000 0.000000
vt 0.900000 0.300000 0.000000
vt 0.300000 0.400000 0.000000
vt 0.100000 0.400000 0.000000
vt 0.500000 0.400000 0.000000
vt 0.700000 0.400000 0.000000
vt 0.900000 0.400000 0.000000
vt 0.300000 0.500000 0.000000
vt 0.100000 0.500000 0.000000
vt 0.500000 0.500000 0.000000
vt 0.700000 0.500000 0.000000
vt 0.900000 0.500000 0.000000
vt 0.300000 0.600000 0.000000
vt 0.100000 0.600000 0.000000
vt 0.500000 0.600000 0.000000
vt 0.700000 0.600000 0.000000
vt 0.900000 0.600000 0.000000
vt 0.300000 0.700000 0.000000
vt 0.100000 0.700000 0.000000
vt 0.500000 0.700000 0.000000
vt 0.700000 0.700000 0.000000
vt 0.900000 0.700000 0.000000
vt 0.300000 0.800000 0.000000
vt 0.100000 0.800000 0.000000
vt 0.500000 0.800000 0.000000
vt 0.700000 0.800000 0.000000
vt 0.900000 0.800000 0.000000
vt 0.300000 0.900000 0.000000
vt 0.100000 0.900000 0.000000
vt 0.500000 0.900000 0.000000
vt 0.700000 0.900000 0.000000
vt 0.900000 0.900000 0.000000
usemtl Material_3
f 1013/1013 1014/1014 1015/1015
f 1015/1015 1016/1016 1013/1013
f 1014/1014 1017/1017 1018/1018
f 1018/1018 1015/1015 1014/1014
f 1017/1017 1019/1019 1020/1020
f 1020/1020 1018/1018 1017/1017
f 1019/1019 1021/1021 1022/1022
f 1022/1022 1020/1020 1019/1019
f 1016/1016 1015/1015 1023/1023
f 1023/1023 1024/1024 1016/1016
f 1015/1015 1018/1018 1025/1025
f 1025/1025 1023/1023 1015/1015
f 1018/1018 1020/1020 1026/1026
f 1026/1026 1025/1025 1018/1018
f 1020/1020 1022/1022 1027/1027
f 1027/1027 1026/1026 1020/1020
f 1024/1024 1023/1023 1028/1028
f 1028/1028 1029/1029 1024/1024
f 1023/1023 1025/1025 1030/1030
f 1030/1030 1028/1028 1023/1023
f 1025/1025 1026/1026 1031/1031
f 1031/1031 1030/1030 1025/1025
f 1026/1026 1027/1027 1032/1032
f 1032/1032 1031/1031 1026/1026
f 1029/1029 1028/1028 1033/1033
f 1033/1033 1034/1034 1029/1029
f 1028/1028 1030/1030 1035/1035
f 1035/1035 1033/1033 1028/1028
f 1030/1030 1031/1031 1036/1036
f 1036/1036 1035/1035 1030/1030
f 1031/1031 1032/1032 1037/1037
f 1037/1037 1036/1036 1031/1031
f 1034/1034 1033/1033 1038/1038
f 1038/1038 1039/1039 1034/1034
f 1033/1033 1035/1035 1040/1040
f 1040/1040 1038/1038 1033/1033
f 1035/1035 1036/1036 1041/1041
f 1041/1041 1040/1040 1035/1035
f 1036/1036 1037/1037 1042/1042
f 1042/1042 1041/1041 1036/1036
f 1039/1039 1038/1038 1043/1043
f 1043/1043 1044/1044 1039/1039
f 1038/1038 1040/1040 1045/1045
f 1045/1045 1043/1043 1038/1038
f 1040/1040 1041/1041 1046/1046
f 1046/1046 1045/1045 1040/1040
f 1041/1041 1042/1042 1047/1047
f 1047/1047 1046/1046 1041/1041
f 1044/1044 1043/1043 1048/1048
f 1048/1048 1049/1049 1044/1044
f 1043/1043 1045/1045 1050/1050
f 1050/1050 1048/1048 1043/1043
f 1045/1045 1046/1046 1051/1051
f 1051/1051 1050/1050 1045/1045
f 1046/1046 1047/1047 1052/1052
f 1052/1052 1051/1051 1046/1046
f 1049/1049 1048/1048 1053/1053
f 1053/1053 1054/1054 1049/1049
f 1048/1048 1050/1050 1055/1055
f 1055/1055 1053/1053 1048/1048
f 1050/1050 1051/1051 1056/1056
f 1056/1056 1055/1055 1050/1050
f 1051/1051 1052/1052 1057/1057
f 1057/1057 1056/1056 1051/1051

g zglow3
v 0.853816 3.701592 27.928320
v -3.207838 1.634661 21.500150
v 3.563930 5.693404 13.407580
v 8.521295 8.198125 21.239660
v -7.269501 -0.432275 15.071990
v -1.401405 3.203890 5.577500
v -11.331160 -2.499200 8.643808
v -6.374727 0.729566 -2.250596
v -15.392810 -4.566131 2.215648
v -11.356010 -1.729555 -10.076690
v 11.391780 9.838210 4.396197
v 16.894450 12.576650 13.058080
v 5.861777 7.151886 -4.258845
v 0.304435 4.517676 -12.907040
v -5.280252 1.935572 -21.548390
v 20.457890 14.364720 -5.118534
v 26.131140 17.135870 3.772248
v 14.733400 11.691270 -13.996500
v 8.957649 9.115537 -22.861630
v 3.130653 6.637515 -31.713920
v 30.944430 19.568560 -14.721160
v 36.389180 22.174500 -6.229140
v 25.426800 17.101580 -23.194930
v 19.836270 14.773570 -31.650470
v 14.172850 12.584530 -40.087730
v 42.452600 26.793180 -23.915950
v 47.237560 29.036020 -16.497860
v 37.591740 24.715890 -31.293900
v 32.642270 22.797560 -38.647570
v 27.600890 21.041040 -46.002680
v 55.846440 35.230220 -32.378490
v 59.517490 36.915480 -26.721630
v 52.112770 33.704510 -37.967180
v 48.290290 32.325580 -43.529290
v 44.365790 31.098580 -49.122010
v 71.110150 45.412500 -39.632890
v 73.184100 46.347240 -36.455660
v 69.007990 44.582900 -42.701030
v 66.838490 43.841220 -45.747550
v 64.631850 43.233370 -48.916980
v 87.478760 58.318770 -45.530120
v 87.512230 58.332500 -45.409630
v 87.471240 58.320700 -45.677090
v 87.493730 58.339400 -45.839550
v 87.554990 58.379650 -45.957970
vt 0.100000 0.100000 0.000000
vt 0.300000 0.100000 0.000000
vt 0.300000 0.200000 0.000000
vt 0.100000 0.200000 0.000000
vt 0.500000 0.100000 0.000000
vt 0.500000 0.200000 0.000000
vt 0.700000 0.100000 0.000000
vt 0.700000 0.200000 0.000000
vt 0.900000 0.100000 0.000000
vt 0.900000 0.200000 0.000000
vt 0.300000 0.300000 0.000000
vt 0.100000 0.300000 0.000000
vt 0.500000 0.300000 0.000000
vt 0.700000 0.300000 0.000000
vt 0.900000 0.300000 0.000000
vt 0.300000 0.400000 0.000000
vt 0.100000 0.400000 0.000000
vt 0.500000 0.400000 0.000000
vt 0.700000 0.400000 0.000000
vt 0.900000 0.400000 0.000000
vt 0.300000 0.500000 0.000000
vt 0.100000 0.500000 0.000000
vt 0.500000 0.500000 0.000000
vt 0.700000 0.500000 0.000000
vt 0.900000 0.500000 0.000000
vt 0.300000 0.600000 0.000000
vt 0.100000 0.600000 0.000000
vt 0.500000 0.600000 0.000000
vt 0.700000 0.600000 0.000000
vt 0.900000 0.600000 0.000000
vt 0.300000 0.700000 0.000000
vt 0.100000 0.700000 0.000000
vt 0.500000 0.700000 0.000000
vt 0.700000 0.700000 0.000000
vt 0.900000 0.700000 0.000000
vt 0.300000 0.800000 0.000000
vt 0.100000 0.800000 0.000000
vt 0.500000 0.800000 0.000000
vt 0.700000 0.800000 0.000000
vt 0.900000 0.800000 0.000000
vt 0.300000 0.900000 0.000000
vt 0.100000 0.900000 0.000000
vt 0.500000 0.900000 0.000000
vt 0.700000 0.900000 0.000000
vt 0.900000 0.900000 0.000000
usemtl Material_3
f 1058/1058 1059/1059 1060/1060
f 1060/1060 1061/1061 1058/1058
f 1059/1059 1062/1062 1063/1063
f 1063/1063 1060/1060 1059/1059
f 1062/1062 1064/1064 1065/1065
f 1065/1065 1063/1063 1062/1062
f 1064/1064 1066/1066 1067/1067
f 1067/1067 1065/1065 1064/1064
f 1061/1061 1060/1060 1068/1068
f 1068/1068 1069/1069 1061/1061
f 1060/1060 1063/1063 1070/1070
f 1070/1070 1068/1068 1060/1060
f 1063/1063 1065/1065 1071/1071
f 1071/1071 1070/1070 1063/1063
f 1065/1065 1067/1067 1072/1072
f 1072/1072 1071/1071 1065/1065
f 1069/1069 1068/1068 1073/1073
f 1073/1073 1074/1074 1069/1069
f 1068/1068 1070/1070 1075/1075
f 1075/1075 1073/1073 1068/1068
f 1070/1070 1071/1071 1076/1076
f 1076/1076 1075/1075 1070/1070
f 1071/1071 1072/1072 1077/1077
f 1077/1077 1076/1076 1071/1071
f 1074/1074 1073/1073 1078/1078
f 1078/1078 1079/1079 1074/1074
f 1073/1073 1075/1075 1080/1080
f 1080/1080 1078/1078 1073/1073
f 1075/1075 1076/1076 1081/1081
f 1081/1081 1080/1080 1075/1075
f 1076/1076 1077/1077 1082/1082
f 1082/1082 1081/1081 1076/1076
f 1079/1079 1078/1078 1083/1083
f 1083/1083 1084/1084 1079/1079
f 1078/1078 1080/1080 1085/1085
f 1085/1085 1083/1083 1078/1078
f 1080/1080 1081/1081 1086/1086
f 1086/1086 1085/1085 1080/1080
f 1081/1081 1082/1082 1087/1087
f 1087/1087 1086/1086 1081/1081
f 1084/1084 1083/1083 1088/1088
f 1088/1088 1089/1089 1084/1084
f 1083/1083 1085/1085 1090/1090
f 1090/1090 1088/1088 1083/1083
f 1085/1085 1086/1086 1091/1091
f 1091/1091 1090/1090 1085/1085
f 1086/1086 1087/1087 1092/1092
f 1092/1092 1091/1091 1086/1086
f 1089/1089 1088/1088 1093/1093
f 1093/1093 1094/1094 1089/1089
f 1088/1088 1090/1090 1095/1095
f 1095/1095 1093/1093 1088/1088
f 1090/1090 1091/1091 1096/1096
f 1096/1096 1095/1095 1090/1090
f 1091/1091 1092/1092 1097/1097
f 1097/1097 1096/1096 1091/1091
f 1094/1094 1093/1093 1098/1098
f 1098/1098 1099/1099 1094/1094
f 1093/1093 1095/1095 1100/1100
f 1100/1100 1098/1098 1093/1093
f 1095/1095 1096/1096 1101/1101
f 1101/1101 1100/1100 1095/1095
f 1096/1096 1097/1097 1102/1102
f 1102/1102 1101/1101 1096/1096

g yglow2
v -2.716666 12.632380 35.497290
v -2.716232 11.893840 27.085000
v -10.939120 15.564310 20.957790
v -10.929280 16.482930 31.206070
v -2.715786 11.155280 18.672710
v -10.942050 14.658180 10.708340
v -2.715363 10.416740 10.260420
v -10.938050 13.764540 0.457750
v -2.714916 9.678187 1.848125
v -10.927140 12.883370 -9.794007
v -20.369060 19.479900 15.429360
v -20.334070 20.539470 26.760530
v -20.380340 18.463170 4.094218
v -20.367890 17.489250 -7.244885
v -20.331720 16.558150 -18.587960
v -30.944960 23.954890 10.727020
v -30.878850 25.097080 22.354000
v -30.966590 22.892990 -0.907390
v -30.943750 21.911380 -12.549240
v -30.876430 21.010050 -24.198540
v -42.605650 29.303500 7.078107
v -42.511340 30.450840 18.179830
v -42.636710 28.270360 -4.034205
v -42.604510 27.351390 -15.157090
v -42.509030 26.546610 -26.290560
v -55.290040 35.840010 4.709925
v -55.179350 36.895840 14.431370
v -55.326600 34.917980 -5.023895
v -55.289020 34.129770 -14.770170
v -55.177330 33.475370 -24.528820
v -68.936970 43.878640 3.849796
v -68.830620 44.727150 11.301960
v -68.972150 43.158590 -3.614276
v -68.936180 42.566990 -11.090250
v -68.829050 42.103860 -18.578140
v -83.485310 53.733670 4.725039
v -83.412880 54.239850 8.984951
v -83.509300 53.314900 0.457022
v -83.484860 52.983550 -3.819089
v -83.411990 52.739620 -8.103307
v -98.873920 65.719320 7.562967
v -98.873950 65.729060 7.673672
v -98.873950 65.709620 7.452259
v -98.873920 65.699890 7.341559
v -98.873920 65.690170 7.230855
vt 0.096774 0.096774 0.000000
vt 0.298387 0.096774 0.000000
vt 0.298387 0.197581 0.000000
vt 0.096774 0.197581 0.000000
vt 0.500000 0.096774 0.000000
vt 0.500000 0.197581 0.000000
vt 0.701613 0.096774 0.000000
vt 0.701613 0.197581 0.000000
vt 0.903226 0.096774 0.000000
vt 0.903226 0.197581 0.000000
vt 0.298387 0.298387 0.000000
vt 0.096774 0.298387 0.000000
vt 0.500000 0.298387 0.000000
vt 0.701613 0.298387 0.000000
vt 0.903226 0.298387 0.000000
vt 0.298387 0.399194 0.000000
vt 0.096774 0.399194 0.000000
vt 0.500000 0.399194 0.000000
vt 0.701613 0.399194 0.000000
vt 0.903226 0.399194 0.000000
vt 0.298387 0.500000 0.000000
vt 0.096774 0.500000 0.000000
vt 0.500000 0.500000 0.000000
vt 0.701613 0.500000 0.000000
vt 0.903226 0.500000 0.000000
vt 0.298387 0.600806 0.000000
vt 0.096774 0.600806 0.000000
vt 0.500000 0.600806 0.000000
vt 0.701613 0.600806 0.000000
vt 0.903226 0.600806 0.000000
vt 0.298387 0.701613 0.000000
vt 0.096774 0.701613 0.000000
vt 0.500000 0.701613 0.000000
vt 0.701613 0.701613 0.000000
vt 0.903226 0.701613 0.000000
vt 0.298387 0.802419 0.000000
vt 0.096774 0.802419 0.000000
vt 0.500000 0.802419 0.000000
vt 0.701613 0.802419 0.000000
vt 0.903226 0.802419 0.000000
vt 0.298387 0.903226 0.000000
vt 0.096774 0.903226 0.000000
vt 0.500000 0.903226 0.000000
vt 0.701613 0.903226 0.000000
vt 0.903226 0.903226 0.000000
usemtl Material_3
f 1104/1104 1103/1103 1105/1105
f 1106/1106 1105/1105 1103/1103
f 1107/1107 1104/1104 1108/1108
f 1105/1105 1108/1108 1104/1104
f 1109/1109 1107/1107 1110/1110
f 1108/1108 1110/1110 1107/1107
f 1111/1111 1109/1109 1112/1112
f 1110/1110 1112/1112 1109/1109
f 1105/1105 1106/1106 1113/1113
f 1114/1114 1113/1113 1106/1106
f 1108/1108 1105/1105 1115/1115
f 1113/1113 1115/1115 1105/1105
f 1110/1110 1108/1108 1116/1116
f 1115/1115 1116/1116 1108/1108
f 1112/1112 1110/1110 1117/1117
f 1116/1116 1117/1117 1110/1110
f 1113/1113 1114/1114 1118/1118
f 1119/1119 1118/1118 1114/1114
f 1115/1115 1113/1113 1120/1120
f 1118/1118 1120/1120 1113/1113
f 1116/1116 1115/1115 1121/1121
f 1120/1120 1121/1121 1115/1115
f 1117/1117 1116/1116 1122/1122
f 1121/1121 1122/1122 1116/1116
f 1118/1118 1119/1119 1123/1123
f 1124/1124 1123/1123 1119/1119
f 1120/1120 1118/1118 1125/1125
f 1123/1123 1125/1125 1118/1118
f 1121/1121 1120/1120 1126/1126
f 1125/1125 1126/1126 1120/1120
f 1122/1122 1121/1121 1127/1127
f 1126/1126 1127/1127 1121/1121
f 1123/1123 1124/1124 1128/1128
f 1129/1129 1128/1128 1124/1124
f 1125/1125 1123/1123 1130/1130
f 1128/1128 1130/1130 1123/1123
f 1126/1126 1125/1125 1131/1131
f 1130/1130 1131/1131 1125/1125
f 1127/1127 1126/1126 1132/1132
f 1131/1131 1132/1132 1126/1126
f 1128/1128 1129/1129 1133/1133
f 1134/1134 1133/1133 1129/1129
f 1130/1130 1128/1128 1135/1135
f 1133/1133 1135/1135 1128/1128
f 1131/1131 1130/1130 1136/1136
f 1135/1135 1136/1136 1130/1130
f 1132/1132 1131/1131 1137/1137
f 1136/1136 1137/1137 1131/1131
f 1133/1133 1134/1134 1138/1138
f 1139/1139 1138/1138 1134/1134
f 1135/1135 1133/1133 1140/1140
f 1138/1138 1140/1140 1133/1133
f 1136/1136 1135/1135 1141/1141
f 1140/1140 1141/1141 1135/1135
f 1137/1137 1136/1136 1142/1142
f 1141/1141 1142/1142 1136/1136
f 1138/1138 1139/1139 1143/1143
f 1144/1144 1143/1143 1139/1139
f 1140/1140 1138/1138 1145/1145
f 1143/1143 1145/1145 1138/1138
f 1141/1141 1140/1140 1146/1146
f 1145/1145 1146/1146 1140/1140
f 1142/1142 1141/1141 1147/1147
f 1146/1146 1147/1147 1141/1141

g yglow3
v -2.181809 4.153247 27.768850
v 1.893140 2.140251 21.585300
v -4.549733 6.093126 13.578870
v -9.523092 8.532503 21.112740
v 5.968110 0.127224 15.401770
v 0.431343 3.668548 6.047106
v 10.043080 -1.885788 9.218221
v 5.420148 1.258763 -1.482575
v 14.118040 -3.898803 3.034688
v 10.416680 -1.136208 -9.010161
v -12.003810 10.129820 4.658053
v -17.523640 12.796830 12.989740
v -6.457500 7.513566 -3.666469
v -0.884701 4.948063 -11.983820
v 4.714600 2.433325 -20.293980
v -20.654230 14.538250 -4.776008
v -26.344420 17.237120 3.775391
v -14.914380 11.934540 -13.313970
v -9.124859 9.425993 -21.838470
v -3.285674 7.012618 -30.349530
v -30.686130 19.606360 -14.322170
v -36.146390 22.144330 -6.154793
v -25.155260 17.203740 -22.470410
v -19.553730 14.936450 -30.599540
v -13.881570 12.804510 -38.709520
v -41.869540 26.468860 -23.532870
v -46.668100 28.653270 -16.394470
v -36.995000 24.444670 -30.633440
v -32.035080 22.576220 -37.709200
v -26.982800 20.862910 -44.777000
v -54.612080 35.007960 -32.006840
v -58.290730 36.648700 -26.569560
v -50.874020 33.522430 -37.373200
v -47.049400 32.179640 -42.711550
v -43.136170 30.991590 -48.090900
v -69.328480 44.952030 -39.616700
v -71.403140 45.860900 -36.562890
v -67.225680 44.144080 -42.556830
v -65.057140 43.421120 -45.472080
v -62.866850 42.836200 -48.527080
v -86.161450 57.541330 -46.287490
v -86.192500 57.559610 -46.189360
v -86.151990 57.530450 -46.401470
v -86.164820 57.526360 -46.531120
v -86.210200 57.530840 -46.683400
vt 0.103175 0.103175 0.000000
vt 0.301587 0.103175 0.000000
vt 0.301587 0.202381 0.000000
vt 0.103175 0.202381 0.000000
vt 0.500000 0.103175 0.000000
vt 0.500000 0.202381 0.000000
vt 0.698413 0.103175 0.000000
vt 0.698413 0.202381 0.000000
vt 0.896825 0.103175 0.000000
vt 0.896825 0.202381 0.000000
vt 0.301587 0.301587 0.000000
vt 0.103175 0.301587 0.000000
vt 0.500000 0.301587 0.000000
vt 0.698413 0.301587 0.000000
vt 0.896825 0.301587 0.000000
vt 0.301587 0.400794 0.000000
vt 0.103175 0.400794 0.000000
vt 0.500000 0.400794 0.000000
vt 0.698413 0.400794 0.000000
vt 0.896825 0.400794 0.000000
vt 0.301587 0.500000 0.000000
vt 0.103175 0.500000 0.000000
vt 0.500000 0.500000 0.000000
vt 0.698413 0.500000 0.000000
vt 0.896825 0.500000 0.000000
vt 0.301587 0.599206 0.000000
vt 0.103175 0.599206 0.000000
vt 0.500000 0.599206 0.000000
vt 0.698413 0.599206 0.000000
vt 0.896825 0.599206 0.000000
vt 0.301587 0.698413 0.000000
vt 0.103175 0.698413 0.000000
vt 0.500000 0.698413 0.000000
vt 0.698413 0.698413 0.000000
vt 0.896825 0.698413 0.000000
vt 0.301587 0.797619 0.000000
vt 0.103175 0.797619 0.000000
vt 0.500000 0.797619 0.000000
vt 0.698413 0.797619 0.000000
vt 0.896825 0.797619 0.000000
vt 0.301587 0.896825 0.000000
vt 0.103175 0.896825 0.000000
vt 0.500000 0.896825 0.000000
vt 0.698413 0.896825 0.000000
vt 0.896825 0.896825 0.000000
usemtl Material_3
f 1149/1149 1148/1148 1150/1150
f 1151/1151 1150/1150 1148/1148
f 1152/1152 1149/1149 1153/1153
f 1150/1150 1153/1153 1149/1149
f 1154/1154 1152/1152 1155/1155
f 1153/1153 1155/1155 1152/1152
f 1156/1156 1154/1154 1157/1157
f 1155/1155 1157/1157 1154/1154
f 1150/1150 1151/1151 1158/1158
f 1159/1159 1158/1158 1151/1151
f 1153/1153 1150/1150 1160/1160
f 1158/1158 1160/1160 1150/1150
f 1155/1155 1153/1153 1161/1161
f 1160/1160 1161/1161 1153/1153
f 1157/1157 1155/1155 1162/1162
f 1161/1161 1162/1162 1155/1155
f 1158/1158 1159/1159 1163/1163
f 1164/1164 1163/1163 1159/1159
f 1160/1160 1158/1158 1165/1165
f 1163/1163 1165/1165 1158/1158
f 1161/1161 1160/1160 1166/1166
f 1165/1165 1166/1166 1160/1160
f 1162/1162 1161/1161 1167/1167
f 1166/1166 1167/1167 1161/1161
f 1163/1163 1164/1164 1168/1168
f 1169/1169 1168/1168 1164/1164
f 1165/1165 1163/1163 1170/1170
f 1168/1168 1170/1170 1163/1163
f 1166/1166 1165/1165 1171/1171
f 1170/1170 1171/1171 1165/1165
f 1167/1167 1166/1166 1172/1172
f 1171/1171 1172/1172 1166/1166
f 1168/1168 1169/1169 1173/1173
f 1174/1174 1173/1173 1169/1169
f 1170/1170 1168/1168 1175/1175
f 1173/1173 1175/1175 1168/1168
f 1171/1171 1170/1170 1176/1176
f 1175/1175 1176/1176 1170/1170
f 1172/1172 1171/1171 1177/1177
f 1176/1176 1177/1177 1171/1171
f 1173/1173 1174/1174 1178/1178
f 1179/1179 1178/1178 1174/1174
f 1175/1175 1173/1173 1180/1180
f 1178/1178 1180/1180 1173/1173
f 1176/1176 1175/1175 1181/1181
f 1180/1180 1181/1181 1175/1175
f 1177/1177 1176/1176 1182/1182
f 1181/1181 1182/1182 1176/1176
f 1178/1178 1179/1179 1183/1183
f 1184/1184 1183/1183 1179/1179
f 1180/1180 1178/1178 1185/1185
f 1183/1183 1185/1185 1178/1178
f 1181/1181 1180/1180 1186/1186
f 1185/1185 1186/1186 1180/1180
f 1182/1182 1181/1181 1187/1187
f 1186/1186 1187/1187 1181/1181
f 1183/1183 1184/1184 1188/1188
f 1189/1189 1188/1188 1184/1184
f 1185/1185 1183/1183 1190/1190
f 1188/1188 1190/1190 1183/1183
f 1186/1186 1185/1185 1191/1191
f 1190/1190 1191/1191 1185/1185
f 1187/1187 1186/1186 1192/1192
f 1191/1191 1192/1192 1186/1186

