mtllib Mount_merry_b4.mtl

g Mount_merry_b4
v 8.841473 -5.037792 73.448170
v 4.853520 -2.751340 79.810170
v 8.488711 3.059635 71.379840
v 6.413414 18.591970 76.374530
v 5.818990 12.687910 75.923920
v -0.924159 13.828780 80.428310
v -0.411922 20.356000 81.818710
v 5.246038 -7.729290 83.365560
v -2.209998 -5.181722 88.836280
v -2.103673 -0.884180 84.330790
v 8.700830 -8.297354 77.440340
v 4.787038 4.848719 77.165920
v 9.795713 14.149560 71.510100
v -2.134665 -6.195494 93.907170
v 11.005380 -7.038479 69.322790
v 11.041400 -10.546310 76.575310
v 10.265970 3.426223 66.454800
v 14.391580 19.104890 69.540960
v 12.215550 11.062700 66.654360
v 8.453459 -11.956560 83.829470
v 9.749269 25.753100 78.783650
v 11.005380 -7.038479 69.322790
v 10.265970 3.426223 66.454800
v 5.221605 4.189721 66.297650
v 5.632004 -5.991026 69.308110
v 12.215550 11.062700 66.654360
v -1.767892 -12.513120 84.006810
v 11.041400 -10.546310 76.575310
v 5.632004 -5.991026 69.308110
v 14.391580 19.104890 69.540960
v 9.749269 25.753100 78.783650
v 4.482415 24.269310 76.029350
v 7.425438 18.730930 69.026110
v -2.134665 -6.195494 93.907170
v 4.514356 -10.185210 89.391540
v 8.453459 -11.956560 83.829470
v 0.536339 28.961060 84.898480
v 0.536339 28.961060 84.898480
v 0.234591 25.409020 78.770420
v -1.866867 6.114533 81.110920
v 4.514356 -10.185210 89.391540
v 11.005380 -7.038479 69.322790
v 12.984820 21.660910 69.814500
v 12.401220 23.159290 69.713780
v 10.750680 23.119690 74.774280
v 11.654810 20.804300 73.962540
v 13.445340 21.857730 70.074120
v 12.083020 20.685180 74.309910
v 11.165190 23.072290 75.138100
v 12.861750 23.356110 69.973390
v 12.984820 21.660910 69.814500
v 13.445340 21.857730 70.074120
v 12.861750 23.356110 69.973390
v 12.401220 23.159290 69.713780
v 12.401220 23.159290 69.713780
v 12.861750 23.356110 69.973390
v 11.165190 23.072290 75.138100
v 10.750680 23.119690 74.774280
v 10.750680 23.119690 74.774280
v 11.165190 23.072290 75.138100
v 12.083020 20.685180 74.309910
v 11.654810 20.804300 73.962540
v 11.654810 20.804300 73.962540
v 12.083020 20.685180 74.309910
v 13.445340 21.857730 70.074120
v 12.984820 21.660910 69.814500
v 14.192100 17.552770 69.870990
v 13.707670 19.085310 69.758890
v 12.138710 19.279320 71.919720
v 12.590540 18.171470 70.840610
v 14.641050 17.716620 70.170730
v 13.002110 18.001810 71.187110
v 12.550290 19.109660 72.266220
v 14.156610 19.249140 70.058620
v 14.192100 17.552770 69.870990
v 14.641050 17.716620 70.170730
v 14.156610 19.249140 70.058620
v 13.707670 19.085310 69.758890
v 13.707670 19.085310 69.758890
v 14.156610 19.249140 70.058620
v 12.550290 19.109660 72.266220
v 12.138710 19.279320 71.919720
v 12.138710 19.279320 71.919720
v 12.550290 19.109660 72.266220
v 13.002110 18.001810 71.187110
v 12.590540 18.171470 70.840610
v 12.590540 18.171470 70.840610
v 13.002110 18.001810 71.187110
v 14.641050 17.716620 70.170730
v 14.192100 17.552770 69.870990
v 14.364390 19.047070 58.712170
v 13.382860 17.905420 56.225550
v 12.356310 22.496390 55.694590
v 13.604730 22.444480 58.319250
v 17.297370 17.212140 59.263970
v 17.346250 15.425820 56.971190
v 20.685570 18.014540 59.651390
v 21.924790 16.510140 57.494730
v 24.436420 20.523180 57.489490
v 21.784550 24.381680 59.254590
v 23.409870 25.114150 56.958530
v 22.544220 20.984260 59.647500
v 18.851570 26.216620 58.702800
v 19.446480 27.593750 56.212890
v 15.463380 25.414200 58.315370
v 14.867950 26.509430 55.689340
v 12.839390 22.170100 51.796900
v 13.872870 17.548140 52.331460
v 16.046130 18.513380 49.182760
v 15.367370 21.548980 48.831690
v 18.666750 16.873860 49.675790
v 17.863010 15.051810 53.082120
v 22.472450 16.143450 53.609210
v 25.001030 20.183570 53.603930
v 23.354830 20.244280 50.018490
v 21.694120 17.590820 50.021950
v 23.967550 24.805540 53.069380
v 22.676070 23.279870 49.667410
v 20.055440 24.919380 49.174380
v 19.977410 27.301860 52.318700
v 15.367980 26.210230 51.791630
v 17.028080 24.202430 48.828220
v 19.544650 20.779960 48.061470
v 15.554290 21.427230 47.395660
v 16.234110 18.386870 47.747280
v 18.858840 16.744780 48.241070
v 21.890950 17.462870 48.587790
v 23.554260 20.120470 48.584310
v 22.874440 23.160820 48.232700
v 20.249700 24.802910 47.738900
v 17.217600 24.084830 47.392180
v 13.440680 18.688340 60.335900
v 13.559040 18.502900 58.846130
v 12.639740 22.614240 58.370650
v 12.538040 22.725180 59.869030
v 16.925670 16.508060 60.991540
v 17.108360 16.282360 59.513880
v 20.951560 17.461480 61.451890
v 21.208560 17.253390 59.982730
v 23.160040 20.990140 61.447280
v 23.457800 20.847190 59.978030
v 22.257390 25.026980 60.980420
v 22.538490 24.958520 59.502550
v 18.772390 27.207260 60.324780
v 18.989170 27.179050 58.834800
v 14.746510 26.253830 59.864420
v 14.888980 26.208020 58.365960
v 13.559040 18.502900 58.846130
v 14.364390 19.047070 58.712170
v 13.604730 22.444480 58.319250
v 12.639740 22.614240 58.370650
v 17.108360 16.282360 59.513880
v 17.297370 17.212140 59.263970
v 21.208560 17.253390 59.982730
v 20.685570 18.014540 59.651390
v 23.457800 20.847190 59.978030
v 22.544220 20.984260 59.647500
v 22.538490 24.958520 59.502550
v 21.784550 24.381680 59.254590
v 18.989170 27.179050 58.834800
v 18.851570 26.216620 58.702800
v 14.888980 26.208020 58.365960
v 15.463380 25.414200 58.315370
v 16.234110 18.386870 47.747280
v 15.554290 21.427230 47.395660
v 15.367370 21.548980 48.831690
v 16.046130 18.513380 49.182760
v 18.666750 16.873860 49.675790
v 18.858840 16.744780 48.241070
v 21.694120 17.590820 50.021950
v 21.890950 17.462870 48.587790
v 23.354830 20.244280 50.018490
v 23.554260 20.120470 48.584310
v 22.676070 23.279870 49.667410
v 22.874440 23.160820 48.232700
v 20.055440 24.919380 49.174380
v 20.249700 24.802910 47.738900
v 17.028080 24.202430 48.828220
v 17.217600 24.084830 47.392180
v 13.467200 22.657280 61.353090
v 15.215430 25.450580 61.349440
v 14.181730 19.461720 61.722660
v 14.181730 19.461720 61.722660
v 14.517030 19.297140 59.500590
v 13.809830 22.459900 59.134810
v 13.467200 22.657280 61.353090
v 16.940470 17.735780 62.241670
v 17.247430 17.588940 60.014260
v 20.127370 18.490530 62.606090
v 20.401620 18.335940 60.374940
v 21.875610 21.283820 62.602440
v 22.131890 21.100550 60.371330
v 21.161070 24.479400 62.232870
v 21.424700 24.263290 60.005550
v 18.402340 26.205330 61.713860
v 18.694290 25.971500 59.491860
v 15.215430 25.450580 61.349440
v 15.540110 25.224510 59.131200
v 20.888880 15.760430 36.513080
v 20.156360 19.050680 40.571850
v 22.418950 18.204400 36.053160
v 21.005040 16.781730 31.338180
v 20.288150 19.962590 35.425280
v 20.888880 15.760430 36.513080
v 21.005040 16.781730 31.338180
v 22.418950 18.204400 36.053160
v 20.288150 19.962590 35.425280
v 20.288150 19.962590 35.425280
v 22.418950 18.204400 36.053160
v 20.156360 19.050680 40.571850
v 21.005040 16.781730 31.338180
v 20.156360 19.050680 40.571850
v 16.940470 17.735780 62.241670
v 18.402340 26.205330 61.713860
v 21.161070 24.479400 62.232870
v 20.127370 18.490530 62.606090
v 21.875610 21.283820 62.602440
v 12.538040 22.725180 59.869030
v 14.746510 26.253830 59.864420
v 13.440680 18.688340 60.335900
v 16.925670 16.508060 60.991540
v 18.772390 27.207260 60.324780
v 22.257390 25.026980 60.980420
v 20.951560 17.461480 61.451890
v 23.160040 20.990140 61.447280
v 10.979580 14.309070 5.267385
v 10.910000 14.278950 2.946876
v 13.962700 12.495790 5.921612
v 8.284039 12.048590 5.946817
v 11.304850 11.764710 3.846255
v 14.527310 12.140480 0.172977
v 8.315162 11.186640 0.017362
v 14.906180 1.553051 0.118071
v 11.929760 7.082813 9.857759
v 16.736830 8.000211 0.201230
v 12.466880 4.871032 0.079303
v 11.505310 11.131180 0.093977
v 11.135800 0.974133 0.023622
v 5.091322 -30.602630 60.620250
v 3.451735 -31.270410 62.948040
v 9.282290 -33.310100 72.979320
v 11.285350 -21.667060 62.928490
v 11.002730 -23.182310 71.701980
v 11.543070 -14.185920 72.755600
v 6.206947 -12.550210 61.984030
v 11.790110 -23.907920 80.058560
v 11.261090 -18.902750 80.613090
v 7.124466 -10.103200 80.618260
v 9.244593 -5.082905 66.769880
v 6.708953 -3.899581 75.554530
v -1.893729 -7.375184 54.623760
v -1.698573 -23.002720 57.190620
v 6.447849 -6.172596 59.709220
v 0.914902 -20.424700 58.090420
v -0.249292 -37.407100 70.545640
v -0.073977 -39.880470 78.235760
v 8.788858 -33.337250 81.942800
v 5.933331 3.967391 59.663180
v -1.969078 0.006048 53.414330
v 9.448386 12.631900 67.589870
v 7.891127 4.087248 64.437400
v 4.548488 4.710518 73.129860
v 7.023722 15.877560 74.345570
v 13.317010 18.718980 64.788690
v 12.898310 13.023030 57.196530
v 9.861047 11.912500 65.832890
v 7.985551 7.149697 57.033500
v 4.243894 8.614285 59.208540
v 8.170112 10.376840 61.538510
v 10.655530 27.509910 72.103020
v 10.689370 17.203110 69.473920
v 12.869310 26.589270 63.846950
v 14.447460 19.726610 56.279660
v 12.754800 19.564320 47.205520
v 2.255228 20.780790 57.346340
v 3.052465 17.115370 49.764660
v 5.441608 24.442250 78.880170
v 0.570923 29.250980 78.704630
v 5.448432 28.369510 77.325760
v 0.232732 25.409110 80.025140
v 7.743573 31.166470 73.433840
v 4.054623 32.798560 73.761570
v 1.017486 34.645970 70.359630
v 4.602232 32.564790 61.340770
v 8.847391 31.116590 61.863960
v 10.825180 25.395170 56.040620
v 10.521810 23.729980 46.195300
v 11.177610 24.012330 53.904350
v 6.121482 25.212020 52.449090
v 6.037829 24.795600 45.466420
v 1.014340 34.174530 67.281120
v 5.633737 28.352770 56.336730
v 0.864385 32.293820 60.439870
v 6.549295 29.327610 39.130330
v 7.783627 20.184690 35.736260
v 11.237740 15.407950 47.005050
v 10.954100 24.053940 37.625970
v 7.866373 11.085310 46.926160
v 4.479733 24.111510 36.946380
v 11.054700 24.691750 35.007380
v 7.971197 20.415320 34.114530
v 4.485117 24.041940 34.019050
v 7.296372 29.371750 34.510790
v 5.840050 -27.859460 119.741000
v 5.198835 -24.621920 116.429700
v 6.131245 -28.395480 116.791000
v 6.668314 -33.388680 116.589200
v 5.930935 -32.041710 119.952400
v 5.867527 -31.527310 121.993900
v 3.249100 -23.511960 123.549100
v 4.619303 -23.769200 121.449900
v 4.933800 -27.087870 123.713700
v 5.753349 -37.669380 116.455700
v 5.259747 -33.106240 113.666900
v 4.492211 -36.831490 113.750000
v 2.241654 -28.988120 111.613100
v -0.541881 -30.593870 111.354600
v -0.711759 -32.449810 111.319900
v 2.377474 -36.343190 112.980300
v 3.185453 -28.689430 107.184000
v -0.416763 -31.238630 105.909900
v -0.412386 -30.338000 108.895200
v 4.621503 -27.233250 112.941500
v 5.708972 -23.008080 109.037100
v 8.857123 -25.869170 98.291130
v 6.266455 -31.854790 97.747760
v 4.202429 -18.322790 101.515500
v 7.703767 -21.492230 99.779600
v 3.399449 -19.230910 111.372600
v -0.771928 -21.911000 124.110500
v 2.920623 -21.625760 122.446400
v 1.231193 -24.565720 125.987000
v 5.366692 -36.227320 118.691000
v 5.445922 -36.669970 119.791400
v 5.626159 -34.564850 120.563000
v 3.230857 -34.488220 125.565300
v 3.397679 -30.420910 126.639700
v 5.422188 -30.300830 124.373000
v 5.649491 -32.952420 123.682400
v 2.827795 -37.775850 123.944600
v -0.660119 -38.525500 124.787900
v -0.682997 -34.922720 126.323600
v 3.586673 -38.425960 118.943800
v 4.707437 -36.454180 121.029500
v 1.880360 -46.126130 116.149400
v 1.478185 -47.031200 117.337000
v 2.823438 -39.322640 120.360800
v -0.602955 -48.186730 115.530800
v -0.598004 -48.720350 117.221400
v 1.060484 -47.415880 115.648100
v -0.625667 -45.210240 112.115400
v 1.780819 -45.097870 112.621800
v 2.504148 -40.140250 113.175200
v -0.669275 -38.626820 112.698900
v -0.739512 -26.382050 127.154600
v 2.933053 -29.288210 127.076400
v 1.755066 -47.091620 114.555700
v -0.603707 -48.179790 114.663300
v 1.391273 -46.289410 113.401600
v 4.933800 -27.087870 123.713700
v 4.619303 -23.769200 121.449900
v 5.848951 -26.941620 122.679000
v 7.739820 -24.269110 124.828100
v 6.699733 -20.630580 124.099000
v 9.939616 -21.395380 125.373900
v 13.216240 -16.736240 124.256100
v 7.244547 -19.911590 122.541300
v 10.957430 -19.798930 121.815000
v 9.939616 -21.395380 125.373900
v 9.086514 -22.637490 119.987000
v 6.981901 -26.491100 119.493000
v 7.739820 -24.269110 124.828100
v 5.848951 -26.941620 122.679000
v 5.840050 -27.859460 119.741000
v 4.933800 -27.087870 123.713700
v 5.840050 -27.859460 119.741000
v 1.431937 -14.980120 36.975050
v 2.870131 -13.353460 30.555840
v 5.595449 -11.184920 31.329060
v 5.574876 -12.155350 37.573460
v 4.348561 -19.788730 34.703990
v 8.462145 -15.836750 36.720570
v 7.246729 -13.713770 30.520940
v 5.619958 -12.538270 39.600450
v 1.561691 -16.141780 39.492450
v 4.203946 -20.814760 38.209000
v 8.175478 -16.661140 38.630090
v 4.388622 -20.606470 42.965000
v 7.611751 -18.199650 43.859750
v 5.824235 -13.387060 44.397580
v 0.914902 -20.424700 58.090420
v 6.193267 -14.547120 58.343890
v 2.052434 -16.846450 43.633450
v 11.067370 15.533020 11.456650
v 8.468562 14.312430 14.288460
v 8.284039 12.048590 5.946817
v 10.979580 14.309070 5.267385
v 6.859911 20.997670 26.943970
v 9.052993 23.708310 26.188570
v 7.816689 27.349900 32.338020
v 9.391337 18.833980 28.044070
v 11.217650 13.330390 16.603850
v 11.412700 10.698080 13.472280
v 11.786530 9.141367 8.790442
v 11.786530 9.141367 8.790442
v 13.482460 14.666290 14.381470
v 11.075280 17.184060 12.069850
v 11.196520 21.653290 27.166860
v 1.019118 34.225640 71.701000
v 0.782942 31.611700 76.758140
v 0.944942 33.467620 76.993970
v 4.054623 32.798560 73.761570
v 0.782942 31.611700 76.758140
v 1.148092 35.693630 71.324620
v 1.019118 34.225640 71.701000
v 5.431439 37.147140 75.193630
v 4.643896 39.701050 78.625830
v 1.713480 42.242870 76.380970
v 7.965714 -15.120950 85.891820
v -1.625316 -14.672650 92.515300
v -1.868208 -10.740640 87.829770
v 8.961039 -18.036050 89.152790
v -0.713608 -30.243720 127.209000
v 5.304455 -36.095280 122.546200
v 13.629970 -7.206101 129.033400
v 14.204750 -6.889783 132.592400
v 15.911960 -5.360899 131.996500
v 15.469000 -5.657752 127.770200
v 12.429750 -5.180251 128.063600
v 13.164540 -4.935613 131.811600
v 15.280230 -3.471839 129.682100
v 13.901740 -4.092569 126.679600
v 12.147590 -9.750101 127.001100
v 14.002980 -9.166029 125.532900
v 10.457770 -8.703235 125.454900
v 11.907350 -8.346914 124.041000
v 11.733370 -14.861460 125.873000
v 8.737231 -13.924970 125.737900
v 9.937498 -13.529950 127.413300
v 9.052742 -14.192440 123.977700
v 7.694674 -20.446080 127.468800
v 4.778822 -19.511710 127.888200
v 6.847760 -18.835290 129.307400
v 5.329533 -20.715810 125.222500
v 15.250490 -4.652874 136.129900
v 13.011400 -4.374580 135.102600
v 13.862500 -5.497743 135.911200
v 11.404220 -4.895136 140.840800
v 15.120910 -4.071116 132.853200
v 14.406060 -3.392341 136.581200
v 12.445930 16.601720 152.128900
v 16.723300 7.634568 143.359900
v 15.242180 6.040736 143.688100
v 14.292340 7.994751 143.019300
v 15.850350 8.880468 142.903300
v 16.217260 3.689396 137.489000
v 17.831100 4.943403 137.514500
v 15.081380 5.287157 137.067200
v 16.894610 6.547716 136.751300
v 16.618510 -0.262545 132.871900
v 18.261360 0.371126 132.076000
v 14.821350 0.862795 131.770000
v 16.551740 1.284060 130.461900
v 15.911960 -5.360899 131.996500
v 13.164540 -4.935613 131.811600
v 15.120910 -4.071116 132.853200
v 15.280230 -3.471839 129.682100
v 7.643081 -21.016290 128.903000
v 4.933800 -27.087870 123.713700
v 2.933053 -29.288210 127.076400
v 5.345268 -23.481830 130.622400
v 3.226462 -20.224030 129.681300
v 1.231193 -24.565720 125.987000
v 7.071036 -19.075860 138.304500
v 6.901472 -18.741530 130.764700
v 5.329533 -20.715810 125.222500
v 3.249100 -23.511960 123.549100
v 7.694674 -20.446080 127.468800
v 4.778822 -19.511710 127.888200
v 6.847760 -18.835290 129.307400
v 2.255228 20.780790 57.346340
v 0.102328 23.535410 57.449990
v -0.874769 10.794720 54.791560
v -0.647645 -40.774210 121.604900
v -1.199913 5.796831 53.818590
v -0.603477 -47.733720 118.610500
v 2.915462 -41.551970 114.134800
v 3.773098 -41.614930 116.366800
v -0.250814 -36.416150 97.237620
v -0.606675 -47.847290 113.752500
v 5.827880 -4.041209 7.404530
v 4.749054 -4.528273 3.069801
v 8.942437 -5.353535 7.437861
v 3.574907 -6.527445 7.216673
v 5.949675 -6.764269 3.989039
v 8.874792 -5.374943 0.310455
v 4.035074 -12.964020 0.156156
v 3.325654 -8.326436 0.167146
v 12.726150 -15.244420 0.340261
v 7.497301 -11.466850 9.088821
v 12.326690 -8.553852 0.370292
v 9.328697 -12.917610 0.276680
v 6.355259 -7.325499 0.241819
v 9.358167 -17.035790 0.253279
v 6.328513 -6.616456 13.820810
v 3.355403 -9.396522 15.276080
v 3.574907 -6.527445 7.216673
v 5.827880 -4.041209 7.404530
v 5.876598 -12.177110 16.213340
v 2.870131 -13.353460 30.555840
v 4.895735 -16.017030 29.748700
v 6.440945 -11.522840 12.274790
v 7.244828 -9.391289 8.822462
v 7.244828 -9.391289 8.822462
v 8.348047 -9.782261 15.420940
v 6.276699 -6.218483 15.268420
v 7.246729 -13.713770 30.520940
v 5.595449 -11.184920 31.329060
v 0.914902 -20.424700 58.090420
v -1.698573 -23.002720 57.190620
v -0.505044 -34.632880 63.310300
v 10.127210 -19.632910 90.844890
v -1.547829 -15.753770 96.213710
v 11.233980 -23.861860 86.577940
v -1.159044 -16.123790 114.113600
v 3.140115 -20.526270 118.520000
v -0.795491 -18.894760 119.974800
v 0.102328 23.535410 57.449990
v 1.676537 41.935770 83.161020
v 1.521317 39.980800 72.536060
v -1.500980 -15.246470 103.541400
v -0.625695 -44.279350 119.738500
v -0.689983 -35.634960 111.864000
v 13.962700 12.495790 5.921612
v 8.942437 -5.353535 7.437861
v 4.895735 -16.017030 29.748700
v -12.867500 -5.162562 73.321490
v -12.323080 3.586606 71.337070
v -8.980303 -2.830850 79.729450
v -7.324911 19.539090 76.267070
v -7.538868 13.608790 75.819440
v -9.315969 -8.631153 83.401580
v -12.703430 -9.622967 77.493280
v -8.557551 5.186611 77.138500
v -11.224490 15.680460 71.283470
v -14.752850 -12.143800 76.639120
v -14.960190 -7.187711 69.171260
v -14.060870 4.042198 66.404810
v -13.966200 13.036920 66.339260
v -14.769230 21.656980 69.497580
v -11.974950 -13.221740 83.880000
v -9.069965 27.400110 78.755660
v -14.960190 -7.187711 69.171260
v -9.599392 -6.078567 69.219220
v -8.983782 4.549411 66.268460
v -14.060870 4.042198 66.404810
v -13.966200 13.036920 66.339260
v -9.599392 -6.078567 69.219220
v -14.752850 -12.143800 76.639120
v -14.769230 21.656980 69.497580
v -7.972450 20.078520 69.003200
v -4.132812 25.023300 76.016540
v -9.069965 27.400110 78.755660
v -8.257147 -10.976180 89.423130
v -11.974950 -13.221740 83.880000
v -8.257147 -10.976180 89.423130
v -14.960190 -7.187711 69.171260
v -13.062410 24.052240 71.066890
v -11.791930 22.856310 73.927650
v -10.638500 23.318550 75.037350
v -12.304050 25.448080 71.335950
v -13.500150 24.230720 71.374730
v -12.741790 25.626560 71.643790
v -11.060700 23.248330 75.399390
v -12.235350 22.813470 74.273740
v -13.062410 24.052240 71.066890
v -12.304050 25.448080 71.335950
v -12.741790 25.626560 71.643790
v -13.500150 24.230720 71.374730
v -12.304050 25.448080 71.335950
v -10.638500 23.318550 75.037350
v -11.060700 23.248330 75.399390
v -12.741790 25.626560 71.643790
v -10.638500 23.318550 75.037350
v -11.791930 22.856310 73.927650
v -12.235350 22.813470 74.273740
v -11.060700 23.248330 75.399390
v -11.791930 22.856310 73.927650
v -13.062410 24.052240 71.066890
v -13.500150 24.230720 71.374730
v -12.235350 22.813470 74.273740
v -14.748430 20.233870 70.110410
v -13.161540 20.425240 70.802300
v -12.527340 21.438040 71.883040
v -14.084310 21.677100 70.378580
v -15.179150 20.369220 70.448650
v -14.515030 21.812460 70.716800
v -12.963140 21.342540 72.228260
v -13.597350 20.329740 71.147540
v -14.748430 20.233870 70.110410
v -14.084310 21.677100 70.378580
v -14.515030 21.812460 70.716800
v -15.179150 20.369220 70.448650
v -14.084310 21.677100 70.378580
v -12.527340 21.438040 71.883040
v -12.963140 21.342540 72.228260
v -14.515030 21.812460 70.716800
v -12.527340 21.438040 71.883040
v -13.161540 20.425240 70.802300
v -13.597350 20.329740 71.147540
v -12.963140 21.342540 72.228260
v -13.161540 20.425240 70.802300
v -14.748430 20.233870 70.110410
v -15.179150 20.369220 70.448650
v -13.597350 20.329740 71.147540
v -15.014900 26.179980 57.842880
v -13.976660 29.106610 59.464850
v -13.459490 30.896470 57.233460
v -14.862490 26.941660 55.041700
v -17.902990 24.198220 57.916560
v -18.765210 24.263660 55.141240
v -20.949110 24.322210 59.642690
v -22.881500 24.431220 57.473810
v -24.800100 27.346170 60.673010
v -21.330670 29.405960 63.632120
v -22.368910 26.479330 62.010150
v -23.397110 31.300990 62.864780
v -18.442580 31.387720 63.558440
v -19.494380 33.978980 62.765230
v -15.396460 31.263730 61.832290
v -15.378090 33.811430 60.432670
v -14.978650 33.070180 54.318180
v -18.248750 34.276200 52.468610
v -19.176430 31.661240 51.019390
v -16.391110 29.088680 52.111620
v -21.756930 29.890530 51.085210
v -20.320180 26.392610 52.211830
v -24.464240 26.561300 54.560150
v -24.478660 30.001320 52.627520
v -25.747250 31.928720 54.742860
v -26.395790 29.495930 57.780940
v -24.819580 34.543670 56.192070
v -24.983330 33.477440 59.987510
v -22.239040 36.314380 56.126240
v -21.054260 36.173500 59.887290
v -16.910190 36.004810 57.538970
v -19.517340 36.203580 54.583950
v -22.543720 33.859920 52.588280
v -19.746330 32.456160 49.944550
v -18.817210 35.075220 51.396050
v -22.330880 30.682670 50.010480
v -25.056870 30.793640 51.555220
v -26.327440 32.724060 53.673850
v -25.398320 35.343100 55.125350
v -22.813770 37.116590 55.059420
v -20.087780 37.005620 53.514690
v -13.750310 24.946080 58.547700
v -12.516670 28.423540 60.474910
v -13.018460 29.276580 59.339890
v -14.274880 25.734950 57.377090
v -17.181960 22.591340 58.635240
v -17.769870 23.336730 57.466240
v -20.801410 22.738670 60.686240
v -21.456120 23.486780 59.555110
v -22.488420 25.301780 63.499310
v -23.174270 26.097200 62.420080
v -21.254770 28.779230 65.426530
v -21.917850 29.638840 64.382890
v -17.823120 31.133970 65.338990
v -18.422860 32.037060 64.293720
v -14.203680 30.986650 63.287970
v -14.736610 31.887000 62.204850
v -14.274880 25.734950 57.377090
v -13.018460 29.276580 59.339890
v -13.976660 29.106610 59.464850
v -15.014900 26.179980 57.842880
v -17.769870 23.336730 57.466240
v -17.902990 24.198220 57.916560
v -21.456120 23.486780 59.555110
v -20.949110 24.322210 59.642690
v -23.174270 26.097200 62.420080
v -22.368910 26.479330 62.010150
v -21.917850 29.638840 64.382890
v -21.330670 29.405960 63.632120
v -18.422860 32.037060 64.293720
v -18.442580 31.387720 63.558440
v -14.736610 31.887000 62.204850
v -15.396460 31.263730 61.832290
v -19.746330 32.456160 49.944550
v -19.176430 31.661240 51.019390
v -18.248750 34.276200 52.468610
v -18.817210 35.075220 51.396050
v -22.330880 30.682670 50.010480
v -21.756930 29.890530 51.085210
v -25.056870 30.793640 51.555220
v -24.478660 30.001320 52.627520
v -26.327440 32.724060 53.673850
v -25.747250 31.928720 54.742860
v -25.398320 35.343100 55.125350
v -24.819580 34.543670 56.192070
v -22.813770 37.116590 55.059420
v -22.239040 36.314380 56.126240
v -20.087780 37.005620 53.514690
v -19.517340 36.203580 54.583950
v -13.027600 27.365230 61.774660
v -14.004160 24.612470 60.249070
v -14.363040 29.394210 64.001480
v -14.004160 24.612470 60.249070
v -13.027600 27.365230 61.774660
v -13.958450 28.588330 60.127030
v -14.924980 25.863840 58.617100
v -16.720670 22.748440 60.318360
v -17.613590 24.018950 58.685680
v -19.585830 22.865070 61.941950
v -20.449330 24.134380 60.292610
v -20.921270 24.894030 64.168760
v -21.771060 26.142510 62.496560
v -19.944720 27.646810 65.694370
v -20.804530 28.867000 64.006470
v -17.228210 29.510830 65.625080
v -18.115920 30.711890 63.937900
v -14.363040 29.394210 64.001480
v -15.280180 30.596460 62.330980
v -23.809360 37.195190 41.119790
v -25.525400 39.371220 42.039440
v -23.395520 37.628680 46.361620
v -23.942100 40.969860 37.436000
v -23.809360 37.195190 41.119790
v -23.535400 41.296590 42.638310
v -23.942100 40.969860 37.436000
v -23.535400 41.296590 42.638310
v -25.525400 39.371220 42.039440
v -23.535400 41.296590 42.638310
v -23.395520 37.628680 46.361620
v -25.525400 39.371220 42.039440
v -23.942100 40.969860 37.436000
v -23.395520 37.628680 46.361620
v -16.720670 22.748440 60.318360
v -19.585830 22.865070 61.941950
v -19.944720 27.646810 65.694370
v -17.228210 29.510830 65.625080
v -20.921270 24.894030 64.168760
v -12.516670 28.423540 60.474910
v -13.750310 24.946080 58.547700
v -14.203680 30.986650 63.287970
v -17.181960 22.591340 58.635240
v -20.801410 22.738670 60.686240
v -21.254770 28.779230 65.426530
v -17.823120 31.133970 65.338990
v -22.488420 25.301780 63.499310
v -15.135970 46.250170 5.371973
v -18.382170 45.012680 6.140645
v -15.287730 46.327890 3.044865
v -12.897670 43.478180 5.803277
v -19.126020 44.715250 0.213013
v -15.985710 43.856510 3.876268
v -13.073380 43.024550 0.034523
v -20.776660 34.255780 -0.126211
v -21.818050 40.872000 0.129176
v -17.191780 39.125760 9.759670
v -17.955490 37.255630 -0.074859
v -16.247250 43.351750 0.108250
v -17.103090 33.229630 -0.234544
v -9.219860 -36.186130 62.665420
v -10.243680 -34.026200 72.729190
v -4.799269 -34.084820 63.789810
v -14.747190 -26.465400 61.988640
v -13.285240 -25.745920 71.364070
v -15.067520 -16.902710 71.121600
v -10.140190 -16.183430 60.132140
v -13.875870 -25.502130 79.884820
v -10.900640 -11.219530 80.662850
v -13.929180 -20.447490 80.975080
v -13.192420 -5.211857 66.638950
v -10.772830 -4.000054 75.452510
v -10.301470 -6.268861 59.611470
v -4.404362 -27.666200 56.899920
v -9.672968 -34.490240 81.797550
v -9.680737 4.362750 59.631100
v -11.018480 14.165840 67.352770
v -8.291314 16.947400 74.198110
v -8.311029 5.036131 73.103430
v -11.648010 4.581994 64.397250
v -13.627090 22.374390 63.742020
v -11.242130 13.625680 63.790560
v -13.833460 21.989110 54.401620
v -9.521275 16.587870 51.109870
v -9.716676 12.759880 59.159080
v -6.039065 12.312240 55.281490
v -11.286700 20.690510 68.294000
v -9.866241 28.208860 73.277890
v -12.412820 29.390370 67.253480
v -14.790690 28.428720 56.786040
v -14.060780 31.865100 47.565140
v -2.429663 24.510320 56.935200
v -4.396404 28.231180 47.841370
v -5.055794 25.360960 78.864560
v -4.375742 29.229310 77.311150
v -6.256022 32.277680 73.597400
v -2.224123 33.347810 73.752250
v -3.500346 35.082620 67.542760
v -7.836902 33.942270 67.136400
v -10.667810 33.344290 58.793150
v -11.590400 36.011310 47.821410
v -7.129102 37.069810 46.955830
v -6.320506 34.709500 54.493130
v -11.336820 33.276410 55.857650
v -5.211391 35.525910 59.888940
v -7.891308 43.605240 42.754150
v -10.253540 36.373910 36.528070
v -12.867010 39.432820 40.050400
v -12.937930 28.000410 45.715690
v -6.515558 39.447110 38.621640
v -9.979473 23.855210 43.685340
v -10.540110 37.731090 34.574680
v -13.137520 41.404520 37.457900
v -6.744570 40.688930 35.894850
v -9.013935 45.234200 39.110150
v -7.310755 -27.947520 119.751700
v -7.599537 -28.487430 116.802100
v -6.718337 -24.701710 116.439400
v -8.070015 -33.487380 116.601100
v -7.345271 -32.130620 119.963200
v -7.285438 -31.615390 122.004600
v -4.772063 -23.565680 123.555600
v -6.408458 -27.163830 123.722900
v -6.142114 -23.841270 121.458600
v -7.098025 -37.755440 116.466100
v -5.852619 -36.900760 113.758400
v -6.670111 -33.186120 113.676600
v -3.417726 -29.175800 111.670400
v -3.745866 -36.384200 112.985300
v -4.244346 -29.132820 107.328700
v -7.351607 -23.787490 109.291400
v -5.876150 -27.581370 113.047800
v -10.573590 -27.071040 98.504930
v -7.271822 -32.692190 97.896710
v -6.821885 -19.004690 101.636800
v -5.418677 -19.757140 111.544200
v -9.940176 -22.583590 99.973740
v -2.736262 -24.592290 125.990200
v -4.470670 -21.675260 122.452500
v -6.727078 -36.308310 118.700900
v -7.005745 -34.649440 120.573200
v -6.798583 -36.751960 119.801400
v -4.603546 -34.540680 125.571600
v -7.045590 -33.037430 123.692700
v -6.852694 -30.383030 124.383000
v -4.823074 -30.475960 126.646400
v -4.159127 -37.822640 123.950300
v -4.917363 -38.482900 118.950700
v -6.061045 -36.526280 121.038300
v -4.139889 -39.369270 120.366500
v -2.696442 -47.059160 117.340400
v -3.112626 -46.159570 116.153400
v -2.276367 -47.438220 115.650900
v -3.821363 -40.182620 113.180400
v -3.032600 -45.130100 112.625700
v -4.372949 -29.337130 127.082400
v -2.977013 -47.123310 114.559600
v -2.625867 -46.316320 113.404900
v -6.408458 -27.163830 123.722900
v -7.327168 -27.029850 122.689700
v -6.142114 -23.841270 121.458600
v -9.250165 -24.382880 124.841900
v -8.260078 -20.730750 124.111100
v -11.487350 -21.538860 125.391400
v -14.827890 -16.924030 124.279000
v -8.817003 -20.019150 122.554300
v -12.532240 -19.956220 121.834100
v -11.487350 -21.538860 125.391400
v -10.626450 -22.769490 120.003100
v -8.471233 -26.594570 119.505500
v -9.250165 -24.382880 124.841900
v -7.327168 -27.029850 122.689700
v -7.310755 -27.947520 119.751700
v -6.408458 -27.163830 123.722900
v -7.310755 -27.947520 119.751700
v -5.096504 -30.848470 35.538820
v -8.199671 -26.912100 35.018790
v -8.289544 -27.816830 28.917490
v -6.361112 -30.818300 28.909430
v -9.409145 -35.030640 34.720750
v -12.075130 -29.646200 35.281470
v -10.647950 -29.867770 28.837500
v -8.238557 -26.593800 37.049960
v -5.414473 -31.047410 38.279510
v -9.366151 -34.795080 38.575490
v -11.932000 -29.858590 37.358160
v -9.210368 -32.888840 42.938850
v -11.540540 -29.494400 42.765680
v -8.406725 -25.542320 41.667580
v -4.404362 -27.666200 56.899920
v -9.292174 -21.596850 55.273620
v -5.850112 -29.987680 42.360690
v -14.008360 46.937540 11.534570
v -15.135970 46.250170 5.371973
v -12.897670 43.478180 5.803277
v -11.512950 45.197200 14.268040
v -9.638988 44.853760 36.723730
v -11.210380 45.744530 29.699310
v -9.303090 42.952850 28.560670
v -12.042950 40.779860 28.293870
v -14.310480 43.917930 16.377950
v -16.751160 41.164470 8.745936
v -15.416560 42.237410 13.401250
v -16.751160 41.164470 8.745936
v -16.354130 46.278110 14.910710
v -13.592190 49.036960 13.347960
v -13.552930 43.699060 29.377770
v -2.224123 33.347810 73.752250
v -2.829232 37.869760 75.181360
v -1.620360 40.249040 78.616520
v -11.090310 -16.301130 85.938970
v -11.720120 -19.338590 89.204590
v -6.660342 -36.175410 122.556000
v -15.361450 -7.400238 129.056900
v -17.223090 -5.876666 127.796800
v -17.663110 -5.585729 132.023800
v -15.934610 -7.091603 132.616900
v -14.190040 -5.358502 128.085200
v -14.921940 -5.123689 131.834500
v -17.060500 -3.688404 129.708400
v -15.678710 -4.290645 126.703600
v -13.848430 -9.924183 127.022300
v -15.713860 -9.365024 125.557000
v -12.175290 -8.854791 125.473300
v -13.631820 -8.517938 124.061800
v -13.367630 -15.029540 125.893400
v -10.384530 -14.053020 125.753400
v -11.587250 -13.674080 127.430800
v -10.699290 -14.324700 123.993800
v -9.251916 -20.559570 127.482600
v -6.348161 -19.586220 127.897200
v -8.423659 -18.937550 129.319800
v -6.887032 -20.797630 125.232400
v -17.004460 -4.868865 136.156100
v -14.770970 -4.560620 135.125200
v -15.605640 -5.695066 135.935200
v -13.147640 -5.059541 140.860800
v -16.888010 -4.285456 132.879300
v -16.176260 -3.597126 136.606000
v -14.458780 16.421560 152.150800
v -17.127060 5.824019 143.714400
v -18.629930 7.397874 143.388700
v -16.204570 7.790568 143.044100
v -17.774490 8.655348 142.930600
v -18.080660 3.459727 137.516800
v -19.711100 4.692002 137.545100
v -16.966960 5.072560 137.093300
v -18.797420 6.308715 136.780300
v -18.436450 -0.497280 132.900400
v -20.088930 0.114322 132.107200
v -16.656320 0.652013 131.795600
v -18.394330 1.050054 130.490300
v -17.663110 -5.585729 132.023800
v -14.921940 -5.123689 131.834500
v -16.888010 -4.285456 132.879300
v -17.060500 -3.688404 129.708400
v -9.190356 -21.129010 128.916700
v -6.856939 -23.563550 130.632300
v -4.372949 -29.337130 127.082400
v -6.408458 -27.163830 123.722900
v -4.783485 -20.277670 129.687800
v -2.736262 -24.592290 125.990200
v -8.629060 -19.180990 138.317200
v -8.476252 -18.844510 130.777200
v -6.887032 -20.797630 125.232400
v -9.251916 -20.559570 127.482600
v -4.772063 -23.565680 123.555600
v -6.348161 -19.586220 127.897200
v -8.423659 -18.937550 129.319800
v -2.429663 24.510320 56.935200
v -5.065257 -41.674120 116.374000
v -4.212173 -41.599700 114.140600
v -8.433089 -31.295050 5.106487
v -11.795950 -32.319400 5.664390
v -8.499352 -31.056860 3.076054
v -6.386595 -34.072020 6.058512
v -12.385770 -32.408190 0.173965
v -9.421266 -33.443370 3.936742
v -6.578906 -39.287000 0.120105
v -6.492186 -34.596820 0.192029
v -14.891690 -42.700370 -0.004015
v -15.385200 -36.016720 0.093111
v -11.164820 -37.928730 9.877323
v -11.832950 -39.943530 0.064429
v -9.628685 -34.006900 0.173692
v -11.314650 -44.028730 0.006949
v -8.550056 -30.336020 10.152990
v -8.433089 -31.295050 5.106487
v -6.386595 -34.072020 6.058512
v -6.549940 -31.665440 13.469600
v -9.745386 -32.701370 15.372200
v -9.116158 -32.881360 28.857740
v -6.361112 -30.818300 28.909430
v -10.623900 -35.900550 8.814917
v -10.310210 -34.502450 12.606180
v -10.623900 -35.900550 8.814917
v -11.401270 -30.494270 13.060820
v -8.354886 -28.265060 11.354060
v -10.647950 -29.867770 28.837500
v -8.289544 -27.816830 28.917490
v -4.404362 -27.666200 56.899920
v -16.374740 -23.906100 80.960860
v -14.232510 -19.512750 84.257000
v -13.317160 -21.340960 90.892150
v -12.668150 -21.068610 90.901990
v -13.257170 -25.404360 86.639280
v -4.711254 -20.578850 118.526300
v -18.382170 45.012680 6.140645
v -11.795950 -32.319400 5.664390
v -9.116158 -32.881360 28.857740
v 7.405279 6.567819 -0.032523
v -12.726030 38.332730 -0.138925
vt 0.148556 0.154774 0.000000
vt 0.178115 0.198698 0.000000
vt 0.306254 0.147214 0.000000
vt 0.505557 0.192839 0.000000
vt 0.424124 0.188150 0.000000
vt 0.440036 0.237645 0.000000
vt 0.529525 0.246680 0.000000
vt 0.087310 0.206559 0.000000
vt 0.129013 0.268339 0.000000
vt 0.198636 0.242792 0.000000
vt 0.089827 0.175564 0.000000
vt 0.309982 0.189085 0.000000
vt 0.458183 0.157395 0.000000
vt 0.080538 0.289325 0.000000
vt 0.136932 0.130648 0.000000
vt 0.053429 0.159996 0.000000
vt 0.313132 0.117706 0.000000
vt 0.520195 0.151216 0.000000
vt 0.410354 0.122578 0.000000
vt 0.033183 0.214418 0.000000
vt 0.594957 0.200956 0.000000
vt 0.742188 0.662109 0.000000
vt 0.773438 0.662109 0.000000
vt 0.773438 0.650391 0.000000
vt 0.742188 0.650391 0.000000
vt 0.816406 0.662109 0.000000
vt 0.004842 0.158055 0.000000
vt 0.033876 0.140683 0.000000
vt 0.005492 0.143590 0.000000
vt 0.855469 0.662109 0.000000
vt 0.920025 0.662109 0.000000
vt 0.917969 0.640625 0.000000
vt 0.855469 0.640625 0.000000
vt 0.033330 0.183691 0.000000
vt 0.033330 0.168536 0.000000
vt 0.033330 0.153428 0.000000
vt 0.630146 0.261230 0.000000
vt 0.992188 0.662109 0.000000
vt 0.976563 0.640625 0.000000
vt 0.318402 0.235469 0.000000
vt 0.045653 0.255788 0.000000
vt 0.005308 0.136840 0.000000
vt 0.588702 0.777688 0.000000
vt 0.539556 0.777688 0.000000
vt 0.539556 0.812150 0.000000
vt 0.588702 0.812150 0.000000
vt 0.539556 0.777688 0.000000
vt 0.539556 0.812150 0.000000
vt 0.588702 0.812150 0.000000
vt 0.588702 0.777688 0.000000
vt 0.539556 0.769272 0.000000
vt 0.539556 0.777688 0.000000
vt 0.588702 0.777688 0.000000
vt 0.588702 0.769272 0.000000
vt 0.605073 0.777688 0.000000
vt 0.588702 0.777688 0.000000
vt 0.588702 0.812150 0.000000
vt 0.605073 0.812150 0.000000
vt 0.588702 0.818291 0.000000
vt 0.539556 0.818291 0.000000
vt 0.539556 0.812150 0.000000
vt 0.588702 0.812150 0.000000
vt 0.525837 0.812150 0.000000
vt 0.539556 0.812150 0.000000
vt 0.539556 0.777688 0.000000
vt 0.525837 0.777688 0.000000
vt 0.588702 0.777688 0.000000
vt 0.539556 0.777688 0.000000
vt 0.539556 0.812150 0.000000
vt 0.588702 0.812150 0.000000
vt 0.539556 0.777688 0.000000
vt 0.539556 0.812150 0.000000
vt 0.588702 0.812150 0.000000
vt 0.588702 0.777688 0.000000
vt 0.539556 0.769272 0.000000
vt 0.539556 0.777688 0.000000
vt 0.588702 0.777688 0.000000
vt 0.588702 0.769272 0.000000
vt 0.605073 0.777688 0.000000
vt 0.588702 0.777688 0.000000
vt 0.588702 0.812150 0.000000
vt 0.605073 0.812150 0.000000
vt 0.588539 0.818337 0.000000
vt 0.588539 0.812154 0.000000
vt 0.540049 0.812166 0.000000
vt 0.540049 0.818350 0.000000
vt 0.525837 0.812150 0.000000
vt 0.539556 0.812150 0.000000
vt 0.539556 0.777688 0.000000
vt 0.525837 0.777688 0.000000
vt 0.312172 0.097838 0.000000
vt 0.286190 0.070494 0.000000
vt 0.355476 0.070494 0.000000
vt 0.355476 0.097838 0.000000
vt 0.247038 0.097838 0.000000
vt 0.242887 0.070494 0.000000
vt 0.312172 0.097838 0.000000
vt 0.286190 0.070494 0.000000
vt 0.355476 0.070494 0.000000
vt 0.403109 0.097838 0.000000
vt 0.420431 0.070494 0.000000
vt 0.355476 0.097838 0.000000
vt 0.442082 0.097838 0.000000
vt 0.472395 0.070494 0.000000
vt 0.403109 0.097838 0.000000
vt 0.420431 0.070494 0.000000
vt 0.355476 0.033385 0.000000
vt 0.286190 0.033385 0.000000
vt 0.302610 0.006041 0.000000
vt 0.355476 0.006041 0.000000
vt 0.268869 0.006041 0.000000
vt 0.242887 0.033385 0.000000
vt 0.286190 0.033385 0.000000
vt 0.355476 0.033385 0.000000
vt 0.355476 0.006041 0.000000
vt 0.302610 0.006041 0.000000
vt 0.420431 0.033385 0.000000
vt 0.403109 0.006041 0.000000
vt 0.449420 0.006041 0.000000
vt 0.472395 0.033385 0.000000
vt 0.420431 0.033385 0.000000
vt 0.403109 0.006041 0.000000
vt 0.959163 0.037179 0.000000
vt 0.959163 0.062569 0.000000
vt 0.931819 0.056710 0.000000
vt 0.924006 0.037179 0.000000
vt 0.931819 0.019601 0.000000
vt 0.959163 0.011788 0.000000
vt 0.982600 0.019601 0.000000
vt 0.994319 0.037179 0.000000
vt 0.982600 0.056710 0.000000
vt 0.043492 0.103564 0.000000
vt 0.043492 0.092218 0.000000
vt 0.089754 0.092218 0.000000
vt 0.089754 0.103564 0.000000
vt 0.011007 0.103564 0.000000
vt 0.011007 0.092218 0.000000
vt 0.043492 0.103564 0.000000
vt 0.043492 0.092218 0.000000
vt 0.089754 0.103564 0.000000
vt 0.089754 0.092218 0.000000
vt 0.126133 0.103564 0.000000
vt 0.126133 0.092218 0.000000
vt 0.158017 0.103564 0.000000
vt 0.158017 0.092218 0.000000
vt 0.126133 0.103564 0.000000
vt 0.126133 0.092218 0.000000
vt 0.136642 0.111787 0.000000
vt 0.136642 0.106734 0.000000
vt 0.117436 0.106734 0.000000
vt 0.117436 0.111787 0.000000
vt 0.153448 0.111787 0.000000
vt 0.153448 0.106734 0.000000
vt 0.136642 0.111787 0.000000
vt 0.136642 0.106734 0.000000
vt 0.117436 0.111787 0.000000
vt 0.117436 0.106734 0.000000
vt 0.136642 0.111787 0.000000
vt 0.136642 0.106734 0.000000
vt 0.153448 0.111787 0.000000
vt 0.153448 0.106734 0.000000
vt 0.136642 0.111787 0.000000
vt 0.136642 0.106734 0.000000
vt 0.044183 0.092218 0.000000
vt 0.079370 0.092218 0.000000
vt 0.079370 0.103564 0.000000
vt 0.044183 0.103564 0.000000
vt 0.013344 0.103564 0.000000
vt 0.013344 0.092218 0.000000
vt 0.044183 0.103564 0.000000
vt 0.044183 0.092218 0.000000
vt 0.079370 0.103564 0.000000
vt 0.079370 0.092218 0.000000
vt 0.124117 0.103564 0.000000
vt 0.124117 0.092218 0.000000
vt 0.155536 0.103564 0.000000
vt 0.155536 0.092218 0.000000
vt 0.124117 0.103564 0.000000
vt 0.124117 0.092218 0.000000
vt 0.051593 0.132000 0.000000
vt 0.088025 0.124348 0.000000
vt 0.018418 0.124348 0.000000
vt 0.043492 0.103564 0.000000
vt 0.043492 0.092218 0.000000
vt 0.089754 0.092218 0.000000
vt 0.089754 0.103564 0.000000
vt 0.011007 0.103564 0.000000
vt 0.011007 0.092218 0.000000
vt 0.043492 0.103564 0.000000
vt 0.043492 0.092218 0.000000
vt 0.089754 0.103564 0.000000
vt 0.089754 0.092218 0.000000
vt 0.126133 0.103564 0.000000
vt 0.126133 0.092218 0.000000
vt 0.158017 0.103564 0.000000
vt 0.158017 0.092218 0.000000
vt 0.126133 0.103564 0.000000
vt 0.126133 0.092218 0.000000
vt 0.062500 0.970703 0.000000
vt 0.035156 0.996094 0.000000
vt 0.035156 0.970703 0.000000
vt 0.035156 0.945313 0.000000
vt 0.062500 0.970703 0.000000
vt 0.007813 0.970703 0.000000
vt 0.035156 0.945313 0.000000
vt 0.035156 0.970703 0.000000
vt 0.007813 0.970703 0.000000
vt 0.007813 0.970703 0.000000
vt 0.035156 0.970703 0.000000
vt 0.035156 0.996094 0.000000
vt 0.035156 0.945313 0.000000
vt 0.035156 0.996094 0.000000
vt 0.009018 0.109771 0.000000
vt 0.097153 0.109771 0.000000
vt 0.088025 0.124348 0.000000
vt 0.018418 0.124348 0.000000
vt 0.051593 0.132000 0.000000
vt 0.051593 0.132000 0.000000
vt 0.088025 0.124348 0.000000
vt 0.018418 0.124348 0.000000
vt 0.009018 0.109771 0.000000
vt 0.097153 0.109771 0.000000
vt 0.088025 0.124348 0.000000
vt 0.018418 0.124348 0.000000
vt 0.051593 0.132000 0.000000
vt 0.694116 0.746393 0.000000
vt 0.704140 0.736275 0.000000
vt 0.669866 0.745716 0.000000
vt 0.669866 0.745716 0.000000
vt 0.680354 0.736606 0.000000
vt 0.662478 0.718490 0.000000
vt 0.662478 0.718490 0.000000
vt 0.571595 0.718490 0.000000
vt 0.622901 0.764363 0.000000
vt 0.624236 0.718490 0.000000
vt 0.532741 0.718490 0.000000
vt 0.675417 0.718490 0.000000
vt 0.571595 0.718490 0.000000
vt 0.113281 0.451920 0.000000
vt 0.049840 0.475087 0.000000
vt 0.128432 0.503095 0.000000
vt 0.243882 0.464739 0.000000
vt 0.207868 0.509139 0.000000
vt 0.305705 0.527116 0.000000
vt 0.349399 0.457988 0.000000
vt 0.203420 0.567931 0.000000
vt 0.250000 0.567861 0.000000
vt 0.376669 0.592266 0.000000
vt 0.414737 0.516234 0.000000
vt 0.432754 0.576816 0.000000
vt 0.409796 0.414620 0.000000
vt 0.351527 0.415909 0.000000
vt 0.416921 0.465579 0.000000
vt 0.328032 0.423787 0.000000
vt 0.013402 0.493192 0.000000
vt 0.014821 0.515239 0.000000
vt 0.079212 0.535869 0.000000
vt 0.534167 0.476420 0.000000
vt 0.504520 0.414919 0.000000
vt 0.647182 0.536299 0.000000
vt 0.530838 0.513714 0.000000
vt 0.543378 0.575512 0.000000
vt 0.685035 0.585683 0.000000
vt 0.767118 0.505720 0.000000
vt 0.732841 0.444952 0.000000
vt 0.644208 0.513474 0.000000
vt 0.656346 0.441449 0.000000
vt 0.632112 0.439251 0.000000
vt 0.625646 0.476050 0.000000
vt 0.851026 0.568062 0.000000
vt 0.761226 0.542948 0.000000
vt 0.860343 0.523994 0.000000
vt 0.817899 0.447837 0.000000
vt 0.844869 0.408945 0.000000
vt 0.767118 0.505708 0.000000
vt 0.817899 0.447837 0.000000
vt 0.799706 0.609309 0.000000
vt 0.879834 0.633707 0.000000
vt 0.867188 0.610002 0.000000
vt 0.800323 0.631943 0.000000
vt 0.898024 0.588643 0.000000
vt 0.936102 0.605633 0.000000
vt 0.986293 0.582611 0.000000
vt 0.953211 0.549529 0.000000
vt 0.908356 0.538530 0.000000
vt 0.899712 0.472072 0.000000
vt 0.907085 0.411814 0.000000
vt 0.892262 0.450922 0.000000
vt 0.942006 0.452985 0.000000
vt 0.951954 0.413882 0.000000
vt 0.984765 0.556400 0.000000
vt 0.968578 0.492471 0.000000
vt 0.911870 0.539646 0.000000
vt 0.977664 0.369483 0.000000
vt 0.815827 0.345798 0.000000
vt 0.781781 0.401019 0.000000
vt 0.892853 0.356160 0.000000
vt 0.708374 0.401866 0.000000
vt 0.892853 0.356160 0.000000
vt 0.905157 0.330760 0.000000
vt 0.830532 0.326063 0.000000
vt 0.905157 0.330760 0.000000
vt 0.985821 0.335878 0.000000
vt 0.312645 0.937193 0.000000
vt 0.343018 0.921218 0.000000
vt 0.300781 0.916016 0.000000
vt 0.235832 0.905578 0.000000
vt 0.252231 0.934560 0.000000
vt 0.252776 0.947748 0.000000
vt 0.343280 0.968321 0.000000
vt 0.356847 0.953484 0.000000
vt 0.313451 0.965012 0.000000
vt 0.197640 0.902516 0.000000
vt 0.241475 0.890782 0.000000
vt 0.199185 0.885469 0.000000
vt 0.291605 0.878369 0.000000
vt 0.247712 0.863516 0.000000
vt 0.222656 0.863281 0.000000
vt 0.199199 0.876415 0.000000
vt 0.286754 0.848303 0.000000
vt 0.222173 0.836514 0.000000
vt 0.238231 0.852853 0.000000
vt 0.312038 0.894116 0.000000
vt 0.364206 0.862710 0.000000
vt 0.328545 0.808526 0.000000
vt 0.255884 0.800011 0.000000
vt 0.447305 0.837880 0.000000
vt 0.383239 0.828265 0.000000
vt 0.442231 0.884721 0.000000
vt 0.410101 0.990995 0.000000
vt 0.387751 0.964674 0.000000
vt 0.342586 0.977905 0.000000
vt 0.205296 0.923872 0.000000
vt 0.197711 0.931227 0.000000
vt 0.221167 0.935835 0.000000
vt 0.216165 0.975189 0.000000
vt 0.266625 0.979275 0.000000
vt 0.265379 0.962196 0.000000
vt 0.237098 0.959902 0.000000
vt 0.169801 0.964593 0.000000
vt 0.139267 0.979750 0.000000
vt 0.209961 0.995366 0.000000
vt 0.164063 0.923828 0.000000
vt 0.197888 0.937121 0.000000
vt 0.067323 0.896164 0.000000
vt 0.053324 0.905722 0.000000
vt 0.142770 0.932897 0.000000
vt 0.014445 0.891668 0.000000
vt 0.011464 0.903004 0.000000
vt 0.043338 0.891733 0.000000
vt 0.078125 0.853516 0.000000
vt 0.078125 0.867188 0.000000
vt 0.165840 0.873861 0.000000
vt 0.136719 0.857422 0.000000
vt 0.320313 0.996094 0.000000
vt 0.310095 0.979235 0.000000
vt 0.052601 0.882816 0.000000
vt 0.014445 0.884303 0.000000
vt 0.052282 0.871956 0.000000
vt 0.969980 0.917894 0.000000
vt 0.953219 0.926556 0.000000
vt 0.980044 0.924530 0.000000
vt 0.996094 0.949219 0.000000
vt 0.986154 0.956241 0.000000
vt 0.984375 0.970703 0.000000
vt 0.925457 0.997895 0.000000
vt 0.965272 0.958346 0.000000
vt 0.941536 0.967091 0.000000
vt 0.887370 0.971847 0.000000
vt 0.938352 0.946265 0.000000
vt 0.911733 0.921685 0.000000
vt 0.871768 0.951986 0.000000
vt 0.866834 0.930148 0.000000
vt 0.896097 0.913324 0.000000
vt 0.857762 0.916032 0.000000
vt 0.924088 0.914674 0.000000
vt 0.251165 0.308708 0.000000
vt 0.251118 0.277476 0.000000
vt 0.323067 0.274281 0.000000
vt 0.332216 0.304804 0.000000
vt 0.148659 0.299480 0.000000
vt 0.251165 0.308708 0.000000
vt 0.251118 0.277476 0.000000
vt 0.329855 0.332224 0.000000
vt 0.241089 0.330318 0.000000
vt 0.138583 0.325228 0.000000
vt 0.241089 0.330318 0.000000
vt 0.147858 0.355009 0.000000
vt 0.241260 0.358366 0.000000
vt 0.304334 0.362126 0.000000
vt 0.243413 0.450077 0.000000
vt 0.321081 0.426059 0.000000
vt 0.241260 0.358366 0.000000
vt 0.922087 0.099778 0.000000
vt 0.898438 0.130859 0.000000
vt 0.836477 0.048388 0.000000
vt 0.896158 0.025369 0.000000
vt 0.916573 0.277691 0.000000
vt 0.978975 0.262847 0.000000
vt 0.981006 0.308727 0.000000
vt 0.850904 0.274738 0.000000
vt 0.851397 0.157466 0.000000
vt 0.814807 0.128346 0.000000
vt 0.771516 0.083014 0.000000
vt 0.652505 0.764363 0.000000
vt 0.898438 0.130859 0.000000
vt 0.978975 0.125163 0.000000
vt 0.916573 0.277691 0.000000
vt 0.982627 0.602404 0.000000
vt 0.931538 0.626090 0.000000
vt 0.036821 0.815615 0.000000
vt 0.025103 0.792177 0.000000
vt 0.013384 0.815615 0.000000
vt 0.071978 0.776552 0.000000
vt 0.048540 0.778505 0.000000
vt 0.091509 0.801943 0.000000
vt 0.130571 0.825380 0.000000
vt 0.173540 0.811708 0.000000
vt 0.283893 0.610420 0.000000
vt 0.288893 0.639343 0.000000
vt 0.334961 0.641438 0.000000
vt 0.239436 0.625226 0.000000
vt 0.265625 0.996094 0.000000
vt 0.199605 0.949541 0.000000
vt 0.934042 0.786964 0.000000
vt 0.934042 0.822189 0.000000
vt 0.955094 0.817786 0.000000
vt 0.955094 0.782561 0.000000
vt 0.955094 0.782561 0.000000
vt 0.955094 0.817786 0.000000
vt 0.988778 0.802375 0.000000
vt 0.980357 0.769352 0.000000
vt 0.904569 0.769352 0.000000
vt 0.921411 0.758344 0.000000
vt 0.921411 0.758344 0.000000
vt 0.934042 0.742933 0.000000
vt 0.849834 0.753941 0.000000
vt 0.849834 0.753941 0.000000
vt 0.854044 0.769352 0.000000
vt 0.849834 0.736328 0.000000
vt 0.765625 0.760545 0.000000
vt 0.765625 0.760545 0.000000
vt 0.782467 0.778158 0.000000
vt 0.765625 0.740731 0.000000
vt 0.955094 0.855213 0.000000
vt 0.955094 0.855213 0.000000
vt 0.942463 0.850810 0.000000
vt 0.946673 0.897043 0.000000
vt 0.976146 0.830996 0.000000
vt 0.971936 0.861818 0.000000
vt 0.915524 0.896969 0.000000
vt 0.833911 0.862912 0.000000
vt 0.811814 0.868145 0.000000
vt 0.833911 0.862912 0.000000
vt 0.843553 0.855543 0.000000
vt 0.762150 0.832473 0.000000
vt 0.778488 0.827756 0.000000
vt 0.778488 0.827756 0.000000
vt 0.796300 0.818029 0.000000
vt 0.695868 0.803612 0.000000
vt 0.703635 0.789906 0.000000
vt 0.703635 0.789906 0.000000
vt 0.705643 0.776716 0.000000
vt 0.627298 0.801624 0.000000
vt 0.627298 0.801624 0.000000
vt 0.653146 0.809066 0.000000
vt 0.642297 0.782391 0.000000
vt 0.883433 0.824219 0.000000
vt 0.795642 0.791815 0.000000
vt 0.789489 0.806639 0.000000
vt 0.859996 0.833984 0.000000
vt 0.883433 0.824219 0.000000
vt 0.793589 0.789063 0.000000
vt 0.914683 0.876953 0.000000
vt 0.914683 0.832031 0.000000
vt 0.883433 0.785156 0.000000
vt 0.813121 0.781250 0.000000
vt 0.891246 0.802734 0.000000
vt 0.891246 0.802734 0.000000
vt 0.922496 0.812500 0.000000
vt 0.676475 0.407670 0.000000
vt 0.675027 0.396986 0.000000
vt 0.628613 0.411381 0.000000
vt 0.094560 0.951223 0.000000
vt 0.568503 0.420112 0.000000
vt 0.011719 0.914063 0.000000
vt 0.121121 0.881690 0.000000
vt 0.136510 0.902014 0.000000
vt 0.169719 0.796062 0.000000
vt 0.015625 0.873047 0.000000
vt 0.694116 0.746393 0.000000
vt 0.704140 0.736275 0.000000
vt 0.669866 0.745716 0.000000
vt 0.669866 0.745716 0.000000
vt 0.680354 0.736606 0.000000
vt 0.662478 0.718490 0.000000
vt 0.624236 0.718490 0.000000
vt 0.662478 0.718490 0.000000
vt 0.571595 0.718490 0.000000
vt 0.622901 0.764363 0.000000
vt 0.624236 0.718490 0.000000
vt 0.532741 0.718490 0.000000
vt 0.675417 0.718490 0.000000
vt 0.571595 0.718490 0.000000
vt 0.922087 0.099778 0.000000
vt 0.898438 0.130859 0.000000
vt 0.836477 0.048388 0.000000
vt 0.896158 0.025369 0.000000
vt 0.851397 0.157466 0.000000
vt 0.915127 0.263584 0.000000
vt 0.851155 0.261258 0.000000
vt 0.814807 0.128346 0.000000
vt 0.771516 0.083014 0.000000
vt 0.652505 0.764363 0.000000
vt 0.898438 0.130859 0.000000
vt 0.978975 0.125163 0.000000
vt 0.915127 0.263584 0.000000
vt 0.978975 0.256482 0.000000
vt 0.050781 0.432841 0.000000
vt 0.012859 0.432841 0.000000
vt 0.012859 0.472094 0.000000
vt 0.186393 0.644529 0.000000
vt 0.290432 0.654201 0.000000
vt 0.157015 0.575937 0.000000
vt 0.493766 0.901072 0.000000
vt 0.402344 0.939453 0.000000
vt 0.455056 0.956560 0.000000
vt 0.758298 0.512634 0.000000
vt 0.169634 0.858583 0.000000
vt 0.138384 0.784365 0.000000
vt 0.505169 0.852292 0.000000
vt 0.053914 0.934865 0.000000
vt 0.199219 0.863281 0.000000
vt 0.836477 0.048388 0.000000
vt 0.836477 0.048388 0.000000
vt 0.185110 0.272719 0.000000
vt 0.148556 0.154774 0.000000
vt 0.306254 0.147214 0.000000
vt 0.178115 0.198698 0.000000
vt 0.505557 0.192839 0.000000
vt 0.424124 0.188150 0.000000
vt 0.087310 0.206559 0.000000
vt 0.089827 0.175564 0.000000
vt 0.309982 0.189085 0.000000
vt 0.458183 0.157395 0.000000
vt 0.053429 0.159996 0.000000
vt 0.136932 0.130648 0.000000
vt 0.313132 0.117706 0.000000
vt 0.410354 0.122578 0.000000
vt 0.520195 0.151216 0.000000
vt 0.033183 0.214418 0.000000
vt 0.594957 0.200956 0.000000
vt 0.742188 0.662109 0.000000
vt 0.742188 0.650391 0.000000
vt 0.773438 0.650391 0.000000
vt 0.773438 0.662109 0.000000
vt 0.816406 0.662109 0.000000
vt 0.005492 0.143590 0.000000
vt 0.033876 0.140683 0.000000
vt 0.855469 0.662109 0.000000
vt 0.855469 0.640625 0.000000
vt 0.917969 0.640625 0.000000
vt 0.920025 0.662109 0.000000
vt 0.033330 0.168536 0.000000
vt 0.033330 0.153428 0.000000
vt 0.045653 0.255788 0.000000
vt 0.005308 0.136840 0.000000
vt 0.588702 0.777688 0.000000
vt 0.588702 0.812150 0.000000
vt 0.539556 0.812150 0.000000
vt 0.539556 0.777688 0.000000
vt 0.539556 0.777688 0.000000
vt 0.588702 0.777688 0.000000
vt 0.588702 0.812150 0.000000
vt 0.539556 0.812150 0.000000
vt 0.539556 0.769272 0.000000
vt 0.588702 0.769272 0.000000
vt 0.588702 0.777688 0.000000
vt 0.539556 0.777688 0.000000
vt 0.605073 0.777688 0.000000
vt 0.605073 0.812150 0.000000
vt 0.588702 0.812150 0.000000
vt 0.588702 0.777688 0.000000
vt 0.588702 0.818291 0.000000
vt 0.588702 0.812150 0.000000
vt 0.539556 0.812150 0.000000
vt 0.539556 0.818291 0.000000
vt 0.525837 0.812150 0.000000
vt 0.525837 0.777688 0.000000
vt 0.539556 0.777688 0.000000
vt 0.539556 0.812150 0.000000
vt 0.588702 0.777688 0.000000
vt 0.588702 0.812150 0.000000
vt 0.539556 0.812150 0.000000
vt 0.539556 0.777688 0.000000
vt 0.539556 0.777688 0.000000
vt 0.588702 0.777688 0.000000
vt 0.588702 0.812150 0.000000
vt 0.539556 0.812150 0.000000
vt 0.539556 0.769272 0.000000
vt 0.588702 0.769272 0.000000
vt 0.588702 0.777688 0.000000
vt 0.539556 0.777688 0.000000
vt 0.605073 0.777688 0.000000
vt 0.605073 0.812150 0.000000
vt 0.588702 0.812150 0.000000
vt 0.588702 0.777688 0.000000
vt 0.588539 0.818337 0.000000
vt 0.540049 0.818350 0.000000
vt 0.540049 0.812166 0.000000
vt 0.588539 0.812154 0.000000
vt 0.525837 0.812150 0.000000
vt 0.525837 0.777688 0.000000
vt 0.539556 0.777688 0.000000
vt 0.539556 0.812150 0.000000
vt 0.312172 0.097838 0.000000
vt 0.355476 0.097838 0.000000
vt 0.355476 0.070494 0.000000
vt 0.286190 0.070494 0.000000
vt 0.247038 0.097838 0.000000
vt 0.242887 0.070494 0.000000
vt 0.312172 0.097838 0.000000
vt 0.286190 0.070494 0.000000
vt 0.355476 0.070494 0.000000
vt 0.403109 0.097838 0.000000
vt 0.355476 0.097838 0.000000
vt 0.420431 0.070494 0.000000
vt 0.442082 0.097838 0.000000
vt 0.472395 0.070494 0.000000
vt 0.403109 0.097838 0.000000
vt 0.420431 0.070494 0.000000
vt 0.355476 0.033385 0.000000
vt 0.355476 0.006041 0.000000
vt 0.302610 0.006041 0.000000
vt 0.286190 0.033385 0.000000
vt 0.268869 0.006041 0.000000
vt 0.242887 0.033385 0.000000
vt 0.286190 0.033385 0.000000
vt 0.302610 0.006041 0.000000
vt 0.355476 0.006041 0.000000
vt 0.355476 0.033385 0.000000
vt 0.403109 0.006041 0.000000
vt 0.420431 0.033385 0.000000
vt 0.449420 0.006041 0.000000
vt 0.472395 0.033385 0.000000
vt 0.420431 0.033385 0.000000
vt 0.403109 0.006041 0.000000
vt 0.959163 0.037179 0.000000
vt 0.931819 0.056710 0.000000
vt 0.959163 0.062569 0.000000
vt 0.924006 0.037179 0.000000
vt 0.931819 0.019601 0.000000
vt 0.959163 0.011788 0.000000
vt 0.982600 0.019601 0.000000
vt 0.994319 0.037179 0.000000
vt 0.982600 0.056710 0.000000
vt 0.043492 0.103564 0.000000
vt 0.089754 0.103564 0.000000
vt 0.089754 0.092218 0.000000
vt 0.043492 0.092218 0.000000
vt 0.011007 0.103564 0.000000
vt 0.011007 0.092218 0.000000
vt 0.043492 0.103564 0.000000
vt 0.043492 0.092218 0.000000
vt 0.089754 0.103564 0.000000
vt 0.089754 0.092218 0.000000
vt 0.126133 0.103564 0.000000
vt 0.126133 0.092218 0.000000
vt 0.158017 0.103564 0.000000
vt 0.158017 0.092218 0.000000
vt 0.126133 0.103564 0.000000
vt 0.126133 0.092218 0.000000
vt 0.136642 0.111787 0.000000
vt 0.117436 0.111787 0.000000
vt 0.117436 0.106734 0.000000
vt 0.136642 0.106734 0.000000
vt 0.153448 0.111787 0.000000
vt 0.153448 0.106734 0.000000
vt 0.136642 0.111787 0.000000
vt 0.136642 0.106734 0.000000
vt 0.117436 0.111787 0.000000
vt 0.117436 0.106734 0.000000
vt 0.136642 0.111787 0.000000
vt 0.136642 0.106734 0.000000
vt 0.153448 0.111787 0.000000
vt 0.153448 0.106734 0.000000
vt 0.136642 0.111787 0.000000
vt 0.136642 0.106734 0.000000
vt 0.044183 0.092218 0.000000
vt 0.044183 0.103564 0.000000
vt 0.079370 0.103564 0.000000
vt 0.079370 0.092218 0.000000
vt 0.013344 0.092218 0.000000
vt 0.013344 0.103564 0.000000
vt 0.044183 0.092218 0.000000
vt 0.044183 0.103564 0.000000
vt 0.079370 0.092218 0.000000
vt 0.079370 0.103564 0.000000
vt 0.124117 0.092218 0.000000
vt 0.124117 0.103564 0.000000
vt 0.155536 0.092218 0.000000
vt 0.155536 0.103564 0.000000
vt 0.124117 0.092218 0.000000
vt 0.124117 0.103564 0.000000
vt 0.051593 0.132000 0.000000
vt 0.018418 0.124348 0.000000
vt 0.088025 0.124348 0.000000
vt 0.043492 0.103564 0.000000
vt 0.089754 0.103564 0.000000
vt 0.089754 0.092218 0.000000
vt 0.043492 0.092218 0.000000
vt 0.011007 0.103564 0.000000
vt 0.011007 0.092218 0.000000
vt 0.043492 0.103564 0.000000
vt 0.043492 0.092218 0.000000
vt 0.089754 0.103564 0.000000
vt 0.089754 0.092218 0.000000
vt 0.126133 0.103564 0.000000
vt 0.126133 0.092218 0.000000
vt 0.158017 0.103564 0.000000
vt 0.158017 0.092218 0.000000
vt 0.126133 0.103564 0.000000
vt 0.126133 0.092218 0.000000
vt 0.062500 0.970703 0.000000
vt 0.035156 0.970703 0.000000
vt 0.035156 0.996094 0.000000
vt 0.035156 0.945313 0.000000
vt 0.007813 0.970703 0.000000
vt 0.062500 0.970703 0.000000
vt 0.035156 0.945313 0.000000
vt 0.007813 0.970703 0.000000
vt 0.035156 0.970703 0.000000
vt 0.007813 0.970703 0.000000
vt 0.035156 0.996094 0.000000
vt 0.035156 0.970703 0.000000
vt 0.035156 0.945313 0.000000
vt 0.035156 0.996094 0.000000
vt 0.009018 0.109771 0.000000
vt 0.018418 0.124348 0.000000
vt 0.088025 0.124348 0.000000
vt 0.097153 0.109771 0.000000
vt 0.051593 0.132000 0.000000
vt 0.051593 0.132000 0.000000
vt 0.018418 0.124348 0.000000
vt 0.088025 0.124348 0.000000
vt 0.009018 0.109771 0.000000
vt 0.018418 0.124348 0.000000
vt 0.088025 0.124348 0.000000
vt 0.097153 0.109771 0.000000
vt 0.051593 0.132000 0.000000
vt 0.694116 0.746393 0.000000
vt 0.669866 0.745716 0.000000
vt 0.704140 0.736275 0.000000
vt 0.669866 0.745716 0.000000
vt 0.662478 0.718490 0.000000
vt 0.680354 0.736606 0.000000
vt 0.662478 0.718490 0.000000
vt 0.571595 0.718490 0.000000
vt 0.624236 0.718490 0.000000
vt 0.622901 0.764363 0.000000
vt 0.532741 0.718490 0.000000
vt 0.675417 0.718490 0.000000
vt 0.571595 0.718490 0.000000
vt 0.113281 0.451920 0.000000
vt 0.128432 0.503095 0.000000
vt 0.049840 0.475087 0.000000
vt 0.243882 0.464739 0.000000
vt 0.207868 0.509139 0.000000
vt 0.305705 0.527116 0.000000
vt 0.349399 0.457988 0.000000
vt 0.203420 0.567931 0.000000
vt 0.376669 0.592266 0.000000
vt 0.250000 0.567861 0.000000
vt 0.414737 0.516234 0.000000
vt 0.432754 0.576816 0.000000
vt 0.416921 0.465579 0.000000
vt 0.328032 0.423787 0.000000
vt 0.079212 0.535869 0.000000
vt 0.534167 0.476420 0.000000
vt 0.647182 0.536299 0.000000
vt 0.685035 0.585683 0.000000
vt 0.543378 0.575512 0.000000
vt 0.530838 0.513714 0.000000
vt 0.767118 0.505720 0.000000
vt 0.644208 0.513474 0.000000
vt 0.732841 0.444952 0.000000
vt 0.656346 0.441449 0.000000
vt 0.625646 0.476050 0.000000
vt 0.632112 0.439251 0.000000
vt 0.761226 0.542948 0.000000
vt 0.851026 0.568062 0.000000
vt 0.860343 0.523994 0.000000
vt 0.817899 0.447837 0.000000
vt 0.844869 0.408945 0.000000
vt 0.767118 0.505708 0.000000
vt 0.817899 0.447837 0.000000
vt 0.799706 0.609309 0.000000
vt 0.867188 0.610002 0.000000
vt 0.898024 0.588643 0.000000
vt 0.936102 0.605633 0.000000
vt 0.953211 0.549529 0.000000
vt 0.908356 0.538530 0.000000
vt 0.899712 0.472072 0.000000
vt 0.907085 0.411814 0.000000
vt 0.951954 0.413882 0.000000
vt 0.942006 0.452985 0.000000
vt 0.892262 0.450922 0.000000
vt 0.968578 0.492471 0.000000
vt 0.977664 0.369483 0.000000
vt 0.815827 0.345798 0.000000
vt 0.892853 0.356160 0.000000
vt 0.781781 0.401019 0.000000
vt 0.892853 0.356160 0.000000
vt 0.708374 0.401866 0.000000
vt 0.830532 0.326063 0.000000
vt 0.905157 0.330760 0.000000
vt 0.905157 0.330760 0.000000
vt 0.985821 0.335878 0.000000
vt 0.312645 0.937193 0.000000
vt 0.300781 0.916016 0.000000
vt 0.343018 0.921218 0.000000
vt 0.235832 0.905578 0.000000
vt 0.252231 0.934560 0.000000
vt 0.252776 0.947748 0.000000
vt 0.343280 0.968321 0.000000
vt 0.313451 0.965012 0.000000
vt 0.356847 0.953484 0.000000
vt 0.197640 0.902516 0.000000
vt 0.199185 0.885469 0.000000
vt 0.241475 0.890782 0.000000
vt 0.291605 0.878369 0.000000
vt 0.199199 0.876415 0.000000
vt 0.286754 0.848303 0.000000
vt 0.364206 0.862710 0.000000
vt 0.312038 0.894116 0.000000
vt 0.328545 0.808526 0.000000
vt 0.255884 0.800011 0.000000
vt 0.447305 0.837880 0.000000
vt 0.442231 0.884721 0.000000
vt 0.383239 0.828265 0.000000
vt 0.342586 0.977905 0.000000
vt 0.387751 0.964674 0.000000
vt 0.205296 0.923872 0.000000
vt 0.221167 0.935835 0.000000
vt 0.197711 0.931227 0.000000
vt 0.216165 0.975189 0.000000
vt 0.237098 0.959902 0.000000
vt 0.265379 0.962196 0.000000
vt 0.266625 0.979275 0.000000
vt 0.169801 0.964593 0.000000
vt 0.164063 0.923828 0.000000
vt 0.197888 0.937121 0.000000
vt 0.142770 0.932897 0.000000
vt 0.053324 0.905722 0.000000
vt 0.067323 0.896164 0.000000
vt 0.043338 0.891733 0.000000
vt 0.165840 0.873861 0.000000
vt 0.078125 0.867188 0.000000
vt 0.310095 0.979235 0.000000
vt 0.052601 0.882816 0.000000
vt 0.052282 0.871956 0.000000
vt 0.969980 0.917894 0.000000
vt 0.980044 0.924530 0.000000
vt 0.953219 0.926556 0.000000
vt 0.996094 0.949219 0.000000
vt 0.986154 0.956241 0.000000
vt 0.984375 0.970703 0.000000
vt 0.925457 0.997895 0.000000
vt 0.965272 0.958346 0.000000
vt 0.941536 0.967091 0.000000
vt 0.887370 0.971847 0.000000
vt 0.938352 0.946265 0.000000
vt 0.911733 0.921685 0.000000
vt 0.871768 0.951986 0.000000
vt 0.866834 0.930148 0.000000
vt 0.896097 0.913324 0.000000
vt 0.857762 0.916032 0.000000
vt 0.924088 0.914674 0.000000
vt 0.251165 0.308708 0.000000
vt 0.332216 0.304804 0.000000
vt 0.323067 0.274281 0.000000
vt 0.251118 0.277476 0.000000
vt 0.148659 0.299480 0.000000
vt 0.251165 0.308708 0.000000
vt 0.251118 0.277476 0.000000
vt 0.329855 0.332224 0.000000
vt 0.241089 0.330318 0.000000
vt 0.138583 0.325228 0.000000
vt 0.241089 0.330318 0.000000
vt 0.147858 0.355009 0.000000
vt 0.241260 0.358366 0.000000
vt 0.304334 0.362126 0.000000
vt 0.243413 0.450077 0.000000
vt 0.321081 0.426059 0.000000
vt 0.241260 0.358366 0.000000
vt 0.922087 0.099778 0.000000
vt 0.896158 0.025369 0.000000
vt 0.836477 0.048388 0.000000
vt 0.898438 0.130859 0.000000
vt 0.981006 0.308727 0.000000
vt 0.978975 0.262847 0.000000
vt 0.916573 0.277691 0.000000
vt 0.850904 0.274738 0.000000
vt 0.851397 0.157466 0.000000
vt 0.771516 0.083014 0.000000
vt 0.814807 0.128346 0.000000
vt 0.652505 0.764363 0.000000
vt 0.898438 0.130859 0.000000
vt 0.978975 0.125163 0.000000
vt 0.916573 0.277691 0.000000
vt 0.025103 0.792177 0.000000
vt 0.091509 0.801943 0.000000
vt 0.130571 0.825380 0.000000
vt 0.283893 0.610420 0.000000
vt 0.239436 0.625226 0.000000
vt 0.199605 0.949541 0.000000
vt 0.934042 0.786964 0.000000
vt 0.955094 0.782561 0.000000
vt 0.955094 0.817786 0.000000
vt 0.934042 0.822189 0.000000
vt 0.955094 0.782561 0.000000
vt 0.955094 0.817786 0.000000
vt 0.988778 0.802375 0.000000
vt 0.980357 0.769352 0.000000
vt 0.904569 0.769352 0.000000
vt 0.921411 0.758344 0.000000
vt 0.921411 0.758344 0.000000
vt 0.934042 0.742933 0.000000
vt 0.849834 0.753941 0.000000
vt 0.849834 0.753941 0.000000
vt 0.854044 0.769352 0.000000
vt 0.849834 0.736328 0.000000
vt 0.765625 0.760545 0.000000
vt 0.765625 0.760545 0.000000
vt 0.782467 0.778158 0.000000
vt 0.765625 0.740731 0.000000
vt 0.955094 0.855213 0.000000
vt 0.955094 0.855213 0.000000
vt 0.942463 0.850810 0.000000
vt 0.946673 0.897043 0.000000
vt 0.976146 0.830996 0.000000
vt 0.971936 0.861818 0.000000
vt 0.915524 0.896969 0.000000
vt 0.811814 0.868145 0.000000
vt 0.833911 0.862912 0.000000
vt 0.833911 0.862912 0.000000
vt 0.843553 0.855543 0.000000
vt 0.762150 0.832473 0.000000
vt 0.778488 0.827756 0.000000
vt 0.778488 0.827756 0.000000
vt 0.796300 0.818029 0.000000
vt 0.695868 0.803612 0.000000
vt 0.703635 0.789906 0.000000
vt 0.703635 0.789906 0.000000
vt 0.705643 0.776716 0.000000
vt 0.627298 0.801624 0.000000
vt 0.627298 0.801624 0.000000
vt 0.653146 0.809066 0.000000
vt 0.642297 0.782391 0.000000
vt 0.883433 0.824219 0.000000
vt 0.859996 0.833984 0.000000
vt 0.789489 0.806639 0.000000
vt 0.795642 0.791815 0.000000
vt 0.883433 0.824219 0.000000
vt 0.793589 0.789063 0.000000
vt 0.914683 0.876953 0.000000
vt 0.914683 0.832031 0.000000
vt 0.883433 0.785156 0.000000
vt 0.891246 0.802734 0.000000
vt 0.813121 0.781250 0.000000
vt 0.891246 0.802734 0.000000
vt 0.922496 0.812500 0.000000
vt 0.676475 0.407670 0.000000
vt 0.136510 0.902014 0.000000
vt 0.121121 0.881690 0.000000
vt 0.694116 0.746393 0.000000
vt 0.669866 0.745716 0.000000
vt 0.704140 0.736275 0.000000
vt 0.669866 0.745716 0.000000
vt 0.662478 0.718490 0.000000
vt 0.680354 0.736606 0.000000
vt 0.624236 0.718490 0.000000
vt 0.662478 0.718490 0.000000
vt 0.571595 0.718490 0.000000
vt 0.624236 0.718490 0.000000
vt 0.622901 0.764363 0.000000
vt 0.532741 0.718490 0.000000
vt 0.675417 0.718490 0.000000
vt 0.571595 0.718490 0.000000
vt 0.922087 0.099778 0.000000
vt 0.896158 0.025369 0.000000
vt 0.836477 0.048388 0.000000
vt 0.898438 0.130859 0.000000
vt 0.851397 0.157466 0.000000
vt 0.851155 0.261258 0.000000
vt 0.915127 0.263584 0.000000
vt 0.771516 0.083014 0.000000
vt 0.814807 0.128346 0.000000
vt 0.652505 0.764363 0.000000
vt 0.898438 0.130859 0.000000
vt 0.978975 0.125163 0.000000
vt 0.915127 0.263584 0.000000
vt 0.978975 0.256482 0.000000
vt 0.050781 0.432841 0.000000
vt 0.329646 0.669392 0.000000
vt 0.414872 0.734249 0.000000
vt 0.397501 0.772027 0.000000
vt 0.186393 0.644529 0.000000
vt 0.157015 0.575937 0.000000
vt 0.402344 0.939453 0.000000
vt 0.836477 0.048388 0.000000
vt 0.836477 0.048388 0.000000
vt 0.185110 0.272719 0.000000
vt 0.624236 0.718490 0.000000
vt 0.624236 0.718490 0.000000
usemtl Material_5
f 2/2 1/1 3/3
f 5/5 4/4 6/6
f 7/7 6/6 4/4
f 8/8 2/2 9/9
f 10/10 9/9 2/2
f 11/11 1/1 2/2
f 12/12 10/10 2/2
f 8/8 11/11 2/2
f 5/5 13/13 4/4
f 14/14 8/8 9/9
f 1/1 11/11 15/15
f 16/16 15/15 11/11
f 3/3 1/1 17/17
f 15/15 17/17 1/1
f 18/18 13/13 19/19
f 8/8 20/20 11/11
f 16/16 11/11 20/20
f 18/18 21/21 13/13
f 4/4 13/13 21/21
f 23/23 22/22 24/24
f 25/25 24/24 22/22
f 26/26 23/23 24/24
f 28/28 27/27 29/29
f 31/31 30/30 32/32
f 33/33 32/32 30/30
f 35/35 34/34 27/27
f 36/36 35/35 27/27
f 30/30 26/26 33/33
f 33/33 26/26 24/24
f 12/12 2/2 3/3
f 37/37 4/4 21/21
f 39/39 38/38 32/32
f 31/31 32/32 38/38
f 7/7 4/4 37/37
f 6/6 40/40 5/5
f 12/12 5/5 40/40
f 13/13 3/3 17/17
f 20/20 8/8 41/41
f 42/42 28/28 29/29
f 36/36 27/27 28/28
f 5/5 3/3 13/13
f 12/12 3/3 5/5
f 19/19 13/13 17/17
f 41/41 8/8 14/14
f 40/40 10/10 12/12
f 44/44 43/43 45/45
f 46/46 45/45 43/43
f 48/48 47/47 49/49
f 50/50 49/49 47/47
f 52/52 51/51 53/53
f 54/54 53/53 51/51
f 56/56 55/55 57/57
f 58/58 57/57 55/55
f 60/60 59/59 61/61
f 62/62 61/61 59/59
f 64/64 63/63 65/65
f 66/66 65/65 63/63
f 68/68 67/67 69/69
f 70/70 69/69 67/67
f 72/72 71/71 73/73
f 74/74 73/73 71/71
f 76/76 75/75 77/77
f 78/78 77/77 75/75
f 80/80 79/79 81/81
f 82/82 81/81 79/79
f 84/84 83/83 85/85
f 86/86 85/85 83/83
f 88/88 87/87 89/89
f 90/90 89/89 87/87
f 92/92 91/91 93/93
f 94/94 93/93 91/91
f 96/96 95/95 92/92
f 91/91 92/92 95/95
f 98/98 97/97 96/96
f 95/95 96/96 97/97
f 99/99 97/97 98/98
f 101/101 100/100 99/99
f 102/102 99/99 100/100
f 104/104 103/103 101/101
f 100/100 101/101 103/103
f 106/106 105/105 104/104
f 103/103 104/104 105/105
f 93/93 94/94 106/106
f 105/105 106/106 94/94
f 108/108 107/107 109/109
f 110/110 109/109 107/107
f 111/111 108/108 109/109
f 113/113 112/112 111/111
f 114/114 113/113 115/115
f 116/116 115/115 113/113
f 117/117 114/114 118/118
f 115/115 118/118 114/114
f 119/119 117/117 118/118
f 121/121 120/120 119/119
f 107/107 121/121 110/110
f 122/122 110/110 121/121
f 124/124 123/123 125/125
f 125/125 123/123 126/126
f 126/126 123/123 127/127
f 127/127 123/123 128/128
f 128/128 123/123 129/129
f 129/129 123/123 130/130
f 130/130 123/123 131/131
f 131/131 123/123 124/124
f 133/133 132/132 134/134
f 135/135 134/134 132/132
f 137/137 136/136 133/133
f 132/132 133/133 136/136
f 139/139 138/138 137/137
f 136/136 137/137 138/138
f 141/141 140/140 139/139
f 138/138 139/139 140/140
f 143/143 142/142 141/141
f 140/140 141/141 142/142
f 145/145 144/144 143/143
f 142/142 143/143 144/144
f 147/147 146/146 145/145
f 144/144 145/145 146/146
f 134/134 135/135 147/147
f 146/146 147/147 135/135
f 149/149 148/148 150/150
f 151/151 150/150 148/148
f 153/153 152/152 149/149
f 148/148 149/149 152/152
f 155/155 154/154 153/153
f 152/152 153/153 154/154
f 157/157 156/156 155/155
f 154/154 155/155 156/156
f 159/159 158/158 157/157
f 156/156 157/157 158/158
f 161/161 160/160 159/159
f 158/158 159/159 160/160
f 163/163 162/162 161/161
f 160/160 161/161 162/162
f 150/150 151/151 163/163
f 162/162 163/163 151/151
f 165/165 164/164 166/166
f 167/167 166/166 164/164
f 167/167 164/164 168/168
f 169/169 168/168 164/164
f 168/168 169/169 170/170
f 171/171 170/170 169/169
f 170/170 171/171 172/172
f 173/173 172/172 171/171
f 172/172 173/173 174/174
f 175/175 174/174 173/173
f 174/174 175/175 176/176
f 177/177 176/176 175/175
f 176/176 177/177 178/178
f 179/179 178/178 177/177
f 179/179 165/165 178/178
f 166/166 178/178 165/165
f 108/108 92/92 107/107
f 93/93 107/107 92/92
f 112/112 96/96 108/108
f 92/92 108/108 96/96
f 113/113 98/98 112/112
f 96/96 112/112 98/98
f 114/114 99/99 113/113
f 98/98 113/113 99/99
f 117/117 101/101 114/114
f 99/99 114/114 101/101
f 120/120 104/104 117/117
f 101/101 117/117 104/104
f 121/121 106/106 120/120
f 104/104 120/120 106/106
f 107/107 93/93 121/121
f 106/106 121/121 93/93
f 181/181 180/180 182/182
f 184/184 183/183 185/185
f 186/186 185/185 183/183
f 188/188 187/187 184/184
f 183/183 184/184 187/187
f 190/190 189/189 188/188
f 187/187 188/188 189/189
f 192/192 191/191 190/190
f 189/189 190/190 191/191
f 194/194 193/193 192/192
f 191/191 192/192 193/193
f 196/196 195/195 194/194
f 193/193 194/194 195/195
f 198/198 197/197 196/196
f 195/195 196/196 197/197
f 185/185 186/186 198/198
f 197/197 198/198 186/186
f 200/200 199/199 201/201
f 203/203 202/202 204/204
f 206/206 205/205 207/207
f 209/209 208/208 210/210
f 201/201 199/199 211/211
f 203/203 204/204 212/212
f 102/102 97/97 99/99
f 116/116 113/113 111/111
f 112/112 108/108 111/111
f 122/122 121/121 119/119
f 120/120 117/117 119/119
f 214/214 213/213 215/215
f 216/216 215/215 213/213
f 217/217 215/215 216/216
f 182/182 213/213 181/181
f 214/214 181/181 213/213
f 219/219 218/218 220/220
f 222/222 221/221 223/223
f 224/224 223/223 221/221
f 225/225 223/223 224/224
f 220/220 221/221 219/219
f 222/222 219/219 221/221
f 227/227 226/226 228/228
f 227/227 229/229 226/226
f 230/230 228/228 231/231
f 229/229 230/230 232/232
f 234/234 233/233 235/235
f 235/235 228/228 234/234
f 235/235 231/231 228/228
f 233/233 231/231 235/235
f 236/236 231/231 233/233
f 236/236 237/237 231/231
f 237/237 236/236 232/232
f 232/232 236/236 238/238
f 237/237 230/230 231/231
f 230/230 237/237 232/232
f 236/236 234/234 238/238
f 234/234 236/236 233/233
f 229/229 227/227 230/230
f 227/227 228/228 230/230
f 240/240 239/239 241/241
f 241/241 239/239 242/242
f 244/244 243/243 242/242
f 242/242 245/245 244/244
f 241/241 243/243 246/246
f 247/247 244/244 248/248
f 244/244 249/249 248/248
f 250/250 248/248 249/249
f 249/249 244/244 245/245
f 252/252 251/251 253/253
f 245/245 254/254 252/252
f 255/255 241/241 256/256
f 257/257 256/256 241/241
f 258/258 253/253 259/259
f 251/251 259/259 253/253
f 261/261 260/260 262/262
f 263/263 262/262 260/260
f 265/265 264/264 266/266
f 268/268 267/267 269/269
f 270/270 263/263 271/271
f 272/272 270/270 271/271
f 264/264 272/272 271/271
f 264/264 273/273 272/272
f 274/274 273/273 265/265
f 267/267 275/275 276/276
f 277/277 263/263 270/270
f 279/279 278/278 277/277
f 280/280 277/277 278/278
f 279/279 281/281 278/278
f 282/282 278/278 281/281
f 284/284 283/283 282/282
f 284/284 285/285 286/286
f 288/288 287/287 289/289
f 290/290 289/289 287/287
f 291/291 284/284 292/292
f 293/293 292/292 275/275
f 289/289 276/276 275/275
f 276/276 289/289 290/290
f 294/294 290/290 287/287
f 296/296 295/295 297/297
f 298/298 276/276 299/299
f 294/294 299/299 290/290
f 300/300 297/297 301/301
f 295/295 301/301 297/297
f 295/295 299/299 301/301
f 302/302 301/301 299/299
f 299/299 294/294 302/302
f 303/303 302/302 294/294
f 305/305 304/304 306/306
f 308/308 307/307 304/304
f 306/306 304/304 307/307
f 304/304 309/309 308/308
f 311/311 310/310 312/312
f 307/307 313/313 314/314
f 315/315 314/314 313/313
f 316/316 314/314 317/317
f 314/314 318/318 317/317
f 318/318 314/314 319/319
f 315/315 319/319 314/314
f 321/321 320/320 322/322
f 323/323 320/320 324/324
f 326/326 325/325 320/320
f 324/324 320/320 325/325
f 328/328 327/327 329/329
f 331/331 330/330 332/332
f 334/334 333/333 335/335
f 337/337 336/336 338/338
f 339/339 338/338 336/336
f 340/340 336/336 341/341
f 342/342 341/341 336/336
f 344/344 343/343 334/334
f 345/345 343/343 346/346
f 347/347 346/346 343/343
f 349/349 348/348 350/350
f 352/352 351/351 353/353
f 354/354 353/353 351/351
f 332/332 355/355 356/356
f 357/357 350/350 358/358
f 348/348 358/358 350/350
f 359/359 351/351 352/352
f 361/361 360/360 362/362
f 361/361 362/362 363/363
f 363/363 364/364 361/361
f 364/364 363/363 365/365
f 364/364 365/365 366/366
f 366/366 367/367 364/364
f 368/368 367/367 366/366
f 369/369 368/368 366/366
f 367/367 361/361 364/364
f 361/361 370/370 371/371
f 370/370 367/367 368/368
f 368/368 369/369 370/370
f 372/372 370/370 369/369
f 372/372 371/371 370/370
f 371/371 373/373 374/374
f 375/375 374/374 373/373
f 361/361 371/371 376/376
f 378/378 377/377 379/379
f 380/380 379/379 377/377
f 381/381 377/377 378/378
f 383/383 382/382 381/381
f 382/382 383/383 380/380
f 379/379 380/380 383/383
f 385/385 384/384 377/377
f 380/380 377/377 384/384
f 385/385 377/377 386/386
f 381/381 386/386 377/377
f 381/381 382/382 386/386
f 387/387 386/386 382/382
f 386/386 387/387 388/388
f 389/389 388/388 387/387
f 389/389 387/387 390/390
f 384/384 390/390 387/387
f 392/392 391/391 245/245
f 239/239 391/391 393/393
f 388/388 389/389 239/239
f 242/242 239/239 389/389
f 392/392 245/245 242/242
f 395/395 394/394 396/396
f 397/397 396/396 394/394
f 398/398 302/302 399/399
f 400/400 399/399 302/302
f 398/398 401/401 302/302
f 301/301 302/302 401/401
f 395/395 402/402 398/398
f 401/401 398/398 402/402
f 395/395 396/396 403/403
f 404/404 403/403 396/396
f 229/229 234/234 405/405
f 406/406 403/403 404/404
f 407/407 406/406 394/394
f 303/303 300/300 400/400
f 301/301 401/401 408/408
f 282/282 283/283 409/409
f 282/282 410/410 278/278
f 412/412 411/411 413/413
f 415/415 414/414 412/412
f 416/416 412/412 414/414
f 417/417 416/416 418/418
f 325/325 328/328 324/324
f 234/234 228/228 405/405
f 406/406 408/408 402/402
f 401/401 402/402 408/408
f 399/399 408/408 406/406
f 407/407 395/395 399/399
f 398/398 399/399 395/395
f 243/243 244/244 247/247
f 246/246 243/243 247/247
f 248/248 419/419 247/247
f 420/420 419/419 421/421
f 248/248 421/421 419/419
f 422/422 419/419 420/420
f 422/422 247/247 419/419
f 246/246 247/247 422/422
f 337/337 356/356 423/423
f 355/355 423/423 356/356
f 339/339 424/424 309/309
f 424/424 344/344 335/335
f 309/309 335/335 308/308
f 333/333 313/313 307/307
f 343/343 333/333 334/334
f 344/344 334/334 335/335
f 312/312 356/356 338/338
f 337/337 338/338 356/356
f 309/309 424/424 335/335
f 426/426 425/425 427/427
f 428/428 427/427 425/425
f 430/430 429/429 426/426
f 425/425 426/426 429/429
f 429/429 430/430 431/431
f 427/427 428/428 431/431
f 432/432 431/431 428/428
f 425/425 433/433 428/428
f 434/434 428/428 433/433
f 433/433 425/425 429/429
f 435/435 429/429 432/432
f 428/428 434/434 432/432
f 436/436 432/432 434/434
f 437/437 434/434 433/433
f 435/435 438/438 433/433
f 439/439 433/433 438/438
f 436/436 440/440 435/435
f 438/438 435/435 440/440
f 434/434 437/437 436/436
f 440/440 436/436 437/437
f 441/441 437/437 439/439
f 438/438 442/442 439/439
f 443/443 439/439 442/442
f 442/442 438/438 440/440
f 444/444 440/440 437/437
f 445/445 426/426 427/427
f 446/446 430/430 426/426
f 448/448 447/447 445/445
f 448/448 446/446 447/447
f 427/427 449/449 445/445
f 450/450 445/445 449/449
f 448/448 445/445 450/450
f 450/450 446/446 448/448
f 452/452 451/451 453/453
f 453/453 451/451 454/454
f 454/454 451/451 455/455
f 455/455 451/451 452/452
f 453/453 456/456 452/452
f 457/457 452/452 456/456
f 454/454 458/458 453/453
f 456/456 453/453 458/458
f 458/458 454/454 455/455
f 452/452 457/457 455/455
f 459/459 455/455 457/457
f 456/456 460/460 457/457
f 461/461 457/457 460/460
f 460/460 456/456 458/458
f 462/462 458/458 459/459
f 457/457 461/461 459/459
f 463/463 459/459 461/461
f 464/464 461/461 460/460
f 462/462 465/465 460/460
f 466/466 460/460 465/465
f 463/463 467/467 462/462
f 465/465 462/462 467/467
f 467/467 463/463 461/461
f 446/446 450/450 430/430
f 449/449 430/430 450/450
f 469/469 468/468 470/470
f 471/471 470/470 468/468
f 471/471 472/472 470/470
f 473/473 470/470 472/472
f 474/474 471/471 468/468
f 474/474 472/472 471/471
f 474/474 468/468 475/475
f 475/475 472/472 474/474
f 477/477 476/476 469/469
f 478/478 469/469 476/476
f 479/479 476/476 477/477
f 475/475 468/468 480/480
f 478/478 480/480 468/468
f 469/469 478/478 468/468
f 475/475 480/480 472/472
f 479/479 472/472 480/480
f 479/479 473/473 472/472
f 262/262 250/250 249/249
f 337/337 423/423 336/336
f 342/342 336/336 423/423
f 282/282 281/281 284/284
f 285/285 284/284 281/281
f 397/397 394/394 406/406
f 407/407 394/394 395/395
f 403/403 406/406 402/402
f 403/403 402/402 395/395
f 297/297 300/300 303/303
f 400/400 300/300 399/399
f 408/408 399/399 300/300
f 303/303 400/400 302/302
f 290/290 299/299 276/276
f 481/481 267/267 268/268
f 482/482 268/268 483/483
f 271/271 260/260 264/264
f 266/266 264/264 260/260
f 269/269 265/265 266/266
f 296/296 265/265 298/298
f 267/267 298/298 265/265
f 298/298 295/295 296/296
f 271/271 263/263 260/260
f 424/424 340/340 347/347
f 340/340 341/341 347/347
f 484/484 347/347 341/341
f 343/343 313/313 333/333
f 387/387 382/382 384/384
f 380/380 384/384 382/382
f 384/384 385/385 390/390
f 393/393 390/390 385/385
f 393/393 385/385 388/388
f 386/386 388/388 385/385
f 258/258 485/485 268/268
f 269/269 266/266 258/258
f 261/261 258/258 266/266
f 261/261 266/266 260/260
f 267/267 265/265 269/269
f 274/274 296/296 297/297
f 249/249 245/245 253/253
f 261/261 253/253 258/258
f 485/485 258/258 259/259
f 261/261 262/262 249/249
f 486/486 349/349 346/346
f 346/346 349/349 350/350
f 487/487 315/315 488/488
f 313/313 488/488 315/315
f 315/315 353/353 319/319
f 335/335 333/333 308/308
f 308/308 333/333 307/307
f 489/489 326/326 320/320
f 346/346 350/350 345/345
f 488/488 357/357 487/487
f 359/359 487/487 357/357
f 358/358 490/490 357/357
f 359/359 357/357 490/490
f 311/311 304/304 305/305
f 329/329 305/305 324/324
f 490/490 351/351 359/359
f 392/392 242/242 390/390
f 389/389 390/390 242/242
f 393/393 391/391 390/390
f 492/492 491/491 493/493
f 492/492 494/494 491/491
f 495/495 493/493 496/496
f 498/498 497/497 494/494
f 494/494 495/495 498/498
f 500/500 499/499 501/501
f 501/501 493/493 500/500
f 501/501 496/496 493/493
f 499/499 496/496 501/501
f 502/502 496/496 499/499
f 502/502 503/503 496/496
f 503/503 502/502 498/498
f 498/498 502/502 504/504
f 498/498 504/504 497/497
f 503/503 495/495 496/496
f 495/495 503/503 498/498
f 502/502 500/500 504/504
f 500/500 502/502 499/499
f 494/494 492/492 495/495
f 492/492 493/493 495/495
f 494/494 497/497 500/500
f 504/504 500/500 497/497
f 506/506 505/505 507/507
f 508/508 507/507 505/505
f 506/506 509/509 510/510
f 511/511 510/510 509/509
f 506/506 507/507 512/512
f 513/513 512/512 507/507
f 494/494 500/500 514/514
f 515/515 512/512 513/513
f 516/516 515/515 505/505
f 500/500 493/493 514/514
f 515/515 517/517 509/509
f 511/511 509/509 517/517
f 518/518 517/517 515/515
f 516/516 506/506 518/518
f 510/510 518/518 506/506
f 508/508 505/505 515/515
f 516/516 505/505 506/506
f 512/512 515/515 509/509
f 512/512 509/509 506/506
f 519/519 239/239 240/240
f 521/521 520/520 240/240
f 519/519 240/240 520/520
f 523/523 522/522 420/420
f 422/422 420/420 522/522
f 524/524 257/257 246/246
f 241/241 246/246 257/257
f 522/522 524/524 422/422
f 246/246 422/422 524/524
f 323/323 314/314 316/316
f 323/323 324/324 305/305
f 525/525 329/329 327/327
f 311/311 305/305 526/526
f 331/331 526/526 527/527
f 525/525 527/527 526/526
f 311/311 331/331 310/310
f 311/311 526/526 331/331
f 527/527 330/330 331/331
f 330/330 355/355 332/332
f 526/526 305/305 329/329
f 481/481 268/268 482/482
f 485/485 483/483 268/268
f 249/249 253/253 261/261
f 292/292 286/286 289/289
f 288/288 289/289 286/286
f 245/245 252/252 253/253
f 298/298 267/267 276/276
f 291/291 292/292 293/293
f 528/528 293/293 275/275
f 274/274 297/297 287/287
f 273/273 274/274 287/287
f 273/273 288/288 286/286
f 285/285 272/272 286/286
f 273/273 286/286 272/272
f 281/281 270/270 285/285
f 272/272 285/285 270/270
f 270/270 281/281 279/279
f 270/270 279/279 277/277
f 297/297 294/294 287/287
f 291/291 283/283 284/284
f 417/417 529/529 411/411
f 530/530 416/416 414/414
f 530/530 418/418 416/416
f 416/416 411/411 412/412
f 416/416 417/417 411/411
f 529/529 417/417 418/418
f 329/329 525/525 526/526
f 531/531 525/525 327/327
f 323/323 306/306 307/307
f 323/323 305/305 306/306
f 310/310 331/331 332/332
f 359/359 352/352 487/487
f 339/339 336/336 424/424
f 340/340 424/424 336/336
f 338/338 339/339 309/309
f 321/321 489/489 320/320
f 323/323 316/316 320/320
f 316/316 322/322 320/320
f 317/317 322/322 316/316
f 532/532 346/346 484/484
f 347/347 484/484 346/346
f 488/488 343/343 345/345
f 313/313 343/343 488/488
f 486/486 346/346 532/532
f 347/347 343/343 344/344
f 344/344 424/424 347/347
f 338/338 309/309 304/304
f 312/312 338/338 304/304
f 345/345 357/357 488/488
f 350/350 357/357 345/345
f 353/353 315/315 487/487
f 533/533 319/319 354/354
f 353/353 354/354 319/319
f 533/533 318/318 319/319
f 487/487 352/352 353/353
f 324/324 328/328 329/329
f 534/534 406/406 404/404
f 534/534 397/397 406/406
f 535/535 515/515 513/513
f 535/535 508/508 515/515
f 388/388 239/239 393/393
f 390/390 391/391 392/392
f 243/243 241/241 242/242
f 373/373 371/371 372/372
f 436/436 435/435 432/432
f 432/432 429/429 431/431
f 473/473 479/479 477/477
f 466/466 464/464 460/460
f 443/443 441/441 439/439
f 439/439 437/437 433/433
f 435/435 433/433 429/429
f 462/462 460/460 458/458
f 459/459 458/458 455/455
f 463/463 462/462 459/459
f 447/447 446/446 426/426
f 447/447 426/426 445/445
f 464/464 467/467 461/461
f 444/444 442/442 440/440
f 516/516 518/518 515/515
f 407/407 399/399 406/406
f 536/536 383/383 381/381
f 300/300 301/301 408/408
f 296/296 274/274 265/265
f 269/269 258/258 268/268
f 536/536 381/381 378/378
f 295/295 298/298 299/299
f 292/292 289/289 275/275
f 292/292 284/284 286/286
f 288/288 273/273 287/287
f 294/294 297/297 303/303
f 521/521 240/240 255/255
f 241/241 255/255 240/240
f 367/367 370/370 361/361
f 441/441 444/444 437/437
f 314/314 323/323 307/307
f 273/273 264/264 265/265
f 538/538 537/537 539/539
f 7/7 540/540 6/6
f 541/541 6/6 540/540
f 10/10 539/539 9/9
f 542/542 9/9 539/539
f 539/539 537/537 543/543
f 539/539 10/10 544/544
f 539/539 543/543 542/542
f 540/540 545/545 541/541
f 9/9 542/542 14/14
f 546/546 543/543 547/547
f 537/537 547/547 543/543
f 547/547 537/537 548/548
f 538/538 548/548 537/537
f 549/549 545/545 550/550
f 546/546 551/551 543/543
f 542/542 543/543 551/551
f 540/540 552/552 545/545
f 550/550 545/545 552/552
f 554/554 553/553 555/555
f 556/556 555/555 553/553
f 555/555 556/556 557/557
f 558/558 27/27 559/559
f 561/561 560/560 562/562
f 563/563 562/562 560/560
f 27/27 34/34 564/564
f 27/27 564/564 565/565
f 561/561 557/557 560/560
f 555/555 557/557 561/561
f 538/538 539/539 544/544
f 552/552 540/540 37/37
f 563/563 38/38 562/562
f 39/39 562/562 38/38
f 37/37 540/540 7/7
f 544/544 40/40 541/541
f 6/6 541/541 40/40
f 548/548 538/538 545/545
f 566/566 542/542 551/551
f 558/558 559/559 567/567
f 559/559 27/27 565/565
f 545/545 538/538 541/541
f 541/541 538/538 544/544
f 548/548 545/545 549/549
f 14/14 542/542 566/566
f 544/544 10/10 40/40
f 569/569 568/568 570/570
f 571/571 570/570 568/568
f 573/573 572/572 574/574
f 575/575 574/574 572/572
f 577/577 576/576 578/578
f 579/579 578/578 576/576
f 581/581 580/580 582/582
f 583/583 582/582 580/580
f 585/585 584/584 586/586
f 587/587 586/586 584/584
f 589/589 588/588 590/590
f 591/591 590/590 588/588
f 593/593 592/592 594/594
f 595/595 594/594 592/592
f 597/597 596/596 598/598
f 599/599 598/598 596/596
f 601/601 600/600 602/602
f 603/603 602/602 600/600
f 605/605 604/604 606/606
f 607/607 606/606 604/604
f 609/609 608/608 610/610
f 611/611 610/610 608/608
f 613/613 612/612 614/614
f 615/615 614/614 612/612
f 617/617 616/616 618/618
f 619/619 618/618 616/616
f 616/616 620/620 619/619
f 621/621 619/619 620/620
f 620/620 622/622 621/621
f 623/623 621/621 622/622
f 623/623 622/622 624/624
f 626/626 625/625 624/624
f 627/627 624/624 625/625
f 625/625 628/628 627/627
f 629/629 627/627 628/628
f 628/628 630/630 629/629
f 631/631 629/629 630/630
f 630/630 617/617 631/631
f 618/618 631/631 617/617
f 633/633 632/632 634/634
f 635/635 634/634 632/632
f 634/634 635/635 636/636
f 636/636 637/637 638/638
f 639/639 638/638 640/640
f 641/641 640/640 638/638
f 640/640 641/641 642/642
f 643/643 642/642 641/641
f 642/642 643/643 644/644
f 644/644 645/645 646/646
f 647/647 646/646 633/633
f 632/632 633/633 646/646
f 649/649 648/648 650/650
f 651/651 648/648 649/649
f 652/652 648/648 651/651
f 653/653 648/648 652/652
f 654/654 648/648 653/653
f 655/655 648/648 654/654
f 656/656 648/648 655/655
f 650/650 648/648 656/656
f 658/658 657/657 659/659
f 660/660 659/659 657/657
f 657/657 661/661 660/660
f 662/662 660/660 661/661
f 661/661 663/663 662/662
f 664/664 662/662 663/663
f 663/663 665/665 664/664
f 666/666 664/664 665/665
f 665/665 667/667 666/666
f 668/668 666/666 667/667
f 667/667 669/669 668/668
f 670/670 668/668 669/669
f 669/669 671/671 670/670
f 672/672 670/670 671/671
f 671/671 658/658 672/672
f 659/659 672/672 658/658
f 674/674 673/673 675/675
f 676/676 675/675 673/673
f 673/673 677/677 676/676
f 678/678 676/676 677/677
f 677/677 679/679 678/678
f 680/680 678/678 679/679
f 679/679 681/681 680/680
f 682/682 680/680 681/681
f 681/681 683/683 682/682
f 684/684 682/682 683/683
f 683/683 685/685 684/684
f 686/686 684/684 685/685
f 685/685 687/687 686/686
f 688/688 686/686 687/687
f 687/687 674/674 688/688
f 675/675 688/688 674/674
f 690/690 689/689 691/691
f 692/692 691/691 689/689
f 693/693 689/689 694/694
f 690/690 694/694 689/689
f 695/695 693/693 696/696
f 694/694 696/696 693/693
f 697/697 695/695 698/698
f 696/696 698/698 695/695
f 699/699 697/697 700/700
f 698/698 700/700 697/697
f 701/701 699/699 702/702
f 700/700 702/702 699/699
f 703/703 701/701 704/704
f 702/702 704/704 701/701
f 691/691 692/692 704/704
f 703/703 704/704 692/692
f 618/618 619/619 632/632
f 635/635 632/632 619/619
f 619/619 621/621 635/635
f 637/637 635/635 621/621
f 621/621 623/623 637/637
f 638/638 637/637 623/623
f 623/623 624/624 638/638
f 641/641 638/638 624/624
f 624/624 627/627 641/641
f 643/643 641/641 627/627
f 627/627 629/629 643/643
f 645/645 643/643 629/629
f 629/629 631/631 645/645
f 646/646 645/645 631/631
f 631/631 618/618 646/646
f 632/632 646/646 618/618
f 706/706 705/705 707/707
f 709/709 708/708 710/710
f 711/711 710/710 708/708
f 708/708 712/712 711/711
f 713/713 711/711 712/712
f 712/712 714/714 713/713
f 715/715 713/713 714/714
f 714/714 716/716 715/715
f 717/717 715/715 716/716
f 716/716 718/718 717/717
f 719/719 717/717 718/718
f 718/718 720/720 719/719
f 721/721 719/719 720/720
f 720/720 722/722 721/721
f 723/723 721/721 722/722
f 722/722 709/709 723/723
f 710/710 723/723 709/709
f 725/725 724/724 726/726
f 728/728 727/727 729/729
f 731/731 730/730 732/732
f 734/734 733/733 735/735
f 736/736 724/724 725/725
f 737/737 728/728 729/729
f 624/624 622/622 626/626
f 636/636 638/638 639/639
f 636/636 635/635 637/637
f 644/644 646/646 647/647
f 644/644 643/643 645/645
f 739/739 738/738 740/740
f 741/741 740/740 738/738
f 739/739 740/740 742/742
f 741/741 738/738 707/707
f 706/706 707/707 738/738
f 744/744 743/743 745/745
f 747/747 746/746 748/748
f 749/749 748/748 746/746
f 747/747 748/748 750/750
f 749/749 746/746 745/745
f 744/744 745/745 746/746
f 752/752 751/751 753/753
f 751/751 754/754 753/753
f 755/755 752/752 756/756
f 757/757 756/756 754/754
f 759/759 758/758 760/760
f 760/760 752/752 759/759
f 752/752 755/755 759/759
f 759/759 755/755 758/758
f 758/758 755/755 761/761
f 755/755 762/762 761/761
f 757/757 761/761 762/762
f 763/763 761/761 757/757
f 755/755 756/756 762/762
f 757/757 762/762 756/756
f 763/763 760/760 761/761
f 758/758 761/761 760/760
f 756/756 753/753 754/754
f 756/756 752/752 753/753
f 765/765 764/764 766/766
f 767/767 764/764 765/765
f 767/767 768/768 769/769
f 769/769 770/770 767/767
f 771/771 768/768 765/765
f 772/772 769/769 773/773
f 775/775 774/774 772/772
f 769/769 772/772 774/774
f 770/770 769/769 774/774
f 776/776 251/251 252/252
f 252/252 777/777 770/770
f 778/778 765/765 256/256
f 255/255 256/256 765/765
f 251/251 776/776 259/259
f 779/779 259/259 776/776
f 781/781 780/780 782/782
f 783/783 782/782 780/780
f 785/785 784/784 786/786
f 788/788 787/787 789/789
f 790/790 781/781 791/791
f 790/790 791/791 792/792
f 790/790 792/792 784/784
f 792/792 793/793 784/784
f 786/786 793/793 794/794
f 796/796 795/795 787/787
f 791/791 781/781 797/797
f 280/280 278/278 797/797
f 798/798 797/797 278/278
f 800/800 799/799 278/278
f 798/798 278/278 799/799
f 800/800 283/283 801/801
f 803/803 802/802 801/801
f 805/805 804/804 806/806
f 807/807 806/806 804/804
f 808/808 801/801 291/291
f 795/795 808/808 293/293
f 795/795 796/796 806/806
f 805/805 806/806 796/796
f 804/804 805/805 809/809
f 811/811 810/810 812/812
f 813/813 796/796 814/814
f 805/805 813/813 809/809
f 810/810 811/811 815/815
f 816/816 815/815 811/811
f 817/817 813/813 815/815
f 810/810 815/815 813/813
f 818/818 809/809 817/817
f 813/813 817/817 809/809
f 820/820 819/819 821/821
f 820/820 822/822 819/819
f 823/823 819/819 822/822
f 823/823 824/824 819/819
f 826/826 825/825 827/827
f 829/829 828/828 830/830
f 822/822 830/830 828/828
f 317/317 830/830 831/831
f 317/317 318/318 830/830
f 829/829 830/830 832/832
f 318/318 832/832 830/830
f 322/322 833/833 321/321
f 834/834 833/833 835/835
f 834/834 836/836 833/833
f 837/837 833/833 836/836
f 839/839 838/838 840/840
f 841/841 330/330 842/842
f 844/844 843/843 845/845
f 847/847 846/846 848/848
f 849/849 848/848 846/846
f 342/342 846/846 341/341
f 850/850 341/341 846/846
f 845/845 851/851 852/852
f 853/853 851/851 854/854
f 855/855 854/854 851/851
f 856/856 348/348 349/349
f 354/354 351/351 857/857
f 858/858 857/857 351/351
f 859/859 355/355 841/841
f 348/348 856/856 358/358
f 860/860 358/358 856/856
f 858/858 351/351 861/861
f 863/863 862/862 864/864
f 865/865 863/863 864/864
f 864/864 866/866 865/865
f 867/867 865/865 866/866
f 868/868 867/867 866/866
f 866/866 869/869 868/868
f 868/868 869/869 870/870
f 868/868 870/870 871/871
f 866/866 864/864 869/869
f 873/873 872/872 864/864
f 870/870 869/869 872/872
f 874/874 871/871 872/872
f 870/870 872/872 871/871
f 872/872 873/873 874/874
f 876/876 875/875 873/873
f 875/875 876/876 877/877
f 878/878 873/873 864/864
f 880/880 879/879 881/881
f 882/882 881/881 879/879
f 882/882 879/879 883/883
f 883/883 884/884 885/885
f 881/881 885/885 880/880
f 884/884 880/880 885/885
f 880/880 886/886 879/879
f 887/887 879/879 886/886
f 883/883 879/879 888/888
f 887/887 888/888 879/879
f 889/889 884/884 888/888
f 883/883 888/888 884/884
f 888/888 890/890 889/889
f 891/891 889/889 890/890
f 886/886 889/889 892/892
f 891/891 892/892 889/889
f 770/770 893/893 894/894
f 895/895 893/893 764/764
f 767/767 891/891 764/764
f 890/890 764/764 891/891
f 767/767 770/770 894/894
f 897/897 896/896 898/898
f 899/899 898/898 896/896
f 900/900 817/817 901/901
f 902/902 901/901 817/817
f 815/815 903/903 817/817
f 902/902 817/817 903/903
f 903/903 904/904 902/902
f 899/899 902/902 904/904
f 905/905 898/898 906/906
f 899/899 906/906 898/898
f 907/907 760/760 754/754
f 905/905 906/906 908/908
f 896/896 908/908 909/909
f 900/900 816/816 818/818
f 910/910 903/903 815/815
f 409/409 283/283 800/800
f 278/278 410/410 800/800
f 413/413 411/411 911/911
f 912/912 414/414 911/911
f 415/415 911/911 414/414
f 418/418 912/912 913/913
f 834/834 840/840 836/836
f 907/907 752/752 760/760
f 903/903 910/910 904/904
f 908/908 904/904 910/910
f 908/908 910/910 901/901
f 902/902 899/899 901/901
f 909/909 901/901 899/899
f 773/773 769/769 768/768
f 773/773 768/768 771/771
f 773/773 914/914 772/772
f 772/772 914/914 421/421
f 420/420 421/421 914/914
f 420/420 914/914 915/915
f 914/914 773/773 915/915
f 915/915 773/773 771/771
f 355/355 859/859 423/423
f 849/849 423/423 859/859
f 824/824 916/916 847/847
f 844/844 852/852 916/916
f 823/823 844/844 824/824
f 822/822 828/828 843/843
f 845/845 843/843 851/851
f 844/844 845/845 852/852
f 849/849 859/859 848/848
f 826/826 848/848 859/859
f 844/844 916/916 824/824
f 918/918 917/917 919/919
f 920/920 919/919 917/917
f 917/917 921/921 920/920
f 922/922 920/920 921/921
f 923/923 922/922 921/921
f 924/924 918/918 923/923
f 919/919 923/923 918/918
f 926/926 925/925 918/918
f 917/917 918/918 925/925
f 921/921 917/917 925/925
f 924/924 921/921 927/927
f 928/928 926/926 924/924
f 918/918 924/924 926/926
f 925/925 926/926 929/929
f 931/931 930/930 925/925
f 927/927 925/925 930/930
f 930/930 932/932 927/927
f 928/928 927/927 932/932
f 932/932 929/929 928/928
f 926/926 928/928 929/929
f 931/931 929/929 933/933
f 935/935 934/934 931/931
f 930/930 931/931 934/934
f 932/932 930/930 934/934
f 929/929 932/932 936/936
f 919/919 920/920 937/937
f 920/920 922/922 938/938
f 937/937 939/939 940/940
f 939/939 938/938 940/940
f 942/942 941/941 937/937
f 919/919 937/937 941/941
f 942/942 937/937 940/940
f 940/940 938/938 942/942
f 944/944 943/943 945/945
f 946/946 943/943 944/944
f 947/947 943/943 946/946
f 945/945 943/943 947/947
f 949/949 948/948 945/945
f 944/944 945/945 948/948
f 948/948 950/950 944/944
f 946/946 944/944 950/950
f 947/947 946/946 950/950
f 951/951 949/949 947/947
f 945/945 947/947 949/949
f 953/953 952/952 949/949
f 948/948 949/949 952/952
f 950/950 948/948 952/952
f 951/951 950/950 954/954
f 955/955 953/953 951/951
f 949/949 951/951 953/953
f 952/952 953/953 956/956
f 958/958 957/957 952/952
f 954/954 952/952 957/957
f 957/957 959/959 954/954
f 955/955 954/954 959/959
f 953/953 955/955 959/959
f 941/941 942/942 922/922
f 938/938 922/922 942/942
f 961/961 960/960 962/962
f 963/963 962/962 960/960
f 965/965 964/964 962/962
f 961/961 962/962 964/964
f 960/960 961/961 966/966
f 961/961 964/964 966/966
f 967/967 960/960 966/966
f 966/966 964/964 967/967
f 969/969 968/968 963/963
f 970/970 963/963 968/968
f 970/970 968/968 971/971
f 969/969 960/960 972/972
f 967/967 972/972 960/960
f 960/960 969/969 963/963
f 971/971 972/972 964/964
f 967/967 964/964 972/972
f 964/964 965/965 971/971
f 774/774 775/775 782/782
f 342/342 423/423 846/846
f 849/849 846/846 423/423
f 802/802 799/799 801/801
f 800/800 801/801 799/799
f 908/908 896/896 897/897
f 899/899 896/896 909/909
f 904/904 908/908 906/906
f 899/899 904/904 906/906
f 818/818 816/816 811/811
f 910/910 816/816 901/901
f 900/900 901/901 816/816
f 817/817 900/900 818/818
f 796/796 813/813 805/805
f 789/789 787/787 973/973
f 483/483 789/789 482/482
f 785/785 780/780 784/784
f 790/790 784/784 780/780
f 785/785 786/786 788/788
f 787/787 786/786 814/814
f 812/812 814/814 786/786
f 812/812 810/810 814/814
f 780/780 781/781 790/790
f 853/853 850/850 916/916
f 484/484 341/341 853/853
f 850/850 853/853 341/341
f 843/843 828/828 851/851
f 880/880 884/884 886/886
f 889/889 886/886 884/884
f 895/895 887/887 892/892
f 886/886 892/892 887/887
f 895/895 890/890 887/887
f 888/888 887/887 890/890
f 789/789 485/485 779/779
f 783/783 785/785 779/779
f 788/788 779/779 785/785
f 780/780 785/785 783/783
f 788/788 786/786 787/787
f 811/811 812/812 794/794
f 776/776 770/770 774/774
f 779/779 776/776 783/783
f 259/259 779/779 485/485
f 774/774 782/782 783/783
f 854/854 349/349 486/486
f 856/856 349/349 854/854
f 828/828 829/829 974/974
f 975/975 974/974 829/829
f 832/832 857/857 829/829
f 823/823 843/843 844/844
f 822/822 843/843 823/823
f 833/833 837/837 489/489
f 855/855 856/856 854/854
f 861/861 860/860 975/975
f 974/974 975/975 860/860
f 861/861 490/490 860/860
f 358/358 860/860 490/490
f 821/821 819/819 827/827
f 834/834 821/821 839/839
f 861/861 351/351 490/490
f 894/894 892/892 767/767
f 891/891 767/767 892/892
f 894/894 893/893 892/892
f 977/977 976/976 978/978
f 976/976 979/979 978/978
f 980/980 977/977 981/981
f 979/979 982/982 983/983
f 983/983 981/981 979/979
f 985/985 984/984 986/986
f 986/986 977/977 985/985
f 977/977 980/980 985/985
f 985/985 980/980 984/984
f 984/984 980/980 987/987
f 980/980 988/988 987/987
f 983/983 987/987 988/988
f 989/989 987/987 983/983
f 982/982 989/989 983/983
f 980/980 981/981 988/988
f 983/983 988/988 981/981
f 989/989 986/986 987/987
f 984/984 987/987 986/986
f 981/981 978/978 979/979
f 981/981 977/977 978/978
f 986/986 982/982 979/979
f 982/982 986/986 989/989
f 991/991 990/990 992/992
f 993/993 992/992 990/990
f 995/995 994/994 996/996
f 993/993 996/996 994/994
f 997/997 992/992 998/998
f 993/993 998/998 992/992
f 999/999 986/986 979/979
f 997/997 998/998 1000/1000
f 990/990 1000/1000 1001/1001
f 999/999 977/977 986/986
f 995/995 1002/1002 994/994
f 1000/1000 994/994 1002/1002
f 1000/1000 1002/1002 1003/1003
f 996/996 993/993 1003/1003
f 1001/1001 1003/1003 993/993
f 1000/1000 990/990 991/991
f 993/993 990/990 1001/1001
f 994/994 1000/1000 998/998
f 993/993 994/994 998/998
f 766/766 764/764 1004/1004
f 1004/1004 520/520 766/766
f 521/521 766/766 520/520
f 1006/1006 1005/1005 1007/1007
f 915/915 1008/1008 420/420
f 523/523 420/420 1008/1008
f 765/765 778/778 771/771
f 1009/1009 771/771 778/778
f 771/771 1009/1009 915/915
f 1008/1008 915/915 1009/1009
f 831/831 830/830 835/835
f 821/821 834/834 835/835
f 838/838 839/839 525/525
f 1010/1010 821/821 827/827
f 527/527 1010/1010 842/842
f 1010/1010 527/527 525/525
f 825/825 842/842 827/827
f 842/842 1010/1010 827/827
f 842/842 330/330 527/527
f 841/841 355/355 330/330
f 839/839 821/821 1010/1010
f 482/482 789/789 973/973
f 789/789 483/483 485/485
f 783/783 776/776 774/774
f 808/808 806/806 803/803
f 807/807 803/803 806/806
f 776/776 252/252 770/770
f 796/796 787/787 814/814
f 293/293 808/808 291/291
f 795/795 293/293 528/528
f 804/804 811/811 794/794
f 804/804 794/794 793/793
f 803/803 807/807 793/793
f 793/793 792/792 803/803
f 802/802 803/803 792/792
f 792/792 791/791 802/802
f 799/799 802/802 791/791
f 798/798 799/799 791/791
f 797/797 798/798 791/791
f 804/804 809/809 811/811
f 801/801 283/283 291/291
f 411/411 529/529 913/913
f 414/414 912/912 530/530
f 912/912 418/418 530/530
f 911/911 411/411 912/912
f 411/411 913/913 912/912
f 418/418 913/913 529/529
f 1010/1010 525/525 839/839
f 838/838 525/525 531/531
f 822/822 820/820 835/835
f 820/820 821/821 835/835
f 841/841 842/842 825/825
f 975/975 858/858 861/861
f 850/850 846/846 916/916
f 847/847 916/916 846/846
f 824/824 847/847 848/848
f 833/833 489/489 321/321
f 833/833 831/831 835/835
f 833/833 322/322 831/831
f 831/831 322/322 317/317
f 853/853 854/854 484/484
f 532/532 484/484 854/854
f 855/855 851/851 974/974
f 974/974 851/851 828/828
f 532/532 854/854 486/486
f 852/852 851/851 853/853
f 853/853 916/916 852/852
f 819/819 824/824 848/848
f 819/819 848/848 826/826
f 974/974 860/860 855/855
f 855/855 860/860 856/856
f 975/975 829/829 857/857
f 857/857 832/832 354/354
f 533/533 354/354 832/832
f 832/832 318/318 533/533
f 857/857 858/858 975/975
f 839/839 840/840 834/834
f 905/905 908/908 1011/1011
f 908/908 897/897 1011/1011
f 997/997 1000/1000 1012/1012
f 1000/1000 991/991 1012/1012
f 895/895 764/764 890/890
f 893/893 895/895 892/892
f 767/767 765/765 768/768
f 874/874 873/873 875/875
f 924/924 927/927 928/928
f 923/923 921/921 924/924
f 970/970 971/971 965/965
f 952/952 956/956 958/958
f 931/931 933/933 935/935
f 925/925 929/929 931/931
f 921/921 925/925 927/927
f 950/950 952/952 954/954
f 947/947 950/950 951/951
f 951/951 954/954 955/955
f 920/920 938/938 939/939
f 937/937 920/920 939/939
f 953/953 959/959 956/956
f 932/932 934/934 936/936
f 1000/1000 1003/1003 1001/1001
f 908/908 901/901 909/909
f 883/883 885/885 1013/1013
f 910/910 815/815 816/816
f 786/786 794/794 812/812
f 789/789 779/779 788/788
f 882/882 883/883 1013/1013
f 813/813 814/814 810/810
f 795/795 806/806 808/808
f 803/803 801/801 808/808
f 804/804 793/793 807/807
f 818/818 811/811 809/809
f 765/765 766/766 255/255
f 521/521 255/255 766/766
f 864/864 872/872 869/869
f 929/929 936/936 933/933
f 822/822 835/835 830/830
f 786/786 784/784 793/793
f 232/232 1014/1014 229/229
f 232/232 238/238 1014/1014
f 229/229 1014/1014 234/234
f 238/238 234/234 1014/1014
f 754/754 1015/1015 757/757
f 1015/1015 763/763 757/757
f 760/760 1015/1015 754/754
f 1015/1015 760/760 763/763

g Mount_merry_b4
v 5.562012 -30.062390 127.696400
v 8.289004 -22.791930 129.063300
v 7.799381 -27.334640 123.232800
v 4.920137 -34.860240 124.941000
v 6.452811 -32.116370 120.662000
v 8.826387 -25.087640 125.187600
v 9.857075 -25.751380 121.810000
v 7.799381 -27.334640 123.232800
v 11.253360 -22.235520 120.021900
v 10.270040 -24.606640 116.597600
v 6.357384 -35.456870 116.120200
v 7.945922 -30.665410 119.367200
v 7.984552 -30.272990 117.304800
v 6.452811 -32.116370 120.662000
v 12.583880 -21.381310 124.663300
v 10.103310 -2.994194 59.324260
v 9.876526 -11.746390 59.204150
v 12.411600 -12.224880 64.678800
v 11.790310 -3.868462 64.737410
v 4.295976 -0.683459 55.704830
v 4.460020 -8.048486 55.111550
v -2.014483 -1.882912 52.139690
v -1.383528 3.097705 53.515600
v 1.896944 -13.955450 27.094910
v 2.301065 -14.667150 30.014510
v 4.093763 -17.695610 29.179240
v 4.351724 -15.622360 24.089050
v 1.516120 -12.190410 29.602580
v 1.207208 -9.842896 31.712240
v 1.771071 -9.279125 44.631660
v 1.548338 -16.747330 33.467250
v 1.548338 -16.747330 33.467250
v 2.977098 -24.086560 35.435930
v 7.230788 -15.067120 26.910800
v 7.122078 -15.736820 30.052780
v 8.687469 -13.508650 28.798620
v 7.122078 -15.736820 30.052780
v 9.937917 -13.979380 35.769780
v 8.687469 -13.508650 28.798620
v 7.026337 -17.722020 33.543400
v 7.026337 -17.722020 33.543400
v 2.301065 -14.667150 30.014510
v 1.516120 -12.190410 29.602580
v 12.302400 -8.345715 51.917330
v 11.147920 -11.341360 34.286390
v 12.083130 -8.474712 36.811580
v 9.894922 -10.234090 30.469090
v 8.211473 -38.407040 65.411240
v -0.188892 -40.452030 61.798480
v 0.209486 -45.110240 63.571910
v 5.371502 -42.735620 66.618980
v 9.599611 -40.604450 69.031900
v 16.043750 -33.459850 73.447310
v 15.407190 -32.948020 69.575350
v 12.546240 -38.267540 71.300370
v 14.708520 -27.080340 80.492630
v 16.767830 -26.590460 74.478520
v 13.475560 -35.753780 78.676350
v 0.409153 -46.769650 67.013120
v 5.307110 -43.423990 69.719820
v 10.947560 -39.262910 74.099120
v 16.223690 -26.631990 69.298800
v 13.476830 -21.457840 79.645110
v 16.192610 -21.164140 73.632510
v 12.322480 -36.315470 67.739940
v 17.005540 -21.746590 67.803100
v 15.269670 -14.816850 72.511270
v 0.356313 -45.212540 70.327880
v 9.733868 6.216654 73.430250
v 10.772080 2.914369 68.685330
v 13.421740 -9.881086 73.081430
v 8.437330 -9.159746 77.399250
v 6.233920 6.264816 82.571850
v 11.790310 -3.868462 64.737410
v 13.498910 -18.693060 66.427390
v 14.277500 -33.481970 58.667620
v 14.174700 -27.292990 72.812270
v 13.540970 -16.520020 73.430310
v 13.432200 -21.617380 86.874600
v 11.999250 -15.241930 82.034580
v 20.977230 15.161250 40.817190
v 18.766060 17.004030 49.131650
v 20.094220 24.698920 48.652100
v 19.423520 22.552590 38.872090
v 24.010930 19.681100 39.932660
v 23.249820 20.227560 49.459420
v 15.610460 21.475400 48.324330
v 16.389820 18.032750 39.756620
v 14.855870 24.062190 68.573940
v 18.317810 21.824990 58.573930
v 13.389710 16.793890 66.605670
v 10.744930 21.505710 66.126370
v 18.317810 21.824990 58.573930
v 17.500650 19.350350 69.053230
v 13.082760 16.735200 68.490320
v 14.251910 24.842430 65.998440
v 15.681010 15.219590 66.280390
v 10.382420 23.449780 76.100700
v 12.411600 -12.224880 64.678800
v 8.857123 -25.869170 98.291130
v 7.703767 -21.492230 99.779600
v 10.805210 -19.821680 90.831720
v 11.929120 -27.726080 91.300050
v 9.369393 -36.182450 87.021830
v 6.266455 -31.854790 97.747760
v 4.202429 -18.322790 101.515500
v 4.885564 -16.116120 93.918930
v 5.836448 -12.973430 86.497180
v 11.471850 -17.920820 84.193410
v 14.123540 -22.017270 80.885410
v 14.691510 -28.564760 79.023220
v 13.185470 -28.041320 87.441260
v 0.066685 -41.517470 87.033220
v 9.745096 -38.063670 75.902540
v 0.181998 -44.092020 74.585050
v 14.171110 -23.823070 80.261570
v 10.849240 -34.579620 76.901540
v 9.982213 -30.942350 88.175850
v 10.246350 -20.382010 90.029980
v 0.039424 -41.125920 86.170000
v 0.032905 -41.732350 74.397770
v 0.028087 -41.158970 69.681520
v 11.369960 -35.498570 70.043010
v 10.132450 -35.438830 62.913980
v -0.221750 -40.207400 61.124700
v 14.975870 -24.895060 71.419090
v 13.093120 -29.854160 64.413750
v 11.553850 -18.777580 80.666280
v 12.136550 -20.889420 72.128400
v -1.859023 -10.781070 90.529620
v -1.655227 -14.045090 96.299070
v -1.500980 -15.246470 103.541400
v -0.250814 -36.416150 97.237620
v -6.990293 -30.146450 127.706600
v -9.271250 -27.448940 123.246700
v -9.812182 -22.913140 129.078000
v -6.288704 -34.935310 124.950100
v -7.864944 -32.212260 120.673700
v -10.325080 -25.215880 125.203100
v -9.271250 -27.448940 123.246700
v -11.352280 -25.893400 121.827200
v -11.789010 -24.754310 116.615600
v -12.798430 -22.396580 120.041500
v -7.732180 -35.551220 116.131600
v -9.426695 -30.389580 117.318900
v -9.379459 -30.781430 119.381300
v -7.864944 -32.212260 120.673700
v -14.132710 -21.560210 124.685000
v -13.988470 -3.132655 59.183660
v -15.728130 -4.026619 64.576810
v -16.192440 -12.389270 64.511870
v -13.659780 -11.881660 59.066800
v -8.265837 -0.365385 55.679020
v -8.238913 -8.121472 55.037430
v -5.803122 -32.661650 25.814560
v -8.803029 -34.332230 23.354990
v -8.870662 -34.811210 28.835950
v -6.230356 -32.339290 28.799090
v -4.783782 -30.436340 27.700770
v -3.686329 -27.775780 29.032630
v -5.920458 -33.523350 32.799000
v -3.327657 -23.330420 41.184070
v -5.920458 -33.523350 32.799000
v -9.307561 -39.132630 36.733530
v -11.231190 -32.156600 25.790200
v -11.143790 -31.882180 28.991670
v -12.062100 -29.758960 27.084640
v -11.143790 -31.882180 28.991670
v -12.062100 -29.758960 27.084640
v -12.999630 -27.852660 33.725280
v -11.431540 -32.699560 32.913870
v -11.431540 -32.699560 32.913870
v -4.783782 -30.436340 27.700770
v -6.230356 -32.339290 28.799090
v -13.470340 -25.462240 31.603670
v -12.701140 -17.256190 47.516750
v -12.168260 -25.936220 27.673300
v -13.386590 -21.841740 33.137890
v -8.657337 -39.625210 65.727500
v -9.541542 -41.986710 69.390760
v -5.133261 -43.494220 66.815930
v -16.831980 -35.833940 74.063670
v -12.721290 -40.092220 71.774090
v -16.440320 -35.247830 70.172440
v -16.331210 -29.035280 80.570370
v -14.029000 -37.486080 78.745220
v -18.483050 -29.424960 74.766590
v -4.836579 -44.156510 69.910000
v -11.103910 -40.651740 74.154360
v -17.999390 -30.155080 69.665740
v -15.808120 -23.271520 79.717560
v -18.568980 -23.317010 73.718490
v -12.947240 -38.140300 68.213700
v -19.332560 -23.997090 67.892990
v -18.441840 -16.904680 72.594660
v -13.414660 6.802792 73.382680
v -17.214270 -11.778450 73.157200
v -14.600670 3.556824 68.633210
v -9.572408 6.665044 82.539360
v -12.335740 -10.446270 77.450640
v -15.728130 -4.026619 64.576810
v -16.236330 -20.534640 66.500950
v -16.710770 -19.342720 72.184200
v -15.814330 -29.150280 72.886460
v -15.222390 -35.308960 58.740600
v -15.097060 -16.920060 82.101610
v -15.718100 -23.453330 86.947620
v -23.836420 34.740810 43.615850
v -23.105430 41.383730 47.636630
v -22.439270 36.471160 55.618080
v -21.978150 30.327270 50.796750
v -27.340030 38.206350 46.091630
v -19.601820 37.918180 45.160850
v -18.622860 34.521800 52.119850
v -25.794570 32.276630 54.294990
v -14.617550 26.891820 70.497430
v -13.993850 20.228710 66.746990
v -18.345870 27.929690 60.396480
v -10.802920 24.563080 67.423100
v -17.808480 22.557450 69.821310
v -18.345870 27.929690 60.396480
v -13.888840 19.095700 68.450190
v -16.450450 19.068810 66.073250
v -13.887790 28.215930 68.190700
v -10.085670 25.241100 76.070260
v -16.192440 -12.389270 64.511870
v -10.573590 -27.071040 98.504930
v -13.436130 -29.350260 91.364360
v -13.317160 -21.340960 90.892150
v -9.940176 -22.583590 99.973740
v -7.271822 -32.692190 97.896710
v -9.840423 -37.412490 87.070540
v -7.893663 -16.920980 93.950940
v -6.821885 -19.004690 101.636800
v -9.239348 -13.907110 86.534460
v -14.232510 -19.512750 84.257000
v -16.374740 -23.906100 80.960860
v -14.661490 -29.824420 87.511880
v -16.135540 -30.506320 79.100430
v -10.052300 -39.310550 75.952130
v -16.202210 -25.704160 80.336720
v -12.696480 -21.826990 90.087450
v -11.110720 -32.292980 88.229330
v -11.579770 -35.992250 76.957720
v -11.115960 -36.973240 63.312350
v -12.038140 -37.188950 70.481890
v -16.982290 -27.985280 71.459290
v -16.105710 -34.420420 66.301500
v -14.234840 -20.361670 81.033370
v -14.723810 -23.601700 71.489150
v -11.749400 37.347770 28.558760
v -9.273347 39.847920 28.870300
v -10.222480 40.441370 26.043200
v -12.503830 39.352180 23.490410
v -8.981855 42.001300 27.800200
v -7.318844 44.295070 30.125320
v -8.140491 37.216850 32.620550
v -5.012613 44.065510 42.513840
v -10.991850 30.963780 34.876030
v -8.140491 37.216850 32.620550
v -13.883960 40.616200 26.656130
v -13.860860 40.008070 29.847000
v -14.164680 42.497800 28.626450
v -13.860860 40.008070 29.847000
v -14.164680 42.497800 28.626450
v -14.017060 42.491900 36.107280
v -13.870530 37.408260 34.166520
v -13.870530 37.408260 34.166520
v -8.981855 42.001300 27.800200
v -9.273347 39.847920 28.870300
v -14.038710 45.243880 34.193610
v -12.356200 48.735180 51.746170
v -13.786040 45.973090 30.221360
v -13.691250 48.284650 36.660310
v 7.427762 17.403710 26.439310
v 6.595410 18.714060 29.053890
v 8.837564 16.289770 30.313650
v 9.464048 14.784180 25.058580
v 6.420287 19.818560 26.904950
v 5.084631 23.199010 27.383450
v 3.474384 30.642490 37.425880
v 5.383218 19.258870 32.764450
v 5.383218 19.258870 32.764450
v 7.921576 15.055150 39.194750
v 11.120200 17.541610 26.839170
v 11.228740 18.964570 29.757240
v 11.664890 20.187300 27.288500
v 11.228740 18.964570 29.757240
v 11.942210 24.662880 33.277870
v 11.664890 20.187300 27.288500
v 11.234600 19.597540 33.745540
v 11.234600 19.597540 33.745540
v 6.595410 18.714060 29.053890
v 6.420287 19.818560 26.904950
v 11.686730 39.134080 42.041790
v 12.079620 25.708890 30.096080
v 12.121990 29.636540 30.244990
v 11.662190 23.943530 26.479040
v -8.321836 25.310090 75.442390
v -10.790160 19.488980 70.173910
v -11.403330 23.543630 68.544720
v -22.359250 20.947680 42.044930
v -21.518120 29.464080 42.480650
v -17.940080 27.883670 53.169850
v -17.069170 20.709030 52.255540
v -13.790430 19.776790 67.541470
v -12.282730 22.094840 66.300860
v -16.535780 -6.938667 67.962550
v -16.478830 -14.109850 61.717170
v -16.934110 -6.099864 59.752590
v -16.181560 -23.337720 68.818810
v -16.519740 -26.731030 64.251140
v -18.601510 -14.513520 52.168980
v -12.418510 8.918833 66.729190
v -14.556580 1.152483 61.905470
v -14.266580 9.506361 59.480810
v -14.607070 1.642574 51.576920
v -12.735470 18.844440 66.069980
v -13.722210 17.009360 60.784660
v -15.135970 26.625930 56.619460
v -12.418510 8.918833 66.729190
v -14.266580 9.506361 59.480810
v -14.187210 16.514060 51.255130
v -17.839190 9.066294 51.038420
v -17.027570 15.976980 51.293060
v -14.952610 15.033050 59.520480
v -14.583150 8.792077 59.032170
v -12.883170 10.137000 66.075160
v -12.895430 16.245790 66.718300
v -17.677250 -33.964120 47.529010
v -16.030880 -26.402740 47.197280
v -16.026290 -26.460880 57.528560
v -16.702170 -33.074100 57.721650
v -15.953200 -24.083490 72.736050
v -14.734150 -30.921030 73.748400
v -16.260560 -32.475850 68.951880
v -16.054610 -25.651300 68.186270
v -12.318770 16.100010 68.815470
v -11.573910 9.993731 68.617970
v 8.634203 23.825920 75.467610
v 11.212090 20.737360 67.477980
v 10.075490 17.662700 70.204950
v 14.959180 17.401100 39.818460
v 13.754310 17.646390 51.310380
v 14.040950 24.927100 51.388240
v 13.309070 25.806070 40.094490
v 11.878640 18.678640 65.682290
v 13.087850 17.424310 67.581440
v 12.598870 -6.771167 68.132580
v 13.082200 -5.927305 59.927760
v 12.704300 -13.942010 61.887490
v 14.559880 -24.805980 64.174260
v 13.824610 -21.479190 68.744590
v 14.942850 -14.320610 52.364740
v 10.054790 7.226885 67.049430
v 12.160710 7.684401 59.687510
v 10.631040 0.514705 61.957230
v 11.865100 0.321148 51.943990
v 11.942550 15.444090 66.280460
v 13.359760 20.698980 61.470780
v 12.562690 14.708830 60.823740
v 12.160710 7.684401 59.687510
v 10.054790 7.226885 67.049430
v 12.963250 14.137780 51.295500
v 15.911230 6.229208 47.259760
v 13.701970 6.728538 55.593230
v 13.732210 12.994940 55.346280
v 14.700450 13.076240 46.864430
v 10.708370 8.353837 66.394080
v 11.611920 14.401560 66.977600
v 17.047430 -23.693930 48.337210
v 15.368730 -23.265290 58.443650
v 15.006380 -16.628250 58.607640
v 15.728060 -16.059780 48.261220
v 13.483810 -21.375430 73.283160
v 14.634520 -16.574580 69.344990
v 14.458680 -23.436920 69.639110
v 13.257430 -28.429370 73.287630
v 10.976230 14.370440 69.062950
v 9.339370 8.440243 68.908390
vt 0.497481 0.287090 0.000000
vt 0.580694 0.271007 0.000000
vt 0.494003 0.245896 0.000000
vt 0.386911 0.287504 0.000000
vt 0.375000 0.243364 0.000000
vt 0.095450 0.648650 0.000000
vt 0.119114 0.622954 0.000000
vt 0.079805 0.624524 0.000000
vt 0.167742 0.615491 0.000000
vt 0.166768 0.583483 0.000000
vt -0.001044 0.523676 0.000000
vt 0.054866 0.578177 0.000000
vt 0.073580 0.561881 0.000000
vt 0.021606 0.581672 0.000000
vt 0.140604 0.651821 0.000000
vt 0.765625 0.277344 0.000000
vt 0.675781 0.277344 0.000000
vt 0.671875 0.302734 0.000000
vt 0.757813 0.302734 0.000000
vt 0.789063 0.257813 0.000000
vt 0.703125 0.251953 0.000000
vt 0.757813 0.230469 0.000000
vt 0.820313 0.240234 0.000000
vt 0.624236 0.718490 0.000000
vt 0.643603 0.730046 0.000000
vt 0.589626 0.734612 0.000000
vt 0.571595 0.718490 0.000000
vt 0.662478 0.718490 0.000000
vt 0.098243 0.307039 0.000000
vt 0.062540 0.410754 0.000000
vt 0.033782 0.309582 0.000000
vt 0.669866 0.745716 0.000000
vt 0.622901 0.764363 0.000000
vt 0.624236 0.718490 0.000000
vt 0.643603 0.730046 0.000000
vt 0.662478 0.718490 0.000000
vt 0.054338 0.299004 0.000000
vt 0.056646 0.330454 0.000000
vt 0.082526 0.297566 0.000000
vt 0.669866 0.745716 0.000000
vt 0.033782 0.309582 0.000000
vt 0.054338 0.299004 0.000000
vt 0.082526 0.297566 0.000000
vt 0.062540 0.410754 0.000000
vt 0.084192 0.326069 0.000000
vt 0.101653 0.341899 0.000000
vt 0.098243 0.307039 0.000000
vt 0.751572 0.065548 0.000000
vt 0.809908 0.036425 0.000000
vt 0.764737 0.015806 0.000000
vt 0.721970 0.044718 0.000000
vt 0.699577 0.065649 0.000000
vt 0.700902 0.130418 0.000000
vt 0.749080 0.128603 0.000000
vt 0.688797 0.094895 0.000000
vt 0.637806 0.195922 0.000000
vt 0.718750 0.169922 0.000000
vt 0.601904 0.115507 0.000000
vt 0.715646 0.005676 0.000000
vt 0.678031 0.046100 0.000000
vt 0.624041 0.078930 0.000000
vt 0.782445 0.152676 0.000000
vt 0.699743 0.223934 0.000000
vt 0.761069 0.200521 0.000000
vt 0.739205 0.097121 0.000000
vt 0.814113 0.174266 0.000000
vt 0.829150 0.222529 0.000000
vt 0.678031 0.046100 0.000000
vt 0.739973 0.339893 0.000000
vt 0.703145 0.315800 0.000000
vt 0.552493 0.336740 0.000000
vt 0.562894 0.360685 0.000000
vt 0.708687 0.384855 0.000000
vt 0.622582 0.293557 0.000000
vt 0.464003 0.300842 0.000000
vt 0.346444 0.263100 0.000000
vt 0.371109 0.334736 0.000000
vt 0.479114 0.333723 0.000000
vt 0.449479 0.410572 0.000000
vt 0.506186 0.385628 0.000000
vt 0.004721 0.003026 0.000000
vt 0.004721 0.081825 0.000000
vt 0.111139 0.081825 0.000000
vt 0.111139 0.003906 0.000000
vt 0.004721 0.003026 0.000000
vt 0.004721 0.081825 0.000000
vt 0.111139 0.081825 0.000000
vt 0.111139 0.003906 0.000000
vt 0.236159 0.088098 0.000000
vt 0.177316 0.002181 0.000000
vt 0.116989 0.088098 0.000000
vt 0.236159 0.088098 0.000000
vt 0.177316 0.002181 0.000000
vt 0.116989 0.088098 0.000000
vt 0.753906 0.730469 0.000000
vt 0.925781 0.667969 0.000000
vt 0.753906 0.667969 0.000000
vt 0.925781 0.730469 0.000000
vt 0.533204 0.293557 0.000000
vt 0.328545 0.808526 0.000000
vt 0.383239 0.828265 0.000000
vt 0.397501 0.772027 0.000000
vt 0.301715 0.757948 0.000000
vt 0.187130 0.726208 0.000000
vt 0.255884 0.800011 0.000000
vt 0.447305 0.837880 0.000000
vt 0.462276 0.769776 0.000000
vt 0.470114 0.720907 0.000000
vt 0.414872 0.734249 0.000000
vt 0.329646 0.669392 0.000000
vt 0.239549 0.657595 0.000000
vt 0.269430 0.712564 0.000000
vt 0.106621 0.744517 0.000000
vt 0.141402 0.653403 0.000000
vt 0.042520 0.663606 0.000000
vt 0.792612 0.948223 0.000000
vt 0.668449 0.945445 0.000000
vt 0.687624 0.979523 0.000000
vt 0.822574 0.990234 0.000000
vt 0.548255 0.970703 0.000000
vt 0.537171 0.930246 0.000000
vt 0.536164 0.879976 0.000000
vt 0.669604 0.888858 0.000000
vt 0.650884 0.836965 0.000000
vt 0.534560 0.832689 0.000000
vt 0.804587 0.884794 0.000000
vt 0.760281 0.848364 0.000000
vt 0.846669 0.955078 0.000000
vt 0.840049 0.905777 0.000000
vt 0.519629 0.732286 0.000000
vt 0.504867 0.788807 0.000000
vt 0.505169 0.852292 0.000000
vt 0.169719 0.796062 0.000000
vt 0.497481 0.287090 0.000000
vt 0.494003 0.245896 0.000000
vt 0.580694 0.271007 0.000000
vt 0.386911 0.287504 0.000000
vt 0.375000 0.243364 0.000000
vt 0.095450 0.648650 0.000000
vt 0.079805 0.624524 0.000000
vt 0.119114 0.622954 0.000000
vt 0.166768 0.583483 0.000000
vt 0.167742 0.615491 0.000000
vt -0.001044 0.523676 0.000000
vt 0.073580 0.561881 0.000000
vt 0.054866 0.578177 0.000000
vt 0.021606 0.581672 0.000000
vt 0.140604 0.651821 0.000000
vt 0.765625 0.277344 0.000000
vt 0.757813 0.302734 0.000000
vt 0.671875 0.302734 0.000000
vt 0.675781 0.277344 0.000000
vt 0.789063 0.257813 0.000000
vt 0.703125 0.251953 0.000000
vt 0.624236 0.718490 0.000000
vt 0.571595 0.718490 0.000000
vt 0.589626 0.734612 0.000000
vt 0.643603 0.730046 0.000000
vt 0.662478 0.718490 0.000000
vt 0.098243 0.307039 0.000000
vt 0.033782 0.309582 0.000000
vt 0.062540 0.410754 0.000000
vt 0.669866 0.745716 0.000000
vt 0.622901 0.764363 0.000000
vt 0.624236 0.718490 0.000000
vt 0.643603 0.730046 0.000000
vt 0.662478 0.718490 0.000000
vt 0.054338 0.299004 0.000000
vt 0.082526 0.297566 0.000000
vt 0.056646 0.330454 0.000000
vt 0.669866 0.745716 0.000000
vt 0.033782 0.309582 0.000000
vt 0.082526 0.297566 0.000000
vt 0.054338 0.299004 0.000000
vt 0.084192 0.326069 0.000000
vt 0.062540 0.410754 0.000000
vt 0.098243 0.307039 0.000000
vt 0.101653 0.341899 0.000000
vt 0.751572 0.065548 0.000000
vt 0.699577 0.065649 0.000000
vt 0.721970 0.044718 0.000000
vt 0.700902 0.130418 0.000000
vt 0.688797 0.094895 0.000000
vt 0.749080 0.128603 0.000000
vt 0.637806 0.195922 0.000000
vt 0.601904 0.115507 0.000000
vt 0.718750 0.169922 0.000000
vt 0.678031 0.046100 0.000000
vt 0.624041 0.078930 0.000000
vt 0.782445 0.152676 0.000000
vt 0.699743 0.223934 0.000000
vt 0.761069 0.200521 0.000000
vt 0.739205 0.097121 0.000000
vt 0.814113 0.174266 0.000000
vt 0.829150 0.222529 0.000000
vt 0.739973 0.339893 0.000000
vt 0.552493 0.336740 0.000000
vt 0.703145 0.315800 0.000000
vt 0.708687 0.384855 0.000000
vt 0.562894 0.360685 0.000000
vt 0.622582 0.293557 0.000000
vt 0.464003 0.300842 0.000000
vt 0.479114 0.333723 0.000000
vt 0.371109 0.334736 0.000000
vt 0.346444 0.263100 0.000000
vt 0.506186 0.385628 0.000000
vt 0.449479 0.410572 0.000000
vt 0.004721 0.003026 0.000000
vt 0.111139 0.003906 0.000000
vt 0.111139 0.081825 0.000000
vt 0.004721 0.081825 0.000000
vt 0.004721 0.003026 0.000000
vt 0.111139 0.003906 0.000000
vt 0.111139 0.081825 0.000000
vt 0.004721 0.081825 0.000000
vt 0.236159 0.088098 0.000000
vt 0.116989 0.088098 0.000000
vt 0.177316 0.002181 0.000000
vt 0.236159 0.088098 0.000000
vt 0.116989 0.088098 0.000000
vt 0.177316 0.002181 0.000000
vt 0.753906 0.730469 0.000000
vt 0.753906 0.667969 0.000000
vt 0.925781 0.667969 0.000000
vt 0.925781 0.730469 0.000000
vt 0.533204 0.293557 0.000000
vt 0.328545 0.808526 0.000000
vt 0.301715 0.757948 0.000000
vt 0.397501 0.772027 0.000000
vt 0.383239 0.828265 0.000000
vt 0.255884 0.800011 0.000000
vt 0.187130 0.726208 0.000000
vt 0.462276 0.769776 0.000000
vt 0.447305 0.837880 0.000000
vt 0.470114 0.720907 0.000000
vt 0.414872 0.734249 0.000000
vt 0.329646 0.669392 0.000000
vt 0.269430 0.712564 0.000000
vt 0.239549 0.657595 0.000000
vt 0.141402 0.653403 0.000000
vt 0.792612 0.948223 0.000000
vt 0.822574 0.990234 0.000000
vt 0.687624 0.979523 0.000000
vt 0.668449 0.945445 0.000000
vt 0.650884 0.836965 0.000000
vt 0.669604 0.888858 0.000000
vt 0.804587 0.884794 0.000000
vt 0.760281 0.848364 0.000000
vt 0.846669 0.955078 0.000000
vt 0.840049 0.905777 0.000000
vt 0.589626 0.734612 0.000000
vt 0.643603 0.730046 0.000000
vt 0.624236 0.718490 0.000000
vt 0.571595 0.718490 0.000000
vt 0.662478 0.718490 0.000000
vt 0.098243 0.307039 0.000000
vt 0.033782 0.309582 0.000000
vt 0.062540 0.410754 0.000000
vt 0.622901 0.764363 0.000000
vt 0.669866 0.745716 0.000000
vt 0.624236 0.718490 0.000000
vt 0.643603 0.730046 0.000000
vt 0.662478 0.718490 0.000000
vt 0.054338 0.299004 0.000000
vt 0.082526 0.297566 0.000000
vt 0.056646 0.330454 0.000000
vt 0.669866 0.745716 0.000000
vt 0.033782 0.309582 0.000000
vt 0.082526 0.297566 0.000000
vt 0.054338 0.299004 0.000000
vt 0.084192 0.326069 0.000000
vt 0.059082 0.408422 0.000000
vt 0.098243 0.307039 0.000000
vt 0.101653 0.341899 0.000000
vt 0.624236 0.718490 0.000000
vt 0.643603 0.730046 0.000000
vt 0.589626 0.734612 0.000000
vt 0.571595 0.718490 0.000000
vt 0.662478 0.718490 0.000000
vt 0.098243 0.307039 0.000000
vt 0.062540 0.410754 0.000000
vt 0.033782 0.309582 0.000000
vt 0.669866 0.745716 0.000000
vt 0.622901 0.764363 0.000000
vt 0.624236 0.718490 0.000000
vt 0.643603 0.730046 0.000000
vt 0.662478 0.718490 0.000000
vt 0.054338 0.299004 0.000000
vt 0.056646 0.330454 0.000000
vt 0.082526 0.297566 0.000000
vt 0.669866 0.745716 0.000000
vt 0.033782 0.309582 0.000000
vt 0.054338 0.299004 0.000000
vt 0.082526 0.297566 0.000000
vt 0.059082 0.408422 0.000000
vt 0.084192 0.326069 0.000000
vt 0.101653 0.341899 0.000000
vt 0.098243 0.307039 0.000000
vt 0.593750 0.162109 0.000000
vt 0.500000 0.136719 0.000000
vt 0.593750 0.136719 0.000000
vt 0.500000 0.002609 0.000000
vt 0.595475 0.002609 0.000000
vt 0.593737 0.066641 0.000000
vt 0.500677 0.066928 0.000000
vt 0.500165 0.118160 0.000000
vt 0.594117 0.118786 0.000000
vt 0.555875 0.701320 0.000000
vt 0.475525 0.670353 0.000000
vt 0.555237 0.652870 0.000000
vt 0.386505 0.706241 0.000000
vt 0.384847 0.662827 0.000000
vt 0.476220 0.611361 0.000000
vt 0.703837 0.705647 0.000000
vt 0.630099 0.668400 0.000000
vt 0.707132 0.653578 0.000000
vt 0.625925 0.609807 0.000000
vt 0.703837 0.705647 0.000000
vt 0.630099 0.668400 0.000000
vt 0.707132 0.653578 0.000000
vt 0.555875 0.701320 0.000000
vt 0.555237 0.652870 0.000000
vt 0.625925 0.609807 0.000000
vt 0.500000 0.002609 0.000000
vt 0.595475 0.002609 0.000000
vt 0.593561 0.064714 0.000000
vt 0.500280 0.065466 0.000000
vt 0.500000 0.117403 0.000000
vt 0.593750 0.120947 0.000000
vt 0.500000 0.002609 0.000000
vt 0.595475 0.002609 0.000000
vt 0.590571 0.058247 0.000000
vt 0.497162 0.059735 0.000000
vt 0.593750 0.136719 0.000000
vt 0.500000 0.136719 0.000000
vt 0.500000 0.115791 0.000000
vt 0.593750 0.111935 0.000000
vt 0.593750 0.136719 0.000000
vt 0.500000 0.136719 0.000000
vt 0.593750 0.162109 0.000000
vt 0.593750 0.136719 0.000000
vt 0.500000 0.136719 0.000000
vt 0.500000 0.002609 0.000000
vt 0.500677 0.066928 0.000000
vt 0.593737 0.066641 0.000000
vt 0.595475 0.002609 0.000000
vt 0.594117 0.118786 0.000000
vt 0.500165 0.118160 0.000000
vt 0.555875 0.701320 0.000000
vt 0.555237 0.652870 0.000000
vt 0.475525 0.670353 0.000000
vt 0.384847 0.662827 0.000000
vt 0.386505 0.706241 0.000000
vt 0.476220 0.611361 0.000000
vt 0.703837 0.705647 0.000000
vt 0.707132 0.653578 0.000000
vt 0.630099 0.668400 0.000000
vt 0.625925 0.609807 0.000000
vt 0.703837 0.705647 0.000000
vt 0.707132 0.653578 0.000000
vt 0.630099 0.668400 0.000000
vt 0.555237 0.652870 0.000000
vt 0.555875 0.701320 0.000000
vt 0.625925 0.609807 0.000000
vt 0.500000 0.002609 0.000000
vt 0.500280 0.065466 0.000000
vt 0.593561 0.064714 0.000000
vt 0.595475 0.002609 0.000000
vt 0.500000 0.117403 0.000000
vt 0.593750 0.120947 0.000000
vt 0.500000 0.002609 0.000000
vt 0.497162 0.059735 0.000000
vt 0.590571 0.058247 0.000000
vt 0.595475 0.002609 0.000000
vt 0.593750 0.136719 0.000000
vt 0.593750 0.111935 0.000000
vt 0.500000 0.115791 0.000000
vt 0.500000 0.136719 0.000000
vt 0.593750 0.136719 0.000000
vt 0.500000 0.136719 0.000000
usemtl Material_6
f 1017/1017 1016/1016 1018/1018
f 1016/1016 1019/1019 1018/1018
f 1020/1020 1018/1018 1019/1019
f 1022/1022 1021/1021 1023/1023
f 1024/1024 1022/1022 1025/1025
f 1027/1027 1026/1026 1028/1028
f 1027/1027 1029/1029 1026/1026
f 1027/1027 1028/1028 1022/1022
f 1025/1025 1022/1022 1028/1028
f 1029/1029 1027/1027 1023/1023
f 1022/1022 1023/1023 1027/1027
f 1022/1022 1024/1024 1030/1030
f 1032/1032 1031/1031 1033/1033
f 1034/1034 1033/1033 1031/1031
f 1036/1036 1035/1035 1032/1032
f 1031/1031 1032/1032 1035/1035
f 1036/1036 1037/1037 1035/1035
f 1038/1038 1035/1035 1037/1037
f 1040/1040 1039/1039 1041/1041
f 1042/1042 1041/1041 1039/1039
f 1040/1040 1043/1043 1039/1039
f 1045/1045 1044/1044 1046/1046
f 1048/1048 1047/1047 1041/1041
f 1040/1040 1041/1041 1047/1047
f 1042/1042 1049/1049 1041/1041
f 1050/1050 1041/1041 1049/1049
f 1049/1049 1051/1051 1050/1050
f 1053/1053 1052/1052 1054/1054
f 1050/1050 1055/1055 1041/1041
f 1048/1048 1041/1041 1055/1055
f 1056/1056 1052/1052 1053/1053
f 1057/1057 1044/1044 1058/1058
f 1046/1046 1044/1044 1057/1057
f 1059/1059 1053/1053 1060/1060
f 1061/1061 1060/1060 1062/1062
f 1059/1059 1056/1056 1053/1053
f 1061/1061 1059/1059 1060/1060
f 1062/1062 1060/1060 1054/1054
f 1060/1060 1053/1053 1054/1054
f 1064/1064 1063/1063 1065/1065
f 1067/1067 1066/1066 1063/1063
f 1069/1069 1068/1068 1070/1070
f 1072/1072 1071/1071 1068/1068
f 1073/1073 1068/1068 1071/1071
f 1075/1075 1074/1074 1066/1066
f 1075/1075 1067/1067 1076/1076
f 1070/1070 1076/1076 1067/1067
f 1069/1069 1077/1077 1068/1068
f 1072/1072 1068/1068 1077/1077
f 1078/1078 1071/1071 1072/1072
f 1079/1079 1072/1072 1077/1077
f 1067/1067 1080/1080 1070/1070
f 1073/1073 1076/1076 1070/1070
f 1065/1065 1066/1066 1074/1074
f 1067/1067 1075/1075 1066/1066
f 1080/1080 1069/1069 1070/1070
f 1068/1068 1073/1073 1070/1070
f 1063/1063 1080/1080 1067/1067
f 1079/1079 1081/1081 1082/1082
f 1078/1078 1079/1079 1082/1082
f 1078/1078 1072/1072 1079/1079
f 1081/1081 1079/1079 1077/1077
f 1074/1074 1075/1075 1083/1083
f 1065/1065 1063/1063 1066/1066
f 1085/1085 1084/1084 1086/1086
f 1086/1086 1084/1084 1087/1087
f 1088/1088 1087/1087 1084/1084
f 1089/1089 1085/1085 1086/1086
f 1091/1091 1090/1090 1092/1092
f 1093/1093 1092/1092 1090/1090
f 1092/1092 1093/1093 1094/1094
f 1095/1095 1094/1094 1093/1093
f 1097/1097 1096/1096 1098/1098
f 1099/1099 1098/1098 1096/1096
f 1101/1101 1100/1100 1102/1102
f 1103/1103 1102/1102 1100/1100
f 1105/1105 1104/1104 1106/1106
f 1108/1108 1107/1107 1109/1109
f 1111/1111 1110/1110 1112/1112
f 1113/1113 1110/1110 1111/1111
f 1114/1114 1089/1089 1086/1086
f 1090/1090 1114/1114 1093/1093
f 1086/1086 1093/1093 1114/1114
f 1093/1093 1086/1086 1095/1095
f 1087/1087 1095/1095 1086/1086
f 1116/1116 1115/1115 1117/1117
f 1118/1118 1117/1117 1115/1115
f 1118/1118 1115/1115 1119/1119
f 1120/1120 1119/1119 1115/1115
f 1121/1121 1116/1116 1122/1122
f 1117/1117 1122/1122 1116/1116
f 1124/1124 1123/1123 1117/1117
f 1122/1122 1117/1117 1123/1123
f 1126/1126 1125/1125 1127/1127
f 1117/1117 1127/1127 1125/1125
f 1119/1119 1128/1128 1129/1129
f 1130/1130 1129/1129 1128/1128
f 1129/1129 1126/1126 1119/1119
f 1127/1127 1119/1119 1126/1126
f 1128/1128 1119/1119 1120/1120
f 1117/1117 1125/1125 1124/1124
f 1132/1132 1131/1131 1133/1133
f 1134/1134 1133/1133 1131/1131
f 1133/1133 1135/1135 1132/1132
f 1136/1136 1132/1132 1135/1135
f 1138/1138 1137/1137 1139/1139
f 1140/1140 1139/1139 1137/1137
f 1142/1142 1141/1141 1138/1138
f 1144/1144 1143/1143 1141/1141
f 1131/1131 1141/1141 1143/1143
f 1134/1134 1131/1131 1143/1143
f 1137/1137 1138/1138 1136/1136
f 1132/1132 1136/1136 1138/1138
f 1138/1138 1141/1141 1132/1132
f 1131/1131 1132/1132 1141/1141
f 1123/1123 1145/1145 1122/1122
f 1146/1146 1122/1122 1145/1145
f 1146/1146 1147/1147 1122/1122
f 1121/1121 1122/1122 1147/1147
f 1127/1127 1118/1118 1119/1119
f 1127/1127 1117/1117 1118/1118
f 1139/1139 1142/1142 1138/1138
f 1148/1148 1128/1128 1120/1120
f 1150/1150 1149/1149 1151/1151
f 1153/1153 1152/1152 1150/1150
f 1149/1149 1150/1150 1152/1152
f 1155/1155 1154/1154 1156/1156
f 1157/1157 1156/1156 1158/1158
f 1160/1160 1159/1159 1161/1161
f 1159/1159 1162/1162 1161/1161
f 1157/1157 1160/1160 1156/1156
f 1161/1161 1156/1156 1160/1160
f 1156/1156 1161/1161 1155/1155
f 1162/1162 1155/1155 1161/1161
f 1163/1163 1158/1158 1156/1156
f 1165/1165 1164/1164 1166/1166
f 1167/1167 1166/1166 1164/1164
f 1164/1164 1168/1168 1167/1167
f 1169/1169 1167/1167 1168/1168
f 1038/1038 1037/1037 1168/1168
f 1169/1169 1168/1168 1037/1037
f 1171/1171 1170/1170 1172/1172
f 1173/1173 1172/1172 1170/1170
f 1170/1170 1174/1174 1173/1173
f 1176/1176 1175/1175 1177/1177
f 1173/1173 1178/1178 1172/1172
f 1179/1179 1172/1172 1178/1178
f 1181/1181 1180/1180 1172/1172
f 1171/1171 1172/1172 1180/1180
f 1181/1181 1182/1182 1180/1180
f 1184/1184 1183/1183 1185/1185
f 1179/1179 1186/1186 1172/1172
f 1181/1181 1172/1172 1186/1186
f 1185/1185 1183/1183 1187/1187
f 1188/1188 1175/1175 1189/1189
f 1189/1189 1175/1175 1176/1176
f 1190/1190 1185/1185 1191/1191
f 1192/1192 1190/1190 1193/1193
f 1185/1185 1187/1187 1191/1191
f 1190/1190 1191/1191 1193/1193
f 1184/1184 1190/1190 1192/1192
f 1184/1184 1185/1185 1190/1190
f 1195/1195 1194/1194 1196/1196
f 1065/1065 1196/1196 1194/1194
f 1198/1198 1197/1197 1199/1199
f 1201/1201 1200/1200 1197/1197
f 1202/1202 1197/1197 1200/1200
f 1196/1196 1074/1074 1203/1203
f 1198/1198 1195/1195 1204/1204
f 1203/1203 1204/1204 1195/1195
f 1202/1202 1205/1205 1197/1197
f 1199/1199 1197/1197 1205/1205
f 1202/1202 1200/1200 1206/1206
f 1205/1205 1202/1202 1207/1207
f 1198/1198 1208/1208 1195/1195
f 1198/1198 1204/1204 1201/1201
f 1074/1074 1196/1196 1065/1065
f 1196/1196 1203/1203 1195/1195
f 1198/1198 1199/1199 1208/1208
f 1198/1198 1201/1201 1197/1197
f 1195/1195 1208/1208 1194/1194
f 1210/1210 1209/1209 1207/1207
f 1210/1210 1207/1207 1206/1206
f 1207/1207 1202/1202 1206/1206
f 1205/1205 1207/1207 1209/1209
f 1083/1083 1203/1203 1074/1074
f 1194/1194 1064/1064 1065/1065
f 1212/1212 1211/1211 1213/1213
f 1214/1214 1211/1211 1215/1215
f 1212/1212 1215/1215 1211/1211
f 1212/1212 1213/1213 1216/1216
f 1218/1218 1217/1217 1219/1219
f 1220/1220 1219/1219 1217/1217
f 1221/1221 1218/1218 1222/1222
f 1219/1219 1222/1222 1218/1218
f 1224/1224 1223/1223 1225/1225
f 1226/1226 1225/1225 1223/1223
f 1228/1228 1227/1227 1229/1229
f 1230/1230 1229/1229 1227/1227
f 1232/1232 1231/1231 1233/1233
f 1235/1235 1234/1234 1236/1236
f 1238/1238 1237/1237 1239/1239
f 1239/1239 1237/1237 1240/1240
f 1212/1212 1216/1216 1241/1241
f 1212/1212 1241/1241 1218/1218
f 1217/1217 1218/1218 1241/1241
f 1215/1215 1212/1212 1221/1221
f 1218/1218 1221/1221 1212/1212
f 1243/1243 1242/1242 1244/1244
f 1245/1245 1244/1244 1242/1242
f 1246/1246 1242/1242 1247/1247
f 1243/1243 1247/1247 1242/1242
f 1244/1244 1245/1245 1248/1248
f 1249/1249 1248/1248 1245/1245
f 1248/1248 1250/1250 1244/1244
f 1251/1251 1244/1244 1250/1250
f 1244/1244 1252/1252 1253/1253
f 1254/1254 1253/1253 1252/1252
f 1130/1130 1128/1128 1255/1255
f 1247/1247 1255/1255 1128/1128
f 1253/1253 1254/1254 1247/1247
f 1255/1255 1247/1247 1254/1254
f 1246/1246 1247/1247 1128/1128
f 1257/1257 1256/1256 1258/1258
f 1259/1259 1258/1258 1256/1256
f 1136/1136 1135/1135 1259/1259
f 1258/1258 1259/1259 1135/1135
f 1140/1140 1137/1137 1260/1260
f 1261/1261 1260/1260 1137/1137
f 1261/1261 1262/1262 1263/1263
f 1256/1256 1264/1264 1262/1262
f 1265/1265 1262/1262 1264/1264
f 1264/1264 1256/1256 1257/1257
f 1259/1259 1261/1261 1136/1136
f 1137/1137 1136/1136 1261/1261
f 1256/1256 1262/1262 1259/1259
f 1261/1261 1259/1259 1262/1262
f 1146/1146 1145/1145 1248/1248
f 1250/1250 1248/1248 1145/1145
f 1249/1249 1147/1147 1248/1248
f 1146/1146 1248/1248 1147/1147
f 1247/1247 1243/1243 1253/1253
f 1243/1243 1244/1244 1253/1253
f 1261/1261 1263/1263 1260/1260
f 1246/1246 1128/1128 1148/1148
f 1267/1267 1266/1266 1268/1268
f 1269/1269 1268/1268 1266/1266
f 1268/1268 1270/1270 1267/1267
f 1272/1272 1271/1271 1273/1273
f 1274/1274 1266/1266 1275/1275
f 1267/1267 1275/1275 1266/1266
f 1269/1269 1266/1266 1276/1276
f 1277/1277 1276/1276 1266/1266
f 1277/1277 1278/1278 1276/1276
f 1280/1280 1279/1279 1281/1281
f 1277/1277 1266/1266 1282/1282
f 1274/1274 1282/1282 1266/1266
f 1281/1281 1279/1279 1283/1283
f 1284/1284 1271/1271 1285/1285
f 1285/1285 1271/1271 1272/1272
f 1286/1286 1281/1281 1287/1287
f 1288/1288 1286/1286 1289/1289
f 1281/1281 1283/1283 1287/1287
f 1286/1286 1287/1287 1289/1289
f 1280/1280 1286/1286 1288/1288
f 1280/1280 1281/1281 1286/1286
f 1291/1291 1290/1290 1292/1292
f 1293/1293 1292/1292 1290/1290
f 1291/1291 1294/1294 1290/1290
f 1296/1296 1295/1295 1297/1297
f 1299/1299 1298/1298 1292/1292
f 1291/1291 1292/1292 1298/1298
f 1293/1293 1300/1300 1292/1292
f 1301/1301 1292/1292 1300/1300
f 1300/1300 1302/1302 1301/1301
f 1304/1304 1303/1303 1305/1305
f 1301/1301 1306/1306 1292/1292
f 1299/1299 1292/1292 1306/1306
f 1307/1307 1303/1303 1304/1304
f 1308/1308 1295/1295 1309/1309
f 1297/1297 1295/1295 1308/1308
f 1310/1310 1304/1304 1311/1311
f 1312/1312 1311/1311 1313/1313
f 1310/1310 1307/1307 1304/1304
f 1312/1312 1310/1310 1311/1311
f 1313/1313 1311/1311 1305/1305
f 1311/1311 1304/1304 1305/1305
f 1315/1315 1314/1314 1316/1316
f 1318/1318 1317/1317 1319/1319
f 1320/1320 1319/1319 1317/1317
f 1315/1315 1316/1316 1321/1321
f 1322/1322 1321/1321 1316/1316
f 1324/1324 1323/1323 1325/1325
f 1326/1326 1324/1324 1327/1327
f 1324/1324 1325/1325 1328/1328
f 1324/1324 1328/1328 1327/1327
f 1330/1330 1329/1329 1331/1331
f 1323/1323 1330/1330 1325/1325
f 1330/1330 1331/1331 1332/1332
f 1330/1330 1332/1332 1325/1325
f 1334/1334 1333/1333 1335/1335
f 1336/1336 1334/1334 1337/1337
f 1334/1334 1335/1335 1338/1338
f 1334/1334 1338/1338 1337/1337
f 1340/1340 1339/1339 1341/1341
f 1342/1342 1341/1341 1339/1339
f 1342/1342 1343/1343 1341/1341
f 1344/1344 1341/1341 1343/1343
f 1346/1346 1345/1345 1347/1347
f 1348/1348 1347/1347 1345/1345
f 1350/1350 1349/1349 1351/1351
f 1352/1352 1351/1351 1349/1349
f 1320/1320 1321/1321 1319/1319
f 1322/1322 1319/1319 1321/1321
f 1354/1354 1353/1353 1343/1343
f 1344/1344 1343/1343 1353/1353
f 1347/1347 1348/1348 1352/1352
f 1351/1351 1352/1352 1348/1348
f 1356/1356 1355/1355 1357/1357
f 1359/1359 1358/1358 1360/1360
f 1361/1361 1360/1360 1358/1358
f 1362/1362 1356/1356 1363/1363
f 1357/1357 1363/1363 1356/1356
f 1365/1365 1364/1364 1366/1366
f 1367/1367 1366/1366 1368/1368
f 1369/1369 1365/1365 1366/1366
f 1367/1367 1369/1369 1366/1366
f 1371/1371 1370/1370 1372/1372
f 1365/1365 1372/1372 1364/1364
f 1373/1373 1371/1371 1372/1372
f 1365/1365 1373/1373 1372/1372
f 1375/1375 1374/1374 1376/1376
f 1377/1377 1376/1376 1378/1378
f 1379/1379 1375/1375 1376/1376
f 1377/1377 1379/1379 1376/1376
f 1381/1381 1380/1380 1382/1382
f 1383/1383 1382/1382 1380/1380
f 1385/1385 1384/1384 1382/1382
f 1381/1381 1382/1382 1384/1384
f 1387/1387 1386/1386 1388/1388
f 1389/1389 1388/1388 1386/1386
f 1391/1391 1390/1390 1392/1392
f 1393/1393 1392/1392 1390/1390
f 1362/1362 1363/1363 1360/1360
f 1359/1359 1360/1360 1363/1363
f 1385/1385 1394/1394 1384/1384
f 1395/1395 1384/1384 1394/1394
f 1392/1392 1387/1387 1391/1391
f 1388/1388 1391/1391 1387/1387

