mtllib Mount_merry_b3.mtl

g Mount_merry_b3
v 10.805220 -19.821700 90.841740
v 11.929120 -27.726090 91.310050
v 8.857132 -25.869190 98.301120
v 7.703775 -21.492250 99.789620
v 9.369398 -36.182460 87.031840
v 6.266463 -31.854800 97.757760
v 4.885574 -16.116140 93.928930
v 4.202439 -18.322810 101.525500
v 5.836459 -12.973450 86.507180
v 11.471860 -17.920840 84.203430
v 13.185480 -28.041330 87.451270
v 14.123550 -22.017300 80.895420
v 14.691520 -28.564790 79.033230
v 9.745102 -38.063690 75.912560
v 0.182003 -44.092020 74.595060
v 0.066697 -41.517480 87.043240
v 9.982219 -30.942370 88.185850
v 10.246350 -20.382030 90.040000
v 14.171110 -23.823100 80.271580
v 10.849250 -34.579640 76.911530
v 0.032913 -41.732360 74.407760
v 0.039428 -41.125930 86.180000
v 10.132460 -35.438790 62.923980
v -0.221737 -40.207390 61.134720
v 0.028097 -41.158970 69.691540
v 11.369970 -35.498580 70.053020
v 14.975880 -24.895080 71.429100
v 14.260890 -29.641270 64.813420
v 11.553860 -18.777600 80.676290
v 12.136560 -20.889440 72.138400
v -1.655220 -14.045090 96.309070
v -1.859021 -10.781080 90.539620
v -1.500969 -15.246470 103.551400
v -0.250805 -36.416160 97.247630
v 14.296780 6.101110 73.449640
v 16.105620 2.779310 68.706300
v 12.953340 -9.910114 73.092600
v 9.481637 -9.095081 77.406670
v 5.268774 6.289244 82.579870
v 12.791390 -3.862717 64.753250
v 12.558110 -18.751330 66.439740
v 14.157810 -31.548030 58.707650
v 14.202100 -27.012010 72.936290
v 14.123260 -16.477420 73.444880
v 13.432210 -21.617390 86.884610
v 9.925510 -15.370370 82.049740
v 20.977270 15.161270 40.827190
v 18.766080 17.004030 49.141650
v 20.094250 24.698930 48.662100
v 19.423550 22.552610 38.882100
v 24.010960 19.681120 39.942670
v 23.249850 20.227570 49.469430
v 15.610490 21.475400 48.334330
v 16.389860 18.032760 39.766630
v 14.855890 24.062180 68.583950
v 18.317830 21.824980 58.583920
v 13.389730 16.793880 66.615680
v 10.744950 21.505700 66.136380
v 18.317830 21.824980 58.583920
v 17.500670 19.350340 69.063240
v 13.082780 16.735190 68.500310
v 14.251930 24.842420 66.008450
v 15.681030 15.219590 66.290410
v 10.382430 23.449770 76.110700
v 13.068890 -12.221110 64.692630
v 14.271320 17.124170 63.542910
v 11.233680 4.057959 63.290210
v 8.001949 4.341805 70.475910
v 10.052540 17.200100 71.256450
v 10.533680 -8.279341 63.861860
v 9.075489 -8.657836 70.600710
v 11.012280 9.224710 55.803570
v 10.470860 -1.527983 55.787070
v 11.571360 3.595395 55.788190
v 10.262710 -1.368227 46.052890
v 11.571360 3.595395 55.788190
v 10.804130 9.384467 46.069380
v 8.617355 23.362830 76.519120
v 11.312820 21.246740 68.502810
v 10.052540 17.200100 71.256450
v 13.303330 22.679050 63.223580
v 14.589890 22.828180 57.281350
v 17.320670 15.633730 57.102460
v 14.271320 17.124170 63.542910
v 8.211486 -38.407030 65.421240
v -0.188878 -40.452020 61.808480
v 0.209493 -45.110240 63.581920
v 5.371518 -42.735610 66.629000
v 9.599622 -40.604430 69.041920
v 16.043760 -33.459850 73.457310
v 15.407200 -32.948010 69.585360
v 12.546250 -38.267540 71.310390
v 14.708520 -27.080350 80.502640
v 17.467790 -26.805550 74.338660
v 13.475560 -35.753790 78.686350
v 0.409164 -46.769640 67.023130
v 5.307120 -43.423980 69.729820
v 10.947570 -39.262900 74.109120
v 16.172110 -27.055820 69.166330
v 15.566480 -21.328430 79.649960
v 17.548140 -21.080200 73.639150
v 12.322490 -36.315450 67.749950
v 17.005550 -21.746600 67.813100
v 13.945940 -14.898840 72.524560
v 0.356323 -45.212530 70.337880
v 10.470860 -1.527983 55.787070
v 11.012280 9.224710 55.803570
v 10.103320 -2.994201 59.334250
v 9.876535 -11.746390 59.214150
v 13.068890 -12.221110 64.692630
v 12.791390 -3.862717 64.753250
v 4.295984 -0.683467 55.714840
v 4.460030 -8.048491 55.121550
v -2.014480 -1.882909 52.149690
v -1.383526 3.097706 53.525600
v 1.896955 -13.955450 27.104900
v 2.301077 -14.667140 30.024500
v 4.093773 -17.695610 29.189240
v 4.351734 -15.622360 24.099040
v 1.516131 -12.190410 29.612580
v 1.207219 -9.842893 31.722230
v 1.771089 -9.279108 44.641640
v 1.548351 -16.747320 33.477250
v 1.548351 -16.747320 33.477250
v 2.977107 -24.086550 35.445920
v 7.230798 -15.067120 26.920780
v 7.122088 -15.736820 30.062770
v 8.687480 -13.508640 28.808610
v 7.122088 -15.736820 30.062770
v 9.937928 -13.979370 35.779770
v 8.687480 -13.508640 28.808610
v 7.026348 -17.722010 33.553390
v 7.026348 -17.722010 33.553390
v 2.301077 -14.667140 30.024500
v 1.516131 -12.190410 29.612580
v 13.870390 -8.672457 51.873160
v 11.147930 -11.341350 34.296380
v 12.083140 -8.474704 36.821570
v 9.894934 -10.234080 30.479070
v -10.573580 -27.071050 98.514940
v -13.436120 -29.350280 91.374370
v -13.317150 -21.340970 90.902150
v -9.940164 -22.583600 99.983760
v -7.271812 -32.692200 97.906730
v -9.840410 -37.412490 87.080540
v -7.893651 -16.921000 93.960950
v -6.821873 -19.004710 101.646800
v -9.239336 -13.907130 86.544480
v -14.232500 -19.512760 84.267010
v -16.374730 -23.906120 80.970860
v -14.661480 -29.824420 87.521890
v -16.135520 -30.506330 79.110440
v -10.052290 -39.310560 75.962140
v -16.202190 -25.704180 80.346720
v -12.696470 -21.827010 90.097450
v -11.110710 -32.292980 88.239340
v -11.579760 -35.992260 76.967710
v -11.115950 -36.973230 63.322350
v -12.038130 -37.188970 70.491880
v -16.856190 -27.205140 71.317790
v -15.649560 -31.493690 64.887410
v -14.234830 -20.361690 81.043370
v -14.587730 -22.830470 71.904690
v -17.977540 6.918325 73.383330
v -16.745840 -11.749440 73.166070
v -19.934180 3.691874 68.632260
v -13.380020 -10.510950 77.463230
v -8.986190 6.650198 82.550580
v -16.729180 -4.032375 64.580980
v -15.814320 -29.150280 72.896460
v -15.342090 -33.375020 58.780620
v -15.295510 -20.476360 66.508630
v -17.293150 -19.378240 72.211120
v -15.718090 -23.453330 86.957630
v -13.023300 -16.791630 82.106510
v -22.439250 36.471160 55.628080
v -21.978130 30.327270 50.806740
v -23.836400 34.740810 43.625850
v -23.105410 41.383720 47.646630
v -18.622840 34.521800 52.129850
v -25.794540 32.276620 54.304990
v -27.340020 38.206340 46.101630
v -19.601800 37.918170 45.170860
v -14.617530 26.891820 70.507430
v -13.993830 20.228710 66.756990
v -18.345860 27.929690 60.406460
v -10.802900 24.563080 67.433110
v -17.808460 22.557450 69.831310
v -18.345860 27.929690 60.406460
v -13.888820 19.095690 68.460200
v -16.450430 19.068810 66.083240
v -13.887780 28.215930 68.200710
v -10.085650 25.241100 76.080260
v -16.909930 -12.393400 64.517690
v -11.768590 4.842418 70.435280
v -14.983330 4.721801 63.236350
v -15.052230 19.387950 63.377500
v -10.832050 19.027880 71.225390
v -13.026670 -8.784858 70.471730
v -14.410680 -8.422695 63.716290
v -13.450010 10.618720 55.765710
v -13.984640 -0.131272 55.509310
v -14.565390 5.073087 55.702890
v -14.643760 0.267416 45.802100
v -14.109130 11.017400 46.058500
v -14.565390 5.073087 55.702890
v -8.363723 24.848990 76.493840
v -10.832050 19.027880 71.225390
v -11.432030 23.787980 69.667590
v -12.551700 26.216960 63.381790
v -15.052230 19.387950 63.377500
v -16.018600 19.478350 56.461780
v -12.856100 26.495690 56.392740
v -8.657329 -39.625190 65.737510
v -5.133253 -43.494200 66.825940
v -9.541533 -41.986690 69.400770
v -16.831970 -35.833940 74.073680
v -12.721280 -40.092210 71.784100
v -16.440310 -35.247840 70.182450
v -19.134870 -29.072430 74.429190
v -16.329220 -29.061690 80.569730
v -14.029000 -37.486080 78.755230
v -4.836566 -44.156490 69.920010
v -11.103900 -40.651750 74.164360
v -17.843710 -29.162490 69.250470
v -17.897760 -23.400930 79.732730
v -19.924510 -23.400960 73.731860
v -12.947230 -38.140280 68.223700
v -19.332550 -23.997090 67.902990
v -17.118090 -16.822700 72.601410
v -13.984640 -0.131272 55.509310
v -13.450010 10.618720 55.765710
v -16.909930 -12.393400 64.517690
v -13.659770 -11.881650 59.076800
v -13.988460 -3.132656 59.193660
v -16.729180 -4.032375 64.580980
v -8.238903 -8.121469 55.047440
v -8.265827 -0.365386 55.689030
v -8.870649 -34.811210 28.845950
v -6.230344 -32.339280 28.809090
v -5.803110 -32.661660 25.824550
v -8.803017 -34.332230 23.364980
v -4.783770 -30.436350 27.710770
v -3.686318 -27.775780 29.042630
v -5.920447 -33.523350 32.809000
v -3.327646 -23.330420 41.194070
v -9.307548 -39.132630 36.743530
v -5.920447 -33.523350 32.809000
v -11.231180 -32.156600 25.800190
v -11.143770 -31.882180 29.001670
v -12.062090 -29.758960 27.094640
v -11.143770 -31.882180 29.001670
v -12.062090 -29.758960 27.094640
v -12.999610 -27.852660 33.735280
v -11.431520 -32.699570 32.923870
v -11.431520 -32.699570 32.923870
v -4.783770 -30.436350 27.710770
v -6.230344 -32.339280 28.809090
v -13.470320 -25.462230 31.613660
v -14.296790 -17.107710 47.519550
v -12.168250 -25.936220 27.683300
v -13.386570 -21.841740 33.147890
v -11.825470 38.484620 30.058190
v -8.679338 40.977990 30.449590
v -8.688292 41.733720 27.422340
v -12.563800 40.876590 24.979680
v -7.764488 43.284280 29.937240
v -7.120814 45.467010 32.112380
v -7.743141 38.291630 34.043370
v -4.770836 45.499810 45.223990
v -11.231890 30.481260 35.846350
v -7.743141 38.291630 34.043370
v -14.214940 41.997620 28.347430
v -13.650250 41.141400 31.492090
v -14.309400 43.797910 30.460750
v -13.650250 41.141400 31.492090
v -14.309400 43.797910 30.460750
v -14.729400 43.336240 38.235150
v -13.420320 38.056400 35.523810
v -13.420320 38.056400 35.523810
v -7.764488 43.284280 29.937240
v -8.679338 40.977990 30.449590
v -14.806080 46.289760 36.461520
v -15.518660 48.846120 55.122330
v -14.081360 47.269650 32.355250
v -13.702090 49.215940 39.070170
v 6.045558 19.402340 26.759610
v 6.146854 20.608730 29.635320
v 9.051791 18.074990 30.829710
v 9.693297 16.873420 25.334020
v 5.395596 22.230380 27.838580
v 5.056662 25.330690 28.267620
v 3.465343 33.419020 38.731150
v 5.136821 20.928090 33.508980
v 5.136821 20.928090 33.508980
v 8.136809 15.219110 40.259250
v 11.618920 19.610470 27.363080
v 11.165690 20.862670 30.390860
v 11.979760 22.295460 27.974880
v 11.165690 20.862670 30.390860
v 12.801370 26.526580 34.474730
v 11.979760 22.295460 27.974880
v 10.905240 20.864680 34.644310
v 10.905240 20.864680 34.644310
v 6.146854 20.608730 29.635320
v 5.395596 22.230380 27.838580
v 14.994910 40.913490 44.686930
v 13.017950 27.811110 31.284350
v 12.306220 31.808120 31.612620
v 12.143620 26.212610 27.407870
v 16.094530 23.895640 50.535920
v 20.473670 16.468760 50.777300
v -17.687070 19.630130 49.545170
v -12.811910 26.743950 49.404140
vt 0.397501 0.772027 0.000000
vt 0.301715 0.757948 0.000000
vt 0.328545 0.808526 0.000000
vt 0.383239 0.828265 0.000000
vt 0.187130 0.726208 0.000000
vt 0.255884 0.800011 0.000000
vt 0.462276 0.769776 0.000000
vt 0.447305 0.837880 0.000000
vt 0.470114 0.720907 0.000000
vt 0.414872 0.734249 0.000000
vt 0.269430 0.712564 0.000000
vt 0.329646 0.669392 0.000000
vt 0.239549 0.657595 0.000000
vt 0.141402 0.653403 0.000000
vt 0.042520 0.663606 0.000000
vt 0.106621 0.744517 0.000000
vt 0.687624 0.979523 0.000000
vt 0.822574 0.990234 0.000000
vt 0.792612 0.948223 0.000000
vt 0.668449 0.945445 0.000000
vt 0.537171 0.930246 0.000000
vt 0.548255 0.970703 0.000000
vt 0.650884 0.836965 0.000000
vt 0.534560 0.832689 0.000000
vt 0.536164 0.879976 0.000000
vt 0.669604 0.888858 0.000000
vt 0.804587 0.884794 0.000000
vt 0.760281 0.848364 0.000000
vt 0.846669 0.955078 0.000000
vt 0.840049 0.905777 0.000000
vt 0.504867 0.788807 0.000000
vt 0.519629 0.732286 0.000000
vt 0.505169 0.852292 0.000000
vt 0.169719 0.796062 0.000000
vt 0.739973 0.339893 0.000000
vt 0.703145 0.315800 0.000000
vt 0.552493 0.336740 0.000000
vt 0.562894 0.360685 0.000000
vt 0.708687 0.384855 0.000000
vt 0.622582 0.293557 0.000000
vt 0.464003 0.300842 0.000000
vt 0.346444 0.263100 0.000000
vt 0.371109 0.334736 0.000000
vt 0.479114 0.333723 0.000000
vt 0.449479 0.410572 0.000000
vt 0.506186 0.385628 0.000000
vt 0.004721 0.003026 0.000000
vt 0.004721 0.081825 0.000000
vt 0.111139 0.081825 0.000000
vt 0.111139 0.003906 0.000000
vt 0.004721 0.003026 0.000000
vt 0.004721 0.081825 0.000000
vt 0.111139 0.081825 0.000000
vt 0.111139 0.003906 0.000000
vt 0.236159 0.088098 0.000000
vt 0.177316 0.002181 0.000000
vt 0.116989 0.088098 0.000000
vt 0.236159 0.088098 0.000000
vt 0.177316 0.002181 0.000000
vt 0.116989 0.088098 0.000000
vt 0.753906 0.730469 0.000000
vt 0.925781 0.667969 0.000000
vt 0.753906 0.667969 0.000000
vt 0.925781 0.730469 0.000000
vt 0.533204 0.293557 0.000000
vt 0.722656 0.657165 0.000000
vt 0.552665 0.657769 0.000000
vt 0.548350 0.702572 0.000000
vt 0.722656 0.702572 0.000000
vt 0.384212 0.657165 0.000000
vt 0.384212 0.702572 0.000000
vt 0.624407 0.601247 0.000000
vt 0.483450 0.601247 0.000000
vt 0.557062 0.601247 0.000000
vt 0.479552 0.002909 0.000000
vt 0.540040 0.046292 0.000000
vt 0.610593 0.002909 0.000000
vt 0.593750 0.162109 0.000000
vt 0.593750 0.136719 0.000000
vt 0.500000 0.136719 0.000000
vt 0.593750 0.083984 0.000000
vt 0.594613 0.043297 0.000000
vt 0.500000 0.043297 0.000000
vt 0.500000 0.083984 0.000000
vt 0.751572 0.065548 0.000000
vt 0.809908 0.036425 0.000000
vt 0.764737 0.015806 0.000000
vt 0.721970 0.044718 0.000000
vt 0.699577 0.065649 0.000000
vt 0.700902 0.130418 0.000000
vt 0.749080 0.128603 0.000000
vt 0.688797 0.094895 0.000000
vt 0.637806 0.195922 0.000000
vt 0.718750 0.169922 0.000000
vt 0.601904 0.115507 0.000000
vt 0.715646 0.005676 0.000000
vt 0.678031 0.046100 0.000000
vt 0.624041 0.078930 0.000000
vt 0.782445 0.152676 0.000000
vt 0.699743 0.223934 0.000000
vt 0.761069 0.200521 0.000000
vt 0.739205 0.097121 0.000000
vt 0.814113 0.174266 0.000000
vt 0.829150 0.222529 0.000000
vt 0.678031 0.046100 0.000000
vt 0.478140 0.049644 0.000000
vt 0.611299 0.046645 0.000000
vt 0.765625 0.277344 0.000000
vt 0.675781 0.277344 0.000000
vt 0.671875 0.302734 0.000000
vt 0.757813 0.302734 0.000000
vt 0.789063 0.257813 0.000000
vt 0.703125 0.251953 0.000000
vt 0.757813 0.230469 0.000000
vt 0.820313 0.240234 0.000000
vt 0.624236 0.718490 0.000000
vt 0.643603 0.730046 0.000000
vt 0.589626 0.734612 0.000000
vt 0.571595 0.718490 0.000000
vt 0.662478 0.718490 0.000000
vt 0.098243 0.307039 0.000000
vt 0.063245 0.409166 0.000000
vt 0.033782 0.309582 0.000000
vt 0.669866 0.745716 0.000000
vt 0.622901 0.764363 0.000000
vt 0.624236 0.718490 0.000000
vt 0.643603 0.730046 0.000000
vt 0.662478 0.718490 0.000000
vt 0.054338 0.299004 0.000000
vt 0.056646 0.330454 0.000000
vt 0.082526 0.297566 0.000000
vt 0.669866 0.745716 0.000000
vt 0.033782 0.309582 0.000000
vt 0.054338 0.299004 0.000000
vt 0.082526 0.297566 0.000000
vt 0.063245 0.409166 0.000000
vt 0.084192 0.326069 0.000000
vt 0.098831 0.341899 0.000000
vt 0.098243 0.307039 0.000000
vt 0.328545 0.808526 0.000000
vt 0.301715 0.757948 0.000000
vt 0.397501 0.772027 0.000000
vt 0.383239 0.828265 0.000000
vt 0.255884 0.800011 0.000000
vt 0.187130 0.726208 0.000000
vt 0.462276 0.769776 0.000000
vt 0.447305 0.837880 0.000000
vt 0.470114 0.720907 0.000000
vt 0.414872 0.734249 0.000000
vt 0.329646 0.669392 0.000000
vt 0.269430 0.712564 0.000000
vt 0.239549 0.657595 0.000000
vt 0.141402 0.653403 0.000000
vt 0.792612 0.948223 0.000000
vt 0.822574 0.990234 0.000000
vt 0.687624 0.979523 0.000000
vt 0.668449 0.945445 0.000000
vt 0.650884 0.836965 0.000000
vt 0.669604 0.888858 0.000000
vt 0.804587 0.884794 0.000000
vt 0.760281 0.848364 0.000000
vt 0.846669 0.955078 0.000000
vt 0.840049 0.905777 0.000000
vt 0.739973 0.339893 0.000000
vt 0.552493 0.336740 0.000000
vt 0.703145 0.315800 0.000000
vt 0.562894 0.360685 0.000000
vt 0.708687 0.384855 0.000000
vt 0.622582 0.293557 0.000000
vt 0.371109 0.334736 0.000000
vt 0.346444 0.263100 0.000000
vt 0.464003 0.300842 0.000000
vt 0.479114 0.333723 0.000000
vt 0.449479 0.410572 0.000000
vt 0.506186 0.385628 0.000000
vt 0.111139 0.081825 0.000000
vt 0.004721 0.081825 0.000000
vt 0.004721 0.003026 0.000000
vt 0.111139 0.003906 0.000000
vt 0.111139 0.081825 0.000000
vt 0.004721 0.081825 0.000000
vt 0.004721 0.003026 0.000000
vt 0.111139 0.003906 0.000000
vt 0.236159 0.088098 0.000000
vt 0.116989 0.088098 0.000000
vt 0.177316 0.002181 0.000000
vt 0.236159 0.088098 0.000000
vt 0.116989 0.088098 0.000000
vt 0.177316 0.002181 0.000000
vt 0.753906 0.730469 0.000000
vt 0.753906 0.667969 0.000000
vt 0.925781 0.667969 0.000000
vt 0.925781 0.730469 0.000000
vt 0.533204 0.293557 0.000000
vt 0.548350 0.702572 0.000000
vt 0.552665 0.657769 0.000000
vt 0.722656 0.657165 0.000000
vt 0.722656 0.702572 0.000000
vt 0.384212 0.702572 0.000000
vt 0.384212 0.657165 0.000000
vt 0.624407 0.601247 0.000000
vt 0.483450 0.601247 0.000000
vt 0.557062 0.601247 0.000000
vt 0.479552 0.002909 0.000000
vt 0.610593 0.002909 0.000000
vt 0.540040 0.046292 0.000000
vt 0.593750 0.162109 0.000000
vt 0.500000 0.136719 0.000000
vt 0.593750 0.136719 0.000000
vt 0.593750 0.083984 0.000000
vt 0.500000 0.083984 0.000000
vt 0.500000 0.043297 0.000000
vt 0.594613 0.043297 0.000000
vt 0.751572 0.065548 0.000000
vt 0.721970 0.044718 0.000000
vt 0.699577 0.065649 0.000000
vt 0.700902 0.130418 0.000000
vt 0.688797 0.094895 0.000000
vt 0.749080 0.128603 0.000000
vt 0.718750 0.169922 0.000000
vt 0.637806 0.195922 0.000000
vt 0.601904 0.115507 0.000000
vt 0.678031 0.046100 0.000000
vt 0.624041 0.078930 0.000000
vt 0.782445 0.152676 0.000000
vt 0.699743 0.223934 0.000000
vt 0.761069 0.200521 0.000000
vt 0.739205 0.097121 0.000000
vt 0.814113 0.174266 0.000000
vt 0.829150 0.222529 0.000000
vt 0.478140 0.049644 0.000000
vt 0.611299 0.046645 0.000000
vt 0.671875 0.302734 0.000000
vt 0.675781 0.277344 0.000000
vt 0.765625 0.277344 0.000000
vt 0.757813 0.302734 0.000000
vt 0.703125 0.251953 0.000000
vt 0.789063 0.257813 0.000000
vt 0.589626 0.734612 0.000000
vt 0.643603 0.730046 0.000000
vt 0.624236 0.718490 0.000000
vt 0.571595 0.718490 0.000000
vt 0.662478 0.718490 0.000000
vt 0.098243 0.307039 0.000000
vt 0.033782 0.309582 0.000000
vt 0.063245 0.409166 0.000000
vt 0.622901 0.764363 0.000000
vt 0.669866 0.745716 0.000000
vt 0.624236 0.718490 0.000000
vt 0.643603 0.730046 0.000000
vt 0.662478 0.718490 0.000000
vt 0.054338 0.299004 0.000000
vt 0.082526 0.297566 0.000000
vt 0.056646 0.330454 0.000000
vt 0.669866 0.745716 0.000000
vt 0.033782 0.309582 0.000000
vt 0.082526 0.297566 0.000000
vt 0.054338 0.299004 0.000000
vt 0.084192 0.326069 0.000000
vt 0.063245 0.409166 0.000000
vt 0.098243 0.307039 0.000000
vt 0.098831 0.341899 0.000000
vt 0.589626 0.734612 0.000000
vt 0.643603 0.730046 0.000000
vt 0.624236 0.718490 0.000000
vt 0.571595 0.718490 0.000000
vt 0.662478 0.718490 0.000000
vt 0.098243 0.307039 0.000000
vt 0.033782 0.309582 0.000000
vt 0.063245 0.409166 0.000000
vt 0.622901 0.764363 0.000000
vt 0.669866 0.745716 0.000000
vt 0.624236 0.718490 0.000000
vt 0.643603 0.730046 0.000000
vt 0.662478 0.718490 0.000000
vt 0.054338 0.299004 0.000000
vt 0.082526 0.297566 0.000000
vt 0.056646 0.330454 0.000000
vt 0.669866 0.745716 0.000000
vt 0.033782 0.309582 0.000000
vt 0.082526 0.297566 0.000000
vt 0.054338 0.299004 0.000000
vt 0.084192 0.326069 0.000000
vt 0.063245 0.409166 0.000000
vt 0.098243 0.307039 0.000000
vt 0.098831 0.341899 0.000000
vt 0.624236 0.718490 0.000000
vt 0.643603 0.730046 0.000000
vt 0.589626 0.734612 0.000000
vt 0.571595 0.718490 0.000000
vt 0.662478 0.718490 0.000000
vt 0.098243 0.307039 0.000000
vt 0.063245 0.409166 0.000000
vt 0.033782 0.309582 0.000000
vt 0.669866 0.745716 0.000000
vt 0.622901 0.764363 0.000000
vt 0.624236 0.718490 0.000000
vt 0.643603 0.730046 0.000000
vt 0.662478 0.718490 0.000000
vt 0.054338 0.299004 0.000000
vt 0.056646 0.330454 0.000000
vt 0.082526 0.297566 0.000000
vt 0.669866 0.745716 0.000000
vt 0.033782 0.309582 0.000000
vt 0.054338 0.299004 0.000000
vt 0.082526 0.297566 0.000000
vt 0.063245 0.409166 0.000000
vt 0.084192 0.326069 0.000000
vt 0.098831 0.341899 0.000000
vt 0.098243 0.307039 0.000000
vt 0.595475 0.002609 0.000000
vt 0.500000 0.002609 0.000000
vt 0.500000 0.002609 0.000000
vt 0.595475 0.002609 0.000000
usemtl Material_3
f 2/2 1/1 3/3
f 4/4 3/3 1/1
f 6/6 5/5 3/3
f 2/2 3/3 5/5
f 1/1 7/7 4/4
f 8/8 4/4 7/7
f 7/7 1/1 9/9
f 10/10 9/9 1/1
f 1/1 11/11 12/12
f 13/13 12/12 11/11
f 15/15 14/14 16/16
f 5/5 16/16 14/14
f 11/11 5/5 13/13
f 14/14 13/13 5/5
f 16/16 5/5 6/6
f 1/1 12/12 10/10
f 18/18 17/17 19/19
f 20/20 19/19 17/17
f 21/21 20/20 22/22
f 17/17 22/22 20/20
f 24/24 23/23 25/25
f 26/26 25/25 23/23
f 28/28 27/27 26/26
f 19/19 27/27 29/29
f 30/30 29/29 27/27
f 18/18 19/19 29/29
f 20/20 21/21 26/26
f 25/25 26/26 21/21
f 19/19 20/20 27/27
f 26/26 27/27 20/20
f 31/31 7/7 32/32
f 9/9 32/32 7/7
f 8/8 7/7 33/33
f 31/31 33/33 7/7
f 11/11 2/2 5/5
f 11/11 1/1 2/2
f 23/23 28/28 26/26
f 34/34 16/16 6/6
f 36/36 35/35 37/37
f 37/37 35/35 38/38
f 39/39 38/38 35/35
f 40/40 36/36 37/37
f 42/42 41/41 43/43
f 44/44 43/43 41/41
f 43/43 44/44 45/45
f 46/46 45/45 44/44
f 48/48 47/47 49/49
f 50/50 49/49 47/47
f 52/52 51/51 53/53
f 54/54 53/53 51/51
f 56/56 55/55 57/57
f 59/59 58/58 60/60
f 62/62 61/61 63/63
f 64/64 61/61 62/62
f 65/65 40/40 37/37
f 41/41 65/65 44/44
f 37/37 44/44 65/65
f 44/44 37/37 46/46
f 38/38 46/46 37/37
f 67/67 66/66 68/68
f 69/69 68/68 66/66
f 71/71 70/70 68/68
f 67/67 68/68 70/70
f 66/66 67/67 72/72
f 70/70 73/73 67/67
f 67/67 74/74 72/72
f 74/74 67/67 73/73
f 76/76 75/75 77/77
f 79/79 78/78 80/80
f 82/82 81/81 83/83
f 84/84 83/83 81/81
f 80/80 84/84 79/79
f 81/81 79/79 84/84
f 86/86 85/85 87/87
f 89/89 88/88 85/85
f 91/91 90/90 92/92
f 94/94 93/93 90/90
f 95/95 90/90 93/93
f 97/97 96/96 88/88
f 97/97 89/89 98/98
f 92/92 98/98 89/89
f 91/91 99/99 90/90
f 94/94 90/90 99/99
f 100/100 93/93 94/94
f 101/101 94/94 99/99
f 89/89 102/102 92/92
f 95/95 98/98 92/92
f 87/87 88/88 96/96
f 89/89 97/97 88/88
f 102/102 91/91 92/92
f 90/90 95/95 92/92
f 85/85 102/102 89/89
f 101/101 103/103 104/104
f 100/100 101/101 104/104
f 100/100 94/94 101/101
f 103/103 101/101 99/99
f 96/96 97/97 105/105
f 106/106 75/75 76/76
f 107/107 76/76 77/77
f 87/87 85/85 88/88
f 109/109 108/108 110/110
f 111/111 110/110 108/108
f 113/113 112/112 109/109
f 108/108 109/109 112/112
f 113/113 114/114 112/112
f 115/115 112/112 114/114
f 117/117 116/116 118/118
f 119/119 118/118 116/116
f 117/117 120/120 116/116
f 122/122 121/121 123/123
f 125/125 124/124 118/118
f 117/117 118/118 124/124
f 119/119 126/126 118/118
f 127/127 118/118 126/126
f 126/126 128/128 127/127
f 130/130 129/129 131/131
f 127/127 132/132 118/118
f 125/125 118/118 132/132
f 133/133 129/129 130/130
f 134/134 121/121 135/135
f 123/123 121/121 134/134
f 136/136 130/130 137/137
f 138/138 137/137 139/139
f 136/136 133/133 130/130
f 138/138 136/136 137/137
f 139/139 137/137 131/131
f 137/137 130/130 131/131
f 141/141 140/140 142/142
f 143/143 142/142 140/140
f 144/144 140/140 145/145
f 141/141 145/145 140/140
f 142/142 143/143 146/146
f 147/147 146/146 143/143
f 146/146 148/148 142/142
f 149/149 142/142 148/148
f 142/142 150/150 151/151
f 152/152 151/151 150/150
f 15/15 16/16 153/153
f 145/145 153/153 16/16
f 151/151 152/152 145/145
f 153/153 145/145 152/152
f 144/144 145/145 16/16
f 149/149 150/150 142/142
f 155/155 154/154 156/156
f 157/157 156/156 154/154
f 21/21 22/22 157/157
f 156/156 157/157 22/22
f 24/24 25/25 158/158
f 159/159 158/158 25/25
f 159/159 160/160 161/161
f 154/154 162/162 160/160
f 163/163 160/160 162/162
f 162/162 154/154 155/155
f 157/157 159/159 21/21
f 25/25 21/21 159/159
f 154/154 160/160 157/157
f 159/159 157/157 160/160
f 31/31 32/32 146/146
f 148/148 146/146 32/32
f 147/147 33/33 146/146
f 31/31 146/146 33/33
f 145/145 141/141 151/151
f 141/141 142/142 151/151
f 159/159 161/161 158/158
f 144/144 16/16 34/34
f 165/165 164/164 166/166
f 165/165 167/167 164/164
f 168/168 164/164 167/167
f 165/165 166/166 169/169
f 171/171 170/170 172/172
f 173/173 172/172 170/170
f 170/170 174/174 173/173
f 175/175 173/173 174/174
f 177/177 176/176 178/178
f 179/179 178/178 176/176
f 181/181 180/180 182/182
f 183/183 182/182 180/180
f 185/185 184/184 186/186
f 188/188 187/187 189/189
f 191/191 190/190 192/192
f 192/192 190/190 193/193
f 165/165 169/169 194/194
f 172/172 173/173 194/194
f 165/165 194/194 173/173
f 173/173 175/175 165/165
f 167/167 165/165 175/175
f 196/196 195/195 197/197
f 198/198 197/197 195/195
f 199/199 195/195 200/200
f 196/196 200/200 195/195
f 201/201 196/196 197/197
f 196/196 202/202 200/200
f 201/201 203/203 196/196
f 202/202 196/196 203/203
f 205/205 204/204 206/206
f 208/208 207/207 209/209
f 211/211 210/210 212/212
f 213/213 212/212 210/210
f 208/208 209/209 211/211
f 210/210 211/211 209/209
f 215/215 214/214 87/87
f 214/214 215/215 216/216
f 218/218 217/217 219/219
f 220/220 217/217 221/221
f 222/222 221/221 217/217
f 215/215 96/96 223/223
f 223/223 224/224 216/216
f 218/218 216/216 224/224
f 219/219 217/217 225/225
f 220/220 225/225 217/217
f 220/220 221/221 226/226
f 225/225 220/220 227/227
f 218/218 228/228 216/216
f 218/218 224/224 222/222
f 96/96 215/215 87/87
f 215/215 223/223 216/216
f 218/218 219/219 228/228
f 218/218 222/222 217/217
f 216/216 228/228 214/214
f 230/230 229/229 227/227
f 230/230 227/227 226/226
f 227/227 220/220 226/226
f 225/225 227/227 229/229
f 105/105 223/223 96/96
f 206/206 204/204 231/231
f 205/205 206/206 232/232
f 214/214 86/86 87/87
f 234/234 233/233 235/235
f 236/236 235/235 233/233
f 237/237 234/234 238/238
f 235/235 238/238 234/234
f 237/237 238/238 114/114
f 115/115 114/114 238/238
f 240/240 239/239 241/241
f 242/242 241/241 239/239
f 241/241 243/243 240/240
f 245/245 244/244 246/246
f 247/247 239/239 248/248
f 240/240 248/248 239/239
f 242/242 239/239 249/249
f 250/250 249/249 239/239
f 250/250 251/251 249/249
f 253/253 252/252 254/254
f 250/250 239/239 255/255
f 247/247 255/255 239/239
f 254/254 252/252 256/256
f 257/257 244/244 258/258
f 258/258 244/244 245/245
f 259/259 254/254 260/260
f 261/261 259/259 262/262
f 254/254 256/256 260/260
f 259/259 260/260 262/262
f 253/253 259/259 261/261
f 253/253 254/254 259/259
f 264/264 263/263 265/265
f 266/266 265/265 263/263
f 265/265 267/267 264/264
f 269/269 268/268 270/270
f 271/271 263/263 272/272
f 264/264 272/272 263/263
f 266/266 263/263 273/273
f 274/274 273/273 263/263
f 274/274 275/275 273/273
f 277/277 276/276 278/278
f 274/274 263/263 279/279
f 271/271 279/279 263/263
f 278/278 276/276 280/280
f 281/281 268/268 282/282
f 282/282 268/268 269/269
f 283/283 278/278 284/284
f 285/285 283/283 286/286
f 278/278 280/280 284/284
f 283/283 284/284 286/286
f 277/277 283/283 285/285
f 277/277 278/278 283/283
f 288/288 287/287 289/289
f 290/290 289/289 287/287
f 288/288 291/291 287/287
f 293/293 292/292 294/294
f 296/296 295/295 289/289
f 288/288 289/289 295/295
f 290/290 297/297 289/289
f 298/298 289/289 297/297
f 297/297 299/299 298/298
f 301/301 300/300 302/302
f 298/298 303/303 289/289
f 296/296 289/289 303/303
f 304/304 300/300 301/301
f 305/305 292/292 306/306
f 294/294 292/292 305/305
f 307/307 301/301 308/308
f 309/309 308/308 310/310
f 307/307 304/304 301/301
f 309/309 307/307 308/308
f 310/310 308/308 302/302
f 308/308 301/301 302/302
f 311/311 82/82 312/312
f 83/83 312/312 82/82
f 314/314 313/313 213/213
f 212/212 213/213 313/313

g Mount_merry_b3
v 10.979590 14.309050 5.277372
v 10.910020 14.278920 2.956863
v 13.962720 12.495760 5.931600
v 8.284059 12.048570 5.956806
v 11.304870 11.764690 3.856243
v 14.527330 12.140460 0.182964
v 8.315184 11.186610 0.027349
v 14.906200 1.553029 0.128059
v 11.929780 7.082790 9.867747
v 16.736860 8.000188 0.211217
v 12.466900 4.871010 0.089291
v 11.505330 11.131160 0.103964
v 11.135820 0.974109 0.033611
v 5.091328 -30.602650 60.630230
v 3.451746 -31.270430 62.958050
v 9.282299 -33.310120 72.989330
v 11.285350 -21.667090 62.938480
v 11.002740 -23.182330 71.712000
v 11.660840 -14.442110 72.249070
v 6.206956 -12.550230 61.994030
v 11.790120 -23.907940 80.068570
v 11.261100 -18.902770 80.623090
v 7.124476 -10.103220 80.628250
v 6.708963 -3.899600 75.564540
v 9.244598 -5.082922 66.779880
v -1.893726 -7.375194 54.633760
v -1.698565 -23.002740 57.200620
v 6.447856 -6.172612 59.719220
v 0.914909 -20.424720 58.100420
v -0.073969 -39.880480 78.245760
v 8.788867 -33.337280 81.952800
v -0.249288 -37.407090 70.555640
v -1.969076 0.006040 53.424340
v 5.933339 3.967373 59.673180
v 4.548499 4.710500 73.139870
v 7.023734 15.877540 74.355580
v 9.448395 12.631880 67.599860
v 7.891135 4.087228 64.447410
v 13.317020 18.718960 64.798700
v 12.898320 13.023020 57.206540
v 9.861056 11.912480 65.842900
v 7.985561 7.149679 57.043510
v 4.243904 8.614266 59.218550
v 8.170120 10.376820 61.548520
v 10.655540 27.509890 72.113010
v 10.689380 17.203090 69.483920
v 12.869320 26.589250 63.856950
v 14.447470 19.726590 56.289670
v 12.754810 19.564300 47.215520
v 2.255243 20.780770 57.356330
v 3.052480 17.115350 49.774660
v 5.441618 24.442230 78.890170
v 0.232731 25.409090 80.035140
v 0.570920 29.250960 78.714620
v 5.448443 28.369490 77.335750
v 4.054627 32.798540 73.771570
v 7.743586 31.166450 73.443840
v 1.017495 34.645950 70.369630
v 4.602242 32.564770 61.350780
v 8.847402 31.116580 61.873970
v 5.633748 28.352760 56.346740
v 6.121494 25.212000 52.459090
v 6.037845 24.795580 45.476430
v 10.521820 23.729970 46.205300
v 11.177620 24.012300 53.914360
v 1.014352 34.174510 67.291050
v 0.864383 32.293800 60.449850
v 6.549312 29.327590 39.140330
v 7.783643 20.184670 35.746260
v 11.237750 15.407930 47.015050
v 10.954110 24.053920 37.635970
v 7.866385 11.085300 46.936170
v 4.479749 24.111490 36.956390
v 7.971214 20.415290 34.124530
v 11.054710 24.691720 35.017370
v 4.716379 24.050550 34.054080
v 7.296391 29.371730 34.520790
v 5.840062 -27.859470 119.751000
v 5.198843 -24.621920 116.439700
v 6.131253 -28.395500 116.801000
v 6.668320 -33.388700 116.599200
v 5.930941 -32.041730 119.962400
v 5.867535 -31.527320 122.003900
v 3.249109 -23.511980 123.559100
v 4.619315 -23.769220 121.459900
v 4.933814 -27.087850 123.723700
v 5.259755 -33.106250 113.676900
v 4.492218 -36.831490 113.760000
v 5.753357 -37.669400 116.465700
v 2.241663 -28.988140 111.623100
v -0.541871 -30.593890 111.364700
v -0.711752 -32.449830 111.329900
v 2.377483 -36.343210 112.990400
v 3.185463 -28.689450 107.194000
v -0.416753 -31.238640 105.919900
v -0.412377 -30.338020 108.905200
v 4.621511 -27.233270 112.951500
v 5.708982 -23.008100 109.047200
v 8.857132 -25.869190 98.301120
v 6.266463 -31.854800 97.757760
v 4.202439 -18.322810 101.525500
v 7.703775 -21.492250 99.789620
v 3.399459 -19.230920 111.382600
v -0.771919 -21.911010 124.120500
v 2.920633 -21.625780 122.456500
v 1.231202 -24.565730 125.997000
v 5.366700 -36.227330 118.701000
v 5.445930 -36.669980 119.801400
v 5.626166 -34.564860 120.573000
v 5.422195 -30.300850 124.383000
v 5.649498 -32.952430 123.692400
v 3.230865 -34.488230 125.575300
v 3.397686 -30.420920 126.649700
v -0.660112 -38.525480 124.797900
v -0.682988 -34.922710 126.333600
v 2.827801 -37.775860 123.954600
v 3.586679 -38.425980 118.953800
v 4.707443 -36.454190 121.039500
v 1.478200 -47.031220 117.347000
v 2.823449 -39.322650 120.370800
v 1.880364 -46.126140 116.159400
v -0.602952 -48.186730 115.540900
v -0.597989 -48.720350 117.231400
v 1.060487 -47.415890 115.658200
v 2.504161 -40.140270 113.185300
v -0.669264 -38.626820 112.708900
v -0.625653 -45.210240 112.125500
v 1.780824 -45.097890 112.631800
v -0.739502 -26.382020 127.164700
v 2.933062 -29.288190 127.086400
v -0.603692 -48.179800 114.673300
v 1.755082 -47.091630 114.565700
v 1.391277 -46.289430 113.411600
v 4.933814 -27.087850 123.723700
v 4.619315 -23.769220 121.459900
v 5.848963 -26.941630 122.689000
v 7.739836 -24.269040 124.838100
v 6.699749 -20.630590 124.109000
v 9.939632 -21.395360 125.383900
v 13.216260 -16.736220 124.266200
v 7.244561 -19.911610 122.551300
v 10.957450 -19.798910 121.825100
v 9.939632 -21.395360 125.383900
v 9.086528 -22.637510 119.997000
v 6.981915 -26.491110 119.503000
v 7.739836 -24.269040 124.838100
v 5.848963 -26.941630 122.689000
v 5.840062 -27.859470 119.751000
v 4.933814 -27.087850 123.723700
v 5.840062 -27.859470 119.751000
v 5.595457 -11.184930 31.339040
v 5.574886 -12.155350 37.583450
v 1.431946 -14.980130 36.985050
v 2.870138 -13.353460 30.565820
v 4.348569 -19.788740 34.713980
v 8.462153 -15.836750 36.730560
v 7.246737 -13.713780 30.530920
v 5.619967 -12.538270 39.610450
v 1.561700 -16.141780 39.502450
v 4.203954 -20.814760 38.218980
v 8.175486 -16.661140 38.640080
v 4.388628 -20.606480 42.974990
v 7.611756 -18.199650 43.869740
v 5.824242 -13.387060 44.407590
v 0.914909 -20.424720 58.100420
v 6.193273 -14.547140 58.353910
v 2.052446 -16.846430 43.643450
v 8.284059 12.048570 5.956806
v 10.979590 14.309050 5.277372
v 11.067390 15.533000 11.466640
v 8.468579 14.312410 14.298450
v 9.053011 23.708290 26.198570
v 7.816706 27.349870 32.348010
v 6.859928 20.997650 26.953970
v 9.391355 18.833950 28.054070
v 11.217670 13.330360 16.613840
v 11.412710 10.698050 13.482270
v 11.786550 9.141342 8.800428
v 11.786550 9.141342 8.800428
v 13.482480 14.666260 14.391470
v 11.075300 17.184040 12.079840
v 11.196540 21.653260 27.176860
v 1.019123 34.225620 71.710990
v 0.782945 31.611670 76.768140
v 0.944946 33.467610 77.003970
v 4.054627 32.798540 73.771570
v 0.782945 31.611670 76.768140
v 5.431442 37.147110 75.203620
v 1.148098 35.693620 71.334610
v 1.019123 34.225620 71.710990
v 4.643899 39.701040 78.635830
v 1.713484 42.242860 76.390960
v 7.965724 -15.120970 85.901830
v -1.868206 -10.740640 87.839770
v -1.625310 -14.672660 92.525310
v 8.961047 -18.036060 89.162790
v -0.713599 -30.243730 127.219000
v 5.304462 -36.095300 122.556200
v 15.911970 -5.360918 132.006500
v 15.469010 -5.657767 127.780200
v 13.629990 -7.206121 129.043400
v 14.204760 -6.889797 132.602400
v 12.429760 -5.180266 128.073600
v 13.164550 -4.935631 131.821700
v 15.280240 -3.471858 129.692100
v 13.901740 -4.092586 126.689600
v 14.002990 -9.166049 125.542900
v 12.147600 -9.750118 127.011200
v 10.457780 -8.703248 125.464900
v 11.907360 -8.346934 124.051000
v 11.733380 -14.861470 125.883000
v 9.937508 -13.529960 127.423300
v 8.737240 -13.924990 125.747900
v 9.052750 -14.192460 123.987800
v 7.694684 -20.446100 127.478900
v 6.847767 -18.835300 129.317400
v 4.778831 -19.511720 127.898200
v 5.329543 -20.715830 125.232500
v 15.250500 -4.652890 136.139900
v 13.011410 -4.374599 135.112600
v 13.862510 -5.497756 135.921200
v 11.404230 -4.895152 140.850800
v 14.406070 -3.392355 136.591200
v 15.120920 -4.071135 132.863300
v 12.445940 16.601700 152.138900
v 16.723300 7.634594 143.369900
v 15.242190 6.040756 143.698100
v 14.292350 7.994763 143.029300
v 15.850360 8.880495 142.913300
v 17.831110 4.943422 137.524600
v 16.217270 3.689419 137.499000
v 15.081400 5.287185 137.077200
v 16.894620 6.547739 136.761400
v 18.261370 0.371108 132.086000
v 16.618520 -0.262560 132.881900
v 14.821370 0.862779 131.780100
v 16.551750 1.284041 130.471900
v 15.911970 -5.360918 132.006500
v 15.120920 -4.071135 132.863300
v 13.164550 -4.935631 131.821700
v 15.280240 -3.471858 129.692100
v 2.933062 -29.288190 127.086400
v 5.345277 -23.481810 130.632400
v 7.643090 -21.016300 128.913100
v 4.933814 -27.087850 123.723700
v 1.231202 -24.565730 125.997000
v 3.226471 -20.224050 129.691300
v 7.071045 -19.075840 138.314500
v 6.901479 -18.741540 130.774700
v 7.694684 -20.446100 127.478900
v 5.329543 -20.715830 125.232500
v 3.249109 -23.511980 123.559100
v 4.778831 -19.511720 127.898200
v 6.847767 -18.835300 129.317400
v 2.255243 20.780770 57.356330
v 0.102326 23.535390 57.459990
v -0.874762 10.794710 54.801560
v -0.647643 -40.774210 121.614900
v -1.199912 5.796821 53.828600
v -0.603474 -47.733710 118.620500
v 3.773108 -41.614950 116.376800
v 2.915475 -41.551980 114.144900
v -0.250805 -36.416160 97.247630
v -0.606660 -47.847290 113.762500
v 5.827891 -4.041225 7.414508
v 4.749069 -4.528289 3.079786
v 8.942447 -5.353549 7.447839
v 3.574919 -6.527459 7.226650
v 5.949692 -6.764286 3.999024
v 8.874807 -5.374960 0.320439
v 4.035092 -12.964030 0.166140
v 3.325671 -8.326454 0.177130
v 12.726170 -15.244430 0.350245
v 7.497313 -11.466860 9.098802
v 12.326710 -8.553868 0.380276
v 9.328713 -12.917630 0.286664
v 6.355276 -7.325514 0.251804
v 9.358187 -17.035800 0.263264
v 3.574919 -6.527459 7.226650
v 5.827891 -4.041225 7.414508
v 6.328521 -6.616469 13.830780
v 3.355409 -9.396535 15.286050
v 2.870138 -13.353460 30.565820
v 4.895740 -16.017040 29.758680
v 5.876604 -12.177120 16.223310
v 6.440952 -11.522850 12.284760
v 7.244839 -9.391303 8.832440
v 7.244839 -9.391303 8.832440
v 8.348051 -9.782275 15.430910
v 6.276704 -6.218497 15.278400
v 7.246737 -13.713780 30.530920
v 5.595457 -11.184930 31.339040
v 0.914909 -20.424720 58.100420
v -1.698565 -23.002740 57.200620
v -0.505034 -34.632900 63.320320
v 10.127220 -19.632940 90.854900
v -1.547822 -15.753780 96.223720
v 11.233980 -23.861890 86.587940
v -1.159033 -16.123790 114.123600
v 3.140125 -20.526290 118.530000
v -0.795480 -18.894770 119.984800
v 10.825190 25.395150 56.050630
v 0.102326 23.535390 57.459990
v 1.676540 41.935760 83.171010
v 1.521321 39.980770 72.546050
v -1.500969 -15.246470 103.551400
v -0.625683 -44.279360 119.748500
v -0.689981 -35.634970 111.874000
v 13.962720 12.495760 5.931600
v 8.942447 -5.353549 7.447839
v 4.895740 -16.017040 29.758680
v 8.841483 -5.037802 73.458180
v 4.853531 -2.751352 79.820180
v 8.488722 3.059625 71.389840
v 6.413427 18.591960 76.384530
v 5.819002 12.687900 75.933930
v -0.924159 13.828770 80.438320
v -0.411923 20.355980 81.828710
v 5.246050 -7.729300 83.375570
v -2.209996 -5.181731 88.846290
v -2.103672 -0.884184 84.340790
v 8.700841 -8.297360 77.450330
v 4.787052 4.848708 77.175930
v 9.795725 14.149550 71.520100
v -2.134663 -6.195502 93.917160
v 11.005390 -7.038487 69.332790
v 11.935800 -10.490920 76.583110
v 10.265980 3.426214 66.464790
v 14.391600 19.104880 69.550960
v 12.215570 11.062690 66.664370
v 8.453469 -11.956570 83.839460
v 9.749281 25.753090 78.793660
v 11.005390 -7.038487 69.332790
v 10.265980 3.426214 66.464790
v 5.221617 4.189711 66.307660
v 5.632013 -5.991036 69.318100
v 12.215570 11.062690 66.664370
v -1.767890 -12.513110 84.016830
v 11.935800 -10.490920 76.583110
v 5.632013 -5.991036 69.318100
v 14.391600 19.104880 69.550960
v 9.749281 25.753090 78.793660
v 4.482428 24.269300 76.039360
v 7.425449 18.730920 69.036090
v -2.134663 -6.195502 93.917160
v 4.514365 -10.185210 89.401560
v 8.453469 -11.956570 83.839460
v 0.536338 28.961060 84.908480
v 0.536338 28.961060 84.908480
v 0.234590 25.409020 78.780420
v -1.866859 6.114534 81.120920
v 4.514365 -10.185210 89.401560
v 11.005390 -7.038487 69.332790
v 12.984840 21.660890 69.824510
v 12.401240 23.159280 69.723790
v 10.750690 23.119680 74.784290
v 11.654820 20.804280 73.972540
v 13.445340 21.857730 70.084110
v 12.083040 20.685170 74.319900
v 11.165200 23.072280 75.148100
v 12.861770 23.356100 69.983390
v 12.984840 21.660890 69.824510
v 13.445340 21.857730 70.084110
v 12.861770 23.356100 69.983390
v 12.401240 23.159280 69.723790
v 12.401240 23.159280 69.723790
v 12.861770 23.356100 69.983390
v 11.165200 23.072280 75.148100
v 10.750690 23.119680 74.784290
v 10.750690 23.119680 74.784290
v 11.165200 23.072280 75.148100
v 12.083040 20.685170 74.319900
v 11.654820 20.804280 73.972540
v 11.654820 20.804280 73.972540
v 12.083040 20.685170 74.319900
v 13.445340 21.857730 70.084110
v 12.984840 21.660890 69.824510
v 14.192120 17.552760 69.881000
v 13.707680 19.085290 69.768890
v 12.138720 19.279310 71.929730
v 12.590550 18.171460 70.850610
v 14.641060 17.716610 70.180730
v 13.002120 18.001800 71.197120
v 12.550300 19.109650 72.276230
v 14.156630 19.249130 70.068620
v 14.192120 17.552760 69.881000
v 14.641060 17.716610 70.180730
v 14.156630 19.249130 70.068620
v 13.707680 19.085290 69.768890
v 13.707680 19.085290 69.768890
v 14.156630 19.249130 70.068620
v 12.550300 19.109650 72.276230
v 12.138720 19.279310 71.929730
v 12.138720 19.279310 71.929730
v 12.550300 19.109650 72.276230
v 13.002120 18.001800 71.197120
v 12.590550 18.171460 70.850610
v 12.590550 18.171460 70.850610
v 13.002120 18.001800 71.197120
v 14.641060 17.716610 70.180730
v 14.192120 17.552760 69.881000
v 14.364410 19.047070 58.722170
v 13.382890 17.905410 56.235550
v 12.356340 22.496380 55.704590
v 13.604750 22.444480 58.329250
v 17.297400 17.212140 59.273960
v 17.346280 15.425810 56.981190
v 20.685590 18.014550 59.661390
v 21.924820 16.510140 57.504730
v 24.436450 20.523190 57.499500
v 21.784580 24.381680 59.264600
v 23.409890 25.114160 56.968540
v 22.544240 20.984260 59.657500
v 18.851600 26.216610 58.712810
v 19.446500 27.593750 56.222890
v 15.463400 25.414200 58.325370
v 14.867970 26.509440 55.699340
v 12.839420 22.170100 51.806900
v 13.872900 17.548140 52.341460
v 16.046160 18.513390 49.192760
v 15.367400 21.548980 48.841690
v 18.666780 16.873870 49.685780
v 17.863040 15.051810 53.092110
v 22.472470 16.143450 53.619210
v 25.001050 20.183580 53.613930
v 23.354860 20.244280 50.028490
v 21.694150 17.590820 50.031960
v 23.967580 24.805540 53.079390
v 22.676090 23.279870 49.677410
v 20.055460 24.919390 49.184390
v 19.977430 27.301860 52.328700
v 15.368000 26.210230 51.801630
v 17.028110 24.202430 48.838230
v 19.544680 20.779960 48.071470
v 15.554320 21.427230 47.405650
v 16.234140 18.386880 47.757280
v 18.858880 16.744780 48.251080
v 21.890980 17.462870 48.597800
v 23.554290 20.120480 48.594310
v 22.874470 23.160830 48.242700
v 20.249730 24.802910 47.748900
v 17.217620 24.084840 47.402180
v 13.440700 18.688340 60.345900
v 13.559070 18.502890 58.856130
v 12.639770 22.614240 58.380660
v 12.538060 22.725170 59.879030
v 16.925700 16.508050 61.001540
v 17.108390 16.282360 59.523880
v 20.951590 17.461480 61.461890
v 21.208580 17.253390 59.992730
v 23.160060 20.990140 61.457290
v 23.457820 20.847180 59.988040
v 22.257420 25.026970 60.990420
v 22.538510 24.958530 59.512550
v 18.772420 27.207250 60.334770
v 18.989190 27.179060 58.844800
v 14.746530 26.253830 59.874420
v 14.889000 26.208020 58.375950
v 13.559070 18.502890 58.856130
v 14.364410 19.047070 58.722170
v 13.604750 22.444480 58.329250
v 12.639770 22.614240 58.380660
v 17.108390 16.282360 59.523880
v 17.297400 17.212140 59.273960
v 21.208580 17.253390 59.992730
v 20.685590 18.014550 59.661390
v 23.457820 20.847180 59.988040
v 22.544240 20.984260 59.657500
v 22.538510 24.958530 59.512550
v 21.784580 24.381680 59.264600
v 18.989190 27.179060 58.844800
v 18.851600 26.216610 58.712810
v 14.889000 26.208020 58.375950
v 15.463400 25.414200 58.325370
v 16.234140 18.386880 47.757280
v 15.554320 21.427230 47.405650
v 15.367400 21.548980 48.841690
v 16.046160 18.513390 49.192760
v 18.666780 16.873870 49.685780
v 18.858880 16.744780 48.251080
v 21.694150 17.590820 50.031960
v 21.890980 17.462870 48.597800
v 23.354860 20.244280 50.028490
v 23.554290 20.120480 48.594310
v 22.676090 23.279870 49.677410
v 22.874470 23.160830 48.242700
v 20.055460 24.919390 49.184390
v 20.249730 24.802910 47.748900
v 17.028110 24.202430 48.838230
v 17.217620 24.084840 47.402180
v 13.467220 22.657280 61.363090
v 15.215460 25.450580 61.359450
v 14.181760 19.461720 61.732670
v 14.181760 19.461720 61.732670
v 14.517060 19.297140 59.510590
v 13.809860 22.459900 59.144810
v 13.467220 22.657280 61.363090
v 16.940490 17.735780 62.251670
v 17.247460 17.588940 60.024270
v 20.127400 18.490530 62.616090
v 20.401640 18.335930 60.384940
v 21.875630 21.283820 62.612440
v 22.131920 21.100540 60.381330
v 21.161100 24.479400 62.242870
v 21.424720 24.263290 60.015550
v 18.402360 26.205330 61.723860
v 18.694310 25.971490 59.501870
v 15.215460 25.450580 61.359450
v 15.540140 25.224510 59.141200
v 20.888920 15.760440 36.523090
v 20.156390 19.050700 40.581860
v 22.418980 18.204420 36.063160
v 21.005080 16.781750 31.348200
v 20.288180 19.962620 35.435280
v 20.888920 15.760440 36.523090
v 21.005080 16.781750 31.348200
v 22.418980 18.204420 36.063160
v 20.288180 19.962620 35.435280
v 20.288180 19.962620 35.435280
v 22.418980 18.204420 36.063160
v 20.156390 19.050700 40.581860
v 21.005080 16.781750 31.348200
v 20.156390 19.050700 40.581860
v 16.940490 17.735780 62.251670
v 18.402360 26.205330 61.723860
v 21.161100 24.479400 62.242870
v 20.127400 18.490530 62.616090
v 21.875630 21.283820 62.612440
v 12.538060 22.725170 59.879030
v 14.746530 26.253830 59.874420
v 13.440700 18.688340 60.345900
v 16.925700 16.508050 61.001540
v 18.772420 27.207250 60.334770
v 22.257420 25.026970 60.990420
v 20.951590 17.461480 61.461890
v 23.160060 20.990140 61.457290
v -15.135960 46.250150 5.381952
v -18.382160 45.012650 6.150624
v -15.287720 46.327880 3.054845
v -12.897660 43.478160 5.813255
v -19.126010 44.715240 0.222991
v -15.985700 43.856490 3.886247
v -13.073370 43.024540 0.044502
v -20.776650 34.255760 -0.116231
v -21.818040 40.871990 0.139156
v -17.191770 39.125740 9.769650
v -17.955490 37.255610 -0.064880
v -16.247240 43.351730 0.118229
v -17.103080 33.229620 -0.224564
v -9.219845 -36.186130 62.675440
v -10.243670 -34.026220 72.739200
v -4.799257 -34.084830 63.799810
v -14.747180 -26.465420 61.998640
v -13.151900 -24.963520 71.556480
v -15.067510 -16.902720 71.131600
v -10.140180 -16.183430 60.142140
v -13.875850 -25.502140 79.894820
v -10.900630 -11.219550 80.672840
v -13.929170 -20.447500 80.985080
v -13.192410 -5.211867 66.648940
v -10.772820 -4.000068 75.462520
v -10.301450 -6.268871 59.621480
v -4.404351 -27.666210 56.909920
v -9.672956 -34.490250 81.807560
v -9.680727 4.362739 59.641090
v -11.018470 14.165830 67.362780
v -8.291303 16.947380 74.208130
v -8.311015 5.036118 73.113440
v -11.648000 4.581979 64.407260
v -13.627070 22.374370 63.752020
v -11.242120 13.625670 63.800570
v -13.833450 21.989100 54.411620
v -9.521259 16.587860 51.119870
v -9.716660 12.759860 59.169070
v -6.039053 12.312220 55.291480
v -11.286680 20.690500 68.304000
v -9.866227 28.208850 73.287890
v -12.412800 29.390360 67.263470
v -14.790670 28.428710 56.796030
v -14.060760 31.865080 47.575130
v -2.429650 24.510310 56.945190
v -4.396392 28.231160 47.851360
v -5.055780 25.360940 78.874570
v -4.375725 29.229290 77.321140
v -6.256006 32.277670 73.607390
v -2.224119 33.347790 73.762250
v -3.500332 35.082600 67.552760
v -7.836886 33.942250 67.146390
v -10.667790 33.344280 58.803140
v -5.211377 35.525900 59.898930
v -11.590380 36.011300 47.831400
v -7.129086 37.069800 46.965820
v -6.320490 34.709480 54.503120
v -11.336810 33.276400 55.867640
v -7.891292 43.605220 42.764140
v -10.253530 36.373890 36.538060
v -12.867000 39.432810 40.060380
v -12.937920 28.000390 45.725680
v -6.515543 39.447090 38.631620
v -9.979461 23.855190 43.695330
v -10.540090 37.731080 34.584670
v -13.137500 41.404510 37.467880
v -6.972127 40.698980 35.951810
v -9.013920 45.234180 39.120130
v -7.310742 -27.947530 119.761700
v -7.599525 -28.487440 116.812100
v -6.718326 -24.701720 116.449400
v -8.070004 -33.487390 116.611200
v -7.345262 -32.130630 119.973200
v -7.285427 -31.615400 122.014600
v -4.772053 -23.565690 123.565600
v -6.408448 -27.163790 123.732900
v -6.142104 -23.841270 121.468600
v -7.098009 -37.755460 116.476100
v -5.852610 -36.900760 113.768400
v -6.670103 -33.186130 113.686600
v -3.417715 -29.175810 111.680400
v -3.745857 -36.384220 112.995300
v -4.244335 -29.132830 107.338700
v -7.351594 -23.787500 109.301500
v -5.876141 -27.581380 113.057800
v -10.573580 -27.071050 98.514940
v -7.271812 -32.692200 97.906730
v -6.821873 -19.004710 101.646800
v -5.418666 -19.757160 111.554300
v -9.940164 -22.583600 99.983760
v -2.736252 -24.592300 126.000200
v -4.470659 -21.675260 122.462500
v -6.727071 -36.308320 118.710900
v -7.005735 -34.649440 120.583200
v -6.798574 -36.751980 119.811400
v -4.603537 -34.540690 125.581600
v -7.045580 -33.037440 123.702700
v -6.852683 -30.383040 124.393000
v -4.823065 -30.475960 126.656400
v -4.159114 -37.822650 123.960300
v -4.917354 -38.482910 118.960700
v -6.061035 -36.526290 121.048300
v -4.139873 -39.369280 120.376500
v -2.696428 -47.059180 117.350400
v -3.112613 -46.159580 116.163400
v -2.276364 -47.438230 115.660900
v -3.821360 -40.182620 113.190400
v -3.032598 -45.130110 112.635700
v -4.372939 -29.337100 127.092400
v -2.976999 -47.123330 114.569600
v -2.625864 -46.316320 113.414900
v -6.408448 -27.163790 123.732900
v -7.327157 -27.029850 122.699700
v -6.142104 -23.841270 121.468600
v -9.250152 -24.382800 124.851900
v -8.260068 -20.730760 124.121100
v -11.487340 -21.538830 125.401400
v -14.827880 -16.924010 124.289000
v -8.816994 -20.019150 122.564300
v -12.532230 -19.956200 121.844200
v -11.487340 -21.538830 125.401400
v -10.626440 -22.769500 120.013100
v -8.471222 -26.594590 119.515600
v -9.250152 -24.382800 124.851900
v -7.327157 -27.029850 122.699700
v -7.310742 -27.947530 119.761700
v -6.408448 -27.163790 123.732900
v -7.310742 -27.947530 119.761700
v -5.096494 -30.848490 35.548820
v -8.199658 -26.912110 35.028790
v -8.289532 -27.816840 28.927480
v -6.361100 -30.818320 28.919430
v -9.409134 -35.030650 34.730740
v -12.075120 -29.646220 35.291470
v -10.647940 -29.867780 28.847500
v -8.238544 -26.593810 37.059960
v -5.414462 -31.047430 38.289520
v -9.366138 -34.795090 38.585480
v -11.931980 -29.858610 37.368160
v -9.210360 -32.888850 42.948860
v -11.540530 -29.494410 42.775680
v -8.406713 -25.542340 41.677580
v -4.404351 -27.666210 56.909920
v -9.292161 -21.596870 55.283630
v -5.850100 -29.987680 42.370690
v -14.008350 46.937520 11.544550
v -15.135960 46.250150 5.381952
v -12.897660 43.478160 5.813255
v -11.512930 45.197180 14.278020
v -9.638973 44.853750 36.733710
v -11.210370 45.744520 29.709290
v -9.303076 42.952840 28.570650
v -12.042940 40.779840 28.303840
v -14.310470 43.917920 16.387920
v -16.751160 41.164450 8.755917
v -15.416550 42.237400 13.411230
v -16.751160 41.164450 8.755917
v -16.354120 46.278100 14.920690
v -13.592170 49.036950 13.357940
v -13.552920 43.699050 29.387750
v -2.224119 33.347790 73.762250
v -2.829227 37.869750 75.191340
v -1.620354 40.249030 78.626530
v -11.090300 -16.301150 85.948980
v -11.720110 -19.338600 89.214590
v -6.660335 -36.175420 122.566000
v -15.361430 -7.400250 129.066900
v -17.223080 -5.876677 127.806800
v -17.663100 -5.585735 132.033800
v -15.934600 -7.091612 132.626900
v -14.190030 -5.358510 128.095200
v -14.921920 -5.123695 131.844500
v -17.060490 -3.688410 129.718400
v -15.678690 -4.290652 126.713600
v -13.848420 -9.924189 127.032300
v -15.713850 -9.365036 125.567100
v -12.175280 -8.854800 125.483300
v -13.631810 -8.517944 124.071800
v -13.367620 -15.029550 125.903400
v -10.384510 -14.053020 125.763500
v -11.587240 -13.674090 127.440800
v -10.699280 -14.324710 124.003800
v -9.251905 -20.559580 127.492700
v -6.348150 -19.586230 127.907200
v -8.423648 -18.937560 129.329900
v -6.887020 -20.797630 125.242500
v -17.004440 -4.868871 136.166100
v -14.770960 -4.560627 135.135200
v -15.605630 -5.695074 135.945200
v -13.147630 -5.059554 140.870800
v -16.888000 -4.285464 132.889300
v -16.176240 -3.597135 136.616000
v -14.458770 16.421550 152.160800
v -17.127050 5.824050 143.724400
v -18.629910 7.397899 143.398700
v -16.204560 7.790603 143.054100
v -17.774480 8.655381 142.940600
v -18.080650 3.459760 137.526900
v -19.711080 4.692038 137.555100
v -16.966950 5.072584 137.103300
v -18.797410 6.308745 136.790400
v -18.436440 -0.497289 132.910400
v -20.088920 0.114317 132.117200
v -16.656310 0.652002 131.805600
v -18.394310 1.050046 130.500300
v -17.663100 -5.585735 132.033800
v -14.921920 -5.123695 131.844500
v -16.888000 -4.285464 132.889300
v -17.060490 -3.688410 129.718400
v -9.190343 -21.129010 128.926800
v -6.856928 -23.563510 130.642300
v -4.372939 -29.337100 127.092400
v -6.408448 -27.163790 123.732900
v -4.783473 -20.277680 129.697800
v -2.736252 -24.592300 126.000200
v -8.629047 -19.180970 138.327200
v -8.476240 -18.844510 130.787200
v -6.887020 -20.797630 125.242500
v -9.251905 -20.559580 127.492700
v -4.772053 -23.565690 123.565600
v -6.348150 -19.586230 127.907200
v -8.423648 -18.937560 129.329900
v -2.429650 24.510310 56.945190
v -5.065245 -41.674130 116.384000
v -4.212161 -41.599710 114.150600
v -8.433079 -31.295070 5.116482
v -11.795930 -32.319420 5.674386
v -8.499341 -31.056880 3.086048
v -6.386586 -34.072040 6.068508
v -12.385760 -32.408210 0.183957
v -9.421257 -33.443390 3.946737
v -6.578898 -39.287010 0.130099
v -6.492179 -34.596830 0.202023
v -14.891680 -42.700390 0.005981
v -15.385190 -36.016740 0.103105
v -11.164810 -37.928750 9.887318
v -11.832940 -39.943550 0.074425
v -9.628677 -34.006920 0.183686
v -11.314650 -44.028750 0.016944
v -8.550045 -30.336030 10.162980
v -8.433079 -31.295070 5.116482
v -6.386586 -34.072040 6.068508
v -6.549930 -31.665450 13.479590
v -9.745375 -32.701380 15.382200
v -9.116145 -32.881380 28.867740
v -6.361100 -30.818320 28.919430
v -10.623890 -35.900560 8.824914
v -10.310190 -34.502470 12.616180
v -10.623890 -35.900560 8.824914
v -11.401260 -30.494280 13.070820
v -8.354874 -28.265080 11.364060
v -10.647940 -29.867780 28.847500
v -8.289532 -27.816840 28.927480
v -4.404351 -27.666210 56.909920
v -12.668140 -21.068630 90.912000
v -13.257160 -25.404380 86.649280
v -4.711243 -20.578860 118.536400
v -18.382160 45.012650 6.150624
v -11.795930 -32.319420 5.674386
v -9.116145 -32.881380 28.867740
v -12.867500 -5.162565 73.331480
v -12.323070 3.586602 71.347090
v -8.980291 -2.830853 79.739450
v -7.538855 13.608790 75.829440
v -7.324901 19.539080 76.277080
v -9.315956 -8.631150 83.411580
v -12.703410 -9.622967 77.503290
v -8.557535 5.186610 77.148510
v -11.224480 15.680450 71.293460
v -14.960180 -7.187713 69.181270
v -15.647230 -12.199200 76.651350
v -14.060860 4.042194 66.414800
v -13.966190 13.036920 66.349260
v -14.769210 21.656970 69.507580
v -11.974940 -13.221740 83.890010
v -9.069947 27.400110 78.765660
v -8.983769 4.549408 66.278470
v -14.060860 4.042194 66.414800
v -14.960180 -7.187713 69.181270
v -9.599380 -6.078570 69.229230
v -13.966190 13.036920 66.349260
v -9.599380 -6.078570 69.229230
v -15.647230 -12.199200 76.651350
v -4.132801 25.023290 76.026540
v -9.069947 27.400110 78.765660
v -14.769210 21.656970 69.507580
v -7.972438 20.078510 69.013200
v -8.257138 -10.976180 89.433140
v -11.974940 -13.221740 83.890010
v -8.257138 -10.976180 89.433140
v -14.960180 -7.187713 69.181270
v -10.638490 23.318540 75.047350
v -12.304040 25.448080 71.345950
v -13.062400 24.052230 71.076900
v -11.791920 22.856300 73.937660
v -11.060690 23.248320 75.409390
v -12.235330 22.813460 74.283750
v -13.500130 24.230720 71.384740
v -12.741770 25.626560 71.653800
v -12.741770 25.626560 71.653800
v -13.500130 24.230720 71.384740
v -13.062400 24.052230 71.076900
v -12.304040 25.448080 71.345950
v -11.060690 23.248320 75.409390
v -12.741770 25.626560 71.653800
v -12.304040 25.448080 71.345950
v -10.638490 23.318540 75.047350
v -12.235330 22.813460 74.283750
v -11.060690 23.248320 75.409390
v -10.638490 23.318540 75.047350
v -11.791920 22.856300 73.937660
v -13.500130 24.230720 71.384740
v -12.235330 22.813460 74.283750
v -11.791920 22.856300 73.937660
v -13.062400 24.052230 71.076900
v -12.527320 21.438030 71.893040
v -14.084300 21.677100 70.388570
v -14.748410 20.233860 70.120410
v -13.161530 20.425230 70.812320
v -12.963130 21.342540 72.238270
v -13.597340 20.329730 71.157550
v -15.179130 20.369220 70.458630
v -14.515020 21.812450 70.726800
v -14.515020 21.812450 70.726800
v -15.179130 20.369220 70.458630
v -14.748410 20.233860 70.120410
v -14.084300 21.677100 70.388570
v -12.963130 21.342540 72.238270
v -14.515020 21.812450 70.726800
v -14.084300 21.677100 70.388570
v -12.527320 21.438030 71.893040
v -13.597340 20.329730 71.157550
v -12.963130 21.342540 72.238270
v -12.527320 21.438030 71.893040
v -13.161530 20.425230 70.812320
v -15.179130 20.369220 70.458630
v -13.597340 20.329730 71.157550
v -13.161530 20.425230 70.812320
v -14.748410 20.233860 70.120410
v -13.459480 30.896470 57.243470
v -14.862470 26.941670 55.051700
v -15.014880 26.179980 57.852890
v -13.976650 29.106610 59.474850
v -18.765190 24.263650 55.151240
v -17.902970 24.198220 57.926560
v -22.881490 24.431220 57.483800
v -20.949090 24.322200 59.652690
v -24.800080 27.346180 60.683010
v -23.397090 31.300990 62.874790
v -21.330650 29.405960 63.642110
v -22.368890 26.479320 62.020150
v -19.494370 33.978980 62.775240
v -18.442570 31.387720 63.568440
v -15.378070 33.811420 60.442670
v -15.396440 31.263730 61.842310
v -19.176400 31.661250 51.029380
v -16.391090 29.088680 52.121610
v -14.978630 33.070190 54.328180
v -18.248740 34.276200 52.478610
v -21.756910 29.890530 51.095210
v -20.320150 26.392610 52.221830
v -24.464220 26.561300 54.570160
v -25.747220 31.928710 54.752860
v -26.395760 29.495920 57.790940
v -24.478640 30.001320 52.637520
v -24.819560 34.543670 56.202080
v -24.983310 33.477430 59.997520
v -22.239040 36.314380 56.136250
v -21.054240 36.173500 59.897290
v -16.910170 36.004810 57.548970
v -19.517320 36.203590 54.593940
v -22.543690 33.859920 52.598280
v -19.746310 32.456170 49.954560
v -18.817190 35.075220 51.406050
v -22.330860 30.682670 50.020480
v -25.056840 30.793640 51.565220
v -26.327420 32.724050 53.683850
v -25.398300 35.343100 55.135350
v -22.813740 37.116580 55.069420
v -20.087760 37.005620 53.524690
v -13.018450 29.276580 59.349900
v -14.274860 25.734950 57.387080
v -13.750300 24.946080 58.557700
v -12.516650 28.423540 60.484920
v -17.769850 23.336730 57.476240
v -17.181940 22.591340 58.645240
v -21.456100 23.486780 59.565120
v -20.801390 22.738670 60.696250
v -23.174250 26.097200 62.430080
v -22.488400 25.301770 63.509310
v -21.917830 29.638840 64.392880
v -21.254760 28.779230 65.436530
v -18.422840 32.037050 64.303730
v -17.823110 31.133970 65.348980
v -14.736590 31.887000 62.214850
v -14.203660 30.986650 63.297970
v -13.976650 29.106610 59.474850
v -15.014880 26.179980 57.852890
v -14.274860 25.734950 57.387080
v -13.018450 29.276580 59.349900
v -17.902970 24.198220 57.926560
v -17.769850 23.336730 57.476240
v -20.949090 24.322200 59.652690
v -21.456100 23.486780 59.565120
v -22.368890 26.479320 62.020150
v -23.174250 26.097200 62.430080
v -21.330650 29.405960 63.642110
v -21.917830 29.638840 64.392880
v -18.442570 31.387720 63.568440
v -18.422840 32.037050 64.303730
v -15.396440 31.263730 61.842310
v -14.736590 31.887000 62.214850
v -18.248740 34.276200 52.478610
v -18.817190 35.075220 51.406050
v -19.746310 32.456170 49.954560
v -19.176400 31.661250 51.029380
v -21.756910 29.890530 51.095210
v -22.330860 30.682670 50.020480
v -24.478640 30.001320 52.637520
v -25.056840 30.793640 51.565220
v -25.747220 31.928710 54.752860
v -26.327420 32.724050 53.683850
v -24.819560 34.543670 56.202080
v -25.398300 35.343100 55.135350
v -22.239040 36.314380 56.136250
v -22.813740 37.116580 55.069420
v -19.517320 36.203590 54.593940
v -20.087760 37.005620 53.524690
v -13.027590 27.365240 61.784670
v -14.004140 24.612470 60.259080
v -14.363030 29.394200 64.011470
v -13.958440 28.588330 60.137040
v -14.924960 25.863830 58.627110
v -14.004140 24.612470 60.259080
v -13.027590 27.365240 61.784670
v -17.613570 24.018950 58.695690
v -16.720650 22.748440 60.328350
v -20.449310 24.134380 60.302600
v -19.585810 22.865070 61.951950
v -21.771040 26.142510 62.506550
v -20.921250 24.894030 64.178760
v -20.804510 28.867000 64.016480
v -19.944700 27.646800 65.704380
v -18.115910 30.711890 63.947900
v -17.228190 29.510830 65.635090
v -15.280160 30.596460 62.340980
v -14.363030 29.394200 64.011470
v -23.809340 37.195190 41.129800
v -25.525380 39.371220 42.049440
v -23.395500 37.628670 46.371620
v -23.942080 40.969860 37.446010
v -23.809340 37.195190 41.129800
v -23.535380 41.296590 42.648310
v -23.942080 40.969860 37.446010
v -23.535380 41.296590 42.648310
v -25.525380 39.371220 42.049440
v -23.535380 41.296590 42.648310
v -23.395500 37.628670 46.371620
v -25.525380 39.371220 42.049440
v -23.942080 40.969860 37.446010
v -23.395500 37.628670 46.371620
v -19.944700 27.646800 65.704380
v -17.228190 29.510830 65.635090
v -16.720650 22.748440 60.328350
v -19.585810 22.865070 61.951950
v -20.921250 24.894030 64.178760
v -12.516650 28.423540 60.484920
v -13.750300 24.946080 58.557700
v -14.203660 30.986650 63.297970
v -21.254760 28.779230 65.436530
v -17.823110 31.133970 65.348980
v -17.181940 22.591340 58.645240
v -20.801390 22.738670 60.696250
v -22.488400 25.301770 63.509310
v -12.726040 38.332710 -0.128948
v -12.897660 43.478160 5.813255
v -13.073370 43.024520 0.044501
v -17.103080 33.229610 -0.224565
v -17.191770 39.125730 9.769650
v 7.405292 6.567793 -0.022537
v 8.315186 11.186610 0.027349
v 8.284059 12.048560 5.956806
v 11.135820 0.974101 0.033610
v 11.929780 7.082784 9.867749
vt 0.694116 0.746393 0.000000
vt 0.704140 0.736275 0.000000
vt 0.669866 0.745716 0.000000
vt 0.669866 0.745716 0.000000
vt 0.680354 0.736606 0.000000
vt 0.662478 0.718490 0.000000
vt 0.662478 0.718490 0.000000
vt 0.571595 0.718490 0.000000
vt 0.622901 0.764363 0.000000
vt 0.624236 0.718490 0.000000
vt 0.532741 0.718490 0.000000
vt 0.675417 0.718490 0.000000
vt 0.571595 0.718490 0.000000
vt 0.113281 0.451920 0.000000
vt 0.049840 0.475087 0.000000
vt 0.128432 0.503095 0.000000
vt 0.243882 0.464739 0.000000
vt 0.207868 0.509139 0.000000
vt 0.305705 0.527116 0.000000
vt 0.349399 0.457988 0.000000
vt 0.203420 0.567931 0.000000
vt 0.250000 0.567861 0.000000
vt 0.376669 0.592266 0.000000
vt 0.432754 0.576816 0.000000
vt 0.414737 0.516234 0.000000
vt 0.409796 0.414620 0.000000
vt 0.351527 0.415909 0.000000
vt 0.416921 0.465579 0.000000
vt 0.328032 0.423787 0.000000
vt 0.014821 0.515239 0.000000
vt 0.079212 0.535869 0.000000
vt 0.013402 0.493192 0.000000
vt 0.504520 0.414919 0.000000
vt 0.534167 0.476420 0.000000
vt 0.543378 0.575512 0.000000
vt 0.685035 0.585683 0.000000
vt 0.647182 0.536299 0.000000
vt 0.530838 0.513714 0.000000
vt 0.767118 0.505720 0.000000
vt 0.732841 0.444952 0.000000
vt 0.644208 0.513474 0.000000
vt 0.656346 0.441449 0.000000
vt 0.632112 0.439251 0.000000
vt 0.625646 0.476050 0.000000
vt 0.851026 0.568062 0.000000
vt 0.761226 0.542948 0.000000
vt 0.860343 0.523994 0.000000
vt 0.817899 0.447837 0.000000
vt 0.844869 0.408945 0.000000
vt 0.767118 0.505708 0.000000
vt 0.817899 0.447837 0.000000
vt 0.799706 0.609309 0.000000
vt 0.800323 0.631943 0.000000
vt 0.879834 0.633707 0.000000
vt 0.867188 0.610002 0.000000
vt 0.936102 0.605633 0.000000
vt 0.898024 0.588643 0.000000
vt 0.986293 0.582611 0.000000
vt 0.953211 0.549529 0.000000
vt 0.908356 0.538530 0.000000
vt 0.968578 0.492471 0.000000
vt 0.942006 0.452985 0.000000
vt 0.951954 0.413882 0.000000
vt 0.907085 0.411814 0.000000
vt 0.892262 0.450922 0.000000
vt 0.984765 0.556400 0.000000
vt 0.911870 0.539646 0.000000
vt 0.977664 0.369483 0.000000
vt 0.815827 0.345798 0.000000
vt 0.781781 0.401019 0.000000
vt 0.892853 0.356160 0.000000
vt 0.708374 0.401866 0.000000
vt 0.892853 0.356160 0.000000
vt 0.830532 0.326063 0.000000
vt 0.905157 0.330760 0.000000
vt 0.905157 0.330760 0.000000
vt 0.985821 0.335878 0.000000
vt 0.312645 0.937193 0.000000
vt 0.343018 0.921218 0.000000
vt 0.300781 0.916016 0.000000
vt 0.235832 0.905578 0.000000
vt 0.252231 0.934560 0.000000
vt 0.252776 0.947748 0.000000
vt 0.343280 0.968321 0.000000
vt 0.356847 0.953484 0.000000
vt 0.313451 0.965012 0.000000
vt 0.241475 0.890782 0.000000
vt 0.199185 0.885469 0.000000
vt 0.197640 0.902516 0.000000
vt 0.291605 0.878369 0.000000
vt 0.247712 0.863516 0.000000
vt 0.222656 0.863281 0.000000
vt 0.199199 0.876415 0.000000
vt 0.286754 0.848303 0.000000
vt 0.222173 0.836514 0.000000
vt 0.238231 0.852853 0.000000
vt 0.312038 0.894116 0.000000
vt 0.364206 0.862710 0.000000
vt 0.328545 0.808526 0.000000
vt 0.255884 0.800011 0.000000
vt 0.447305 0.837880 0.000000
vt 0.383239 0.828265 0.000000
vt 0.442231 0.884721 0.000000
vt 0.410101 0.990995 0.000000
vt 0.387751 0.964674 0.000000
vt 0.342586 0.977905 0.000000
vt 0.205296 0.923872 0.000000
vt 0.197711 0.931227 0.000000
vt 0.221167 0.935835 0.000000
vt 0.265379 0.962196 0.000000
vt 0.237098 0.959902 0.000000
vt 0.216165 0.975189 0.000000
vt 0.266625 0.979275 0.000000
vt 0.139267 0.979750 0.000000
vt 0.209961 0.995366 0.000000
vt 0.169801 0.964593 0.000000
vt 0.164063 0.923828 0.000000
vt 0.197888 0.937121 0.000000
vt 0.053324 0.905722 0.000000
vt 0.142770 0.932897 0.000000
vt 0.067323 0.896164 0.000000
vt 0.014445 0.891668 0.000000
vt 0.011464 0.903004 0.000000
vt 0.043338 0.891733 0.000000
vt 0.165840 0.873861 0.000000
vt 0.136719 0.857422 0.000000
vt 0.078125 0.853516 0.000000
vt 0.078125 0.867188 0.000000
vt 0.320313 0.996094 0.000000
vt 0.310095 0.979235 0.000000
vt 0.014445 0.884303 0.000000
vt 0.052601 0.882816 0.000000
vt 0.052282 0.871956 0.000000
vt 0.969980 0.917894 0.000000
vt 0.953219 0.926556 0.000000
vt 0.980044 0.924530 0.000000
vt 0.996094 0.949219 0.000000
vt 0.986154 0.956241 0.000000
vt 0.984375 0.970703 0.000000
vt 0.925457 0.997895 0.000000
vt 0.965272 0.958346 0.000000
vt 0.941536 0.967091 0.000000
vt 0.887370 0.971847 0.000000
vt 0.938352 0.946265 0.000000
vt 0.911733 0.921685 0.000000
vt 0.871768 0.951986 0.000000
vt 0.866834 0.930148 0.000000
vt 0.896097 0.913324 0.000000
vt 0.857762 0.916032 0.000000
vt 0.924088 0.914674 0.000000
vt 0.323067 0.274281 0.000000
vt 0.332216 0.304804 0.000000
vt 0.251165 0.308708 0.000000
vt 0.251118 0.277476 0.000000
vt 0.148659 0.299480 0.000000
vt 0.251165 0.308708 0.000000
vt 0.251118 0.277476 0.000000
vt 0.329855 0.332224 0.000000
vt 0.241089 0.330318 0.000000
vt 0.138583 0.325228 0.000000
vt 0.241089 0.330318 0.000000
vt 0.147858 0.355009 0.000000
vt 0.241260 0.358366 0.000000
vt 0.304334 0.362126 0.000000
vt 0.243413 0.450077 0.000000
vt 0.321081 0.426059 0.000000
vt 0.241260 0.358366 0.000000
vt 0.836477 0.048388 0.000000
vt 0.896158 0.025369 0.000000
vt 0.922087 0.099778 0.000000
vt 0.898438 0.130859 0.000000
vt 0.978975 0.262847 0.000000
vt 0.981006 0.308727 0.000000
vt 0.916573 0.277691 0.000000
vt 0.850904 0.274738 0.000000
vt 0.851397 0.157466 0.000000
vt 0.814807 0.128346 0.000000
vt 0.771516 0.083014 0.000000
vt 0.652505 0.764363 0.000000
vt 0.898438 0.130859 0.000000
vt 0.978975 0.125163 0.000000
vt 0.916573 0.277691 0.000000
vt 0.982627 0.602404 0.000000
vt 0.931538 0.626090 0.000000
vt 0.036821 0.815615 0.000000
vt 0.025103 0.792177 0.000000
vt 0.013384 0.815615 0.000000
vt 0.091509 0.801943 0.000000
vt 0.071978 0.776552 0.000000
vt 0.048540 0.778505 0.000000
vt 0.130571 0.825380 0.000000
vt 0.173540 0.811708 0.000000
vt 0.283893 0.610420 0.000000
vt 0.334961 0.641438 0.000000
vt 0.288893 0.639343 0.000000
vt 0.239436 0.625226 0.000000
vt 0.265625 0.996094 0.000000
vt 0.199605 0.949541 0.000000
vt 0.955094 0.817786 0.000000
vt 0.955094 0.782561 0.000000
vt 0.934042 0.786964 0.000000
vt 0.934042 0.822189 0.000000
vt 0.955094 0.782561 0.000000
vt 0.955094 0.817786 0.000000
vt 0.988778 0.802375 0.000000
vt 0.980357 0.769352 0.000000
vt 0.921411 0.758344 0.000000
vt 0.904569 0.769352 0.000000
vt 0.921411 0.758344 0.000000
vt 0.934042 0.742933 0.000000
vt 0.849834 0.753941 0.000000
vt 0.854044 0.769352 0.000000
vt 0.849834 0.753941 0.000000
vt 0.849834 0.736328 0.000000
vt 0.765625 0.760545 0.000000
vt 0.782467 0.778158 0.000000
vt 0.765625 0.760545 0.000000
vt 0.765625 0.740731 0.000000
vt 0.955094 0.855213 0.000000
vt 0.955094 0.855213 0.000000
vt 0.942463 0.850810 0.000000
vt 0.946673 0.897043 0.000000
vt 0.971936 0.861818 0.000000
vt 0.976146 0.830996 0.000000
vt 0.915524 0.896969 0.000000
vt 0.833911 0.862912 0.000000
vt 0.811814 0.868145 0.000000
vt 0.833911 0.862912 0.000000
vt 0.843553 0.855543 0.000000
vt 0.778488 0.827756 0.000000
vt 0.762150 0.832473 0.000000
vt 0.778488 0.827756 0.000000
vt 0.796300 0.818029 0.000000
vt 0.703635 0.789906 0.000000
vt 0.695868 0.803612 0.000000
vt 0.703635 0.789906 0.000000
vt 0.705643 0.776716 0.000000
vt 0.627298 0.801624 0.000000
vt 0.653146 0.809066 0.000000
vt 0.627298 0.801624 0.000000
vt 0.642297 0.782391 0.000000
vt 0.789489 0.806639 0.000000
vt 0.859996 0.833984 0.000000
vt 0.883433 0.824219 0.000000
vt 0.795642 0.791815 0.000000
vt 0.793589 0.789063 0.000000
vt 0.883433 0.824219 0.000000
vt 0.914683 0.876953 0.000000
vt 0.914683 0.832031 0.000000
vt 0.891246 0.802734 0.000000
vt 0.883433 0.785156 0.000000
vt 0.813121 0.781250 0.000000
vt 0.891246 0.802734 0.000000
vt 0.922496 0.812500 0.000000
vt 0.676475 0.407670 0.000000
vt 0.675027 0.396986 0.000000
vt 0.628613 0.411381 0.000000
vt 0.094560 0.951223 0.000000
vt 0.568503 0.420112 0.000000
vt 0.011719 0.914063 0.000000
vt 0.136510 0.902014 0.000000
vt 0.121121 0.881690 0.000000
vt 0.169719 0.796062 0.000000
vt 0.015625 0.873047 0.000000
vt 0.694116 0.746393 0.000000
vt 0.704140 0.736275 0.000000
vt 0.669866 0.745716 0.000000
vt 0.669866 0.745716 0.000000
vt 0.680354 0.736606 0.000000
vt 0.662478 0.718490 0.000000
vt 0.624236 0.718490 0.000000
vt 0.662478 0.718490 0.000000
vt 0.571595 0.718490 0.000000
vt 0.622901 0.764363 0.000000
vt 0.624236 0.718490 0.000000
vt 0.532741 0.718490 0.000000
vt 0.675417 0.718490 0.000000
vt 0.571595 0.718490 0.000000
vt 0.836477 0.048388 0.000000
vt 0.896158 0.025369 0.000000
vt 0.922087 0.099778 0.000000
vt 0.898438 0.130859 0.000000
vt 0.915127 0.263584 0.000000
vt 0.851155 0.261258 0.000000
vt 0.851397 0.157466 0.000000
vt 0.814807 0.128346 0.000000
vt 0.771516 0.083014 0.000000
vt 0.652505 0.764363 0.000000
vt 0.898438 0.130859 0.000000
vt 0.978975 0.125163 0.000000
vt 0.915127 0.263584 0.000000
vt 0.978975 0.256482 0.000000
vt 0.050781 0.432841 0.000000
vt 0.012859 0.432841 0.000000
vt 0.012859 0.472094 0.000000
vt 0.186393 0.644529 0.000000
vt 0.290432 0.654201 0.000000
vt 0.157015 0.575937 0.000000
vt 0.493766 0.901072 0.000000
vt 0.402344 0.939453 0.000000
vt 0.455056 0.956560 0.000000
vt 0.899712 0.472072 0.000000
vt 0.758298 0.512634 0.000000
vt 0.169634 0.858583 0.000000
vt 0.138384 0.784365 0.000000
vt 0.505169 0.852292 0.000000
vt 0.053914 0.934865 0.000000
vt 0.199219 0.863281 0.000000
vt 0.836477 0.048388 0.000000
vt 0.836477 0.048388 0.000000
vt 0.185110 0.272719 0.000000
vt 0.148556 0.154774 0.000000
vt 0.178115 0.198698 0.000000
vt 0.306254 0.147214 0.000000
vt 0.505557 0.192839 0.000000
vt 0.424124 0.188150 0.000000
vt 0.440036 0.237645 0.000000
vt 0.529525 0.246680 0.000000
vt 0.087310 0.206559 0.000000
vt 0.129013 0.268339 0.000000
vt 0.198636 0.242792 0.000000
vt 0.089827 0.175564 0.000000
vt 0.309982 0.189085 0.000000
vt 0.458183 0.157395 0.000000
vt 0.080538 0.289325 0.000000
vt 0.136932 0.130648 0.000000
vt 0.053429 0.159996 0.000000
vt 0.313132 0.117706 0.000000
vt 0.520195 0.151216 0.000000
vt 0.410354 0.122578 0.000000
vt 0.033183 0.214418 0.000000
vt 0.594957 0.200956 0.000000
vt 0.742188 0.662109 0.000000
vt 0.773438 0.662109 0.000000
vt 0.773438 0.650391 0.000000
vt 0.742188 0.650391 0.000000
vt 0.816406 0.662109 0.000000
vt 0.004842 0.158055 0.000000
vt 0.033876 0.140683 0.000000
vt 0.005492 0.143590 0.000000
vt 0.855469 0.662109 0.000000
vt 0.920025 0.662109 0.000000
vt 0.917969 0.640625 0.000000
vt 0.855469 0.640625 0.000000
vt 0.033330 0.183691 0.000000
vt 0.033330 0.168536 0.000000
vt 0.033330 0.153428 0.000000
vt 0.630146 0.261230 0.000000
vt 0.992188 0.662109 0.000000
vt 0.976563 0.640625 0.000000
vt 0.318402 0.235469 0.000000
vt 0.045653 0.255788 0.000000
vt 0.005308 0.136840 0.000000
vt 0.588702 0.777688 0.000000
vt 0.539556 0.777688 0.000000
vt 0.539556 0.812150 0.000000
vt 0.588702 0.812150 0.000000
vt 0.539556 0.777688 0.000000
vt 0.539556 0.812150 0.000000
vt 0.588702 0.812150 0.000000
vt 0.588702 0.777688 0.000000
vt 0.539556 0.769272 0.000000
vt 0.539556 0.777688 0.000000
vt 0.588702 0.777688 0.000000
vt 0.588702 0.769272 0.000000
vt 0.605073 0.777688 0.000000
vt 0.588702 0.777688 0.000000
vt 0.588702 0.812150 0.000000
vt 0.605073 0.812150 0.000000
vt 0.588702 0.818291 0.000000
vt 0.539556 0.818291 0.000000
vt 0.539556 0.812150 0.000000
vt 0.588702 0.812150 0.000000
vt 0.525837 0.812150 0.000000
vt 0.539556 0.812150 0.000000
vt 0.539556 0.777688 0.000000
vt 0.525837 0.777688 0.000000
vt 0.588702 0.777688 0.000000
vt 0.539556 0.777688 0.000000
vt 0.539556 0.812150 0.000000
vt 0.588702 0.812150 0.000000
vt 0.539556 0.777688 0.000000
vt 0.539556 0.812150 0.000000
vt 0.588702 0.812150 0.000000
vt 0.588702 0.777688 0.000000
vt 0.539556 0.769272 0.000000
vt 0.539556 0.777688 0.000000
vt 0.588702 0.777688 0.000000
vt 0.588702 0.769272 0.000000
vt 0.605073 0.777688 0.000000
vt 0.588702 0.777688 0.000000
vt 0.588702 0.812150 0.000000
vt 0.605073 0.812150 0.000000
vt 0.588539 0.818337 0.000000
vt 0.588539 0.812154 0.000000
vt 0.540049 0.812166 0.000000
vt 0.540049 0.818350 0.000000
vt 0.525837 0.812150 0.000000
vt 0.539556 0.812150 0.000000
vt 0.539556 0.777688 0.000000
vt 0.525837 0.777688 0.000000
vt 0.312172 0.097838 0.000000
vt 0.286190 0.070494 0.000000
vt 0.355476 0.070494 0.000000
vt 0.355476 0.097838 0.000000
vt 0.247038 0.097838 0.000000
vt 0.242887 0.070494 0.000000
vt 0.312172 0.097838 0.000000
vt 0.286190 0.070494 0.000000
vt 0.355476 0.070494 0.000000
vt 0.403109 0.097838 0.000000
vt 0.420431 0.070494 0.000000
vt 0.355476 0.097838 0.000000
vt 0.442082 0.097838 0.000000
vt 0.472395 0.070494 0.000000
vt 0.403109 0.097838 0.000000
vt 0.420431 0.070494 0.000000
vt 0.355476 0.033385 0.000000
vt 0.286190 0.033385 0.000000
vt 0.302610 0.006041 0.000000
vt 0.355476 0.006041 0.000000
vt 0.268869 0.006041 0.000000
vt 0.242887 0.033385 0.000000
vt 0.286190 0.033385 0.000000
vt 0.355476 0.033385 0.000000
vt 0.355476 0.006041 0.000000
vt 0.302610 0.006041 0.000000
vt 0.420431 0.033385 0.000000
vt 0.403109 0.006041 0.000000
vt 0.449420 0.006041 0.000000
vt 0.472395 0.033385 0.000000
vt 0.420431 0.033385 0.000000
vt 0.403109 0.006041 0.000000
vt 0.959163 0.037179 0.000000
vt 0.959163 0.062569 0.000000
vt 0.931819 0.056710 0.000000
vt 0.924006 0.037179 0.000000
vt 0.931819 0.019601 0.000000
vt 0.959163 0.011788 0.000000
vt 0.982600 0.019601 0.000000
vt 0.994319 0.037179 0.000000
vt 0.982600 0.056710 0.000000
vt 0.043492 0.103564 0.000000
vt 0.043492 0.092218 0.000000
vt 0.089754 0.092218 0.000000
vt 0.089754 0.103564 0.000000
vt 0.011007 0.103564 0.000000
vt 0.011007 0.092218 0.000000
vt 0.043492 0.103564 0.000000
vt 0.043492 0.092218 0.000000
vt 0.089754 0.103564 0.000000
vt 0.089754 0.092218 0.000000
vt 0.126133 0.103564 0.000000
vt 0.126133 0.092218 0.000000
vt 0.158017 0.103564 0.000000
vt 0.158017 0.092218 0.000000
vt 0.126133 0.103564 0.000000
vt 0.126133 0.092218 0.000000
vt 0.136642 0.111787 0.000000
vt 0.136642 0.106734 0.000000
vt 0.117436 0.106734 0.000000
vt 0.117436 0.111787 0.000000
vt 0.153448 0.111787 0.000000
vt 0.153448 0.106734 0.000000
vt 0.136642 0.111787 0.000000
vt 0.136642 0.106734 0.000000
vt 0.117436 0.111787 0.000000
vt 0.117436 0.106734 0.000000
vt 0.136642 0.111787 0.000000
vt 0.136642 0.106734 0.000000
vt 0.153448 0.111787 0.000000
vt 0.153448 0.106734 0.000000
vt 0.136642 0.111787 0.000000
vt 0.136642 0.106734 0.000000
vt 0.044183 0.092218 0.000000
vt 0.079370 0.092218 0.000000
vt 0.079370 0.103564 0.000000
vt 0.044183 0.103564 0.000000
vt 0.013344 0.103564 0.000000
vt 0.013344 0.092218 0.000000
vt 0.044183 0.103564 0.000000
vt 0.044183 0.092218 0.000000
vt 0.079370 0.103564 0.000000
vt 0.079370 0.092218 0.000000
vt 0.124117 0.103564 0.000000
vt 0.124117 0.092218 0.000000
vt 0.155536 0.103564 0.000000
vt 0.155536 0.092218 0.000000
vt 0.124117 0.103564 0.000000
vt 0.124117 0.092218 0.000000
vt 0.051593 0.132000 0.000000
vt 0.088025 0.124348 0.000000
vt 0.018418 0.124348 0.000000
vt 0.043492 0.103564 0.000000
vt 0.043492 0.092218 0.000000
vt 0.089754 0.092218 0.000000
vt 0.089754 0.103564 0.000000
vt 0.011007 0.103564 0.000000
vt 0.011007 0.092218 0.000000
vt 0.043492 0.103564 0.000000
vt 0.043492 0.092218 0.000000
vt 0.089754 0.103564 0.000000
vt 0.089754 0.092218 0.000000
vt 0.126133 0.103564 0.000000
vt 0.126133 0.092218 0.000000
vt 0.158017 0.103564 0.000000
vt 0.158017 0.092218 0.000000
vt 0.126133 0.103564 0.000000
vt 0.126133 0.092218 0.000000
vt 0.062500 0.970703 0.000000
vt 0.035156 0.996094 0.000000
vt 0.035156 0.970703 0.000000
vt 0.035156 0.945313 0.000000
vt 0.062500 0.970703 0.000000
vt 0.007813 0.970703 0.000000
vt 0.035156 0.945313 0.000000
vt 0.035156 0.970703 0.000000
vt 0.007813 0.970703 0.000000
vt 0.007813 0.970703 0.000000
vt 0.035156 0.970703 0.000000
vt 0.035156 0.996094 0.000000
vt 0.035156 0.945313 0.000000
vt 0.035156 0.996094 0.000000
vt 0.009018 0.109771 0.000000
vt 0.097153 0.109771 0.000000
vt 0.088025 0.124348 0.000000
vt 0.018418 0.124348 0.000000
vt 0.051593 0.132000 0.000000
vt 0.051593 0.132000 0.000000
vt 0.088025 0.124348 0.000000
vt 0.018418 0.124348 0.000000
vt 0.009018 0.109771 0.000000
vt 0.097153 0.109771 0.000000
vt 0.088025 0.124348 0.000000
vt 0.018418 0.124348 0.000000
vt 0.051593 0.132000 0.000000
vt 0.694116 0.746393 0.000000
vt 0.669866 0.745716 0.000000
vt 0.704140 0.736275 0.000000
vt 0.669866 0.745716 0.000000
vt 0.662478 0.718490 0.000000
vt 0.680354 0.736606 0.000000
vt 0.662478 0.718490 0.000000
vt 0.571595 0.718490 0.000000
vt 0.624236 0.718490 0.000000
vt 0.622901 0.764363 0.000000
vt 0.532741 0.718490 0.000000
vt 0.675417 0.718490 0.000000
vt 0.571595 0.718490 0.000000
vt 0.113281 0.451920 0.000000
vt 0.128432 0.503095 0.000000
vt 0.049840 0.475087 0.000000
vt 0.243882 0.464739 0.000000
vt 0.207868 0.509139 0.000000
vt 0.305705 0.527116 0.000000
vt 0.349399 0.457988 0.000000
vt 0.203420 0.567931 0.000000
vt 0.376669 0.592266 0.000000
vt 0.250000 0.567861 0.000000
vt 0.414737 0.516234 0.000000
vt 0.432754 0.576816 0.000000
vt 0.416921 0.465579 0.000000
vt 0.328032 0.423787 0.000000
vt 0.079212 0.535869 0.000000
vt 0.534167 0.476420 0.000000
vt 0.647182 0.536299 0.000000
vt 0.685035 0.585683 0.000000
vt 0.543378 0.575512 0.000000
vt 0.530838 0.513714 0.000000
vt 0.767118 0.505720 0.000000
vt 0.644208 0.513474 0.000000
vt 0.732841 0.444952 0.000000
vt 0.656346 0.441449 0.000000
vt 0.625646 0.476050 0.000000
vt 0.632112 0.439251 0.000000
vt 0.761226 0.542948 0.000000
vt 0.851026 0.568062 0.000000
vt 0.860343 0.523994 0.000000
vt 0.817899 0.447837 0.000000
vt 0.844869 0.408945 0.000000
vt 0.767118 0.505708 0.000000
vt 0.817899 0.447837 0.000000
vt 0.799706 0.609309 0.000000
vt 0.867188 0.610002 0.000000
vt 0.898024 0.588643 0.000000
vt 0.936102 0.605633 0.000000
vt 0.953211 0.549529 0.000000
vt 0.908356 0.538530 0.000000
vt 0.899712 0.472072 0.000000
vt 0.968578 0.492471 0.000000
vt 0.907085 0.411814 0.000000
vt 0.951954 0.413882 0.000000
vt 0.942006 0.452985 0.000000
vt 0.892262 0.450922 0.000000
vt 0.977664 0.369483 0.000000
vt 0.815827 0.345798 0.000000
vt 0.892853 0.356160 0.000000
vt 0.781781 0.401019 0.000000
vt 0.892853 0.356160 0.000000
vt 0.708374 0.401866 0.000000
vt 0.830532 0.326063 0.000000
vt 0.905157 0.330760 0.000000
vt 0.905157 0.330760 0.000000
vt 0.985821 0.335878 0.000000
vt 0.312645 0.937193 0.000000
vt 0.300781 0.916016 0.000000
vt 0.343018 0.921218 0.000000
vt 0.235832 0.905578 0.000000
vt 0.252231 0.934560 0.000000
vt 0.252776 0.947748 0.000000
vt 0.343280 0.968321 0.000000
vt 0.313451 0.965012 0.000000
vt 0.356847 0.953484 0.000000
vt 0.197640 0.902516 0.000000
vt 0.199185 0.885469 0.000000
vt 0.241475 0.890782 0.000000
vt 0.291605 0.878369 0.000000
vt 0.199199 0.876415 0.000000
vt 0.286754 0.848303 0.000000
vt 0.364206 0.862710 0.000000
vt 0.312038 0.894116 0.000000
vt 0.328545 0.808526 0.000000
vt 0.255884 0.800011 0.000000
vt 0.447305 0.837880 0.000000
vt 0.442231 0.884721 0.000000
vt 0.383239 0.828265 0.000000
vt 0.342586 0.977905 0.000000
vt 0.387751 0.964674 0.000000
vt 0.205296 0.923872 0.000000
vt 0.221167 0.935835 0.000000
vt 0.197711 0.931227 0.000000
vt 0.216165 0.975189 0.000000
vt 0.237098 0.959902 0.000000
vt 0.265379 0.962196 0.000000
vt 0.266625 0.979275 0.000000
vt 0.169801 0.964593 0.000000
vt 0.164063 0.923828 0.000000
vt 0.197888 0.937121 0.000000
vt 0.142770 0.932897 0.000000
vt 0.053324 0.905722 0.000000
vt 0.067323 0.896164 0.000000
vt 0.043338 0.891733 0.000000
vt 0.165840 0.873861 0.000000
vt 0.078125 0.867188 0.000000
vt 0.310095 0.979235 0.000000
vt 0.052601 0.882816 0.000000
vt 0.052282 0.871956 0.000000
vt 0.969980 0.917894 0.000000
vt 0.980044 0.924530 0.000000
vt 0.953219 0.926556 0.000000
vt 0.996094 0.949219 0.000000
vt 0.986154 0.956241 0.000000
vt 0.984375 0.970703 0.000000
vt 0.925457 0.997895 0.000000
vt 0.965272 0.958346 0.000000
vt 0.941536 0.967091 0.000000
vt 0.887370 0.971847 0.000000
vt 0.938352 0.946265 0.000000
vt 0.911733 0.921685 0.000000
vt 0.871768 0.951986 0.000000
vt 0.866834 0.930148 0.000000
vt 0.896097 0.913324 0.000000
vt 0.857762 0.916032 0.000000
vt 0.924088 0.914674 0.000000
vt 0.251165 0.308708 0.000000
vt 0.332216 0.304804 0.000000
vt 0.323067 0.274281 0.000000
vt 0.251118 0.277476 0.000000
vt 0.148659 0.299480 0.000000
vt 0.251165 0.308708 0.000000
vt 0.251118 0.277476 0.000000
vt 0.329855 0.332224 0.000000
vt 0.241089 0.330318 0.000000
vt 0.138583 0.325228 0.000000
vt 0.241089 0.330318 0.000000
vt 0.147858 0.355009 0.000000
vt 0.241260 0.358366 0.000000
vt 0.304334 0.362126 0.000000
vt 0.243413 0.450077 0.000000
vt 0.321081 0.426059 0.000000
vt 0.241260 0.358366 0.000000
vt 0.922087 0.099778 0.000000
vt 0.896158 0.025369 0.000000
vt 0.836477 0.048388 0.000000
vt 0.898438 0.130859 0.000000
vt 0.981006 0.308727 0.000000
vt 0.978975 0.262847 0.000000
vt 0.916573 0.277691 0.000000
vt 0.850904 0.274738 0.000000
vt 0.851397 0.157466 0.000000
vt 0.771516 0.083014 0.000000
vt 0.814807 0.128346 0.000000
vt 0.652505 0.764363 0.000000
vt 0.898438 0.130859 0.000000
vt 0.978975 0.125163 0.000000
vt 0.916573 0.277691 0.000000
vt 0.025103 0.792177 0.000000
vt 0.091509 0.801943 0.000000
vt 0.130571 0.825380 0.000000
vt 0.283893 0.610420 0.000000
vt 0.239436 0.625226 0.000000
vt 0.199605 0.949541 0.000000
vt 0.934042 0.786964 0.000000
vt 0.955094 0.782561 0.000000
vt 0.955094 0.817786 0.000000
vt 0.934042 0.822189 0.000000
vt 0.955094 0.782561 0.000000
vt 0.955094 0.817786 0.000000
vt 0.988778 0.802375 0.000000
vt 0.980357 0.769352 0.000000
vt 0.904569 0.769352 0.000000
vt 0.921411 0.758344 0.000000
vt 0.921411 0.758344 0.000000
vt 0.934042 0.742933 0.000000
vt 0.849834 0.753941 0.000000
vt 0.849834 0.753941 0.000000
vt 0.854044 0.769352 0.000000
vt 0.849834 0.736328 0.000000
vt 0.765625 0.760545 0.000000
vt 0.765625 0.760545 0.000000
vt 0.782467 0.778158 0.000000
vt 0.765625 0.740731 0.000000
vt 0.955094 0.855213 0.000000
vt 0.955094 0.855213 0.000000
vt 0.942463 0.850810 0.000000
vt 0.946673 0.897043 0.000000
vt 0.976146 0.830996 0.000000
vt 0.971936 0.861818 0.000000
vt 0.915524 0.896969 0.000000
vt 0.811814 0.868145 0.000000
vt 0.833911 0.862912 0.000000
vt 0.833911 0.862912 0.000000
vt 0.843553 0.855543 0.000000
vt 0.762150 0.832473 0.000000
vt 0.778488 0.827756 0.000000
vt 0.778488 0.827756 0.000000
vt 0.796300 0.818029 0.000000
vt 0.695868 0.803612 0.000000
vt 0.703635 0.789906 0.000000
vt 0.703635 0.789906 0.000000
vt 0.705643 0.776716 0.000000
vt 0.627298 0.801624 0.000000
vt 0.627298 0.801624 0.000000
vt 0.653146 0.809066 0.000000
vt 0.642297 0.782391 0.000000
vt 0.883433 0.824219 0.000000
vt 0.859996 0.833984 0.000000
vt 0.789489 0.806639 0.000000
vt 0.795642 0.791815 0.000000
vt 0.883433 0.824219 0.000000
vt 0.793589 0.789063 0.000000
vt 0.914683 0.876953 0.000000
vt 0.914683 0.832031 0.000000
vt 0.883433 0.785156 0.000000
vt 0.891246 0.802734 0.000000
vt 0.813121 0.781250 0.000000
vt 0.891246 0.802734 0.000000
vt 0.922496 0.812500 0.000000
vt 0.676475 0.407670 0.000000
vt 0.136510 0.902014 0.000000
vt 0.121121 0.881690 0.000000
vt 0.694116 0.746393 0.000000
vt 0.669866 0.745716 0.000000
vt 0.704140 0.736275 0.000000
vt 0.669866 0.745716 0.000000
vt 0.662478 0.718490 0.000000
vt 0.680354 0.736606 0.000000
vt 0.624236 0.718490 0.000000
vt 0.662478 0.718490 0.000000
vt 0.571595 0.718490 0.000000
vt 0.624236 0.718490 0.000000
vt 0.622901 0.764363 0.000000
vt 0.532741 0.718490 0.000000
vt 0.675417 0.718490 0.000000
vt 0.571595 0.718490 0.000000
vt 0.922087 0.099778 0.000000
vt 0.896158 0.025369 0.000000
vt 0.836477 0.048388 0.000000
vt 0.898438 0.130859 0.000000
vt 0.851397 0.157466 0.000000
vt 0.851155 0.261258 0.000000
vt 0.915127 0.263584 0.000000
vt 0.771516 0.083014 0.000000
vt 0.814807 0.128346 0.000000
vt 0.652505 0.764363 0.000000
vt 0.898438 0.130859 0.000000
vt 0.978975 0.125163 0.000000
vt 0.915127 0.263584 0.000000
vt 0.978975 0.256482 0.000000
vt 0.050781 0.432841 0.000000
vt 0.186393 0.644529 0.000000
vt 0.157015 0.575937 0.000000
vt 0.402344 0.939453 0.000000
vt 0.836477 0.048388 0.000000
vt 0.836477 0.048388 0.000000
vt 0.185110 0.272719 0.000000
vt 0.148556 0.154774 0.000000
vt 0.306254 0.147214 0.000000
vt 0.178115 0.198698 0.000000
vt 0.424124 0.188150 0.000000
vt 0.505557 0.192839 0.000000
vt 0.087310 0.206559 0.000000
vt 0.089827 0.175564 0.000000
vt 0.309982 0.189085 0.000000
vt 0.458183 0.157395 0.000000
vt 0.136932 0.130648 0.000000
vt 0.053429 0.159996 0.000000
vt 0.313132 0.117706 0.000000
vt 0.410354 0.122578 0.000000
vt 0.520195 0.151216 0.000000
vt 0.033183 0.214418 0.000000
vt 0.594957 0.200956 0.000000
vt 0.773438 0.650391 0.000000
vt 0.773438 0.662109 0.000000
vt 0.742188 0.662109 0.000000
vt 0.742188 0.650391 0.000000
vt 0.816406 0.662109 0.000000
vt 0.005492 0.143590 0.000000
vt 0.033876 0.140683 0.000000
vt 0.917969 0.640625 0.000000
vt 0.920025 0.662109 0.000000
vt 0.855469 0.662109 0.000000
vt 0.855469 0.640625 0.000000
vt 0.033330 0.168536 0.000000
vt 0.033330 0.153428 0.000000
vt 0.045653 0.255788 0.000000
vt 0.005308 0.136840 0.000000
vt 0.539556 0.812150 0.000000
vt 0.539556 0.777688 0.000000
vt 0.588702 0.777688 0.000000
vt 0.588702 0.812150 0.000000
vt 0.588702 0.812150 0.000000
vt 0.539556 0.812150 0.000000
vt 0.539556 0.777688 0.000000
vt 0.588702 0.777688 0.000000
vt 0.588702 0.777688 0.000000
vt 0.539556 0.777688 0.000000
vt 0.539556 0.769272 0.000000
vt 0.588702 0.769272 0.000000
vt 0.588702 0.812150 0.000000
vt 0.588702 0.777688 0.000000
vt 0.605073 0.777688 0.000000
vt 0.605073 0.812150 0.000000
vt 0.539556 0.812150 0.000000
vt 0.539556 0.818291 0.000000
vt 0.588702 0.818291 0.000000
vt 0.588702 0.812150 0.000000
vt 0.539556 0.777688 0.000000
vt 0.539556 0.812150 0.000000
vt 0.525837 0.812150 0.000000
vt 0.525837 0.777688 0.000000
vt 0.539556 0.812150 0.000000
vt 0.539556 0.777688 0.000000
vt 0.588702 0.777688 0.000000
vt 0.588702 0.812150 0.000000
vt 0.588702 0.812150 0.000000
vt 0.539556 0.812150 0.000000
vt 0.539556 0.777688 0.000000
vt 0.588702 0.777688 0.000000
vt 0.588702 0.777688 0.000000
vt 0.539556 0.777688 0.000000
vt 0.539556 0.769272 0.000000
vt 0.588702 0.769272 0.000000
vt 0.588702 0.812150 0.000000
vt 0.588702 0.777688 0.000000
vt 0.605073 0.777688 0.000000
vt 0.605073 0.812150 0.000000
vt 0.540049 0.812166 0.000000
vt 0.588539 0.812154 0.000000
vt 0.588539 0.818337 0.000000
vt 0.540049 0.818350 0.000000
vt 0.539556 0.777688 0.000000
vt 0.539556 0.812150 0.000000
vt 0.525837 0.812150 0.000000
vt 0.525837 0.777688 0.000000
vt 0.355476 0.070494 0.000000
vt 0.286190 0.070494 0.000000
vt 0.312172 0.097838 0.000000
vt 0.355476 0.097838 0.000000
vt 0.242887 0.070494 0.000000
vt 0.247038 0.097838 0.000000
vt 0.286190 0.070494 0.000000
vt 0.312172 0.097838 0.000000
vt 0.355476 0.070494 0.000000
vt 0.420431 0.070494 0.000000
vt 0.403109 0.097838 0.000000
vt 0.355476 0.097838 0.000000
vt 0.472395 0.070494 0.000000
vt 0.442082 0.097838 0.000000
vt 0.420431 0.070494 0.000000
vt 0.403109 0.097838 0.000000
vt 0.302610 0.006041 0.000000
vt 0.286190 0.033385 0.000000
vt 0.355476 0.033385 0.000000
vt 0.355476 0.006041 0.000000
vt 0.268869 0.006041 0.000000
vt 0.242887 0.033385 0.000000
vt 0.286190 0.033385 0.000000
vt 0.355476 0.006041 0.000000
vt 0.355476 0.033385 0.000000
vt 0.302610 0.006041 0.000000
vt 0.403109 0.006041 0.000000
vt 0.420431 0.033385 0.000000
vt 0.449420 0.006041 0.000000
vt 0.472395 0.033385 0.000000
vt 0.420431 0.033385 0.000000
vt 0.403109 0.006041 0.000000
vt 0.959163 0.037179 0.000000
vt 0.931819 0.056710 0.000000
vt 0.959163 0.062569 0.000000
vt 0.924006 0.037179 0.000000
vt 0.931819 0.019601 0.000000
vt 0.959163 0.011788 0.000000
vt 0.982600 0.019601 0.000000
vt 0.994319 0.037179 0.000000
vt 0.982600 0.056710 0.000000
vt 0.089754 0.092218 0.000000
vt 0.043492 0.092218 0.000000
vt 0.043492 0.103564 0.000000
vt 0.089754 0.103564 0.000000
vt 0.011007 0.092218 0.000000
vt 0.011007 0.103564 0.000000
vt 0.043492 0.092218 0.000000
vt 0.043492 0.103564 0.000000
vt 0.089754 0.092218 0.000000
vt 0.089754 0.103564 0.000000
vt 0.126133 0.092218 0.000000
vt 0.126133 0.103564 0.000000
vt 0.158017 0.092218 0.000000
vt 0.158017 0.103564 0.000000
vt 0.126133 0.092218 0.000000
vt 0.126133 0.103564 0.000000
vt 0.117436 0.106734 0.000000
vt 0.136642 0.106734 0.000000
vt 0.136642 0.111787 0.000000
vt 0.117436 0.111787 0.000000
vt 0.153448 0.106734 0.000000
vt 0.153448 0.111787 0.000000
vt 0.136642 0.106734 0.000000
vt 0.136642 0.111787 0.000000
vt 0.117436 0.106734 0.000000
vt 0.117436 0.111787 0.000000
vt 0.136642 0.106734 0.000000
vt 0.136642 0.111787 0.000000
vt 0.153448 0.106734 0.000000
vt 0.153448 0.111787 0.000000
vt 0.136642 0.106734 0.000000
vt 0.136642 0.111787 0.000000
vt 0.079370 0.103564 0.000000
vt 0.079370 0.092218 0.000000
vt 0.044183 0.092218 0.000000
vt 0.044183 0.103564 0.000000
vt 0.013344 0.103564 0.000000
vt 0.013344 0.092218 0.000000
vt 0.044183 0.103564 0.000000
vt 0.044183 0.092218 0.000000
vt 0.079370 0.103564 0.000000
vt 0.079370 0.092218 0.000000
vt 0.124117 0.103564 0.000000
vt 0.124117 0.092218 0.000000
vt 0.155536 0.103564 0.000000
vt 0.155536 0.092218 0.000000
vt 0.124117 0.103564 0.000000
vt 0.124117 0.092218 0.000000
vt 0.051593 0.132000 0.000000
vt 0.018418 0.124348 0.000000
vt 0.088025 0.124348 0.000000
vt 0.089754 0.092218 0.000000
vt 0.043492 0.092218 0.000000
vt 0.043492 0.103564 0.000000
vt 0.089754 0.103564 0.000000
vt 0.011007 0.092218 0.000000
vt 0.011007 0.103564 0.000000
vt 0.043492 0.092218 0.000000
vt 0.043492 0.103564 0.000000
vt 0.089754 0.092218 0.000000
vt 0.089754 0.103564 0.000000
vt 0.126133 0.092218 0.000000
vt 0.126133 0.103564 0.000000
vt 0.158017 0.092218 0.000000
vt 0.158017 0.103564 0.000000
vt 0.126133 0.092218 0.000000
vt 0.126133 0.103564 0.000000
vt 0.062500 0.970703 0.000000
vt 0.035156 0.970703 0.000000
vt 0.035156 0.996094 0.000000
vt 0.035156 0.945313 0.000000
vt 0.007813 0.970703 0.000000
vt 0.062500 0.970703 0.000000
vt 0.035156 0.945313 0.000000
vt 0.007813 0.970703 0.000000
vt 0.035156 0.970703 0.000000
vt 0.007813 0.970703 0.000000
vt 0.035156 0.996094 0.000000
vt 0.035156 0.970703 0.000000
vt 0.035156 0.945313 0.000000
vt 0.035156 0.996094 0.000000
vt 0.088025 0.124348 0.000000
vt 0.097153 0.109771 0.000000
vt 0.009018 0.109771 0.000000
vt 0.018418 0.124348 0.000000
vt 0.051593 0.132000 0.000000
vt 0.051593 0.132000 0.000000
vt 0.018418 0.124348 0.000000
vt 0.088025 0.124348 0.000000
vt 0.088025 0.124348 0.000000
vt 0.097153 0.109771 0.000000
vt 0.009018 0.109771 0.000000
vt 0.018418 0.124348 0.000000
vt 0.051593 0.132000 0.000000
vt 0.624236 0.718490 0.000000
vt 0.669866 0.745716 0.000000
vt 0.662478 0.718490 0.000000
vt 0.571595 0.718490 0.000000
vt 0.622901 0.764363 0.000000
vt 0.624236 0.718490 0.000000
vt 0.662478 0.718490 0.000000
vt 0.669866 0.745716 0.000000
vt 0.571595 0.718490 0.000000
vt 0.622901 0.764363 0.000000
usemtl Material_2
f 316/316 315/315 317/317
f 316/316 318/318 315/315
f 319/319 317/317 320/320
f 318/318 319/319 321/321
f 323/323 322/322 324/324
f 324/324 317/317 323/323
f 324/324 320/320 317/317
f 322/322 320/320 324/324
f 325/325 320/320 322/322
f 325/325 326/326 320/320
f 326/326 325/325 321/321
f 321/321 325/325 327/327
f 326/326 319/319 320/320
f 319/319 326/326 321/321
f 325/325 323/323 327/327
f 323/323 325/325 322/322
f 318/318 316/316 319/319
f 316/316 317/317 319/319
f 329/329 328/328 330/330
f 330/330 328/328 331/331
f 333/333 332/332 331/331
f 331/331 334/334 333/333
f 330/330 332/332 335/335
f 336/336 333/333 337/337
f 338/338 337/337 339/339
f 333/333 339/339 337/337
f 339/339 333/333 334/334
f 341/341 340/340 342/342
f 334/334 343/343 341/341
f 345/345 344/344 330/330
f 346/346 330/330 344/344
f 340/340 347/347 342/342
f 348/348 342/342 347/347
f 350/350 349/349 351/351
f 352/352 351/351 349/349
f 354/354 353/353 355/355
f 357/357 356/356 358/358
f 359/359 350/350 360/360
f 361/361 359/359 360/360
f 353/353 361/361 360/360
f 353/353 362/362 361/361
f 363/363 362/362 354/354
f 356/356 364/364 365/365
f 366/366 350/350 359/359
f 367/367 366/366 368/368
f 369/369 368/368 366/366
f 370/370 368/368 371/371
f 369/369 371/371 368/368
f 373/373 372/372 370/370
f 373/373 374/374 375/375
f 377/377 376/376 378/378
f 379/379 378/378 376/376
f 380/380 373/373 375/375
f 381/381 375/375 364/364
f 376/376 365/365 364/364
f 365/365 376/376 377/377
f 382/382 377/377 378/378
f 384/384 383/383 385/385
f 386/386 365/365 387/387
f 382/382 387/387 377/377
f 383/383 388/388 385/385
f 389/389 385/385 388/388
f 390/390 388/388 387/387
f 383/383 387/387 388/388
f 391/391 390/390 382/382
f 387/387 382/382 390/390
f 393/393 392/392 394/394
f 394/394 392/392 395/395
f 396/396 395/395 392/392
f 392/392 397/397 396/396
f 399/399 398/398 400/400
f 402/402 401/401 403/403
f 395/395 403/403 401/401
f 404/404 401/401 405/405
f 401/401 406/406 405/405
f 402/402 407/407 401/401
f 406/406 401/401 407/407
f 409/409 408/408 410/410
f 411/411 408/408 412/412
f 412/412 408/408 413/413
f 414/414 413/413 408/408
f 416/416 415/415 417/417
f 419/419 418/418 420/420
f 422/422 421/421 423/423
f 425/425 424/424 426/426
f 427/427 426/426 424/424
f 429/429 428/428 426/426
f 430/430 426/426 428/428
f 432/432 431/431 422/422
f 434/434 433/433 431/431
f 435/435 431/431 433/433
f 437/437 436/436 438/438
f 440/440 439/439 441/441
f 442/442 441/441 439/439
f 420/420 443/443 444/444
f 436/436 445/445 438/438
f 446/446 438/438 445/445
f 447/447 441/441 442/442
f 449/449 448/448 450/450
f 449/449 450/450 451/451
f 451/451 452/452 449/449
f 452/452 451/451 453/453
f 452/452 453/453 454/454
f 454/454 455/455 452/452
f 456/456 455/455 454/454
f 457/457 456/456 454/454
f 455/455 449/449 452/452
f 449/449 458/458 459/459
f 458/458 455/455 456/456
f 460/460 458/458 457/457
f 456/456 457/457 458/458
f 460/460 459/459 458/458
f 459/459 461/461 462/462
f 463/463 462/462 461/461
f 449/449 459/459 464/464
f 466/466 465/465 467/467
f 468/468 467/467 465/465
f 469/469 467/467 468/468
f 471/471 470/470 469/469
f 465/465 466/466 471/471
f 470/470 471/471 466/466
f 466/466 467/467 472/472
f 473/473 472/472 467/467
f 469/469 474/474 467/467
f 473/473 467/467 474/474
f 475/475 474/474 470/470
f 469/469 470/470 474/474
f 477/477 476/476 475/475
f 474/474 475/475 476/476
f 472/472 478/478 475/475
f 477/477 475/475 478/478
f 480/480 479/479 334/334
f 328/328 479/479 481/481
f 331/331 328/328 477/477
f 476/476 477/477 328/328
f 480/480 334/334 331/331
f 483/483 482/482 484/484
f 485/485 484/484 482/482
f 487/487 486/486 390/390
f 488/488 390/390 486/486
f 388/388 390/390 489/489
f 488/488 489/489 390/390
f 489/489 488/488 490/490
f 485/485 490/490 488/488
f 492/492 491/491 482/482
f 485/485 482/482 491/491
f 318/318 323/323 493/493
f 494/494 491/491 492/492
f 495/495 494/494 484/484
f 391/391 389/389 487/487
f 388/388 489/489 496/496
f 370/370 372/372 497/497
f 370/370 498/498 368/368
f 500/500 499/499 501/501
f 502/502 500/500 503/503
f 504/504 503/503 500/500
f 505/505 502/502 506/506
f 413/413 416/416 412/412
f 323/323 317/317 493/493
f 489/489 490/490 496/496
f 494/494 496/496 490/490
f 486/486 496/496 494/494
f 488/488 486/486 485/485
f 495/495 485/485 486/486
f 332/332 333/333 336/336
f 335/335 332/332 336/336
f 337/337 507/507 336/336
f 337/337 508/508 507/507
f 509/509 507/507 508/508
f 510/510 507/507 509/509
f 510/510 336/336 507/507
f 335/335 336/336 510/510
f 443/443 511/511 444/444
f 427/427 444/444 511/511
f 425/425 512/512 397/397
f 512/512 432/432 423/423
f 397/397 423/423 396/396
f 421/421 403/403 395/395
f 431/431 421/421 422/422
f 432/432 422/422 423/423
f 427/427 424/424 444/444
f 400/400 444/444 424/424
f 397/397 512/512 423/423
f 514/514 513/513 515/515
f 516/516 515/515 513/513
f 515/515 516/516 517/517
f 518/518 517/517 516/516
f 517/517 518/518 519/519
f 520/520 519/519 514/514
f 513/513 514/514 519/519
f 521/521 514/514 522/522
f 515/515 522/522 514/514
f 522/522 515/515 517/517
f 523/523 517/517 520/520
f 524/524 520/520 521/521
f 514/514 521/521 520/520
f 525/525 521/521 522/522
f 526/526 522/522 527/527
f 523/523 527/527 522/522
f 527/527 523/523 528/528
f 524/524 528/528 523/523
f 528/528 524/524 525/525
f 521/521 525/525 524/524
f 529/529 525/525 526/526
f 530/530 526/526 531/531
f 527/527 531/531 526/526
f 531/531 527/527 528/528
f 532/532 528/528 525/525
f 533/533 516/516 513/513
f 534/534 518/518 516/516
f 536/536 535/535 533/533
f 536/536 534/534 535/535
f 537/537 533/533 538/538
f 513/513 538/538 533/533
f 536/536 533/533 537/537
f 537/537 534/534 536/536
f 540/540 539/539 541/541
f 541/541 539/539 542/542
f 542/542 539/539 543/543
f 543/543 539/539 540/540
f 544/544 540/540 545/545
f 541/541 545/545 540/540
f 545/545 541/541 546/546
f 542/542 546/546 541/541
f 546/546 542/542 543/543
f 547/547 543/543 544/544
f 540/540 544/544 543/543
f 548/548 544/544 549/549
f 545/545 549/549 544/544
f 549/549 545/545 546/546
f 550/550 546/546 547/547
f 551/551 547/547 548/548
f 544/544 548/548 547/547
f 552/552 548/548 549/549
f 553/553 549/549 554/554
f 550/550 554/554 549/549
f 554/554 550/550 555/555
f 551/551 555/555 550/550
f 555/555 551/551 548/548
f 538/538 518/518 537/537
f 534/534 537/537 518/518
f 557/557 556/556 558/558
f 559/559 558/558 556/556
f 560/560 556/556 561/561
f 557/557 561/561 556/556
f 562/562 557/557 558/558
f 562/562 561/561 557/557
f 562/562 558/558 563/563
f 563/563 561/561 562/562
f 564/564 559/559 565/565
f 566/566 565/565 559/559
f 567/567 565/565 566/566
f 564/564 568/568 558/558
f 563/563 558/558 568/568
f 559/559 564/564 558/558
f 567/567 561/561 568/568
f 563/563 568/568 561/561
f 567/567 560/560 561/561
f 349/349 338/338 339/339
f 429/429 426/426 511/511
f 427/427 511/511 426/426
f 374/374 373/373 371/371
f 370/370 371/371 373/373
f 483/483 484/484 494/494
f 495/495 484/484 485/485
f 491/491 494/494 490/490
f 491/491 490/490 485/485
f 385/385 389/389 391/391
f 496/496 486/486 389/389
f 487/487 389/389 486/486
f 391/391 487/487 390/390
f 377/377 387/387 365/365
f 569/569 356/356 357/357
f 570/570 357/357 571/571
f 355/355 353/353 351/351
f 360/360 351/351 353/353
f 358/358 354/354 355/355
f 356/356 386/386 354/354
f 384/384 354/354 386/386
f 386/386 383/383 384/384
f 360/360 350/350 351/351
f 512/512 430/430 434/434
f 572/572 434/434 428/428
f 430/430 428/428 434/434
f 431/431 403/403 421/421
f 466/466 472/472 470/470
f 475/475 470/470 472/472
f 481/481 478/478 473/473
f 472/472 473/473 478/478
f 474/474 476/476 473/473
f 481/481 473/473 476/476
f 348/348 573/573 357/357
f 352/352 348/348 355/355
f 358/358 355/355 348/348
f 352/352 355/355 351/351
f 356/356 354/354 358/358
f 363/363 384/384 385/385
f 339/339 334/334 342/342
f 352/352 342/342 348/348
f 573/573 348/348 347/347
f 352/352 349/349 339/339
f 574/574 437/437 433/433
f 433/433 437/437 438/438
f 403/403 575/575 402/402
f 576/576 402/402 575/575
f 402/402 439/439 407/407
f 423/423 421/421 396/396
f 396/396 421/421 395/395
f 577/577 414/414 408/408
f 433/433 438/438 435/435
f 447/447 576/576 446/446
f 575/575 446/446 576/576
f 447/447 446/446 578/578
f 445/445 578/578 446/446
f 399/399 392/392 393/393
f 417/417 393/393 412/412
f 578/578 441/441 447/447
f 478/478 480/480 477/477
f 331/331 477/477 480/480
f 481/481 479/479 478/478
f 580/580 579/579 581/581
f 580/580 582/582 579/579
f 583/583 581/581 584/584
f 586/586 585/585 582/582
f 582/582 583/583 586/586
f 588/588 587/587 589/589
f 589/589 581/581 588/588
f 589/589 584/584 581/581
f 587/587 584/584 589/589
f 590/590 584/584 587/587
f 590/590 591/591 584/584
f 591/591 590/590 586/586
f 586/586 590/590 592/592
f 586/586 592/592 585/585
f 591/591 583/583 584/584
f 583/583 591/591 586/586
f 590/590 588/588 592/592
f 588/588 590/590 587/587
f 582/582 580/580 583/583
f 580/580 581/581 583/583
f 582/582 585/585 588/588
f 592/592 588/588 585/585
f 594/594 593/593 595/595
f 596/596 595/595 593/593
f 598/598 597/597 599/599
f 596/596 599/599 597/597
f 601/601 600/600 593/593
f 596/596 593/593 600/600
f 582/582 588/588 602/602
f 603/603 600/600 601/601
f 604/604 603/603 595/595
f 588/588 581/581 602/602
f 598/598 599/599 605/605
f 603/603 605/605 599/599
f 606/606 605/605 603/603
f 597/597 606/606 596/596
f 604/604 596/596 606/606
f 594/594 595/595 603/603
f 604/604 595/595 596/596
f 600/600 603/603 599/599
f 600/600 599/599 596/596
f 607/607 328/328 329/329
f 607/607 329/329 608/608
f 609/609 608/608 329/329
f 510/510 509/509 610/610
f 611/611 610/610 509/509
f 330/330 335/335 345/345
f 612/612 345/345 335/335
f 335/335 510/510 612/612
f 610/610 612/612 510/510
f 411/411 401/401 404/404
f 411/411 412/412 393/393
f 613/613 417/417 415/415
f 399/399 393/393 614/614
f 419/419 614/614 615/615
f 613/613 615/615 614/614
f 399/399 419/419 398/398
f 399/399 614/614 419/419
f 615/615 418/418 419/419
f 418/418 443/443 420/420
f 614/614 393/393 417/417
f 569/569 357/357 570/570
f 573/573 571/571 357/357
f 339/339 342/342 352/352
f 379/379 376/376 616/616
f 375/375 616/616 376/376
f 334/334 341/341 342/342
f 386/386 356/356 365/365
f 380/380 375/375 381/381
f 617/617 381/381 364/364
f 363/363 385/385 378/378
f 362/362 363/363 378/378
f 362/362 379/379 616/616
f 362/362 616/616 361/361
f 374/374 361/361 616/616
f 361/361 374/374 359/359
f 371/371 359/359 374/374
f 359/359 371/371 369/369
f 359/359 369/369 366/366
f 385/385 382/382 378/378
f 380/380 372/372 373/373
f 505/505 618/618 499/499
f 619/619 502/502 503/503
f 619/619 506/506 502/502
f 502/502 499/499 500/500
f 502/502 505/505 499/499
f 618/618 505/505 506/506
f 417/417 613/613 614/614
f 620/620 613/613 415/415
f 411/411 394/394 395/395
f 411/411 393/393 394/394
f 398/398 419/419 420/420
f 447/447 442/442 576/576
f 430/430 512/512 426/426
f 425/425 426/426 512/512
f 424/424 425/425 397/397
f 409/409 577/577 408/408
f 411/411 404/404 408/408
f 404/404 410/410 408/408
f 405/405 410/410 404/404
f 434/434 572/572 433/433
f 621/621 433/433 572/572
f 575/575 431/431 435/435
f 403/403 431/431 575/575
f 574/574 433/433 621/621
f 434/434 431/431 432/432
f 432/432 512/512 434/434
f 424/424 397/397 392/392
f 400/400 424/424 392/392
f 435/435 446/446 575/575
f 438/438 446/446 435/435
f 439/439 402/402 576/576
f 439/439 440/440 407/407
f 622/622 407/407 440/440
f 622/622 406/406 407/407
f 576/576 442/442 439/439
f 412/412 416/416 417/417
f 623/623 494/494 492/492
f 623/623 483/483 494/494
f 624/624 603/603 601/601
f 624/624 594/594 603/603
f 476/476 328/328 481/481
f 478/478 479/479 480/480
f 332/332 330/330 331/331
f 461/461 459/459 460/460
f 524/524 523/523 520/520
f 520/520 517/517 519/519
f 560/560 567/567 566/566
f 553/553 552/552 549/549
f 530/530 529/529 526/526
f 526/526 525/525 522/522
f 523/523 522/522 517/517
f 550/550 549/549 546/546
f 547/547 546/546 543/543
f 551/551 550/550 547/547
f 535/535 534/534 516/516
f 535/535 516/516 533/533
f 552/552 555/555 548/548
f 532/532 531/531 528/528
f 604/604 606/606 603/603
f 495/495 486/486 494/494
f 625/625 471/471 469/469
f 389/389 388/388 496/496
f 384/384 363/363 354/354
f 358/358 348/348 357/357
f 625/625 469/469 468/468
f 383/383 386/386 387/387
f 375/375 376/376 364/364
f 375/375 374/374 616/616
f 379/379 362/362 378/378
f 382/382 385/385 391/391
f 330/330 346/346 329/329
f 609/609 329/329 346/346
f 455/455 458/458 449/449
f 529/529 532/532 525/525
f 401/401 411/411 395/395
f 362/362 353/353 354/354
f 627/627 626/626 628/628
f 630/630 629/629 631/631
f 632/632 631/631 629/629
f 633/633 627/627 634/634
f 635/635 634/634 627/627
f 636/636 626/626 627/627
f 637/637 635/635 627/627
f 633/633 636/636 627/627
f 630/630 638/638 629/629
f 639/639 633/633 634/634
f 626/626 636/636 640/640
f 641/641 640/640 636/636
f 628/628 626/626 642/642
f 640/640 642/642 626/626
f 643/643 638/638 644/644
f 633/633 645/645 636/636
f 641/641 636/636 645/645
f 643/643 646/646 638/638
f 629/629 638/638 646/646
f 648/648 647/647 649/649
f 650/650 649/649 647/647
f 651/651 648/648 649/649
f 653/653 652/652 654/654
f 656/656 655/655 657/657
f 658/658 657/657 655/655
f 660/660 659/659 652/652
f 661/661 660/660 652/652
f 655/655 651/651 658/658
f 658/658 651/651 649/649
f 637/637 627/627 628/628
f 662/662 629/629 646/646
f 664/664 663/663 657/657
f 656/656 657/657 663/663
f 632/632 629/629 662/662
f 631/631 665/665 630/630
f 637/637 630/630 665/665
f 638/638 628/628 642/642
f 645/645 633/633 666/666
f 667/667 653/653 654/654
f 661/661 652/652 653/653
f 630/630 628/628 638/638
f 637/637 628/628 630/630
f 644/644 638/638 642/642
f 666/666 633/633 639/639
f 665/665 635/635 637/637
f 669/669 668/668 670/670
f 671/671 670/670 668/668
f 673/673 672/672 674/674
f 675/675 674/674 672/672
f 677/677 676/676 678/678
f 679/679 678/678 676/676
f 681/681 680/680 682/682
f 683/683 682/682 680/680
f 685/685 684/684 686/686
f 687/687 686/686 684/684
f 689/689 688/688 690/690
f 691/691 690/690 688/688
f 693/693 692/692 694/694
f 695/695 694/694 692/692
f 697/697 696/696 698/698
f 699/699 698/698 696/696
f 701/701 700/700 702/702
f 703/703 702/702 700/700
f 705/705 704/704 706/706
f 707/707 706/706 704/704
f 709/709 708/708 710/710
f 711/711 710/710 708/708
f 713/713 712/712 714/714
f 715/715 714/714 712/712
f 717/717 716/716 718/718
f 719/719 718/718 716/716
f 721/721 720/720 717/717
f 716/716 717/717 720/720
f 723/723 722/722 721/721
f 720/720 721/721 722/722
f 724/724 722/722 723/723
f 726/726 725/725 724/724
f 727/727 724/724 725/725
f 729/729 728/728 726/726
f 725/725 726/726 728/728
f 731/731 730/730 729/729
f 728/728 729/729 730/730
f 718/718 719/719 731/731
f 730/730 731/731 719/719
f 733/733 732/732 734/734
f 735/735 734/734 732/732
f 736/736 733/733 734/734
f 738/738 737/737 736/736
f 739/739 738/738 740/740
f 741/741 740/740 738/738
f 742/742 739/739 743/743
f 740/740 743/743 739/739
f 744/744 742/742 743/743
f 746/746 745/745 744/744
f 732/732 746/746 735/735
f 747/747 735/735 746/746
f 749/749 748/748 750/750
f 750/750 748/748 751/751
f 751/751 748/748 752/752
f 752/752 748/748 753/753
f 753/753 748/748 754/754
f 754/754 748/748 755/755
f 755/755 748/748 756/756
f 756/756 748/748 749/749
f 758/758 757/757 759/759
f 760/760 759/759 757/757
f 762/762 761/761 758/758
f 757/757 758/758 761/761
f 764/764 763/763 762/762
f 761/761 762/762 763/763
f 766/766 765/765 764/764
f 763/763 764/764 765/765
f 768/768 767/767 766/766
f 765/765 766/766 767/767
f 770/770 769/769 768/768
f 767/767 768/768 769/769
f 772/772 771/771 770/770
f 769/769 770/770 771/771
f 759/759 760/760 772/772
f 771/771 772/772 760/760
f 774/774 773/773 775/775
f 776/776 775/775 773/773
f 778/778 777/777 774/774
f 773/773 774/774 777/777
f 780/780 779/779 778/778
f 777/777 778/778 779/779
f 782/782 781/781 780/780
f 779/779 780/780 781/781
f 784/784 783/783 782/782
f 781/781 782/782 783/783
f 786/786 785/785 784/784
f 783/783 784/784 785/785
f 788/788 787/787 786/786
f 785/785 786/786 787/787
f 775/775 776/776 788/788
f 787/787 788/788 776/776
f 790/790 789/789 791/791
f 792/792 791/791 789/789
f 792/792 789/789 793/793
f 794/794 793/793 789/789
f 793/793 794/794 795/795
f 796/796 795/795 794/794
f 795/795 796/796 797/797
f 798/798 797/797 796/796
f 797/797 798/798 799/799
f 800/800 799/799 798/798
f 799/799 800/800 801/801
f 802/802 801/801 800/800
f 801/801 802/802 803/803
f 804/804 803/803 802/802
f 804/804 790/790 803/803
f 791/791 803/803 790/790
f 733/733 717/717 732/732
f 718/718 732/732 717/717
f 737/737 721/721 733/733
f 717/717 733/733 721/721
f 738/738 723/723 737/737
f 721/721 737/737 723/723
f 739/739 724/724 738/738
f 723/723 738/738 724/724
f 742/742 726/726 739/739
f 724/724 739/739 726/726
f 745/745 729/729 742/742
f 726/726 742/742 729/729
f 746/746 731/731 745/745
f 729/729 745/745 731/731
f 732/732 718/718 746/746
f 731/731 746/746 718/718
f 806/806 805/805 807/807
f 809/809 808/808 810/810
f 811/811 810/810 808/808
f 813/813 812/812 809/809
f 808/808 809/809 812/812
f 815/815 814/814 813/813
f 812/812 813/813 814/814
f 817/817 816/816 815/815
f 814/814 815/815 816/816
f 819/819 818/818 817/817
f 816/816 817/817 818/818
f 821/821 820/820 819/819
f 818/818 819/819 820/820
f 823/823 822/822 821/821
f 820/820 821/821 822/822
f 810/810 811/811 823/823
f 822/822 823/823 811/811
f 825/825 824/824 826/826
f 828/828 827/827 829/829
f 831/831 830/830 832/832
f 834/834 833/833 835/835
f 826/826 824/824 836/836
f 828/828 829/829 837/837
f 727/727 722/722 724/724
f 741/741 738/738 736/736
f 737/737 733/733 736/736
f 747/747 746/746 744/744
f 745/745 742/742 744/744
f 839/839 838/838 840/840
f 841/841 840/840 838/838
f 842/842 840/840 841/841
f 807/807 838/838 806/806
f 839/839 806/806 838/838
f 844/844 843/843 845/845
f 847/847 846/846 848/848
f 849/849 848/848 846/846
f 850/850 848/848 849/849
f 845/845 846/846 844/844
f 847/847 844/844 846/846
f 852/852 851/851 853/853
f 851/851 854/854 853/853
f 855/855 852/852 856/856
f 857/857 856/856 854/854
f 859/859 858/858 860/860
f 860/860 852/852 859/859
f 852/852 855/855 859/859
f 859/859 855/855 858/858
f 858/858 855/855 861/861
f 855/855 862/862 861/861
f 857/857 861/861 862/862
f 863/863 861/861 857/857
f 855/855 856/856 862/862
f 857/857 862/862 856/856
f 863/863 860/860 861/861
f 858/858 861/861 860/860
f 856/856 853/853 854/854
f 856/856 852/852 853/853
f 865/865 864/864 866/866
f 867/867 864/864 865/865
f 867/867 868/868 869/869
f 869/869 870/870 867/867
f 871/871 868/868 865/865
f 872/872 869/869 873/873
f 875/875 874/874 872/872
f 869/869 872/872 874/874
f 870/870 869/869 874/874
f 876/876 340/340 341/341
f 341/341 877/877 870/870
f 878/878 865/865 344/344
f 346/346 344/344 865/865
f 340/340 876/876 347/347
f 879/879 347/347 876/876
f 881/881 880/880 882/882
f 883/883 882/882 880/880
f 885/885 884/884 886/886
f 888/888 887/887 889/889
f 890/890 881/881 891/891
f 890/890 891/891 892/892
f 890/890 892/892 884/884
f 892/892 893/893 884/884
f 886/886 893/893 894/894
f 896/896 895/895 887/887
f 891/891 881/881 897/897
f 367/367 368/368 897/897
f 898/898 897/897 368/368
f 900/900 899/899 368/368
f 898/898 368/368 899/899
f 900/900 372/372 901/901
f 903/903 902/902 904/904
f 906/906 905/905 907/907
f 908/908 907/907 905/905
f 904/904 901/901 380/380
f 895/895 904/904 381/381
f 895/895 896/896 907/907
f 906/906 907/907 896/896
f 905/905 906/906 909/909
f 911/911 910/910 912/912
f 913/913 896/896 914/914
f 906/906 913/913 909/909
f 910/910 911/911 915/915
f 916/916 915/915 911/911
f 917/917 913/913 915/915
f 910/910 915/915 913/913
f 918/918 909/909 917/917
f 913/913 917/917 909/909
f 920/920 919/919 921/921
f 920/920 922/922 919/919
f 923/923 919/919 922/922
f 923/923 924/924 919/919
f 926/926 925/925 927/927
f 929/929 928/928 930/930
f 922/922 930/930 928/928
f 405/405 930/930 931/931
f 405/405 406/406 930/930
f 929/929 930/930 932/932
f 406/406 932/932 930/930
f 410/410 933/933 409/409
f 934/934 933/933 935/935
f 934/934 936/936 933/933
f 937/937 933/933 936/936
f 939/939 938/938 940/940
f 941/941 418/418 942/942
f 944/944 943/943 945/945
f 947/947 946/946 948/948
f 949/949 948/948 946/946
f 429/429 946/946 428/428
f 950/950 428/428 946/946
f 945/945 951/951 952/952
f 953/953 951/951 954/954
f 955/955 954/954 951/951
f 956/956 436/436 437/437
f 440/440 441/441 957/957
f 958/958 957/957 441/441
f 959/959 443/443 941/941
f 436/436 956/956 445/445
f 960/960 445/445 956/956
f 958/958 441/441 961/961
f 963/963 962/962 964/964
f 965/965 963/963 964/964
f 964/964 966/966 965/965
f 967/967 965/965 966/966
f 968/968 967/967 966/966
f 966/966 969/969 968/968
f 968/968 969/969 970/970
f 968/968 970/970 971/971
f 966/966 964/964 969/969
f 973/973 972/972 964/964
f 970/970 969/969 972/972
f 974/974 971/971 972/972
f 970/970 972/972 971/971
f 972/972 973/973 974/974
f 976/976 975/975 973/973
f 975/975 976/976 977/977
f 978/978 973/973 964/964
f 980/980 979/979 981/981
f 982/982 981/981 979/979
f 982/982 979/979 983/983
f 983/983 984/984 985/985
f 981/981 985/985 980/980
f 984/984 980/980 985/985
f 980/980 986/986 979/979
f 987/987 979/979 986/986
f 983/983 979/979 988/988
f 987/987 988/988 979/979
f 989/989 984/984 988/988
f 983/983 988/988 984/984
f 988/988 990/990 989/989
f 991/991 989/989 990/990
f 986/986 989/989 992/992
f 991/991 992/992 989/989
f 870/870 993/993 994/994
f 995/995 993/993 864/864
f 867/867 991/991 864/864
f 990/990 864/864 991/991
f 867/867 870/870 994/994
f 997/997 996/996 998/998
f 999/999 998/998 996/996
f 1000/1000 917/917 1001/1001
f 1002/1002 1001/1001 917/917
f 915/915 1003/1003 917/917
f 1002/1002 917/917 1003/1003
f 1003/1003 1004/1004 1002/1002
f 999/999 1002/1002 1004/1004
f 1005/1005 998/998 1006/1006
f 999/999 1006/1006 998/998
f 1007/1007 860/860 854/854
f 1005/1005 1006/1006 1008/1008
f 996/996 1008/1008 1009/1009
f 1000/1000 916/916 918/918
f 1010/1010 1003/1003 915/915
f 497/497 372/372 900/900
f 368/368 498/498 900/900
f 501/501 499/499 1011/1011
f 1012/1012 503/503 1011/1011
f 504/504 1011/1011 503/503
f 506/506 1012/1012 1013/1013
f 934/934 940/940 936/936
f 1007/1007 852/852 860/860
f 1003/1003 1010/1010 1004/1004
f 1008/1008 1004/1004 1010/1010
f 1008/1008 1010/1010 1001/1001
f 1002/1002 999/999 1001/1001
f 1009/1009 1001/1001 999/999
f 873/873 869/869 868/868
f 873/873 868/868 871/871
f 873/873 1014/1014 872/872
f 872/872 1014/1014 508/508
f 509/509 508/508 1014/1014
f 509/509 1014/1014 1015/1015
f 1014/1014 873/873 1015/1015
f 1015/1015 873/873 871/871
f 443/443 959/959 511/511
f 949/949 511/511 959/959
f 924/924 1016/1016 947/947
f 944/944 952/952 1016/1016
f 923/923 944/944 924/924
f 922/922 928/928 943/943
f 945/945 943/943 951/951
f 944/944 945/945 952/952
f 949/949 959/959 948/948
f 926/926 948/948 959/959
f 944/944 1016/1016 924/924
f 1018/1018 1017/1017 1019/1019
f 1020/1020 1019/1019 1017/1017
f 1017/1017 1021/1021 1020/1020
f 1022/1022 1020/1020 1021/1021
f 1023/1023 1022/1022 1021/1021
f 1024/1024 1018/1018 1023/1023
f 1019/1019 1023/1023 1018/1018
f 1026/1026 1025/1025 1018/1018
f 1017/1017 1018/1018 1025/1025
f 1021/1021 1017/1017 1025/1025
f 1024/1024 1021/1021 1027/1027
f 1028/1028 1026/1026 1024/1024
f 1018/1018 1024/1024 1026/1026
f 1025/1025 1026/1026 1029/1029
f 1031/1031 1030/1030 1025/1025
f 1027/1027 1025/1025 1030/1030
f 1030/1030 1032/1032 1027/1027
f 1028/1028 1027/1027 1032/1032
f 1032/1032 1029/1029 1028/1028
f 1026/1026 1028/1028 1029/1029
f 1031/1031 1029/1029 1033/1033
f 1035/1035 1034/1034 1031/1031
f 1030/1030 1031/1031 1034/1034
f 1032/1032 1030/1030 1034/1034
f 1029/1029 1032/1032 1036/1036
f 1019/1019 1020/1020 1037/1037
f 1020/1020 1022/1022 1038/1038
f 1037/1037 1039/1039 1040/1040
f 1039/1039 1038/1038 1040/1040
f 1042/1042 1041/1041 1037/1037
f 1019/1019 1037/1037 1041/1041
f 1042/1042 1037/1037 1040/1040
f 1040/1040 1038/1038 1042/1042
f 1044/1044 1043/1043 1045/1045
f 1046/1046 1043/1043 1044/1044
f 1047/1047 1043/1043 1046/1046
f 1045/1045 1043/1043 1047/1047
f 1049/1049 1048/1048 1045/1045
f 1044/1044 1045/1045 1048/1048
f 1048/1048 1050/1050 1044/1044
f 1046/1046 1044/1044 1050/1050
f 1047/1047 1046/1046 1050/1050
f 1051/1051 1049/1049 1047/1047
f 1045/1045 1047/1047 1049/1049
f 1053/1053 1052/1052 1049/1049
f 1048/1048 1049/1049 1052/1052
f 1050/1050 1048/1048 1052/1052
f 1051/1051 1050/1050 1054/1054
f 1055/1055 1053/1053 1051/1051
f 1049/1049 1051/1051 1053/1053
f 1052/1052 1053/1053 1056/1056
f 1058/1058 1057/1057 1052/1052
f 1054/1054 1052/1052 1057/1057
f 1057/1057 1059/1059 1054/1054
f 1055/1055 1054/1054 1059/1059
f 1053/1053 1055/1055 1059/1059
f 1041/1041 1042/1042 1022/1022
f 1038/1038 1022/1022 1042/1042
f 1061/1061 1060/1060 1062/1062
f 1063/1063 1062/1062 1060/1060
f 1065/1065 1064/1064 1062/1062
f 1061/1061 1062/1062 1064/1064
f 1060/1060 1061/1061 1066/1066
f 1061/1061 1064/1064 1066/1066
f 1067/1067 1060/1060 1066/1066
f 1066/1066 1064/1064 1067/1067
f 1069/1069 1068/1068 1063/1063
f 1070/1070 1063/1063 1068/1068
f 1070/1070 1068/1068 1071/1071
f 1069/1069 1060/1060 1072/1072
f 1067/1067 1072/1072 1060/1060
f 1060/1060 1069/1069 1063/1063
f 1071/1071 1072/1072 1064/1064
f 1067/1067 1064/1064 1072/1072
f 1064/1064 1065/1065 1071/1071
f 874/874 875/875 882/882
f 429/429 511/511 946/946
f 949/949 946/946 511/511
f 902/902 899/899 901/901
f 900/900 901/901 899/899
f 1008/1008 996/996 997/997
f 999/999 996/996 1009/1009
f 1004/1004 1008/1008 1006/1006
f 999/999 1004/1004 1006/1006
f 918/918 916/916 911/911
f 1010/1010 916/916 1001/1001
f 1000/1000 1001/1001 916/916
f 917/917 1000/1000 918/918
f 896/896 913/913 906/906
f 889/889 887/887 1073/1073
f 571/571 889/889 570/570
f 885/885 880/880 884/884
f 890/890 884/884 880/880
f 885/885 886/886 888/888
f 887/887 886/886 914/914
f 912/912 914/914 886/886
f 912/912 910/910 914/914
f 880/880 881/881 890/890
f 953/953 950/950 1016/1016
f 572/572 428/428 953/953
f 950/950 953/953 428/428
f 943/943 928/928 951/951
f 980/980 984/984 986/986
f 989/989 986/986 984/984
f 995/995 987/987 992/992
f 986/986 992/992 987/987
f 995/995 990/990 987/987
f 988/988 987/987 990/990
f 889/889 573/573 879/879
f 883/883 885/885 879/879
f 888/888 879/879 885/885
f 880/880 885/885 883/883
f 888/888 886/886 887/887
f 911/911 912/912 894/894
f 876/876 870/870 874/874
f 879/879 876/876 883/883
f 347/347 879/879 573/573
f 874/874 882/882 883/883
f 954/954 437/437 574/574
f 956/956 437/437 954/954
f 928/928 929/929 1074/1074
f 1075/1075 1074/1074 929/929
f 932/932 957/957 929/929
f 923/923 943/943 944/944
f 922/922 943/943 923/923
f 933/933 937/937 577/577
f 955/955 956/956 954/954
f 961/961 960/960 1075/1075
f 1074/1074 1075/1075 960/960
f 961/961 578/578 960/960
f 445/445 960/960 578/578
f 921/921 919/919 927/927
f 934/934 921/921 939/939
f 961/961 441/441 578/578
f 992/992 991/991 994/994
f 867/867 994/994 991/991
f 994/994 993/993 992/992
f 1077/1077 1076/1076 1078/1078
f 1076/1076 1079/1079 1078/1078
f 1080/1080 1077/1077 1081/1081
f 1079/1079 1082/1082 1083/1083
f 1083/1083 1081/1081 1079/1079
f 1085/1085 1084/1084 1086/1086
f 1086/1086 1077/1077 1085/1085
f 1077/1077 1080/1080 1085/1085
f 1085/1085 1080/1080 1084/1084
f 1084/1084 1080/1080 1087/1087
f 1080/1080 1088/1088 1087/1087
f 1083/1083 1087/1087 1088/1088
f 1089/1089 1087/1087 1083/1083
f 1082/1082 1089/1089 1083/1083
f 1080/1080 1081/1081 1088/1088
f 1083/1083 1088/1088 1081/1081
f 1089/1089 1086/1086 1087/1087
f 1084/1084 1087/1087 1086/1086
f 1081/1081 1078/1078 1079/1079
f 1081/1081 1077/1077 1078/1078
f 1086/1086 1082/1082 1079/1079
f 1082/1082 1086/1086 1089/1089
f 1091/1091 1090/1090 1092/1092
f 1093/1093 1092/1092 1090/1090
f 1095/1095 1094/1094 1096/1096
f 1093/1093 1096/1096 1094/1094
f 1097/1097 1092/1092 1098/1098
f 1093/1093 1098/1098 1092/1092
f 1099/1099 1086/1086 1079/1079
f 1097/1097 1098/1098 1100/1100
f 1090/1090 1100/1100 1101/1101
f 1099/1099 1077/1077 1086/1086
f 1095/1095 1102/1102 1094/1094
f 1100/1100 1094/1094 1102/1102
f 1100/1100 1102/1102 1103/1103
f 1096/1096 1093/1093 1103/1103
f 1101/1101 1103/1103 1093/1093
f 1100/1100 1090/1090 1091/1091
f 1093/1093 1090/1090 1101/1101
f 1094/1094 1100/1100 1098/1098
f 1093/1093 1094/1094 1098/1098
f 866/866 864/864 1104/1104
f 1104/1104 608/608 866/866
f 609/609 866/866 608/608
f 1015/1015 1105/1105 509/509
f 611/611 509/509 1105/1105
f 865/865 878/878 871/871
f 1106/1106 871/871 878/878
f 871/871 1106/1106 1015/1015
f 1105/1105 1015/1015 1106/1106
f 931/931 930/930 935/935
f 921/921 934/934 935/935
f 938/938 939/939 613/613
f 1107/1107 921/921 927/927
f 615/615 1107/1107 942/942
f 1107/1107 615/615 613/613
f 925/925 942/942 927/927
f 942/942 1107/1107 927/927
f 942/942 418/418 615/615
f 941/941 443/443 418/418
f 939/939 921/921 1107/1107
f 570/570 889/889 1073/1073
f 889/889 571/571 573/573
f 883/883 876/876 874/874
f 904/904 907/907 903/903
f 908/908 903/903 907/907
f 876/876 341/341 870/870
f 896/896 887/887 914/914
f 381/381 904/904 380/380
f 895/895 381/381 617/617
f 905/905 911/911 894/894
f 905/905 894/894 893/893
f 903/903 908/908 893/893
f 893/893 892/892 903/903
f 902/902 903/903 892/892
f 892/892 891/891 902/902
f 899/899 902/902 891/891
f 898/898 899/899 891/891
f 897/897 898/898 891/891
f 905/905 909/909 911/911
f 901/901 372/372 380/380
f 499/499 618/618 1013/1013
f 503/503 1012/1012 619/619
f 1012/1012 506/506 619/619
f 1011/1011 499/499 1012/1012
f 499/499 1013/1013 1012/1012
f 506/506 1013/1013 618/618
f 1107/1107 613/613 939/939
f 938/938 613/613 620/620
f 922/922 920/920 935/935
f 920/920 921/921 935/935
f 941/941 942/942 925/925
f 1075/1075 958/958 961/961
f 950/950 946/946 1016/1016
f 947/947 1016/1016 946/946
f 924/924 947/947 948/948
f 933/933 577/577 409/409
f 933/933 931/931 935/935
f 933/933 410/410 931/931
f 931/931 410/410 405/405
f 953/953 954/954 572/572
f 621/621 572/572 954/954
f 955/955 951/951 1074/1074
f 1074/1074 951/951 928/928
f 621/621 954/954 574/574
f 952/952 951/951 953/953
f 953/953 1016/1016 952/952
f 919/919 924/924 948/948
f 919/919 948/948 926/926
f 1074/1074 960/960 955/955
f 955/955 960/960 956/956
f 1075/1075 929/929 957/957
f 957/957 932/932 440/440
f 622/622 440/440 932/932
f 932/932 406/406 622/622
f 957/957 958/958 1075/1075
f 939/939 940/940 934/934
f 1005/1005 1008/1008 1108/1108
f 1008/1008 997/997 1108/1108
f 1097/1097 1100/1100 1109/1109
f 1100/1100 1091/1091 1109/1109
f 995/995 864/864 990/990
f 993/993 995/995 992/992
f 867/867 865/865 868/868
f 974/974 973/973 975/975
f 1024/1024 1027/1027 1028/1028
f 1023/1023 1021/1021 1024/1024
f 1070/1070 1071/1071 1065/1065
f 1052/1052 1056/1056 1058/1058
f 1031/1031 1033/1033 1035/1035
f 1025/1025 1029/1029 1031/1031
f 1021/1021 1025/1025 1027/1027
f 1050/1050 1052/1052 1054/1054
f 1047/1047 1050/1050 1051/1051
f 1051/1051 1054/1054 1055/1055
f 1020/1020 1038/1038 1039/1039
f 1037/1037 1020/1020 1039/1039
f 1053/1053 1059/1059 1056/1056
f 1032/1032 1034/1034 1036/1036
f 1100/1100 1103/1103 1101/1101
f 1008/1008 1001/1001 1009/1009
f 983/983 985/985 1110/1110
f 1010/1010 915/915 916/916
f 886/886 894/894 912/912
f 889/889 879/879 888/888
f 982/982 983/983 1110/1110
f 913/913 914/914 910/910
f 895/895 907/907 904/904
f 902/902 901/901 904/904
f 905/905 893/893 908/908
f 918/918 911/911 909/909
f 865/865 866/866 346/346
f 609/609 346/346 866/866
f 964/964 972/972 969/969
f 1029/1029 1036/1036 1033/1033
f 922/922 935/935 930/930
f 886/886 884/884 893/893
f 1112/1112 1111/1111 1113/1113
f 1114/1114 631/631 1115/1115
f 632/632 1115/1115 631/631
f 1116/1116 634/634 1113/1113
f 635/635 1113/1113 634/634
f 1113/1113 1111/1111 1117/1117
f 1113/1113 635/635 1118/1118
f 1113/1113 1117/1117 1116/1116
f 1115/1115 1119/1119 1114/1114
f 634/634 1116/1116 639/639
f 1111/1111 1120/1120 1117/1117
f 1121/1121 1117/1117 1120/1120
f 1112/1112 1122/1122 1111/1111
f 1120/1120 1111/1111 1122/1122
f 1123/1123 1119/1119 1124/1124
f 1116/1116 1117/1117 1125/1125
f 1121/1121 1125/1125 1117/1117
f 1124/1124 1119/1119 1126/1126
f 1115/1115 1126/1126 1119/1119
f 1128/1128 1127/1127 1129/1129
f 1130/1130 1129/1129 1127/1127
f 1127/1127 1128/1128 1131/1131
f 1132/1132 652/652 1133/1133
f 1135/1135 1134/1134 1136/1136
f 1137/1137 1136/1136 1134/1134
f 652/652 659/659 1138/1138
f 652/652 1138/1138 1139/1139
f 1137/1137 1131/1131 1136/1136
f 1127/1127 1131/1131 1137/1137
f 1112/1112 1113/1113 1118/1118
f 1126/1126 1115/1115 662/662
f 664/664 1134/1134 663/663
f 1135/1135 663/663 1134/1134
f 662/662 1115/1115 632/632
f 631/631 1114/1114 665/665
f 1118/1118 665/665 1114/1114
f 1122/1122 1112/1112 1119/1119
f 1140/1140 1116/1116 1125/1125
f 1132/1132 1133/1133 1141/1141
f 1133/1133 652/652 1139/1139
f 1119/1119 1112/1112 1114/1114
f 1114/1114 1112/1112 1118/1118
f 1122/1122 1119/1119 1123/1123
f 639/639 1116/1116 1140/1140
f 1118/1118 635/635 665/665
f 1143/1143 1142/1142 1144/1144
f 1145/1145 1144/1144 1142/1142
f 1147/1147 1146/1146 1148/1148
f 1149/1149 1148/1148 1146/1146
f 1151/1151 1150/1150 1152/1152
f 1153/1153 1152/1152 1150/1150
f 1155/1155 1154/1154 1156/1156
f 1157/1157 1156/1156 1154/1154
f 1159/1159 1158/1158 1160/1160
f 1161/1161 1160/1160 1158/1158
f 1163/1163 1162/1162 1164/1164
f 1165/1165 1164/1164 1162/1162
f 1167/1167 1166/1166 1168/1168
f 1169/1169 1168/1168 1166/1166
f 1171/1171 1170/1170 1172/1172
f 1173/1173 1172/1172 1170/1170
f 1175/1175 1174/1174 1176/1176
f 1177/1177 1176/1176 1174/1174
f 1179/1179 1178/1178 1180/1180
f 1181/1181 1180/1180 1178/1178
f 1183/1183 1182/1182 1184/1184
f 1185/1185 1184/1184 1182/1182
f 1187/1187 1186/1186 1188/1188
f 1189/1189 1188/1188 1186/1186
f 1191/1191 1190/1190 1192/1192
f 1193/1193 1192/1192 1190/1190
f 1194/1194 1191/1191 1195/1195
f 1192/1192 1195/1195 1191/1191
f 1196/1196 1194/1194 1197/1197
f 1195/1195 1197/1197 1194/1194
f 1196/1196 1197/1197 1198/1198
f 1199/1199 1198/1198 1200/1200
f 1201/1201 1200/1200 1198/1198
f 1202/1202 1199/1199 1203/1203
f 1200/1200 1203/1203 1199/1199
f 1204/1204 1202/1202 1205/1205
f 1203/1203 1205/1205 1202/1202
f 1190/1190 1204/1204 1193/1193
f 1205/1205 1193/1193 1204/1204
f 1207/1207 1206/1206 1208/1208
f 1209/1209 1208/1208 1206/1206
f 1206/1206 1207/1207 1210/1210
f 1210/1210 1211/1211 1212/1212
f 1214/1214 1213/1213 1212/1212
f 1215/1215 1212/1212 1213/1213
f 1217/1217 1216/1216 1214/1214
f 1213/1213 1214/1214 1216/1216
f 1216/1216 1217/1217 1218/1218
f 1218/1218 1219/1219 1220/1220
f 1208/1208 1209/1209 1220/1220
f 1221/1221 1220/1220 1209/1209
f 1223/1223 1222/1222 1224/1224
f 1225/1225 1222/1222 1223/1223
f 1226/1226 1222/1222 1225/1225
f 1227/1227 1222/1222 1226/1226
f 1228/1228 1222/1222 1227/1227
f 1229/1229 1222/1222 1228/1228
f 1230/1230 1222/1222 1229/1229
f 1224/1224 1222/1222 1230/1230
f 1232/1232 1231/1231 1233/1233
f 1234/1234 1233/1233 1231/1231
f 1235/1235 1232/1232 1236/1236
f 1233/1233 1236/1236 1232/1232
f 1237/1237 1235/1235 1238/1238
f 1236/1236 1238/1238 1235/1235
f 1239/1239 1237/1237 1240/1240
f 1238/1238 1240/1240 1237/1237
f 1241/1241 1239/1239 1242/1242
f 1240/1240 1242/1242 1239/1239
f 1243/1243 1241/1241 1244/1244
f 1242/1242 1244/1244 1241/1241
f 1245/1245 1243/1243 1246/1246
f 1244/1244 1246/1246 1243/1243
f 1231/1231 1245/1245 1234/1234
f 1246/1246 1234/1234 1245/1245
f 1248/1248 1247/1247 1249/1249
f 1250/1250 1249/1249 1247/1247
f 1251/1251 1248/1248 1252/1252
f 1249/1249 1252/1252 1248/1248
f 1253/1253 1251/1251 1254/1254
f 1252/1252 1254/1254 1251/1251
f 1255/1255 1253/1253 1256/1256
f 1254/1254 1256/1256 1253/1253
f 1257/1257 1255/1255 1258/1258
f 1256/1256 1258/1258 1255/1255
f 1259/1259 1257/1257 1260/1260
f 1258/1258 1260/1260 1257/1257
f 1261/1261 1259/1259 1262/1262
f 1260/1260 1262/1262 1259/1259
f 1247/1247 1261/1261 1250/1250
f 1262/1262 1250/1250 1261/1261
f 1264/1264 1263/1263 1265/1265
f 1266/1266 1265/1265 1263/1263
f 1266/1266 1267/1267 1265/1265
f 1268/1268 1265/1265 1267/1267
f 1267/1267 1269/1269 1268/1268
f 1270/1270 1268/1268 1269/1269
f 1269/1269 1271/1271 1270/1270
f 1272/1272 1270/1270 1271/1271
f 1271/1271 1273/1273 1272/1272
f 1274/1274 1272/1272 1273/1273
f 1273/1273 1275/1275 1274/1274
f 1276/1276 1274/1274 1275/1275
f 1275/1275 1277/1277 1276/1276
f 1278/1278 1276/1276 1277/1277
f 1278/1278 1277/1277 1264/1264
f 1263/1263 1264/1264 1277/1277
f 1207/1207 1208/1208 1191/1191
f 1190/1190 1191/1191 1208/1208
f 1211/1211 1207/1207 1194/1194
f 1191/1191 1194/1194 1207/1207
f 1212/1212 1211/1211 1196/1196
f 1194/1194 1196/1196 1211/1211
f 1214/1214 1212/1212 1198/1198
f 1196/1196 1198/1198 1212/1212
f 1217/1217 1214/1214 1199/1199
f 1198/1198 1199/1199 1214/1214
f 1219/1219 1217/1217 1202/1202
f 1199/1199 1202/1202 1217/1217
f 1220/1220 1219/1219 1204/1204
f 1202/1202 1204/1204 1219/1219
f 1208/1208 1220/1220 1190/1190
f 1204/1204 1190/1190 1220/1220
f 1280/1280 1279/1279 1281/1281
f 1283/1283 1282/1282 1284/1284
f 1285/1285 1284/1284 1282/1282
f 1286/1286 1283/1283 1287/1287
f 1284/1284 1287/1287 1283/1283
f 1288/1288 1286/1286 1289/1289
f 1287/1287 1289/1289 1286/1286
f 1290/1290 1288/1288 1291/1291
f 1289/1289 1291/1291 1288/1288
f 1292/1292 1290/1290 1293/1293
f 1291/1291 1293/1293 1290/1290
f 1294/1294 1292/1292 1295/1295
f 1293/1293 1295/1295 1292/1292
f 1296/1296 1294/1294 1297/1297
f 1295/1295 1297/1297 1294/1294
f 1282/1282 1296/1296 1285/1285
f 1297/1297 1285/1285 1296/1296
f 1299/1299 1298/1298 1300/1300
f 1302/1302 1301/1301 1303/1303
f 1305/1305 1304/1304 1306/1306
f 1308/1308 1307/1307 1309/1309
f 1310/1310 1298/1298 1299/1299
f 1311/1311 1302/1302 1303/1303
f 1198/1198 1197/1197 1201/1201
f 1210/1210 1212/1212 1215/1215
f 1210/1210 1207/1207 1211/1211
f 1218/1218 1220/1220 1221/1221
f 1218/1218 1217/1217 1219/1219
f 1313/1313 1312/1312 1314/1314
f 1315/1315 1314/1314 1312/1312
f 1315/1315 1312/1312 1316/1316
f 1280/1280 1281/1281 1314/1314
f 1313/1313 1314/1314 1281/1281
f 1318/1318 1317/1317 1319/1319
f 1321/1321 1320/1320 1322/1322
f 1323/1323 1322/1322 1320/1320
f 1323/1323 1320/1320 1324/1324
f 1318/1318 1319/1319 1322/1322
f 1321/1321 1322/1322 1319/1319
f 1326/1326 1325/1325 1327/1327
f 1325/1325 1328/1328 1327/1327
f 1329/1329 1325/1325 1326/1326
f 1325/1325 1329/1329 1328/1328
f 1331/1331 1330/1330 1332/1332
f 1331/1331 1333/1333 1330/1330
f 1332/1332 1330/1330 1334/1334
f 1333/1333 1334/1334 1330/1330

