mtllib Mount_merry_b2.mtl

g Mount_merry_b2
v 8.857145 -25.869180 98.231150
v 7.703789 -21.492240 99.719630
v 10.805230 -19.821690 90.771750
v 11.929140 -27.726080 91.240070
v 9.369411 -36.182450 86.961850
v 6.266475 -31.854790 97.687780
v 4.202451 -18.322800 101.455500
v 4.885585 -16.116130 93.858960
v 5.836469 -12.973440 86.437190
v 11.471870 -17.920820 84.133450
v 14.123560 -22.017280 80.825440
v 14.691530 -28.564770 78.963230
v 13.185500 -28.041320 87.381280
v 0.066697 -41.517470 86.973240
v 9.745115 -38.063680 75.842560
v 0.182004 -44.092000 74.525080
v 14.171130 -23.823080 80.201590
v 10.849260 -34.579640 76.841550
v 9.982233 -30.942360 88.115880
v 10.246370 -20.382010 89.970010
v 0.039436 -41.125920 86.110020
v 0.032914 -41.732350 74.337780
v 0.121560 -42.635010 68.589250
v 11.369980 -35.498570 69.983030
v 10.350490 -38.195810 63.040090
v 0.134826 -45.012160 60.250460
v 14.975890 -24.895070 71.359120
v 13.093140 -29.854170 64.353770
v 11.553870 -18.777590 80.606310
v 12.136570 -20.889430 72.068410
v -1.859024 -10.781060 90.469650
v -1.655218 -14.045070 96.239100
v -1.500961 -15.246440 103.481500
v -0.250795 -36.416160 97.177640
v 20.502780 24.256810 48.482910
v 19.524580 21.635880 38.445100
v 17.789300 14.432370 40.879750
v 16.988300 17.279540 48.897250
v 15.259480 22.501580 48.310570
v 14.855030 18.857560 39.388990
v 22.458860 17.210690 39.935870
v 22.231610 19.034780 49.069600
v 15.989440 23.544380 68.957170
v 18.363930 21.792230 58.492570
v 12.367310 17.385190 66.164950
v 11.242820 22.682770 66.476610
v 18.363930 21.792230 58.492550
v 17.113930 18.246790 68.645510
v 13.082790 16.735200 68.430320
v 15.583360 24.828300 66.550220
v 14.073730 15.272570 65.487340
v 10.382440 23.449780 76.040720
v -10.573570 -27.071050 98.444950
v -13.317150 -21.340960 90.832170
v -9.940159 -22.583590 99.913780
v -13.436120 -29.350260 91.304390
v -9.840408 -37.412490 87.010570
v -7.271807 -32.692190 97.836750
v -7.893645 -16.920980 93.890960
v -6.821868 -19.004690 101.576800
v -9.239337 -13.907110 86.474500
v -14.232500 -19.512750 84.197020
v -16.374730 -23.906100 80.900880
v -14.661480 -29.824420 87.451910
v -16.135530 -30.506320 79.040450
v -10.052290 -39.310550 75.892150
v -16.202190 -25.704170 80.276720
v -11.110710 -32.292970 88.169360
v -11.579760 -35.992260 76.897740
v -12.696470 -21.827000 90.027470
v -10.897930 -39.730240 63.438470
v -12.038130 -37.188950 70.421900
v -16.982280 -27.985280 71.399310
v -16.105510 -34.423120 66.242100
v -14.234830 -20.361670 80.973390
v -14.723800 -23.601700 71.429170
v -23.592360 34.875790 55.170280
v -22.849540 32.397030 42.876040
v -25.065400 39.145530 46.097400
v -21.611220 29.019830 50.375690
v -19.166190 33.682530 52.073860
v -27.673220 34.590680 44.404060
v -20.241740 36.951870 44.569380
v -26.037390 30.213100 53.472130
v -15.434370 26.413820 70.471760
v -13.073880 20.276910 66.519750
v -18.674320 27.059850 60.236560
v -11.019270 25.186470 67.568930
v -17.488980 21.504250 69.422600
v -18.674320 27.059850 60.236550
v -13.888830 19.095710 68.390210
v -15.152820 18.621030 65.642070
v -14.905770 27.988700 68.270160
v -10.085660 25.241110 76.010280
v -15.350440 6.851765 73.318730
v -17.355460 -11.787090 73.097600
v -17.694450 3.635145 68.566870
v -13.646280 -10.522190 77.062360
v -11.685490 6.718503 82.475040
v -19.305060 -4.033591 63.587820
v -16.488760 -29.191800 72.828160
v -18.236140 -20.658310 66.445920
v -18.239670 -18.750810 72.994020
v -17.783010 -33.525900 58.716680
v -15.695460 -23.451710 86.887600
v -12.607100 -16.765720 82.035500
v -19.835150 -12.396550 63.522500
v -13.175730 41.406030 37.404220
v -16.146820 46.324920 35.826300
v -17.784360 52.419260 55.630470
v -11.238180 -29.820800 31.350180
v -18.103260 -13.989060 50.630640
v -13.160340 -29.589250 40.818530
v -13.527500 -20.022710 29.594810
v -10.627870 -29.869470 28.777600
v -16.467210 52.866930 32.783490
v -13.591130 43.700580 29.324080
v 11.663130 6.167811 73.374240
v 13.862770 2.836116 68.631720
v 13.574070 -9.871642 73.021090
v 9.755604 -9.072948 77.004460
v 7.961414 6.221081 82.515420
v 15.381920 -3.834273 63.790240
v 14.878010 -27.249430 72.750560
v 15.317290 -16.672700 72.911000
v 15.518930 -18.567950 66.362420
v 16.632150 -31.394770 58.631540
v 13.432230 -21.617380 86.814630
v 9.525622 -15.395120 81.980740
v 16.098550 -11.179880 63.582130
v 11.054710 24.691750 34.947380
v 17.573740 43.875560 42.945400
v 14.322810 27.367270 30.746140
v 7.758791 -14.606230 32.897000
v 9.349195 -17.748930 41.896550
v 18.323500 -7.880961 55.533660
v 12.878890 -5.834383 33.947540
v 7.246741 -13.713770 30.460940
v 15.002580 30.726100 24.388890
v 11.196530 21.653290 27.106870
vt 0.328545 0.808526 0.000000
vt 0.383239 0.828265 0.000000
vt 0.397501 0.772027 0.000000
vt 0.301715 0.757948 0.000000
vt 0.187130 0.726208 0.000000
vt 0.255884 0.800011 0.000000
vt 0.447305 0.837880 0.000000
vt 0.462276 0.769776 0.000000
vt 0.470114 0.720907 0.000000
vt 0.414872 0.734249 0.000000
vt 0.329646 0.669392 0.000000
vt 0.239549 0.657595 0.000000
vt 0.269430 0.712564 0.000000
vt 0.106621 0.744517 0.000000
vt 0.141402 0.653403 0.000000
vt 0.042520 0.663606 0.000000
vt 0.792612 0.948223 0.000000
vt 0.668449 0.945445 0.000000
vt 0.687624 0.979523 0.000000
vt 0.822574 0.990234 0.000000
vt 0.548255 0.970703 0.000000
vt 0.537171 0.930246 0.000000
vt 0.536164 0.879976 0.000000
vt 0.669604 0.888858 0.000000
vt 0.650884 0.836965 0.000000
vt 0.534560 0.832689 0.000000
vt 0.804587 0.884794 0.000000
vt 0.760281 0.848364 0.000000
vt 0.846669 0.955078 0.000000
vt 0.840049 0.905777 0.000000
vt 0.519629 0.732286 0.000000
vt 0.504867 0.788807 0.000000
vt 0.505169 0.852292 0.000000
vt 0.169719 0.796062 0.000000
vt 0.111139 0.081825 0.000000
vt 0.111139 0.003906 0.000000
vt 0.004721 0.003026 0.000000
vt 0.004721 0.081825 0.000000
vt 0.111139 0.081825 0.000000
vt 0.111139 0.003906 0.000000
vt 0.004721 0.003026 0.000000
vt 0.004721 0.081825 0.000000
vt 0.236159 0.088098 0.000000
vt 0.177316 0.002181 0.000000
vt 0.116989 0.088098 0.000000
vt 0.236159 0.088098 0.000000
vt 0.177316 0.002181 0.000000
vt 0.116989 0.088098 0.000000
vt 0.753906 0.730469 0.000000
vt 0.925781 0.667969 0.000000
vt 0.753906 0.667969 0.000000
vt 0.925781 0.730469 0.000000
vt 0.328545 0.808526 0.000000
vt 0.397501 0.772027 0.000000
vt 0.383239 0.828265 0.000000
vt 0.301715 0.757948 0.000000
vt 0.187130 0.726208 0.000000
vt 0.255884 0.800011 0.000000
vt 0.462276 0.769776 0.000000
vt 0.447305 0.837880 0.000000
vt 0.470114 0.720907 0.000000
vt 0.414872 0.734249 0.000000
vt 0.329646 0.669392 0.000000
vt 0.269430 0.712564 0.000000
vt 0.239549 0.657595 0.000000
vt 0.141402 0.653403 0.000000
vt 0.792612 0.948223 0.000000
vt 0.687624 0.979523 0.000000
vt 0.668449 0.945445 0.000000
vt 0.822574 0.990234 0.000000
vt 0.650884 0.836965 0.000000
vt 0.669604 0.888858 0.000000
vt 0.804587 0.884794 0.000000
vt 0.760281 0.848364 0.000000
vt 0.846669 0.955078 0.000000
vt 0.840049 0.905777 0.000000
vt 0.111139 0.081825 0.000000
vt 0.004721 0.003026 0.000000
vt 0.111139 0.003906 0.000000
vt 0.004721 0.081825 0.000000
vt 0.111139 0.081825 0.000000
vt 0.004721 0.003026 0.000000
vt 0.111139 0.003906 0.000000
vt 0.004721 0.081825 0.000000
vt 0.236159 0.088098 0.000000
vt 0.116989 0.088098 0.000000
vt 0.177316 0.002181 0.000000
vt 0.236159 0.088098 0.000000
vt 0.116989 0.088098 0.000000
vt 0.177316 0.002181 0.000000
vt 0.753906 0.730469 0.000000
vt 0.753906 0.667969 0.000000
vt 0.925781 0.667969 0.000000
vt 0.925781 0.730469 0.000000
vt 0.739973 0.339893 0.000000
vt 0.552493 0.336740 0.000000
vt 0.703145 0.315800 0.000000
vt 0.562894 0.360685 0.000000
vt 0.708687 0.384855 0.000000
vt 0.623899 0.287975 0.000000
vt 0.371109 0.334736 0.000000
vt 0.464003 0.300842 0.000000
vt 0.479114 0.333723 0.000000
vt 0.346444 0.263100 0.000000
vt 0.449479 0.410572 0.000000
vt 0.506186 0.385628 0.000000
vt 0.533983 0.288578 0.000000
vt 0.025947 0.301989 0.000000
vt 0.070125 0.318072 0.000000
vt 0.064419 0.408040 0.000000
vt 0.054409 0.298752 0.000000
vt 0.064419 0.408040 0.000000
vt 0.010329 0.321977 0.000000
vt 0.116933 0.316226 0.000000
vt 0.069690 0.290605 0.000000
vt 0.117161 0.315887 0.000000
vt 0.072924 0.297338 0.000000
vt 0.739973 0.339893 0.000000
vt 0.703145 0.315800 0.000000
vt 0.552493 0.336740 0.000000
vt 0.562894 0.360685 0.000000
vt 0.708687 0.384855 0.000000
vt 0.623899 0.287975 0.000000
vt 0.371109 0.334736 0.000000
vt 0.479114 0.333723 0.000000
vt 0.464003 0.300842 0.000000
vt 0.346444 0.263100 0.000000
vt 0.449479 0.410572 0.000000
vt 0.506186 0.385628 0.000000
vt 0.533983 0.288578 0.000000
vt 0.025947 0.301989 0.000000
vt 0.064419 0.408040 0.000000
vt 0.070125 0.318072 0.000000
vt 0.054409 0.298752 0.000000
vt 0.010329 0.321977 0.000000
vt 0.064419 0.408040 0.000000
vt 0.116933 0.316226 0.000000
vt 0.069690 0.290605 0.000000
vt 0.117161 0.315887 0.000000
vt 0.072924 0.297338 0.000000
usemtl Material_3
f 2/2 1/1 3/3
f 4/4 3/3 1/1
f 4/4 1/1 5/5
f 6/6 5/5 1/1
f 7/7 2/2 8/8
f 3/3 8/8 2/2
f 10/10 9/9 3/3
f 8/8 3/3 9/9
f 12/12 11/11 13/13
f 3/3 13/13 11/11
f 5/5 14/14 15/15
f 16/16 15/15 14/14
f 15/15 12/12 5/5
f 13/13 5/5 12/12
f 14/14 5/5 6/6
f 3/3 11/11 10/10
f 18/18 17/17 19/19
f 20/20 19/19 17/17
f 19/19 21/21 18/18
f 22/22 18/18 21/21
f 24/24 23/23 25/25
f 26/26 25/25 23/23
f 28/28 27/27 24/24
f 30/30 29/29 27/27
f 17/17 27/27 29/29
f 20/20 17/17 29/29
f 23/23 24/24 22/22
f 18/18 22/22 24/24
f 24/24 27/27 18/18
f 17/17 18/18 27/27
f 9/9 31/31 8/8
f 32/32 8/8 31/31
f 32/32 33/33 8/8
f 7/7 8/8 33/33
f 13/13 4/4 5/5
f 13/13 3/3 4/4
f 25/25 28/28 24/24
f 34/34 14/14 6/6
f 36/36 35/35 37/37
f 38/38 37/37 35/35
f 40/40 39/39 41/41
f 42/42 41/41 39/39
f 44/44 43/43 45/45
f 47/47 46/46 48/48
f 50/50 49/49 51/51
f 52/52 49/49 50/50
f 54/54 53/53 55/55
f 53/53 54/54 56/56
f 57/57 53/53 56/56
f 53/53 57/57 58/58
f 59/59 55/55 60/60
f 55/55 59/59 54/54
f 54/54 61/61 62/62
f 61/61 54/54 59/59
f 64/64 63/63 65/65
f 63/63 64/64 54/54
f 66/66 14/14 57/57
f 14/14 66/66 16/16
f 57/57 65/65 66/66
f 65/65 57/57 64/64
f 58/58 57/57 14/14
f 62/62 63/63 54/54
f 68/68 67/67 69/69
f 67/67 68/68 70/70
f 69/69 21/21 68/68
f 21/21 69/69 22/22
f 71/71 23/23 72/72
f 23/23 71/71 26/26
f 72/72 73/73 74/74
f 73/73 75/75 76/76
f 75/75 73/73 67/67
f 75/75 67/67 70/70
f 22/22 72/72 23/23
f 72/72 22/22 69/69
f 69/69 73/73 72/72
f 73/73 69/69 67/67
f 59/59 31/31 61/61
f 31/31 59/59 32/32
f 59/59 33/33 32/32
f 33/33 59/59 60/60
f 57/57 56/56 64/64
f 56/56 54/54 64/64
f 72/72 74/74 71/71
f 58/58 14/14 34/34
f 78/78 77/77 79/79
f 77/77 78/78 80/80
f 82/82 81/81 83/83
f 81/81 82/82 84/84
f 86/86 85/85 87/87
f 89/89 88/88 90/90
f 92/92 91/91 93/93
f 93/93 91/91 94/94
f 96/96 95/95 97/97
f 95/95 98/98 99/99
f 98/98 95/95 96/96
f 96/96 97/97 100/100
f 102/102 101/101 103/103
f 101/101 102/102 104/104
f 103/103 105/105 106/106
f 105/105 103/103 101/101
f 96/96 100/100 107/107
f 107/107 103/103 96/96
f 103/103 107/107 102/102
f 96/96 106/106 98/98
f 106/106 96/96 103/103
f 109/109 108/108 110/110
f 112/112 111/111 113/113
f 112/112 114/114 111/111
f 111/111 114/114 115/115
f 109/109 110/110 116/116
f 108/108 109/109 117/117
f 109/109 116/116 117/117
f 119/119 118/118 120/120
f 122/122 121/121 118/118
f 120/120 118/118 121/121
f 123/123 119/119 120/120
f 125/125 124/124 126/126
f 127/127 126/126 124/124
f 129/129 128/128 125/125
f 124/124 125/125 128/128
f 130/130 123/123 120/120
f 120/120 125/125 130/130
f 126/126 130/130 125/125
f 121/121 129/129 120/120
f 125/125 120/120 129/129
f 132/132 131/131 133/133
f 135/135 134/134 136/136
f 134/134 137/137 136/136
f 138/138 137/137 134/134
f 139/139 132/132 133/133
f 140/140 133/133 131/131
f 140/140 139/139 133/133

g Mount_merry_b2
v 10.979580 14.309070 5.207381
v 10.910000 14.278950 2.886872
v 13.962710 12.495790 5.861609
v 8.284047 12.048590 5.886814
v 11.304850 11.764720 3.786252
v 14.527320 12.140480 0.112971
v 8.315169 11.186640 -0.042643
v 14.906190 1.553052 0.058065
v 11.929770 7.082815 9.797757
v 16.736840 8.000214 0.141223
v 12.466890 4.871035 0.019298
v 11.505310 11.131190 0.033971
v 11.135810 0.974133 -0.036383
v 5.091339 -30.602640 60.560260
v 3.451753 -31.270420 62.888050
v 9.282308 -33.310110 72.919340
v 11.285360 -21.667080 62.868490
v 11.002750 -23.182320 71.642010
v 11.543090 -14.185920 72.695630
v 6.206963 -12.550220 61.924040
v 11.790130 -23.907930 79.998580
v 11.261110 -18.902760 80.553110
v 7.124485 -10.103200 80.558270
v 9.244610 -5.082906 66.709900
v 6.708972 -3.899585 75.494550
v -1.893729 -7.375182 54.563770
v -1.698566 -23.002720 57.130640
v 6.447863 -6.172599 59.649240
v 0.914915 -20.424710 58.030430
v -0.200996 -38.183870 70.236950
v -0.073969 -39.880470 78.175770
v 8.788877 -33.337260 81.882820
v 5.933347 3.967388 59.603180
v -1.969074 0.006054 53.354340
v 9.448403 12.631890 67.529890
v 7.891144 4.087245 64.377410
v 4.548505 4.710516 73.069880
v 7.023741 15.877560 74.285600
v 13.317020 18.718980 64.728710
v 12.898320 13.023040 57.136540
v 9.861064 11.912500 65.772910
v 7.985562 7.149703 56.973520
v 4.243906 8.614287 59.148560
v 8.170126 10.376840 61.478530
v 10.655550 27.509910 72.043020
v 10.121090 17.653370 69.220970
v 12.869330 26.589280 63.786960
v 14.447470 19.726610 56.219670
v 12.754810 19.564330 47.145530
v 2.255242 20.780790 57.286350
v 3.052477 17.115380 49.704670
v 5.441626 24.442250 78.820190
v 0.570922 29.250980 78.644650
v 5.448450 28.369510 77.265780
v 0.232732 25.409110 79.965160
v 7.743591 31.166470 73.373860
v 4.054632 32.798560 73.701580
v 1.017497 34.645970 70.299650
v 4.937112 30.650550 60.635080
v 8.796600 28.484000 60.872250
v 5.633750 28.352790 56.276740
v 10.521820 23.729990 46.135310
v 11.177620 24.012330 53.844370
v 6.121494 25.212020 52.389110
v 6.037843 24.795610 45.406440
v 1.014354 34.174530 67.221050
v 0.864385 32.293820 60.379880
v 6.549308 29.327620 39.070340
v 7.783638 20.184690 35.676260
v 11.237750 15.407960 46.945060
v 10.954110 24.053950 37.565980
v 7.866383 11.085320 46.866170
v 4.479743 24.111520 36.886390
v 11.054710 24.691750 34.947380
v 7.971208 20.415330 34.054530
v 4.485128 24.041950 33.959060
v 7.296384 29.371760 34.450790
v 5.840077 -27.859460 119.681000
v 5.198858 -24.621910 116.369800
v 6.131267 -28.395490 116.731000
v 6.668336 -33.388690 116.529200
v 5.930958 -32.041720 119.892500
v 5.867551 -31.527310 121.933900
v 3.249124 -23.511970 123.489100
v 4.619331 -23.769210 121.389900
v 4.933829 -27.087840 123.653700
v 5.753372 -37.669400 116.395700
v 5.259769 -33.106240 113.606900
v 4.492234 -36.831490 113.690000
v 2.241676 -28.988120 111.553100
v -0.541857 -30.593890 111.294700
v -0.711739 -32.449820 111.259900
v 2.377493 -36.343200 112.920400
v 3.185475 -28.689430 107.124100
v -0.416742 -31.238650 105.849900
v -0.412366 -30.338020 108.835200
v 4.621526 -27.233260 112.881500
v 5.708995 -23.008080 108.977200
v 8.857145 -25.869180 98.231150
v 6.266475 -31.854790 97.687780
v 4.202451 -18.322800 101.455500
v 7.703789 -21.492240 99.719630
v 3.399471 -19.230910 111.312600
v -0.771906 -21.911000 124.050600
v 2.920647 -21.625760 122.386500
v 1.231216 -24.565720 125.927000
v 5.366716 -36.227330 118.631100
v 5.445946 -36.669970 119.731500
v 5.626183 -34.564850 120.503000
v 3.230880 -34.488220 125.505300
v 3.397703 -30.420910 126.579700
v 5.422212 -30.300830 124.313000
v 5.649514 -32.952420 123.622500
v 2.827816 -37.775860 123.884600
v -0.660097 -38.525480 124.728000
v -0.682973 -34.922700 126.263600
v 3.586694 -38.425960 118.883900
v 4.707458 -36.454180 120.969500
v 1.880381 -46.126140 116.089400
v 1.478207 -47.031220 117.277000
v 2.823463 -39.322640 120.300900
v -0.602931 -48.186710 115.470900
v -0.597980 -48.720330 117.161400
v 1.060507 -47.415890 115.588200
v -0.625644 -45.210240 112.055500
v 1.780841 -45.097870 112.561800
v 2.504171 -40.140260 113.115300
v -0.669251 -38.626810 112.638900
v -0.739490 -26.382020 127.094700
v 2.933076 -29.288180 127.016500
v 1.755089 -47.091630 114.495700
v -0.603683 -48.179780 114.603300
v 1.391295 -46.289420 113.341600
v 4.933829 -27.087840 123.653700
v 4.619331 -23.769210 121.389900
v 5.848979 -26.941620 122.619100
v 7.739852 -24.269030 124.768100
v 6.699766 -20.630580 124.039000
v 9.939651 -21.395340 125.314000
v 13.216280 -16.736210 124.196200
v 7.244579 -19.911600 122.481300
v 10.957460 -19.798900 121.755100
v 9.939651 -21.395340 125.314000
v 9.086546 -22.637490 119.927100
v 6.981932 -26.491100 119.433000
v 7.739852 -24.269030 124.768100
v 5.848979 -26.941620 122.619100
v 5.840077 -27.859460 119.681000
v 4.933829 -27.087840 123.653700
v 5.840077 -27.859460 119.681000
v 1.431946 -14.980130 36.915060
v 2.870140 -13.353460 30.495840
v 5.595459 -11.184930 31.269060
v 5.574886 -12.155360 37.513460
v 4.348570 -19.788740 34.643990
v 4.895744 -16.017030 29.688700
v 8.462156 -15.836760 36.660570
v 7.246740 -13.713780 30.460940
v 5.619970 -12.538270 39.540450
v 1.561700 -16.141790 39.432460
v 4.203958 -20.814770 38.149000
v 8.175492 -16.661150 38.570100
v 4.388636 -20.606480 42.905010
v 7.611763 -18.199650 43.799760
v 5.824247 -13.387060 44.337590
v 0.914915 -20.424710 58.030430
v 6.193282 -14.547120 58.283910
v 2.052446 -16.846450 43.573460
v 11.067380 15.533030 11.396640
v 8.468570 14.312440 14.228460
v 8.284047 12.048590 5.886814
v 10.979580 14.309070 5.207381
v 7.816700 27.349900 32.278020
v 6.859920 20.997680 26.883970
v 9.053002 23.708320 26.128580
v 9.391348 18.833980 27.984080
v 11.217660 13.330390 16.543850
v 11.412710 10.698080 13.412280
v 11.786540 9.141367 8.730438
v 11.786540 9.141367 8.730438
v 13.482470 14.666290 14.321470
v 11.075290 17.184060 12.009850
v 1.019125 34.225630 71.641010
v 0.782951 31.611690 76.698160
v 0.944950 33.467630 76.933990
v 4.054632 32.798560 73.701580
v 0.782951 31.611690 76.698160
v 1.148101 35.693640 71.264630
v 1.019125 34.225630 71.641010
v 5.431448 37.147130 75.133640
v 4.643905 39.701060 78.565840
v 1.713487 42.242880 76.320980
v 11.196530 21.653290 27.106870
v 8.841493 -5.037789 73.388210
v 4.853539 -2.751338 79.750180
v 8.488730 3.059637 71.319870
v -0.924159 13.828790 80.368330
v -0.411922 20.356000 81.758730
v 6.413433 18.591970 76.314550
v 5.819009 12.687910 75.863940
v -2.209998 -5.181723 88.776310
v -2.103674 -0.884170 84.270810
v 5.246058 -7.729290 83.305580
v 8.700850 -8.297351 77.380350
v 4.787056 4.848720 77.105930
v 9.795732 14.149560 71.450110
v -2.134665 -6.195496 93.847180
v 11.005400 -7.038476 69.262820
v 11.041420 -10.546300 76.515330
v 10.265990 3.426226 66.394810
v 14.391610 19.104890 69.480970
v 12.215580 11.062700 66.594370
v 8.453480 -11.956560 83.769480
v 9.749289 25.753080 78.723680
v 7.965734 -15.120960 85.831850
v -1.625306 -14.672670 92.455330
v -1.868209 -10.740630 87.769790
v 8.961061 -18.036050 89.092800
v -0.713587 -30.243720 127.149000
v 5.304480 -36.095280 122.486300
v 13.630000 -7.206105 128.973400
v 14.204780 -6.889786 132.532500
v 15.911990 -5.360900 131.936500
v 15.469030 -5.657751 127.710200
v 12.429780 -5.180247 128.003600
v 13.164570 -4.935614 131.751700
v 15.280260 -3.471842 129.622100
v 13.901760 -4.092570 126.619600
v 12.147620 -9.750101 126.941200
v 14.003010 -9.166032 125.472900
v 10.457790 -8.703238 125.395000
v 11.907380 -8.346923 123.981100
v 11.733400 -14.861460 125.813000
v 8.737257 -13.924970 125.677900
v 9.937524 -13.529950 127.353300
v 9.052767 -14.192440 123.917800
v 7.694704 -20.446090 127.408900
v 4.778847 -19.511710 127.828200
v 6.847786 -18.835290 129.247500
v 5.329558 -20.715820 125.162600
v 15.250520 -4.652876 136.069900
v 13.011430 -4.374582 135.042600
v 13.862530 -5.497741 135.851200
v 11.404250 -4.895134 140.780900
v 15.120940 -4.071114 132.793300
v 14.406090 -3.392339 136.521200
v 12.445960 16.601720 152.069000
v 16.723330 7.634600 143.300000
v 15.242210 6.040773 143.628200
v 14.292370 7.994824 142.959400
v 15.850380 8.880547 142.843300
v 16.217300 3.689431 137.429000
v 17.831130 4.943436 137.454600
v 15.081410 5.287205 137.007300
v 16.894650 6.547760 136.691400
v 16.618540 -0.262543 132.811900
v 18.261390 0.371127 132.016000
v 14.821380 0.862791 131.710100
v 16.551770 1.284061 130.401900
v 15.911990 -5.360900 131.936500
v 13.164570 -4.935614 131.751700
v 15.120940 -4.071114 132.793300
v 15.280260 -3.471842 129.622100
v 7.643105 -21.016290 128.843100
v 4.933829 -27.087840 123.653700
v 2.933076 -29.288180 127.016500
v 5.345294 -23.481800 130.562400
v 3.226487 -20.224030 129.621300
v 1.231216 -24.565720 125.927000
v 7.071064 -19.075830 138.244500
v 6.901497 -18.741530 130.704700
v 5.329558 -20.715820 125.162600
v 3.249124 -23.511970 123.489100
v 7.694704 -20.446090 127.408900
v 4.778847 -19.511710 127.828200
v 6.847786 -18.835290 129.247500
v 5.221623 4.189724 66.237670
v 5.632021 -5.991024 69.248130
v 11.005400 -7.038476 69.262820
v 10.265990 3.426226 66.394810
v 12.215580 11.062700 66.594370
v -1.767892 -12.513130 83.946850
v 11.041420 -10.546300 76.515330
v 5.632021 -5.991024 69.248130
v 4.482434 24.269310 75.969370
v 7.425457 18.730930 68.966130
v 14.391610 19.104890 69.480970
v 9.749289 25.753080 78.723680
v -2.134665 -6.195496 93.847180
v 4.514373 -10.185210 89.331570
v 8.453480 -11.956560 83.769480
v 2.255242 20.780790 57.286350
v 0.102328 23.535420 57.390010
v -0.874761 10.794730 54.731580
v -0.647631 -40.774200 121.544900
v -1.199913 5.796833 53.758610
v -0.603466 -47.733700 118.550500
v 2.915488 -41.551970 114.074900
v 3.773119 -41.614940 116.306900
v -0.250795 -36.416160 97.177640
v -0.606650 -47.847280 113.692500
v 5.827887 -4.041211 7.344525
v 4.749059 -4.528272 3.009795
v 8.942444 -5.353534 7.377857
v 3.574912 -6.527446 7.156670
v 5.949681 -6.764268 3.929034
v 8.874798 -5.374942 0.250450
v 4.035079 -12.964010 0.096148
v 3.325659 -8.326437 0.107139
v 12.726160 -15.244420 0.280253
v 7.497309 -11.466850 9.028819
v 12.326700 -8.553849 0.310284
v 9.328704 -12.917610 0.216673
v 6.355264 -7.325498 0.181812
v 9.358174 -17.035780 0.193273
v 6.328521 -6.616460 13.760800
v 3.355410 -9.396523 15.216080
v 3.574912 -6.527446 7.156670
v 5.827887 -4.041211 7.344525
v 5.876605 -12.177120 16.153340
v 2.870140 -13.353460 30.495840
v 4.895744 -16.017030 29.688700
v 6.440952 -11.522840 12.214780
v 7.244835 -9.391287 8.762458
v 7.244835 -9.391287 8.762458
v 8.348055 -9.782266 15.360930
v 8.942444 -5.353534 7.377857
v 6.276706 -6.218487 15.208420
v 7.246740 -13.713780 30.460940
v 5.595459 -11.184930 31.269060
v 0.914915 -20.424710 58.030430
v -1.698566 -23.002720 57.130640
v -0.505032 -34.632890 63.250320
v 10.127230 -19.632920 90.784920
v -1.547818 -15.753780 96.153730
v 11.234000 -23.861870 86.517970
v -1.159023 -16.123760 114.053600
v 3.140138 -20.526280 118.460000
v -0.795468 -18.894770 119.914800
v 0.536337 28.961050 84.838520
v 0.536337 28.961050 84.838520
v 0.234591 25.409030 78.710450
v -1.866861 6.114544 81.050940
v 10.825190 25.395180 55.980630
v 0.102328 23.535420 57.390010
v 1.676544 41.935780 83.101040
v 1.521324 39.980800 72.476070
v 4.514373 -10.185210 89.331570
v 11.005400 -7.038476 69.262820
v -1.500961 -15.246440 103.481500
v -0.625676 -44.279340 119.678600
v -0.689970 -35.634940 111.804000
v 13.962710 12.495790 5.861609
v 10.750700 23.119700 74.714310
v 11.654830 20.804300 73.902570
v 13.516700 21.644410 69.997230
v 13.405950 23.246240 70.130420
v 11.165210 23.072300 75.078120
v 13.910540 23.260190 70.382290
v 14.021290 21.658350 70.249090
v 12.083050 20.685180 74.249920
v 13.405950 23.246240 70.130420
v 13.516700 21.644410 69.997230
v 10.750700 23.119700 74.714310
v 13.405950 23.246240 70.130420
v 10.750700 23.119700 74.714310
v 11.165210 23.072300 75.078120
v 13.516700 21.644410 69.997230
v 11.654830 20.804300 73.902570
v 12.138730 19.279320 71.859740
v 12.590550 18.171470 70.780620
v 13.440270 17.399190 69.440700
v 13.434050 19.005890 69.560500
v 12.550310 19.109660 72.206230
v 13.918690 18.986290 69.848540
v 13.924920 17.379590 69.728750
v 13.002130 18.001810 71.127140
v 13.434050 19.005890 69.560500
v 13.440270 17.399190 69.440700
v 12.138730 19.279320 71.859740
v 13.434050 19.005890 69.560500
v 13.002130 18.001810 71.127140
v 12.590550 18.171470 70.780620
v 12.138730 19.279320 71.859740
v 12.550310 19.109660 72.206230
v 13.440270 17.399190 69.440700
v 12.590550 18.171470 70.780620
v 12.743820 24.215830 55.839540
v 14.024280 23.723050 58.402290
v 13.765070 20.242280 58.703780
v 12.393560 19.512210 56.246950
v 16.047330 17.612280 59.088810
v 15.477610 15.958230 56.767250
v 19.534140 17.373670 59.331830
v 20.189410 15.635800 57.095640
v 23.768840 18.733770 57.039780
v 22.182980 19.666220 59.290470
v 22.442190 23.147000 58.988990
v 24.119100 23.437400 56.632360
v 20.159930 25.777000 58.603960
v 21.035040 26.991370 56.112070
v 16.673120 26.015600 58.360940
v 16.323250 27.313810 55.783670
v 14.837450 19.518250 49.099170
v 15.069060 22.628330 48.829800
v 12.955110 23.876570 51.918830
v 12.602480 19.141190 52.329000
v 16.876650 17.168340 49.443200
v 15.707350 15.563230 52.852790
v 20.450940 15.238630 53.183410
v 22.358880 19.003560 49.623400
v 19.992130 16.955140 49.660340
v 24.054530 18.357510 53.127160
v 22.590480 22.113630 49.354010
v 24.407170 23.092890 52.717000
v 20.551270 24.463540 49.009990
v 21.302290 26.670840 52.193190
v 16.558700 26.995460 51.862580
v 17.435800 24.676740 48.792850
v 18.801030 20.690580 47.854190
v 15.154990 22.499250 47.384830
v 14.923020 19.384290 47.654640
v 16.965420 17.030690 47.999200
v 20.085780 16.817170 48.216690
v 22.456220 18.868780 48.179680
v 22.688190 21.983740 47.909870
v 20.645780 24.337330 47.565310
v 17.525430 24.550860 47.347830
v 13.154850 24.166860 58.501160
v 13.149570 24.258780 60.004250
v 12.841570 20.122890 60.362500
v 12.841160 19.954630 58.866000
v 15.553380 16.997900 60.819990
v 15.603030 16.771960 59.331940
v 19.696440 16.714380 61.108750
v 19.822560 16.483210 59.626030
v 22.843820 19.438430 61.059620
v 23.028030 19.257530 59.576000
v 23.151810 23.574320 60.701380
v 23.341710 23.469760 59.211150
v 20.440000 26.699300 60.243880
v 20.579850 26.652430 58.745200
v 16.296940 26.982820 59.955130
v 16.360310 26.941170 58.451120
v 14.024280 23.723050 58.402290
v 13.154850 24.166860 58.501160
v 12.841160 19.954630 58.866000
v 13.765070 20.242280 58.703780
v 15.603030 16.771960 59.331940
v 16.047330 17.612280 59.088810
v 19.822560 16.483210 59.626030
v 19.534140 17.373670 59.331830
v 23.028030 19.257530 59.576000
v 22.182980 19.666220 59.290470
v 23.341710 23.469760 59.211150
v 22.442190 23.147000 58.988990
v 20.579850 26.652430 58.745200
v 20.159930 25.777000 58.603960
v 16.360310 26.941170 58.451120
v 16.673120 26.015600 58.360940
v 15.069060 22.628330 48.829800
v 14.837450 19.518250 49.099170
v 14.923020 19.384290 47.654640
v 15.154990 22.499250 47.384830
v 16.876650 17.168340 49.443200
v 16.965420 17.030690 47.999200
v 19.992130 16.955140 49.660340
v 20.085780 16.817170 48.216690
v 22.358880 19.003560 49.623400
v 22.456220 18.868780 48.179680
v 22.590480 22.113630 49.354010
v 22.688190 21.983740 47.909870
v 20.551270 24.463540 49.009990
v 20.645780 24.337330 47.565310
v 17.435800 24.676740 48.792850
v 17.525430 24.550860 47.347830
v 14.075430 23.877820 61.442320
v 16.566910 26.034190 61.403430
v 13.831620 20.603840 61.725900
v 14.256880 23.653710 59.207600
v 14.075430 23.877820 61.442320
v 13.831620 20.603840 61.725900
v 14.015580 20.413350 59.488270
v 15.978290 18.130080 62.088050
v 16.140210 17.965000 59.846700
v 19.257960 17.905650 62.316640
v 19.386190 17.742870 60.072940
v 21.749430 20.062010 62.277750
v 21.852080 19.877080 60.034450
v 21.993240 23.336000 61.994170
v 22.093380 23.117440 59.753780
v 19.846570 25.809760 61.632020
v 19.968750 25.565790 59.395340
v 16.566910 26.034190 61.403430
v 16.722780 25.787930 59.169120
v 18.189030 14.681530 36.538940
v 18.640190 18.248980 40.399740
v 20.453200 16.433450 35.964540
v 18.610520 15.309570 31.317450
v 19.039540 18.770580 35.212770
v 18.189030 14.681530 36.538940
v 19.039540 18.770580 35.212770
v 21.993240 23.336000 61.994170
v 19.257960 17.905650 62.316640
v 15.978290 18.130080 62.088050
v 19.846570 25.809760 61.632020
v 21.749430 20.062010 62.277750
v 13.149570 24.258780 60.004250
v 16.296940 26.982820 59.955130
v 12.841570 20.122890 60.362500
v 23.151810 23.574310 60.701390
v 19.696440 16.714390 61.108730
v 15.553380 16.997910 60.819980
v 20.440000 26.699300 60.243890
v 22.843830 19.438430 61.059630
v -15.135970 46.250160 5.311971
v -18.382170 45.012660 6.080644
v -15.287730 46.327890 2.984863
v -12.897670 43.478180 5.743275
v -19.126020 44.715250 0.153010
v -15.985710 43.856500 3.816266
v -13.073380 43.024550 -0.025481
v -20.776660 34.255780 -0.186214
v -21.818050 40.872010 0.069174
v -17.191780 39.125750 9.699668
v -17.955490 37.255630 -0.134863
v -16.247250 43.351750 0.048247
v -17.103080 33.229630 -0.294547
v -9.219847 -36.186120 62.605440
v -10.243670 -34.026210 72.669200
v -4.799258 -34.084820 63.729810
v -14.747180 -26.465390 61.928650
v -13.285240 -25.745920 71.304080
v -15.067510 -16.902710 71.061610
v -10.140190 -16.183420 60.072160
v -13.875860 -25.502130 79.824840
v -10.900630 -11.219530 80.602860
v -13.929170 -20.447490 80.915100
v -13.192420 -5.211854 66.578970
v -10.772820 -4.000051 75.392530
v -10.301450 -6.268858 59.551490
v -4.404351 -27.666200 56.839930
v -9.672955 -34.490240 81.737580
v -9.680727 4.362754 59.571110
v -11.018470 14.165840 67.292790
v -8.311017 5.036133 73.043460
v -11.648000 4.581997 64.337270
v -8.291301 16.947400 74.138130
v -13.627080 22.374390 63.682040
v -11.242120 13.625690 63.730580
v -13.833450 21.989110 54.341640
v -9.521259 16.587870 51.049890
v -9.716664 12.759880 59.099090
v -6.039052 12.312240 55.221500
v -11.286690 20.690520 68.234020
v -9.866228 28.208860 73.217920
v -12.412800 29.390370 67.193490
v -14.790680 28.428720 56.726060
v -14.060770 31.865100 47.505150
v -2.429649 24.510330 56.875210
v -4.396390 28.231180 47.781380
v -5.055776 25.360970 78.804580
v -4.375726 29.229310 77.251170
v -6.256006 32.277690 73.537420
v -2.224117 33.347810 73.692270
v -3.500331 35.082630 67.482770
v -7.836888 33.942270 67.076420
v -10.667800 33.344300 58.733160
v -5.211375 35.525910 59.828950
v -11.590390 36.011310 47.761430
v -6.320492 34.709490 54.433140
v -11.336810 33.276410 55.797670
v -7.129088 37.069810 46.895840
v -7.891293 43.605240 42.694160
v -10.253530 36.373910 36.468080
v -12.867000 39.432820 39.990410
v -12.937920 28.000410 45.655700
v -6.515545 39.447100 38.561650
v -9.979463 23.855210 43.625350
v -10.540100 37.731090 34.514690
v -13.137510 41.404520 37.397920
v -6.744559 40.688930 35.834860
v -9.013924 45.234200 39.050160
v -7.310734 -27.947520 119.691700
v -7.599519 -28.487430 116.742200
v -6.718317 -24.701710 116.379400
v -8.069999 -33.487370 116.541200
v -7.345251 -32.130620 119.903300
v -7.285419 -31.615390 121.944600
v -4.772042 -23.565670 123.495600
v -6.408439 -27.163790 123.662900
v -6.142095 -23.841270 121.398700
v -7.098001 -37.755450 116.406100
v -6.670091 -33.186130 113.616600
v -5.852604 -36.900750 113.698400
v -3.417706 -29.175790 111.610500
v -3.745847 -36.384200 112.925400
v -4.244328 -29.132820 107.268700
v -7.351588 -23.787490 109.231500
v -5.876132 -27.581360 112.987900
v -10.573570 -27.071050 98.444950
v -7.271807 -32.692190 97.836750
v -6.821868 -19.004690 101.576800
v -5.418658 -19.757140 111.484300
v -9.940159 -22.583590 99.913780
v -2.736240 -24.592290 125.930200
v -4.470650 -21.675250 122.392500
v -6.727060 -36.308300 118.640900
v -7.005726 -34.649430 120.513300
v -6.798563 -36.751960 119.741400
v -4.603525 -34.540680 125.511700
v -6.852674 -30.383030 124.323000
v -4.823052 -30.475950 126.586400
v -7.045569 -33.037430 123.632800
v -4.159103 -37.822640 123.890300
v -4.917341 -38.482890 118.890800
v -6.061026 -36.526280 120.978300
v -2.696418 -47.059160 117.280400
v -3.112601 -46.159560 116.093500
v -4.139869 -39.369270 120.306500
v -2.276342 -47.438220 115.590900
v -3.821349 -40.182610 113.120400
v -3.032587 -45.130110 112.565800
v -4.372929 -29.337100 127.022400
v -2.976999 -47.123310 114.499600
v -2.625842 -46.316320 113.344900
v -6.408439 -27.163790 123.662900
v -7.327147 -27.029840 122.629800
v -6.142095 -23.841270 121.398700
v -9.250143 -24.382800 124.781900
v -8.260060 -20.730750 124.051200
v -11.487340 -21.538820 125.331400
v -14.827880 -16.923990 124.219000
v -8.816987 -20.019140 122.494400
v -12.532220 -19.956180 121.774200
v -11.487340 -21.538820 125.331400
v -10.626440 -22.769490 119.943100
v -8.471214 -26.594570 119.445600
v -9.250143 -24.382800 124.781900
v -7.327147 -27.029840 122.629800
v -7.310734 -27.947520 119.691700
v -6.408439 -27.163790 123.662900
v -7.310734 -27.947520 119.691700
v -5.096496 -30.848470 35.478820
v -8.289538 -27.816820 28.857490
v -6.361105 -30.818300 28.849440
v -8.199664 -26.912090 34.958790
v -9.116150 -32.881360 28.797750
v -12.075120 -29.646200 35.221480
v -9.409137 -35.030640 34.660760
v -10.647950 -29.867770 28.777500
v -8.238549 -26.593800 36.989970
v -5.414463 -31.047410 38.219520
v -9.366142 -34.795080 38.515490
v -11.931990 -29.858590 37.298160
v -11.540530 -29.494400 42.705690
v -9.210361 -32.888830 42.878860
v -8.406715 -25.542320 41.607580
v -4.404351 -27.666200 56.839930
v -9.292163 -21.596850 55.213640
v -5.850102 -29.987690 42.300700
v -14.008360 46.937540 11.474570
v -12.897670 43.478180 5.743275
v -11.512940 45.197190 14.208050
v -15.135970 46.250160 5.311971
v -9.638977 44.853760 36.663750
v -9.303082 42.952850 28.500680
v -11.210380 45.744530 29.639320
v -12.042940 40.779850 28.233880
v -14.310470 43.917930 16.317950
v -15.416560 42.237410 13.341250
v -16.751160 41.164460 8.685937
v -16.751160 41.164460 8.685937
v -16.354130 46.278100 14.850720
v -13.592180 49.036960 13.287960
v -13.552930 43.699060 29.317780
v -2.224117 33.347810 73.692270
v -2.829225 37.869770 75.121370
v -1.620353 40.249050 78.556550
v -12.867490 -5.162553 73.261510
v -12.323070 3.586613 71.277100
v -8.980290 -2.830843 79.669460
v -7.324897 19.539100 76.207090
v -7.538853 13.608800 75.759460
v -9.315960 -8.631145 83.341610
v -12.703410 -9.622961 77.433300
v -8.557539 5.186620 77.078520
v -11.224480 15.680470 71.223490
v -14.960180 -7.187702 69.111280
v -14.752840 -12.143790 76.579140
v -14.060860 4.042205 66.344830
v -13.966190 13.036930 66.279270
v -14.769220 21.656990 69.437610
v -11.974940 -13.221730 83.820020
v -9.069952 27.400100 78.695690
v -11.090300 -16.301130 85.879000
v -11.720110 -19.338580 89.144610
v -6.660323 -36.175410 122.496000
v -15.361430 -7.400236 128.996900
v -17.663090 -5.585725 131.963800
v -15.934590 -7.091596 132.557000
v -17.223080 -5.876658 127.736800
v -14.190020 -5.358496 128.025300
v -14.921920 -5.123686 131.774500
v -17.060490 -3.688393 129.648400
v -15.678690 -4.290642 126.643600
v -13.848420 -9.924173 126.962300
v -15.713850 -9.365018 125.497100
v -12.175280 -8.854787 125.413400
v -13.631800 -8.517931 124.001800
v -13.367610 -15.029530 125.833400
v -10.384510 -14.053010 125.693500
v -11.587230 -13.674070 127.370800
v -10.699270 -14.324700 123.933800
v -9.251895 -20.559560 127.422700
v -6.348140 -19.586210 127.837200
v -8.423639 -18.937540 129.259900
v -6.887012 -20.797620 125.172500
v -17.004440 -4.868857 136.096100
v -14.770960 -4.560613 135.065200
v -15.605620 -5.695059 135.875200
v -13.147620 -5.059538 140.800800
v -16.887990 -4.285450 132.819300
v -16.176240 -3.597121 136.546100
v -14.458760 16.421560 152.090800
v -17.127050 5.824069 143.654500
v -18.629910 7.397916 143.328700
v -16.204560 7.790616 142.984200
v -17.774480 8.655388 142.870700
v -18.080640 3.459771 137.456900
v -19.711080 4.692054 137.485100
v -16.966940 5.072604 137.033300
v -18.797410 6.308721 136.720400
v -18.436440 -0.497278 132.840400
v -20.088920 0.114328 132.047200
v -16.656310 0.652019 131.735700
v -18.394310 1.050060 130.430300
v -17.663090 -5.585725 131.963800
v -14.921920 -5.123686 131.774500
v -16.887990 -4.285450 132.819300
v -17.060490 -3.688393 129.648400
v -9.190337 -21.129010 128.856800
v -4.372929 -29.337100 127.022400
v -6.408439 -27.163790 123.662900
v -6.856918 -23.563500 130.572300
v -4.783463 -20.277670 129.627800
v -2.736240 -24.592290 125.930200
v -8.629038 -19.180960 138.257300
v -8.476232 -18.844500 130.717200
v -6.887012 -20.797620 125.172500
v -4.772042 -23.565670 123.495600
v -9.251895 -20.559560 127.422700
v -6.348140 -19.586210 127.837200
v -8.423639 -18.937540 129.259900
v -8.983768 4.549420 66.208480
v -14.960180 -7.187702 69.111280
v -9.599381 -6.078560 69.159240
v -14.060860 4.042205 66.344830
v -13.966190 13.036930 66.279270
v -9.599381 -6.078560 69.159240
v -14.752840 -12.143790 76.579140
v -4.132798 25.023310 75.956560
v -14.769220 21.656990 69.437610
v -7.972439 20.078530 68.943220
v -9.069952 27.400100 78.695690
v -8.257137 -10.976170 89.363160
v -11.974940 -13.221730 83.820020
v -2.429649 24.510330 56.875210
v -5.065233 -41.674120 116.314000
v -4.212160 -41.599690 114.080700
v -8.433086 -31.295050 5.046484
v -11.795940 -32.319410 5.604387
v -8.499348 -31.056860 3.016051
v -6.386590 -34.072020 5.998509
v -12.385770 -32.408180 0.113959
v -9.421263 -33.443370 3.876740
v -6.578902 -39.287000 0.060101
v -6.492183 -34.596820 0.132025
v -14.891690 -42.700370 -0.064018
v -15.385200 -36.016720 0.033107
v -11.164820 -37.928730 9.817320
v -11.832950 -39.943530 0.004427
v -9.628682 -34.006900 0.113688
v -11.314650 -44.028730 -0.053055
v -8.550052 -30.336020 10.092990
v -6.386590 -34.072020 5.998509
v -6.549936 -31.665430 13.409600
v -8.433086 -31.295050 5.046484
v -9.745382 -32.701370 15.312200
v -6.361105 -30.818300 28.849440
v -9.116150 -32.881360 28.797750
v -10.310200 -34.502450 12.546180
v -10.623900 -35.900550 8.754915
v -10.623900 -35.900550 8.754915
v -11.795940 -32.319410 5.604387
v -11.401270 -30.494260 13.000820
v -8.354881 -28.265060 11.294070
v -10.647950 -29.867770 28.777500
v -8.289538 -27.816820 28.857490
v -4.404351 -27.666200 56.839930
v -12.668130 -21.068610 90.842020
v -13.257160 -25.404360 86.579320
v -4.711234 -20.578850 118.466400
v -8.257137 -10.976170 89.363160
v -14.960180 -7.187702 69.111280
v -18.382170 45.012660 6.080644
v -10.638490 23.318550 74.977360
v -13.296170 23.981120 71.033940
v -11.791920 22.856320 73.867680
v -12.898800 25.497730 71.405270
v -11.060690 23.248340 75.339410
v -13.779710 24.038050 71.318860
v -13.382350 25.554660 71.690190
v -12.235340 22.813480 74.213760
v -13.296170 23.981120 71.033940
v -12.898800 25.497730 71.405270
v -12.898800 25.497730 71.405270
v -10.638490 23.318550 74.977360
v -10.638490 23.318550 74.977360
v -11.060690 23.248340 75.339410
v -11.791920 22.856320 73.867680
v -13.296170 23.981120 71.033940
v -12.527320 21.438050 71.823060
v -13.993730 19.933050 69.823950
v -13.161530 20.425250 70.742320
v -13.698840 21.474150 70.189970
v -12.963130 21.342550 72.168300
v -14.462120 19.948100 70.137990
v -14.167230 21.489190 70.504010
v -13.597340 20.329750 71.087570
v -13.993730 19.933050 69.823950
v -13.698840 21.474150 70.189970
v -13.698840 21.474150 70.189970
v -12.527320 21.438050 71.823060
v -13.597340 20.329750 71.087570
v -12.527320 21.438050 71.823060
v -13.161530 20.425250 70.742320
v -12.963130 21.342550 72.168300
v -13.161530 20.425250 70.742320
v -13.993730 19.933050 69.823950
v -14.009270 30.845710 57.669510
v -14.797450 25.921400 58.076830
v -14.439590 28.938710 59.820850
v -14.492880 26.768360 55.312780
v -17.300720 23.482470 57.833670
v -17.875590 23.472590 54.984180
v -20.483010 23.050610 59.233810
v -22.175880 22.889020 56.876230
v -24.874690 25.359490 59.880580
v -22.122300 27.896130 63.201100
v -22.480170 24.878810 61.457070
v -24.391080 29.436840 62.237300
v -19.619030 30.335050 63.444250
v -21.008370 32.732620 62.565890
v -16.436750 30.766900 62.044110
v -16.708080 33.316180 60.673850
v -19.113000 30.798380 50.899510
v -15.570860 32.807050 54.628720
v -18.793230 33.494350 52.457790
v -16.057720 28.702190 52.256100
v -21.349670 28.619190 50.682240
v -19.463270 25.384170 51.925280
v -23.792580 24.796660 53.830100
v -25.977520 29.866830 53.919770
v -24.193050 28.233340 51.933270
v -26.509600 27.283810 56.854720
v -25.657770 32.562810 55.478050
v -26.022740 31.388680 59.227360
v -23.421080 34.742000 55.695310
v -22.617190 34.706700 59.558160
v -18.287880 35.294200 57.653340
v -20.577710 35.127850 54.444290
v -22.945400 32.361360 52.125900
v -19.697250 31.513450 49.777340
v -19.376990 34.213660 51.338070
v -21.937430 29.330840 49.559730
v -24.785270 28.944390 50.812730
v -26.572530 30.580440 52.802320
v -26.252270 33.280640 54.363060
v -24.012080 35.463240 54.580650
v -21.164250 35.849710 53.327670
v -13.516320 29.269950 59.797780
v -13.420330 24.899460 58.900010
v -12.995110 28.484660 60.972270
v -13.949400 25.618580 57.687250
v -16.394740 22.001500 58.611080
v -16.978710 22.667120 57.393000
v -20.175970 21.488360 60.274740
v -20.829730 22.144520 59.087370
v -22.549020 23.660660 62.916460
v -23.246580 24.356900 61.777840
v -22.123790 27.245860 64.988720
v -22.813510 28.008280 63.888360
v -19.149380 30.143810 65.277630
v -19.784190 30.959720 64.182610
v -15.368160 30.656950 63.613980
v -15.933180 31.482330 62.488240
v -14.439590 28.938710 59.820850
v -13.949400 25.618580 57.687250
v -13.516320 29.269950 59.797780
v -14.797450 25.921400 58.076830
v -16.978710 22.667120 57.393000
v -17.300720 23.482470 57.833670
v -20.829730 22.144520 59.087370
v -20.483010 23.050610 59.233810
v -23.246580 24.356900 61.777840
v -22.480170 24.878810 61.457070
v -22.813510 28.008280 63.888360
v -22.122300 27.896130 63.201100
v -19.784190 30.959720 64.182610
v -19.619030 30.335050 63.444250
v -15.933180 31.482330 62.488240
v -16.436750 30.766900 62.044110
v -18.793230 33.494350 52.457790
v -19.697250 31.513450 49.777340
v -19.113000 30.798380 50.899510
v -19.376990 34.213660 51.338070
v -21.349670 28.619190 50.682240
v -21.937430 29.330840 49.559730
v -24.193050 28.233340 51.933270
v -24.785270 28.944390 50.812730
v -25.977520 29.866830 53.919770
v -26.572530 30.580440 52.802320
v -25.657770 32.562810 55.478050
v -26.252270 33.280640 54.363060
v -23.421080 34.742000 55.695310
v -24.012080 35.463240 54.580650
v -20.577710 35.127850 54.444290
v -21.164250 35.849710 53.327670
v -13.448660 27.323210 62.203410
v -13.785270 24.485160 60.563010
v -15.327170 29.042800 64.294600
v -14.401150 28.414250 60.477280
v -13.785270 24.485160 60.563010
v -13.448660 27.323210 62.203410
v -14.734300 25.605340 58.853720
v -16.139820 22.191120 60.334290
v -17.064680 23.334860 58.627350
v -19.133050 21.784930 61.651250
v -20.027170 22.932840 59.930790
v -21.011570 23.504510 63.742440
v -21.886390 24.634760 62.000500
v -20.674960 26.342570 65.382850
v -21.553240 27.443670 63.624060
v -18.320410 28.636610 65.611560
v -19.222870 29.714150 63.850430
v -15.327170 29.042800 64.294600
v -16.260370 30.116180 62.546990
v -23.758560 33.657880 39.885090
v -25.751530 35.768830 40.197510
v -23.653140 35.415380 44.858620
v -24.134860 36.364640 35.372010
v -23.758560 33.657880 39.885090
v -24.022570 38.008890 40.333860
v -24.022570 38.008890 40.333860
v -20.674960 26.342570 65.382850
v -16.139820 22.191120 60.334290
v -19.133050 21.784930 61.651250
v -18.320410 28.636610 65.611560
v -21.011570 23.504510 63.742440
v -12.995110 28.484660 60.972270
v -13.420330 24.899460 58.900010
v -15.368160 30.656950 63.613980
v -22.123800 27.245850 64.988720
v -16.394740 22.001510 58.611090
v -20.175970 21.488370 60.274730
v -19.149380 30.143800 65.277640
v -22.549030 23.660640 62.916460
v 7.405280 6.567823 -0.092527
v -12.726030 38.332730 -0.198930
vt 0.694116 0.746393 0.000000
vt 0.704140 0.736275 0.000000
vt 0.669866 0.745716 0.000000
vt 0.669866 0.745716 0.000000
vt 0.680354 0.736606 0.000000
vt 0.662478 0.718490 0.000000
vt 0.662478 0.718490 0.000000
vt 0.571595 0.718490 0.000000
vt 0.622901 0.764363 0.000000
vt 0.624236 0.718490 0.000000
vt 0.532741 0.718490 0.000000
vt 0.675417 0.718490 0.000000
vt 0.571595 0.718490 0.000000
vt 0.113281 0.451920 0.000000
vt 0.049840 0.475087 0.000000
vt 0.128432 0.503095 0.000000
vt 0.243882 0.464739 0.000000
vt 0.207868 0.509139 0.000000
vt 0.305705 0.527116 0.000000
vt 0.349399 0.457988 0.000000
vt 0.203420 0.567931 0.000000
vt 0.250000 0.567861 0.000000
vt 0.376669 0.592266 0.000000
vt 0.414737 0.516234 0.000000
vt 0.432754 0.576816 0.000000
vt 0.409796 0.414620 0.000000
vt 0.351527 0.415909 0.000000
vt 0.416921 0.465579 0.000000
vt 0.328032 0.423787 0.000000
vt 0.013402 0.493192 0.000000
vt 0.014821 0.515239 0.000000
vt 0.079212 0.535869 0.000000
vt 0.534167 0.476420 0.000000
vt 0.504520 0.414919 0.000000
vt 0.647182 0.536299 0.000000
vt 0.530838 0.513714 0.000000
vt 0.543378 0.575512 0.000000
vt 0.685035 0.585683 0.000000
vt 0.767118 0.505720 0.000000
vt 0.732841 0.444952 0.000000
vt 0.644208 0.513474 0.000000
vt 0.656346 0.441449 0.000000
vt 0.632112 0.439251 0.000000
vt 0.625646 0.476050 0.000000
vt 0.851026 0.568062 0.000000
vt 0.761226 0.542948 0.000000
vt 0.860343 0.523994 0.000000
vt 0.817899 0.447837 0.000000
vt 0.844869 0.408945 0.000000
vt 0.767118 0.505708 0.000000
vt 0.817899 0.447837 0.000000
vt 0.799706 0.609309 0.000000
vt 0.879834 0.633707 0.000000
vt 0.867188 0.610002 0.000000
vt 0.800323 0.631943 0.000000
vt 0.898024 0.588643 0.000000
vt 0.936102 0.605633 0.000000
vt 0.986293 0.582611 0.000000
vt 0.953211 0.549529 0.000000
vt 0.908356 0.538530 0.000000
vt 0.968578 0.492471 0.000000
vt 0.907085 0.411814 0.000000
vt 0.892262 0.450922 0.000000
vt 0.942006 0.452985 0.000000
vt 0.951954 0.413882 0.000000
vt 0.984765 0.556400 0.000000
vt 0.911870 0.539646 0.000000
vt 0.977664 0.369483 0.000000
vt 0.815827 0.345798 0.000000
vt 0.781781 0.401019 0.000000
vt 0.892853 0.356160 0.000000
vt 0.708374 0.401866 0.000000
vt 0.892853 0.356160 0.000000
vt 0.905157 0.330760 0.000000
vt 0.830532 0.326063 0.000000
vt 0.905157 0.330760 0.000000
vt 0.985821 0.335878 0.000000
vt 0.312645 0.937193 0.000000
vt 0.343018 0.921218 0.000000
vt 0.300781 0.916016 0.000000
vt 0.235832 0.905578 0.000000
vt 0.252231 0.934560 0.000000
vt 0.252776 0.947748 0.000000
vt 0.343280 0.968321 0.000000
vt 0.356847 0.953484 0.000000
vt 0.313451 0.965012 0.000000
vt 0.197640 0.902516 0.000000
vt 0.241475 0.890782 0.000000
vt 0.199185 0.885469 0.000000
vt 0.291605 0.878369 0.000000
vt 0.247712 0.863516 0.000000
vt 0.222656 0.863281 0.000000
vt 0.199199 0.876415 0.000000
vt 0.286754 0.848303 0.000000
vt 0.222173 0.836514 0.000000
vt 0.238231 0.852853 0.000000
vt 0.312038 0.894116 0.000000
vt 0.364206 0.862710 0.000000
vt 0.328545 0.808526 0.000000
vt 0.255884 0.800011 0.000000
vt 0.447305 0.837880 0.000000
vt 0.383239 0.828265 0.000000
vt 0.442231 0.884721 0.000000
vt 0.410101 0.990995 0.000000
vt 0.387751 0.964674 0.000000
vt 0.342586 0.977905 0.000000
vt 0.205296 0.923872 0.000000
vt 0.197711 0.931227 0.000000
vt 0.221167 0.935835 0.000000
vt 0.216165 0.975189 0.000000
vt 0.266625 0.979275 0.000000
vt 0.265379 0.962196 0.000000
vt 0.237098 0.959902 0.000000
vt 0.169801 0.964593 0.000000
vt 0.139267 0.979750 0.000000
vt 0.209961 0.995366 0.000000
vt 0.164063 0.923828 0.000000
vt 0.197888 0.937121 0.000000
vt 0.067323 0.896164 0.000000
vt 0.053324 0.905722 0.000000
vt 0.142770 0.932897 0.000000
vt 0.014445 0.891668 0.000000
vt 0.011464 0.903004 0.000000
vt 0.043338 0.891733 0.000000
vt 0.078125 0.853516 0.000000
vt 0.078125 0.867188 0.000000
vt 0.165840 0.873861 0.000000
vt 0.136719 0.857422 0.000000
vt 0.320313 0.996094 0.000000
vt 0.310095 0.979235 0.000000
vt 0.052601 0.882816 0.000000
vt 0.014445 0.884303 0.000000
vt 0.052282 0.871956 0.000000
vt 0.969980 0.917894 0.000000
vt 0.953219 0.926556 0.000000
vt 0.980044 0.924530 0.000000
vt 0.996094 0.949219 0.000000
vt 0.986154 0.956241 0.000000
vt 0.984375 0.970703 0.000000
vt 0.925457 0.997895 0.000000
vt 0.965272 0.958346 0.000000
vt 0.941536 0.967091 0.000000
vt 0.887370 0.971847 0.000000
vt 0.938352 0.946265 0.000000
vt 0.911733 0.921685 0.000000
vt 0.871768 0.951986 0.000000
vt 0.866834 0.930148 0.000000
vt 0.896097 0.913324 0.000000
vt 0.855469 0.923828 0.000000
vt 0.924088 0.914674 0.000000
vt 0.251165 0.308708 0.000000
vt 0.251118 0.277476 0.000000
vt 0.323067 0.274281 0.000000
vt 0.332216 0.304804 0.000000
vt 0.148659 0.299480 0.000000
vt 0.185110 0.272719 0.000000
vt 0.251165 0.308708 0.000000
vt 0.251118 0.277476 0.000000
vt 0.329855 0.332224 0.000000
vt 0.241089 0.330318 0.000000
vt 0.138583 0.325228 0.000000
vt 0.241089 0.330318 0.000000
vt 0.147858 0.355009 0.000000
vt 0.241260 0.358366 0.000000
vt 0.304334 0.362126 0.000000
vt 0.243413 0.450077 0.000000
vt 0.321081 0.426059 0.000000
vt 0.241260 0.358366 0.000000
vt 0.922087 0.099778 0.000000
vt 0.898438 0.130859 0.000000
vt 0.836477 0.048388 0.000000
vt 0.896158 0.025369 0.000000
vt 0.981006 0.308727 0.000000
vt 0.916573 0.277691 0.000000
vt 0.978975 0.262847 0.000000
vt 0.850904 0.274738 0.000000
vt 0.851397 0.157466 0.000000
vt 0.814807 0.128346 0.000000
vt 0.771516 0.083014 0.000000
vt 0.652505 0.764363 0.000000
vt 0.898438 0.130859 0.000000
vt 0.978975 0.125163 0.000000
vt 0.982627 0.602404 0.000000
vt 0.931538 0.626090 0.000000
vt 0.036821 0.815615 0.000000
vt 0.025103 0.792177 0.000000
vt 0.013384 0.815615 0.000000
vt 0.071978 0.776552 0.000000
vt 0.048540 0.778505 0.000000
vt 0.091509 0.801943 0.000000
vt 0.130571 0.825380 0.000000
vt 0.173540 0.811708 0.000000
vt 0.916573 0.277691 0.000000
vt 0.148556 0.154774 0.000000
vt 0.178115 0.198698 0.000000
vt 0.306254 0.147214 0.000000
vt 0.440036 0.237645 0.000000
vt 0.529525 0.246680 0.000000
vt 0.505557 0.192839 0.000000
vt 0.424124 0.188150 0.000000
vt 0.129013 0.268339 0.000000
vt 0.198636 0.242792 0.000000
vt 0.087310 0.206559 0.000000
vt 0.089827 0.175564 0.000000
vt 0.309982 0.189085 0.000000
vt 0.458183 0.157395 0.000000
vt 0.080538 0.289325 0.000000
vt 0.136932 0.130648 0.000000
vt 0.053429 0.159996 0.000000
vt 0.313132 0.117706 0.000000
vt 0.520195 0.151216 0.000000
vt 0.410354 0.122578 0.000000
vt 0.033183 0.214418 0.000000
vt 0.594957 0.200956 0.000000
vt 0.283893 0.610420 0.000000
vt 0.288893 0.639343 0.000000
vt 0.334961 0.641438 0.000000
vt 0.239436 0.625226 0.000000
vt 0.265625 0.996094 0.000000
vt 0.199605 0.949541 0.000000
vt 0.934042 0.786964 0.000000
vt 0.934042 0.822189 0.000000
vt 0.955094 0.817786 0.000000
vt 0.955094 0.782561 0.000000
vt 0.955094 0.782561 0.000000
vt 0.955094 0.817786 0.000000
vt 0.988778 0.802375 0.000000
vt 0.980357 0.769352 0.000000
vt 0.904569 0.769352 0.000000
vt 0.921411 0.758344 0.000000
vt 0.921411 0.758344 0.000000
vt 0.934042 0.742933 0.000000
vt 0.849834 0.753941 0.000000
vt 0.849834 0.753941 0.000000
vt 0.854044 0.769352 0.000000
vt 0.849834 0.736328 0.000000
vt 0.765625 0.760545 0.000000
vt 0.765625 0.760545 0.000000
vt 0.782467 0.778158 0.000000
vt 0.765625 0.740731 0.000000
vt 0.955094 0.855213 0.000000
vt 0.955094 0.855213 0.000000
vt 0.942463 0.850810 0.000000
vt 0.946673 0.897043 0.000000
vt 0.976146 0.830996 0.000000
vt 0.971936 0.861818 0.000000
vt 0.915524 0.896969 0.000000
vt 0.833911 0.862912 0.000000
vt 0.811814 0.868145 0.000000
vt 0.833911 0.862912 0.000000
vt 0.843553 0.855543 0.000000
vt 0.762150 0.832473 0.000000
vt 0.778488 0.827756 0.000000
vt 0.778488 0.827756 0.000000
vt 0.796300 0.818029 0.000000
vt 0.695868 0.803612 0.000000
vt 0.703635 0.789906 0.000000
vt 0.703635 0.789906 0.000000
vt 0.705643 0.776716 0.000000
vt 0.627298 0.801624 0.000000
vt 0.627298 0.801624 0.000000
vt 0.653146 0.809066 0.000000
vt 0.642297 0.782391 0.000000
vt 0.883433 0.824219 0.000000
vt 0.795642 0.791815 0.000000
vt 0.789489 0.806639 0.000000
vt 0.859996 0.833984 0.000000
vt 0.883433 0.824219 0.000000
vt 0.793589 0.789063 0.000000
vt 0.914683 0.876953 0.000000
vt 0.914683 0.832031 0.000000
vt 0.883433 0.785156 0.000000
vt 0.813121 0.781250 0.000000
vt 0.891246 0.802734 0.000000
vt 0.891246 0.802734 0.000000
vt 0.922496 0.812500 0.000000
vt 0.773438 0.650391 0.000000
vt 0.742188 0.650391 0.000000
vt 0.742188 0.662109 0.000000
vt 0.773438 0.662109 0.000000
vt 0.816406 0.662109 0.000000
vt 0.004842 0.158055 0.000000
vt 0.033876 0.140683 0.000000
vt 0.005492 0.143590 0.000000
vt 0.917969 0.640625 0.000000
vt 0.855469 0.640625 0.000000
vt 0.855469 0.662109 0.000000
vt 0.920025 0.662109 0.000000
vt 0.033330 0.183691 0.000000
vt 0.033330 0.168536 0.000000
vt 0.033330 0.153428 0.000000
vt 0.676475 0.407670 0.000000
vt 0.675027 0.396986 0.000000
vt 0.628613 0.411381 0.000000
vt 0.094560 0.951223 0.000000
vt 0.568503 0.420112 0.000000
vt 0.011719 0.914063 0.000000
vt 0.121121 0.881690 0.000000
vt 0.136510 0.902014 0.000000
vt 0.169719 0.796062 0.000000
vt 0.015625 0.873047 0.000000
vt 0.694116 0.746393 0.000000
vt 0.704140 0.736275 0.000000
vt 0.669866 0.745716 0.000000
vt 0.669866 0.745716 0.000000
vt 0.680354 0.736606 0.000000
vt 0.662478 0.718490 0.000000
vt 0.624236 0.718490 0.000000
vt 0.662478 0.718490 0.000000
vt 0.571595 0.718490 0.000000
vt 0.622901 0.764363 0.000000
vt 0.624236 0.718490 0.000000
vt 0.532741 0.718490 0.000000
vt 0.675417 0.718490 0.000000
vt 0.571595 0.718490 0.000000
vt 0.922087 0.099778 0.000000
vt 0.898438 0.130859 0.000000
vt 0.836477 0.048388 0.000000
vt 0.896158 0.025369 0.000000
vt 0.851397 0.157466 0.000000
vt 0.915127 0.263584 0.000000
vt 0.851155 0.261258 0.000000
vt 0.814807 0.128346 0.000000
vt 0.771516 0.083014 0.000000
vt 0.652505 0.764363 0.000000
vt 0.898438 0.130859 0.000000
vt 0.836477 0.048388 0.000000
vt 0.978975 0.125163 0.000000
vt 0.915127 0.263584 0.000000
vt 0.978975 0.256482 0.000000
vt 0.050781 0.432841 0.000000
vt 0.012859 0.432841 0.000000
vt 0.012859 0.472094 0.000000
vt 0.186393 0.644529 0.000000
vt 0.290432 0.654201 0.000000
vt 0.157015 0.575937 0.000000
vt 0.493766 0.901072 0.000000
vt 0.402344 0.939453 0.000000
vt 0.455056 0.956560 0.000000
vt 0.630146 0.261230 0.000000
vt 0.992188 0.662109 0.000000
vt 0.976563 0.640625 0.000000
vt 0.318402 0.235469 0.000000
vt 0.899712 0.472072 0.000000
vt 0.758298 0.512634 0.000000
vt 0.169634 0.858583 0.000000
vt 0.138384 0.784365 0.000000
vt 0.045653 0.255788 0.000000
vt 0.005308 0.136840 0.000000
vt 0.505169 0.852292 0.000000
vt 0.053914 0.934865 0.000000
vt 0.199219 0.863281 0.000000
vt 0.836477 0.048388 0.000000
vt 0.539556 0.812150 0.000000
vt 0.588702 0.812150 0.000000
vt 0.588702 0.777688 0.000000
vt 0.539556 0.777688 0.000000
vt 0.588702 0.812150 0.000000
vt 0.588702 0.777688 0.000000
vt 0.539556 0.777688 0.000000
vt 0.539556 0.812150 0.000000
vt 0.588702 0.769272 0.000000
vt 0.539556 0.769272 0.000000
vt 0.605073 0.812150 0.000000
vt 0.605073 0.777688 0.000000
vt 0.588702 0.818291 0.000000
vt 0.539556 0.818291 0.000000
vt 0.525837 0.777688 0.000000
vt 0.525837 0.812150 0.000000
vt 0.539556 0.812150 0.000000
vt 0.588702 0.812150 0.000000
vt 0.588702 0.777688 0.000000
vt 0.539556 0.777688 0.000000
vt 0.588702 0.812150 0.000000
vt 0.588702 0.777688 0.000000
vt 0.539556 0.777688 0.000000
vt 0.539556 0.812150 0.000000
vt 0.588702 0.769272 0.000000
vt 0.539556 0.769272 0.000000
vt 0.605073 0.812150 0.000000
vt 0.605073 0.777688 0.000000
vt 0.540049 0.812166 0.000000
vt 0.540049 0.818350 0.000000
vt 0.588539 0.818337 0.000000
vt 0.588539 0.812154 0.000000
vt 0.525837 0.777688 0.000000
vt 0.525837 0.812150 0.000000
vt 0.355476 0.070494 0.000000
vt 0.355476 0.097838 0.000000
vt 0.312172 0.097838 0.000000
vt 0.286190 0.070494 0.000000
vt 0.247038 0.097838 0.000000
vt 0.242887 0.070494 0.000000
vt 0.312172 0.097838 0.000000
vt 0.286190 0.070494 0.000000
vt 0.355476 0.070494 0.000000
vt 0.355476 0.097838 0.000000
vt 0.403109 0.097838 0.000000
vt 0.420431 0.070494 0.000000
vt 0.442082 0.097838 0.000000
vt 0.472395 0.070494 0.000000
vt 0.403109 0.097838 0.000000
vt 0.420431 0.070494 0.000000
vt 0.302610 0.006041 0.000000
vt 0.355476 0.006041 0.000000
vt 0.355476 0.033385 0.000000
vt 0.286190 0.033385 0.000000
vt 0.268869 0.006041 0.000000
vt 0.242887 0.033385 0.000000
vt 0.286190 0.033385 0.000000
vt 0.355476 0.006041 0.000000
vt 0.302610 0.006041 0.000000
vt 0.355476 0.033385 0.000000
vt 0.403109 0.006041 0.000000
vt 0.420431 0.033385 0.000000
vt 0.449420 0.006041 0.000000
vt 0.472395 0.033385 0.000000
vt 0.420431 0.033385 0.000000
vt 0.403109 0.006041 0.000000
vt 0.959163 0.037179 0.000000
vt 0.959163 0.062569 0.000000
vt 0.931819 0.056710 0.000000
vt 0.924006 0.037179 0.000000
vt 0.931819 0.019601 0.000000
vt 0.959163 0.011788 0.000000
vt 0.982600 0.019601 0.000000
vt 0.994319 0.037179 0.000000
vt 0.982600 0.056710 0.000000
vt 0.089754 0.092218 0.000000
vt 0.089754 0.103564 0.000000
vt 0.043492 0.103564 0.000000
vt 0.043492 0.092218 0.000000
vt 0.011007 0.103564 0.000000
vt 0.011007 0.092218 0.000000
vt 0.043492 0.103564 0.000000
vt 0.043492 0.092218 0.000000
vt 0.089754 0.103564 0.000000
vt 0.089754 0.092218 0.000000
vt 0.126133 0.103564 0.000000
vt 0.126133 0.092218 0.000000
vt 0.158017 0.103564 0.000000
vt 0.158017 0.092218 0.000000
vt 0.126133 0.103564 0.000000
vt 0.126133 0.092218 0.000000
vt 0.117436 0.106734 0.000000
vt 0.117436 0.111787 0.000000
vt 0.136642 0.111787 0.000000
vt 0.136642 0.106734 0.000000
vt 0.153448 0.111787 0.000000
vt 0.153448 0.106734 0.000000
vt 0.136642 0.111787 0.000000
vt 0.136642 0.106734 0.000000
vt 0.117436 0.111787 0.000000
vt 0.117436 0.106734 0.000000
vt 0.136642 0.111787 0.000000
vt 0.136642 0.106734 0.000000
vt 0.153448 0.111787 0.000000
vt 0.153448 0.106734 0.000000
vt 0.136642 0.111787 0.000000
vt 0.136642 0.106734 0.000000
vt 0.079370 0.103564 0.000000
vt 0.044183 0.103564 0.000000
vt 0.044183 0.092218 0.000000
vt 0.079370 0.092218 0.000000
vt 0.013344 0.103564 0.000000
vt 0.013344 0.092218 0.000000
vt 0.044183 0.103564 0.000000
vt 0.044183 0.092218 0.000000
vt 0.079370 0.103564 0.000000
vt 0.079370 0.092218 0.000000
vt 0.124117 0.103564 0.000000
vt 0.124117 0.092218 0.000000
vt 0.155536 0.103564 0.000000
vt 0.155536 0.092218 0.000000
vt 0.124117 0.103564 0.000000
vt 0.124117 0.092218 0.000000
vt 0.051593 0.132000 0.000000
vt 0.088025 0.124348 0.000000
vt 0.018418 0.124348 0.000000
vt 0.089754 0.092218 0.000000
vt 0.089754 0.103564 0.000000
vt 0.043492 0.103564 0.000000
vt 0.043492 0.092218 0.000000
vt 0.011007 0.103564 0.000000
vt 0.011007 0.092218 0.000000
vt 0.043492 0.103564 0.000000
vt 0.043492 0.092218 0.000000
vt 0.089754 0.103564 0.000000
vt 0.089754 0.092218 0.000000
vt 0.126133 0.103564 0.000000
vt 0.126133 0.092218 0.000000
vt 0.158017 0.103564 0.000000
vt 0.158017 0.092218 0.000000
vt 0.126133 0.103564 0.000000
vt 0.126133 0.092218 0.000000
vt 0.062500 0.970703 0.000000
vt 0.035156 0.996094 0.000000
vt 0.035156 0.970703 0.000000
vt 0.035156 0.945313 0.000000
vt 0.062500 0.970703 0.000000
vt 0.007813 0.970703 0.000000
vt 0.007813 0.970703 0.000000
vt 0.088025 0.124348 0.000000
vt 0.018418 0.124348 0.000000
vt 0.009018 0.109771 0.000000
vt 0.097153 0.109771 0.000000
vt 0.051593 0.132000 0.000000
vt 0.051593 0.132000 0.000000
vt 0.088025 0.124348 0.000000
vt 0.018418 0.124348 0.000000
vt 0.088025 0.124348 0.000000
vt 0.018418 0.124348 0.000000
vt 0.009018 0.109771 0.000000
vt 0.097153 0.109771 0.000000
vt 0.051593 0.132000 0.000000
vt 0.694116 0.746393 0.000000
vt 0.669866 0.745716 0.000000
vt 0.704140 0.736275 0.000000
vt 0.669866 0.745716 0.000000
vt 0.662478 0.718490 0.000000
vt 0.680354 0.736606 0.000000
vt 0.662478 0.718490 0.000000
vt 0.571595 0.718490 0.000000
vt 0.624236 0.718490 0.000000
vt 0.622901 0.764363 0.000000
vt 0.532741 0.718490 0.000000
vt 0.675417 0.718490 0.000000
vt 0.571595 0.718490 0.000000
vt 0.113281 0.451920 0.000000
vt 0.128432 0.503095 0.000000
vt 0.049840 0.475087 0.000000
vt 0.243882 0.464739 0.000000
vt 0.207868 0.509139 0.000000
vt 0.305705 0.527116 0.000000
vt 0.349399 0.457988 0.000000
vt 0.203420 0.567931 0.000000
vt 0.376669 0.592266 0.000000
vt 0.250000 0.567861 0.000000
vt 0.414737 0.516234 0.000000
vt 0.432754 0.576816 0.000000
vt 0.416921 0.465579 0.000000
vt 0.328032 0.423787 0.000000
vt 0.079212 0.535869 0.000000
vt 0.534167 0.476420 0.000000
vt 0.647182 0.536299 0.000000
vt 0.543378 0.575512 0.000000
vt 0.530838 0.513714 0.000000
vt 0.685035 0.585683 0.000000
vt 0.767118 0.505720 0.000000
vt 0.644208 0.513474 0.000000
vt 0.732841 0.444952 0.000000
vt 0.656346 0.441449 0.000000
vt 0.625646 0.476050 0.000000
vt 0.632112 0.439251 0.000000
vt 0.761226 0.542948 0.000000
vt 0.851026 0.568062 0.000000
vt 0.860343 0.523994 0.000000
vt 0.817899 0.447837 0.000000
vt 0.844869 0.408945 0.000000
vt 0.767118 0.505708 0.000000
vt 0.817899 0.447837 0.000000
vt 0.799706 0.609309 0.000000
vt 0.867188 0.610002 0.000000
vt 0.898024 0.588643 0.000000
vt 0.936102 0.605633 0.000000
vt 0.953211 0.549529 0.000000
vt 0.908356 0.538530 0.000000
vt 0.899712 0.472072 0.000000
vt 0.968578 0.492471 0.000000
vt 0.907085 0.411814 0.000000
vt 0.942006 0.452985 0.000000
vt 0.892262 0.450922 0.000000
vt 0.951954 0.413882 0.000000
vt 0.977664 0.369483 0.000000
vt 0.815827 0.345798 0.000000
vt 0.892853 0.356160 0.000000
vt 0.781781 0.401019 0.000000
vt 0.892853 0.356160 0.000000
vt 0.708374 0.401866 0.000000
vt 0.830532 0.326063 0.000000
vt 0.905157 0.330760 0.000000
vt 0.905157 0.330760 0.000000
vt 0.985821 0.335878 0.000000
vt 0.312645 0.937193 0.000000
vt 0.300781 0.916016 0.000000
vt 0.343018 0.921218 0.000000
vt 0.235832 0.905578 0.000000
vt 0.252231 0.934560 0.000000
vt 0.252776 0.947748 0.000000
vt 0.343280 0.968321 0.000000
vt 0.313451 0.965012 0.000000
vt 0.356847 0.953484 0.000000
vt 0.197640 0.902516 0.000000
vt 0.241475 0.890782 0.000000
vt 0.199185 0.885469 0.000000
vt 0.291605 0.878369 0.000000
vt 0.199199 0.876415 0.000000
vt 0.286754 0.848303 0.000000
vt 0.364206 0.862710 0.000000
vt 0.312038 0.894116 0.000000
vt 0.328545 0.808526 0.000000
vt 0.255884 0.800011 0.000000
vt 0.447305 0.837880 0.000000
vt 0.442231 0.884721 0.000000
vt 0.383239 0.828265 0.000000
vt 0.342586 0.977905 0.000000
vt 0.387751 0.964674 0.000000
vt 0.205296 0.923872 0.000000
vt 0.221167 0.935835 0.000000
vt 0.197711 0.931227 0.000000
vt 0.216165 0.975189 0.000000
vt 0.265379 0.962196 0.000000
vt 0.266625 0.979275 0.000000
vt 0.237098 0.959902 0.000000
vt 0.169801 0.964593 0.000000
vt 0.164063 0.923828 0.000000
vt 0.197888 0.937121 0.000000
vt 0.053324 0.905722 0.000000
vt 0.067323 0.896164 0.000000
vt 0.142770 0.932897 0.000000
vt 0.043338 0.891733 0.000000
vt 0.165840 0.873861 0.000000
vt 0.078125 0.867188 0.000000
vt 0.310095 0.979235 0.000000
vt 0.052601 0.882816 0.000000
vt 0.052282 0.871956 0.000000
vt 0.969980 0.917894 0.000000
vt 0.980044 0.924530 0.000000
vt 0.953219 0.926556 0.000000
vt 0.996094 0.949219 0.000000
vt 0.986154 0.956241 0.000000
vt 0.984375 0.970703 0.000000
vt 0.925457 0.997895 0.000000
vt 0.965272 0.958346 0.000000
vt 0.941536 0.967091 0.000000
vt 0.887370 0.971847 0.000000
vt 0.938352 0.946265 0.000000
vt 0.911733 0.921685 0.000000
vt 0.871768 0.951986 0.000000
vt 0.866834 0.930148 0.000000
vt 0.896097 0.913324 0.000000
vt 0.855469 0.923828 0.000000
vt 0.924088 0.914674 0.000000
vt 0.251165 0.308708 0.000000
vt 0.323067 0.274281 0.000000
vt 0.251118 0.277476 0.000000
vt 0.332216 0.304804 0.000000
vt 0.185110 0.272719 0.000000
vt 0.251165 0.308708 0.000000
vt 0.148659 0.299480 0.000000
vt 0.251118 0.277476 0.000000
vt 0.329855 0.332224 0.000000
vt 0.241089 0.330318 0.000000
vt 0.138583 0.325228 0.000000
vt 0.241089 0.330318 0.000000
vt 0.241260 0.358366 0.000000
vt 0.147858 0.355009 0.000000
vt 0.304334 0.362126 0.000000
vt 0.243413 0.450077 0.000000
vt 0.321081 0.426059 0.000000
vt 0.241260 0.358366 0.000000
vt 0.922087 0.099778 0.000000
vt 0.836477 0.048388 0.000000
vt 0.898438 0.130859 0.000000
vt 0.896158 0.025369 0.000000
vt 0.981006 0.308727 0.000000
vt 0.916573 0.277691 0.000000
vt 0.978975 0.262847 0.000000
vt 0.850904 0.274738 0.000000
vt 0.851397 0.157466 0.000000
vt 0.814807 0.128346 0.000000
vt 0.771516 0.083014 0.000000
vt 0.652505 0.764363 0.000000
vt 0.898438 0.130859 0.000000
vt 0.978975 0.125163 0.000000
vt 0.916573 0.277691 0.000000
vt 0.025103 0.792177 0.000000
vt 0.091509 0.801943 0.000000
vt 0.130571 0.825380 0.000000
vt 0.148556 0.154774 0.000000
vt 0.306254 0.147214 0.000000
vt 0.178115 0.198698 0.000000
vt 0.505557 0.192839 0.000000
vt 0.424124 0.188150 0.000000
vt 0.087310 0.206559 0.000000
vt 0.089827 0.175564 0.000000
vt 0.309982 0.189085 0.000000
vt 0.458183 0.157395 0.000000
vt 0.136932 0.130648 0.000000
vt 0.053429 0.159996 0.000000
vt 0.313132 0.117706 0.000000
vt 0.410354 0.122578 0.000000
vt 0.520195 0.151216 0.000000
vt 0.033183 0.214418 0.000000
vt 0.594957 0.200956 0.000000
vt 0.283893 0.610420 0.000000
vt 0.239436 0.625226 0.000000
vt 0.199605 0.949541 0.000000
vt 0.934042 0.786964 0.000000
vt 0.955094 0.817786 0.000000
vt 0.934042 0.822189 0.000000
vt 0.955094 0.782561 0.000000
vt 0.955094 0.782561 0.000000
vt 0.955094 0.817786 0.000000
vt 0.988778 0.802375 0.000000
vt 0.980357 0.769352 0.000000
vt 0.904569 0.769352 0.000000
vt 0.921411 0.758344 0.000000
vt 0.921411 0.758344 0.000000
vt 0.934042 0.742933 0.000000
vt 0.849834 0.753941 0.000000
vt 0.849834 0.753941 0.000000
vt 0.854044 0.769352 0.000000
vt 0.849834 0.736328 0.000000
vt 0.765625 0.760545 0.000000
vt 0.765625 0.760545 0.000000
vt 0.782467 0.778158 0.000000
vt 0.765625 0.740731 0.000000
vt 0.955094 0.855213 0.000000
vt 0.955094 0.855213 0.000000
vt 0.942463 0.850810 0.000000
vt 0.946673 0.897043 0.000000
vt 0.976146 0.830996 0.000000
vt 0.971936 0.861818 0.000000
vt 0.915524 0.896969 0.000000
vt 0.811814 0.868145 0.000000
vt 0.833911 0.862912 0.000000
vt 0.833911 0.862912 0.000000
vt 0.843553 0.855543 0.000000
vt 0.762150 0.832473 0.000000
vt 0.778488 0.827756 0.000000
vt 0.778488 0.827756 0.000000
vt 0.796300 0.818029 0.000000
vt 0.695868 0.803612 0.000000
vt 0.703635 0.789906 0.000000
vt 0.703635 0.789906 0.000000
vt 0.705643 0.776716 0.000000
vt 0.627298 0.801624 0.000000
vt 0.627298 0.801624 0.000000
vt 0.653146 0.809066 0.000000
vt 0.642297 0.782391 0.000000
vt 0.883433 0.824219 0.000000
vt 0.789489 0.806639 0.000000
vt 0.795642 0.791815 0.000000
vt 0.859996 0.833984 0.000000
vt 0.883433 0.824219 0.000000
vt 0.793589 0.789063 0.000000
vt 0.914683 0.876953 0.000000
vt 0.914683 0.832031 0.000000
vt 0.883433 0.785156 0.000000
vt 0.813121 0.781250 0.000000
vt 0.891246 0.802734 0.000000
vt 0.891246 0.802734 0.000000
vt 0.922496 0.812500 0.000000
vt 0.773438 0.650391 0.000000
vt 0.742188 0.662109 0.000000
vt 0.742188 0.650391 0.000000
vt 0.773438 0.662109 0.000000
vt 0.816406 0.662109 0.000000
vt 0.005492 0.143590 0.000000
vt 0.033876 0.140683 0.000000
vt 0.917969 0.640625 0.000000
vt 0.855469 0.662109 0.000000
vt 0.855469 0.640625 0.000000
vt 0.920025 0.662109 0.000000
vt 0.033330 0.168536 0.000000
vt 0.033330 0.153428 0.000000
vt 0.676475 0.407670 0.000000
vt 0.136510 0.902014 0.000000
vt 0.121121 0.881690 0.000000
vt 0.694116 0.746393 0.000000
vt 0.669866 0.745716 0.000000
vt 0.704140 0.736275 0.000000
vt 0.669866 0.745716 0.000000
vt 0.662478 0.718490 0.000000
vt 0.680354 0.736606 0.000000
vt 0.624236 0.718490 0.000000
vt 0.662478 0.718490 0.000000
vt 0.571595 0.718490 0.000000
vt 0.624236 0.718490 0.000000
vt 0.622901 0.764363 0.000000
vt 0.532741 0.718490 0.000000
vt 0.675417 0.718490 0.000000
vt 0.571595 0.718490 0.000000
vt 0.922087 0.099778 0.000000
vt 0.836477 0.048388 0.000000
vt 0.898438 0.130859 0.000000
vt 0.896158 0.025369 0.000000
vt 0.851397 0.157466 0.000000
vt 0.915127 0.263584 0.000000
vt 0.851155 0.261258 0.000000
vt 0.814807 0.128346 0.000000
vt 0.771516 0.083014 0.000000
vt 0.652505 0.764363 0.000000
vt 0.836477 0.048388 0.000000
vt 0.898438 0.130859 0.000000
vt 0.978975 0.125163 0.000000
vt 0.915127 0.263584 0.000000
vt 0.978975 0.256482 0.000000
vt 0.050781 0.432841 0.000000
vt 0.186393 0.644529 0.000000
vt 0.157015 0.575937 0.000000
vt 0.402344 0.939453 0.000000
vt 0.045653 0.255788 0.000000
vt 0.005308 0.136840 0.000000
vt 0.836477 0.048388 0.000000
vt 0.539556 0.812150 0.000000
vt 0.588702 0.777688 0.000000
vt 0.588702 0.812150 0.000000
vt 0.539556 0.777688 0.000000
vt 0.588702 0.812150 0.000000
vt 0.539556 0.777688 0.000000
vt 0.588702 0.777688 0.000000
vt 0.539556 0.812150 0.000000
vt 0.539556 0.769272 0.000000
vt 0.588702 0.769272 0.000000
vt 0.605073 0.777688 0.000000
vt 0.605073 0.812150 0.000000
vt 0.588702 0.818291 0.000000
vt 0.539556 0.818291 0.000000
vt 0.525837 0.812150 0.000000
vt 0.525837 0.777688 0.000000
vt 0.539556 0.812150 0.000000
vt 0.588702 0.777688 0.000000
vt 0.588702 0.812150 0.000000
vt 0.539556 0.777688 0.000000
vt 0.588702 0.812150 0.000000
vt 0.539556 0.777688 0.000000
vt 0.588702 0.777688 0.000000
vt 0.539556 0.812150 0.000000
vt 0.539556 0.769272 0.000000
vt 0.588702 0.769272 0.000000
vt 0.605073 0.777688 0.000000
vt 0.605073 0.812150 0.000000
vt 0.540049 0.812166 0.000000
vt 0.588539 0.818337 0.000000
vt 0.540049 0.818350 0.000000
vt 0.588539 0.812154 0.000000
vt 0.525837 0.812150 0.000000
vt 0.525837 0.777688 0.000000
vt 0.355476 0.070494 0.000000
vt 0.312172 0.097838 0.000000
vt 0.355476 0.097838 0.000000
vt 0.286190 0.070494 0.000000
vt 0.247038 0.097838 0.000000
vt 0.242887 0.070494 0.000000
vt 0.312172 0.097838 0.000000
vt 0.286190 0.070494 0.000000
vt 0.355476 0.070494 0.000000
vt 0.403109 0.097838 0.000000
vt 0.355476 0.097838 0.000000
vt 0.420431 0.070494 0.000000
vt 0.442082 0.097838 0.000000
vt 0.472395 0.070494 0.000000
vt 0.403109 0.097838 0.000000
vt 0.420431 0.070494 0.000000
vt 0.302610 0.006041 0.000000
vt 0.355476 0.033385 0.000000
vt 0.355476 0.006041 0.000000
vt 0.286190 0.033385 0.000000
vt 0.268869 0.006041 0.000000
vt 0.242887 0.033385 0.000000
vt 0.286190 0.033385 0.000000
vt 0.355476 0.006041 0.000000
vt 0.302610 0.006041 0.000000
vt 0.355476 0.033385 0.000000
vt 0.403109 0.006041 0.000000
vt 0.420431 0.033385 0.000000
vt 0.449420 0.006041 0.000000
vt 0.472395 0.033385 0.000000
vt 0.420431 0.033385 0.000000
vt 0.403109 0.006041 0.000000
vt 0.959163 0.037179 0.000000
vt 0.931819 0.056710 0.000000
vt 0.959163 0.062569 0.000000
vt 0.924006 0.037179 0.000000
vt 0.931819 0.019601 0.000000
vt 0.959163 0.011788 0.000000
vt 0.982600 0.019601 0.000000
vt 0.994319 0.037179 0.000000
vt 0.982600 0.056710 0.000000
vt 0.089754 0.092218 0.000000
vt 0.043492 0.103564 0.000000
vt 0.089754 0.103564 0.000000
vt 0.043492 0.092218 0.000000
vt 0.011007 0.103564 0.000000
vt 0.011007 0.092218 0.000000
vt 0.043492 0.103564 0.000000
vt 0.043492 0.092218 0.000000
vt 0.089754 0.103564 0.000000
vt 0.089754 0.092218 0.000000
vt 0.126133 0.103564 0.000000
vt 0.126133 0.092218 0.000000
vt 0.158017 0.103564 0.000000
vt 0.158017 0.092218 0.000000
vt 0.126133 0.103564 0.000000
vt 0.126133 0.092218 0.000000
vt 0.117436 0.106734 0.000000
vt 0.136642 0.111787 0.000000
vt 0.117436 0.111787 0.000000
vt 0.136642 0.106734 0.000000
vt 0.153448 0.111787 0.000000
vt 0.153448 0.106734 0.000000
vt 0.136642 0.111787 0.000000
vt 0.136642 0.106734 0.000000
vt 0.117436 0.111787 0.000000
vt 0.117436 0.106734 0.000000
vt 0.136642 0.111787 0.000000
vt 0.136642 0.106734 0.000000
vt 0.153448 0.111787 0.000000
vt 0.153448 0.106734 0.000000
vt 0.136642 0.111787 0.000000
vt 0.136642 0.106734 0.000000
vt 0.079370 0.103564 0.000000
vt 0.044183 0.092218 0.000000
vt 0.044183 0.103564 0.000000
vt 0.079370 0.092218 0.000000
vt 0.013344 0.103564 0.000000
vt 0.013344 0.092218 0.000000
vt 0.044183 0.103564 0.000000
vt 0.044183 0.092218 0.000000
vt 0.079370 0.103564 0.000000
vt 0.079370 0.092218 0.000000
vt 0.124117 0.103564 0.000000
vt 0.124117 0.092218 0.000000
vt 0.155536 0.103564 0.000000
vt 0.155536 0.092218 0.000000
vt 0.124117 0.103564 0.000000
vt 0.124117 0.092218 0.000000
vt 0.051593 0.132000 0.000000
vt 0.018418 0.124348 0.000000
vt 0.088025 0.124348 0.000000
vt 0.089754 0.092218 0.000000
vt 0.043492 0.103564 0.000000
vt 0.089754 0.103564 0.000000
vt 0.043492 0.092218 0.000000
vt 0.011007 0.103564 0.000000
vt 0.011007 0.092218 0.000000
vt 0.043492 0.103564 0.000000
vt 0.043492 0.092218 0.000000
vt 0.089754 0.103564 0.000000
vt 0.089754 0.092218 0.000000
vt 0.126133 0.103564 0.000000
vt 0.126133 0.092218 0.000000
vt 0.158017 0.103564 0.000000
vt 0.158017 0.092218 0.000000
vt 0.126133 0.103564 0.000000
vt 0.126133 0.092218 0.000000
vt 0.062500 0.970703 0.000000
vt 0.035156 0.970703 0.000000
vt 0.035156 0.996094 0.000000
vt 0.035156 0.945313 0.000000
vt 0.007813 0.970703 0.000000
vt 0.062500 0.970703 0.000000
vt 0.007813 0.970703 0.000000
vt 0.088025 0.124348 0.000000
vt 0.009018 0.109771 0.000000
vt 0.018418 0.124348 0.000000
vt 0.097153 0.109771 0.000000
vt 0.051593 0.132000 0.000000
vt 0.051593 0.132000 0.000000
vt 0.018418 0.124348 0.000000
vt 0.088025 0.124348 0.000000
vt 0.088025 0.124348 0.000000
vt 0.009018 0.109771 0.000000
vt 0.018418 0.124348 0.000000
vt 0.097153 0.109771 0.000000
vt 0.051593 0.132000 0.000000
vt 0.624236 0.718490 0.000000
vt 0.624236 0.718490 0.000000
usemtl Material_2
f 142/142 141/141 143/143
f 142/142 144/144 141/141
f 145/145 143/143 146/146
f 144/144 145/145 147/147
f 149/149 148/148 150/150
f 150/150 143/143 149/149
f 150/150 146/146 143/143
f 148/148 146/146 150/150
f 151/151 146/146 148/148
f 151/151 152/152 146/146
f 152/152 151/151 147/147
f 147/147 151/151 153/153
f 152/152 145/145 146/146
f 145/145 152/152 147/147
f 151/151 149/149 153/153
f 149/149 151/151 148/148
f 144/144 142/142 145/145
f 142/142 143/143 145/145
f 155/155 154/154 156/156
f 156/156 154/154 157/157
f 159/159 158/158 157/157
f 157/157 160/160 159/159
f 156/156 158/158 161/161
f 162/162 159/159 163/163
f 159/159 164/164 163/163
f 165/165 163/163 164/164
f 164/164 159/159 160/160
f 167/167 166/166 168/168
f 160/160 169/169 167/167
f 170/170 156/156 171/171
f 172/172 171/171 156/156
f 173/173 168/168 174/174
f 166/166 174/174 168/168
f 176/176 175/175 177/177
f 178/178 177/177 175/175
f 180/180 179/179 181/181
f 183/183 182/182 184/184
f 185/185 178/178 186/186
f 187/187 185/185 186/186
f 179/179 187/187 186/186
f 179/179 188/188 187/187
f 189/189 188/188 180/180
f 182/182 190/190 191/191
f 192/192 178/178 185/185
f 194/194 193/193 192/192
f 195/195 192/192 193/193
f 194/194 196/196 193/193
f 197/197 193/193 196/196
f 199/199 198/198 197/197
f 199/199 200/200 201/201
f 203/203 202/202 204/204
f 205/205 204/204 202/202
f 206/206 199/199 201/201
f 207/207 201/201 190/190
f 204/204 191/191 190/190
f 191/191 204/204 205/205
f 208/208 205/205 202/202
f 210/210 209/209 211/211
f 212/212 191/191 213/213
f 208/208 213/213 205/205
f 214/214 211/211 215/215
f 209/209 215/215 211/211
f 209/209 213/213 215/215
f 216/216 215/215 213/213
f 213/213 208/208 216/216
f 217/217 216/216 208/208
f 219/219 218/218 220/220
f 222/222 221/221 218/218
f 220/220 218/218 221/221
f 218/218 223/223 222/222
f 225/225 224/224 226/226
f 221/221 227/227 228/228
f 229/229 228/228 227/227
f 230/230 228/228 231/231
f 228/228 232/232 231/231
f 232/232 228/228 233/233
f 229/229 233/233 228/228
f 235/235 234/234 236/236
f 237/237 234/234 238/238
f 240/240 239/239 234/234
f 238/238 234/234 239/239
f 242/242 241/241 243/243
f 245/245 244/244 246/246
f 248/248 247/247 249/249
f 251/251 250/250 252/252
f 253/253 252/252 250/250
f 254/254 250/250 255/255
f 256/256 255/255 250/250
f 258/258 257/257 248/248
f 259/259 257/257 260/260
f 261/261 260/260 257/257
f 263/263 262/262 264/264
f 266/266 265/265 267/267
f 268/268 267/267 265/265
f 246/246 269/269 270/270
f 271/271 264/264 272/272
f 262/262 272/272 264/264
f 273/273 265/265 266/266
f 275/275 274/274 276/276
f 275/275 276/276 277/277
f 277/277 278/278 275/275
f 278/278 277/277 279/279
f 278/278 279/279 280/280
f 280/280 281/281 278/278
f 282/282 281/281 280/280
f 283/283 282/282 280/280
f 281/281 275/275 278/278
f 275/275 284/284 285/285
f 284/284 281/281 282/282
f 282/282 283/283 284/284
f 286/286 284/284 283/283
f 286/286 285/285 284/284
f 285/285 287/287 288/288
f 289/289 288/288 287/287
f 275/275 285/285 290/290
f 292/292 291/291 293/293
f 294/294 293/293 291/291
f 295/295 291/291 296/296
f 298/298 297/297 296/296
f 297/297 293/293 294/294
f 293/293 297/297 298/298
f 300/300 299/299 291/291
f 294/294 291/291 299/299
f 300/300 291/291 301/301
f 295/295 301/301 291/291
f 295/295 297/297 301/301
f 302/302 301/301 297/297
f 304/304 303/303 301/301
f 301/301 302/302 304/304
f 304/304 302/302 305/305
f 299/299 305/305 302/302
f 307/307 306/306 160/160
f 154/154 306/306 308/308
f 304/304 154/154 303/303
f 154/154 304/304 157/157
f 307/307 160/160 157/157
f 310/310 309/309 311/311
f 312/312 311/311 309/309
f 314/314 313/313 315/315
f 313/313 314/314 216/216
f 314/314 316/316 216/216
f 215/215 216/216 316/316
f 310/310 317/317 314/314
f 316/316 314/314 317/317
f 310/310 311/311 318/318
f 319/319 318/318 311/311
f 144/144 149/149 320/320
f 321/321 318/318 319/319
f 322/322 321/321 309/309
f 217/217 214/214 313/313
f 215/215 316/316 214/214
f 197/197 198/198 323/323
f 197/197 324/324 193/193
f 326/326 325/325 327/327
f 329/329 328/328 326/326
f 330/330 326/326 328/328
f 331/331 330/330 332/332
f 239/239 242/242 238/238
f 149/149 143/143 320/320
f 321/321 333/333 317/317
f 316/316 317/317 333/333
f 315/315 333/333 321/321
f 322/322 310/310 315/315
f 314/314 315/315 310/310
f 158/158 159/159 162/162
f 161/161 158/158 162/162
f 335/335 334/334 336/336
f 338/338 337/337 339/339
f 340/340 339/339 337/337
f 342/342 341/341 335/335
f 343/343 335/335 341/341
f 344/344 334/334 335/335
f 345/345 342/342 335/335
f 343/343 344/344 335/335
f 340/340 346/346 339/339
f 347/347 343/343 341/341
f 349/349 348/348 344/344
f 334/334 344/344 348/348
f 348/348 350/350 334/334
f 336/336 334/334 350/350
f 351/351 346/346 352/352
f 349/349 344/344 353/353
f 343/343 353/353 344/344
f 339/339 346/346 354/354
f 351/351 354/354 346/346
f 163/163 355/355 162/162
f 356/356 355/355 357/357
f 163/163 357/357 355/355
f 358/358 355/355 356/356
f 358/358 162/162 355/355
f 161/161 162/162 358/358
f 251/251 270/270 359/359
f 269/269 359/359 270/270
f 253/253 360/360 223/223
f 360/360 258/258 249/249
f 223/223 249/249 222/222
f 247/247 227/227 221/221
f 257/257 247/247 248/248
f 258/258 248/248 249/249
f 226/226 270/270 252/252
f 251/251 252/252 270/270
f 223/223 360/360 249/249
f 362/362 361/361 363/363
f 364/364 363/363 361/361
f 366/366 365/365 362/362
f 361/361 362/362 365/365
f 365/365 366/366 367/367
f 363/363 364/364 367/367
f 368/368 367/367 364/364
f 361/361 369/369 364/364
f 370/370 364/364 369/369
f 369/369 361/361 365/365
f 371/371 365/365 368/368
f 364/364 370/370 368/368
f 372/372 368/368 370/370
f 373/373 370/370 369/369
f 371/371 374/374 369/369
f 375/375 369/369 374/374
f 372/372 376/376 371/371
f 374/374 371/371 376/376
f 370/370 373/373 372/372
f 376/376 372/372 373/373
f 377/377 373/373 375/375
f 374/374 378/378 375/375
f 379/379 375/375 378/378
f 378/378 374/374 376/376
f 380/380 376/376 373/373
f 381/381 362/362 363/363
f 382/382 366/366 362/362
f 384/384 383/383 381/381
f 384/384 382/382 383/383
f 363/363 385/385 381/381
f 386/386 381/381 385/385
f 384/384 381/381 386/386
f 386/386 382/382 384/384
f 388/388 387/387 389/389
f 389/389 387/387 390/390
f 390/390 387/387 391/391
f 391/391 387/387 388/388
f 389/389 392/392 388/388
f 393/393 388/388 392/392
f 390/390 394/394 389/389
f 392/392 389/389 394/394
f 394/394 390/390 391/391
f 388/388 393/393 391/391
f 395/395 391/391 393/393
f 392/392 396/396 393/393
f 397/397 393/393 396/396
f 396/396 392/392 394/394
f 398/398 394/394 395/395
f 393/393 397/397 395/395
f 399/399 395/395 397/397
f 400/400 397/397 396/396
f 398/398 401/401 396/396
f 402/402 396/396 401/401
f 399/399 403/403 398/398
f 401/401 398/398 403/403
f 403/403 399/399 397/397
f 382/382 386/386 366/366
f 385/385 366/366 386/386
f 405/405 404/404 406/406
f 407/407 406/406 404/404
f 407/407 408/408 406/406
f 409/409 406/406 408/408
f 410/410 407/407 404/404
f 410/410 408/408 407/407
f 410/410 404/404 411/411
f 411/411 408/408 410/410
f 413/413 412/412 405/405
f 414/414 405/405 412/412
f 415/415 412/412 413/413
f 411/411 404/404 416/416
f 414/414 416/416 404/404
f 405/405 414/414 404/404
f 411/411 416/416 408/408
f 415/415 408/408 416/416
f 415/415 409/409 408/408
f 418/418 417/417 419/419
f 420/420 419/419 417/417
f 421/421 420/420 417/417
f 423/423 422/422 424/424
f 426/426 425/425 427/427
f 428/428 427/427 425/425
f 430/430 429/429 422/422
f 177/177 165/165 164/164
f 431/431 430/430 422/422
f 251/251 359/359 250/250
f 256/256 250/250 359/359
f 197/197 196/196 199/199
f 200/200 199/199 196/196
f 427/427 421/421 426/426
f 426/426 421/421 417/417
f 312/312 309/309 321/321
f 322/322 309/309 310/310
f 318/318 321/321 317/317
f 318/318 317/317 310/310
f 211/211 214/214 217/217
f 313/313 333/333 315/315
f 333/333 313/313 214/214
f 217/217 313/313 216/216
f 205/205 213/213 191/191
f 432/432 182/182 183/183
f 433/433 183/183 434/434
f 186/186 175/175 179/179
f 181/181 179/179 175/175
f 184/184 180/180 181/181
f 210/210 180/180 212/212
f 182/182 212/212 180/180
f 212/212 209/209 210/210
f 186/186 178/178 175/175
f 360/360 254/254 261/261
f 254/254 255/255 261/261
f 435/435 261/261 255/255
f 257/257 227/227 247/247
f 302/302 297/297 299/299
f 294/294 299/299 297/297
f 299/299 300/300 305/305
f 308/308 305/305 300/300
f 300/300 303/303 308/308
f 303/303 300/300 301/301
f 173/173 436/436 183/183
f 184/184 181/181 173/173
f 176/176 173/173 181/181
f 176/176 181/181 175/175
f 182/182 180/180 184/184
f 189/189 210/210 211/211
f 164/164 160/160 168/168
f 176/176 168/168 173/173
f 436/436 173/173 174/174
f 176/176 177/177 164/164
f 437/437 263/263 260/260
f 260/260 263/263 264/264
f 438/438 229/229 439/439
f 227/227 439/439 229/229
f 229/229 267/267 233/233
f 249/249 247/247 222/222
f 222/222 247/247 221/221
f 440/440 240/240 234/234
f 260/260 264/264 259/259
f 439/439 271/271 438/438
f 273/273 438/438 271/271
f 272/272 441/441 271/271
f 273/273 271/271 441/441
f 225/225 218/218 219/219
f 243/243 219/219 238/238
f 441/441 265/265 273/273
f 157/157 305/305 307/307
f 305/305 157/157 304/304
f 308/308 306/306 305/305
f 443/443 442/442 444/444
f 443/443 445/445 442/442
f 446/446 444/444 447/447
f 449/449 448/448 445/445
f 445/445 446/446 449/449
f 451/451 450/450 452/452
f 452/452 444/444 451/451
f 452/452 447/447 444/444
f 450/450 447/447 452/452
f 453/453 447/447 450/450
f 453/453 454/454 447/447
f 454/454 453/453 449/449
f 449/449 453/453 455/455
f 449/449 455/455 448/448
f 454/454 446/446 447/447
f 446/446 454/454 449/449
f 453/453 451/451 455/455
f 451/451 453/453 450/450
f 445/445 443/443 446/446
f 443/443 444/444 446/446
f 445/445 448/448 451/451
f 455/455 451/451 448/448
f 457/457 456/456 458/458
f 459/459 458/458 456/456
f 457/457 460/460 461/461
f 462/462 461/461 460/460
f 457/457 458/458 463/463
f 464/464 463/463 458/458
f 445/445 451/451 465/465
f 466/466 463/463 467/467
f 468/468 466/466 456/456
f 451/451 444/444 465/465
f 466/466 469/469 460/460
f 462/462 460/460 469/469
f 470/470 469/469 466/466
f 468/468 457/457 470/470
f 461/461 470/470 457/457
f 459/459 456/456 466/466
f 468/468 456/456 457/457
f 463/463 466/466 460/460
f 463/463 460/460 457/457
f 471/471 154/154 155/155
f 473/473 472/472 155/155
f 471/471 155/155 472/472
f 475/475 474/474 356/356
f 358/358 356/356 474/474
f 476/476 172/172 161/161
f 156/156 161/161 172/172
f 474/474 476/476 358/358
f 161/161 358/358 476/476
f 237/237 228/228 230/230
f 237/237 238/238 219/219
f 477/477 243/243 241/241
f 225/225 219/219 478/478
f 245/245 478/478 479/479
f 477/477 479/479 478/478
f 225/225 245/245 224/224
f 225/225 478/478 245/245
f 479/479 244/244 245/245
f 244/244 269/269 246/246
f 478/478 219/219 243/243
f 345/345 335/335 336/336
f 480/480 339/339 354/354
f 428/428 425/425 481/481
f 482/482 481/481 425/425
f 338/338 339/339 480/480
f 432/432 183/183 433/433
f 436/436 434/434 183/183
f 164/164 168/168 176/176
f 345/345 340/340 483/483
f 337/337 483/483 340/340
f 484/484 204/204 201/201
f 204/204 484/484 203/203
f 160/160 167/167 168/168
f 212/212 182/182 191/191
f 206/206 201/201 207/207
f 485/485 207/207 190/190
f 189/189 211/211 202/202
f 188/188 189/189 202/202
f 188/188 203/203 484/484
f 200/200 187/187 484/484
f 188/188 484/484 187/187
f 196/196 185/185 200/200
f 187/187 200/200 185/185
f 185/185 196/196 194/194
f 185/185 194/194 192/192
f 211/211 208/208 202/202
f 206/206 198/198 199/199
f 331/331 486/486 325/325
f 487/487 330/330 328/328
f 487/487 332/332 330/330
f 330/330 325/325 326/326
f 330/330 331/331 325/325
f 486/486 331/331 332/332
f 346/346 336/336 350/350
f 353/353 343/343 488/488
f 489/489 423/423 424/424
f 431/431 422/422 423/423
f 340/340 336/336 346/346
f 345/345 336/336 340/340
f 352/352 346/346 350/350
f 488/488 343/343 347/347
f 243/243 477/477 478/478
f 490/490 477/477 241/241
f 237/237 220/220 221/221
f 237/237 219/219 220/220
f 224/224 245/245 246/246
f 273/273 266/266 438/438
f 253/253 250/250 360/360
f 254/254 360/360 250/250
f 252/252 253/253 223/223
f 483/483 342/342 345/345
f 235/235 440/440 234/234
f 237/237 230/230 234/234
f 230/230 236/236 234/234
f 231/231 236/236 230/230
f 491/491 260/260 435/435
f 261/261 435/435 260/260
f 439/439 257/257 259/259
f 227/227 257/257 439/439
f 437/437 260/260 491/491
f 261/261 257/257 258/258
f 258/258 360/360 261/261
f 252/252 223/223 218/218
f 226/226 252/252 218/218
f 259/259 271/271 439/439
f 264/264 271/271 259/259
f 267/267 229/229 438/438
f 492/492 233/233 268/268
f 267/267 268/268 233/233
f 492/492 232/232 233/233
f 438/438 266/266 267/267
f 238/238 242/242 243/243
f 493/493 321/321 319/319
f 493/493 312/312 321/321
f 467/467 463/463 464/464
f 467/467 459/459 466/466
f 303/303 154/154 308/308
f 305/305 306/306 307/307
f 158/158 156/156 157/157
f 287/287 285/285 286/286
f 372/372 371/371 368/368
f 368/368 365/365 367/367
f 409/409 415/415 413/413
f 402/402 400/400 396/396
f 379/379 377/377 375/375
f 375/375 373/373 369/369
f 371/371 369/369 365/365
f 398/398 396/396 394/394
f 395/395 394/394 391/391
f 399/399 398/398 395/395
f 383/383 382/382 362/362
f 383/383 362/362 381/381
f 400/400 403/403 397/397
f 380/380 378/378 376/376
f 468/468 470/470 466/466
f 322/322 315/315 321/321
f 296/296 297/297 295/295
f 214/214 316/316 333/333
f 210/210 189/189 180/180
f 184/184 173/173 183/183
f 296/296 291/291 292/292
f 209/209 212/212 213/213
f 201/201 204/204 190/190
f 201/201 200/200 484/484
f 203/203 188/188 202/202
f 208/208 211/211 217/217
f 473/473 155/155 170/170
f 156/156 170/170 155/155
f 281/281 284/284 275/275
f 377/377 380/380 373/373
f 228/228 237/237 221/221
f 495/495 494/494 496/496
f 497/497 496/496 494/494
f 499/499 498/498 500/500
f 501/501 500/500 498/498
f 502/502 499/499 503/503
f 500/500 503/503 499/499
f 504/504 498/498 505/505
f 499/499 505/505 498/498
f 495/495 501/501 506/506
f 507/507 506/506 501/501
f 508/508 500/500 509/509
f 501/501 509/509 500/500
f 511/511 510/510 512/512
f 513/513 512/512 510/510
f 515/515 514/514 516/516
f 517/517 516/516 514/514
f 518/518 515/515 519/519
f 516/516 519/519 515/515
f 520/520 514/514 521/521
f 515/515 521/521 514/514
f 523/523 522/522 524/524
f 525/525 524/524 522/522
f 526/526 516/516 527/527
f 517/517 527/527 516/516
f 529/529 528/528 530/530
f 531/531 530/530 528/528
f 530/530 531/531 532/532
f 533/533 532/532 531/531
f 532/532 533/533 534/534
f 535/535 534/534 533/533
f 536/536 534/534 535/535
f 537/537 536/536 538/538
f 539/539 538/538 536/536
f 538/538 539/539 540/540
f 541/541 540/540 539/539
f 540/540 541/541 542/542
f 543/543 542/542 541/541
f 542/542 543/543 529/529
f 528/528 529/529 543/543
f 545/545 544/544 546/546
f 547/547 546/546 544/544
f 548/548 547/547 544/544
f 550/550 549/549 548/548
f 552/552 551/551 550/550
f 553/553 550/550 551/551
f 551/551 554/554 553/553
f 555/555 553/553 554/554
f 556/556 555/555 554/554
f 558/558 557/557 556/556
f 559/559 545/545 558/558
f 546/546 558/558 545/545
f 561/561 560/560 562/562
f 562/562 560/560 563/563
f 563/563 560/560 564/564
f 564/564 560/560 565/565
f 565/565 560/560 566/566
f 566/566 560/560 567/567
f 567/567 560/560 568/568
f 568/568 560/560 561/561
f 570/570 569/569 571/571
f 572/572 571/571 569/569
f 571/571 572/572 573/573
f 574/574 573/573 572/572
f 573/573 574/574 575/575
f 576/576 575/575 574/574
f 575/575 576/576 577/577
f 578/578 577/577 576/576
f 577/577 578/578 579/579
f 580/580 579/579 578/578
f 579/579 580/580 581/581
f 582/582 581/581 580/580
f 581/581 582/582 583/583
f 584/584 583/583 582/582
f 583/583 584/584 570/570
f 569/569 570/570 584/584
f 586/586 585/585 587/587
f 588/588 587/587 585/585
f 587/587 588/588 589/589
f 590/590 589/589 588/588
f 589/589 590/590 591/591
f 592/592 591/591 590/590
f 591/591 592/592 593/593
f 594/594 593/593 592/592
f 593/593 594/594 595/595
f 596/596 595/595 594/594
f 595/595 596/596 597/597
f 598/598 597/597 596/596
f 597/597 598/598 599/599
f 600/600 599/599 598/598
f 599/599 600/600 586/586
f 585/585 586/586 600/600
f 602/602 601/601 603/603
f 604/604 603/603 601/601
f 606/606 605/605 603/603
f 602/602 603/603 605/605
f 608/608 607/607 606/606
f 605/605 606/606 607/607
f 610/610 609/609 608/608
f 607/607 608/608 609/609
f 612/612 611/611 610/610
f 609/609 610/610 611/611
f 614/614 613/613 612/612
f 611/611 612/612 613/613
f 616/616 615/615 614/614
f 613/613 614/614 615/615
f 601/601 615/615 604/604
f 616/616 604/604 615/615
f 528/528 546/546 531/531
f 547/547 531/531 546/546
f 531/531 547/547 533/533
f 549/549 533/533 547/547
f 533/533 549/549 535/535
f 550/550 535/535 549/549
f 535/535 550/550 536/536
f 553/553 536/536 550/550
f 536/536 553/553 539/539
f 555/555 539/539 553/553
f 539/539 555/555 541/541
f 557/557 541/541 555/555
f 541/541 557/557 543/543
f 558/558 543/543 557/557
f 543/543 558/558 528/528
f 546/546 528/528 558/558
f 618/618 617/617 619/619
f 621/621 620/620 622/622
f 623/623 622/622 620/620
f 622/622 623/623 624/624
f 625/625 624/624 623/623
f 624/624 625/625 626/626
f 627/627 626/626 625/625
f 626/626 627/627 628/628
f 629/629 628/628 627/627
f 628/628 629/629 630/630
f 631/631 630/630 629/629
f 630/630 631/631 632/632
f 633/633 632/632 631/631
f 632/632 633/633 634/634
f 635/635 634/634 633/633
f 634/634 635/635 621/621
f 620/620 621/621 635/635
f 637/637 636/636 638/638
f 640/640 639/639 641/641
f 638/638 639/639 642/642
f 638/638 642/642 637/637
f 638/638 636/636 639/639
f 640/640 641/641 637/637
f 537/537 534/534 536/536
f 552/552 550/550 548/548
f 549/549 547/547 548/548
f 559/559 558/558 556/556
f 557/557 555/555 556/556
f 644/644 643/643 645/645
f 646/646 645/645 643/643
f 647/647 643/643 644/644
f 646/646 618/618 645/645
f 619/619 645/645 618/618
f 649/649 648/648 650/650
f 652/652 651/651 653/653
f 654/654 653/653 651/651
f 655/655 651/651 652/652
f 654/654 649/649 653/653
f 650/650 653/653 649/649
f 188/188 179/179 180/180
f 657/657 656/656 658/658
f 656/656 659/659 658/658
f 660/660 657/657 661/661
f 662/662 661/661 659/659
f 664/664 663/663 665/665
f 665/665 657/657 664/664
f 657/657 660/660 664/664
f 664/664 660/660 663/663
f 663/663 660/660 666/666
f 660/660 667/667 666/666
f 662/662 666/666 667/667
f 668/668 666/666 662/662
f 660/660 661/661 667/667
f 662/662 667/667 661/661
f 668/668 665/665 666/666
f 663/663 666/666 665/665
f 661/661 658/658 659/659
f 661/661 657/657 658/658
f 670/670 669/669 671/671
f 672/672 669/669 670/670
f 672/672 673/673 674/674
f 674/674 675/675 672/672
f 676/676 673/673 670/670
f 677/677 674/674 678/678
f 677/677 679/679 674/674
f 679/679 677/677 680/680
f 675/675 674/674 679/679
f 681/681 166/166 167/167
f 167/167 682/682 675/675
f 171/171 670/670 170/170
f 670/670 171/171 683/683
f 174/174 681/681 684/684
f 681/681 174/174 166/166
f 686/686 685/685 687/687
f 685/685 686/686 688/688
f 690/690 689/689 691/691
f 693/693 692/692 694/694
f 695/695 688/688 696/696
f 695/695 696/696 697/697
f 695/695 697/697 689/689
f 697/697 698/698 689/689
f 691/691 698/698 699/699
f 701/701 700/700 692/692
f 696/696 688/688 702/702
f 702/702 193/193 703/703
f 193/193 702/702 195/195
f 193/193 704/704 703/703
f 704/704 193/193 705/705
f 705/705 198/198 706/706
f 708/708 707/707 709/709
f 711/711 710/710 712/712
f 710/710 711/711 713/713
f 709/709 706/706 206/206
f 700/700 709/709 207/207
f 700/700 701/701 711/711
f 713/713 711/711 701/701
f 710/710 713/713 714/714
f 716/716 715/715 717/717
f 718/718 701/701 719/719
f 713/713 718/718 714/714
f 720/720 716/716 721/721
f 716/716 720/720 715/715
f 720/720 718/718 715/715
f 718/718 720/720 722/722
f 722/722 714/714 718/718
f 714/714 722/722 723/723
f 725/725 724/724 726/726
f 724/724 727/727 728/728
f 727/727 724/724 725/725
f 728/728 729/729 724/724
f 731/731 730/730 732/732
f 734/734 733/733 727/727
f 733/733 734/734 735/735
f 231/231 734/734 736/736
f 231/231 232/232 734/734
f 737/737 734/734 232/232
f 734/734 737/737 735/735
f 236/236 738/738 235/235
f 739/739 738/738 740/740
f 738/738 741/741 742/742
f 741/741 738/738 739/739
f 744/744 743/743 745/745
f 746/746 244/244 747/747
f 749/749 748/748 750/750
f 752/752 751/751 753/753
f 751/751 752/752 754/754
f 255/255 751/751 755/755
f 751/751 255/255 256/256
f 750/750 756/756 757/757
f 758/758 756/756 759/759
f 756/756 758/758 760/760
f 761/761 262/262 263/263
f 762/762 265/265 763/763
f 265/265 762/762 268/268
f 764/764 269/269 746/746
f 272/272 761/761 765/765
f 761/761 272/272 262/262
f 763/763 265/265 766/766
f 768/768 767/767 769/769
f 770/770 768/768 769/769
f 769/769 771/771 770/770
f 772/772 770/770 771/771
f 773/773 772/772 771/771
f 771/771 774/774 773/773
f 773/773 774/774 775/775
f 773/773 775/775 776/776
f 771/771 769/769 774/774
f 778/778 777/777 769/769
f 775/775 774/774 777/777
f 777/777 776/776 775/775
f 776/776 777/777 779/779
f 777/777 778/778 779/779
f 781/781 780/780 778/778
f 780/780 781/781 782/782
f 783/783 778/778 769/769
f 785/785 784/784 786/786
f 784/784 785/785 787/787
f 786/786 784/784 788/788
f 790/790 789/789 788/788
f 785/785 791/791 789/789
f 789/789 787/787 785/785
f 784/784 792/792 793/793
f 792/792 784/784 787/787
f 794/794 784/784 793/793
f 784/784 794/794 790/790
f 794/794 789/789 790/790
f 789/789 794/794 795/795
f 797/797 796/796 794/794
f 795/795 794/794 796/796
f 798/798 795/795 796/796
f 795/795 798/798 792/792
f 675/675 799/799 800/800
f 801/801 799/799 797/797
f 796/796 797/797 669/669
f 669/669 672/672 796/796
f 672/672 675/675 800/800
f 803/803 802/802 804/804
f 802/802 803/803 805/805
f 806/806 722/722 807/807
f 807/807 808/808 806/806
f 722/722 809/809 807/807
f 809/809 722/722 720/720
f 807/807 810/810 804/804
f 810/810 807/807 809/809
f 811/811 803/803 804/804
f 803/803 811/811 812/812
f 813/813 665/665 659/659
f 812/812 811/811 814/814
f 802/802 814/814 815/815
f 806/806 721/721 723/723
f 816/816 809/809 721/721
f 323/323 198/198 705/705
f 193/193 324/324 705/705
f 327/327 325/325 817/817
f 817/817 328/328 329/329
f 328/328 817/817 818/818
f 332/332 818/818 819/819
f 739/739 745/745 741/741
f 813/813 657/657 665/665
f 810/810 816/816 814/814
f 816/816 810/810 809/809
f 814/814 816/816 808/808
f 808/808 804/804 815/815
f 804/804 808/808 807/807
f 678/678 674/674 673/673
f 678/678 673/673 676/676
f 821/821 820/820 822/822
f 823/823 337/337 338/338
f 337/337 823/823 824/824
f 822/822 341/341 342/342
f 341/341 822/822 825/825
f 822/822 820/820 826/826
f 822/822 342/342 827/827
f 822/822 826/826 825/825
f 823/823 828/828 824/824
f 341/341 825/825 347/347
f 826/826 829/829 830/830
f 829/829 826/826 820/820
f 820/820 831/831 829/829
f 831/831 820/820 821/821
f 832/832 828/828 833/833
f 834/834 826/826 830/830
f 826/826 834/834 825/825
f 835/835 828/828 823/823
f 828/828 835/835 833/833
f 678/678 836/836 677/677
f 357/357 836/836 356/356
f 836/836 357/357 677/677
f 356/356 836/836 837/837
f 836/836 678/678 837/837
f 837/837 678/678 676/676
f 359/359 764/764 753/753
f 764/764 359/359 269/269
f 729/729 838/838 754/754
f 749/749 757/757 838/838
f 728/728 749/749 729/729
f 727/727 733/733 748/748
f 750/750 748/748 756/756
f 749/749 750/750 757/757
f 752/752 764/764 731/731
f 764/764 752/752 753/753
f 749/749 838/838 729/729
f 840/840 839/839 841/841
f 839/839 840/840 842/842
f 841/841 843/843 844/844
f 843/843 841/841 839/839
f 845/845 844/844 843/843
f 845/845 842/842 840/840
f 842/842 845/845 846/846
f 842/842 847/847 839/839
f 847/847 842/842 848/848
f 843/843 839/839 847/847
f 846/846 843/843 849/849
f 846/846 848/848 842/842
f 848/848 846/846 850/850
f 847/847 848/848 851/851
f 847/847 852/852 849/849
f 852/852 847/847 853/853
f 849/849 854/854 850/850
f 854/854 849/849 852/852
f 850/850 851/851 848/848
f 851/851 850/850 854/854
f 853/853 851/851 855/855
f 853/853 856/856 852/852
f 856/856 853/853 857/857
f 854/854 852/852 856/856
f 851/851 854/854 858/858
f 840/840 841/841 859/859
f 841/841 844/844 860/860
f 859/859 861/861 862/862
f 861/861 860/860 862/862
f 859/859 863/863 840/840
f 863/863 859/859 864/864
f 864/864 859/859 862/862
f 862/862 860/860 864/864
f 866/866 865/865 867/867
f 868/868 865/865 866/866
f 869/869 865/865 868/868
f 867/867 865/865 869/869
f 867/867 870/870 866/866
f 870/870 867/867 871/871
f 866/866 872/872 868/868
f 872/872 866/866 870/870
f 869/869 868/868 872/872
f 869/869 871/871 867/867
f 871/871 869/869 873/873
f 871/871 874/874 870/870
f 874/874 871/871 875/875
f 872/872 870/870 874/874
f 873/873 872/872 876/876
f 873/873 875/875 871/871
f 875/875 873/873 877/877
f 874/874 875/875 878/878
f 874/874 879/879 876/876
f 879/879 874/874 880/880
f 876/876 881/881 877/877
f 881/881 876/876 879/879
f 875/875 877/877 881/881
f 844/844 864/864 860/860
f 864/864 844/844 863/863
f 883/883 882/882 884/884
f 882/882 883/883 885/885
f 883/883 886/886 885/885
f 886/886 883/883 887/887
f 882/882 885/885 888/888
f 885/885 886/886 888/888
f 889/889 882/882 888/888
f 888/888 886/886 889/889
f 884/884 890/890 891/891
f 890/890 884/884 892/892
f 891/891 890/890 893/893
f 894/894 882/882 889/889
f 882/882 894/894 892/892
f 882/882 892/892 884/884
f 886/886 894/894 889/889
f 894/894 886/886 893/893
f 886/886 887/887 893/893
f 896/896 895/895 897/897
f 895/895 896/896 898/898
f 895/895 898/898 899/899
f 900/900 422/422 901/901
f 903/903 902/902 904/904
f 902/902 903/903 905/905
f 422/422 429/429 906/906
f 679/679 680/680 686/686
f 422/422 906/906 907/907
f 751/751 359/359 753/753
f 359/359 751/751 256/256
f 706/706 704/704 705/705
f 704/704 706/706 707/707
f 904/904 899/899 903/903
f 895/895 899/899 904/904
f 814/814 802/802 805/805
f 804/804 802/802 815/815
f 810/810 814/814 811/811
f 804/804 810/810 811/811
f 723/723 721/721 716/716
f 816/816 721/721 806/806
f 806/806 808/808 816/816
f 722/722 806/806 723/723
f 701/701 718/718 713/713
f 694/694 692/692 908/908
f 434/434 694/694 433/433
f 689/689 685/685 695/695
f 685/685 689/689 690/690
f 690/690 691/691 693/693
f 719/719 691/691 717/717
f 691/691 719/719 692/692
f 717/717 715/715 719/719
f 685/685 688/688 695/695
f 760/760 755/755 838/838
f 760/760 255/255 755/755
f 255/255 760/760 435/435
f 748/748 733/733 756/756
f 792/792 789/789 795/795
f 789/789 792/792 787/787
f 798/798 793/793 792/792
f 793/793 798/798 801/801
f 797/797 794/794 793/793
f 793/793 801/801 797/797
f 694/694 436/436 684/684
f 684/684 690/690 693/693
f 690/690 684/684 687/687
f 685/685 690/690 687/687
f 693/693 691/691 692/692
f 716/716 717/717 699/699
f 681/681 675/675 679/679
f 684/684 681/681 687/687
f 174/174 684/684 436/436
f 679/679 686/686 687/687
f 758/758 263/263 437/437
f 761/761 263/263 758/758
f 909/909 735/735 910/910
f 735/735 909/909 733/733
f 737/737 762/762 735/735
f 728/728 748/748 749/749
f 727/727 748/748 728/728
f 738/738 742/742 440/440
f 759/759 761/761 758/758
f 910/910 765/765 909/909
f 765/765 910/910 766/766
f 765/765 441/441 272/272
f 441/441 765/765 766/766
f 726/726 724/724 732/732
f 739/739 726/726 744/744
f 766/766 265/265 441/441
f 798/798 796/796 672/672
f 672/672 800/800 798/798
f 800/800 799/799 798/798
f 912/912 911/911 913/913
f 911/911 914/914 913/913
f 915/915 912/912 916/916
f 914/914 917/917 918/918
f 918/918 916/916 914/914
f 920/920 919/919 921/921
f 921/921 912/912 920/920
f 912/912 915/915 920/920
f 920/920 915/915 919/919
f 919/919 915/915 922/922
f 915/915 923/923 922/922
f 918/918 922/922 923/923
f 924/924 922/922 918/918
f 917/917 924/924 918/918
f 915/915 916/916 923/923
f 918/918 923/923 916/916
f 924/924 921/921 922/922
f 919/919 922/922 921/921
f 916/916 913/913 914/914
f 916/916 912/912 913/913
f 921/921 917/917 914/914
f 917/917 921/921 924/924
f 926/926 925/925 927/927
f 925/925 926/926 928/928
f 930/930 929/929 927/927
f 929/929 930/930 931/931
f 932/932 926/926 927/927
f 926/926 932/932 933/933
f 934/934 921/921 914/914
f 933/933 932/932 935/935
f 925/925 936/936 937/937
f 934/934 912/912 921/921
f 929/929 938/938 936/936
f 938/938 929/929 931/931
f 936/936 938/938 939/939
f 939/939 927/927 937/937
f 927/927 939/939 930/930
f 936/936 925/925 928/928
f 927/927 925/925 937/937
f 929/929 936/936 932/932
f 927/927 929/929 932/932
f 671/671 669/669 940/940
f 671/671 472/472 473/473
f 472/472 671/671 940/940
f 356/356 941/941 475/475
f 941/941 356/356 837/837
f 676/676 683/683 942/942
f 683/683 676/676 670/670
f 837/837 942/942 941/941
f 942/942 837/837 676/676
f 736/736 734/734 740/740
f 726/726 739/739 740/740
f 743/743 744/744 477/477
f 943/943 726/726 732/732
f 479/479 943/943 747/747
f 943/943 479/479 477/477
f 730/730 747/747 732/732
f 747/747 943/943 732/732
f 747/747 244/244 479/479
f 746/746 269/269 244/244
f 744/744 726/726 943/943
f 821/821 822/822 827/827
f 835/835 823/823 480/480
f 481/481 902/902 905/905
f 902/902 481/481 482/482
f 480/480 823/823 338/338
f 433/433 694/694 908/908
f 694/694 434/434 436/436
f 687/687 681/681 679/679
f 483/483 824/824 827/827
f 824/824 483/483 337/337
f 711/711 712/712 708/708
f 708/708 709/709 711/711
f 681/681 167/167 675/675
f 701/701 692/692 719/719
f 207/207 709/709 206/206
f 700/700 207/207 485/485
f 710/710 716/716 699/699
f 710/710 699/699 698/698
f 708/708 712/712 698/698
f 708/708 697/697 707/707
f 697/697 708/708 698/698
f 707/707 696/696 704/704
f 696/696 707/707 697/697
f 703/703 704/704 696/696
f 702/702 703/703 696/696
f 710/710 714/714 716/716
f 706/706 198/198 206/206
f 325/325 486/486 819/819
f 328/328 818/818 487/487
f 818/818 332/332 487/487
f 817/817 325/325 818/818
f 325/325 819/819 818/818
f 332/332 819/819 486/486
f 831/831 821/821 828/828
f 944/944 825/825 834/834
f 900/900 901/901 945/945
f 901/901 422/422 907/907
f 828/828 821/821 824/824
f 824/824 821/821 827/827
f 831/831 828/828 832/832
f 347/347 825/825 944/944
f 943/943 477/477 744/744
f 743/743 477/477 490/490
f 727/727 725/725 740/740
f 725/725 726/726 740/740
f 746/746 747/747 730/730
f 910/910 763/763 766/766
f 838/838 751/751 754/754
f 751/751 838/838 755/755
f 729/729 754/754 752/752
f 827/827 342/342 483/483
f 738/738 440/440 235/235
f 738/738 736/736 740/740
f 738/738 236/236 736/736
f 736/736 236/236 231/231
f 435/435 758/758 491/491
f 758/758 435/435 760/760
f 759/759 756/756 909/909
f 909/909 756/756 733/733
f 491/491 758/758 437/437
f 757/757 756/756 760/760
f 760/760 838/838 757/757
f 724/724 729/729 752/752
f 724/724 752/752 731/731
f 909/909 765/765 759/759
f 759/759 765/765 761/761
f 910/910 735/735 762/762
f 268/268 737/737 492/492
f 737/737 268/268 762/762
f 737/737 232/232 492/492
f 762/762 763/763 910/910
f 744/744 745/745 739/739
f 812/812 814/814 946/946
f 814/814 805/805 946/946
f 932/932 936/936 935/935
f 936/936 928/928 935/935
f 799/799 669/669 797/797
f 799/799 801/801 798/798
f 672/672 670/670 673/673
f 779/779 778/778 780/780
f 846/846 849/849 850/850
f 845/845 843/843 846/846
f 891/891 893/893 887/887
f 874/874 878/878 880/880
f 853/853 855/855 857/857
f 847/847 851/851 853/853
f 843/843 847/847 849/849
f 872/872 874/874 876/876
f 869/869 872/872 873/873
f 873/873 876/876 877/877
f 841/841 860/860 861/861
f 859/859 841/841 861/861
f 875/875 881/881 878/878
f 854/854 856/856 858/858
f 936/936 939/939 937/937
f 814/814 808/808 815/815
f 789/789 791/791 788/788
f 809/809 720/720 721/721
f 691/691 699/699 717/717
f 694/694 684/684 693/693
f 784/784 790/790 788/788
f 718/718 719/719 715/715
f 700/700 711/711 709/709
f 707/707 706/706 709/709
f 710/710 698/698 712/712
f 723/723 716/716 714/714
f 170/170 671/671 473/473
f 671/671 170/170 670/670
f 769/769 777/777 774/774
f 851/851 858/858 855/855
f 727/727 740/740 734/734
f 948/948 947/947 949/949
f 947/947 948/948 950/950
f 952/952 951/951 953/953
f 951/951 952/952 954/954
f 955/955 953/953 956/956
f 953/953 955/955 952/952
f 957/957 951/951 958/958
f 951/951 957/957 953/953
f 959/959 954/954 949/949
f 954/954 959/959 960/960
f 961/961 952/952 962/962
f 952/952 961/961 954/954
f 964/964 963/963 965/965
f 963/963 964/964 966/966
f 968/968 967/967 969/969
f 967/967 968/968 970/970
f 971/971 969/969 972/972
f 969/969 971/971 968/968
f 973/973 967/967 974/974
f 967/967 973/973 969/969
f 976/976 975/975 977/977
f 975/975 976/976 978/978
f 979/979 968/968 980/980
f 968/968 979/979 970/970
f 982/982 981/981 983/983
f 981/981 982/982 984/984
f 985/985 984/984 982/982
f 984/984 985/985 986/986
f 987/987 986/986 985/985
f 986/986 987/987 988/988
f 988/988 987/987 989/989
f 990/990 989/989 991/991
f 989/989 990/990 992/992
f 993/993 992/992 990/990
f 992/992 993/993 994/994
f 995/995 994/994 993/993
f 994/994 995/995 996/996
f 983/983 996/996 995/995
f 996/996 983/983 981/981
f 998/998 997/997 999/999
f 997/997 998/998 1000/1000
f 997/997 1000/1000 1001/1001
f 1001/1001 1002/1002 1003/1003
f 1003/1003 1004/1004 1005/1005
f 1004/1004 1003/1003 1006/1006
f 1006/1006 1007/1007 1004/1004
f 1007/1007 1006/1006 1008/1008
f 1007/1007 1008/1008 1009/1009
f 1009/1009 1010/1010 1011/1011
f 1011/1011 999/999 1012/1012
f 999/999 1011/1011 998/998
f 1014/1014 1013/1013 1015/1015
f 1016/1016 1013/1013 1014/1014
f 1017/1017 1013/1013 1016/1016
f 1018/1018 1013/1013 1017/1017
f 1019/1019 1013/1013 1018/1018
f 1020/1020 1013/1013 1019/1019
f 1021/1021 1013/1013 1020/1020
f 1015/1015 1013/1013 1021/1021
f 1023/1023 1022/1022 1024/1024
f 1022/1022 1023/1023 1025/1025
f 1026/1026 1025/1025 1023/1023
f 1025/1025 1026/1026 1027/1027
f 1028/1028 1027/1027 1026/1026
f 1027/1027 1028/1028 1029/1029
f 1030/1030 1029/1029 1028/1028
f 1029/1029 1030/1030 1031/1031
f 1032/1032 1031/1031 1030/1030
f 1031/1031 1032/1032 1033/1033
f 1034/1034 1033/1033 1032/1032
f 1033/1033 1034/1034 1035/1035
f 1036/1036 1035/1035 1034/1034
f 1035/1035 1036/1036 1037/1037
f 1024/1024 1037/1037 1036/1036
f 1037/1037 1024/1024 1022/1022
f 1039/1039 1038/1038 1040/1040
f 1038/1038 1039/1039 1041/1041
f 1042/1042 1041/1041 1039/1039
f 1041/1041 1042/1042 1043/1043
f 1044/1044 1043/1043 1042/1042
f 1043/1043 1044/1044 1045/1045
f 1046/1046 1045/1045 1044/1044
f 1045/1045 1046/1046 1047/1047
f 1048/1048 1047/1047 1046/1046
f 1047/1047 1048/1048 1049/1049
f 1050/1050 1049/1049 1048/1048
f 1049/1049 1050/1050 1051/1051
f 1052/1052 1051/1051 1050/1050
f 1051/1051 1052/1052 1053/1053
f 1040/1040 1053/1053 1052/1052
f 1053/1053 1040/1040 1038/1038
f 1055/1055 1054/1054 1056/1056
f 1054/1054 1055/1055 1057/1057
f 1055/1055 1058/1058 1059/1059
f 1058/1058 1055/1055 1056/1056
f 1059/1059 1060/1060 1061/1061
f 1060/1060 1059/1059 1058/1058
f 1061/1061 1062/1062 1063/1063
f 1062/1062 1061/1061 1060/1060
f 1063/1063 1064/1064 1065/1065
f 1064/1064 1063/1063 1062/1062
f 1065/1065 1066/1066 1067/1067
f 1066/1066 1065/1065 1064/1064
f 1067/1067 1068/1068 1069/1069
f 1068/1068 1067/1067 1066/1066
f 1057/1057 1068/1068 1054/1054
f 1068/1068 1057/1057 1069/1069
f 984/984 998/998 981/981
f 998/998 984/984 1000/1000
f 986/986 1000/1000 984/984
f 1000/1000 986/986 1002/1002
f 988/988 1002/1002 986/986
f 1002/1002 988/988 1003/1003
f 989/989 1003/1003 988/988
f 1003/1003 989/989 1006/1006
f 992/992 1006/1006 989/989
f 1006/1006 992/992 1008/1008
f 994/994 1008/1008 992/992
f 1008/1008 994/994 1010/1010
f 996/996 1010/1010 994/994
f 1010/1010 996/996 1011/1011
f 981/981 1011/1011 996/996
f 1011/1011 981/981 998/998
f 1071/1071 1070/1070 1072/1072
f 1074/1074 1073/1073 1075/1075
f 1073/1073 1074/1074 1076/1076
f 1077/1077 1076/1076 1074/1074
f 1076/1076 1077/1077 1078/1078
f 1079/1079 1078/1078 1077/1077
f 1078/1078 1079/1079 1080/1080
f 1081/1081 1080/1080 1079/1079
f 1080/1080 1081/1081 1082/1082
f 1083/1083 1082/1082 1081/1081
f 1082/1082 1083/1083 1084/1084
f 1085/1085 1084/1084 1083/1083
f 1084/1084 1085/1085 1086/1086
f 1087/1087 1086/1086 1085/1085
f 1086/1086 1087/1087 1088/1088
f 1075/1075 1088/1088 1087/1087
f 1088/1088 1075/1075 1073/1073
f 1090/1090 1089/1089 1091/1091
f 1093/1093 1092/1092 1094/1094
f 1095/1095 1092/1092 1090/1090
f 1091/1091 1095/1095 1090/1090
f 1092/1092 1089/1089 1090/1090
f 1091/1091 1093/1093 1094/1094
f 989/989 987/987 991/991
f 1001/1001 1003/1003 1005/1005
f 1001/1001 1000/1000 1002/1002
f 1009/1009 1011/1011 1012/1012
f 1009/1009 1008/1008 1010/1010
f 1097/1097 1096/1096 1098/1098
f 1096/1096 1097/1097 1099/1099
f 1098/1098 1096/1096 1100/1100
f 1097/1097 1072/1072 1099/1099
f 1072/1072 1097/1097 1071/1071
f 1102/1102 1101/1101 1103/1103
f 1105/1105 1104/1104 1106/1106
f 1104/1104 1105/1105 1107/1107
f 1106/1106 1104/1104 1108/1108
f 1105/1105 1103/1103 1107/1107
f 1103/1103 1105/1105 1102/1102
f 691/691 689/689 698/698
f 147/147 1109/1109 144/144
f 147/147 153/153 1109/1109
f 144/144 1109/1109 149/149
f 153/153 149/149 1109/1109
f 659/659 1110/1110 662/662
f 1110/1110 668/668 662/662
f 665/665 1110/1110 659/659
f 1110/1110 665/665 668/668

