mtllib pet_brunnhilde.mtl

g pet_brunnhilde#0
v -35.985480 -1.171432 105.077700
v -30.641330 -0.178291 110.924200
v -32.327290 -0.241884 112.613500
v -38.301820 -1.507198 106.712600
v -35.349120 1.851021 104.158200
v -30.153350 2.859754 109.305500
v -36.971840 4.296835 104.264000
v -39.288170 4.314528 106.128300
v -33.184620 6.132585 111.987500
v -31.498660 6.196180 110.298100
v -34.196860 2.671401 113.490100
v -29.020650 0.972275 121.934100
v -30.850060 4.107937 124.085400
v -30.845090 3.845538 121.179000
v -26.333410 -0.433604 116.357700
v -28.396890 -0.556910 117.904400
v -40.512920 1.376241 107.809700
v -34.341200 0.184355 112.064500
v -37.730750 1.933522 110.397700
v -34.193040 -1.338483 110.526200
v -38.814420 -2.425432 106.978700
v -40.055170 1.531933 108.682600
v -40.936500 -1.662774 106.762700
v -42.688590 1.079766 108.234700
v -23.704620 4.074684 113.779500
v -21.034340 4.605923 115.593900
v -22.950600 0.446380 117.509700
v -17.443430 5.428441 119.654800
v -20.333480 2.421716 118.039400
v -31.163530 3.572385 118.612700
v -35.433630 2.589339 113.839700
v -36.337240 -2.291840 107.668100
v -30.102100 7.120484 121.493000
v -26.645460 10.100670 115.452900
v -29.087760 9.950837 117.284300
v -35.369130 4.858541 111.529200
v -35.147680 6.166566 109.421900
v -39.807520 5.308663 106.278800
v -41.665270 4.012738 106.249100
v -23.723840 8.702655 115.929500
v -20.797780 7.424670 117.224500
v -37.747510 5.996563 106.797600
v 35.985550 -1.171431 105.077700
v 38.301890 -1.507199 106.712600
v 32.327360 -0.241884 112.613500
v 30.641400 -0.178290 110.924200
v 35.349180 1.851023 104.158200
v 30.153420 2.859755 109.305500
v 36.971890 4.296835 104.264000
v 31.498730 6.196180 110.298100
v 33.184680 6.132585 111.987500
v 39.288240 4.314529 106.128300
v 34.196930 2.671388 113.490100
v 29.020730 0.972273 121.934000
v 30.845170 3.845538 121.179000
v 30.850130 4.107940 124.085400
v 26.333480 -0.433604 116.357700
v 28.396960 -0.556909 117.904400
v 40.512980 1.376244 107.809700
v 34.341270 0.184354 112.064500
v 34.193110 -1.338485 110.526200
v 37.730820 1.933528 110.397700
v 38.814490 -2.425433 106.978700
v 40.936570 -1.662774 106.762700
v 40.055230 1.531935 108.682600
v 42.688660 1.079773 108.234700
v 23.704690 4.074689 113.779500
v 22.950670 0.446380 117.509700
v 21.034420 4.605979 115.593900
v 20.333560 2.421715 118.039300
v 17.443500 5.428431 119.654800
v 31.163600 3.572385 118.612700
v 35.433720 2.589413 113.839700
v 36.337300 -2.291840 107.668100
v 30.102180 7.120484 121.493000
v 26.645530 10.100670 115.452900
v 29.087830 9.950837 117.284300
v 35.369200 4.858542 111.529200
v 35.147750 6.166567 109.421900
v 39.807590 5.308663 106.278800
v 41.665330 4.012739 106.249100
v 23.723910 8.702656 115.929500
v 20.797860 7.424671 117.224500
v 37.747570 5.996562 106.797600
v 18.964330 -1.346514 111.458700
v 21.249780 -0.310568 111.630200
v 16.904960 4.240275 115.667400
v 14.437800 3.065330 114.971000
v 20.760110 -3.354414 105.967500
v 23.281530 -2.788339 106.329200
v 19.744050 -4.736764 99.143960
v 22.370420 -4.019332 99.795270
v 23.091830 1.652184 90.313290
v 25.225330 1.708117 83.146130
v 26.481370 2.402164 85.320090
v 24.576070 2.187118 91.694040
v 37.030190 17.294810 80.278090
v 37.494110 16.978200 83.353160
v 32.516090 10.184730 83.375050
v 31.500160 10.168530 80.844400
v 43.590820 29.532530 81.693930
v 43.063270 29.270520 85.495060
v 20.450010 -0.823970 96.089820
v 22.988320 -0.082675 97.257120
v 19.744050 -4.736764 99.143960
v 14.794880 3.907765 109.727200
v 17.113370 1.303925 106.826900
v 18.964330 -1.346514 111.458700
v 14.437800 3.065330 114.971000
v 18.213500 0.123297 102.600800
v 20.760110 -3.354414 105.967500
v 9.859106 8.681166 114.041600
v 12.116870 9.970259 114.794900
v 8.422855 14.790900 110.735500
v 6.536314 13.447500 110.225900
v 6.188152 18.414060 105.651500
v 3.997197 17.261780 104.956200
v 8.803198 22.481090 96.225840
v 10.112790 24.311620 97.980440
v 9.346148 29.186230 94.341640
v 7.606887 28.733200 91.708370
v 28.026390 31.591180 83.906750
v 17.854480 31.119340 87.197030
v 18.994120 31.441610 89.750850
v 28.463750 31.705770 86.565380
v 6.539616 17.615600 101.012800
v 3.997197 17.261780 104.956200
v 8.765410 18.644110 102.185200
v 9.859106 8.681166 114.041600
v 11.329900 8.328901 108.555800
v 6.536314 13.447500 110.225900
v 9.121624 11.533090 105.514800
v 22.988320 -0.082675 97.257120
v 24.918170 4.535356 96.146400
v 23.412150 6.619871 100.108600
v 31.334470 22.434900 89.411350
v 32.145320 16.153270 87.793850
v 32.850880 23.214960 89.679340
v 23.823240 0.581156 96.000180
v 27.400980 11.438860 92.513620
v 24.927830 16.275290 97.753900
v 20.781000 1.129597 107.783000
v 18.640910 8.558645 106.943300
v 17.184430 5.785697 111.318400
v 21.249780 -0.310568 111.630200
v 16.904960 4.240275 115.667400
v 25.158340 9.290218 96.082330
v 23.276070 13.147510 103.897100
v 32.516090 10.184730 83.375050
v 37.494110 16.978200 83.353160
v 21.588840 4.168094 103.692800
v 26.481370 2.402164 85.320090
v 23.281530 -2.788339 106.329200
v 19.744050 -4.736764 99.143960
v 20.450010 -0.823970 96.089820
v 24.576070 2.187118 91.694040
v 22.370420 -4.019332 99.795270
v 35.326190 24.983410 87.506780
v 43.063270 29.270520 85.495060
v 23.823240 0.581156 96.000180
v 8.765410 18.644110 102.185200
v 16.404790 16.749670 103.048700
v 13.490030 20.267120 100.561200
v 25.446950 26.113460 90.483310
v 9.127516 20.460860 101.377700
v 20.777720 22.075120 96.370560
v 12.453290 11.219820 110.221400
v 12.116870 9.970259 114.794900
v 18.515230 19.492250 99.561770
v 18.994120 31.441610 89.750850
v 28.463750 31.705770 86.565380
v 14.562980 13.925610 106.290600
v 9.346148 29.186230 94.341640
v 8.422855 14.790900 110.735500
v 3.997197 17.261780 104.956200
v 6.539616 17.615600 101.012800
v 10.112790 24.311620 97.980440
v 6.188152 18.414060 105.651500
v 9.127516 20.460860 101.377700
v 65.770920 77.097560 -24.705820
v 67.853140 81.367320 -21.079570
v 64.494720 58.016410 -11.743630
v 55.862370 53.170410 -17.178880
v 62.065790 36.916680 4.565034
v 50.315610 28.889310 -1.139844
v 58.950120 28.908080 23.198540
v 47.213340 17.342330 17.807060
v 56.828060 34.834050 44.448930
v 48.352930 31.434110 59.275470
v 46.435970 21.344130 57.270970
v 53.169360 21.205480 40.257770
v 64.531270 66.022940 -4.375410
v 63.208660 52.014970 9.795685
v 65.431450 41.728230 27.808690
v 39.482520 11.856570 54.734830
v 43.965640 12.130370 37.461830
v 67.461290 83.189350 -16.447270
v 39.550500 29.450750 74.053610
v 38.258530 22.579970 72.809010
v 35.081290 14.869050 71.618820
v 34.123630 32.952860 -12.382360
v 38.164200 33.447360 -13.876880
v 42.365000 28.644020 -1.302921
v 35.316800 28.640470 -1.769620
v 43.286250 23.689950 12.513300
v 33.687180 22.263720 10.702700
v 43.052680 17.435860 25.277720
v 33.067510 14.833960 23.961260
v 42.417190 19.923180 60.395650
v 37.778150 15.352130 59.964810
v 41.411010 13.901590 40.486400
v 46.742770 19.642430 40.783220
v 47.935610 30.347410 -1.151718
v 51.114260 28.820320 12.472060
v 50.345200 24.438120 25.503080
v 30.194320 13.818950 59.537890
v 32.577710 11.709970 39.937850
v 42.131800 34.482240 -14.625290
v 23.632960 16.613850 9.636486
v 25.857750 17.443160 8.421616
v 29.975190 13.927970 15.560420
v 25.550140 13.160500 16.757000
v 33.036900 8.492570 26.422900
v 25.753730 7.725798 27.733350
v 35.353860 6.665477 37.209590
v 27.330700 5.311319 38.973110
v 38.908130 17.478560 64.022760
v 35.614540 13.811770 65.325180
v 36.912510 10.038760 52.124470
v 41.777450 14.742610 49.696690
v 35.318970 17.439900 14.159800
v 39.743510 13.172070 24.906330
v 42.591210 11.650110 35.185650
v 30.131770 11.359340 65.330460
v 30.560140 7.741523 54.127530
v 29.449940 18.506730 7.668367
v 21.063100 4.161156 27.221610
v 26.589770 3.280494 26.045720
v 28.141090 0.719539 36.074240
v 19.552870 1.731544 36.014630
v 27.225760 0.111851 46.434280
v 17.227320 0.465973 45.515800
v 25.690270 2.156142 58.845550
v 17.432540 1.337739 57.904270
v 31.396040 12.486350 75.294990
v 28.332720 7.923910 77.333480
v 27.671930 5.065764 70.013820
v 33.324650 10.107210 67.363560
v 34.777480 3.956792 35.294320
v 34.485310 5.182488 45.867860
v 33.958420 7.672389 57.410230
v 24.577670 6.915077 78.029450
v 21.352970 4.720784 70.148860
v 29.766890 5.116301 24.965640
v 76.463460 76.993310 -3.895365
v 75.876660 78.394930 2.165401
v 69.290310 65.258240 8.959503
v 70.922910 57.800360 0.494358
v 69.117940 55.954010 21.911880
v 67.101660 43.270950 10.367400
v 67.897510 46.298670 35.771900
v 63.239600 33.334580 27.544920
v 60.451160 47.316030 53.017770
v 51.875350 38.759610 66.417800
v 52.700670 32.118570 63.560620
v 62.090240 36.858400 49.088470
v 58.007800 65.098250 30.561290
v 61.838960 73.580810 15.616900
v 60.796560 56.694970 43.273240
v 49.609870 25.008280 59.105920
v 56.337880 25.310370 46.234990
v 68.165330 80.698520 7.011765
v 43.598690 33.258470 74.594220
v 45.060520 29.835020 73.350940
v 42.843080 25.905380 71.125270
v 51.635930 69.673100 26.308920
v 46.775960 73.917530 27.246040
v 42.647400 69.031710 35.753640
v 54.589800 64.314180 30.287080
v 45.473560 64.195880 46.566930
v 58.801870 58.896140 39.808340
v 48.043670 56.310330 55.667650
v 59.782220 51.363210 48.206450
v 34.089940 50.459720 62.710250
v 35.286170 44.424420 69.872850
v 47.050720 40.016170 68.924870
v 48.838970 48.528740 62.299350
v 28.648640 70.825120 35.482570
v 24.366560 64.307390 46.134230
v 28.507440 56.750480 55.130740
v 50.586540 35.107970 66.400020
v 57.311470 43.752700 56.396850
v 40.362590 75.736240 26.114370
v 32.006570 32.913140 79.273220
v 37.591620 29.794100 77.692350
v 39.722700 27.055370 77.470950
v 17.100610 68.049130 43.860230
v 12.334580 68.572040 45.333440
v 13.834880 63.389920 51.193550
v 23.024890 63.563740 47.765110
v 20.654600 58.985030 58.203260
v 35.055110 58.995040 53.401070
v 30.490110 53.470770 65.719440
v 42.971480 51.714650 60.188390
v 30.311360 39.624220 75.070290
v 36.881140 37.839560 74.814200
v 35.070110 46.566280 69.780940
v 23.925760 48.438320 69.115430
v 7.396959 61.735860 50.737400
v 10.800080 57.622810 58.094570
v 17.145300 53.734100 64.349990
v 41.130110 36.869670 73.778960
v 44.556210 45.055070 66.606830
v 8.037747 68.238960 44.138110
v 12.107680 60.041940 58.295230
v 7.940674 60.563030 57.665570
v 8.145489 56.458100 63.455050
v 16.110580 55.621840 63.246740
v 10.741820 51.027370 69.821880
v 20.430360 50.007710 68.771270
v 12.557270 45.890220 74.674380
v 23.069930 44.283170 73.580540
v 9.887812 35.090230 82.632710
v 15.127230 35.559150 83.626150
v 14.211930 40.737260 80.023280
v 7.679993 42.078320 76.935260
v 1.946182 56.438180 60.319830
v 3.494738 51.973500 66.191480
v 5.858031 47.273930 71.204930
v 20.587860 33.747120 82.373020
v 22.991170 39.150700 78.236810
v 4.120203 60.160270 55.026410
v 82.679600 98.893730 -37.662650
v 31.865270 42.326070 -22.957790
v 20.996070 18.403780 1.056562
v 20.541860 8.903749 17.832790
v 85.825230 94.031010 -5.726576
v 59.411940 80.984210 20.472690
v 14.874360 76.661520 42.193070
v 10.322160 65.678280 51.683320
v -18.964200 -1.346529 111.458700
v -14.437680 3.065329 114.971000
v -16.904830 4.240274 115.667400
v -21.249660 -0.310578 111.630200
v -23.281420 -2.788333 106.329200
v -20.760000 -3.354414 105.967600
v -22.370310 -4.019330 99.795290
v -19.743940 -4.736769 99.143970
v -23.091730 1.652184 90.313320
v -24.575970 2.187109 91.694060
v -26.481270 2.402154 85.320130
v -25.225240 1.708126 83.146160
v -37.030090 17.294800 80.278130
v -31.500070 10.168540 80.844440
v -32.516000 10.184720 83.375080
v -37.494010 16.978190 83.353200
v -43.590730 29.532530 81.693960
v -43.063180 29.270520 85.495100
v -20.449910 -0.823967 96.089850
v -19.743940 -4.736769 99.143970
v -22.988220 -0.082664 97.257140
v -14.794750 3.907764 109.727200
v -14.437680 3.065329 114.971000
v -18.964200 -1.346529 111.458700
v -17.113260 1.303918 106.826900
v -20.760000 -3.354414 105.967600
v -18.213380 0.123305 102.600800
v -9.858983 8.681166 114.041600
v -12.116750 9.970260 114.794900
v -6.536190 13.447500 110.225900
v -8.422730 14.790900 110.735500
v -3.997081 17.261780 104.956200
v -6.188035 18.414060 105.651500
v -8.803090 22.481090 96.225840
v -7.606783 28.733200 91.708390
v -9.346040 29.186230 94.341650
v -10.112680 24.311610 97.980440
v -28.026300 31.591180 83.906780
v -28.463660 31.705760 86.565410
v -18.994020 31.441600 89.750870
v -17.854390 31.119340 87.197050
v -6.539503 17.615600 101.012800
v -8.765295 18.644110 102.185200
v -3.997081 17.261780 104.956200
v -11.329780 8.328899 108.555800
v -9.858983 8.681166 114.041600
v -9.121509 11.533090 105.514800
v -6.536190 13.447500 110.225900
v -22.988220 -0.082664 97.257140
v -23.412040 6.619867 100.108600
v -24.918070 4.535356 96.146430
v -31.334380 22.434890 89.411390
v -32.850780 23.214960 89.679350
v -32.145220 16.153270 87.793890
v -23.823140 0.581151 96.000210
v -27.400880 11.438850 92.513650
v -24.927720 16.275280 97.753930
v -20.780880 1.129592 107.783100
v -17.184300 5.785698 111.318400
v -18.640790 8.558641 106.943300
v -21.249660 -0.310578 111.630200
v -16.904830 4.240274 115.667400
v -25.158240 9.290215 96.082360
v -23.275960 13.147510 103.897200
v -32.516000 10.184720 83.375080
v -37.494010 16.978190 83.353200
v -21.588730 4.168091 103.692800
v -26.481270 2.402154 85.320130
v -23.281420 -2.788333 106.329200
v -19.743940 -4.736769 99.143970
v -20.449910 -0.823967 96.089850
v -24.575970 2.187109 91.694060
v -22.370310 -4.019330 99.795290
v -35.326090 24.983400 87.506810
v -43.063180 29.270520 85.495100
v -23.823140 0.581151 96.000210
v -8.765295 18.644110 102.185200
v -13.489920 20.267120 100.561200
v -16.404680 16.749670 103.048700
v -25.446860 26.113460 90.483340
v -9.127400 20.460860 101.377700
v -20.777610 22.075120 96.370580
v -12.453170 11.219820 110.221400
v -12.116750 9.970260 114.794900
v -18.515120 19.492240 99.561780
v -18.994020 31.441600 89.750870
v -28.463660 31.705760 86.565410
v -14.562860 13.925610 106.290700
v -9.346040 29.186230 94.341650
v -8.422730 14.790900 110.735500
v -3.997081 17.261780 104.956200
v -6.539503 17.615600 101.012800
v -10.112680 24.311610 97.980440
v -6.188035 18.414060 105.651500
v -9.127400 20.460860 101.377700
v -65.770920 77.097580 -24.705800
v -55.862360 53.170430 -17.178860
v -64.494710 58.016420 -11.743600
v -67.853130 81.367340 -21.079550
v -62.065750 36.916690 4.565061
v -50.315600 28.889320 -1.139825
v -47.213300 17.342340 17.807080
v -58.950070 28.908090 23.198570
v -56.828000 34.834060 44.448960
v -53.169310 21.205490 40.257790
v -46.435890 21.344140 57.271000
v -48.352860 31.434110 59.275500
v -64.531240 66.022950 -4.375390
v -63.208610 52.014980 9.795708
v -65.431400 41.728240 27.808720
v -43.965590 12.130380 37.461850
v -39.482460 11.856570 54.734840
v -67.461270 83.189380 -16.447250
v -39.550420 29.450760 74.053630
v -38.258450 22.579980 72.809020
v -35.081210 14.869050 71.618840
v -34.123620 32.952830 -12.382350
v -35.316790 28.640430 -1.769607
v -42.364980 28.643980 -1.302906
v -38.164190 33.447320 -13.876870
v -43.286220 23.689920 12.513320
v -33.687150 22.263690 10.702710
v -33.067470 14.833940 23.961280
v -43.052640 17.435840 25.277740
v -42.417120 19.923170 60.395680
v -46.742730 19.642410 40.783240
v -41.410960 13.901570 40.486420
v -37.778080 15.352120 59.964840
v -47.935590 30.347380 -1.151699
v -51.114240 28.820290 12.472080
v -50.345160 24.438090 25.503100
v -30.194260 13.818940 59.537900
v -32.577660 11.709950 39.937870
v -42.131790 34.482200 -14.625280
v -23.632940 16.613830 9.636497
v -25.550100 13.160480 16.757020
v -29.975170 13.927940 15.560430
v -25.857720 17.443130 8.421627
v -33.036860 8.492550 26.422920
v -25.753680 7.725778 27.733370
v -27.330660 5.311302 38.973130
v -35.353810 6.665461 37.209620
v -38.908060 17.478550 64.022780
v -41.777390 14.742600 49.696710
v -36.912440 10.038750 52.124490
v -35.614460 13.811760 65.325210
v -35.318940 17.439870 14.159820
v -39.743470 13.172050 24.906350
v -42.591170 11.650080 35.185670
v -30.131690 11.359340 65.330480
v -30.560080 7.741513 54.127550
v -29.449910 18.506710 7.668383
v -21.063060 4.161133 27.221620
v -19.552820 1.731527 36.014650
v -28.141040 0.719520 36.074260
v -26.589720 3.280475 26.045740
v -27.225700 0.111836 46.434310
v -17.227260 0.465964 45.515820
v -17.432480 1.337735 57.904280
v -25.690200 2.156134 58.845570
v -31.395950 12.486340 75.295010
v -33.324580 10.107200 67.363570
v -27.671850 5.065759 70.013830
v -28.332630 7.923907 77.333500
v -34.777440 3.956776 35.294340
v -34.485260 5.182473 45.867880
v -33.958340 7.672378 57.410250
v -24.577590 6.915074 78.029470
v -21.352890 4.720779 70.148860
v -29.766840 5.116283 24.965650
v -76.463440 76.993320 -3.895339
v -70.922880 57.800380 0.494387
v -69.290270 65.258260 8.959528
v -75.876630 78.394940 2.165423
v -69.117890 55.954030 21.911910
v -67.101620 43.270970 10.367430
v -63.239550 33.334590 27.544950
v -67.897450 46.298680 35.771920
v -60.451080 47.316040 53.017790
v -62.090170 36.858410 49.088500
v -52.700580 32.118580 63.560630
v -51.875280 38.759610 66.417820
v -58.007740 65.098270 30.561310
v -61.838920 73.580830 15.616910
v -60.796490 56.694980 43.273270
v -56.337810 25.310380 46.235010
v -49.609800 25.008280 59.105950
v -68.165300 80.698530 7.011786
v -43.598610 33.258460 74.594250
v -45.060430 29.835020 73.350940
v -42.843000 25.905390 71.125280
v -51.635880 69.673090 26.308930
v -54.589750 64.314170 30.287090
v -42.647350 69.031700 35.753650
v -46.775910 73.917520 27.246050
v -45.473500 64.195880 46.566940
v -58.801830 58.896140 39.808360
v -59.782160 51.363200 48.206470
v -48.043590 56.310330 55.667660
v -34.089870 50.459720 62.710260
v -48.838900 48.528740 62.299370
v -47.050640 40.016160 68.924880
v -35.286090 44.424430 69.872850
v -28.648590 70.825100 35.482580
v -24.366490 64.307390 46.134240
v -28.507370 56.750480 55.130740
v -57.311410 43.752700 56.396860
v -50.586460 35.107970 66.400040
v -40.362550 75.736230 26.114380
v -32.006480 32.913140 79.273230
v -37.591530 29.794090 77.692380
v -39.722610 27.055360 77.470960
v -17.100550 68.049130 43.860240
v -23.024830 63.563740 47.765110
v -13.834810 63.389910 51.193550
v -12.334520 68.572040 45.333440
v -20.654520 58.985030 58.203270
v -35.055040 58.995040 53.401090
v -42.971410 51.714650 60.188410
v -30.490030 53.470760 65.719440
v -30.311280 39.624230 75.070310
v -23.925680 48.438320 69.115430
v -35.070040 46.566280 69.780960
v -36.881060 37.839560 74.814220
v -7.396889 61.735860 50.737400
v -10.800000 57.622800 58.094570
v -17.145220 53.734100 64.350000
v -41.130020 36.869680 73.778980
v -44.556130 45.055080 66.606840
v -8.037683 68.238960 44.138130
v -12.107610 60.041930 58.295240
v -16.110490 55.621840 63.246740
v -8.145411 56.458100 63.455060
v -7.940601 60.563030 57.665570
v -10.741740 51.027360 69.821880
v -20.430280 50.007710 68.771280
v -23.069850 44.283170 73.580540
v -12.557190 45.890220 74.674390
v -9.887722 35.090230 82.632710
v -7.679905 42.078320 76.935260
v -14.211850 40.737260 80.023280
v -15.127140 35.559150 83.626150
v -1.946106 56.438180 60.319850
v -3.494658 51.973500 66.191490
v -5.857953 47.273930 71.204930
v -20.587770 33.747120 82.373030
v -22.991080 39.150690 78.236820
v -4.120131 60.160270 55.026410
v -82.679620 98.893750 -37.662620
v -31.865270 42.326030 -22.957780
v -20.996040 18.403750 1.056572
v -20.541820 8.903728 17.832810
v -85.825230 94.031010 -5.726551
v -59.411900 80.984190 20.472700
v -14.874300 76.661510 42.193080
v -10.322100 65.678280 51.683330
v 9.418355 -8.682218 125.147100
v 6.907896 -10.423400 124.450200
v 6.565667 -8.198556 122.716100
v 8.927730 -5.347884 123.644200
v 3.668280 -10.774050 125.419900
v 3.367273 -9.221570 123.717000
v 6.788449 1.558397 140.707100
v 7.540688 -0.047028 138.656300
v 10.072210 1.364016 139.104600
v 9.837315 4.510394 141.274100
v 9.723195 7.898758 140.203400
v 9.870145 9.658074 136.969400
v 4.871692 9.821495 138.319900
v 4.732454 7.829769 142.201400
v 5.110290 10.120670 133.941700
v 10.457860 9.703509 133.976800
v 10.740730 3.033745 125.906100
v 11.118680 4.122715 128.273800
v 10.499630 -2.215627 129.323100
v 10.206500 -2.993515 126.217400
v 2.937485 1.350461 144.523800
v 3.056055 0.737818 148.905500
v -0.038893 -0.766221 146.786400
v -0.038894 0.007830 144.035500
v 9.720640 1.453784 122.339500
v -0.038901 8.849669 129.196300
v 5.278637 8.949254 129.250000
v 5.252637 6.967522 124.190200
v -0.038903 6.640767 124.138400
v 4.746440 -8.497545 119.308000
v -0.038902 -9.341851 120.728700
v -0.038907 -7.978445 115.298500
v 4.177769 -6.963937 114.279200
v 6.861181 -10.163420 131.750900
v 7.155041 -11.571720 129.709800
v 9.220860 -10.033720 129.695300
v 8.941109 -8.624685 131.477600
v 10.072210 1.364016 139.104600
v 12.422010 1.633879 139.000700
v 12.275630 4.548666 140.869400
v 9.837315 4.510394 141.274100
v 11.619650 7.811430 139.763700
v 9.723195 7.898758 140.203400
v 11.237030 9.485678 136.620100
v 11.439840 9.502167 133.778200
v 10.457860 9.703509 133.976800
v 9.870145 9.658074 136.969400
v 3.593729 4.949343 153.730800
v 3.259744 3.544343 149.628200
v -0.038953 6.184511 150.033300
v -0.038893 7.292086 153.470400
v 5.056247 -4.409503 135.479500
v 5.744730 -7.511900 133.518300
v 8.482913 -5.665926 133.243100
v 8.418427 -2.205364 135.921400
v 9.974018 -3.957172 132.179400
v 10.875570 -0.228400 135.410800
v 16.610070 2.030516 132.456400
v 18.464650 5.144636 132.049300
v 17.083650 5.092607 134.740400
v 15.488850 1.555100 135.362800
v 13.115070 8.603727 130.707500
v 12.753050 4.804965 129.958800
v 11.348240 5.193002 132.122400
v 14.614600 2.499705 138.562800
v 14.449540 4.695228 139.638000
v 14.273420 7.593976 138.812500
v 12.110000 0.323231 134.984600
v -0.038899 10.049480 133.676700
v -0.038897 9.819374 138.245100
v 4.882560 3.804485 114.956700
v 6.415418 4.610088 110.405100
v -0.038909 6.616852 110.611800
v -0.038908 4.693111 114.884100
v 9.345257 -9.831826 127.445000
v 7.100445 -11.557430 127.029500
v 4.107790 -11.598840 127.633200
v 1.833851 -10.677320 129.200500
v 1.238802 -10.497530 127.440600
v 21.200640 7.655091 121.115500
v 21.667990 4.421704 118.930000
v 16.234500 8.165318 132.361000
v 23.402580 7.471886 123.199800
v 23.497290 5.113672 125.120900
v 23.579360 1.943309 118.896100
v 25.713160 1.770545 120.780400
v 23.781630 1.862515 122.653300
v 21.858520 1.942209 120.923800
v 24.807760 7.678907 121.628800
v 22.500470 7.865410 119.396300
v 21.667990 4.421704 118.930000
v 24.630540 3.735420 114.530300
v 25.705090 1.028198 115.695400
v 30.173280 3.874836 119.230100
v 28.943430 7.100344 117.554700
v 25.996390 7.350604 120.289600
v 26.284390 4.757886 122.676000
v 26.100630 7.128924 115.322300
v 23.711640 7.481045 118.152500
v 24.630540 3.735420 114.530300
v 28.418730 0.708322 118.191500
v -0.038905 5.061761 119.307900
v 4.724270 4.899137 119.249700
v -0.038903 -9.983366 128.737400
v 0.922533 -10.193740 128.968900
v 1.810949 -9.216439 131.346400
v -0.038901 -6.854298 130.902100
v 8.488585 0.096234 118.985200
v 7.936770 -0.983577 114.377700
v 6.931157 2.328952 114.676200
v 7.364257 3.232887 119.122000
v 4.259669 -11.645740 129.675700
v 10.342260 -6.127054 130.326300
v 10.829220 -4.319552 128.042600
v 6.380425 4.292798 142.674600
v 9.837315 4.510394 141.274100
v 11.350800 0.498010 132.495400
v 10.875570 -0.228400 135.410800
v 13.953960 1.640839 130.319000
v 15.183460 8.354936 135.640500
v 0.686253 -10.109870 126.077000
v -0.039011 6.995863 145.030800
v 3.741133 4.113949 145.044600
v 9.780184 8.129409 128.792900
v 8.650723 5.507378 123.344400
v 12.753050 4.804965 129.958800
v 11.348240 5.193002 132.122400
v 10.995360 0.289337 132.449300
v 11.064090 5.126132 131.962100
v 11.064090 5.126132 131.962100
v 10.549640 -6.688028 126.493600
v 10.380730 -8.041364 128.721600
v -0.038895 -1.200954 139.844300
v -0.038896 -2.570595 137.382400
v 4.185290 -1.548759 138.375200
v 3.771248 -0.380277 140.258400
v 3.741133 4.113949 145.044600
v 3.167955 1.130615 142.010200
v 6.380425 4.292798 142.674600
v 4.557378 -10.134120 131.612400
v 1.921610 -6.334990 133.420200
v -0.038910 -7.557076 110.628800
v 4.579919 -6.677041 111.069400
v -0.038895 8.420607 142.159100
v -0.038896 0.205510 141.410200
v 39.146480 3.654806 104.753200
v 43.911260 3.963322 100.275000
v 42.258580 3.909460 99.339900
v 37.758140 3.665248 103.654800
v 39.763870 1.355766 105.639600
v 44.515660 0.317176 100.959400
v 43.098570 -3.176360 100.580200
v 38.410170 -1.218813 105.124800
v 39.164250 -4.653542 99.650050
v 38.385070 -3.397671 102.154500
v 36.812070 -2.125313 100.696500
v 37.569990 -3.279137 98.305350
v 40.122580 -5.340013 97.385840
v 41.049240 -3.473519 97.207930
v 40.598550 -3.064789 99.364260
v 41.995490 -3.968357 95.413270
v 41.593170 -5.388378 94.894440
v 41.049240 -3.473519 97.207930
v 41.995490 -3.968357 95.413270
v 40.722030 -4.331835 94.484250
v 38.901340 -3.947472 96.391940
v 45.921580 3.103174 95.833170
v 44.320730 3.178471 95.637510
v 46.668320 -0.169600 95.837380
v 44.152000 2.386475 91.944470
v 43.313840 2.452613 92.353560
v 44.359930 -0.563676 90.986660
v 43.828820 -3.268879 95.341090
v 45.346680 -3.279323 95.541510
v 41.243990 -2.823874 99.647690
v 43.650010 -3.230224 91.425990
v 42.665650 -3.107660 91.901410
v 43.828820 -3.268879 95.341090
v 42.665650 -3.107660 91.901410
v 41.243990 -2.823874 99.647690
v 40.722030 -4.331835 94.484250
v 38.901340 -3.947472 96.391940
v 37.380370 -0.665900 106.465700
v 36.074860 -0.585474 105.426500
v 37.102090 -1.124280 104.164600
v 37.858350 3.562288 106.125300
v 38.486200 1.597963 106.996800
v 36.738780 1.467704 103.103100
v 35.624470 1.751408 104.636600
v 36.455190 3.571814 105.073800
v 36.738780 1.467704 103.103100
v 35.624470 1.751408 104.636600
v 30.323420 2.774505 109.623900
v 31.412840 5.573514 110.208900
v 32.802830 0.171530 112.260500
v 31.208560 0.275224 110.688900
v 32.802830 0.171530 112.260500
v 33.805100 2.832461 113.198500
v 33.318910 5.571315 111.755900
v 31.412840 5.573514 110.208900
v 30.323420 2.774505 109.623900
v 31.208560 0.275224 110.688900
v 30.323420 2.774505 109.623900
v 33.805100 2.832461 113.198500
v 33.318910 5.571315 111.755900
v 30.323420 2.774505 109.623900
v 40.598550 -3.064789 99.364260
v 37.569990 -3.279137 98.305350
v 42.665650 -3.107660 91.901410
v 43.313840 2.452613 92.353560
v 0.717146 -10.358460 128.089000
v 0.804125 -5.147700 148.170500
v -0.038890 -5.266045 148.194000
v -0.038891 -4.983439 146.792600
v 0.835326 -4.922943 146.934600
v 0.869550 -4.222754 146.358100
v -0.038890 -4.270096 146.136100
v -0.038893 -0.766221 146.786400
v 1.576160 -3.676050 146.865200
v 0.628540 -5.831453 149.476200
v 0.471929 -6.204687 150.048600
v -0.038892 -6.339625 149.965700
v -0.038892 -5.797337 149.398300
v 4.735078 0.005034 150.212500
v 3.056055 0.737818 148.905500
v 4.490726 2.091172 151.347600
v 5.267078 0.602809 151.543600
v 3.819845 -2.758361 148.986100
v 3.932863 -0.945979 148.853900
v 4.646516 -1.945742 150.460900
v 2.272416 -4.908389 149.386400
v 1.390887 -5.390958 149.402900
v 0.628449 -5.719700 148.597200
v 6.629648 3.027947 152.923500
v 5.478490 1.073782 154.706000
v 5.267078 0.602809 151.543600
v 5.791792 2.022014 151.397200
v 5.265298 2.640976 153.755100
v 4.490726 2.091172 151.347600
v 7.076752 3.401892 155.287100
v 6.358409 2.090419 155.546200
v 2.295332 -5.424064 150.569900
v 1.171803 -6.078606 151.352700
v -0.038893 -6.410295 150.868500
v 2.614586 -3.758451 161.809800
v 2.651273 -5.605809 159.511500
v 4.374100 -4.064508 158.498700
v 4.784246 -1.934677 159.934000
v -0.038886 -6.658295 157.031900
v 1.944346 -6.506941 156.476800
v -0.038888 -6.116571 159.728700
v 2.791064 -5.391609 153.058000
v 3.907297 -4.921763 152.934600
v 3.828776 -4.794854 153.799800
v 2.813446 -5.249440 153.755200
v 1.519553 -4.544902 147.432100
v 5.249090 -3.060295 153.903000
v 5.238757 -3.174021 155.229400
v 4.644913 -4.225315 154.267000
v 4.742120 -4.202570 153.254900
v -0.038885 -4.450555 162.169500
v 5.265100 -3.239740 157.540200
v 4.697575 -5.074521 156.138500
v 5.126142 -4.060434 155.744900
v -0.038894 -5.756826 148.567100
v 2.590641 -2.580204 147.582400
v 0.475431 -7.582932 152.182200
v 0.487044 -7.528812 151.605600
v 1.087598 -5.993687 152.091100
v -0.038887 -6.561665 154.781200
v -0.038891 -7.028458 153.366800
v 0.396418 -6.897554 153.362100
v 0.452305 -6.512911 154.730300
v -0.038889 -7.660820 152.211300
v 1.335207 -5.491583 154.161600
v 1.069023 -5.824201 152.965500
v -0.038893 -7.582168 151.630000
v 2.347770 -4.228028 148.150600
v 3.817494 -5.080195 155.054800
v 2.616359 -5.503407 152.126500
v 3.860241 -4.900980 151.925200
v 4.613307 -4.011667 152.032000
v 3.629096 -4.627319 150.582500
v 4.303210 -3.583597 150.527600
v 5.099733 -2.699394 152.193100
v 5.318772 -1.463770 152.201200
v 5.584897 -1.376075 155.085600
v 2.753309 -5.463552 155.175000
v 3.279051 -4.260633 149.283500
v 5.468583 -2.251728 156.619500
v 12.769340 -5.413740 101.757600
v 15.200090 -2.058363 103.945100
v 11.965110 -0.811962 105.302400
v 10.326320 -4.650654 104.505400
v 5.134058 -6.891458 107.975600
v -0.038910 -7.846543 106.943500
v -0.038915 -8.978616 102.366400
v 6.335793 -8.669278 103.069400
v -9.496158 -8.682219 125.147100
v -9.005540 -5.347884 123.644300
v -6.643474 -8.198556 122.716100
v -6.985699 -10.423400 124.450200
v -3.445080 -9.221571 123.717000
v -3.746086 -10.774050 125.419900
v -6.866243 1.558398 140.707100
v -9.915271 4.510331 141.274100
v -10.150010 1.364017 139.104600
v -7.618482 -0.047028 138.656300
v -9.804486 7.896753 140.202300
v -4.817265 7.827317 142.200300
v -4.949478 9.821494 138.319900
v -9.947940 9.658073 136.969400
v -5.188089 10.120670 133.941700
v -10.535660 9.703508 133.976800
v -10.818530 3.033745 125.906100
v -10.284310 -2.993514 126.217400
v -10.577430 -2.215627 129.323100
v -11.196480 4.122715 128.273800
v -3.015272 1.350460 144.523800
v -3.133838 0.737816 148.905500
v -9.798450 1.453782 122.339500
v -5.330443 6.967522 124.190200
v -5.356440 8.949252 129.250000
v -4.824250 -8.497547 119.308000
v -4.255583 -6.963939 114.279200
v -6.938977 -10.163430 131.750900
v -9.018905 -8.624691 131.477600
v -9.298662 -10.033720 129.695300
v -7.232841 -11.571720 129.709800
v -10.150010 1.364017 139.104600
v -9.915271 4.510331 141.274100
v -12.353420 4.548670 140.869400
v -12.499800 1.633879 139.000700
v -11.698140 7.811107 139.763500
v -9.804486 7.896753 140.202300
v -11.314830 9.485678 136.620200
v -9.947940 9.658073 136.969400
v -10.535660 9.703508 133.976800
v -11.517640 9.502166 133.778200
v -3.671509 4.949342 153.730800
v -3.337528 3.544343 149.628200
v -5.134043 -4.409504 135.479500
v -8.496222 -2.205366 135.921400
v -8.560712 -5.665925 133.243100
v -5.822525 -7.511902 133.518300
v -10.051820 -3.957176 132.179400
v -10.953370 -0.228398 135.410800
v -16.687870 2.030516 132.456400
v -15.566650 1.555099 135.362800
v -17.161460 5.092607 134.740500
v -18.542450 5.144636 132.049400
v -13.192870 8.603728 130.707600
v -11.426040 5.193003 132.122400
v -12.830860 4.804967 129.958800
v -14.527330 4.695227 139.638100
v -14.692390 2.499705 138.562800
v -14.351210 7.593976 138.812600
v -12.187800 0.323228 134.984700
v -4.960373 3.804486 114.956700
v -6.493235 4.610088 110.405100
v -9.423059 -9.831827 127.445000
v -7.178248 -11.557430 127.029500
v -4.185589 -11.598840 127.633200
v -1.316601 -10.497530 127.440600
v -1.911650 -10.677320 129.200500
v -21.278440 7.655090 121.115500
v -21.745800 4.421703 118.930000
v -16.312300 8.165318 132.361000
v -23.480380 7.471885 123.199800
v -23.575100 5.113671 125.120900
v -23.657180 1.943307 118.896100
v -21.936330 1.942207 120.923800
v -23.859430 1.862514 122.653300
v -25.790960 1.770545 120.780400
v -22.578290 7.865410 119.396300
v -24.885560 7.678906 121.628800
v -25.782910 1.028197 115.695400
v -24.708360 3.735421 114.530400
v -21.745800 4.421703 118.930000
v -30.251090 3.874842 119.230100
v -26.362200 4.757886 122.676100
v -26.074200 7.350604 120.289600
v -29.021240 7.100344 117.554700
v -23.789450 7.481044 118.152500
v -26.178450 7.128924 115.322400
v -24.708360 3.735421 114.530400
v -28.496540 0.708323 118.191600
v -4.802083 4.899136 119.249700
v -1.888750 -9.216440 131.346400
v -1.000337 -10.193740 128.968900
v -8.566397 0.096234 118.985200
v -7.442064 3.232888 119.122000
v -7.008972 2.328953 114.676200
v -8.014585 -0.983578 114.377700
v -4.337466 -11.645740 129.675700
v -10.420060 -6.127053 130.326300
v -10.907020 -4.319556 128.042600
v -9.915271 4.510331 141.274100
v -6.459285 4.292390 142.674400
v -11.428600 0.498006 132.495400
v -10.953370 -0.228398 135.410800
v -14.031760 1.640838 130.319000
v -15.261250 8.354937 135.640500
v -0.764054 -10.109870 126.077000
v -3.819092 4.113918 145.044600
v -8.728532 5.507376 123.344400
v -9.857989 8.129409 128.792900
v -12.830860 4.804967 129.958800
v -11.426040 5.193003 132.122400
v -11.141890 5.126127 131.962100
v -11.073160 0.289339 132.449300
v -11.141890 5.126127 131.962100
v -10.627450 -6.688030 126.493600
v -10.458530 -8.041365 128.721600
v -3.849040 -0.380278 140.258400
v -4.263085 -1.548759 138.375200
v -3.819092 4.113918 145.044600
v -6.459285 4.292390 142.674400
v -3.245745 1.130614 142.010200
v -4.635176 -10.134120 131.612400
v -1.999405 -6.334991 133.420300
v -4.657739 -6.677042 111.069400
v -39.224290 3.654805 104.753300
v -37.835980 3.665248 103.654800
v -42.336400 3.909460 99.339940
v -43.989090 3.963322 100.275000
v -39.841710 1.355765 105.639600
v -44.593490 0.317175 100.959500
v -43.176400 -3.176362 100.580200
v -38.488000 -1.218815 105.124800
v -39.242070 -4.653543 99.650100
v -37.647820 -3.279140 98.305380
v -36.889900 -2.125314 100.696600
v -38.462890 -3.397672 102.154500
v -40.200420 -5.340014 97.385880
v -40.676380 -3.064788 99.364300
v -41.127060 -3.473520 97.207970
v -42.073320 -3.968357 95.413300
v -41.671010 -5.388379 94.894480
v -41.127060 -3.473520 97.207970
v -38.979170 -3.947471 96.391990
v -40.799860 -4.331836 94.484280
v -42.073320 -3.968357 95.413300
v -44.398560 3.178470 95.637560
v -45.999400 3.103173 95.833210
v -46.746150 -0.169601 95.837420
v -44.229830 2.386474 91.944520
v -43.391660 2.452611 92.353600
v -44.437770 -0.563676 90.986720
v -43.906650 -3.268881 95.341130
v -41.321810 -2.823874 99.647730
v -45.424500 -3.279324 95.541550
v -43.727850 -3.230224 91.426030
v -42.743480 -3.107661 91.901440
v -43.906650 -3.268881 95.341130
v -42.743480 -3.107661 91.901440
v -41.321810 -2.823874 99.647730
v -40.799860 -4.331836 94.484280
v -38.979170 -3.947471 96.391990
v -37.458200 -0.665901 106.465700
v -37.179920 -1.124281 104.164600
v -36.152680 -0.585474 105.426500
v -37.936180 3.562288 106.125300
v -38.564030 1.597962 106.996800
v -36.816620 1.467703 103.103100
v -35.394770 1.813778 104.931400
v -36.533020 3.571814 105.073900
v -35.394770 1.813778 104.931400
v -36.816620 1.467703 103.103100
v -31.490660 5.573512 110.208900
v -30.401240 2.774504 109.624000
v -31.286380 0.275224 110.688900
v -32.880630 0.171530 112.260500
v -33.882900 2.832460 113.198500
v -32.880630 0.171530 112.260500
v -31.490660 5.573512 110.208900
v -33.396730 5.571315 111.755900
v -30.401240 2.774504 109.624000
v -31.286380 0.275224 110.688900
v -30.401240 2.774504 109.624000
v -33.882900 2.832460 113.198500
v -33.396730 5.571315 111.755900
v -30.401240 2.774504 109.624000
v -40.676380 -3.064788 99.364300
v -37.647820 -3.279140 98.305380
v -43.391660 2.452611 92.353600
v -42.743480 -3.107661 91.901440
v -0.794947 -10.358460 128.089000
v -0.881910 -5.147699 148.170500
v -0.913113 -4.922943 146.934700
v -0.947336 -4.222754 146.358100
v -1.653942 -3.676051 146.865200
v -0.706323 -5.831453 149.476200
v -0.549712 -6.204687 150.048600
v -4.812860 0.005034 150.212500
v -5.344860 0.602808 151.543600
v -4.568508 2.091172 151.347600
v -3.133838 0.737816 148.905500
v -3.897629 -2.758361 148.986100
v -4.724298 -1.945744 150.461000
v -4.010647 -0.945980 148.853900
v -0.706230 -5.719700 148.597200
v -1.468672 -5.390958 149.402900
v -2.350198 -4.908388 149.386400
v -6.707429 3.027929 152.923600
v -5.869575 2.022014 151.397200
v -5.344860 0.602808 151.543600
v -5.556270 1.073781 154.706000
v -5.343081 2.640976 153.755100
v -4.568508 2.091172 151.347600
v -6.436190 2.090416 155.546200
v -7.154531 3.401891 155.287100
v -2.373113 -5.424065 150.569900
v -1.249582 -6.078608 151.352800
v -2.692357 -3.758451 161.809800
v -4.862020 -1.934679 159.934000
v -4.451874 -4.064510 158.498800
v -2.729047 -5.605810 159.511600
v -2.022118 -6.506942 156.476800
v -2.868846 -5.391608 153.058000
v -2.891225 -5.249439 153.755200
v -3.906556 -4.794853 153.799800
v -3.985077 -4.921764 152.934600
v -1.597339 -4.544902 147.432100
v -5.326869 -3.060298 153.903000
v -4.819903 -4.202569 153.254900
v -4.722694 -4.225314 154.267000
v -5.316535 -3.174021 155.229500
v -5.342876 -3.239743 157.540200
v -5.203919 -4.060436 155.744900
v -4.775354 -5.074522 156.138500
v -2.668428 -2.580204 147.582400
v -0.553210 -7.582931 152.182200
v -1.165376 -5.993686 152.091100
v -0.564826 -7.528811 151.605600
v -0.530083 -6.512909 154.730300
v -0.474197 -6.897555 153.362100
v -1.412986 -5.491584 154.161600
v -1.146800 -5.824202 152.965500
v -2.425555 -4.228030 148.150600
v -3.895275 -5.080194 155.054800
v -2.694143 -5.503408 152.126500
v -3.938025 -4.900978 151.925200
v -4.691091 -4.011666 152.032000
v -4.380991 -3.583600 150.527600
v -3.706880 -4.627319 150.582600
v -5.177517 -2.699393 152.193100
v -5.396555 -1.463770 152.201200
v -5.662674 -1.376077 155.085600
v -2.831089 -5.463552 155.175000
v -3.356832 -4.260633 149.283500
v -5.546362 -2.251727 156.619500
v -12.847160 -5.413743 101.757700
v -10.404140 -4.650656 104.505400
v -12.042930 -0.811967 105.302400
v -15.277920 -2.058368 103.945100
v -5.211879 -6.891460 107.975600
v -6.413613 -8.669281 103.069400
v 5.134058 -6.891458 107.975600
v -0.038910 -7.846543 106.943500
v 10.995360 0.289337 132.449300
v -0.038902 -9.657171 124.989700
v 9.448027 -0.469958 108.796100
v 11.064090 5.126132 131.962100
v 5.265298 2.640976 153.755100
v -0.039011 6.995863 145.030800
v 7.198086 -4.104108 114.333400
v 7.936589 -5.188863 119.439900
v 4.490726 2.091172 151.347600
v 16.030600 4.922608 137.467200
v -0.038899 -5.400381 133.391700
v 37.713620 1.079309 101.088200
v 40.800810 -4.072783 101.079600
v 36.812070 -2.125313 100.696500
v 41.593170 -5.388378 94.894440
v 11.358440 10.396440 103.323800
v 13.553610 16.957360 98.291070
v 8.959664 12.489150 104.020600
v 5.478490 1.073782 154.706000
v 5.265298 2.640976 153.755100
v 3.535426 -5.955157 156.573100
v -0.038890 -5.908722 149.081100
v -0.038888 -6.703373 156.029900
v 5.432539 -0.236948 157.854800
v 9.448027 -0.469958 108.796100
v 12.441010 3.319623 106.244700
v 7.643712 -11.123420 98.157810
v 9.005218 -8.643774 98.999060
v 3.789653 -15.054950 90.541110
v 5.826765 -12.520420 89.074810
v 4.441827 -9.990448 98.597700
v 18.313780 11.382060 101.533500
v 15.254820 4.515222 105.389400
v 18.991520 8.248940 105.912800
v -0.038912 14.083250 105.006200
v 3.116274 12.656310 104.575600
v 3.269422 19.787020 100.358000
v 21.013010 2.443807 98.949530
v 20.939170 3.434288 101.394300
v 15.940420 1.612592 103.951300
v 6.940386 18.757570 100.497800
v 5.648432 12.516860 103.985700
v 17.829370 11.644280 98.890580
v 13.723050 8.250815 103.062400
v 9.511436 6.497198 106.477800
v -0.038910 20.755860 102.954800
v 7.235271 19.559500 102.674200
v 12.944540 14.834290 96.669890
v 14.822790 12.229950 96.690530
v 6.415418 4.610088 110.405100
v -0.038910 10.294400 107.154400
v 3.610929 9.625366 106.870600
v 7.108086 9.081268 106.678700
v 19.272420 0.306598 96.324870
v 19.917950 -4.486655 101.961600
v 20.154890 5.262910 105.382600
v 12.502410 -10.749610 91.944800
v 15.546190 -9.358644 92.134770
v 9.543108 -13.731680 93.533580
v 12.322950 -12.295600 93.410930
v 7.335771 -13.980110 89.957730
v 17.713100 -7.336642 95.275300
v 16.071930 -8.510507 98.896400
v 16.577860 -8.161551 101.246100
v -0.038909 6.616852 110.611800
v -0.038914 -11.326380 97.733020
v -0.038922 -15.841450 91.555020
v 11.224250 18.427810 100.615700
v -5.211879 -6.891460 107.975600
v -11.073160 0.289339 132.449300
v -9.525848 -0.469958 108.796100
v -11.141890 5.126127 131.962100
v -5.343081 2.640976 153.755100
v -8.014400 -5.188863 119.439900
v -7.275901 -4.104109 114.333400
v -4.568508 2.091172 151.347600
v -16.108390 4.922592 137.467300
v -37.791460 1.079310 101.088300
v -40.878640 -4.072783 101.079700
v -36.889900 -2.125314 100.696600
v -41.671010 -5.388379 94.894480
v -11.436270 10.396430 103.323900
v -9.067331 12.601890 104.092000
v -13.631440 16.957360 98.291090
v -5.556270 1.073781 154.706000
v -5.343081 2.640976 153.755100
v -3.613200 -5.955158 156.573100
v -5.510317 -0.236949 157.854800
v -9.525848 -0.469958 108.796100
v -12.518830 3.319623 106.244700
v -7.721540 -11.123420 98.157820
v -9.083048 -8.643778 98.999080
v -3.867501 -15.054950 90.541120
v -4.519652 -9.990450 98.597710
v -5.904602 -12.520430 89.074810
v -18.391610 11.382060 101.533500
v -19.069350 8.248936 105.912800
v -15.332640 4.515221 105.389400
v -3.347254 19.787020 100.358000
v -3.194096 12.656310 104.575600
v -21.090840 2.443787 98.949550
v -16.018240 1.612591 103.951300
v -21.017000 3.434293 101.394300
v -7.018218 18.757570 100.497800
v -5.744388 12.629610 104.057200
v -17.907190 11.644280 98.890600
v -13.800880 8.250813 103.062500
v -9.589259 6.497199 106.477800
v -7.313091 19.559500 102.674200
v -13.022370 14.834290 96.669900
v -14.900620 12.229940 96.690540
v -6.493235 4.610088 110.405100
v -3.688751 9.625365 106.870600
v -7.185908 9.081268 106.678700
v -19.350260 0.306588 96.324890
v -19.995770 -4.486661 101.961600
v -20.232720 5.262915 105.382600
v -15.624030 -9.358641 92.134800
v -12.580240 -10.749610 91.944810
v -9.620940 -13.731690 93.533590
v -12.400800 -12.295600 93.410930
v -7.413609 -13.980110 89.957760
v -16.149760 -8.510509 98.896420
v -17.790940 -7.336648 95.275310
v -16.655690 -8.161555 101.246200
v -11.302080 18.427810 100.615700
v 10.595430 6.662819 48.404820
v 7.338201 8.874374 48.654890
v 7.356489 6.007036 54.520550
v 10.745090 4.288552 54.314100
v 7.066353 10.398840 42.789650
v 3.896642 6.966538 40.204800
v 4.349107 6.383940 47.802600
v 7.784740 -2.733551 50.870740
v 3.504312 -0.030960 52.322190
v 3.009634 1.449328 39.059800
v 7.920387 -1.564318 38.531620
v 8.307934 -7.349795 94.944600
v 12.822590 -5.209146 95.350190
v 11.433320 -4.499231 100.990200
v 7.589579 -6.018237 100.408500
v 8.602781 -7.825991 88.159020
v 8.637816 -7.799425 79.273550
v 12.483770 -5.903008 79.409590
v 12.948830 -5.865410 88.805470
v 1.168795 -0.274799 86.904370
v 3.321639 6.692918 90.169890
v 3.547009 5.619295 79.156790
v 1.660017 -0.431160 78.919920
v 3.493844 -5.357054 94.441740
v 3.889935 -6.187065 87.662750
v 7.989619 7.682174 89.169640
v 7.975225 9.834308 92.422270
v 12.880540 6.284892 92.523210
v 12.976980 4.960102 88.947590
v 3.141175 10.620440 92.878630
v 0.942347 -0.659128 91.246460
v 0.000038 -0.577157 91.192980
v 0.000038 6.562709 90.997120
v 0.942347 -0.659128 91.246460
v 0.000038 -5.526070 94.241680
v 0.000038 -0.577157 91.192980
v 0.000041 -6.848054 98.589880
v 1.168795 -0.274799 86.904370
v 10.987300 6.921899 101.269100
v 12.250500 7.007453 96.795740
v 7.692175 10.803100 96.780160
v 7.072208 10.542210 101.076000
v 3.262641 11.820430 96.836230
v 3.285176 11.439000 100.988400
v 13.305210 -0.477019 101.584400
v 15.055370 -0.421328 95.530530
v 9.332594 6.166545 105.677500
v 4.838390 8.181250 105.789500
v 11.460700 -0.548289 105.364200
v 6.473847 4.610086 110.405100
v 9.506459 -0.469960 108.796100
v 7.094553 4.920479 61.426620
v 4.801923 4.239290 53.815040
v 3.538841 2.646305 60.860050
v 3.784127 3.934913 70.217010
v 8.023772 5.783214 70.064410
v 9.390821 -5.064009 56.041940
v 10.041160 -5.832709 61.741150
v 4.596308 -5.885209 61.701010
v 4.912694 -4.845964 56.110010
v 10.695970 2.573310 60.713840
v 11.308820 -1.172308 59.120700
v 13.183570 -1.290384 69.834640
v 11.466430 -5.889894 70.225880
v 11.950860 2.919207 69.986090
v 2.270085 -0.946634 70.436600
v 12.768430 4.188334 79.378540
v 14.494800 -0.852071 79.397140
v 8.193707 6.998225 79.210110
v 2.525497 -1.267090 62.904420
v 4.761579 -6.450984 71.010760
v 2.270085 -0.946634 70.436600
v 7.988556 -7.181520 70.889850
v 4.119773 -6.386965 79.124760
v 2.525497 -1.267090 62.904420
v 1.660017 -0.431160 78.919920
v 15.267510 -0.629041 89.265830
v 10.054790 -4.229239 104.662200
v 0.000043 -7.344599 103.089900
v 6.807256 -6.117793 103.891100
v 5.122542 -6.240615 107.477300
v 0.000044 -7.429955 106.943500
v 11.174800 7.534603 42.496070
v 0.000038 10.222050 93.426800
v 0.000040 11.692450 96.907330
v 0.000041 11.471140 100.887600
v 0.000044 8.737441 105.943500
v 12.243600 1.049083 46.835690
v 12.961820 1.606798 39.732040
v 7.496678 9.604782 34.840440
v 7.066353 10.398840 42.789650
v 11.174800 7.534603 42.496070
v 11.037270 7.024703 34.675150
v 4.367239 6.220511 34.137760
v 3.896642 6.966538 40.204800
v 12.961820 1.606798 39.732040
v 12.594990 1.901873 34.671820
v 8.013722 0.244354 20.777970
v 10.799330 2.410705 22.791640
v 7.920387 -1.564318 38.531620
v 5.328794 -4.952949 3.773517
v 4.248983 -3.315646 -0.360139
v 5.005435 -9.251121 -0.360139
v 5.799264 -8.982724 2.393067
v 12.154290 -0.838895 9.375926
v 8.630705 -3.281934 11.050420
v 8.899099 -5.475631 5.527338
v 13.162100 -3.841992 3.853760
v 13.728930 -7.749390 -0.359962
v 12.969910 -7.643680 2.146096
v 11.153980 -10.531570 2.086371
v 11.430440 -11.285100 -0.359960
v 11.835140 4.546598 7.173427
v 14.260770 -1.651228 -0.359962
v 14.260770 -1.651228 -0.359962
v 4.248983 -3.315646 -0.360139
v 5.052523 4.489439 6.952125
v 11.835140 4.546598 7.173427
v 9.532523 5.927150 15.164100
v 10.305560 8.154089 8.741851
v 8.073577 9.340159 9.135008
v 7.777278 6.762101 15.236280
v 5.870533 8.426514 8.597848
v 6.046664 6.018895 15.140550
v 8.586731 -13.043070 1.873133
v 8.430821 -13.849720 -0.360141
v 5.005435 -9.251121 -0.360139
v 13.728930 -7.749390 -0.359962
v 11.430440 -11.285100 -0.359960
v 8.430821 -13.849720 -0.360141
v 5.559634 -1.326037 9.775494
v 10.550510 5.100792 4.295641
v 11.835140 4.546598 7.173427
v 5.052523 4.489439 6.952125
v 6.215874 4.980244 4.160622
v 9.600406 8.166544 5.192433
v 10.550510 5.100792 4.295641
v 8.190095 8.707182 5.356586
v 9.412804 5.150441 -0.360146
v 7.218186 5.026595 -0.360144
v 6.977090 7.974913 5.131983
v 6.215874 4.980244 4.160622
v 5.052523 4.489439 6.952125
v 9.439342 5.280700 21.236900
v 7.558516 6.470026 21.164220
v 5.947658 5.214471 21.171520
v 10.990140 2.523378 15.020540
v 5.237188 2.020390 20.948340
v 3.009634 1.449328 39.059800
v 11.089800 0.299385 52.436040
v 3.009634 1.449328 39.059800
v 0.000046 6.115298 110.611800
v 2.481223 -1.117592 56.959460
v 2.481223 -1.117592 56.959460
v 3.504312 -0.030960 52.322190
v 8.346828 -0.538489 15.796660
v 7.218186 5.026595 -0.360144
v 8.278947 7.004661 -0.360145
v 9.412804 5.150441 -0.360146
v 4.722547 2.311987 14.536570
v 8.278947 7.004661 -0.360145
v 7.218186 5.026595 -0.360144
v 9.412804 5.150441 -0.360146
v -10.596650 6.662069 48.405960
v -10.746400 4.287833 54.314610
v -7.357646 6.006284 54.521900
v -7.339392 8.873523 48.656940
v -7.066280 10.398030 42.796220
v -4.349299 6.383565 47.804690
v -3.896585 6.966040 40.208820
v -7.783943 -2.733157 50.870540
v -7.920365 -1.564085 38.529750
v -3.009601 1.449307 39.060010
v -3.503541 -0.030724 52.323100
v -8.307853 -7.349799 94.944600
v -7.589497 -6.018239 100.408600
v -11.433240 -4.499238 100.990200
v -12.822500 -5.209148 95.350200
v -8.602709 -7.825990 88.159010
v -12.948750 -5.865412 88.805450
v -12.483700 -5.903010 79.409570
v -8.637752 -7.799425 79.273550
v -1.168723 -0.274797 86.904400
v -1.659952 -0.431159 78.919940
v -3.546945 5.619296 79.156830
v -3.321563 6.692922 90.169920
v -3.889862 -6.187065 87.662780
v -3.493766 -5.357054 94.441740
v -7.989543 7.682173 89.169640
v -12.976910 4.960098 88.947560
v -12.880460 6.284892 92.523220
v -7.975148 9.834306 92.422280
v -3.141097 10.620440 92.878630
v -0.943245 -0.661282 91.248730
v -0.943245 -0.661282 91.248730
v -1.168723 -0.274797 86.904400
v -10.987220 6.921896 101.269100
v -7.072124 10.542210 101.076000
v -7.692094 10.803090 96.780170
v -12.250420 7.007453 96.795750
v -3.262560 11.820430 96.836240
v -3.285093 11.439000 100.988400
v -15.055290 -0.421326 95.530550
v -13.305130 -0.477026 101.584400
v -9.332508 6.166543 105.677500
v -4.838304 8.181250 105.789500
v -11.460620 -0.548284 105.364300
v -9.506371 -0.469966 108.796100
v -6.473756 4.610086 110.405100
v -7.094503 4.920479 61.426640
v -3.538790 2.646307 60.860080
v -4.802319 4.239058 53.813680
v -8.023714 5.783213 70.064410
v -3.784070 3.934913 70.217040
v -9.391252 -5.064209 56.041310
v -4.913267 -4.846168 56.110060
v -4.596260 -5.885209 61.701050
v -10.041110 -5.832710 61.741140
v -10.695920 2.573308 60.713830
v -11.466370 -5.889893 70.225860
v -13.183510 -1.290387 69.834610
v -11.308770 -1.172308 59.120680
v -11.950800 2.919205 69.986070
v -2.270028 -0.946633 70.436640
v -14.494730 -0.852074 79.397120
v -12.768360 4.188329 79.378510
v -8.193641 6.998224 79.210100
v -2.525446 -1.267088 62.904460
v -2.270028 -0.946633 70.436640
v -4.761523 -6.450984 71.010780
v -7.988496 -7.181519 70.889860
v -4.119707 -6.386963 79.124790
v -2.525446 -1.267088 62.904460
v -1.659952 -0.431159 78.919940
v -15.267430 -0.629041 89.265810
v -10.054700 -4.229242 104.662200
v -5.122452 -6.240617 107.477300
v -6.807172 -6.117794 103.891100
v -11.174730 7.534033 42.500680
v -12.243560 1.049012 46.836280
v -12.961790 1.606754 39.732410
v -7.496618 9.604118 34.845800
v -11.037220 7.024256 34.678750
v -11.174730 7.534033 42.500680
v -7.066280 10.398030 42.796220
v -3.896585 6.966040 40.208820
v -4.367193 6.220138 34.140770
v -12.594960 1.901857 34.671970
v -12.961790 1.606754 39.732410
v -8.013718 0.244619 20.775830
v -7.920365 -1.564085 38.529750
v -10.799310 2.410767 22.791140
v -5.328792 -4.952950 3.773521
v -5.799262 -8.982725 2.393072
v -5.005435 -9.251122 -0.360135
v -4.248983 -3.315647 -0.360135
v -12.154280 -0.838896 9.375936
v -13.162090 -3.841994 3.853772
v -8.899094 -5.475632 5.527345
v -8.630695 -3.281934 11.050420
v -13.728930 -7.749391 -0.359950
v -11.430440 -11.285100 -0.359951
v -11.153980 -10.531570 2.086380
v -12.969910 -7.643681 2.146106
v -11.835140 4.546597 7.173437
v -14.260770 -1.651230 -0.359949
v -14.260770 -1.651230 -0.359949
v -11.835140 4.546597 7.173437
v -5.052516 4.489438 6.952129
v -4.248983 -3.315647 -0.360135
v -9.532507 5.927073 15.164720
v -7.777260 6.761990 15.237180
v -8.073570 9.340158 9.135015
v -10.305560 8.154089 8.741858
v -6.046649 6.018815 15.141200
v -5.870527 8.426515 8.597855
v -8.430821 -13.849720 -0.360134
v -8.586730 -13.043070 1.873140
v -5.005435 -9.251122 -0.360135
v -8.430821 -13.849720 -0.360134
v -11.430440 -11.285100 -0.359951
v -13.728930 -7.749391 -0.359950
v -5.559628 -1.326038 9.775497
v -10.550500 5.100792 4.295650
v -6.215871 4.980244 4.160627
v -5.052516 4.489438 6.952129
v -11.835140 4.546597 7.173437
v -9.600401 8.166546 5.192442
v -10.550500 5.100792 4.295650
v -8.190089 8.707182 5.356593
v -9.412804 5.150441 -0.360137
v -7.218186 5.026594 -0.360138
v -6.977087 7.974913 5.131990
v -5.052516 4.489438 6.952129
v -6.215871 4.980244 4.160627
v -7.558485 6.469766 21.166320
v -9.439316 5.280539 21.238200
v -5.947634 5.214317 21.172780
v -10.990130 2.523445 15.020000
v -5.237177 2.020504 20.947410
v -3.009601 1.449307 39.060010
v -11.089760 0.299318 52.436600
v -3.009601 1.449307 39.060010
v -2.481430 -1.117625 56.960210
v -2.481430 -1.117625 56.960210
v -3.503541 -0.030724 52.323100
v -8.346825 -0.538297 15.795120
v -7.218186 5.026594 -0.360138
v -9.412804 5.150441 -0.360137
v -8.278948 7.004660 -0.360138
v -4.722539 2.312065 14.535940
v -7.218186 5.026594 -0.360138
v -8.278948 7.004660 -0.360138
v -9.412804 5.150441 -0.360137
v 9.162571 14.988450 139.204700
v 5.377557 17.374530 140.220800
v 4.893287 15.251800 144.167100
v 8.664623 12.931330 143.035600
v 4.026174 19.962020 126.562600
v 0.000068 22.070790 127.527900
v 0.000071 21.945170 132.406800
v 5.214839 20.243740 131.122800
v 4.371583 12.858230 147.833800
v -0.008816 14.102560 148.214600
v -0.005025 12.458440 152.056600
v 3.896860 11.385780 151.607500
v 7.676836 8.726867 150.359700
v 8.188887 10.439850 146.318900
v -0.003313 16.613980 144.521300
v 8.829308 4.827950 153.593200
v 7.124349 7.439112 154.562600
v 3.715155 10.049020 155.677800
v 3.513021 7.812623 161.751300
v 3.153700 6.177501 164.612500
v 5.318481 3.895027 163.784800
v 6.306216 5.076459 160.873000
v 2.867753 0.682372 165.291900
v 5.758284 1.214206 163.174100
v 2.777491 3.972237 165.926800
v 7.286878 2.261468 159.900000
v 6.853960 6.283735 157.719000
v 3.625114 9.071909 158.888000
v 0.000085 10.259970 159.262300
v 0.000087 9.180605 162.201900
v 3.050055 19.159690 122.736000
v 0.000066 21.312620 123.441600
v 10.587510 7.379551 143.774500
v 11.130260 9.620583 140.487100
v 9.385320 16.583460 135.596600
v 10.910300 11.364640 137.435200
v 10.271940 12.857830 134.143300
v 9.292856 17.337600 128.858000
v 8.680452 17.080890 132.340200
v 9.642371 13.847140 130.688800
v 9.297093 14.504470 127.008800
v 10.016920 5.704378 147.112400
v 5.399139 18.897720 136.559700
v 0.000073 20.596710 137.450700
v 8.298825 13.929560 123.878400
v 0.000089 4.059521 166.557800
v 0.000089 0.493752 165.839200
v 5.440670 -1.382826 162.287300
v 2.641399 -2.058658 164.351800
v 6.684712 -0.949511 159.320500
v 0.000075 19.114170 140.869600
v -0.000003 11.109240 156.184300
v 0.000090 -2.225294 164.996700
v 0.000088 7.515638 164.898700
v 9.297093 14.504470 127.008800
v 9.642371 13.847140 130.688800
v 6.873632 12.023890 129.815100
v 6.234552 13.543630 126.528500
v 0.000070 11.486310 129.306700
v 0.000066 12.490070 126.112000
v 0.000074 8.644314 139.386500
v 0.000072 9.636578 135.548600
v 7.432323 9.673265 136.504000
v 6.502634 8.205951 140.406800
v 0.000066 13.807060 123.164700
v 5.367862 16.768510 123.848500
v 8.497565 18.645470 128.424200
v 11.660190 17.444890 129.402100
v 12.294630 16.470670 127.626500
v 9.423817 16.637300 125.551900
v 12.883040 14.913930 126.660300
v 11.025380 13.312590 123.364600
v 10.303470 10.724160 125.306900
v 11.220380 11.449670 123.660000
v 12.918230 12.928650 126.678600
v 11.449280 12.274790 127.221300
v 9.047504 12.218790 126.152000
v 9.878745 13.062760 127.695200
v 11.280020 10.611360 143.337600
v 9.698717 11.130720 146.052700
v 9.694482 8.658172 147.462600
v 11.249610 6.931056 146.001400
v 7.516626 17.176920 139.672900
v 6.781556 18.465620 142.433100
v 8.304032 16.037590 144.186300
v 9.604072 14.939190 140.300200
v 4.976829 20.507390 140.171400
v 6.103761 18.984520 138.259300
v 7.642753 22.816790 136.089700
v 4.998554 22.006420 137.820500
v 5.668501 20.030890 136.357100
v 8.552181 21.049090 134.739500
v 9.158650 6.493573 150.585200
v 10.269370 4.533267 149.280900
v 8.829308 4.827950 153.593200
v 9.010440 2.541696 152.579700
v 9.052244 2.570577 147.452100
v 11.080790 5.067175 143.339200
v 0.000082 4.915201 152.643700
v 8.829308 4.827950 153.593200
v 5.478133 4.732001 156.023900
v 0.000083 4.135334 155.214900
v 8.298825 13.929560 123.878400
v 7.353864 19.433940 131.890500
v 5.399139 18.897720 136.559700
v 9.385320 16.583460 135.596600
v 10.917780 17.897300 132.195700
v 10.587510 7.379551 143.774500
v 10.016920 5.704378 147.112400
v 6.162389 6.884553 143.184200
v 11.130260 9.620583 140.487100
v 1.445606 14.264040 117.334800
v 0.000062 10.299960 115.548600
v 0.000062 14.250610 115.347900
v 8.387047 3.233627 156.757300
v 5.367862 16.768510 123.848500
v 4.265569 16.078690 122.011500
v 2.350055 17.388030 119.826300
v 0.000064 19.935850 120.194400
v 6.299140 5.898725 147.330700
v -0.000509 6.714218 147.606800
v -0.000034 8.017347 143.391300
v 1.445606 14.264040 117.334800
v 0.000063 13.323290 118.480400
v 0.000062 10.299960 115.548600
v 10.271940 12.857830 134.143300
v 10.910300 11.364640 137.435200
v 7.054384 10.809930 133.063100
v 4.265569 16.078690 122.011500
v 3.019733 14.955670 119.563200
v 0.000063 13.323290 118.480400
v 0.000064 14.181950 120.042800
v 3.019733 14.955670 119.563200
v 0.000063 17.368670 117.222300
v 7.050807 -0.473032 156.066700
v 7.150527 0.620768 151.513400
v 9.010440 2.541696 152.579700
v 9.181683 13.346070 145.234200
v 11.481450 9.305552 140.707400
v 10.807730 12.784460 141.014000
v 4.023737 13.621990 120.929800
v 5.778953 15.040190 121.995600
v 6.609754 14.756980 121.636100
v 6.653115 13.712420 121.656800
v 7.741000 15.987020 124.001100
v 6.415601 17.463970 126.012100
v 5.778953 15.040190 121.995600
v 6.653115 13.712420 121.656800
v 7.150527 0.620768 151.513400
v 7.216192 17.821500 135.759200
v 0.000070 10.441160 132.591700
v 4.023737 13.621990 120.929800
v -9.162460 14.988410 139.204700
v -8.681416 12.907580 143.023300
v -4.903819 15.244070 144.163300
v -5.377408 17.374530 140.220800
v -4.026039 19.962020 126.562600
v -5.214699 20.243740 131.122900
v -4.394098 12.842890 147.826100
v -3.909796 11.377870 151.603600
v -8.222163 10.411130 146.304500
v -7.694270 8.712934 150.352800
v -8.829145 4.827948 153.593200
v -7.124219 7.439088 154.562500
v -3.715351 10.048800 155.677800
v -3.512847 7.812622 161.751300
v -6.306047 5.076459 160.873000
v -5.318308 3.895026 163.784800
v -3.153525 6.177501 164.612500
v -2.867575 0.682371 165.291900
v -2.777314 3.972236 165.926800
v -5.758111 1.214205 163.174100
v -7.286709 2.261466 159.900100
v -3.624944 9.071909 158.888000
v -6.853795 6.283735 157.719000
v -3.049925 19.159690 122.736000
v -11.135460 9.616417 140.485100
v -10.606070 7.366108 143.767800
v -9.385175 16.583460 135.596600
v -10.271800 12.857840 134.143300
v -10.910150 11.364640 137.435200
v -9.292716 17.337590 128.858100
v -9.296955 14.504470 127.008800
v -9.642235 13.847140 130.688800
v -8.680305 17.080890 132.340200
v -10.032700 5.693575 147.107000
v -5.398994 18.897720 136.559700
v -8.298695 13.929560 123.878400
v -5.440497 -1.382828 162.287400
v -2.641224 -2.058659 164.351800
v -6.684545 -0.949512 159.320500
v -9.296955 14.504470 127.008800
v -6.234419 13.543630 126.528500
v -6.873498 12.023900 129.815100
v -9.642235 13.847140 130.688800
v -6.507035 8.204068 140.405900
v -7.432178 9.673266 136.504000
v -5.367731 16.768510 123.848500
v -8.497428 18.645470 128.424200
v -9.423686 16.637300 125.551900
v -12.294490 16.470680 127.626600
v -11.660050 17.444870 129.402100
v -12.882910 14.913930 126.660300
v -11.025250 13.312590 123.364600
v -10.303340 10.724160 125.307000
v -11.449140 12.274780 127.221300
v -12.918100 12.928660 126.678700
v -11.220250 11.449670 123.660000
v -9.047372 12.218790 126.152000
v -9.878607 13.062760 127.695300
v -11.298740 10.593220 143.328600
v -11.268520 6.915824 145.993800
v -9.724507 8.632744 147.449900
v -9.729264 11.100140 146.037400
v -7.516476 17.176920 139.672900
v -9.605187 14.937850 140.299500
v -8.309515 16.029810 144.182400
v -6.781661 18.465240 142.432900
v -4.976680 20.507380 140.171400
v -6.103615 18.984520 138.259300
v -7.642606 22.816790 136.089700
v -8.552038 21.049090 134.739500
v -5.668356 20.030880 136.357100
v -4.998409 22.006420 137.820500
v -10.274100 4.529914 149.279200
v -9.168910 6.485823 150.581400
v -9.010280 2.541698 152.579700
v -8.829145 4.827948 153.593200
v -9.052452 2.570385 147.452000
v -11.085300 5.064216 143.337700
v -5.477969 4.732000 156.023900
v -8.829145 4.827948 153.593200
v -8.298695 13.929560 123.878400
v -7.353723 19.433940 131.890500
v -9.385175 16.583460 135.596600
v -5.398994 18.897720 136.559700
v -10.917640 17.897300 132.195800
v -10.606070 7.366108 143.767800
v -6.175962 6.879121 143.181500
v -10.032700 5.693575 147.107000
v -11.135460 9.616417 140.485100
v -1.445481 14.264040 117.334800
v -8.386880 3.233623 156.757300
v -4.265438 16.078690 122.011500
v -5.367731 16.768510 123.848500
v -2.349928 17.388030 119.826300
v -6.314578 5.891935 147.327300
v -1.445481 14.264040 117.334800
v -10.271800 12.857840 134.143300
v -7.054246 10.809930 133.063100
v -10.910150 11.364640 137.435200
v -4.265438 16.078690 122.011500
v -3.019606 14.955670 119.563200
v -3.019606 14.955670 119.563200
v -7.050642 -0.473034 156.066800
v -9.010280 2.541698 152.579700
v -7.150367 0.620767 151.513400
v -9.201724 13.323000 145.222700
v -11.486650 9.301302 140.705200
v -10.813620 12.778440 141.011000
v -4.023609 13.621990 120.929800
v -6.609628 14.756960 121.636100
v -5.778824 15.040190 121.995600
v -7.740869 15.987030 124.001100
v -6.652988 13.712420 121.656800
v -6.415467 17.463970 126.012100
v -6.652988 13.712420 121.656800
v -5.778824 15.040190 121.995600
v -7.150367 0.620767 151.513400
v -7.216049 17.821510 135.759200
v -4.023609 13.621990 120.929800
v 2.621891 -2.054762 164.351800
v 2.631666 -4.083851 162.809400
v 4.892504 -3.734932 160.884700
v 5.421164 -1.378927 162.287400
v 0.030229 -4.569528 163.558100
v -0.005889 -2.221396 164.996700
v -2.660703 -2.054758 164.351800
v -5.459975 -1.378927 162.287400
v -5.613719 -2.524456 161.499200
v -2.598076 -4.253907 163.232000
v 7.099027 -0.976491 150.829600
v 7.101341 -1.819868 154.892400
v 5.571386 -3.234532 154.102700
v 5.358232 -2.197917 150.411100
v 7.527604 0.485832 151.351000
v 7.445724 -0.123915 156.068300
v 7.791986 -0.555136 147.659600
v 6.849298 -0.787516 146.511200
v 8.046949 0.600802 148.552900
v 8.089683 -0.285409 145.788400
v 8.658652 -0.026644 146.552900
v 8.860299 0.833018 147.331700
v -6.757775 -2.772792 152.248000
v -5.030441 -3.360432 151.798000
v -4.925667 -4.362710 153.521300
v -6.427730 -3.435744 154.303900
v -7.431037 -1.571462 155.196000
v -7.726875 -1.237038 152.782900
v -7.303178 -0.447263 147.966300
v -7.035944 0.584215 146.698500
v -5.886627 -0.280626 147.913600
v -2.391057 -5.379147 162.109000
v 0.542790 -5.895375 161.997100
v -5.749770 -4.456264 156.507700
v -4.423851 -5.333400 155.108000
v -3.078198 -6.442473 157.013700
v -4.366013 -5.566671 158.715300
v -6.469859 -2.872506 157.919500
v 2.614087 -4.818792 160.898100
v 2.071483 -5.431832 161.707500
v 2.053971 -5.502425 160.539800
v -8.842443 1.118579 154.124300
v -9.421494 1.532954 153.300500
v -9.037165 0.479965 152.025800
v -8.075666 -0.630349 153.024500
v 6.665206 -0.945611 159.320500
v 6.946447 -2.401832 156.938200
v 2.673329 -4.739174 161.904900
v 4.882253 -4.223992 157.441100
v 6.430902 -2.871593 158.568000
v 5.331850 -3.803343 156.040900
v 3.725231 -4.646172 159.273500
v -1.942870 -6.083377 160.700200
v -6.969354 -0.268936 159.497800
v -5.331793 -4.185308 160.260800
v -5.636935 0.365833 148.834800
v -6.439563 1.348041 147.245800
v -6.609412 1.854561 148.086500
v -7.147891 2.178231 146.905100
v -7.425942 1.730523 146.154700
v -8.616289 2.478143 146.636500
v -8.469488 2.713976 147.011300
v -7.368463 2.362844 147.767400
v -8.540625 2.636683 147.695200
v 9.698085 0.590435 145.921000
v 9.335131 0.458589 145.207000
v 11.030350 1.127815 145.665400
v 11.045900 1.230351 146.140500
v 9.800391 1.195434 146.383800
v 10.986370 1.400162 146.467000
v -6.689051 -1.863152 149.939200
v -4.894790 -1.935690 150.091900
v -7.740931 -0.847031 150.508300
v -10.703350 2.277081 151.628800
v -10.678390 2.470347 152.619400
v -11.441670 3.086365 152.655800
v -11.539190 3.312050 151.874700
v -1.125215 -6.681147 158.501800
v 1.180449 -6.131008 160.001500
v -7.985209 0.498990 156.038800
v 1.666221 -5.118871 162.402600
v 12.238710 1.714713 147.061200
v -9.936294 2.363475 147.861100
v -10.108310 2.000643 152.715700
v -9.826400 1.337491 151.642700
v -12.207530 3.629917 153.129000
v 6.117541 -1.889897 164.403200
v 5.149777 -2.302035 164.470500
v 5.069438 -3.204351 163.471200
v 6.196793 -3.016805 162.927500
v 7.885802 -1.668611 159.052800
v 8.197782 -0.705659 159.095300
v 7.378406 -1.632354 161.379100
v 7.099041 -2.603500 161.089300
v 8.010109 -1.374954 157.119200
v 8.411062 -0.433553 156.419600
v 3.913985 -3.434245 164.036500
v 3.476804 -3.321778 163.625000
v 5.076724 -3.809781 161.932500
v 3.491989 -3.741969 163.154900
v 3.324408 -3.588400 162.741600
v 4.625741 -3.489925 161.277700
v 6.036467 -2.459148 160.299800
v 7.099041 -2.603500 161.089300
v 7.885802 -1.668611 159.052800
v 6.778713 -1.749758 158.808000
v 7.188343 -1.514449 157.042400
v 8.010109 -1.374954 157.119200
v 8.861021 -0.797181 159.305800
v 8.071308 -1.616321 161.894600
v 7.378406 -1.632354 161.379100
v 8.197782 -0.705659 159.095300
v 8.411062 -0.433553 156.419600
v 8.960929 -0.422528 156.709700
v 8.071308 -1.616321 161.894600
v 9.149836 1.173481 161.671600
v 9.602198 0.880883 162.141000
v 8.420074 -0.934597 164.189500
v 3.139604 -3.048307 165.070400
v 2.106801 -3.327899 165.605400
v 5.630789 -2.808645 162.440700
v 3.476804 -3.321778 163.625000
v 5.076724 -3.809781 161.932500
v 3.491989 -3.741969 163.154900
v 2.674522 -2.989643 164.318200
v 7.711702 -0.638072 164.772100
v 9.579032 0.736646 166.198400
v 8.420074 -0.934597 164.189500
v 9.116839 0.671848 164.199700
v 9.579032 0.736646 166.198400
v 8.861021 -0.797181 159.305800
v 9.916936 1.798773 157.985300
v 10.161480 1.391824 158.609400
v 8.426007 0.139224 163.108200
v 8.861021 -0.797181 159.305800
v 10.082440 1.821255 162.302400
v 9.290677 1.170110 162.593700
v 8.426007 0.139224 163.108200
v 9.602198 0.880883 162.141000
v 8.071308 -1.616321 161.894600
v 6.196793 -3.016805 162.927500
v 5.630789 -2.808645 162.440700
v 10.082440 1.821255 162.302400
v 2.674522 -2.989643 164.318200
v 8.960929 -0.422528 156.709700
v 8.411062 -0.433553 156.419600
v 9.723954 2.234169 155.451000
v 8.411062 -0.433553 156.419600
v 10.466900 2.467253 158.252500
v 10.466900 2.467253 158.252500
v 9.801281 1.689850 159.150700
v 10.161480 1.391824 158.609400
v 8.960929 -0.422528 156.709700
v 9.723954 2.234169 155.451000
v 6.196793 -3.016805 162.927500
v 0.767397 -2.430908 139.720600
v 1.327882 -2.912457 140.141500
v 1.324112 -1.373966 141.692400
v 0.866548 -0.958768 141.251700
v 2.317219 12.012690 108.693700
v 2.604640 13.430820 107.511700
v 0.687011 14.361320 107.347100
v 0.423036 12.320600 109.599400
v 1.751612 10.418440 110.847200
v 3.111543 11.867850 109.307500
v 3.693587 8.475590 112.208900
v 5.612517 8.869846 112.408500
v 3.361701 11.298170 110.857200
v 1.305874 10.305770 111.459400
v 5.510981 6.850850 113.258400
v 6.172349 9.796865 110.671800
v 4.953303 11.757590 108.969400
v 6.955919 7.585660 112.417700
v 2.350815 17.045220 105.713100
v 3.599380 14.912610 106.340800
v 4.638051 17.470750 104.429400
v 5.123727 15.148790 105.347000
v 6.950800 13.914340 104.325000
v 7.886424 19.656970 102.372900
v 8.420733 -5.531466 110.446700
v 8.072665 -6.202971 111.201200
v 6.780961 -8.221205 108.226300
v 7.102134 -7.624760 107.852200
v 10.229490 -2.744746 112.362900
v 9.697291 -3.192285 113.228500
v 10.580380 0.465889 114.261000
v 9.956028 -0.938612 114.808200
v 9.757223 -4.895777 108.175300
v 10.773920 -4.968745 106.920800
v 12.113880 0.555241 108.842200
v 10.918700 0.609470 109.533300
v 8.517008 -3.297376 114.133400
v 6.999707 -6.286159 111.902100
v 5.500684 -8.009218 108.676500
v 4.634319 -9.320984 104.927800
v 5.752657 -9.291025 104.819700
v 7.294993 6.553082 111.676300
v 6.329250 8.500903 110.343500
v 6.022083 8.946306 110.611600
v 7.125492 6.942006 111.989200
v 9.055722 3.702683 113.030100
v 8.886204 3.971247 113.779200
v 9.662898 1.870398 114.594200
v 10.580380 0.465889 114.261000
v 8.842729 5.810238 108.682900
v 10.918700 0.609470 109.533300
v 12.113880 0.555241 108.842200
v 9.982594 6.382557 108.281400
v 7.379587 3.850922 114.436500
v 5.789196 6.886403 112.407700
v 4.742269 8.694336 110.588600
v 5.419837 10.241260 108.606600
v 4.321720 10.265160 108.687200
v -0.806231 -2.430907 139.720600
v -0.905379 -0.958769 141.251700
v -1.362942 -1.373969 141.692400
v -1.366712 -2.912457 140.141500
v -2.356081 12.012690 108.693700
v -0.461896 12.320600 109.599400
v -0.725871 14.361320 107.347100
v -2.643499 13.430820 107.511700
v -3.150402 11.867850 109.307600
v -1.790470 10.418440 110.847200
v -3.732443 8.475589 112.208900
v -1.344733 10.305770 111.459400
v -3.400560 11.298170 110.857200
v -5.651375 8.869846 112.408500
v -5.549837 6.850848 113.258400
v -4.992162 11.757590 108.969400
v -6.211209 9.796865 110.671800
v -6.994778 7.585660 112.417700
v -2.389680 17.045220 105.713100
v -3.638241 14.912610 106.340800
v -4.676914 17.470750 104.429400
v -5.162589 15.148790 105.347000
v -7.925290 19.656970 102.372900
v -6.989664 13.914340 104.325000
v -8.459594 -5.531466 110.446700
v -7.140996 -7.624760 107.852300
v -6.819821 -8.221204 108.226300
v -8.111524 -6.202972 111.201200
v -10.268340 -2.744751 112.362900
v -9.736147 -3.192289 113.228600
v -9.994884 -0.938620 114.808300
v -10.619230 0.465889 114.261100
v -9.796081 -4.895778 108.175300
v -10.957560 0.609470 109.533400
v -12.152740 0.555263 108.842200
v -10.812780 -4.968748 106.920800
v -8.555869 -3.297377 114.133500
v -7.038566 -6.286161 111.902100
v -5.539542 -8.009222 108.676500
v -5.791524 -9.291026 104.819800
v -4.673181 -9.320987 104.927800
v -7.333853 6.553081 111.676300
v -7.164351 6.942007 111.989200
v -6.060941 8.946304 110.611600
v -6.368109 8.500902 110.343600
v -9.094582 3.702684 113.030100
v -8.925063 3.971247 113.779200
v -10.619230 0.465889 114.261100
v -9.701750 1.870398 114.594200
v -8.881587 5.810240 108.682900
v -10.021450 6.382555 108.281500
v -12.152740 0.555263 108.842200
v -10.957560 0.609470 109.533400
v -7.418443 3.850921 114.436500
v -5.828054 6.886404 112.407700
v -4.781128 8.694336 110.588600
v -4.360579 10.265160 108.687300
v -5.458698 10.241260 108.606600
v 4.529492 -1.669962 138.955200
v 3.617616 -0.693528 140.081600
v 3.910473 -2.655090 138.890900
v 2.139085 -0.775998 141.095200
v 1.731192 0.276982 142.923700
v 1.324112 -1.373966 141.692400
v 1.327882 -2.912457 140.141500
v 3.074189 -2.333369 139.848000
v 1.120647 -3.598901 138.416900
v 1.327882 -2.912457 140.141500
v 2.127714 -2.295102 139.171800
v 3.074189 -2.333369 139.848000
v 2.784153 -2.233060 139.072000
v 3.190036 -2.509435 138.437100
v 1.731192 0.276982 142.923700
v 1.120647 -3.598901 138.416900
v 5.331706 -1.462497 138.614600
v 3.048073 -3.794336 137.206400
v 4.447778 -2.628810 137.862600
v -0.019420 -7.127701 132.296600
v 4.366728 -2.751856 137.663300
v -0.019416 -4.031569 138.168700
v -0.019416 -0.994519 141.278400
v 3.910473 -2.655090 138.890900
v 3.048073 -3.794336 137.206400
v 1.422279 -10.711420 127.994500
v -0.019420 -11.205510 128.097400
v 0.534295 -10.097300 126.061200
v -0.019421 -10.125440 129.930600
v 6.848560 5.457410 114.070100
v 4.394190 6.986736 111.449100
v -0.019430 10.979390 107.079200
v -0.019429 10.696770 112.279300
v -0.019427 7.115701 115.181500
v -0.019425 -10.558220 124.986400
v -0.019420 -9.753386 123.502000
v 0.757364 -9.975723 125.181600
v -0.019420 -10.395170 125.945300
v 11.905310 0.465889 114.166500
v 7.788095 -7.375354 107.656000
v 9.619606 -5.818761 109.389100
v 4.164490 -10.923650 99.576580
v 6.723850 -8.247305 104.515500
v 10.301250 0.465888 116.829100
v 11.174340 -2.709789 111.069700
v 11.894840 0.465886 111.299900
v 7.707200 -7.103302 106.105400
v 8.618032 -7.057560 105.108800
v 9.381989 -6.168863 104.168200
v 11.139840 -3.263362 105.456500
v 9.821456 0.465892 118.374100
v 11.905310 0.465889 114.166500
v 7.383004 8.765764 109.943200
v 9.404611 6.942591 111.266100
v 4.589122 12.622570 104.258400
v 6.286134 9.334225 108.093900
v 10.301250 0.465888 116.829100
v 11.050890 3.744210 112.974800
v 11.894840 0.465886 111.299900
v 7.017365 8.178404 108.836000
v 7.920980 8.326282 107.830400
v 8.598483 7.778996 106.320300
v 10.476020 4.839703 106.447500
v 9.821456 0.465892 118.374100
v -4.568327 -1.669962 138.955200
v -3.949306 -2.655091 138.890900
v -3.656449 -0.693530 140.081600
v -2.177916 -0.775999 141.095200
v -1.362942 -1.373969 141.692400
v -1.770022 0.276981 142.923700
v -1.366712 -2.912457 140.141500
v -3.113024 -2.333369 139.848000
v -1.159480 -3.598901 138.416900
v -1.366712 -2.912457 140.141500
v -3.113024 -2.333369 139.848000
v -2.166548 -2.295105 139.171800
v -3.228871 -2.509435 138.437000
v -2.822986 -2.233061 139.072000
v -1.770022 0.276981 142.923700
v -1.159480 -3.598901 138.416900
v -5.370539 -1.462498 138.614600
v -3.086909 -3.794336 137.206400
v -4.486612 -2.628809 137.862600
v -4.405564 -2.751856 137.663300
v -3.949306 -2.655091 138.890900
v -3.086909 -3.794336 137.206400
v -1.461121 -10.711420 127.994500
v -0.573148 -10.097300 126.061200
v -6.887418 5.457409 114.070100
v -4.433049 6.986734 111.449100
v -0.019429 10.696770 112.279300
v -0.019430 10.979390 107.079200
v -0.019427 7.115701 115.181500
v -0.796209 -9.975723 125.181600
v -11.944170 0.465889 114.166500
v -7.826958 -7.375356 107.656000
v -9.658467 -5.818762 109.389100
v -4.203365 -10.923650 99.576580
v -6.762715 -8.247307 104.515500
v -10.340100 0.465890 116.829100
v -11.213200 -2.709791 111.069700
v -11.933700 0.465888 111.299900
v -7.746064 -7.103304 106.105400
v -8.656897 -7.057565 105.108800
v -9.420853 -6.168864 104.168200
v -11.178700 -3.263365 105.456500
v -9.860310 0.465890 118.374100
v -11.944170 0.465889 114.166500
v -7.421864 8.765764 109.943200
v -9.443470 6.942590 111.266100
v -4.627988 12.622570 104.258400
v -6.324995 9.334225 108.093900
v -10.340100 0.465890 116.829100
v -11.089760 3.744209 112.974800
v -11.933700 0.465888 111.299900
v -7.056224 8.178404 108.836100
v -7.959841 8.326282 107.830400
v -8.637345 7.778995 106.320400
v -10.514880 4.839704 106.447500
v -9.860310 0.465890 118.374100
v 4.216325 -2.696274 164.705100
v -0.019429 -9.666517 111.132900
v 2.158456 -10.488040 106.639500
v 2.650732 -8.357777 108.337500
v 3.544991 -8.899139 105.612400
v -0.019434 -11.443990 99.026080
v 2.650732 -8.357777 108.337500
v 4.420309 -9.069824 108.668100
v 3.592223 -8.035810 109.055800
v 4.939697 -7.502614 110.958800
v -0.019434 -11.674820 105.974300
v 4.420309 -9.069824 108.668100
v 5.037343 -8.165511 107.960200
v 4.939697 -7.502614 110.958800
v 2.158456 -10.488040 106.639500
v -2.689594 -8.357779 108.337500
v -2.197325 -10.488040 106.639500
v -3.583855 -8.899138 105.612400
v -2.689594 -8.357779 108.337500
v -3.631083 -8.035812 109.055800
v -4.459170 -9.069824 108.668200
v -4.978554 -7.502615 110.958900
v -4.459170 -9.069824 108.668200
v -4.978554 -7.502615 110.958900
v -5.076206 -8.165510 107.960200
v -2.197325 -10.488040 106.639500
v -107.869300 0.680930 191.849400
v -118.926800 0.680860 237.063600
v -118.926800 -0.931771 228.611300
v -110.210300 -1.898125 191.865300
v -105.758500 -2.778977 175.218000
v -103.745800 0.680718 174.744400
v -108.324000 -3.037348 175.407700
v -105.758500 -2.778977 175.218000
v -110.210300 -1.898125 191.865300
v -112.381200 -2.404865 191.861100
v -108.707300 0.680895 165.260100
v -110.674700 -2.819355 166.978800
v -118.926800 -2.865036 157.185300
v -118.926800 0.680850 154.390400
v -110.071100 0.680867 161.011800
v -109.401400 -2.040250 159.159100
v -104.513400 -3.222325 163.658600
v -105.950200 0.680902 166.809100
v -118.926800 -0.931771 228.611300
v -118.926800 -1.592575 215.978200
v -108.324000 -3.037348 175.407700
v -112.381200 -2.404865 191.861100
v -116.597300 0.680853 189.481200
v -111.766600 0.680867 175.409700
v -110.897100 -4.139786 158.372500
v -112.597700 -2.985840 159.165200
v -118.926800 -2.463446 153.817600
v -118.926800 -3.809722 152.171200
v -98.739360 0.680947 160.650700
v -100.822200 -2.224895 163.170200
v -105.226000 -3.288949 158.755800
v -101.580500 0.680805 154.309900
v -96.360390 0.680503 164.366100
v -97.709490 -1.170007 166.210000
v -117.055400 0.680847 137.006100
v -115.699500 0.680851 139.979900
v -118.926800 -2.145840 140.017100
v -118.926800 -0.849165 137.018100
v -117.405200 0.680849 133.564800
v -115.919200 0.680843 135.242900
v -118.926800 -1.896528 135.266200
v -118.926800 -0.856171 133.568800
v -117.941200 -2.952015 180.870500
v -117.424700 -2.542745 194.262400
v -118.926800 -3.983706 194.288000
v -118.926800 -4.457765 180.896000
v -116.011100 -4.259805 165.456400
v -116.936000 -3.425467 164.187100
v -116.558900 -4.479508 163.796000
v -114.718100 -4.766443 165.958000
v -118.926800 -4.700786 161.500000
v -118.926800 -4.774512 160.496000
v -118.926800 -3.553678 170.059400
v -114.590900 0.680851 168.379200
v -116.597300 0.680853 189.481200
v -116.597300 0.680853 189.481200
v -112.381200 -2.404865 191.861100
v -118.926800 -2.545677 191.736300
v -116.670600 0.680851 142.687500
v -114.720500 0.680847 145.290900
v -118.926800 -3.411098 145.237800
v -118.080800 -3.040096 169.671100
v -116.113400 -3.040097 171.333100
v -118.926800 -4.979405 171.382900
v -118.926800 -5.008772 168.163000
v -118.178200 -3.230261 166.455300
v -116.960100 -3.026244 168.319800
v -116.097200 -3.748084 145.738300
v -115.693300 -4.081759 150.753500
v -118.926800 -5.924200 148.585500
v -118.926800 -4.108754 166.260100
v -116.936000 -3.425467 164.187100
v -111.019700 -1.812653 151.206400
v -111.214200 0.680844 145.997200
v -106.270000 0.680927 148.883600
v -105.748100 -1.740607 153.819700
v -110.955700 -1.377160 149.276400
v -113.742400 -4.069211 150.286400
v -112.645800 -4.380155 153.449300
v -118.926800 -3.809722 152.171200
v -107.869300 0.680930 191.849400
v -110.210300 3.259832 191.865300
v -118.926800 2.293490 228.611300
v -118.926800 0.680860 237.063600
v -105.758500 4.140682 175.218000
v -103.745800 0.680718 174.744400
v -108.324000 4.399053 175.407800
v -112.381200 3.766575 191.861100
v -110.210300 3.259832 191.865300
v -105.758500 4.140682 175.218000
v -108.707300 0.680895 165.260100
v -110.674700 4.181056 166.978900
v -118.926800 0.680850 154.390400
v -118.926800 4.226736 157.185300
v -110.071100 0.680867 161.011800
v -105.950200 0.680902 166.809100
v -104.513400 4.584029 163.658600
v -109.401400 3.401952 159.159200
v -118.926800 2.954291 215.978200
v -118.926800 2.293490 228.611300
v -108.324000 4.399053 175.407800
v -111.766600 0.680867 175.409700
v -116.597300 0.680853 189.481200
v -112.381200 3.766575 191.861100
v -110.897100 5.501489 158.372500
v -118.926800 5.171421 152.171300
v -118.926800 3.825145 153.817600
v -112.597700 4.347544 159.165300
v -98.739360 0.680947 160.650700
v -101.580500 0.680805 154.309900
v -105.226000 4.650651 158.755900
v -100.822200 3.586596 163.170200
v -96.360390 0.680503 164.366100
v -97.709480 2.531714 166.210000
v -118.926800 2.210859 137.018100
v -118.926800 3.507537 140.017100
v -118.926800 2.217867 133.568800
v -118.926800 3.258221 135.266300
v -117.941200 4.313323 180.870600
v -118.926800 5.819071 180.896100
v -118.926800 5.345016 194.288000
v -117.424700 3.904056 194.262400
v -116.011100 5.621105 165.456400
v -114.718100 6.127744 165.958000
v -116.558800 5.840807 163.796100
v -116.936000 4.786767 164.187100
v -118.926800 6.137253 160.494800
v -118.926800 6.062085 161.500000
v -116.597300 0.680853 189.481200
v -114.590900 0.680851 168.379200
v -118.926800 4.915383 170.059500
v -116.597300 0.680853 189.481200
v -118.926800 3.907386 191.736300
v -112.381200 3.766575 191.861100
v -116.670600 0.680851 142.687500
v -118.926800 4.772796 145.237800
v -114.720500 0.680847 145.290900
v -118.080800 4.401399 169.671100
v -118.926800 6.340708 171.382900
v -116.113400 4.401397 171.333100
v -115.570400 5.298872 156.767700
v -118.926800 6.615333 155.720000
v -117.613000 5.298871 157.223100
v -117.566300 5.601224 153.715500
v -118.926800 6.615333 155.720000
v -115.570400 5.298872 156.767700
v -116.097200 5.109381 145.738300
v -118.926800 7.285500 148.585500
v -115.693300 5.443056 150.753600
v -118.926800 6.137253 160.494800
v -116.558800 5.840807 163.796100
v -117.499100 5.016290 160.213500
v -118.178300 4.591565 166.455400
v -116.936000 4.786767 164.187100
v -118.926800 5.470057 166.260200
v -111.019700 3.174350 151.206400
v -105.748000 3.102307 153.819700
v -106.270000 0.680927 148.883600
v -111.214200 0.680844 145.997200
v -110.955700 2.738860 149.276500
v -113.742400 5.430909 150.286400
v -118.926800 5.171421 152.171300
v -112.645800 5.741855 153.449300
v -118.926800 -3.116591 162.348200
v -110.674700 -2.819355 166.978800
v -114.590900 0.680851 168.379200
v -118.926800 -1.896528 135.266200
v -115.919200 0.680843 135.242900
v -117.055400 0.680847 137.006100
v -118.926800 -0.849165 137.018100
v -117.552700 0.680832 35.020730
v -117.405200 0.680849 133.564800
v -118.926800 -0.856171 133.568800
v -118.929000 -0.617515 35.018940
v -116.670600 0.680851 142.687500
v -118.926800 -2.145840 140.017100
v -115.699500 0.680851 139.979900
v -110.897100 -4.139786 158.372500
v -117.566300 -4.239923 153.715500
v -118.926800 4.478292 162.348300
v -114.590900 0.680851 168.379200
v -110.674700 4.181056 166.978900
v -118.926800 3.258221 135.266300
v -118.926800 2.210859 137.018100
v -118.929000 1.979184 35.018930
v -118.926800 2.217867 133.568800
v -118.926800 3.507537 140.017100
v -110.897100 5.501489 158.372500
v -129.984300 0.680788 191.849400
v -127.643300 -1.898125 191.865300
v -132.095200 -2.778975 175.218000
v -134.107900 0.680750 174.744400
v -129.529700 -3.037349 175.407700
v -125.472400 -2.404867 191.861100
v -127.643300 -1.898125 191.865300
v -132.095200 -2.778975 175.218000
v -129.146400 0.680787 165.260100
v -127.179000 -2.819356 166.978800
v -127.782600 0.680807 161.011900
v -131.903500 0.680938 166.809100
v -133.340300 -3.222325 163.658600
v -128.452300 -2.040250 159.159100
v -129.529700 -3.037349 175.407700
v -126.087000 0.680861 175.409700
v -121.256300 0.680855 189.481200
v -125.472400 -2.404867 191.861100
v -126.956600 -4.139784 158.372500
v -118.926800 -3.809722 152.171200
v -118.926800 -2.463446 153.817600
v -125.256000 -2.985842 159.165200
v -139.114300 0.680964 160.650800
v -136.273200 0.680837 154.310000
v -132.627700 -3.288950 158.755900
v -137.031500 -2.224897 163.170200
v -141.493300 0.680523 164.366100
v -140.144200 -1.170012 166.210100
v -120.798300 0.680848 137.006100
v -122.154200 0.680849 139.979900
v -120.448500 0.680848 133.564800
v -121.934500 0.680846 135.242900
v -119.912500 -2.952015 180.870500
v -118.926800 -4.457765 180.896000
v -118.926800 -3.983706 194.288000
v -120.429000 -2.542745 194.262400
v -121.842600 -4.259804 165.456400
v -123.135600 -4.766444 165.958000
v -121.294800 -4.479508 163.796000
v -120.917600 -3.425468 164.187100
v -118.926800 -4.774512 160.496000
v -118.926800 -4.700786 161.500000
v -118.926800 -3.553678 170.059400
v -121.256300 0.680855 189.481200
v -123.262700 0.680852 168.379200
v -121.256300 0.680855 189.481200
v -118.926800 -2.545677 191.736300
v -125.472400 -2.404867 191.861100
v -121.183100 0.680849 142.687500
v -123.133200 0.680858 145.291000
v -119.772900 -3.040097 169.671100
v -118.926800 -4.979405 171.382900
v -121.740300 -3.040095 171.333100
v -118.926800 -5.246921 155.713900
v -120.240700 -3.937573 157.223000
v -122.283300 -3.937574 156.767700
v -120.287400 -4.239923 153.715500
v -121.756500 -3.748085 145.738300
v -122.160400 -4.081760 150.753500
v -118.926800 -4.774512 160.496000
v -121.294800 -4.479508 163.796000
v -120.354600 -3.654988 160.213400
v -119.675400 -3.230261 166.455300
v -120.917600 -3.425468 164.187100
v -118.926800 -4.108754 166.260100
v -126.834000 -1.812650 151.206500
v -132.105700 -1.740608 153.819700
v -131.583700 0.680964 148.883600
v -126.639500 0.680819 145.997200
v -126.898000 -1.377162 149.276400
v -124.111400 -4.069211 150.286400
v -125.207900 -4.380155 153.449300
v -129.984300 0.680788 191.849400
v -127.643300 3.259832 191.865300
v -132.095200 4.140684 175.218000
v -134.107900 0.680750 174.744400
v -129.529700 4.399053 175.407800
v -132.095200 4.140684 175.218000
v -127.643300 3.259832 191.865300
v -125.472400 3.766575 191.861100
v -129.146400 0.680787 165.260100
v -127.179000 4.181056 166.978900
v -127.782600 0.680807 161.011900
v -128.452300 3.401951 159.159200
v -133.340300 4.584030 163.658600
v -131.903500 0.680938 166.809100
v -121.256300 0.680855 189.481200
v -126.087000 0.680861 175.409700
v -126.956600 5.501489 158.372500
v -125.256000 4.347543 159.165300
v -118.926800 3.825145 153.817600
v -118.926800 5.171421 152.171300
v -139.114300 0.680964 160.650800
v -137.031500 3.586596 163.170200
v -132.627700 4.650648 158.755900
v -136.273200 0.680837 154.310000
v -141.493300 0.680523 164.366100
v -140.144200 2.531704 166.210100
v -119.912500 4.313323 180.870600
v -120.429000 3.904056 194.262400
v -118.926800 5.345016 194.288000
v -118.926800 5.819071 180.896100
v -121.842600 5.621106 165.456400
v -120.917600 4.786768 164.187100
v -121.294800 5.840807 163.796100
v -123.135600 6.127745 165.958000
v -118.926800 6.062085 161.500000
v -118.926800 6.137253 160.494800
v -118.926800 4.915383 170.059500
v -123.262700 0.680852 168.379200
v -121.256300 0.680855 189.481200
v -121.256300 0.680855 189.481200
v -125.472400 3.766575 191.861100
v -118.926800 3.907386 191.736300
v -121.183100 0.680849 142.687500
v -123.133200 0.680858 145.291000
v -119.772900 4.401399 169.671100
v -121.740300 4.401398 171.333100
v -118.926800 6.340708 171.382900
v -118.926800 6.375228 168.164300
v -119.675400 4.591565 166.455400
v -120.893600 4.387545 168.319800
v -122.283300 5.298872 156.767700
v -120.240700 5.298872 157.223100
v -118.926800 6.615333 155.720000
v -120.287400 5.601223 153.715600
v -122.283300 5.298872 156.767700
v -121.756500 5.109381 145.738300
v -122.160400 5.443056 150.753600
v -118.926800 5.470057 166.260200
v -120.917600 4.786768 164.187100
v -126.834000 3.174349 151.206500
v -126.639500 0.680819 145.997200
v -131.583700 0.680964 148.883600
v -132.105700 3.102308 153.819700
v -126.898000 2.738858 149.276500
v -124.111400 5.430910 150.286400
v -125.207900 5.741855 153.449300
v -118.926800 -3.116591 162.348200
v -123.262700 0.680852 168.379200
v -127.179000 -2.819356 166.978800
v -120.798300 0.680848 137.006100
v -121.934500 0.680846 135.242900
v -120.350800 0.680831 35.023340
v -120.448500 0.680848 133.564800
v -121.183100 0.680849 142.687500
v -122.154200 0.680849 139.979900
v -126.956600 -4.139784 158.372500
v -118.926800 4.478292 162.348300
v -127.179000 4.181056 166.978900
v -123.262700 0.680852 168.379200
v -126.956600 5.501489 158.372500
v -112.740200 0.680825 145.781700
v -110.674700 -2.819355 166.978800
v -91.817040 0.681277 174.336900
v -104.513400 -3.222325 163.658600
v -100.516000 0.680782 162.738300
v -91.817040 0.681277 174.336900
v -109.401400 -2.040250 159.159100
v -108.807300 -1.024079 155.091900
v -111.123400 0.680820 158.516400
v -108.807300 -1.024079 155.091900
v -111.871800 0.680860 170.766700
v -118.926800 -2.545677 191.736300
v -118.926800 -3.116591 162.348200
v -108.803800 -3.208531 158.208400
v -109.255300 -3.352012 165.103500
v -109.255300 -3.352012 165.103500
v -109.364200 -2.702190 154.117000
v -111.934200 0.680852 143.395700
v -110.902300 -0.525756 146.000900
v -110.003800 0.680800 141.545000
v -109.726000 0.680787 146.741600
v -110.825200 -2.901020 156.415600
v -95.578560 -0.502034 166.739300
v -93.357040 0.680530 166.007000
v -115.772200 -3.534716 163.232600
v -116.558900 -4.479508 163.796000
v -117.499100 -3.654988 160.213400
v -116.011100 -4.259805 165.456400
v -114.718100 -4.766443 165.958000
v -117.568900 -4.187389 166.369200
v -113.607400 -3.884510 164.498000
v -107.916600 -3.189016 174.174300
v -118.926800 -5.614967 164.180200
v -118.926800 -4.700786 161.500000
v -115.570400 -3.937572 156.767700
v -117.613000 -3.937574 157.223000
v -118.926800 -5.246921 155.713900
v -115.570400 -3.937572 156.767700
v -118.926800 -4.774512 160.496000
v -118.926800 -4.958384 153.471000
v -112.740200 0.680825 145.781700
v -108.324000 4.399053 175.407800
v -91.817040 0.681277 174.336900
v -100.516000 0.680782 162.738300
v -104.513400 4.584029 163.658600
v -91.817040 0.681277 174.336900
v -108.807300 2.385781 155.092000
v -109.401400 3.401952 159.159200
v -108.807300 2.385781 155.092000
v -111.123400 0.680820 158.516400
v -111.871800 0.680860 170.766700
v -118.926800 3.907386 191.736300
v -118.926800 4.478292 162.348300
v -109.255300 4.713715 165.103500
v -108.803800 4.570235 158.208400
v -109.255300 4.713715 165.103500
v -109.364200 4.063890 154.117100
v -111.934200 0.680852 143.395700
v -110.902300 1.887452 146.000900
v -110.003800 0.680800 141.545000
v -109.726000 0.680787 146.741600
v -110.825200 4.262719 156.415700
v -95.578550 1.863742 166.739300
v -93.357040 0.680530 166.007000
v -116.960100 4.387545 168.319800
v -118.926800 6.375228 168.164300
v -115.772200 4.896019 163.232600
v -116.011100 5.621105 165.456400
v -117.568900 5.548692 166.369200
v -114.718100 6.127744 165.958000
v -107.916600 4.550323 174.174300
v -113.607400 5.245811 164.498100
v -118.926800 6.062085 161.500000
v -118.926800 6.976271 164.180200
v -118.926800 6.319685 153.471000
v -118.926800 -2.545677 191.736300
v -112.381200 -2.404865 191.861100
v -118.926800 -1.592575 215.978200
v -118.926800 -1.603820 142.687700
v -118.926800 -1.603820 142.687700
v -118.926800 -2.054639 210.553800
v -118.926800 -3.822482 143.047700
v -118.926800 -2.865036 157.185300
v -110.674700 -2.819355 166.978800
v -118.926800 -3.116591 162.348200
v -118.926800 2.954291 215.978200
v -112.381200 3.766575 191.861100
v -118.926800 3.907386 191.736300
v -118.926800 2.965517 142.687700
v -118.926800 2.965517 142.687700
v -118.926800 6.375228 168.164300
v -118.926800 3.415954 210.553800
v -116.960100 4.387545 168.319800
v -118.926800 5.183779 143.047700
v -118.926800 4.478292 162.348300
v -110.674700 4.181056 166.978900
v -118.926800 4.226736 157.185300
v -125.113500 0.680848 145.781700
v -127.179000 -2.819356 166.978800
v -146.036600 0.681293 174.337000
v -137.337700 0.680802 162.738300
v -133.340300 -3.222325 163.658600
v -146.036600 0.681293 174.337000
v -129.046500 -1.024081 155.091900
v -128.452300 -2.040250 159.159100
v -129.046500 -1.024081 155.091900
v -126.730300 0.680884 158.516400
v -125.981900 0.680855 170.766700
v -118.926800 -2.545677 191.736300
v -118.926800 -3.116591 162.348200
v -128.598400 -3.352013 165.103500
v -129.049900 -3.208531 158.208400
v -128.598400 -3.352013 165.103500
v -128.489500 -2.702193 154.117000
v -125.919500 0.680848 143.395700
v -126.951400 -0.525757 146.000900
v -127.849900 0.680854 141.545100
v -126.951400 -0.525757 146.000900
v -128.127700 0.680837 146.741700
v -127.028500 -2.901021 156.415600
v -142.275100 -0.502030 166.739300
v -144.496600 0.680541 166.007000
v -127.849900 0.680854 141.545100
v -120.893600 -3.026244 168.319800
v -118.926800 -5.008772 168.163000
v -122.081400 -3.534716 163.232500
v -121.842600 -4.259804 165.456400
v -120.284800 -4.187389 166.369200
v -123.135600 -4.766444 165.958000
v -129.937100 -3.189015 174.174300
v -124.246200 -3.884512 164.498000
v -118.926800 -4.700786 161.500000
v -118.926800 -5.614967 164.180200
v -126.898000 -1.377162 149.276400
v -125.113500 0.680848 145.781700
v -129.529700 4.399053 175.407800
v -146.036600 0.681293 174.337000
v -133.340300 4.584030 163.658600
v -137.337700 0.680802 162.738300
v -146.036600 0.681293 174.337000
v -128.452300 3.401951 159.159200
v -129.046500 2.385782 155.092000
v -126.730300 0.680884 158.516400
v -129.046500 2.385782 155.092000
v -125.981900 0.680855 170.766700
v -118.926800 3.907386 191.736300
v -118.926800 4.478292 162.348300
v -129.049900 4.570235 158.208400
v -128.598400 4.713715 165.103500
v -128.598400 4.713715 165.103500
v -128.489500 4.063890 154.117100
v -125.919500 0.680848 143.395700
v -126.951400 1.887450 146.000900
v -127.028500 4.262719 156.415700
v -142.275100 1.863739 166.739300
v -144.496600 0.680541 166.007000
v -122.081400 4.896019 163.232600
v -121.294800 5.840807 163.796100
v -120.354600 5.016290 160.213500
v -121.842600 5.621106 165.456400
v -123.135600 6.127745 165.958000
v -120.284800 5.548693 166.369200
v -124.246200 5.245811 164.498100
v -129.937100 4.550323 174.174300
v -118.926800 6.976271 164.180200
v -118.926800 6.062085 161.500000
v -118.926800 6.137253 160.494800
v -125.472400 -2.404867 191.861100
v -118.926800 -5.008772 168.163000
v -118.926800 -2.054639 210.553800
v -120.893600 -3.026244 168.319800
v -127.179000 -2.819356 166.978800
v -125.472400 3.766575 191.861100
v -118.926800 3.415954 210.553800
v -127.179000 4.181056 166.978900
v -117.426500 0.680829 32.095520
v -116.532800 0.680830 33.393620
v -118.926900 -1.524006 33.393780
v -118.926900 -0.902144 32.095640
v -115.415000 -0.113005 18.652290
v -116.514800 -0.113004 21.238550
v -117.061600 0.680832 20.440450
v -116.373600 0.680838 18.651080
v -114.456500 0.680822 18.653470
v -115.968000 0.680833 22.036510
v -116.514800 -0.113004 21.238550
v -115.415000 -0.113005 18.652290
v -117.193600 0.680836 16.784310
v -116.646400 -0.113005 15.986660
v -116.646400 -0.113005 15.986660
v -116.099000 0.680828 15.189010
v -118.926900 0.680834 15.973740
v -118.926900 -0.113005 15.005240
v -118.926900 -0.113005 15.005240
v -118.926900 0.680833 14.037210
v -117.297600 0.680832 35.453530
v -118.354500 -0.346404 35.369710
v -118.926900 -0.918271 34.495170
v -117.499300 0.680829 34.514430
v -117.210500 0.014246 26.272350
v -117.212300 0.680828 26.960270
v -118.926900 -1.569438 27.046300
v -118.926900 -0.761419 23.311020
v -117.206100 0.680829 23.330990
v -117.050800 0.680832 14.626340
v -116.919500 -0.279578 15.919760
v -118.926900 -0.956280 15.177350
v -117.737600 0.680833 20.278340
v -116.411100 -0.578899 21.317360
v -116.899600 -0.269502 21.463780
v -116.279800 -0.169111 20.666910
v -118.926900 2.263803 32.095630
v -118.926900 2.885665 33.393760
v -115.415000 1.474669 18.652290
v -116.373600 0.680838 18.651080
v -117.061600 0.680832 20.440450
v -116.514800 1.474669 21.238550
v -114.456500 0.680822 18.653470
v -115.415000 1.474669 18.652290
v -116.514800 1.474669 21.238550
v -115.968000 0.680833 22.036510
v -117.193600 0.680836 16.784310
v -116.646400 1.474669 15.986660
v -116.646400 1.474669 15.986660
v -116.099000 0.680828 15.189010
v -118.926900 1.474668 15.005240
v -118.926900 0.680834 15.973740
v -118.926900 0.680833 14.037210
v -118.926900 1.474668 15.005240
v -118.926900 2.279019 34.496540
v -117.210500 1.347412 26.272380
v -118.926900 2.931097 27.046300
v -117.212300 0.680828 26.960270
v -117.206100 0.680829 23.330990
v -118.926900 2.123076 23.311000
v -117.050800 0.680832 14.626340
v -118.926900 2.317945 15.177350
v -116.919500 1.641245 15.919760
v -117.737600 0.680833 20.278340
v -116.899600 1.631170 21.463780
v -116.411100 1.940568 21.317360
v -116.279800 1.530778 20.666900
v -118.926900 -1.524006 33.393780
v -116.532800 0.680830 33.393620
v -118.926900 -1.028548 27.699780
v -117.426500 0.680829 32.095520
v -118.926900 -0.902144 32.095640
v -118.926900 -1.244047 22.642650
v -116.531700 0.680829 22.674330
v -118.926900 -0.095547 22.280340
v -118.926900 0.680835 23.115250
v -118.926900 0.680834 21.444860
v -118.926900 -0.095547 22.280340
v -118.926900 -0.956280 15.177350
v -116.919500 -0.279578 15.919760
v -117.509700 0.680833 16.795810
v -118.926900 2.885665 33.393760
v -118.926900 2.390206 27.699760
v -118.926900 2.263803 32.095630
v -116.531700 0.680829 22.674330
v -118.926900 2.605704 22.642650
v -118.926900 1.457212 22.280340
v -118.926900 0.680835 23.115250
v -118.926900 0.680834 21.444860
v -118.926900 1.457212 22.280340
v -116.919500 1.641245 15.919760
v -118.926900 2.317945 15.177350
v -117.509700 0.680833 16.795810
v -120.427300 0.680830 32.095510
v -121.321000 0.680830 33.393620
v -122.438800 -0.113006 18.652290
v -121.480300 0.680835 18.651080
v -120.792200 0.680836 20.440460
v -121.339000 -0.113004 21.238560
v -123.397300 0.680843 18.653490
v -122.438800 -0.113006 18.652290
v -121.339000 -0.113004 21.238560
v -121.885800 0.680828 22.036510
v -120.660200 0.680836 16.784310
v -121.207400 -0.113006 15.986660
v -121.207400 -0.113006 15.986660
v -121.754900 0.680835 15.189030
v -119.499300 -0.346404 35.369710
v -120.610000 0.680831 35.456630
v -120.354500 0.680830 34.514430
v -120.643300 0.014246 26.272360
v -118.926900 -1.569438 27.046300
v -120.641500 0.680830 26.960280
v -120.647800 0.680827 23.330990
v -118.926900 -0.761419 23.311020
v -120.803000 0.680831 14.626340
v -118.926900 -0.956280 15.177350
v -120.934300 -0.279578 15.919750
v -120.954200 -0.269503 21.463780
v -121.442700 -0.578901 21.317360
v -120.116200 0.680833 20.278360
v -121.574000 -0.169112 20.666920
v -122.438800 1.474669 18.652290
v -121.339000 1.474668 21.238550
v -120.792200 0.680836 20.440460
v -121.480300 0.680835 18.651080
v -123.397300 0.680843 18.653490
v -121.885800 0.680828 22.036510
v -121.339000 1.474668 21.238550
v -122.438800 1.474669 18.652290
v -120.660200 0.680836 16.784310
v -121.207400 1.474669 15.986660
v -121.207400 1.474669 15.986660
v -121.754900 0.680835 15.189030
v -119.499300 1.708063 35.369710
v -120.643300 1.347412 26.272380
v -120.641500 0.680830 26.960280
v -118.926900 2.931097 27.046300
v -118.926900 2.123076 23.311000
v -120.647800 0.680827 23.330990
v -120.803000 0.680831 14.626340
v -120.934300 1.641244 15.919760
v -118.926900 2.317945 15.177350
v -120.116200 0.680833 20.278360
v -121.442700 1.940567 21.317360
v -120.954200 1.631170 21.463780
v -121.574000 1.530779 20.666900
v -121.321000 0.680830 33.393620
v -120.427300 0.680830 32.095510
v -118.926900 -1.244047 22.642650
v -121.322200 0.680828 22.674330
v -118.926900 -0.956280 15.177350
v -120.344200 0.680833 16.795810
v -120.934300 -0.279578 15.919750
v -118.926900 2.605704 22.642650
v -121.322200 0.680828 22.674330
v -120.934300 1.641244 15.919760
v -120.344200 0.680833 16.795810
v -118.926900 2.317945 15.177350
v -117.212300 0.680828 26.960270
v -117.210500 0.014246 26.272350
v -115.113400 0.680832 27.078640
v -118.926900 -0.917109 36.429510
v -115.113400 0.680832 27.078640
v -115.825600 -0.174736 19.622920
v -117.848600 0.680834 18.816170
v -115.293900 -1.084507 18.851980
v -115.825600 -0.174736 19.622920
v -115.293900 -1.084507 18.851980
v -114.564500 0.680846 19.532010
v -117.848600 0.680834 18.816170
v -115.656600 -0.188510 18.106320
v -115.293900 -1.084507 18.851980
v -114.447900 0.680834 18.199950
v -109.478600 0.680896 18.887970
v -118.926900 0.680834 18.899730
v -109.478600 0.680896 18.887970
v -116.531700 0.680829 22.674330
v -118.926900 -1.244047 22.642650
v -118.926900 0.680829 23.544230
v -116.899600 -0.269502 21.463780
v -116.411100 -0.578899 21.317360
v -115.864500 0.680831 22.069480
v -115.190900 0.680829 21.212440
v -112.094400 0.680868 23.660680
v -112.094400 0.680868 23.660680
v -115.942100 -0.480195 16.970940
v -117.623400 0.680833 17.210110
v -115.833200 -0.840478 16.387190
v -115.218500 0.680838 16.648510
v -117.623400 0.680833 17.210110
v -116.436500 -0.203336 15.904360
v -115.833200 -0.840478 16.387190
v -115.784900 0.680835 15.365190
v -111.105400 0.680832 13.168170
v -111.105400 0.680832 13.168170
v -118.926900 2.390206 27.699760
v -117.212300 0.680828 26.960270
v -115.113400 0.680832 27.078640
v -117.210500 1.347412 26.272380
v -118.354500 1.708063 35.369710
v -118.926900 2.278768 36.429510
v -115.113400 0.680832 27.078640
v -115.825600 1.536403 19.622920
v -115.293900 2.446175 18.851980
v -117.848600 0.680834 18.816170
v -115.825600 1.536403 19.622920
v -114.564500 0.680846 19.532010
v -115.293900 2.446175 18.851980
v -117.848600 0.680834 18.816170
v -115.293900 2.446175 18.851980
v -115.656600 1.550177 18.106320
v -109.478600 0.680896 18.887970
v -114.447900 0.680834 18.199950
v -118.926900 0.680834 18.899730
v -109.478600 0.680896 18.887970
v -118.926900 2.605704 22.642650
v -116.899600 1.631170 21.463780
v -115.864500 0.680831 22.069480
v -116.411100 1.940568 21.317360
v -112.094400 0.680868 23.660680
v -115.190900 0.680829 21.212440
v -112.094400 0.680868 23.660680
v -115.942100 1.841858 16.970950
v -115.833200 2.202144 16.387190
v -117.623400 0.680833 17.210110
v -115.218500 0.680838 16.648510
v -117.623400 0.680833 17.210110
v -115.833200 2.202144 16.387190
v -116.436500 1.564999 15.904360
v -111.105400 0.680832 13.168170
v -115.784900 0.680835 15.365190
v -111.105400 0.680832 13.168170
v -118.926900 0.680831 -2.113983
v -118.926900 0.680831 -2.113983
v -118.926900 -1.028548 27.699780
v -120.641500 0.680830 26.960280
v -122.740400 0.680830 27.078640
v -120.643300 0.014246 26.272360
v -122.740400 0.680830 27.078640
v -122.028200 -0.174735 19.622920
v -122.559900 -1.084508 18.851980
v -120.005200 0.680833 18.816170
v -122.028200 -0.174735 19.622920
v -123.289300 0.680844 19.532030
v -122.559900 -1.084508 18.851980
v -120.005200 0.680833 18.816170
v -122.559900 -1.084508 18.851980
v -122.197200 -0.188510 18.106320
v -128.375200 0.680814 18.887980
v -123.406000 0.680825 18.199950
v -118.926900 0.680834 18.899730
v -128.375200 0.680814 18.887980
v -121.322200 0.680828 22.674330
v -120.954200 -0.269503 21.463780
v -121.989300 0.680837 22.069480
v -121.442700 -0.578901 21.317360
v -125.759400 0.680800 23.660700
v -122.663000 0.680835 21.212450
v -125.759400 0.680800 23.660700
v -121.911700 -0.480196 16.971860
v -122.020600 -0.840478 16.388110
v -120.230400 0.680834 17.210560
v -122.635400 0.680827 16.648510
v -120.230400 0.680834 17.210560
v -122.020600 -0.840478 16.388110
v -121.417300 -0.203337 15.904360
v -126.748400 0.680804 13.168170
v -122.068900 0.680827 15.365190
v -126.748400 0.680804 13.168170
v -120.641500 0.680830 26.960280
v -120.643300 1.347412 26.272380
v -122.740400 0.680830 27.078640
v -122.740400 0.680830 27.078640
v -122.028200 1.536403 19.622920
v -120.005200 0.680833 18.816170
v -122.559900 2.446175 18.851980
v -122.028200 1.536403 19.622920
v -122.559900 2.446175 18.851980
v -123.289300 0.680844 19.532030
v -120.005200 0.680833 18.816170
v -122.197200 1.550177 18.106320
v -122.559900 2.446175 18.851980
v -123.406000 0.680825 18.199950
v -128.375200 0.680814 18.887980
v -118.926900 0.680834 18.899730
v -128.375200 0.680814 18.887980
v -120.954200 1.631170 21.463780
v -121.442700 1.940567 21.317360
v -121.989300 0.680837 22.069480
v -122.663000 0.680835 21.212450
v -125.759400 0.680800 23.660700
v -125.759400 0.680800 23.660700
v -121.911700 1.841857 16.970950
v -120.230400 0.680834 17.210560
v -122.020600 2.202145 16.387190
v -122.635400 0.680827 16.648510
v -120.230400 0.680834 17.210560
v -121.417300 1.564999 15.904360
v -122.020600 2.202145 16.387190
v -122.068900 0.680827 15.365190
v -126.748400 0.680804 13.168170
v -126.748400 0.680804 13.168170
v -118.926900 0.680831 -2.113983
v -118.926900 0.680831 -2.113983
v 11.653030 -3.414191 130.100100
v 14.882540 -1.433918 129.149000
v 15.780680 0.141471 133.337400
v 11.527480 -1.086775 134.966200
v 12.103020 -4.802498 127.378300
v 15.437050 -2.869023 126.724700
v 12.366560 -6.074447 124.340100
v 12.789090 -6.653702 121.388200
v 16.420990 -5.056876 121.539600
v 15.940550 -4.362280 124.206600
v 12.990870 -6.748245 118.427800
v 13.215600 -6.761381 114.895200
v 17.358500 -5.542311 115.547700
v 16.896800 -5.407787 118.600700
v 13.683730 -7.294601 111.328600
v 14.395690 -8.140907 108.138000
v 18.374820 -6.385351 108.825200
v 17.762420 -5.884433 112.102700
v 18.401760 -8.699595 95.667370
v 20.065130 -6.902393 101.501700
v 16.652040 -9.096084 99.861860
v 21.267610 -6.415173 97.406930
v 21.188160 -8.246407 90.766350
v 23.319570 -5.240610 93.416540
v 24.994630 -4.421367 91.697650
v 24.216060 -6.177177 89.795150
v 28.571910 -3.860912 82.703180
v 28.869060 -2.186177 85.698780
v 22.455310 -7.991434 88.276950
v 26.246430 -6.242406 81.899030
v 23.884220 -8.412277 88.014620
v 24.107370 -7.122944 88.045880
v 23.082050 -7.627649 90.955740
v 23.082050 -7.627649 90.955740
v 22.671390 -8.170435 88.026500
v 23.884220 -8.412277 88.014620
v 23.733350 -7.925708 85.658090
v 23.733350 -7.925708 85.658090
v 25.845640 -6.804480 88.868550
v 25.949800 -5.461466 89.497220
v 23.671690 -6.969106 90.695290
v 23.671690 -6.969106 90.695290
v 24.695680 -6.887279 88.057300
v 25.845640 -6.804480 88.868550
v 26.787500 -5.749401 87.211650
v 26.787500 -5.749401 87.211650
v 26.454140 -5.066514 90.670010
v 26.282600 -3.944113 91.111340
v 24.073940 -5.347425 92.275140
v 24.073940 -5.347425 92.275140
v 25.603320 -4.854999 89.924100
v 26.454140 -5.066514 90.670010
v 27.731890 -3.896542 89.221780
v 27.731890 -3.896542 89.221780
v 25.327480 -7.743724 85.330850
v 25.585120 -6.375091 85.340570
v 24.218000 -7.101896 87.667160
v 24.218000 -7.101896 87.667160
v 24.037170 -7.974900 85.169180
v 25.327480 -7.743724 85.330850
v 25.407710 -7.440892 83.314050
v 25.407710 -7.440892 83.314050
v 26.922430 -5.993576 86.558290
v 27.169810 -4.448760 86.985550
v 25.132300 -5.867044 89.089830
v 25.132300 -5.867044 89.089830
v 25.488270 -6.191231 86.039070
v 26.922430 -5.993576 86.558290
v 27.435300 -5.116659 84.409660
v 27.435300 -5.116659 84.409660
v 28.249860 -4.200192 88.060880
v 28.221680 -2.920126 88.968440
v 25.862580 -4.849137 89.762920
v 25.862580 -4.849137 89.762920
v 27.097450 -4.202969 87.119010
v 28.249860 -4.200192 88.060880
v 29.265890 -2.735360 86.607790
v 29.265890 -2.735360 86.607790
v 27.094640 -6.694154 83.042910
v 27.424210 -4.779576 83.140080
v 25.617770 -5.982613 86.384310
v 25.617770 -5.982613 86.384310
v 25.292540 -7.036743 82.848010
v 27.094640 -6.694154 83.042910
v 27.125460 -6.134270 80.248040
v 27.125460 -6.134270 80.248040
v 29.648900 -4.568137 82.421110
v 29.418080 -2.714418 83.591820
v 26.027830 -5.401343 86.044160
v 26.027830 -5.401343 86.044160
v 27.603400 -4.862914 81.494720
v 29.648900 -4.568137 82.421110
v 30.848540 -2.705438 79.690000
v 30.848540 -2.705438 79.690000
v 29.932360 -2.759377 85.394820
v 29.553080 -1.588120 86.592330
v 27.250550 -4.150686 86.687550
v 27.250550 -4.150686 86.687550
v 28.829300 -2.736096 84.196730
v 29.932360 -2.759377 85.394820
v 30.968400 -0.751162 84.286480
v 30.968400 -0.751162 84.286480
v 15.277600 -8.833363 104.156500
v 19.095110 -6.678101 105.306000
v 26.008830 4.520331 132.994500
v 25.970910 4.400284 133.842800
v 22.104290 2.240211 132.642400
v 22.089960 2.739474 131.811900
v 16.376040 -1.241360 132.059000
v 13.220440 -3.147589 132.395600
v 12.716350 -2.524798 131.818000
v 16.293930 -0.450811 131.482000
v 20.440150 2.109318 133.086900
v 20.171800 2.631778 132.336500
v 29.029830 8.461721 133.827600
v 29.105680 8.424994 134.736300
v 10.632870 -3.782768 135.114200
v 9.762006 -4.159051 137.260600
v 9.061865 -3.623424 137.073400
v 10.018960 -3.144208 134.739200
v 10.439450 -2.525056 142.864600
v 9.441917 -1.285043 143.369800
v 7.779090 -1.810543 141.400700
v 8.673898 -3.310720 141.089500
v 12.284670 -1.101096 144.440200
v 11.128150 0.025334 144.875100
v 12.918710 1.780842 146.076800
v 14.271900 0.665190 145.702800
v 15.798650 2.754430 146.701200
v 13.962170 3.224057 146.829700
v 8.848430 -3.657219 138.373000
v 9.761009 -4.536209 138.937400
v 16.429680 5.516546 147.328500
v 14.048060 5.140370 147.137300
v 24.964520 10.938650 133.321800
v 20.653340 11.563000 132.238200
v 20.521280 11.957450 133.117600
v 24.905040 10.951810 134.179100
v 13.767720 13.518600 132.762300
v 13.964300 12.796720 132.106600
v 9.509744 13.478300 132.587700
v 9.775797 14.184450 133.235100
v 18.793650 11.012410 132.740100
v 18.894240 11.517010 133.546100
v 6.741359 13.509780 135.999300
v 6.388150 12.732420 135.550400
v 5.165539 12.556280 137.926100
v 5.664189 13.292680 138.180600
v 7.474095 11.495260 143.674200
v 5.147907 11.705330 141.945600
v 4.934824 9.978038 142.079200
v 6.951756 9.927884 144.008400
v 9.249218 9.192632 145.380100
v 10.021500 10.691240 145.115000
v 11.783880 8.036546 146.425900
v 13.354360 6.941658 147.046900
v 14.963490 7.994818 147.012500
v 12.752910 9.580119 146.219700
v 4.985520 12.375080 139.235500
v 5.571552 13.469940 139.909200
v 17.360240 6.050123 140.224700
v 18.969210 3.347787 137.149900
v 18.931170 6.416903 138.145500
v 13.220440 -3.147589 132.395600
v 11.876150 -2.276032 137.895600
v 10.632870 -3.782768 135.114200
v 15.906200 2.419300 139.708900
v 15.685830 5.598024 143.521100
v 13.811030 1.872516 142.918900
v 7.585685 -4.312579 141.371200
v 19.919610 6.568461 138.277300
v 22.993370 3.948351 135.299200
v 23.727240 7.252635 136.119300
v 25.970910 4.400284 133.842800
v 22.104290 2.240211 132.642400
v 18.055480 1.365615 135.046000
v 15.219970 -0.348923 136.175100
v 16.376040 -1.241360 132.059000
v 14.117280 -0.070766 138.721600
v 29.105680 8.424994 134.736300
v 20.440150 2.109318 133.086900
v 10.809610 -1.547317 140.730300
v 12.284670 -1.101096 144.440200
v 10.439450 -2.525056 142.864600
v 15.798650 2.754430 146.701200
v 14.271900 0.665190 145.702800
v 8.673898 -3.310720 141.089500
v 9.762006 -4.159051 137.260600
v 12.658670 -0.517200 140.140000
v 12.065060 -2.801552 139.025000
v 9.761009 -4.536209 138.937400
v 7.585685 -4.312579 141.371200
v 8.673898 -3.310720 141.089500
v 7.779090 -1.810543 141.400700
v 9.620819 -3.204058 138.098400
v 16.429680 5.516546 147.328500
v 17.960710 9.440752 137.465900
v 9.775797 14.184450 133.235100
v 6.741359 13.509780 135.999300
v 8.919479 12.304010 138.665800
v 14.764780 9.068318 140.068100
v 12.622600 8.561036 143.296900
v 3.482059 12.125480 142.297300
v 21.959370 10.318120 135.624100
v 24.905040 10.951810 134.179100
v 20.521280 11.957450 133.117600
v 16.386920 11.261080 135.542200
v 13.767720 13.518600 132.762300
v 13.032780 11.838780 136.798800
v 12.111570 10.933940 139.308200
v 18.894240 11.517010 133.546100
v 8.185437 10.938330 141.437300
v 7.474095 11.495260 143.674200
v 10.021500 10.691240 145.115000
v 12.752910 9.580119 146.219700
v 14.963490 7.994818 147.012500
v 5.147907 11.705330 141.945600
v 5.664189 13.292680 138.180600
v 10.517450 10.702770 140.755900
v 8.935441 12.747340 139.861600
v 5.571552 13.469940 139.909200
v 3.482059 12.125480 142.297300
v 5.147907 11.705330 141.945600
v 6.071268 12.294380 138.926300
v 4.934824 9.978038 142.079200
v -11.652900 -3.414194 130.100100
v -11.527340 -1.086774 134.966200
v -15.780540 0.141469 133.337400
v -14.882410 -1.433920 129.149000
v -15.436910 -2.869025 126.724700
v -12.102890 -4.802500 127.378300
v -12.366430 -6.074450 124.340100
v -15.940420 -4.362280 124.206600
v -16.420870 -5.056875 121.539600
v -12.788970 -6.653705 121.388200
v -12.990750 -6.748247 118.427800
v -16.896680 -5.407789 118.600700
v -17.358380 -5.542314 115.547700
v -13.215480 -6.761380 114.895200
v -13.683610 -7.294603 111.328600
v -17.762310 -5.884437 112.102700
v -18.374710 -6.385355 108.825200
v -14.395580 -8.140907 108.138000
v -18.401660 -8.699599 95.667390
v -16.651940 -9.096087 99.861880
v -20.065020 -6.902396 101.501700
v -21.267510 -6.415175 97.406940
v -23.319470 -5.240613 93.416560
v -21.188070 -8.246408 90.766370
v -24.994540 -4.421371 91.697660
v -28.868970 -2.186181 85.698800
v -28.571830 -3.860917 82.703200
v -24.215970 -6.177180 89.795170
v -22.455220 -7.991438 88.276950
v -26.246340 -6.242412 81.899050
v -23.884120 -8.412284 88.014630
v -23.081960 -7.627654 90.955760
v -24.107280 -7.122948 88.045910
v -23.081960 -7.627654 90.955760
v -23.884120 -8.412284 88.014630
v -22.671300 -8.170438 88.026530
v -23.733270 -7.925712 85.658100
v -23.733270 -7.925712 85.658100
v -25.845550 -6.804484 88.868560
v -23.671600 -6.969110 90.695300
v -25.949710 -5.461473 89.497250
v -23.671600 -6.969110 90.695300
v -25.845550 -6.804484 88.868560
v -24.695590 -6.887282 88.057320
v -26.787410 -5.749405 87.211660
v -26.787410 -5.749405 87.211660
v -26.454040 -5.066519 90.670040
v -24.073840 -5.347429 92.275150
v -26.282500 -3.944116 91.111360
v -24.073840 -5.347429 92.275150
v -26.454040 -5.066519 90.670040
v -25.603220 -4.855002 89.924120
v -27.731790 -3.896546 89.221790
v -27.731790 -3.896546 89.221790
v -25.327390 -7.743728 85.330860
v -24.217910 -7.101901 87.667170
v -25.585030 -6.375093 85.340580
v -24.217910 -7.101901 87.667170
v -25.327390 -7.743728 85.330860
v -24.037080 -7.974903 85.169200
v -25.407630 -7.440895 83.314060
v -25.407630 -7.440895 83.314060
v -26.922340 -5.993579 86.558300
v -25.132200 -5.867049 89.089850
v -27.169720 -4.448764 86.985560
v -25.132200 -5.867049 89.089850
v -26.922340 -5.993579 86.558300
v -25.488180 -6.191236 86.039090
v -27.435210 -5.116662 84.409680
v -27.435210 -5.116662 84.409680
v -28.249760 -4.200197 88.060900
v -25.862490 -4.849141 89.762940
v -28.221590 -2.920130 88.968450
v -25.862490 -4.849141 89.762940
v -28.249760 -4.200197 88.060900
v -27.097360 -4.202973 87.119030
v -29.265800 -2.735364 86.607810
v -29.265800 -2.735364 86.607810
v -27.094560 -6.694157 83.042920
v -25.617690 -5.982616 86.384320
v -27.424120 -4.779580 83.140080
v -25.617690 -5.982616 86.384320
v -27.094560 -6.694157 83.042920
v -25.292450 -7.036746 82.848020
v -27.125380 -6.134272 80.248050
v -27.125380 -6.134272 80.248050
v -29.648820 -4.568141 82.421130
v -26.027740 -5.401347 86.044170
v -29.417990 -2.714422 83.591840
v -26.027740 -5.401347 86.044170
v -29.648820 -4.568141 82.421130
v -27.603320 -4.862917 81.494750
v -30.848450 -2.705442 79.690030
v -30.848450 -2.705442 79.690030
v -29.932270 -2.759380 85.394830
v -27.250460 -4.150690 86.687560
v -29.552980 -1.588124 86.592340
v -27.250460 -4.150690 86.687560
v -29.932270 -2.759380 85.394830
v -28.829210 -2.736102 84.196740
v -30.968310 -0.751165 84.286510
v -30.968310 -0.751165 84.286510
v -15.277490 -8.833366 104.156500
v -19.095000 -6.678104 105.306000
v -26.008690 4.520331 132.994500
v -22.089820 2.739473 131.811900
v -22.104150 2.240207 132.642400
v -25.970770 4.400284 133.842900
v -16.375910 -1.241361 132.059000
v -16.293790 -0.450816 131.482000
v -12.716210 -2.524801 131.818000
v -13.220310 -3.147589 132.395600
v -20.171670 2.631778 132.336500
v -20.440010 2.109318 133.087000
v -29.105540 8.424994 134.736300
v -29.029700 8.461722 133.827600
v -10.632730 -3.782770 135.114200
v -10.018820 -3.144211 134.739200
v -9.061728 -3.623427 137.073400
v -9.761868 -4.159055 137.260600
v -10.439310 -2.525055 142.864600
v -8.673755 -3.310720 141.089500
v -7.778945 -1.810543 141.400700
v -9.441769 -1.285043 143.369800
v -11.127990 0.025334 144.875100
v -12.284520 -1.101094 144.440200
v -12.918560 1.780843 146.076800
v -13.962020 3.224060 146.829700
v -15.798490 2.754431 146.701200
v -14.271750 0.665192 145.702900
v -8.848291 -3.657222 138.373000
v -9.760868 -4.536209 138.937400
v -14.047910 5.140372 147.137300
v -16.429520 5.516547 147.328500
v -24.964380 10.938650 133.321800
v -24.904900 10.951810 134.179100
v -20.521140 11.957450 133.117600
v -20.653200 11.563000 132.238200
v -13.767580 13.518600 132.762200
v -9.775651 14.184450 133.235100
v -9.509604 13.478290 132.587700
v -13.964160 12.796710 132.106600
v -18.894090 11.517010 133.546100
v -18.793510 11.012410 132.740100
v -6.741219 13.509770 135.999300
v -5.664042 13.292680 138.180600
v -5.165395 12.556270 137.926100
v -6.388006 12.732410 135.550400
v -7.473945 11.495260 143.674200
v -6.951574 9.927876 144.008300
v -4.934674 9.978037 142.079200
v -5.147756 11.705330 141.945600
v -10.021350 10.691240 145.115000
v -9.249063 9.192631 145.380100
v -11.783730 8.036547 146.425800
v -12.752760 9.580121 146.219700
v -14.963340 7.994820 147.012500
v -13.354210 6.941659 147.046900
v -4.985373 12.375080 139.235500
v -5.571404 13.469940 139.909200
v -17.360090 6.050124 140.224700
v -18.931010 6.416901 138.145500
v -18.969060 3.347787 137.149900
v -13.220310 -3.147589 132.395600
v -10.632730 -3.782770 135.114200
v -11.876010 -2.276034 137.895500
v -15.906060 2.419300 139.708900
v -13.810880 1.872517 142.918900
v -15.685680 5.598024 143.521000
v -7.585543 -4.312581 141.371200
v -19.919460 6.568461 138.277400
v -23.727090 7.252636 136.119300
v -22.993230 3.948350 135.299200
v -25.970770 4.400284 133.842900
v -22.104150 2.240207 132.642400
v -18.055350 1.365614 135.046000
v -16.375910 -1.241361 132.059000
v -15.219830 -0.348922 136.175100
v -14.117140 -0.070766 138.721600
v -29.105540 8.424994 134.736300
v -20.440010 2.109318 133.087000
v -10.809470 -1.547317 140.730200
v -10.439310 -2.525055 142.864600
v -12.284520 -1.101094 144.440200
v -14.271750 0.665192 145.702900
v -15.798490 2.754431 146.701200
v -8.673755 -3.310720 141.089500
v -9.761868 -4.159055 137.260600
v -12.658530 -0.517200 140.140000
v -12.064910 -2.801553 139.025000
v -9.760868 -4.536209 138.937400
v -7.585543 -4.312581 141.371200
v -8.673755 -3.310720 141.089500
v -9.620681 -3.204061 138.098400
v -7.778945 -1.810543 141.400700
v -16.429520 5.516547 147.328500
v -17.960560 9.440751 137.466000
v -9.775651 14.184450 133.235100
v -8.919333 12.304010 138.665800
v -6.741219 13.509770 135.999300
v -14.764630 9.068318 140.068100
v -12.622450 8.561036 143.296900
v -3.481909 12.125470 142.297300
v -21.959220 10.318120 135.624100
v -24.904900 10.951810 134.179100
v -20.521140 11.957450 133.117600
v -16.386790 11.261080 135.542200
v -13.032630 11.838770 136.798800
v -13.767580 13.518600 132.762200
v -12.111410 10.933930 139.308200
v -18.894090 11.517010 133.546100
v -8.185286 10.938330 141.437300
v -10.021350 10.691240 145.115000
v -7.473945 11.495260 143.674200
v -14.963340 7.994820 147.012500
v -12.752760 9.580121 146.219700
v -5.147756 11.705330 141.945600
v -5.664042 13.292680 138.180600
v -10.517330 10.702780 140.756000
v -8.935293 12.747330 139.861600
v -5.571404 13.469940 139.909200
v -3.481909 12.125470 142.297300
v -5.147756 11.705330 141.945600
v -4.934674 9.978037 142.079200
v -6.071120 12.294380 138.926300
v -11.158170 -4.026276 51.835860
v -11.984680 -2.509195 46.723270
v -7.784668 -2.309041 49.493320
v -16.812120 -4.268196 59.854800
v -18.041560 -2.442634 52.677460
v -17.887680 0.008587 48.066520
v -7.866127 -2.033379 46.400930
v -4.654679 -2.422433 52.044990
v -4.665434 -4.379228 54.322990
v -8.895104 -6.810197 53.772270
v -8.080773 -3.388402 49.206080
v -4.792534 -6.363651 58.483460
v -9.347786 -8.804403 57.827930
v -11.531180 -1.642665 52.084000
v -8.080773 -3.388402 49.206080
v -8.895104 -6.810197 53.772270
v -12.555340 -3.428935 54.327090
v -9.347786 -8.804403 57.827930
v -13.451500 -4.847074 58.503330
v -2.086353 -3.158082 59.499810
v -2.781207 -1.449001 53.100190
v -5.002945 -7.469623 66.340060
v -10.625880 -9.682304 71.393590
v -10.017130 -9.928157 64.741900
v -15.157210 -0.541116 59.569290
v -13.631750 -0.030077 53.507260
v -13.497330 -5.656231 66.337180
v -10.017130 -9.928157 64.741900
v -10.625880 -9.682304 71.393590
v 11.158610 -4.026608 51.836860
v 7.785474 -2.309440 49.493410
v 11.985150 -2.509512 46.723980
v 18.040600 -2.442393 52.679290
v 16.811060 -4.267945 59.856970
v 17.886680 0.008947 48.067740
v 7.866129 -2.033568 46.402460
v 4.655739 -2.422904 52.044680
v 8.081771 -3.388923 49.206400
v 8.895099 -6.810594 53.775190
v 4.665432 -4.379427 54.325450
v 4.792547 -6.363653 58.483440
v 9.347796 -8.804402 57.827930
v 11.531190 -1.642764 52.084800
v 12.555350 -3.429148 54.327550
v 8.895099 -6.810594 53.775190
v 8.081771 -3.388923 49.206400
v 13.451520 -4.847071 58.503350
v 9.347796 -8.804402 57.827930
v 2.086368 -3.158083 59.499770
v 2.781216 -1.449071 53.100770
v 5.002960 -7.469624 66.340040
v 10.017150 -9.928158 64.741910
v 10.625900 -9.682304 71.393610
v 15.157230 -0.541093 59.569330
v 13.631760 -0.030027 53.506840
v 13.497340 -5.656231 66.337220
v 10.017150 -9.928158 64.741910
v 10.625900 -9.682304 71.393610
vt 0.405019 0.068860 0.000000
vt 0.325865 0.068860 0.000000
vt 0.325865 0.046254 0.000000
vt 0.405019 0.046254 0.000000
vt 0.405019 0.110686 0.000000
vt 0.325865 0.110686 0.000000
vt 0.405019 0.068860 0.000000
vt 0.405019 0.046254 0.000000
vt 0.325865 0.046254 0.000000
vt 0.325865 0.068860 0.000000
vt 0.325865 0.006592 0.000000
vt 0.222908 0.034739 0.000000
vt 0.199446 0.006592 0.000000
vt 0.228036 0.006592 0.000000
vt 0.261991 0.070167 0.000000
vt 0.263113 0.045124 0.000000
vt 0.405019 0.006592 0.000000
vt 0.159539 0.032728 0.000000
vt 0.132962 0.004752 0.000000
vt 0.132962 0.054792 0.000000
vt 0.086792 0.042182 0.000000
vt 0.103603 0.004724 0.000000
vt 0.078260 0.031897 0.000000
vt 0.074996 0.004696 0.000000
vt 0.238239 0.110686 0.000000
vt 0.205494 0.109498 0.000000
vt 0.232384 0.072454 0.000000
vt 0.160302 0.079253 0.000000
vt 0.201196 0.079293 0.000000
vt 0.254204 0.006592 0.000000
vt 0.170288 0.004788 0.000000
vt 0.095489 0.052666 0.000000
vt 0.222908 0.034739 0.000000
vt 0.261991 0.070167 0.000000
vt 0.263113 0.045124 0.000000
vt 0.159539 0.032728 0.000000
vt 0.132962 0.054792 0.000000
vt 0.086792 0.042182 0.000000
vt 0.078260 0.031897 0.000000
vt 0.232384 0.072454 0.000000
vt 0.201196 0.079293 0.000000
vt 0.095489 0.052666 0.000000
vt 0.405019 0.068860 0.000000
vt 0.405019 0.046254 0.000000
vt 0.325865 0.046254 0.000000
vt 0.325865 0.068860 0.000000
vt 0.405019 0.110686 0.000000
vt 0.325865 0.110686 0.000000
vt 0.405019 0.068860 0.000000
vt 0.325865 0.068860 0.000000
vt 0.325865 0.046254 0.000000
vt 0.405019 0.046254 0.000000
vt 0.325865 0.006592 0.000000
vt 0.222908 0.034739 0.000000
vt 0.228036 0.006592 0.000000
vt 0.199446 0.006592 0.000000
vt 0.261991 0.070167 0.000000
vt 0.263113 0.045124 0.000000
vt 0.405019 0.006592 0.000000
vt 0.159539 0.032728 0.000000
vt 0.132962 0.054792 0.000000
vt 0.132962 0.004752 0.000000
vt 0.086792 0.042182 0.000000
vt 0.078260 0.031897 0.000000
vt 0.103603 0.004724 0.000000
vt 0.074996 0.004696 0.000000
vt 0.238239 0.110686 0.000000
vt 0.232384 0.072454 0.000000
vt 0.205494 0.109498 0.000000
vt 0.201196 0.079293 0.000000
vt 0.160302 0.079253 0.000000
vt 0.254204 0.006592 0.000000
vt 0.170288 0.004788 0.000000
vt 0.095489 0.052666 0.000000
vt 0.222908 0.034739 0.000000
vt 0.261991 0.070167 0.000000
vt 0.263113 0.045124 0.000000
vt 0.159539 0.032728 0.000000
vt 0.132962 0.054792 0.000000
vt 0.086792 0.042182 0.000000
vt 0.078260 0.031897 0.000000
vt 0.232384 0.072454 0.000000
vt 0.201196 0.079293 0.000000
vt 0.095489 0.052666 0.000000
vt 0.855469 0.748047 0.000000
vt 0.853545 0.758782 0.000000
vt 0.903870 0.776558 0.000000
vt 0.906911 0.760565 0.000000
vt 0.812500 0.738281 0.000000
vt 0.810903 0.749808 0.000000
vt 0.768236 0.726251 0.000000
vt 0.768236 0.744522 0.000000
vt 0.710989 0.773881 0.000000
vt 0.660649 0.785382 0.000000
vt 0.670524 0.795855 0.000000
vt 0.715668 0.784887 0.000000
vt 0.625983 0.907126 0.000000
vt 0.645850 0.908807 0.000000
vt 0.651611 0.856772 0.000000
vt 0.634396 0.852933 0.000000
vt 0.634499 0.991412 0.000000
vt 0.645850 0.991412 0.000000
vt 0.745401 0.760414 0.000000
vt 0.757813 0.771484 0.000000
vt 0.756609 0.737287 0.000000
vt 0.896132 0.729885 0.000000
vt 0.855889 0.724645 0.000000
vt 0.855469 0.748047 0.000000
vt 0.906911 0.760565 0.000000
vt 0.814114 0.714928 0.000000
vt 0.812500 0.738281 0.000000
vt 0.855469 0.748047 0.000000
vt 0.853545 0.758782 0.000000
vt 0.810903 0.749808 0.000000
vt 0.812500 0.738281 0.000000
vt 0.768236 0.744522 0.000000
vt 0.768236 0.726251 0.000000
vt 0.710989 0.773881 0.000000
vt 0.715668 0.784887 0.000000
vt 0.670524 0.795855 0.000000
vt 0.660649 0.785382 0.000000
vt 0.625983 0.907126 0.000000
vt 0.634396 0.852933 0.000000
vt 0.651611 0.856772 0.000000
vt 0.645850 0.908807 0.000000
vt 0.745401 0.760414 0.000000
vt 0.756609 0.737287 0.000000
vt 0.757813 0.771484 0.000000
vt 0.855469 0.748047 0.000000
vt 0.855889 0.724645 0.000000
vt 0.812500 0.738281 0.000000
vt 0.814114 0.714928 0.000000
vt 0.757813 0.771484 0.000000
vt 0.744770 0.802401 0.000000
vt 0.769588 0.818315 0.000000
vt 0.703477 0.925546 0.000000
vt 0.680774 0.890352 0.000000
vt 0.697768 0.933543 0.000000
vt 0.744770 0.773881 0.000000
vt 0.718750 0.849609 0.000000
vt 0.760105 0.874350 0.000000
vt 0.816406 0.771484 0.000000
vt 0.828942 0.818315 0.000000
vt 0.871094 0.796875 0.000000
vt 0.853545 0.758782 0.000000
vt 0.903870 0.776558 0.000000
vt 0.744770 0.832715 0.000000
vt 0.799726 0.854019 0.000000
vt 0.651611 0.856772 0.000000
vt 0.645850 0.908807 0.000000
vt 0.794009 0.795765 0.000000
vt 0.670524 0.795855 0.000000
vt 0.810903 0.749808 0.000000
vt 0.768236 0.726251 0.000000
vt 0.776783 0.701151 0.000000
vt 0.715668 0.784887 0.000000
vt 0.768236 0.744522 0.000000
vt 0.681690 0.949067 0.000000
vt 0.645850 0.991412 0.000000
vt 0.744770 0.773881 0.000000
vt 0.757813 0.771484 0.000000
vt 0.769588 0.818315 0.000000
vt 0.744770 0.802401 0.000000
vt 0.680774 0.890352 0.000000
vt 0.744770 0.773881 0.000000
vt 0.718750 0.849609 0.000000
vt 0.816406 0.771484 0.000000
vt 0.853545 0.758782 0.000000
vt 0.744770 0.832715 0.000000
vt 0.651611 0.856772 0.000000
vt 0.645850 0.908807 0.000000
vt 0.794009 0.795765 0.000000
vt 0.670524 0.795855 0.000000
vt 0.810903 0.749808 0.000000
vt 0.768236 0.726251 0.000000
vt 0.776783 0.701151 0.000000
vt 0.715668 0.784887 0.000000
vt 0.768236 0.744522 0.000000
vt 0.744770 0.773881 0.000000
vt 0.685493 0.020489 0.000000
vt 0.685493 0.043759 0.000000
vt 0.751278 0.043759 0.000000
vt 0.751278 0.012053 0.000000
vt 0.816446 0.043759 0.000000
vt 0.816446 0.010052 0.000000
vt 0.876281 0.043759 0.000000
vt 0.876281 0.010052 0.000000
vt 0.939197 0.075237 0.000000
vt 0.966972 0.075237 0.000000
vt 0.966972 0.043759 0.000000
vt 0.939197 0.043759 0.000000
vt 0.751278 0.075407 0.000000
vt 0.816446 0.075237 0.000000
vt 0.876281 0.075237 0.000000
vt 0.966972 0.010052 0.000000
vt 0.939197 0.010052 0.000000
vt 0.685493 0.066341 0.000000
vt 0.994747 0.075237 0.000000
vt 0.994747 0.043759 0.000000
vt 0.994747 0.010052 0.000000
vt 0.685493 0.020489 0.000000
vt 0.685493 0.043759 0.000000
vt 0.751278 0.043759 0.000000
vt 0.751278 0.012053 0.000000
vt 0.816446 0.043759 0.000000
vt 0.816446 0.010052 0.000000
vt 0.876281 0.043759 0.000000
vt 0.876281 0.010052 0.000000
vt 0.994747 0.075237 0.000000
vt 0.994747 0.043759 0.000000
vt 0.939197 0.043759 0.000000
vt 0.939197 0.075237 0.000000
vt 0.751278 0.075407 0.000000
vt 0.816446 0.075237 0.000000
vt 0.876281 0.075237 0.000000
vt 0.994747 0.010052 0.000000
vt 0.939197 0.010052 0.000000
vt 0.685493 0.066341 0.000000
vt 0.685493 0.020489 0.000000
vt 0.685493 0.043759 0.000000
vt 0.751278 0.043759 0.000000
vt 0.751278 0.012053 0.000000
vt 0.816446 0.043759 0.000000
vt 0.816446 0.010052 0.000000
vt 0.876281 0.043759 0.000000
vt 0.876281 0.010052 0.000000
vt 0.994747 0.075237 0.000000
vt 0.994747 0.043759 0.000000
vt 0.939197 0.043759 0.000000
vt 0.939197 0.075237 0.000000
vt 0.751278 0.075407 0.000000
vt 0.816446 0.075237 0.000000
vt 0.876281 0.075237 0.000000
vt 0.994747 0.010052 0.000000
vt 0.939197 0.010052 0.000000
vt 0.685493 0.066341 0.000000
vt 0.685493 0.020489 0.000000
vt 0.685493 0.043759 0.000000
vt 0.751278 0.043759 0.000000
vt 0.751278 0.012053 0.000000
vt 0.816446 0.043759 0.000000
vt 0.816446 0.010052 0.000000
vt 0.876281 0.043759 0.000000
vt 0.876281 0.010052 0.000000
vt 0.994747 0.075237 0.000000
vt 0.994747 0.043759 0.000000
vt 0.939197 0.043759 0.000000
vt 0.939197 0.075237 0.000000
vt 0.751278 0.075407 0.000000
vt 0.816446 0.075237 0.000000
vt 0.876281 0.075237 0.000000
vt 0.994747 0.010052 0.000000
vt 0.939197 0.010052 0.000000
vt 0.685493 0.066341 0.000000
vt 0.685493 0.020489 0.000000
vt 0.685493 0.043759 0.000000
vt 0.751278 0.043759 0.000000
vt 0.751278 0.012053 0.000000
vt 0.816446 0.043759 0.000000
vt 0.816446 0.010052 0.000000
vt 0.876281 0.043759 0.000000
vt 0.876281 0.010052 0.000000
vt 0.939197 0.075237 0.000000
vt 0.966972 0.075237 0.000000
vt 0.966972 0.043759 0.000000
vt 0.939197 0.043759 0.000000
vt 0.816446 0.075237 0.000000
vt 0.751278 0.075407 0.000000
vt 0.876281 0.075237 0.000000
vt 0.966972 0.010052 0.000000
vt 0.939197 0.010052 0.000000
vt 0.685493 0.066341 0.000000
vt 0.994747 0.075237 0.000000
vt 0.994747 0.043759 0.000000
vt 0.994747 0.010052 0.000000
vt 0.685493 0.020489 0.000000
vt 0.685493 0.043759 0.000000
vt 0.751278 0.043759 0.000000
vt 0.751278 0.012053 0.000000
vt 0.816446 0.043759 0.000000
vt 0.816446 0.010052 0.000000
vt 0.876281 0.043759 0.000000
vt 0.876281 0.010052 0.000000
vt 0.939197 0.075237 0.000000
vt 0.966972 0.075237 0.000000
vt 0.966972 0.043759 0.000000
vt 0.939197 0.043759 0.000000
vt 0.751278 0.075407 0.000000
vt 0.816446 0.075237 0.000000
vt 0.876281 0.075237 0.000000
vt 0.966972 0.010052 0.000000
vt 0.939197 0.010052 0.000000
vt 0.685493 0.066341 0.000000
vt 0.994747 0.075237 0.000000
vt 0.994747 0.043759 0.000000
vt 0.994747 0.010052 0.000000
vt 0.685493 0.020489 0.000000
vt 0.685493 0.043759 0.000000
vt 0.751278 0.043759 0.000000
vt 0.751278 0.012053 0.000000
vt 0.816446 0.043759 0.000000
vt 0.816446 0.010052 0.000000
vt 0.876281 0.043759 0.000000
vt 0.876281 0.010052 0.000000
vt 0.994747 0.075237 0.000000
vt 0.994747 0.043759 0.000000
vt 0.939197 0.043759 0.000000
vt 0.939197 0.075237 0.000000
vt 0.751278 0.075407 0.000000
vt 0.816446 0.075237 0.000000
vt 0.876281 0.075237 0.000000
vt 0.994747 0.010052 0.000000
vt 0.939197 0.010052 0.000000
vt 0.685493 0.066341 0.000000
vt 0.685493 0.020489 0.000000
vt 0.685493 0.043759 0.000000
vt 0.751278 0.043759 0.000000
vt 0.751278 0.012053 0.000000
vt 0.816446 0.043759 0.000000
vt 0.816446 0.010052 0.000000
vt 0.876281 0.043759 0.000000
vt 0.876281 0.010052 0.000000
vt 0.994747 0.075237 0.000000
vt 0.994747 0.043759 0.000000
vt 0.939197 0.043759 0.000000
vt 0.939197 0.075237 0.000000
vt 0.751278 0.075407 0.000000
vt 0.816446 0.075237 0.000000
vt 0.876281 0.075237 0.000000
vt 0.994747 0.010052 0.000000
vt 0.939197 0.010052 0.000000
vt 0.685493 0.066341 0.000000
vt 0.596421 0.043759 0.000000
vt 0.596421 0.043759 0.000000
vt 0.596421 0.043759 0.000000
vt 0.596421 0.043759 0.000000
vt 0.596421 0.043759 0.000000
vt 0.596421 0.043759 0.000000
vt 0.596421 0.043759 0.000000
vt 0.596421 0.043759 0.000000
vt 0.855469 0.748047 0.000000
vt 0.906911 0.760565 0.000000
vt 0.903870 0.776558 0.000000
vt 0.853545 0.758782 0.000000
vt 0.810903 0.749808 0.000000
vt 0.812500 0.738281 0.000000
vt 0.768236 0.744522 0.000000
vt 0.768236 0.726251 0.000000
vt 0.710989 0.773881 0.000000
vt 0.715668 0.784887 0.000000
vt 0.670524 0.795855 0.000000
vt 0.660649 0.785382 0.000000
vt 0.625983 0.907126 0.000000
vt 0.634396 0.852933 0.000000
vt 0.651611 0.856772 0.000000
vt 0.645850 0.908807 0.000000
vt 0.634499 0.991412 0.000000
vt 0.645850 0.991412 0.000000
vt 0.745401 0.760414 0.000000
vt 0.756609 0.737287 0.000000
vt 0.757813 0.771484 0.000000
vt 0.896132 0.729885 0.000000
vt 0.906911 0.760565 0.000000
vt 0.855469 0.748047 0.000000
vt 0.855889 0.724645 0.000000
vt 0.812500 0.738281 0.000000
vt 0.814114 0.714928 0.000000
vt 0.855469 0.748047 0.000000
vt 0.853545 0.758782 0.000000
vt 0.812500 0.738281 0.000000
vt 0.810903 0.749808 0.000000
vt 0.768236 0.726251 0.000000
vt 0.768236 0.744522 0.000000
vt 0.710989 0.773881 0.000000
vt 0.660649 0.785382 0.000000
vt 0.670524 0.795855 0.000000
vt 0.715668 0.784887 0.000000
vt 0.625983 0.907126 0.000000
vt 0.645850 0.908807 0.000000
vt 0.651611 0.856772 0.000000
vt 0.634396 0.852933 0.000000
vt 0.745401 0.760414 0.000000
vt 0.757813 0.771484 0.000000
vt 0.756609 0.737287 0.000000
vt 0.855889 0.724645 0.000000
vt 0.855469 0.748047 0.000000
vt 0.814114 0.714928 0.000000
vt 0.812500 0.738281 0.000000
vt 0.757813 0.771484 0.000000
vt 0.769588 0.818315 0.000000
vt 0.744770 0.802401 0.000000
vt 0.703477 0.925546 0.000000
vt 0.697768 0.933543 0.000000
vt 0.680774 0.890352 0.000000
vt 0.744770 0.773881 0.000000
vt 0.718750 0.849609 0.000000
vt 0.760105 0.874350 0.000000
vt 0.816406 0.771484 0.000000
vt 0.871094 0.796875 0.000000
vt 0.828942 0.818315 0.000000
vt 0.853545 0.758782 0.000000
vt 0.903870 0.776558 0.000000
vt 0.744770 0.832715 0.000000
vt 0.799726 0.854019 0.000000
vt 0.651611 0.856772 0.000000
vt 0.645850 0.908807 0.000000
vt 0.794009 0.795765 0.000000
vt 0.670524 0.795855 0.000000
vt 0.810903 0.749808 0.000000
vt 0.768236 0.726251 0.000000
vt 0.776783 0.701151 0.000000
vt 0.715668 0.784887 0.000000
vt 0.768236 0.744522 0.000000
vt 0.681690 0.949067 0.000000
vt 0.645850 0.991412 0.000000
vt 0.744770 0.773881 0.000000
vt 0.757813 0.771484 0.000000
vt 0.744770 0.802401 0.000000
vt 0.769588 0.818315 0.000000
vt 0.680774 0.890352 0.000000
vt 0.744770 0.773881 0.000000
vt 0.718750 0.849609 0.000000
vt 0.816406 0.771484 0.000000
vt 0.853545 0.758782 0.000000
vt 0.744770 0.832715 0.000000
vt 0.651611 0.856772 0.000000
vt 0.645850 0.908807 0.000000
vt 0.794009 0.795765 0.000000
vt 0.670524 0.795855 0.000000
vt 0.810903 0.749808 0.000000
vt 0.768236 0.726251 0.000000
vt 0.776783 0.701151 0.000000
vt 0.715668 0.784887 0.000000
vt 0.768236 0.744522 0.000000
vt 0.744770 0.773881 0.000000
vt 0.685493 0.020489 0.000000
vt 0.751278 0.012053 0.000000
vt 0.751278 0.043759 0.000000
vt 0.685493 0.043759 0.000000
vt 0.816446 0.043759 0.000000
vt 0.816446 0.010052 0.000000
vt 0.876281 0.010052 0.000000
vt 0.876281 0.043759 0.000000
vt 0.939197 0.075237 0.000000
vt 0.939197 0.043759 0.000000
vt 0.966972 0.043759 0.000000
vt 0.966972 0.075237 0.000000
vt 0.751278 0.075407 0.000000
vt 0.816446 0.075237 0.000000
vt 0.876281 0.075237 0.000000
vt 0.939197 0.010052 0.000000
vt 0.966972 0.010052 0.000000
vt 0.685493 0.066341 0.000000
vt 0.994747 0.075237 0.000000
vt 0.994747 0.043759 0.000000
vt 0.994747 0.010052 0.000000
vt 0.685493 0.020489 0.000000
vt 0.751278 0.012053 0.000000
vt 0.751278 0.043759 0.000000
vt 0.685493 0.043759 0.000000
vt 0.816446 0.043759 0.000000
vt 0.816446 0.010052 0.000000
vt 0.876281 0.010052 0.000000
vt 0.876281 0.043759 0.000000
vt 0.994747 0.075237 0.000000
vt 0.939197 0.075237 0.000000
vt 0.939197 0.043759 0.000000
vt 0.994747 0.043759 0.000000
vt 0.751278 0.075407 0.000000
vt 0.816446 0.075237 0.000000
vt 0.876281 0.075237 0.000000
vt 0.994747 0.010052 0.000000
vt 0.939197 0.010052 0.000000
vt 0.685493 0.066341 0.000000
vt 0.685493 0.020489 0.000000
vt 0.751278 0.012053 0.000000
vt 0.751278 0.043759 0.000000
vt 0.685493 0.043759 0.000000
vt 0.816446 0.043759 0.000000
vt 0.816446 0.010052 0.000000
vt 0.876281 0.010052 0.000000
vt 0.876281 0.043759 0.000000
vt 0.994747 0.075237 0.000000
vt 0.939197 0.075237 0.000000
vt 0.939197 0.043759 0.000000
vt 0.994747 0.043759 0.000000
vt 0.751278 0.075407 0.000000
vt 0.816446 0.075237 0.000000
vt 0.876281 0.075237 0.000000
vt 0.994747 0.010052 0.000000
vt 0.939197 0.010052 0.000000
vt 0.685493 0.066341 0.000000
vt 0.685493 0.020489 0.000000
vt 0.751278 0.012053 0.000000
vt 0.751278 0.043759 0.000000
vt 0.685493 0.043759 0.000000
vt 0.816446 0.043759 0.000000
vt 0.816446 0.010052 0.000000
vt 0.876281 0.010052 0.000000
vt 0.876281 0.043759 0.000000
vt 0.994747 0.075237 0.000000
vt 0.939197 0.075237 0.000000
vt 0.939197 0.043759 0.000000
vt 0.994747 0.043759 0.000000
vt 0.751278 0.075407 0.000000
vt 0.816446 0.075237 0.000000
vt 0.876281 0.075237 0.000000
vt 0.994747 0.010052 0.000000
vt 0.939197 0.010052 0.000000
vt 0.685493 0.066341 0.000000
vt 0.685493 0.020489 0.000000
vt 0.751278 0.012053 0.000000
vt 0.751278 0.043759 0.000000
vt 0.685493 0.043759 0.000000
vt 0.816446 0.043759 0.000000
vt 0.816446 0.010052 0.000000
vt 0.876281 0.010052 0.000000
vt 0.876281 0.043759 0.000000
vt 0.939197 0.075237 0.000000
vt 0.939197 0.043759 0.000000
vt 0.966972 0.043759 0.000000
vt 0.966972 0.075237 0.000000
vt 0.816446 0.075237 0.000000
vt 0.751278 0.075407 0.000000
vt 0.876281 0.075237 0.000000
vt 0.939197 0.010052 0.000000
vt 0.966972 0.010052 0.000000
vt 0.685493 0.066341 0.000000
vt 0.994747 0.075237 0.000000
vt 0.994747 0.043759 0.000000
vt 0.994747 0.010052 0.000000
vt 0.685493 0.020489 0.000000
vt 0.751278 0.012053 0.000000
vt 0.751278 0.043759 0.000000
vt 0.685493 0.043759 0.000000
vt 0.816446 0.043759 0.000000
vt 0.816446 0.010052 0.000000
vt 0.876281 0.010052 0.000000
vt 0.876281 0.043759 0.000000
vt 0.939197 0.075237 0.000000
vt 0.939197 0.043759 0.000000
vt 0.966972 0.043759 0.000000
vt 0.966972 0.075237 0.000000
vt 0.751278 0.075407 0.000000
vt 0.816446 0.075237 0.000000
vt 0.876281 0.075237 0.000000
vt 0.939197 0.010052 0.000000
vt 0.966972 0.010052 0.000000
vt 0.685493 0.066341 0.000000
vt 0.994747 0.075237 0.000000
vt 0.994747 0.043759 0.000000
vt 0.994747 0.010052 0.000000
vt 0.685493 0.020489 0.000000
vt 0.751278 0.012053 0.000000
vt 0.751278 0.043759 0.000000
vt 0.685493 0.043759 0.000000
vt 0.816446 0.043759 0.000000
vt 0.816446 0.010052 0.000000
vt 0.876281 0.010052 0.000000
vt 0.876281 0.043759 0.000000
vt 0.994747 0.075237 0.000000
vt 0.939197 0.075237 0.000000
vt 0.939197 0.043759 0.000000
vt 0.994747 0.043759 0.000000
vt 0.751278 0.075407 0.000000
vt 0.816446 0.075237 0.000000
vt 0.876281 0.075237 0.000000
vt 0.994747 0.010052 0.000000
vt 0.939197 0.010052 0.000000
vt 0.685493 0.066341 0.000000
vt 0.685493 0.020489 0.000000
vt 0.751278 0.012053 0.000000
vt 0.751278 0.043759 0.000000
vt 0.685493 0.043759 0.000000
vt 0.816446 0.043759 0.000000
vt 0.816446 0.010052 0.000000
vt 0.876281 0.010052 0.000000
vt 0.876281 0.043759 0.000000
vt 0.994747 0.075237 0.000000
vt 0.939197 0.075237 0.000000
vt 0.939197 0.043759 0.000000
vt 0.994747 0.043759 0.000000
vt 0.751278 0.075407 0.000000
vt 0.816446 0.075237 0.000000
vt 0.876281 0.075237 0.000000
vt 0.994747 0.010052 0.000000
vt 0.939197 0.010052 0.000000
vt 0.685493 0.066341 0.000000
vt 0.596421 0.043759 0.000000
vt 0.596421 0.043759 0.000000
vt 0.596421 0.043759 0.000000
vt 0.596421 0.043759 0.000000
vt 0.596421 0.043759 0.000000
vt 0.596421 0.043759 0.000000
vt 0.596421 0.043759 0.000000
vt 0.596421 0.043759 0.000000
vt 0.124880 0.407112 0.000000
vt 0.090405 0.401544 0.000000
vt 0.103802 0.375349 0.000000
vt 0.149532 0.393447 0.000000
vt 0.053217 0.407223 0.000000
vt 0.047687 0.386722 0.000000
vt 0.108966 0.567657 0.000000
vt 0.113449 0.547145 0.000000
vt 0.151437 0.551659 0.000000
vt 0.156711 0.588265 0.000000
vt 0.255233 0.576799 0.000000
vt 0.253621 0.546399 0.000000
vt 0.302758 0.558340 0.000000
vt 0.300820 0.597452 0.000000
vt 0.295170 0.514320 0.000000
vt 0.232835 0.509722 0.000000
vt 0.215119 0.431748 0.000000
vt 0.217384 0.465276 0.000000
vt 0.178672 0.473146 0.000000
vt 0.177633 0.432525 0.000000
vt 0.062685 0.608277 0.000000
vt 0.063310 0.657350 0.000000
vt 0.008352 0.639247 0.000000
vt 0.008315 0.599587 0.000000
vt 0.209183 0.382197 0.000000
vt 0.345838 0.467522 0.000000
vt 0.291458 0.467864 0.000000
vt 0.290264 0.400740 0.000000
vt 0.345837 0.401159 0.000000
vt 0.082395 0.327689 0.000000
vt 0.008387 0.347286 0.000000
vt 0.008423 0.282689 0.000000
vt 0.071259 0.273533 0.000000
vt 0.084567 0.470384 0.000000
vt 0.085174 0.452308 0.000000
vt 0.110891 0.452168 0.000000
vt 0.111850 0.470015 0.000000
vt 0.532237 0.330311 0.000000
vt 0.515226 0.313199 0.000000
vt 0.486861 0.328359 0.000000
vt 0.486861 0.345003 0.000000
vt 0.454230 0.324190 0.000000
vt 0.448491 0.337563 0.000000
vt 0.433136 0.297760 0.000000
vt 0.429001 0.278339 0.000000
vt 0.412972 0.298138 0.000000
vt 0.421303 0.318281 0.000000
vt 0.129092 0.667214 0.000000
vt 0.107167 0.641912 0.000000
vt 0.145285 0.643858 0.000000
vt 0.145285 0.667214 0.000000
vt 0.070828 0.508563 0.000000
vt 0.072548 0.487323 0.000000
vt 0.111877 0.490238 0.000000
vt 0.116220 0.519796 0.000000
vt 0.142387 0.484501 0.000000
vt 0.154568 0.513307 0.000000
vt 0.516772 0.239072 0.000000
vt 0.486861 0.235608 0.000000
vt 0.486861 0.271733 0.000000
vt 0.514509 0.278141 0.000000
vt 0.434843 0.232282 0.000000
vt 0.412972 0.228181 0.000000
vt 0.412972 0.258015 0.000000
vt 0.498992 0.303639 0.000000
vt 0.486861 0.312961 0.000000
vt 0.462446 0.310284 0.000000
vt 0.538463 0.288952 0.000000
vt 0.345817 0.513859 0.000000
vt 0.345751 0.558037 0.000000
vt 0.284549 0.276574 0.000000
vt 0.271418 0.182869 0.000000
vt 0.346033 0.182869 0.000000
vt 0.345982 0.275497 0.000000
vt 0.114946 0.429897 0.000000
vt 0.086751 0.424199 0.000000
vt 0.058391 0.429499 0.000000
vt 0.034998 0.447065 0.000000
vt 0.025228 0.430383 0.000000
vt 0.434843 0.183929 0.000000
vt 0.412972 0.171060 0.000000
vt 0.458882 0.242191 0.000000
vt 0.459540 0.183929 0.000000
vt 0.486861 0.187808 0.000000
vt 0.539961 0.162548 0.000000
vt 0.516772 0.162491 0.000000
vt 0.516772 0.180583 0.000000
vt 0.539961 0.180583 0.000000
vt 0.460181 0.171060 0.000000
vt 0.434843 0.171060 0.000000
vt 0.559440 0.171363 0.000000
vt 0.559440 0.123641 0.000000
vt 0.539961 0.123641 0.000000
vt 0.486861 0.123641 0.000000
vt 0.459610 0.123642 0.000000
vt 0.459778 0.159449 0.000000
vt 0.486861 0.171060 0.000000
vt 0.434843 0.123642 0.000000
vt 0.434843 0.159449 0.000000
vt 0.412972 0.123642 0.000000
vt 0.516772 0.123641 0.000000
vt 0.345842 0.354037 0.000000
vt 0.288991 0.339311 0.000000
vt 0.008491 0.447026 0.000000
vt 0.021744 0.447046 0.000000
vt 0.031896 0.467942 0.000000
vt 0.008542 0.468426 0.000000
vt 0.201710 0.334248 0.000000
vt 0.194798 0.275489 0.000000
vt 0.236822 0.275796 0.000000
vt 0.246951 0.338219 0.000000
vt 0.059227 0.450883 0.000000
vt 0.140754 0.462544 0.000000
vt 0.164990 0.447709 0.000000
vt 0.281536 0.614344 0.000000
vt 0.253542 0.599413 0.000000
vt 0.545945 0.266509 0.000000
vt 0.555888 0.299416 0.000000
vt 0.539961 0.233382 0.000000
vt 0.457652 0.278170 0.000000
vt 0.017698 0.417580 0.000000
vt 0.345858 0.620079 0.000000
vt 0.309725 0.629271 0.000000
vt 0.249063 0.468546 0.000000
vt 0.249304 0.394913 0.000000
vt 0.559440 0.228959 0.000000
vt 0.555333 0.257208 0.000000
vt 0.557402 0.279484 0.000000
vt 0.559828 0.260569 0.000000
vt 0.412972 0.274141 0.000000
vt 0.151569 0.425408 0.000000
vt 0.135662 0.444194 0.000000
vt 0.008516 0.552461 0.000000
vt 0.008437 0.529687 0.000000
vt 0.065420 0.541268 0.000000
vt 0.065082 0.562873 0.000000
vt 0.103094 0.606458 0.000000
vt 0.064107 0.582134 0.000000
vt 0.129068 0.596523 0.000000
vt 0.060963 0.468321 0.000000
vt 0.030790 0.490348 0.000000
vt 0.008605 0.225698 0.000000
vt 0.079507 0.225698 0.000000
vt 0.345849 0.591217 0.000000
vt 0.008510 0.571113 0.000000
vt 0.654971 0.141235 0.000000
vt 0.660475 0.183532 0.000000
vt 0.671272 0.183532 0.000000
vt 0.673285 0.141235 0.000000
vt 0.634858 0.141235 0.000000
vt 0.634858 0.183532 0.000000
vt 0.613042 0.183532 0.000000
vt 0.613042 0.141235 0.000000
vt 0.588941 0.172368 0.000000
vt 0.594488 0.155623 0.000000
vt 0.574654 0.155623 0.000000
vt 0.574654 0.172368 0.000000
vt 0.585553 0.191556 0.000000
vt 0.596628 0.191556 0.000000
vt 0.597984 0.184103 0.000000
vt 0.595453 0.210130 0.000000
vt 0.585635 0.210130 0.000000
vt 0.708967 0.200739 0.000000
vt 0.715609 0.214881 0.000000
vt 0.727494 0.210867 0.000000
vt 0.729278 0.195294 0.000000
vt 0.660475 0.207134 0.000000
vt 0.671272 0.207134 0.000000
vt 0.634858 0.207134 0.000000
vt 0.660475 0.228186 0.000000
vt 0.671272 0.228186 0.000000
vt 0.634858 0.228186 0.000000
vt 0.600868 0.207134 0.000000
vt 0.613042 0.207134 0.000000
vt 0.601879 0.183532 0.000000
vt 0.613042 0.228186 0.000000
vt 0.600867 0.228186 0.000000
vt 0.700979 0.207134 0.000000
vt 0.700979 0.228186 0.000000
vt 0.703573 0.187510 0.000000
vt 0.574654 0.210130 0.000000
vt 0.574654 0.191556 0.000000
vt 0.613042 0.121466 0.000000
vt 0.592163 0.121466 0.000000
vt 0.594271 0.141235 0.000000
vt 0.654971 0.121466 0.000000
vt 0.634858 0.121466 0.000000
vt 0.574654 0.141235 0.000000
vt 0.574654 0.121466 0.000000
vt 0.673285 0.121466 0.000000
vt 0.691818 0.141235 0.000000
vt 0.691818 0.121466 0.000000
vt 0.691818 0.086265 0.000000
vt 0.673285 0.086265 0.000000
vt 0.613042 0.086265 0.000000
vt 0.592163 0.086265 0.000000
vt 0.516772 0.088146 0.000000
vt 0.486861 0.088146 0.000000
vt 0.459406 0.088146 0.000000
vt 0.434843 0.088147 0.000000
vt 0.559440 0.088145 0.000000
vt 0.539961 0.088146 0.000000
vt 0.412972 0.088147 0.000000
vt 0.634858 0.086265 0.000000
vt 0.654971 0.086265 0.000000
vt 0.574654 0.086265 0.000000
vt 0.705137 0.190261 0.000000
vt 0.724321 0.178009 0.000000
vt 0.613042 0.237316 0.000000
vt 0.660475 0.237316 0.000000
vt 0.016859 0.438704 0.000000
vt 0.028744 0.732209 0.000000
vt 0.007310 0.731053 0.000000
vt 0.006874 0.706283 0.000000
vt 0.031341 0.709151 0.000000
vt 0.034308 0.695603 0.000000
vt 0.007110 0.685237 0.000000
vt 0.120205 0.684075 0.000000
vt 0.059902 0.701839 0.000000
vt 0.021098 0.759002 0.000000
vt 0.015595 0.773254 0.000000
vt 0.005972 0.770656 0.000000
vt 0.006898 0.756680 0.000000
vt 0.201411 0.759466 0.000000
vt 0.223758 0.739039 0.000000
vt 0.257952 0.775664 0.000000
vt 0.236040 0.803404 0.000000
vt 0.123221 0.740102 0.000000
vt 0.141065 0.726105 0.000000
vt 0.168727 0.775448 0.000000
vt 0.063499 0.755024 0.000000
vt 0.039887 0.755442 0.000000
vt 0.025084 0.741733 0.000000
vt 0.245238 0.959567 0.000000
vt 0.256290 0.995765 0.000000
vt 0.225428 0.988220 0.000000
vt 0.226184 0.973802 0.000000
vt 0.244379 0.952317 0.000000
vt 0.218618 0.977445 0.000000
vt 0.270379 0.971796 0.000000
vt 0.266659 0.983891 0.000000
vt 0.068834 0.783916 0.000000
vt 0.044342 0.804906 0.000000
vt 0.006006 0.794854 0.000000
vt 0.084339 0.988677 0.000000
vt 0.088529 0.963844 0.000000
vt 0.161364 0.949393 0.000000
vt 0.190960 0.988677 0.000000
vt 0.008116 0.929253 0.000000
vt 0.068753 0.915268 0.000000
vt 0.008049 0.966197 0.000000
vt 0.091265 0.838043 0.000000
vt 0.114484 0.835108 0.000000
vt 0.112833 0.852568 0.000000
vt 0.091143 0.852150 0.000000
vt 0.049939 0.716938 0.000000
vt 0.162422 0.853562 0.000000
vt 0.153334 0.883409 0.000000
vt 0.132567 0.860610 0.000000
vt 0.135982 0.842316 0.000000
vt 0.008047 0.988677 0.000000
vt 0.177409 0.931359 0.000000
vt 0.131801 0.906896 0.000000
vt 0.146625 0.893373 0.000000
vt 0.007231 0.740881 0.000000
vt 0.090899 0.709633 0.000000
vt 0.023402 0.823538 0.000000
vt 0.023778 0.813529 0.000000
vt 0.045755 0.822113 0.000000
vt 0.008080 0.870400 0.000000
vt 0.007913 0.845227 0.000000
vt 0.022863 0.845082 0.000000
vt 0.024071 0.868125 0.000000
vt 0.006580 0.824824 0.000000
vt 0.056931 0.859699 0.000000
vt 0.050076 0.839964 0.000000
vt 0.006458 0.812283 0.000000
vt 0.068726 0.731857 0.000000
vt 0.112829 0.880325 0.000000
vt 0.087075 0.819319 0.000000
vt 0.112666 0.813852 0.000000
vt 0.140706 0.813040 0.000000
vt 0.102811 0.781701 0.000000
vt 0.134837 0.777806 0.000000
vt 0.171689 0.819078 0.000000
vt 0.204948 0.823475 0.000000
vt 0.207947 0.883914 0.000000
vt 0.089030 0.883557 0.000000
vt 0.090483 0.754545 0.000000
vt 0.192922 0.913463 0.000000
vt 0.585176 0.475492 0.000000
vt 0.616811 0.458488 0.000000
vt 0.632820 0.486340 0.000000
vt 0.603684 0.501918 0.000000
vt 0.595967 0.539993 0.000000
vt 0.595967 0.589562 0.000000
vt 0.568003 0.589562 0.000000
vt 0.568266 0.529198 0.000000
vt 0.124880 0.407112 0.000000
vt 0.149532 0.393447 0.000000
vt 0.103802 0.375349 0.000000
vt 0.090405 0.401544 0.000000
vt 0.047687 0.386722 0.000000
vt 0.053217 0.407223 0.000000
vt 0.108966 0.567657 0.000000
vt 0.156711 0.588265 0.000000
vt 0.151437 0.551659 0.000000
vt 0.113449 0.547145 0.000000
vt 0.255233 0.576799 0.000000
vt 0.300820 0.597452 0.000000
vt 0.302758 0.558340 0.000000
vt 0.253621 0.546399 0.000000
vt 0.295170 0.514320 0.000000
vt 0.232835 0.509722 0.000000
vt 0.215119 0.431748 0.000000
vt 0.177633 0.432525 0.000000
vt 0.178672 0.473146 0.000000
vt 0.217384 0.465276 0.000000
vt 0.062685 0.608277 0.000000
vt 0.063310 0.657350 0.000000
vt 0.209183 0.382197 0.000000
vt 0.290264 0.400740 0.000000
vt 0.291458 0.467864 0.000000
vt 0.082395 0.327689 0.000000
vt 0.071259 0.273533 0.000000
vt 0.084567 0.470384 0.000000
vt 0.111850 0.470015 0.000000
vt 0.110891 0.452168 0.000000
vt 0.085174 0.452308 0.000000
vt 0.532237 0.330311 0.000000
vt 0.486861 0.345003 0.000000
vt 0.486861 0.328359 0.000000
vt 0.515226 0.313199 0.000000
vt 0.454230 0.324190 0.000000
vt 0.448491 0.337563 0.000000
vt 0.433136 0.297760 0.000000
vt 0.421303 0.318281 0.000000
vt 0.412972 0.298138 0.000000
vt 0.429001 0.278339 0.000000
vt 0.129092 0.667214 0.000000
vt 0.107167 0.641912 0.000000
vt 0.070828 0.508563 0.000000
vt 0.116220 0.519796 0.000000
vt 0.111877 0.490238 0.000000
vt 0.072548 0.487323 0.000000
vt 0.142387 0.484501 0.000000
vt 0.154568 0.513307 0.000000
vt 0.516772 0.239072 0.000000
vt 0.514509 0.278141 0.000000
vt 0.486861 0.271733 0.000000
vt 0.486861 0.235608 0.000000
vt 0.434843 0.232282 0.000000
vt 0.412972 0.258015 0.000000
vt 0.412972 0.228181 0.000000
vt 0.486861 0.312961 0.000000
vt 0.498992 0.303639 0.000000
vt 0.462446 0.310284 0.000000
vt 0.538463 0.288952 0.000000
vt 0.284549 0.276574 0.000000
vt 0.271418 0.182869 0.000000
vt 0.114946 0.429897 0.000000
vt 0.086751 0.424199 0.000000
vt 0.058391 0.429499 0.000000
vt 0.025228 0.430383 0.000000
vt 0.034998 0.447065 0.000000
vt 0.434843 0.183929 0.000000
vt 0.412972 0.171060 0.000000
vt 0.458882 0.242191 0.000000
vt 0.459540 0.183929 0.000000
vt 0.486861 0.187808 0.000000
vt 0.539961 0.162548 0.000000
vt 0.539961 0.180583 0.000000
vt 0.516772 0.180583 0.000000
vt 0.516772 0.162491 0.000000
vt 0.434843 0.171060 0.000000
vt 0.460181 0.171060 0.000000
vt 0.539961 0.123641 0.000000
vt 0.559440 0.123641 0.000000
vt 0.559440 0.171363 0.000000
vt 0.486861 0.123641 0.000000
vt 0.486861 0.171060 0.000000
vt 0.459778 0.159449 0.000000
vt 0.459610 0.123642 0.000000
vt 0.434843 0.159449 0.000000
vt 0.434843 0.123642 0.000000
vt 0.412972 0.123642 0.000000
vt 0.516772 0.123641 0.000000
vt 0.288991 0.339311 0.000000
vt 0.031896 0.467942 0.000000
vt 0.021744 0.447046 0.000000
vt 0.201710 0.334248 0.000000
vt 0.246951 0.338219 0.000000
vt 0.236822 0.275796 0.000000
vt 0.194798 0.275489 0.000000
vt 0.059227 0.450883 0.000000
vt 0.140754 0.462544 0.000000
vt 0.164990 0.447709 0.000000
vt 0.253542 0.599413 0.000000
vt 0.281536 0.614344 0.000000
vt 0.545945 0.266509 0.000000
vt 0.555888 0.299416 0.000000
vt 0.539961 0.233382 0.000000
vt 0.457652 0.278170 0.000000
vt 0.017698 0.417580 0.000000
vt 0.309725 0.629271 0.000000
vt 0.249304 0.394913 0.000000
vt 0.249063 0.468546 0.000000
vt 0.559440 0.228959 0.000000
vt 0.555333 0.257208 0.000000
vt 0.559828 0.260569 0.000000
vt 0.557402 0.279484 0.000000
vt 0.412972 0.274141 0.000000
vt 0.151569 0.425408 0.000000
vt 0.135662 0.444194 0.000000
vt 0.065082 0.562873 0.000000
vt 0.065420 0.541268 0.000000
vt 0.103094 0.606458 0.000000
vt 0.129068 0.596523 0.000000
vt 0.064107 0.582134 0.000000
vt 0.060963 0.468321 0.000000
vt 0.030790 0.490348 0.000000
vt 0.079507 0.225698 0.000000
vt 0.654971 0.141235 0.000000
vt 0.673285 0.141235 0.000000
vt 0.671272 0.183532 0.000000
vt 0.660475 0.183532 0.000000
vt 0.634858 0.141235 0.000000
vt 0.634858 0.183532 0.000000
vt 0.613042 0.183532 0.000000
vt 0.613042 0.141235 0.000000
vt 0.588941 0.172368 0.000000
vt 0.574654 0.172368 0.000000
vt 0.574654 0.155623 0.000000
vt 0.594488 0.155623 0.000000
vt 0.585553 0.191556 0.000000
vt 0.597984 0.184103 0.000000
vt 0.596628 0.191556 0.000000
vt 0.595453 0.210130 0.000000
vt 0.585635 0.210130 0.000000
vt 0.708967 0.200739 0.000000
vt 0.729278 0.195294 0.000000
vt 0.727494 0.210867 0.000000
vt 0.715609 0.214881 0.000000
vt 0.671272 0.207134 0.000000
vt 0.660475 0.207134 0.000000
vt 0.634858 0.207134 0.000000
vt 0.660475 0.228186 0.000000
vt 0.671272 0.228186 0.000000
vt 0.634858 0.228186 0.000000
vt 0.600868 0.207134 0.000000
vt 0.601879 0.183532 0.000000
vt 0.613042 0.207134 0.000000
vt 0.613042 0.228186 0.000000
vt 0.600867 0.228186 0.000000
vt 0.700979 0.207134 0.000000
vt 0.700979 0.228186 0.000000
vt 0.703573 0.187510 0.000000
vt 0.574654 0.210130 0.000000
vt 0.574654 0.191556 0.000000
vt 0.613042 0.121466 0.000000
vt 0.594271 0.141235 0.000000
vt 0.592163 0.121466 0.000000
vt 0.654971 0.121466 0.000000
vt 0.634858 0.121466 0.000000
vt 0.574654 0.141235 0.000000
vt 0.574654 0.121466 0.000000
vt 0.673285 0.121466 0.000000
vt 0.691818 0.121466 0.000000
vt 0.691818 0.141235 0.000000
vt 0.673285 0.086265 0.000000
vt 0.691818 0.086265 0.000000
vt 0.592163 0.086265 0.000000
vt 0.613042 0.086265 0.000000
vt 0.486861 0.088146 0.000000
vt 0.516772 0.088146 0.000000
vt 0.434843 0.088147 0.000000
vt 0.459406 0.088146 0.000000
vt 0.559440 0.088145 0.000000
vt 0.539961 0.088146 0.000000
vt 0.412972 0.088147 0.000000
vt 0.634858 0.086265 0.000000
vt 0.654971 0.086265 0.000000
vt 0.574654 0.086265 0.000000
vt 0.705137 0.190261 0.000000
vt 0.724321 0.178009 0.000000
vt 0.660475 0.237316 0.000000
vt 0.613042 0.237316 0.000000
vt 0.016859 0.438704 0.000000
vt 0.028744 0.732209 0.000000
vt 0.031341 0.709151 0.000000
vt 0.034308 0.695603 0.000000
vt 0.059902 0.701839 0.000000
vt 0.021098 0.759002 0.000000
vt 0.015595 0.773254 0.000000
vt 0.201411 0.759466 0.000000
vt 0.236040 0.803404 0.000000
vt 0.257952 0.775664 0.000000
vt 0.223758 0.739039 0.000000
vt 0.123221 0.740102 0.000000
vt 0.168727 0.775448 0.000000
vt 0.141065 0.726105 0.000000
vt 0.025084 0.741733 0.000000
vt 0.039887 0.755442 0.000000
vt 0.063499 0.755024 0.000000
vt 0.245238 0.959567 0.000000
vt 0.226184 0.973802 0.000000
vt 0.225428 0.988220 0.000000
vt 0.256290 0.995765 0.000000
vt 0.244379 0.952317 0.000000
vt 0.218618 0.977445 0.000000
vt 0.266659 0.983891 0.000000
vt 0.270379 0.971796 0.000000
vt 0.068834 0.783916 0.000000
vt 0.044344 0.804903 0.000000
vt 0.084339 0.988677 0.000000
vt 0.190960 0.988677 0.000000
vt 0.161364 0.949393 0.000000
vt 0.088529 0.963844 0.000000
vt 0.068753 0.915268 0.000000
vt 0.091265 0.838043 0.000000
vt 0.091143 0.852150 0.000000
vt 0.112833 0.852568 0.000000
vt 0.114484 0.835108 0.000000
vt 0.049939 0.716938 0.000000
vt 0.162422 0.853562 0.000000
vt 0.135982 0.842316 0.000000
vt 0.132567 0.860610 0.000000
vt 0.153334 0.883409 0.000000
vt 0.177409 0.931359 0.000000
vt 0.146625 0.893373 0.000000
vt 0.131801 0.906896 0.000000
vt 0.090899 0.709633 0.000000
vt 0.023394 0.823528 0.000000
vt 0.045755 0.822113 0.000000
vt 0.023778 0.813529 0.000000
vt 0.024031 0.868140 0.000000
vt 0.022855 0.845098 0.000000
vt 0.056931 0.859699 0.000000
vt 0.050076 0.839964 0.000000
vt 0.068726 0.731857 0.000000
vt 0.112829 0.880325 0.000000
vt 0.087075 0.819319 0.000000
vt 0.112666 0.813852 0.000000
vt 0.140706 0.813040 0.000000
vt 0.134837 0.777806 0.000000
vt 0.102811 0.781701 0.000000
vt 0.171689 0.819078 0.000000
vt 0.204948 0.823475 0.000000
vt 0.207947 0.883914 0.000000
vt 0.089030 0.883557 0.000000
vt 0.090483 0.754545 0.000000
vt 0.192922 0.913463 0.000000
vt 0.585176 0.475492 0.000000
vt 0.603684 0.501918 0.000000
vt 0.632820 0.486340 0.000000
vt 0.616811 0.458488 0.000000
vt 0.595967 0.539993 0.000000
vt 0.568266 0.529198 0.000000
vt 0.087636 0.182869 0.000000
vt 0.008507 0.182869 0.000000
vt 0.173815 0.504073 0.000000
vt 0.008422 0.405796 0.000000
vt 0.181099 0.182869 0.000000
vt 0.209732 0.484479 0.000000
vt 0.102785 0.667214 0.000000
vt 0.145285 0.618765 0.000000
vt 0.134462 0.272616 0.000000
vt 0.141954 0.330971 0.000000
vt 0.084128 0.667214 0.000000
vt 0.486861 0.295645 0.000000
vt 0.008494 0.494541 0.000000
vt 0.684406 0.163354 0.000000
vt 0.603016 0.174242 0.000000
vt 0.704063 0.155873 0.000000
vt 0.722970 0.220047 0.000000
vt 0.735615 0.484055 0.000000
vt 0.791465 0.463247 0.000000
vt 0.753592 0.514099 0.000000
vt 0.254501 0.869602 0.000000
vt 0.279038 0.984210 0.000000
vt 0.108971 0.915673 0.000000
vt 0.007230 0.751022 0.000000
vt 0.008047 0.900841 0.000000
vt 0.238751 0.937915 0.000000
vt 0.643215 0.511324 0.000000
vt 0.667530 0.477216 0.000000
vt 0.539803 0.518403 0.000000
vt 0.557254 0.494661 0.000000
vt 0.470853 0.579374 0.000000
vt 0.473149 0.551535 0.000000
vt 0.532677 0.546033 0.000000
vt 0.717393 0.425296 0.000000
vt 0.677119 0.451992 0.000000
vt 0.691434 0.418001 0.000000
vt 0.763347 0.595413 0.000000
vt 0.767174 0.563993 0.000000
vt 0.825828 0.567094 0.000000
vt 0.640652 0.397384 0.000000
vt 0.653866 0.397884 0.000000
vt 0.642979 0.454896 0.000000
vt 0.822107 0.536854 0.000000
vt 0.763814 0.542586 0.000000
vt 0.740310 0.423748 0.000000
vt 0.708334 0.463356 0.000000
vt 0.699400 0.506402 0.000000
vt 0.825828 0.595413 0.000000
vt 0.821812 0.518696 0.000000
vt 0.781988 0.446745 0.000000
vt 0.764700 0.429347 0.000000
vt 0.679999 0.543172 0.000000
vt 0.731806 0.595413 0.000000
vt 0.728480 0.562001 0.000000
vt 0.719548 0.530518 0.000000
vt 0.617749 0.408125 0.000000
vt 0.593177 0.414156 0.000000
vt 0.664765 0.402802 0.000000
vt 0.516385 0.453908 0.000000
vt 0.529540 0.439852 0.000000
vt 0.493986 0.499066 0.000000
vt 0.504582 0.472282 0.000000
vt 0.480786 0.530879 0.000000
vt 0.543531 0.432371 0.000000
vt 0.560091 0.424110 0.000000
vt 0.577666 0.419806 0.000000
vt 0.691178 0.595413 0.000000
vt 0.540801 0.589562 0.000000
vt 0.471063 0.589562 0.000000
vt 0.807344 0.488055 0.000000
vt 0.087636 0.182869 0.000000
vt 0.173815 0.504073 0.000000
vt 0.181099 0.182869 0.000000
vt 0.209732 0.484479 0.000000
vt 0.102785 0.667214 0.000000
vt 0.141954 0.330971 0.000000
vt 0.134462 0.272616 0.000000
vt 0.084128 0.667214 0.000000
vt 0.486861 0.295645 0.000000
vt 0.684406 0.163354 0.000000
vt 0.603016 0.174242 0.000000
vt 0.704063 0.155873 0.000000
vt 0.722970 0.220047 0.000000
vt 0.735615 0.484055 0.000000
vt 0.753592 0.514099 0.000000
vt 0.791465 0.463247 0.000000
vt 0.254501 0.869602 0.000000
vt 0.279038 0.984210 0.000000
vt 0.108971 0.915673 0.000000
vt 0.238751 0.937915 0.000000
vt 0.643215 0.511324 0.000000
vt 0.667530 0.477216 0.000000
vt 0.539803 0.518403 0.000000
vt 0.557254 0.494661 0.000000
vt 0.470853 0.579374 0.000000
vt 0.532677 0.546033 0.000000
vt 0.473149 0.551535 0.000000
vt 0.717393 0.425296 0.000000
vt 0.691434 0.418001 0.000000
vt 0.677119 0.451992 0.000000
vt 0.825828 0.567094 0.000000
vt 0.767174 0.563993 0.000000
vt 0.640652 0.397384 0.000000
vt 0.642979 0.454896 0.000000
vt 0.653866 0.397884 0.000000
vt 0.822107 0.536854 0.000000
vt 0.763814 0.542586 0.000000
vt 0.740310 0.423748 0.000000
vt 0.708334 0.463356 0.000000
vt 0.699400 0.506402 0.000000
vt 0.821812 0.518696 0.000000
vt 0.781988 0.446745 0.000000
vt 0.764700 0.429347 0.000000
vt 0.679999 0.543172 0.000000
vt 0.728480 0.562001 0.000000
vt 0.719548 0.530518 0.000000
vt 0.617749 0.408125 0.000000
vt 0.593177 0.414156 0.000000
vt 0.664765 0.402802 0.000000
vt 0.529540 0.439852 0.000000
vt 0.516385 0.453908 0.000000
vt 0.493986 0.499066 0.000000
vt 0.504582 0.472282 0.000000
vt 0.480786 0.530879 0.000000
vt 0.560091 0.424110 0.000000
vt 0.543531 0.432371 0.000000
vt 0.577666 0.419806 0.000000
vt 0.807344 0.488055 0.000000
vt 0.601098 0.310216 0.000000
vt 0.598932 0.295238 0.000000
vt 0.624061 0.293571 0.000000
vt 0.625756 0.310429 0.000000
vt 0.573178 0.295367 0.000000
vt 0.573177 0.279151 0.000000
vt 0.596053 0.280262 0.000000
vt 0.617360 0.358132 0.000000
vt 0.618373 0.377059 0.000000
vt 0.573179 0.377060 0.000000
vt 0.572958 0.357791 0.000000
vt 0.785115 0.364037 0.000000
vt 0.783241 0.342454 0.000000
vt 0.807946 0.344383 0.000000
vt 0.808089 0.362514 0.000000
vt 0.759064 0.363474 0.000000
vt 0.730467 0.361234 0.000000
vt 0.730923 0.342805 0.000000
vt 0.761375 0.343586 0.000000
vt 0.739269 0.225219 0.000000
vt 0.768184 0.248176 0.000000
vt 0.726764 0.256659 0.000000
vt 0.717056 0.234235 0.000000
vt 0.786991 0.387760 0.000000
vt 0.756352 0.384535 0.000000
vt 0.764775 0.270523 0.000000
vt 0.780725 0.270807 0.000000
vt 0.777141 0.294207 0.000000
vt 0.763299 0.295700 0.000000
vt 0.787179 0.253038 0.000000
vt 0.753918 0.216245 0.000000
vt 0.756506 0.213860 0.000000
vt 0.774344 0.236298 0.000000
vt 0.769680 0.409312 0.000000
vt 0.792545 0.402494 0.000000
vt 0.775541 0.411944 0.000000
vt 0.812765 0.394021 0.000000
vt 0.750732 0.411230 0.000000
vt 0.811806 0.297115 0.000000
vt 0.793911 0.294857 0.000000
vt 0.798804 0.273368 0.000000
vt 0.815524 0.277436 0.000000
vt 0.804442 0.257374 0.000000
vt 0.820798 0.263689 0.000000
vt 0.809315 0.324439 0.000000
vt 0.785816 0.323520 0.000000
vt 0.831062 0.298353 0.000000
vt 0.835012 0.278935 0.000000
vt 0.831062 0.326798 0.000000
vt 0.853736 0.295890 0.000000
vt 0.849958 0.340809 0.000000
vt 0.654328 0.289698 0.000000
vt 0.621289 0.279675 0.000000
vt 0.650061 0.272873 0.000000
vt 0.688314 0.266860 0.000000
vt 0.691635 0.284591 0.000000
vt 0.641195 0.346398 0.000000
vt 0.663146 0.345131 0.000000
vt 0.661312 0.367419 0.000000
vt 0.640348 0.363719 0.000000
vt 0.654020 0.308071 0.000000
vt 0.650158 0.325595 0.000000
vt 0.694051 0.321705 0.000000
vt 0.696319 0.342899 0.000000
vt 0.693548 0.304323 0.000000
vt 0.684516 0.247442 0.000000
vt 0.731539 0.298071 0.000000
vt 0.731337 0.320448 0.000000
vt 0.730181 0.276325 0.000000
vt 0.660783 0.388766 0.000000
vt 0.697028 0.373426 0.000000
vt 0.690672 0.398908 0.000000
vt 0.698071 0.359191 0.000000
vt 0.729333 0.380025 0.000000
vt 0.654826 0.254154 0.000000
vt 0.725517 0.407967 0.000000
vt 0.763010 0.321136 0.000000
vt 0.831063 0.347645 0.000000
vt 0.831063 0.390582 0.000000
vt 0.831063 0.363425 0.000000
vt 0.853737 0.365607 0.000000
vt 0.853738 0.386247 0.000000
vt 0.573178 0.312311 0.000000
vt 0.792244 0.241410 0.000000
vt 0.808950 0.245620 0.000000
vt 0.825779 0.252195 0.000000
vt 0.838630 0.259146 0.000000
vt 0.597929 0.333015 0.000000
vt 0.573178 0.334387 0.000000
vt 0.802886 0.678950 0.000000
vt 0.829025 0.685299 0.000000
vt 0.829025 0.660908 0.000000
vt 0.802886 0.657623 0.000000
vt 0.802886 0.657623 0.000000
vt 0.829025 0.661005 0.000000
vt 0.829025 0.631971 0.000000
vt 0.802886 0.631971 0.000000
vt 0.734448 0.609186 0.000000
vt 0.739550 0.631971 0.000000
vt 0.829025 0.609186 0.000000
vt 0.634082 0.596556 0.000000
vt 0.612015 0.607404 0.000000
vt 0.612015 0.574512 0.000000
vt 0.624239 0.574520 0.000000
vt 0.663553 0.613947 0.000000
vt 0.675608 0.596921 0.000000
vt 0.651486 0.582104 0.000000
vt 0.634082 0.596556 0.000000
vt 0.612015 0.580343 0.000000
vt 0.624239 0.580343 0.000000
vt 0.624239 0.567096 0.000000
vt 0.612015 0.565923 0.000000
vt 0.651308 0.642120 0.000000
vt 0.612015 0.607404 0.000000
vt 0.830445 0.212699 0.000000
vt 0.830445 0.235060 0.000000
vt 0.807507 0.232655 0.000000
vt 0.807507 0.217469 0.000000
vt 0.697108 0.651143 0.000000
vt 0.659972 0.661260 0.000000
vt 0.662941 0.673003 0.000000
vt 0.698434 0.659906 0.000000
vt 0.659972 0.661260 0.000000
vt 0.697108 0.651143 0.000000
vt 0.624239 0.549456 0.000000
vt 0.612014 0.545806 0.000000
vt 0.843881 0.235060 0.000000
vt 0.843881 0.215004 0.000000
vt 0.852488 0.220848 0.000000
vt 0.852488 0.227805 0.000000
vt 0.663553 0.613947 0.000000
vt 0.027379 0.030702 0.000000
vt 0.013672 0.035156 0.000000
vt 0.013672 0.005859 0.000000
vt 0.027379 0.009036 0.000000
vt 0.642830 0.663936 0.000000
vt 0.636162 0.648190 0.000000
vt 0.642830 0.670962 0.000000
vt 0.050649 0.023278 0.000000
vt 0.049811 0.012318 0.000000
vt 0.642830 0.663936 0.000000
vt 0.636162 0.648190 0.000000
vt 0.651308 0.642120 0.000000
vt 0.734448 0.648500 0.000000
vt 0.734448 0.659906 0.000000
vt 0.734448 0.648500 0.000000
vt 0.695117 0.631971 0.000000
vt 0.739550 0.631971 0.000000
vt 0.829025 0.631971 0.000000
vt 0.621574 0.330489 0.000000
vt 0.573177 0.258469 0.000000
vt 0.853736 0.267674 0.000000
vt 0.633711 0.257072 0.000000
vt 0.638090 0.381614 0.000000
vt 0.618373 0.258468 0.000000
vt 0.702581 0.609186 0.000000
vt 0.049811 0.012318 0.000000
vt 0.059806 0.017425 0.000000
vt 0.050649 0.023278 0.000000
vt 0.695117 0.631971 0.000000
vt 0.613245 0.663936 0.000000
vt 0.613245 0.653183 0.000000
vt 0.613245 0.653183 0.000000
vt 0.601098 0.310216 0.000000
vt 0.625756 0.310429 0.000000
vt 0.624061 0.293571 0.000000
vt 0.598932 0.295238 0.000000
vt 0.573178 0.295367 0.000000
vt 0.596053 0.280262 0.000000
vt 0.573177 0.279151 0.000000
vt 0.617360 0.358132 0.000000
vt 0.572958 0.357791 0.000000
vt 0.573179 0.377060 0.000000
vt 0.618373 0.377059 0.000000
vt 0.785115 0.364037 0.000000
vt 0.808089 0.362514 0.000000
vt 0.807946 0.344383 0.000000
vt 0.783241 0.342454 0.000000
vt 0.759064 0.363474 0.000000
vt 0.761375 0.343586 0.000000
vt 0.730923 0.342805 0.000000
vt 0.730467 0.361234 0.000000
vt 0.739269 0.225219 0.000000
vt 0.717056 0.234235 0.000000
vt 0.726764 0.256659 0.000000
vt 0.768184 0.248176 0.000000
vt 0.756352 0.384535 0.000000
vt 0.786991 0.387760 0.000000
vt 0.764775 0.270523 0.000000
vt 0.763299 0.295700 0.000000
vt 0.777141 0.294207 0.000000
vt 0.780725 0.270807 0.000000
vt 0.787179 0.253038 0.000000
vt 0.753918 0.216245 0.000000
vt 0.769680 0.409312 0.000000
vt 0.750732 0.411230 0.000000
vt 0.811806 0.297115 0.000000
vt 0.815524 0.277436 0.000000
vt 0.798804 0.273368 0.000000
vt 0.793911 0.294857 0.000000
vt 0.804442 0.257374 0.000000
vt 0.820798 0.263689 0.000000
vt 0.785816 0.323520 0.000000
vt 0.809315 0.324439 0.000000
vt 0.831062 0.298353 0.000000
vt 0.835012 0.278935 0.000000
vt 0.831062 0.326798 0.000000
vt 0.849958 0.340809 0.000000
vt 0.853736 0.295890 0.000000
vt 0.654328 0.289698 0.000000
vt 0.650061 0.272873 0.000000
vt 0.621289 0.279675 0.000000
vt 0.691635 0.284591 0.000000
vt 0.688314 0.266860 0.000000
vt 0.641195 0.346398 0.000000
vt 0.640348 0.363719 0.000000
vt 0.661312 0.367419 0.000000
vt 0.663146 0.345131 0.000000
vt 0.654020 0.308071 0.000000
vt 0.696319 0.342899 0.000000
vt 0.694051 0.321705 0.000000
vt 0.650158 0.325595 0.000000
vt 0.693548 0.304323 0.000000
vt 0.684516 0.247442 0.000000
vt 0.731337 0.320448 0.000000
vt 0.731539 0.298071 0.000000
vt 0.730181 0.276325 0.000000
vt 0.660783 0.388766 0.000000
vt 0.690672 0.398908 0.000000
vt 0.697028 0.373426 0.000000
vt 0.698071 0.359191 0.000000
vt 0.729333 0.380025 0.000000
vt 0.654826 0.254154 0.000000
vt 0.725517 0.407967 0.000000
vt 0.763010 0.321136 0.000000
vt 0.831063 0.347645 0.000000
vt 0.853737 0.365607 0.000000
vt 0.831063 0.363425 0.000000
vt 0.573178 0.312311 0.000000
vt 0.597929 0.333015 0.000000
vt 0.573178 0.334387 0.000000
vt 0.802886 0.678950 0.000000
vt 0.802886 0.657623 0.000000
vt 0.829025 0.660908 0.000000
vt 0.829025 0.685299 0.000000
vt 0.829025 0.661005 0.000000
vt 0.802886 0.657623 0.000000
vt 0.802886 0.631971 0.000000
vt 0.829025 0.631971 0.000000
vt 0.734448 0.609186 0.000000
vt 0.829025 0.609186 0.000000
vt 0.739550 0.631971 0.000000
vt 0.634082 0.596556 0.000000
vt 0.624239 0.574520 0.000000
vt 0.612015 0.574512 0.000000
vt 0.612015 0.607404 0.000000
vt 0.663553 0.613947 0.000000
vt 0.634082 0.596556 0.000000
vt 0.651486 0.582104 0.000000
vt 0.675608 0.596921 0.000000
vt 0.612015 0.580343 0.000000
vt 0.612015 0.565923 0.000000
vt 0.624239 0.567096 0.000000
vt 0.624239 0.580343 0.000000
vt 0.651308 0.642120 0.000000
vt 0.612015 0.607404 0.000000
vt 0.830445 0.212699 0.000000
vt 0.807507 0.217469 0.000000
vt 0.807507 0.232655 0.000000
vt 0.830445 0.235060 0.000000
vt 0.697108 0.651143 0.000000
vt 0.698434 0.659906 0.000000
vt 0.662941 0.673003 0.000000
vt 0.659972 0.661260 0.000000
vt 0.697108 0.651143 0.000000
vt 0.659972 0.661260 0.000000
vt 0.612014 0.545806 0.000000
vt 0.624239 0.549456 0.000000
vt 0.843881 0.235060 0.000000
vt 0.852488 0.227805 0.000000
vt 0.852488 0.220848 0.000000
vt 0.843881 0.215004 0.000000
vt 0.663553 0.613947 0.000000
vt 0.027379 0.030702 0.000000
vt 0.027379 0.009036 0.000000
vt 0.013672 0.005859 0.000000
vt 0.013672 0.035156 0.000000
vt 0.642830 0.663936 0.000000
vt 0.636162 0.648190 0.000000
vt 0.642830 0.670962 0.000000
vt 0.050649 0.023278 0.000000
vt 0.049811 0.012318 0.000000
vt 0.642830 0.663936 0.000000
vt 0.651308 0.642120 0.000000
vt 0.636162 0.648190 0.000000
vt 0.734448 0.659906 0.000000
vt 0.734448 0.648500 0.000000
vt 0.734448 0.648500 0.000000
vt 0.695117 0.631971 0.000000
vt 0.739550 0.631971 0.000000
vt 0.829025 0.631971 0.000000
vt 0.621574 0.330489 0.000000
vt 0.573177 0.258469 0.000000
vt 0.633711 0.257072 0.000000
vt 0.638090 0.381614 0.000000
vt 0.618373 0.258468 0.000000
vt 0.702581 0.609186 0.000000
vt 0.049811 0.012318 0.000000
vt 0.050649 0.023278 0.000000
vt 0.059806 0.017425 0.000000
vt 0.695117 0.631971 0.000000
vt 0.613245 0.653183 0.000000
vt 0.613245 0.663936 0.000000
vt 0.613245 0.653183 0.000000
vt 0.382813 0.736328 0.000000
vt 0.414757 0.758998 0.000000
vt 0.398411 0.786423 0.000000
vt 0.367188 0.765625 0.000000
vt 0.489447 0.685077 0.000000
vt 0.505579 0.716849 0.000000
vt 0.483502 0.734602 0.000000
vt 0.458263 0.701619 0.000000
vt 0.379412 0.819769 0.000000
vt 0.409209 0.842352 0.000000
vt 0.387834 0.866805 0.000000
vt 0.361552 0.851593 0.000000
vt 0.335647 0.836391 0.000000
vt 0.347656 0.800781 0.000000
vt 0.435787 0.812716 0.000000
vt 0.310226 0.865022 0.000000
vt 0.324732 0.870120 0.000000
vt 0.348224 0.881572 0.000000
vt 0.338401 0.916019 0.000000
vt 0.329255 0.934661 0.000000
vt 0.309317 0.928968 0.000000
vt 0.312691 0.910207 0.000000
vt 0.298007 0.952111 0.000000
vt 0.294881 0.928302 0.000000
vt 0.315029 0.947801 0.000000
vt 0.293753 0.908032 0.000000
vt 0.319215 0.890356 0.000000
vt 0.343312 0.898796 0.000000
vt 0.367025 0.907841 0.000000
vt 0.361620 0.923303 0.000000
vt 0.530708 0.683015 0.000000
vt 0.550479 0.697474 0.000000
vt 0.310323 0.783870 0.000000
vt 0.322480 0.739873 0.000000
vt 0.398409 0.708760 0.000000
vt 0.347656 0.708984 0.000000
vt 0.365338 0.680101 0.000000
vt 0.433058 0.668644 0.000000
vt 0.415734 0.688702 0.000000
vt 0.390454 0.663389 0.000000
vt 0.415569 0.646677 0.000000
vt 0.302504 0.822454 0.000000
vt 0.432456 0.735210 0.000000
vt 0.469072 0.768195 0.000000
vt 0.453060 0.629206 0.000000
vt 0.321958 0.963307 0.000000
vt 0.302265 0.969965 0.000000
vt 0.278903 0.930914 0.000000
vt 0.281327 0.954744 0.000000
vt 0.278058 0.906978 0.000000
vt 0.452430 0.790455 0.000000
vt 0.372430 0.892378 0.000000
vt 0.284646 0.972571 0.000000
vt 0.346037 0.947614 0.000000
vt 0.261299 0.749597 0.000000
vt 0.259673 0.735490 0.000000
vt 0.283902 0.737802 0.000000
vt 0.281811 0.751396 0.000000
vt 0.310159 0.740057 0.000000
vt 0.306689 0.754689 0.000000
vt 0.316157 0.697755 0.000000
vt 0.314893 0.711589 0.000000
vt 0.282702 0.705683 0.000000
vt 0.286766 0.690815 0.000000
vt 0.295488 0.789925 0.000000
vt 0.275334 0.774118 0.000000
vt 0.542362 0.993736 0.000000
vt 0.542288 0.962707 0.000000
vt 0.510346 0.964812 0.000000
vt 0.510346 0.993736 0.000000
vt 0.484863 0.966285 0.000000
vt 0.484863 0.993736 0.000000
vt 0.444724 0.993736 0.000000
vt 0.462898 0.993736 0.000000
vt 0.462898 0.966285 0.000000
vt 0.444724 0.966285 0.000000
vt 0.425114 0.993736 0.000000
vt 0.425114 0.966285 0.000000
vt 0.468154 0.842919 0.000000
vt 0.483029 0.864452 0.000000
vt 0.455390 0.889953 0.000000
vt 0.437340 0.867670 0.000000
vt 0.497872 0.775622 0.000000
vt 0.525121 0.791892 0.000000
vt 0.514253 0.812266 0.000000
vt 0.484825 0.792660 0.000000
vt 0.535106 0.775615 0.000000
vt 0.509806 0.759790 0.000000
vt 0.557893 0.737259 0.000000
vt 0.545471 0.758251 0.000000
vt 0.522742 0.743382 0.000000
vt 0.537866 0.724873 0.000000
vt 0.426230 0.924017 0.000000
vt 0.403124 0.910380 0.000000
vt 0.415216 0.950120 0.000000
vt 0.388772 0.946002 0.000000
vt 0.391333 0.895437 0.000000
vt 0.411800 0.857676 0.000000
vt 0.316625 0.637334 0.000000
vt 0.286769 0.637990 0.000000
vt 0.286188 0.637334 0.000000
vt 0.316625 0.637334 0.000000
vt 0.262901 0.769423 0.000000
vt 0.573111 0.993736 0.000000
vt 0.613176 0.993736 0.000000
vt 0.613176 0.960046 0.000000
vt 0.573111 0.961755 0.000000
vt 0.273033 0.670619 0.000000
vt 0.278584 0.654604 0.000000
vt 0.291897 0.677946 0.000000
vt 0.265607 0.690814 0.000000
vt 0.560382 0.654323 0.000000
vt 0.578061 0.634413 0.000000
vt 0.578061 0.658605 0.000000
vt 0.293753 0.892763 0.000000
vt 0.482982 0.645486 0.000000
vt 0.527922 0.666659 0.000000
vt 0.545545 0.668669 0.000000
vt 0.560408 0.686535 0.000000
vt 0.294451 0.659275 0.000000
vt 0.316117 0.655303 0.000000
vt 0.315608 0.673273 0.000000
vt 0.280023 0.812138 0.000000
vt 0.288232 0.810603 0.000000
vt 0.287204 0.822915 0.000000
vt 0.258047 0.721383 0.000000
vt 0.261140 0.706122 0.000000
vt 0.283827 0.723569 0.000000
vt 0.276438 0.796821 0.000000
vt 0.543028 0.659920 0.000000
vt 0.558594 0.650391 0.000000
vt 0.289924 0.805027 0.000000
vt 0.282335 0.803712 0.000000
vt 0.570337 0.675596 0.000000
vt 0.278058 0.885035 0.000000
vt 0.269019 0.860173 0.000000
vt 0.285969 0.863555 0.000000
vt 0.501825 0.834591 0.000000
vt 0.444778 0.822473 0.000000
vt 0.466316 0.811649 0.000000
vt 0.496968 0.609689 0.000000
vt 0.489975 0.627587 0.000000
vt 0.479221 0.627223 0.000000
vt 0.475014 0.619447 0.000000
vt 0.461474 0.644758 0.000000
vt 0.470205 0.658724 0.000000
vt 0.272685 0.782607 0.000000
vt 0.266469 0.780259 0.000000
vt 0.373039 0.940823 0.000000
vt 0.413911 0.721478 0.000000
vt 0.313629 0.725424 0.000000
vt 0.270037 0.791096 0.000000
vt 0.382813 0.736328 0.000000
vt 0.367188 0.765625 0.000000
vt 0.398411 0.786423 0.000000
vt 0.414757 0.758998 0.000000
vt 0.489447 0.685077 0.000000
vt 0.458263 0.701619 0.000000
vt 0.379412 0.819769 0.000000
vt 0.361552 0.851593 0.000000
vt 0.347656 0.800781 0.000000
vt 0.335647 0.836391 0.000000
vt 0.310226 0.865022 0.000000
vt 0.324732 0.870120 0.000000
vt 0.348224 0.881572 0.000000
vt 0.338401 0.916019 0.000000
vt 0.312691 0.910207 0.000000
vt 0.309317 0.928968 0.000000
vt 0.329255 0.934661 0.000000
vt 0.298007 0.952111 0.000000
vt 0.315029 0.947801 0.000000
vt 0.294881 0.928302 0.000000
vt 0.293753 0.908032 0.000000
vt 0.343312 0.898796 0.000000
vt 0.319215 0.890356 0.000000
vt 0.530708 0.683015 0.000000
vt 0.322480 0.739873 0.000000
vt 0.310323 0.783870 0.000000
vt 0.398409 0.708760 0.000000
vt 0.365338 0.680101 0.000000
vt 0.347656 0.708984 0.000000
vt 0.433058 0.668644 0.000000
vt 0.415569 0.646677 0.000000
vt 0.390454 0.663389 0.000000
vt 0.415734 0.688702 0.000000
vt 0.302504 0.822454 0.000000
vt 0.432456 0.735210 0.000000
vt 0.453060 0.629206 0.000000
vt 0.278903 0.930914 0.000000
vt 0.281327 0.954744 0.000000
vt 0.278058 0.906978 0.000000
vt 0.261299 0.749597 0.000000
vt 0.281811 0.751396 0.000000
vt 0.283902 0.737802 0.000000
vt 0.259673 0.735490 0.000000
vt 0.286766 0.690815 0.000000
vt 0.282702 0.705683 0.000000
vt 0.275334 0.774118 0.000000
vt 0.542362 0.993736 0.000000
vt 0.510346 0.993736 0.000000
vt 0.510346 0.964812 0.000000
vt 0.542288 0.962707 0.000000
vt 0.484863 0.966285 0.000000
vt 0.484863 0.993736 0.000000
vt 0.444724 0.993736 0.000000
vt 0.444724 0.966285 0.000000
vt 0.462898 0.966285 0.000000
vt 0.462898 0.993736 0.000000
vt 0.425114 0.993736 0.000000
vt 0.425114 0.966285 0.000000
vt 0.468154 0.842919 0.000000
vt 0.437340 0.867670 0.000000
vt 0.455390 0.889953 0.000000
vt 0.483029 0.864452 0.000000
vt 0.497872 0.775622 0.000000
vt 0.484825 0.792660 0.000000
vt 0.514253 0.812266 0.000000
vt 0.525121 0.791892 0.000000
vt 0.535106 0.775615 0.000000
vt 0.509806 0.759790 0.000000
vt 0.557893 0.737259 0.000000
vt 0.537866 0.724873 0.000000
vt 0.522742 0.743382 0.000000
vt 0.545471 0.758251 0.000000
vt 0.403124 0.910380 0.000000
vt 0.426230 0.924017 0.000000
vt 0.388772 0.946002 0.000000
vt 0.415216 0.950120 0.000000
vt 0.391333 0.895437 0.000000
vt 0.411800 0.857676 0.000000
vt 0.286188 0.637334 0.000000
vt 0.286769 0.637990 0.000000
vt 0.262901 0.769423 0.000000
vt 0.573111 0.993736 0.000000
vt 0.613176 0.960046 0.000000
vt 0.613176 0.993736 0.000000
vt 0.573111 0.961755 0.000000
vt 0.273033 0.670619 0.000000
vt 0.291897 0.677946 0.000000
vt 0.278584 0.654604 0.000000
vt 0.265607 0.690814 0.000000
vt 0.560382 0.654323 0.000000
vt 0.293753 0.892763 0.000000
vt 0.527922 0.666659 0.000000
vt 0.482982 0.645486 0.000000
vt 0.545545 0.668669 0.000000
vt 0.294451 0.659275 0.000000
vt 0.280023 0.812138 0.000000
vt 0.258047 0.721383 0.000000
vt 0.283827 0.723569 0.000000
vt 0.261140 0.706122 0.000000
vt 0.276438 0.796821 0.000000
vt 0.543028 0.659920 0.000000
vt 0.282335 0.803712 0.000000
vt 0.278058 0.885035 0.000000
vt 0.285969 0.863555 0.000000
vt 0.269019 0.860173 0.000000
vt 0.501825 0.834591 0.000000
vt 0.444778 0.822473 0.000000
vt 0.466316 0.811649 0.000000
vt 0.496968 0.609689 0.000000
vt 0.479221 0.627223 0.000000
vt 0.489975 0.627587 0.000000
vt 0.461474 0.644758 0.000000
vt 0.475014 0.619447 0.000000
vt 0.470205 0.658724 0.000000
vt 0.266469 0.780259 0.000000
vt 0.272685 0.782607 0.000000
vt 0.373039 0.940823 0.000000
vt 0.413911 0.721478 0.000000
vt 0.270037 0.791096 0.000000
vt 0.600765 0.816053 0.000000
vt 0.584254 0.809878 0.000000
vt 0.587325 0.791208 0.000000
vt 0.604317 0.792722 0.000000
vt 0.577766 0.826844 0.000000
vt 0.597788 0.834345 0.000000
vt 0.588250 0.851229 0.000000
vt 0.574341 0.872395 0.000000
vt 0.565121 0.869323 0.000000
vt 0.573022 0.843946 0.000000
vt 0.594969 0.712816 0.000000
vt 0.594969 0.740820 0.000000
vt 0.579785 0.738825 0.000000
vt 0.581742 0.712816 0.000000
vt 0.607194 0.712816 0.000000
vt 0.607194 0.742833 0.000000
vt 0.594969 0.688392 0.000000
vt 0.584626 0.688392 0.000000
vt 0.604347 0.688392 0.000000
vt 0.587235 0.678555 0.000000
vt 0.594969 0.678555 0.000000
vt 0.603228 0.678555 0.000000
vt 0.500521 0.894101 0.000000
vt 0.492088 0.881149 0.000000
vt 0.502184 0.870331 0.000000
vt 0.511126 0.883823 0.000000
vt 0.523806 0.895279 0.000000
vt 0.510605 0.907876 0.000000
vt 0.476138 0.928466 0.000000
vt 0.465912 0.928466 0.000000
vt 0.475160 0.916011 0.000000
vt 0.563729 0.838988 0.000000
vt 0.568291 0.818897 0.000000
vt 0.521547 0.871496 0.000000
vt 0.509646 0.858980 0.000000
vt 0.525162 0.841374 0.000000
vt 0.532073 0.854885 0.000000
vt 0.535409 0.879065 0.000000
vt 0.572093 0.802695 0.000000
vt 0.572729 0.809852 0.000000
vt 0.562624 0.805892 0.000000
vt 0.527344 0.919922 0.000000
vt 0.520737 0.925965 0.000000
vt 0.509866 0.918896 0.000000
vt 0.515158 0.910795 0.000000
vt 0.607194 0.770775 0.000000
vt 0.593075 0.755333 0.000000
vt 0.578174 0.806286 0.000000
vt 0.574476 0.765509 0.000000
vt 0.590851 0.767833 0.000000
vt 0.577229 0.754171 0.000000
vt 0.571876 0.783843 0.000000
vt 0.551870 0.832667 0.000000
vt 0.558423 0.888595 0.000000
vt 0.549034 0.860994 0.000000
vt 0.472336 0.903462 0.000000
vt 0.464446 0.918631 0.000000
vt 0.462619 0.910322 0.000000
vt 0.456008 0.920457 0.000000
vt 0.455686 0.928466 0.000000
vt 0.449134 0.924461 0.000000
vt 0.449295 0.920457 0.000000
vt 0.454622 0.914712 0.000000
vt 0.448601 0.917584 0.000000
vt 0.596004 0.668722 0.000000
vt 0.589844 0.668844 0.000000
vt 0.595976 0.657067 0.000000
vt 0.598704 0.657067 0.000000
vt 0.602108 0.668844 0.000000
vt 0.602108 0.657067 0.000000
vt 0.487812 0.904242 0.000000
vt 0.482403 0.893196 0.000000
vt 0.496455 0.919329 0.000000
vt 0.504574 0.926998 0.000000
vt 0.514131 0.932009 0.000000
vt 0.506141 0.938187 0.000000
vt 0.501363 0.935682 0.000000
vt 0.538994 0.824294 0.000000
vt 0.553155 0.809090 0.000000
vt 0.541355 0.906313 0.000000
vt 0.576272 0.814387 0.000000
vt 0.602108 0.645291 0.000000
vt 0.442581 0.920457 0.000000
vt 0.517434 0.928987 0.000000
vt 0.507220 0.922947 0.000000
vt 0.498152 0.944366 0.000000
vt 0.186002 0.579990 0.000000
vt 0.190300 0.567592 0.000000
vt 0.204273 0.574979 0.000000
vt 0.200130 0.592029 0.000000
vt 0.234588 0.639464 0.000000
vt 0.224900 0.647996 0.000000
vt 0.209812 0.619237 0.000000
vt 0.221711 0.610988 0.000000
vt 0.246209 0.652344 0.000000
vt 0.246209 0.671894 0.000000
vt 0.208877 0.557518 0.000000
vt 0.216871 0.557518 0.000000
vt 0.232652 0.588184 0.000000
vt 0.231261 0.563317 0.000000
vt 0.239649 0.563393 0.000000
vt 0.241863 0.588184 0.000000
vt 0.232871 0.610988 0.000000
vt 0.221711 0.610988 0.000000
vt 0.234588 0.639464 0.000000
vt 0.243665 0.631608 0.000000
vt 0.257535 0.649005 0.000000
vt 0.246209 0.652344 0.000000
vt 0.216017 0.652133 0.000000
vt 0.200130 0.622151 0.000000
vt 0.209812 0.619237 0.000000
vt 0.224900 0.647996 0.000000
vt 0.246209 0.671894 0.000000
vt 0.236556 0.674875 0.000000
vt 0.200130 0.622151 0.000000
vt 0.185591 0.656006 0.000000
vt 0.181556 0.648228 0.000000
vt 0.173874 0.605898 0.000000
vt 0.194305 0.540586 0.000000
vt 0.194305 0.525979 0.000000
vt 0.214520 0.589842 0.000000
vt 0.216871 0.557518 0.000000
vt 0.232652 0.588184 0.000000
vt 0.231261 0.563317 0.000000
vt 0.219753 0.538172 0.000000
vt 0.168300 0.597857 0.000000
vt 0.140945 0.605898 0.000000
vt 0.173874 0.605898 0.000000
vt 0.158214 0.615537 0.000000
vt 0.140945 0.605898 0.000000
vt 0.216017 0.652133 0.000000
vt 0.221579 0.701141 0.000000
vt 0.215921 0.690237 0.000000
vt 0.173874 0.622151 0.000000
vt 0.216017 0.652133 0.000000
vt 0.173874 0.659847 0.000000
vt 0.173874 0.647406 0.000000
vt 0.173874 0.622151 0.000000
vt 0.181556 0.648228 0.000000
vt 0.200130 0.622151 0.000000
vt 0.200130 0.592029 0.000000
vt 0.214520 0.589842 0.000000
vt 0.173874 0.659847 0.000000
vt 0.219753 0.538172 0.000000
vt 0.236556 0.674875 0.000000
vt 0.246209 0.671894 0.000000
vt 0.240234 0.720703 0.000000
vt 0.246209 0.671894 0.000000
vt 0.212515 0.703074 0.000000
vt 0.212515 0.703074 0.000000
vt 0.208318 0.685340 0.000000
vt 0.215921 0.690237 0.000000
vt 0.236556 0.674875 0.000000
vt 0.240234 0.720703 0.000000
vt 0.200130 0.592029 0.000000
vt 0.784103 0.149647 0.000000
vt 0.784103 0.158203 0.000000
vt 0.756717 0.158203 0.000000
vt 0.756717 0.149647 0.000000
vt 0.697092 0.733938 0.000000
vt 0.711871 0.730477 0.000000
vt 0.717745 0.748480 0.000000
vt 0.694921 0.748480 0.000000
vt 0.677768 0.732710 0.000000
vt 0.684553 0.719189 0.000000
vt 0.650824 0.715859 0.000000
vt 0.649289 0.698613 0.000000
vt 0.672262 0.719189 0.000000
vt 0.665519 0.737889 0.000000
vt 0.636140 0.698927 0.000000
vt 0.665076 0.689542 0.000000
vt 0.684555 0.700824 0.000000
vt 0.643271 0.683564 0.000000
vt 0.736321 0.732659 0.000000
vt 0.722470 0.720662 0.000000
vt 0.745701 0.709377 0.000000
vt 0.727625 0.703703 0.000000
vt 0.724457 0.679509 0.000000
vt 0.764929 0.679509 0.000000
vt 0.434923 0.510674 0.000000
vt 0.452585 0.512508 0.000000
vt 0.440580 0.557319 0.000000
vt 0.434923 0.555899 0.000000
vt 0.439692 0.466427 0.000000
vt 0.452585 0.466427 0.000000
vt 0.454499 0.430898 0.000000
vt 0.461379 0.444856 0.000000
vt 0.402355 0.525911 0.000000
vt 0.376109 0.525911 0.000000
vt 0.366354 0.456134 0.000000
vt 0.379467 0.456134 0.000000
vt 0.471480 0.466427 0.000000
vt 0.467653 0.514639 0.000000
vt 0.458853 0.563000 0.000000
vt 0.423938 0.609156 0.000000
vt 0.410156 0.595703 0.000000
vt 0.434923 0.510674 0.000000
vt 0.434923 0.555899 0.000000
vt 0.440580 0.557319 0.000000
vt 0.452585 0.512508 0.000000
vt 0.439692 0.466427 0.000000
vt 0.452585 0.466427 0.000000
vt 0.461379 0.444856 0.000000
vt 0.454499 0.430898 0.000000
vt 0.402355 0.525911 0.000000
vt 0.379467 0.456134 0.000000
vt 0.366354 0.456134 0.000000
vt 0.376109 0.525911 0.000000
vt 0.471480 0.466427 0.000000
vt 0.467653 0.514639 0.000000
vt 0.458853 0.563000 0.000000
vt 0.410156 0.595703 0.000000
vt 0.423938 0.609156 0.000000
vt 0.784103 0.149647 0.000000
vt 0.756717 0.149647 0.000000
vt 0.756717 0.158203 0.000000
vt 0.784103 0.158203 0.000000
vt 0.697092 0.733938 0.000000
vt 0.694921 0.748480 0.000000
vt 0.717745 0.748480 0.000000
vt 0.711871 0.730477 0.000000
vt 0.684553 0.719189 0.000000
vt 0.677768 0.732710 0.000000
vt 0.650824 0.715859 0.000000
vt 0.665519 0.737889 0.000000
vt 0.672262 0.719189 0.000000
vt 0.649289 0.698613 0.000000
vt 0.636140 0.698927 0.000000
vt 0.684555 0.700824 0.000000
vt 0.665076 0.689542 0.000000
vt 0.643271 0.683564 0.000000
vt 0.736321 0.732659 0.000000
vt 0.722470 0.720662 0.000000
vt 0.745701 0.709377 0.000000
vt 0.727625 0.703703 0.000000
vt 0.764929 0.679509 0.000000
vt 0.724457 0.679509 0.000000
vt 0.434923 0.510674 0.000000
vt 0.434923 0.555899 0.000000
vt 0.440580 0.557319 0.000000
vt 0.452585 0.512508 0.000000
vt 0.439692 0.466427 0.000000
vt 0.452585 0.466427 0.000000
vt 0.461379 0.444856 0.000000
vt 0.454499 0.430898 0.000000
vt 0.402355 0.525911 0.000000
vt 0.379467 0.456134 0.000000
vt 0.366354 0.456134 0.000000
vt 0.376109 0.525911 0.000000
vt 0.471480 0.466427 0.000000
vt 0.467653 0.514639 0.000000
vt 0.458853 0.563000 0.000000
vt 0.410156 0.595703 0.000000
vt 0.423938 0.609156 0.000000
vt 0.434923 0.510674 0.000000
vt 0.452585 0.512508 0.000000
vt 0.440580 0.557319 0.000000
vt 0.434923 0.555899 0.000000
vt 0.439692 0.466427 0.000000
vt 0.452585 0.466427 0.000000
vt 0.454499 0.430898 0.000000
vt 0.461379 0.444856 0.000000
vt 0.402355 0.525911 0.000000
vt 0.376109 0.525911 0.000000
vt 0.366354 0.456134 0.000000
vt 0.379467 0.456134 0.000000
vt 0.471480 0.466427 0.000000
vt 0.467653 0.514639 0.000000
vt 0.458853 0.563000 0.000000
vt 0.423938 0.609156 0.000000
vt 0.410156 0.595703 0.000000
vt 0.777845 0.217835 0.000000
vt 0.761805 0.196671 0.000000
vt 0.790651 0.207350 0.000000
vt 0.751116 0.170820 0.000000
vt 0.717909 0.160897 0.000000
vt 0.756717 0.158203 0.000000
vt 0.784103 0.158203 0.000000
vt 0.780355 0.185948 0.000000
vt 0.800781 0.158203 0.000000
vt 0.784103 0.158203 0.000000
vt 0.791952 0.175730 0.000000
vt 0.780355 0.185948 0.000000
vt 0.791940 0.187304 0.000000
vt 0.797311 0.196493 0.000000
vt 0.717909 0.160897 0.000000
vt 0.800781 0.158203 0.000000
vt 0.780521 0.225304 0.000000
vt 0.810251 0.201538 0.000000
vt 0.795325 0.217148 0.000000
vt 0.447177 0.009643 0.000000
vt 0.541364 0.070641 0.000000
vt 0.541365 0.009644 0.000000
vt 0.611643 0.009644 0.000000
vt 0.790651 0.207350 0.000000
vt 0.810251 0.201538 0.000000
vt 0.374969 0.956619 0.000000
vt 0.374969 0.992201 0.000000
vt 0.338840 0.974994 0.000000
vt 0.417099 0.992201 0.000000
vt 0.623889 0.685093 0.000000
vt 0.538948 0.634238 0.000000
vt 0.594818 0.599948 0.000000
vt 0.538947 0.599949 0.000000
vt 0.497699 0.599949 0.000000
vt 0.319131 0.992201 0.000000
vt 0.289716 0.992201 0.000000
vt 0.319131 0.974819 0.000000
vt 0.338840 0.992201 0.000000
vt 0.445430 0.426025 0.000000
vt 0.410156 0.542969 0.000000
vt 0.410156 0.482422 0.000000
vt 0.366237 0.660284 0.000000
vt 0.390284 0.575333 0.000000
vt 0.491100 0.427570 0.000000
vt 0.419910 0.456134 0.000000
vt 0.410294 0.439641 0.000000
vt 0.402355 0.558912 0.000000
vt 0.380833 0.565089 0.000000
vt 0.372638 0.565089 0.000000
vt 0.366354 0.516456 0.000000
vt 0.511587 0.425708 0.000000
vt 0.445430 0.426025 0.000000
vt 0.410156 0.542969 0.000000
vt 0.410156 0.482422 0.000000
vt 0.366237 0.660284 0.000000
vt 0.390284 0.575333 0.000000
vt 0.491100 0.427570 0.000000
vt 0.419910 0.456134 0.000000
vt 0.410294 0.439641 0.000000
vt 0.402355 0.558912 0.000000
vt 0.380833 0.565089 0.000000
vt 0.372638 0.565089 0.000000
vt 0.366354 0.516456 0.000000
vt 0.511587 0.425708 0.000000
vt 0.777845 0.217835 0.000000
vt 0.790651 0.207350 0.000000
vt 0.761805 0.196671 0.000000
vt 0.751116 0.170820 0.000000
vt 0.756717 0.158203 0.000000
vt 0.717909 0.160897 0.000000
vt 0.784103 0.158203 0.000000
vt 0.780355 0.185948 0.000000
vt 0.800781 0.158203 0.000000
vt 0.784103 0.158203 0.000000
vt 0.780355 0.185948 0.000000
vt 0.791952 0.175730 0.000000
vt 0.797311 0.196493 0.000000
vt 0.791940 0.187304 0.000000
vt 0.717909 0.160897 0.000000
vt 0.800781 0.158203 0.000000
vt 0.780521 0.225304 0.000000
vt 0.810251 0.201538 0.000000
vt 0.795325 0.217148 0.000000
vt 0.541364 0.070641 0.000000
vt 0.790651 0.207350 0.000000
vt 0.810251 0.201538 0.000000
vt 0.374969 0.956619 0.000000
vt 0.338840 0.974994 0.000000
vt 0.623889 0.685093 0.000000
vt 0.538948 0.634238 0.000000
vt 0.538947 0.599949 0.000000
vt 0.594818 0.599948 0.000000
vt 0.497699 0.599949 0.000000
vt 0.319131 0.974819 0.000000
vt 0.445430 0.426025 0.000000
vt 0.410156 0.542969 0.000000
vt 0.410156 0.482422 0.000000
vt 0.366237 0.660284 0.000000
vt 0.390284 0.575333 0.000000
vt 0.491100 0.427570 0.000000
vt 0.419910 0.456134 0.000000
vt 0.410294 0.439641 0.000000
vt 0.402355 0.558912 0.000000
vt 0.380833 0.565089 0.000000
vt 0.372638 0.565089 0.000000
vt 0.366354 0.516456 0.000000
vt 0.511587 0.425708 0.000000
vt 0.445430 0.426025 0.000000
vt 0.410156 0.542969 0.000000
vt 0.410156 0.482422 0.000000
vt 0.366237 0.660284 0.000000
vt 0.390284 0.575333 0.000000
vt 0.491100 0.427570 0.000000
vt 0.419910 0.456134 0.000000
vt 0.410294 0.439641 0.000000
vt 0.402355 0.558912 0.000000
vt 0.380833 0.565089 0.000000
vt 0.372638 0.565089 0.000000
vt 0.366354 0.516456 0.000000
vt 0.511587 0.425708 0.000000
vt 0.194305 0.555193 0.000000
vt 0.008951 0.117522 0.000000
vt 0.078157 0.089143 0.000000
vt 0.045510 0.083292 0.000000
vt 0.093483 0.065427 0.000000
vt 0.205687 0.117524 0.000000
vt 0.045510 0.083292 0.000000
vt 0.049992 0.055426 0.000000
vt 0.034872 0.068629 0.000000
vt 0.014621 0.041013 0.000000
vt 0.093731 0.117523 0.000000
vt 0.049992 0.055426 0.000000
vt 0.059397 0.041013 0.000000
vt 0.014621 0.041013 0.000000
vt 0.078157 0.089143 0.000000
vt 0.045510 0.083292 0.000000
vt 0.078157 0.089143 0.000000
vt 0.093483 0.065427 0.000000
vt 0.045510 0.083292 0.000000
vt 0.034872 0.068629 0.000000
vt 0.049992 0.055426 0.000000
vt 0.014621 0.041013 0.000000
vt 0.049992 0.055426 0.000000
vt 0.014621 0.041013 0.000000
vt 0.059397 0.041013 0.000000
vt 0.078157 0.089143 0.000000
vt 0.920473 0.373364 0.000000
vt 0.973957 0.535530 0.000000
vt 0.973957 0.512315 0.000000
vt 0.936830 0.370518 0.000000
vt 0.920423 0.305922 0.000000
vt 0.901078 0.305922 0.000000
vt 0.929741 0.305922 0.000000
vt 0.920423 0.305922 0.000000
vt 0.936830 0.370518 0.000000
vt 0.945287 0.370518 0.000000
vt 0.920322 0.261194 0.000000
vt 0.937894 0.272588 0.000000
vt 0.973957 0.240565 0.000000
vt 0.973957 0.218876 0.000000
vt 0.848230 0.419112 0.000000
vt 0.834488 0.417823 0.000000
vt 0.834487 0.449077 0.000000
vt 0.854790 0.454224 0.000000
vt 0.973957 0.512315 0.000000
vt 0.973957 0.463790 0.000000
vt 0.929741 0.305922 0.000000
vt 0.945287 0.370518 0.000000
vt 0.963012 0.360248 0.000000
vt 0.950706 0.305922 0.000000
vt 0.952370 0.759131 0.000000
vt 0.942939 0.762613 0.000000
vt 0.908045 0.719530 0.000000
vt 0.908045 0.708996 0.000000
vt 0.915157 0.418635 0.000000
vt 0.892119 0.422350 0.000000
vt 0.892119 0.456304 0.000000
vt 0.932324 0.452257 0.000000
vt 0.906445 0.396320 0.000000
vt 0.892119 0.398063 0.000000
vt 0.919922 0.636719 0.000000
vt 0.925333 0.649878 0.000000
vt 0.908045 0.649878 0.000000
vt 0.908045 0.636719 0.000000
vt 0.918710 0.619694 0.000000
vt 0.923754 0.627928 0.000000
vt 0.908045 0.627928 0.000000
vt 0.908045 0.619641 0.000000
vt 0.875738 0.474930 0.000000
vt 0.875738 0.425251 0.000000
vt 0.864725 0.425251 0.000000
vt 0.864725 0.474930 0.000000
vt 0.888672 0.568359 0.000000
vt 0.880452 0.577974 0.000000
vt 0.884946 0.585013 0.000000
vt 0.900125 0.568175 0.000000
vt 0.864725 0.595873 0.000000
vt 0.864725 0.605236 0.000000
vt 0.973957 0.286524 0.000000
vt 0.963012 0.280944 0.000000
vt 0.963012 0.360248 0.000000
vt 0.963012 0.360248 0.000000
vt 0.945287 0.370518 0.000000
vt 0.973957 0.370518 0.000000
vt 0.925333 0.659985 0.000000
vt 0.934875 0.670864 0.000000
vt 0.908045 0.676874 0.000000
vt 0.874636 0.540345 0.000000
vt 0.886974 0.526479 0.000000
vt 0.864725 0.526479 0.000000
vt 0.864725 0.549730 0.000000
vt 0.871992 0.562519 0.000000
vt 0.879571 0.549730 0.000000
vt 0.886973 0.711305 0.000000
vt 0.891643 0.676413 0.000000
vt 0.864725 0.688522 0.000000
vt 0.864725 0.562519 0.000000
vt 0.880452 0.577974 0.000000
vt 0.917800 0.505721 0.000000
vt 0.941827 0.522662 0.000000
vt 0.941828 0.490005 0.000000
vt 0.917800 0.473154 0.000000
vt 0.959900 0.695313 0.000000
vt 0.939395 0.700214 0.000000
vt 0.942694 0.719200 0.000000
vt 0.908045 0.708996 0.000000
vt 0.920473 0.373364 0.000000
vt 0.936830 0.370518 0.000000
vt 0.973957 0.512315 0.000000
vt 0.973957 0.535530 0.000000
vt 0.920423 0.305922 0.000000
vt 0.901078 0.305922 0.000000
vt 0.929741 0.305922 0.000000
vt 0.945287 0.370518 0.000000
vt 0.936830 0.370518 0.000000
vt 0.920423 0.305922 0.000000
vt 0.920322 0.261194 0.000000
vt 0.937894 0.272588 0.000000
vt 0.973957 0.218876 0.000000
vt 0.973957 0.240565 0.000000
vt 0.848230 0.419112 0.000000
vt 0.854790 0.454224 0.000000
vt 0.834487 0.449077 0.000000
vt 0.834488 0.417823 0.000000
vt 0.973957 0.463790 0.000000
vt 0.973957 0.512315 0.000000
vt 0.929741 0.305922 0.000000
vt 0.950706 0.305922 0.000000
vt 0.963012 0.360248 0.000000
vt 0.945287 0.370518 0.000000
vt 0.952370 0.759131 0.000000
vt 0.908045 0.708996 0.000000
vt 0.908045 0.719530 0.000000
vt 0.942939 0.762613 0.000000
vt 0.915157 0.418635 0.000000
vt 0.932324 0.452257 0.000000
vt 0.892119 0.456304 0.000000
vt 0.892119 0.422350 0.000000
vt 0.906445 0.396320 0.000000
vt 0.892119 0.398063 0.000000
vt 0.908045 0.636719 0.000000
vt 0.908045 0.649878 0.000000
vt 0.908045 0.619641 0.000000
vt 0.908045 0.627928 0.000000
vt 0.875738 0.474930 0.000000
vt 0.864725 0.474930 0.000000
vt 0.864725 0.425251 0.000000
vt 0.875738 0.425251 0.000000
vt 0.888672 0.568359 0.000000
vt 0.900125 0.568175 0.000000
vt 0.884946 0.585013 0.000000
vt 0.880452 0.577974 0.000000
vt 0.864725 0.605236 0.000000
vt 0.864725 0.595873 0.000000
vt 0.963012 0.360248 0.000000
vt 0.963012 0.280944 0.000000
vt 0.973957 0.286524 0.000000
vt 0.963012 0.360248 0.000000
vt 0.973957 0.370518 0.000000
vt 0.945287 0.370518 0.000000
vt 0.925333 0.659985 0.000000
vt 0.908045 0.676874 0.000000
vt 0.934875 0.670864 0.000000
vt 0.874636 0.540345 0.000000
vt 0.864725 0.526479 0.000000
vt 0.886974 0.526479 0.000000
vt 0.891291 0.635168 0.000000
vt 0.864725 0.635168 0.000000
vt 0.878249 0.628695 0.000000
vt 0.878161 0.655514 0.000000
vt 0.864725 0.635168 0.000000
vt 0.891291 0.635168 0.000000
vt 0.886973 0.711305 0.000000
vt 0.864725 0.688522 0.000000
vt 0.891643 0.676413 0.000000
vt 0.864725 0.605236 0.000000
vt 0.884946 0.585013 0.000000
vt 0.878249 0.609411 0.000000
vt 0.871992 0.562519 0.000000
vt 0.880452 0.577974 0.000000
vt 0.864725 0.562519 0.000000
vt 0.917800 0.505721 0.000000
vt 0.917800 0.473154 0.000000
vt 0.941828 0.490005 0.000000
vt 0.941827 0.522662 0.000000
vt 0.959900 0.695313 0.000000
vt 0.939395 0.700214 0.000000
vt 0.908045 0.708996 0.000000
vt 0.942694 0.719200 0.000000
vt 0.973957 0.255538 0.000000
vt 0.937894 0.272588 0.000000
vt 0.963012 0.280944 0.000000
vt 0.908045 0.627928 0.000000
vt 0.923754 0.627928 0.000000
vt 0.919922 0.636719 0.000000
vt 0.908045 0.636719 0.000000
vt 0.981656 0.218417 0.000000
vt 0.981654 0.700146 0.000000
vt 0.995723 0.700146 0.000000
vt 0.995724 0.218417 0.000000
vt 0.925333 0.659985 0.000000
vt 0.908045 0.649878 0.000000
vt 0.925333 0.649878 0.000000
vt 0.952370 0.759131 0.000000
vt 0.878161 0.655514 0.000000
vt 0.973957 0.255538 0.000000
vt 0.963012 0.280944 0.000000
vt 0.937894 0.272588 0.000000
vt 0.908045 0.627928 0.000000
vt 0.908045 0.636719 0.000000
vt 0.995724 0.218417 0.000000
vt 0.995723 0.700146 0.000000
vt 0.908045 0.649878 0.000000
vt 0.952370 0.759131 0.000000
vt 0.920473 0.373364 0.000000
vt 0.936830 0.370518 0.000000
vt 0.920423 0.305922 0.000000
vt 0.901078 0.305922 0.000000
vt 0.929741 0.305922 0.000000
vt 0.945287 0.370518 0.000000
vt 0.936830 0.370518 0.000000
vt 0.920423 0.305922 0.000000
vt 0.920322 0.261194 0.000000
vt 0.937894 0.272588 0.000000
vt 0.848230 0.419112 0.000000
vt 0.854790 0.454224 0.000000
vt 0.834487 0.449077 0.000000
vt 0.834488 0.417823 0.000000
vt 0.929741 0.305922 0.000000
vt 0.950706 0.305922 0.000000
vt 0.963012 0.360248 0.000000
vt 0.945287 0.370518 0.000000
vt 0.952370 0.759131 0.000000
vt 0.908045 0.708996 0.000000
vt 0.908045 0.719530 0.000000
vt 0.942939 0.762613 0.000000
vt 0.915157 0.418635 0.000000
vt 0.932324 0.452257 0.000000
vt 0.892119 0.456304 0.000000
vt 0.892119 0.422350 0.000000
vt 0.906445 0.396320 0.000000
vt 0.892119 0.398063 0.000000
vt 0.919922 0.636719 0.000000
vt 0.925333 0.649878 0.000000
vt 0.918710 0.619694 0.000000
vt 0.923754 0.627928 0.000000
vt 0.875738 0.474930 0.000000
vt 0.864725 0.474930 0.000000
vt 0.864725 0.425251 0.000000
vt 0.875738 0.425251 0.000000
vt 0.888672 0.568359 0.000000
vt 0.900125 0.568175 0.000000
vt 0.884946 0.585013 0.000000
vt 0.880452 0.577974 0.000000
vt 0.864725 0.605236 0.000000
vt 0.864725 0.595873 0.000000
vt 0.973957 0.286524 0.000000
vt 0.963012 0.360248 0.000000
vt 0.963012 0.280944 0.000000
vt 0.963012 0.360248 0.000000
vt 0.973957 0.370518 0.000000
vt 0.945287 0.370518 0.000000
vt 0.925333 0.659985 0.000000
vt 0.934875 0.670864 0.000000
vt 0.874636 0.540345 0.000000
vt 0.864725 0.526479 0.000000
vt 0.886974 0.526479 0.000000
vt 0.864725 0.635168 0.000000
vt 0.878249 0.628695 0.000000
vt 0.891291 0.635168 0.000000
vt 0.878161 0.655514 0.000000
vt 0.886973 0.711305 0.000000
vt 0.891643 0.676413 0.000000
vt 0.864725 0.605236 0.000000
vt 0.884946 0.585013 0.000000
vt 0.878249 0.609411 0.000000
vt 0.871992 0.562519 0.000000
vt 0.880452 0.577974 0.000000
vt 0.864725 0.562519 0.000000
vt 0.917800 0.505721 0.000000
vt 0.917800 0.473154 0.000000
vt 0.941828 0.490005 0.000000
vt 0.941827 0.522662 0.000000
vt 0.959900 0.695313 0.000000
vt 0.939395 0.700214 0.000000
vt 0.942694 0.719200 0.000000
vt 0.920473 0.373364 0.000000
vt 0.936830 0.370518 0.000000
vt 0.920423 0.305922 0.000000
vt 0.901078 0.305922 0.000000
vt 0.929741 0.305922 0.000000
vt 0.920423 0.305922 0.000000
vt 0.936830 0.370518 0.000000
vt 0.945287 0.370518 0.000000
vt 0.920322 0.261194 0.000000
vt 0.937894 0.272588 0.000000
vt 0.848230 0.419112 0.000000
vt 0.834488 0.417823 0.000000
vt 0.834487 0.449077 0.000000
vt 0.854790 0.454224 0.000000
vt 0.963012 0.360248 0.000000
vt 0.950706 0.305922 0.000000
vt 0.952370 0.759131 0.000000
vt 0.942939 0.762613 0.000000
vt 0.908045 0.719530 0.000000
vt 0.908045 0.708996 0.000000
vt 0.915157 0.418635 0.000000
vt 0.892119 0.422350 0.000000
vt 0.892119 0.456304 0.000000
vt 0.932324 0.452257 0.000000
vt 0.906445 0.396320 0.000000
vt 0.892119 0.398063 0.000000
vt 0.875738 0.474930 0.000000
vt 0.875738 0.425251 0.000000
vt 0.864725 0.425251 0.000000
vt 0.864725 0.474930 0.000000
vt 0.888672 0.568359 0.000000
vt 0.880452 0.577974 0.000000
vt 0.884946 0.585013 0.000000
vt 0.900125 0.568175 0.000000
vt 0.864725 0.595873 0.000000
vt 0.864725 0.605236 0.000000
vt 0.973957 0.286524 0.000000
vt 0.963012 0.280944 0.000000
vt 0.963012 0.360248 0.000000
vt 0.963012 0.360248 0.000000
vt 0.945287 0.370518 0.000000
vt 0.973957 0.370518 0.000000
vt 0.925333 0.659985 0.000000
vt 0.934875 0.670864 0.000000
vt 0.874636 0.540345 0.000000
vt 0.886974 0.526479 0.000000
vt 0.864725 0.526479 0.000000
vt 0.864725 0.549730 0.000000
vt 0.871992 0.562519 0.000000
vt 0.879571 0.549730 0.000000
vt 0.891291 0.635168 0.000000
vt 0.878249 0.628695 0.000000
vt 0.864725 0.635168 0.000000
vt 0.878161 0.655514 0.000000
vt 0.891291 0.635168 0.000000
vt 0.886973 0.711305 0.000000
vt 0.891643 0.676413 0.000000
vt 0.864725 0.562519 0.000000
vt 0.880452 0.577974 0.000000
vt 0.917800 0.505721 0.000000
vt 0.941827 0.522662 0.000000
vt 0.941828 0.490005 0.000000
vt 0.917800 0.473154 0.000000
vt 0.959900 0.695313 0.000000
vt 0.939395 0.700214 0.000000
vt 0.942694 0.719200 0.000000
vt 0.973957 0.255538 0.000000
vt 0.963012 0.280944 0.000000
vt 0.937894 0.272588 0.000000
vt 0.919922 0.636719 0.000000
vt 0.923754 0.627928 0.000000
vt 0.981656 0.218417 0.000000
vt 0.981654 0.700146 0.000000
vt 0.925333 0.659985 0.000000
vt 0.925333 0.649878 0.000000
vt 0.952370 0.759131 0.000000
vt 0.973957 0.255538 0.000000
vt 0.937894 0.272588 0.000000
vt 0.963012 0.280944 0.000000
vt 0.952370 0.759131 0.000000
vt 0.947913 0.667456 0.000000
vt 0.937894 0.272588 0.000000
vt 0.834487 0.529990 0.000000
vt 0.834487 0.449077 0.000000
vt 0.816169 0.461195 0.000000
vt 0.834487 0.529990 0.000000
vt 0.834488 0.417823 0.000000
vt 0.818465 0.404736 0.000000
vt 0.841287 0.406180 0.000000
vt 0.818465 0.404736 0.000000
vt 0.950706 0.290211 0.000000
vt 0.973957 0.370518 0.000000
vt 0.973957 0.255538 0.000000
vt 0.963823 0.764020 0.000000
vt 0.952370 0.797675 0.000000
vt 0.952370 0.797675 0.000000
vt 0.959900 0.724537 0.000000
vt 0.957233 0.655432 0.000000
vt 0.960090 0.674062 0.000000
vt 0.971429 0.647694 0.000000
vt 0.970722 0.679152 0.000000
vt 0.892119 0.497572 0.000000
vt 0.894451 0.386494 0.000000
vt 0.906349 0.377744 0.000000
vt 0.891291 0.592099 0.000000
vt 0.884946 0.585013 0.000000
vt 0.878249 0.609411 0.000000
vt 0.888672 0.568359 0.000000
vt 0.900125 0.568175 0.000000
vt 0.888119 0.554293 0.000000
vt 0.905126 0.587345 0.000000
vt 0.956379 0.554293 0.000000
vt 0.864725 0.577974 0.000000
vt 0.864725 0.595873 0.000000
vt 0.891291 0.635168 0.000000
vt 0.878249 0.628695 0.000000
vt 0.864725 0.635168 0.000000
vt 0.891291 0.635168 0.000000
vt 0.864725 0.605236 0.000000
vt 0.864725 0.651988 0.000000
vt 0.947913 0.667456 0.000000
vt 0.929741 0.305922 0.000000
vt 0.834487 0.529990 0.000000
vt 0.816169 0.461195 0.000000
vt 0.834487 0.449077 0.000000
vt 0.834487 0.529990 0.000000
vt 0.818465 0.404736 0.000000
vt 0.834488 0.417823 0.000000
vt 0.818465 0.404736 0.000000
vt 0.841287 0.406180 0.000000
vt 0.950706 0.290211 0.000000
vt 0.973957 0.370518 0.000000
vt 0.973957 0.255538 0.000000
vt 0.952370 0.797675 0.000000
vt 0.963823 0.764020 0.000000
vt 0.952370 0.797675 0.000000
vt 0.959900 0.724537 0.000000
vt 0.957233 0.655432 0.000000
vt 0.960090 0.674062 0.000000
vt 0.971429 0.647694 0.000000
vt 0.970722 0.679152 0.000000
vt 0.892119 0.497572 0.000000
vt 0.894451 0.386494 0.000000
vt 0.906349 0.377744 0.000000
vt 0.879571 0.549730 0.000000
vt 0.864725 0.549730 0.000000
vt 0.891291 0.592099 0.000000
vt 0.888672 0.568359 0.000000
vt 0.888119 0.554293 0.000000
vt 0.900125 0.568175 0.000000
vt 0.956379 0.554293 0.000000
vt 0.905126 0.587345 0.000000
vt 0.864725 0.595873 0.000000
vt 0.864725 0.577974 0.000000
vt 0.864725 0.651988 0.000000
vt 0.973957 0.370518 0.000000
vt 0.945287 0.370518 0.000000
vt 0.973957 0.463790 0.000000
vt 0.908045 0.667528 0.000000
vt 0.908045 0.667528 0.000000
vt 0.864725 0.371077 0.000000
vt 0.864725 0.726563 0.000000
vt 0.973957 0.240565 0.000000
vt 0.937894 0.272588 0.000000
vt 0.973957 0.255538 0.000000
vt 0.973957 0.463790 0.000000
vt 0.945287 0.370518 0.000000
vt 0.973957 0.370518 0.000000
vt 0.908045 0.667528 0.000000
vt 0.908045 0.667528 0.000000
vt 0.864725 0.549730 0.000000
vt 0.864725 0.371077 0.000000
vt 0.879571 0.549730 0.000000
vt 0.864725 0.726563 0.000000
vt 0.973957 0.255538 0.000000
vt 0.937894 0.272588 0.000000
vt 0.973957 0.240565 0.000000
vt 0.947913 0.667456 0.000000
vt 0.937894 0.272588 0.000000
vt 0.834487 0.529990 0.000000
vt 0.816169 0.461195 0.000000
vt 0.834487 0.449077 0.000000
vt 0.834487 0.529990 0.000000
vt 0.818465 0.404736 0.000000
vt 0.834488 0.417823 0.000000
vt 0.818465 0.404736 0.000000
vt 0.841287 0.406180 0.000000
vt 0.950706 0.290211 0.000000
vt 0.973957 0.370518 0.000000
vt 0.973957 0.255538 0.000000
vt 0.952370 0.797675 0.000000
vt 0.963823 0.764020 0.000000
vt 0.952370 0.797675 0.000000
vt 0.959900 0.724537 0.000000
vt 0.957233 0.655432 0.000000
vt 0.960090 0.674062 0.000000
vt 0.971429 0.647694 0.000000
vt 0.960090 0.674062 0.000000
vt 0.970722 0.679152 0.000000
vt 0.892119 0.497572 0.000000
vt 0.894451 0.386494 0.000000
vt 0.906349 0.377744 0.000000
vt 0.971429 0.647694 0.000000
vt 0.879571 0.549730 0.000000
vt 0.864725 0.549730 0.000000
vt 0.891291 0.592099 0.000000
vt 0.888672 0.568359 0.000000
vt 0.888119 0.554293 0.000000
vt 0.900125 0.568175 0.000000
vt 0.956379 0.554293 0.000000
vt 0.905126 0.587345 0.000000
vt 0.864725 0.595873 0.000000
vt 0.864725 0.577974 0.000000
vt 0.959900 0.695313 0.000000
vt 0.947913 0.667456 0.000000
vt 0.929741 0.305922 0.000000
vt 0.834487 0.529990 0.000000
vt 0.834487 0.449077 0.000000
vt 0.816169 0.461195 0.000000
vt 0.834487 0.529990 0.000000
vt 0.834488 0.417823 0.000000
vt 0.818465 0.404736 0.000000
vt 0.841287 0.406180 0.000000
vt 0.818465 0.404736 0.000000
vt 0.950706 0.290211 0.000000
vt 0.973957 0.370518 0.000000
vt 0.973957 0.255538 0.000000
vt 0.963823 0.764020 0.000000
vt 0.952370 0.797675 0.000000
vt 0.952370 0.797675 0.000000
vt 0.959900 0.724537 0.000000
vt 0.957233 0.655432 0.000000
vt 0.960090 0.674062 0.000000
vt 0.892119 0.497572 0.000000
vt 0.894451 0.386494 0.000000
vt 0.906349 0.377744 0.000000
vt 0.891291 0.592099 0.000000
vt 0.884946 0.585013 0.000000
vt 0.878249 0.609411 0.000000
vt 0.888672 0.568359 0.000000
vt 0.900125 0.568175 0.000000
vt 0.888119 0.554293 0.000000
vt 0.905126 0.587345 0.000000
vt 0.956379 0.554293 0.000000
vt 0.864725 0.577974 0.000000
vt 0.864725 0.595873 0.000000
vt 0.864725 0.605236 0.000000
vt 0.945287 0.370518 0.000000
vt 0.864725 0.549730 0.000000
vt 0.864725 0.371077 0.000000
vt 0.879571 0.549730 0.000000
vt 0.937894 0.272588 0.000000
vt 0.945287 0.370518 0.000000
vt 0.864725 0.371077 0.000000
vt 0.937894 0.272588 0.000000
vt 0.888465 0.311120 0.000000
vt 0.894921 0.326650 0.000000
vt 0.861185 0.326650 0.000000
vt 0.861185 0.311120 0.000000
vt 0.942642 0.598330 0.000000
vt 0.952182 0.576687 0.000000
vt 0.958143 0.583484 0.000000
vt 0.952106 0.598330 0.000000
vt 0.932765 0.598330 0.000000
vt 0.945909 0.569642 0.000000
vt 0.952182 0.576687 0.000000
vt 0.942642 0.598330 0.000000
vt 0.958511 0.614524 0.000000
vt 0.952240 0.621085 0.000000
vt 0.952240 0.621085 0.000000
vt 0.945637 0.627878 0.000000
vt 0.972390 0.623250 0.000000
vt 0.972364 0.631855 0.000000
vt 0.972364 0.631855 0.000000
vt 0.972344 0.640796 0.000000
vt 0.888231 0.350936 0.000000
vt 0.870677 0.350936 0.000000
vt 0.861185 0.340165 0.000000
vt 0.888231 0.340165 0.000000
vt 0.883406 0.258993 0.000000
vt 0.888502 0.268601 0.000000
vt 0.861185 0.268008 0.000000
vt 0.861185 0.228352 0.000000
vt 0.890647 0.228352 0.000000
vt 0.906067 0.533188 0.000000
vt 0.901822 0.532172 0.000000
vt 0.901813 0.547793 0.000000
vt 0.983096 0.711626 0.000000
vt 0.983129 0.728625 0.000000
vt 0.970582 0.728625 0.000000
vt 0.994283 0.728625 0.000000
vt 0.861185 0.311120 0.000000
vt 0.861185 0.326650 0.000000
vt 0.942642 0.598330 0.000000
vt 0.952106 0.598330 0.000000
vt 0.958143 0.583484 0.000000
vt 0.952182 0.576687 0.000000
vt 0.932765 0.598330 0.000000
vt 0.942642 0.598330 0.000000
vt 0.952182 0.576687 0.000000
vt 0.945909 0.569642 0.000000
vt 0.958511 0.614524 0.000000
vt 0.952240 0.621085 0.000000
vt 0.952240 0.621085 0.000000
vt 0.945637 0.627878 0.000000
vt 0.972364 0.631855 0.000000
vt 0.972390 0.623250 0.000000
vt 0.972344 0.640796 0.000000
vt 0.972364 0.631855 0.000000
vt 0.861185 0.340165 0.000000
vt 0.883406 0.258993 0.000000
vt 0.861185 0.268008 0.000000
vt 0.888502 0.268601 0.000000
vt 0.890647 0.228352 0.000000
vt 0.861185 0.228352 0.000000
vt 0.906067 0.533188 0.000000
vt 0.901857 0.547792 0.000000
vt 0.901822 0.532172 0.000000
vt 0.983096 0.711626 0.000000
vt 0.970582 0.728625 0.000000
vt 0.983129 0.728625 0.000000
vt 0.994283 0.728625 0.000000
vt 0.861185 0.326650 0.000000
vt 0.894921 0.326650 0.000000
vt 0.861185 0.275672 0.000000
vt 0.888465 0.311120 0.000000
vt 0.861185 0.311120 0.000000
vt 0.861185 0.220564 0.000000
vt 0.890647 0.220564 0.000000
vt 0.972531 0.566184 0.000000
vt 0.972526 0.558211 0.000000
vt 0.972538 0.577264 0.000000
vt 0.972531 0.566184 0.000000
vt 0.901813 0.547793 0.000000
vt 0.901822 0.532172 0.000000
vt 0.897384 0.536786 0.000000
vt 0.861185 0.326650 0.000000
vt 0.861185 0.275672 0.000000
vt 0.861185 0.311120 0.000000
vt 0.890647 0.220564 0.000000
vt 0.861185 0.220564 0.000000
vt 0.972531 0.566184 0.000000
vt 0.972526 0.558211 0.000000
vt 0.972538 0.577264 0.000000
vt 0.972531 0.566184 0.000000
vt 0.901822 0.532172 0.000000
vt 0.901724 0.547793 0.000000
vt 0.897384 0.536786 0.000000
vt 0.888465 0.311120 0.000000
vt 0.894921 0.326650 0.000000
vt 0.942642 0.598330 0.000000
vt 0.952106 0.598330 0.000000
vt 0.958143 0.583484 0.000000
vt 0.952182 0.576687 0.000000
vt 0.932765 0.598330 0.000000
vt 0.942642 0.598330 0.000000
vt 0.952182 0.576687 0.000000
vt 0.945909 0.569642 0.000000
vt 0.958511 0.614524 0.000000
vt 0.952240 0.621085 0.000000
vt 0.952240 0.621085 0.000000
vt 0.945637 0.627878 0.000000
vt 0.870677 0.350936 0.000000
vt 0.888231 0.350936 0.000000
vt 0.888231 0.340165 0.000000
vt 0.883406 0.258993 0.000000
vt 0.861185 0.268008 0.000000
vt 0.888502 0.268601 0.000000
vt 0.890647 0.228352 0.000000
vt 0.861185 0.228352 0.000000
vt 0.906067 0.533188 0.000000
vt 0.901857 0.547792 0.000000
vt 0.901822 0.532172 0.000000
vt 0.970582 0.728625 0.000000
vt 0.983129 0.728625 0.000000
vt 0.983096 0.711626 0.000000
vt 0.994283 0.728625 0.000000
vt 0.942642 0.598330 0.000000
vt 0.952182 0.576687 0.000000
vt 0.958143 0.583484 0.000000
vt 0.952106 0.598330 0.000000
vt 0.932765 0.598330 0.000000
vt 0.945909 0.569642 0.000000
vt 0.952182 0.576687 0.000000
vt 0.942642 0.598330 0.000000
vt 0.958511 0.614524 0.000000
vt 0.952240 0.621085 0.000000
vt 0.952240 0.621085 0.000000
vt 0.945637 0.627878 0.000000
vt 0.870677 0.350936 0.000000
vt 0.883406 0.258993 0.000000
vt 0.888502 0.268601 0.000000
vt 0.861185 0.268008 0.000000
vt 0.861185 0.228352 0.000000
vt 0.890647 0.228352 0.000000
vt 0.906067 0.533188 0.000000
vt 0.901822 0.532172 0.000000
vt 0.901813 0.547793 0.000000
vt 0.983096 0.711626 0.000000
vt 0.983129 0.728625 0.000000
vt 0.970582 0.728625 0.000000
vt 0.994283 0.728625 0.000000
vt 0.894921 0.326650 0.000000
vt 0.888465 0.311120 0.000000
vt 0.861185 0.220564 0.000000
vt 0.890647 0.220564 0.000000
vt 0.901724 0.547793 0.000000
vt 0.897384 0.536786 0.000000
vt 0.901822 0.532172 0.000000
vt 0.861185 0.220564 0.000000
vt 0.890647 0.220564 0.000000
vt 0.901822 0.532172 0.000000
vt 0.897384 0.536786 0.000000
vt 0.901813 0.547793 0.000000
vt 0.888502 0.268601 0.000000
vt 0.883406 0.258993 0.000000
vt 0.906944 0.263938 0.000000
vt 0.861185 0.360695 0.000000
vt 0.906944 0.263938 0.000000
vt 0.970582 0.728625 0.000000
vt 0.983096 0.711544 0.000000
vt 0.983129 0.728625 0.000000
vt 0.970582 0.728625 0.000000
vt 0.983129 0.728625 0.000000
vt 0.972138 0.737759 0.000000
vt 0.983096 0.711544 0.000000
vt 0.994283 0.728625 0.000000
vt 0.983129 0.728625 0.000000
vt 0.992646 0.739493 0.000000
vt 0.983129 0.802476 0.000000
vt 0.886727 0.547867 0.000000
vt 0.983129 0.802476 0.000000
vt 0.890647 0.220564 0.000000
vt 0.861185 0.220564 0.000000
vt 0.875000 0.214844 0.000000
vt 0.970582 0.728625 0.000000
vt 0.983129 0.728625 0.000000
vt 0.972138 0.737759 0.000000
vt 0.992646 0.739493 0.000000
vt 0.983129 0.802476 0.000000
vt 0.983129 0.802476 0.000000
vt 0.970582 0.728625 0.000000
vt 0.983096 0.711544 0.000000
vt 0.983129 0.728625 0.000000
vt 0.972138 0.737759 0.000000
vt 0.983096 0.711544 0.000000
vt 0.994283 0.728625 0.000000
vt 0.983129 0.728625 0.000000
vt 0.992646 0.739493 0.000000
vt 0.983129 0.802476 0.000000
vt 0.983129 0.802476 0.000000
vt 0.861185 0.275672 0.000000
vt 0.888502 0.268601 0.000000
vt 0.906944 0.263938 0.000000
vt 0.883406 0.258993 0.000000
vt 0.870677 0.350936 0.000000
vt 0.861185 0.360695 0.000000
vt 0.906944 0.263938 0.000000
vt 0.970582 0.728625 0.000000
vt 0.983129 0.728625 0.000000
vt 0.983096 0.711544 0.000000
vt 0.970582 0.728625 0.000000
vt 0.972138 0.737759 0.000000
vt 0.983129 0.728625 0.000000
vt 0.983096 0.711544 0.000000
vt 0.983129 0.728625 0.000000
vt 0.994283 0.728625 0.000000
vt 0.983129 0.802476 0.000000
vt 0.992646 0.739493 0.000000
vt 0.886727 0.547867 0.000000
vt 0.983129 0.802476 0.000000
vt 0.861185 0.220564 0.000000
vt 0.970582 0.728625 0.000000
vt 0.972138 0.737759 0.000000
vt 0.983129 0.728625 0.000000
vt 0.983129 0.802476 0.000000
vt 0.992646 0.739493 0.000000
vt 0.983129 0.802476 0.000000
vt 0.970582 0.728625 0.000000
vt 0.983129 0.728625 0.000000
vt 0.983096 0.711544 0.000000
vt 0.972138 0.737759 0.000000
vt 0.983096 0.711544 0.000000
vt 0.983129 0.728625 0.000000
vt 0.994283 0.728625 0.000000
vt 0.983129 0.802476 0.000000
vt 0.992646 0.739493 0.000000
vt 0.983129 0.802476 0.000000
vt 0.966727 0.547708 0.000000
vt 0.966727 0.547708 0.000000
vt 0.861185 0.275672 0.000000
vt 0.888502 0.268601 0.000000
vt 0.906944 0.263938 0.000000
vt 0.883406 0.258993 0.000000
vt 0.906944 0.263938 0.000000
vt 0.970582 0.728625 0.000000
vt 0.983129 0.728625 0.000000
vt 0.983096 0.711544 0.000000
vt 0.970582 0.728625 0.000000
vt 0.972138 0.737759 0.000000
vt 0.983129 0.728625 0.000000
vt 0.983096 0.711544 0.000000
vt 0.983129 0.728625 0.000000
vt 0.994283 0.728625 0.000000
vt 0.983129 0.802476 0.000000
vt 0.992646 0.739493 0.000000
vt 0.886727 0.547867 0.000000
vt 0.983129 0.802476 0.000000
vt 0.890647 0.220564 0.000000
vt 0.970582 0.728625 0.000000
vt 0.972138 0.737759 0.000000
vt 0.983129 0.728625 0.000000
vt 0.983129 0.802476 0.000000
vt 0.992646 0.739493 0.000000
vt 0.983129 0.802476 0.000000
vt 0.970582 0.728625 0.000000
vt 0.983129 0.728625 0.000000
vt 0.983096 0.711544 0.000000
vt 0.972138 0.737759 0.000000
vt 0.983096 0.711544 0.000000
vt 0.983129 0.728625 0.000000
vt 0.994283 0.728625 0.000000
vt 0.983129 0.802476 0.000000
vt 0.992646 0.739493 0.000000
vt 0.983129 0.802476 0.000000
vt 0.888502 0.268601 0.000000
vt 0.883406 0.258993 0.000000
vt 0.906944 0.263938 0.000000
vt 0.906944 0.263938 0.000000
vt 0.970582 0.728625 0.000000
vt 0.983096 0.711544 0.000000
vt 0.983129 0.728625 0.000000
vt 0.970582 0.728625 0.000000
vt 0.983129 0.728625 0.000000
vt 0.972138 0.737759 0.000000
vt 0.983096 0.711544 0.000000
vt 0.994283 0.728625 0.000000
vt 0.983129 0.728625 0.000000
vt 0.992646 0.739493 0.000000
vt 0.983129 0.802476 0.000000
vt 0.886727 0.547867 0.000000
vt 0.983129 0.802476 0.000000
vt 0.970582 0.728625 0.000000
vt 0.983129 0.728625 0.000000
vt 0.972138 0.737759 0.000000
vt 0.992646 0.739493 0.000000
vt 0.983129 0.802476 0.000000
vt 0.983129 0.802476 0.000000
vt 0.970582 0.728625 0.000000
vt 0.983096 0.711544 0.000000
vt 0.983129 0.728625 0.000000
vt 0.972138 0.737759 0.000000
vt 0.983096 0.711544 0.000000
vt 0.994283 0.728625 0.000000
vt 0.983129 0.728625 0.000000
vt 0.992646 0.739493 0.000000
vt 0.983129 0.802476 0.000000
vt 0.983129 0.802476 0.000000
vt 0.966727 0.547708 0.000000
vt 0.966727 0.547708 0.000000
vt 0.303644 0.171163 0.000000
vt 0.303644 0.128415 0.000000
vt 0.345799 0.128415 0.000000
vt 0.345800 0.171163 0.000000
vt 0.285702 0.171163 0.000000
vt 0.285702 0.128415 0.000000
vt 0.267760 0.171164 0.000000
vt 0.242849 0.171164 0.000000
vt 0.242849 0.128415 0.000000
vt 0.267759 0.128415 0.000000
vt 0.217939 0.171164 0.000000
vt 0.191984 0.171165 0.000000
vt 0.191983 0.128415 0.000000
vt 0.217939 0.128415 0.000000
vt 0.166029 0.171165 0.000000
vt 0.140770 0.171165 0.000000
vt 0.140770 0.128416 0.000000
vt 0.166028 0.128416 0.000000
vt 0.065227 0.171166 0.000000
vt 0.090370 0.128416 0.000000
vt 0.090370 0.171165 0.000000
vt 0.065227 0.128416 0.000000
vt 0.037356 0.171166 0.000000
vt 0.037355 0.128416 0.000000
vt 0.023420 0.128416 0.000000
vt 0.023420 0.149917 0.000000
vt 0.009484 0.150043 0.000000
vt 0.009484 0.128416 0.000000
vt 0.023420 0.171166 0.000000
vt 0.009484 0.171166 0.000000
vt 0.581496 0.924220 0.000000
vt 0.581496 0.943529 0.000000
vt 0.540812 0.924149 0.000000
vt 0.540812 0.924149 0.000000
vt 0.581496 0.906012 0.000000
vt 0.581496 0.924220 0.000000
vt 0.614098 0.924204 0.000000
vt 0.614098 0.924204 0.000000
vt 0.581496 0.924220 0.000000
vt 0.581496 0.943529 0.000000
vt 0.540812 0.924149 0.000000
vt 0.540812 0.924149 0.000000
vt 0.581496 0.906012 0.000000
vt 0.581496 0.924220 0.000000
vt 0.614098 0.924204 0.000000
vt 0.614098 0.924204 0.000000
vt 0.581496 0.924220 0.000000
vt 0.581496 0.943529 0.000000
vt 0.540812 0.924149 0.000000
vt 0.540812 0.924149 0.000000
vt 0.581496 0.906012 0.000000
vt 0.581496 0.924220 0.000000
vt 0.614098 0.924204 0.000000
vt 0.614098 0.924204 0.000000
vt 0.581496 0.924220 0.000000
vt 0.581496 0.943529 0.000000
vt 0.540812 0.924149 0.000000
vt 0.540812 0.924149 0.000000
vt 0.581496 0.906012 0.000000
vt 0.581496 0.924220 0.000000
vt 0.614098 0.924204 0.000000
vt 0.614098 0.924204 0.000000
vt 0.581496 0.924220 0.000000
vt 0.581496 0.943529 0.000000
vt 0.540812 0.924149 0.000000
vt 0.540812 0.924149 0.000000
vt 0.581496 0.906012 0.000000
vt 0.581496 0.924220 0.000000
vt 0.614098 0.924204 0.000000
vt 0.614098 0.924204 0.000000
vt 0.581496 0.924220 0.000000
vt 0.581496 0.943529 0.000000
vt 0.540812 0.924149 0.000000
vt 0.540812 0.924149 0.000000
vt 0.581496 0.906012 0.000000
vt 0.581496 0.924220 0.000000
vt 0.614098 0.924204 0.000000
vt 0.614098 0.924204 0.000000
vt 0.581496 0.924220 0.000000
vt 0.581496 0.943529 0.000000
vt 0.540812 0.924149 0.000000
vt 0.540812 0.924149 0.000000
vt 0.581496 0.906012 0.000000
vt 0.581496 0.924220 0.000000
vt 0.614098 0.924204 0.000000
vt 0.614098 0.924204 0.000000
vt 0.581496 0.924220 0.000000
vt 0.581496 0.943529 0.000000
vt 0.540812 0.924149 0.000000
vt 0.540812 0.924149 0.000000
vt 0.581496 0.906012 0.000000
vt 0.581496 0.924220 0.000000
vt 0.614098 0.924204 0.000000
vt 0.614098 0.924204 0.000000
vt 0.581496 0.924220 0.000000
vt 0.581496 0.943529 0.000000
vt 0.540812 0.924149 0.000000
vt 0.540812 0.924149 0.000000
vt 0.581496 0.906012 0.000000
vt 0.581496 0.924220 0.000000
vt 0.614098 0.924204 0.000000
vt 0.614098 0.924204 0.000000
vt 0.115512 0.171165 0.000000
vt 0.115512 0.128416 0.000000
vt 0.733391 0.927753 0.000000
vt 0.742239 0.933755 0.000000
vt 0.769260 0.895811 0.000000
vt 0.765625 0.886719 0.000000
vt 0.834992 0.857086 0.000000
vt 0.871883 0.833171 0.000000
vt 0.870131 0.823979 0.000000
vt 0.828125 0.851563 0.000000
vt 0.793636 0.895811 0.000000
vt 0.793636 0.883453 0.000000
vt 0.700936 0.991897 0.000000
vt 0.706654 0.991897 0.000000
vt 0.918270 0.825011 0.000000
vt 0.941566 0.827199 0.000000
vt 0.941566 0.817079 0.000000
vt 0.918270 0.814352 0.000000
vt 0.980544 0.890446 0.000000
vt 0.996094 0.890446 0.000000
vt 0.996094 0.851768 0.000000
vt 0.980544 0.851768 0.000000
vt 0.980544 0.917879 0.000000
vt 0.996094 0.917879 0.000000
vt 0.996094 0.945313 0.000000
vt 0.980544 0.945313 0.000000
vt 0.980544 0.968658 0.000000
vt 0.996094 0.968750 0.000000
vt 0.958679 0.826597 0.000000
vt 0.954921 0.834511 0.000000
vt 0.980544 0.991897 0.000000
vt 0.996094 0.991897 0.000000
vt 0.733391 0.927753 0.000000
vt 0.765625 0.886719 0.000000
vt 0.769260 0.895811 0.000000
vt 0.742239 0.933755 0.000000
vt 0.834992 0.857086 0.000000
vt 0.828125 0.851563 0.000000
vt 0.870131 0.823979 0.000000
vt 0.871883 0.833171 0.000000
vt 0.793636 0.883453 0.000000
vt 0.793636 0.895811 0.000000
vt 0.918270 0.825011 0.000000
vt 0.918270 0.814352 0.000000
vt 0.941566 0.817079 0.000000
vt 0.941566 0.827199 0.000000
vt 0.980544 0.890446 0.000000
vt 0.980544 0.851768 0.000000
vt 0.996094 0.851768 0.000000
vt 0.996094 0.890446 0.000000
vt 0.996094 0.917879 0.000000
vt 0.980544 0.917879 0.000000
vt 0.996094 0.945313 0.000000
vt 0.996094 0.968750 0.000000
vt 0.980544 0.968658 0.000000
vt 0.980544 0.945313 0.000000
vt 0.958679 0.826597 0.000000
vt 0.954921 0.834511 0.000000
vt 0.879005 0.991897 0.000000
vt 0.842175 0.951563 0.000000
vt 0.842175 0.991897 0.000000
vt 0.871883 0.833171 0.000000
vt 0.922257 0.863784 0.000000
vt 0.918270 0.825011 0.000000
vt 0.885382 0.942057 0.000000
vt 0.930671 0.991897 0.000000
vt 0.946090 0.938386 0.000000
vt 0.982510 0.842734 0.000000
vt 0.831086 0.991897 0.000000
vt 0.793636 0.938203 0.000000
vt 0.786717 0.991897 0.000000
vt 0.742239 0.933755 0.000000
vt 0.769260 0.895811 0.000000
vt 0.842175 0.901713 0.000000
vt 0.881452 0.886040 0.000000
vt 0.834992 0.857086 0.000000
vt 0.910280 0.886999 0.000000
vt 0.706654 0.991897 0.000000
vt 0.793636 0.895811 0.000000
vt 0.956380 0.879906 0.000000
vt 0.980544 0.917879 0.000000
vt 0.980544 0.890446 0.000000
vt 0.980544 0.968658 0.000000
vt 0.980544 0.945313 0.000000
vt 0.980544 0.851768 0.000000
vt 0.941566 0.827199 0.000000
vt 0.933594 0.882813 0.000000
vt 0.933540 0.869644 0.000000
vt 0.954921 0.834511 0.000000
vt 0.982510 0.842734 0.000000
vt 0.677370 0.975312 0.000000
vt 0.684017 0.990768 0.000000
vt 0.704118 0.946366 0.000000
vt 0.980544 0.991897 0.000000
vt 0.842175 0.951563 0.000000
vt 0.871883 0.833171 0.000000
vt 0.918270 0.825011 0.000000
vt 0.922257 0.863784 0.000000
vt 0.885382 0.942057 0.000000
vt 0.946090 0.938386 0.000000
vt 0.982510 0.842734 0.000000
vt 0.793636 0.938203 0.000000
vt 0.742239 0.933755 0.000000
vt 0.769260 0.895811 0.000000
vt 0.842175 0.901713 0.000000
vt 0.834992 0.857086 0.000000
vt 0.881452 0.886040 0.000000
vt 0.910280 0.886999 0.000000
vt 0.793636 0.895811 0.000000
vt 0.956380 0.879906 0.000000
vt 0.980544 0.890446 0.000000
vt 0.980544 0.917879 0.000000
vt 0.980544 0.945313 0.000000
vt 0.980544 0.968658 0.000000
vt 0.980544 0.851768 0.000000
vt 0.941566 0.827199 0.000000
vt 0.933594 0.882813 0.000000
vt 0.933540 0.869644 0.000000
vt 0.954921 0.834511 0.000000
vt 0.982510 0.842734 0.000000
vt 0.677370 0.975312 0.000000
vt 0.704118 0.946366 0.000000
vt 0.684017 0.990768 0.000000
vt 0.303644 0.171163 0.000000
vt 0.345800 0.171163 0.000000
vt 0.345799 0.128415 0.000000
vt 0.303644 0.128415 0.000000
vt 0.285702 0.128415 0.000000
vt 0.285702 0.171163 0.000000
vt 0.267760 0.171164 0.000000
vt 0.267759 0.128415 0.000000
vt 0.242849 0.128415 0.000000
vt 0.242849 0.171164 0.000000
vt 0.217939 0.171164 0.000000
vt 0.217939 0.128415 0.000000
vt 0.191983 0.128415 0.000000
vt 0.191984 0.171165 0.000000
vt 0.166029 0.171165 0.000000
vt 0.166028 0.128416 0.000000
vt 0.140770 0.128416 0.000000
vt 0.140770 0.171165 0.000000
vt 0.065227 0.171166 0.000000
vt 0.090370 0.171165 0.000000
vt 0.090370 0.128416 0.000000
vt 0.065227 0.128416 0.000000
vt 0.037355 0.128416 0.000000
vt 0.037356 0.171166 0.000000
vt 0.023420 0.128416 0.000000
vt 0.009484 0.128416 0.000000
vt 0.009484 0.150043 0.000000
vt 0.023420 0.149917 0.000000
vt 0.023420 0.171166 0.000000
vt 0.009484 0.171166 0.000000
vt 0.581496 0.924220 0.000000
vt 0.540812 0.924149 0.000000
vt 0.581496 0.943529 0.000000
vt 0.540812 0.924149 0.000000
vt 0.581496 0.924220 0.000000
vt 0.581496 0.906012 0.000000
vt 0.614098 0.924204 0.000000
vt 0.614098 0.924204 0.000000
vt 0.581496 0.924220 0.000000
vt 0.540812 0.924149 0.000000
vt 0.581496 0.943529 0.000000
vt 0.540812 0.924149 0.000000
vt 0.581496 0.924220 0.000000
vt 0.581496 0.906012 0.000000
vt 0.614098 0.924204 0.000000
vt 0.614098 0.924204 0.000000
vt 0.581496 0.924220 0.000000
vt 0.540812 0.924149 0.000000
vt 0.581496 0.943529 0.000000
vt 0.540812 0.924149 0.000000
vt 0.581496 0.924220 0.000000
vt 0.581496 0.906012 0.000000
vt 0.614098 0.924204 0.000000
vt 0.614098 0.924204 0.000000
vt 0.581496 0.924220 0.000000
vt 0.540812 0.924149 0.000000
vt 0.581496 0.943529 0.000000
vt 0.540812 0.924149 0.000000
vt 0.581496 0.924220 0.000000
vt 0.581496 0.906012 0.000000
vt 0.614098 0.924204 0.000000
vt 0.614098 0.924204 0.000000
vt 0.581496 0.924220 0.000000
vt 0.540812 0.924149 0.000000
vt 0.581496 0.943529 0.000000
vt 0.540812 0.924149 0.000000
vt 0.581496 0.924220 0.000000
vt 0.581496 0.906012 0.000000
vt 0.614098 0.924204 0.000000
vt 0.614098 0.924204 0.000000
vt 0.581496 0.924220 0.000000
vt 0.540812 0.924149 0.000000
vt 0.581496 0.943529 0.000000
vt 0.540812 0.924149 0.000000
vt 0.581496 0.924220 0.000000
vt 0.581496 0.906012 0.000000
vt 0.614098 0.924204 0.000000
vt 0.614098 0.924204 0.000000
vt 0.581496 0.924220 0.000000
vt 0.540812 0.924149 0.000000
vt 0.581496 0.943529 0.000000
vt 0.540812 0.924149 0.000000
vt 0.581496 0.924220 0.000000
vt 0.581496 0.906012 0.000000
vt 0.614098 0.924204 0.000000
vt 0.614098 0.924204 0.000000
vt 0.581496 0.924220 0.000000
vt 0.540812 0.924149 0.000000
vt 0.581496 0.943529 0.000000
vt 0.540812 0.924149 0.000000
vt 0.581496 0.924220 0.000000
vt 0.581496 0.906012 0.000000
vt 0.614098 0.924204 0.000000
vt 0.614098 0.924204 0.000000
vt 0.581496 0.924220 0.000000
vt 0.540812 0.924149 0.000000
vt 0.581496 0.943529 0.000000
vt 0.540812 0.924149 0.000000
vt 0.581496 0.924220 0.000000
vt 0.581496 0.906012 0.000000
vt 0.614098 0.924204 0.000000
vt 0.614098 0.924204 0.000000
vt 0.115512 0.171165 0.000000
vt 0.115512 0.128416 0.000000
vt 0.733391 0.927753 0.000000
vt 0.765625 0.886719 0.000000
vt 0.769260 0.895811 0.000000
vt 0.742239 0.933755 0.000000
vt 0.834992 0.857086 0.000000
vt 0.828125 0.851563 0.000000
vt 0.870131 0.823979 0.000000
vt 0.871883 0.833171 0.000000
vt 0.793636 0.883453 0.000000
vt 0.793636 0.895811 0.000000
vt 0.706654 0.991897 0.000000
vt 0.700936 0.991897 0.000000
vt 0.918270 0.825011 0.000000
vt 0.918270 0.814352 0.000000
vt 0.941566 0.817079 0.000000
vt 0.941566 0.827199 0.000000
vt 0.980544 0.890446 0.000000
vt 0.980544 0.851768 0.000000
vt 0.996094 0.851768 0.000000
vt 0.996094 0.890446 0.000000
vt 0.996094 0.917879 0.000000
vt 0.980544 0.917879 0.000000
vt 0.996094 0.945313 0.000000
vt 0.996094 0.968750 0.000000
vt 0.980544 0.968658 0.000000
vt 0.980544 0.945313 0.000000
vt 0.958679 0.826597 0.000000
vt 0.954921 0.834511 0.000000
vt 0.996094 0.991897 0.000000
vt 0.980544 0.991897 0.000000
vt 0.733391 0.927753 0.000000
vt 0.742239 0.933755 0.000000
vt 0.769260 0.895811 0.000000
vt 0.765625 0.886719 0.000000
vt 0.834992 0.857086 0.000000
vt 0.871883 0.833171 0.000000
vt 0.870131 0.823979 0.000000
vt 0.828125 0.851563 0.000000
vt 0.793636 0.895811 0.000000
vt 0.793636 0.883453 0.000000
vt 0.918270 0.825011 0.000000
vt 0.941566 0.827199 0.000000
vt 0.941566 0.817079 0.000000
vt 0.918270 0.814352 0.000000
vt 0.980544 0.890446 0.000000
vt 0.996094 0.890446 0.000000
vt 0.996094 0.851768 0.000000
vt 0.980544 0.851768 0.000000
vt 0.980544 0.917879 0.000000
vt 0.996094 0.917879 0.000000
vt 0.996094 0.945313 0.000000
vt 0.980544 0.945313 0.000000
vt 0.980544 0.968658 0.000000
vt 0.996094 0.968750 0.000000
vt 0.958679 0.826597 0.000000
vt 0.954921 0.834511 0.000000
vt 0.879005 0.991897 0.000000
vt 0.842175 0.991897 0.000000
vt 0.842175 0.951563 0.000000
vt 0.871883 0.833171 0.000000
vt 0.918270 0.825011 0.000000
vt 0.922257 0.863784 0.000000
vt 0.885382 0.942057 0.000000
vt 0.946090 0.938386 0.000000
vt 0.930671 0.991897 0.000000
vt 0.982510 0.842734 0.000000
vt 0.831086 0.991897 0.000000
vt 0.786717 0.991897 0.000000
vt 0.793636 0.938203 0.000000
vt 0.742239 0.933755 0.000000
vt 0.769260 0.895811 0.000000
vt 0.842175 0.901713 0.000000
vt 0.834992 0.857086 0.000000
vt 0.881452 0.886040 0.000000
vt 0.910280 0.886999 0.000000
vt 0.706654 0.991897 0.000000
vt 0.793636 0.895811 0.000000
vt 0.956380 0.879906 0.000000
vt 0.980544 0.890446 0.000000
vt 0.980544 0.917879 0.000000
vt 0.980544 0.945313 0.000000
vt 0.980544 0.968658 0.000000
vt 0.980544 0.851768 0.000000
vt 0.941566 0.827199 0.000000
vt 0.933594 0.882813 0.000000
vt 0.933540 0.869644 0.000000
vt 0.954921 0.834511 0.000000
vt 0.982510 0.842734 0.000000
vt 0.677370 0.975312 0.000000
vt 0.704118 0.946366 0.000000
vt 0.684017 0.990768 0.000000
vt 0.980544 0.991897 0.000000
vt 0.842175 0.951563 0.000000
vt 0.871883 0.833171 0.000000
vt 0.922257 0.863784 0.000000
vt 0.918270 0.825011 0.000000
vt 0.885382 0.942057 0.000000
vt 0.946090 0.938386 0.000000
vt 0.982510 0.842734 0.000000
vt 0.793636 0.938203 0.000000
vt 0.742239 0.933755 0.000000
vt 0.769260 0.895811 0.000000
vt 0.842175 0.901713 0.000000
vt 0.881452 0.886040 0.000000
vt 0.834992 0.857086 0.000000
vt 0.910280 0.886999 0.000000
vt 0.793636 0.895811 0.000000
vt 0.956380 0.879906 0.000000
vt 0.980544 0.917879 0.000000
vt 0.980544 0.890446 0.000000
vt 0.980544 0.968658 0.000000
vt 0.980544 0.945313 0.000000
vt 0.980544 0.851768 0.000000
vt 0.941566 0.827199 0.000000
vt 0.933594 0.882813 0.000000
vt 0.933540 0.869644 0.000000
vt 0.954921 0.834511 0.000000
vt 0.982510 0.842734 0.000000
vt 0.677370 0.975312 0.000000
vt 0.684017 0.990768 0.000000
vt 0.704118 0.946366 0.000000
vt 0.457662 0.041890 0.000000
vt 0.457862 0.076190 0.000000
vt 0.482762 0.051790 0.000000
vt 0.414928 0.006889 0.000000
vt 0.414928 0.047889 0.000000
vt 0.414928 0.076190 0.000000
vt 0.483462 0.076190 0.000000
vt 0.379409 0.147533 0.000000
vt 0.379409 0.170683 0.000000
vt 0.356200 0.172558 0.000000
vt 0.356200 0.139324 0.000000
vt 0.379409 0.195575 0.000000
vt 0.356200 0.198478 0.000000
vt 0.379409 0.147533 0.000000
vt 0.356200 0.139324 0.000000
vt 0.356200 0.172558 0.000000
vt 0.379409 0.170683 0.000000
vt 0.356200 0.198478 0.000000
vt 0.379409 0.195575 0.000000
vt 0.404943 0.192078 0.000000
vt 0.397193 0.156298 0.000000
vt 0.387123 0.239495 0.000000
vt 0.356200 0.274863 0.000000
vt 0.356200 0.239495 0.000000
vt 0.404943 0.192078 0.000000
vt 0.397193 0.156298 0.000000
vt 0.387251 0.239495 0.000000
vt 0.356200 0.239495 0.000000
vt 0.356200 0.274863 0.000000
vt 0.457662 0.041890 0.000000
vt 0.482762 0.051790 0.000000
vt 0.457862 0.076190 0.000000
vt 0.414928 0.047889 0.000000
vt 0.414928 0.006889 0.000000
vt 0.414928 0.076190 0.000000
vt 0.483462 0.076190 0.000000
vt 0.379409 0.147533 0.000000
vt 0.356200 0.139324 0.000000
vt 0.356200 0.172558 0.000000
vt 0.379409 0.170683 0.000000
vt 0.379409 0.195575 0.000000
vt 0.356200 0.198478 0.000000
vt 0.379409 0.147533 0.000000
vt 0.379409 0.170683 0.000000
vt 0.356200 0.172558 0.000000
vt 0.356200 0.139324 0.000000
vt 0.379409 0.195575 0.000000
vt 0.356200 0.198478 0.000000
vt 0.404943 0.192078 0.000000
vt 0.397193 0.156298 0.000000
vt 0.387123 0.239495 0.000000
vt 0.356200 0.239495 0.000000
vt 0.356200 0.274863 0.000000
vt 0.404943 0.192078 0.000000
vt 0.397193 0.156298 0.000000
vt 0.387251 0.239495 0.000000
vt 0.356200 0.239495 0.000000
vt 0.356200 0.274863 0.000000
usemtl Material_1
f 1/1 2/2 3/3
f 3/3 4/4 1/1
f 5/5 6/6 2/2
f 2/2 1/1 5/5
f 7/7 8/8 9/9
f 9/9 10/10 7/7
f 5/5 7/7 10/10
f 10/10 6/6 5/5
f 3/3 11/11 4/4
f 12/12 13/13 14/14
f 15/15 16/16 3/3
f 4/4 11/11 17/17
f 18/18 19/19 20/20
f 21/21 22/22 23/23
f 23/23 22/22 24/24
f 20/20 19/19 22/22
f 3/3 2/2 15/15
f 2/2 6/6 25/25
f 25/25 26/26 27/27
f 26/26 28/28 29/29
f 26/26 29/29 27/27
f 25/25 27/27 15/15
f 30/30 12/12 14/14
f 3/3 30/30 11/11
f 2/2 25/25 15/15
f 18/18 31/31 19/19
f 22/22 32/32 20/20
f 30/30 16/16 12/12
f 3/3 16/16 30/30
f 22/22 21/21 32/32
f 9/9 8/8 11/11
f 33/33 14/14 13/13
f 34/34 9/9 35/35
f 8/8 17/17 11/11
f 36/36 37/37 19/19
f 38/38 39/39 22/22
f 39/39 24/24 22/22
f 37/37 22/22 19/19
f 9/9 34/34 10/10
f 10/10 25/25 6/6
f 25/25 40/40 26/26
f 26/26 41/41 28/28
f 26/26 40/40 41/41
f 25/25 34/34 40/40
f 30/30 14/14 33/33
f 9/9 11/11 30/30
f 10/10 34/34 25/25
f 36/36 19/19 31/31
f 22/22 37/37 42/42
f 30/30 33/33 35/35
f 9/9 30/30 35/35
f 22/22 42/42 38/38
f 43/43 44/44 45/45
f 45/45 46/46 43/43
f 47/47 43/43 46/46
f 46/46 48/48 47/47
f 49/49 50/50 51/51
f 51/51 52/52 49/49
f 47/47 48/48 50/50
f 50/50 49/49 47/47
f 45/45 44/44 53/53
f 54/54 55/55 56/56
f 57/57 45/45 58/58
f 44/44 59/59 53/53
f 60/60 61/61 62/62
f 63/63 64/64 65/65
f 64/64 66/66 65/65
f 61/61 65/65 62/62
f 45/45 57/57 46/46
f 46/46 67/67 48/48
f 67/67 68/68 69/69
f 69/69 70/70 71/71
f 69/69 68/68 70/70
f 67/67 57/57 68/68
f 72/72 55/55 54/54
f 45/45 53/53 72/72
f 46/46 57/57 67/67
f 60/60 62/62 73/73
f 65/65 61/61 74/74
f 72/72 54/54 58/58
f 45/45 72/72 58/58
f 65/65 74/74 63/63
f 51/51 53/53 52/52
f 75/75 56/56 55/55
f 76/76 77/77 51/51
f 52/52 53/53 59/59
f 78/78 62/62 79/79
f 80/80 65/65 81/81
f 81/81 65/65 66/66
f 79/79 62/62 65/65
f 51/51 50/50 76/76
f 50/50 48/48 67/67
f 67/67 69/69 82/82
f 69/69 71/71 83/83
f 69/69 83/83 82/82
f 67/67 82/82 76/76
f 72/72 75/75 55/55
f 51/51 72/72 53/53
f 50/50 67/67 76/76
f 78/78 73/73 62/62
f 65/65 84/84 79/79
f 72/72 77/77 75/75
f 51/51 77/77 72/72
f 65/65 80/80 84/84
f 85/85 86/86 87/87
f 87/87 88/88 85/85
f 85/85 89/89 90/90
f 90/90 86/86 85/85
f 89/89 91/91 92/92
f 92/92 90/90 89/89
f 93/93 94/94 95/95
f 95/95 96/96 93/93
f 97/97 98/98 99/99
f 99/99 100/100 97/97
f 101/101 102/102 98/98
f 98/98 97/97 101/101
f 100/100 99/99 95/95
f 95/95 94/94 100/100
f 103/103 104/104 92/92
f 92/92 105/105 103/103
f 106/106 107/107 108/108
f 108/108 109/109 106/106
f 107/107 110/110 111/111
f 111/111 108/108 107/107
f 112/112 88/88 87/87
f 87/87 113/113 112/112
f 112/112 113/113 114/114
f 114/114 115/115 112/112
f 115/115 114/114 116/116
f 116/116 117/117 115/115
f 118/118 119/119 120/120
f 120/120 121/121 118/118
f 122/122 123/123 124/124
f 124/124 125/125 122/122
f 101/101 122/122 125/125
f 125/125 102/102 101/101
f 123/123 121/121 120/120
f 120/120 124/124 123/123
f 126/126 127/127 116/116
f 116/116 128/128 126/126
f 106/106 109/109 129/129
f 129/129 130/130 106/106
f 130/130 129/129 131/131
f 131/131 132/132 130/130
f 133/133 134/134 135/135
f 136/136 137/137 138/138
f 96/96 139/139 93/93
f 140/140 137/137 141/141
f 142/142 143/143 144/144
f 145/145 144/144 146/146
f 147/147 135/135 134/134
f 148/148 135/135 141/141
f 149/149 150/150 137/137
f 148/148 143/143 135/135
f 140/140 149/149 137/137
f 143/143 142/142 151/151
f 152/152 149/149 140/140
f 133/133 151/151 142/142
f 143/143 151/151 135/135
f 144/144 145/145 142/142
f 142/142 153/153 133/133
f 145/145 153/153 142/142
f 154/154 110/110 155/155
f 154/154 111/111 110/110
f 156/156 152/152 140/140
f 153/153 157/157 133/133
f 158/158 150/150 159/159
f 158/158 137/137 150/150
f 158/158 138/138 137/137
f 135/135 151/151 133/133
f 137/137 136/136 141/141
f 156/156 140/140 147/147
f 147/147 141/141 135/135
f 160/160 156/156 134/134
f 134/134 156/156 147/147
f 147/147 140/140 141/141
f 139/139 104/104 103/103
f 139/139 103/103 93/93
f 133/133 160/160 134/134
f 161/161 162/162 163/163
f 136/136 138/138 164/164
f 119/119 118/118 165/165
f 166/166 141/141 164/164
f 167/167 144/144 143/143
f 168/168 146/146 144/144
f 169/169 163/163 162/162
f 148/148 141/141 162/162
f 170/170 164/164 171/171
f 148/148 162/162 143/143
f 166/166 164/164 170/170
f 143/143 172/172 167/167
f 173/173 166/166 170/170
f 161/161 167/167 172/172
f 143/143 162/162 172/172
f 144/144 167/167 168/168
f 167/167 161/161 174/174
f 168/168 167/167 174/174
f 175/175 176/176 132/132
f 175/175 132/132 131/131
f 177/177 166/166 173/173
f 174/174 161/161 178/178
f 158/158 159/159 171/171
f 158/158 171/171 164/164
f 158/158 164/164 138/138
f 162/162 161/161 172/172
f 164/164 141/141 136/136
f 177/177 169/169 166/166
f 169/169 162/162 141/141
f 179/179 163/163 177/177
f 163/163 169/169 177/177
f 169/169 141/141 166/166
f 165/165 126/126 128/128
f 165/165 118/118 126/126
f 161/161 163/163 179/179
f 180/180 181/181 182/182
f 182/182 183/183 180/180
f 184/184 185/185 183/183
f 183/183 182/182 184/184
f 185/185 184/184 186/186
f 186/186 187/187 185/185
f 188/188 189/189 190/190
f 190/190 191/191 188/188
f 192/192 193/193 184/184
f 184/184 182/182 192/192
f 193/193 194/194 186/186
f 186/186 184/184 193/193
f 191/191 190/190 195/195
f 195/195 196/196 191/191
f 186/186 191/191 196/196
f 196/196 187/187 186/186
f 194/194 188/188 191/191
f 191/191 186/186 194/194
f 197/197 192/192 182/182
f 182/182 181/181 197/197
f 198/198 199/199 190/190
f 190/190 189/189 198/198
f 199/199 200/200 195/195
f 195/195 190/190 199/199
f 201/201 202/202 203/203
f 203/203 204/204 201/201
f 205/205 206/206 204/204
f 204/204 203/203 205/205
f 206/206 205/205 207/207
f 207/207 208/208 206/206
f 209/209 210/210 211/211
f 211/211 212/212 209/209
f 213/213 214/214 205/205
f 205/205 203/203 213/213
f 214/214 215/215 207/207
f 207/207 205/205 214/214
f 216/216 217/217 211/211
f 211/211 210/210 216/216
f 207/207 211/211 217/217
f 217/217 208/208 207/207
f 215/215 212/212 211/211
f 211/211 207/207 215/215
f 218/218 213/213 203/203
f 203/203 202/202 218/218
f 219/219 220/220 221/221
f 221/221 222/222 219/219
f 223/223 224/224 222/222
f 222/222 221/221 223/223
f 224/224 223/223 225/225
f 225/225 226/226 224/224
f 227/227 228/228 229/229
f 229/229 230/230 227/227
f 231/231 232/232 223/223
f 223/223 221/221 231/231
f 232/232 233/233 225/225
f 225/225 223/223 232/232
f 234/234 235/235 229/229
f 229/229 228/228 234/234
f 225/225 229/229 235/235
f 235/235 226/226 225/225
f 229/229 225/225 233/233
f 236/236 231/231 221/221
f 221/221 220/220 236/236
f 237/237 238/238 239/239
f 239/239 240/240 237/237
f 241/241 242/242 240/240
f 240/240 239/239 241/241
f 242/242 241/241 243/243
f 243/243 244/244 242/242
f 245/245 246/246 247/247
f 247/247 248/248 245/245
f 249/249 250/250 241/241
f 241/241 239/239 249/249
f 250/250 251/251 243/243
f 243/243 241/241 250/250
f 252/252 253/253 247/247
f 247/247 246/246 252/252
f 243/243 247/247 253/253
f 253/253 244/244 243/243
f 251/251 248/248 247/247
f 247/247 243/243 251/251
f 254/254 249/249 239/239
f 239/239 238/238 254/254
f 255/255 256/256 257/257
f 257/257 258/258 255/255
f 259/259 260/260 258/258
f 258/258 257/257 259/259
f 260/260 259/259 261/261
f 261/261 262/262 260/260
f 263/263 264/264 265/265
f 265/265 266/266 263/263
f 267/267 259/259 257/257
f 257/257 268/268 267/267
f 269/269 261/261 259/259
f 259/259 267/267 269/269
f 266/266 265/265 270/270
f 270/270 271/271 266/266
f 261/261 266/266 271/271
f 271/271 262/262 261/261
f 269/269 263/263 266/266
f 266/266 261/261 269/269
f 272/272 268/268 257/257
f 257/257 256/256 272/272
f 273/273 274/274 265/265
f 265/265 264/264 273/273
f 274/274 275/275 270/270
f 270/270 265/265 274/274
f 276/276 277/277 278/278
f 278/278 279/279 276/276
f 280/280 281/281 279/279
f 279/279 278/278 280/280
f 281/281 280/280 282/282
f 282/282 283/283 281/281
f 284/284 285/285 286/286
f 286/286 287/287 284/284
f 288/288 289/289 280/280
f 280/280 278/278 288/288
f 289/289 290/290 282/282
f 282/282 280/280 289/289
f 287/287 286/286 291/291
f 291/291 292/292 287/287
f 282/282 287/287 292/292
f 292/292 283/283 282/282
f 290/290 284/284 287/287
f 287/287 282/282 290/290
f 293/293 288/288 278/278
f 278/278 277/277 293/293
f 294/294 295/295 286/286
f 286/286 285/285 294/294
f 295/295 296/296 291/291
f 291/291 286/286 295/295
f 297/297 298/298 299/299
f 299/299 300/300 297/297
f 301/301 302/302 300/300
f 300/300 299/299 301/301
f 302/302 301/301 303/303
f 303/303 304/304 302/302
f 305/305 306/306 307/307
f 307/307 308/308 305/305
f 309/309 310/310 301/301
f 301/301 299/299 309/309
f 310/310 311/311 303/303
f 303/303 301/301 310/310
f 312/312 313/313 307/307
f 307/307 306/306 312/312
f 303/303 307/307 313/313
f 313/313 304/304 303/303
f 311/311 308/308 307/307
f 307/307 303/303 311/311
f 314/314 309/309 299/299
f 299/299 298/298 314/314
f 315/315 316/316 317/317
f 317/317 318/318 315/315
f 319/319 320/320 318/318
f 318/318 317/317 319/319
f 320/320 319/319 321/321
f 321/321 322/322 320/320
f 323/323 324/324 325/325
f 325/325 326/326 323/323
f 327/327 328/328 319/319
f 319/319 317/317 327/327
f 328/328 329/329 321/321
f 321/321 319/319 328/328
f 330/330 331/331 325/325
f 325/325 324/324 330/330
f 321/321 325/325 331/331
f 331/331 322/322 321/321
f 329/329 326/326 325/325
f 325/325 321/321 329/329
f 332/332 327/327 317/317
f 317/317 316/316 332/332
f 333/333 197/197 181/181
f 180/180 333/333 181/181
f 334/334 218/218 202/202
f 201/201 334/334 202/202
f 335/335 236/236 220/220
f 219/219 335/335 220/220
f 336/336 254/254 238/238
f 237/237 336/336 238/238
f 337/337 272/272 256/256
f 255/255 337/337 256/256
f 338/338 293/293 277/277
f 276/276 338/338 277/277
f 339/339 314/314 298/298
f 297/297 339/339 298/298
f 340/340 332/332 316/316
f 315/315 340/340 316/316
f 229/229 233/233 230/230
f 341/341 342/342 343/343
f 343/343 344/344 341/341
f 341/341 344/344 345/345
f 345/345 346/346 341/341
f 346/346 345/345 347/347
f 347/347 348/348 346/346
f 349/349 350/350 351/351
f 351/351 352/352 349/349
f 353/353 354/354 355/355
f 355/355 356/356 353/353
f 357/357 353/353 356/356
f 356/356 358/358 357/357
f 354/354 352/352 351/351
f 351/351 355/355 354/354
f 359/359 360/360 347/347
f 347/347 361/361 359/359
f 362/362 363/363 364/364
f 364/364 365/365 362/362
f 365/365 364/364 366/366
f 366/366 367/367 365/365
f 368/368 369/369 343/343
f 343/343 342/342 368/368
f 368/368 370/370 371/371
f 371/371 369/369 368/368
f 370/370 372/372 373/373
f 373/373 371/371 370/370
f 374/374 375/375 376/376
f 376/376 377/377 374/374
f 378/378 379/379 380/380
f 380/380 381/381 378/378
f 357/357 358/358 379/379
f 379/379 378/378 357/357
f 381/381 380/380 376/376
f 376/376 375/375 381/381
f 382/382 383/383 373/373
f 373/373 384/384 382/382
f 362/362 385/385 386/386
f 386/386 363/363 362/362
f 385/385 387/387 388/388
f 388/388 386/386 385/385
f 389/389 390/390 391/391
f 392/392 393/393 394/394
f 350/350 349/349 395/395
f 396/396 397/397 394/394
f 398/398 399/399 400/400
f 401/401 402/402 399/399
f 403/403 391/391 390/390
f 404/404 397/397 390/390
f 405/405 394/394 406/406
f 404/404 390/390 400/400
f 396/396 394/394 405/405
f 400/400 407/407 398/398
f 408/408 396/396 405/405
f 389/389 398/398 407/407
f 400/400 390/390 407/407
f 399/399 398/398 401/401
f 398/398 389/389 409/409
f 401/401 398/398 409/409
f 410/410 411/411 367/367
f 410/410 367/367 366/366
f 412/412 396/396 408/408
f 409/409 389/389 413/413
f 414/414 415/415 406/406
f 414/414 406/406 394/394
f 414/414 394/394 393/393
f 390/390 389/389 407/407
f 394/394 397/397 392/392
f 412/412 403/403 396/396
f 403/403 390/390 397/397
f 416/416 391/391 412/412
f 391/391 403/403 412/412
f 403/403 397/397 396/396
f 395/395 359/359 361/361
f 395/395 349/349 359/359
f 389/389 391/391 416/416
f 417/417 418/418 419/419
f 392/392 420/420 393/393
f 377/377 421/421 374/374
f 422/422 420/420 397/397
f 423/423 400/400 399/399
f 424/424 399/399 402/402
f 425/425 419/419 418/418
f 404/404 419/419 397/397
f 426/426 427/427 420/420
f 404/404 400/400 419/419
f 422/422 426/426 420/420
f 400/400 423/423 428/428
f 429/429 426/426 422/422
f 417/417 428/428 423/423
f 400/400 428/428 419/419
f 399/399 424/424 423/423
f 423/423 430/430 417/417
f 424/424 430/430 423/423
f 431/431 387/387 432/432
f 431/431 388/388 387/387
f 433/433 429/429 422/422
f 430/430 434/434 417/417
f 414/414 427/427 415/415
f 414/414 420/420 427/427
f 414/414 393/393 420/420
f 419/419 428/428 417/417
f 420/420 392/392 397/397
f 433/433 422/422 425/425
f 425/425 397/397 419/419
f 435/435 433/433 418/418
f 418/418 433/433 425/425
f 425/425 422/422 397/397
f 421/421 383/383 382/382
f 421/421 382/382 374/374
f 417/417 435/435 418/418
f 436/436 437/437 438/438
f 438/438 439/439 436/436
f 440/440 438/438 437/437
f 437/437 441/441 440/440
f 441/441 442/442 443/443
f 443/443 440/440 441/441
f 444/444 445/445 446/446
f 446/446 447/447 444/444
f 448/448 438/438 440/440
f 440/440 449/449 448/448
f 449/449 440/440 443/443
f 443/443 450/450 449/449
f 445/445 451/451 452/452
f 452/452 446/446 445/445
f 443/443 442/442 451/451
f 451/451 445/445 443/443
f 450/450 443/443 445/445
f 445/445 444/444 450/450
f 453/453 439/439 438/438
f 438/438 448/448 453/453
f 454/454 447/447 446/446
f 446/446 455/455 454/454
f 455/455 446/446 452/452
f 452/452 456/456 455/455
f 457/457 458/458 459/459
f 459/459 460/460 457/457
f 461/461 459/459 458/458
f 458/458 462/462 461/461
f 462/462 463/463 464/464
f 464/464 461/461 462/462
f 465/465 466/466 467/467
f 467/467 468/468 465/465
f 469/469 459/459 461/461
f 461/461 470/470 469/469
f 470/470 461/461 464/464
f 464/464 471/471 470/470
f 472/472 468/468 467/467
f 467/467 473/473 472/472
f 464/464 463/463 473/473
f 473/473 467/467 464/464
f 471/471 464/464 467/467
f 467/467 466/466 471/471
f 474/474 460/460 459/459
f 459/459 469/469 474/474
f 475/475 476/476 477/477
f 477/477 478/478 475/475
f 479/479 477/477 476/476
f 476/476 480/480 479/479
f 480/480 481/481 482/482
f 482/482 479/479 480/480
f 483/483 484/484 485/485
f 485/485 486/486 483/483
f 487/487 477/477 479/479
f 479/479 488/488 487/487
f 488/488 479/479 482/482
f 482/482 489/489 488/488
f 490/490 486/486 485/485
f 485/485 491/491 490/490
f 482/482 481/481 491/491
f 491/491 485/485 482/482
f 485/485 489/489 482/482
f 492/492 478/478 477/477
f 477/477 487/487 492/492
f 493/493 494/494 495/495
f 495/495 496/496 493/493
f 497/497 495/495 494/494
f 494/494 498/498 497/497
f 498/498 499/499 500/500
f 500/500 497/497 498/498
f 501/501 502/502 503/503
f 503/503 504/504 501/501
f 505/505 495/495 497/497
f 497/497 506/506 505/505
f 506/506 497/497 500/500
f 500/500 507/507 506/506
f 508/508 504/504 503/503
f 503/503 509/509 508/508
f 500/500 499/499 509/509
f 509/509 503/503 500/500
f 507/507 500/500 503/503
f 503/503 502/502 507/507
f 510/510 496/496 495/495
f 495/495 505/505 510/510
f 511/511 512/512 513/513
f 513/513 514/514 511/511
f 515/515 513/513 512/512
f 512/512 516/516 515/515
f 516/516 517/517 518/518
f 518/518 515/515 516/516
f 519/519 520/520 521/521
f 521/521 522/522 519/519
f 523/523 524/524 513/513
f 513/513 515/515 523/523
f 525/525 523/523 515/515
f 515/515 518/518 525/525
f 520/520 526/526 527/527
f 527/527 521/521 520/520
f 518/518 517/517 526/526
f 526/526 520/520 518/518
f 525/525 518/518 520/520
f 520/520 519/519 525/525
f 528/528 514/514 513/513
f 513/513 524/524 528/528
f 529/529 522/522 521/521
f 521/521 530/530 529/529
f 530/530 521/521 527/527
f 527/527 531/531 530/530
f 532/532 533/533 534/534
f 534/534 535/535 532/532
f 536/536 534/534 533/533
f 533/533 537/537 536/536
f 537/537 538/538 539/539
f 539/539 536/536 537/537
f 540/540 541/541 542/542
f 542/542 543/543 540/540
f 544/544 534/534 536/536
f 536/536 545/545 544/544
f 545/545 536/536 539/539
f 539/539 546/546 545/545
f 541/541 547/547 548/548
f 548/548 542/542 541/541
f 539/539 538/538 547/547
f 547/547 541/541 539/539
f 546/546 539/539 541/541
f 541/541 540/540 546/546
f 549/549 535/535 534/534
f 534/534 544/544 549/549
f 550/550 543/543 542/542
f 542/542 551/551 550/550
f 551/551 542/542 548/548
f 548/548 552/552 551/551
f 553/553 554/554 555/555
f 555/555 556/556 553/553
f 557/557 555/555 554/554
f 554/554 558/558 557/557
f 558/558 559/559 560/560
f 560/560 557/557 558/558
f 561/561 562/562 563/563
f 563/563 564/564 561/561
f 565/565 555/555 557/557
f 557/557 566/566 565/565
f 566/566 557/557 560/560
f 560/560 567/567 566/566
f 568/568 564/564 563/563
f 563/563 569/569 568/568
f 560/560 559/559 569/569
f 569/569 563/563 560/560
f 567/567 560/560 563/563
f 563/563 562/562 567/567
f 570/570 556/556 555/555
f 555/555 565/565 570/570
f 571/571 572/572 573/573
f 573/573 574/574 571/571
f 575/575 573/573 572/572
f 572/572 576/576 575/575
f 576/576 577/577 578/578
f 578/578 575/575 576/576
f 579/579 580/580 581/581
f 581/581 582/582 579/579
f 583/583 573/573 575/575
f 575/575 584/584 583/583
f 584/584 575/575 578/578
f 578/578 585/585 584/584
f 586/586 582/582 581/581
f 581/581 587/587 586/586
f 578/578 577/577 587/587
f 587/587 581/581 578/578
f 585/585 578/578 581/581
f 581/581 580/580 585/585
f 588/588 574/574 573/573
f 573/573 583/583 588/588
f 589/589 439/439 453/453
f 436/436 439/439 589/589
f 590/590 460/460 474/474
f 457/457 460/460 590/590
f 591/591 478/478 492/492
f 475/475 478/478 591/591
f 592/592 496/496 510/510
f 493/493 496/496 592/592
f 593/593 514/514 528/528
f 511/511 514/514 593/593
f 594/594 535/535 549/549
f 532/532 535/535 594/594
f 595/595 556/556 570/570
f 553/553 556/556 595/595
f 596/596 574/574 588/588
f 571/571 574/574 596/596
f 485/485 484/484 489/489
f 597/597 598/598 599/599
f 599/599 600/600 597/597
f 598/598 601/601 602/602
f 602/602 599/599 598/598
f 603/603 604/604 605/605
f 605/605 606/606 603/603
f 607/607 608/608 609/609
f 609/609 610/610 607/607
f 611/611 609/609 608/608
f 608/608 612/612 611/611
f 613/613 614/614 615/615
f 615/615 616/616 613/613
f 617/617 618/618 619/619
f 619/619 620/620 617/617
f 621/621 613/613 616/616
f 616/616 600/600 621/621
f 622/622 623/623 624/624
f 624/624 625/625 622/622
f 626/626 627/627 628/628
f 628/628 629/629 626/626
f 630/630 631/631 632/632
f 632/632 633/633 630/630
f 634/634 635/635 636/636
f 636/636 637/637 634/634
f 638/638 639/639 637/637
f 637/637 636/636 638/638
f 640/640 641/641 642/642
f 642/642 643/643 640/640
f 644/644 645/645 646/646
f 646/646 647/647 644/644
f 648/648 649/649 650/650
f 650/650 651/651 648/648
f 652/652 653/653 651/651
f 651/651 650/650 652/652
f 654/654 655/655 656/656
f 656/656 657/657 654/654
f 658/658 659/659 660/660
f 660/660 641/641 658/658
f 635/635 661/661 662/662
f 662/662 636/636 635/635
f 663/663 638/638 636/636
f 636/636 662/662 663/663
f 657/657 661/661 635/635
f 635/635 664/664 657/657
f 609/609 611/611 665/665
f 665/665 666/666 609/609
f 667/667 668/668 669/669
f 669/669 670/670 667/667
f 671/671 672/672 598/598
f 598/598 597/597 671/671
f 673/673 674/674 675/675
f 675/675 601/601 673/673
f 676/676 677/677 659/659
f 659/659 658/658 676/676
f 678/678 679/679 676/676
f 676/676 658/658 678/678
f 679/679 678/678 655/655
f 655/655 680/680 679/679
f 681/681 682/682 683/683
f 683/683 684/684 681/681
f 676/676 679/679 685/685
f 685/685 686/686 676/676
f 654/654 683/683 680/680
f 680/680 655/655 654/654
f 681/681 687/687 688/688
f 688/688 689/689 681/681
f 690/690 691/691 692/692
f 692/692 693/693 690/690
f 692/692 691/691 694/694
f 694/694 695/695 692/692
f 695/695 694/694 696/696
f 696/696 677/677 695/695
f 681/681 689/689 697/697
f 697/697 682/682 681/681
f 695/695 686/686 685/685
f 685/685 692/692 695/695
f 670/670 698/698 699/699
f 699/699 667/667 670/670
f 700/700 701/701 702/702
f 702/702 703/703 700/700
f 704/704 705/705 706/706
f 706/706 707/707 704/704
f 673/673 672/672 631/631
f 631/631 708/708 673/673
f 709/709 710/710 615/615
f 615/615 652/652 709/709
f 607/607 610/610 711/711
f 711/711 712/712 607/607
f 713/713 654/654 657/657
f 657/657 664/664 713/713
f 635/635 634/634 714/714
f 714/714 664/664 635/635
f 683/683 654/654 715/715
f 715/715 684/684 683/683
f 638/638 640/640 643/643
f 643/643 639/639 638/638
f 656/656 655/655 678/678
f 678/678 716/716 656/656
f 640/640 638/638 663/663
f 663/663 716/716 640/640
f 601/601 675/675 717/717
f 717/717 602/602 601/601
f 610/610 718/718 719/719
f 719/719 711/711 610/610
f 624/624 623/623 720/720
f 720/720 721/721 624/624
f 699/699 624/624 721/721
f 721/721 707/707 699/699
f 722/722 687/687 684/684
f 684/684 715/715 722/722
f 723/723 722/722 715/715
f 715/715 713/713 723/723
f 713/713 724/724 725/725
f 725/725 723/723 713/713
f 726/726 642/642 641/641
f 641/641 660/660 726/726
f 672/672 673/673 601/601
f 601/601 598/598 672/672
f 727/727 728/728 671/671
f 671/671 597/597 727/727
f 729/729 730/730 731/731
f 731/731 732/732 729/729
f 732/732 731/731 604/604
f 604/604 603/603 732/732
f 733/733 617/617 734/734
f 734/734 735/735 733/733
f 728/728 727/727 710/710
f 710/710 709/709 728/728
f 709/709 652/652 650/650
f 650/650 633/633 709/709
f 728/728 709/709 633/633
f 633/633 632/632 728/728
f 649/649 630/630 633/633
f 633/633 650/650 649/649
f 736/736 708/708 631/631
f 631/631 630/630 736/736
f 702/702 736/736 649/649
f 649/649 737/737 702/702
f 631/631 672/672 671/671
f 671/671 632/632 631/631
f 730/730 737/737 648/648
f 648/648 731/731 730/730
f 731/731 648/648 651/651
f 651/651 604/604 731/731
f 653/653 605/605 604/604
f 604/604 651/651 653/653
f 621/621 704/704 707/707
f 707/707 721/721 621/621
f 629/629 628/628 738/738
f 738/738 739/739 629/629
f 667/667 699/699 707/707
f 707/707 706/706 667/667
f 612/612 720/720 623/623
f 623/623 611/611 612/612
f 622/622 665/665 611/611
f 611/611 623/623 622/622
f 664/664 714/714 724/724
f 724/724 713/713 664/664
f 609/609 666/666 740/740
f 740/740 610/610 609/609
f 716/716 678/678 641/641
f 641/641 640/640 716/716
f 741/741 729/729 732/732
f 732/732 734/734 741/741
f 620/620 741/741 734/734
f 734/734 617/617 620/620
f 734/734 732/732 603/603
f 603/603 735/735 734/734
f 625/625 624/624 699/699
f 699/699 698/698 625/625
f 742/742 743/743 744/744
f 744/744 745/745 742/742
f 746/746 747/747 743/743
f 743/743 742/742 746/746
f 748/748 747/747 746/746
f 746/746 749/749 748/748
f 750/750 751/751 752/752
f 752/752 753/753 750/750
f 754/754 755/755 756/756
f 756/756 750/750 754/754
f 757/757 755/755 754/754
f 754/754 758/758 757/757
f 759/759 760/760 761/761
f 761/761 762/762 759/759
f 743/743 763/763 764/764
f 764/764 744/744 743/743
f 747/747 765/765 763/763
f 763/763 743/743 747/747
f 766/766 767/767 764/764
f 764/764 763/763 766/766
f 766/766 763/763 765/765
f 765/765 768/768 766/766
f 769/769 770/770 748/748
f 748/748 771/771 769/769
f 772/772 770/770 769/769
f 769/769 773/773 772/772
f 770/770 772/772 768/768
f 768/768 765/765 770/770
f 774/774 764/764 767/767
f 767/767 775/775 774/774
f 770/770 765/765 747/747
f 747/747 748/748 770/770
f 764/764 774/774 776/776
f 776/776 744/744 764/764
f 777/777 758/758 754/754
f 754/754 778/778 777/777
f 778/778 754/754 750/750
f 750/750 753/753 778/778
f 779/779 780/780 781/781
f 781/781 749/749 779/779
f 782/782 783/783 746/746
f 746/746 742/742 782/782
f 784/784 781/781 780/780
f 780/780 785/785 784/784
f 779/779 749/749 746/746
f 746/746 783/783 779/779
f 786/786 745/745 787/787
f 787/787 788/788 786/786
f 782/782 742/742 745/745
f 745/745 786/786 782/782
f 788/788 789/789 790/790
f 790/790 786/786 788/788
f 779/779 791/791 792/792
f 792/792 780/780 779/779
f 697/697 793/793 794/794
f 794/794 690/690 697/697
f 691/691 795/795 796/796
f 796/796 694/694 691/691
f 691/691 690/690 794/794
f 794/794 795/795 691/691
f 797/797 798/798 689/689
f 689/689 688/688 797/797
f 696/696 694/694 796/796
f 796/796 799/799 696/696
f 793/793 697/697 689/689
f 689/689 798/798 793/793
f 791/791 779/779 783/783
f 783/783 800/800 791/791
f 786/786 790/790 801/801
f 801/801 782/782 786/786
f 782/782 801/801 800/800
f 800/800 783/783 782/782
f 785/785 780/780 792/792
f 792/792 802/802 785/785
f 803/803 759/759 762/762
f 762/762 804/804 803/803
f 768/768 805/805 806/806
f 806/806 766/766 768/768
f 675/675 674/674 701/701
f 701/701 807/807 675/675
f 808/808 809/809 810/810
f 810/810 811/811 808/808
f 812/812 813/813 814/814
f 814/814 815/815 812/812
f 816/816 817/817 818/818
f 818/818 819/819 816/816
f 820/820 821/821 822/822
f 822/822 823/823 820/820
f 824/824 825/825 820/820
f 820/820 826/826 824/824
f 808/808 827/827 828/828
f 828/828 829/829 808/808
f 830/830 831/831 832/832
f 832/832 833/833 830/830
f 834/834 830/830 833/833
f 833/833 835/835 834/834
f 830/830 836/836 837/837
f 837/837 831/831 830/830
f 838/838 839/839 817/817
f 817/817 828/828 838/838
f 817/817 839/839 840/840
f 840/840 818/818 817/817
f 841/841 842/842 843/843
f 843/843 844/844 841/841
f 845/845 846/846 842/842
f 842/842 847/847 845/845
f 848/848 849/849 850/850
f 850/850 851/851 848/848
f 812/812 815/815 852/852
f 852/852 811/811 812/812
f 853/853 854/854 855/855
f 855/855 856/856 853/853
f 842/842 841/841 857/857
f 857/857 847/847 842/842
f 858/858 843/843 859/859
f 859/859 860/860 858/858
f 829/829 861/861 809/809
f 809/809 808/808 829/829
f 825/825 862/862 814/814
f 814/814 821/821 825/825
f 863/863 864/864 839/839
f 839/839 865/865 863/863
f 866/866 867/867 868/868
f 868/868 869/869 866/866
f 863/863 868/868 867/867
f 867/867 870/870 863/863
f 871/871 869/869 868/868
f 868/868 872/872 871/871
f 864/864 863/863 870/870
f 870/870 873/873 864/864
f 874/874 852/852 815/815
f 815/815 862/862 874/874
f 812/812 811/811 810/810
f 810/810 813/813 812/812
f 850/850 849/849 856/856
f 856/856 855/855 850/850
f 859/859 875/875 855/855
f 855/855 860/860 859/859
f 872/872 848/848 871/871
f 849/849 848/848 876/876
f 876/876 877/877 849/849
f 856/856 849/849 877/877
f 877/877 878/878 856/856
f 878/878 877/877 879/879
f 879/879 880/880 878/878
f 881/881 878/878 880/880
f 880/880 826/826 881/881
f 853/853 856/856 878/878
f 878/878 881/881 853/853
f 882/882 883/883 853/853
f 853/853 881/881 882/882
f 884/884 851/851 850/850
f 850/850 875/875 884/884
f 874/874 862/862 824/824
f 824/824 885/885 874/874
f 886/886 858/858 860/860
f 860/860 854/854 886/886
f 823/823 882/882 826/826
f 826/826 820/820 823/823
f 887/887 888/888 889/889
f 889/889 890/890 887/887
f 891/891 892/892 893/893
f 893/893 894/894 891/891
f 895/895 896/896 897/897
f 897/897 898/898 895/895
f 898/898 897/897 899/899
f 899/899 900/900 898/898
f 901/901 902/902 903/903
f 903/903 904/904 901/901
f 905/905 906/906 907/907
f 907/907 908/908 905/905
f 909/909 910/910 908/908
f 908/908 907/907 909/909
f 911/911 912/912 913/913
f 913/913 914/914 911/911
f 915/915 620/620 619/619
f 619/619 916/916 915/915
f 917/917 896/896 912/912
f 912/912 911/911 917/917
f 622/622 625/625 918/918
f 918/918 919/919 622/622
f 920/920 921/921 628/628
f 628/628 627/627 920/920
f 922/922 923/923 924/924
f 924/924 925/925 922/922
f 926/926 927/927 928/928
f 928/928 929/929 926/926
f 930/930 928/928 927/927
f 927/927 931/931 930/930
f 932/932 933/933 934/934
f 934/934 935/935 932/932
f 936/936 647/647 646/646
f 646/646 937/937 936/936
f 938/938 939/939 940/940
f 940/940 941/941 938/938
f 942/942 940/940 939/939
f 939/939 943/943 942/942
f 944/944 945/945 946/946
f 946/946 947/947 944/944
f 948/948 935/935 949/949
f 949/949 950/950 948/948
f 929/929 928/928 951/951
f 951/951 952/952 929/929
f 953/953 951/951 928/928
f 928/928 930/930 953/953
f 945/945 954/954 929/929
f 929/929 952/952 945/945
f 907/907 666/666 665/665
f 665/665 909/909 907/907
f 955/955 670/670 669/669
f 669/669 956/956 955/955
f 957/957 895/895 898/898
f 898/898 958/958 957/957
f 959/959 900/900 960/960
f 960/960 961/961 959/959
f 962/962 948/948 950/950
f 950/950 963/963 962/962
f 964/964 948/948 962/962
f 962/962 965/965 964/964
f 965/965 966/966 947/947
f 947/947 964/964 965/965
f 967/967 968/968 969/969
f 969/969 970/970 967/967
f 962/962 971/971 972/972
f 972/972 965/965 962/962
f 944/944 947/947 966/966
f 966/966 969/969 944/944
f 967/967 973/973 974/974
f 974/974 975/975 967/967
f 976/976 977/977 978/978
f 978/978 979/979 976/976
f 978/978 980/980 981/981
f 981/981 979/979 978/978
f 980/980 963/963 982/982
f 982/982 981/981 980/980
f 967/967 970/970 983/983
f 983/983 973/973 967/967
f 980/980 978/978 972/972
f 972/972 971/971 980/980
f 670/670 955/955 984/984
f 984/984 698/698 670/670
f 700/700 703/703 985/985
f 985/985 986/986 700/700
f 987/987 988/988 989/989
f 989/989 990/990 987/987
f 959/959 991/991 925/925
f 925/925 958/958 959/959
f 992/992 942/942 913/913
f 913/913 993/993 992/992
f 905/905 994/994 995/995
f 995/995 906/906 905/905
f 996/996 954/954 945/945
f 945/945 944/944 996/996
f 929/929 954/954 997/997
f 997/997 926/926 929/929
f 969/969 968/968 998/998
f 998/998 944/944 969/969
f 930/930 931/931 933/933
f 933/933 932/932 930/930
f 946/946 999/999 964/964
f 964/964 947/947 946/946
f 932/932 999/999 953/953
f 953/953 930/930 932/932
f 900/900 899/899 1000/1000
f 1000/1000 960/960 900/900
f 906/906 995/995 1001/1001
f 1001/1001 718/718 906/906
f 918/918 1002/1002 1003/1003
f 1003/1003 919/919 918/918
f 984/984 988/988 1002/1002
f 1002/1002 918/918 984/984
f 1004/1004 998/998 968/968
f 968/968 975/975 1004/1004
f 1005/1005 996/996 998/998
f 998/998 1004/1004 1005/1005
f 996/996 1005/1005 1006/1006
f 1006/1006 1007/1007 996/996
f 1008/1008 949/949 935/935
f 935/935 934/934 1008/1008
f 958/958 898/898 900/900
f 900/900 959/959 958/958
f 1009/1009 895/895 957/957
f 957/957 1010/1010 1009/1009
f 729/729 1011/1011 1012/1012
f 1012/1012 730/730 729/729
f 1011/1011 901/901 904/904
f 904/904 1012/1012 1011/1011
f 1013/1013 1014/1014 1015/1015
f 1015/1015 915/915 1013/1013
f 1010/1010 992/992 993/993
f 993/993 1009/1009 1010/1010
f 992/992 923/923 940/940
f 940/940 942/942 992/992
f 1010/1010 924/924 923/923
f 923/923 992/992 1010/1010
f 941/941 940/940 923/923
f 923/923 922/922 941/941
f 1016/1016 922/922 925/925
f 925/925 991/991 1016/1016
f 985/985 1017/1017 941/941
f 941/941 1016/1016 985/985
f 925/925 924/924 957/957
f 957/957 958/958 925/925
f 730/730 1012/1012 938/938
f 938/938 1017/1017 730/730
f 1012/1012 904/904 939/939
f 939/939 938/938 1012/1012
f 943/943 939/939 904/904
f 904/904 903/903 943/943
f 917/917 1002/1002 988/988
f 988/988 987/987 917/917
f 921/921 1018/1018 738/738
f 738/738 628/628 921/921
f 955/955 989/989 988/988
f 988/988 984/984 955/955
f 910/910 909/909 919/919
f 919/919 1003/1003 910/910
f 622/622 919/919 909/909
f 909/909 665/665 622/622
f 954/954 996/996 1007/1007
f 1007/1007 997/997 954/954
f 907/907 906/906 740/740
f 740/740 666/666 907/907
f 999/999 932/932 935/935
f 935/935 964/964 999/999
f 741/741 1015/1015 1011/1011
f 1011/1011 729/729 741/741
f 620/620 915/915 1015/1015
f 1015/1015 741/741 620/620
f 1015/1015 1014/1014 901/901
f 901/901 1011/1011 1015/1015
f 625/625 698/698 984/984
f 984/984 918/918 625/625
f 1019/1019 1020/1020 1021/1021
f 1021/1021 1022/1022 1019/1019
f 1023/1023 1019/1019 1022/1022
f 1022/1022 1024/1024 1023/1023
f 1025/1025 1026/1026 1023/1023
f 1023/1023 1024/1024 1025/1025
f 1027/1027 1028/1028 1029/1029
f 1029/1029 1030/1030 1027/1027
f 1031/1031 1027/1027 1032/1032
f 1032/1032 1033/1033 1031/1031
f 1034/1034 1035/1035 1031/1031
f 1031/1031 1033/1033 1034/1034
f 1036/1036 1037/1037 1038/1038
f 1038/1038 1039/1039 1036/1036
f 1022/1022 1021/1021 1040/1040
f 1040/1040 1041/1041 1022/1022
f 1024/1024 1022/1022 1041/1041
f 1041/1041 1042/1042 1024/1024
f 1043/1043 1041/1041 1040/1040
f 1040/1040 1044/1044 1043/1043
f 1043/1043 1045/1045 1042/1042
f 1042/1042 1041/1041 1043/1043
f 1046/1046 1047/1047 1025/1025
f 1025/1025 1048/1048 1046/1046
f 1049/1049 1050/1050 1046/1046
f 1046/1046 1048/1048 1049/1049
f 1048/1048 1042/1042 1045/1045
f 1045/1045 1049/1049 1048/1048
f 1051/1051 1052/1052 1044/1044
f 1044/1044 1040/1040 1051/1051
f 1048/1048 1025/1025 1024/1024
f 1024/1024 1042/1042 1048/1048
f 1040/1040 1021/1021 1053/1053
f 1053/1053 1051/1051 1040/1040
f 1054/1054 1055/1055 1031/1031
f 1031/1031 1035/1035 1054/1054
f 1055/1055 1028/1028 1027/1027
f 1027/1027 1031/1031 1055/1055
f 1056/1056 1026/1026 1057/1057
f 1057/1057 1058/1058 1056/1056
f 1059/1059 1019/1019 1023/1023
f 1023/1023 1060/1060 1059/1059
f 1061/1061 1062/1062 1058/1058
f 1058/1058 1057/1057 1061/1061
f 1056/1056 1060/1060 1023/1023
f 1023/1023 1026/1026 1056/1056
f 1063/1063 1064/1064 1065/1065
f 1065/1065 1020/1020 1063/1063
f 1059/1059 1063/1063 1020/1020
f 1020/1020 1019/1019 1059/1059
f 1064/1064 1063/1063 1066/1066
f 1066/1066 1067/1067 1064/1064
f 1056/1056 1058/1058 1068/1068
f 1068/1068 1069/1069 1056/1056
f 983/983 976/976 1070/1070
f 1070/1070 1071/1071 983/983
f 979/979 981/981 1072/1072
f 1072/1072 1073/1073 979/979
f 979/979 1073/1073 1070/1070
f 1070/1070 976/976 979/979
f 1074/1074 974/974 973/973
f 973/973 1075/1075 1074/1074
f 982/982 1076/1076 1072/1072
f 1072/1072 981/981 982/982
f 1071/1071 1075/1075 973/973
f 973/973 983/983 1071/1071
f 1069/1069 1077/1077 1060/1060
f 1060/1060 1056/1056 1069/1069
f 1063/1063 1059/1059 1078/1078
f 1078/1078 1066/1066 1063/1063
f 1059/1059 1060/1060 1077/1077
f 1077/1077 1078/1078 1059/1059
f 1062/1062 1079/1079 1068/1068
f 1068/1068 1058/1058 1062/1062
f 1080/1080 1081/1081 1037/1037
f 1037/1037 1036/1036 1080/1080
f 1045/1045 1043/1043 1082/1082
f 1082/1082 1083/1083 1045/1045
f 960/960 1084/1084 986/986
f 986/986 961/961 960/960
f 1085/1085 1086/1086 810/810
f 810/810 809/809 1085/1085
f 1087/1087 1088/1088 814/814
f 814/814 813/813 1087/1087
f 1089/1089 819/819 818/818
f 818/818 1090/1090 1089/1089
f 1091/1091 1092/1092 1093/1093
f 1093/1093 1094/1094 1091/1091
f 1095/1095 1096/1096 1091/1091
f 1091/1091 1097/1097 1095/1095
f 1085/1085 1098/1098 1099/1099
f 1099/1099 1100/1100 1085/1085
f 1101/1101 1102/1102 1103/1103
f 1103/1103 1104/1104 1101/1101
f 1105/1105 1106/1106 1102/1102
f 1102/1102 1101/1101 1105/1105
f 1101/1101 1104/1104 1107/1107
f 1107/1107 1108/1108 1101/1101
f 1109/1109 1099/1099 1090/1090
f 1090/1090 1110/1110 1109/1109
f 1090/1090 818/818 840/840
f 840/840 1110/1110 1090/1090
f 1111/1111 1112/1112 1113/1113
f 1113/1113 1114/1114 1111/1111
f 845/845 847/847 1114/1114
f 1114/1114 1115/1115 845/845
f 1116/1116 1117/1117 1118/1118
f 1118/1118 1119/1119 1116/1116
f 1087/1087 1086/1086 1120/1120
f 1120/1120 1088/1088 1087/1087
f 1121/1121 1122/1122 1123/1123
f 1123/1123 1124/1124 1121/1121
f 1114/1114 847/847 857/857
f 857/857 1111/1111 1114/1114
f 1125/1125 1126/1126 1127/1127
f 1127/1127 1113/1113 1125/1125
f 1098/1098 1085/1085 809/809
f 809/809 861/861 1098/1098
f 1097/1097 1094/1094 814/814
f 814/814 1128/1128 1097/1097
f 1129/1129 1130/1130 1110/1110
f 1110/1110 1131/1131 1129/1129
f 866/866 1132/1132 1133/1133
f 1133/1133 867/867 866/866
f 1129/1129 870/870 867/867
f 867/867 1133/1133 1129/1129
f 1134/1134 1135/1135 1133/1133
f 1133/1133 1132/1132 1134/1134
f 1131/1131 873/873 870/870
f 870/870 1129/1129 1131/1131
f 1136/1136 1128/1128 1088/1088
f 1088/1088 1120/1120 1136/1136
f 1087/1087 813/813 810/810
f 810/810 1086/1086 1087/1087
f 1118/1118 1123/1123 1122/1122
f 1122/1122 1119/1119 1118/1118
f 1127/1127 1126/1126 1123/1123
f 1123/1123 1137/1137 1127/1127
f 1135/1135 1116/1116 1138/1138
f 1119/1119 1139/1139 1138/1138
f 1138/1138 1116/1116 1119/1119
f 1122/1122 1140/1140 1139/1139
f 1139/1139 1119/1119 1122/1122
f 1140/1140 1141/1141 1142/1142
f 1142/1142 1139/1139 1140/1140
f 1143/1143 1096/1096 1141/1141
f 1141/1141 1140/1140 1143/1143
f 1121/1121 1143/1143 1140/1140
f 1140/1140 1122/1122 1121/1121
f 1144/1144 1143/1143 1121/1121
f 1121/1121 1145/1145 1144/1144
f 1146/1146 1137/1137 1118/1118
f 1118/1118 1117/1117 1146/1146
f 1136/1136 1147/1147 1095/1095
f 1095/1095 1128/1128 1136/1136
f 1148/1148 1124/1124 1126/1126
f 1126/1126 1125/1125 1148/1148
f 1092/1092 1091/1091 1096/1096
f 1096/1096 1144/1144 1092/1092
f 1149/1149 1150/1150 1151/1151
f 1151/1151 1152/1152 1149/1149
f 1153/1153 1154/1154 893/893
f 893/893 892/892 1153/1153
f 1155/1155 739/739 738/738
f 738/738 1156/1156 1155/1155
f 727/727 600/600 616/616
f 599/599 602/602 626/626
f 614/614 613/613 720/720
f 645/645 618/618 733/733
f 652/652 615/615 1157/1157
f 1158/1158 717/717 700/700
f 705/705 1159/1159 706/706
f 614/614 612/612 1160/1160
f 645/645 644/644 1161/1161
f 645/645 1162/1162 646/646
f 1159/1159 739/739 1155/1155
f 629/629 1163/1163 1164/1164
f 645/645 1161/1161 1165/1165
f 1166/1166 657/657 656/656
f 1164/1164 600/600 599/599
f 626/626 602/602 627/627
f 683/683 682/682 693/693
f 686/686 677/677 676/676
f 679/679 693/693 685/685
f 681/681 684/684 687/687
f 690/690 693/693 697/697
f 685/685 693/693 692/692
f 686/686 695/695 677/677
f 1165/1165 618/618 645/645
f 705/705 704/704 1164/1164
f 597/597 600/600 727/727
f 736/736 702/702 708/708
f 626/626 1164/1164 599/599
f 626/626 629/629 1164/1164
f 693/693 680/680 683/683
f 693/693 679/679 680/680
f 621/621 600/600 1164/1164
f 704/704 621/621 1164/1164
f 673/673 708/708 674/674
f 717/717 1158/1158 602/602
f 1158/1158 627/627 602/602
f 717/717 807/807 700/700
f 606/606 735/735 603/603
f 716/716 1166/1166 656/656
f 716/716 663/663 1166/1166
f 727/727 616/616 710/710
f 1160/1160 615/615 614/614
f 652/652 1157/1157 653/653
f 645/645 733/733 1162/1162
f 618/618 617/617 733/733
f 693/693 682/682 697/697
f 713/713 715/715 654/654
f 658/658 641/641 678/678
f 614/614 720/720 612/612
f 615/615 1160/1160 1157/1157
f 616/616 615/615 710/710
f 671/671 728/728 632/632
f 662/662 1166/1166 663/663
f 736/736 630/630 649/649
f 1163/1163 705/705 1164/1164
f 1159/1159 705/705 1163/1163
f 613/613 721/721 720/720
f 613/613 621/621 721/721
f 1163/1163 629/629 739/739
f 668/668 667/667 706/706
f 1159/1159 668/668 706/706
f 740/740 718/718 610/610
f 702/702 674/674 708/708
f 737/737 1167/1167 703/703
f 730/730 1167/1167 737/737
f 737/737 703/703 702/702
f 737/737 649/649 648/648
f 661/661 1166/1166 662/662
f 657/657 1166/1166 661/661
f 1168/1168 745/745 744/744
f 748/748 749/749 1169/1169
f 749/749 781/781 751/751
f 781/781 752/752 751/751
f 781/781 784/784 752/752
f 1170/1170 787/787 1168/1168
f 748/748 1169/1169 771/771
f 1168/1168 804/804 1170/1170
f 803/803 804/804 776/776
f 760/760 1171/1171 761/761
f 744/744 776/776 1168/1168
f 1168/1168 776/776 804/804
f 745/745 1168/1168 787/787
f 1169/1169 756/756 771/771
f 751/751 750/750 1169/1169
f 749/749 751/751 1169/1169
f 1169/1169 750/750 756/756
f 768/768 772/772 805/805
f 1172/1172 1173/1173 1174/1174
f 872/872 868/868 865/865
f 816/816 829/829 828/828
f 882/882 823/823 1175/1175
f 832/832 835/835 833/833
f 837/837 1176/1176 831/831
f 830/830 834/834 836/836
f 836/836 1176/1176 837/837
f 839/839 864/864 840/840
f 1177/1177 875/875 859/859
f 843/843 842/842 1177/1177
f 829/829 816/816 1178/1178
f 829/829 1178/1178 861/861
f 1178/1178 816/816 819/819
f 824/824 862/862 825/825
f 876/876 872/872 865/865
f 848/848 851/851 871/871
f 1177/1177 846/846 884/884
f 854/854 853/853 883/883
f 843/843 858/858 844/844
f 838/838 827/827 879/879
f 838/838 876/876 839/839
f 1179/1179 866/866 869/869
f 1180/1180 883/883 1175/1175
f 882/882 1175/1175 883/883
f 826/826 880/880 824/824
f 845/845 1179/1179 846/846
f 884/884 846/846 871/871
f 846/846 869/869 871/871
f 859/859 843/843 1177/1177
f 821/821 820/820 825/825
f 814/814 862/862 815/815
f 808/808 852/852 874/874
f 880/880 885/885 824/824
f 864/864 873/873 840/840
f 846/846 1179/1179 869/869
f 811/811 852/852 808/808
f 885/885 880/880 879/879
f 855/855 875/875 850/850
f 1177/1177 884/884 875/875
f 838/838 828/828 827/827
f 842/842 846/846 1177/1177
f 826/826 882/882 881/881
f 876/876 838/838 877/877
f 854/854 883/883 886/886
f 886/886 883/883 1180/1180
f 838/838 879/879 877/877
f 865/865 839/839 876/876
f 851/851 884/884 871/871
f 858/858 1180/1180 844/844
f 858/858 886/886 1180/1180
f 855/855 854/854 860/860
f 817/817 816/816 828/828
f 808/808 874/874 827/827
f 874/874 885/885 827/827
f 827/827 885/885 879/879
f 1181/1181 889/889 1182/1182
f 1183/1183 1184/1184 894/894
f 1185/1185 1186/1186 1187/1187
f 1188/1188 1189/1189 1190/1190
f 1191/1191 1192/1192 1193/1193
f 1194/1194 1195/1195 1196/1196
f 1197/1197 1193/1193 1198/1198
f 1199/1199 1200/1200 1188/1188
f 1182/1182 1200/1200 1201/1201
f 1193/1193 1202/1202 1191/1191
f 1203/1203 1197/1197 1198/1198
f 1204/1204 1172/1172 1205/1205
f 1182/1182 1201/1201 1206/1206
f 1191/1191 1207/1207 1208/1208
f 1201/1201 1172/1172 1209/1209
f 1210/1210 888/888 1211/1211
f 1195/1195 1212/1212 1196/1196
f 1184/1184 1213/1213 1214/1214
f 1215/1215 1216/1216 1183/1183
f 1216/1216 1213/1213 1184/1184
f 1186/1186 1217/1217 1187/1187
f 887/887 1218/1218 1219/1219
f 887/887 1214/1214 1218/1218
f 887/887 1220/1220 888/888
f 1196/1196 888/888 1210/1210
f 1196/1196 1210/1210 1194/1194
f 1188/1188 1200/1200 1189/1189
f 1196/1196 1189/1189 1182/1182
f 1208/1208 1207/1207 1221/1221
f 1217/1217 1215/1215 1187/1187
f 1183/1183 1216/1216 1184/1184
f 1208/1208 1206/1206 1209/1209
f 1198/1198 1193/1193 1192/1192
f 1222/1222 1223/1223 1185/1185
f 1187/1187 893/893 1222/1222
f 1187/1187 1215/1215 1183/1183
f 1182/1182 1189/1189 1200/1200
f 887/887 1184/1184 1214/1214
f 1204/1204 1173/1173 1172/1172
f 1172/1172 1201/1201 1200/1200
f 1174/1174 1198/1198 1209/1209
f 1224/1224 1203/1203 1174/1174
f 1206/1206 1201/1201 1209/1209
f 1172/1172 1174/1174 1209/1209
f 1198/1198 1208/1208 1209/1209
f 1200/1200 1199/1199 1205/1205
f 1172/1172 1200/1200 1205/1205
f 887/887 1219/1219 1220/1220
f 1220/1220 1211/1211 888/888
f 1191/1191 1208/1208 1192/1192
f 1192/1192 1208/1208 1198/1198
f 1173/1173 1224/1224 1174/1174
f 1203/1203 1198/1198 1174/1174
f 1212/1212 1189/1189 1196/1196
f 1212/1212 1190/1190 1189/1189
f 1187/1187 1222/1222 1185/1185
f 1181/1181 1182/1182 1206/1206
f 1208/1208 1221/1221 1206/1206
f 889/889 1196/1196 1182/1182
f 890/890 891/891 894/894
f 889/889 1181/1181 890/890
f 1184/1184 890/890 894/894
f 1187/1187 1183/1183 894/894
f 1187/1187 894/894 893/893
f 1184/1184 887/887 890/890
f 890/890 1181/1181 891/891
f 889/889 888/888 1196/1196
f 701/701 700/700 807/807
f 717/717 675/675 807/807
f 701/701 674/674 702/702
f 1159/1159 1163/1163 739/739
f 868/868 863/863 865/865
f 1225/1225 738/738 1018/1018
f 738/738 1225/1225 1156/1156
f 1009/1009 912/912 896/896
f 897/897 920/920 899/899
f 914/914 1003/1003 911/911
f 937/937 1013/1013 916/916
f 942/942 1226/1226 913/913
f 1158/1158 700/700 1000/1000
f 990/990 989/989 1227/1227
f 914/914 1228/1228 910/910
f 937/937 1229/1229 936/936
f 937/937 646/646 1162/1162
f 1227/1227 1225/1225 1018/1018
f 921/921 1230/1230 1231/1231
f 937/937 1232/1232 1229/1229
f 1233/1233 946/946 945/945
f 1230/1230 897/897 896/896
f 920/920 627/627 899/899
f 969/969 977/977 970/970
f 971/971 962/962 963/963
f 965/965 972/972 977/977
f 967/967 975/975 968/968
f 976/976 983/983 977/977
f 972/972 978/978 977/977
f 971/971 963/963 980/980
f 1232/1232 937/937 916/916
f 990/990 1230/1230 987/987
f 895/895 1009/1009 896/896
f 1016/1016 991/991 985/985
f 920/920 897/897 1230/1230
f 920/920 1230/1230 921/921
f 977/977 969/969 966/966
f 977/977 966/966 965/965
f 917/917 1230/1230 896/896
f 987/987 1230/1230 917/917
f 959/959 961/961 991/991
f 1000/1000 899/899 1158/1158
f 1158/1158 899/899 627/627
f 1000/1000 700/700 1084/1084
f 902/902 901/901 1014/1014
f 999/999 946/946 1233/1233
f 999/999 1233/1233 953/953
f 1009/1009 993/993 912/912
f 1228/1228 914/914 913/913
f 942/942 943/943 1226/1226
f 937/937 1162/1162 1013/1013
f 916/916 1013/1013 915/915
f 977/977 983/983 970/970
f 996/996 944/944 998/998
f 948/948 964/964 935/935
f 914/914 910/910 1003/1003
f 913/913 1226/1226 1228/1228
f 912/912 993/993 913/913
f 957/957 924/924 1010/1010
f 951/951 953/953 1233/1233
f 1016/1016 941/941 922/922
f 1231/1231 1230/1230 990/990
f 1227/1227 1231/1231 990/990
f 911/911 1003/1003 1002/1002
f 911/911 1002/1002 917/917
f 1231/1231 1018/1018 921/921
f 956/956 989/989 955/955
f 1227/1227 989/989 956/956
f 740/740 906/906 718/718
f 985/985 991/991 961/961
f 1017/1017 703/703 1167/1167
f 730/730 1017/1017 1167/1167
f 1017/1017 985/985 703/703
f 1017/1017 938/938 941/941
f 952/952 951/951 1233/1233
f 945/945 952/952 1233/1233
f 1234/1234 1021/1021 1020/1020
f 1025/1025 1235/1235 1026/1026
f 1026/1026 1030/1030 1057/1057
f 1057/1057 1030/1030 1029/1029
f 1057/1057 1029/1029 1061/1061
f 1236/1236 1234/1234 1065/1065
f 1025/1025 1047/1047 1235/1235
f 1234/1234 1236/1236 1081/1081
f 1080/1080 1053/1053 1081/1081
f 1039/1039 1038/1038 1237/1237
f 1021/1021 1234/1234 1053/1053
f 1234/1234 1081/1081 1053/1053
f 1020/1020 1065/1065 1234/1234
f 1235/1235 1047/1047 1032/1032
f 1030/1030 1235/1235 1027/1027
f 1026/1026 1235/1235 1030/1030
f 1235/1235 1032/1032 1027/1027
f 1045/1045 1083/1083 1049/1049
f 1238/1238 1239/1239 1240/1240
f 1135/1135 1130/1130 1133/1133
f 1089/1089 1099/1099 1098/1098
f 1144/1144 1241/1241 1092/1092
f 1103/1103 1102/1102 1106/1106
f 1107/1107 1104/1104 1242/1242
f 1101/1101 1108/1108 1105/1105
f 1108/1108 1107/1107 1242/1242
f 1110/1110 840/840 1131/1131
f 1243/1243 1127/1127 1137/1137
f 1113/1113 1243/1243 1114/1114
f 1098/1098 1178/1178 1089/1089
f 1098/1098 861/861 1178/1178
f 1178/1178 819/819 1089/1089
f 1095/1095 1097/1097 1128/1128
f 1138/1138 1130/1130 1135/1135
f 1116/1116 1134/1134 1117/1117
f 1243/1243 1146/1146 1115/1115
f 1124/1124 1145/1145 1121/1121
f 1113/1113 1112/1112 1125/1125
f 1109/1109 1142/1142 1100/1100
f 1109/1109 1110/1110 1138/1138
f 1179/1179 1132/1132 866/866
f 1244/1244 1241/1241 1145/1145
f 1144/1144 1145/1145 1241/1241
f 1096/1096 1095/1095 1141/1141
f 845/845 1115/1115 1179/1179
f 1146/1146 1134/1134 1115/1115
f 1115/1115 1134/1134 1132/1132
f 1127/1127 1243/1243 1113/1113
f 1094/1094 1097/1097 1091/1091
f 814/814 1088/1088 1128/1128
f 1085/1085 1136/1136 1120/1120
f 1141/1141 1095/1095 1147/1147
f 1131/1131 840/840 873/873
f 1115/1115 1132/1132 1179/1179
f 1086/1086 1085/1085 1120/1120
f 1147/1147 1142/1142 1141/1141
f 1123/1123 1118/1118 1137/1137
f 1243/1243 1137/1137 1146/1146
f 1109/1109 1100/1100 1099/1099
f 1114/1114 1243/1243 1115/1115
f 1096/1096 1143/1143 1144/1144
f 1138/1138 1139/1139 1109/1109
f 1124/1124 1148/1148 1145/1145
f 1148/1148 1244/1244 1145/1145
f 1109/1109 1139/1139 1142/1142
f 1130/1130 1138/1138 1110/1110
f 1117/1117 1134/1134 1146/1146
f 1125/1125 1112/1112 1244/1244
f 1125/1125 1244/1244 1148/1148
f 1123/1123 1126/1126 1124/1124
f 1090/1090 1099/1099 1089/1089
f 1085/1085 1100/1100 1136/1136
f 1136/1136 1100/1100 1147/1147
f 1100/1100 1142/1142 1147/1147
f 1245/1245 1246/1246 1151/1151
f 1247/1247 1154/1154 1248/1248
f 1249/1249 1250/1250 1251/1251
f 1252/1252 1253/1253 1254/1254
f 1191/1191 1255/1255 1256/1256
f 1257/1257 1258/1258 1259/1259
f 1260/1260 1261/1261 1255/1255
f 1262/1262 1252/1252 1263/1263
f 1246/1246 1264/1264 1263/1263
f 1255/1255 1191/1191 1202/1202
f 1265/1265 1261/1261 1260/1260
f 1266/1266 1267/1267 1238/1238
f 1246/1246 1268/1268 1264/1264
f 1191/1191 1269/1269 1207/1207
f 1264/1264 1270/1270 1238/1238
f 1271/1271 1272/1272 1152/1152
f 1259/1259 1258/1258 1273/1273
f 1248/1248 1274/1274 1275/1275
f 1276/1276 1247/1247 1277/1277
f 1277/1277 1248/1248 1275/1275
f 1251/1251 1250/1250 1278/1278
f 1149/1149 1279/1279 1280/1280
f 1149/1149 1280/1280 1274/1274
f 1149/1149 1152/1152 1281/1281
f 1258/1258 1271/1271 1152/1152
f 1258/1258 1257/1257 1271/1271
f 1252/1252 1254/1254 1263/1263
f 1258/1258 1246/1246 1254/1254
f 1269/1269 1221/1221 1207/1207
f 1278/1278 1250/1250 1276/1276
f 1247/1247 1248/1248 1277/1277
f 1269/1269 1270/1270 1268/1268
f 1261/1261 1256/1256 1255/1255
f 1222/1222 1249/1249 1223/1223
f 1250/1250 1222/1222 893/893
f 1250/1250 1247/1247 1276/1276
f 1246/1246 1263/1263 1254/1254
f 1149/1149 1274/1274 1248/1248
f 1266/1266 1238/1238 1240/1240
f 1238/1238 1263/1263 1264/1264
f 1239/1239 1270/1270 1261/1261
f 1282/1282 1239/1239 1265/1265
f 1268/1268 1270/1270 1264/1264
f 1238/1238 1270/1270 1239/1239
f 1261/1261 1270/1270 1269/1269
f 1263/1263 1267/1267 1262/1262
f 1238/1238 1267/1267 1263/1263
f 1149/1149 1281/1281 1279/1279
f 1281/1281 1152/1152 1272/1272
f 1191/1191 1256/1256 1269/1269
f 1256/1256 1261/1261 1269/1269
f 1240/1240 1239/1239 1282/1282
f 1265/1265 1239/1239 1261/1261
f 1273/1273 1258/1258 1254/1254
f 1273/1273 1254/1254 1253/1253
f 1250/1250 1249/1249 1222/1222
f 1245/1245 1268/1268 1246/1246
f 1269/1269 1268/1268 1221/1221
f 1151/1151 1246/1246 1258/1258
f 1150/1150 1154/1154 1153/1153
f 1151/1151 1150/1150 1245/1245
f 1248/1248 1154/1154 1150/1150
f 1250/1250 1154/1154 1247/1247
f 1250/1250 893/893 1154/1154
f 1248/1248 1150/1150 1149/1149
f 1150/1150 1153/1153 1245/1245
f 1151/1151 1258/1258 1152/1152
f 986/986 1084/1084 700/700
f 1000/1000 1084/1084 960/960
f 986/986 985/985 961/961
f 1227/1227 1018/1018 1231/1231
f 1133/1133 1130/1130 1129/1129
f 872/872 876/876 848/848
f 1135/1135 1134/1134 1116/1116
f 1283/1283 1284/1284 1285/1285
f 1285/1285 1286/1286 1283/1283
f 1287/1287 1288/1288 1289/1289
f 1289/1289 1284/1284 1287/1287
f 1290/1290 1291/1291 1292/1292
f 1292/1292 1293/1293 1290/1290
f 1294/1294 1295/1295 1296/1296
f 1296/1296 1297/1297 1294/1294
f 1298/1298 1299/1299 1300/1300
f 1300/1300 1301/1301 1298/1298
f 1302/1302 1303/1303 1304/1304
f 1304/1304 1305/1305 1302/1302
f 1298/1298 1294/1294 1306/1306
f 1306/1306 1307/1307 1298/1298
f 1308/1308 1309/1309 1310/1310
f 1310/1310 1311/1311 1308/1308
f 1309/1309 1308/1308 1303/1303
f 1303/1303 1312/1312 1309/1309
f 1313/1313 1314/1314 1315/1315
f 1315/1315 1303/1303 1313/1313
f 1316/1316 1306/1306 1317/1317
f 1317/1317 1318/1318 1316/1316
f 1306/1306 1297/1297 1319/1319
f 1319/1319 1317/1317 1306/1306
f 1316/1316 1320/1320 1307/1307
f 1307/1307 1306/1306 1316/1316
f 1321/1321 1322/1322 1323/1323
f 1323/1323 1324/1324 1321/1321
f 1325/1325 1326/1326 1324/1324
f 1324/1324 1323/1323 1325/1325
f 1322/1322 1321/1321 1327/1327
f 1327/1327 1328/1328 1322/1322
f 1329/1329 1321/1321 1324/1324
f 1324/1324 1330/1330 1329/1329
f 1321/1321 1329/1329 1331/1331
f 1331/1331 1327/1327 1321/1321
f 1329/1329 1332/1332 1333/1333
f 1333/1333 1331/1331 1329/1329
f 1334/1334 1285/1285 1335/1335
f 1335/1335 1336/1336 1334/1334
f 1334/1334 1336/1336 1337/1337
f 1337/1337 1338/1338 1334/1334
f 1339/1339 1340/1340 1341/1341
f 1341/1341 1342/1342 1339/1339
f 1343/1343 1286/1286 1285/1285
f 1285/1285 1334/1334 1343/1343
f 1340/1340 1344/1344 1345/1345
f 1345/1345 1346/1346 1340/1340
f 1334/1334 1338/1338 1347/1347
f 1347/1347 1343/1343 1334/1334
f 1337/1337 1348/1348 1305/1305
f 1305/1305 1304/1304 1337/1337
f 1347/1347 1349/1349 1350/1350
f 1350/1350 1345/1345 1347/1347
f 1304/1304 1303/1303 1308/1308
f 1308/1308 1351/1351 1304/1304
f 1352/1352 1341/1341 1353/1353
f 1353/1353 1354/1354 1352/1352
f 1338/1338 1337/1337 1304/1304
f 1304/1304 1351/1351 1338/1338
f 1299/1299 1355/1355 1346/1346
f 1355/1355 1299/1299 1356/1356
f 1356/1356 1353/1353 1355/1355
f 1349/1349 1347/1347 1338/1338
f 1338/1338 1351/1351 1349/1349
f 1357/1357 1348/1348 1337/1337
f 1337/1337 1336/1336 1357/1357
f 1343/1343 1347/1347 1345/1345
f 1345/1345 1344/1344 1343/1343
f 1353/1353 1356/1356 1358/1358
f 1358/1358 1354/1354 1353/1353
f 1349/1349 1311/1311 1359/1359
f 1359/1359 1350/1350 1349/1349
f 1294/1294 1298/1298 1301/1301
f 1301/1301 1295/1295 1294/1294
f 1299/1299 1298/1298 1307/1307
f 1307/1307 1356/1356 1299/1299
f 1351/1351 1308/1308 1311/1311
f 1311/1311 1349/1349 1351/1351
f 1358/1358 1356/1356 1307/1307
f 1307/1307 1320/1320 1358/1358
f 1296/1296 1295/1295 1328/1328
f 1328/1328 1327/1327 1296/1296
f 1301/1301 1300/1300 1350/1350
f 1350/1350 1359/1359 1301/1301
f 1331/1331 1360/1360 1296/1296
f 1296/1296 1327/1327 1331/1331
f 1300/1300 1346/1346 1345/1345
f 1345/1345 1350/1350 1300/1300
f 1295/1295 1301/1301 1359/1359
f 1359/1359 1328/1328 1295/1295
f 1361/1361 1362/1362 1363/1363
f 1363/1363 1364/1364 1361/1361
f 1297/1297 1362/1362 1361/1361
f 1361/1361 1319/1319 1297/1297
f 1284/1284 1283/1283 1365/1365
f 1365/1365 1287/1287 1284/1284
f 1289/1289 1335/1335 1285/1285
f 1285/1285 1284/1284 1289/1289
f 1366/1366 1312/1312 1303/1303
f 1303/1303 1315/1315 1366/1366
f 1367/1367 1368/1368 1326/1326
f 1326/1326 1325/1325 1367/1367
f 1369/1369 1330/1330 1326/1326
f 1326/1326 1368/1368 1369/1369
f 1366/1366 1367/1367 1325/1325
f 1325/1325 1312/1312 1366/1366
f 1312/1312 1325/1325 1323/1323
f 1323/1323 1309/1309 1312/1312
f 1309/1309 1323/1323 1322/1322
f 1322/1322 1310/1310 1309/1309
f 1310/1310 1328/1328 1359/1359
f 1359/1359 1311/1311 1310/1310
f 1370/1370 1290/1290 1293/1293
f 1293/1293 1371/1371 1370/1370
f 1372/1372 1373/1373 1374/1374
f 1374/1374 1375/1375 1372/1372
f 1372/1372 1376/1376 1377/1377
f 1377/1377 1373/1373 1372/1372
f 1375/1375 1374/1374 1378/1378
f 1378/1378 1379/1379 1375/1375
f 1380/1380 1381/1381 1379/1379
f 1379/1379 1382/1382 1380/1380
f 1383/1383 1384/1384 1385/1385
f 1385/1385 1386/1386 1383/1383
f 1387/1387 1388/1388 1389/1389
f 1389/1389 1390/1390 1387/1387
f 1391/1391 1392/1392 1393/1393
f 1393/1393 1394/1394 1391/1391
f 1395/1395 1387/1387 1390/1390
f 1390/1390 1396/1396 1395/1395
f 1397/1397 1398/1398 1399/1399
f 1399/1399 1400/1400 1397/1397
f 1401/1401 1402/1402 1403/1403
f 1403/1403 1404/1404 1401/1401
f 1403/1403 1405/1405 1406/1406
f 1406/1406 1404/1404 1403/1403
f 1394/1394 1393/1393 1407/1407
f 1407/1407 1408/1408 1394/1394
f 1390/1390 1392/1392 1391/1391
f 1391/1391 1396/1396 1390/1390
f 1409/1409 1410/1410 1411/1411
f 1411/1411 1412/1412 1409/1409
f 1398/1398 1397/1397 1410/1410
f 1410/1410 1409/1409 1398/1398
f 1392/1392 1390/1390 1389/1389
f 1389/1389 1393/1393 1392/1392
f 1389/1389 1388/1388 1413/1413
f 1413/1413 1383/1383 1389/1389
f 1414/1414 1415/1415 1416/1416
f 1416/1416 1417/1417 1414/1414
f 1418/1418 1402/1402 1395/1395
f 1395/1395 1419/1419 1418/1418
f 1420/1420 1403/1403 1402/1402
f 1402/1402 1418/1418 1420/1420
f 1421/1421 1414/1414 1417/1417
f 1417/1417 1422/1422 1421/1421
f 1423/1423 1424/1424 1425/1425
f 1425/1425 1405/1405 1423/1423
f 1420/1420 1423/1423 1405/1405
f 1405/1405 1403/1403 1420/1420
f 1375/1375 1426/1426 1427/1427
f 1427/1427 1372/1372 1375/1375
f 1407/1407 1386/1386 1385/1385
f 1385/1385 1408/1408 1407/1407
f 1427/1427 1428/1428 1376/1376
f 1376/1376 1372/1372 1427/1427
f 1402/1402 1401/1401 1429/1429
f 1429/1429 1395/1395 1402/1402
f 1426/1426 1381/1381 1429/1429
f 1429/1429 1401/1401 1426/1426
f 1427/1427 1426/1426 1401/1401
f 1401/1401 1404/1404 1427/1427
f 1427/1427 1404/1404 1406/1406
f 1406/1406 1428/1428 1427/1427
f 1381/1381 1426/1426 1375/1375
f 1375/1375 1379/1379 1381/1381
f 1430/1430 1380/1380 1431/1431
f 1290/1290 1370/1370 1432/1432
f 1289/1289 1288/1288 1433/1433
f 1283/1283 1286/1286 1432/1432
f 1310/1310 1322/1322 1328/1328
f 1306/1306 1294/1294 1297/1297
f 1324/1324 1326/1326 1330/1330
f 1369/1369 1434/1434 1330/1330
f 1362/1362 1360/1360 1363/1363
f 1330/1330 1332/1332 1329/1329
f 1343/1343 1344/1344 1286/1286
f 1336/1336 1335/1335 1435/1435
f 1436/1436 1342/1342 1341/1341
f 1290/1290 1339/1339 1342/1342
f 1432/1432 1339/1339 1290/1290
f 1344/1344 1340/1340 1339/1339
f 1341/1341 1340/1340 1355/1355
f 1436/1436 1341/1341 1352/1352
f 1290/1290 1342/1342 1291/1291
f 1344/1344 1339/1339 1432/1432
f 1286/1286 1344/1344 1432/1432
f 1330/1330 1434/1434 1332/1332
f 1360/1360 1297/1297 1296/1296
f 1302/1302 1313/1313 1303/1303
f 1336/1336 1435/1435 1357/1357
f 1333/1333 1360/1360 1331/1331
f 1340/1340 1346/1346 1355/1355
f 1341/1341 1355/1355 1353/1353
f 1291/1291 1342/1342 1436/1436
f 1437/1437 1435/1435 1335/1335
f 1362/1362 1297/1297 1360/1360
f 1370/1370 1283/1283 1432/1432
f 1365/1365 1283/1283 1371/1371
f 1335/1335 1289/1289 1437/1437
f 1437/1437 1289/1289 1433/1433
f 1371/1371 1283/1283 1370/1370
f 1379/1379 1378/1378 1382/1382
f 1376/1376 1430/1430 1431/1431
f 1377/1377 1376/1376 1431/1431
f 1363/1363 1360/1360 1333/1333
f 1429/1429 1380/1380 1438/1438
f 1438/1438 1387/1387 1429/1429
f 1439/1439 1440/1440 1441/1441
f 1405/1405 1425/1425 1442/1442
f 1442/1442 1425/1425 1413/1413
f 1438/1438 1413/1413 1388/1388
f 1407/1407 1393/1393 1389/1389
f 1387/1387 1395/1395 1429/1429
f 1384/1384 1413/1413 1425/1425
f 1423/1423 1443/1443 1444/1444
f 1423/1423 1420/1420 1443/1443
f 1383/1383 1413/1413 1384/1384
f 1388/1388 1387/1387 1438/1438
f 1442/1442 1413/1413 1438/1438
f 1445/1445 1418/1418 1419/1419
f 1443/1443 1420/1420 1418/1418
f 1424/1424 1423/1423 1444/1444
f 1443/1443 1418/1418 1445/1445
f 1389/1389 1386/1386 1407/1407
f 1383/1383 1386/1386 1389/1389
f 1442/1442 1438/1438 1430/1430
f 1428/1428 1430/1430 1376/1376
f 1442/1442 1406/1406 1405/1405
f 1442/1442 1430/1430 1406/1406
f 1438/1438 1380/1380 1430/1430
f 1406/1406 1430/1430 1428/1428
f 1429/1429 1381/1381 1380/1380
f 1380/1380 1382/1382 1431/1431
f 1446/1446 1447/1447 1448/1448
f 1448/1448 1449/1449 1446/1446
f 1450/1450 1449/1449 1451/1451
f 1451/1451 1452/1452 1450/1450
f 1453/1453 1454/1454 1455/1455
f 1455/1455 1456/1456 1453/1453
f 1457/1457 1458/1458 1459/1459
f 1459/1459 1460/1460 1457/1457
f 1461/1461 1462/1462 1463/1463
f 1463/1463 1464/1464 1461/1461
f 1465/1465 1466/1466 1467/1467
f 1467/1467 1468/1468 1465/1465
f 1461/1461 1469/1469 1470/1470
f 1470/1470 1457/1457 1461/1461
f 1471/1471 1472/1472 1473/1473
f 1473/1473 1474/1474 1471/1471
f 1474/1474 1475/1475 1468/1468
f 1468/1468 1471/1471 1474/1474
f 1476/1476 1468/1468 1315/1315
f 1315/1315 1314/1314 1476/1476
f 1477/1477 1318/1318 1317/1317
f 1317/1317 1470/1470 1477/1477
f 1470/1470 1317/1317 1319/1319
f 1319/1319 1458/1458 1470/1470
f 1477/1477 1470/1470 1469/1469
f 1469/1469 1478/1478 1477/1477
f 1479/1479 1480/1480 1481/1481
f 1481/1481 1482/1482 1479/1479
f 1483/1483 1481/1481 1480/1480
f 1480/1480 1484/1484 1483/1483
f 1482/1482 1485/1485 1486/1486
f 1486/1486 1479/1479 1482/1482
f 1487/1487 1488/1488 1480/1480
f 1480/1480 1479/1479 1487/1487
f 1479/1479 1486/1486 1489/1489
f 1489/1489 1487/1487 1479/1479
f 1487/1487 1489/1489 1490/1490
f 1490/1490 1491/1491 1487/1487
f 1492/1492 1493/1493 1494/1494
f 1494/1494 1448/1448 1492/1492
f 1492/1492 1495/1495 1496/1496
f 1496/1496 1493/1493 1492/1492
f 1497/1497 1498/1498 1499/1499
f 1499/1499 1500/1500 1497/1497
f 1501/1501 1492/1492 1448/1448
f 1448/1448 1447/1447 1501/1501
f 1500/1500 1502/1502 1503/1503
f 1503/1503 1504/1504 1500/1500
f 1492/1492 1501/1501 1505/1505
f 1505/1505 1495/1495 1492/1492
f 1496/1496 1467/1467 1466/1466
f 1466/1466 1506/1506 1496/1496
f 1505/1505 1503/1503 1507/1507
f 1507/1507 1508/1508 1505/1505
f 1467/1467 1509/1509 1471/1471
f 1471/1471 1468/1468 1467/1467
f 1510/1510 1511/1511 1512/1512
f 1512/1512 1499/1499 1510/1510
f 1495/1495 1509/1509 1467/1467
f 1467/1467 1496/1496 1495/1495
f 1464/1464 1463/1463 1502/1502
f 1513/1513 1512/1512 1514/1514
f 1514/1514 1464/1464 1513/1513
f 1508/1508 1509/1509 1495/1495
f 1495/1495 1505/1505 1508/1508
f 1515/1515 1493/1493 1496/1496
f 1496/1496 1506/1506 1515/1515
f 1501/1501 1504/1504 1503/1503
f 1503/1503 1505/1505 1501/1501
f 1512/1512 1511/1511 1516/1516
f 1516/1516 1514/1514 1512/1512
f 1508/1508 1507/1507 1517/1517
f 1517/1517 1472/1472 1508/1508
f 1457/1457 1460/1460 1462/1462
f 1462/1462 1461/1461 1457/1457
f 1464/1464 1514/1514 1469/1469
f 1469/1469 1461/1461 1464/1464
f 1509/1509 1508/1508 1472/1472
f 1472/1472 1471/1471 1509/1509
f 1516/1516 1478/1478 1469/1469
f 1469/1469 1514/1514 1516/1516
f 1459/1459 1486/1486 1485/1485
f 1485/1485 1460/1460 1459/1459
f 1462/1462 1517/1517 1507/1507
f 1507/1507 1463/1463 1462/1462
f 1489/1489 1486/1486 1459/1459
f 1459/1459 1518/1518 1489/1489
f 1463/1463 1507/1507 1503/1503
f 1503/1503 1502/1502 1463/1463
f 1460/1460 1485/1485 1517/1517
f 1517/1517 1462/1462 1460/1460
f 1361/1361 1364/1364 1519/1519
f 1519/1519 1520/1520 1361/1361
f 1458/1458 1319/1319 1361/1361
f 1361/1361 1520/1520 1458/1458
f 1449/1449 1450/1450 1521/1521
f 1521/1521 1446/1446 1449/1449
f 1451/1451 1449/1449 1448/1448
f 1448/1448 1494/1494 1451/1451
f 1366/1366 1315/1315 1468/1468
f 1468/1468 1475/1475 1366/1366
f 1367/1367 1483/1483 1484/1484
f 1484/1484 1368/1368 1367/1367
f 1369/1369 1368/1368 1484/1484
f 1484/1484 1488/1488 1369/1369
f 1366/1366 1475/1475 1483/1483
f 1483/1483 1367/1367 1366/1366
f 1475/1475 1474/1474 1481/1481
f 1481/1481 1483/1483 1475/1475
f 1474/1474 1473/1473 1482/1482
f 1482/1482 1481/1481 1474/1474
f 1473/1473 1472/1472 1517/1517
f 1517/1517 1485/1485 1473/1473
f 1522/1522 1523/1523 1454/1454
f 1454/1454 1453/1453 1522/1522
f 1524/1524 1525/1525 1526/1526
f 1526/1526 1527/1527 1524/1524
f 1524/1524 1527/1527 1528/1528
f 1528/1528 1529/1529 1524/1524
f 1525/1525 1530/1530 1531/1531
f 1531/1531 1526/1526 1525/1525
f 1532/1532 1533/1533 1530/1530
f 1530/1530 1534/1534 1532/1532
f 1535/1535 1536/1536 1537/1537
f 1537/1537 1538/1538 1535/1535
f 1539/1539 1540/1540 1541/1541
f 1541/1541 1542/1542 1539/1539
f 1543/1543 1544/1544 1545/1545
f 1545/1545 1546/1546 1543/1543
f 1547/1547 1548/1548 1540/1540
f 1540/1540 1539/1539 1547/1547
f 1549/1549 1550/1550 1551/1551
f 1551/1551 1552/1552 1549/1549
f 1553/1553 1554/1554 1555/1555
f 1555/1555 1556/1556 1553/1553
f 1555/1555 1554/1554 1557/1557
f 1557/1557 1558/1558 1555/1555
f 1544/1544 1559/1559 1560/1560
f 1560/1560 1545/1545 1544/1544
f 1540/1540 1548/1548 1543/1543
f 1543/1543 1546/1546 1540/1540
f 1561/1561 1562/1562 1563/1563
f 1563/1563 1564/1564 1561/1561
f 1552/1552 1561/1561 1564/1564
f 1564/1564 1549/1549 1552/1552
f 1546/1546 1545/1545 1541/1541
f 1541/1541 1540/1540 1546/1546
f 1541/1541 1535/1535 1565/1565
f 1565/1565 1542/1542 1541/1541
f 1566/1566 1567/1567 1568/1568
f 1568/1568 1569/1569 1566/1566
f 1570/1570 1571/1571 1547/1547
f 1547/1547 1556/1556 1570/1570
f 1572/1572 1570/1570 1556/1556
f 1556/1556 1555/1555 1572/1572
f 1573/1573 1574/1574 1567/1567
f 1567/1567 1566/1566 1573/1573
f 1575/1575 1558/1558 1576/1576
f 1576/1576 1577/1577 1575/1575
f 1572/1572 1555/1555 1558/1558
f 1558/1558 1575/1575 1572/1572
f 1525/1525 1524/1524 1578/1578
f 1578/1578 1579/1579 1525/1525
f 1560/1560 1559/1559 1537/1537
f 1537/1537 1536/1536 1560/1560
f 1578/1578 1524/1524 1529/1529
f 1529/1529 1580/1580 1578/1578
f 1556/1556 1547/1547 1581/1581
f 1581/1581 1553/1553 1556/1556
f 1579/1579 1553/1553 1581/1581
f 1581/1581 1534/1534 1579/1579
f 1578/1578 1554/1554 1553/1553
f 1553/1553 1579/1579 1578/1578
f 1578/1578 1580/1580 1557/1557
f 1557/1557 1554/1554 1578/1578
f 1534/1534 1530/1530 1525/1525
f 1525/1525 1579/1579 1534/1534
f 1582/1582 1583/1583 1532/1532
f 1453/1453 1584/1584 1522/1522
f 1451/1451 1585/1585 1452/1452
f 1446/1446 1584/1584 1447/1447
f 1473/1473 1485/1485 1482/1482
f 1470/1470 1458/1458 1457/1457
f 1480/1480 1488/1488 1484/1484
f 1369/1369 1488/1488 1434/1434
f 1520/1520 1519/1519 1518/1518
f 1488/1488 1487/1487 1491/1491
f 1501/1501 1447/1447 1504/1504
f 1493/1493 1586/1586 1494/1494
f 1587/1587 1499/1499 1498/1498
f 1453/1453 1498/1498 1497/1497
f 1584/1584 1453/1453 1497/1497
f 1504/1504 1497/1497 1500/1500
f 1499/1499 1513/1513 1500/1500
f 1587/1587 1510/1510 1499/1499
f 1453/1453 1456/1456 1498/1498
f 1504/1504 1584/1584 1497/1497
f 1447/1447 1584/1584 1504/1504
f 1488/1488 1491/1491 1434/1434
f 1518/1518 1459/1459 1458/1458
f 1465/1465 1468/1468 1476/1476
f 1493/1493 1515/1515 1586/1586
f 1490/1490 1489/1489 1518/1518
f 1500/1500 1513/1513 1502/1502
f 1499/1499 1512/1512 1513/1513
f 1456/1456 1587/1587 1498/1498
f 1588/1588 1494/1494 1586/1586
f 1520/1520 1518/1518 1458/1458
f 1522/1522 1584/1584 1446/1446
f 1521/1521 1523/1523 1446/1446
f 1494/1494 1588/1588 1451/1451
f 1588/1588 1585/1585 1451/1451
f 1523/1523 1522/1522 1446/1446
f 1530/1530 1533/1533 1531/1531
f 1529/1529 1583/1583 1582/1582
f 1528/1528 1583/1583 1529/1529
f 1519/1519 1490/1490 1518/1518
f 1581/1581 1589/1589 1532/1532
f 1589/1589 1581/1581 1539/1539
f 1590/1590 1591/1591 1592/1592
f 1558/1558 1593/1593 1576/1576
f 1593/1593 1565/1565 1576/1576
f 1589/1589 1542/1542 1565/1565
f 1560/1560 1541/1541 1545/1545
f 1539/1539 1581/1581 1547/1547
f 1538/1538 1576/1576 1565/1565
f 1575/1575 1594/1594 1595/1595
f 1575/1575 1595/1595 1572/1572
f 1535/1535 1538/1538 1565/1565
f 1542/1542 1589/1589 1539/1539
f 1593/1593 1589/1589 1565/1565
f 1596/1596 1571/1571 1570/1570
f 1595/1595 1570/1570 1572/1572
f 1577/1577 1594/1594 1575/1575
f 1595/1595 1596/1596 1570/1570
f 1541/1541 1560/1560 1536/1536
f 1535/1535 1541/1541 1536/1536
f 1593/1593 1582/1582 1589/1589
f 1580/1580 1529/1529 1582/1582
f 1593/1593 1558/1558 1557/1557
f 1593/1593 1557/1557 1582/1582
f 1589/1589 1582/1582 1532/1532
f 1557/1557 1580/1580 1582/1582
f 1581/1581 1532/1532 1534/1534
f 1532/1532 1583/1583 1533/1533
f 1597/1597 1598/1598 1599/1599
f 1599/1599 1600/1600 1597/1597
f 1601/1601 1602/1602 1603/1603
f 1603/1603 1604/1604 1601/1601
f 1605/1605 1606/1606 1607/1607
f 1607/1607 1608/1608 1605/1605
f 1605/1605 1608/1608 1609/1609
f 1609/1609 1610/1610 1605/1605
f 1605/1605 1599/1599 1611/1611
f 1611/1611 1606/1606 1605/1605
f 1612/1612 1609/1609 1613/1613
f 1608/1608 1614/1614 1613/1613
f 1613/1613 1609/1609 1608/1608
f 1599/1599 1605/1605 1610/1610
f 1610/1610 1600/1600 1599/1599
f 1615/1615 1616/1616 1617/1617
f 1617/1617 1618/1618 1615/1615
f 1619/1619 1620/1620 1617/1617
f 1617/1617 1621/1621 1619/1619
f 1622/1622 1618/1618 1617/1617
f 1617/1617 1620/1620 1622/1622
f 1618/1618 1623/1623 1624/1624
f 1624/1624 1615/1615 1618/1618
f 1615/1615 1624/1624 1625/1625
f 1625/1625 1626/1626 1615/1615
f 1602/1602 1601/1601 1627/1627
f 1627/1627 1628/1628 1602/1602
f 1600/1600 1610/1610 1629/1629
f 1629/1629 1630/1630 1600/1600
f 1631/1631 1597/1597 1632/1632
f 1632/1632 1633/1633 1631/1631
f 1634/1634 1635/1635 1636/1636
f 1636/1636 1637/1637 1634/1634
f 1610/1610 1609/1609 1638/1638
f 1638/1638 1629/1629 1610/1610
f 1639/1639 1604/1604 1603/1603
f 1603/1603 1640/1640 1639/1639
f 1641/1641 1634/1634 1637/1637
f 1619/1619 1621/1621 1642/1642
f 1642/1642 1643/1643 1619/1619
f 1644/1644 1620/1620 1619/1619
f 1619/1619 1645/1645 1644/1644
f 1646/1646 1622/1622 1620/1620
f 1620/1620 1644/1644 1646/1646
f 1598/1598 1647/1647 1611/1611
f 1611/1611 1599/1599 1598/1598
f 1648/1648 1614/1614 1608/1608
f 1608/1608 1607/1607 1648/1648
f 1643/1643 1649/1649 1645/1645
f 1645/1645 1619/1619 1643/1643
f 1650/1650 1616/1616 1615/1615
f 1615/1615 1626/1626 1650/1650
f 1651/1651 1652/1652 1653/1653
f 1653/1653 1654/1654 1651/1651
f 1654/1654 1653/1653 1655/1655
f 1655/1655 1656/1656 1654/1654
f 1657/1657 1658/1658 1659/1659
f 1659/1659 1660/1660 1657/1657
f 1656/1656 1661/1661 1662/1662
f 1662/1662 1654/1654 1656/1656
f 1663/1663 1664/1664 1665/1665
f 1665/1665 1666/1666 1663/1663
f 1667/1667 1668/1668 1666/1666
f 1666/1666 1665/1665 1667/1667
f 1669/1669 1670/1670 1671/1671
f 1671/1671 1672/1672 1669/1669
f 1673/1673 1669/1669 1672/1672
f 1672/1672 1674/1674 1673/1673
f 1671/1671 1670/1670 1668/1668
f 1668/1668 1667/1667 1671/1671
f 1675/1675 1676/1676 1677/1677
f 1677/1677 1678/1678 1675/1675
f 1679/1679 1680/1680 1681/1681
f 1681/1681 1682/1682 1679/1679
f 1683/1683 1680/1680 1679/1679
f 1679/1679 1684/1684 1683/1683
f 1685/1685 1686/1686 1687/1687
f 1687/1687 1688/1688 1685/1685
f 1677/1677 1689/1689 1690/1690
f 1690/1690 1678/1678 1677/1677
f 1690/1690 1689/1689 1691/1691
f 1691/1691 1692/1692 1690/1690
f 1686/1686 1683/1683 1684/1684
f 1684/1684 1687/1687 1686/1686
f 1693/1693 1694/1694 1678/1678
f 1678/1678 1690/1690 1693/1693
f 1623/1623 1613/1613 1614/1614
f 1614/1614 1624/1624 1623/1623
f 1624/1624 1614/1614 1648/1648
f 1648/1648 1625/1625 1624/1624
f 1695/1695 1696/1696 1697/1697
f 1697/1697 1698/1698 1695/1695
f 1621/1621 1616/1616 1650/1650
f 1654/1654 1699/1699 1651/1651
f 1700/1700 1701/1701 1702/1702
f 1700/1700 1702/1702 1703/1703
f 1704/1704 1705/1705 1706/1706
f 1706/1706 1707/1707 1704/1704
f 1708/1708 1709/1709 1710/1710
f 1621/1621 1617/1617 1616/1616
f 1646/1646 1711/1711 1622/1622
f 1711/1711 1623/1623 1618/1618
f 1711/1711 1618/1618 1622/1622
f 1642/1642 1621/1621 1650/1650
f 1627/1627 1712/1712 1713/1713
f 1627/1627 1714/1714 1715/1715
f 1715/1715 1628/1628 1627/1627
f 1706/1706 1716/1716 1717/1717
f 1717/1717 1718/1718 1706/1706
f 1707/1707 1706/1706 1660/1660
f 1719/1719 1720/1720 1721/1721
f 1722/1722 1723/1723 1659/1659
f 1659/1659 1724/1724 1722/1722
f 1725/1725 1662/1662 1661/1661
f 1708/1708 1726/1726 1727/1727
f 1706/1706 1718/1718 1657/1657
f 1661/1661 1728/1728 1729/1729
f 1729/1729 1725/1725 1661/1661
f 1706/1706 1657/1657 1660/1660
f 1730/1730 1708/1708 1710/1710
f 1703/1703 1663/1663 1700/1700
f 1705/1705 1716/1716 1706/1706
f 1731/1731 1732/1732 1733/1733
f 1731/1731 1711/1711 1646/1646
f 1731/1731 1733/1733 1711/1711
f 1676/1676 1675/1675 1734/1734
f 1733/1733 1612/1612 1711/1711
f 1675/1675 1678/1678 1735/1735
f 1675/1675 1735/1735 1736/1736
f 1675/1675 1736/1736 1734/1734
f 1692/1692 1693/1693 1690/1690
f 1737/1737 1738/1738 1739/1739
f 1641/1641 1740/1740 1739/1739
f 1739/1739 1741/1741 1641/1641
f 1741/1741 1742/1742 1634/1634
f 1699/1699 1662/1662 1743/1743
f 1743/1743 1744/1744 1699/1699
f 1703/1703 1664/1664 1663/1663
f 1742/1742 1741/1741 1712/1712
f 1712/1712 1601/1601 1742/1742
f 1742/1742 1601/1601 1604/1604
f 1742/1742 1604/1604 1634/1634
f 1627/1627 1601/1601 1712/1712
f 1678/1678 1694/1694 1735/1735
f 1692/1692 1745/1745 1693/1693
f 1711/1711 1612/1612 1623/1623
f 1612/1612 1613/1613 1623/1623
f 1612/1612 1638/1638 1609/1609
f 1631/1631 1635/1635 1746/1746
f 1634/1634 1604/1604 1746/1746
f 1604/1604 1639/1639 1746/1746
f 1631/1631 1639/1639 1598/1598
f 1598/1598 1597/1597 1631/1631
f 1600/1600 1630/1630 1632/1632
f 1632/1632 1597/1597 1600/1600
f 1639/1639 1640/1640 1647/1647
f 1647/1647 1598/1598 1639/1639
f 1658/1658 1747/1747 1724/1724
f 1724/1724 1659/1659 1658/1658
f 1723/1723 1707/1707 1660/1660
f 1660/1660 1659/1659 1723/1723
f 1631/1631 1633/1633 1636/1636
f 1636/1636 1635/1635 1631/1631
f 1652/1652 1722/1722 1724/1724
f 1724/1724 1653/1653 1652/1652
f 1653/1653 1724/1724 1747/1747
f 1747/1747 1655/1655 1653/1653
f 1635/1635 1634/1634 1746/1746
f 1681/1681 1736/1736 1682/1682
f 1681/1681 1734/1734 1736/1736
f 1716/1716 1695/1695 1717/1717
f 1705/1705 1696/1696 1716/1716
f 1716/1716 1696/1696 1695/1695
f 1641/1641 1741/1741 1634/1634
f 1714/1714 1708/1708 1730/1730
f 1730/1730 1715/1715 1714/1714
f 1714/1714 1627/1627 1713/1713
f 1713/1713 1726/1726 1714/1714
f 1728/1728 1720/1720 1729/1729
f 1708/1708 1714/1714 1726/1726
f 1741/1741 1739/1739 1738/1738
f 1738/1738 1712/1712 1741/1741
f 1740/1740 1737/1737 1739/1739
f 1743/1743 1748/1748 1744/1744
f 1654/1654 1662/1662 1699/1699
f 1749/1749 1750/1750 1751/1751
f 1751/1751 1752/1752 1749/1749
f 1753/1753 1754/1754 1603/1603
f 1603/1603 1602/1602 1753/1753
f 1755/1755 1756/1756 1607/1607
f 1607/1607 1606/1606 1755/1755
f 1755/1755 1757/1757 1758/1758
f 1758/1758 1756/1756 1755/1755
f 1755/1755 1606/1606 1611/1611
f 1611/1611 1751/1751 1755/1755
f 1759/1759 1760/1760 1758/1758
f 1756/1756 1758/1758 1760/1760
f 1760/1760 1761/1761 1756/1756
f 1751/1751 1750/1750 1757/1757
f 1757/1757 1755/1755 1751/1751
f 1762/1762 1763/1763 1764/1764
f 1764/1764 1765/1765 1762/1762
f 1766/1766 1767/1767 1764/1764
f 1764/1764 1768/1768 1766/1766
f 1769/1769 1768/1768 1764/1764
f 1764/1764 1763/1763 1769/1769
f 1763/1763 1762/1762 1770/1770
f 1770/1770 1771/1771 1763/1763
f 1762/1762 1626/1626 1625/1625
f 1625/1625 1770/1770 1762/1762
f 1602/1602 1628/1628 1772/1772
f 1772/1772 1753/1753 1602/1602
f 1750/1750 1773/1773 1774/1774
f 1774/1774 1757/1757 1750/1750
f 1775/1775 1776/1776 1777/1777
f 1777/1777 1749/1749 1775/1775
f 1778/1778 1779/1779 1780/1780
f 1780/1780 1781/1781 1778/1778
f 1757/1757 1774/1774 1782/1782
f 1782/1782 1758/1758 1757/1757
f 1783/1783 1640/1640 1603/1603
f 1603/1603 1754/1754 1783/1783
f 1784/1784 1779/1779 1778/1778
f 1766/1766 1643/1643 1642/1642
f 1642/1642 1767/1767 1766/1766
f 1785/1785 1786/1786 1766/1766
f 1766/1766 1768/1768 1785/1785
f 1787/1787 1785/1785 1768/1768
f 1768/1768 1769/1769 1787/1787
f 1752/1752 1751/1751 1611/1611
f 1611/1611 1647/1647 1752/1752
f 1648/1648 1607/1607 1756/1756
f 1756/1756 1761/1761 1648/1648
f 1643/1643 1766/1766 1786/1786
f 1786/1786 1649/1649 1643/1643
f 1650/1650 1626/1626 1762/1762
f 1762/1762 1765/1765 1650/1650
f 1788/1788 1789/1789 1790/1790
f 1790/1790 1791/1791 1788/1788
f 1789/1789 1656/1656 1655/1655
f 1655/1655 1790/1790 1789/1789
f 1657/1657 1792/1792 1793/1793
f 1793/1793 1658/1658 1657/1657
f 1656/1656 1789/1789 1794/1794
f 1794/1794 1661/1661 1656/1656
f 1795/1795 1796/1796 1797/1797
f 1797/1797 1798/1798 1795/1795
f 1799/1799 1797/1797 1796/1796
f 1796/1796 1800/1800 1799/1799
f 1801/1801 1802/1802 1803/1803
f 1803/1803 1804/1804 1801/1801
f 1805/1805 1806/1806 1802/1802
f 1802/1802 1801/1801 1805/1805
f 1803/1803 1799/1799 1800/1800
f 1800/1800 1804/1804 1803/1803
f 1807/1807 1808/1808 1809/1809
f 1809/1809 1810/1810 1807/1807
f 1811/1811 1812/1812 1813/1813
f 1813/1813 1814/1814 1811/1811
f 1815/1815 1816/1816 1811/1811
f 1811/1811 1814/1814 1815/1815
f 1817/1817 1818/1818 1819/1819
f 1819/1819 1820/1820 1817/1817
f 1809/1809 1808/1808 1821/1821
f 1821/1821 1822/1822 1809/1809
f 1821/1821 1823/1823 1824/1824
f 1824/1824 1822/1822 1821/1821
f 1820/1820 1819/1819 1816/1816
f 1816/1816 1815/1815 1820/1820
f 1825/1825 1821/1821 1808/1808
f 1808/1808 1826/1826 1825/1825
f 1771/1771 1770/1770 1761/1761
f 1761/1761 1760/1760 1771/1771
f 1770/1770 1625/1625 1648/1648
f 1648/1648 1761/1761 1770/1770
f 1695/1695 1698/1698 1827/1827
f 1827/1827 1828/1828 1695/1695
f 1767/1767 1650/1650 1765/1765
f 1789/1789 1788/1788 1829/1829
f 1830/1830 1831/1831 1832/1832
f 1830/1830 1833/1833 1831/1831
f 1834/1834 1835/1835 1836/1836
f 1835/1835 1834/1834 1837/1837
f 1838/1838 1710/1710 1709/1709
f 1767/1767 1765/1765 1764/1764
f 1787/1787 1769/1769 1839/1839
f 1839/1839 1763/1763 1771/1771
f 1839/1839 1769/1769 1763/1763
f 1642/1642 1650/1650 1767/1767
f 1772/1772 1840/1840 1841/1841
f 1772/1772 1628/1628 1715/1715
f 1715/1715 1842/1842 1772/1772
f 1835/1835 1718/1718 1717/1717
f 1717/1717 1843/1843 1835/1835
f 1837/1837 1792/1792 1835/1835
f 1844/1844 1721/1721 1720/1720
f 1845/1845 1846/1846 1793/1793
f 1793/1793 1847/1847 1845/1845
f 1848/1848 1661/1661 1794/1794
f 1838/1838 1727/1727 1849/1849
f 1835/1835 1657/1657 1718/1718
f 1661/1661 1848/1848 1850/1850
f 1850/1850 1728/1728 1661/1661
f 1835/1835 1792/1792 1657/1657
f 1730/1730 1710/1710 1838/1838
f 1833/1833 1830/1830 1795/1795
f 1836/1836 1835/1835 1843/1843
f 1851/1851 1852/1852 1853/1853
f 1851/1851 1787/1787 1839/1839
f 1851/1851 1839/1839 1852/1852
f 1810/1810 1854/1854 1807/1807
f 1852/1852 1839/1839 1759/1759
f 1807/1807 1855/1855 1808/1808
f 1807/1807 1856/1856 1855/1855
f 1807/1807 1854/1854 1856/1856
f 1823/1823 1821/1821 1825/1825
f 1857/1857 1858/1858 1859/1859
f 1784/1784 1860/1860 1858/1858
f 1858/1858 1861/1861 1784/1784
f 1860/1860 1778/1778 1862/1862
f 1829/1829 1863/1863 1864/1864
f 1864/1864 1794/1794 1829/1829
f 1833/1833 1795/1795 1798/1798
f 1862/1862 1841/1841 1860/1860
f 1841/1841 1862/1862 1753/1753
f 1862/1862 1754/1754 1753/1753
f 1862/1862 1778/1778 1754/1754
f 1772/1772 1841/1841 1753/1753
f 1808/1808 1855/1855 1826/1826
f 1823/1823 1825/1825 1865/1865
f 1839/1839 1771/1771 1759/1759
f 1759/1759 1771/1771 1760/1760
f 1759/1759 1758/1758 1782/1782
f 1775/1775 1866/1866 1781/1781
f 1778/1778 1866/1866 1754/1754
f 1754/1754 1866/1866 1783/1783
f 1775/1775 1749/1749 1752/1752
f 1752/1752 1783/1783 1775/1775
f 1750/1750 1749/1749 1777/1777
f 1777/1777 1773/1773 1750/1750
f 1783/1783 1752/1752 1647/1647
f 1647/1647 1640/1640 1783/1783
f 1658/1658 1793/1793 1846/1846
f 1846/1846 1747/1747 1658/1658
f 1847/1847 1793/1793 1792/1792
f 1792/1792 1837/1837 1847/1847
f 1775/1775 1781/1781 1780/1780
f 1780/1780 1776/1776 1775/1775
f 1791/1791 1790/1790 1846/1846
f 1846/1846 1845/1845 1791/1791
f 1790/1790 1655/1655 1747/1747
f 1747/1747 1846/1846 1790/1790
f 1781/1781 1866/1866 1778/1778
f 1813/1813 1812/1812 1856/1856
f 1813/1813 1856/1856 1854/1854
f 1843/1843 1717/1717 1695/1695
f 1836/1836 1843/1843 1828/1828
f 1843/1843 1695/1695 1828/1828
f 1784/1784 1778/1778 1860/1860
f 1842/1842 1715/1715 1730/1730
f 1730/1730 1838/1838 1842/1842
f 1842/1842 1849/1849 1840/1840
f 1840/1840 1772/1772 1842/1842
f 1728/1728 1850/1850 1720/1720
f 1838/1838 1849/1849 1842/1842
f 1860/1860 1841/1841 1859/1859
f 1859/1859 1858/1858 1860/1860
f 1861/1861 1858/1858 1857/1857
f 1864/1864 1863/1863 1867/1867
f 1789/1789 1829/1829 1794/1794
f 1868/1868 1869/1869 1870/1870
f 1870/1870 1871/1871 1868/1868
f 1872/1872 1869/1869 1868/1868
f 1868/1868 1873/1873 1872/1872
f 1874/1874 1875/1875 1876/1876
f 1876/1876 1877/1877 1874/1874
f 1873/1873 1874/1874 1877/1877
f 1877/1877 1872/1872 1873/1873
f 1878/1878 1879/1879 1880/1880
f 1880/1880 1881/1881 1878/1878
f 1882/1882 1883/1883 1879/1879
f 1879/1879 1878/1878 1882/1882
f 1884/1884 1878/1878 1881/1881
f 1881/1881 1885/1885 1884/1884
f 1886/1886 1882/1882 1878/1878
f 1878/1878 1884/1884 1886/1886
f 1887/1887 1888/1888 1884/1884
f 1884/1884 1885/1885 1887/1887
f 1884/1884 1888/1888 1889/1889
f 1889/1889 1886/1886 1884/1884
f 1890/1890 1891/1891 1892/1892
f 1892/1892 1893/1893 1890/1890
f 1894/1894 1895/1895 1890/1890
f 1890/1890 1893/1893 1894/1894
f 1896/1896 1897/1897 1898/1898
f 1872/1872 1899/1899 1900/1900
f 1901/1901 1902/1902 1903/1903
f 1903/1903 1904/1904 1901/1901
f 1904/1904 1905/1905 1901/1901
f 1906/1906 1907/1907 1908/1908
f 1909/1909 1910/1910 1911/1911
f 1911/1911 1912/1912 1909/1909
f 1913/1913 1871/1871 1870/1870
f 1883/1883 1914/1914 1879/1879
f 1906/1906 1870/1870 1915/1915
f 1870/1870 1916/1916 1917/1917
f 1916/1916 1918/1918 1914/1914
f 1914/1914 1917/1917 1916/1916
f 1870/1870 1919/1919 1916/1916
f 1870/1870 1906/1906 1919/1919
f 1920/1920 1900/1900 1899/1899
f 1921/1921 1876/1876 1875/1875
f 1920/1920 1899/1899 1922/1922
f 1876/1876 1921/1921 1922/1922
f 1921/1921 1894/1894 1905/1905
f 1921/1921 1905/1905 1922/1922
f 1920/1920 1904/1904 1903/1903
f 1922/1922 1905/1905 1904/1904
f 1923/1923 1924/1924 1925/1925
f 1926/1926 1927/1927 1928/1928
f 1928/1928 1929/1929 1926/1926
f 1930/1930 1926/1926 1929/1929
f 1929/1929 1931/1931 1930/1930
f 1899/1899 1877/1877 1876/1876
f 1899/1899 1876/1876 1922/1922
f 1932/1932 1933/1933 1934/1934
f 1934/1934 1935/1935 1932/1932
f 1936/1936 1932/1932 1935/1935
f 1935/1935 1937/1937 1936/1936
f 1938/1938 1898/1898 1939/1939
f 1940/1940 1896/1896 1938/1938
f 1912/1912 1894/1894 1909/1909
f 1941/1941 1942/1942 1943/1943
f 1943/1943 1944/1944 1941/1941
f 1917/1917 1913/1913 1870/1870
f 1920/1920 1922/1922 1904/1904
f 1920/1920 1945/1945 1900/1900
f 1920/1920 1903/1903 1945/1945
f 1945/1945 1946/1946 1900/1900
f 1894/1894 1947/1947 1909/1909
f 1921/1921 1947/1947 1894/1894
f 1869/1869 1872/1872 1948/1948
f 1880/1880 1879/1879 1914/1914
f 1914/1914 1918/1918 1880/1880
f 1913/1913 1917/1917 1914/1914
f 1883/1883 1913/1913 1914/1914
f 1933/1933 1932/1932 1888/1888
f 1888/1888 1887/1887 1933/1933
f 1888/1888 1932/1932 1936/1936
f 1936/1936 1889/1889 1888/1888
f 1934/1934 1949/1949 1935/1935
f 1935/1935 1949/1949 1937/1937
f 1872/1872 1877/1877 1899/1899
f 1890/1890 1938/1938 1891/1891
f 1895/1895 1940/1940 1938/1938
f 1938/1938 1890/1890 1895/1895
f 1927/1927 1926/1926 1924/1924
f 1924/1924 1897/1897 1927/1927
f 1924/1924 1926/1926 1930/1930
f 1930/1930 1925/1925 1924/1924
f 1928/1928 1950/1950 1929/1929
f 1929/1929 1950/1950 1931/1931
f 1901/1901 1893/1893 1892/1892
f 1892/1892 1902/1902 1901/1901
f 1905/1905 1894/1894 1893/1893
f 1893/1893 1901/1901 1905/1905
f 1898/1898 1923/1923 1939/1939
f 1923/1923 1898/1898 1924/1924
f 1896/1896 1898/1898 1938/1938
f 1897/1897 1924/1924 1898/1898
f 1938/1938 1939/1939 1891/1891
f 1910/1910 1951/1951 1952/1952
f 1952/1952 1911/1911 1910/1910
f 1943/1943 1953/1953 1944/1944
f 1951/1951 1942/1942 1941/1941
f 1941/1941 1952/1952 1951/1951
f 1954/1954 1955/1955 1956/1956
f 1956/1956 1957/1957 1954/1954
f 1958/1958 1959/1959 1960/1960
f 1960/1960 1961/1961 1958/1958
f 1962/1962 1963/1963 1959/1959
f 1959/1959 1958/1958 1962/1962
f 1964/1964 1965/1965 1956/1956
f 1966/1966 1967/1967 1968/1968
f 1968/1968 1969/1969 1966/1966
f 1970/1970 1971/1971 1966/1966
f 1966/1966 1969/1969 1970/1970
f 1972/1972 1971/1971 1970/1970
f 1970/1970 1973/1973 1972/1972
f 1974/1974 1975/1975 1972/1972
f 1972/1972 1973/1973 1974/1974
f 1976/1976 1977/1977 1978/1978
f 1978/1978 1979/1979 1976/1976
f 1980/1980 1981/1981 1976/1976
f 1976/1976 1979/1979 1980/1980
f 1982/1982 1983/1983 1984/1984
f 1954/1954 1957/1957 1985/1985
f 1964/1964 1986/1986 1987/1987
f 1960/1960 1988/1988 1961/1961
f 1988/1988 1989/1989 1990/1990
f 1991/1991 1989/1989 1992/1992
f 1954/1954 1985/1985 1993/1993
f 1993/1993 1985/1985 1994/1994
f 1995/1995 1996/1996 1997/1997
f 1998/1998 1999/1999 2000/2000
f 2001/2001 1996/1996 1995/1995
f 2002/2002 1983/1983 1982/1982
f 1984/1984 1983/1983 2003/2003
f 2004/2004 2005/2005 2006/2006
f 2006/2006 2005/2005 2007/2007
f 2007/2007 2005/2005 2008/2008
f 2009/2009 1978/1978 1977/1977
f 2006/2006 2010/2010 2004/2004
f 1987/1987 1965/1965 1964/1964
f 2011/2011 1968/1968 1967/1967
f 1957/1957 2009/2009 1977/1977
f 2012/2012 2013/2013 2014/2014
f 2015/2015 1975/1975 1974/1974
f 1988/1988 1990/1990 1961/1961
f 1989/1989 1991/1991 1990/1990
f 2000/2000 1999/1999 2016/2016
f 2017/2017 2018/2018 2019/2019
f 2019/2019 2018/2018 2002/2002
f 2020/2020 2021/2021 1999/1999
f 2002/2002 2018/2018 1983/1983
f 2001/2001 1995/1995 2022/2022
f 1998/1998 2020/2020 1999/1999
f 2023/2023 2024/2024 2025/2025
f 2025/2025 2026/2026 2023/2023
f 2027/2027 2028/2028 2029/2029
f 2029/2029 2030/2030 2027/2027
f 2027/2027 2030/2030 2031/2031
f 2031/2031 2032/2032 2027/2027
f 2033/2033 2034/2034 2035/2035
f 2035/2035 2036/2036 2033/2033
f 2033/2033 2037/2037 2034/2034
f 2034/2034 2038/2038 2039/2039
f 2039/2039 2035/2035 2034/2034
f 2034/2034 2040/2040 2038/2038
f 2041/2041 2029/2029 2028/2028
f 2028/2028 2042/2042 2041/2041
f 2043/2043 2041/2041 2042/2042
f 2042/2042 2044/2044 2043/2043
f 2043/2043 2044/2044 2045/2045
f 2045/2045 2046/2046 2043/2043
f 2047/2047 2048/2048 2049/2049
f 2049/2049 2050/2050 2047/2047
f 2051/2051 2052/2052 2048/2048
f 2048/2048 2047/2047 2051/2051
f 2051/2051 2053/2053 2054/2054
f 2054/2054 2052/2052 2051/2051
f 2055/2055 2056/2056 2057/2057
f 2057/2057 2058/2058 2055/2055
f 2059/2059 2060/2060 2048/2048
f 2048/2048 2052/2052 2059/2059
f 2048/2048 2060/2060 2061/2061
f 2061/2061 2049/2049 2048/2048
f 2049/2049 2061/2061 2062/2062
f 2062/2062 2063/2063 2049/2049
f 2064/2064 2065/2065 2066/2066
f 2066/2066 2067/2067 2064/2064
f 2068/2068 2064/2064 2067/2067
f 2067/2067 2069/2069 2068/2068
f 2068/2068 2069/2069 2070/2070
f 2070/2070 2071/2071 2068/2068
f 2072/2072 2073/2073 2074/2074
f 2074/2074 2075/2075 2072/2072
f 2076/2076 2069/2069 2067/2067
f 2067/2067 2077/2077 2076/2076
f 2067/2067 2066/2066 2078/2078
f 2078/2078 2077/2077 2067/2067
f 2066/2066 2079/2079 2080/2080
f 2080/2080 2078/2078 2066/2066
f 2081/2081 2082/2082 2083/2083
f 2083/2083 2084/2084 2081/2081
f 2085/2085 2086/2086 2087/2087
f 2087/2087 2088/2088 2085/2085
f 2085/2085 2089/2089 2090/2090
f 2090/2090 2086/2086 2085/2085
f 2091/2091 2092/2092 2093/2093
f 2093/2093 2094/2094 2091/2091
f 2094/2094 2095/2095 2091/2091
f 2094/2094 2093/2093 2096/2096
f 2096/2096 2097/2097 2094/2094
f 2094/2094 2097/2097 2098/2098
f 2099/2099 2100/2100 2088/2088
f 2088/2088 2087/2087 2099/2099
f 2101/2101 2102/2102 2100/2100
f 2100/2100 2099/2099 2101/2101
f 2101/2101 2103/2103 2104/2104
f 2104/2104 2102/2102 2101/2101
f 2105/2105 2106/2106 2107/2107
f 2107/2107 2108/2108 2105/2105
f 2109/2109 2105/2105 2108/2108
f 2108/2108 2110/2110 2109/2109
f 2109/2109 2110/2110 2111/2111
f 2111/2111 2112/2112 2109/2109
f 2113/2113 2114/2114 2115/2115
f 2115/2115 2116/2116 2113/2113
f 2117/2117 2110/2110 2108/2108
f 2108/2108 2118/2118 2117/2117
f 2108/2108 2107/2107 2119/2119
f 2119/2119 2118/2118 2108/2108
f 2107/2107 2120/2120 2121/2121
f 2121/2121 2119/2119 2107/2107
f 2122/2122 2123/2123 2124/2124
f 2124/2124 2125/2125 2122/2122
f 2126/2126 2127/2127 2123/2123
f 2123/2123 2122/2122 2126/2126
f 2126/2126 2128/2128 2129/2129
f 2129/2129 2127/2127 2126/2126
f 2130/2130 2131/2131 2132/2132
f 2132/2132 2133/2133 2130/2130
f 2134/2134 2135/2135 2123/2123
f 2123/2123 2127/2127 2134/2134
f 2123/2123 2135/2135 2136/2136
f 2136/2136 2124/2124 2123/2123
f 2124/2124 2136/2136 2137/2137
f 2137/2137 2138/2138 2124/2124
f 2139/2139 2140/2140 2141/2141
f 2142/2142 2143/2143 2144/2144
f 2142/2142 2144/2144 2145/2145
f 2142/2142 2146/2146 2140/2140
f 2023/2023 2147/2147 2024/2024
f 2148/2148 2149/2149 2150/2150
f 2150/2150 2151/2151 2152/2152
f 2153/2153 2026/2026 2025/2025
f 2154/2154 2149/2149 2148/2148
f 2141/2141 2155/2155 2139/2139
f 2156/2156 2157/2157 2141/2141
f 2149/2149 2151/2151 2150/2150
f 2158/2158 2159/2159 2160/2160
f 2159/2159 2161/2161 2160/2160
f 2142/2142 2145/2145 2146/2146
f 2152/2152 2162/2162 2150/2150
f 2152/2152 2163/2163 2162/2162
f 2141/2141 2157/2157 2155/2155
f 2164/2164 2165/2165 2166/2166
f 2167/2167 2165/2165 2164/2164
f 2031/2031 2036/2036 2035/2035
f 2037/2037 2168/2168 2034/2034
f 2034/2034 2168/2168 2040/2040
f 2032/2032 2035/2035 2039/2039
f 2031/2031 2035/2035 2032/2032
f 2169/2169 2170/2170 2171/2171
f 2169/2169 2171/2171 2172/2172
f 2173/2173 2174/2174 2175/2175
f 2175/2175 2166/2166 2176/2176
f 2175/2175 2176/2176 2173/2173
f 2165/2165 2176/2176 2166/2166
f 2140/2140 2146/2146 2141/2141
f 2050/2050 2049/2049 2063/2063
f 2177/2177 2053/2053 2051/2051
f 2178/2178 2055/2055 2179/2179
f 2063/2063 2062/2062 2180/2180
f 2181/2181 2063/2063 2180/2180
f 2053/2053 2182/2182 2054/2054
f 2179/2179 2058/2058 2183/2183
f 2184/2184 2177/2177 2183/2183
f 2063/2063 2185/2185 2178/2178
f 2055/2055 2178/2178 2185/2185
f 2185/2185 2186/2186 2056/2056
f 2056/2056 2186/2186 2187/2187
f 2056/2056 2187/2187 2188/2188
f 2056/2056 2188/2188 2057/2057
f 2055/2055 2185/2185 2056/2056
f 2182/2182 2059/2059 2054/2054
f 2054/2054 2059/2059 2052/2052
f 2177/2177 2051/2051 2183/2183
f 2183/2183 2051/2051 2047/2047
f 2183/2183 2047/2047 2179/2179
f 2179/2179 2047/2047 2178/2178
f 2178/2178 2047/2047 2050/2050
f 2178/2178 2050/2050 2063/2063
f 2055/2055 2058/2058 2179/2179
f 2185/2185 2181/2181 2186/2186
f 2063/2063 2181/2181 2185/2185
f 2058/2058 2184/2184 2183/2183
f 2182/2182 2189/2189 2059/2059
f 2065/2065 2079/2079 2066/2066
f 2190/2190 2068/2068 2071/2071
f 2191/2191 2192/2192 2072/2072
f 2079/2079 2193/2193 2080/2080
f 2194/2194 2193/2193 2079/2079
f 2071/2071 2070/2070 2195/2195
f 2192/2192 2196/2196 2073/2073
f 2197/2197 2196/2196 2190/2190
f 2079/2079 2191/2191 2198/2198
f 2072/2072 2198/2198 2191/2191
f 2198/2198 2075/2075 2199/2199
f 2075/2075 2200/2200 2199/2199
f 2075/2075 2201/2201 2200/2200
f 2075/2075 2074/2074 2201/2201
f 2072/2072 2075/2075 2198/2198
f 2195/2195 2070/2070 2076/2076
f 2070/2070 2069/2069 2076/2076
f 2190/2190 2196/2196 2068/2068
f 2196/2196 2064/2064 2068/2068
f 2196/2196 2192/2192 2064/2064
f 2192/2192 2191/2191 2064/2064
f 2191/2191 2065/2065 2064/2064
f 2191/2191 2079/2079 2065/2065
f 2072/2072 2192/2192 2073/2073
f 2198/2198 2199/2199 2194/2194
f 2079/2079 2198/2198 2194/2194
f 2073/2073 2196/2196 2197/2197
f 2195/2195 2076/2076 2202/2202
f 2203/2203 2204/2204 2205/2205
f 2206/2206 2207/2207 2208/2208
f 2206/2206 2209/2209 2207/2207
f 2206/2206 2205/2205 2210/2210
f 2081/2081 2084/2084 2211/2211
f 2212/2212 2213/2213 2214/2214
f 2213/2213 2215/2215 2216/2216
f 2217/2217 2083/2083 2082/2082
f 2218/2218 2212/2212 2214/2214
f 2204/2204 2203/2203 2219/2219
f 2220/2220 2204/2204 2221/2221
f 2214/2214 2213/2213 2216/2216
f 2158/2158 2160/2160 2222/2222
f 2222/2222 2160/2160 2161/2161
f 2206/2206 2210/2210 2209/2209
f 2215/2215 2213/2213 2223/2223
f 2215/2215 2223/2223 2224/2224
f 2204/2204 2219/2219 2221/2221
f 2225/2225 2226/2226 2165/2165
f 2167/2167 2225/2225 2165/2165
f 2090/2090 2093/2093 2092/2092
f 2095/2095 2094/2094 2227/2227
f 2094/2094 2098/2098 2227/2227
f 2089/2089 2096/2096 2093/2093
f 2090/2090 2089/2089 2093/2093
f 2228/2228 2229/2229 2230/2230
f 2228/2228 2231/2231 2229/2229
f 2173/2173 2232/2232 2174/2174
f 2232/2232 2176/2176 2226/2226
f 2232/2232 2173/2173 2176/2176
f 2165/2165 2226/2226 2176/2176
f 2205/2205 2204/2204 2210/2210
f 2106/2106 2120/2120 2107/2107
f 2233/2233 2109/2109 2112/2112
f 2234/2234 2235/2235 2113/2113
f 2120/2120 2236/2236 2121/2121
f 2237/2237 2236/2236 2120/2120
f 2112/2112 2111/2111 2238/2238
f 2235/2235 2239/2239 2114/2114
f 2240/2240 2239/2239 2233/2233
f 2120/2120 2234/2234 2241/2241
f 2113/2113 2241/2241 2234/2234
f 2241/2241 2116/2116 2242/2242
f 2116/2116 2243/2243 2242/2242
f 2116/2116 2244/2244 2243/2243
f 2116/2116 2115/2115 2244/2244
f 2113/2113 2116/2116 2241/2241
f 2238/2238 2111/2111 2117/2117
f 2111/2111 2110/2110 2117/2117
f 2233/2233 2239/2239 2109/2109
f 2239/2239 2105/2105 2109/2109
f 2239/2239 2235/2235 2105/2105
f 2235/2235 2234/2234 2105/2105
f 2234/2234 2106/2106 2105/2105
f 2234/2234 2120/2120 2106/2106
f 2113/2113 2235/2235 2114/2114
f 2241/2241 2242/2242 2237/2237
f 2120/2120 2241/2241 2237/2237
f 2114/2114 2239/2239 2240/2240
f 2238/2238 2117/2117 2245/2245
f 2125/2125 2124/2124 2138/2138
f 2246/2246 2128/2128 2126/2126
f 2247/2247 2130/2130 2248/2248
f 2138/2138 2137/2137 2249/2249
f 2250/2250 2138/2138 2249/2249
f 2128/2128 2251/2251 2129/2129
f 2248/2248 2133/2133 2252/2252
f 2253/2253 2246/2246 2252/2252
f 2138/2138 2254/2254 2247/2247
f 2130/2130 2247/2247 2254/2254
f 2254/2254 2255/2255 2131/2131
f 2131/2131 2255/2255 2256/2256
f 2131/2131 2256/2256 2257/2257
f 2131/2131 2257/2257 2132/2132
f 2130/2130 2254/2254 2131/2131
f 2251/2251 2134/2134 2129/2129
f 2129/2129 2134/2134 2127/2127
f 2246/2246 2126/2126 2252/2252
f 2252/2252 2126/2126 2122/2122
f 2252/2252 2122/2122 2248/2248
f 2248/2248 2122/2122 2247/2247
f 2247/2247 2122/2122 2125/2125
f 2247/2247 2125/2125 2138/2138
f 2130/2130 2133/2133 2248/2248
f 2254/2254 2250/2250 2255/2255
f 2138/2138 2250/2250 2254/2254
f 2133/2133 2253/2253 2252/2252
f 2251/2251 2258/2258 2134/2134
f 2259/2259 1964/1964 1956/1956
f 1956/1956 1955/1955 2259/2259
f 2009/2009 1957/1957 1956/1956
f 1965/1965 2009/2009 1956/1956
f 1964/1964 2259/2259 1986/1986
f 2260/2260 2261/2261 2262/2262
f 2263/2263 2261/2261 2264/2264
f 2265/2265 2266/2266 2267/2267
f 2267/2267 2266/2266 2268/2268
f 2261/2261 2269/2269 2264/2264
f 2261/2261 2263/2263 2270/2270
f 2270/2270 2271/2271 2272/2272
f 2263/2263 2271/2271 2270/2270
f 2260/2260 2269/2269 2261/2261
f 2265/2265 2273/2273 2266/2266
f 2260/2260 2274/2274 2275/2275
f 2276/2276 2264/2264 2275/2275
f 2277/2277 2278/2278 2279/2279
f 2278/2278 2280/2280 2279/2279
f 2275/2275 2264/2264 2269/2269
f 2275/2275 2281/2281 2276/2276
f 2281/2281 2282/2282 2283/2283
f 2276/2276 2281/2281 2283/2283
f 2260/2260 2275/2275 2269/2269
f 2277/2277 2279/2279 2284/2284
f 1464/1464 1502/1502 1513/1513
f 1299/1299 1346/1346 1300/1300
f 2285/2285 2286/2286 2287/2287
f 2287/2287 2288/2288 2285/2285
f 2289/2289 2290/2290 2285/2285
f 2285/2285 2288/2288 2289/2289
f 2291/2291 2292/2292 2293/2293
f 2293/2293 2294/2294 2291/2291
f 2295/2295 2290/2290 2289/2289
f 2289/2289 2296/2296 2295/2295
f 2295/2295 2296/2296 2297/2297
f 2297/2297 2298/2298 2295/2295
f 2299/2299 2300/2300 2301/2301
f 2301/2301 2302/2302 2299/2299
f 2293/2293 2303/2303 2304/2304
f 2304/2304 2294/2294 2293/2293
f 2305/2305 2306/2306 2307/2307
f 2307/2307 2308/2308 2305/2305
f 2309/2309 2310/2310 2311/2311
f 2311/2311 2312/2312 2309/2309
f 2313/2313 2314/2314 2315/2315
f 2315/2315 2316/2316 2313/2313
f 2317/2317 2318/2318 2314/2314
f 2314/2314 2313/2313 2317/2317
f 2319/2319 2320/2320 2321/2321
f 2321/2321 2322/2322 2319/2319
f 2323/2323 2324/2324 2325/2325
f 2325/2325 2326/2326 2323/2323
f 2327/2327 2328/2328 2329/2329
f 2329/2329 2330/2330 2327/2327
f 2331/2331 2332/2332 2333/2333
f 2333/2333 2334/2334 2331/2331
f 2333/2333 2332/2332 2335/2335
f 2335/2335 2336/2336 2333/2333
f 2337/2337 2338/2338 2339/2339
f 2340/2340 2341/2341 2342/2342
f 2343/2343 2344/2344 2345/2345
f 2346/2346 2347/2347 2348/2348
f 2349/2349 2350/2350 2351/2351
f 2351/2351 2346/2346 2349/2349
f 2352/2352 2353/2353 2354/2354
f 2350/2350 2355/2355 2356/2356
f 2357/2357 2358/2358 2359/2359
f 2359/2359 2360/2360 2357/2357
f 2345/2345 2344/2344 2361/2361
f 2362/2362 2363/2363 2364/2364
f 2365/2365 2366/2366 2367/2367
f 2367/2367 2368/2368 2365/2365
f 2369/2369 2366/2366 2365/2365
f 2365/2365 2370/2370 2369/2369
f 2371/2371 2372/2372 2373/2373
f 2373/2373 2374/2374 2371/2371
f 2375/2375 2376/2376 2369/2369
f 2369/2369 2370/2370 2375/2375
f 2375/2375 2377/2377 2378/2378
f 2378/2378 2376/2376 2375/2375
f 2379/2379 2380/2380 2381/2381
f 2381/2381 2382/2382 2379/2379
f 2373/2373 2372/2372 2383/2383
f 2383/2383 2384/2384 2373/2373
f 2385/2385 2386/2386 2387/2387
f 2387/2387 2388/2388 2385/2385
f 2389/2389 2390/2390 2391/2391
f 2391/2391 2392/2392 2389/2389
f 2393/2393 2394/2394 2395/2395
f 2395/2395 2396/2396 2393/2393
f 2397/2397 2393/2393 2396/2396
f 2396/2396 2398/2398 2397/2397
f 2319/2319 2399/2399 2400/2400
f 2400/2400 2320/2320 2319/2319
f 2323/2323 2401/2401 2402/2402
f 2402/2402 2324/2324 2323/2323
f 2403/2403 2404/2404 2405/2405
f 2405/2405 2406/2406 2403/2403
f 2407/2407 2408/2408 2409/2409
f 2409/2409 2410/2410 2407/2407
f 2409/2409 2411/2411 2412/2412
f 2412/2412 2410/2410 2409/2409
f 2413/2413 2414/2414 2415/2415
f 2416/2416 2417/2417 2418/2418
f 2419/2419 2420/2420 2421/2421
f 2422/2422 2423/2423 2424/2424
f 2425/2425 2426/2426 2427/2427
f 2428/2428 2429/2429 2430/2430
f 2431/2431 2432/2432 2433/2433
f 2434/2434 2435/2435 2436/2436
f 2436/2436 2427/2427 2434/2434
f 2437/2437 2438/2438 2439/2439
f 2440/2440 2441/2441 2442/2442
f 2442/2442 2443/2443 2440/2440
f 2420/2420 2444/2444 2421/2421
f 2445/2445 2446/2446 2447/2447
f 2448/2448 2449/2449 2450/2450
f 2451/2451 2452/2452 2453/2453
f 2453/2453 2454/2454 2451/2451
f 2455/2455 2456/2456 2457/2457
f 2457/2457 2458/2458 2455/2455
f 2348/2348 2347/2347 2327/2327
f 2327/2327 2330/2330 2348/2348
f 2459/2459 2460/2460 2461/2461
f 2363/2363 2462/2462 2364/2364
f 2362/2362 2345/2345 2361/2361
f 2354/2354 2353/2353 2463/2463
f 2464/2464 2465/2465 2466/2466
f 2453/2453 2452/2452 2467/2467
f 2467/2467 2468/2468 2453/2453
f 2456/2456 2455/2455 2469/2469
f 2469/2469 2470/2470 2456/2456
f 2403/2403 2424/2424 2423/2423
f 2423/2423 2404/2404 2403/2403
f 2459/2459 2461/2461 2471/2471
f 2447/2447 2446/2446 2472/2472
f 2445/2445 2444/2444 2420/2420
f 2433/2433 2432/2432 2428/2428
f 2473/2473 2474/2474 2287/2287
f 2287/2287 2286/2286 2473/2473
f 2475/2475 2474/2474 2473/2473
f 2473/2473 2476/2476 2475/2475
f 2477/2477 2478/2478 2479/2479
f 2479/2479 2480/2480 2477/2477
f 2481/2481 2482/2482 2475/2475
f 2475/2475 2476/2476 2481/2481
f 2481/2481 2298/2298 2297/2297
f 2297/2297 2482/2482 2481/2481
f 2483/2483 2484/2484 2485/2485
f 2485/2485 2486/2486 2483/2483
f 2479/2479 2478/2478 2304/2304
f 2304/2304 2303/2303 2479/2479
f 2487/2487 2488/2488 2489/2489
f 2489/2489 2490/2490 2487/2487
f 2491/2491 2492/2492 2493/2493
f 2493/2493 2494/2494 2491/2491
f 2495/2495 2496/2496 2497/2497
f 2497/2497 2498/2498 2495/2495
f 2499/2499 2495/2495 2498/2498
f 2498/2498 2500/2500 2499/2499
f 2501/2501 2322/2322 2321/2321
f 2321/2321 2502/2502 2501/2501
f 2503/2503 2326/2326 2325/2325
f 2325/2325 2504/2504 2503/2503
f 2505/2505 2506/2506 2507/2507
f 2507/2507 2508/2508 2505/2505
f 2509/2509 2510/2510 2511/2511
f 2511/2511 2512/2512 2509/2509
f 2511/2511 2513/2513 2514/2514
f 2514/2514 2512/2512 2511/2511
f 2515/2515 2516/2516 2517/2517
f 2518/2518 2519/2519 2520/2520
f 2521/2521 2345/2345 2522/2522
f 2523/2523 2524/2524 2525/2525
f 2526/2526 2527/2527 2528/2528
f 2528/2528 2529/2529 2526/2526
f 2530/2530 2354/2354 2531/2531
f 2532/2532 2533/2533 2534/2534
f 2534/2534 2527/2527 2532/2532
f 2535/2535 2536/2536 2537/2537
f 2538/2538 2539/2539 2540/2540
f 2540/2540 2541/2541 2538/2538
f 2345/2345 2542/2542 2522/2522
f 2543/2543 2364/2364 2544/2544
f 2545/2545 2368/2368 2367/2367
f 2367/2367 2546/2546 2545/2545
f 2547/2547 2548/2548 2545/2545
f 2545/2545 2546/2546 2547/2547
f 2549/2549 2550/2550 2551/2551
f 2551/2551 2552/2552 2549/2549
f 2553/2553 2548/2548 2547/2547
f 2547/2547 2554/2554 2553/2553
f 2553/2553 2554/2554 2378/2378
f 2378/2378 2377/2377 2553/2553
f 2555/2555 2556/2556 2557/2557
f 2557/2557 2558/2558 2555/2555
f 2551/2551 2384/2384 2383/2383
f 2383/2383 2552/2552 2551/2551
f 2549/2549 2552/2552 2559/2559
f 2559/2559 2560/2560 2549/2549
f 2561/2561 2562/2562 2563/2563
f 2563/2563 2564/2564 2561/2561
f 2565/2565 2566/2566 2567/2567
f 2567/2567 2568/2568 2565/2565
f 2569/2569 2570/2570 2566/2566
f 2566/2566 2565/2565 2569/2569
f 2501/2501 2502/2502 2400/2400
f 2400/2400 2399/2399 2501/2501
f 2503/2503 2504/2504 2402/2402
f 2402/2402 2401/2401 2503/2503
f 2571/2571 2572/2572 2573/2573
f 2573/2573 2574/2574 2571/2571
f 2575/2575 2576/2576 2577/2577
f 2577/2577 2578/2578 2575/2575
f 2577/2577 2576/2576 2579/2579
f 2579/2579 2580/2580 2577/2577
f 2581/2581 2582/2582 2583/2583
f 2584/2584 2585/2585 2586/2586
f 2587/2587 2588/2588 2420/2420
f 2589/2589 2590/2590 2591/2591
f 2592/2592 2593/2593 2594/2594
f 2594/2594 2589/2589 2592/2592
f 2595/2595 2596/2596 2597/2597
f 2598/2598 2599/2599 2429/2429
f 2600/2600 2601/2601 2432/2432
f 2593/2593 2602/2602 2603/2603
f 2604/2604 2605/2605 2606/2606
f 2606/2606 2607/2607 2604/2604
f 2420/2420 2588/2588 2608/2608
f 2609/2609 2610/2610 2446/2446
f 2611/2611 2612/2612 2613/2613
f 2451/2451 2454/2454 2614/2614
f 2614/2614 2615/2615 2451/2451
f 2616/2616 2458/2458 2457/2457
f 2457/2457 2617/2617 2616/2616
f 2524/2524 2506/2506 2505/2505
f 2505/2505 2525/2525 2524/2524
f 2618/2618 2619/2619 2460/2460
f 2544/2544 2364/2364 2620/2620
f 2543/2543 2542/2542 2345/2345
f 2354/2354 2529/2529 2531/2531
f 2621/2621 2622/2622 2623/2623
f 2614/2614 2468/2468 2467/2467
f 2467/2467 2615/2615 2614/2614
f 2617/2617 2470/2470 2469/2469
f 2469/2469 2616/2616 2617/2617
f 2571/2571 2574/2574 2591/2591
f 2591/2591 2590/2590 2571/2571
f 2618/2618 2471/2471 2619/2619
f 2610/2610 2624/2624 2446/2446
f 2609/2609 2420/2420 2608/2608
f 2601/2601 2598/2598 2432/2432
f 2361/2361 2344/2344 2625/2625
f 2292/2292 2291/2291 2626/2626
f 2627/2627 2628/2628 2629/2629
f 2630/2630 2302/2302 2301/2301
f 2629/2629 2631/2631 2632/2632
f 2300/2300 2633/2633 2634/2634
f 2300/2300 2299/2299 2633/2633
f 2629/2629 2628/2628 2631/2631
f 2305/2305 2308/2308 2635/2635
f 2305/2305 2635/2635 2449/2449
f 2450/2450 2449/2449 2635/2635
f 2339/2339 2636/2636 2337/2337
f 2338/2338 2337/2337 2637/2637
f 2462/2462 2638/2638 2639/2639
f 2640/2640 2310/2310 2309/2309
f 2641/2641 2638/2638 2462/2462
f 2642/2642 2643/2643 2625/2625
f 2643/2643 2361/2361 2625/2625
f 2644/2644 2645/2645 2643/2643
f 2646/2646 2360/2360 2315/2315
f 2647/2647 2317/2317 2648/2648
f 2317/2317 2647/2647 2318/2318
f 2642/2642 2644/2644 2643/2643
f 2361/2361 2641/2641 2362/2362
f 2359/2359 2316/2316 2360/2360
f 2649/2649 2650/2650 2651/2651
f 2652/2652 2653/2653 2654/2654
f 2653/2653 2655/2655 2656/2656
f 2654/2654 2653/2653 2656/2656
f 2649/2649 2655/2655 2653/2653
f 2356/2356 2657/2657 2658/2658
f 2649/2649 2653/2653 2650/2650
f 2659/2659 2660/2660 2661/2661
f 2526/2526 2463/2463 2662/2662
f 2651/2651 2650/2650 2663/2663
f 2663/2663 2660/2660 2651/2651
f 2643/2643 2645/2645 2361/2361
f 2316/2316 2315/2315 2360/2360
f 2646/2646 2357/2357 2360/2360
f 2463/2463 2526/2526 2664/2664
f 2362/2362 2364/2364 2345/2345
f 2362/2362 2641/2641 2363/2363
f 2363/2363 2641/2641 2462/2462
f 2444/2444 2665/2665 2421/2421
f 2369/2369 2376/2376 2666/2666
f 2667/2667 2668/2668 2669/2669
f 2670/2670 2381/2381 2380/2380
f 2668/2668 2671/2671 2672/2672
f 2382/2382 2673/2673 2674/2674
f 2382/2382 2674/2674 2379/2379
f 2668/2668 2672/2672 2669/2669
f 2385/2385 2675/2675 2386/2386
f 2385/2385 2466/2466 2675/2675
f 2465/2465 2675/2675 2466/2466
f 2413/2413 2415/2415 2676/2676
f 2414/2414 2677/2677 2415/2415
f 2472/2472 2678/2678 2679/2679
f 2680/2680 2389/2389 2392/2392
f 2681/2681 2472/2472 2679/2679
f 2682/2682 2665/2665 2683/2683
f 2683/2683 2665/2665 2444/2444
f 2684/2684 2683/2683 2685/2685
f 2686/2686 2395/2395 2441/2441
f 2687/2687 2688/2688 2397/2397
f 2397/2397 2398/2398 2687/2687
f 2682/2682 2683/2683 2684/2684
f 2444/2444 2445/2445 2681/2681
f 2442/2442 2441/2441 2394/2394
f 2689/2689 2437/2437 2690/2690
f 2691/2691 2436/2436 2435/2435
f 2692/2692 2693/2693 2694/2694
f 2694/2694 2695/2695 2696/2696
f 2693/2693 2695/2695 2694/2694
f 2691/2691 2694/2694 2696/2696
f 2438/2438 2697/2697 2698/2698
f 2691/2691 2435/2435 2694/2694
f 2683/2683 2444/2444 2685/2685
f 2394/2394 2441/2441 2395/2395
f 2686/2686 2441/2441 2440/2440
f 2428/2428 2699/2699 2429/2429
f 2445/2445 2420/2420 2446/2446
f 2445/2445 2447/2447 2681/2681
f 2447/2447 2472/2472 2681/2681
f 2354/2354 2463/2463 2664/2664
f 2700/2700 2701/2701 2702/2702
f 2703/2703 2343/2343 2345/2345
f 2460/2460 2459/2459 2704/2704
f 2661/2661 2660/2660 2663/2663
f 2657/2657 2356/2356 2355/2355
f 2355/2355 2350/2350 2349/2349
f 2349/2349 2346/2346 2348/2348
f 2329/2329 2328/2328 2705/2705
f 2706/2706 2352/2352 2354/2354
f 2707/2707 2708/2708 2709/2709
f 2699/2699 2428/2428 2432/2432
f 2710/2710 2711/2711 2712/2712
f 2420/2420 2419/2419 2713/2713
f 2714/2714 2459/2459 2471/2471
f 2434/2434 2427/2427 2426/2426
f 2439/2439 2438/2438 2698/2698
f 2690/2690 2437/2437 2439/2439
f 2423/2423 2422/2422 2715/2715
f 2716/2716 2406/2406 2405/2405
f 2715/2715 2422/2422 2717/2717
f 2432/2432 2431/2431 2718/2718
f 2719/2719 2720/2720 2721/2721
f 2542/2542 2722/2722 2522/2522
f 2480/2480 2723/2723 2477/2477
f 2724/2724 2725/2725 2726/2726
f 2727/2727 2485/2485 2484/2484
f 2725/2725 2728/2728 2729/2729
f 2486/2486 2730/2730 2731/2731
f 2486/2486 2731/2731 2483/2483
f 2725/2725 2729/2729 2726/2726
f 2487/2487 2732/2732 2488/2488
f 2487/2487 2613/2613 2732/2732
f 2612/2612 2732/2732 2613/2613
f 2516/2516 2515/2515 2733/2733
f 2517/2517 2734/2734 2515/2515
f 2620/2620 2735/2735 2736/2736
f 2737/2737 2491/2491 2494/2494
f 2738/2738 2620/2620 2736/2736
f 2739/2739 2722/2722 2740/2740
f 2740/2740 2722/2722 2542/2542
f 2741/2741 2742/2742 2743/2743
f 2744/2744 2497/2497 2539/2539
f 2745/2745 2746/2746 2499/2499
f 2499/2499 2500/2500 2745/2745
f 2739/2739 2740/2740 2747/2747
f 2542/2542 2543/2543 2738/2738
f 2540/2540 2539/2539 2496/2496
f 2748/2748 2535/2535 2749/2749
f 2750/2750 2534/2534 2533/2533
f 2751/2751 2752/2752 2753/2753
f 2753/2753 2754/2754 2755/2755
f 2752/2752 2754/2754 2753/2753
f 2750/2750 2753/2753 2755/2755
f 2536/2536 2756/2756 2757/2757
f 2750/2750 2533/2533 2753/2753
f 2742/2742 2758/2758 2743/2743
f 2496/2496 2539/2539 2497/2497
f 2744/2744 2539/2539 2538/2538
f 2529/2529 2664/2664 2526/2526
f 2543/2543 2345/2345 2364/2364
f 2543/2543 2544/2544 2738/2738
f 2544/2544 2620/2620 2738/2738
f 2608/2608 2588/2588 2759/2759
f 2547/2547 2760/2760 2554/2554
f 2761/2761 2762/2762 2763/2763
f 2764/2764 2558/2558 2557/2557
f 2763/2763 2765/2765 2766/2766
f 2556/2556 2767/2767 2768/2768
f 2556/2556 2555/2555 2767/2767
f 2763/2763 2762/2762 2765/2765
f 2549/2549 2560/2560 2769/2769
f 2549/2549 2769/2769 2622/2622
f 2623/2623 2622/2622 2769/2769
f 2583/2583 2770/2770 2581/2581
f 2582/2582 2581/2581 2771/2771
f 2624/2624 2772/2772 2773/2773
f 2774/2774 2562/2562 2561/2561
f 2775/2775 2772/2772 2624/2624
f 2776/2776 2777/2777 2759/2759
f 2777/2777 2608/2608 2759/2759
f 2741/2741 2743/2743 2777/2777
f 2778/2778 2607/2607 2567/2567
f 2779/2779 2569/2569 2780/2780
f 2569/2569 2779/2779 2570/2570
f 2776/2776 2741/2741 2777/2777
f 2608/2608 2775/2775 2609/2609
f 2606/2606 2568/2568 2607/2607
f 2781/2781 2782/2782 2783/2783
f 2784/2784 2785/2785 2786/2786
f 2785/2785 2787/2787 2788/2788
f 2786/2786 2785/2785 2788/2788
f 2781/2781 2787/2787 2785/2785
f 2603/2603 2789/2789 2790/2790
f 2781/2781 2785/2785 2782/2782
f 2783/2783 2782/2782 2791/2791
f 2791/2791 2596/2596 2783/2783
f 2777/2777 2743/2743 2608/2608
f 2568/2568 2567/2567 2607/2607
f 2778/2778 2604/2604 2607/2607
f 2598/2598 2429/2429 2699/2699
f 2609/2609 2446/2446 2420/2420
f 2609/2609 2775/2775 2610/2610
f 2610/2610 2775/2775 2624/2624
f 2354/2354 2664/2664 2529/2529
f 2700/2700 2702/2702 2792/2792
f 2703/2703 2345/2345 2521/2521
f 2460/2460 2704/2704 2618/2618
f 2526/2526 2532/2532 2527/2527
f 2757/2757 2537/2537 2536/2536
f 2537/2537 2749/2749 2535/2535
f 2793/2793 2524/2524 2523/2523
f 2507/2507 2794/2794 2508/2508
f 2793/2793 2523/2523 2795/2795
f 2706/2706 2354/2354 2530/2530
f 2707/2707 2709/2709 2796/2796
f 2699/2699 2432/2432 2598/2598
f 2710/2710 2712/2712 2797/2797
f 2420/2420 2713/2713 2587/2587
f 2714/2714 2471/2471 2618/2618
f 2791/2791 2597/2597 2596/2596
f 2602/2602 2789/2789 2603/2603
f 2592/2592 2602/2602 2593/2593
f 2591/2591 2592/2592 2589/2589
f 2798/2798 2573/2573 2572/2572
f 2432/2432 2718/2718 2600/2600
f 2719/2719 2721/2721 2799/2799
f 2800/2800 2801/2801 2802/2802
f 2802/2802 2803/2803 2800/2800
f 2804/2804 2805/2805 2806/2806
f 2806/2806 2807/2807 2804/2804
f 2808/2808 2809/2809 2810/2810
f 2810/2810 2811/2811 2808/2808
f 2812/2812 2813/2813 2804/2804
f 2804/2804 2807/2807 2812/2812
f 2814/2814 2815/2815 2808/2808
f 2808/2808 2811/2811 2814/2814
f 2813/2813 2812/2812 2816/2816
f 2816/2816 2817/2817 2813/2813
f 2815/2815 2814/2814 2818/2818
f 2818/2818 2819/2819 2815/2815
f 2820/2820 2821/2821 2822/2822
f 2820/2820 2822/2822 2823/2823
f 2824/2824 2825/2825 2826/2826
f 2824/2824 2827/2827 2828/2828
f 2829/2829 2830/2830 2831/2831
f 2832/2832 2833/2833 2834/2834
f 2835/2835 2833/2833 2832/2832
f 2800/2800 2836/2836 2837/2837
f 2837/2837 2801/2801 2800/2800
f 2838/2838 2839/2839 2840/2840
f 2840/2840 2841/2841 2838/2838
f 2842/2842 2843/2843 2844/2844
f 2844/2844 2845/2845 2842/2842
f 2846/2846 2839/2839 2838/2838
f 2838/2838 2847/2847 2846/2846
f 2848/2848 2843/2843 2842/2842
f 2842/2842 2849/2849 2848/2848
f 2847/2847 2850/2850 2851/2851
f 2851/2851 2846/2846 2847/2847
f 2849/2849 2852/2852 2853/2853
f 2853/2853 2848/2848 2849/2849
f 2823/2823 2854/2854 2820/2820
f 2855/2855 2856/2856 2857/2857
f 2855/2855 2858/2858 2859/2859
f 2860/2860 2861/2861 2862/2862
f 2863/2863 2864/2864 2865/2865
f 2866/2866 2863/2863 2865/2865
f 2867/2867 2868/2868 2823/2823
f 2823/2823 2822/2822 2867/2867
f 2869/2869 2825/2825 2870/2870
f 2870/2870 2871/2871 2869/2869
f 2872/2872 2873/2873 2828/2828
f 2828/2828 2827/2827 2872/2872
f 2874/2874 2810/2810 2809/2809
f 2809/2809 2875/2875 2874/2874
f 2876/2876 2806/2806 2805/2805
f 2805/2805 2877/2877 2876/2876
f 2878/2878 2879/2879 2880/2880
f 2823/2823 2868/2868 2881/2881
f 2881/2881 2854/2854 2823/2823
f 2870/2870 2825/2825 2882/2882
f 2882/2882 2883/2883 2870/2870
f 2858/2858 2884/2884 2885/2885
f 2885/2885 2859/2859 2858/2858
f 2845/2845 2844/2844 2886/2886
f 2886/2886 2887/2887 2845/2845
f 2841/2841 2840/2840 2888/2888
f 2888/2888 2889/2889 2841/2841
f 2890/2890 2891/2891 2892/2892
f 2893/2893 2803/2803 2802/2802
f 2802/2802 2894/2894 2893/2893
f 2895/2895 2896/2896 2897/2897
f 2897/2897 2898/2898 2895/2895
f 2899/2899 2900/2900 2901/2901
f 2901/2901 2902/2902 2899/2899
f 2903/2903 2896/2896 2895/2895
f 2895/2895 2904/2904 2903/2903
f 2905/2905 2900/2900 2899/2899
f 2899/2899 2906/2906 2905/2905
f 2904/2904 2817/2817 2816/2816
f 2816/2816 2903/2903 2904/2904
f 2906/2906 2819/2819 2818/2818
f 2818/2818 2905/2905 2906/2906
f 2822/2822 2907/2907 2908/2908
f 2908/2908 2909/2909 2822/2822
f 2910/2910 2911/2911 2912/2912
f 2910/2910 2913/2913 2914/2914
f 2915/2915 2916/2916 2917/2917
f 2918/2918 2919/2919 2920/2920
f 2921/2921 2920/2920 2919/2919
f 2893/2893 2894/2894 2837/2837
f 2837/2837 2836/2836 2893/2893
f 2922/2922 2923/2923 2924/2924
f 2924/2924 2925/2925 2922/2922
f 2926/2926 2927/2927 2928/2928
f 2928/2928 2929/2929 2926/2926
f 2930/2930 2931/2931 2922/2922
f 2922/2922 2925/2925 2930/2930
f 2932/2932 2933/2933 2926/2926
f 2926/2926 2929/2929 2932/2932
f 2931/2931 2930/2930 2851/2851
f 2851/2851 2850/2850 2931/2931
f 2933/2933 2932/2932 2853/2853
f 2853/2853 2852/2852 2933/2933
f 2854/2854 2908/2908 2934/2934
f 2935/2935 2936/2936 2937/2937
f 2935/2935 2938/2938 2939/2939
f 2940/2940 2941/2941 2942/2942
f 2943/2943 2944/2944 2945/2945
f 2946/2946 2944/2944 2943/2943
f 2867/2867 2822/2822 2909/2909
f 2909/2909 2947/2947 2867/2867
f 2869/2869 2871/2871 2948/2948
f 2948/2948 2936/2936 2869/2869
f 2949/2949 2914/2914 2913/2913
f 2913/2913 2950/2950 2949/2949
f 2874/2874 2875/2875 2902/2902
f 2902/2902 2901/2901 2874/2874
f 2876/2876 2877/2877 2898/2898
f 2898/2898 2897/2897 2876/2876
f 2951/2951 2952/2952 2953/2953
f 2909/2909 2854/2854 2881/2881
f 2881/2881 2947/2947 2909/2909
f 2948/2948 2883/2883 2882/2882
f 2882/2882 2936/2936 2948/2948
f 2939/2939 2938/2938 2954/2954
f 2954/2954 2955/2955 2939/2939
f 2927/2927 2887/2887 2886/2886
f 2886/2886 2928/2928 2927/2927
f 2923/2923 2889/2889 2888/2888
f 2888/2888 2924/2924 2923/2923
f 2956/2956 2957/2957 2958/2958
f 2825/2825 2869/2869 2826/2826
f 2959/2959 2960/2960 2961/2961
f 2821/2821 2962/2962 2822/2822
f 2828/2828 2963/2963 2824/2824
f 2964/2964 2965/2965 2966/2966
f 2967/2967 2968/2968 2969/2969
f 2970/2970 2971/2971 2972/2972
f 2972/2972 2973/2973 2974/2974
f 2880/2880 2975/2975 2878/2878
f 2968/2968 2976/2976 2969/2969
f 2972/2972 2971/2971 2973/2973
f 2977/2977 2978/2978 2979/2979
f 2980/2980 2981/2981 2982/2982
f 2833/2833 2983/2983 2984/2984
f 2981/2981 2985/2985 2982/2982
f 2833/2833 2835/2835 2983/2983
f 2986/2986 2987/2987 2988/2988
f 2986/2986 2988/2988 2989/2989
f 2990/2990 2991/2991 2992/2992
f 2992/2992 2993/2993 2994/2994
f 2988/2988 2995/2995 2989/2989
f 2992/2992 2991/2991 2993/2993
f 2857/2857 2856/2856 2996/2996
f 2997/2997 2998/2998 2999/2999
f 2854/2854 3000/3000 2820/2820
f 3000/3000 2854/2854 3001/3001
f 2858/2858 2855/2855 3002/3002
f 3003/3003 3004/3004 3005/3005
f 3006/3006 3007/3007 3008/3008
f 3009/3009 3010/3010 3011/3011
f 3010/3010 3012/3012 3013/3013
f 2892/2892 2891/2891 3014/3014
f 3008/3008 3007/3007 3015/3015
f 3010/3010 3013/3013 3011/3011
f 2977/2977 2979/2979 3016/3016
f 3017/3017 3018/3018 3019/3019
f 2865/2865 3020/3020 3021/3021
f 3019/3019 3018/3018 3022/3022
f 2865/2865 3021/3021 2866/2866
f 3023/3023 3024/3024 3025/3025
f 3023/3023 3026/3026 3024/3024
f 3027/3027 3028/3028 3029/3029
f 3028/3028 3030/3030 3031/3031
f 3024/3024 3026/3026 3032/3032
f 3028/3028 3031/3031 3029/3029
f 2827/2827 2824/2824 2826/2826
f 3033/3033 2829/2829 2831/2831
f 2856/2856 2855/2855 2859/2859
f 2861/2861 2860/2860 3034/3034
f 2912/2912 2911/2911 3035/3035
f 3036/3036 3037/3037 3038/3038
f 2907/2907 2822/2822 2962/2962
f 2913/2913 2910/2910 3039/3039
f 3040/3040 3041/3041 3042/3042
f 3043/3043 3044/3044 3045/3045
f 3046/3046 3047/3047 3048/3048
f 3047/3047 3049/3049 3050/3050
f 2952/2952 2951/2951 3051/3051
f 3045/3045 3044/3044 3052/3052
f 3047/3047 3050/3050 3048/3048
f 3053/3053 2979/2979 2978/2978
f 3054/3054 3055/3055 3056/3056
f 2919/2919 3057/3057 3058/3058
f 3056/3056 3055/3055 3059/3059
f 2919/2919 3058/3058 2921/2921
f 3060/3060 3061/3061 3062/3062
f 3060/3060 3063/3063 3061/3061
f 3064/3064 3065/3065 3066/3066
f 3065/3065 3067/3067 3068/3068
f 3061/3061 3063/3063 3069/3069
f 3065/3065 3068/3068 3066/3066
f 2936/2936 2882/2882 2937/2937
f 3070/3070 3071/3071 3072/3072
f 2934/2934 3001/3001 2854/2854
f 2854/2854 2909/2909 2908/2908
f 2939/2939 3073/3073 2935/2935
f 3074/3074 3075/3075 3076/3076
f 3077/3077 3078/3078 3079/3079
f 3080/3080 3081/3081 3082/3082
f 3082/3082 3083/3083 3084/3084
f 2957/2957 3085/3085 2958/2958
f 3078/3078 3086/3086 3079/3079
f 3082/3082 3081/3081 3083/3083
f 3053/3053 3016/3016 2979/2979
f 3087/3087 3088/3088 3089/3089
f 2944/2944 3090/3090 3091/3091
f 3088/3088 3092/3092 3089/3089
f 2944/2944 2946/2946 3090/3090
f 3093/3093 3094/3094 3095/3095
f 3093/3093 3095/3095 3096/3096
f 3097/3097 3098/3098 3099/3099
f 3099/3099 3100/3100 3101/3101
f 3095/3095 3102/3102 3096/3096
f 3099/3099 3098/3098 3100/3100
f 2914/2914 2911/2911 2910/2910
f 3103/3103 2916/2916 2915/2915
f 2937/2937 2938/2938 2935/2935
f 2942/2942 3104/3104 2940/2940
f 3105/3105 3106/3106 3107/3107
f 3107/3107 3108/3108 3105/3105
f 3105/3105 3109/3109 3110/3110
f 3110/3110 3106/3106 3105/3105
f 3111/3111 3112/3112 3113/3113
f 3113/3113 3114/3114 3111/3111
f 3115/3115 3116/3116 3117/3117
f 3117/3117 3118/3118 3115/3115
f 3119/3119 3120/3120 3121/3121
f 3121/3121 3122/3122 3119/3119
f 3123/3123 3124/3124 3125/3125
f 3126/3126 3127/3127 3128/3128
f 3129/3129 3130/3130 3131/3131
f 3131/3131 3132/3132 3129/3129
f 3133/3133 3134/3134 3131/3131
f 3131/3131 3130/3130 3133/3133
f 3135/3135 3136/3136 3137/3137
f 3138/3138 3139/3139 3140/3140
f 3136/3136 3135/3135 3141/3141
f 3140/3140 3139/3139 3142/3142
f 3130/3130 3128/3128 3127/3127
f 3133/3133 3130/3130 3127/3127
f 3143/3143 3144/3144 3145/3145
f 3146/3146 3147/3147 3148/3148
f 3144/3144 3143/3143 3149/3149
f 3148/3148 3147/3147 3150/3150
f 3151/3151 3152/3152 3153/3153
f 3154/3154 3155/3155 3156/3156
f 3152/3152 3151/3151 3157/3157
f 3156/3156 3155/3155 3158/3158
f 3128/3128 3130/3130 3129/3129
f 3159/3159 3160/3160 3161/3161
f 3162/3162 3163/3163 3164/3164
f 3160/3160 3159/3159 3165/3165
f 3164/3164 3163/3163 3166/3166
f 3167/3167 3168/3168 3169/3169
f 3170/3170 3171/3171 3172/3172
f 3168/3168 3167/3167 3173/3173
f 3172/3172 3171/3171 3174/3174
f 3175/3175 3176/3176 3177/3177
f 3178/3178 3179/3179 3180/3180
f 3176/3176 3175/3175 3181/3181
f 3180/3180 3179/3179 3182/3182
f 3183/3183 3184/3184 3185/3185
f 3186/3186 3187/3187 3188/3188
f 3184/3184 3183/3183 3189/3189
f 3188/3188 3187/3187 3190/3190
f 3191/3191 3192/3192 3193/3193
f 3194/3194 3195/3195 3196/3196
f 3192/3192 3191/3191 3197/3197
f 3196/3196 3195/3195 3198/3198
f 3199/3199 3200/3200 3201/3201
f 3202/3202 3203/3203 3204/3204
f 3200/3200 3199/3199 3205/3205
f 3204/3204 3203/3203 3206/3206
f 3116/3116 3119/3119 3122/3122
f 3122/3122 3117/3117 3116/3116
f 3112/3112 3115/3115 3118/3118
f 3118/3118 3113/3113 3112/3112
f 3109/3109 3111/3111 3114/3114
f 3114/3114 3110/3110 3109/3109
f 3207/3207 3208/3208 3121/3121
f 3121/3121 3120/3120 3207/3207
f 3208/3208 3207/3207 3125/3125
f 3125/3125 3124/3124 3208/3208
f 3123/3123 3126/3126 3124/3124
f 3126/3126 3123/3123 3127/3127
f 3209/3209 3210/3210 3211/3211
f 3211/3211 3212/3212 3209/3209
f 3213/3213 3214/3214 3215/3215
f 3215/3215 3216/3216 3213/3213
f 3211/3211 3217/3217 3218/3218
f 3218/3218 3212/3212 3211/3211
f 3210/3210 3209/3209 3219/3219
f 3219/3219 3220/3220 3210/3210
f 3213/3213 3216/3216 3218/3218
f 3218/3218 3217/3217 3213/3213
f 3221/3221 3222/3222 3223/3223
f 3223/3223 3224/3224 3221/3221
f 3225/3225 3226/3226 3227/3227
f 3227/3227 3228/3228 3225/3225
f 3226/3226 3225/3225 3229/3229
f 3229/3229 3230/3230 3226/3226
f 3231/3231 3232/3232 3233/3233
f 3233/3233 3234/3234 3231/3231
f 3214/3214 3221/3221 3224/3224
f 3224/3224 3215/3215 3214/3214
f 3235/3235 3223/3223 3222/3222
f 3222/3222 3236/3236 3235/3235
f 3229/3229 3232/3232 3231/3231
f 3231/3231 3230/3230 3229/3229
f 3233/3233 3237/3237 3238/3238
f 3238/3238 3234/3234 3233/3233
f 3239/3239 3240/3240 3241/3241
f 3241/3241 3242/3242 3239/3239
f 3243/3243 3244/3244 3245/3245
f 3245/3245 3246/3246 3243/3243
f 3241/3241 3240/3240 3247/3247
f 3247/3247 3248/3248 3241/3241
f 3242/3242 3220/3220 3219/3219
f 3219/3219 3239/3239 3242/3242
f 3243/3243 3248/3248 3247/3247
f 3247/3247 3244/3244 3243/3243
f 3249/3249 3250/3250 3251/3251
f 3251/3251 3252/3252 3249/3249
f 3253/3253 3254/3254 3255/3255
f 3255/3255 3256/3256 3253/3253
f 3256/3256 3257/3257 3258/3258
f 3258/3258 3253/3253 3256/3256
f 3259/3259 3260/3260 3261/3261
f 3261/3261 3262/3262 3259/3259
f 3246/3246 3245/3245 3250/3250
f 3250/3250 3249/3249 3246/3246
f 3263/3263 3264/3264 3252/3252
f 3252/3252 3251/3251 3263/3263
f 3258/3258 3257/3257 3259/3259
f 3259/3259 3262/3262 3258/3258
f 3261/3261 3260/3260 3238/3238
f 3238/3238 3237/3237 3261/3261
f 3265/3265 3266/3266 3267/3267
f 3268/3268 3269/3269 3270/3270
f 3271/3271 3272/3272 3273/3273
f 3274/3274 3235/3235 3236/3236
f 3275/3275 3276/3276 3277/3277
f 3267/3267 3266/3266 3275/3275
f 3278/3278 3276/3276 3279/3279
f 3280/3280 3281/3281 3282/3282
f 3280/3280 3283/3283 3281/3281
f 3276/3276 3266/3266 3280/3280
f 3276/3276 3284/3284 3277/3277
f 3276/3276 3285/3285 3279/3279
f 3276/3276 3278/3278 3284/3284
f 3282/3282 3285/3285 3280/3280
f 3276/3276 3280/3280 3285/3285
f 3281/3281 3268/3268 3282/3282
f 3280/3280 3266/3266 3271/3271
f 3286/3286 3287/3287 3288/3288
f 3273/3273 3289/3289 3290/3290
f 3286/3286 3288/3288 3291/3291
f 3292/3292 3270/3270 3269/3269
f 3269/3269 3281/3281 3283/3283
f 3283/3283 3271/3271 3293/3293
f 3283/3283 3293/3293 3294/3294
f 3293/3293 3286/3286 3294/3294
f 3273/3273 3286/3286 3293/3293
f 3271/3271 3273/3273 3293/3293
f 3295/3295 3286/3286 3296/3296
f 3283/3283 3294/3294 3269/3269
f 3269/3269 3294/3294 3292/3292
f 3294/3294 3295/3295 3292/3292
f 3268/3268 3281/3281 3269/3269
f 3271/3271 3265/3265 3272/3272
f 3265/3265 3271/3271 3266/3266
f 3295/3295 3294/3294 3286/3286
f 3297/3297 3298/3298 3299/3299
f 3275/3275 3266/3266 3276/3276
f 3272/3272 3300/3300 3289/3289
f 3273/3273 3272/3272 3289/3289
f 3273/3273 3290/3290 3287/3287
f 3286/3286 3273/3273 3287/3287
f 3280/3280 3271/3271 3283/3283
f 3265/3265 3267/3267 3301/3301
f 3302/3302 3303/3303 3304/3304
f 3305/3305 3306/3306 3272/3272
f 3307/3307 3264/3264 3263/3263
f 3275/3275 3277/3277 3308/3308
f 3267/3267 3275/3275 3301/3301
f 3309/3309 3310/3310 3308/3308
f 3311/3311 3312/3312 3313/3313
f 3311/3311 3313/3313 3314/3314
f 3308/3308 3311/3311 3301/3301
f 3308/3308 3277/3277 3284/3284
f 3308/3308 3310/3310 3315/3315
f 3308/3308 3284/3284 3309/3309
f 3312/3312 3311/3311 3315/3315
f 3308/3308 3315/3315 3311/3311
f 3313/3313 3312/3312 3302/3302
f 3311/3311 3305/3305 3301/3301
f 3316/3316 3317/3317 3318/3318
f 3306/3306 3319/3319 3320/3320
f 3316/3316 3321/3321 3317/3317
f 3322/3322 3304/3304 3303/3303
f 3304/3304 3314/3314 3313/3313
f 3314/3314 3323/3323 3305/3305
f 3314/3314 3324/3324 3323/3323
f 3323/3323 3324/3324 3316/3316
f 3306/3306 3323/3323 3316/3316
f 3305/3305 3323/3323 3306/3306
f 3325/3325 3326/3326 3316/3316
f 3314/3314 3304/3304 3324/3324
f 3304/3304 3322/3322 3324/3324
f 3324/3324 3322/3322 3325/3325
f 3302/3302 3304/3304 3313/3313
f 3305/3305 3272/3272 3265/3265
f 3265/3265 3301/3301 3305/3305
f 3325/3325 3316/3316 3324/3324
f 3327/3327 3328/3328 3329/3329
f 3275/3275 3308/3308 3301/3301
f 3272/3272 3320/3320 3300/3300
f 3306/3306 3320/3320 3272/3272
f 3306/3306 3318/3318 3319/3319
f 3316/3316 3318/3318 3306/3306
f 3311/3311 3314/3314 3305/3305
f 3330/3330 3331/3331 3332/3332
f 3332/3332 3333/3333 3330/3330
f 3330/3330 3333/3333 3334/3334
f 3334/3334 3335/3335 3330/3330
f 3336/3336 3337/3337 3338/3338
f 3338/3338 3339/3339 3336/3336
f 3340/3340 3341/3341 3342/3342
f 3342/3342 3343/3343 3340/3340
f 3344/3344 3345/3345 3346/3346
f 3346/3346 3347/3347 3344/3344
f 3348/3348 3349/3349 3350/3350
f 3351/3351 3352/3352 3353/3353
f 3354/3354 3355/3355 3356/3356
f 3356/3356 3357/3357 3354/3354
f 3358/3358 3357/3357 3356/3356
f 3356/3356 3359/3359 3358/3358
f 3360/3360 3361/3361 3362/3362
f 3363/3363 3364/3364 3365/3365
f 3362/3362 3366/3366 3360/3360
f 3364/3364 3367/3367 3365/3365
f 3357/3357 3353/3353 3352/3352
f 3358/3358 3353/3353 3357/3357
f 3368/3368 3369/3369 3370/3370
f 3371/3371 3372/3372 3373/3373
f 3370/3370 3374/3374 3368/3368
f 3372/3372 3375/3375 3373/3373
f 3376/3376 3377/3377 3378/3378
f 3379/3379 3380/3380 3381/3381
f 3378/3378 3382/3382 3376/3376
f 3380/3380 3383/3383 3381/3381
f 3352/3352 3354/3354 3357/3357
f 3384/3384 3385/3385 3386/3386
f 3387/3387 3388/3388 3389/3389
f 3386/3386 3390/3390 3384/3384
f 3388/3388 3391/3391 3389/3389
f 3392/3392 3393/3393 3394/3394
f 3395/3395 3396/3396 3397/3397
f 3394/3394 3398/3398 3392/3392
f 3396/3396 3399/3399 3397/3397
f 3400/3400 3401/3401 3402/3402
f 3403/3403 3404/3404 3405/3405
f 3402/3402 3406/3406 3400/3400
f 3404/3404 3407/3407 3405/3405
f 3408/3408 3409/3409 3410/3410
f 3411/3411 3412/3412 3413/3413
f 3410/3410 3414/3414 3408/3408
f 3412/3412 3415/3415 3413/3413
f 3416/3416 3417/3417 3418/3418
f 3419/3419 3420/3420 3421/3421
f 3418/3418 3422/3422 3416/3416
f 3420/3420 3423/3423 3421/3421
f 3424/3424 3425/3425 3426/3426
f 3427/3427 3428/3428 3429/3429
f 3426/3426 3430/3430 3424/3424
f 3428/3428 3431/3431 3429/3429
f 3343/3343 3342/3342 3345/3345
f 3345/3345 3344/3344 3343/3343
f 3339/3339 3338/3338 3341/3341
f 3341/3341 3340/3340 3339/3339
f 3335/3335 3334/3334 3337/3337
f 3337/3337 3336/3336 3335/3335
f 3432/3432 3347/3347 3346/3346
f 3346/3346 3433/3433 3432/3432
f 3433/3433 3350/3350 3349/3349
f 3349/3349 3432/3432 3433/3433
f 3348/3348 3350/3350 3351/3351
f 3351/3351 3353/3353 3348/3348
f 3434/3434 3435/3435 3436/3436
f 3436/3436 3437/3437 3434/3434
f 3438/3438 3439/3439 3440/3440
f 3440/3440 3441/3441 3438/3438
f 3436/3436 3435/3435 3442/3442
f 3442/3442 3443/3443 3436/3436
f 3437/3437 3444/3444 3445/3445
f 3445/3445 3434/3434 3437/3437
f 3438/3438 3443/3443 3442/3442
f 3442/3442 3439/3439 3438/3438
f 3446/3446 3447/3447 3448/3448
f 3448/3448 3449/3449 3446/3446
f 3450/3450 3451/3451 3452/3452
f 3452/3452 3453/3453 3450/3450
f 3453/3453 3454/3454 3455/3455
f 3455/3455 3450/3450 3453/3453
f 3456/3456 3457/3457 3458/3458
f 3458/3458 3459/3459 3456/3456
f 3441/3441 3440/3440 3447/3447
f 3447/3447 3446/3446 3441/3441
f 3460/3460 3461/3461 3449/3449
f 3449/3449 3448/3448 3460/3460
f 3455/3455 3454/3454 3456/3456
f 3456/3456 3459/3459 3455/3455
f 3458/3458 3457/3457 3462/3462
f 3462/3462 3463/3463 3458/3458
f 3464/3464 3465/3465 3466/3466
f 3466/3466 3467/3467 3464/3464
f 3468/3468 3469/3469 3470/3470
f 3470/3470 3471/3471 3468/3468
f 3466/3466 3472/3472 3473/3473
f 3473/3473 3467/3467 3466/3466
f 3465/3465 3464/3464 3445/3445
f 3445/3445 3444/3444 3465/3465
f 3468/3468 3471/3471 3473/3473
f 3473/3473 3472/3472 3468/3468
f 3474/3474 3475/3475 3476/3476
f 3476/3476 3477/3477 3474/3474
f 3478/3478 3479/3479 3480/3480
f 3480/3480 3481/3481 3478/3478
f 3479/3479 3478/3478 3482/3482
f 3482/3482 3483/3483 3479/3479
f 3484/3484 3485/3485 3486/3486
f 3486/3486 3487/3487 3484/3484
f 3469/3469 3474/3474 3477/3477
f 3477/3477 3470/3470 3469/3469
f 3488/3488 3476/3476 3475/3475
f 3475/3475 3489/3489 3488/3488
f 3482/3482 3485/3485 3484/3484
f 3484/3484 3483/3483 3482/3482
f 3486/3486 3463/3463 3462/3462
f 3462/3462 3487/3487 3486/3486
f 3490/3490 3491/3491 3492/3492
f 3493/3493 3494/3494 3495/3495
f 3496/3496 3497/3497 3498/3498
f 3499/3499 3461/3461 3460/3460
f 3500/3500 3501/3501 3502/3502
f 3491/3491 3500/3500 3492/3492
f 3503/3503 3504/3504 3502/3502
f 3505/3505 3506/3506 3507/3507
f 3505/3505 3507/3507 3508/3508
f 3502/3502 3505/3505 3492/3492
f 3502/3502 3501/3501 3509/3509
f 3502/3502 3504/3504 3510/3510
f 3502/3502 3509/3509 3503/3503
f 3506/3506 3505/3505 3510/3510
f 3502/3502 3510/3510 3505/3505
f 3507/3507 3506/3506 3493/3493
f 3505/3505 3496/3496 3492/3492
f 3511/3511 3512/3512 3513/3513
f 3497/3497 3514/3514 3515/3515
f 3511/3511 3516/3516 3512/3512
f 3517/3517 3495/3495 3494/3494
f 3495/3495 3508/3508 3507/3507
f 3508/3508 3518/3518 3496/3496
f 3508/3508 3519/3519 3518/3518
f 3518/3518 3519/3519 3511/3511
f 3497/3497 3518/3518 3511/3511
f 3496/3496 3518/3518 3497/3497
f 3520/3520 3521/3521 3511/3511
f 3508/3508 3495/3495 3519/3519
f 3495/3495 3517/3517 3519/3519
f 3519/3519 3517/3517 3520/3520
f 3493/3493 3495/3495 3507/3507
f 3496/3496 3498/3498 3490/3490
f 3490/3490 3492/3492 3496/3496
f 3520/3520 3511/3511 3519/3519
f 3522/3522 3523/3523 3524/3524
f 3500/3500 3502/3502 3492/3492
f 3498/3498 3515/3515 3525/3525
f 3497/3497 3515/3515 3498/3498
f 3497/3497 3513/3513 3514/3514
f 3511/3511 3513/3513 3497/3497
f 3505/3505 3508/3508 3496/3496
f 3490/3490 3526/3526 3491/3491
f 3527/3527 3528/3528 3529/3529
f 3530/3530 3498/3498 3531/3531
f 3532/3532 3488/3488 3489/3489
f 3500/3500 3533/3533 3501/3501
f 3491/3491 3526/3526 3500/3500
f 3534/3534 3533/3533 3535/3535
f 3536/3536 3537/3537 3538/3538
f 3536/3536 3539/3539 3537/3537
f 3533/3533 3526/3526 3536/3536
f 3533/3533 3509/3509 3501/3501
f 3533/3533 3540/3540 3535/3535
f 3533/3533 3534/3534 3509/3509
f 3538/3538 3540/3540 3536/3536
f 3533/3533 3536/3536 3540/3540
f 3537/3537 3527/3527 3538/3538
f 3536/3536 3526/3526 3530/3530
f 3541/3541 3542/3542 3543/3543
f 3531/3531 3544/3544 3545/3545
f 3541/3541 3543/3543 3546/3546
f 3547/3547 3529/3529 3528/3528
f 3528/3528 3537/3537 3539/3539
f 3539/3539 3530/3530 3548/3548
f 3539/3539 3548/3548 3549/3549
f 3548/3548 3541/3541 3549/3549
f 3531/3531 3541/3541 3548/3548
f 3530/3530 3531/3531 3548/3548
f 3550/3550 3541/3541 3551/3551
f 3539/3539 3549/3549 3528/3528
f 3528/3528 3549/3549 3547/3547
f 3549/3549 3550/3550 3547/3547
f 3527/3527 3537/3537 3528/3528
f 3530/3530 3490/3490 3498/3498
f 3490/3490 3530/3530 3526/3526
f 3550/3550 3549/3549 3541/3541
f 3552/3552 3553/3553 3554/3554
f 3500/3500 3526/3526 3533/3533
f 3498/3498 3525/3525 3544/3544
f 3531/3531 3498/3498 3544/3544
f 3531/3531 3545/3545 3542/3542
f 3541/3541 3531/3531 3542/3542
f 3536/3536 3530/3530 3539/3539
f 1915/1915 1869/1869 1948/1948
f 1872/1872 1900/1900 1948/1948
f 1906/1906 1915/1915 1907/1907
f 1907/1907 1946/1946 1908/1908
f 1907/1907 1948/1948 1900/1900
f 1915/1915 1948/1948 1907/1907
f 1907/1907 1900/1900 1946/1946
f 1870/1870 1869/1869 1915/1915
f 3555/3555 3556/3556 3557/3557
f 3555/3555 3558/3558 3559/3559
f 3555/3555 3559/3559 3556/3556
f 3556/3556 3559/3559 3560/3560
f 3557/3557 3556/3556 3561/3561
f 3562/3562 3563/3563 3564/3564
f 3564/3564 3565/3565 3562/3562
f 3566/3566 3567/3567 3564/3564
f 3564/3564 3563/3563 3566/3566
f 3568/3568 3569/3569 3570/3570
f 3570/3570 3571/3571 3568/3568
f 3570/3570 3572/3572 3573/3573
f 3573/3573 3571/3571 3570/3570
f 3563/3563 3574/3574 3566/3566
f 3575/3575 3574/3574 3563/3563
f 3576/3576 3577/3577 3578/3578
f 3579/3579 3571/3571 3573/3573
f 3580/3580 3568/3568 3571/3571
f 3581/3581 3573/3573 3582/3582
f 3574/3574 3576/3576 3566/3566
f 3579/3579 3573/3573 3581/3581
f 3566/3566 3578/3578 3567/3567
f 3582/3582 3573/3573 3572/3572
f 3576/3576 3578/3578 3566/3566
f 3581/3581 3582/3582 3583/3583
f 3575/3575 3563/3563 3562/3562
f 3580/3580 3571/3571 3579/3579
f 3584/3584 3585/3585 3586/3586
f 3584/3584 3587/3587 3588/3588
f 3584/3584 3586/3586 3587/3587
f 3586/3586 3589/3589 3587/3587
f 3585/3585 3590/3590 3586/3586
f 3591/3591 3592/3592 3593/3593
f 3593/3593 3594/3594 3591/3591
f 3595/3595 3594/3594 3593/3593
f 3593/3593 3596/3596 3595/3595
f 3597/3597 3598/3598 3599/3599
f 3599/3599 3600/3600 3597/3597
f 3599/3599 3598/3598 3601/3601
f 3601/3601 3602/3602 3599/3599
f 3594/3594 3595/3595 3603/3603
f 3604/3604 3594/3594 3603/3603
f 3605/3605 3606/3606 3607/3607
f 3608/3608 3601/3601 3598/3598
f 3609/3609 3598/3598 3597/3597
f 3610/3610 3611/3611 3601/3601
f 3603/3603 3595/3595 3605/3605
f 3608/3608 3610/3610 3601/3601
f 3595/3595 3596/3596 3606/3606
f 3611/3611 3602/3602 3601/3601
f 3605/3605 3595/3595 3606/3606
f 3610/3610 3612/3612 3611/3611
f 3604/3604 3591/3591 3594/3594
f 3609/3609 3608/3608 3598/3598

g pet_brunnhilde_alpha#0
v 20.177710 -5.554144 75.191260
v 23.554110 -4.435116 75.139630
v 22.818890 -4.328802 79.121120
v 18.023130 -6.480713 78.674220
v 15.230200 -5.303043 89.075740
v 15.992150 -6.730999 83.555020
v 21.564460 -4.241409 83.809910
v 20.248460 -3.026054 89.289850
v 22.931030 2.758619 88.816120
v 22.269760 3.132107 92.417670
v 19.780230 -1.025335 94.061350
v 25.021340 0.706466 78.938090
v 23.870200 2.033262 83.410280
v 15.709060 -3.343929 94.326150
v 70.788760 38.636870 27.656870
v 71.065600 38.690130 33.992400
v 60.887730 26.839030 41.650250
v 56.259320 22.853600 31.636600
v 51.304520 17.577350 52.347600
v 43.689230 10.869880 42.454500
v 42.307600 13.746560 63.531060
v 36.838630 7.388449 56.609250
v 25.913090 15.441800 85.045410
v 25.338720 9.554056 83.742000
v 34.474010 11.915160 73.936200
v 35.930180 18.915430 76.536320
v 61.780520 33.088260 48.353580
v 54.231480 27.561080 58.142640
v 44.852310 22.202840 68.049370
v 24.625330 6.402098 80.793370
v 29.521140 5.612700 70.421170
v 71.152300 41.254550 38.876560
v 24.847960 -1.224088 74.673510
v 21.528390 3.703188 97.601010
v 19.806110 0.965472 98.816670
v 32.509570 2.364638 65.232320
v 35.991120 4.198496 66.979250
v 33.306960 4.586038 71.422630
v 28.311590 1.977690 68.680770
v 21.827190 0.851547 77.195780
v 24.778960 1.290710 72.900470
v 30.427080 4.254509 75.444920
v 27.064820 3.702323 79.235630
v 29.429740 9.855331 80.937180
v 26.419270 8.686391 84.336920
v 24.546660 3.311887 82.695250
v 36.415480 10.035140 73.206820
v 33.759620 10.637490 77.603650
v 20.408190 0.398151 81.007680
v 38.580170 8.362233 68.112300
v 24.413870 7.350131 87.832350
v 22.664040 3.136693 86.679370
v 19.216780 -0.278399 85.165890
v 47.664780 14.886610 61.893450
v 48.797510 17.570180 64.843990
v 44.903520 16.669760 69.886550
v 41.969730 12.400080 65.571010
v 34.337680 14.900420 79.737990
v 33.094040 21.134130 81.269620
v 28.669550 19.013840 84.616910
v 29.098810 13.672120 83.631020
v 40.420690 15.990460 74.732940
v 43.828110 23.434370 71.216290
v 39.160140 23.146800 76.058880
v 28.245280 9.692665 80.794530
v 32.822570 10.429160 76.032520
v 37.407170 11.230780 70.174900
v 48.381530 22.666350 66.360990
v 25.602530 16.401260 88.007450
v 25.673250 12.566960 87.235630
v 24.986500 9.011657 85.313730
v 48.808200 34.299080 73.470730
v 48.263340 36.988700 75.462590
v 43.260080 33.638980 79.193500
v 45.009150 29.377490 75.434900
v 35.462230 19.182980 80.461580
v 41.406560 24.534290 77.004810
v 38.675130 29.512820 81.693070
v 32.024900 24.224210 84.527710
v 35.976520 37.977510 78.212910
v 30.392000 33.971770 81.076490
v 25.569220 28.047220 84.241740
v 44.225870 39.909810 75.313820
v 23.259240 22.157240 87.178110
v 28.330670 19.131820 87.726960
v 29.572120 14.923770 84.656590
v 31.846630 44.000580 75.903270
v 28.210130 44.900240 77.731570
v 27.109100 40.317520 80.224720
v 32.552630 38.143300 78.400130
v 26.178530 26.297250 83.518090
v 30.233740 32.459820 80.685470
v 24.486150 34.585870 83.335160
v 22.192120 28.090040 86.647650
v 20.311520 42.265480 79.742520
v 17.884630 36.659140 83.883420
v 17.540440 30.104650 87.678940
v 22.966810 45.712590 77.226210
v 17.345610 24.728330 90.249770
v 20.816570 21.875260 89.576670
v 23.034440 19.693530 87.403790
v 17.972700 42.870470 80.019810
v 15.245760 43.517960 81.203860
v 14.979710 39.563110 84.071380
v 19.611250 37.025280 82.270180
v 18.615280 28.190490 86.848800
v 19.249170 32.442840 84.339090
v 14.038560 34.904630 86.440850
v 13.541690 30.352720 88.911240
v 8.746405 41.874100 83.714970
v 7.458195 37.519960 86.255910
v 8.045934 32.258500 88.705760
v 8.339348 24.197050 92.623280
v 12.569670 23.589270 92.649350
v 16.513060 21.739440 92.028000
v 8.659411 18.711570 96.029940
v 11.777190 18.014100 96.924100
v 15.705880 15.816360 97.095670
v 70.227760 54.726490 40.527660
v 69.108770 56.670160 47.734620
v 66.392590 48.056070 52.251370
v 67.564060 42.048280 44.367750
v 59.460790 39.574010 61.570740
v 58.658540 31.288280 52.200070
v 49.088480 32.624310 71.611940
v 47.723360 23.301970 62.524880
v 22.674800 25.917090 84.679120
v 27.459890 21.703340 84.950120
v 38.778470 27.081030 79.363620
v 30.320540 34.744450 79.855860
v 54.227250 53.678820 57.946060
v 46.871120 46.512970 66.005620
v 38.704820 41.365290 73.852850
v 28.492650 16.167890 81.593310
v 38.950720 19.723350 72.450900
v 60.194780 58.791090 51.795720
v 35.895400 53.543690 63.705390
v 28.380310 55.692550 65.420120
v 26.863700 51.652420 71.370250
v 37.376100 48.510990 68.041530
v 27.259160 46.585210 76.054860
v 37.701370 43.052670 72.045060
v 28.073340 37.799150 79.792330
v 36.165870 35.901650 76.098330
v 19.439990 22.277450 88.192640
v 24.140760 20.123720 85.733470
v 26.306630 29.132020 82.555730
v 19.803070 31.474150 84.416930
v 16.248810 53.186710 68.248210
v 16.014250 48.806820 73.160110
v 19.152480 39.443510 80.924840
v 27.457530 18.313820 83.164070
v 31.713760 27.180890 79.734490
v 20.035200 56.425780 64.120180
v 9.196845 53.583760 70.869840
v 4.906815 55.459190 71.994870
v 6.769792 51.866920 75.363940
v 13.874250 49.697930 73.407770
v 10.919860 44.901580 79.977370
v 19.022170 42.840400 77.687610
v 12.244580 29.691530 87.300950
v 16.553000 29.871900 86.139990
v 14.742700 36.132400 84.392000
v 8.300504 36.143490 85.622150
v -0.063377 51.679190 73.523860
v 3.075305 45.082980 79.479200
v 20.417170 30.162450 84.931440
v 19.537750 35.359200 82.882640
v -0.381936 55.541360 69.868040
v 43.411150 3.609692 35.369810
v 45.582470 5.310149 38.173190
v 41.018540 3.423209 41.780010
v 36.048880 1.746420 38.391030
v 37.406160 1.852051 48.046320
v 28.820700 -0.000881 45.108620
v 34.374220 1.607558 55.552410
v 23.793850 -0.501953 53.691870
v 31.665230 9.434641 76.864860
v 28.537800 5.459139 77.814310
v 30.409260 3.513605 70.586980
v 34.426290 8.186349 70.721100
v 42.816960 8.958008 44.070020
v 40.403430 8.355992 49.576270
v 38.598440 7.595523 56.431200
v 25.298300 4.255300 78.375180
v 22.402870 0.770905 70.630270
v 21.744790 -0.289565 63.116360
v 31.486290 2.654367 64.060400
v 36.670360 7.740198 63.893820
v 46.766920 8.366264 38.689530
v 23.121610 -4.572649 70.274900
v 84.123780 49.678860 32.189960
v 39.182930 2.566118 59.520490
v 57.124680 19.991890 57.694680
v 57.749330 40.601470 71.040700
v 25.398530 52.089250 76.120850
v 14.521320 48.761430 79.341990
v 11.889940 44.537380 81.037410
v 76.202970 66.463770 44.589290
v 35.287060 61.999460 61.384780
v 4.000188 59.974490 67.397640
v 52.267010 6.683532 34.207700
v 17.143000 -0.343432 98.270560
v -20.177630 -5.554148 75.191270
v -18.023040 -6.480719 78.674240
v -22.818810 -4.328801 79.121140
v -23.554030 -4.435119 75.139660
v -15.230100 -5.303046 89.075740
v -20.248360 -3.026049 89.289870
v -21.564370 -4.241411 83.809930
v -15.992060 -6.731006 83.555030
v -19.780120 -1.025338 94.061370
v -22.269660 3.132101 92.417690
v -22.930930 2.758627 88.816140
v -23.870110 2.033250 83.410300
v -25.021250 0.706462 78.938120
v -15.708950 -3.343937 94.326170
v -70.788730 38.636880 27.656900
v -56.259270 22.853600 31.636620
v -60.887670 26.839040 41.650280
v -71.065540 38.690150 33.992430
v -51.304450 17.577360 52.347620
v -43.689180 10.869870 42.454520
v -36.838550 7.388434 56.609280
v -42.307520 13.746560 63.531070
v -25.912990 15.441800 85.045430
v -35.930100 18.915430 76.536330
v -34.473930 11.915160 73.936230
v -25.338630 9.554059 83.742000
v -61.780440 33.088270 48.353600
v -54.231410 27.561090 58.142660
v -44.852230 22.202850 68.049390
v -24.625240 6.402100 80.793390
v -29.521060 5.612700 70.421190
v -71.152240 41.254560 38.876590
v -24.847880 -1.224092 74.673520
v -21.528280 3.703194 97.601040
v -19.806010 0.965466 98.816700
v -32.509500 2.364631 65.232340
v -28.311510 1.977683 68.680790
v -33.306880 4.586043 71.422660
v -35.991050 4.198490 66.979270
v -21.827110 0.851544 77.195790
v -27.064730 3.702313 79.235640
v -30.426990 4.254506 75.444930
v -24.778880 1.290706 72.900480
v -24.546560 3.311832 82.695270
v -26.419180 8.686387 84.336950
v -29.429650 9.855328 80.937190
v -33.759540 10.637490 77.603680
v -36.415400 10.035120 73.206840
v -20.408100 0.398145 81.007700
v -38.580090 8.362222 68.112320
v -24.413770 7.350134 87.832370
v -22.663950 3.136683 86.679400
v -19.216680 -0.278405 85.165910
v -47.664700 14.886610 61.893480
v -41.969640 12.400080 65.571040
v -44.903430 16.669760 69.886580
v -48.797420 17.570170 64.844030
v -34.337600 14.900420 79.738030
v -29.098720 13.672120 83.631060
v -28.669460 19.013840 84.616940
v -33.093940 21.134120 81.269650
v -40.420610 15.990460 74.732970
v -39.160060 23.146800 76.058910
v -43.828010 23.434360 71.216310
v -32.822490 10.429160 76.032550
v -28.245200 9.692664 80.794550
v -37.407090 11.230780 70.174930
v -48.381440 22.666360 66.361020
v -25.602420 16.401260 88.007480
v -25.673150 12.566960 87.235650
v -24.986400 9.011650 85.313760
v -48.808110 34.299080 73.470760
v -45.009060 29.377490 75.434940
v -43.259990 33.638980 79.193540
v -48.263250 36.988700 75.462630
v -35.462140 19.182980 80.461610
v -32.024800 24.224210 84.527740
v -38.675030 29.512820 81.693090
v -41.406470 24.534290 77.004840
v -30.391900 33.971770 81.076520
v -35.976430 37.977520 78.212930
v -25.569120 28.047220 84.241770
v -44.225780 39.909810 75.313840
v -23.259140 22.157240 87.178130
v -28.330580 19.131820 87.726990
v -29.572030 14.923770 84.656620
v -31.846540 44.000580 75.903310
v -32.552550 38.143310 78.400160
v -27.109010 40.317500 80.224750
v -28.210050 44.900240 77.731580
v -26.178440 26.297250 83.518110
v -22.192030 28.090040 86.647670
v -24.486050 34.585870 83.335190
v -30.233650 32.459820 80.685510
v -17.884540 36.659130 83.883440
v -20.311430 42.265490 79.742550
v -17.540340 30.104650 87.678960
v -22.966720 45.712590 77.226250
v -17.345510 24.728330 90.249800
v -20.816460 21.875260 89.576710
v -23.034340 19.693530 87.403820
v -17.972610 42.870460 80.019820
v -19.611160 37.025290 82.270200
v -14.979620 39.563120 84.071400
v -15.245670 43.517960 81.203870
v -18.615190 28.190480 86.848830
v -13.541580 30.352720 88.911250
v -14.038460 34.904620 86.440860
v -19.249080 32.442830 84.339120
v -7.458096 37.519960 86.255920
v -8.746313 41.874090 83.714970
v -8.045834 32.258500 88.705760
v -8.339244 24.197050 92.623280
v -12.569570 23.589270 92.649360
v -16.512960 21.739440 92.028020
v -8.659304 18.711570 96.029950
v -11.777080 18.014100 96.924100
v -15.705780 15.816360 97.095700
v -70.227690 54.726490 40.527700
v -67.563990 42.048300 44.367770
v -66.392510 48.056080 52.251400
v -69.108690 56.670170 47.734650
v -59.460710 39.574010 61.570760
v -58.658470 31.288290 52.200080
v -47.723280 23.301980 62.524900
v -49.088390 32.624310 71.611970
v -22.674710 25.917090 84.679140
v -30.320450 34.744450 79.855870
v -38.778390 27.081030 79.363630
v -27.459800 21.703340 84.950130
v -54.227170 53.678820 57.946080
v -46.871030 46.512970 66.005640
v -38.704730 41.365280 73.852860
v -28.492560 16.167890 81.593330
v -38.950640 19.723350 72.450900
v -60.194710 58.791100 51.795730
v -35.895330 53.543680 63.705410
v -37.376020 48.510990 68.041550
v -26.863610 51.652420 71.370260
v -28.380230 55.692550 65.420140
v -27.259080 46.585210 76.054870
v -37.701290 43.052670 72.045060
v -36.165780 35.901660 76.098340
v -28.073250 37.799140 79.792330
v -19.439890 22.277450 88.192660
v -19.802980 31.474150 84.416950
v -26.306530 29.132010 82.555730
v -24.140670 20.123720 85.733490
v -16.248730 53.186710 68.248220
v -16.014160 48.806820 73.160130
v -19.152390 39.443510 80.924840
v -27.457440 18.313820 83.164090
v -31.713670 27.180880 79.734500
v -20.035120 56.425770 64.120180
v -9.196760 53.583760 70.869840
v -13.874160 49.697920 73.407770
v -6.769703 51.866920 75.363920
v -4.906725 55.459180 71.994870
v -10.919770 44.901580 79.977380
v -19.022070 42.840390 77.687640
v -12.244490 29.691530 87.300960
v -8.300406 36.143480 85.622150
v -14.742600 36.132410 84.391990
v -16.552900 29.871900 86.140010
v 0.063471 51.679180 73.523860
v -3.075211 45.082970 79.479190
v -20.417080 30.162450 84.931460
v -19.537650 35.359200 82.882680
v 0.382018 55.541360 69.868040
v -43.411100 3.609673 35.369840
v -36.048840 1.746403 38.391060
v -41.018490 3.423193 41.780030
v -45.582430 5.310131 38.173220
v -37.406090 1.852040 48.046350
v -28.820640 -0.000894 45.108630
v -23.793790 -0.501962 53.691890
v -34.374150 1.607548 55.552440
v -31.665150 9.434635 76.864880
v -34.426210 8.186340 70.721130
v -30.409170 3.513598 70.586990
v -28.537710 5.459136 77.814330
v -42.816910 8.957992 44.070050
v -40.403360 8.355976 49.576300
v -38.598370 7.595510 56.431220
v -25.298210 4.255296 78.375200
v -22.402790 0.770901 70.630290
v -31.486220 2.654359 64.060420
v -21.744720 -0.289573 63.116370
v -36.670280 7.740187 63.893850
v -46.766880 8.366245 38.689550
v -23.121530 -4.572657 70.274930
v -84.123720 49.678870 32.189990
v -39.182870 2.566111 59.520520
v -57.124610 19.991890 57.694710
v -57.749240 40.601460 71.040730
v -25.398440 52.089240 76.120870
v -14.521230 48.761430 79.342000
v -11.889850 44.537370 81.037410
v -76.202900 66.463780 44.589330
v -35.286990 61.999460 61.384800
v -4.000104 59.974490 67.397660
v -52.266960 6.683514 34.207730
v -17.142890 -0.343434 98.270590
v 16.934930 27.682330 87.466240
v 14.067940 28.410280 88.305350
v 13.456680 26.048820 90.810520
v 17.240770 24.963670 89.262050
v 11.699910 21.270790 95.541620
v 9.722770 26.842480 90.882030
v 8.258272 22.401210 95.381330
v 14.933650 19.902430 93.540620
v 11.919050 29.050760 88.800640
v 7.509493 14.951350 100.330900
v 9.058779 14.444130 99.801290
v 10.962160 13.656270 98.733100
v 15.158580 29.234290 79.723950
v 12.351020 29.919280 79.787520
v 10.472880 28.733320 84.973760
v 15.391090 27.430320 84.220730
v 9.370720 26.981440 89.202510
v 14.588570 25.297950 88.254280
v 5.196457 20.212300 97.408120
v 7.742578 18.680900 96.911290
v 8.798358 22.586450 94.612580
v 4.622217 23.469320 94.606230
v 5.682603 28.588370 84.154000
v 4.422102 27.295720 88.860530
v 10.047980 17.686950 95.700320
v 12.798470 21.441020 92.907410
v 8.862817 30.205890 79.294450
v 13.931400 32.536150 87.009220
v 15.189000 30.612260 75.388360
v -16.895880 27.682330 87.466260
v -17.201720 24.963660 89.262070
v -13.417620 26.048820 90.810530
v -14.028880 28.410280 88.305370
v -11.660860 21.270790 95.541630
v -8.219214 22.401210 95.381350
v -9.683713 26.842480 90.882050
v -14.894590 19.902430 93.540640
v -11.880000 29.050760 88.800670
v -7.470429 14.951350 100.330900
v -9.019717 14.444130 99.801300
v -10.923100 13.656270 98.733110
v -15.119530 29.234290 79.723960
v -15.352040 27.430320 84.220750
v -10.433830 28.733320 84.973770
v -12.311980 29.919280 79.787540
v -9.331670 26.981440 89.202510
v -14.549520 25.297950 88.254300
v -5.157395 20.212300 97.408130
v -4.583159 23.469320 94.606230
v -8.759300 22.586450 94.612590
v -7.703517 18.680900 96.911290
v -5.643552 28.588370 84.154010
v -4.383049 27.295720 88.860530
v -10.008920 17.686950 95.700330
v -12.759410 21.441020 92.907420
v -8.823773 30.205890 79.294460
v -13.892350 32.536150 87.009220
v -15.149960 30.612260 75.388370
v 10.010020 25.455040 92.746930
v 6.931758 24.938190 94.214870
v 7.312635 22.231640 97.750690
v 11.191450 21.437380 96.180030
v 10.528740 17.688430 99.282230
v 7.202896 18.636370 100.072400
v 3.953506 23.218170 96.972690
v 3.917967 19.629700 99.631060
v 4.541265 24.646180 94.841000
v 4.094890 12.649220 102.766700
v 6.754697 11.303210 102.432300
v 8.853554 9.469366 102.753500
v -0.021597 27.488890 90.606540
v 5.562759 23.337720 93.642520
v 2.652082 27.137430 89.110570
v 5.062295 19.413950 98.161730
v -0.021596 23.878930 96.275800
v -0.021587 19.872240 100.084800
v -0.021592 30.857920 86.866000
v -2.695264 27.141760 89.110580
v -0.021584 11.316970 104.625900
v 4.708720 12.277670 102.363100
v -0.021594 27.174120 91.171260
v -10.053210 25.481410 92.746930
v -11.234630 21.487530 96.180050
v -7.355816 22.265680 97.750700
v -6.974945 24.959440 94.214870
v -10.571930 17.757220 99.282240
v -7.246072 18.682980 100.072400
v -3.961144 19.653290 99.631070
v -3.996694 23.234680 96.972690
v -4.584453 24.661090 94.841000
v -4.138075 12.688550 102.766700
v -6.820216 12.565890 102.491800
v -8.962327 11.202300 101.926100
v -5.605935 23.356410 93.642520
v -5.105482 19.442570 98.161740
v -4.751907 12.322790 102.363100
v 4.885123 30.323540 87.105060
v -4.928318 30.327320 87.105070
v 5.944783 0.155569 161.552400
v 6.420837 0.422713 160.287400
v 10.136470 1.645130 161.395100
v 9.050221 1.306616 163.053400
v 15.645850 8.243721 167.786700
v 15.393620 6.887961 167.706100
v 14.509650 5.568531 165.153000
v 14.890170 7.496192 163.911300
v 12.590060 3.818067 162.901900
v 12.887000 5.592603 161.055600
v 6.543121 0.913030 159.145900
v 10.241060 2.542003 159.380900
v 14.423650 6.518239 168.206800
v 12.939190 5.073099 166.407500
v 11.160700 3.379482 164.884900
v 8.392608 0.088726 165.244200
v 5.364469 -0.703491 160.793700
v 6.573617 0.473083 160.893000
v 9.886320 5.731380 175.216200
v 9.214823 4.495019 175.302000
v 9.124120 3.529719 172.624700
v 10.454850 5.735704 172.383100
v 9.199356 1.825014 169.266600
v 11.113480 4.265019 168.065900
v 8.288249 1.493361 161.076300
v 10.440220 2.992946 164.187400
v 7.831226 4.404021 175.455400
v 6.835881 3.046324 172.722000
v 5.860364 0.921845 169.992100
v 5.076042 -0.593537 165.738200
v 4.822631 -1.309727 162.217000
v 5.967519 -1.122516 162.322900
v 6.393572 -1.744241 165.699200
v 4.738837 -2.015804 165.445200
v 6.028821 1.544366 171.991900
v 5.499144 0.855739 171.882100
v 6.050285 -0.082589 170.111100
v 6.933960 1.287497 170.111700
v 6.266662 -1.036999 168.217400
v 7.456267 0.470455 168.056400
v 6.820809 -0.318944 162.312200
v 7.450409 -0.346944 165.769700
v 4.619747 0.931343 171.825100
v 4.556305 -0.062611 170.049500
v 4.707066 -1.256460 168.126200
v 7.038467 1.071611 159.876100
v 7.107456 1.271826 158.842300
v 10.624150 2.458914 158.759100
v 10.408550 2.493144 160.358200
v 14.796580 9.789863 158.757100
v 15.042420 8.733068 159.555700
v 14.084280 6.674001 158.987000
v 13.596760 7.864466 157.204800
v 12.690220 4.513308 158.798300
v 12.168420 5.383162 156.783700
v 7.097810 1.560745 157.769600
v 10.059520 2.996611 156.947100
v 14.234240 8.655681 160.452200
v 13.439150 6.790358 160.472500
v 12.127860 4.465363 160.666700
v 15.860470 7.720287 171.003200
v 8.595473 4.859164 179.647900
v 4.745979 0.821624 174.157600
v 15.362730 11.432290 161.334600
v 2.470724 15.777380 105.891300
v 1.802229 13.804260 107.377600
v 2.501050 13.837070 107.098200
v 3.634229 15.191300 105.775800
v 3.410503 18.431090 104.218700
v 1.720757 20.116670 103.141200
v 0.887129 18.143760 104.507800
v 4.976593 16.525250 104.197300
v 5.795002 17.969480 103.049900
v 0.739319 16.352000 105.681900
v 4.650285 20.830120 102.894400
v 3.714278 21.452990 102.425300
v 5.639056 19.872750 102.474100
v 0.970060 14.024380 107.375500
v 4.562078 18.629200 103.062600
v 2.975885 15.742300 105.270200
v 3.906803 15.683820 104.626800
v 6.032383 17.299920 102.320900
v 6.281525 21.715210 100.959800
v 5.125244 24.032950 99.842060
v 3.829269 22.084060 101.111700
v 7.840208 19.378790 100.678000
v 9.047818 21.904370 99.552610
v 2.742157 20.001170 102.447500
v 7.958403 24.447060 99.587780
v 7.180008 25.890440 99.161350
v 9.300638 23.834360 99.160080
v 2.159981 16.178040 105.179500
v 3.421553 20.006020 102.073800
v 2.616277 16.470790 104.691200
v 4.089734 16.282090 104.078200
v 5.624453 18.947400 101.935400
v 4.881432 25.184040 98.755940
v 2.163331 27.072220 97.382900
v 1.137628 24.038110 99.297750
v 6.755963 21.715850 99.486470
v 7.264455 25.223860 97.099860
v 0.715585 20.110080 102.325200
v 7.382466 30.903720 94.980120
v 5.660327 31.628490 94.847430
v 8.585565 29.746680 94.986680
v 1.339674 16.399230 104.877900
v -2.509587 15.777380 105.891300
v -3.673092 15.191300 105.775800
v -2.539910 13.837070 107.098200
v -1.841091 13.804260 107.377600
v -1.759621 20.116670 103.141200
v -3.449368 18.431090 104.218700
v -0.925996 18.143760 104.507800
v -5.015461 16.525250 104.197300
v -5.833867 17.969480 103.049900
v -0.778180 16.352000 105.681900
v -3.753143 21.452980 102.425300
v -4.689152 20.830120 102.894400
v -5.677920 19.872750 102.474100
v -1.008921 14.024380 107.375500
v -4.600944 18.629210 103.062600
v -6.071248 17.299920 102.320900
v -3.945666 15.683820 104.626800
v -3.014747 15.742300 105.270200
v -5.164111 24.032950 99.842060
v -6.320392 21.715210 100.959800
v -3.868136 22.084060 101.111800
v -7.879074 19.378790 100.678000
v -9.086686 21.904370 99.552610
v -2.781023 20.001170 102.447500
v -7.218878 25.890440 99.161340
v -7.997270 24.447060 99.587770
v -9.339508 23.834370 99.160080
v -2.198843 16.178040 105.179500
v -3.460419 20.006020 102.073800
v -5.663319 18.947400 101.935400
v -4.128601 16.282090 104.078200
v -2.655143 16.470790 104.691300
v -2.202201 27.072220 97.382900
v -4.920303 25.184040 98.755940
v -1.176496 24.038110 99.297750
v -6.794829 21.715850 99.486470
v -7.303325 25.223860 97.099860
v -0.754451 20.110080 102.325200
v -5.699195 31.628490 94.847430
v -7.421336 30.903720 94.980120
v -8.624435 29.746690 94.986680
v -1.378538 16.399230 104.877900
v 6.322698 23.499100 102.188300
v 9.827388 27.166560 99.777010
v 10.375760 35.422450 94.218840
v -6.361566 23.499100 102.188300
v -9.866255 27.166550 99.777010
v -10.414630 35.422450 94.218850
v -14.216400 -1.156413 51.275720
v -13.580820 -2.658615 52.380580
v -16.432840 -1.171195 56.965530
v -16.435110 0.772905 55.188360
v -21.542220 3.433785 63.938380
v -18.891250 0.782211 59.844230
v -17.408330 0.046660 62.143470
v -19.913560 2.895519 65.901750
v -21.623510 5.136508 61.624100
v -19.175370 2.744784 57.827320
v -15.048200 -1.819448 59.021030
v -23.821060 7.059107 67.734000
v -22.733850 6.863837 68.617340
v -23.582820 8.118888 66.626450
v -12.696810 -3.254519 53.906410
v -13.508680 -1.678699 51.102970
v -12.804530 -2.748591 51.172240
v -15.113180 -3.064395 55.030720
v -15.908040 -1.017218 54.482590
v -14.887740 -3.686138 60.073930
v -16.299230 -2.451629 63.267950
v -18.257990 -1.505889 61.819790
v -17.145800 -2.798819 58.512250
v -19.158260 0.697830 60.616030
v -18.063930 -0.038230 57.168330
v -13.397860 -3.858182 56.107070
v -18.958100 0.108037 65.078740
v -17.833170 -0.026112 66.103500
v -19.080370 1.286536 64.198100
v -11.895760 -3.555900 52.047130
v -14.137610 -1.753904 52.268560
v -13.849400 -2.717427 52.696170
v -16.329420 -2.264798 54.248310
v -16.405390 -1.399940 53.287750
v -20.539450 1.284497 56.778830
v -18.642880 -0.911597 55.410830
v -17.918370 -1.003624 57.351220
v -19.988350 1.221759 58.457360
v -20.200410 1.975179 55.671840
v -18.346430 0.157676 54.247420
v -15.793960 -2.696780 55.650970
v -22.033990 3.798702 58.195630
v -22.288560 3.564248 58.988300
v -21.648570 4.242336 57.538600
v -13.181310 -3.064586 53.719270
v -13.746580 -2.405935 51.396400
v -13.784240 -2.894503 52.310950
v -15.697490 -2.516470 52.559040
v -15.363120 -1.378202 51.006340
v -20.291090 1.553175 53.036170
v -19.263440 -0.244940 53.100760
v -19.201520 -0.433118 55.430390
v -20.407570 1.973291 54.939520
v -19.396930 2.212539 51.695760
v -18.238550 0.943975 51.097290
v -17.715130 -1.692730 52.853080
v -17.764540 -2.050676 55.095230
v -20.803820 3.244799 52.401860
v -20.985270 3.584319 53.043150
v -20.233970 3.278397 52.005770
v -13.637820 -3.195676 53.432980
v -15.572880 -2.823142 54.387120
v -16.908480 -0.229998 50.835180
v -26.725900 12.340030 70.354600
v -20.410870 1.634291 68.115330
v -23.224650 7.917739 59.065740
v -21.211010 4.460074 50.446190
v 14.216820 -1.156765 51.275610
v 16.435120 0.772906 55.188350
v 16.432850 -1.171195 56.965520
v 13.580830 -2.658794 52.382030
v 21.542240 3.433785 63.938380
v 19.913570 2.895515 65.901730
v 17.408350 0.046657 62.143470
v 18.891270 0.782210 59.844220
v 19.175380 2.744786 57.827310
v 21.623510 5.136509 61.624090
v 15.048220 -1.819452 59.021020
v 23.821070 7.059104 67.733990
v 22.733870 6.863835 68.617330
v 23.582830 8.118886 66.626440
v 12.696820 -3.254735 53.908140
v 13.508680 -1.678811 51.103870
v 15.908050 -1.017217 54.482580
v 15.113200 -3.064395 55.030710
v 12.804530 -2.748792 51.173850
v 14.887760 -3.686145 60.073920
v 18.258010 -1.505893 61.819780
v 16.299250 -2.451635 63.267940
v 17.145820 -2.798819 58.512240
v 18.063950 -0.038228 57.168330
v 19.158280 0.697829 60.616020
v 13.397880 -3.858186 56.107070
v 18.958120 0.108032 65.078730
v 17.833190 -0.026118 66.103490
v 19.080390 1.286532 64.198090
v 11.895770 -3.556158 52.049210
v 14.137740 -1.754079 52.268710
v 16.405400 -1.399936 53.287740
v 16.329440 -2.264796 54.248300
v 13.849400 -2.717607 52.697640
v 20.539460 1.284502 56.778820
v 19.988360 1.221766 58.457350
v 17.918390 -1.003622 57.351210
v 18.642890 -0.911593 55.410820
v 18.346440 0.157680 54.247410
v 20.200410 1.975183 55.671840
v 15.793980 -2.696781 55.650970
v 22.034000 3.798707 58.195630
v 22.288570 3.564253 58.988290
v 21.648580 4.242342 57.538600
v 13.181310 -3.064785 53.720880
v 13.746580 -2.406103 51.397770
v 15.363130 -1.378199 51.006330
v 15.697500 -2.516467 52.559030
v 13.784250 -2.894704 52.312560
v 20.291090 1.553183 53.036160
v 20.407580 1.973298 54.939510
v 19.201520 -0.433115 55.430390
v 19.263440 -0.244934 53.100750
v 18.238560 0.943982 51.097280
v 19.396940 2.212548 51.695750
v 17.764550 -2.050673 55.095220
v 17.715140 -1.692725 52.853070
v 20.803830 3.244809 52.401860
v 20.985280 3.584328 53.043140
v 20.233980 3.278406 52.005760
v 13.637820 -3.195892 53.434710
v 15.572900 -2.823142 54.387120
v 16.908490 -0.229993 50.835170
v 26.725910 12.340030 70.354590
v 20.410890 1.634285 68.115320
v 23.224660 7.917747 59.065730
v 21.211010 4.460087 50.446190
vt 0.864979 0.160354 0.000000
vt 0.864979 0.182786 0.000000
vt 0.887502 0.182786 0.000000
vt 0.887414 0.158691 0.000000
vt 0.954377 0.157084 0.000000
vt 0.920982 0.157084 0.000000
vt 0.921113 0.182786 0.000000
vt 0.954377 0.182786 0.000000
vt 0.954377 0.206112 0.000000
vt 0.974562 0.206112 0.000000
vt 0.974562 0.182786 0.000000
vt 0.887526 0.204566 0.000000
vt 0.921149 0.206112 0.000000
vt 0.974562 0.157084 0.000000
vt 0.762119 0.093767 0.000000
vt 0.762119 0.116842 0.000000
vt 0.811155 0.116842 0.000000
vt 0.811155 0.085686 0.000000
vt 0.859159 0.116842 0.000000
vt 0.859159 0.084452 0.000000
vt 0.902274 0.116842 0.000000
vt 0.902274 0.084452 0.000000
vt 0.994747 0.145998 0.000000
vt 0.994747 0.116842 0.000000
vt 0.945538 0.116842 0.000000
vt 0.945538 0.145998 0.000000
vt 0.811155 0.143992 0.000000
vt 0.859159 0.145998 0.000000
vt 0.902274 0.145998 0.000000
vt 0.994747 0.084452 0.000000
vt 0.945538 0.084452 0.000000
vt 0.762119 0.139003 0.000000
vt 0.864979 0.202991 0.000000
vt 0.994747 0.206112 0.000000
vt 0.994747 0.182786 0.000000
vt 0.864979 0.160354 0.000000
vt 0.864979 0.182786 0.000000
vt 0.887502 0.182786 0.000000
vt 0.887414 0.158691 0.000000
vt 0.954377 0.157084 0.000000
vt 0.920982 0.157084 0.000000
vt 0.921113 0.182786 0.000000
vt 0.954377 0.182786 0.000000
vt 0.954377 0.206112 0.000000
vt 0.974562 0.206112 0.000000
vt 0.974562 0.182786 0.000000
vt 0.887526 0.204566 0.000000
vt 0.921149 0.206112 0.000000
vt 0.974562 0.157084 0.000000
vt 0.864979 0.202991 0.000000
vt 0.994747 0.206112 0.000000
vt 0.994747 0.182786 0.000000
vt 0.994747 0.157084 0.000000
vt 0.864979 0.160354 0.000000
vt 0.864979 0.182786 0.000000
vt 0.887502 0.182786 0.000000
vt 0.887414 0.158691 0.000000
vt 0.943289 0.182786 0.000000
vt 0.943301 0.206112 0.000000
vt 0.974562 0.206112 0.000000
vt 0.974562 0.182786 0.000000
vt 0.910024 0.182786 0.000000
vt 0.887526 0.204566 0.000000
vt 0.910073 0.206112 0.000000
vt 0.974562 0.157084 0.000000
vt 0.943246 0.157084 0.000000
vt 0.909850 0.157084 0.000000
vt 0.864979 0.202991 0.000000
vt 0.994747 0.206112 0.000000
vt 0.994747 0.182786 0.000000
vt 0.994747 0.157084 0.000000
vt 0.864979 0.160354 0.000000
vt 0.864979 0.182786 0.000000
vt 0.887502 0.182786 0.000000
vt 0.887414 0.158691 0.000000
vt 0.964470 0.157084 0.000000
vt 0.920982 0.157084 0.000000
vt 0.921113 0.182786 0.000000
vt 0.964470 0.182786 0.000000
vt 0.887526 0.204566 0.000000
vt 0.921149 0.206112 0.000000
vt 0.964470 0.206112 0.000000
vt 0.864979 0.202991 0.000000
vt 0.994747 0.206112 0.000000
vt 0.994747 0.182786 0.000000
vt 0.994747 0.157084 0.000000
vt 0.864979 0.160354 0.000000
vt 0.864979 0.182786 0.000000
vt 0.887502 0.182786 0.000000
vt 0.887414 0.158691 0.000000
vt 0.964470 0.157084 0.000000
vt 0.920982 0.157084 0.000000
vt 0.921113 0.182786 0.000000
vt 0.964470 0.182786 0.000000
vt 0.887526 0.204566 0.000000
vt 0.921149 0.206112 0.000000
vt 0.964470 0.206112 0.000000
vt 0.864979 0.202991 0.000000
vt 0.994747 0.206112 0.000000
vt 0.994747 0.182786 0.000000
vt 0.994747 0.157084 0.000000
vt 0.864979 0.160354 0.000000
vt 0.864979 0.182786 0.000000
vt 0.887502 0.182786 0.000000
vt 0.887414 0.158691 0.000000
vt 0.964470 0.157084 0.000000
vt 0.920982 0.157084 0.000000
vt 0.921113 0.182786 0.000000
vt 0.964470 0.182786 0.000000
vt 0.887526 0.204566 0.000000
vt 0.921149 0.206112 0.000000
vt 0.964470 0.206112 0.000000
vt 0.979609 0.206112 0.000000
vt 0.979609 0.182786 0.000000
vt 0.979609 0.157084 0.000000
vt 0.994747 0.206112 0.000000
vt 0.994747 0.182786 0.000000
vt 0.994747 0.157084 0.000000
vt 0.762119 0.093767 0.000000
vt 0.762119 0.116842 0.000000
vt 0.811155 0.116842 0.000000
vt 0.811155 0.085686 0.000000
vt 0.859159 0.116842 0.000000
vt 0.859159 0.084452 0.000000
vt 0.902274 0.116842 0.000000
vt 0.902274 0.084452 0.000000
vt 0.994747 0.145998 0.000000
vt 0.994747 0.116842 0.000000
vt 0.945538 0.116842 0.000000
vt 0.945538 0.145998 0.000000
vt 0.811155 0.143992 0.000000
vt 0.859159 0.145998 0.000000
vt 0.902274 0.145998 0.000000
vt 0.994747 0.084452 0.000000
vt 0.945538 0.084452 0.000000
vt 0.762119 0.139003 0.000000
vt 0.762119 0.093767 0.000000
vt 0.762119 0.116842 0.000000
vt 0.811155 0.116842 0.000000
vt 0.811155 0.085686 0.000000
vt 0.859159 0.116842 0.000000
vt 0.859159 0.084452 0.000000
vt 0.902274 0.116842 0.000000
vt 0.902274 0.084452 0.000000
vt 0.994747 0.145998 0.000000
vt 0.994747 0.116842 0.000000
vt 0.945538 0.116842 0.000000
vt 0.945538 0.145998 0.000000
vt 0.811155 0.143992 0.000000
vt 0.859159 0.145998 0.000000
vt 0.902274 0.145998 0.000000
vt 0.994747 0.084452 0.000000
vt 0.945538 0.084452 0.000000
vt 0.762119 0.139003 0.000000
vt 0.762119 0.093767 0.000000
vt 0.762119 0.116842 0.000000
vt 0.811155 0.116842 0.000000
vt 0.811155 0.085686 0.000000
vt 0.880717 0.116842 0.000000
vt 0.880717 0.084452 0.000000
vt 0.994747 0.145998 0.000000
vt 0.994747 0.116842 0.000000
vt 0.945538 0.116842 0.000000
vt 0.945538 0.145998 0.000000
vt 0.811155 0.143992 0.000000
vt 0.880717 0.145998 0.000000
vt 0.994747 0.084452 0.000000
vt 0.945538 0.084452 0.000000
vt 0.762119 0.139003 0.000000
vt 0.762119 0.093767 0.000000
vt 0.762119 0.116842 0.000000
vt 0.811155 0.116842 0.000000
vt 0.811155 0.085686 0.000000
vt 0.859159 0.116842 0.000000
vt 0.859159 0.084452 0.000000
vt 0.902274 0.116842 0.000000
vt 0.902274 0.084452 0.000000
vt 0.994747 0.145998 0.000000
vt 0.994747 0.116842 0.000000
vt 0.945538 0.116842 0.000000
vt 0.945538 0.145998 0.000000
vt 0.811155 0.143992 0.000000
vt 0.859159 0.145998 0.000000
vt 0.902274 0.145998 0.000000
vt 0.994747 0.084452 0.000000
vt 0.945538 0.084452 0.000000
vt 0.923906 0.084452 0.000000
vt 0.923906 0.116842 0.000000
vt 0.923906 0.145998 0.000000
vt 0.762119 0.139003 0.000000
vt 0.817116 0.182786 0.000000
vt 0.706514 0.116842 0.000000
vt 0.817116 0.182786 0.000000
vt 0.817116 0.182786 0.000000
vt 0.817116 0.182786 0.000000
vt 0.817116 0.182786 0.000000
vt 0.817116 0.182786 0.000000
vt 0.864979 0.202991 0.000000
vt 0.706514 0.116842 0.000000
vt 0.706514 0.116842 0.000000
vt 0.706514 0.116842 0.000000
vt 0.706514 0.116842 0.000000
vt 0.994747 0.157084 0.000000
vt 0.864979 0.160354 0.000000
vt 0.887414 0.158691 0.000000
vt 0.887502 0.182786 0.000000
vt 0.864979 0.182786 0.000000
vt 0.954377 0.157084 0.000000
vt 0.954377 0.182786 0.000000
vt 0.921113 0.182786 0.000000
vt 0.920982 0.157084 0.000000
vt 0.974562 0.182786 0.000000
vt 0.974562 0.206112 0.000000
vt 0.954377 0.206112 0.000000
vt 0.921149 0.206112 0.000000
vt 0.887526 0.204566 0.000000
vt 0.974562 0.157084 0.000000
vt 0.762119 0.093767 0.000000
vt 0.811155 0.085686 0.000000
vt 0.811155 0.116842 0.000000
vt 0.762119 0.116842 0.000000
vt 0.859159 0.116842 0.000000
vt 0.859159 0.084452 0.000000
vt 0.902274 0.084452 0.000000
vt 0.902274 0.116842 0.000000
vt 0.994747 0.145998 0.000000
vt 0.945538 0.145998 0.000000
vt 0.945538 0.116842 0.000000
vt 0.994747 0.116842 0.000000
vt 0.811155 0.143992 0.000000
vt 0.859159 0.145998 0.000000
vt 0.902274 0.145998 0.000000
vt 0.994747 0.084452 0.000000
vt 0.945538 0.084452 0.000000
vt 0.762119 0.139003 0.000000
vt 0.864979 0.202991 0.000000
vt 0.994747 0.206112 0.000000
vt 0.994747 0.182786 0.000000
vt 0.864979 0.160354 0.000000
vt 0.887414 0.158691 0.000000
vt 0.887502 0.182786 0.000000
vt 0.864979 0.182786 0.000000
vt 0.954377 0.157084 0.000000
vt 0.954377 0.182786 0.000000
vt 0.921113 0.182786 0.000000
vt 0.920982 0.157084 0.000000
vt 0.974562 0.182786 0.000000
vt 0.974562 0.206112 0.000000
vt 0.954377 0.206112 0.000000
vt 0.921149 0.206112 0.000000
vt 0.887526 0.204566 0.000000
vt 0.974562 0.157084 0.000000
vt 0.864979 0.202991 0.000000
vt 0.994747 0.206112 0.000000
vt 0.994747 0.182786 0.000000
vt 0.994747 0.157084 0.000000
vt 0.864979 0.160354 0.000000
vt 0.887414 0.158691 0.000000
vt 0.887502 0.182786 0.000000
vt 0.864979 0.182786 0.000000
vt 0.943289 0.182786 0.000000
vt 0.974562 0.182786 0.000000
vt 0.974562 0.206112 0.000000
vt 0.943301 0.206112 0.000000
vt 0.910024 0.182786 0.000000
vt 0.910073 0.206112 0.000000
vt 0.887526 0.204566 0.000000
vt 0.943246 0.157084 0.000000
vt 0.974562 0.157084 0.000000
vt 0.909850 0.157084 0.000000
vt 0.864979 0.202991 0.000000
vt 0.994747 0.206112 0.000000
vt 0.994747 0.182786 0.000000
vt 0.994747 0.157084 0.000000
vt 0.864979 0.160354 0.000000
vt 0.887414 0.158691 0.000000
vt 0.887502 0.182786 0.000000
vt 0.864979 0.182786 0.000000
vt 0.964470 0.157084 0.000000
vt 0.964470 0.182786 0.000000
vt 0.921113 0.182786 0.000000
vt 0.920982 0.157084 0.000000
vt 0.921149 0.206112 0.000000
vt 0.887526 0.204566 0.000000
vt 0.964470 0.206112 0.000000
vt 0.864979 0.202991 0.000000
vt 0.994747 0.206112 0.000000
vt 0.994747 0.182786 0.000000
vt 0.994747 0.157084 0.000000
vt 0.864979 0.160354 0.000000
vt 0.887414 0.158691 0.000000
vt 0.887502 0.182786 0.000000
vt 0.864979 0.182786 0.000000
vt 0.964470 0.157084 0.000000
vt 0.964470 0.182786 0.000000
vt 0.921113 0.182786 0.000000
vt 0.920982 0.157084 0.000000
vt 0.921149 0.206112 0.000000
vt 0.887526 0.204566 0.000000
vt 0.964470 0.206112 0.000000
vt 0.864979 0.202991 0.000000
vt 0.994747 0.206112 0.000000
vt 0.994747 0.182786 0.000000
vt 0.994747 0.157084 0.000000
vt 0.864979 0.160354 0.000000
vt 0.887414 0.158691 0.000000
vt 0.887502 0.182786 0.000000
vt 0.864979 0.182786 0.000000
vt 0.964470 0.157084 0.000000
vt 0.964470 0.182786 0.000000
vt 0.921113 0.182786 0.000000
vt 0.920982 0.157084 0.000000
vt 0.921149 0.206112 0.000000
vt 0.887526 0.204566 0.000000
vt 0.964470 0.206112 0.000000
vt 0.979609 0.206112 0.000000
vt 0.979609 0.182786 0.000000
vt 0.979609 0.157084 0.000000
vt 0.994747 0.206112 0.000000
vt 0.994747 0.182786 0.000000
vt 0.994747 0.157084 0.000000
vt 0.762119 0.093767 0.000000
vt 0.811155 0.085686 0.000000
vt 0.811155 0.116842 0.000000
vt 0.762119 0.116842 0.000000
vt 0.859159 0.116842 0.000000
vt 0.859159 0.084452 0.000000
vt 0.902274 0.084452 0.000000
vt 0.902274 0.116842 0.000000
vt 0.994747 0.145998 0.000000
vt 0.945538 0.145998 0.000000
vt 0.945538 0.116842 0.000000
vt 0.994747 0.116842 0.000000
vt 0.811155 0.143992 0.000000
vt 0.859159 0.145998 0.000000
vt 0.902274 0.145998 0.000000
vt 0.994747 0.084452 0.000000
vt 0.945538 0.084452 0.000000
vt 0.762119 0.139003 0.000000
vt 0.762119 0.093767 0.000000
vt 0.811155 0.085686 0.000000
vt 0.811155 0.116842 0.000000
vt 0.762119 0.116842 0.000000
vt 0.859159 0.116842 0.000000
vt 0.859159 0.084452 0.000000
vt 0.902274 0.084452 0.000000
vt 0.902274 0.116842 0.000000
vt 0.994747 0.145998 0.000000
vt 0.945538 0.145998 0.000000
vt 0.945538 0.116842 0.000000
vt 0.994747 0.116842 0.000000
vt 0.811155 0.143992 0.000000
vt 0.859159 0.145998 0.000000
vt 0.902274 0.145998 0.000000
vt 0.994747 0.084452 0.000000
vt 0.945538 0.084452 0.000000
vt 0.762119 0.139003 0.000000
vt 0.762119 0.093767 0.000000
vt 0.811155 0.085686 0.000000
vt 0.811155 0.116842 0.000000
vt 0.762119 0.116842 0.000000
vt 0.880717 0.116842 0.000000
vt 0.880717 0.084452 0.000000
vt 0.994747 0.145998 0.000000
vt 0.945538 0.145998 0.000000
vt 0.945538 0.116842 0.000000
vt 0.994747 0.116842 0.000000
vt 0.811155 0.143992 0.000000
vt 0.880717 0.145998 0.000000
vt 0.994747 0.084452 0.000000
vt 0.945538 0.084452 0.000000
vt 0.762119 0.139003 0.000000
vt 0.762119 0.093767 0.000000
vt 0.811155 0.085686 0.000000
vt 0.811155 0.116842 0.000000
vt 0.762119 0.116842 0.000000
vt 0.859159 0.116842 0.000000
vt 0.859159 0.084452 0.000000
vt 0.902274 0.084452 0.000000
vt 0.902274 0.116842 0.000000
vt 0.994747 0.145998 0.000000
vt 0.945538 0.145998 0.000000
vt 0.945538 0.116842 0.000000
vt 0.994747 0.116842 0.000000
vt 0.811155 0.143992 0.000000
vt 0.859159 0.145998 0.000000
vt 0.902274 0.145998 0.000000
vt 0.994747 0.084452 0.000000
vt 0.945538 0.084452 0.000000
vt 0.923906 0.116842 0.000000
vt 0.923906 0.084452 0.000000
vt 0.923906 0.145998 0.000000
vt 0.762119 0.139003 0.000000
vt 0.817116 0.182786 0.000000
vt 0.706514 0.116842 0.000000
vt 0.817116 0.182786 0.000000
vt 0.817116 0.182786 0.000000
vt 0.817116 0.182786 0.000000
vt 0.817116 0.182786 0.000000
vt 0.817116 0.182786 0.000000
vt 0.864979 0.202991 0.000000
vt 0.706514 0.116842 0.000000
vt 0.706514 0.116842 0.000000
vt 0.706514 0.116842 0.000000
vt 0.706514 0.116842 0.000000
vt 0.994747 0.157084 0.000000
vt 0.864979 0.160354 0.000000
vt 0.864979 0.182786 0.000000
vt 0.887502 0.182786 0.000000
vt 0.887414 0.158691 0.000000
vt 0.942792 0.182786 0.000000
vt 0.887526 0.204566 0.000000
vt 0.942810 0.206112 0.000000
vt 0.942726 0.157084 0.000000
vt 0.864979 0.202991 0.000000
vt 0.994747 0.206112 0.000000
vt 0.994747 0.182786 0.000000
vt 0.994747 0.157084 0.000000
vt 0.762119 0.093767 0.000000
vt 0.762119 0.116842 0.000000
vt 0.811155 0.116842 0.000000
vt 0.811155 0.085686 0.000000
vt 0.880717 0.116842 0.000000
vt 0.880717 0.084452 0.000000
vt 0.994747 0.145998 0.000000
vt 0.994747 0.116842 0.000000
vt 0.945538 0.116842 0.000000
vt 0.945538 0.145998 0.000000
vt 0.811155 0.143992 0.000000
vt 0.880717 0.145998 0.000000
vt 0.994747 0.084452 0.000000
vt 0.945538 0.084452 0.000000
vt 0.762119 0.139003 0.000000
vt 0.817116 0.182786 0.000000
vt 0.706514 0.116842 0.000000
vt 0.864979 0.160354 0.000000
vt 0.887414 0.158691 0.000000
vt 0.887502 0.182786 0.000000
vt 0.864979 0.182786 0.000000
vt 0.942792 0.182786 0.000000
vt 0.942810 0.206112 0.000000
vt 0.887526 0.204566 0.000000
vt 0.942726 0.157084 0.000000
vt 0.864979 0.202991 0.000000
vt 0.994747 0.206112 0.000000
vt 0.994747 0.182786 0.000000
vt 0.994747 0.157084 0.000000
vt 0.762119 0.093767 0.000000
vt 0.811155 0.085686 0.000000
vt 0.811155 0.116842 0.000000
vt 0.762119 0.116842 0.000000
vt 0.880717 0.116842 0.000000
vt 0.880717 0.084452 0.000000
vt 0.994747 0.145998 0.000000
vt 0.945538 0.145998 0.000000
vt 0.945538 0.116842 0.000000
vt 0.994747 0.116842 0.000000
vt 0.811155 0.143992 0.000000
vt 0.880717 0.145998 0.000000
vt 0.994747 0.084452 0.000000
vt 0.945538 0.084452 0.000000
vt 0.762119 0.139003 0.000000
vt 0.817116 0.182786 0.000000
vt 0.706514 0.116842 0.000000
vt 0.864979 0.160354 0.000000
vt 0.864979 0.182786 0.000000
vt 0.904307 0.182786 0.000000
vt 0.904198 0.157084 0.000000
vt 0.964470 0.157084 0.000000
vt 0.964470 0.182786 0.000000
vt 0.904338 0.206112 0.000000
vt 0.964470 0.206112 0.000000
vt 0.864979 0.202991 0.000000
vt 0.994747 0.206112 0.000000
vt 0.994747 0.182786 0.000000
vt 0.994747 0.157084 0.000000
vt 0.864985 0.182786 0.000000
vt 0.904198 0.157084 0.000000
vt 0.864979 0.160354 0.000000
vt 0.964470 0.157084 0.000000
vt 0.904307 0.182786 0.000000
vt 0.964470 0.182786 0.000000
vt 0.817116 0.182786 0.000000
vt 0.864979 0.160354 0.000000
vt 0.994747 0.182786 0.000000
vt 0.994747 0.157084 0.000000
vt 0.868799 0.182786 0.000000
vt 0.864979 0.160354 0.000000
vt 0.904198 0.157084 0.000000
vt 0.904307 0.182786 0.000000
vt 0.864979 0.182786 0.000000
vt 0.964470 0.157084 0.000000
vt 0.964470 0.182786 0.000000
vt 0.964470 0.206112 0.000000
vt 0.904338 0.206112 0.000000
vt 0.864979 0.202991 0.000000
vt 0.994747 0.206112 0.000000
vt 0.994747 0.182786 0.000000
vt 0.994747 0.157084 0.000000
vt 0.904198 0.157084 0.000000
vt 0.964470 0.157084 0.000000
vt 0.994747 0.157084 0.000000
vt 0.817116 0.182786 0.000000
vt 0.817116 0.182786 0.000000
vt 0.402025 0.422289 0.000000
vt 0.385330 0.422289 0.000000
vt 0.385330 0.392790 0.000000
vt 0.405436 0.392790 0.000000
vt 0.367520 0.306228 0.000000
vt 0.385330 0.306228 0.000000
vt 0.385330 0.334240 0.000000
vt 0.363769 0.334240 0.000000
vt 0.385330 0.363922 0.000000
vt 0.363769 0.363922 0.000000
vt 0.369628 0.422289 0.000000
vt 0.365815 0.392790 0.000000
vt 0.402025 0.306228 0.000000
vt 0.407142 0.334240 0.000000
vt 0.407142 0.363922 0.000000
vt 0.385330 0.392790 0.000000
vt 0.402025 0.422289 0.000000
vt 0.385330 0.422289 0.000000
vt 0.367520 0.306228 0.000000
vt 0.385330 0.306228 0.000000
vt 0.385330 0.334240 0.000000
vt 0.363769 0.334240 0.000000
vt 0.385330 0.363922 0.000000
vt 0.363769 0.363922 0.000000
vt 0.369628 0.422289 0.000000
vt 0.365815 0.392790 0.000000
vt 0.402025 0.306228 0.000000
vt 0.407142 0.334240 0.000000
vt 0.407142 0.363922 0.000000
vt 0.405436 0.392790 0.000000
vt 0.402025 0.422289 0.000000
vt 0.385330 0.422289 0.000000
vt 0.385330 0.392790 0.000000
vt 0.405436 0.392790 0.000000
vt 0.367520 0.306228 0.000000
vt 0.385330 0.306228 0.000000
vt 0.385330 0.334240 0.000000
vt 0.363769 0.334240 0.000000
vt 0.385330 0.363922 0.000000
vt 0.363769 0.363922 0.000000
vt 0.369628 0.422289 0.000000
vt 0.365815 0.392790 0.000000
vt 0.402025 0.306228 0.000000
vt 0.407142 0.334240 0.000000
vt 0.407142 0.363922 0.000000
vt 0.402025 0.422289 0.000000
vt 0.385330 0.422289 0.000000
vt 0.385330 0.392790 0.000000
vt 0.405436 0.392790 0.000000
vt 0.367520 0.306228 0.000000
vt 0.385330 0.306228 0.000000
vt 0.385330 0.334240 0.000000
vt 0.363769 0.334240 0.000000
vt 0.385330 0.363922 0.000000
vt 0.363769 0.363922 0.000000
vt 0.369628 0.422289 0.000000
vt 0.365815 0.392790 0.000000
vt 0.402025 0.306228 0.000000
vt 0.407142 0.334240 0.000000
vt 0.407142 0.363922 0.000000
vt 0.385700 0.268013 0.000000
vt 0.385700 0.268013 0.000000
vt 0.385700 0.268013 0.000000
vt 0.385700 0.268013 0.000000
vt 0.447420 0.386308 0.000000
vt 0.423547 0.386308 0.000000
vt 0.423547 0.372243 0.000000
vt 0.447420 0.367833 0.000000
vt 0.480839 0.386308 0.000000
vt 0.494479 0.409093 0.000000
vt 0.467199 0.409093 0.000000
vt 0.467199 0.364813 0.000000
vt 0.494479 0.362942 0.000000
vt 0.447420 0.406648 0.000000
vt 0.529567 0.386308 0.000000
vt 0.529567 0.402189 0.000000
vt 0.529567 0.368046 0.000000
vt 0.423547 0.402869 0.000000
vt 0.447420 0.386308 0.000000
vt 0.423547 0.386308 0.000000
vt 0.423547 0.372243 0.000000
vt 0.447420 0.367833 0.000000
vt 0.480839 0.386308 0.000000
vt 0.494479 0.409093 0.000000
vt 0.467199 0.409093 0.000000
vt 0.467199 0.364813 0.000000
vt 0.494479 0.362942 0.000000
vt 0.447420 0.406648 0.000000
vt 0.529567 0.386308 0.000000
vt 0.529567 0.402189 0.000000
vt 0.529567 0.368046 0.000000
vt 0.423547 0.402869 0.000000
vt 0.447420 0.386308 0.000000
vt 0.423547 0.386308 0.000000
vt 0.423547 0.372243 0.000000
vt 0.447420 0.367833 0.000000
vt 0.480839 0.386308 0.000000
vt 0.494479 0.409093 0.000000
vt 0.467199 0.409093 0.000000
vt 0.467199 0.364813 0.000000
vt 0.494479 0.362942 0.000000
vt 0.447420 0.406648 0.000000
vt 0.529567 0.386308 0.000000
vt 0.529567 0.402189 0.000000
vt 0.529567 0.368046 0.000000
vt 0.423547 0.402869 0.000000
vt 0.447420 0.386308 0.000000
vt 0.447420 0.367833 0.000000
vt 0.423547 0.372243 0.000000
vt 0.423547 0.386308 0.000000
vt 0.494479 0.409093 0.000000
vt 0.480839 0.386308 0.000000
vt 0.467199 0.409093 0.000000
vt 0.467199 0.364813 0.000000
vt 0.494479 0.362942 0.000000
vt 0.447420 0.406648 0.000000
vt 0.529567 0.402189 0.000000
vt 0.529567 0.386308 0.000000
vt 0.529567 0.368046 0.000000
vt 0.423547 0.402869 0.000000
vt 0.447420 0.386308 0.000000
vt 0.447420 0.367833 0.000000
vt 0.423547 0.372243 0.000000
vt 0.423547 0.386308 0.000000
vt 0.494479 0.409093 0.000000
vt 0.480839 0.386308 0.000000
vt 0.467199 0.409093 0.000000
vt 0.467199 0.364813 0.000000
vt 0.494479 0.362942 0.000000
vt 0.447420 0.406648 0.000000
vt 0.529567 0.402189 0.000000
vt 0.529567 0.386308 0.000000
vt 0.529567 0.368046 0.000000
vt 0.423547 0.402869 0.000000
vt 0.447420 0.386308 0.000000
vt 0.447420 0.367833 0.000000
vt 0.423547 0.372243 0.000000
vt 0.423547 0.386308 0.000000
vt 0.494479 0.409093 0.000000
vt 0.480839 0.386308 0.000000
vt 0.467199 0.409093 0.000000
vt 0.467199 0.364813 0.000000
vt 0.494479 0.362942 0.000000
vt 0.447420 0.406648 0.000000
vt 0.529567 0.402189 0.000000
vt 0.529567 0.386308 0.000000
vt 0.529567 0.368046 0.000000
vt 0.423547 0.402869 0.000000
vt 0.567339 0.386308 0.000000
vt 0.567339 0.386308 0.000000
vt 0.567339 0.386308 0.000000
vt 0.567339 0.386308 0.000000
vt 0.567339 0.386308 0.000000
vt 0.567339 0.386308 0.000000
vt 0.423547 0.372243 0.000000
vt 0.423547 0.386308 0.000000
vt 0.447420 0.386308 0.000000
vt 0.447420 0.367833 0.000000
vt 0.494479 0.386308 0.000000
vt 0.467199 0.386308 0.000000
vt 0.467199 0.409093 0.000000
vt 0.494479 0.409093 0.000000
vt 0.494479 0.362942 0.000000
vt 0.467199 0.364813 0.000000
vt 0.447420 0.406648 0.000000
vt 0.529567 0.386308 0.000000
vt 0.529567 0.402189 0.000000
vt 0.529567 0.368046 0.000000
vt 0.423547 0.402869 0.000000
vt 0.423547 0.372243 0.000000
vt 0.423547 0.386308 0.000000
vt 0.447420 0.386308 0.000000
vt 0.447420 0.367833 0.000000
vt 0.467199 0.409093 0.000000
vt 0.494479 0.409093 0.000000
vt 0.494479 0.386308 0.000000
vt 0.467199 0.386308 0.000000
vt 0.494479 0.362942 0.000000
vt 0.467199 0.364813 0.000000
vt 0.447420 0.406648 0.000000
vt 0.529567 0.386308 0.000000
vt 0.529567 0.402189 0.000000
vt 0.529567 0.368046 0.000000
vt 0.423547 0.402869 0.000000
vt 0.423547 0.372243 0.000000
vt 0.423547 0.386308 0.000000
vt 0.447420 0.386308 0.000000
vt 0.447420 0.367833 0.000000
vt 0.494479 0.386308 0.000000
vt 0.467199 0.386308 0.000000
vt 0.467199 0.409093 0.000000
vt 0.494479 0.409093 0.000000
vt 0.494479 0.362942 0.000000
vt 0.467199 0.364813 0.000000
vt 0.447420 0.406648 0.000000
vt 0.529567 0.386308 0.000000
vt 0.529567 0.402189 0.000000
vt 0.529567 0.368046 0.000000
vt 0.423547 0.402869 0.000000
vt 0.423547 0.372243 0.000000
vt 0.423547 0.386308 0.000000
vt 0.447420 0.386308 0.000000
vt 0.447420 0.367833 0.000000
vt 0.494479 0.386308 0.000000
vt 0.467199 0.386308 0.000000
vt 0.467199 0.409093 0.000000
vt 0.494479 0.409093 0.000000
vt 0.494479 0.362942 0.000000
vt 0.467199 0.364813 0.000000
vt 0.457239 0.386308 0.000000
vt 0.457388 0.407807 0.000000
vt 0.529567 0.386308 0.000000
vt 0.529567 0.402189 0.000000
vt 0.529567 0.368046 0.000000
vt 0.423547 0.402869 0.000000
vt 0.447420 0.406648 0.000000
vt 0.457303 0.366323 0.000000
vt 0.567339 0.386308 0.000000
vt 0.567339 0.386308 0.000000
vt 0.567339 0.386308 0.000000
vt 0.567339 0.386308 0.000000
vt 0.423547 0.372243 0.000000
vt 0.447420 0.367833 0.000000
vt 0.447420 0.386308 0.000000
vt 0.423547 0.386308 0.000000
vt 0.494479 0.386308 0.000000
vt 0.494479 0.409093 0.000000
vt 0.467199 0.409093 0.000000
vt 0.467199 0.386308 0.000000
vt 0.467199 0.364813 0.000000
vt 0.494479 0.362942 0.000000
vt 0.447420 0.406648 0.000000
vt 0.529567 0.386308 0.000000
vt 0.529567 0.402189 0.000000
vt 0.529567 0.368046 0.000000
vt 0.423547 0.402869 0.000000
vt 0.423547 0.372243 0.000000
vt 0.447420 0.367833 0.000000
vt 0.447420 0.386308 0.000000
vt 0.423547 0.386308 0.000000
vt 0.467199 0.409093 0.000000
vt 0.494479 0.386308 0.000000
vt 0.494479 0.409093 0.000000
vt 0.467199 0.386308 0.000000
vt 0.467199 0.364813 0.000000
vt 0.494479 0.362942 0.000000
vt 0.447420 0.406648 0.000000
vt 0.529567 0.386308 0.000000
vt 0.529567 0.402189 0.000000
vt 0.529567 0.368046 0.000000
vt 0.423547 0.402869 0.000000
vt 0.423547 0.372243 0.000000
vt 0.447420 0.367833 0.000000
vt 0.447420 0.386308 0.000000
vt 0.423547 0.386308 0.000000
vt 0.494479 0.386308 0.000000
vt 0.494479 0.409093 0.000000
vt 0.467199 0.409093 0.000000
vt 0.467199 0.386308 0.000000
vt 0.467199 0.364813 0.000000
vt 0.494479 0.362942 0.000000
vt 0.447420 0.406648 0.000000
vt 0.529567 0.386308 0.000000
vt 0.529567 0.402189 0.000000
vt 0.529567 0.368046 0.000000
vt 0.423547 0.402869 0.000000
vt 0.423547 0.372243 0.000000
vt 0.447420 0.367833 0.000000
vt 0.447420 0.386308 0.000000
vt 0.423547 0.386308 0.000000
vt 0.494479 0.386308 0.000000
vt 0.494479 0.409093 0.000000
vt 0.467199 0.409093 0.000000
vt 0.467199 0.386308 0.000000
vt 0.467199 0.364813 0.000000
vt 0.494479 0.362942 0.000000
vt 0.457388 0.407807 0.000000
vt 0.457239 0.386308 0.000000
vt 0.529567 0.386308 0.000000
vt 0.529567 0.402189 0.000000
vt 0.529567 0.368046 0.000000
vt 0.423547 0.402869 0.000000
vt 0.447420 0.406648 0.000000
vt 0.457303 0.366323 0.000000
vt 0.567339 0.386308 0.000000
vt 0.567339 0.386308 0.000000
vt 0.567339 0.386308 0.000000
vt 0.567339 0.386308 0.000000
usemtl Material_12
f 3613/3613 3614/3614 3615/3615
f 3615/3615 3616/3616 3613/3613
f 3617/3617 3618/3618 3619/3619
f 3619/3619 3620/3620 3617/3617
f 3620/3620 3621/3621 3622/3622
f 3622/3622 3623/3623 3620/3620
f 3619/3619 3615/3615 3624/3624
f 3624/3624 3625/3625 3619/3619
f 3620/3620 3619/3619 3625/3625
f 3625/3625 3621/3621 3620/3620
f 3620/3620 3623/3623 3626/3626
f 3626/3626 3617/3617 3620/3620
f 3627/3627 3628/3628 3629/3629
f 3629/3629 3630/3630 3627/3627
f 3631/3631 3632/3632 3630/3630
f 3630/3630 3629/3629 3631/3631
f 3632/3632 3631/3631 3633/3633
f 3633/3633 3634/3634 3632/3632
f 3635/3635 3636/3636 3637/3637
f 3637/3637 3638/3638 3635/3635
f 3639/3639 3640/3640 3631/3631
f 3631/3631 3629/3629 3639/3639
f 3640/3640 3641/3641 3633/3633
f 3633/3633 3631/3631 3640/3640
f 3642/3642 3643/3643 3637/3637
f 3637/3637 3636/3636 3642/3642
f 3633/3633 3637/3637 3643/3643
f 3643/3643 3634/3634 3633/3633
f 3641/3641 3638/3638 3637/3637
f 3637/3637 3633/3633 3641/3641
f 3644/3644 3639/3639 3629/3629
f 3629/3629 3628/3628 3644/3644
f 3619/3619 3618/3618 3616/3616
f 3616/3616 3615/3615 3619/3619
f 3615/3615 3614/3614 3645/3645
f 3645/3645 3624/3624 3615/3615
f 3646/3646 3647/3647 3623/3623
f 3623/3623 3622/3622 3646/3646
f 3648/3648 3649/3649 3650/3650
f 3650/3650 3651/3651 3648/3648
f 3652/3652 3653/3653 3654/3654
f 3654/3654 3655/3655 3652/3652
f 3655/3655 3656/3656 3657/3657
f 3657/3657 3658/3658 3655/3655
f 3654/3654 3650/3650 3659/3659
f 3659/3659 3660/3660 3654/3654
f 3655/3655 3654/3654 3660/3660
f 3660/3660 3656/3656 3655/3655
f 3655/3655 3658/3658 3661/3661
f 3661/3661 3652/3652 3655/3655
f 3654/3654 3653/3653 3651/3651
f 3651/3651 3650/3650 3654/3654
f 3650/3650 3649/3649 3662/3662
f 3662/3662 3659/3659 3650/3650
f 3663/3663 3664/3664 3658/3658
f 3658/3658 3657/3657 3663/3663
f 3658/3658 3664/3664 3665/3665
f 3665/3665 3661/3661 3658/3658
f 3666/3666 3667/3667 3668/3668
f 3668/3668 3669/3669 3666/3666
f 3670/3670 3671/3671 3672/3672
f 3672/3672 3673/3673 3670/3670
f 3674/3674 3668/3668 3675/3675
f 3675/3675 3676/3676 3674/3674
f 3670/3670 3673/3673 3677/3677
f 3677/3677 3678/3678 3670/3670
f 3678/3678 3679/3679 3674/3674
f 3674/3674 3670/3670 3678/3678
f 3670/3670 3674/3674 3676/3676
f 3676/3676 3671/3671 3670/3670
f 3674/3674 3679/3679 3669/3669
f 3669/3669 3668/3668 3674/3674
f 3668/3668 3667/3667 3680/3680
f 3680/3680 3675/3675 3668/3668
f 3681/3681 3682/3682 3673/3673
f 3673/3673 3672/3672 3681/3681
f 3673/3673 3682/3682 3683/3683
f 3683/3683 3677/3677 3673/3673
f 3684/3684 3685/3685 3686/3686
f 3686/3686 3687/3687 3684/3684
f 3688/3688 3689/3689 3690/3690
f 3690/3690 3691/3691 3688/3688
f 3690/3690 3686/3686 3692/3692
f 3692/3692 3693/3693 3690/3690
f 3691/3691 3690/3690 3693/3693
f 3693/3693 3694/3694 3691/3691
f 3690/3690 3689/3689 3687/3687
f 3687/3687 3686/3686 3690/3690
f 3686/3686 3685/3685 3695/3695
f 3695/3695 3692/3692 3686/3686
f 3696/3696 3697/3697 3691/3691
f 3691/3691 3694/3694 3696/3696
f 3691/3691 3697/3697 3698/3698
f 3698/3698 3688/3688 3691/3691
f 3699/3699 3700/3700 3701/3701
f 3701/3701 3702/3702 3699/3699
f 3703/3703 3704/3704 3705/3705
f 3705/3705 3706/3706 3703/3703
f 3705/3705 3701/3701 3707/3707
f 3707/3707 3708/3708 3705/3705
f 3706/3706 3705/3705 3708/3708
f 3708/3708 3709/3709 3706/3706
f 3705/3705 3704/3704 3702/3702
f 3702/3702 3701/3701 3705/3705
f 3701/3701 3700/3700 3710/3710
f 3710/3710 3707/3707 3701/3701
f 3711/3711 3712/3712 3706/3706
f 3706/3706 3709/3709 3711/3711
f 3706/3706 3712/3712 3713/3713
f 3713/3713 3703/3703 3706/3706
f 3714/3714 3715/3715 3716/3716
f 3716/3716 3717/3717 3714/3714
f 3718/3718 3719/3719 3720/3720
f 3720/3720 3721/3721 3718/3718
f 3720/3720 3716/3716 3722/3722
f 3722/3722 3723/3723 3720/3720
f 3721/3721 3720/3720 3723/3723
f 3723/3723 3724/3724 3721/3721
f 3720/3720 3719/3719 3717/3717
f 3717/3717 3716/3716 3720/3720
f 3725/3725 3726/3726 3721/3721
f 3721/3721 3724/3724 3725/3725
f 3726/3726 3727/3727 3718/3718
f 3718/3718 3721/3721 3726/3726
f 3728/3728 3729/3729 3726/3726
f 3726/3726 3725/3725 3728/3728
f 3729/3729 3730/3730 3727/3727
f 3727/3727 3726/3726 3729/3729
f 3731/3731 3732/3732 3733/3733
f 3733/3733 3734/3734 3731/3731
f 3735/3735 3736/3736 3734/3734
f 3734/3734 3733/3733 3735/3735
f 3736/3736 3735/3735 3737/3737
f 3737/3737 3738/3738 3736/3736
f 3739/3739 3740/3740 3741/3741
f 3741/3741 3742/3742 3739/3739
f 3743/3743 3744/3744 3735/3735
f 3735/3735 3733/3733 3743/3743
f 3744/3744 3745/3745 3737/3737
f 3737/3737 3735/3735 3744/3744
f 3746/3746 3747/3747 3741/3741
f 3741/3741 3740/3740 3746/3746
f 3737/3737 3741/3741 3747/3747
f 3747/3747 3738/3738 3737/3737
f 3745/3745 3742/3742 3741/3741
f 3741/3741 3737/3737 3745/3745
f 3748/3748 3743/3743 3733/3733
f 3733/3733 3732/3732 3748/3748
f 3749/3749 3750/3750 3751/3751
f 3751/3751 3752/3752 3749/3749
f 3753/3753 3754/3754 3752/3752
f 3752/3752 3751/3751 3753/3753
f 3754/3754 3753/3753 3755/3755
f 3755/3755 3756/3756 3754/3754
f 3757/3757 3758/3758 3759/3759
f 3759/3759 3760/3760 3757/3757
f 3761/3761 3762/3762 3753/3753
f 3753/3753 3751/3751 3761/3761
f 3762/3762 3763/3763 3755/3755
f 3755/3755 3753/3753 3762/3762
f 3764/3764 3765/3765 3759/3759
f 3759/3759 3758/3758 3764/3764
f 3755/3755 3759/3759 3765/3765
f 3765/3765 3756/3756 3755/3755
f 3763/3763 3760/3760 3759/3759
f 3759/3759 3755/3755 3763/3763
f 3766/3766 3761/3761 3751/3751
f 3751/3751 3750/3750 3766/3766
f 3767/3767 3768/3768 3769/3769
f 3769/3769 3770/3770 3767/3767
f 3771/3771 3772/3772 3770/3770
f 3770/3770 3769/3769 3771/3771
f 3773/3773 3774/3774 3775/3775
f 3775/3775 3776/3776 3773/3773
f 3777/3777 3778/3778 3771/3771
f 3771/3771 3769/3769 3777/3777
f 3779/3779 3780/3780 3775/3775
f 3775/3775 3774/3774 3779/3779
f 3771/3771 3775/3775 3780/3780
f 3780/3780 3772/3772 3771/3771
f 3778/3778 3776/3776 3775/3775
f 3775/3775 3771/3771 3778/3778
f 3781/3781 3777/3777 3769/3769
f 3769/3769 3768/3768 3781/3781
f 3782/3782 3783/3783 3784/3784
f 3784/3784 3785/3785 3782/3782
f 3786/3786 3787/3787 3785/3785
f 3785/3785 3784/3784 3786/3786
f 3787/3787 3786/3786 3788/3788
f 3788/3788 3789/3789 3787/3787
f 3790/3790 3791/3791 3792/3792
f 3792/3792 3793/3793 3790/3790
f 3794/3794 3795/3795 3786/3786
f 3786/3786 3784/3784 3794/3794
f 3795/3795 3796/3796 3788/3788
f 3788/3788 3786/3786 3795/3795
f 3797/3797 3798/3798 3792/3792
f 3792/3792 3791/3791 3797/3797
f 3798/3798 3799/3799 3800/3800
f 3800/3800 3792/3792 3798/3798
f 3792/3792 3800/3800 3801/3801
f 3801/3801 3793/3793 3792/3792
f 3802/3802 3794/3794 3784/3784
f 3784/3784 3783/3783 3802/3802
f 3799/3799 3789/3789 3788/3788
f 3788/3788 3800/3800 3799/3799
f 3800/3800 3788/3788 3796/3796
f 3796/3796 3801/3801 3800/3800
f 3613/3613 3803/3803 3614/3614
f 3803/3803 3645/3645 3614/3614
f 3804/3804 3644/3644 3628/3628
f 3627/3627 3804/3804 3628/3628
f 3623/3623 3647/3647 3626/3626
f 3648/3648 3805/3805 3649/3649
f 3805/3805 3662/3662 3649/3649
f 3666/3666 3806/3806 3667/3667
f 3806/3806 3680/3680 3667/3667
f 3684/3684 3807/3807 3685/3685
f 3807/3807 3695/3695 3685/3685
f 3699/3699 3808/3808 3700/3700
f 3808/3808 3710/3710 3700/3700
f 3714/3714 3809/3809 3715/3715
f 3809/3809 3810/3810 3715/3715
f 3716/3716 3810/3810 3722/3722
f 3716/3716 3715/3715 3810/3810
f 3811/3811 3748/3748 3732/3732
f 3731/3731 3811/3811 3732/3732
f 3812/3812 3766/3766 3750/3750
f 3749/3749 3812/3812 3750/3750
f 3813/3813 3781/3781 3768/3768
f 3767/3767 3813/3813 3768/3768
f 3814/3814 3802/3802 3783/3783
f 3782/3782 3814/3814 3783/3783
f 3647/3647 3815/3815 3626/3626
f 3816/3816 3817/3817 3818/3818
f 3818/3818 3819/3819 3816/3816
f 3820/3820 3821/3821 3822/3822
f 3822/3822 3823/3823 3820/3820
f 3821/3821 3824/3824 3825/3825
f 3825/3825 3826/3826 3821/3821
f 3822/3822 3827/3827 3828/3828
f 3828/3828 3818/3818 3822/3822
f 3821/3821 3826/3826 3827/3827
f 3827/3827 3822/3822 3821/3821
f 3821/3821 3820/3820 3829/3829
f 3829/3829 3824/3824 3821/3821
f 3830/3830 3831/3831 3832/3832
f 3832/3832 3833/3833 3830/3830
f 3834/3834 3832/3832 3831/3831
f 3831/3831 3835/3835 3834/3834
f 3835/3835 3836/3836 3837/3837
f 3837/3837 3834/3834 3835/3835
f 3838/3838 3839/3839 3840/3840
f 3840/3840 3841/3841 3838/3838
f 3842/3842 3832/3832 3834/3834
f 3834/3834 3843/3843 3842/3842
f 3843/3843 3834/3834 3837/3837
f 3837/3837 3844/3844 3843/3843
f 3845/3845 3841/3841 3840/3840
f 3840/3840 3846/3846 3845/3845
f 3837/3837 3836/3836 3846/3846
f 3846/3846 3840/3840 3837/3837
f 3844/3844 3837/3837 3840/3840
f 3840/3840 3839/3839 3844/3844
f 3847/3847 3833/3833 3832/3832
f 3832/3832 3842/3842 3847/3847
f 3822/3822 3818/3818 3817/3817
f 3817/3817 3823/3823 3822/3822
f 3818/3818 3828/3828 3848/3848
f 3848/3848 3819/3819 3818/3818
f 3849/3849 3825/3825 3824/3824
f 3824/3824 3850/3850 3849/3849
f 3851/3851 3852/3852 3853/3853
f 3853/3853 3854/3854 3851/3851
f 3855/3855 3856/3856 3857/3857
f 3857/3857 3858/3858 3855/3855
f 3856/3856 3859/3859 3860/3860
f 3860/3860 3861/3861 3856/3856
f 3857/3857 3862/3862 3863/3863
f 3863/3863 3853/3853 3857/3857
f 3856/3856 3861/3861 3862/3862
f 3862/3862 3857/3857 3856/3856
f 3856/3856 3855/3855 3864/3864
f 3864/3864 3859/3859 3856/3856
f 3857/3857 3853/3853 3852/3852
f 3852/3852 3858/3858 3857/3857
f 3853/3853 3863/3863 3865/3865
f 3865/3865 3854/3854 3853/3853
f 3866/3866 3860/3860 3859/3859
f 3859/3859 3867/3867 3866/3866
f 3859/3859 3864/3864 3868/3868
f 3868/3868 3867/3867 3859/3859
f 3869/3869 3870/3870 3871/3871
f 3871/3871 3872/3872 3869/3869
f 3873/3873 3874/3874 3875/3875
f 3875/3875 3876/3876 3873/3873
f 3877/3877 3878/3878 3879/3879
f 3879/3879 3871/3871 3877/3877
f 3873/3873 3880/3880 3881/3881
f 3881/3881 3874/3874 3873/3873
f 3880/3880 3873/3873 3877/3877
f 3877/3877 3882/3882 3880/3880
f 3873/3873 3876/3876 3878/3878
f 3878/3878 3877/3877 3873/3873
f 3877/3877 3871/3871 3870/3870
f 3870/3870 3882/3882 3877/3877
f 3871/3871 3879/3879 3883/3883
f 3883/3883 3872/3872 3871/3871
f 3884/3884 3875/3875 3874/3874
f 3874/3874 3885/3885 3884/3884
f 3874/3874 3881/3881 3886/3886
f 3886/3886 3885/3885 3874/3874
f 3887/3887 3888/3888 3889/3889
f 3889/3889 3890/3890 3887/3887
f 3891/3891 3892/3892 3893/3893
f 3893/3893 3894/3894 3891/3891
f 3893/3893 3895/3895 3896/3896
f 3896/3896 3889/3889 3893/3893
f 3892/3892 3897/3897 3895/3895
f 3895/3895 3893/3893 3892/3892
f 3893/3893 3889/3889 3888/3888
f 3888/3888 3894/3894 3893/3893
f 3889/3889 3896/3896 3898/3898
f 3898/3898 3890/3890 3889/3889
f 3899/3899 3897/3897 3892/3892
f 3892/3892 3900/3900 3899/3899
f 3892/3892 3891/3891 3901/3901
f 3901/3901 3900/3900 3892/3892
f 3902/3902 3903/3903 3904/3904
f 3904/3904 3905/3905 3902/3902
f 3906/3906 3907/3907 3908/3908
f 3908/3908 3909/3909 3906/3906
f 3908/3908 3910/3910 3911/3911
f 3911/3911 3904/3904 3908/3908
f 3907/3907 3912/3912 3910/3910
f 3910/3910 3908/3908 3907/3907
f 3908/3908 3904/3904 3903/3903
f 3903/3903 3909/3909 3908/3908
f 3904/3904 3911/3911 3913/3913
f 3913/3913 3905/3905 3904/3904
f 3914/3914 3912/3912 3907/3907
f 3907/3907 3915/3915 3914/3914
f 3907/3907 3906/3906 3916/3916
f 3916/3916 3915/3915 3907/3907
f 3917/3917 3918/3918 3919/3919
f 3919/3919 3920/3920 3917/3917
f 3921/3921 3922/3922 3923/3923
f 3923/3923 3924/3924 3921/3921
f 3923/3923 3925/3925 3926/3926
f 3926/3926 3919/3919 3923/3923
f 3922/3922 3927/3927 3925/3925
f 3925/3925 3923/3923 3922/3922
f 3923/3923 3919/3919 3918/3918
f 3918/3918 3924/3924 3923/3923
f 3928/3928 3927/3927 3922/3922
f 3922/3922 3929/3929 3928/3928
f 3929/3929 3922/3922 3921/3921
f 3921/3921 3930/3930 3929/3929
f 3931/3931 3928/3928 3929/3929
f 3929/3929 3932/3932 3931/3931
f 3932/3932 3929/3929 3930/3930
f 3930/3930 3933/3933 3932/3932
f 3934/3934 3935/3935 3936/3936
f 3936/3936 3937/3937 3934/3934
f 3938/3938 3936/3936 3935/3935
f 3935/3935 3939/3939 3938/3938
f 3939/3939 3940/3940 3941/3941
f 3941/3941 3938/3938 3939/3939
f 3942/3942 3943/3943 3944/3944
f 3944/3944 3945/3945 3942/3942
f 3946/3946 3936/3936 3938/3938
f 3938/3938 3947/3947 3946/3946
f 3947/3947 3938/3938 3941/3941
f 3941/3941 3948/3948 3947/3947
f 3949/3949 3945/3945 3944/3944
f 3944/3944 3950/3950 3949/3949
f 3941/3941 3940/3940 3950/3950
f 3950/3950 3944/3944 3941/3941
f 3948/3948 3941/3941 3944/3944
f 3944/3944 3943/3943 3948/3948
f 3951/3951 3937/3937 3936/3936
f 3936/3936 3946/3946 3951/3951
f 3952/3952 3953/3953 3954/3954
f 3954/3954 3955/3955 3952/3952
f 3956/3956 3954/3954 3953/3953
f 3953/3953 3957/3957 3956/3956
f 3957/3957 3958/3958 3959/3959
f 3959/3959 3956/3956 3957/3957
f 3960/3960 3961/3961 3962/3962
f 3962/3962 3963/3963 3960/3960
f 3964/3964 3954/3954 3956/3956
f 3956/3956 3965/3965 3964/3964
f 3965/3965 3956/3956 3959/3959
f 3959/3959 3966/3966 3965/3965
f 3967/3967 3963/3963 3962/3962
f 3962/3962 3968/3968 3967/3967
f 3959/3959 3958/3958 3968/3968
f 3968/3968 3962/3962 3959/3959
f 3966/3966 3959/3959 3962/3962
f 3962/3962 3961/3961 3966/3966
f 3969/3969 3955/3955 3954/3954
f 3954/3954 3964/3964 3969/3969
f 3970/3970 3971/3971 3972/3972
f 3972/3972 3973/3973 3970/3970
f 3974/3974 3972/3972 3971/3971
f 3971/3971 3975/3975 3974/3974
f 3976/3976 3977/3977 3978/3978
f 3978/3978 3979/3979 3976/3976
f 3980/3980 3972/3972 3974/3974
f 3974/3974 3981/3981 3980/3980
f 3982/3982 3979/3979 3978/3978
f 3978/3978 3983/3983 3982/3982
f 3974/3974 3975/3975 3983/3983
f 3983/3983 3978/3978 3974/3974
f 3981/3981 3974/3974 3978/3978
f 3978/3978 3977/3977 3981/3981
f 3984/3984 3973/3973 3972/3972
f 3972/3972 3980/3980 3984/3984
f 3985/3985 3986/3986 3987/3987
f 3987/3987 3988/3988 3985/3985
f 3989/3989 3987/3987 3986/3986
f 3986/3986 3990/3990 3989/3989
f 3990/3990 3991/3991 3992/3992
f 3992/3992 3989/3989 3990/3990
f 3993/3993 3994/3994 3995/3995
f 3995/3995 3996/3996 3993/3993
f 3997/3997 3987/3987 3989/3989
f 3989/3989 3998/3998 3997/3997
f 3998/3998 3989/3989 3992/3992
f 3992/3992 3999/3999 3998/3998
f 4000/4000 3996/3996 3995/3995
f 3995/3995 4001/4001 4000/4000
f 4001/4001 3995/3995 4002/4002
f 4002/4002 4003/4003 4001/4001
f 3995/3995 3994/3994 4004/4004
f 4004/4004 4002/4002 3995/3995
f 4005/4005 3988/3988 3987/3987
f 3987/3987 3997/3997 4005/4005
f 4003/4003 4002/4002 3992/3992
f 3992/3992 3991/3991 4003/4003
f 4002/4002 4004/4004 3999/3999
f 3999/3999 3992/3992 4002/4002
f 3816/3816 3819/3819 4006/4006
f 4006/4006 3819/3819 3848/3848
f 4007/4007 3833/3833 3847/3847
f 3830/3830 3833/3833 4007/4007
f 3824/3824 3829/3829 3850/3850
f 3851/3851 3854/3854 4008/4008
f 4008/4008 3854/3854 3865/3865
f 3869/3869 3872/3872 4009/4009
f 4009/4009 3872/3872 3883/3883
f 3887/3887 3890/3890 4010/4010
f 4010/4010 3890/3890 3898/3898
f 3902/3902 3905/3905 4011/4011
f 4011/4011 3905/3905 3913/3913
f 3917/3917 3920/3920 4012/4012
f 4012/4012 3920/3920 4013/4013
f 3919/3919 3926/3926 4013/4013
f 3919/3919 4013/4013 3920/3920
f 4014/4014 3937/3937 3951/3951
f 3934/3934 3937/3937 4014/4014
f 4015/4015 3955/3955 3969/3969
f 3952/3952 3955/3955 4015/4015
f 4016/4016 3973/3973 3984/3984
f 3970/3970 3973/3973 4016/4016
f 4017/4017 3988/3988 4005/4005
f 3985/3985 3988/3988 4017/4017
f 3850/3850 3829/3829 4018/4018
f 4019/4019 4020/4020 4021/4021
f 4021/4021 4022/4022 4019/4019
f 4023/4023 4021/4021 4024/4024
f 4024/4024 4025/4025 4023/4023
f 4023/4023 4026/4026 4022/4022
f 4022/4022 4021/4021 4023/4023
f 4021/4021 4020/4020 4027/4027
f 4027/4027 4024/4024 4021/4021
f 4028/4028 4029/4029 4023/4023
f 4023/4023 4025/4025 4028/4028
f 4023/4023 4029/4029 4030/4030
f 4030/4030 4026/4026 4023/4023
f 4031/4031 4032/4032 4033/4033
f 4033/4033 4034/4034 4031/4031
f 4035/4035 4036/4036 4034/4034
f 4034/4034 4033/4033 4035/4035
f 4037/4037 4038/4038 4039/4039
f 4039/4039 4040/4040 4037/4037
f 4041/4041 4042/4042 4035/4035
f 4035/4035 4033/4033 4041/4041
f 4043/4043 4044/4044 4039/4039
f 4039/4039 4038/4038 4043/4043
f 4035/4035 4039/4039 4044/4044
f 4044/4044 4036/4036 4035/4035
f 4042/4042 4040/4040 4039/4039
f 4039/4039 4035/4035 4042/4042
f 4045/4045 4041/4041 4033/4033
f 4033/4033 4032/4032 4045/4045
f 4019/4019 4046/4046 4020/4020
f 4046/4046 4027/4027 4020/4020
f 4047/4047 4045/4045 4032/4032
f 4031/4031 4047/4047 4032/4032
f 4048/4048 4049/4049 4050/4050
f 4050/4050 4051/4051 4048/4048
f 4052/4052 4053/4053 4054/4054
f 4054/4054 4050/4050 4052/4052
f 4052/4052 4050/4050 4049/4049
f 4049/4049 4055/4055 4052/4052
f 4050/4050 4054/4054 4056/4056
f 4056/4056 4051/4051 4050/4050
f 4057/4057 4053/4053 4052/4052
f 4052/4052 4058/4058 4057/4057
f 4052/4052 4055/4055 4059/4059
f 4059/4059 4058/4058 4052/4052
f 4060/4060 4061/4061 4062/4062
f 4062/4062 4063/4063 4060/4060
f 4064/4064 4062/4062 4061/4061
f 4061/4061 4065/4065 4064/4064
f 4066/4066 4067/4067 4068/4068
f 4068/4068 4069/4069 4066/4066
f 4070/4070 4062/4062 4064/4064
f 4064/4064 4071/4071 4070/4070
f 4072/4072 4069/4069 4068/4068
f 4068/4068 4073/4073 4072/4072
f 4064/4064 4065/4065 4073/4073
f 4073/4073 4068/4068 4064/4064
f 4071/4071 4064/4064 4068/4068
f 4068/4068 4067/4067 4071/4071
f 4074/4074 4063/4063 4062/4062
f 4062/4062 4070/4070 4074/4074
f 4048/4048 4051/4051 4075/4075
f 4075/4075 4051/4051 4056/4056
f 4076/4076 4063/4063 4074/4074
f 4060/4060 4063/4063 4076/4076
f 4077/4077 4078/4078 4079/4079
f 4079/4079 4080/4080 4077/4077
f 4081/4081 4080/4080 4079/4079
f 4079/4079 4082/4082 4081/4081
f 4082/4082 4079/4079 4083/4083
f 4083/4083 4084/4084 4082/4082
f 4079/4079 4078/4078 4085/4085
f 4085/4085 4083/4083 4079/4079
f 4086/4086 4087/4087 4082/4082
f 4082/4082 4084/4084 4086/4086
f 4082/4082 4087/4087 4088/4088
f 4088/4088 4081/4081 4082/4082
f 4089/4089 4090/4090 4091/4091
f 4092/4092 4090/4090 4093/4093
f 4093/4093 4094/4094 4092/4092
f 4089/4089 4091/4091 4095/4095
f 4095/4095 4096/4096 4089/4089
f 4094/4094 4097/4097 4098/4098
f 4098/4098 4092/4092 4094/4094
f 4090/4090 4089/4089 4099/4099
f 4099/4099 4093/4093 4090/4090
f 4100/4100 4101/4101 4102/4102
f 4102/4102 4103/4103 4100/4100
f 4104/4104 4105/4105 4102/4102
f 4102/4102 4101/4101 4104/4104
f 4105/4105 4106/4106 4107/4107
f 4107/4107 4102/4102 4105/4105
f 4102/4102 4107/4107 4108/4108
f 4108/4108 4103/4103 4102/4102
f 4109/4109 4106/4106 4105/4105
f 4105/4105 4110/4110 4109/4109
f 4105/4105 4104/4104 4111/4111
f 4111/4111 4110/4110 4105/4105
f 4089/4089 4096/4096 4112/4112
f 4113/4113 4094/4094 4093/4093
f 4093/4093 4112/4112 4113/4113
f 4094/4094 4113/4113 4114/4114
f 4114/4114 4097/4097 4094/4094
f 4112/4112 4093/4093 4099/4099
f 4099/4099 4089/4089 4112/4112
f 4077/4077 4115/4115 4078/4078
f 4115/4115 4085/4085 4078/4078
f 4100/4100 4103/4103 4116/4116
f 4116/4116 4103/4103 4108/4108
f 4117/4117 4118/4118 4119/4119
f 4119/4119 4120/4120 4117/4117
f 4121/4121 4122/4122 4123/4123
f 4123/4123 4124/4124 4121/4121
f 4124/4124 4123/4123 4125/4125
f 4125/4125 4126/4126 4124/4124
f 4127/4127 4128/4128 4119/4119
f 4119/4119 4118/4118 4127/4127
f 4129/4129 4130/4130 4123/4123
f 4123/4123 4122/4122 4129/4129
f 4130/4130 4131/4131 4125/4125
f 4125/4125 4123/4123 4130/4130
f 4125/4125 4131/4131 4120/4120
f 4120/4120 4119/4119 4125/4125
f 4128/4128 4126/4126 4125/4125
f 4125/4125 4119/4119 4128/4128
f 4132/4132 4133/4133 4134/4134
f 4135/4135 4136/4136 4137/4137
f 4137/4137 4138/4138 4135/4135
f 4138/4138 4137/4137 4139/4139
f 4139/4139 4140/4140 4138/4138
f 4141/4141 4142/4142 4132/4132
f 4132/4132 4134/4134 4141/4141
f 4143/4143 4144/4144 4137/4137
f 4137/4137 4136/4136 4143/4143
f 4144/4144 4145/4145 4139/4139
f 4139/4139 4137/4137 4144/4144
f 4139/4139 4145/4145 4146/4146
f 4146/4146 4132/4132 4139/4139
f 4142/4142 4140/4140 4139/4139
f 4139/4139 4132/4132 4142/4142
f 4147/4147 4148/4148 4149/4149
f 4149/4149 4150/4150 4147/4147
f 4151/4151 4152/4152 4153/4153
f 4153/4153 4154/4154 4151/4151
f 4154/4154 4153/4153 4155/4155
f 4155/4155 4156/4156 4154/4154
f 4157/4157 4158/4158 4149/4149
f 4149/4149 4148/4148 4157/4157
f 4159/4159 4160/4160 4153/4153
f 4153/4153 4152/4152 4159/4159
f 4160/4160 4161/4161 4155/4155
f 4155/4155 4153/4153 4160/4160
f 4155/4155 4161/4161 4150/4150
f 4150/4150 4149/4149 4155/4155
f 4158/4158 4156/4156 4155/4155
f 4155/4155 4149/4149 4158/4158
f 4162/4162 4163/4163 4164/4164
f 4164/4164 4165/4165 4162/4162
f 4166/4166 4167/4167 4168/4168
f 4168/4168 4169/4169 4166/4166
f 4169/4169 4168/4168 4170/4170
f 4170/4170 4171/4171 4169/4169
f 4172/4172 4173/4173 4164/4164
f 4164/4164 4163/4163 4172/4172
f 4174/4174 4175/4175 4168/4168
f 4168/4168 4167/4167 4174/4174
f 4175/4175 4176/4176 4170/4170
f 4170/4170 4168/4168 4175/4175
f 4170/4170 4176/4176 4165/4165
f 4165/4165 4164/4164 4170/4170
f 4173/4173 4171/4171 4170/4170
f 4170/4170 4164/4164 4173/4173
f 4177/4177 4122/4122 4121/4121
f 4129/4129 4122/4122 4177/4177
f 4178/4178 4136/4136 4135/4135
f 4143/4143 4136/4136 4178/4178
f 4179/4179 4152/4152 4151/4151
f 4159/4159 4152/4152 4179/4179
f 4180/4180 4167/4167 4166/4166
f 4174/4174 4167/4167 4180/4180
f 4132/4132 4146/4146 4133/4133
f 4181/4181 4182/4182 4183/4183
f 4183/4183 4184/4184 4181/4181
f 4185/4185 4186/4186 4187/4187
f 4185/4185 4188/4188 4189/4189
f 4190/4190 4181/4181 4185/4185
f 4185/4185 4187/4187 4190/4190
f 4186/4186 4185/4185 4191/4191
f 4191/4191 4192/4192 4186/4186
f 4185/4185 4189/4189 4193/4193
f 4193/4193 4191/4191 4185/4185
f 4181/4181 4190/4190 4194/4194
f 4194/4194 4182/4182 4181/4181
f 4181/4181 4184/4184 4188/4188
f 4188/4188 4185/4185 4181/4181
f 4195/4195 4196/4196 4197/4197
f 4197/4197 4198/4198 4195/4195
f 4199/4199 4200/4200 4201/4201
f 4199/4199 4202/4202 4203/4203
f 4204/4204 4195/4195 4199/4199
f 4199/4199 4201/4201 4204/4204
f 4200/4200 4199/4199 4205/4205
f 4205/4205 4206/4206 4200/4200
f 4199/4199 4203/4203 4207/4207
f 4207/4207 4205/4205 4199/4199
f 4195/4195 4204/4204 4208/4208
f 4208/4208 4196/4196 4195/4195
f 4195/4195 4198/4198 4202/4202
f 4202/4202 4199/4199 4195/4195
f 4209/4209 4210/4210 4211/4211
f 4211/4211 4212/4212 4209/4209
f 4213/4213 4214/4214 4215/4215
f 4213/4213 4216/4216 4217/4217
f 4218/4218 4209/4209 4213/4213
f 4213/4213 4215/4215 4218/4218
f 4214/4214 4213/4213 4219/4219
f 4219/4219 4220/4220 4214/4214
f 4213/4213 4217/4217 4221/4221
f 4221/4221 4219/4219 4213/4213
f 4209/4209 4218/4218 4222/4222
f 4222/4222 4210/4210 4209/4209
f 4209/4209 4212/4212 4216/4216
f 4216/4216 4213/4213 4209/4209
f 4223/4223 4224/4224 4225/4225
f 4225/4225 4226/4226 4223/4223
f 4227/4227 4228/4228 4229/4229
f 4230/4230 4228/4228 4231/4231
f 4232/4232 4229/4229 4228/4228
f 4228/4228 4223/4223 4232/4232
f 4227/4227 4233/4233 4234/4234
f 4234/4234 4228/4228 4227/4227
f 4228/4228 4234/4234 4235/4235
f 4235/4235 4231/4231 4228/4228
f 4223/4223 4226/4226 4236/4236
f 4236/4236 4232/4232 4223/4223
f 4223/4223 4228/4228 4230/4230
f 4230/4230 4224/4224 4223/4223
f 4237/4237 4238/4238 4239/4239
f 4239/4239 4240/4240 4237/4237
f 4241/4241 4242/4242 4243/4243
f 4244/4244 4242/4242 4245/4245
f 4246/4246 4243/4243 4242/4242
f 4242/4242 4237/4237 4246/4246
f 4241/4241 4247/4247 4248/4248
f 4248/4248 4242/4242 4241/4241
f 4242/4242 4248/4248 4249/4249
f 4249/4249 4245/4245 4242/4242
f 4237/4237 4240/4240 4250/4250
f 4250/4250 4246/4246 4237/4237
f 4237/4237 4242/4242 4244/4244
f 4244/4244 4238/4238 4237/4237
f 4251/4251 4252/4252 4253/4253
f 4253/4253 4254/4254 4251/4251
f 4255/4255 4256/4256 4257/4257
f 4258/4258 4256/4256 4259/4259
f 4260/4260 4257/4257 4256/4256
f 4256/4256 4251/4251 4260/4260
f 4255/4255 4261/4261 4262/4262
f 4262/4262 4256/4256 4255/4255
f 4256/4256 4262/4262 4263/4263
f 4263/4263 4259/4259 4256/4256
f 4251/4251 4254/4254 4264/4264
f 4264/4264 4260/4260 4251/4251
f 4251/4251 4256/4256 4258/4258
f 4258/4258 4252/4252 4251/4251
f 4193/4193 4265/4265 4191/4191
f 4192/4192 4191/4191 4265/4265
f 4207/4207 4266/4266 4205/4205
f 4206/4206 4205/4205 4266/4266
f 4221/4221 4267/4267 4219/4219
f 4220/4220 4219/4219 4267/4267
f 4268/4268 4235/4235 4234/4234
f 4234/4234 4233/4233 4268/4268
f 4269/4269 4249/4249 4248/4248
f 4248/4248 4247/4247 4269/4269
f 4270/4270 4263/4263 4262/4262
f 4262/4262 4261/4261 4270/4270
f 4271/4271 4272/4272 4273/4273
f 4273/4273 4274/4274 4271/4271
f 4275/4275 4276/4276 4277/4277
f 4277/4277 4278/4278 4275/4275
f 4276/4276 4275/4275 4279/4279
f 4279/4279 4280/4280 4276/4276
f 4276/4276 4273/4273 4281/4281
f 4281/4281 4277/4277 4276/4276
f 4282/4282 4275/4275 4278/4278
f 4278/4278 4283/4283 4282/4282
f 4284/4284 4279/4279 4275/4275
f 4275/4275 4282/4282 4284/4284
f 4285/4285 4281/4281 4273/4273
f 4273/4273 4272/4272 4285/4285
f 4280/4280 4274/4274 4273/4273
f 4273/4273 4276/4276 4280/4280
f 4286/4286 4287/4287 4288/4288
f 4288/4288 4289/4289 4286/4286
f 4290/4290 4291/4291 4292/4292
f 4293/4293 4292/4292 4294/4294
f 4294/4294 4295/4295 4293/4293
f 4293/4293 4288/4288 4296/4296
f 4296/4296 4290/4290 4293/4293
f 4297/4297 4292/4292 4291/4291
f 4291/4291 4298/4298 4297/4297
f 4299/4299 4294/4294 4292/4292
f 4292/4292 4297/4297 4299/4299
f 4288/4288 4287/4287 4300/4300
f 4295/4295 4289/4289 4288/4288
f 4288/4288 4293/4293 4295/4295
f 4301/4301 4302/4302 4303/4303
f 4303/4303 4304/4304 4301/4301
f 4305/4305 4306/4306 4307/4307
f 4307/4307 4308/4308 4305/4305
f 4306/4306 4305/4305 4309/4309
f 4309/4309 4310/4310 4306/4306
f 4306/4306 4303/4303 4311/4311
f 4311/4311 4307/4307 4306/4306
f 4312/4312 4305/4305 4308/4308
f 4308/4308 4313/4313 4312/4312
f 4314/4314 4309/4309 4305/4305
f 4305/4305 4312/4312 4314/4314
f 4315/4315 4311/4311 4303/4303
f 4303/4303 4302/4302 4315/4315
f 4310/4310 4304/4304 4303/4303
f 4303/4303 4306/4306 4310/4310
f 4316/4316 4317/4317 4318/4318
f 4318/4318 4319/4319 4316/4316
f 4320/4320 4321/4321 4322/4322
f 4322/4322 4323/4323 4320/4320
f 4321/4321 4320/4320 4324/4324
f 4324/4324 4325/4325 4321/4321
f 4321/4321 4326/4326 4327/4327
f 4327/4327 4322/4322 4321/4321
f 4328/4328 4320/4320 4323/4323
f 4323/4323 4329/4329 4328/4328
f 4330/4330 4324/4324 4320/4320
f 4320/4320 4328/4328 4330/4330
f 4331/4331 4332/4332 4318/4318
f 4318/4318 4317/4317 4331/4331
f 4319/4319 4318/4318 4326/4326
f 4326/4326 4333/4333 4319/4319
f 4332/4332 4327/4327 4326/4326
f 4326/4326 4318/4318 4332/4332
f 4325/4325 4333/4333 4326/4326
f 4326/4326 4321/4321 4325/4325
f 4282/4282 4334/4334 4284/4284
f 4334/4334 4282/4282 4283/4283
f 4297/4297 4335/4335 4299/4299
f 4335/4335 4297/4297 4298/4298
f 4312/4312 4336/4336 4314/4314
f 4336/4336 4312/4312 4313/4313
f 4328/4328 4337/4337 4330/4330
f 4337/4337 4328/4328 4329/4329
f 4288/4288 4300/4300 4296/4296
f 4290/4290 4292/4292 4293/4293
f 4338/4338 4339/4339 4340/4340
f 4340/4340 4341/4341 4338/4338
f 4342/4342 4343/4343 4344/4344
f 4344/4344 4345/4345 4342/4342
f 4345/4345 4346/4346 4347/4347
f 4347/4347 4342/4342 4345/4345
f 4345/4345 4344/4344 4348/4348
f 4348/4348 4340/4340 4345/4345
f 4349/4349 4350/4350 4343/4343
f 4343/4343 4342/4342 4349/4349
f 4351/4351 4349/4349 4342/4342
f 4342/4342 4347/4347 4351/4351
f 4352/4352 4341/4341 4340/4340
f 4340/4340 4348/4348 4352/4352
f 4346/4346 4345/4345 4340/4340
f 4340/4340 4339/4339 4346/4346
f 4353/4353 4354/4354 4355/4355
f 4355/4355 4356/4356 4353/4353
f 4357/4357 4358/4358 4359/4359
f 4360/4360 4361/4361 4362/4362
f 4362/4362 4358/4358 4360/4360
f 4360/4360 4357/4357 4363/4363
f 4363/4363 4355/4355 4360/4360
f 4364/4364 4365/4365 4359/4359
f 4359/4359 4358/4358 4364/4364
f 4366/4366 4364/4364 4358/4358
f 4358/4358 4362/4362 4366/4366
f 4355/4355 4367/4367 4356/4356
f 4361/4361 4360/4360 4355/4355
f 4355/4355 4354/4354 4361/4361
f 4368/4368 4369/4369 4370/4370
f 4370/4370 4371/4371 4368/4368
f 4372/4372 4373/4373 4374/4374
f 4374/4374 4375/4375 4372/4372
f 4375/4375 4376/4376 4377/4377
f 4377/4377 4372/4372 4375/4375
f 4375/4375 4374/4374 4378/4378
f 4378/4378 4370/4370 4375/4375
f 4379/4379 4380/4380 4373/4373
f 4373/4373 4372/4372 4379/4379
f 4381/4381 4379/4379 4372/4372
f 4372/4372 4377/4377 4381/4381
f 4382/4382 4371/4371 4370/4370
f 4370/4370 4378/4378 4382/4382
f 4376/4376 4375/4375 4370/4370
f 4370/4370 4369/4369 4376/4376
f 4383/4383 4384/4384 4385/4385
f 4385/4385 4386/4386 4383/4383
f 4387/4387 4388/4388 4389/4389
f 4389/4389 4390/4390 4387/4387
f 4390/4390 4391/4391 4392/4392
f 4392/4392 4387/4387 4390/4390
f 4390/4390 4389/4389 4393/4393
f 4393/4393 4394/4394 4390/4390
f 4395/4395 4396/4396 4388/4388
f 4388/4388 4387/4387 4395/4395
f 4397/4397 4395/4395 4387/4387
f 4387/4387 4392/4392 4397/4397
f 4398/4398 4386/4386 4385/4385
f 4385/4385 4399/4399 4398/4398
f 4384/4384 4400/4400 4394/4394
f 4394/4394 4385/4385 4384/4384
f 4399/4399 4385/4385 4394/4394
f 4394/4394 4393/4393 4399/4399
f 4391/4391 4390/4390 4394/4394
f 4394/4394 4400/4400 4391/4391
f 4349/4349 4351/4351 4401/4401
f 4401/4401 4350/4350 4349/4349
f 4364/4364 4366/4366 4402/4402
f 4402/4402 4365/4365 4364/4364
f 4379/4379 4381/4381 4403/4403
f 4403/4403 4380/4380 4379/4379
f 4395/4395 4397/4397 4404/4404
f 4404/4404 4396/4396 4395/4395
f 4355/4355 4363/4363 4367/4367
f 4357/4357 4360/4360 4358/4358

g pet_brunnhilde_add#2
v 20.177710 -5.554144 75.191260
v 23.554110 -4.435116 75.139630
v 22.818890 -4.328802 79.121120
v 18.023130 -6.480713 78.674220
v 15.230200 -5.303043 89.075740
v 15.992150 -6.730999 83.555020
v 21.564460 -4.241409 83.809910
v 20.248460 -3.026054 89.289850
v 22.931030 2.758619 88.816120
v 22.269760 3.132107 92.417670
v 19.780230 -1.025335 94.061350
v 25.021340 0.706466 78.938090
v 23.870200 2.033262 83.410280
v 15.709060 -3.343929 94.326150
v 70.788760 38.636870 27.656870
v 71.065600 38.690130 33.992400
v 60.887730 26.839030 41.650250
v 56.259320 22.853600 31.636600
v 51.304520 17.577350 52.347600
v 43.689230 10.869880 42.454500
v 42.307600 13.746560 63.531060
v 36.838630 7.388449 56.609250
v 25.913090 15.441800 85.045410
v 25.338720 9.554056 83.742000
v 34.474010 11.915160 73.936200
v 35.930180 18.915430 76.536320
v 61.780520 33.088260 48.353580
v 54.231480 27.561080 58.142640
v 44.852310 22.202840 68.049370
v 24.625330 6.402098 80.793370
v 29.521140 5.612700 70.421170
v 71.152300 41.254550 38.876560
v 24.847960 -1.224088 74.673510
v 21.528390 3.703188 97.601010
v 19.806110 0.965472 98.816670
v 32.509570 2.364638 65.232320
v 35.991120 4.198496 66.979250
v 33.306960 4.586038 71.422630
v 28.311590 1.977690 68.680770
v 21.827190 0.851547 77.195780
v 24.778960 1.290710 72.900470
v 30.427080 4.254509 75.444920
v 27.064820 3.702323 79.235630
v 29.429740 9.855331 80.937180
v 26.419270 8.686391 84.336920
v 24.546660 3.311887 82.695250
v 36.415480 10.035140 73.206820
v 33.759620 10.637490 77.603650
v 20.408190 0.398151 81.007680
v 38.580170 8.362233 68.112300
v 24.413870 7.350131 87.832350
v 22.664040 3.136693 86.679370
v 19.216780 -0.278399 85.165890
v 47.664780 14.886610 61.893450
v 48.797510 17.570180 64.843990
v 44.903520 16.669760 69.886550
v 41.969730 12.400080 65.571010
v 34.337680 14.900420 79.737990
v 33.094040 21.134130 81.269620
v 28.669550 19.013840 84.616910
v 29.098810 13.672120 83.631020
v 40.420690 15.990460 74.732940
v 43.828110 23.434370 71.216290
v 39.160140 23.146800 76.058880
v 28.245280 9.692665 80.794530
v 32.822570 10.429160 76.032520
v 37.407170 11.230780 70.174900
v 48.381530 22.666350 66.360990
v 25.602530 16.401260 88.007450
v 25.673250 12.566960 87.235630
v 24.986500 9.011657 85.313730
v 48.808200 34.299080 73.470730
v 48.263340 36.988700 75.462590
v 43.260080 33.638980 79.193500
v 45.009150 29.377490 75.434900
v 35.462230 19.182980 80.461580
v 41.406560 24.534290 77.004810
v 38.675130 29.512820 81.693070
v 32.024900 24.224210 84.527710
v 35.976520 37.977510 78.212910
v 30.392000 33.971770 81.076490
v 25.569220 28.047220 84.241740
v 44.225870 39.909810 75.313820
v 23.259240 22.157240 87.178110
v 28.330670 19.131820 87.726960
v 29.572120 14.923770 84.656590
v 31.846630 44.000580 75.903270
v 28.210130 44.900240 77.731570
v 27.109100 40.317520 80.224720
v 32.552630 38.143300 78.400130
v 26.178530 26.297250 83.518090
v 30.233740 32.459820 80.685470
v 24.486150 34.585870 83.335160
v 22.192120 28.090040 86.647650
v 20.311520 42.265480 79.742520
v 17.884630 36.659140 83.883420
v 17.540440 30.104650 87.678940
v 22.966810 45.712590 77.226210
v 17.345610 24.728330 90.249770
v 20.816570 21.875260 89.576670
v 23.034440 19.693530 87.403790
v 17.972700 42.870470 80.019810
v 15.245760 43.517960 81.203860
v 14.979710 39.563110 84.071380
v 19.611250 37.025280 82.270180
v 18.615280 28.190490 86.848800
v 19.249170 32.442840 84.339090
v 14.038560 34.904630 86.440850
v 13.541690 30.352720 88.911240
v 8.746405 41.874100 83.714970
v 7.458195 37.519960 86.255910
v 8.045934 32.258500 88.705760
v 8.339348 24.197050 92.623280
v 12.569670 23.589270 92.649350
v 16.513060 21.739440 92.028000
v 8.659411 18.711570 96.029940
v 11.777190 18.014100 96.924100
v 15.705880 15.816360 97.095670
v 70.227760 54.726490 40.527660
v 69.108770 56.670160 47.734620
v 66.392590 48.056070 52.251370
v 67.564060 42.048280 44.367750
v 59.460790 39.574010 61.570740
v 58.658540 31.288280 52.200070
v 49.088480 32.624310 71.611940
v 47.723360 23.301970 62.524880
v 22.674800 25.917090 84.679120
v 27.459890 21.703340 84.950120
v 38.778470 27.081030 79.363620
v 30.320540 34.744450 79.855860
v 54.227250 53.678820 57.946060
v 46.871120 46.512970 66.005620
v 38.704820 41.365290 73.852850
v 28.492650 16.167890 81.593310
v 38.950720 19.723350 72.450900
v 60.194780 58.791090 51.795720
v 35.895400 53.543690 63.705390
v 28.380310 55.692550 65.420120
v 26.863700 51.652420 71.370250
v 37.376100 48.510990 68.041530
v 27.259160 46.585210 76.054860
v 37.701370 43.052670 72.045060
v 28.073340 37.799150 79.792330
v 36.165870 35.901650 76.098330
v 19.439990 22.277450 88.192640
v 24.140760 20.123720 85.733470
v 26.306630 29.132020 82.555730
v 19.803070 31.474150 84.416930
v 16.248810 53.186710 68.248210
v 16.014250 48.806820 73.160110
v 19.152480 39.443510 80.924840
v 27.457530 18.313820 83.164070
v 31.713760 27.180890 79.734490
v 20.035200 56.425780 64.120180
v 9.196845 53.583760 70.869840
v 4.906815 55.459190 71.994870
v 6.769792 51.866920 75.363940
v 13.874250 49.697930 73.407770
v 10.919860 44.901580 79.977370
v 19.022170 42.840400 77.687610
v 12.244580 29.691530 87.300950
v 16.553000 29.871900 86.139990
v 14.742700 36.132400 84.392000
v 8.300504 36.143490 85.622150
v -0.063377 51.679190 73.523860
v 3.075305 45.082980 79.479200
v 20.417170 30.162450 84.931440
v 19.537750 35.359200 82.882640
v -0.381936 55.541360 69.868040
v 43.411150 3.609692 35.369810
v 45.582470 5.310149 38.173190
v 41.018540 3.423209 41.780010
v 36.048880 1.746420 38.391030
v 37.406160 1.852051 48.046320
v 28.820700 -0.000881 45.108620
v 34.374220 1.607558 55.552410
v 23.793850 -0.501953 53.691870
v 31.665230 9.434641 76.864860
v 28.537800 5.459139 77.814310
v 30.409260 3.513605 70.586980
v 34.426290 8.186349 70.721100
v 42.816960 8.958008 44.070020
v 40.403430 8.355992 49.576270
v 38.598440 7.595523 56.431200
v 25.298300 4.255300 78.375180
v 22.402870 0.770905 70.630270
v 21.744790 -0.289565 63.116360
v 31.486290 2.654367 64.060400
v 36.670360 7.740198 63.893820
v 46.766920 8.366264 38.689530
v 23.121610 -4.572649 70.274900
v 84.123780 49.678860 32.189960
v 39.182930 2.566118 59.520490
v 57.124680 19.991890 57.694680
v 57.749330 40.601470 71.040700
v 25.398530 52.089250 76.120850
v 14.521320 48.761430 79.341990
v 11.889940 44.537380 81.037410
v 76.202970 66.463770 44.589290
v 35.287060 61.999460 61.384780
v 4.000188 59.974490 67.397640
v 52.267010 6.683532 34.207700
v 17.143000 -0.343432 98.270560
v -20.177630 -5.554148 75.191270
v -18.023040 -6.480719 78.674240
v -22.818810 -4.328801 79.121140
v -23.554030 -4.435119 75.139660
v -15.230100 -5.303046 89.075740
v -20.248360 -3.026049 89.289870
v -21.564370 -4.241411 83.809930
v -15.992060 -6.731006 83.555030
v -19.780120 -1.025338 94.061370
v -22.269660 3.132101 92.417690
v -22.930930 2.758627 88.816140
v -23.870110 2.033250 83.410300
v -25.021250 0.706462 78.938120
v -15.708950 -3.343937 94.326170
v -70.788730 38.636880 27.656900
v -56.259270 22.853600 31.636620
v -60.887670 26.839040 41.650280
v -71.065540 38.690150 33.992430
v -51.304450 17.577360 52.347620
v -43.689180 10.869870 42.454520
v -36.838550 7.388434 56.609280
v -42.307520 13.746560 63.531070
v -25.912990 15.441800 85.045430
v -35.930100 18.915430 76.536330
v -34.473930 11.915160 73.936230
v -25.338630 9.554059 83.742000
v -61.780440 33.088270 48.353600
v -54.231410 27.561090 58.142660
v -44.852230 22.202850 68.049390
v -24.625240 6.402100 80.793390
v -29.521060 5.612700 70.421190
v -71.152240 41.254560 38.876590
v -24.847880 -1.224092 74.673520
v -21.528280 3.703194 97.601040
v -19.806010 0.965466 98.816700
v -32.509500 2.364631 65.232340
v -28.311510 1.977683 68.680790
v -33.306880 4.586043 71.422660
v -35.991050 4.198490 66.979270
v -21.827110 0.851544 77.195790
v -27.064730 3.702313 79.235640
v -30.426990 4.254506 75.444930
v -24.778880 1.290706 72.900480
v -24.546560 3.311832 82.695270
v -26.419180 8.686387 84.336950
v -29.429650 9.855328 80.937190
v -33.759540 10.637490 77.603680
v -36.415400 10.035120 73.206840
v -20.408100 0.398145 81.007700
v -38.580090 8.362222 68.112320
v -24.413770 7.350134 87.832370
v -22.663950 3.136683 86.679400
v -19.216680 -0.278405 85.165910
v -47.664700 14.886610 61.893480
v -41.969640 12.400080 65.571040
v -44.903430 16.669760 69.886580
v -48.797420 17.570170 64.844030
v -34.337600 14.900420 79.738030
v -29.098720 13.672120 83.631060
v -28.669460 19.013840 84.616940
v -33.093940 21.134120 81.269650
v -40.420610 15.990460 74.732970
v -39.160060 23.146800 76.058910
v -43.828010 23.434360 71.216310
v -32.822490 10.429160 76.032550
v -28.245200 9.692664 80.794550
v -37.407090 11.230780 70.174930
v -48.381440 22.666360 66.361020
v -25.602420 16.401260 88.007480
v -25.673150 12.566960 87.235650
v -24.986400 9.011650 85.313760
v -48.808110 34.299080 73.470760
v -45.009060 29.377490 75.434940
v -43.259990 33.638980 79.193540
v -48.263250 36.988700 75.462630
v -35.462140 19.182980 80.461610
v -32.024800 24.224210 84.527740
v -38.675030 29.512820 81.693090
v -41.406470 24.534290 77.004840
v -30.391900 33.971770 81.076520
v -35.976430 37.977520 78.212930
v -25.569120 28.047220 84.241770
v -44.225780 39.909810 75.313840
v -23.259140 22.157240 87.178130
v -28.330580 19.131820 87.726990
v -29.572030 14.923770 84.656620
v -31.846540 44.000580 75.903310
v -32.552550 38.143310 78.400160
v -27.109010 40.317500 80.224750
v -28.210050 44.900240 77.731580
v -26.178440 26.297250 83.518110
v -22.192030 28.090040 86.647670
v -24.486050 34.585870 83.335190
v -30.233650 32.459820 80.685510
v -17.884540 36.659130 83.883440
v -20.311430 42.265490 79.742550
v -17.540340 30.104650 87.678960
v -22.966720 45.712590 77.226250
v -17.345510 24.728330 90.249800
v -20.816460 21.875260 89.576710
v -23.034340 19.693530 87.403820
v -17.972610 42.870460 80.019820
v -19.611160 37.025290 82.270200
v -14.979620 39.563120 84.071400
v -15.245670 43.517960 81.203870
v -18.615190 28.190480 86.848830
v -13.541580 30.352720 88.911250
v -14.038460 34.904620 86.440860
v -19.249080 32.442830 84.339120
v -7.458096 37.519960 86.255920
v -8.746313 41.874090 83.714970
v -8.045834 32.258500 88.705760
v -8.339244 24.197050 92.623280
v -12.569570 23.589270 92.649360
v -16.512960 21.739440 92.028020
v -8.659304 18.711570 96.029950
v -11.777080 18.014100 96.924100
v -15.705780 15.816360 97.095700
v -70.227690 54.726490 40.527700
v -67.563990 42.048300 44.367770
v -66.392510 48.056080 52.251400
v -69.108690 56.670170 47.734650
v -59.460710 39.574010 61.570760
v -58.658470 31.288290 52.200080
v -47.723280 23.301980 62.524900
v -49.088390 32.624310 71.611970
v -22.674710 25.917090 84.679140
v -30.320450 34.744450 79.855870
v -38.778390 27.081030 79.363630
v -27.459800 21.703340 84.950130
v -54.227170 53.678820 57.946080
v -46.871030 46.512970 66.005640
v -38.704730 41.365280 73.852860
v -28.492560 16.167890 81.593330
v -38.950640 19.723350 72.450900
v -60.194710 58.791100 51.795730
v -35.895330 53.543680 63.705410
v -37.376020 48.510990 68.041550
v -26.863610 51.652420 71.370260
v -28.380230 55.692550 65.420140
v -27.259080 46.585210 76.054870
v -37.701290 43.052670 72.045060
v -36.165780 35.901660 76.098340
v -28.073250 37.799140 79.792330
v -19.439890 22.277450 88.192660
v -19.802980 31.474150 84.416950
v -26.306530 29.132010 82.555730
v -24.140670 20.123720 85.733490
v -16.248730 53.186710 68.248220
v -16.014160 48.806820 73.160130
v -19.152390 39.443510 80.924840
v -27.457440 18.313820 83.164090
v -31.713670 27.180880 79.734500
v -20.035120 56.425770 64.120180
v -9.196760 53.583760 70.869840
v -13.874160 49.697920 73.407770
v -6.769703 51.866920 75.363920
v -4.906725 55.459180 71.994870
v -10.919770 44.901580 79.977380
v -19.022070 42.840390 77.687640
v -12.244490 29.691530 87.300960
v -8.300406 36.143480 85.622150
v -14.742600 36.132410 84.391990
v -16.552900 29.871900 86.140010
v 0.063471 51.679180 73.523860
v -3.075211 45.082970 79.479190
v -20.417080 30.162450 84.931460
v -19.537650 35.359200 82.882680
v 0.382018 55.541360 69.868040
v -43.411100 3.609673 35.369840
v -36.048840 1.746403 38.391060
v -41.018490 3.423193 41.780030
v -45.582430 5.310131 38.173220
v -37.406090 1.852040 48.046350
v -28.820640 -0.000894 45.108630
v -23.793790 -0.501962 53.691890
v -34.374150 1.607548 55.552440
v -31.665150 9.434635 76.864880
v -34.426210 8.186340 70.721130
v -30.409170 3.513598 70.586990
v -28.537710 5.459136 77.814330
v -42.816910 8.957992 44.070050
v -40.403360 8.355976 49.576300
v -38.598370 7.595510 56.431220
v -25.298210 4.255296 78.375200
v -22.402790 0.770901 70.630290
v -31.486220 2.654359 64.060420
v -21.744720 -0.289573 63.116370
v -36.670280 7.740187 63.893850
v -46.766880 8.366245 38.689550
v -23.121530 -4.572657 70.274930
v -84.123720 49.678870 32.189990
v -39.182870 2.566111 59.520520
v -57.124610 19.991890 57.694710
v -57.749240 40.601460 71.040730
v -25.398440 52.089240 76.120870
v -14.521230 48.761430 79.342000
v -11.889850 44.537370 81.037410
v -76.202900 66.463780 44.589330
v -35.286990 61.999460 61.384800
v -4.000104 59.974490 67.397660
v -52.266960 6.683514 34.207730
v -17.142890 -0.343434 98.270590
v 16.934930 27.682330 87.466240
v 14.067940 28.410280 88.305350
v 13.456680 26.048820 90.810520
v 17.240770 24.963670 89.262050
v 11.699910 21.270790 95.541620
v 9.722770 26.842480 90.882030
v 8.258272 22.401210 95.381330
v 14.933650 19.902430 93.540620
v 11.919050 29.050760 88.800640
v 7.509493 14.951350 100.330900
v 9.058779 14.444130 99.801290
v 10.962160 13.656270 98.733100
v 15.158580 29.234290 79.723950
v 12.351020 29.919280 79.787520
v 10.472880 28.733320 84.973760
v 15.391090 27.430320 84.220730
v 9.370720 26.981440 89.202510
v 14.588570 25.297950 88.254280
v 5.196457 20.212300 97.408120
v 7.742578 18.680900 96.911290
v 8.798358 22.586450 94.612580
v 4.622217 23.469320 94.606230
v 5.682603 28.588370 84.154000
v 4.422102 27.295720 88.860530
v 10.047980 17.686950 95.700320
v 12.798470 21.441020 92.907410
v 8.862817 30.205890 79.294450
v 13.931400 32.536150 87.009220
v 15.189000 30.612260 75.388360
v -16.895880 27.682330 87.466260
v -17.201720 24.963660 89.262070
v -13.417620 26.048820 90.810530
v -14.028880 28.410280 88.305370
v -11.660860 21.270790 95.541630
v -8.219214 22.401210 95.381350
v -9.683713 26.842480 90.882050
v -14.894590 19.902430 93.540640
v -11.880000 29.050760 88.800670
v -7.470429 14.951350 100.330900
v -9.019717 14.444130 99.801300
v -10.923100 13.656270 98.733110
v -15.119530 29.234290 79.723960
v -15.352040 27.430320 84.220750
v -10.433830 28.733320 84.973770
v -12.311980 29.919280 79.787540
v -9.331670 26.981440 89.202510
v -14.549520 25.297950 88.254300
v -5.157395 20.212300 97.408130
v -4.583159 23.469320 94.606230
v -8.759300 22.586450 94.612590
v -7.703517 18.680900 96.911290
v -5.643552 28.588370 84.154010
v -4.383049 27.295720 88.860530
v -10.008920 17.686950 95.700330
v -12.759410 21.441020 92.907420
v -8.823773 30.205890 79.294460
v -13.892350 32.536150 87.009220
v -15.149960 30.612260 75.388370
v 10.010020 25.455040 92.746930
v 6.931758 24.938190 94.214870
v 7.312635 22.231640 97.750690
v 11.191450 21.437380 96.180030
v 10.528740 17.688430 99.282230
v 7.202896 18.636370 100.072400
v 3.953506 23.218170 96.972690
v 3.917967 19.629700 99.631060
v 4.541265 24.646180 94.841000
v 4.094890 12.649220 102.766700
v 6.754697 11.303210 102.432300
v 8.853554 9.469366 102.753500
v -0.021597 27.488890 90.606540
v 5.562759 23.337720 93.642520
v 2.652082 27.137430 89.110570
v 5.062295 19.413950 98.161730
v -0.021596 23.878930 96.275800
v -0.021587 19.872240 100.084800
v -0.021592 30.857920 86.866000
v -2.695264 27.141760 89.110580
v -0.021584 11.316970 104.625900
v 4.708720 12.277670 102.363100
v -0.021594 27.174120 91.171260
v -10.053210 25.481410 92.746930
v -11.234630 21.487530 96.180050
v -7.355816 22.265680 97.750700
v -6.974945 24.959440 94.214870
v -10.571930 17.757220 99.282240
v -7.246072 18.682980 100.072400
v -3.961144 19.653290 99.631070
v -3.996694 23.234680 96.972690
v -4.584453 24.661090 94.841000
v -4.138075 12.688550 102.766700
v -6.820216 12.565890 102.491800
v -8.962327 11.202300 101.926100
v -5.605935 23.356410 93.642520
v -5.105482 19.442570 98.161740
v -4.751907 12.322790 102.363100
v 4.885123 30.323540 87.105060
v -4.928318 30.327320 87.105070
v 5.944783 0.155569 161.552400
v 6.420837 0.422713 160.287400
v 10.136470 1.645130 161.395100
v 9.050221 1.306616 163.053400
v 15.645850 8.243721 167.786700
v 15.393620 6.887961 167.706100
v 14.509650 5.568531 165.153000
v 14.890170 7.496192 163.911300
v 12.590060 3.818067 162.901900
v 12.887000 5.592603 161.055600
v 6.543121 0.913030 159.145900
v 10.241060 2.542003 159.380900
v 14.423650 6.518239 168.206800
v 12.939190 5.073099 166.407500
v 11.160700 3.379482 164.884900
v 8.392608 0.088726 165.244200
v 5.364469 -0.703491 160.793700
v 6.573617 0.473083 160.893000
v 9.886320 5.731380 175.216200
v 9.214823 4.495019 175.302000
v 9.124120 3.529719 172.624700
v 10.454850 5.735704 172.383100
v 9.199356 1.825014 169.266600
v 11.113480 4.265019 168.065900
v 8.288249 1.493361 161.076300
v 10.440220 2.992946 164.187400
v 7.831226 4.404021 175.455400
v 6.835881 3.046324 172.722000
v 5.860364 0.921845 169.992100
v 5.076042 -0.593537 165.738200
v 4.822631 -1.309727 162.217000
v 5.967519 -1.122516 162.322900
v 6.393572 -1.744241 165.699200
v 4.738837 -2.015804 165.445200
v 6.028821 1.544366 171.991900
v 5.499144 0.855739 171.882100
v 6.050285 -0.082589 170.111100
v 6.933960 1.287497 170.111700
v 6.266662 -1.036999 168.217400
v 7.456267 0.470455 168.056400
v 6.820809 -0.318944 162.312200
v 7.450409 -0.346944 165.769700
v 4.619747 0.931343 171.825100
v 4.556305 -0.062611 170.049500
v 4.707066 -1.256460 168.126200
v 7.038467 1.071611 159.876100
v 7.107456 1.271826 158.842300
v 10.624150 2.458914 158.759100
v 10.408550 2.493144 160.358200
v 14.796580 9.789863 158.757100
v 15.042420 8.733068 159.555700
v 14.084280 6.674001 158.987000
v 13.596760 7.864466 157.204800
v 12.690220 4.513308 158.798300
v 12.168420 5.383162 156.783700
v 7.097810 1.560745 157.769600
v 10.059520 2.996611 156.947100
v 14.234240 8.655681 160.452200
v 13.439150 6.790358 160.472500
v 12.127860 4.465363 160.666700
v 15.860470 7.720287 171.003200
v 8.595473 4.859164 179.647900
v 4.745979 0.821624 174.157600
v 15.362730 11.432290 161.334600
v 2.470724 15.777380 105.891300
v 1.802229 13.804260 107.377600
v 2.501050 13.837070 107.098200
v 3.634229 15.191300 105.775800
v 3.410503 18.431090 104.218700
v 1.720757 20.116670 103.141200
v 0.887129 18.143760 104.507800
v 4.976593 16.525250 104.197300
v 5.795002 17.969480 103.049900
v 0.739319 16.352000 105.681900
v 4.650285 20.830120 102.894400
v 3.714278 21.452990 102.425300
v 5.639056 19.872750 102.474100
v 0.970060 14.024380 107.375500
v 4.562078 18.629200 103.062600
v 2.975885 15.742300 105.270200
v 3.906803 15.683820 104.626800
v 6.032383 17.299920 102.320900
v 6.281525 21.715210 100.959800
v 5.125244 24.032950 99.842060
v 3.829269 22.084060 101.111700
v 7.840208 19.378790 100.678000
v 9.047818 21.904370 99.552610
v 2.742157 20.001170 102.447500
v 7.958403 24.447060 99.587780
v 7.180008 25.890440 99.161350
v 9.300638 23.834360 99.160080
v 2.159981 16.178040 105.179500
v 3.421553 20.006020 102.073800
v 2.616277 16.470790 104.691200
v 4.089734 16.282090 104.078200
v 5.624453 18.947400 101.935400
v 4.881432 25.184040 98.755940
v 2.163331 27.072220 97.382900
v 1.137628 24.038110 99.297750
v 6.755963 21.715850 99.486470
v 7.264455 25.223860 97.099860
v 0.715585 20.110080 102.325200
v 7.382466 30.903720 94.980120
v 5.660327 31.628490 94.847430
v 8.585565 29.746680 94.986680
v 1.339674 16.399230 104.877900
v -2.509587 15.777380 105.891300
v -3.673092 15.191300 105.775800
v -2.539910 13.837070 107.098200
v -1.841091 13.804260 107.377600
v -1.759621 20.116670 103.141200
v -3.449368 18.431090 104.218700
v -0.925996 18.143760 104.507800
v -5.015461 16.525250 104.197300
v -5.833867 17.969480 103.049900
v -0.778180 16.352000 105.681900
v -3.753143 21.452980 102.425300
v -4.689152 20.830120 102.894400
v -5.677920 19.872750 102.474100
v -1.008921 14.024380 107.375500
v -4.600944 18.629210 103.062600
v -6.071248 17.299920 102.320900
v -3.945666 15.683820 104.626800
v -3.014747 15.742300 105.270200
v -5.164111 24.032950 99.842060
v -6.320392 21.715210 100.959800
v -3.868136 22.084060 101.111800
v -7.879074 19.378790 100.678000
v -9.086686 21.904370 99.552610
v -2.781023 20.001170 102.447500
v -7.218878 25.890440 99.161340
v -7.997270 24.447060 99.587770
v -9.339508 23.834370 99.160080
v -2.198843 16.178040 105.179500
v -3.460419 20.006020 102.073800
v -5.663319 18.947400 101.935400
v -4.128601 16.282090 104.078200
v -2.655143 16.470790 104.691300
v -2.202201 27.072220 97.382900
v -4.920303 25.184040 98.755940
v -1.176496 24.038110 99.297750
v -6.794829 21.715850 99.486470
v -7.303325 25.223860 97.099860
v -0.754451 20.110080 102.325200
v -5.699195 31.628490 94.847430
v -7.421336 30.903720 94.980120
v -8.624435 29.746690 94.986680
v -1.378538 16.399230 104.877900
v 6.322698 23.499100 102.188300
v 9.827388 27.166560 99.777010
v 10.375760 35.422450 94.218840
v -6.361566 23.499100 102.188300
v -9.866255 27.166550 99.777010
v -10.414630 35.422450 94.218850
v -14.216400 -1.156413 51.275720
v -13.580820 -2.658615 52.380580
v -16.432840 -1.171195 56.965530
v -16.435110 0.772905 55.188360
v -21.542220 3.433785 63.938380
v -18.891250 0.782211 59.844230
v -17.408330 0.046660 62.143470
v -19.913560 2.895519 65.901750
v -21.623510 5.136508 61.624100
v -19.175370 2.744784 57.827320
v -15.048200 -1.819448 59.021030
v -23.821060 7.059107 67.734000
v -22.733850 6.863837 68.617340
v -23.582820 8.118888 66.626450
v -12.696810 -3.254519 53.906410
v -13.508680 -1.678699 51.102970
v -12.804530 -2.748591 51.172240
v -15.113180 -3.064395 55.030720
v -15.908040 -1.017218 54.482590
v -14.887740 -3.686138 60.073930
v -16.299230 -2.451629 63.267950
v -18.257990 -1.505889 61.819790
v -17.145800 -2.798819 58.512250
v -19.158260 0.697830 60.616030
v -18.063930 -0.038230 57.168330
v -13.397860 -3.858182 56.107070
v -18.958100 0.108037 65.078740
v -17.833170 -0.026112 66.103500
v -19.080370 1.286536 64.198100
v -11.895760 -3.555900 52.047130
v -14.137610 -1.753904 52.268560
v -13.849400 -2.717427 52.696170
v -16.329420 -2.264798 54.248310
v -16.405390 -1.399940 53.287750
v -20.539450 1.284497 56.778830
v -18.642880 -0.911597 55.410830
v -17.918370 -1.003624 57.351220
v -19.988350 1.221759 58.457360
v -20.200410 1.975179 55.671840
v -18.346430 0.157676 54.247420
v -15.793960 -2.696780 55.650970
v -22.033990 3.798702 58.195630
v -22.288560 3.564248 58.988300
v -21.648570 4.242336 57.538600
v -13.181310 -3.064586 53.719270
v -13.746580 -2.405935 51.396400
v -13.784240 -2.894503 52.310950
v -15.697490 -2.516470 52.559040
v -15.363120 -1.378202 51.006340
v -20.291090 1.553175 53.036170
v -19.263440 -0.244940 53.100760
v -19.201520 -0.433118 55.430390
v -20.407570 1.973291 54.939520
v -19.396930 2.212539 51.695760
v -18.238550 0.943975 51.097290
v -17.715130 -1.692730 52.853080
v -17.764540 -2.050676 55.095230
v -20.803820 3.244799 52.401860
v -20.985270 3.584319 53.043150
v -20.233970 3.278397 52.005770
v -13.637820 -3.195676 53.432980
v -15.572880 -2.823142 54.387120
v -16.908480 -0.229998 50.835180
v -26.725900 12.340030 70.354600
v -20.410870 1.634291 68.115330
v -23.224650 7.917739 59.065740
v -21.211010 4.460074 50.446190
v 14.216820 -1.156765 51.275610
v 16.435120 0.772906 55.188350
v 16.432850 -1.171195 56.965520
v 13.580830 -2.658794 52.382030
v 21.542240 3.433785 63.938380
v 19.913570 2.895515 65.901730
v 17.408350 0.046657 62.143470
v 18.891270 0.782210 59.844220
v 19.175380 2.744786 57.827310
v 21.623510 5.136509 61.624090
v 15.048220 -1.819452 59.021020
v 23.821070 7.059104 67.733990
v 22.733870 6.863835 68.617330
v 23.582830 8.118886 66.626440
v 12.696820 -3.254735 53.908140
v 13.508680 -1.678811 51.103870
v 15.908050 -1.017217 54.482580
v 15.113200 -3.064395 55.030710
v 12.804530 -2.748792 51.173850
v 14.887760 -3.686145 60.073920
v 18.258010 -1.505893 61.819780
v 16.299250 -2.451635 63.267940
v 17.145820 -2.798819 58.512240
v 18.063950 -0.038228 57.168330
v 19.158280 0.697829 60.616020
v 13.397880 -3.858186 56.107070
v 18.958120 0.108032 65.078730
v 17.833190 -0.026118 66.103490
v 19.080390 1.286532 64.198090
v 11.895770 -3.556158 52.049210
v 14.137740 -1.754079 52.268710
v 16.405400 -1.399936 53.287740
v 16.329440 -2.264796 54.248300
v 13.849400 -2.717607 52.697640
v 20.539460 1.284502 56.778820
v 19.988360 1.221766 58.457350
v 17.918390 -1.003622 57.351210
v 18.642890 -0.911593 55.410820
v 18.346440 0.157680 54.247410
v 20.200410 1.975183 55.671840
v 15.793980 -2.696781 55.650970
v 22.034000 3.798707 58.195630
v 22.288570 3.564253 58.988290
v 21.648580 4.242342 57.538600
v 13.181310 -3.064785 53.720880
v 13.746580 -2.406103 51.397770
v 15.363130 -1.378199 51.006330
v 15.697500 -2.516467 52.559030
v 13.784250 -2.894704 52.312560
v 20.291090 1.553183 53.036160
v 20.407580 1.973298 54.939510
v 19.201520 -0.433115 55.430390
v 19.263440 -0.244934 53.100750
v 18.238560 0.943982 51.097280
v 19.396940 2.212548 51.695750
v 17.764550 -2.050673 55.095220
v 17.715140 -1.692725 52.853070
v 20.803830 3.244809 52.401860
v 20.985280 3.584328 53.043140
v 20.233980 3.278406 52.005760
v 13.637820 -3.195892 53.434710
v 15.572900 -2.823142 54.387120
v 16.908490 -0.229993 50.835170
v 26.725910 12.340030 70.354590
v 20.410890 1.634285 68.115320
v 23.224660 7.917747 59.065730
v 21.211010 4.460087 50.446190
vt 0.864979 0.160354 0.000000
vt 0.864979 0.182786 0.000000
vt 0.887502 0.182786 0.000000
vt 0.887414 0.158691 0.000000
vt 0.954377 0.157084 0.000000
vt 0.920982 0.157084 0.000000
vt 0.921113 0.182786 0.000000
vt 0.954377 0.182786 0.000000
vt 0.954377 0.206112 0.000000
vt 0.974562 0.206112 0.000000
vt 0.974562 0.182786 0.000000
vt 0.887526 0.204566 0.000000
vt 0.921149 0.206112 0.000000
vt 0.974562 0.157084 0.000000
vt 0.762119 0.093767 0.000000
vt 0.762119 0.116842 0.000000
vt 0.811155 0.116842 0.000000
vt 0.811155 0.085686 0.000000
vt 0.859159 0.116842 0.000000
vt 0.859159 0.084452 0.000000
vt 0.902274 0.116842 0.000000
vt 0.902274 0.084452 0.000000
vt 0.994747 0.145998 0.000000
vt 0.994747 0.116842 0.000000
vt 0.945538 0.116842 0.000000
vt 0.945538 0.145998 0.000000
vt 0.811155 0.143992 0.000000
vt 0.859159 0.145998 0.000000
vt 0.902274 0.145998 0.000000
vt 0.994747 0.084452 0.000000
vt 0.945538 0.084452 0.000000
vt 0.762119 0.139003 0.000000
vt 0.864979 0.202991 0.000000
vt 0.994747 0.206112 0.000000
vt 0.994747 0.182786 0.000000
vt 0.864979 0.160354 0.000000
vt 0.864979 0.182786 0.000000
vt 0.887502 0.182786 0.000000
vt 0.887414 0.158691 0.000000
vt 0.954377 0.157084 0.000000
vt 0.920982 0.157084 0.000000
vt 0.921113 0.182786 0.000000
vt 0.954377 0.182786 0.000000
vt 0.954377 0.206112 0.000000
vt 0.974562 0.206112 0.000000
vt 0.974562 0.182786 0.000000
vt 0.887526 0.204566 0.000000
vt 0.921149 0.206112 0.000000
vt 0.974562 0.157084 0.000000
vt 0.864979 0.202991 0.000000
vt 0.994747 0.206112 0.000000
vt 0.994747 0.182786 0.000000
vt 0.994747 0.157084 0.000000
vt 0.864979 0.160354 0.000000
vt 0.864979 0.182786 0.000000
vt 0.887502 0.182786 0.000000
vt 0.887414 0.158691 0.000000
vt 0.943289 0.182786 0.000000
vt 0.943301 0.206112 0.000000
vt 0.974562 0.206112 0.000000
vt 0.974562 0.182786 0.000000
vt 0.910024 0.182786 0.000000
vt 0.887526 0.204566 0.000000
vt 0.910073 0.206112 0.000000
vt 0.974562 0.157084 0.000000
vt 0.943246 0.157084 0.000000
vt 0.909850 0.157084 0.000000
vt 0.864979 0.202991 0.000000
vt 0.994747 0.206112 0.000000
vt 0.994747 0.182786 0.000000
vt 0.994747 0.157084 0.000000
vt 0.864979 0.160354 0.000000
vt 0.864979 0.182786 0.000000
vt 0.887502 0.182786 0.000000
vt 0.887414 0.158691 0.000000
vt 0.964470 0.157084 0.000000
vt 0.920982 0.157084 0.000000
vt 0.921113 0.182786 0.000000
vt 0.964470 0.182786 0.000000
vt 0.887526 0.204566 0.000000
vt 0.921149 0.206112 0.000000
vt 0.964470 0.206112 0.000000
vt 0.864979 0.202991 0.000000
vt 0.994747 0.206112 0.000000
vt 0.994747 0.182786 0.000000
vt 0.994747 0.157084 0.000000
vt 0.864979 0.160354 0.000000
vt 0.864979 0.182786 0.000000
vt 0.887502 0.182786 0.000000
vt 0.887414 0.158691 0.000000
vt 0.964470 0.157084 0.000000
vt 0.920982 0.157084 0.000000
vt 0.921113 0.182786 0.000000
vt 0.964470 0.182786 0.000000
vt 0.887526 0.204566 0.000000
vt 0.921149 0.206112 0.000000
vt 0.964470 0.206112 0.000000
vt 0.864979 0.202991 0.000000
vt 0.994747 0.206112 0.000000
vt 0.994747 0.182786 0.000000
vt 0.994747 0.157084 0.000000
vt 0.864979 0.160354 0.000000
vt 0.864979 0.182786 0.000000
vt 0.887502 0.182786 0.000000
vt 0.887414 0.158691 0.000000
vt 0.964470 0.157084 0.000000
vt 0.920982 0.157084 0.000000
vt 0.921113 0.182786 0.000000
vt 0.964470 0.182786 0.000000
vt 0.887526 0.204566 0.000000
vt 0.921149 0.206112 0.000000
vt 0.964470 0.206112 0.000000
vt 0.979609 0.206112 0.000000
vt 0.979609 0.182786 0.000000
vt 0.979609 0.157084 0.000000
vt 0.994747 0.206112 0.000000
vt 0.994747 0.182786 0.000000
vt 0.994747 0.157084 0.000000
vt 0.762119 0.093767 0.000000
vt 0.762119 0.116842 0.000000
vt 0.811155 0.116842 0.000000
vt 0.811155 0.085686 0.000000
vt 0.859159 0.116842 0.000000
vt 0.859159 0.084452 0.000000
vt 0.902274 0.116842 0.000000
vt 0.902274 0.084452 0.000000
vt 0.994747 0.145998 0.000000
vt 0.994747 0.116842 0.000000
vt 0.945538 0.116842 0.000000
vt 0.945538 0.145998 0.000000
vt 0.811155 0.143992 0.000000
vt 0.859159 0.145998 0.000000
vt 0.902274 0.145998 0.000000
vt 0.994747 0.084452 0.000000
vt 0.945538 0.084452 0.000000
vt 0.762119 0.139003 0.000000
vt 0.762119 0.093767 0.000000
vt 0.762119 0.116842 0.000000
vt 0.811155 0.116842 0.000000
vt 0.811155 0.085686 0.000000
vt 0.859159 0.116842 0.000000
vt 0.859159 0.084452 0.000000
vt 0.902274 0.116842 0.000000
vt 0.902274 0.084452 0.000000
vt 0.994747 0.145998 0.000000
vt 0.994747 0.116842 0.000000
vt 0.945538 0.116842 0.000000
vt 0.945538 0.145998 0.000000
vt 0.811155 0.143992 0.000000
vt 0.859159 0.145998 0.000000
vt 0.902274 0.145998 0.000000
vt 0.994747 0.084452 0.000000
vt 0.945538 0.084452 0.000000
vt 0.762119 0.139003 0.000000
vt 0.762119 0.093767 0.000000
vt 0.762119 0.116842 0.000000
vt 0.811155 0.116842 0.000000
vt 0.811155 0.085686 0.000000
vt 0.880717 0.116842 0.000000
vt 0.880717 0.084452 0.000000
vt 0.994747 0.145998 0.000000
vt 0.994747 0.116842 0.000000
vt 0.945538 0.116842 0.000000
vt 0.945538 0.145998 0.000000
vt 0.811155 0.143992 0.000000
vt 0.880717 0.145998 0.000000
vt 0.994747 0.084452 0.000000
vt 0.945538 0.084452 0.000000
vt 0.762119 0.139003 0.000000
vt 0.762119 0.093767 0.000000
vt 0.762119 0.116842 0.000000
vt 0.811155 0.116842 0.000000
vt 0.811155 0.085686 0.000000
vt 0.859159 0.116842 0.000000
vt 0.859159 0.084452 0.000000
vt 0.902274 0.116842 0.000000
vt 0.902274 0.084452 0.000000
vt 0.994747 0.145998 0.000000
vt 0.994747 0.116842 0.000000
vt 0.945538 0.116842 0.000000
vt 0.945538 0.145998 0.000000
vt 0.811155 0.143992 0.000000
vt 0.859159 0.145998 0.000000
vt 0.902274 0.145998 0.000000
vt 0.994747 0.084452 0.000000
vt 0.945538 0.084452 0.000000
vt 0.923906 0.084452 0.000000
vt 0.923906 0.116842 0.000000
vt 0.923906 0.145998 0.000000
vt 0.762119 0.139003 0.000000
vt 0.817116 0.182786 0.000000
vt 0.706514 0.116842 0.000000
vt 0.817116 0.182786 0.000000
vt 0.817116 0.182786 0.000000
vt 0.817116 0.182786 0.000000
vt 0.817116 0.182786 0.000000
vt 0.817116 0.182786 0.000000
vt 0.864979 0.202991 0.000000
vt 0.706514 0.116842 0.000000
vt 0.706514 0.116842 0.000000
vt 0.706514 0.116842 0.000000
vt 0.706514 0.116842 0.000000
vt 0.994747 0.157084 0.000000
vt 0.864979 0.160354 0.000000
vt 0.887414 0.158691 0.000000
vt 0.887502 0.182786 0.000000
vt 0.864979 0.182786 0.000000
vt 0.954377 0.157084 0.000000
vt 0.954377 0.182786 0.000000
vt 0.921113 0.182786 0.000000
vt 0.920982 0.157084 0.000000
vt 0.974562 0.182786 0.000000
vt 0.974562 0.206112 0.000000
vt 0.954377 0.206112 0.000000
vt 0.921149 0.206112 0.000000
vt 0.887526 0.204566 0.000000
vt 0.974562 0.157084 0.000000
vt 0.762119 0.093767 0.000000
vt 0.811155 0.085686 0.000000
vt 0.811155 0.116842 0.000000
vt 0.762119 0.116842 0.000000
vt 0.859159 0.116842 0.000000
vt 0.859159 0.084452 0.000000
vt 0.902274 0.084452 0.000000
vt 0.902274 0.116842 0.000000
vt 0.994747 0.145998 0.000000
vt 0.945538 0.145998 0.000000
vt 0.945538 0.116842 0.000000
vt 0.994747 0.116842 0.000000
vt 0.811155 0.143992 0.000000
vt 0.859159 0.145998 0.000000
vt 0.902274 0.145998 0.000000
vt 0.994747 0.084452 0.000000
vt 0.945538 0.084452 0.000000
vt 0.762119 0.139003 0.000000
vt 0.864979 0.202991 0.000000
vt 0.994747 0.206112 0.000000
vt 0.994747 0.182786 0.000000
vt 0.864979 0.160354 0.000000
vt 0.887414 0.158691 0.000000
vt 0.887502 0.182786 0.000000
vt 0.864979 0.182786 0.000000
vt 0.954377 0.157084 0.000000
vt 0.954377 0.182786 0.000000
vt 0.921113 0.182786 0.000000
vt 0.920982 0.157084 0.000000
vt 0.974562 0.182786 0.000000
vt 0.974562 0.206112 0.000000
vt 0.954377 0.206112 0.000000
vt 0.921149 0.206112 0.000000
vt 0.887526 0.204566 0.000000
vt 0.974562 0.157084 0.000000
vt 0.864979 0.202991 0.000000
vt 0.994747 0.206112 0.000000
vt 0.994747 0.182786 0.000000
vt 0.994747 0.157084 0.000000
vt 0.864979 0.160354 0.000000
vt 0.887414 0.158691 0.000000
vt 0.887502 0.182786 0.000000
vt 0.864979 0.182786 0.000000
vt 0.943289 0.182786 0.000000
vt 0.974562 0.182786 0.000000
vt 0.974562 0.206112 0.000000
vt 0.943301 0.206112 0.000000
vt 0.910024 0.182786 0.000000
vt 0.910073 0.206112 0.000000
vt 0.887526 0.204566 0.000000
vt 0.943246 0.157084 0.000000
vt 0.974562 0.157084 0.000000
vt 0.909850 0.157084 0.000000
vt 0.864979 0.202991 0.000000
vt 0.994747 0.206112 0.000000
vt 0.994747 0.182786 0.000000
vt 0.994747 0.157084 0.000000
vt 0.864979 0.160354 0.000000
vt 0.887414 0.158691 0.000000
vt 0.887502 0.182786 0.000000
vt 0.864979 0.182786 0.000000
vt 0.964470 0.157084 0.000000
vt 0.964470 0.182786 0.000000
vt 0.921113 0.182786 0.000000
vt 0.920982 0.157084 0.000000
vt 0.921149 0.206112 0.000000
vt 0.887526 0.204566 0.000000
vt 0.964470 0.206112 0.000000
vt 0.864979 0.202991 0.000000
vt 0.994747 0.206112 0.000000
vt 0.994747 0.182786 0.000000
vt 0.994747 0.157084 0.000000
vt 0.864979 0.160354 0.000000
vt 0.887414 0.158691 0.000000
vt 0.887502 0.182786 0.000000
vt 0.864979 0.182786 0.000000
vt 0.964470 0.157084 0.000000
vt 0.964470 0.182786 0.000000
vt 0.921113 0.182786 0.000000
vt 0.920982 0.157084 0.000000
vt 0.921149 0.206112 0.000000
vt 0.887526 0.204566 0.000000
vt 0.964470 0.206112 0.000000
vt 0.864979 0.202991 0.000000
vt 0.994747 0.206112 0.000000
vt 0.994747 0.182786 0.000000
vt 0.994747 0.157084 0.000000
vt 0.864979 0.160354 0.000000
vt 0.887414 0.158691 0.000000
vt 0.887502 0.182786 0.000000
vt 0.864979 0.182786 0.000000
vt 0.964470 0.157084 0.000000
vt 0.964470 0.182786 0.000000
vt 0.921113 0.182786 0.000000
vt 0.920982 0.157084 0.000000
vt 0.921149 0.206112 0.000000
vt 0.887526 0.204566 0.000000
vt 0.964470 0.206112 0.000000
vt 0.979609 0.206112 0.000000
vt 0.979609 0.182786 0.000000
vt 0.979609 0.157084 0.000000
vt 0.994747 0.206112 0.000000
vt 0.994747 0.182786 0.000000
vt 0.994747 0.157084 0.000000
vt 0.762119 0.093767 0.000000
vt 0.811155 0.085686 0.000000
vt 0.811155 0.116842 0.000000
vt 0.762119 0.116842 0.000000
vt 0.859159 0.116842 0.000000
vt 0.859159 0.084452 0.000000
vt 0.902274 0.084452 0.000000
vt 0.902274 0.116842 0.000000
vt 0.994747 0.145998 0.000000
vt 0.945538 0.145998 0.000000
vt 0.945538 0.116842 0.000000
vt 0.994747 0.116842 0.000000
vt 0.811155 0.143992 0.000000
vt 0.859159 0.145998 0.000000
vt 0.902274 0.145998 0.000000
vt 0.994747 0.084452 0.000000
vt 0.945538 0.084452 0.000000
vt 0.762119 0.139003 0.000000
vt 0.762119 0.093767 0.000000
vt 0.811155 0.085686 0.000000
vt 0.811155 0.116842 0.000000
vt 0.762119 0.116842 0.000000
vt 0.859159 0.116842 0.000000
vt 0.859159 0.084452 0.000000
vt 0.902274 0.084452 0.000000
vt 0.902274 0.116842 0.000000
vt 0.994747 0.145998 0.000000
vt 0.945538 0.145998 0.000000
vt 0.945538 0.116842 0.000000
vt 0.994747 0.116842 0.000000
vt 0.811155 0.143992 0.000000
vt 0.859159 0.145998 0.000000
vt 0.902274 0.145998 0.000000
vt 0.994747 0.084452 0.000000
vt 0.945538 0.084452 0.000000
vt 0.762119 0.139003 0.000000
vt 0.762119 0.093767 0.000000
vt 0.811155 0.085686 0.000000
vt 0.811155 0.116842 0.000000
vt 0.762119 0.116842 0.000000
vt 0.880717 0.116842 0.000000
vt 0.880717 0.084452 0.000000
vt 0.994747 0.145998 0.000000
vt 0.945538 0.145998 0.000000
vt 0.945538 0.116842 0.000000
vt 0.994747 0.116842 0.000000
vt 0.811155 0.143992 0.000000
vt 0.880717 0.145998 0.000000
vt 0.994747 0.084452 0.000000
vt 0.945538 0.084452 0.000000
vt 0.762119 0.139003 0.000000
vt 0.762119 0.093767 0.000000
vt 0.811155 0.085686 0.000000
vt 0.811155 0.116842 0.000000
vt 0.762119 0.116842 0.000000
vt 0.859159 0.116842 0.000000
vt 0.859159 0.084452 0.000000
vt 0.902274 0.084452 0.000000
vt 0.902274 0.116842 0.000000
vt 0.994747 0.145998 0.000000
vt 0.945538 0.145998 0.000000
vt 0.945538 0.116842 0.000000
vt 0.994747 0.116842 0.000000
vt 0.811155 0.143992 0.000000
vt 0.859159 0.145998 0.000000
vt 0.902274 0.145998 0.000000
vt 0.994747 0.084452 0.000000
vt 0.945538 0.084452 0.000000
vt 0.923906 0.116842 0.000000
vt 0.923906 0.084452 0.000000
vt 0.923906 0.145998 0.000000
vt 0.762119 0.139003 0.000000
vt 0.817116 0.182786 0.000000
vt 0.706514 0.116842 0.000000
vt 0.817116 0.182786 0.000000
vt 0.817116 0.182786 0.000000
vt 0.817116 0.182786 0.000000
vt 0.817116 0.182786 0.000000
vt 0.817116 0.182786 0.000000
vt 0.864979 0.202991 0.000000
vt 0.706514 0.116842 0.000000
vt 0.706514 0.116842 0.000000
vt 0.706514 0.116842 0.000000
vt 0.706514 0.116842 0.000000
vt 0.994747 0.157084 0.000000
vt 0.864979 0.160354 0.000000
vt 0.864979 0.182786 0.000000
vt 0.887502 0.182786 0.000000
vt 0.887414 0.158691 0.000000
vt 0.942792 0.182786 0.000000
vt 0.887526 0.204566 0.000000
vt 0.942810 0.206112 0.000000
vt 0.942726 0.157084 0.000000
vt 0.864979 0.202991 0.000000
vt 0.994747 0.206112 0.000000
vt 0.994747 0.182786 0.000000
vt 0.994747 0.157084 0.000000
vt 0.762119 0.093767 0.000000
vt 0.762119 0.116842 0.000000
vt 0.811155 0.116842 0.000000
vt 0.811155 0.085686 0.000000
vt 0.880717 0.116842 0.000000
vt 0.880717 0.084452 0.000000
vt 0.994747 0.145998 0.000000
vt 0.994747 0.116842 0.000000
vt 0.945538 0.116842 0.000000
vt 0.945538 0.145998 0.000000
vt 0.811155 0.143992 0.000000
vt 0.880717 0.145998 0.000000
vt 0.994747 0.084452 0.000000
vt 0.945538 0.084452 0.000000
vt 0.762119 0.139003 0.000000
vt 0.817116 0.182786 0.000000
vt 0.706514 0.116842 0.000000
vt 0.864979 0.160354 0.000000
vt 0.887414 0.158691 0.000000
vt 0.887502 0.182786 0.000000
vt 0.864979 0.182786 0.000000
vt 0.942792 0.182786 0.000000
vt 0.942810 0.206112 0.000000
vt 0.887526 0.204566 0.000000
vt 0.942726 0.157084 0.000000
vt 0.864979 0.202991 0.000000
vt 0.994747 0.206112 0.000000
vt 0.994747 0.182786 0.000000
vt 0.994747 0.157084 0.000000
vt 0.762119 0.093767 0.000000
vt 0.811155 0.085686 0.000000
vt 0.811155 0.116842 0.000000
vt 0.762119 0.116842 0.000000
vt 0.880717 0.116842 0.000000
vt 0.880717 0.084452 0.000000
vt 0.994747 0.145998 0.000000
vt 0.945538 0.145998 0.000000
vt 0.945538 0.116842 0.000000
vt 0.994747 0.116842 0.000000
vt 0.811155 0.143992 0.000000
vt 0.880717 0.145998 0.000000
vt 0.994747 0.084452 0.000000
vt 0.945538 0.084452 0.000000
vt 0.762119 0.139003 0.000000
vt 0.817116 0.182786 0.000000
vt 0.706514 0.116842 0.000000
vt 0.864979 0.160354 0.000000
vt 0.864979 0.182786 0.000000
vt 0.904307 0.182786 0.000000
vt 0.904198 0.157084 0.000000
vt 0.964470 0.157084 0.000000
vt 0.964470 0.182786 0.000000
vt 0.904338 0.206112 0.000000
vt 0.964470 0.206112 0.000000
vt 0.864979 0.202991 0.000000
vt 0.994747 0.206112 0.000000
vt 0.994747 0.182786 0.000000
vt 0.994747 0.157084 0.000000
vt 0.864985 0.182786 0.000000
vt 0.904198 0.157084 0.000000
vt 0.864979 0.160354 0.000000
vt 0.964470 0.157084 0.000000
vt 0.904307 0.182786 0.000000
vt 0.964470 0.182786 0.000000
vt 0.817116 0.182786 0.000000
vt 0.864979 0.160354 0.000000
vt 0.994747 0.182786 0.000000
vt 0.994747 0.157084 0.000000
vt 0.868799 0.182786 0.000000
vt 0.864979 0.160354 0.000000
vt 0.904198 0.157084 0.000000
vt 0.904307 0.182786 0.000000
vt 0.864979 0.182786 0.000000
vt 0.964470 0.157084 0.000000
vt 0.964470 0.182786 0.000000
vt 0.964470 0.206112 0.000000
vt 0.904338 0.206112 0.000000
vt 0.864979 0.202991 0.000000
vt 0.994747 0.206112 0.000000
vt 0.994747 0.182786 0.000000
vt 0.994747 0.157084 0.000000
vt 0.904198 0.157084 0.000000
vt 0.964470 0.157084 0.000000
vt 0.994747 0.157084 0.000000
vt 0.817116 0.182786 0.000000
vt 0.817116 0.182786 0.000000
vt 0.402025 0.422289 0.000000
vt 0.385330 0.422289 0.000000
vt 0.385330 0.392790 0.000000
vt 0.405436 0.392790 0.000000
vt 0.367520 0.306228 0.000000
vt 0.385330 0.306228 0.000000
vt 0.385330 0.334240 0.000000
vt 0.363769 0.334240 0.000000
vt 0.385330 0.363922 0.000000
vt 0.363769 0.363922 0.000000
vt 0.369628 0.422289 0.000000
vt 0.365815 0.392790 0.000000
vt 0.402025 0.306228 0.000000
vt 0.407142 0.334240 0.000000
vt 0.407142 0.363922 0.000000
vt 0.385330 0.392790 0.000000
vt 0.402025 0.422289 0.000000
vt 0.385330 0.422289 0.000000
vt 0.367520 0.306228 0.000000
vt 0.385330 0.306228 0.000000
vt 0.385330 0.334240 0.000000
vt 0.363769 0.334240 0.000000
vt 0.385330 0.363922 0.000000
vt 0.363769 0.363922 0.000000
vt 0.369628 0.422289 0.000000
vt 0.365815 0.392790 0.000000
vt 0.402025 0.306228 0.000000
vt 0.407142 0.334240 0.000000
vt 0.407142 0.363922 0.000000
vt 0.405436 0.392790 0.000000
vt 0.402025 0.422289 0.000000
vt 0.385330 0.422289 0.000000
vt 0.385330 0.392790 0.000000
vt 0.405436 0.392790 0.000000
vt 0.367520 0.306228 0.000000
vt 0.385330 0.306228 0.000000
vt 0.385330 0.334240 0.000000
vt 0.363769 0.334240 0.000000
vt 0.385330 0.363922 0.000000
vt 0.363769 0.363922 0.000000
vt 0.369628 0.422289 0.000000
vt 0.365815 0.392790 0.000000
vt 0.402025 0.306228 0.000000
vt 0.407142 0.334240 0.000000
vt 0.407142 0.363922 0.000000
vt 0.402025 0.422289 0.000000
vt 0.385330 0.422289 0.000000
vt 0.385330 0.392790 0.000000
vt 0.405436 0.392790 0.000000
vt 0.367520 0.306228 0.000000
vt 0.385330 0.306228 0.000000
vt 0.385330 0.334240 0.000000
vt 0.363769 0.334240 0.000000
vt 0.385330 0.363922 0.000000
vt 0.363769 0.363922 0.000000
vt 0.369628 0.422289 0.000000
vt 0.365815 0.392790 0.000000
vt 0.402025 0.306228 0.000000
vt 0.407142 0.334240 0.000000
vt 0.407142 0.363922 0.000000
vt 0.385700 0.268013 0.000000
vt 0.385700 0.268013 0.000000
vt 0.385700 0.268013 0.000000
vt 0.385700 0.268013 0.000000
vt 0.447420 0.386308 0.000000
vt 0.423547 0.386308 0.000000
vt 0.423547 0.372243 0.000000
vt 0.447420 0.367833 0.000000
vt 0.480839 0.386308 0.000000
vt 0.494479 0.409093 0.000000
vt 0.467199 0.409093 0.000000
vt 0.467199 0.364813 0.000000
vt 0.494479 0.362942 0.000000
vt 0.447420 0.406648 0.000000
vt 0.529567 0.386308 0.000000
vt 0.529567 0.402189 0.000000
vt 0.529567 0.368046 0.000000
vt 0.423547 0.402869 0.000000
vt 0.447420 0.386308 0.000000
vt 0.423547 0.386308 0.000000
vt 0.423547 0.372243 0.000000
vt 0.447420 0.367833 0.000000
vt 0.480839 0.386308 0.000000
vt 0.494479 0.409093 0.000000
vt 0.467199 0.409093 0.000000
vt 0.467199 0.364813 0.000000
vt 0.494479 0.362942 0.000000
vt 0.447420 0.406648 0.000000
vt 0.529567 0.386308 0.000000
vt 0.529567 0.402189 0.000000
vt 0.529567 0.368046 0.000000
vt 0.423547 0.402869 0.000000
vt 0.447420 0.386308 0.000000
vt 0.423547 0.386308 0.000000
vt 0.423547 0.372243 0.000000
vt 0.447420 0.367833 0.000000
vt 0.480839 0.386308 0.000000
vt 0.494479 0.409093 0.000000
vt 0.467199 0.409093 0.000000
vt 0.467199 0.364813 0.000000
vt 0.494479 0.362942 0.000000
vt 0.447420 0.406648 0.000000
vt 0.529567 0.386308 0.000000
vt 0.529567 0.402189 0.000000
vt 0.529567 0.368046 0.000000
vt 0.423547 0.402869 0.000000
vt 0.447420 0.386308 0.000000
vt 0.447420 0.367833 0.000000
vt 0.423547 0.372243 0.000000
vt 0.423547 0.386308 0.000000
vt 0.494479 0.409093 0.000000
vt 0.480839 0.386308 0.000000
vt 0.467199 0.409093 0.000000
vt 0.467199 0.364813 0.000000
vt 0.494479 0.362942 0.000000
vt 0.447420 0.406648 0.000000
vt 0.529567 0.402189 0.000000
vt 0.529567 0.386308 0.000000
vt 0.529567 0.368046 0.000000
vt 0.423547 0.402869 0.000000
vt 0.447420 0.386308 0.000000
vt 0.447420 0.367833 0.000000
vt 0.423547 0.372243 0.000000
vt 0.423547 0.386308 0.000000
vt 0.494479 0.409093 0.000000
vt 0.480839 0.386308 0.000000
vt 0.467199 0.409093 0.000000
vt 0.467199 0.364813 0.000000
vt 0.494479 0.362942 0.000000
vt 0.447420 0.406648 0.000000
vt 0.529567 0.402189 0.000000
vt 0.529567 0.386308 0.000000
vt 0.529567 0.368046 0.000000
vt 0.423547 0.402869 0.000000
vt 0.447420 0.386308 0.000000
vt 0.447420 0.367833 0.000000
vt 0.423547 0.372243 0.000000
vt 0.423547 0.386308 0.000000
vt 0.494479 0.409093 0.000000
vt 0.480839 0.386308 0.000000
vt 0.467199 0.409093 0.000000
vt 0.467199 0.364813 0.000000
vt 0.494479 0.362942 0.000000
vt 0.447420 0.406648 0.000000
vt 0.529567 0.402189 0.000000
vt 0.529567 0.386308 0.000000
vt 0.529567 0.368046 0.000000
vt 0.423547 0.402869 0.000000
vt 0.567339 0.386308 0.000000
vt 0.567339 0.386308 0.000000
vt 0.567339 0.386308 0.000000
vt 0.567339 0.386308 0.000000
vt 0.567339 0.386308 0.000000
vt 0.567339 0.386308 0.000000
vt 0.423547 0.372243 0.000000
vt 0.423547 0.386308 0.000000
vt 0.447420 0.386308 0.000000
vt 0.447420 0.367833 0.000000
vt 0.494479 0.386308 0.000000
vt 0.467199 0.386308 0.000000
vt 0.467199 0.409093 0.000000
vt 0.494479 0.409093 0.000000
vt 0.494479 0.362942 0.000000
vt 0.467199 0.364813 0.000000
vt 0.447420 0.406648 0.000000
vt 0.529567 0.386308 0.000000
vt 0.529567 0.402189 0.000000
vt 0.529567 0.368046 0.000000
vt 0.423547 0.402869 0.000000
vt 0.423547 0.372243 0.000000
vt 0.423547 0.386308 0.000000
vt 0.447420 0.386308 0.000000
vt 0.447420 0.367833 0.000000
vt 0.467199 0.409093 0.000000
vt 0.494479 0.409093 0.000000
vt 0.494479 0.386308 0.000000
vt 0.467199 0.386308 0.000000
vt 0.494479 0.362942 0.000000
vt 0.467199 0.364813 0.000000
vt 0.447420 0.406648 0.000000
vt 0.529567 0.386308 0.000000
vt 0.529567 0.402189 0.000000
vt 0.529567 0.368046 0.000000
vt 0.423547 0.402869 0.000000
vt 0.423547 0.372243 0.000000
vt 0.423547 0.386308 0.000000
vt 0.447420 0.386308 0.000000
vt 0.447420 0.367833 0.000000
vt 0.494479 0.386308 0.000000
vt 0.467199 0.386308 0.000000
vt 0.467199 0.409093 0.000000
vt 0.494479 0.409093 0.000000
vt 0.494479 0.362942 0.000000
vt 0.467199 0.364813 0.000000
vt 0.447420 0.406648 0.000000
vt 0.529567 0.386308 0.000000
vt 0.529567 0.402189 0.000000
vt 0.529567 0.368046 0.000000
vt 0.423547 0.402869 0.000000
vt 0.423547 0.372243 0.000000
vt 0.423547 0.386308 0.000000
vt 0.447420 0.386308 0.000000
vt 0.447420 0.367833 0.000000
vt 0.494479 0.386308 0.000000
vt 0.467199 0.386308 0.000000
vt 0.467199 0.409093 0.000000
vt 0.494479 0.409093 0.000000
vt 0.494479 0.362942 0.000000
vt 0.467199 0.364813 0.000000
vt 0.457239 0.386308 0.000000
vt 0.457388 0.407807 0.000000
vt 0.529567 0.386308 0.000000
vt 0.529567 0.402189 0.000000
vt 0.529567 0.368046 0.000000
vt 0.423547 0.402869 0.000000
vt 0.447420 0.406648 0.000000
vt 0.457303 0.366323 0.000000
vt 0.567339 0.386308 0.000000
vt 0.567339 0.386308 0.000000
vt 0.567339 0.386308 0.000000
vt 0.567339 0.386308 0.000000
vt 0.423547 0.372243 0.000000
vt 0.447420 0.367833 0.000000
vt 0.447420 0.386308 0.000000
vt 0.423547 0.386308 0.000000
vt 0.494479 0.386308 0.000000
vt 0.494479 0.409093 0.000000
vt 0.467199 0.409093 0.000000
vt 0.467199 0.386308 0.000000
vt 0.467199 0.364813 0.000000
vt 0.494479 0.362942 0.000000
vt 0.447420 0.406648 0.000000
vt 0.529567 0.386308 0.000000
vt 0.529567 0.402189 0.000000
vt 0.529567 0.368046 0.000000
vt 0.423547 0.402869 0.000000
vt 0.423547 0.372243 0.000000
vt 0.447420 0.367833 0.000000
vt 0.447420 0.386308 0.000000
vt 0.423547 0.386308 0.000000
vt 0.467199 0.409093 0.000000
vt 0.494479 0.386308 0.000000
vt 0.494479 0.409093 0.000000
vt 0.467199 0.386308 0.000000
vt 0.467199 0.364813 0.000000
vt 0.494479 0.362942 0.000000
vt 0.447420 0.406648 0.000000
vt 0.529567 0.386308 0.000000
vt 0.529567 0.402189 0.000000
vt 0.529567 0.368046 0.000000
vt 0.423547 0.402869 0.000000
vt 0.423547 0.372243 0.000000
vt 0.447420 0.367833 0.000000
vt 0.447420 0.386308 0.000000
vt 0.423547 0.386308 0.000000
vt 0.494479 0.386308 0.000000
vt 0.494479 0.409093 0.000000
vt 0.467199 0.409093 0.000000
vt 0.467199 0.386308 0.000000
vt 0.467199 0.364813 0.000000
vt 0.494479 0.362942 0.000000
vt 0.447420 0.406648 0.000000
vt 0.529567 0.386308 0.000000
vt 0.529567 0.402189 0.000000
vt 0.529567 0.368046 0.000000
vt 0.423547 0.402869 0.000000
vt 0.423547 0.372243 0.000000
vt 0.447420 0.367833 0.000000
vt 0.447420 0.386308 0.000000
vt 0.423547 0.386308 0.000000
vt 0.494479 0.386308 0.000000
vt 0.494479 0.409093 0.000000
vt 0.467199 0.409093 0.000000
vt 0.467199 0.386308 0.000000
vt 0.467199 0.364813 0.000000
vt 0.494479 0.362942 0.000000
vt 0.457388 0.407807 0.000000
vt 0.457239 0.386308 0.000000
vt 0.529567 0.386308 0.000000
vt 0.529567 0.402189 0.000000
vt 0.529567 0.368046 0.000000
vt 0.423547 0.402869 0.000000
vt 0.447420 0.406648 0.000000
vt 0.457303 0.366323 0.000000
vt 0.567339 0.386308 0.000000
vt 0.567339 0.386308 0.000000
vt 0.567339 0.386308 0.000000
vt 0.567339 0.386308 0.000000
usemtl Material_11
f 4405/4405 4406/4406 4407/4407
f 4407/4407 4408/4408 4405/4405
f 4409/4409 4410/4410 4411/4411
f 4411/4411 4412/4412 4409/4409
f 4412/4412 4413/4413 4414/4414
f 4414/4414 4415/4415 4412/4412
f 4411/4411 4407/4407 4416/4416
f 4416/4416 4417/4417 4411/4411
f 4412/4412 4411/4411 4417/4417
f 4417/4417 4413/4413 4412/4412
f 4412/4412 4415/4415 4418/4418
f 4418/4418 4409/4409 4412/4412
f 4419/4419 4420/4420 4421/4421
f 4421/4421 4422/4422 4419/4419
f 4423/4423 4424/4424 4422/4422
f 4422/4422 4421/4421 4423/4423
f 4424/4424 4423/4423 4425/4425
f 4425/4425 4426/4426 4424/4424
f 4427/4427 4428/4428 4429/4429
f 4429/4429 4430/4430 4427/4427
f 4431/4431 4432/4432 4423/4423
f 4423/4423 4421/4421 4431/4431
f 4432/4432 4433/4433 4425/4425
f 4425/4425 4423/4423 4432/4432
f 4434/4434 4435/4435 4429/4429
f 4429/4429 4428/4428 4434/4434
f 4425/4425 4429/4429 4435/4435
f 4435/4435 4426/4426 4425/4425
f 4433/4433 4430/4430 4429/4429
f 4429/4429 4425/4425 4433/4433
f 4436/4436 4431/4431 4421/4421
f 4421/4421 4420/4420 4436/4436
f 4411/4411 4410/4410 4408/4408
f 4408/4408 4407/4407 4411/4411
f 4407/4407 4406/4406 4437/4437
f 4437/4437 4416/4416 4407/4407
f 4438/4438 4439/4439 4415/4415
f 4415/4415 4414/4414 4438/4438
f 4440/4440 4441/4441 4442/4442
f 4442/4442 4443/4443 4440/4440
f 4444/4444 4445/4445 4446/4446
f 4446/4446 4447/4447 4444/4444
f 4447/4447 4448/4448 4449/4449
f 4449/4449 4450/4450 4447/4447
f 4446/4446 4442/4442 4451/4451
f 4451/4451 4452/4452 4446/4446
f 4447/4447 4446/4446 4452/4452
f 4452/4452 4448/4448 4447/4447
f 4447/4447 4450/4450 4453/4453
f 4453/4453 4444/4444 4447/4447
f 4446/4446 4445/4445 4443/4443
f 4443/4443 4442/4442 4446/4446
f 4442/4442 4441/4441 4454/4454
f 4454/4454 4451/4451 4442/4442
f 4455/4455 4456/4456 4450/4450
f 4450/4450 4449/4449 4455/4455
f 4450/4450 4456/4456 4457/4457
f 4457/4457 4453/4453 4450/4450
f 4458/4458 4459/4459 4460/4460
f 4460/4460 4461/4461 4458/4458
f 4462/4462 4463/4463 4464/4464
f 4464/4464 4465/4465 4462/4462
f 4466/4466 4460/4460 4467/4467
f 4467/4467 4468/4468 4466/4466
f 4462/4462 4465/4465 4469/4469
f 4469/4469 4470/4470 4462/4462
f 4470/4470 4471/4471 4466/4466
f 4466/4466 4462/4462 4470/4470
f 4462/4462 4466/4466 4468/4468
f 4468/4468 4463/4463 4462/4462
f 4466/4466 4471/4471 4461/4461
f 4461/4461 4460/4460 4466/4466
f 4460/4460 4459/4459 4472/4472
f 4472/4472 4467/4467 4460/4460
f 4473/4473 4474/4474 4465/4465
f 4465/4465 4464/4464 4473/4473
f 4465/4465 4474/4474 4475/4475
f 4475/4475 4469/4469 4465/4465
f 4476/4476 4477/4477 4478/4478
f 4478/4478 4479/4479 4476/4476
f 4480/4480 4481/4481 4482/4482
f 4482/4482 4483/4483 4480/4480
f 4482/4482 4478/4478 4484/4484
f 4484/4484 4485/4485 4482/4482
f 4483/4483 4482/4482 4485/4485
f 4485/4485 4486/4486 4483/4483
f 4482/4482 4481/4481 4479/4479
f 4479/4479 4478/4478 4482/4482
f 4478/4478 4477/4477 4487/4487
f 4487/4487 4484/4484 4478/4478
f 4488/4488 4489/4489 4483/4483
f 4483/4483 4486/4486 4488/4488
f 4483/4483 4489/4489 4490/4490
f 4490/4490 4480/4480 4483/4483
f 4491/4491 4492/4492 4493/4493
f 4493/4493 4494/4494 4491/4491
f 4495/4495 4496/4496 4497/4497
f 4497/4497 4498/4498 4495/4495
f 4497/4497 4493/4493 4499/4499
f 4499/4499 4500/4500 4497/4497
f 4498/4498 4497/4497 4500/4500
f 4500/4500 4501/4501 4498/4498
f 4497/4497 4496/4496 4494/4494
f 4494/4494 4493/4493 4497/4497
f 4493/4493 4492/4492 4502/4502
f 4502/4502 4499/4499 4493/4493
f 4503/4503 4504/4504 4498/4498
f 4498/4498 4501/4501 4503/4503
f 4498/4498 4504/4504 4505/4505
f 4505/4505 4495/4495 4498/4498
f 4506/4506 4507/4507 4508/4508
f 4508/4508 4509/4509 4506/4506
f 4510/4510 4511/4511 4512/4512
f 4512/4512 4513/4513 4510/4510
f 4512/4512 4508/4508 4514/4514
f 4514/4514 4515/4515 4512/4512
f 4513/4513 4512/4512 4515/4515
f 4515/4515 4516/4516 4513/4513
f 4512/4512 4511/4511 4509/4509
f 4509/4509 4508/4508 4512/4512
f 4517/4517 4518/4518 4513/4513
f 4513/4513 4516/4516 4517/4517
f 4518/4518 4519/4519 4510/4510
f 4510/4510 4513/4513 4518/4518
f 4520/4520 4521/4521 4518/4518
f 4518/4518 4517/4517 4520/4520
f 4521/4521 4522/4522 4519/4519
f 4519/4519 4518/4518 4521/4521
f 4523/4523 4524/4524 4525/4525
f 4525/4525 4526/4526 4523/4523
f 4527/4527 4528/4528 4526/4526
f 4526/4526 4525/4525 4527/4527
f 4528/4528 4527/4527 4529/4529
f 4529/4529 4530/4530 4528/4528
f 4531/4531 4532/4532 4533/4533
f 4533/4533 4534/4534 4531/4531
f 4535/4535 4536/4536 4527/4527
f 4527/4527 4525/4525 4535/4535
f 4536/4536 4537/4537 4529/4529
f 4529/4529 4527/4527 4536/4536
f 4538/4538 4539/4539 4533/4533
f 4533/4533 4532/4532 4538/4538
f 4529/4529 4533/4533 4539/4539
f 4539/4539 4530/4530 4529/4529
f 4537/4537 4534/4534 4533/4533
f 4533/4533 4529/4529 4537/4537
f 4540/4540 4535/4535 4525/4525
f 4525/4525 4524/4524 4540/4540
f 4541/4541 4542/4542 4543/4543
f 4543/4543 4544/4544 4541/4541
f 4545/4545 4546/4546 4544/4544
f 4544/4544 4543/4543 4545/4545
f 4546/4546 4545/4545 4547/4547
f 4547/4547 4548/4548 4546/4546
f 4549/4549 4550/4550 4551/4551
f 4551/4551 4552/4552 4549/4549
f 4553/4553 4554/4554 4545/4545
f 4545/4545 4543/4543 4553/4553
f 4554/4554 4555/4555 4547/4547
f 4547/4547 4545/4545 4554/4554
f 4556/4556 4557/4557 4551/4551
f 4551/4551 4550/4550 4556/4556
f 4547/4547 4551/4551 4557/4557
f 4557/4557 4548/4548 4547/4547
f 4555/4555 4552/4552 4551/4551
f 4551/4551 4547/4547 4555/4555
f 4558/4558 4553/4553 4543/4543
f 4543/4543 4542/4542 4558/4558
f 4559/4559 4560/4560 4561/4561
f 4561/4561 4562/4562 4559/4559
f 4563/4563 4564/4564 4562/4562
f 4562/4562 4561/4561 4563/4563
f 4565/4565 4566/4566 4567/4567
f 4567/4567 4568/4568 4565/4565
f 4569/4569 4570/4570 4563/4563
f 4563/4563 4561/4561 4569/4569
f 4571/4571 4572/4572 4567/4567
f 4567/4567 4566/4566 4571/4571
f 4563/4563 4567/4567 4572/4572
f 4572/4572 4564/4564 4563/4563
f 4570/4570 4568/4568 4567/4567
f 4567/4567 4563/4563 4570/4570
f 4573/4573 4569/4569 4561/4561
f 4561/4561 4560/4560 4573/4573
f 4574/4574 4575/4575 4576/4576
f 4576/4576 4577/4577 4574/4574
f 4578/4578 4579/4579 4577/4577
f 4577/4577 4576/4576 4578/4578
f 4579/4579 4578/4578 4580/4580
f 4580/4580 4581/4581 4579/4579
f 4582/4582 4583/4583 4584/4584
f 4584/4584 4585/4585 4582/4582
f 4586/4586 4587/4587 4578/4578
f 4578/4578 4576/4576 4586/4586
f 4587/4587 4588/4588 4580/4580
f 4580/4580 4578/4578 4587/4587
f 4589/4589 4590/4590 4584/4584
f 4584/4584 4583/4583 4589/4589
f 4590/4590 4591/4591 4592/4592
f 4592/4592 4584/4584 4590/4590
f 4584/4584 4592/4592 4593/4593
f 4593/4593 4585/4585 4584/4584
f 4594/4594 4586/4586 4576/4576
f 4576/4576 4575/4575 4594/4594
f 4591/4591 4581/4581 4580/4580
f 4580/4580 4592/4592 4591/4591
f 4592/4592 4580/4580 4588/4588
f 4588/4588 4593/4593 4592/4592
f 4405/4405 4595/4595 4406/4406
f 4595/4595 4437/4437 4406/4406
f 4596/4596 4436/4436 4420/4420
f 4419/4419 4596/4596 4420/4420
f 4415/4415 4439/4439 4418/4418
f 4440/4440 4597/4597 4441/4441
f 4597/4597 4454/4454 4441/4441
f 4458/4458 4598/4598 4459/4459
f 4598/4598 4472/4472 4459/4459
f 4476/4476 4599/4599 4477/4477
f 4599/4599 4487/4487 4477/4477
f 4491/4491 4600/4600 4492/4492
f 4600/4600 4502/4502 4492/4492
f 4506/4506 4601/4601 4507/4507
f 4601/4601 4602/4602 4507/4507
f 4508/4508 4602/4602 4514/4514
f 4508/4508 4507/4507 4602/4602
f 4603/4603 4540/4540 4524/4524
f 4523/4523 4603/4603 4524/4524
f 4604/4604 4558/4558 4542/4542
f 4541/4541 4604/4604 4542/4542
f 4605/4605 4573/4573 4560/4560
f 4559/4559 4605/4605 4560/4560
f 4606/4606 4594/4594 4575/4575
f 4574/4574 4606/4606 4575/4575
f 4439/4439 4607/4607 4418/4418
f 4608/4608 4609/4609 4610/4610
f 4610/4610 4611/4611 4608/4608
f 4612/4612 4613/4613 4614/4614
f 4614/4614 4615/4615 4612/4612
f 4613/4613 4616/4616 4617/4617
f 4617/4617 4618/4618 4613/4613
f 4614/4614 4619/4619 4620/4620
f 4620/4620 4610/4610 4614/4614
f 4613/4613 4618/4618 4619/4619
f 4619/4619 4614/4614 4613/4613
f 4613/4613 4612/4612 4621/4621
f 4621/4621 4616/4616 4613/4613
f 4622/4622 4623/4623 4624/4624
f 4624/4624 4625/4625 4622/4622
f 4626/4626 4624/4624 4623/4623
f 4623/4623 4627/4627 4626/4626
f 4627/4627 4628/4628 4629/4629
f 4629/4629 4626/4626 4627/4627
f 4630/4630 4631/4631 4632/4632
f 4632/4632 4633/4633 4630/4630
f 4634/4634 4624/4624 4626/4626
f 4626/4626 4635/4635 4634/4634
f 4635/4635 4626/4626 4629/4629
f 4629/4629 4636/4636 4635/4635
f 4637/4637 4633/4633 4632/4632
f 4632/4632 4638/4638 4637/4637
f 4629/4629 4628/4628 4638/4638
f 4638/4638 4632/4632 4629/4629
f 4636/4636 4629/4629 4632/4632
f 4632/4632 4631/4631 4636/4636
f 4639/4639 4625/4625 4624/4624
f 4624/4624 4634/4634 4639/4639
f 4614/4614 4610/4610 4609/4609
f 4609/4609 4615/4615 4614/4614
f 4610/4610 4620/4620 4640/4640
f 4640/4640 4611/4611 4610/4610
f 4641/4641 4617/4617 4616/4616
f 4616/4616 4642/4642 4641/4641
f 4643/4643 4644/4644 4645/4645
f 4645/4645 4646/4646 4643/4643
f 4647/4647 4648/4648 4649/4649
f 4649/4649 4650/4650 4647/4647
f 4648/4648 4651/4651 4652/4652
f 4652/4652 4653/4653 4648/4648
f 4649/4649 4654/4654 4655/4655
f 4655/4655 4645/4645 4649/4649
f 4648/4648 4653/4653 4654/4654
f 4654/4654 4649/4649 4648/4648
f 4648/4648 4647/4647 4656/4656
f 4656/4656 4651/4651 4648/4648
f 4649/4649 4645/4645 4644/4644
f 4644/4644 4650/4650 4649/4649
f 4645/4645 4655/4655 4657/4657
f 4657/4657 4646/4646 4645/4645
f 4658/4658 4652/4652 4651/4651
f 4651/4651 4659/4659 4658/4658
f 4651/4651 4656/4656 4660/4660
f 4660/4660 4659/4659 4651/4651
f 4661/4661 4662/4662 4663/4663
f 4663/4663 4664/4664 4661/4661
f 4665/4665 4666/4666 4667/4667
f 4667/4667 4668/4668 4665/4665
f 4669/4669 4670/4670 4671/4671
f 4671/4671 4663/4663 4669/4669
f 4665/4665 4672/4672 4673/4673
f 4673/4673 4666/4666 4665/4665
f 4672/4672 4665/4665 4669/4669
f 4669/4669 4674/4674 4672/4672
f 4665/4665 4668/4668 4670/4670
f 4670/4670 4669/4669 4665/4665
f 4669/4669 4663/4663 4662/4662
f 4662/4662 4674/4674 4669/4669
f 4663/4663 4671/4671 4675/4675
f 4675/4675 4664/4664 4663/4663
f 4676/4676 4667/4667 4666/4666
f 4666/4666 4677/4677 4676/4676
f 4666/4666 4673/4673 4678/4678
f 4678/4678 4677/4677 4666/4666
f 4679/4679 4680/4680 4681/4681
f 4681/4681 4682/4682 4679/4679
f 4683/4683 4684/4684 4685/4685
f 4685/4685 4686/4686 4683/4683
f 4685/4685 4687/4687 4688/4688
f 4688/4688 4681/4681 4685/4685
f 4684/4684 4689/4689 4687/4687
f 4687/4687 4685/4685 4684/4684
f 4685/4685 4681/4681 4680/4680
f 4680/4680 4686/4686 4685/4685
f 4681/4681 4688/4688 4690/4690
f 4690/4690 4682/4682 4681/4681
f 4691/4691 4689/4689 4684/4684
f 4684/4684 4692/4692 4691/4691
f 4684/4684 4683/4683 4693/4693
f 4693/4693 4692/4692 4684/4684
f 4694/4694 4695/4695 4696/4696
f 4696/4696 4697/4697 4694/4694
f 4698/4698 4699/4699 4700/4700
f 4700/4700 4701/4701 4698/4698
f 4700/4700 4702/4702 4703/4703
f 4703/4703 4696/4696 4700/4700
f 4699/4699 4704/4704 4702/4702
f 4702/4702 4700/4700 4699/4699
f 4700/4700 4696/4696 4695/4695
f 4695/4695 4701/4701 4700/4700
f 4696/4696 4703/4703 4705/4705
f 4705/4705 4697/4697 4696/4696
f 4706/4706 4704/4704 4699/4699
f 4699/4699 4707/4707 4706/4706
f 4699/4699 4698/4698 4708/4708
f 4708/4708 4707/4707 4699/4699
f 4709/4709 4710/4710 4711/4711
f 4711/4711 4712/4712 4709/4709
f 4713/4713 4714/4714 4715/4715
f 4715/4715 4716/4716 4713/4713
f 4715/4715 4717/4717 4718/4718
f 4718/4718 4711/4711 4715/4715
f 4714/4714 4719/4719 4717/4717
f 4717/4717 4715/4715 4714/4714
f 4715/4715 4711/4711 4710/4710
f 4710/4710 4716/4716 4715/4715
f 4720/4720 4719/4719 4714/4714
f 4714/4714 4721/4721 4720/4720
f 4721/4721 4714/4714 4713/4713
f 4713/4713 4722/4722 4721/4721
f 4723/4723 4720/4720 4721/4721
f 4721/4721 4724/4724 4723/4723
f 4724/4724 4721/4721 4722/4722
f 4722/4722 4725/4725 4724/4724
f 4726/4726 4727/4727 4728/4728
f 4728/4728 4729/4729 4726/4726
f 4730/4730 4728/4728 4727/4727
f 4727/4727 4731/4731 4730/4730
f 4731/4731 4732/4732 4733/4733
f 4733/4733 4730/4730 4731/4731
f 4734/4734 4735/4735 4736/4736
f 4736/4736 4737/4737 4734/4734
f 4738/4738 4728/4728 4730/4730
f 4730/4730 4739/4739 4738/4738
f 4739/4739 4730/4730 4733/4733
f 4733/4733 4740/4740 4739/4739
f 4741/4741 4737/4737 4736/4736
f 4736/4736 4742/4742 4741/4741
f 4733/4733 4732/4732 4742/4742
f 4742/4742 4736/4736 4733/4733
f 4740/4740 4733/4733 4736/4736
f 4736/4736 4735/4735 4740/4740
f 4743/4743 4729/4729 4728/4728
f 4728/4728 4738/4738 4743/4743
f 4744/4744 4745/4745 4746/4746
f 4746/4746 4747/4747 4744/4744
f 4748/4748 4746/4746 4745/4745
f 4745/4745 4749/4749 4748/4748
f 4749/4749 4750/4750 4751/4751
f 4751/4751 4748/4748 4749/4749
f 4752/4752 4753/4753 4754/4754
f 4754/4754 4755/4755 4752/4752
f 4756/4756 4746/4746 4748/4748
f 4748/4748 4757/4757 4756/4756
f 4757/4757 4748/4748 4751/4751
f 4751/4751 4758/4758 4757/4757
f 4759/4759 4755/4755 4754/4754
f 4754/4754 4760/4760 4759/4759
f 4751/4751 4750/4750 4760/4760
f 4760/4760 4754/4754 4751/4751
f 4758/4758 4751/4751 4754/4754
f 4754/4754 4753/4753 4758/4758
f 4761/4761 4747/4747 4746/4746
f 4746/4746 4756/4756 4761/4761
f 4762/4762 4763/4763 4764/4764
f 4764/4764 4765/4765 4762/4762
f 4766/4766 4764/4764 4763/4763
f 4763/4763 4767/4767 4766/4766
f 4768/4768 4769/4769 4770/4770
f 4770/4770 4771/4771 4768/4768
f 4772/4772 4764/4764 4766/4766
f 4766/4766 4773/4773 4772/4772
f 4774/4774 4771/4771 4770/4770
f 4770/4770 4775/4775 4774/4774
f 4766/4766 4767/4767 4775/4775
f 4775/4775 4770/4770 4766/4766
f 4773/4773 4766/4766 4770/4770
f 4770/4770 4769/4769 4773/4773
f 4776/4776 4765/4765 4764/4764
f 4764/4764 4772/4772 4776/4776
f 4777/4777 4778/4778 4779/4779
f 4779/4779 4780/4780 4777/4777
f 4781/4781 4779/4779 4778/4778
f 4778/4778 4782/4782 4781/4781
f 4782/4782 4783/4783 4784/4784
f 4784/4784 4781/4781 4782/4782
f 4785/4785 4786/4786 4787/4787
f 4787/4787 4788/4788 4785/4785
f 4789/4789 4779/4779 4781/4781
f 4781/4781 4790/4790 4789/4789
f 4790/4790 4781/4781 4784/4784
f 4784/4784 4791/4791 4790/4790
f 4792/4792 4788/4788 4787/4787
f 4787/4787 4793/4793 4792/4792
f 4793/4793 4787/4787 4794/4794
f 4794/4794 4795/4795 4793/4793
f 4787/4787 4786/4786 4796/4796
f 4796/4796 4794/4794 4787/4787
f 4797/4797 4780/4780 4779/4779
f 4779/4779 4789/4789 4797/4797
f 4795/4795 4794/4794 4784/4784
f 4784/4784 4783/4783 4795/4795
f 4794/4794 4796/4796 4791/4791
f 4791/4791 4784/4784 4794/4794
f 4608/4608 4611/4611 4798/4798
f 4798/4798 4611/4611 4640/4640
f 4799/4799 4625/4625 4639/4639
f 4622/4622 4625/4625 4799/4799
f 4616/4616 4621/4621 4642/4642
f 4643/4643 4646/4646 4800/4800
f 4800/4800 4646/4646 4657/4657
f 4661/4661 4664/4664 4801/4801
f 4801/4801 4664/4664 4675/4675
f 4679/4679 4682/4682 4802/4802
f 4802/4802 4682/4682 4690/4690
f 4694/4694 4697/4697 4803/4803
f 4803/4803 4697/4697 4705/4705
f 4709/4709 4712/4712 4804/4804
f 4804/4804 4712/4712 4805/4805
f 4711/4711 4718/4718 4805/4805
f 4711/4711 4805/4805 4712/4712
f 4806/4806 4729/4729 4743/4743
f 4726/4726 4729/4729 4806/4806
f 4807/4807 4747/4747 4761/4761
f 4744/4744 4747/4747 4807/4807
f 4808/4808 4765/4765 4776/4776
f 4762/4762 4765/4765 4808/4808
f 4809/4809 4780/4780 4797/4797
f 4777/4777 4780/4780 4809/4809
f 4642/4642 4621/4621 4810/4810
f 4811/4811 4812/4812 4813/4813
f 4813/4813 4814/4814 4811/4811
f 4815/4815 4813/4813 4816/4816
f 4816/4816 4817/4817 4815/4815
f 4815/4815 4818/4818 4814/4814
f 4814/4814 4813/4813 4815/4815
f 4813/4813 4812/4812 4819/4819
f 4819/4819 4816/4816 4813/4813
f 4820/4820 4821/4821 4815/4815
f 4815/4815 4817/4817 4820/4820
f 4815/4815 4821/4821 4822/4822
f 4822/4822 4818/4818 4815/4815
f 4823/4823 4824/4824 4825/4825
f 4825/4825 4826/4826 4823/4823
f 4827/4827 4828/4828 4826/4826
f 4826/4826 4825/4825 4827/4827
f 4829/4829 4830/4830 4831/4831
f 4831/4831 4832/4832 4829/4829
f 4833/4833 4834/4834 4827/4827
f 4827/4827 4825/4825 4833/4833
f 4835/4835 4836/4836 4831/4831
f 4831/4831 4830/4830 4835/4835
f 4827/4827 4831/4831 4836/4836
f 4836/4836 4828/4828 4827/4827
f 4834/4834 4832/4832 4831/4831
f 4831/4831 4827/4827 4834/4834
f 4837/4837 4833/4833 4825/4825
f 4825/4825 4824/4824 4837/4837
f 4811/4811 4838/4838 4812/4812
f 4838/4838 4819/4819 4812/4812
f 4839/4839 4837/4837 4824/4824
f 4823/4823 4839/4839 4824/4824
f 4840/4840 4841/4841 4842/4842
f 4842/4842 4843/4843 4840/4840
f 4844/4844 4845/4845 4846/4846
f 4846/4846 4842/4842 4844/4844
f 4844/4844 4842/4842 4841/4841
f 4841/4841 4847/4847 4844/4844
f 4842/4842 4846/4846 4848/4848
f 4848/4848 4843/4843 4842/4842
f 4849/4849 4845/4845 4844/4844
f 4844/4844 4850/4850 4849/4849
f 4844/4844 4847/4847 4851/4851
f 4851/4851 4850/4850 4844/4844
f 4852/4852 4853/4853 4854/4854
f 4854/4854 4855/4855 4852/4852
f 4856/4856 4854/4854 4853/4853
f 4853/4853 4857/4857 4856/4856
f 4858/4858 4859/4859 4860/4860
f 4860/4860 4861/4861 4858/4858
f 4862/4862 4854/4854 4856/4856
f 4856/4856 4863/4863 4862/4862
f 4864/4864 4861/4861 4860/4860
f 4860/4860 4865/4865 4864/4864
f 4856/4856 4857/4857 4865/4865
f 4865/4865 4860/4860 4856/4856
f 4863/4863 4856/4856 4860/4860
f 4860/4860 4859/4859 4863/4863
f 4866/4866 4855/4855 4854/4854
f 4854/4854 4862/4862 4866/4866
f 4840/4840 4843/4843 4867/4867
f 4867/4867 4843/4843 4848/4848
f 4868/4868 4855/4855 4866/4866
f 4852/4852 4855/4855 4868/4868
f 4869/4869 4870/4870 4871/4871
f 4871/4871 4872/4872 4869/4869
f 4873/4873 4872/4872 4871/4871
f 4871/4871 4874/4874 4873/4873
f 4874/4874 4871/4871 4875/4875
f 4875/4875 4876/4876 4874/4874
f 4871/4871 4870/4870 4877/4877
f 4877/4877 4875/4875 4871/4871
f 4878/4878 4879/4879 4874/4874
f 4874/4874 4876/4876 4878/4878
f 4874/4874 4879/4879 4880/4880
f 4880/4880 4873/4873 4874/4874
f 4881/4881 4882/4882 4883/4883
f 4884/4884 4882/4882 4885/4885
f 4885/4885 4886/4886 4884/4884
f 4881/4881 4883/4883 4887/4887
f 4887/4887 4888/4888 4881/4881
f 4886/4886 4889/4889 4890/4890
f 4890/4890 4884/4884 4886/4886
f 4882/4882 4881/4881 4891/4891
f 4891/4891 4885/4885 4882/4882
f 4892/4892 4893/4893 4894/4894
f 4894/4894 4895/4895 4892/4892
f 4896/4896 4897/4897 4894/4894
f 4894/4894 4893/4893 4896/4896
f 4897/4897 4898/4898 4899/4899
f 4899/4899 4894/4894 4897/4897
f 4894/4894 4899/4899 4900/4900
f 4900/4900 4895/4895 4894/4894
f 4901/4901 4898/4898 4897/4897
f 4897/4897 4902/4902 4901/4901
f 4897/4897 4896/4896 4903/4903
f 4903/4903 4902/4902 4897/4897
f 4881/4881 4888/4888 4904/4904
f 4905/4905 4886/4886 4885/4885
f 4885/4885 4904/4904 4905/4905
f 4886/4886 4905/4905 4906/4906
f 4906/4906 4889/4889 4886/4886
f 4904/4904 4885/4885 4891/4891
f 4891/4891 4881/4881 4904/4904
f 4869/4869 4907/4907 4870/4870
f 4907/4907 4877/4877 4870/4870
f 4892/4892 4895/4895 4908/4908
f 4908/4908 4895/4895 4900/4900
f 4909/4909 4910/4910 4911/4911
f 4911/4911 4912/4912 4909/4909
f 4913/4913 4914/4914 4915/4915
f 4915/4915 4916/4916 4913/4913
f 4916/4916 4915/4915 4917/4917
f 4917/4917 4918/4918 4916/4916
f 4919/4919 4920/4920 4911/4911
f 4911/4911 4910/4910 4919/4919
f 4921/4921 4922/4922 4915/4915
f 4915/4915 4914/4914 4921/4921
f 4922/4922 4923/4923 4917/4917
f 4917/4917 4915/4915 4922/4922
f 4917/4917 4923/4923 4912/4912
f 4912/4912 4911/4911 4917/4917
f 4920/4920 4918/4918 4917/4917
f 4917/4917 4911/4911 4920/4920
f 4924/4924 4925/4925 4926/4926
f 4927/4927 4928/4928 4929/4929
f 4929/4929 4930/4930 4927/4927
f 4930/4930 4929/4929 4931/4931
f 4931/4931 4932/4932 4930/4930
f 4933/4933 4934/4934 4924/4924
f 4924/4924 4926/4926 4933/4933
f 4935/4935 4936/4936 4929/4929
f 4929/4929 4928/4928 4935/4935
f 4936/4936 4937/4937 4931/4931
f 4931/4931 4929/4929 4936/4936
f 4931/4931 4937/4937 4938/4938
f 4938/4938 4924/4924 4931/4931
f 4934/4934 4932/4932 4931/4931
f 4931/4931 4924/4924 4934/4934
f 4939/4939 4940/4940 4941/4941
f 4941/4941 4942/4942 4939/4939
f 4943/4943 4944/4944 4945/4945
f 4945/4945 4946/4946 4943/4943
f 4946/4946 4945/4945 4947/4947
f 4947/4947 4948/4948 4946/4946
f 4949/4949 4950/4950 4941/4941
f 4941/4941 4940/4940 4949/4949
f 4951/4951 4952/4952 4945/4945
f 4945/4945 4944/4944 4951/4951
f 4952/4952 4953/4953 4947/4947
f 4947/4947 4945/4945 4952/4952
f 4947/4947 4953/4953 4942/4942
f 4942/4942 4941/4941 4947/4947
f 4950/4950 4948/4948 4947/4947
f 4947/4947 4941/4941 4950/4950
f 4954/4954 4955/4955 4956/4956
f 4956/4956 4957/4957 4954/4954
f 4958/4958 4959/4959 4960/4960
f 4960/4960 4961/4961 4958/4958
f 4961/4961 4960/4960 4962/4962
f 4962/4962 4963/4963 4961/4961
f 4964/4964 4965/4965 4956/4956
f 4956/4956 4955/4955 4964/4964
f 4966/4966 4967/4967 4960/4960
f 4960/4960 4959/4959 4966/4966
f 4967/4967 4968/4968 4962/4962
f 4962/4962 4960/4960 4967/4967
f 4962/4962 4968/4968 4957/4957
f 4957/4957 4956/4956 4962/4962
f 4965/4965 4963/4963 4962/4962
f 4962/4962 4956/4956 4965/4965
f 4969/4969 4914/4914 4913/4913
f 4921/4921 4914/4914 4969/4969
f 4970/4970 4928/4928 4927/4927
f 4935/4935 4928/4928 4970/4970
f 4971/4971 4944/4944 4943/4943
f 4951/4951 4944/4944 4971/4971
f 4972/4972 4959/4959 4958/4958
f 4966/4966 4959/4959 4972/4972
f 4924/4924 4938/4938 4925/4925
f 4973/4973 4974/4974 4975/4975
f 4975/4975 4976/4976 4973/4973
f 4977/4977 4978/4978 4979/4979
f 4977/4977 4980/4980 4981/4981
f 4982/4982 4973/4973 4977/4977
f 4977/4977 4979/4979 4982/4982
f 4978/4978 4977/4977 4983/4983
f 4983/4983 4984/4984 4978/4978
f 4977/4977 4981/4981 4985/4985
f 4985/4985 4983/4983 4977/4977
f 4973/4973 4982/4982 4986/4986
f 4986/4986 4974/4974 4973/4973
f 4973/4973 4976/4976 4980/4980
f 4980/4980 4977/4977 4973/4973
f 4987/4987 4988/4988 4989/4989
f 4989/4989 4990/4990 4987/4987
f 4991/4991 4992/4992 4993/4993
f 4991/4991 4994/4994 4995/4995
f 4996/4996 4987/4987 4991/4991
f 4991/4991 4993/4993 4996/4996
f 4992/4992 4991/4991 4997/4997
f 4997/4997 4998/4998 4992/4992
f 4991/4991 4995/4995 4999/4999
f 4999/4999 4997/4997 4991/4991
f 4987/4987 4996/4996 5000/5000
f 5000/5000 4988/4988 4987/4987
f 4987/4987 4990/4990 4994/4994
f 4994/4994 4991/4991 4987/4987
f 5001/5001 5002/5002 5003/5003
f 5003/5003 5004/5004 5001/5001
f 5005/5005 5006/5006 5007/5007
f 5005/5005 5008/5008 5009/5009
f 5010/5010 5001/5001 5005/5005
f 5005/5005 5007/5007 5010/5010
f 5006/5006 5005/5005 5011/5011
f 5011/5011 5012/5012 5006/5006
f 5005/5005 5009/5009 5013/5013
f 5013/5013 5011/5011 5005/5005
f 5001/5001 5010/5010 5014/5014
f 5014/5014 5002/5002 5001/5001
f 5001/5001 5004/5004 5008/5008
f 5008/5008 5005/5005 5001/5001
f 5015/5015 5016/5016 5017/5017
f 5017/5017 5018/5018 5015/5015
f 5019/5019 5020/5020 5021/5021
f 5022/5022 5020/5020 5023/5023
f 5024/5024 5021/5021 5020/5020
f 5020/5020 5015/5015 5024/5024
f 5019/5019 5025/5025 5026/5026
f 5026/5026 5020/5020 5019/5019
f 5020/5020 5026/5026 5027/5027
f 5027/5027 5023/5023 5020/5020
f 5015/5015 5018/5018 5028/5028
f 5028/5028 5024/5024 5015/5015
f 5015/5015 5020/5020 5022/5022
f 5022/5022 5016/5016 5015/5015
f 5029/5029 5030/5030 5031/5031
f 5031/5031 5032/5032 5029/5029
f 5033/5033 5034/5034 5035/5035
f 5036/5036 5034/5034 5037/5037
f 5038/5038 5035/5035 5034/5034
f 5034/5034 5029/5029 5038/5038
f 5033/5033 5039/5039 5040/5040
f 5040/5040 5034/5034 5033/5033
f 5034/5034 5040/5040 5041/5041
f 5041/5041 5037/5037 5034/5034
f 5029/5029 5032/5032 5042/5042
f 5042/5042 5038/5038 5029/5029
f 5029/5029 5034/5034 5036/5036
f 5036/5036 5030/5030 5029/5029
f 5043/5043 5044/5044 5045/5045
f 5045/5045 5046/5046 5043/5043
f 5047/5047 5048/5048 5049/5049
f 5050/5050 5048/5048 5051/5051
f 5052/5052 5049/5049 5048/5048
f 5048/5048 5043/5043 5052/5052
f 5047/5047 5053/5053 5054/5054
f 5054/5054 5048/5048 5047/5047
f 5048/5048 5054/5054 5055/5055
f 5055/5055 5051/5051 5048/5048
f 5043/5043 5046/5046 5056/5056
f 5056/5056 5052/5052 5043/5043
f 5043/5043 5048/5048 5050/5050
f 5050/5050 5044/5044 5043/5043
f 4985/4985 5057/5057 4983/4983
f 4984/4984 4983/4983 5057/5057
f 4999/4999 5058/5058 4997/4997
f 4998/4998 4997/4997 5058/5058
f 5013/5013 5059/5059 5011/5011
f 5012/5012 5011/5011 5059/5059
f 5060/5060 5027/5027 5026/5026
f 5026/5026 5025/5025 5060/5060
f 5061/5061 5041/5041 5040/5040
f 5040/5040 5039/5039 5061/5061
f 5062/5062 5055/5055 5054/5054
f 5054/5054 5053/5053 5062/5062
f 5063/5063 5064/5064 5065/5065
f 5065/5065 5066/5066 5063/5063
f 5067/5067 5068/5068 5069/5069
f 5069/5069 5070/5070 5067/5067
f 5068/5068 5067/5067 5071/5071
f 5071/5071 5072/5072 5068/5068
f 5068/5068 5065/5065 5073/5073
f 5073/5073 5069/5069 5068/5068
f 5074/5074 5067/5067 5070/5070
f 5070/5070 5075/5075 5074/5074
f 5076/5076 5071/5071 5067/5067
f 5067/5067 5074/5074 5076/5076
f 5077/5077 5073/5073 5065/5065
f 5065/5065 5064/5064 5077/5077
f 5072/5072 5066/5066 5065/5065
f 5065/5065 5068/5068 5072/5072
f 5078/5078 5079/5079 5080/5080
f 5080/5080 5081/5081 5078/5078
f 5082/5082 5083/5083 5084/5084
f 5085/5085 5084/5084 5086/5086
f 5086/5086 5087/5087 5085/5085
f 5085/5085 5080/5080 5088/5088
f 5088/5088 5082/5082 5085/5085
f 5089/5089 5084/5084 5083/5083
f 5083/5083 5090/5090 5089/5089
f 5091/5091 5086/5086 5084/5084
f 5084/5084 5089/5089 5091/5091
f 5080/5080 5079/5079 5092/5092
f 5087/5087 5081/5081 5080/5080
f 5080/5080 5085/5085 5087/5087
f 5093/5093 5094/5094 5095/5095
f 5095/5095 5096/5096 5093/5093
f 5097/5097 5098/5098 5099/5099
f 5099/5099 5100/5100 5097/5097
f 5098/5098 5097/5097 5101/5101
f 5101/5101 5102/5102 5098/5098
f 5098/5098 5095/5095 5103/5103
f 5103/5103 5099/5099 5098/5098
f 5104/5104 5097/5097 5100/5100
f 5100/5100 5105/5105 5104/5104
f 5106/5106 5101/5101 5097/5097
f 5097/5097 5104/5104 5106/5106
f 5107/5107 5103/5103 5095/5095
f 5095/5095 5094/5094 5107/5107
f 5102/5102 5096/5096 5095/5095
f 5095/5095 5098/5098 5102/5102
f 5108/5108 5109/5109 5110/5110
f 5110/5110 5111/5111 5108/5108
f 5112/5112 5113/5113 5114/5114
f 5114/5114 5115/5115 5112/5112
f 5113/5113 5112/5112 5116/5116
f 5116/5116 5117/5117 5113/5113
f 5113/5113 5118/5118 5119/5119
f 5119/5119 5114/5114 5113/5113
f 5120/5120 5112/5112 5115/5115
f 5115/5115 5121/5121 5120/5120
f 5122/5122 5116/5116 5112/5112
f 5112/5112 5120/5120 5122/5122
f 5123/5123 5124/5124 5110/5110
f 5110/5110 5109/5109 5123/5123
f 5111/5111 5110/5110 5118/5118
f 5118/5118 5125/5125 5111/5111
f 5124/5124 5119/5119 5118/5118
f 5118/5118 5110/5110 5124/5124
f 5117/5117 5125/5125 5118/5118
f 5118/5118 5113/5113 5117/5117
f 5074/5074 5126/5126 5076/5076
f 5126/5126 5074/5074 5075/5075
f 5089/5089 5127/5127 5091/5091
f 5127/5127 5089/5089 5090/5090
f 5104/5104 5128/5128 5106/5106
f 5128/5128 5104/5104 5105/5105
f 5120/5120 5129/5129 5122/5122
f 5129/5129 5120/5120 5121/5121
f 5080/5080 5092/5092 5088/5088
f 5082/5082 5084/5084 5085/5085
f 5130/5130 5131/5131 5132/5132
f 5132/5132 5133/5133 5130/5130
f 5134/5134 5135/5135 5136/5136
f 5136/5136 5137/5137 5134/5134
f 5137/5137 5138/5138 5139/5139
f 5139/5139 5134/5134 5137/5137
f 5137/5137 5136/5136 5140/5140
f 5140/5140 5132/5132 5137/5137
f 5141/5141 5142/5142 5135/5135
f 5135/5135 5134/5134 5141/5141
f 5143/5143 5141/5141 5134/5134
f 5134/5134 5139/5139 5143/5143
f 5144/5144 5133/5133 5132/5132
f 5132/5132 5140/5140 5144/5144
f 5138/5138 5137/5137 5132/5132
f 5132/5132 5131/5131 5138/5138
f 5145/5145 5146/5146 5147/5147
f 5147/5147 5148/5148 5145/5145
f 5149/5149 5150/5150 5151/5151
f 5152/5152 5153/5153 5154/5154
f 5154/5154 5150/5150 5152/5152
f 5152/5152 5149/5149 5155/5155
f 5155/5155 5147/5147 5152/5152
f 5156/5156 5157/5157 5151/5151
f 5151/5151 5150/5150 5156/5156
f 5158/5158 5156/5156 5150/5150
f 5150/5150 5154/5154 5158/5158
f 5147/5147 5159/5159 5148/5148
f 5153/5153 5152/5152 5147/5147
f 5147/5147 5146/5146 5153/5153
f 5160/5160 5161/5161 5162/5162
f 5162/5162 5163/5163 5160/5160
f 5164/5164 5165/5165 5166/5166
f 5166/5166 5167/5167 5164/5164
f 5167/5167 5168/5168 5169/5169
f 5169/5169 5164/5164 5167/5167
f 5167/5167 5166/5166 5170/5170
f 5170/5170 5162/5162 5167/5167
f 5171/5171 5172/5172 5165/5165
f 5165/5165 5164/5164 5171/5171
f 5173/5173 5171/5171 5164/5164
f 5164/5164 5169/5169 5173/5173
f 5174/5174 5163/5163 5162/5162
f 5162/5162 5170/5170 5174/5174
f 5168/5168 5167/5167 5162/5162
f 5162/5162 5161/5161 5168/5168
f 5175/5175 5176/5176 5177/5177
f 5177/5177 5178/5178 5175/5175
f 5179/5179 5180/5180 5181/5181
f 5181/5181 5182/5182 5179/5179
f 5182/5182 5183/5183 5184/5184
f 5184/5184 5179/5179 5182/5182
f 5182/5182 5181/5181 5185/5185
f 5185/5185 5186/5186 5182/5182
f 5187/5187 5188/5188 5180/5180
f 5180/5180 5179/5179 5187/5187
f 5189/5189 5187/5187 5179/5179
f 5179/5179 5184/5184 5189/5189
f 5190/5190 5178/5178 5177/5177
f 5177/5177 5191/5191 5190/5190
f 5176/5176 5192/5192 5186/5186
f 5186/5186 5177/5177 5176/5176
f 5191/5191 5177/5177 5186/5186
f 5186/5186 5185/5185 5191/5191
f 5183/5183 5182/5182 5186/5186
f 5186/5186 5192/5192 5183/5183
f 5141/5141 5143/5143 5193/5193
f 5193/5193 5142/5142 5141/5141
f 5156/5156 5158/5158 5194/5194
f 5194/5194 5157/5157 5156/5156
f 5171/5171 5173/5173 5195/5195
f 5195/5195 5172/5172 5171/5171
f 5187/5187 5189/5189 5196/5196
f 5196/5196 5188/5188 5187/5187
f 5147/5147 5155/5155 5159/5159
f 5149/5149 5152/5152 5150/5150

