mtllib common_dress_female_85499.mtl

g common_dress_female_85499
v 11.343630 0.953440 50.221840
v 10.246340 2.727237 51.513410
v 9.036562 -0.186884 51.465150
v 10.770690 -0.340563 50.198840
v 12.273450 -1.615679 50.863340
v 11.319070 -1.585237 50.557930
v 10.344960 -2.741011 52.136650
v 12.331870 -2.811242 52.530710
v 12.466580 -1.534376 49.372610
v 13.321380 -0.338090 50.801140
v 13.051040 -0.514820 49.263360
v 12.407920 0.971624 50.494410
v 12.514670 2.763982 51.749190
v 11.826020 -1.492555 49.275990
v 11.510350 -0.464159 48.930020
v 11.982120 0.408641 48.901740
v 12.677100 0.401096 49.030960
v 9.036562 -0.186884 51.465150
v 10.246340 2.727237 51.513410
v 11.386590 1.107882 50.061230
v 10.739430 -0.353763 50.035240
v 10.344960 -2.741011 52.136650
v 11.358840 -1.759685 50.440850
v 12.436880 -1.794071 50.785830
v 12.331870 -2.811242 52.530710
v 13.321380 -0.338090 50.801140
v 12.564750 -1.678784 49.282940
v 13.219970 -0.535805 49.160450
v 12.514670 2.763982 51.749190
v 12.588760 1.128421 50.369100
v 11.846650 -1.631901 49.174610
v 11.492770 -0.479011 48.786770
v 12.021650 0.499447 48.755080
v 12.800760 0.490988 48.899930
v -9.899539 0.847722 69.720250
v -9.232125 1.623509 70.040320
v -8.219810 2.045006 67.777040
v -9.271284 0.937424 67.460550
v -8.116195 2.174880 65.567570
v -8.644013 1.977320 66.435800
v -7.441861 2.580016 66.698880
v -7.138473 2.681240 66.056920
v -6.538822 3.142308 65.918110
v -8.009560 2.477706 64.617900
v -6.927961 2.814485 68.082520
v -6.784082 2.887019 67.295360
v -9.503145 1.151257 63.285050
v -9.115232 1.050971 65.047800
v -8.470738 2.101068 70.348040
v -8.299570 -0.265594 67.663160
v -9.288161 0.000174 69.960320
v -8.197641 -0.184617 65.451280
v -7.258735 -0.802654 65.885210
v -7.556614 -0.744351 66.535030
v -8.713562 -0.037459 66.336510
v -6.691753 -1.288015 65.699780
v -8.108873 -0.399303 64.476100
v -6.923537 -1.152984 67.096250
v -7.064754 -1.148402 67.887210
v -8.562475 -0.556546 70.217060
v 9.889279 0.847750 69.720240
v 9.261019 0.937449 67.460550
v 8.209541 2.045031 67.777050
v 9.221861 1.623536 70.040330
v 8.105923 2.174906 65.567590
v 7.128200 2.681264 66.056930
v 7.431587 2.580041 66.698900
v 8.633746 1.977346 66.435810
v 6.528544 3.142332 65.918140
v 7.999287 2.477731 64.617920
v 6.773806 2.887042 67.295390
v 6.917686 2.814509 68.082540
v 9.104968 1.050999 65.047800
v 9.492879 1.151286 63.285050
v 8.460467 2.101093 70.348050
v 9.277906 0.000198 69.960300
v 8.289313 -0.265570 67.663140
v 8.187384 -0.184592 65.451270
v 8.703304 -0.037433 66.336490
v 7.546360 -0.744329 66.535010
v 7.248480 -0.802632 65.885190
v 6.681501 -1.287994 65.699740
v 8.098616 -0.399278 64.476080
v 7.054503 -1.148381 67.887180
v 6.913286 -1.152963 67.096230
v 8.552220 -0.556523 70.217030
v -14.288110 -0.069165 51.670400
v -13.681820 0.895640 51.940300
v -13.448780 0.606159 51.164120
v -14.009120 -0.240152 50.734310
v -13.367980 -0.253868 48.509480
v -14.030060 -0.707844 48.592900
v -14.561310 -0.519353 49.371060
v -13.317430 0.328621 49.110560
v -13.433730 -0.005633 47.917720
v -14.067170 -0.836741 48.044120
v -12.995290 1.232592 49.343400
v -13.825130 0.494601 49.755340
v -13.338670 1.518057 49.823060
v -13.456560 -0.887582 51.434650
v -13.691090 -0.884101 52.262630
v -13.344190 -1.126176 48.708690
v -13.298800 -1.371485 49.458450
v -13.390070 -1.606351 48.283280
v -13.012740 -2.117300 49.950100
v -13.358110 -2.212936 50.498780
v -13.834340 -1.273379 50.075540
v 14.277930 -0.069149 51.670120
v 13.998930 -0.240133 50.734090
v 13.438710 0.606127 51.163490
v 13.671780 0.895592 51.939530
v 13.357720 -0.253825 48.509490
v 13.307250 0.328629 49.110260
v 14.551070 -0.519316 49.370960
v 14.019800 -0.707798 48.592900
v 13.423470 -0.005591 47.917730
v 14.056910 -0.836697 48.044130
v 12.985330 1.232505 49.342340
v 13.328770 1.517955 49.821860
v 13.815060 0.494564 49.754680
v 13.680770 -0.884029 52.262860
v 13.446250 -0.887514 51.434850
v 13.333930 -1.126134 48.708700
v 13.288490 -1.371420 49.458630
v 13.379810 -1.606310 48.283280
v 13.002240 -2.117156 49.950920
v 13.823990 -1.273295 50.075860
v 13.347600 -2.212784 50.499670
v -6.683703 0.985156 59.016280
v -7.036654 1.023836 61.304990
v -7.775747 -0.188201 61.306630
v -7.862964 -0.959852 59.284640
v -9.270716 2.790064 61.202460
v -8.750389 2.451837 62.183440
v -7.423863 2.587379 61.695940
v -7.570736 2.875934 60.647060
v -9.986089 -0.977633 60.002930
v -8.915244 -0.135872 61.754090
v -11.603210 -0.034524 55.643980
v -10.966170 -0.869896 55.553550
v -11.326780 -2.533012 58.493670
v -12.498180 0.827618 57.490630
v -7.646255 -2.467843 57.247880
v -9.717565 -0.796692 55.032460
v -8.959630 0.482623 54.591300
v -5.722323 0.766283 56.561950
v -13.218380 1.065297 59.168070
v -11.026740 1.262612 60.545170
v -9.786637 3.275176 60.216860
v -11.079270 4.550414 58.382480
v -7.735158 4.578070 57.295830
v -9.659833 2.043018 54.705270
v -11.070050 2.063234 55.149890
v -9.725733 -1.068096 54.620330
v -8.821599 0.398585 54.094430
v -9.656792 2.322962 54.229620
v -11.340810 2.347104 54.760580
v -11.216760 -1.155512 55.242610
v -10.044170 -0.750739 54.247180
v -9.345947 0.337074 53.841300
v -11.259800 1.711167 54.346960
v -11.696520 1.010109 54.625230
v -12.622100 0.504325 55.359020
v -10.029380 1.693527 53.959020
v -11.196820 -0.818317 54.728230
v -11.649500 -0.152889 54.792620
v -11.678680 1.171156 55.525410
v -7.728024 3.335864 59.544600
v -9.456135 1.360719 62.070310
v -3.591614 -6.945982 63.617210
v -2.957274 -5.854281 62.728090
v -1.818533 -6.431213 63.220790
v -2.030513 -7.123548 64.152370
v -3.464818 -0.760420 71.520290
v -4.853271 0.441101 71.787860
v -4.980288 -1.075135 70.682670
v -3.831649 -1.557798 70.498980
v -4.818707 2.054879 71.147960
v -2.439865 2.120255 72.235470
v -2.216162 3.109189 70.374160
v -4.864069 3.106596 69.541210
v -2.525114 3.297437 68.253340
v -5.175159 3.167620 68.215990
v -5.003820 -3.513147 64.451470
v -5.333554 -3.103883 65.980190
v -5.191442 0.189300 65.485770
v -5.084118 -0.337826 64.298120
v -0.005123 -1.376902 73.627190
v -0.102779 -1.640581 74.765350
v -1.605520 -0.763230 75.898550
v -1.507630 -0.596403 73.756870
v -4.469651 -1.115522 62.542490
v -4.178590 -4.475956 63.032810
v -0.005127 1.637088 63.427870
v -2.594983 1.859815 63.453420
v -2.734637 2.696251 65.943950
v -0.005129 2.396951 65.925130
v -2.308734 -5.764782 61.050290
v -2.225922 -5.216737 58.082490
v -0.005125 -5.799747 58.060520
v -0.005125 -6.396310 61.749600
v -3.596182 -6.592883 67.339130
v -4.798628 -6.002339 67.210720
v -4.963961 -6.895562 66.159770
v -3.824678 -7.582531 66.166600
v -4.980288 -1.075135 70.682670
v -4.853271 0.441101 71.787860
v -6.025416 0.448316 71.409420
v -6.112605 -0.748446 70.553450
v -4.818707 2.054879 71.147960
v -5.689954 1.846662 71.013320
v -5.419219 3.047304 69.405040
v -4.864069 3.106596 69.541210
v -5.175159 3.167620 68.215990
v -5.494648 3.119779 68.158610
v -1.734425 1.325612 78.432160
v 0.156385 2.369296 78.302340
v 0.048184 1.958762 76.359640
v -1.651945 0.710943 76.248530
v -2.484572 -3.513862 69.041210
v -4.059024 -2.700956 69.150270
v -4.282830 -4.541225 67.999050
v -2.903962 -5.117786 68.072720
v -5.274088 -1.923145 68.823740
v -5.088925 -3.702353 67.591720
v -7.277498 -0.639915 68.486360
v -7.903582 0.885891 68.549850
v -8.074884 1.005769 66.687860
v -7.470987 -0.352882 66.908710
v -5.935573 2.731668 66.653250
v -5.126487 0.749737 67.406490
v -5.531806 0.808581 66.267030
v -6.935525 0.568789 70.870390
v -7.027613 -0.338663 70.366230
v -6.585661 1.747060 70.583720
v -6.006744 -1.578576 68.537990
v -0.005131 3.046441 70.335860
v -0.005130 2.985381 68.028810
v -5.012084 -6.839065 65.103200
v -4.991110 -5.864447 63.710190
v -3.831843 -7.575880 64.908160
v -2.255879 -7.524154 65.191610
v -0.708054 -6.871920 65.101150
v -1.019317 -7.085340 65.927440
v -7.223464 2.235132 67.264120
v -2.297065 0.183287 58.428880
v -2.179406 0.580467 61.021600
v -0.005126 0.675391 61.123080
v -0.005127 0.568670 58.391770
v -0.005126 -6.045089 65.691980
v -0.005127 -5.413655 66.757510
v -1.024547 -6.228183 67.037860
v -3.233156 -0.239737 60.958680
v -3.137325 -0.572925 58.285520
v -3.628680 -2.262180 58.132910
v -3.786621 -1.783825 60.891360
v -2.329498 -7.552092 66.150650
v -5.718850 -4.130706 65.383700
v -5.634058 -4.948126 66.578530
v -4.853271 0.441101 71.787860
v -2.989469 0.500664 72.505860
v -5.597384 -1.449450 67.268810
v -5.274088 -1.923145 68.823740
v -7.056745 2.223717 69.017130
v -0.371065 -6.538977 64.389140
v -1.918870 0.680927 73.825070
v -0.005139 2.003697 73.609300
v -4.091339 0.879857 63.037060
v -4.693709 2.044107 65.724960
v -6.300969 -0.766517 66.286420
v -5.337759 0.625937 67.379680
v -5.421027 -1.631754 67.334460
v -5.571710 -5.289493 64.656460
v -5.770718 -5.868307 65.702580
v -0.005130 -2.389901 71.153740
v -1.934020 -1.791872 71.365460
v -2.145669 -2.389250 70.402630
v -0.005129 -2.976034 69.895040
v -1.918870 0.680927 73.825070
v -2.989469 0.500664 72.505860
v -1.625544 -0.963475 72.383000
v -2.504622 -6.552992 67.274100
v -1.009681 -4.929618 67.908620
v -0.005136 2.344406 72.199720
v -0.005126 -1.521434 72.119930
v -12.031820 0.499448 48.755390
v -12.997800 0.332772 45.564290
v -13.805370 0.330606 45.557190
v -12.810920 0.490989 48.900260
v -13.230210 -0.535839 49.160510
v -13.938160 -1.312606 45.976870
v -12.575090 -1.678857 49.282660
v -13.411410 -2.949797 46.104090
v -11.417310 -3.647182 46.785200
v -10.627910 -3.001591 46.547930
v -10.952730 -2.349351 47.757020
v -11.764790 -2.940344 48.046310
v -11.994930 -2.951102 46.236780
v -11.611750 -3.217515 45.189100
v -11.224140 -4.016944 45.561170
v -11.204550 -4.128914 44.086020
v -11.540580 -3.505451 44.168980
v -10.611300 -3.406068 45.391540
v -10.731670 -3.656184 44.109990
v -11.540580 -3.505451 44.168980
v -11.611750 -3.217515 45.189100
v -12.857300 -0.168479 43.390200
v -13.471780 -0.242023 43.147590
v -13.496970 -1.712913 43.181520
v -12.034880 -0.617104 41.724110
v -12.315170 -0.675612 41.457270
v -12.252030 -1.999344 41.143010
v -12.469090 -3.119148 43.536200
v -12.523980 -2.733103 46.153090
v -13.047370 -3.157186 43.311380
v -11.986320 -3.219207 41.341470
v -11.631660 -3.127620 41.639080
v -11.631660 -3.127620 41.639080
v -12.469090 -3.119148 43.536200
v -12.523980 -2.733103 46.153090
v -12.252030 -1.999344 41.143010
v -12.315170 -0.675612 41.457270
v -10.611300 -3.406068 45.391540
v -10.731670 -3.656184 44.109990
v -12.420030 -1.414228 50.122540
v -12.575090 -1.678857 49.282660
v -11.856990 -1.631973 49.174330
v -11.693390 -1.392252 49.940650
v -12.522110 0.480515 49.866690
v -12.810920 0.490989 48.900260
v -13.230210 -0.535839 49.160510
v -12.967570 -0.390187 50.112500
v -11.503020 -0.479044 48.786800
v -11.356820 -0.325585 49.643490
v -12.967570 -0.390187 50.112500
v -13.230210 -0.535839 49.160510
v -11.753890 0.470219 49.698450
v -12.031820 0.499448 48.755390
v -9.118632 0.493736 54.649750
v -9.740604 1.879799 54.751000
v -9.791886 -0.642650 55.041630
v -10.901000 -0.707676 55.504510
v -11.751440 0.571605 55.594490
v -10.993270 1.897758 55.145950
v -11.751440 0.571605 55.594490
v -11.994930 -2.951102 46.236780
v -10.627910 -3.001591 46.547930
v 6.673451 0.985173 59.016230
v 7.852570 -0.959769 59.285100
v 7.765490 -0.188176 61.306620
v 7.026387 1.023860 61.305000
v 9.260439 2.790094 61.202490
v 7.560459 2.875961 60.647090
v 7.413589 2.587405 61.695960
v 8.740116 2.451864 62.183460
v 9.975704 -0.977549 60.003350
v 8.904985 -0.135845 61.754070
v 11.592940 -0.034483 55.644030
v 12.488020 0.827611 57.490250
v 11.316060 -2.532782 58.495250
v 10.955760 -0.869796 55.554080
v 7.635510 -2.467614 57.249530
v 5.712076 0.766294 56.561900
v 8.949416 0.482631 54.591130
v 9.707150 -0.796597 55.032980
v 13.208250 1.065284 59.167620
v 11.069680 4.550166 58.380180
v 9.776578 3.275117 60.216150
v 11.016530 1.262622 60.544980
v 7.725537 4.577822 57.293620
v 11.060110 2.063133 55.148790
v 9.649876 2.042919 54.704220
v 9.715281 -1.067985 54.620990
v 8.811378 0.398596 54.094280
v 9.646887 2.322840 54.228390
v 11.330930 2.346980 54.759280
v 11.206310 -1.155396 55.243270
v 10.033780 -0.750654 54.247620
v 9.335727 0.337085 53.841150
v 12.611930 0.504326 55.358710
v 11.686430 1.010074 54.624640
v 11.249820 1.711083 54.346000
v 10.019380 1.693446 53.958110
v 11.186430 -0.818227 54.728680
v 11.639220 -0.152845 54.792690
v 11.668600 1.171116 55.524790
v 7.717960 3.335802 59.543910
v 9.445867 1.360749 62.070310
v 3.581362 -6.945980 63.617210
v 2.020263 -7.123547 64.152370
v 1.808280 -6.431213 63.220790
v 2.947023 -5.854280 62.728090
v 3.454556 -0.760420 71.520300
v 3.821388 -1.557796 70.498990
v 4.970029 -1.075124 70.682660
v 4.843009 0.441112 71.787860
v 4.808441 2.054890 71.147970
v 4.853801 3.106606 69.541230
v 2.205901 3.109189 70.374160
v 2.429593 2.120266 72.235470
v 2.514854 3.297438 68.253340
v 5.164890 3.167631 68.216000
v 4.993567 -3.513144 64.451480
v 5.073864 -0.337826 64.298130
v 5.181186 0.189299 65.485780
v 5.323298 -3.103884 65.980190
v 1.497376 -0.596388 73.756870
v 1.516525 -0.919646 75.847120
v 4.459397 -1.115521 62.542490
v 4.168337 -4.475956 63.032820
v 2.724378 2.696251 65.943950
v 2.584728 1.859814 63.453420
v 2.298486 -5.764782 61.050290
v 2.215673 -5.216736 58.082490
v 3.585928 -6.592883 67.339130
v 3.814425 -7.582530 66.166600
v 4.953708 -6.895558 66.159770
v 4.788371 -6.002341 67.210730
v 4.970029 -1.075124 70.682660
v 6.102351 -0.748428 70.553420
v 6.015157 0.448335 71.409410
v 4.843009 0.441112 71.787860
v 5.679687 1.846681 71.013330
v 4.808441 2.054890 71.147970
v 5.408945 3.047323 69.405070
v 5.484373 3.119799 68.158630
v 5.164890 3.167631 68.216000
v 4.853801 3.106606 69.541230
v 1.936684 1.141688 78.371680
v 1.680304 0.627535 76.221100
v 2.474313 -3.513864 69.041220
v 2.893705 -5.117788 68.072730
v 4.272573 -4.541224 67.999050
v 4.048765 -2.700953 69.150270
v 5.078667 -3.702353 67.591730
v 5.263834 -1.923136 68.823720
v 7.267244 -0.639895 68.486330
v 7.460731 -0.352860 66.908700
v 8.064623 1.005812 66.687860
v 7.893319 0.885914 68.549850
v 5.925300 2.731689 66.653270
v 5.521542 0.808602 66.267020
v 5.116224 0.749755 67.406490
v 7.017356 -0.338642 70.366210
v 6.925265 0.568810 70.870380
v 6.575395 1.747081 70.583720
v 5.996493 -1.578558 68.537960
v 5.001832 -6.839063 65.103200
v 3.821592 -7.575878 64.908170
v 4.980857 -5.864444 63.710200
v 2.245626 -7.524154 65.191610
v 1.009062 -7.085339 65.927440
v 0.697798 -6.871920 65.101150
v 7.213192 2.235156 67.264140
v 2.286813 0.183287 58.428880
v 2.169154 0.580467 61.021600
v 1.014291 -6.228183 67.037860
v 3.222904 -0.239737 60.958680
v 3.776371 -1.783824 60.891360
v 3.618429 -2.262181 58.132910
v 3.127072 -0.572925 58.285520
v 2.319245 -7.552090 66.150650
v 5.623803 -4.948125 66.578530
v 5.708595 -4.130705 65.383700
v 2.979205 0.500678 72.505860
v 4.843009 0.441112 71.787860
v 5.587134 -1.449431 67.268780
v 5.263834 -1.923136 68.823720
v 7.046475 2.223740 69.017140
v 0.360813 -6.538977 64.389140
v 1.908604 0.680942 73.825070
v 4.683451 2.044108 65.724970
v 4.081086 0.879858 63.037060
v 6.290713 -0.766497 66.286390
v 5.410772 -1.631744 67.334440
v 5.327501 0.625937 67.379690
v 5.561457 -5.289489 64.656460
v 5.760462 -5.868306 65.702580
v 2.135410 -2.389249 70.402630
v 1.923759 -1.791870 71.365460
v 1.908604 0.680942 73.825070
v 1.615288 -0.963467 72.383000
v 2.979205 0.500678 72.505860
v 2.494365 -6.552991 67.274110
v 0.999424 -4.929617 67.908620
v 12.021650 0.499447 48.755080
v 12.800760 0.490988 48.899930
v 13.795110 0.330649 45.557200
v 12.987540 0.332812 45.564300
v 13.219970 -0.535805 49.160450
v 13.927910 -1.312563 45.976880
v 12.564750 -1.678784 49.282940
v 13.401160 -2.949757 46.104090
v 11.407060 -3.647148 46.785200
v 11.754530 -2.940308 48.046310
v 10.942480 -2.349317 47.757010
v 10.617650 -3.001560 46.547930
v 11.213890 -4.016911 45.561170
v 11.601490 -3.217480 45.189110
v 11.984670 -2.951063 46.236790
v 11.194300 -4.128881 44.086030
v 11.530320 -3.505417 44.168990
v 10.601050 -3.406038 45.391530
v 11.601490 -3.217480 45.189110
v 11.530320 -3.505417 44.168990
v 10.721420 -3.656155 44.109990
v 13.461510 -0.241982 43.147590
v 12.847040 -0.168441 43.390200
v 13.486720 -1.712873 43.181530
v 12.304900 -0.675575 41.457270
v 12.024620 -0.617069 41.724110
v 12.241780 -1.999307 41.143010
v 12.458840 -3.119113 43.536200
v 13.037120 -3.157148 43.311380
v 12.513730 -2.733067 46.153080
v 11.976080 -3.219171 41.341480
v 11.621420 -3.127587 41.639080
v 11.621420 -3.127587 41.639080
v 12.458840 -3.119113 43.536200
v 12.513730 -2.733067 46.153080
v 12.241780 -1.999307 41.143010
v 12.304900 -0.675575 41.457270
v 10.601050 -3.406038 45.391530
v 10.721420 -3.656155 44.109990
v 12.409630 -1.414131 50.123010
v 11.682990 -1.392156 49.941130
v 11.846650 -1.631901 49.174610
v 12.564750 -1.678784 49.282940
v 12.512020 0.480481 49.866100
v 12.957350 -0.390161 50.112380
v 13.219970 -0.535805 49.160450
v 12.800760 0.490988 48.899930
v 11.492770 -0.479011 48.786770
v 11.346590 -0.325562 49.643390
v 13.219970 -0.535805 49.160450
v 12.957350 -0.390161 50.112380
v 11.743790 0.470188 49.697900
v 12.021650 0.499447 48.755080
v 9.108421 0.493743 54.649580
v 9.730623 1.879711 54.750030
v 10.890610 -0.707587 55.504950
v 9.781500 -0.642566 55.042060
v 11.741270 0.571605 55.594190
v 10.983300 1.897667 55.144940
v 11.741270 0.571605 55.594190
v 11.984670 -2.951063 46.236790
v 10.617650 -3.001560 46.547930
v -11.353660 0.953500 50.222620
v -10.780940 -0.340593 50.198880
v -9.046831 -0.186918 51.465120
v -10.256130 2.727404 51.515030
v -12.283890 -1.615795 50.862720
v -12.342530 -2.811449 52.529340
v -10.355630 -2.741217 52.135240
v -11.329510 -1.585351 50.557290
v -12.476910 -1.534445 49.372370
v -13.061280 -0.514854 49.263410
v -13.331600 -0.338117 50.801270
v -12.524420 2.764158 51.750930
v -12.417940 0.971686 50.495230
v -11.520610 -0.464192 48.930050
v -11.836350 -1.492623 49.275740
v -11.992300 0.408639 48.902030
v -12.687270 0.401094 49.031260
v -9.046831 -0.186918 51.465120
v -10.749680 -0.353792 50.035270
v -11.396600 1.107954 50.062100
v -10.256130 2.727404 51.515030
v -10.355630 -2.741217 52.135240
v -12.342530 -2.811449 52.529340
v -12.447340 -1.794198 50.785110
v -11.369310 -1.759811 50.440120
v -13.331600 -0.338117 50.801270
v -13.230210 -0.535839 49.160510
v -12.575090 -1.678857 49.282660
v -12.524420 2.764158 51.750930
v -12.598750 1.128495 50.370030
v -11.856990 -1.631973 49.174330
v -11.503020 -0.479044 48.786800
v -12.031820 0.499448 48.755390
v -12.810920 0.490989 48.900260
v -4.698726 2.717149 28.381200
v -4.898611 3.880866 25.373210
v -6.427135 2.928476 25.323050
v -6.182589 1.949144 28.349180
v -3.472047 2.944046 24.886770
v -3.571835 3.262196 21.811420
v -5.125761 4.666345 22.371230
v -3.213940 1.355672 21.233250
v -3.249291 0.375594 27.222150
v -4.755248 -0.732621 26.499850
v -5.405757 0.036362 21.073960
v -5.460174 -4.041475 51.386220
v -6.049942 -4.191633 48.104160
v -4.406064 -5.027761 47.799140
v -3.918345 -4.868691 51.031770
v -6.202652 -3.728380 40.838580
v -4.730080 -4.555843 40.806680
v -4.711958 -4.955955 44.467670
v -6.412001 -4.082686 44.899800
v -1.917570 1.567232 41.325130
v -1.597222 1.839585 46.037510
v -0.957967 -1.224443 43.817010
v -1.267297 -1.050034 40.923010
v -2.183501 -4.197855 43.983010
v -1.762280 -4.486397 47.939560
v -4.107180 3.231065 47.731810
v -4.189541 2.297381 45.815500
v -6.211729 1.044722 45.758110
v -6.039394 1.052366 47.751920
v -1.638108 3.702706 47.936180
v -0.005129 -2.118737 46.278400
v -0.748053 -2.096297 46.305800
v -0.005129 1.327823 46.644950
v -0.005129 -4.649144 47.837200
v -0.748053 -2.096297 46.305800
v -0.005129 -2.118737 46.278400
v -0.005129 -5.325214 50.060450
v -0.957967 -1.224443 43.817010
v -3.877416 3.363515 49.603270
v -5.731510 1.478876 49.615310
v -5.091576 1.491965 51.902550
v -3.536193 2.954539 51.803860
v -1.655574 3.416780 51.759080
v -1.644115 3.872800 49.628970
v -7.091686 -1.766761 48.525410
v -6.309199 -2.003213 51.609610
v -4.495087 1.059436 53.726730
v -2.449742 2.463788 53.752250
v -5.496723 -2.039653 53.616690
v -4.289061 -2.335928 55.462530
v -3.193448 0.274814 56.076760
v -3.596826 1.930773 27.980710
v -4.698726 2.717149 28.381200
v -4.454466 1.835879 32.072330
v -2.904957 1.071977 31.635050
v -2.679231 1.478379 36.602860
v -4.621038 2.251145 36.589970
v -3.343523 -2.444358 31.727530
v -5.713717 -2.429285 31.852640
v -5.547854 -1.763840 29.115160
v -3.612779 -1.664240 29.070460
v -6.182589 1.949144 28.349180
v -6.016304 1.039215 31.691660
v -6.788765 -0.950459 36.198420
v -6.321772 -0.318556 30.746680
v -5.855518 -3.137642 36.147430
v -6.118409 0.910478 36.466520
v -1.956009 -0.707331 36.614030
v -7.261419 -1.345310 41.011590
v -6.072472 0.966827 41.374140
v -4.469495 2.439159 41.438660
v -3.047147 -3.488028 36.579040
v -2.322132 -0.517126 32.499180
v -1.956009 -0.707331 36.614030
v -4.515090 -3.749586 36.387990
v -2.498529 -4.043184 40.880990
v -2.322132 -0.517126 32.499180
v -1.267297 -1.050034 40.923010
v -7.406372 -1.565623 45.359340
v -4.859460 -3.921684 53.412310
v -3.596286 -5.034685 53.131930
v -0.005129 -5.749269 52.361340
v -0.005128 -5.605262 54.372710
v -2.940344 -4.985155 54.915280
v -6.655691 3.501616 22.301400
v -3.596826 1.930773 27.980710
v -0.005129 3.216232 48.034150
v -0.005131 3.367961 51.710060
v -0.005131 3.789697 49.665150
v -0.005130 2.303712 53.804730
v -7.046696 1.191473 24.567850
v -7.486558 1.491809 21.760380
v -5.730247 -0.965284 6.482562
v -6.893800 0.423972 4.937516
v -7.404551 -1.197697 3.645612
v -5.878057 -2.478017 5.401236
v -6.704619 2.533551 3.811415
v -4.066205 2.260351 3.698273
v -4.059448 0.893939 2.171238
v -7.128733 1.283069 2.222283
v -6.063709 4.135136 4.613328
v -5.907843 3.221220 8.332202
v -5.257143 3.758446 8.351858
v -5.173823 4.716303 4.814384
v -4.326121 4.224481 4.539696
v -4.630969 3.244932 8.292273
v -3.931852 -2.544377 -0.040510
v -4.582129 -4.132764 -0.040512
v -7.571820 -3.988488 -0.040477
v -8.097143 -2.229835 -0.040465
v -7.487178 0.921469 -0.040459
v -3.967521 0.556087 -0.040500
v -4.184189 -1.858656 3.604637
v -4.323203 0.100796 5.141910
v -6.197959 2.800747 2.339965
v -4.505388 2.690368 2.271000
v -6.704619 2.533551 3.811415
v -5.794217 3.915267 2.798541
v -6.197959 2.800747 2.339965
v -5.234984 4.175714 2.882445
v -5.226812 4.519903 19.121670
v -6.734719 3.409181 19.115980
v -3.905833 3.065277 18.722900
v -5.752495 2.813340 -0.040487
v -4.896482 2.725347 -0.040486
v -4.066205 2.260351 3.698273
v -4.505388 2.690368 2.271000
v -4.771584 3.787786 2.767617
v -5.153138 3.491016 12.005030
v -5.928898 2.764952 12.081540
v -7.468127 1.633431 19.167740
v -5.341565 0.653250 11.868150
v -4.190114 1.456266 11.887840
v -6.457666 1.620351 12.844160
v -4.483632 2.741013 11.988820
v -6.462795 1.726279 8.279558
v -5.503842 0.353341 8.663620
v -6.462795 1.726279 8.279558
v -5.907843 3.221220 8.332202
v -5.257143 3.758446 8.351858
v -4.630969 3.244932 8.292273
v 4.688432 2.717161 28.381200
v 6.172304 1.949174 28.349180
v 6.416841 2.928508 25.323050
v 4.888307 3.880880 25.373210
v 3.461755 2.944043 24.886780
v 5.115448 4.666362 22.371230
v 3.561540 3.262194 21.811420
v 3.203667 1.355667 21.233250
v 5.395499 0.036382 21.073960
v 4.744995 -0.732608 26.499850
v 3.239025 0.375589 27.222150
v 5.449918 -4.042295 51.383660
v 3.908101 -4.868704 51.028530
v 4.395818 -5.027746 47.799140
v 6.039692 -4.191614 48.104170
v 6.192401 -3.728359 40.838590
v 6.401752 -4.082664 44.899800
v 4.701710 -4.955939 44.467670
v 4.719831 -4.555826 40.806680
v 1.907301 1.567240 41.325110
v 1.257038 -1.050028 40.922990
v 0.947708 -1.224437 43.816990
v 1.586959 1.839588 46.037500
v 1.752022 -4.486398 47.939560
v 2.173251 -4.197846 43.982990
v 4.096914 3.231071 47.731800
v 6.029132 1.052376 47.751920
v 6.201462 1.044742 45.758120
v 4.179271 2.297395 45.815500
v 1.627842 3.702710 47.936180
v 0.737795 -2.096297 46.305800
v 0.737795 -2.096297 46.305800
v 0.947708 -1.224437 43.816990
v 3.867156 3.364141 49.606980
v 3.525934 2.954345 51.807230
v 5.081317 1.491072 51.904680
v 5.721250 1.478717 49.617430
v 1.633854 3.874356 49.633120
v 1.645313 3.417398 51.762840
v 6.298943 -2.004488 51.608780
v 7.081430 -1.766739 48.525420
v 2.439483 2.463198 53.755200
v 4.484828 1.057996 53.728490
v 5.486467 -2.041466 53.615830
v 3.183193 0.274817 56.076760
v 4.278802 -2.335930 55.462540
v 3.586543 1.930774 27.980710
v 2.894687 1.071989 31.635040
v 4.444193 1.835895 32.072320
v 4.688432 2.717161 28.381200
v 2.668961 1.478390 36.602840
v 4.610765 2.251162 36.589970
v 3.333265 -2.444345 31.727520
v 3.602525 -1.664231 29.070450
v 5.537602 -1.763818 29.115160
v 5.703459 -2.429265 31.852650
v 6.172304 1.949174 28.349180
v 6.006034 1.039237 31.691660
v 6.778503 -0.950435 36.198430
v 5.845263 -3.137621 36.147430
v 6.311506 -0.318533 30.746690
v 6.108141 0.910499 36.466530
v 1.945747 -0.707322 36.614020
v 7.251160 -1.345287 41.011600
v 6.062204 0.966847 41.374150
v 4.459223 2.439174 41.438660
v 3.036893 -3.488015 36.579030
v 1.945747 -0.707322 36.614020
v 2.311868 -0.517116 32.499160
v 4.504838 -3.749570 36.387990
v 2.488280 -4.043174 40.880980
v 2.311868 -0.517116 32.499160
v 1.257038 -1.050028 40.922990
v 7.396113 -1.565599 45.359350
v 4.849204 -3.923138 53.409860
v 3.586032 -5.035483 53.128540
v 2.930089 -4.985151 54.915280
v 6.645393 3.501650 22.301400
v 3.586543 1.930774 27.980710
v 7.476283 1.491852 21.760370
v 7.036422 1.191512 24.567850
v 5.719984 -0.965261 6.482559
v 5.867795 -2.477994 5.401235
v 7.394286 -1.197665 3.645615
v 6.883532 0.424001 4.937518
v 6.694345 2.533579 3.811417
v 7.118462 1.283099 2.222286
v 4.049181 0.893953 2.171229
v 4.055933 2.260364 3.698265
v 6.053430 4.135161 4.613328
v 5.163542 4.716322 4.814381
v 5.246857 3.758463 8.351857
v 5.897561 3.221243 8.332203
v 4.315841 4.224497 4.539689
v 4.620687 3.244945 8.292269
v 3.921597 -2.544365 -0.040517
v 8.086885 -2.229799 -0.040462
v 7.561568 -3.988456 -0.040476
v 4.571879 -4.132750 -0.040514
v 7.476909 0.921502 -0.040454
v 3.957254 0.556099 -0.040508
v 4.312937 0.100809 5.141903
v 4.173928 -1.858644 3.604631
v 4.495114 2.690383 2.270993
v 6.187684 2.800772 2.339964
v 6.694345 2.533579 3.811417
v 6.187684 2.800772 2.339964
v 5.783938 3.915290 2.798538
v 5.224706 4.175735 2.882441
v 6.724423 3.409215 19.115980
v 5.216505 4.519919 19.121670
v 3.895542 3.065279 18.722910
v 4.886208 2.725365 -0.040492
v 5.742221 2.813363 -0.040490
v 4.055933 2.260364 3.698265
v 4.761306 3.787802 2.767611
v 4.495114 2.690383 2.270993
v 5.142847 3.491031 12.005040
v 5.918615 2.764975 12.081540
v 7.457851 1.633474 19.167740
v 4.179846 1.456270 11.887840
v 5.331306 0.653267 11.868150
v 6.447394 1.620381 12.844160
v 4.473349 2.741020 11.988820
v 6.452524 1.726307 8.279558
v 5.493582 0.353361 8.663620
v 6.452524 1.726307 8.279558
v 5.897561 3.221243 8.332203
v 5.246857 3.758463 8.351857
v 4.620687 3.244945 8.292269
v 13.446840 1.039745 51.651640
v 13.348850 -1.476933 52.042770
v 13.446840 1.039745 51.651640
v 13.348850 -1.476933 52.042770
v -0.005128 2.731866 63.258470
v -0.005126 1.165861 61.732270
v -1.061203 1.871268 63.403060
v -0.005128 2.395479 64.932580
v 1.050949 1.871269 63.403060
v -6.362137 3.198912 66.716190
v -6.255349 3.386925 67.569400
v -10.828110 0.751252 72.327560
v -12.098740 0.666946 74.927760
v -10.113800 1.375416 72.641320
v -5.633397 3.487457 69.060420
v -5.720362 3.555048 67.703740
v -9.869442 0.997997 66.650440
v -12.098740 0.666946 74.927760
v -10.286610 0.722105 72.539660
v -10.113800 1.375416 72.641320
v -8.009560 2.477706 64.617900
v -7.999534 0.980420 65.697660
v -9.503145 1.151257 63.285050
v -8.470738 2.101068 70.348040
v -7.165299 0.849159 67.776250
v -6.927961 2.814485 68.082520
v -6.419932 2.528635 67.728310
v -6.784082 2.887019 67.295360
v -7.441861 2.580016 66.698880
v -5.633397 3.487457 69.060420
v -6.362137 3.198912 66.716190
v -5.720362 3.555048 67.703740
v -7.138473 2.681240 66.056920
v -6.538822 3.142308 65.918110
v -6.522086 -1.434761 66.487820
v -6.431376 -1.712578 67.318080
v -10.159500 0.051631 72.576080
v -5.822875 -2.001639 68.789890
v -5.909681 -1.929491 67.433440
v -10.159500 0.051631 72.576080
v -8.108873 -0.399303 64.476100
v -8.562475 -0.556546 70.217060
v -7.064754 -1.148402 67.887210
v -6.537070 -0.864769 67.561060
v -6.923537 -1.152984 67.096250
v -7.556614 -0.744351 66.535030
v -5.822875 -2.001639 68.789890
v -6.522086 -1.434761 66.487820
v -5.909681 -1.929491 67.433440
v -7.258735 -0.802654 65.885210
v -6.691753 -1.288015 65.699780
v 6.351861 3.198934 66.716220
v 6.245070 3.386947 67.569430
v 10.817850 0.751280 72.327540
v 10.103530 1.375433 72.641320
v 12.088490 0.666969 74.927750
v 5.623117 3.487478 69.060450
v 5.710083 3.555070 67.703770
v 9.859179 0.998007 66.650440
v 12.088490 0.666969 74.927750
v 10.103530 1.375433 72.641320
v 10.276350 0.722127 72.539630
v 7.999287 2.477731 64.617920
v 9.492879 1.151286 63.285050
v 7.989269 0.980445 65.697670
v 8.460467 2.101093 70.348050
v 6.917686 2.814509 68.082540
v 7.155037 0.849180 67.776240
v 6.409659 2.528657 67.728320
v 6.773806 2.887042 67.295390
v 7.431587 2.580041 66.698900
v 5.623117 3.487478 69.060450
v 6.351861 3.198934 66.716220
v 5.710083 3.555070 67.703770
v 7.128200 2.681264 66.056930
v 6.528544 3.142332 65.918140
v 6.511838 -1.434742 66.487790
v 6.421127 -1.712558 67.318040
v 10.149240 0.051657 72.576060
v 5.812627 -2.001621 68.789850
v 5.899434 -1.929473 67.433410
v 10.149240 0.051657 72.576060
v 8.098616 -0.399278 64.476080
v 8.552220 -0.556523 70.217030
v 7.054503 -1.148381 67.887180
v 6.526816 -0.864749 67.561040
v 6.913286 -1.152963 67.096230
v 7.546360 -0.744329 66.535010
v 5.812627 -2.001621 68.789850
v 6.511838 -1.434742 66.487790
v 5.899434 -1.929473 67.433410
v 7.248480 -0.802632 65.885190
v 6.681501 -1.287994 65.699740
v -14.277120 0.158850 52.929710
v -13.789220 -1.129120 46.730640
v -12.622640 2.247473 50.217670
v -13.014680 1.271535 50.471730
v -13.717000 -0.010270 52.091750
v -13.681820 0.895640 51.940300
v -14.277120 0.158850 52.929710
v -13.349770 -0.337938 50.225330
v -12.995290 1.232592 49.343400
v -12.622640 2.247473 50.217670
v -13.014680 1.271535 50.471730
v -13.448780 0.606159 51.164120
v -13.541870 -0.812336 48.088240
v -13.367980 -0.253868 48.509480
v -13.317430 0.328621 49.110560
v -13.789220 -1.129120 46.730640
v -13.433730 -0.005633 47.917720
v -12.648760 -2.764816 51.125450
v -13.030450 -1.757863 51.020390
v -13.691090 -0.884101 52.262630
v -13.012740 -2.117300 49.950100
v -12.648760 -2.764816 51.125450
v -13.030450 -1.757863 51.020390
v -13.456560 -0.887582 51.434650
v -13.344190 -1.126176 48.708690
v -13.298800 -1.371485 49.458450
v -13.390070 -1.606351 48.283280
v 14.266960 0.158855 52.929370
v 13.778960 -1.129077 46.730640
v 12.612830 2.247323 50.216130
v 13.004710 1.271452 50.470720
v 13.671780 0.895592 51.939530
v 13.706820 -0.010254 52.091500
v 14.266960 0.158855 52.929370
v 12.985330 1.232505 49.342340
v 13.339560 -0.337913 50.225170
v 12.612830 2.247323 50.216130
v 13.004710 1.271452 50.470720
v 13.438710 0.606127 51.163490
v 13.531610 -0.812293 48.088250
v 13.357720 -0.253825 48.509490
v 13.307250 0.328629 49.110260
v 13.778960 -1.129077 46.730640
v 13.423470 -0.005591 47.917730
v 12.638130 -2.764621 51.126700
v 13.020000 -1.757736 51.021070
v 13.680770 -0.884029 52.262860
v 13.002240 -2.117156 49.950920
v 12.638130 -2.764621 51.126700
v 13.020000 -1.757736 51.021070
v 13.446250 -0.887514 51.434850
v 13.333930 -1.126134 48.708700
v 13.288490 -1.371420 49.458630
v 13.379810 -1.606310 48.283280
v -12.095400 0.326391 54.129840
v -5.421027 -1.631754 67.334460
v -0.005127 -6.545224 63.847270
v -5.337759 0.625937 67.379680
v -2.647321 0.189771 78.423970
v -0.005139 2.003697 73.609300
v -3.517708 -4.385943 61.115140
v -3.273798 -3.857693 58.110240
v -2.284437 -0.073470 77.178860
v -7.583509 0.733942 69.939150
v -0.005128 -4.625749 67.982260
v -11.613710 -0.740332 47.585480
v -12.527330 -3.233501 46.950900
v -11.856990 -1.631973 49.174330
v -11.503020 -0.479044 48.786800
v -10.952730 -2.349351 47.757020
v -11.503020 -0.479044 48.786800
v -11.204550 -4.128914 44.086020
v -11.986320 -3.219207 41.341470
v 12.085210 0.326398 54.129580
v 5.410772 -1.631744 67.334440
v 5.327501 0.625937 67.379690
v 2.730750 -0.079675 78.335380
v 3.263547 -3.857693 58.110240
v 3.507459 -4.385941 61.115150
v 2.302666 -0.303285 77.103300
v 7.573246 0.733964 69.939140
v 11.603460 -0.740295 47.585480
v 12.517070 -3.233463 46.950890
v 11.846650 -1.631901 49.174610
v 11.492770 -0.479011 48.786770
v 10.942480 -2.349317 47.757010
v 11.492770 -0.479011 48.786770
v 11.194300 -4.128881 44.086030
v 11.976080 -3.219171 41.341480
v -13.456850 1.039808 51.652480
v -13.359270 -1.477044 52.042210
v -13.456850 1.039808 51.652480
v -13.359270 -1.477044 52.042210
v -3.931852 -2.544377 -0.040510
v -3.967521 0.556087 -0.040500
v -7.487178 0.921469 -0.040459
v -7.128733 1.283069 2.222283
v -8.097143 -2.229835 -0.040465
v -7.417503 -3.947486 3.357556
v -6.060064 -4.865486 5.019072
v -6.369141 0.495590 27.413850
v -0.005129 1.133968 56.178500
v -2.541176 -0.036147 29.531160
v -2.541176 -0.036147 29.531160
v -4.755248 -0.732621 26.499850
v -6.369141 0.495590 27.413850
v -3.249291 0.375594 27.222150
v -3.249291 0.375594 27.222150
v -5.503842 0.353341 8.663620
v -5.281990 3.748290 -0.040482
v -4.174070 1.591391 7.983269
v -4.059448 0.893939 2.171238
v -4.896482 2.725347 -0.040486
v -5.281990 3.748290 -0.040482
v -5.752495 2.813340 -0.040487
v -4.693310 -4.178478 3.488296
v -4.174070 1.591391 7.983269
v -6.040004 -5.448682 3.361362
v -4.582129 -4.132764 -0.040512
v -7.571820 -3.988488 -0.040477
v -6.024982 -5.425362 -0.040501
v -6.024982 -5.425362 -0.040501
v 3.957254 0.556099 -0.040508
v 3.921597 -2.544365 -0.040517
v 7.476909 0.921502 -0.040454
v 7.118462 1.283099 2.222286
v 8.086885 -2.229799 -0.040462
v 7.407248 -3.947454 3.357557
v 6.049811 -4.865463 5.019071
v 6.358873 0.495622 27.413850
v 2.530911 -0.036147 29.531150
v 2.530911 -0.036147 29.531150
v 4.744995 -0.732608 26.499850
v 6.358873 0.495622 27.413850
v 3.239025 0.375589 27.222150
v 3.239025 0.375589 27.222150
v 5.493582 0.353361 8.663620
v 5.271711 3.748310 -0.040487
v 4.163800 1.591398 7.983265
v 4.049181 0.893953 2.171229
v 4.886208 2.725365 -0.040492
v 5.271711 3.748310 -0.040487
v 5.742221 2.813363 -0.040490
v 4.683055 -4.178464 3.488294
v 4.163800 1.591398 7.983265
v 6.029752 -5.448659 3.361361
v 4.571879 -4.132750 -0.040514
v 6.014735 -5.425339 -0.040501
v 7.561568 -3.988456 -0.040476
v 6.014735 -5.425339 -0.040501
vt 0.756090 0.037435 0.000000
vt 0.780783 0.016846 0.000000
vt 0.720071 0.011737 0.000000
vt 0.720071 0.034658 0.000000
vt 0.777224 0.046018 0.000000
vt 0.756090 0.037435 0.000000
vt 0.780783 0.016846 0.000000
vt 0.810127 0.031774 0.000000
vt 0.751153 0.055468 0.000000
vt 0.794833 0.061225 0.000000
vt 0.764252 0.063776 0.000000
vt 0.777224 0.046018 0.000000
vt 0.810127 0.031774 0.000000
vt 0.741709 0.050865 0.000000
vt 0.720071 0.048667 0.000000
vt 0.741709 0.050865 0.000000
vt 0.751153 0.055468 0.000000
vt 0.027521 0.383717 0.000000
vt 0.122582 0.391716 0.000000
vt 0.083918 0.423953 0.000000
vt 0.027522 0.419605 0.000000
vt 0.122582 0.391716 0.000000
vt 0.083918 0.423953 0.000000
vt 0.117010 0.437393 0.000000
vt 0.168528 0.415090 0.000000
vt 0.144581 0.461203 0.000000
vt 0.076189 0.452188 0.000000
vt 0.096698 0.465197 0.000000
vt 0.168528 0.415090 0.000000
vt 0.117010 0.437393 0.000000
vt 0.061403 0.444982 0.000000
vt 0.027522 0.441540 0.000000
vt 0.061403 0.444982 0.000000
vt 0.076189 0.452188 0.000000
vt 0.875999 0.875297 0.000000
vt 0.915501 0.884915 0.000000
vt 0.879509 0.933119 0.000000
vt 0.826153 0.915518 0.000000
vt 0.818850 0.968050 0.000000
vt 0.828785 0.947493 0.000000
vt 0.875680 0.962445 0.000000
vt 0.866363 0.971413 0.000000
vt 0.882438 0.982490 0.000000
vt 0.797842 0.982490 0.000000
vt 0.932030 0.950501 0.000000
vt 0.913810 0.964134 0.000000
vt 0.707917 0.982490 0.000000
vt 0.759640 0.955012 0.000000
vt 0.950247 0.893688 0.000000
vt 0.879509 0.933119 0.000000
vt 0.915501 0.884915 0.000000
vt 0.818850 0.968050 0.000000
vt 0.866363 0.971413 0.000000
vt 0.875680 0.962445 0.000000
vt 0.828785 0.947493 0.000000
vt 0.882438 0.982490 0.000000
vt 0.797842 0.982490 0.000000
vt 0.913810 0.964134 0.000000
vt 0.932030 0.950501 0.000000
vt 0.950247 0.893688 0.000000
vt 0.875999 0.875297 0.000000
vt 0.826153 0.915518 0.000000
vt 0.879509 0.933119 0.000000
vt 0.915501 0.884915 0.000000
vt 0.818850 0.968050 0.000000
vt 0.866363 0.971413 0.000000
vt 0.875680 0.962445 0.000000
vt 0.828785 0.947493 0.000000
vt 0.882438 0.982490 0.000000
vt 0.797842 0.982490 0.000000
vt 0.913810 0.964134 0.000000
vt 0.932030 0.950501 0.000000
vt 0.759640 0.955012 0.000000
vt 0.707917 0.982490 0.000000
vt 0.950247 0.893688 0.000000
vt 0.915501 0.884915 0.000000
vt 0.879509 0.933119 0.000000
vt 0.818850 0.968050 0.000000
vt 0.828785 0.947493 0.000000
vt 0.875680 0.962445 0.000000
vt 0.866363 0.971413 0.000000
vt 0.882438 0.982490 0.000000
vt 0.797842 0.982490 0.000000
vt 0.932030 0.950501 0.000000
vt 0.913810 0.964134 0.000000
vt 0.950247 0.893688 0.000000
vt 0.014767 0.957779 0.000000
vt 0.061437 0.966977 0.000000
vt 0.061437 0.948781 0.000000
vt 0.014767 0.936286 0.000000
vt 0.045306 0.886350 0.000000
vt 0.014767 0.888401 0.000000
vt 0.014767 0.907817 0.000000
vt 0.073139 0.897433 0.000000
vt 0.059265 0.874696 0.000000
vt 0.014767 0.875226 0.000000
vt 0.112710 0.906700 0.000000
vt 0.061437 0.915455 0.000000
vt 0.108992 0.920547 0.000000
vt 0.061437 0.948781 0.000000
vt 0.061437 0.966977 0.000000
vt 0.045306 0.886350 0.000000
vt 0.073139 0.897433 0.000000
vt 0.059265 0.874696 0.000000
vt 0.112710 0.906700 0.000000
vt 0.108992 0.920547 0.000000
vt 0.061437 0.915455 0.000000
vt 0.014767 0.957779 0.000000
vt 0.014767 0.936286 0.000000
vt 0.061437 0.948781 0.000000
vt 0.061437 0.966977 0.000000
vt 0.045306 0.886350 0.000000
vt 0.073139 0.897433 0.000000
vt 0.014767 0.907817 0.000000
vt 0.014767 0.888401 0.000000
vt 0.059265 0.874696 0.000000
vt 0.014767 0.875226 0.000000
vt 0.112710 0.906700 0.000000
vt 0.108992 0.920547 0.000000
vt 0.061437 0.915455 0.000000
vt 0.061437 0.966977 0.000000
vt 0.061437 0.948781 0.000000
vt 0.045306 0.886350 0.000000
vt 0.073139 0.897433 0.000000
vt 0.059265 0.874696 0.000000
vt 0.112710 0.906700 0.000000
vt 0.061437 0.915455 0.000000
vt 0.108992 0.920547 0.000000
vt 0.787466 0.371252 0.000000
vt 0.731288 0.383148 0.000000
vt 0.735529 0.410680 0.000000
vt 0.798309 0.404907 0.000000
vt 0.762421 0.433964 0.000000
vt 0.733272 0.431205 0.000000
vt 0.735529 0.410680 0.000000
vt 0.764704 0.407523 0.000000
vt 0.796323 0.437520 0.000000
vt 0.733272 0.431205 0.000000
vt 0.951274 0.450896 0.000000
vt 0.946915 0.433410 0.000000
vt 0.857572 0.441633 0.000000
vt 0.920145 0.479286 0.000000
vt 0.859074 0.401671 0.000000
vt 0.948065 0.408772 0.000000
vt 0.952139 0.384747 0.000000
vt 0.868941 0.359796 0.000000
vt 0.852400 0.493050 0.000000
vt 0.777802 0.470524 0.000000
vt 0.796323 0.437520 0.000000
vt 0.857572 0.441633 0.000000
vt 0.859074 0.401671 0.000000
vt 0.948065 0.408772 0.000000
vt 0.946915 0.433410 0.000000
vt 0.960860 0.410933 0.000000
vt 0.967664 0.386200 0.000000
vt 0.960860 0.410933 0.000000
vt 0.959745 0.432652 0.000000
vt 0.959745 0.432652 0.000000
vt 0.980538 0.411889 0.000000
vt 0.980538 0.391509 0.000000
vt 0.980538 0.432662 0.000000
vt 0.980538 0.446167 0.000000
vt 0.956612 0.465181 0.000000
vt 0.980538 0.411889 0.000000
vt 0.980538 0.432662 0.000000
vt 0.980538 0.446167 0.000000
vt 0.951274 0.450896 0.000000
vt 0.798309 0.404907 0.000000
vt 0.729505 0.455240 0.000000
vt 0.184344 0.190136 0.000000
vt 0.209858 0.168331 0.000000
vt 0.103662 0.177725 0.000000
vt 0.113913 0.194715 0.000000
vt 0.219649 0.328031 0.000000
vt 0.291886 0.345138 0.000000
vt 0.293864 0.314706 0.000000
vt 0.228224 0.311010 0.000000
vt 0.496694 0.335655 0.000000
vt 0.582995 0.352788 0.000000
vt 0.586567 0.320166 0.000000
vt 0.493636 0.310341 0.000000
vt 0.575394 0.283742 0.000000
vt 0.479980 0.279829 0.000000
vt 0.349517 0.215778 0.000000
vt 0.351532 0.249466 0.000000
vt 0.424816 0.243040 0.000000
vt 0.420542 0.215166 0.000000
vt 0.029294 0.349437 0.000000
vt 0.029294 0.374284 0.000000
vt 0.133253 0.382275 0.000000
vt 0.132104 0.356612 0.000000
vt 0.409368 0.173973 0.000000
vt 0.296399 0.183351 0.000000
vt 0.668039 0.189576 0.000000
vt 0.562737 0.189576 0.000000
vt 0.565189 0.245108 0.000000
vt 0.668039 0.244849 0.000000
vt 0.169079 0.130691 0.000000
vt 0.148131 0.084527 0.000000
vt 0.029294 0.084527 0.000000
vt 0.029294 0.148006 0.000000
vt 0.173353 0.247315 0.000000
vt 0.225131 0.246971 0.000000
vt 0.223128 0.232149 0.000000
vt 0.174653 0.232280 0.000000
vt 0.451254 0.428036 0.000000
vt 0.420410 0.448309 0.000000
vt 0.450377 0.458878 0.000000
vt 0.469747 0.438416 0.000000
vt 0.451254 0.428036 0.000000
vt 0.469747 0.438416 0.000000
vt 0.511463 0.418644 0.000000
vt 0.497965 0.411665 0.000000
vt 0.541073 0.405184 0.000000
vt 0.549902 0.408748 0.000000
vt 0.257830 0.390505 0.000000
vt 0.289674 0.390505 0.000000
vt 0.289533 0.378081 0.000000
vt 0.216145 0.376404 0.000000
vt 0.147233 0.278984 0.000000
vt 0.233439 0.288300 0.000000
vt 0.225103 0.263655 0.000000
vt 0.150603 0.261363 0.000000
vt 0.305960 0.282820 0.000000
vt 0.282889 0.258982 0.000000
vt 0.535911 0.438213 0.000000
vt 0.553170 0.457538 0.000000
vt 0.601845 0.456904 0.000000
vt 0.582622 0.432755 0.000000
vt 0.586575 0.411627 0.000000
vt 0.564928 0.385317 0.000000
vt 0.593528 0.384944 0.000000
vt 0.479364 0.458501 0.000000
vt 0.490216 0.446916 0.000000
vt 0.490216 0.446916 0.000000
vt 0.511463 0.418644 0.000000
vt 0.668039 0.319950 0.000000
vt 0.668039 0.283286 0.000000
vt 0.230902 0.213687 0.000000
vt 0.249816 0.194694 0.000000
vt 0.177375 0.208940 0.000000
vt 0.124004 0.213297 0.000000
vt 0.061033 0.214051 0.000000
vt 0.079384 0.227822 0.000000
vt 0.582622 0.432755 0.000000
vt 0.551837 0.084527 0.000000
vt 0.560396 0.139442 0.000000
vt 0.668039 0.142292 0.000000
vt 0.668039 0.084527 0.000000
vt 0.029294 0.227868 0.000000
vt 0.029294 0.245612 0.000000
vt 0.073693 0.245157 0.000000
vt 0.480807 0.137437 0.000000
vt 0.461594 0.084527 0.000000
vt 0.381915 0.084527 0.000000
vt 0.395052 0.134076 0.000000
vt 0.125557 0.231107 0.000000
vt 0.325600 0.228365 0.000000
vt 0.279621 0.240778 0.000000
vt 0.493194 0.354348 0.000000
vt 0.546430 0.366781 0.000000
vt 0.549902 0.408748 0.000000
vt 0.497965 0.411665 0.000000
vt 0.535911 0.438213 0.000000
vt 0.046813 0.203380 0.000000
vt 0.599665 0.377206 0.000000
vt 0.668039 0.371470 0.000000
vt 0.485173 0.184513 0.000000
vt 0.484605 0.245649 0.000000
vt 0.586575 0.411627 0.000000
vt 0.555556 0.385439 0.000000
vt 0.541073 0.405184 0.000000
vt 0.300058 0.209809 0.000000
vt 0.270197 0.225440 0.000000
vt 0.029294 0.315441 0.000000
vt 0.136654 0.324006 0.000000
vt 0.137313 0.306065 0.000000
vt 0.029294 0.296579 0.000000
vt 0.208659 0.355116 0.000000
vt 0.259357 0.352725 0.000000
vt 0.134897 0.340016 0.000000
vt 0.128860 0.245567 0.000000
vt 0.071662 0.263765 0.000000
vt 0.668039 0.347538 0.000000
vt 0.029294 0.330916 0.000000
vt 0.310015 0.324522 0.000000
vt 0.390374 0.326664 0.000000
vt 0.387252 0.336330 0.000000
vt 0.310091 0.340741 0.000000
vt 0.310179 0.359611 0.000000
vt 0.387832 0.359671 0.000000
vt 0.310270 0.379004 0.000000
vt 0.387858 0.379910 0.000000
vt 0.367485 0.402087 0.000000
vt 0.369199 0.414765 0.000000
vt 0.337887 0.413973 0.000000
vt 0.336879 0.397094 0.000000
vt 0.389849 0.393715 0.000000
vt 0.403319 0.394940 0.000000
vt 0.405051 0.405037 0.000000
vt 0.438091 0.404961 0.000000
vt 0.438196 0.395900 0.000000
vt 0.409005 0.276435 0.000000
vt 0.441317 0.280542 0.000000
vt 0.441807 0.291958 0.000000
vt 0.419184 0.294990 0.000000
vt 0.431088 0.326655 0.000000
vt 0.431542 0.336260 0.000000
vt 0.432614 0.359571 0.000000
vt 0.470621 0.326289 0.000000
vt 0.470667 0.336216 0.000000
vt 0.470776 0.359486 0.000000
vt 0.433194 0.391005 0.000000
vt 0.388947 0.390232 0.000000
vt 0.432821 0.379685 0.000000
vt 0.470869 0.379406 0.000000
vt 0.470923 0.390887 0.000000
vt 0.470496 0.299608 0.000000
vt 0.430849 0.299009 0.000000
vt 0.395136 0.297094 0.000000
vt 0.475631 0.313037 0.000000
vt 0.475693 0.326203 0.000000
vt 0.403172 0.414914 0.000000
vt 0.438273 0.414186 0.000000
vt 0.925417 0.570455 0.000000
vt 0.925417 0.582392 0.000000
vt 0.951278 0.582392 0.000000
vt 0.951278 0.570455 0.000000
vt 0.925417 0.570455 0.000000
vt 0.925417 0.582392 0.000000
vt 0.889293 0.582392 0.000000
vt 0.889293 0.570455 0.000000
vt 0.985206 0.582392 0.000000
vt 0.985206 0.570456 0.000000
vt 0.889158 0.570455 0.000000
vt 0.889158 0.582392 0.000000
vt 0.951278 0.570455 0.000000
vt 0.951278 0.582392 0.000000
vt 0.985207 0.496922 0.000000
vt 0.951278 0.496922 0.000000
vt 0.951278 0.496922 0.000000
vt 0.925417 0.496922 0.000000
vt 0.889159 0.496922 0.000000
vt 0.925417 0.496922 0.000000
vt 0.889293 0.496922 0.000000
vt 0.400249 0.295658 0.000000
vt 0.377311 0.278161 0.000000
vt 0.787466 0.371252 0.000000
vt 0.798309 0.404907 0.000000
vt 0.735529 0.410680 0.000000
vt 0.731288 0.383148 0.000000
vt 0.762421 0.433964 0.000000
vt 0.764704 0.407523 0.000000
vt 0.735529 0.410680 0.000000
vt 0.733272 0.431205 0.000000
vt 0.796323 0.437520 0.000000
vt 0.733272 0.431205 0.000000
vt 0.951274 0.450896 0.000000
vt 0.920145 0.479286 0.000000
vt 0.857572 0.441633 0.000000
vt 0.946915 0.433410 0.000000
vt 0.859074 0.401671 0.000000
vt 0.868941 0.359796 0.000000
vt 0.952139 0.384747 0.000000
vt 0.948065 0.408772 0.000000
vt 0.852400 0.493050 0.000000
vt 0.857572 0.441633 0.000000
vt 0.796323 0.437520 0.000000
vt 0.777802 0.470524 0.000000
vt 0.859074 0.401671 0.000000
vt 0.946915 0.433410 0.000000
vt 0.948065 0.408772 0.000000
vt 0.960860 0.410933 0.000000
vt 0.967664 0.386200 0.000000
vt 0.960860 0.410933 0.000000
vt 0.959745 0.432652 0.000000
vt 0.959745 0.432652 0.000000
vt 0.980538 0.411889 0.000000
vt 0.980538 0.391509 0.000000
vt 0.956612 0.465181 0.000000
vt 0.980538 0.446167 0.000000
vt 0.980538 0.432662 0.000000
vt 0.980538 0.411889 0.000000
vt 0.980538 0.432662 0.000000
vt 0.980538 0.446167 0.000000
vt 0.951274 0.450896 0.000000
vt 0.798309 0.404907 0.000000
vt 0.729505 0.455240 0.000000
vt 0.184344 0.190136 0.000000
vt 0.113913 0.194715 0.000000
vt 0.103662 0.177725 0.000000
vt 0.209858 0.168331 0.000000
vt 0.219649 0.328031 0.000000
vt 0.228224 0.311010 0.000000
vt 0.293864 0.314706 0.000000
vt 0.291886 0.345138 0.000000
vt 0.496694 0.335655 0.000000
vt 0.493636 0.310341 0.000000
vt 0.586567 0.320166 0.000000
vt 0.582995 0.352788 0.000000
vt 0.575394 0.283742 0.000000
vt 0.479980 0.279829 0.000000
vt 0.349517 0.215778 0.000000
vt 0.420542 0.215166 0.000000
vt 0.424816 0.243040 0.000000
vt 0.351532 0.249466 0.000000
vt 0.132104 0.356612 0.000000
vt 0.133253 0.382275 0.000000
vt 0.409368 0.173973 0.000000
vt 0.296399 0.183351 0.000000
vt 0.565189 0.245108 0.000000
vt 0.562737 0.189576 0.000000
vt 0.169079 0.130691 0.000000
vt 0.148131 0.084527 0.000000
vt 0.173353 0.247315 0.000000
vt 0.174653 0.232280 0.000000
vt 0.223128 0.232149 0.000000
vt 0.225131 0.246971 0.000000
vt 0.451254 0.428036 0.000000
vt 0.469747 0.438416 0.000000
vt 0.450377 0.458878 0.000000
vt 0.420410 0.448309 0.000000
vt 0.469747 0.438416 0.000000
vt 0.451254 0.428036 0.000000
vt 0.511463 0.418644 0.000000
vt 0.549902 0.408748 0.000000
vt 0.541073 0.405184 0.000000
vt 0.497965 0.411665 0.000000
vt 0.257830 0.390505 0.000000
vt 0.216145 0.376404 0.000000
vt 0.147233 0.278984 0.000000
vt 0.150603 0.261363 0.000000
vt 0.225103 0.263655 0.000000
vt 0.233439 0.288300 0.000000
vt 0.282889 0.258982 0.000000
vt 0.305960 0.282820 0.000000
vt 0.535911 0.438213 0.000000
vt 0.582622 0.432755 0.000000
vt 0.601845 0.456904 0.000000
vt 0.553170 0.457538 0.000000
vt 0.586575 0.411627 0.000000
vt 0.593528 0.384944 0.000000
vt 0.564928 0.385317 0.000000
vt 0.490216 0.446916 0.000000
vt 0.479364 0.458501 0.000000
vt 0.490216 0.446916 0.000000
vt 0.511463 0.418644 0.000000
vt 0.230902 0.213687 0.000000
vt 0.177375 0.208940 0.000000
vt 0.249816 0.194694 0.000000
vt 0.124004 0.213297 0.000000
vt 0.079384 0.227822 0.000000
vt 0.061033 0.214051 0.000000
vt 0.582622 0.432755 0.000000
vt 0.551837 0.084527 0.000000
vt 0.560396 0.139442 0.000000
vt 0.073693 0.245157 0.000000
vt 0.480807 0.137437 0.000000
vt 0.395052 0.134076 0.000000
vt 0.381915 0.084527 0.000000
vt 0.461594 0.084527 0.000000
vt 0.125557 0.231107 0.000000
vt 0.279621 0.240778 0.000000
vt 0.325600 0.228365 0.000000
vt 0.546430 0.366781 0.000000
vt 0.493194 0.354348 0.000000
vt 0.549902 0.408748 0.000000
vt 0.497965 0.411665 0.000000
vt 0.535911 0.438213 0.000000
vt 0.046813 0.203380 0.000000
vt 0.599665 0.377206 0.000000
vt 0.484605 0.245649 0.000000
vt 0.485173 0.184513 0.000000
vt 0.586575 0.411627 0.000000
vt 0.541073 0.405184 0.000000
vt 0.555556 0.385439 0.000000
vt 0.300058 0.209809 0.000000
vt 0.270197 0.225440 0.000000
vt 0.137313 0.306065 0.000000
vt 0.136654 0.324006 0.000000
vt 0.208659 0.355116 0.000000
vt 0.134897 0.340016 0.000000
vt 0.259357 0.352725 0.000000
vt 0.128860 0.245567 0.000000
vt 0.071662 0.263765 0.000000
vt 0.310015 0.324522 0.000000
vt 0.310091 0.340741 0.000000
vt 0.387252 0.336330 0.000000
vt 0.390374 0.326664 0.000000
vt 0.310179 0.359611 0.000000
vt 0.387832 0.359671 0.000000
vt 0.310270 0.379004 0.000000
vt 0.387858 0.379910 0.000000
vt 0.367485 0.402087 0.000000
vt 0.336879 0.397094 0.000000
vt 0.337887 0.413973 0.000000
vt 0.369199 0.414765 0.000000
vt 0.405051 0.405037 0.000000
vt 0.403319 0.394940 0.000000
vt 0.389849 0.393715 0.000000
vt 0.438091 0.404961 0.000000
vt 0.438196 0.395900 0.000000
vt 0.409005 0.276435 0.000000
vt 0.419184 0.294990 0.000000
vt 0.441807 0.291958 0.000000
vt 0.441317 0.280542 0.000000
vt 0.431542 0.336260 0.000000
vt 0.431088 0.326655 0.000000
vt 0.432614 0.359571 0.000000
vt 0.470667 0.336216 0.000000
vt 0.470621 0.326289 0.000000
vt 0.470776 0.359486 0.000000
vt 0.433194 0.391005 0.000000
vt 0.432821 0.379685 0.000000
vt 0.388947 0.390232 0.000000
vt 0.470869 0.379406 0.000000
vt 0.470923 0.390887 0.000000
vt 0.470496 0.299608 0.000000
vt 0.430849 0.299009 0.000000
vt 0.395136 0.297094 0.000000
vt 0.475631 0.313037 0.000000
vt 0.475693 0.326203 0.000000
vt 0.403172 0.414914 0.000000
vt 0.438273 0.414186 0.000000
vt 0.925417 0.570455 0.000000
vt 0.951278 0.570455 0.000000
vt 0.951278 0.582392 0.000000
vt 0.925417 0.582392 0.000000
vt 0.925417 0.570455 0.000000
vt 0.889293 0.570455 0.000000
vt 0.889293 0.582392 0.000000
vt 0.925417 0.582392 0.000000
vt 0.985206 0.582392 0.000000
vt 0.985206 0.570456 0.000000
vt 0.889158 0.582392 0.000000
vt 0.889158 0.570455 0.000000
vt 0.951278 0.570455 0.000000
vt 0.951278 0.582392 0.000000
vt 0.985207 0.496922 0.000000
vt 0.951278 0.496922 0.000000
vt 0.925417 0.496922 0.000000
vt 0.951278 0.496922 0.000000
vt 0.889159 0.496922 0.000000
vt 0.925417 0.496922 0.000000
vt 0.889293 0.496922 0.000000
vt 0.400249 0.295658 0.000000
vt 0.377311 0.278161 0.000000
vt 0.756090 0.037435 0.000000
vt 0.720071 0.034658 0.000000
vt 0.720071 0.011737 0.000000
vt 0.780783 0.016846 0.000000
vt 0.777224 0.046018 0.000000
vt 0.810127 0.031774 0.000000
vt 0.780783 0.016846 0.000000
vt 0.756090 0.037435 0.000000
vt 0.751153 0.055468 0.000000
vt 0.764252 0.063776 0.000000
vt 0.794833 0.061225 0.000000
vt 0.810127 0.031774 0.000000
vt 0.777224 0.046018 0.000000
vt 0.720071 0.048667 0.000000
vt 0.741709 0.050865 0.000000
vt 0.741709 0.050865 0.000000
vt 0.751153 0.055468 0.000000
vt 0.027521 0.383717 0.000000
vt 0.027522 0.419605 0.000000
vt 0.083918 0.423953 0.000000
vt 0.122582 0.391716 0.000000
vt 0.122582 0.391716 0.000000
vt 0.168528 0.415090 0.000000
vt 0.117010 0.437393 0.000000
vt 0.083918 0.423953 0.000000
vt 0.144581 0.461203 0.000000
vt 0.096698 0.465197 0.000000
vt 0.076189 0.452188 0.000000
vt 0.168528 0.415090 0.000000
vt 0.117010 0.437393 0.000000
vt 0.061403 0.444982 0.000000
vt 0.027522 0.441540 0.000000
vt 0.061403 0.444982 0.000000
vt 0.076189 0.452188 0.000000
vt 0.903248 0.153314 0.000000
vt 0.892090 0.136929 0.000000
vt 0.919628 0.135905 0.000000
vt 0.926007 0.153314 0.000000
vt 0.916764 0.134204 0.000000
vt 0.917980 0.111815 0.000000
vt 0.886880 0.113566 0.000000
vt 0.947339 0.109322 0.000000
vt 0.950905 0.153314 0.000000
vt 0.983566 0.153314 0.000000
vt 0.983566 0.108429 0.000000
vt 0.804756 0.327443 0.000000
vt 0.802399 0.314709 0.000000
vt 0.764621 0.313848 0.000000
vt 0.774175 0.326907 0.000000
vt 0.795511 0.287998 0.000000
vt 0.758736 0.287489 0.000000
vt 0.759328 0.301249 0.000000
vt 0.798045 0.302586 0.000000
vt 0.953463 0.289123 0.000000
vt 0.956994 0.306848 0.000000
vt 0.987266 0.297708 0.000000
vt 0.987266 0.289097 0.000000
vt 0.717649 0.299172 0.000000
vt 0.716776 0.311143 0.000000
vt 0.916997 0.311126 0.000000
vt 0.917350 0.305464 0.000000
vt 0.874203 0.304234 0.000000
vt 0.876128 0.311182 0.000000
vt 0.958059 0.311497 0.000000
vt 0.987266 0.308427 0.000000
vt 0.987266 0.307817 0.000000
vt 0.987266 0.309687 0.000000
vt 0.687299 0.310964 0.000000
vt 0.687299 0.306002 0.000000
vt 0.687299 0.306214 0.000000
vt 0.687299 0.322684 0.000000
vt 0.687299 0.297708 0.000000
vt 0.920106 0.318202 0.000000
vt 0.877064 0.318497 0.000000
vt 0.880326 0.326744 0.000000
vt 0.924435 0.326323 0.000000
vt 0.959915 0.325655 0.000000
vt 0.959679 0.318232 0.000000
vt 0.835033 0.315136 0.000000
vt 0.836914 0.327367 0.000000
vt 0.889922 0.336985 0.000000
vt 0.939108 0.336340 0.000000
vt 0.833623 0.338081 0.000000
vt 0.825100 0.348135 0.000000
vt 0.899833 0.348135 0.000000
vt 0.950376 0.234881 0.000000
vt 0.911711 0.234881 0.000000
vt 0.911248 0.247744 0.000000
vt 0.952028 0.248423 0.000000
vt 0.952474 0.270200 0.000000
vt 0.909812 0.268789 0.000000
vt 0.732197 0.253953 0.000000
vt 0.786906 0.253566 0.000000
vt 0.780454 0.240948 0.000000
vt 0.741711 0.240730 0.000000
vt 0.870630 0.234881 0.000000
vt 0.870008 0.247640 0.000000
vt 0.831320 0.269981 0.000000
vt 0.826616 0.248009 0.000000
vt 0.794253 0.271315 0.000000
vt 0.870123 0.268885 0.000000
vt 0.987266 0.272572 0.000000
vt 0.833786 0.288110 0.000000
vt 0.869912 0.288548 0.000000
vt 0.911840 0.289149 0.000000
vt 0.725864 0.272759 0.000000
vt 0.687299 0.256113 0.000000
vt 0.687299 0.272572 0.000000
vt 0.759520 0.272382 0.000000
vt 0.720559 0.286115 0.000000
vt 0.987266 0.256113 0.000000
vt 0.687299 0.285224 0.000000
vt 0.834168 0.303334 0.000000
vt 0.801311 0.337676 0.000000
vt 0.771659 0.337249 0.000000
vt 0.687299 0.336127 0.000000
vt 0.687299 0.348135 0.000000
vt 0.766755 0.348135 0.000000
vt 0.915846 0.113562 0.000000
vt 0.926007 0.153314 0.000000
vt 0.987266 0.313501 0.000000
vt 0.987266 0.325502 0.000000
vt 0.987266 0.318992 0.000000
vt 0.987266 0.335959 0.000000
vt 0.947691 0.131482 0.000000
vt 0.948137 0.111019 0.000000
vt 0.281489 0.487201 0.000000
vt 0.308348 0.470805 0.000000
vt 0.270703 0.460264 0.000000
vt 0.253197 0.478093 0.000000
vt 0.252929 0.410335 0.000000
vt 0.252439 0.398828 0.000000
vt 0.230499 0.397789 0.000000
vt 0.232515 0.412845 0.000000
vt 0.381710 0.465530 0.000000
vt 0.368313 0.499270 0.000000
vt 0.380303 0.497552 0.000000
vt 0.399924 0.467564 0.000000
vt 0.381710 0.465530 0.000000
vt 0.368313 0.499270 0.000000
vt 0.182710 0.398587 0.000000
vt 0.178467 0.401733 0.000000
vt 0.178406 0.408746 0.000000
vt 0.182587 0.412612 0.000000
vt 0.212198 0.415235 0.000000
vt 0.210287 0.397789 0.000000
vt 0.270703 0.460264 0.000000
vt 0.308348 0.470805 0.000000
vt 0.265794 0.407772 0.000000
vt 0.265376 0.400405 0.000000
vt 0.349164 0.458266 0.000000
vt 0.379064 0.449049 0.000000
vt 0.357508 0.444552 0.000000
vt 0.390663 0.449393 0.000000
vt 0.894871 0.089293 0.000000
vt 0.921848 0.090714 0.000000
vt 0.924899 0.089341 0.000000
vt 0.286381 0.405142 0.000000
vt 0.285857 0.401416 0.000000
vt 0.349164 0.458266 0.000000
vt 0.357508 0.444552 0.000000
vt 0.379064 0.449049 0.000000
vt 0.928877 0.038693 0.000000
vt 0.941005 0.039801 0.000000
vt 0.949618 0.092827 0.000000
vt 0.983566 0.040316 0.000000
vt 0.959709 0.043414 0.000000
vt 0.959709 0.043414 0.000000
vt 0.941005 0.039801 0.000000
vt 0.337392 0.499270 0.000000
vt 0.983566 0.013213 0.000000
vt 0.964691 0.013213 0.000000
vt 0.940378 0.013213 0.000000
vt 0.928877 0.013213 0.000000
vt 0.940378 0.013213 0.000000
vt 0.903248 0.153314 0.000000
vt 0.926007 0.153314 0.000000
vt 0.919628 0.135905 0.000000
vt 0.892090 0.136929 0.000000
vt 0.916764 0.134204 0.000000
vt 0.886880 0.113566 0.000000
vt 0.917980 0.111815 0.000000
vt 0.947339 0.109322 0.000000
vt 0.983566 0.108429 0.000000
vt 0.983566 0.153314 0.000000
vt 0.950905 0.153314 0.000000
vt 0.804756 0.327443 0.000000
vt 0.774175 0.326907 0.000000
vt 0.764621 0.313848 0.000000
vt 0.802399 0.314709 0.000000
vt 0.795511 0.287998 0.000000
vt 0.798045 0.302586 0.000000
vt 0.759328 0.301249 0.000000
vt 0.758736 0.287489 0.000000
vt 0.953463 0.289123 0.000000
vt 0.987266 0.289097 0.000000
vt 0.987266 0.297708 0.000000
vt 0.956994 0.306848 0.000000
vt 0.716776 0.311143 0.000000
vt 0.717649 0.299172 0.000000
vt 0.916997 0.311126 0.000000
vt 0.876128 0.311182 0.000000
vt 0.874203 0.304234 0.000000
vt 0.917350 0.305464 0.000000
vt 0.958059 0.311497 0.000000
vt 0.987266 0.307817 0.000000
vt 0.687299 0.306002 0.000000
vt 0.687299 0.297708 0.000000
vt 0.920106 0.318202 0.000000
vt 0.924435 0.326323 0.000000
vt 0.880326 0.326744 0.000000
vt 0.877064 0.318497 0.000000
vt 0.959679 0.318232 0.000000
vt 0.959915 0.325655 0.000000
vt 0.836914 0.327367 0.000000
vt 0.835033 0.315136 0.000000
vt 0.939108 0.336340 0.000000
vt 0.889922 0.336985 0.000000
vt 0.833623 0.338081 0.000000
vt 0.899833 0.348135 0.000000
vt 0.825100 0.348135 0.000000
vt 0.950376 0.234881 0.000000
vt 0.952028 0.248423 0.000000
vt 0.911248 0.247744 0.000000
vt 0.911711 0.234881 0.000000
vt 0.952474 0.270200 0.000000
vt 0.909812 0.268789 0.000000
vt 0.732197 0.253953 0.000000
vt 0.741711 0.240730 0.000000
vt 0.780454 0.240948 0.000000
vt 0.786906 0.253566 0.000000
vt 0.870630 0.234881 0.000000
vt 0.870008 0.247640 0.000000
vt 0.831320 0.269981 0.000000
vt 0.794253 0.271315 0.000000
vt 0.826616 0.248009 0.000000
vt 0.870123 0.268885 0.000000
vt 0.987266 0.272572 0.000000
vt 0.833786 0.288110 0.000000
vt 0.869912 0.288548 0.000000
vt 0.911840 0.289149 0.000000
vt 0.725864 0.272759 0.000000
vt 0.687299 0.272572 0.000000
vt 0.687299 0.256113 0.000000
vt 0.759520 0.272382 0.000000
vt 0.720559 0.286115 0.000000
vt 0.987266 0.256113 0.000000
vt 0.687299 0.285224 0.000000
vt 0.834168 0.303334 0.000000
vt 0.801311 0.337676 0.000000
vt 0.771659 0.337249 0.000000
vt 0.766755 0.348135 0.000000
vt 0.915846 0.113562 0.000000
vt 0.926007 0.153314 0.000000
vt 0.948137 0.111019 0.000000
vt 0.947691 0.131482 0.000000
vt 0.281489 0.487201 0.000000
vt 0.253197 0.478093 0.000000
vt 0.270703 0.460264 0.000000
vt 0.308348 0.470805 0.000000
vt 0.252929 0.410335 0.000000
vt 0.232515 0.412845 0.000000
vt 0.230499 0.397789 0.000000
vt 0.252439 0.398828 0.000000
vt 0.381710 0.465530 0.000000
vt 0.399924 0.467564 0.000000
vt 0.380303 0.497552 0.000000
vt 0.368313 0.499270 0.000000
vt 0.381710 0.465530 0.000000
vt 0.368313 0.499270 0.000000
vt 0.182710 0.398587 0.000000
vt 0.182587 0.412612 0.000000
vt 0.178406 0.408746 0.000000
vt 0.178467 0.401733 0.000000
vt 0.212198 0.415235 0.000000
vt 0.210287 0.397789 0.000000
vt 0.308348 0.470805 0.000000
vt 0.270703 0.460264 0.000000
vt 0.265376 0.400405 0.000000
vt 0.265794 0.407772 0.000000
vt 0.349164 0.458266 0.000000
vt 0.357508 0.444552 0.000000
vt 0.379064 0.449049 0.000000
vt 0.390663 0.449393 0.000000
vt 0.921848 0.090714 0.000000
vt 0.894871 0.089293 0.000000
vt 0.924899 0.089341 0.000000
vt 0.285857 0.401416 0.000000
vt 0.286381 0.405142 0.000000
vt 0.349164 0.458266 0.000000
vt 0.379064 0.449049 0.000000
vt 0.357508 0.444552 0.000000
vt 0.928877 0.038693 0.000000
vt 0.941005 0.039801 0.000000
vt 0.949618 0.092827 0.000000
vt 0.959709 0.043414 0.000000
vt 0.983566 0.040316 0.000000
vt 0.959709 0.043414 0.000000
vt 0.941005 0.039801 0.000000
vt 0.337392 0.499270 0.000000
vt 0.983566 0.013213 0.000000
vt 0.964691 0.013213 0.000000
vt 0.940378 0.013213 0.000000
vt 0.928877 0.013213 0.000000
vt 0.940378 0.013213 0.000000
vt 0.810242 0.049496 0.000000
vt 0.810242 0.049496 0.000000
vt 0.168708 0.442838 0.000000
vt 0.168708 0.442838 0.000000
vt 0.978805 0.715034 0.000000
vt 0.978805 0.648774 0.000000
vt 0.926035 0.710286 0.000000
vt 0.978805 0.765731 0.000000
vt 0.926035 0.710286 0.000000
vt 0.912653 0.980134 0.000000
vt 0.942833 0.970475 0.000000
vt 0.930589 0.825978 0.000000
vt 0.978531 0.781910 0.000000
vt 0.967314 0.835077 0.000000
vt 0.972074 0.942762 0.000000
vt 0.962980 0.976489 0.000000
vt 0.788084 0.922358 0.000000
vt 0.937105 0.802884 0.000000
vt 0.937888 0.788929 0.000000
vt 0.943524 0.790790 0.000000
vt 0.932715 0.742390 0.000000
vt 0.930407 0.749804 0.000000
vt 0.918046 0.736084 0.000000
vt 0.949525 0.779438 0.000000
vt 0.938624 0.762149 0.000000
vt 0.954634 0.768187 0.000000
vt 0.953846 0.764664 0.000000
vt 0.952659 0.761047 0.000000
vt 0.946554 0.756253 0.000000
vt 0.968155 0.772910 0.000000
vt 0.956681 0.759946 0.000000
vt 0.963740 0.765895 0.000000
vt 0.945831 0.752627 0.000000
vt 0.948937 0.750941 0.000000
vt 0.912653 0.980134 0.000000
vt 0.942833 0.970475 0.000000
vt 0.967314 0.835077 0.000000
vt 0.972074 0.942762 0.000000
vt 0.962980 0.976489 0.000000
vt 0.943524 0.790790 0.000000
vt 0.932715 0.742390 0.000000
vt 0.949525 0.779438 0.000000
vt 0.954634 0.768187 0.000000
vt 0.953846 0.764664 0.000000
vt 0.952659 0.761047 0.000000
vt 0.946554 0.756253 0.000000
vt 0.968155 0.772910 0.000000
vt 0.956681 0.759946 0.000000
vt 0.963740 0.765895 0.000000
vt 0.945831 0.752627 0.000000
vt 0.948937 0.750941 0.000000
vt 0.912653 0.980134 0.000000
vt 0.942833 0.970475 0.000000
vt 0.930589 0.825978 0.000000
vt 0.967314 0.835077 0.000000
vt 0.978531 0.781910 0.000000
vt 0.972074 0.942762 0.000000
vt 0.962980 0.976489 0.000000
vt 0.788084 0.922358 0.000000
vt 0.937105 0.802884 0.000000
vt 0.943524 0.790790 0.000000
vt 0.937888 0.788929 0.000000
vt 0.932715 0.742390 0.000000
vt 0.918046 0.736084 0.000000
vt 0.930407 0.749804 0.000000
vt 0.949525 0.779438 0.000000
vt 0.954634 0.768187 0.000000
vt 0.938624 0.762149 0.000000
vt 0.953846 0.764664 0.000000
vt 0.952659 0.761047 0.000000
vt 0.946554 0.756253 0.000000
vt 0.968155 0.772910 0.000000
vt 0.956681 0.759946 0.000000
vt 0.963740 0.765895 0.000000
vt 0.945831 0.752627 0.000000
vt 0.948937 0.750941 0.000000
vt 0.912653 0.980134 0.000000
vt 0.942833 0.970475 0.000000
vt 0.967314 0.835077 0.000000
vt 0.972074 0.942762 0.000000
vt 0.962980 0.976489 0.000000
vt 0.943524 0.790790 0.000000
vt 0.932715 0.742390 0.000000
vt 0.949525 0.779438 0.000000
vt 0.954634 0.768187 0.000000
vt 0.953846 0.764664 0.000000
vt 0.952659 0.761047 0.000000
vt 0.946554 0.756253 0.000000
vt 0.968155 0.772910 0.000000
vt 0.956681 0.759946 0.000000
vt 0.963740 0.765895 0.000000
vt 0.945831 0.752627 0.000000
vt 0.948937 0.750941 0.000000
vt 0.014767 0.985821 0.000000
vt 0.014767 0.845010 0.000000
vt 0.150633 0.931566 0.000000
vt 0.102615 0.936757 0.000000
vt 0.793219 0.107377 0.000000
vt 0.788581 0.096942 0.000000
vt 0.802066 0.107377 0.000000
vt 0.777974 0.107377 0.000000
vt 0.762872 0.087200 0.000000
vt 0.765602 0.076419 0.000000
vt 0.772846 0.088950 0.000000
vt 0.782658 0.098650 0.000000
vt 0.761271 0.107377 0.000000
vt 0.763022 0.102237 0.000000
vt 0.765595 0.097281 0.000000
vt 0.749735 0.107377 0.000000
vt 0.756683 0.097510 0.000000
vt 0.150633 0.931566 0.000000
vt 0.102615 0.936757 0.000000
vt 0.788581 0.096942 0.000000
vt 0.762872 0.087200 0.000000
vt 0.765602 0.076419 0.000000
vt 0.772846 0.088950 0.000000
vt 0.782658 0.098650 0.000000
vt 0.763022 0.102237 0.000000
vt 0.765595 0.097281 0.000000
vt 0.756683 0.097510 0.000000
vt 0.014767 0.985821 0.000000
vt 0.014767 0.845010 0.000000
vt 0.150633 0.931566 0.000000
vt 0.102615 0.936757 0.000000
vt 0.788581 0.096942 0.000000
vt 0.793219 0.107377 0.000000
vt 0.802066 0.107377 0.000000
vt 0.762872 0.087200 0.000000
vt 0.777974 0.107377 0.000000
vt 0.765602 0.076419 0.000000
vt 0.772846 0.088950 0.000000
vt 0.782658 0.098650 0.000000
vt 0.761271 0.107377 0.000000
vt 0.763022 0.102237 0.000000
vt 0.765595 0.097281 0.000000
vt 0.749735 0.107377 0.000000
vt 0.756683 0.097510 0.000000
vt 0.150633 0.931566 0.000000
vt 0.102615 0.936757 0.000000
vt 0.788581 0.096942 0.000000
vt 0.762872 0.087200 0.000000
vt 0.765602 0.076419 0.000000
vt 0.772846 0.088950 0.000000
vt 0.782658 0.098650 0.000000
vt 0.763022 0.102237 0.000000
vt 0.765595 0.097281 0.000000
vt 0.756683 0.097510 0.000000
vt 0.980538 0.458916 0.000000
vt 0.342170 0.275119 0.000000
vt 0.029294 0.193544 0.000000
vt 0.410261 0.258998 0.000000
vt 0.207960 0.390505 0.000000
vt 0.285908 0.365213 0.000000
vt 0.281897 0.133542 0.000000
vt 0.267803 0.084527 0.000000
vt 0.172838 0.390505 0.000000
vt 0.513029 0.458062 0.000000
vt 0.029294 0.267269 0.000000
vt 0.350649 0.314727 0.000000
vt 0.371694 0.389173 0.000000
vt 0.310356 0.397334 0.000000
vt 0.310434 0.413961 0.000000
vt 0.336528 0.296778 0.000000
vt 0.309944 0.309395 0.000000
vt 0.454903 0.287016 0.000000
vt 0.475568 0.299486 0.000000
vt 0.980538 0.458916 0.000000
vt 0.342170 0.275119 0.000000
vt 0.410261 0.258998 0.000000
vt 0.207960 0.390505 0.000000
vt 0.267803 0.084527 0.000000
vt 0.281897 0.133542 0.000000
vt 0.172838 0.390505 0.000000
vt 0.513029 0.458062 0.000000
vt 0.350649 0.314727 0.000000
vt 0.371694 0.389173 0.000000
vt 0.310356 0.397334 0.000000
vt 0.310434 0.413961 0.000000
vt 0.336528 0.296778 0.000000
vt 0.309944 0.309395 0.000000
vt 0.454903 0.287016 0.000000
vt 0.475568 0.299486 0.000000
vt 0.810242 0.049496 0.000000
vt 0.810242 0.049496 0.000000
vt 0.168708 0.442838 0.000000
vt 0.168708 0.442838 0.000000
vt 0.241153 0.423324 0.000000
vt 0.302248 0.423324 0.000000
vt 0.302248 0.423324 0.000000
vt 0.314359 0.444049 0.000000
vt 0.241153 0.423324 0.000000
vt 0.216468 0.454611 0.000000
vt 0.197768 0.469110 0.000000
vt 0.950905 0.153314 0.000000
vt 0.987266 0.348135 0.000000
vt 0.987266 0.244171 0.000000
vt 0.687299 0.244171 0.000000
vt 0.761570 0.234881 0.000000
vt 0.824610 0.234881 0.000000
vt 0.687299 0.234881 0.000000
vt 0.987266 0.234881 0.000000
vt 0.311816 0.501924 0.000000
vt 0.294721 0.403235 0.000000
vt 0.337392 0.499270 0.000000
vt 0.314342 0.444094 0.000000
vt 0.361406 0.423324 0.000000
vt 0.381089 0.423324 0.000000
vt 0.361406 0.423324 0.000000
vt 0.216468 0.454611 0.000000
vt 0.964691 0.013213 0.000000
vt 0.185394 0.458035 0.000000
vt 0.223793 0.423324 0.000000
vt 0.223793 0.423324 0.000000
vt 0.206433 0.423324 0.000000
vt 0.174224 0.404880 0.000000
vt 0.302248 0.423324 0.000000
vt 0.241153 0.423324 0.000000
vt 0.302248 0.423324 0.000000
vt 0.314359 0.444049 0.000000
vt 0.241153 0.423324 0.000000
vt 0.216468 0.454611 0.000000
vt 0.197768 0.469110 0.000000
vt 0.950905 0.153314 0.000000
vt 0.987266 0.244171 0.000000
vt 0.687299 0.244171 0.000000
vt 0.761570 0.234881 0.000000
vt 0.824610 0.234881 0.000000
vt 0.687299 0.234881 0.000000
vt 0.987266 0.234881 0.000000
vt 0.311816 0.501924 0.000000
vt 0.294721 0.403235 0.000000
vt 0.337392 0.499270 0.000000
vt 0.314342 0.444094 0.000000
vt 0.361406 0.423324 0.000000
vt 0.381089 0.423324 0.000000
vt 0.361406 0.423324 0.000000
vt 0.216468 0.454611 0.000000
vt 0.964691 0.013213 0.000000
vt 0.185394 0.458035 0.000000
vt 0.223793 0.423324 0.000000
vt 0.206433 0.423324 0.000000
vt 0.223793 0.423324 0.000000
vt 0.174224 0.404880 0.000000
usemtl Material_1
f 1/1 2/2 3/3
f 3/3 4/4 1/1
f 5/5 6/6 7/7
f 7/7 8/8 5/5
f 9/9 5/5 10/10
f 10/10 11/11 9/9
f 1/1 12/12 13/13
f 13/13 2/2 1/1
f 4/4 6/6 14/14
f 14/14 15/15 4/4
f 4/4 15/15 16/16
f 16/16 1/1 4/4
f 9/9 14/14 6/6
f 6/6 5/5 9/9
f 16/16 17/17 12/12
f 12/12 1/1 16/16
f 17/17 11/11 10/10
f 10/10 12/12 17/17
f 3/3 7/7 6/6
f 6/6 4/4 3/3
f 18/18 19/19 20/20
f 20/20 21/21 18/18
f 22/22 23/23 24/24
f 24/24 25/25 22/22
f 26/26 24/24 27/27
f 27/27 28/28 26/26
f 29/29 30/30 20/20
f 20/20 19/19 29/29
f 31/31 23/23 21/21
f 21/21 32/32 31/31
f 33/33 32/32 21/21
f 21/21 20/20 33/33
f 23/23 31/31 27/27
f 27/27 24/24 23/23
f 30/30 34/34 33/33
f 33/33 20/20 30/30
f 26/26 28/28 34/34
f 34/34 30/30 26/26
f 23/23 22/22 18/18
f 18/18 21/21 23/23
f 35/35 36/36 37/37
f 37/37 38/38 35/35
f 39/39 40/40 41/41
f 41/41 42/42 39/39
f 43/43 44/44 39/39
f 39/39 42/42 43/43
f 41/41 37/37 45/45
f 45/45 46/46 41/41
f 44/44 47/47 48/48
f 48/48 39/39 44/44
f 49/49 45/45 37/37
f 37/37 36/36 49/49
f 35/35 38/38 50/50
f 50/50 51/51 35/35
f 52/52 53/53 54/54
f 54/54 55/55 52/52
f 56/56 53/53 52/52
f 52/52 57/57 56/56
f 54/54 58/58 59/59
f 59/59 50/50 54/54
f 57/57 52/52 48/48
f 48/48 47/47 57/57
f 60/60 51/51 50/50
f 50/50 59/59 60/60
f 61/61 62/62 63/63
f 63/63 64/64 61/61
f 65/65 66/66 67/67
f 67/67 68/68 65/65
f 69/69 66/66 65/65
f 65/65 70/70 69/69
f 67/67 71/71 72/72
f 72/72 63/63 67/67
f 70/70 65/65 73/73
f 73/73 74/74 70/70
f 75/75 64/64 63/63
f 63/63 72/72 75/75
f 61/61 76/76 77/77
f 77/77 62/62 61/61
f 78/78 79/79 80/80
f 80/80 81/81 78/78
f 82/82 83/83 78/78
f 78/78 81/81 82/82
f 80/80 77/77 84/84
f 84/84 85/85 80/80
f 83/83 74/74 73/73
f 73/73 78/78 83/83
f 86/86 84/84 77/77
f 77/77 76/76 86/86
f 87/87 88/88 89/89
f 89/89 90/90 87/87
f 91/91 92/92 93/93
f 93/93 94/94 91/91
f 95/95 96/96 92/92
f 92/92 91/91 95/95
f 97/97 94/94 98/98
f 98/98 99/99 97/97
f 87/87 90/90 100/100
f 100/100 101/101 87/87
f 102/102 103/103 93/93
f 93/93 92/92 102/102
f 104/104 102/102 92/92
f 92/92 96/96 104/104
f 105/105 106/106 107/107
f 107/107 103/103 105/105
f 108/108 109/109 110/110
f 110/110 111/111 108/108
f 112/112 113/113 114/114
f 114/114 115/115 112/112
f 116/116 112/112 115/115
f 115/115 117/117 116/116
f 118/118 119/119 120/120
f 120/120 113/113 118/118
f 108/108 121/121 122/122
f 122/122 109/109 108/108
f 123/123 115/115 114/114
f 114/114 124/124 123/123
f 125/125 117/117 115/115
f 115/115 123/123 125/125
f 126/126 124/124 127/127
f 127/127 128/128 126/126
f 129/129 130/130 131/131
f 131/131 132/132 129/129
f 133/133 134/134 135/135
f 135/135 136/136 133/133
f 137/137 132/132 131/131
f 131/131 138/138 137/137
f 139/139 140/140 141/141
f 141/141 142/142 139/139
f 143/143 144/144 145/145
f 145/145 146/146 143/143
f 147/147 148/148 149/149
f 149/149 150/150 147/147
f 151/151 152/152 153/153
f 153/153 150/150 151/151
f 145/145 152/152 151/151
f 151/151 146/146 145/145
f 140/140 144/144 143/143
f 143/143 141/141 140/140
f 137/137 148/148 147/147
f 147/147 141/141 137/137
f 154/154 155/155 145/145
f 145/145 144/144 154/154
f 156/156 157/157 153/153
f 153/153 152/152 156/156
f 155/155 156/156 152/152
f 152/152 145/145 155/155
f 158/158 154/154 144/144
f 144/144 140/140 158/158
f 159/159 160/160 155/155
f 155/155 154/154 159/159
f 157/157 161/161 162/162
f 162/162 163/163 157/157
f 164/164 161/161 157/157
f 157/157 156/156 164/164
f 160/160 164/164 156/156
f 156/156 155/155 160/160
f 165/165 159/159 154/154
f 154/154 158/158 165/165
f 163/163 166/166 165/165
f 165/165 158/158 163/163
f 150/150 153/153 167/167
f 167/167 142/142 150/150
f 132/132 143/143 146/146
f 146/146 129/129 132/132
f 151/151 150/150 149/149
f 149/149 168/168 151/151
f 129/129 146/146 151/151
f 151/151 168/168 129/129
f 141/141 143/143 132/132
f 132/132 137/137 141/141
f 138/138 169/169 148/148
f 148/148 137/137 138/138
f 136/136 168/168 149/149
f 149/149 133/133 136/136
f 170/170 171/171 172/172
f 172/172 173/173 170/170
f 174/174 175/175 176/176
f 176/176 177/177 174/174
f 178/178 179/179 180/180
f 180/180 181/181 178/178
f 182/182 183/183 181/181
f 181/181 180/180 182/182
f 184/184 185/185 186/186
f 186/186 187/187 184/184
f 188/188 189/189 190/190
f 190/190 191/191 188/188
f 192/192 193/193 184/184
f 184/184 187/187 192/192
f 194/194 195/195 196/196
f 196/196 197/197 194/194
f 198/198 199/199 200/200
f 200/200 201/201 198/198
f 202/202 203/203 204/204
f 204/204 205/205 202/202
f 206/206 207/207 208/208
f 208/208 209/209 206/206
f 208/208 207/207 210/210
f 210/210 211/211 208/208
f 212/212 213/213 214/214
f 214/214 215/215 212/212
f 216/216 217/217 218/218
f 218/218 219/219 216/216
f 220/220 221/221 222/222
f 222/222 223/223 220/220
f 222/222 221/221 224/224
f 224/224 225/225 222/222
f 226/226 227/227 228/228
f 228/228 229/229 226/226
f 230/230 215/215 231/231
f 231/231 232/232 230/230
f 208/208 233/233 234/234
f 234/234 209/209 208/208
f 235/235 233/233 208/208
f 208/208 211/211 235/235
f 226/226 236/236 209/209
f 209/209 234/234 226/226
f 237/237 238/238 182/182
f 182/182 180/180 237/237
f 239/239 240/240 170/170
f 170/170 241/241 239/239
f 242/242 173/173 243/243
f 243/243 244/244 242/242
f 134/134 245/245 230/230
f 230/230 135/135 134/134
f 138/138 229/229 228/228
f 228/228 169/169 138/138
f 246/246 247/247 248/248
f 248/248 249/249 246/246
f 244/244 250/250 251/251
f 251/251 252/252 244/244
f 253/253 254/254 255/255
f 255/255 256/256 253/253
f 242/242 257/257 205/205
f 205/205 241/241 242/242
f 225/225 185/185 258/258
f 258/258 259/259 225/225
f 178/178 260/260 261/261
f 261/261 179/179 178/178
f 236/236 226/226 229/229
f 229/229 262/262 236/236
f 209/209 236/236 263/263
f 263/263 206/206 209/209
f 210/210 213/213 212/212
f 212/212 211/211 210/210
f 227/227 264/264 245/245
f 245/245 228/228 227/227
f 212/212 264/264 235/235
f 235/235 211/211 212/212
f 173/173 172/172 265/265
f 265/265 243/243 173/173
f 179/179 261/261 266/266
f 266/266 267/267 179/179
f 195/195 268/268 269/269
f 269/269 196/196 195/195
f 247/247 253/253 268/268
f 268/268 195/195 247/247
f 270/270 131/131 130/130
f 130/130 232/232 270/270
f 231/231 262/262 270/270
f 270/270 232/232 231/231
f 231/231 271/271 272/272
f 272/272 262/262 231/231
f 271/271 231/231 215/215
f 215/215 214/214 271/271
f 241/241 170/170 173/173
f 173/173 242/242 241/241
f 273/273 240/240 239/239
f 239/239 274/274 273/273
f 275/275 276/276 277/277
f 277/277 278/278 275/275
f 276/276 174/174 177/177
f 177/177 277/277 276/276
f 279/279 280/280 281/281
f 281/281 191/191 279/279
f 259/259 203/203 222/222
f 222/222 225/225 259/259
f 274/274 204/204 203/203
f 203/203 259/259 274/274
f 223/223 222/222 203/203
f 203/203 202/202 223/223
f 202/202 205/205 257/257
f 257/257 282/282 202/202
f 283/283 223/223 282/282
f 282/282 252/252 283/283
f 205/205 204/204 239/239
f 239/239 241/241 205/205
f 278/278 277/277 220/220
f 220/220 283/283 278/278
f 277/277 177/177 221/221
f 221/221 220/220 277/277
f 221/221 177/177 176/176
f 176/176 224/224 221/221
f 192/192 268/268 253/253
f 253/253 256/256 192/192
f 254/254 253/253 247/247
f 247/247 246/246 254/254
f 183/183 182/182 196/196
f 196/196 269/269 183/183
f 196/196 182/182 238/238
f 238/238 197/197 196/196
f 236/236 262/262 272/272
f 272/272 263/263 236/236
f 180/180 179/179 284/284
f 284/284 237/237 180/180
f 212/212 215/215 245/245
f 245/245 264/264 212/212
f 285/285 281/281 276/276
f 276/276 275/275 285/285
f 188/188 191/191 281/281
f 281/281 285/285 188/188
f 281/281 280/280 174/174
f 174/174 276/276 281/281
f 194/194 248/248 247/247
f 247/247 195/195 194/194
f 286/286 287/287 288/288
f 288/288 289/289 286/286
f 290/290 289/289 288/288
f 288/288 291/291 290/290
f 292/292 290/290 291/291
f 291/291 293/293 292/292
f 294/294 295/295 296/296
f 296/296 297/297 294/294
f 294/294 298/298 299/299
f 299/299 300/300 294/294
f 301/301 300/300 299/299
f 299/299 302/302 301/301
f 303/303 304/304 305/305
f 305/305 306/306 303/303
f 288/288 287/287 307/307
f 307/307 308/308 288/288
f 291/291 288/288 308/308
f 308/308 309/309 291/291
f 308/308 307/307 310/310
f 310/310 311/311 308/308
f 312/312 309/309 308/308
f 308/308 311/311 312/312
f 313/313 314/314 293/293
f 293/293 315/315 313/313
f 316/316 317/317 313/313
f 313/313 315/315 316/316
f 309/309 312/312 316/316
f 316/316 315/315 309/309
f 318/318 310/310 307/307
f 307/307 319/319 318/318
f 293/293 291/291 309/309
f 309/309 315/315 293/293
f 307/307 287/287 320/320
f 320/320 319/319 307/307
f 321/321 322/322 310/310
f 310/310 318/318 321/321
f 323/323 300/300 301/301
f 301/301 324/324 323/323
f 323/323 295/295 294/294
f 294/294 300/300 323/323
f 325/325 326/326 327/327
f 327/327 328/328 325/325
f 329/329 330/330 331/331
f 331/331 332/332 329/329
f 333/333 334/334 328/328
f 328/328 327/327 333/333
f 325/325 335/335 336/336
f 336/336 326/326 325/325
f 337/337 334/334 333/333
f 333/333 338/338 337/337
f 329/329 337/337 338/338
f 338/338 330/330 329/329
f 339/339 334/334 337/337
f 337/337 340/340 339/339
f 325/325 328/328 341/341
f 341/341 342/342 325/325
f 342/342 343/343 335/335
f 335/335 325/325 342/342
f 329/329 344/344 340/340
f 340/340 337/337 329/329
f 332/332 345/345 344/344
f 344/344 329/329 332/332
f 339/339 341/341 328/328
f 328/328 334/334 339/339
f 346/346 347/347 303/303
f 303/303 306/306 346/346
f 135/135 230/230 232/232
f 232/232 130/130 135/135
f 228/228 245/245 134/134
f 134/134 169/169 228/228
f 270/270 229/229 138/138
f 138/138 131/131 270/270
f 348/348 349/349 350/350
f 350/350 351/351 348/348
f 352/352 353/353 354/354
f 354/354 355/355 352/352
f 356/356 357/357 350/350
f 350/350 349/349 356/356
f 358/358 359/359 360/360
f 360/360 361/361 358/358
f 362/362 363/363 364/364
f 364/364 365/365 362/362
f 366/366 367/367 368/368
f 368/368 369/369 366/366
f 370/370 367/367 371/371
f 371/371 372/372 370/370
f 364/364 363/363 370/370
f 370/370 372/372 364/364
f 361/361 360/360 362/362
f 362/362 365/365 361/361
f 356/356 360/360 366/366
f 366/366 369/369 356/356
f 373/373 365/365 364/364
f 364/364 374/374 373/373
f 375/375 372/372 371/371
f 371/371 376/376 375/375
f 374/374 364/364 372/372
f 372/372 375/375 374/374
f 377/377 361/361 365/365
f 365/365 373/373 377/377
f 378/378 373/373 374/374
f 374/374 379/379 378/378
f 376/376 380/380 381/381
f 381/381 382/382 376/376
f 383/383 375/375 376/376
f 376/376 382/382 383/383
f 379/379 374/374 375/375
f 375/375 383/383 379/379
f 384/384 377/377 373/373
f 373/373 378/378 384/384
f 380/380 377/377 384/384
f 384/384 385/385 380/380
f 367/367 359/359 386/386
f 386/386 371/371 367/367
f 349/349 348/348 363/363
f 363/363 362/362 349/349
f 370/370 387/387 368/368
f 368/368 367/367 370/370
f 348/348 387/387 370/370
f 370/370 363/363 348/348
f 360/360 356/356 349/349
f 349/349 362/362 360/360
f 357/357 356/356 369/369
f 369/369 388/388 357/357
f 353/353 352/352 368/368
f 368/368 387/387 353/353
f 389/389 390/390 391/391
f 391/391 392/392 389/389
f 393/393 394/394 395/395
f 395/395 396/396 393/393
f 397/397 398/398 399/399
f 399/399 400/400 397/397
f 401/401 399/399 398/398
f 398/398 402/402 401/401
f 403/403 404/404 405/405
f 405/405 406/406 403/403
f 188/188 407/407 408/408
f 408/408 189/189 188/188
f 409/409 404/404 403/403
f 403/403 410/410 409/409
f 194/194 197/197 411/411
f 411/411 412/412 194/194
f 413/413 201/201 200/200
f 200/200 414/414 413/413
f 415/415 416/416 417/417
f 417/417 418/418 415/415
f 419/419 420/420 421/421
f 421/421 422/422 419/419
f 421/421 423/423 424/424
f 424/424 422/422 421/421
f 425/425 426/426 427/427
f 427/427 428/428 425/425
f 429/429 430/430 218/218
f 218/218 217/217 429/429
f 431/431 432/432 433/433
f 433/433 434/434 431/431
f 433/433 435/435 436/436
f 436/436 434/434 433/433
f 437/437 438/438 439/439
f 439/439 440/440 437/437
f 441/441 442/442 443/443
f 443/443 426/426 441/441
f 421/421 420/420 444/444
f 444/444 445/445 421/421
f 446/446 423/423 421/421
f 421/421 445/445 446/446
f 437/437 444/444 420/420
f 420/420 447/447 437/437
f 237/237 399/399 401/401
f 401/401 238/238 237/237
f 448/448 449/449 389/389
f 389/389 450/450 448/448
f 451/451 452/452 453/453
f 453/453 390/390 451/451
f 355/355 354/354 441/441
f 441/441 454/454 355/355
f 357/357 388/388 439/439
f 439/439 438/438 357/357
f 455/455 249/249 248/248
f 248/248 456/456 455/455
f 452/452 457/457 251/251
f 251/251 250/250 452/452
f 458/458 459/459 460/460
f 460/460 461/461 458/458
f 451/451 449/449 416/416
f 416/416 462/462 451/451
f 435/435 463/463 464/464
f 464/464 406/406 435/435
f 397/397 400/400 465/465
f 465/465 466/466 397/397
f 447/447 467/467 438/438
f 438/438 437/437 447/447
f 420/420 419/419 468/468
f 468/468 447/447 420/420
f 424/424 423/423 425/425
f 425/425 428/428 424/424
f 440/440 439/439 454/454
f 454/454 469/469 440/440
f 425/425 423/423 446/446
f 446/446 469/469 425/425
f 390/390 453/453 470/470
f 470/470 391/391 390/390
f 400/400 267/267 471/471
f 471/471 465/465 400/400
f 412/412 411/411 472/472
f 472/472 473/473 412/412
f 456/456 412/412 473/473
f 473/473 458/458 456/456
f 474/474 442/442 351/351
f 351/351 350/350 474/474
f 443/443 442/442 474/474
f 474/474 467/467 443/443
f 443/443 467/467 475/475
f 475/475 476/476 443/443
f 476/476 427/427 426/426
f 426/426 443/443 476/476
f 449/449 451/451 390/390
f 390/390 389/389 449/449
f 477/477 478/478 448/448
f 448/448 450/450 477/477
f 275/275 278/278 479/479
f 479/479 480/480 275/275
f 480/480 479/479 394/394
f 394/394 393/393 480/480
f 481/481 407/407 482/482
f 482/482 483/483 481/481
f 463/463 435/435 433/433
f 433/433 418/418 463/463
f 478/478 463/463 418/418
f 418/418 417/417 478/478
f 432/432 415/415 418/418
f 418/418 433/433 432/432
f 415/415 484/484 462/462
f 462/462 416/416 415/415
f 485/485 457/457 484/484
f 484/484 432/432 485/485
f 416/416 449/449 448/448
f 448/448 417/417 416/416
f 278/278 485/485 431/431
f 431/431 479/479 278/278
f 479/479 431/431 434/434
f 434/434 394/394 479/479
f 434/434 436/436 395/395
f 395/395 394/394 434/434
f 409/409 459/459 458/458
f 458/458 473/473 409/409
f 461/461 455/455 456/456
f 456/456 458/458 461/461
f 402/402 472/472 411/411
f 411/411 401/401 402/402
f 411/411 197/197 238/238
f 238/238 401/401 411/411
f 447/447 468/468 475/475
f 475/475 467/467 447/447
f 399/399 237/237 284/284
f 284/284 400/400 399/399
f 425/425 469/469 454/454
f 454/454 426/426 425/425
f 285/285 275/275 480/480
f 480/480 482/482 285/285
f 188/188 285/285 482/482
f 482/482 407/407 188/188
f 482/482 480/480 393/393
f 393/393 483/483 482/482
f 194/194 412/412 456/456
f 456/456 248/248 194/194
f 486/486 487/487 488/488
f 488/488 489/489 486/486
f 490/490 491/491 488/488
f 488/488 487/487 490/490
f 492/492 493/493 491/491
f 491/491 490/490 492/492
f 494/494 495/495 496/496
f 496/496 497/497 494/494
f 494/494 498/498 499/499
f 499/499 500/500 494/494
f 501/501 502/502 499/499
f 499/499 498/498 501/501
f 503/503 504/504 505/505
f 505/505 506/506 503/503
f 488/488 507/507 508/508
f 508/508 489/489 488/488
f 491/491 509/509 507/507
f 507/507 488/488 491/491
f 507/507 510/510 511/511
f 511/511 508/508 507/507
f 512/512 510/510 507/507
f 507/507 509/509 512/512
f 513/513 514/514 493/493
f 493/493 515/515 513/513
f 516/516 514/514 513/513
f 513/513 517/517 516/516
f 509/509 514/514 516/516
f 516/516 512/512 509/509
f 518/518 519/519 508/508
f 508/508 511/511 518/518
f 493/493 514/514 509/509
f 509/509 491/491 493/493
f 508/508 519/519 520/520
f 520/520 489/489 508/508
f 521/521 518/518 511/511
f 511/511 522/522 521/521
f 523/523 524/524 501/501
f 501/501 498/498 523/523
f 523/523 498/498 494/494
f 494/494 497/497 523/523
f 525/525 526/526 527/527
f 527/527 528/528 525/525
f 529/529 530/530 531/531
f 531/531 532/532 529/529
f 533/533 527/527 526/526
f 526/526 534/534 533/533
f 525/525 528/528 535/535
f 535/535 536/536 525/525
f 537/537 538/538 533/533
f 533/533 534/534 537/537
f 529/529 532/532 538/538
f 538/538 537/537 529/529
f 539/539 540/540 537/537
f 537/537 534/534 539/539
f 525/525 541/541 542/542
f 542/542 526/526 525/525
f 541/541 525/525 536/536
f 536/536 543/543 541/541
f 529/529 537/537 540/540
f 540/540 544/544 529/529
f 530/530 529/529 544/544
f 544/544 545/545 530/530
f 539/539 534/534 526/526
f 526/526 542/542 539/539
f 546/546 504/504 503/503
f 503/503 547/547 546/546
f 354/354 351/351 442/442
f 442/442 441/441 354/354
f 439/439 388/388 355/355
f 355/355 454/454 439/439
f 474/474 350/350 357/357
f 357/357 438/438 474/474
f 548/548 549/549 550/550
f 550/550 551/551 548/548
f 552/552 553/553 554/554
f 554/554 555/555 552/552
f 556/556 557/557 558/558
f 558/558 552/552 556/556
f 548/548 551/551 559/559
f 559/559 560/560 548/548
f 549/549 561/561 562/562
f 562/562 555/555 549/549
f 549/549 548/548 563/563
f 563/563 561/561 549/549
f 556/556 552/552 555/555
f 555/555 562/562 556/556
f 563/563 548/548 560/560
f 560/560 564/564 563/563
f 564/564 560/560 558/558
f 558/558 557/557 564/564
f 550/550 549/549 555/555
f 555/555 554/554 550/550
f 565/565 566/566 567/567
f 567/567 568/568 565/565
f 569/569 570/570 571/571
f 571/571 572/572 569/569
f 573/573 574/574 575/575
f 575/575 571/571 573/573
f 576/576 568/568 567/567
f 567/567 577/577 576/576
f 578/578 579/579 566/566
f 566/566 572/572 578/578
f 580/580 567/567 566/566
f 566/566 579/579 580/580
f 572/572 571/571 575/575
f 575/575 578/578 572/572
f 577/577 567/567 580/580
f 580/580 581/581 577/577
f 573/573 577/577 581/581
f 581/581 574/574 573/573
f 572/572 566/566 565/565
f 565/565 569/569 572/572
f 582/582 583/583 584/584
f 584/584 585/585 582/582
f 586/586 587/587 588/588
f 588/588 583/583 586/586
f 589/589 590/590 591/591
f 591/591 592/592 589/589
f 593/593 594/594 595/595
f 595/595 596/596 593/593
f 597/597 598/598 599/599
f 599/599 600/600 597/597
f 601/601 602/602 603/603
f 603/603 604/604 601/601
f 595/595 599/599 605/605
f 605/605 606/606 595/595
f 607/607 608/608 609/609
f 609/609 610/610 607/607
f 608/608 607/607 611/611
f 611/611 602/602 608/608
f 612/612 613/613 602/602
f 602/602 614/614 612/612
f 615/615 606/606 616/616
f 616/616 617/617 615/615
f 618/618 596/596 606/606
f 606/606 615/615 618/618
f 619/619 616/616 606/606
f 606/606 605/605 619/619
f 620/620 621/621 622/622
f 622/622 623/623 620/620
f 623/623 624/624 625/625
f 625/625 620/620 623/623
f 621/621 626/626 627/627
f 627/627 622/622 621/621
f 623/623 622/622 628/628
f 628/628 629/629 623/623
f 628/628 622/622 627/627
f 627/627 630/630 628/628
f 630/630 631/631 632/632
f 632/632 628/628 630/630
f 633/633 634/634 635/635
f 635/635 636/636 633/633
f 637/637 636/636 635/635
f 635/635 638/638 637/637
f 639/639 640/640 641/641
f 641/641 642/642 639/639
f 643/643 644/644 635/635
f 635/635 634/634 643/643
f 645/645 646/646 640/640
f 640/640 647/647 645/645
f 648/648 638/638 635/635
f 635/635 644/644 648/648
f 649/649 637/637 601/601
f 601/601 604/604 649/649
f 650/650 651/651 648/648
f 648/648 645/645 650/650
f 602/602 601/601 652/652
f 652/652 608/608 602/602
f 653/653 639/639 654/654
f 654/654 655/655 653/653
f 637/637 638/638 652/652
f 652/652 601/601 637/637
f 597/597 647/647 656/656
f 656/656 598/598 597/597
f 598/598 656/656 653/653
f 653/653 657/657 598/598
f 638/638 648/648 651/651
f 651/651 652/652 638/638
f 637/637 649/649 658/658
f 658/658 636/636 637/637
f 645/645 648/648 644/644
f 644/644 646/646 645/645
f 657/657 653/653 655/655
f 655/655 659/659 657/657
f 660/660 609/609 651/651
f 651/651 650/650 660/660
f 600/600 599/599 595/595
f 595/595 594/594 600/600
f 605/605 599/599 598/598
f 598/598 657/657 605/605
f 609/609 608/608 652/652
f 652/652 651/651 609/609
f 657/657 659/659 619/619
f 619/619 605/605 657/657
f 627/627 626/626 594/594
f 594/594 593/593 627/627
f 650/650 597/597 600/600
f 600/600 660/660 650/650
f 593/593 661/661 630/630
f 630/630 627/627 593/593
f 647/647 597/597 650/650
f 650/650 645/645 647/647
f 660/660 600/600 594/594
f 594/594 626/626 660/660
f 662/662 663/663 664/664
f 664/664 665/665 662/662
f 663/663 662/662 596/596
f 596/596 618/618 663/663
f 666/666 584/584 583/583
f 583/583 588/588 666/666
f 667/667 586/586 583/583
f 583/583 582/582 667/667
f 602/602 611/611 668/668
f 668/668 614/614 602/602
f 669/669 670/670 625/625
f 625/625 624/624 669/669
f 629/629 671/671 669/669
f 669/669 624/624 629/629
f 670/670 668/668 611/611
f 611/611 625/625 670/670
f 625/625 611/611 607/607
f 607/607 620/620 625/625
f 620/620 607/607 610/610
f 610/610 621/621 620/620
f 609/609 660/660 626/626
f 626/626 610/610 609/609
f 591/591 672/672 673/673
f 673/673 592/592 591/591
f 674/674 675/675 676/676
f 676/676 677/677 674/674
f 678/678 679/679 680/680
f 680/680 681/681 678/678
f 682/682 683/683 684/684
f 684/684 685/685 682/682
f 686/686 685/685 684/684
f 684/684 687/687 686/686
f 688/688 689/689 690/690
f 690/690 691/691 688/688
f 692/692 693/693 688/688
f 688/688 691/691 692/692
f 674/674 677/677 694/694
f 694/694 695/695 674/674
f 679/679 678/678 696/696
f 696/696 697/697 679/679
f 698/698 682/682 699/699
f 699/699 700/700 698/698
f 685/685 701/701 699/699
f 699/699 682/682 685/685
f 666/666 588/588 702/702
f 702/702 703/703 666/666
f 587/587 704/704 702/702
f 702/702 588/588 587/587
f 697/697 696/696 705/705
f 705/705 706/706 697/697
f 707/707 708/708 709/709
f 709/709 686/686 707/707
f 686/686 709/709 701/701
f 701/701 685/685 686/686
f 710/710 711/711 703/703
f 703/703 702/702 710/710
f 673/673 666/666 703/703
f 703/703 712/712 673/673
f 589/589 592/592 713/713
f 713/713 714/714 589/589
f 712/712 715/715 713/713
f 713/713 592/592 712/712
f 704/704 716/716 710/710
f 710/710 702/702 704/704
f 717/717 683/683 682/682
f 682/682 698/698 717/717
f 718/718 713/713 715/715
f 715/715 719/719 718/718
f 719/719 715/715 711/711
f 711/711 720/720 719/719
f 711/711 710/710 721/721
f 721/721 720/720 711/711
f 721/721 710/710 716/716
f 716/716 722/722 721/721
f 711/711 715/715 712/712
f 712/712 703/703 711/711
f 692/692 681/681 680/680
f 680/680 693/693 692/692
f 723/723 724/724 725/725
f 725/725 726/726 723/723
f 727/727 726/726 728/728
f 728/728 729/729 727/727
f 730/730 731/731 732/732
f 732/732 733/733 730/730
f 734/734 735/735 736/736
f 736/736 737/737 734/734
f 738/738 739/739 740/740
f 740/740 741/741 738/738
f 742/742 743/743 744/744
f 744/744 745/745 742/742
f 736/736 746/746 747/747
f 747/747 740/740 736/736
f 748/748 749/749 750/750
f 750/750 751/751 748/748
f 751/751 745/745 752/752
f 752/752 748/748 751/751
f 612/612 614/614 745/745
f 745/745 753/753 612/612
f 615/615 617/617 754/754
f 754/754 746/746 615/615
f 618/618 615/615 746/746
f 746/746 735/735 618/618
f 755/755 747/747 746/746
f 746/746 754/754 755/755
f 756/756 757/757 758/758
f 758/758 759/759 756/756
f 757/757 756/756 760/760
f 760/760 761/761 757/757
f 759/759 758/758 762/762
f 762/762 763/763 759/759
f 757/757 764/764 765/765
f 765/765 758/758 757/757
f 765/765 766/766 762/762
f 762/762 758/758 765/765
f 767/767 768/768 766/766
f 766/766 765/765 767/767
f 769/769 770/770 771/771
f 771/771 772/772 769/769
f 773/773 774/774 771/771
f 771/771 770/770 773/773
f 775/775 776/776 777/777
f 777/777 778/778 775/775
f 779/779 772/772 771/771
f 771/771 780/780 779/779
f 781/781 782/782 778/778
f 778/778 783/783 781/781
f 784/784 780/780 771/771
f 771/771 774/774 784/784
f 785/785 743/743 742/742
f 742/742 773/773 785/785
f 786/786 781/781 784/784
f 784/784 787/787 786/786
f 745/745 751/751 788/788
f 788/788 742/742 745/745
f 789/789 790/790 791/791
f 791/791 775/775 789/789
f 773/773 742/742 788/788
f 788/788 774/774 773/773
f 738/738 741/741 792/792
f 792/792 782/782 738/738
f 741/741 793/793 789/789
f 789/789 792/792 741/741
f 774/774 788/788 787/787
f 787/787 784/784 774/774
f 773/773 770/770 794/794
f 794/794 785/785 773/773
f 781/781 783/783 780/780
f 780/780 784/784 781/781
f 793/793 795/795 790/790
f 790/790 789/789 793/793
f 796/796 786/786 787/787
f 787/787 750/750 796/796
f 739/739 737/737 736/736
f 736/736 740/740 739/739
f 747/747 793/793 741/741
f 741/741 740/740 747/747
f 750/750 787/787 788/788
f 788/788 751/751 750/750
f 793/793 747/747 755/755
f 755/755 795/795 793/793
f 762/762 734/734 737/737
f 737/737 763/763 762/762
f 786/786 796/796 739/739
f 739/739 738/738 786/786
f 734/734 762/762 766/766
f 766/766 797/797 734/734
f 782/782 781/781 786/786
f 786/786 738/738 782/782
f 796/796 763/763 737/737
f 737/737 739/739 796/796
f 798/798 799/799 664/664
f 664/664 663/663 798/798
f 735/735 798/798 663/663
f 663/663 618/618 735/735
f 800/800 728/728 726/726
f 726/726 725/725 800/800
f 801/801 723/723 726/726
f 726/726 727/727 801/801
f 745/745 614/614 668/668
f 668/668 752/752 745/745
f 669/669 761/761 760/760
f 760/760 670/670 669/669
f 764/764 761/761 669/669
f 669/669 671/671 764/764
f 670/670 760/760 752/752
f 752/752 668/668 670/670
f 760/760 756/756 748/748
f 748/748 752/752 760/760
f 756/756 759/759 749/749
f 749/749 748/748 756/756
f 796/796 750/750 749/749
f 749/749 763/763 796/796
f 732/732 731/731 802/802
f 802/802 803/803 732/732
f 804/804 805/805 806/806
f 806/806 807/807 804/804
f 808/808 809/809 810/810
f 810/810 811/811 808/808
f 812/812 813/813 814/814
f 814/814 815/815 812/812
f 816/816 817/817 814/814
f 814/814 813/813 816/816
f 818/818 819/819 820/820
f 820/820 821/821 818/818
f 822/822 819/819 818/818
f 818/818 823/823 822/822
f 804/804 824/824 825/825
f 825/825 805/805 804/804
f 811/811 826/826 827/827
f 827/827 808/808 811/811
f 828/828 829/829 830/830
f 830/830 812/812 828/828
f 813/813 812/812 830/830
f 830/830 831/831 813/813
f 800/800 832/832 833/833
f 833/833 728/728 800/800
f 729/729 728/728 833/833
f 833/833 834/834 729/729
f 826/826 835/835 836/836
f 836/836 827/827 826/826
f 837/837 816/816 838/838
f 838/838 839/839 837/837
f 816/816 813/813 831/831
f 831/831 838/838 816/816
f 840/840 833/833 832/832
f 832/832 841/841 840/840
f 802/802 842/842 832/832
f 832/832 800/800 802/802
f 730/730 843/843 844/844
f 844/844 731/731 730/730
f 842/842 731/731 844/844
f 844/844 845/845 842/842
f 834/834 833/833 840/840
f 840/840 846/846 834/834
f 847/847 828/828 812/812
f 812/812 815/815 847/847
f 848/848 849/849 845/845
f 845/845 844/844 848/848
f 849/849 850/850 841/841
f 841/841 845/845 849/849
f 841/841 850/850 851/851
f 851/851 840/840 841/841
f 851/851 852/852 846/846
f 846/846 840/840 851/851
f 841/841 832/832 842/842
f 842/842 845/845 841/841
f 822/822 823/823 810/810
f 810/810 809/809 822/822
f 12/12 10/10 853/853
f 5/5 8/8 854/854
f 854/854 10/10 5/5
f 853/853 13/13 12/12
f 855/855 26/26 30/30
f 856/856 25/25 24/24
f 24/24 26/26 856/856
f 30/30 29/29 855/855
f 857/857 858/858 859/859
f 859/859 860/860 857/857
f 857/857 861/861 858/858
f 861/861 857/857 860/860
f 862/862 46/46 863/863
f 35/35 864/864 36/36
f 864/864 865/865 866/866
f 45/45 867/867 863/863
f 867/867 868/868 863/863
f 863/863 868/868 862/862
f 46/46 45/45 863/863
f 39/39 48/48 40/40
f 40/40 38/38 37/37
f 48/48 869/869 40/40
f 40/40 869/869 38/38
f 41/41 40/40 37/37
f 866/866 49/49 36/36
f 864/864 866/866 36/36
f 870/870 871/871 872/872
f 873/873 874/874 875/875
f 876/876 877/877 878/878
f 878/878 877/877 879/879
f 872/872 877/877 876/876
f 880/880 877/877 881/881
f 881/881 877/877 874/874
f 880/880 879/879 877/877
f 878/878 879/879 882/882
f 879/879 880/880 883/883
f 882/882 879/879 884/884
f 879/879 883/883 884/884
f 885/885 874/874 886/886
f 874/874 873/873 886/886
f 881/881 874/874 885/885
f 872/872 871/871 877/877
f 887/887 888/888 58/58
f 35/35 51/51 864/864
f 864/864 889/889 865/865
f 59/59 888/888 890/890
f 890/890 888/888 891/891
f 888/888 887/887 891/891
f 58/58 888/888 59/59
f 52/52 55/55 48/48
f 55/55 50/50 38/38
f 48/48 55/55 869/869
f 55/55 38/38 869/869
f 54/54 50/50 55/55
f 889/889 51/51 60/60
f 864/864 51/51 889/889
f 870/870 892/892 871/871
f 893/893 875/875 874/874
f 894/894 895/895 877/877
f 895/895 896/896 877/877
f 892/892 894/894 877/877
f 897/897 898/898 877/877
f 898/898 874/874 877/877
f 897/897 877/877 896/896
f 895/895 899/899 896/896
f 896/896 900/900 897/897
f 899/899 901/901 896/896
f 896/896 901/901 900/900
f 902/902 903/903 874/874
f 874/874 903/903 893/893
f 898/898 902/902 874/874
f 892/892 877/877 871/871
f 904/904 905/905 71/71
f 61/61 64/64 906/906
f 906/906 907/907 908/908
f 72/72 905/905 909/909
f 909/909 905/905 910/910
f 905/905 904/904 910/910
f 71/71 905/905 72/72
f 65/65 68/68 73/73
f 68/68 63/63 62/62
f 73/73 68/68 911/911
f 68/68 62/62 911/911
f 67/67 63/63 68/68
f 907/907 64/64 75/75
f 906/906 64/64 907/907
f 912/912 913/913 914/914
f 915/915 916/916 917/917
f 918/918 919/919 920/920
f 919/919 921/921 920/920
f 913/913 918/918 920/920
f 922/922 923/923 920/920
f 923/923 917/917 920/920
f 922/922 920/920 921/921
f 919/919 924/924 921/921
f 921/921 925/925 922/922
f 924/924 926/926 921/921
f 921/921 926/926 925/925
f 927/927 928/928 917/917
f 917/917 928/928 915/915
f 923/923 927/927 917/917
f 913/913 920/920 914/914
f 929/929 85/85 930/930
f 61/61 906/906 76/76
f 906/906 908/908 931/931
f 84/84 932/932 930/930
f 932/932 933/933 930/930
f 930/930 933/933 929/929
f 85/85 84/84 930/930
f 78/78 73/73 79/79
f 79/79 62/62 77/77
f 73/73 911/911 79/79
f 79/79 911/911 62/62
f 80/80 79/79 77/77
f 931/931 86/86 76/76
f 906/906 931/931 76/76
f 912/912 914/914 934/934
f 935/935 917/917 916/916
f 936/936 920/920 937/937
f 937/937 920/920 938/938
f 934/934 920/920 936/936
f 939/939 920/920 940/940
f 940/940 920/920 917/917
f 939/939 938/938 920/920
f 937/937 938/938 941/941
f 938/938 939/939 942/942
f 941/941 938/938 943/943
f 938/938 942/942 943/943
f 944/944 917/917 945/945
f 917/917 935/935 945/945
f 940/940 917/917 944/944
f 934/934 914/914 920/920
f 87/87 946/946 88/88
f 98/98 93/93 89/89
f 93/93 90/90 89/89
f 947/947 96/96 95/95
f 948/948 99/99 949/949
f 948/948 97/97 99/99
f 99/99 98/98 949/949
f 949/949 98/98 89/89
f 98/98 94/94 93/93
f 950/950 951/951 952/952
f 953/953 954/954 955/955
f 953/953 956/956 957/957
f 953/953 958/958 959/959
f 953/953 960/960 954/954
f 953/953 955/955 956/956
f 953/953 959/959 960/960
f 950/950 957/957 951/951
f 950/950 953/953 957/957
f 958/958 961/961 962/962
f 958/958 962/962 959/959
f 946/946 87/87 101/101
f 93/93 107/107 100/100
f 90/90 93/93 100/100
f 96/96 947/947 104/104
f 106/106 963/963 964/964
f 105/105 963/963 106/106
f 107/107 106/106 964/964
f 107/107 964/964 100/100
f 103/103 107/107 93/93
f 965/965 950/950 952/952
f 966/966 953/953 967/967
f 968/968 953/953 969/969
f 958/958 953/953 970/970
f 971/971 953/953 966/966
f 967/967 953/953 968/968
f 970/970 953/953 971/971
f 969/969 950/950 965/965
f 953/953 950/950 969/969
f 961/961 958/958 972/972
f 972/972 958/958 970/970
f 973/973 108/108 111/111
f 114/114 120/120 110/110
f 109/109 114/114 110/110
f 117/117 974/974 116/116
f 119/119 975/975 976/976
f 118/118 975/975 119/119
f 120/120 119/119 976/976
f 120/120 976/976 110/110
f 113/113 120/120 114/114
f 977/977 978/978 979/979
f 980/980 981/981 982/982
f 983/983 981/981 984/984
f 985/985 981/981 986/986
f 987/987 981/981 980/980
f 982/982 981/981 983/983
f 986/986 981/981 987/987
f 984/984 978/978 977/977
f 981/981 978/978 984/984
f 988/988 985/985 989/989
f 989/989 985/985 986/986
f 108/108 973/973 121/121
f 127/127 114/114 122/122
f 114/114 109/109 122/122
f 974/974 117/117 125/125
f 990/990 128/128 991/991
f 990/990 126/126 128/128
f 128/128 127/127 991/991
f 991/991 127/127 122/122
f 127/127 124/124 114/114
f 978/978 992/992 979/979
f 981/981 993/993 994/994
f 981/981 995/995 996/996
f 981/981 985/985 997/997
f 981/981 998/998 993/993
f 981/981 994/994 995/995
f 981/981 997/997 998/998
f 978/978 996/996 992/992
f 978/978 981/981 996/996
f 985/985 988/988 999/999
f 985/985 999/999 997/997
f 147/147 150/150 142/142
f 130/130 136/136 135/135
f 163/163 142/142 167/167
f 163/163 139/139 142/142
f 163/163 1000/1000 166/166
f 162/162 1000/1000 163/163
f 163/163 158/158 139/139
f 167/167 157/157 163/163
f 158/158 140/140 139/139
f 167/167 153/153 157/157
f 141/141 147/147 142/142
f 148/148 133/133 149/149
f 148/148 169/169 133/133
f 129/129 168/168 136/136
f 130/130 129/129 136/136
f 169/169 134/134 133/133
f 193/193 171/171 240/240
f 259/259 258/258 274/274
f 184/184 240/240 273/273
f 198/198 172/172 171/171
f 269/269 187/187 186/186
f 279/279 190/190 219/219
f 1001/1001 185/185 225/225
f 250/250 265/265 1002/1002
f 1003/1003 183/183 186/186
f 1004/1004 216/216 219/219
f 218/218 1005/1005 279/279
f 1006/1006 1007/1007 199/199
f 1008/1008 1004/1004 219/219
f 227/227 226/226 1009/1009
f 171/171 193/193 1006/1006
f 201/201 172/172 198/198
f 219/219 190/190 1008/1008
f 1006/1006 256/256 255/255
f 257/257 252/252 282/282
f 171/171 1006/1006 198/198
f 1006/1006 199/199 198/198
f 1006/1006 193/193 192/192
f 1006/1006 192/192 256/256
f 244/244 257/257 242/242
f 172/172 1002/1002 265/265
f 172/172 201/201 1002/1002
f 250/250 243/243 265/265
f 174/174 280/280 175/175
f 227/227 1009/1009 264/264
f 1009/1009 235/235 264/264
f 258/258 184/184 273/273
f 186/186 185/185 1003/1003
f 224/224 1001/1001 225/225
f 218/218 279/279 219/219
f 279/279 191/191 190/190
f 229/229 270/270 262/262
f 245/245 215/215 230/230
f 183/183 269/269 186/186
f 1001/1001 1003/1003 185/185
f 258/258 185/185 184/184
f 204/204 274/274 239/239
f 235/235 1009/1009 233/233
f 223/223 202/202 282/282
f 1006/1006 255/255 1007/1007
f 269/269 268/268 187/187
f 268/268 192/192 187/187
f 179/179 267/267 284/284
f 250/250 244/244 243/243
f 257/257 244/244 252/252
f 251/251 1010/1010 283/283
f 283/283 1010/1010 278/278
f 252/252 251/251 283/283
f 220/220 223/223 283/283
f 233/233 1009/1009 234/234
f 234/234 1009/1009 226/226
f 1011/1011 287/287 286/286
f 293/293 1012/1012 292/292
f 292/292 297/297 1013/1013
f 1013/1013 297/297 296/296
f 1013/1013 296/296 1014/1014
f 1015/1015 1011/1011 1016/1016
f 293/293 314/314 1012/1012
f 1011/1011 1015/1015 347/347
f 346/346 320/320 347/347
f 305/305 304/304 1017/1017
f 287/287 1011/1011 320/320
f 1011/1011 347/347 320/320
f 286/286 1016/1016 1011/1011
f 321/321 318/318 1018/1018
f 1012/1012 314/314 298/298
f 297/297 1012/1012 294/294
f 292/292 1012/1012 297/297
f 1012/1012 298/298 294/294
f 184/184 193/193 240/240
f 171/171 170/170 240/240
f 258/258 273/273 274/274
f 367/367 366/366 359/359
f 353/353 351/351 354/354
f 359/359 380/380 386/386
f 358/358 380/380 359/359
f 1019/1019 380/380 385/385
f 1019/1019 381/381 380/380
f 377/377 380/380 358/358
f 376/376 386/386 380/380
f 361/361 377/377 358/358
f 371/371 386/386 376/376
f 366/366 360/360 359/359
f 352/352 369/369 368/368
f 388/388 369/369 352/352
f 387/387 348/348 353/353
f 348/348 351/351 353/353
f 355/355 388/388 352/352
f 392/392 410/410 450/450
f 464/464 463/463 478/478
f 450/450 403/403 477/477
f 391/391 413/413 392/392
f 404/404 472/472 405/405
f 408/408 481/481 430/430
f 406/406 1020/1020 435/435
f 470/470 250/250 1002/1002
f 402/402 1021/1021 405/405
f 429/429 1022/1022 430/430
f 1005/1005 218/218 481/481
f 1023/1023 1024/1024 414/414
f 1022/1022 1025/1025 430/430
f 437/437 440/440 1026/1026
f 410/410 392/392 1024/1024
f 391/391 201/201 413/413
f 408/408 430/430 1025/1025
f 459/459 1024/1024 460/460
f 457/457 462/462 484/484
f 1024/1024 392/392 413/413
f 414/414 1024/1024 413/413
f 410/410 1024/1024 409/409
f 409/409 1024/1024 459/459
f 462/462 452/452 451/451
f 1002/1002 391/391 470/470
f 201/201 391/391 1002/1002
f 453/453 250/250 470/470
f 483/483 393/393 396/396
f 1026/1026 440/440 469/469
f 446/446 1026/1026 469/469
f 403/403 464/464 477/477
f 406/406 405/405 1021/1021
f 1020/1020 436/436 435/435
f 481/481 218/218 430/430
f 407/407 481/481 408/408
f 474/474 438/438 467/467
f 426/426 454/454 441/441
f 472/472 402/402 405/405
f 1021/1021 1020/1020 406/406
f 406/406 464/464 403/403
f 478/478 417/417 448/448
f 1026/1026 446/446 445/445
f 415/415 432/432 484/484
f 460/460 1024/1024 1023/1023
f 473/473 472/472 404/404
f 409/409 473/473 404/404
f 267/267 400/400 284/284
f 452/452 250/250 453/453
f 452/452 462/462 457/457
f 1010/1010 251/251 485/485
f 1010/1010 485/485 278/278
f 251/251 457/457 485/485
f 432/432 431/431 485/485
f 1026/1026 445/445 444/444
f 1026/1026 444/444 437/437
f 1027/1027 486/486 489/489
f 493/493 492/492 1028/1028
f 492/492 1029/1029 495/495
f 1029/1029 496/496 495/495
f 1029/1029 1030/1030 496/496
f 1031/1031 1032/1032 1027/1027
f 493/493 1028/1028 515/515
f 1027/1027 547/547 1031/1031
f 546/546 547/547 520/520
f 505/505 1033/1033 506/506
f 489/489 520/520 1027/1027
f 1027/1027 520/520 547/547
f 486/486 1027/1027 1032/1032
f 521/521 1034/1034 518/518
f 1028/1028 500/500 515/515
f 495/495 494/494 1028/1028
f 492/492 495/495 1028/1028
f 1028/1028 494/494 500/500
f 410/410 403/403 450/450
f 389/389 392/392 450/450
f 477/477 464/464 478/478
f 558/558 560/560 1035/1035
f 553/553 552/552 1036/1036
f 558/558 1036/1036 552/552
f 559/559 1035/1035 560/560
f 1037/1037 577/577 573/573
f 1038/1038 571/571 570/570
f 571/571 1038/1038 573/573
f 577/577 1037/1037 576/576
f 694/694 1039/1039 1040/1040
f 1041/1041 676/676 1042/1042
f 1041/1041 1043/1043 676/676
f 1044/1044 1045/1045 676/676
f 1046/1046 672/672 591/591
f 589/589 587/587 586/586
f 1046/1046 585/585 584/584
f 626/626 621/621 610/610
f 596/596 595/595 606/606
f 629/629 624/624 623/623
f 629/629 1047/1047 671/671
f 665/665 661/661 662/662
f 628/628 632/632 629/629
f 643/643 646/646 644/644
f 1048/1048 633/633 636/636
f 639/639 642/642 1049/1049
f 642/642 641/641 1050/1050
f 1050/1050 641/641 1051/1051
f 641/641 640/640 646/646
f 656/656 640/640 639/639
f 654/654 639/639 1049/1049
f 1052/1052 642/642 1050/1050
f 1051/1051 641/641 646/646
f 1051/1051 646/646 643/643
f 632/632 1047/1047 629/629
f 593/593 596/596 661/661
f 602/602 613/613 603/603
f 658/658 1048/1048 636/636
f 630/630 661/661 631/631
f 631/631 661/661 665/665
f 656/656 647/647 640/640
f 653/653 656/656 639/639
f 1049/1049 642/642 1052/1052
f 633/633 1048/1048 1053/1053
f 661/661 596/596 662/662
f 1046/1046 584/584 672/672
f 673/673 672/672 666/666
f 590/590 586/586 667/667
f 589/589 586/586 590/590
f 672/672 584/584 666/666
f 717/717 675/675 1054/1054
f 705/705 1055/1055 706/706
f 1056/1056 707/707 686/686
f 695/695 707/707 1056/1056
f 674/674 695/695 1054/1054
f 717/717 698/698 675/675
f 707/707 695/695 1057/1057
f 1058/1058 1059/1059 709/709
f 1059/1059 701/701 709/709
f 1054/1054 675/675 674/674
f 1054/1054 695/695 1056/1056
f 592/592 673/673 712/712
f 700/700 699/699 1060/1060
f 699/699 701/701 1059/1059
f 1058/1058 709/709 708/708
f 1060/1060 699/699 1059/1059
f 589/589 714/714 704/704
f 1045/1045 1061/1061 694/694
f 589/589 704/704 587/587
f 714/714 718/718 1062/1062
f 704/704 714/714 716/716
f 686/686 687/687 1056/1056
f 722/722 714/714 1062/1062
f 714/714 713/713 718/718
f 716/716 714/714 722/722
f 1042/1042 675/675 698/698
f 1057/1057 694/694 1040/1040
f 1061/1061 1045/1045 1063/1063
f 1045/1045 1044/1044 1063/1063
f 1063/1063 1064/1064 1061/1061
f 1045/1045 694/694 677/677
f 676/676 1045/1045 677/677
f 1063/1063 1065/1065 1066/1066
f 689/689 1067/1067 690/690
f 1063/1063 1066/1066 1064/1064
f 1063/1063 1044/1044 1065/1065
f 1064/1064 1039/1039 1061/1061
f 1044/1044 1043/1043 1065/1065
f 1043/1043 1044/1044 676/676
f 694/694 1061/1061 1039/1039
f 695/695 694/694 1057/1057
f 1042/1042 676/676 675/675
f 825/825 1068/1068 1069/1069
f 1070/1070 1071/1071 806/806
f 1070/1070 806/806 1072/1072
f 1073/1073 806/806 1074/1074
f 1075/1075 732/732 803/803
f 730/730 727/727 729/729
f 1075/1075 725/725 724/724
f 763/763 749/749 759/759
f 735/735 746/746 736/736
f 764/764 757/757 761/761
f 764/764 671/671 1047/1047
f 799/799 798/798 797/797
f 765/765 764/764 767/767
f 779/779 780/780 783/783
f 1076/1076 770/770 769/769
f 775/775 1077/1077 776/776
f 776/776 1078/1078 777/777
f 1078/1078 1079/1079 777/777
f 777/777 783/783 778/778
f 792/792 775/775 778/778
f 791/791 1077/1077 775/775
f 1080/1080 1078/1078 776/776
f 1079/1079 783/783 777/777
f 1079/1079 779/779 783/783
f 767/767 764/764 1047/1047
f 734/734 797/797 735/735
f 745/745 744/744 753/753
f 794/794 770/770 1076/1076
f 766/766 768/768 797/797
f 768/768 799/799 797/797
f 792/792 778/778 782/782
f 789/789 775/775 792/792
f 1077/1077 1080/1080 776/776
f 769/769 1081/1081 1076/1076
f 797/797 798/798 735/735
f 1075/1075 803/803 725/725
f 802/802 800/800 803/803
f 733/733 801/801 727/727
f 730/730 733/733 727/727
f 803/803 800/800 725/725
f 847/847 1082/1082 807/807
f 836/836 835/835 1083/1083
f 1084/1084 816/816 837/837
f 824/824 1084/1084 837/837
f 804/804 1082/1082 824/824
f 847/847 807/807 828/828
f 837/837 1085/1085 824/824
f 1086/1086 838/838 1087/1087
f 1087/1087 838/838 831/831
f 1082/1082 804/804 807/807
f 1082/1082 1084/1084 824/824
f 731/731 842/842 802/802
f 829/829 1088/1088 830/830
f 830/830 1087/1087 831/831
f 1086/1086 839/839 838/838
f 1088/1088 1087/1087 830/830
f 730/730 834/834 843/843
f 1074/1074 825/825 1089/1089
f 730/730 729/729 834/834
f 843/843 1090/1090 848/848
f 834/834 846/846 843/843
f 816/816 1084/1084 817/817
f 852/852 1090/1090 843/843
f 843/843 848/848 844/844
f 846/846 852/852 843/843
f 1071/1071 828/828 807/807
f 1085/1085 1068/1068 825/825
f 1089/1089 1091/1091 1074/1074
f 1074/1074 1091/1091 1073/1073
f 1091/1091 1089/1089 1092/1092
f 1074/1074 805/805 825/825
f 806/806 805/805 1074/1074
f 1091/1091 1093/1093 1094/1094
f 821/821 820/820 1095/1095
f 1091/1091 1092/1092 1093/1093
f 1091/1091 1094/1094 1073/1073
f 1092/1092 1089/1089 1069/1069
f 1073/1073 1094/1094 1072/1072
f 1072/1072 806/806 1073/1073
f 825/825 1069/1069 1089/1089
f 824/824 1085/1085 825/825
f 1071/1071 807/807 806/806

g common_dress_female_85499
v -4.208325 -7.128912 51.437610
v -2.372081 -7.939393 51.830390
v -2.243758 -10.533400 46.129640
v -6.640986 -9.568192 44.865420
v -9.091669 -10.936940 50.184150
v -5.240177 -12.992510 48.628370
v -4.162615 -8.499892 53.341460
v -6.765899 -7.335575 54.079710
v -2.139317 0.446777 58.383870
v -2.337904 1.084725 59.047410
v -0.005127 1.488836 59.122130
v -0.005127 0.809250 58.442590
v -3.749449 -0.080137 58.895910
v -4.677781 -2.294803 58.621160
v -3.736881 -1.884218 59.342550
v -3.302422 -0.470451 59.548640
v -1.567046 -5.763567 56.975720
v -1.306288 -6.304103 57.584980
v -2.917842 -5.580111 57.907740
v -2.490300 -5.056652 57.202100
v -3.530185 -4.004493 57.447260
v -3.929029 -4.160407 58.203280
v -4.331607 -2.243366 57.968900
v -1.779337 -5.470378 54.722290
v -1.123458 -6.281453 52.579720
v -0.005129 -6.935938 52.572740
v -0.005128 -6.510747 54.463560
v -2.172377 0.545493 59.652110
v -0.005127 0.759358 59.669650
v -3.305680 -0.653436 58.199580
v -1.159418 -5.904844 58.200020
v -2.526979 -5.210481 58.514190
v -3.347749 -4.011329 58.825410
v -3.741606 -2.869906 59.118540
v -2.100488 -1.369444 71.973890
v -0.005130 -2.608353 71.156240
v -0.005120 -1.791925 72.978130
v -1.502921 -0.838954 73.466310
v -1.580942 -0.877303 74.642910
v -2.420080 0.666827 75.221910
v -2.248554 0.569713 73.892820
v -0.005121 -1.766372 74.066990
v -2.999001 0.515743 72.540560
v -1.393843 1.658685 73.782180
v -1.407561 1.944231 75.130430
v -0.005143 2.553618 74.952200
v -0.005140 2.209770 73.592080
v 2.129065 0.446777 58.383860
v 2.327653 1.084725 59.047410
v 3.739197 -0.080137 58.895910
v 3.292171 -0.470451 59.548640
v 3.726629 -1.884218 59.342550
v 4.667529 -2.294804 58.621160
v 1.556795 -5.763566 56.975720
v 2.480049 -5.056653 57.202100
v 2.907593 -5.580111 57.907740
v 1.296037 -6.304102 57.584980
v 3.519934 -4.004492 57.500690
v 4.321354 -2.243367 57.968900
v 3.918777 -4.160407 58.203280
v 1.769082 -5.470378 54.722290
v 1.113201 -6.281453 52.579720
v 2.162124 0.545493 59.652110
v 3.295426 -0.653436 58.199580
v 2.516729 -5.210480 58.514190
v 1.149167 -5.904843 58.200020
v 3.731354 -2.869906 59.118540
v 3.337498 -4.011329 58.825410
v 2.090234 -1.369435 71.973890
v 1.492670 -0.838939 73.466310
v 1.570691 -0.877287 74.642920
v 2.238289 0.569733 73.892820
v 2.409813 0.666850 75.221920
v 2.988738 0.515758 72.540570
v 1.383568 1.658698 73.782190
v 1.397281 1.944244 75.130430
v -5.748415 -1.871693 53.553660
v -4.454847 -2.336531 55.463680
v -5.345841 0.315648 53.763560
v -4.300874 2.502988 53.973460
v -3.316836 0.375252 56.101690
v -2.153003 3.729131 54.050510
v 7.021683 -1.900090 51.719170
v 6.445342 0.780778 51.758930
v 5.516939 -0.005910 53.807950
v 5.984530 -2.120065 53.640660
v 2.559116 4.598460 51.813060
v 2.203933 3.532031 54.053930
v 4.412994 2.108513 53.975250
v 5.123359 3.269898 51.798530
v -13.343600 1.110446 24.631470
v -11.643210 5.313755 25.758690
v -16.467080 7.382701 16.160890
v -19.137070 2.666157 14.778680
v -8.657627 9.519623 26.830240
v -4.834507 11.607200 27.245410
v -6.963496 15.480920 18.031250
v -12.513620 12.778130 17.478880
v 10.272370 6.259769 26.766650
v 14.325840 8.213632 16.895790
v 12.886340 12.646360 17.948450
v 8.565215 9.651393 27.384520
v 7.141160 15.439670 18.347220
v 4.783040 11.673070 27.522560
v 7.163755 -6.538226 25.326120
v 11.573910 -8.292221 15.103270
v 15.038500 -5.146303 15.726720
v 9.579645 -4.485564 25.721570
v -11.015720 0.965025 29.372530
v -9.858488 4.688384 30.419360
v -7.416048 8.414412 31.410850
v -4.172183 10.416870 31.794250
v 8.974513 5.300793 31.068730
v 10.370610 1.310629 30.509020
v 12.153300 1.861191 26.393290
v -0.005257 12.593140 27.416930
v -0.001095 11.350420 31.998890
v 4.165431 10.539450 31.944380
v -9.090654 0.341050 34.063460
v -7.338225 2.623070 41.908550
v -8.408391 3.765008 35.031930
v -5.465016 5.429263 41.918800
v -2.934386 7.110785 42.009090
v -3.333908 8.356859 35.914120
v -6.118514 6.426661 35.528220
v -0.005144 7.841461 42.157140
v 2.977273 7.113998 42.002690
v 3.355631 8.383612 35.931240
v -0.005147 9.388229 36.242170
v -7.816484 -0.994699 45.886750
v -7.080208 1.961843 46.191360
v -8.007257 -0.584845 41.738200
v -5.561917 4.695633 46.149470
v -2.828474 6.149508 46.249580
v 5.560270 5.435688 41.906010
v 5.632900 4.716166 46.131730
v 7.209750 1.782648 46.140410
v 7.310246 2.459728 41.682110
v -0.004871 6.580077 46.391280
v 2.859092 6.159774 46.240720
v 2.020469 -7.049268 44.880710
v -0.005119 -7.324445 45.036180
v -0.005118 -8.088623 40.078620
v 2.229141 -7.252304 40.015850
v 8.088653 -0.902779 41.110750
v 7.996267 -1.374511 45.799460
v 6.456953 -4.925980 45.307520
v 6.665691 -4.367315 40.753830
v 7.436121 -2.793810 33.798070
v 8.950633 0.370765 34.584250
v -0.005060 -12.215220 13.580980
v -0.005038 -14.986630 4.862656
v 4.999315 -13.624940 2.567868
v 4.714448 -10.222270 14.034520
v -3.129128 -6.635441 50.694890
v 0.015686 -6.764789 50.322530
v 0.005276 -6.318130 52.327110
v -3.529915 -5.815112 53.037150
v -4.777220 -15.409700 11.956870
v -2.891257 -13.875270 13.388840
v -2.214898 -9.876309 24.352930
v -0.005078 -9.253748 24.324450
v -0.005103 -8.055329 28.570290
v -1.993558 -8.529423 28.569190
v -6.401003 -15.153060 14.590480
v -4.211134 -11.489390 24.644210
v -3.770372 -9.922541 28.621370
v -7.874069 -10.594750 24.720060
v -11.923880 -7.053504 24.465530
v -13.270900 -8.762222 17.862640
v -9.453671 -13.332360 16.237980
v -5.962035 -7.728704 32.904730
v -3.198396 -8.959533 32.591590
v -2.736110 -7.906081 39.873940
v -6.910542 -7.554308 45.610310
v -9.599016 -8.651428 41.436770
v -5.273654 -10.156680 40.501980
v -4.825630 -8.104467 45.105790
v -2.846724 -8.682106 40.130490
v -3.038753 -7.025666 44.833190
v -3.642912 -15.021420 30.625230
v -0.571355 -13.161910 29.815900
v -8.602172 -15.800810 36.674560
v -12.889340 -11.005020 35.392780
v -9.599016 -8.651428 41.436770
v -8.344514 -11.403200 42.286530
v -6.910542 -7.554308 45.610310
v -6.468038 -9.105029 45.982200
v -3.529915 -5.815112 53.037150
v -4.930254 -4.918180 53.319730
v -6.160849 -6.193069 51.557970
v -4.005893 -6.541943 50.964030
v -12.468030 -11.481910 44.296240
v -9.596439 -9.173388 47.495270
v -7.898922 -2.362878 41.246930
v -9.480900 -2.461591 33.068570
v -18.833150 0.916516 13.958700
v -11.302800 -2.307527 23.395070
v -10.652030 -2.085792 42.288010
v -14.179950 -2.780769 36.295350
v -7.515339 -4.115214 45.809110
v -10.918320 -5.811051 47.143650
v -9.176772 -5.842096 41.579160
v -14.002690 -7.125806 43.684770
v -5.659100 -3.348461 53.425990
v -6.971243 -4.228807 51.520890
v -1.637385 -7.083777 44.795870
v -7.412932 -1.360176 48.478870
v -6.809665 1.416162 48.361850
v -5.362811 4.280117 48.258250
v -2.708579 5.677224 48.258060
v 5.532331 4.247540 48.251590
v 7.006721 1.247880 48.441610
v 1.695871 -7.083452 48.263930
v -0.005124 -7.271292 48.107240
v -0.005129 5.859049 47.937880
v 2.788203 5.660936 48.254720
v 7.630855 -1.673456 48.633410
v 6.382710 -5.041132 48.299690
v -7.994868 -8.005815 49.535310
v -8.998357 -5.199668 49.152830
v -1.706091 -7.139021 48.262000
v -6.171591 0.951095 51.595140
v -4.855208 3.352460 51.805180
v -2.430170 4.639098 51.813450
v 3.306580 0.375250 56.101690
v -0.005129 1.648388 56.317660
v -0.005131 3.857027 54.130310
v 5.749181 -5.117803 51.226550
v 5.158756 -4.759258 53.427930
v 4.495030 -6.528709 45.074570
v 4.660009 -6.283789 40.334630
v 4.162148 -6.596227 47.828850
v 3.829588 -6.537144 50.887230
v 3.529644 -5.862571 52.880880
v -0.005128 -5.732383 54.331690
v -3.053938 -5.088278 54.895260
v 17.957210 3.393046 17.030580
v 7.405139 8.659611 31.710780
v -2.297065 0.183287 58.428880
v -0.005127 0.568670 58.391770
v -0.005129 1.648388 56.317660
v -3.316836 0.375252 56.101690
v -2.225922 -5.216737 58.082490
v -2.529408 -5.070067 56.477090
v -0.005126 -5.584376 56.216030
v -0.005125 -5.799747 58.060520
v -0.005128 -5.732383 54.331690
v -3.053938 -5.088278 54.895260
v -3.514094 -3.928204 57.085370
v -3.273798 -3.857693 58.110240
v -3.628680 -2.262180 58.132910
v -4.041763 -2.299356 56.798300
v 2.286813 0.183287 58.428880
v 3.306580 0.375250 56.101690
v 2.215673 -5.216736 58.082490
v 2.519156 -5.070066 56.477090
v 3.043682 -5.219696 54.895260
v 3.503843 -3.928203 57.085370
v 4.031510 -2.299358 56.798300
v 3.618429 -2.262181 58.132910
v 3.263547 -3.857693 58.110240
v -2.529409 -5.070067 56.477070
v -8.744266 -4.205395 44.793860
v -10.771120 -2.731392 46.145040
v -6.729014 -3.202913 51.275630
v -7.947382 -2.898275 54.116640
v -4.454847 -2.336531 55.463680
v -3.514094 -3.928204 57.085360
v -13.049600 -2.969229 48.682040
v -13.521150 -5.560675 51.011130
v -4.041763 -2.299356 56.798290
v -4.267373 -9.363276 43.749930
v -2.719969 -6.721593 50.851880
v -2.525008 -8.283698 42.551100
v -3.309746 -7.211268 41.795290
v -0.005125 -7.060135 57.610930
v -0.005125 -6.338696 59.713100
v -0.958666 -5.874654 55.430400
v -0.005124 -7.092385 49.356980
v -3.814388 -2.366735 59.951560
v -3.825752 -1.464864 57.239250
v -5.395338 -2.196348 56.017280
v -3.864204 -3.241400 57.074830
v -4.103024 -3.241855 56.220650
v -4.006490 -4.604988 55.073240
v -4.146669 0.173448 55.406240
v -7.398455 -1.961874 51.644860
v -4.100744 -1.226009 56.282980
v -0.005125 -7.464204 64.487610
v -1.278513 -6.961352 64.453770
v -0.005125 -6.532080 61.310040
v -0.005126 -6.887002 66.506290
v -0.005131 -2.948820 71.897320
v -1.169949 -1.824176 71.812130
v -0.005130 -2.948981 70.006230
v -0.005121 -1.778589 73.884510
v -0.005118 -2.347718 74.002400
v -0.395224 -2.064529 73.542150
v -0.005117 -2.593332 72.850350
v -0.810238 -1.989231 73.714700
v -0.005122 -1.697965 74.850780
v -2.276897 2.134199 72.447560
v -0.005137 2.521525 72.330230
v 0.948416 -5.874653 55.430390
v 3.804136 -2.366735 59.951560
v 5.385081 -2.196349 56.017280
v 3.815500 -1.464864 57.239250
v 3.853952 -3.241400 57.074830
v 4.092769 -3.241853 56.220650
v 3.996234 -4.604986 55.073240
v 7.388196 -1.963624 51.644070
v 4.136412 0.173448 55.406240
v 4.090487 -1.226009 56.282980
v 1.268262 -6.961351 64.453770
v 1.159687 -1.824175 71.812130
v 0.384986 -2.064527 73.542150
v 0.799999 -1.989224 73.714710
v 2.266626 2.134210 72.447560
v 4.687309 -2.336528 55.621690
v 9.872932 -2.435933 25.764570
v 8.510389 -2.342728 29.785370
v 5.660287 -6.117435 29.135940
v 7.702923 -4.347221 29.556300
v 6.281169 -4.810762 33.383520
v 4.531693 -6.374962 32.947600
v 10.626070 -12.549740 2.990051
v 7.662327 -9.411288 14.550000
v 21.822240 -5.989806 6.248638
v 19.018370 -3.070642 3.680397
v 7.986715 4.115150 35.318540
v 2.792347 -6.981082 32.733910
v 14.693750 -2.111426 15.411420
v 16.874670 -2.120223 2.979448
v 20.325790 -0.883256 3.987352
v 17.534740 -10.027780 5.603926
v -0.005118 -8.513165 32.804760
v 3.250435 -7.142539 28.848760
v -3.358545 -15.524740 8.489757
v -1.640363 -8.414174 32.537640
v -8.923216 -6.326828 33.348710
v -8.954711 -7.021702 28.964330
v -7.027482 -8.877766 28.703180
v -6.288221 -6.811526 40.373150
v -6.006887 -10.918330 29.145210
v -8.769070 -8.407578 28.798460
v -8.994659 -13.009280 23.694430
v -11.888200 -11.988380 19.723290
v -10.490390 -6.187750 28.946100
v -9.123715 -14.016170 32.328940
v -11.321470 -16.580680 38.168740
v -10.199040 -2.080160 28.440650
v -11.279910 -3.387658 28.595840
v -16.809480 -5.952836 30.965600
v -18.354290 -3.779600 30.305870
v -6.502515 -3.343321 51.188190
v -11.499610 -8.691427 32.143510
v -15.466670 -9.243512 33.925070
v -19.758180 -11.168500 38.977180
v -15.351680 -15.218820 38.811490
v -21.250350 13.654890 5.265316
v -0.005223 16.834730 18.600690
v -12.661160 20.500600 7.455093
v 11.653230 21.340590 8.849052
v -26.232190 4.643825 2.573099
v 19.290030 12.355100 7.618605
v -12.889340 -11.005020 35.392780
v 23.433770 1.956417 4.662148
v 26.117880 5.904954 5.601118
v 18.738870 17.338630 8.381710
v -0.005256 23.083310 8.733983
v -19.048780 -8.900711 36.285260
v -16.466180 -3.007782 30.051690
v -13.771660 -7.816219 31.531340
v -7.193674 -3.741553 48.590790
v -7.139649 -2.968950 48.499460
v -5.436926 -6.908608 47.951600
v -5.234375 -7.829702 48.184170
v -7.748089 -4.386255 48.791280
v -4.381557 -7.301224 47.919050
v -3.512442 -6.756850 47.781540
v -4.005893 -6.541943 50.964030
v -5.436926 -6.908608 47.951600
v 3.043682 -5.219696 54.895260
v -3.053938 -5.088278 54.895260
v -6.748373 -1.642334 51.385090
v 23.536140 9.887277 6.716074
v 6.172685 6.826960 35.580130
v -3.137325 -0.572925 58.285520
v -4.454847 -2.336531 55.463680
v 3.127072 -0.572925 58.285520
v 4.687309 -2.336528 55.621690
v -5.084411 3.757858 49.885920
v -2.544767 5.099733 49.882850
v -0.005131 5.384924 49.883410
v 2.649019 5.072097 49.883220
v 6.848697 0.958031 50.016620
v -6.612667 1.130249 49.888300
v 5.303167 3.700448 49.880340
v -0.005131 4.828162 51.825020
v 3.818542 -7.970018 24.708090
v -6.869092 -12.961210 26.272560
v -12.191770 -4.120642 25.605850
v -16.980740 -3.185310 28.805840
vt 0.870232 0.731671 0.000000
vt 0.840540 0.717959 0.000000
vt 0.764960 0.751446 0.000000
vt 0.818285 0.785636 0.000000
vt 0.726661 0.673580 0.000000
vt 0.726661 0.715025 0.000000
vt 0.827935 0.696217 0.000000
vt 0.823366 0.669025 0.000000
vt 0.798066 0.119895 0.000000
vt 0.798066 0.132234 0.000000
vt 0.761384 0.132234 0.000000
vt 0.761384 0.119895 0.000000
vt 0.828199 0.132234 0.000000
vt 0.875002 0.132234 0.000000
vt 0.858520 0.144820 0.000000
vt 0.828199 0.144820 0.000000
vt 0.741949 0.119895 0.000000
vt 0.731078 0.132234 0.000000
vt 0.778769 0.132234 0.000000
vt 0.778769 0.119895 0.000000
vt 0.828199 0.119895 0.000000
vt 0.828199 0.132234 0.000000
vt 0.875002 0.119895 0.000000
vt 0.744546 0.087217 0.000000
vt 0.716899 0.058915 0.000000
vt 0.682631 0.058915 0.000000
vt 0.682631 0.083529 0.000000
vt 0.798066 0.144820 0.000000
vt 0.761384 0.144820 0.000000
vt 0.828199 0.119895 0.000000
vt 0.731078 0.144820 0.000000
vt 0.778769 0.144820 0.000000
vt 0.828199 0.144820 0.000000
vt 0.858520 0.144820 0.000000
vt 0.765835 0.163842 0.000000
vt 0.686699 0.163842 0.000000
vt 0.686699 0.197591 0.000000
vt 0.765835 0.197591 0.000000
vt 0.765835 0.225726 0.000000
vt 0.844923 0.225726 0.000000
vt 0.844923 0.197591 0.000000
vt 0.686699 0.225726 0.000000
vt 0.844923 0.163842 0.000000
vt 0.912315 0.197591 0.000000
vt 0.912315 0.225726 0.000000
vt 0.987080 0.225726 0.000000
vt 0.987080 0.197591 0.000000
vt 0.798066 0.119895 0.000000
vt 0.798066 0.132234 0.000000
vt 0.828199 0.132234 0.000000
vt 0.828199 0.144820 0.000000
vt 0.858520 0.144820 0.000000
vt 0.875002 0.132234 0.000000
vt 0.741949 0.119895 0.000000
vt 0.778769 0.119895 0.000000
vt 0.778769 0.132234 0.000000
vt 0.731078 0.132234 0.000000
vt 0.828199 0.119895 0.000000
vt 0.875002 0.119895 0.000000
vt 0.828199 0.132234 0.000000
vt 0.744546 0.087217 0.000000
vt 0.716899 0.058915 0.000000
vt 0.798066 0.144820 0.000000
vt 0.828199 0.119895 0.000000
vt 0.778769 0.144820 0.000000
vt 0.731078 0.144820 0.000000
vt 0.858520 0.144820 0.000000
vt 0.828199 0.144820 0.000000
vt 0.765835 0.163842 0.000000
vt 0.765835 0.197591 0.000000
vt 0.765835 0.225726 0.000000
vt 0.844923 0.197591 0.000000
vt 0.844923 0.225726 0.000000
vt 0.844923 0.163842 0.000000
vt 0.912315 0.197591 0.000000
vt 0.912315 0.225726 0.000000
vt 0.675742 0.613928 0.000000
vt 0.697887 0.623372 0.000000
vt 0.664714 0.624848 0.000000
vt 0.653685 0.635769 0.000000
vt 0.686690 0.640535 0.000000
vt 0.650381 0.648338 0.000000
vt 0.637834 0.718679 0.000000
vt 0.628407 0.704722 0.000000
vt 0.654655 0.701144 0.000000
vt 0.661113 0.713371 0.000000
vt 0.618043 0.675495 0.000000
vt 0.647637 0.674912 0.000000
vt 0.648196 0.688917 0.000000
vt 0.619679 0.691102 0.000000
vt 0.320226 0.536537 0.000000
vt 0.313308 0.567967 0.000000
vt 0.188924 0.534231 0.000000
vt 0.195275 0.495864 0.000000
vt 0.306389 0.599397 0.000000
vt 0.305714 0.626945 0.000000
vt 0.178616 0.611391 0.000000
vt 0.182574 0.572598 0.000000
vt 0.314795 0.742661 0.000000
vt 0.177905 0.758802 0.000000
vt 0.168724 0.726953 0.000000
vt 0.304796 0.711425 0.000000
vt 0.171690 0.688568 0.000000
vt 0.304917 0.682959 0.000000
vt 0.399566 0.844304 0.000000
vt 0.267568 0.876847 0.000000
vt 0.237800 0.853402 0.000000
vt 0.373584 0.827005 0.000000
vt 0.378222 0.552074 0.000000
vt 0.370116 0.579601 0.000000
vt 0.362010 0.607128 0.000000
vt 0.359689 0.631877 0.000000
vt 0.368699 0.737031 0.000000
vt 0.382260 0.768518 0.000000
vt 0.326981 0.775709 0.000000
vt 0.305038 0.654493 0.000000
vt 0.357368 0.656626 0.000000
vt 0.357343 0.682310 0.000000
vt 0.436217 0.567612 0.000000
vt 0.514752 0.601462 0.000000
vt 0.426924 0.591236 0.000000
vt 0.501896 0.621318 0.000000
vt 0.495083 0.640603 0.000000
vt 0.413664 0.636809 0.000000
vt 0.417631 0.614859 0.000000
vt 0.488269 0.659888 0.000000
vt 0.491947 0.681122 0.000000
vt 0.409770 0.681662 0.000000
vt 0.409697 0.658758 0.000000
vt 0.591901 0.583202 0.000000
vt 0.576115 0.597869 0.000000
vt 0.529952 0.583317 0.000000
vt 0.557498 0.621818 0.000000
vt 0.550120 0.640853 0.000000
vt 0.495624 0.702356 0.000000
vt 0.551029 0.706395 0.000000
vt 0.564972 0.724160 0.000000
vt 0.509920 0.724848 0.000000
vt 0.542742 0.659888 0.000000
vt 0.546886 0.683142 0.000000
vt 0.640372 0.777127 0.000000
vt 0.657763 0.784391 0.000000
vt 0.609240 0.808046 0.000000
vt 0.592860 0.798677 0.000000
vt 0.525614 0.744623 0.000000
vt 0.577785 0.740283 0.000000
vt 0.596494 0.754823 0.000000
vt 0.548065 0.767180 0.000000
vt 0.461772 0.787145 0.000000
vt 0.437538 0.761327 0.000000
vt 0.374355 0.943580 0.000000
vt 0.307968 0.985425 0.000000
vt 0.226205 0.963762 0.000000
vt 0.319514 0.907396 0.000000
vt 0.719917 0.762618 0.000000
vt 0.692622 0.759123 0.000000
vt 0.708794 0.748696 0.000000
vt 0.740350 0.757233 0.000000
vt 0.476092 0.985425 0.000000
vt 0.427269 0.961565 0.000000
vt 0.522088 0.905878 0.000000
vt 0.463766 0.885770 0.000000
vt 0.502077 0.863118 0.000000
vt 0.546238 0.881210 0.000000
vt 0.539127 0.985425 0.000000
vt 0.573928 0.918858 0.000000
vt 0.587982 0.890138 0.000000
vt 0.607588 0.928954 0.000000
vt 0.686340 0.936768 0.000000
vt 0.676358 0.985425 0.000000
vt 0.597616 0.986032 0.000000
vt 0.630838 0.866384 0.000000
vt 0.602637 0.861100 0.000000
vt 0.646280 0.818169 0.000000
vt 0.771049 0.783751 0.000000
vt 0.818933 0.795782 0.000000
vt 0.781448 0.817772 0.000000
vt 0.737893 0.794629 0.000000
vt 0.748702 0.824357 0.000000
vt 0.702604 0.795921 0.000000
vt 0.848290 0.878757 0.000000
vt 0.818561 0.893836 0.000000
vt 0.833039 0.498408 0.000000
vt 0.869038 0.525077 0.000000
vt 0.821286 0.545764 0.000000
vt 0.789426 0.533385 0.000000
vt 0.780332 0.566546 0.000000
vt 0.764511 0.561603 0.000000
vt 0.737205 0.605811 0.000000
vt 0.713770 0.604584 0.000000
vt 0.713128 0.590389 0.000000
vt 0.745697 0.594777 0.000000
vt 0.731084 0.524197 0.000000
vt 0.719475 0.554160 0.000000
vt 0.535272 0.572490 0.000000
vt 0.446122 0.547758 0.000000
vt 0.200293 0.484082 0.000000
vt 0.340314 0.515536 0.000000
vt 0.562118 0.559355 0.000000
vt 0.504453 0.525978 0.000000
vt 0.625838 0.570035 0.000000
vt 0.673249 0.555259 0.000000
vt 0.601624 0.540802 0.000000
vt 0.667787 0.524197 0.000000
vt 0.688576 0.608195 0.000000
vt 0.681191 0.592570 0.000000
vt 0.680183 0.790156 0.000000
vt 0.619690 0.593223 0.000000
vt 0.606360 0.604881 0.000000
vt 0.585093 0.624030 0.000000
vt 0.576225 0.641959 0.000000
vt 0.577684 0.703875 0.000000
vt 0.594047 0.715812 0.000000
vt 0.662044 0.764068 0.000000
vt 0.676196 0.771091 0.000000
vt 0.567357 0.659888 0.000000
vt 0.572520 0.681882 0.000000
vt 0.605164 0.726233 0.000000
vt 0.627255 0.741021 0.000000
vt 0.716435 0.570147 0.000000
vt 0.676329 0.573098 0.000000
vt 0.697493 0.775033 0.000000
vt 0.638453 0.618511 0.000000
vt 0.626644 0.631564 0.000000
vt 0.621525 0.645726 0.000000
vt 0.682351 0.687154 0.000000
vt 0.682778 0.663657 0.000000
vt 0.647078 0.660907 0.000000
vt 0.650292 0.732608 0.000000
vt 0.675737 0.724587 0.000000
vt 0.622990 0.769635 0.000000
vt 0.575655 0.788358 0.000000
vt 0.647891 0.757044 0.000000
vt 0.668571 0.746843 0.000000
vt 0.690943 0.736528 0.000000
vt 0.726500 0.739101 0.000000
vt 0.748066 0.750959 0.000000
vt 0.185063 0.792065 0.000000
vt 0.357319 0.707995 0.000000
vt 0.551837 0.084527 0.000000
vt 0.668039 0.084527 0.000000
vt 0.668039 0.013288 0.000000
vt 0.526798 0.013288 0.000000
vt 0.148131 0.084527 0.000000
vt 0.163618 0.051193 0.000000
vt 0.029294 0.051193 0.000000
vt 0.029294 0.084527 0.000000
vt 0.029294 0.013288 0.000000
vt 0.179104 0.013288 0.000000
vt 0.267672 0.062156 0.000000
vt 0.267803 0.084527 0.000000
vt 0.381915 0.084527 0.000000
vt 0.368861 0.054033 0.000000
vt 0.551837 0.084527 0.000000
vt 0.526798 0.013288 0.000000
vt 0.148131 0.084527 0.000000
vt 0.163618 0.051193 0.000000
vt 0.179104 0.013288 0.000000
vt 0.267672 0.062156 0.000000
vt 0.368861 0.054033 0.000000
vt 0.381915 0.084527 0.000000
vt 0.267803 0.084527 0.000000
vt 0.915824 0.685063 0.000000
vt 0.861355 0.546735 0.000000
vt 0.815991 0.559532 0.000000
vt 0.887115 0.606566 0.000000
vt 0.864978 0.632580 0.000000
vt 0.929720 0.645018 0.000000
vt 0.925688 0.671439 0.000000
vt 0.776601 0.583870 0.000000
vt 0.746675 0.610972 0.000000
vt 0.937119 0.656999 0.000000
vt 0.869445 0.797847 0.000000
vt 0.900546 0.736818 0.000000
vt 0.900704 0.803923 0.000000
vt 0.925688 0.802684 0.000000
vt 0.682631 0.129642 0.000000
vt 0.682631 0.158177 0.000000
vt 0.717841 0.096691 0.000000
vt 0.682631 0.018885 0.000000
vt 0.875002 0.152860 0.000000
vt 0.840566 0.109944 0.000000
vt 0.875002 0.085371 0.000000
vt 0.840566 0.109944 0.000000
vt 0.833754 0.096915 0.000000
vt 0.793280 0.082958 0.000000
vt 0.793280 0.082958 0.000000
vt 0.875002 0.016025 0.000000
vt 0.833754 0.096915 0.000000
vt 0.135872 0.985052 0.000000
vt 0.135696 0.947084 0.000000
vt 0.250125 0.985052 0.000000
vt 0.051250 0.985052 0.000000
vt 0.135872 0.985052 0.000000
vt 0.135696 0.947084 0.000000
vt 0.250125 0.985052 0.000000
vt 0.051250 0.985052 0.000000
vt 0.943577 0.595316 0.000000
vt 0.946809 0.618473 0.000000
vt 0.895577 0.595654 0.000000
vt 0.969625 0.633157 0.000000
vt 0.987477 0.595007 0.000000
vt 0.912315 0.163842 0.000000
vt 0.987080 0.163842 0.000000
vt 0.717841 0.096691 0.000000
vt 0.875002 0.152860 0.000000
vt 0.875002 0.085371 0.000000
vt 0.840566 0.109944 0.000000
vt 0.840566 0.109944 0.000000
vt 0.833754 0.096915 0.000000
vt 0.793280 0.082958 0.000000
vt 0.875002 0.016025 0.000000
vt 0.793280 0.082958 0.000000
vt 0.833754 0.096915 0.000000
vt 0.135696 0.947084 0.000000
vt 0.135696 0.947084 0.000000
vt 0.946809 0.618473 0.000000
vt 0.969625 0.633157 0.000000
vt 0.912315 0.163842 0.000000
vt 0.687888 0.707410 0.000000
vt 0.358077 0.811423 0.000000
vt 0.409925 0.799284 0.000000
vt 0.451644 0.831165 0.000000
vt 0.427796 0.815899 0.000000
vt 0.480752 0.804056 0.000000
vt 0.501680 0.816952 0.000000
vt 0.174011 0.939596 0.000000
vt 0.298375 0.893942 0.000000
vt 0.102924 0.887707 0.000000
vt 0.077622 0.872110 0.000000
vt 0.422603 0.731401 0.000000
vt 0.526301 0.832438 0.000000
vt 0.216987 0.833614 0.000000
vt 0.069792 0.858458 0.000000
vt 0.058438 0.841094 0.000000
vt 0.138936 0.908038 0.000000
vt 0.540388 0.840467 0.000000
vt 0.482342 0.851601 0.000000
vt 0.387976 0.985425 0.000000
vt 0.567933 0.854106 0.000000
vt 0.691567 0.872297 0.000000
vt 0.656058 0.900650 0.000000
vt 0.612691 0.896169 0.000000
vt 0.696993 0.828330 0.000000
vt 0.746274 0.902181 0.000000
vt 0.704836 0.903177 0.000000
vt 0.737104 0.941523 0.000000
vt 0.692137 0.975377 0.000000
vt 0.686341 0.903017 0.000000
vt 0.888547 0.851011 0.000000
vt 0.796219 0.486981 0.000000
vt 0.393218 0.531647 0.000000
vt 0.392803 0.523429 0.000000
vt 0.475322 0.484553 0.000000
vt 0.448172 0.491456 0.000000
vt 0.667003 0.596713 0.000000
vt 0.544558 0.484553 0.000000
vt 0.586881 0.475964 0.000000
vt 0.679521 0.475964 0.000000
vt 0.759264 0.475964 0.000000
vt 0.024348 0.517003 0.000000
vt 0.174657 0.650184 0.000000
vt 0.024348 0.583058 0.000000
vt 0.024349 0.703760 0.000000
vt 0.024348 0.464752 0.000000
vt 0.024350 0.769665 0.000000
vt 0.900196 0.816160 0.000000
vt 0.024350 0.825578 0.000000
vt 0.024350 0.809717 0.000000
vt 0.024350 0.747755 0.000000
vt 0.024349 0.650184 0.000000
vt 0.632974 0.475964 0.000000
vt 0.436980 0.499710 0.000000
vt 0.518768 0.484553 0.000000
vt 0.648151 0.583202 0.000000
vt 0.639473 0.586512 0.000000
vt 0.763015 0.580662 0.000000
vt 0.755104 0.578190 0.000000
vt 0.656708 0.579208 0.000000
vt 0.735950 0.778175 0.000000
vt 0.718790 0.778974 0.000000
vt 0.734108 0.763850 0.000000
vt 0.752578 0.773800 0.000000
vt 0.704589 0.724950 0.000000
vt 0.731651 0.617018 0.000000
vt 0.651108 0.604989 0.000000
vt 0.024350 0.792065 0.000000
vt 0.409842 0.704565 0.000000
vt 0.461594 0.084527 0.000000
vt 0.355807 0.013288 0.000000
vt 0.461594 0.084527 0.000000
vt 0.355807 0.013288 0.000000
vt 0.605869 0.627797 0.000000
vt 0.598875 0.643843 0.000000
vt 0.591882 0.659888 0.000000
vt 0.595282 0.678688 0.000000
vt 0.611227 0.710267 0.000000
vt 0.622406 0.611696 0.000000
vt 0.598682 0.697488 0.000000
vt 0.616407 0.659888 0.000000
vt 0.433134 0.866952 0.000000
vt 0.754140 0.915611 0.000000
vt 0.366848 0.511586 0.000000
vt 0.421584 0.493716 0.000000
usemtl Material_2
f 1096/1096 1097/1097 1098/1098
f 1098/1098 1099/1099 1096/1096
f 1100/1100 1101/1101 1102/1102
f 1102/1102 1103/1103 1100/1100
f 1104/1104 1105/1105 1106/1106
f 1106/1106 1107/1107 1104/1104
f 1108/1108 1109/1109 1110/1110
f 1110/1110 1111/1111 1108/1108
f 1112/1112 1113/1113 1114/1114
f 1114/1114 1115/1115 1112/1112
f 1116/1116 1117/1117 1109/1109
f 1109/1109 1118/1118 1116/1116
f 1119/1119 1120/1120 1121/1121
f 1121/1121 1122/1122 1119/1119
f 1123/1123 1124/1124 1106/1106
f 1106/1106 1105/1105 1123/1123
f 1125/1125 1118/1118 1109/1109
f 1109/1109 1108/1108 1125/1125
f 1113/1113 1126/1126 1127/1127
f 1127/1127 1114/1114 1113/1113
f 1117/1117 1128/1128 1129/1129
f 1129/1129 1109/1109 1117/1117
f 1127/1127 1128/1128 1117/1117
f 1117/1117 1114/1114 1127/1127
f 1114/1114 1117/1117 1116/1116
f 1116/1116 1115/1115 1114/1114
f 1104/1104 1125/1125 1108/1108
f 1108/1108 1105/1105 1104/1104
f 1105/1105 1108/1108 1111/1111
f 1111/1111 1123/1123 1105/1105
f 1130/1130 1131/1131 1132/1132
f 1132/1132 1133/1133 1130/1130
f 1134/1134 1135/1135 1136/1136
f 1136/1136 1133/1133 1134/1134
f 1133/1133 1132/1132 1137/1137
f 1137/1137 1134/1134 1133/1133
f 1133/1133 1136/1136 1138/1138
f 1138/1138 1130/1130 1133/1133
f 1139/1139 1136/1136 1135/1135
f 1135/1135 1140/1140 1139/1139
f 1141/1141 1142/1142 1139/1139
f 1139/1139 1140/1140 1141/1141
f 1143/1143 1107/1107 1106/1106
f 1106/1106 1144/1144 1143/1143
f 1145/1145 1146/1146 1147/1147
f 1147/1147 1148/1148 1145/1145
f 1149/1149 1150/1150 1151/1151
f 1151/1151 1152/1152 1149/1149
f 1153/1153 1154/1154 1148/1148
f 1148/1148 1155/1155 1153/1153
f 1156/1156 1122/1122 1121/1121
f 1121/1121 1157/1157 1156/1156
f 1158/1158 1144/1144 1106/1106
f 1106/1106 1124/1124 1158/1158
f 1159/1159 1145/1145 1148/1148
f 1148/1148 1154/1154 1159/1159
f 1152/1152 1151/1151 1160/1160
f 1160/1160 1161/1161 1152/1152
f 1155/1155 1148/1148 1162/1162
f 1162/1162 1163/1163 1155/1155
f 1160/1160 1151/1151 1155/1155
f 1155/1155 1163/1163 1160/1160
f 1151/1151 1150/1150 1153/1153
f 1153/1153 1155/1155 1151/1151
f 1143/1143 1144/1144 1145/1145
f 1145/1145 1159/1159 1143/1143
f 1144/1144 1158/1158 1146/1146
f 1146/1146 1145/1145 1144/1144
f 1164/1164 1165/1165 1132/1132
f 1132/1132 1131/1131 1164/1164
f 1166/1166 1165/1165 1167/1167
f 1167/1167 1168/1168 1166/1166
f 1165/1165 1166/1166 1137/1137
f 1137/1137 1132/1132 1165/1165
f 1165/1165 1164/1164 1169/1169
f 1169/1169 1167/1167 1165/1165
f 1170/1170 1171/1171 1168/1168
f 1168/1168 1167/1167 1170/1170
f 1141/1141 1171/1171 1170/1170
f 1170/1170 1142/1142 1141/1141
f 1172/1172 1173/1173 1174/1174
f 1175/1175 1176/1176 1177/1177
f 1178/1178 1179/1179 1180/1180
f 1180/1180 1181/1181 1178/1178
f 1182/1182 1183/1183 1184/1184
f 1184/1184 1185/1185 1182/1182
f 1186/1186 1187/1187 1188/1188
f 1188/1188 1189/1189 1186/1186
f 1190/1190 1191/1191 1192/1192
f 1192/1192 1193/1193 1190/1190
f 1194/1194 1195/1195 1196/1196
f 1196/1196 1197/1197 1194/1194
f 1198/1198 1199/1199 1197/1197
f 1197/1197 1196/1196 1198/1198
f 1200/1200 1201/1201 1202/1202
f 1202/1202 1203/1203 1200/1200
f 1204/1204 1205/1205 1187/1187
f 1187/1187 1186/1186 1204/1204
f 1206/1206 1207/1207 1191/1191
f 1191/1191 1190/1190 1206/1206
f 1194/1194 1208/1208 1209/1209
f 1209/1209 1210/1210 1194/1194
f 1211/1211 1212/1212 1213/1213
f 1213/1213 1199/1199 1211/1211
f 1214/1214 1215/1215 1216/1216
f 1217/1217 1218/1218 1219/1219
f 1219/1219 1220/1220 1217/1217
f 1221/1221 1222/1222 1223/1223
f 1223/1223 1224/1224 1221/1221
f 1225/1225 1226/1226 1215/1215
f 1215/1215 1227/1227 1225/1225
f 1217/1217 1228/1228 1229/1229
f 1229/1229 1218/1218 1217/1217
f 1230/1230 1231/1231 1232/1232
f 1232/1232 1233/1233 1230/1230
f 1234/1234 1235/1235 1222/1222
f 1222/1222 1221/1221 1234/1234
f 1236/1236 1237/1237 1238/1238
f 1238/1238 1239/1239 1236/1236
f 1240/1240 1241/1241 1242/1242
f 1242/1242 1243/1243 1240/1240
f 1244/1244 1245/1245 1240/1240
f 1240/1240 1243/1243 1244/1244
f 1246/1246 1247/1247 1248/1248
f 1248/1248 1249/1249 1246/1246
f 1250/1250 1251/1251 1252/1252
f 1252/1252 1253/1253 1250/1250
f 1254/1254 1255/1255 1256/1256
f 1257/1257 1258/1258 1259/1259
f 1259/1259 1256/1256 1257/1257
f 1260/1260 1254/1254 1256/1256
f 1256/1256 1261/1261 1260/1260
f 1256/1256 1259/1259 1262/1262
f 1262/1262 1261/1261 1256/1256
f 1263/1263 1264/1264 1265/1265
f 1265/1265 1266/1266 1263/1263
f 1267/1267 1268/1268 1269/1269
f 1270/1270 1271/1271 1272/1272
f 1272/1272 1273/1273 1270/1270
f 1274/1274 1275/1275 1273/1273
f 1273/1273 1272/1272 1274/1274
f 1276/1276 1277/1277 1274/1274
f 1274/1274 1272/1272 1276/1276
f 1278/1278 1279/1279 1280/1280
f 1280/1280 1281/1281 1278/1278
f 1281/1281 1280/1280 1282/1282
f 1282/1282 1283/1283 1281/1281
f 1284/1284 1285/1285 1286/1286
f 1286/1286 1287/1287 1284/1284
f 1288/1288 1281/1281 1283/1283
f 1283/1283 1289/1289 1288/1288
f 1290/1290 1227/1227 1214/1214
f 1214/1214 1291/1291 1290/1290
f 1189/1189 1292/1292 1293/1293
f 1293/1293 1186/1186 1189/1189
f 1294/1294 1290/1290 1291/1291
f 1291/1291 1295/1295 1294/1294
f 1225/1225 1294/1294 1296/1296
f 1297/1297 1296/1296 1298/1298
f 1298/1298 1299/1299 1297/1297
f 1289/1289 1297/1297 1299/1299
f 1299/1299 1288/1288 1289/1289
f 1300/1300 1301/1301 1286/1286
f 1286/1286 1285/1285 1300/1300
f 1263/1263 1266/1266 1260/1260
f 1260/1260 1261/1261 1263/1263
f 1269/1269 1302/1302 1275/1275
f 1303/1303 1304/1304 1226/1226
f 1226/1226 1225/1225 1303/1303
f 1228/1228 1305/1305 1306/1306
f 1306/1306 1229/1229 1228/1228
f 1307/1307 1308/1308 1232/1232
f 1232/1232 1231/1231 1307/1307
f 1237/1237 1236/1236 1309/1309
f 1309/1309 1310/1310 1237/1237
f 1311/1311 1312/1312 1235/1235
f 1235/1235 1234/1234 1311/1311
f 1241/1241 1313/1313 1314/1314
f 1314/1314 1242/1242 1241/1241
f 1315/1315 1316/1316 1297/1297
f 1297/1297 1289/1289 1315/1315
f 1317/1317 1310/1310 1251/1251
f 1251/1251 1250/1250 1317/1317
f 1318/1318 1174/1174 1175/1175
f 1175/1175 1319/1319 1318/1318
f 1175/1175 1177/1177 1320/1320
f 1320/1320 1319/1319 1175/1175
f 1321/1321 1180/1180 1184/1184
f 1322/1322 1183/1183 1323/1323
f 1324/1324 1178/1178 1181/1181
f 1181/1181 1325/1325 1324/1324
f 1326/1326 1327/1327 1243/1243
f 1243/1243 1242/1242 1326/1326
f 1242/1242 1314/1314 1328/1328
f 1328/1328 1326/1326 1242/1242
f 1252/1252 1251/1251 1329/1329
f 1329/1329 1330/1330 1252/1252
f 1331/1331 1332/1332 1253/1253
f 1253/1253 1252/1252 1331/1331
f 1324/1324 1325/1325 1329/1329
f 1210/1210 1333/1333 1195/1195
f 1195/1195 1194/1194 1210/1210
f 1197/1197 1334/1334 1208/1208
f 1208/1208 1194/1194 1197/1197
f 1335/1335 1336/1336 1337/1337
f 1337/1337 1338/1338 1335/1335
f 1339/1339 1340/1340 1341/1341
f 1341/1341 1342/1342 1339/1339
f 1343/1343 1341/1341 1340/1340
f 1340/1340 1344/1344 1343/1343
f 1345/1345 1346/1346 1347/1347
f 1347/1347 1348/1348 1345/1345
f 1349/1349 1350/1350 1337/1337
f 1337/1337 1336/1336 1349/1349
f 1351/1351 1342/1342 1341/1341
f 1341/1341 1352/1352 1351/1351
f 1343/1343 1353/1353 1352/1352
f 1352/1352 1341/1341 1343/1343
f 1354/1354 1355/1355 1356/1356
f 1356/1356 1357/1357 1354/1354
f 1096/1096 1358/1358 1097/1097
f 1097/1097 1102/1102 1101/1101
f 1359/1359 1360/1360 1361/1361
f 1361/1361 1362/1362 1363/1363
f 1103/1103 1358/1358 1364/1364
f 1362/1362 1365/1365 1366/1366
f 1361/1361 1360/1360 1365/1365
f 1361/1361 1365/1365 1362/1362
f 1097/1097 1101/1101 1098/1098
f 1102/1102 1358/1358 1103/1103
f 1100/1100 1103/1103 1366/1366
f 1366/1366 1103/1103 1362/1362
f 1358/1358 1102/1102 1097/1097
f 1103/1103 1367/1367 1362/1362
f 1099/1099 1368/1368 1096/1096
f 1096/1096 1369/1369 1358/1358
f 1096/1096 1368/1368 1369/1369
f 1369/1369 1368/1368 1370/1370
f 1370/1370 1371/1371 1369/1369
f 1103/1103 1364/1364 1367/1367
f 1363/1363 1362/1362 1367/1367
f 1126/1126 1372/1372 1373/1373
f 1112/1112 1374/1374 1122/1122
f 1374/1374 1119/1119 1122/1122
f 1121/1121 1120/1120 1375/1375
f 1113/1113 1112/1112 1372/1372
f 1129/1129 1376/1376 1109/1109
f 1109/1109 1376/1376 1110/1110
f 1118/1118 1377/1377 1378/1378
f 1116/1116 1118/1118 1379/1379
f 1380/1380 1378/1378 1381/1381
f 1378/1378 1382/1382 1383/1383
f 1381/1381 1378/1378 1383/1383
f 1377/1377 1384/1384 1378/1378
f 1378/1378 1380/1380 1379/1379
f 1118/1118 1125/1125 1377/1377
f 1118/1118 1378/1378 1379/1379
f 1378/1378 1384/1384 1382/1382
f 1126/1126 1113/1113 1372/1372
f 1112/1112 1122/1122 1372/1372
f 1385/1385 1386/1386 1387/1387
f 1386/1386 1385/1385 1388/1388
f 1389/1389 1390/1390 1391/1391
f 1390/1390 1389/1389 1392/1392
f 1393/1393 1394/1394 1395/1395
f 1394/1394 1393/1393 1396/1396
f 1397/1397 1396/1396 1393/1393
f 1138/1138 1136/1136 1398/1398
f 1398/1398 1139/1139 1142/1142
f 1398/1398 1136/1136 1139/1139
f 1398/1398 1142/1142 1399/1399
f 1161/1161 1373/1373 1372/1372
f 1149/1149 1122/1122 1400/1400
f 1400/1400 1122/1122 1156/1156
f 1121/1121 1375/1375 1157/1157
f 1152/1152 1372/1372 1149/1149
f 1162/1162 1148/1148 1401/1401
f 1148/1148 1147/1147 1401/1401
f 1154/1154 1402/1402 1403/1403
f 1153/1153 1404/1404 1154/1154
f 1405/1405 1406/1406 1402/1402
f 1402/1402 1407/1407 1408/1408
f 1406/1406 1407/1407 1402/1402
f 1403/1403 1402/1402 1409/1409
f 1402/1402 1404/1404 1405/1405
f 1154/1154 1403/1403 1159/1159
f 1154/1154 1404/1404 1402/1402
f 1402/1402 1408/1408 1409/1409
f 1161/1161 1372/1372 1152/1152
f 1149/1149 1372/1372 1122/1122
f 1385/1385 1387/1387 1410/1410
f 1410/1410 1388/1388 1385/1385
f 1389/1389 1391/1391 1411/1411
f 1411/1411 1392/1392 1389/1389
f 1393/1393 1395/1395 1412/1412
f 1412/1412 1413/1413 1393/1393
f 1397/1397 1393/1393 1413/1413
f 1169/1169 1414/1414 1167/1167
f 1414/1414 1142/1142 1170/1170
f 1414/1414 1170/1170 1167/1167
f 1414/1414 1399/1399 1142/1142
f 1252/1252 1330/1330 1331/1331
f 1181/1181 1415/1415 1325/1325
f 1416/1416 1333/1333 1210/1210
f 1417/1417 1209/1209 1245/1245
f 1245/1245 1244/1244 1417/1417
f 1418/1418 1419/1419 1420/1420
f 1420/1420 1421/1421 1418/1418
f 1249/1249 1422/1422 1423/1423
f 1202/1202 1424/1424 1425/1425
f 1419/1419 1417/1417 1244/1244
f 1244/1244 1420/1420 1419/1419
f 1240/1240 1426/1426 1233/1233
f 1238/1238 1427/1427 1239/1239
f 1200/1200 1423/1423 1201/1201
f 1428/1428 1429/1429 1430/1430
f 1428/1428 1203/1203 1202/1202
f 1201/1201 1422/1422 1431/1431
f 1432/1432 1433/1433 1427/1427
f 1238/1238 1432/1432 1427/1427
f 1254/1254 1434/1434 1255/1255
f 1435/1435 1432/1432 1238/1238
f 1269/1269 1435/1435 1238/1238
f 1436/1436 1437/1437 1438/1438
f 1438/1438 1267/1267 1436/1436
f 1275/1275 1439/1439 1269/1269
f 1274/1274 1439/1439 1275/1275
f 1274/1274 1436/1436 1439/1439
f 1440/1440 1441/1441 1436/1436
f 1436/1436 1274/1274 1440/1440
f 1442/1442 1443/1443 1264/1264
f 1444/1444 1436/1436 1441/1441
f 1443/1443 1265/1265 1264/1264
f 1272/1272 1271/1271 1445/1445
f 1288/1288 1446/1446 1281/1281
f 1447/1447 1204/1204 1186/1186
f 1186/1186 1293/1293 1447/1447
f 1290/1290 1225/1225 1227/1227
f 1448/1448 1291/1291 1447/1447
f 1294/1294 1225/1225 1290/1290
f 1449/1449 1295/1295 1450/1450
f 1298/1298 1294/1294 1295/1295
f 1300/1300 1451/1451 1301/1301
f 1452/1452 1298/1298 1295/1295
f 1453/1453 1298/1298 1452/1452
f 1288/1288 1454/1454 1455/1455
f 1193/1193 1456/1456 1188/1188
f 1457/1457 1458/1458 1192/1192
f 1196/1196 1459/1459 1198/1198
f 1189/1189 1460/1460 1292/1292
f 1195/1195 1461/1461 1196/1196
f 1268/1268 1438/1438 1262/1262
f 1436/1436 1444/1444 1437/1437
f 1445/1445 1276/1276 1272/1272
f 1271/1271 1462/1462 1445/1445
f 1434/1434 1247/1247 1246/1246
f 1431/1431 1202/1202 1201/1201
f 1431/1431 1424/1424 1202/1202
f 1249/1249 1248/1248 1422/1422
f 1425/1425 1428/1428 1202/1202
f 1425/1425 1429/1429 1428/1428
f 1428/1428 1463/1463 1333/1333
f 1428/1428 1430/1430 1463/1463
f 1463/1463 1464/1464 1333/1333
f 1458/1458 1456/1456 1193/1193
f 1461/1461 1465/1465 1196/1196
f 1457/1457 1466/1466 1458/1458
f 1459/1459 1466/1466 1457/1457
f 1456/1456 1460/1460 1189/1189
f 1467/1467 1454/1454 1299/1299
f 1453/1453 1467/1467 1298/1298
f 1467/1467 1299/1299 1298/1298
f 1468/1468 1295/1295 1291/1291
f 1291/1291 1448/1448 1468/1468
f 1450/1450 1295/1295 1468/1468
f 1469/1469 1452/1452 1295/1295
f 1449/1449 1469/1469 1295/1295
f 1288/1288 1455/1455 1446/1446
f 1446/1446 1278/1278 1281/1281
f 1274/1274 1277/1277 1440/1440
f 1257/1257 1246/1246 1249/1249
f 1296/1296 1470/1470 1471/1471
f 1282/1282 1472/1472 1473/1473
f 1473/1473 1283/1283 1282/1282
f 1286/1286 1315/1315 1473/1473
f 1473/1473 1287/1287 1286/1286
f 1296/1296 1297/1297 1316/1316
f 1316/1316 1474/1474 1296/1296
f 1475/1475 1273/1273 1275/1275
f 1275/1275 1476/1476 1475/1475
f 1477/1477 1478/1478 1475/1475
f 1325/1325 1415/1415 1479/1479
f 1330/1330 1325/1325 1479/1479
f 1420/1420 1243/1243 1327/1327
f 1284/1284 1480/1480 1285/1285
f 1480/1480 1173/1173 1285/1285
f 1285/1285 1173/1173 1300/1300
f 1300/1300 1173/1173 1172/1172
f 1481/1481 1303/1303 1471/1471
f 1296/1296 1474/1474 1470/1470
f 1172/1172 1481/1481 1451/1451
f 1300/1300 1172/1172 1451/1451
f 1330/1330 1479/1479 1331/1331
f 1421/1421 1420/1420 1327/1327
f 1420/1420 1244/1244 1243/1243
f 1416/1416 1428/1428 1333/1333
f 1288/1288 1299/1299 1454/1454
f 1333/1333 1464/1464 1482/1482
f 1240/1240 1245/1245 1426/1426
f 1426/1426 1483/1483 1230/1230
f 1465/1465 1459/1459 1196/1196
f 1482/1482 1195/1195 1333/1333
f 1482/1482 1461/1461 1195/1195
f 1484/1484 1348/1348 1347/1347
f 1345/1345 1340/1340 1346/1346
f 1345/1345 1348/1348 1485/1485
f 1340/1340 1339/1339 1346/1346
f 1484/1484 1335/1335 1338/1338
f 1485/1485 1344/1344 1345/1345
f 1345/1345 1344/1344 1340/1340
f 1484/1484 1338/1338 1348/1348
f 1338/1338 1485/1485 1348/1348
f 1355/1355 1486/1486 1356/1356
f 1352/1352 1354/1354 1357/1357
f 1355/1355 1354/1354 1487/1487
f 1351/1351 1352/1352 1357/1357
f 1349/1349 1486/1486 1350/1350
f 1353/1353 1487/1487 1354/1354
f 1353/1353 1354/1354 1352/1352
f 1350/1350 1486/1486 1355/1355
f 1487/1487 1350/1350 1355/1355
f 1416/1416 1203/1203 1428/1428
f 1305/1305 1488/1488 1489/1489
f 1489/1489 1306/1306 1305/1305
f 1490/1490 1491/1491 1312/1312
f 1312/1312 1311/1311 1490/1490
f 1241/1241 1240/1240 1233/1233
f 1233/1233 1232/1232 1241/1241
f 1226/1226 1228/1228 1217/1217
f 1217/1217 1215/1215 1226/1226
f 1328/1328 1329/1329 1309/1309
f 1314/1314 1313/1313 1178/1178
f 1178/1178 1324/1324 1314/1314
f 1286/1286 1301/1301 1316/1316
f 1316/1316 1315/1315 1286/1286
f 1275/1275 1302/1302 1317/1317
f 1317/1317 1476/1476 1275/1275
f 1328/1328 1314/1314 1324/1324
f 1324/1324 1329/1329 1328/1328
f 1451/1451 1481/1481 1471/1471
f 1471/1471 1470/1470 1451/1451
f 1472/1472 1287/1287 1473/1473
f 1315/1315 1289/1289 1283/1283
f 1283/1283 1473/1473 1315/1315
f 1316/1316 1301/1301 1474/1474
f 1476/1476 1477/1477 1475/1475
f 1273/1273 1475/1475 1478/1478
f 1478/1478 1270/1270 1273/1273
f 1296/1296 1471/1471 1303/1303
f 1303/1303 1225/1225 1296/1296
f 1301/1301 1451/1451 1470/1470
f 1470/1470 1474/1474 1301/1301
f 1179/1179 1185/1185 1184/1184
f 1184/1184 1180/1180 1179/1179
f 1174/1174 1318/1318 1481/1481
f 1481/1481 1172/1172 1174/1174
f 1178/1178 1313/1313 1492/1492
f 1492/1492 1179/1179 1178/1178
f 1318/1318 1319/1319 1488/1488
f 1488/1488 1493/1493 1318/1318
f 1321/1321 1415/1415 1180/1180
f 1176/1176 1175/1175 1174/1174
f 1173/1173 1176/1176 1174/1174
f 1415/1415 1181/1181 1180/1180
f 1215/1215 1217/1217 1220/1220
f 1214/1214 1227/1227 1215/1215
f 1426/1426 1230/1230 1233/1233
f 1308/1308 1313/1313 1241/1241
f 1241/1241 1232/1232 1308/1308
f 1494/1494 1492/1492 1308/1308
f 1308/1308 1307/1307 1494/1494
f 1303/1303 1493/1493 1304/1304
f 1305/1305 1228/1228 1226/1226
f 1226/1226 1304/1304 1305/1305
f 1294/1294 1298/1298 1296/1296
f 1327/1327 1326/1326 1236/1236
f 1236/1236 1239/1239 1327/1327
f 1236/1236 1326/1326 1328/1328
f 1328/1328 1309/1309 1236/1236
f 1302/1302 1237/1237 1310/1310
f 1310/1310 1317/1317 1302/1302
f 1251/1251 1310/1310 1309/1309
f 1309/1309 1329/1329 1251/1251
f 1421/1421 1327/1327 1239/1239
f 1269/1269 1238/1238 1302/1302
f 1238/1238 1237/1237 1302/1302
f 1317/1317 1250/1250 1477/1477
f 1477/1477 1476/1476 1317/1317
f 1253/1253 1477/1477 1250/1250
f 1325/1325 1330/1330 1329/1329
f 1182/1182 1495/1495 1323/1323
f 1323/1323 1183/1183 1182/1182
f 1191/1191 1211/1211 1457/1457
f 1457/1457 1192/1192 1191/1191
f 1457/1457 1211/1211 1199/1199
f 1199/1199 1198/1198 1457/1457
f 1219/1219 1224/1224 1212/1212
f 1212/1212 1207/1207 1219/1219
f 1483/1483 1334/1334 1213/1213
f 1213/1213 1223/1223 1483/1483
f 1221/1221 1224/1224 1219/1219
f 1219/1219 1218/1218 1221/1221
f 1230/1230 1483/1483 1223/1223
f 1223/1223 1222/1222 1230/1230
f 1234/1234 1221/1221 1218/1218
f 1218/1218 1229/1229 1234/1234
f 1235/1235 1231/1231 1230/1230
f 1230/1230 1222/1222 1235/1235
f 1311/1311 1234/1234 1229/1229
f 1229/1229 1306/1306 1311/1311
f 1312/1312 1307/1307 1231/1231
f 1231/1231 1235/1235 1312/1312
f 1323/1323 1495/1495 1320/1320
f 1320/1320 1177/1177 1323/1323
f 1320/1320 1495/1495 1490/1490
f 1490/1490 1489/1489 1320/1320
f 1182/1182 1185/1185 1494/1494
f 1494/1494 1491/1491 1182/1182
f 1176/1176 1322/1322 1177/1177
f 1321/1321 1184/1184 1183/1183
f 1322/1322 1321/1321 1183/1183
f 1322/1322 1323/1323 1177/1177
f 1458/1458 1193/1193 1192/1192
f 1459/1459 1457/1457 1198/1198
f 1432/1432 1258/1258 1433/1433
f 1496/1496 1257/1257 1249/1249
f 1214/1214 1216/1216 1205/1205
f 1205/1205 1204/1204 1214/1214
f 1220/1220 1219/1219 1207/1207
f 1207/1207 1206/1206 1220/1220
f 1208/1208 1426/1426 1245/1245
f 1245/1245 1209/1209 1208/1208
f 1212/1212 1224/1224 1223/1223
f 1223/1223 1213/1213 1212/1212
f 1258/1258 1432/1432 1435/1435
f 1435/1435 1259/1259 1258/1258
f 1259/1259 1435/1435 1268/1268
f 1268/1268 1262/1262 1259/1259
f 1334/1334 1483/1483 1426/1426
f 1426/1426 1208/1208 1334/1334
f 1416/1416 1210/1210 1209/1209
f 1209/1209 1417/1417 1416/1416
f 1200/1200 1203/1203 1419/1419
f 1419/1419 1418/1418 1200/1200
f 1203/1203 1416/1416 1417/1417
f 1417/1417 1419/1419 1203/1203
f 1496/1496 1200/1200 1418/1418
f 1418/1418 1433/1433 1496/1496
f 1437/1437 1263/1263 1438/1438
f 1291/1291 1214/1214 1204/1204
f 1204/1204 1447/1447 1291/1291
f 1263/1263 1261/1261 1262/1262
f 1262/1262 1438/1438 1263/1263
f 1264/1264 1263/1263 1437/1437
f 1437/1437 1444/1444 1264/1264
f 1211/1211 1191/1191 1207/1207
f 1207/1207 1212/1212 1211/1211
f 1334/1334 1197/1197 1199/1199
f 1199/1199 1213/1213 1334/1334
f 1496/1496 1433/1433 1258/1258
f 1258/1258 1257/1257 1496/1496
f 1187/1187 1190/1190 1193/1193
f 1193/1193 1188/1188 1187/1187
f 1205/1205 1206/1206 1190/1190
f 1190/1190 1187/1187 1205/1205
f 1216/1216 1220/1220 1206/1206
f 1206/1206 1205/1205 1216/1216
f 1215/1215 1220/1220 1216/1216
f 1456/1456 1189/1189 1188/1188
f 1277/1277 1497/1497 1440/1440
f 1497/1497 1442/1442 1441/1441
f 1441/1441 1440/1440 1497/1497
f 1441/1441 1442/1442 1264/1264
f 1264/1264 1444/1444 1441/1441
f 1498/1498 1448/1448 1447/1447
f 1447/1447 1293/1293 1498/1498
f 1448/1448 1498/1498 1499/1499
f 1499/1499 1468/1468 1448/1448
f 1468/1468 1499/1499 1450/1450
f 1439/1439 1436/1436 1267/1267
f 1267/1267 1269/1269 1439/1439
f 1438/1438 1268/1268 1267/1267
f 1488/1488 1319/1319 1320/1320
f 1320/1320 1489/1489 1488/1488
f 1495/1495 1182/1182 1491/1491
f 1491/1491 1490/1490 1495/1495
f 1488/1488 1305/1305 1304/1304
f 1304/1304 1493/1493 1488/1488
f 1494/1494 1185/1185 1179/1179
f 1179/1179 1492/1492 1494/1494
f 1311/1311 1306/1306 1489/1489
f 1489/1489 1490/1490 1311/1311
f 1307/1307 1312/1312 1491/1491
f 1491/1491 1494/1494 1307/1307
f 1313/1313 1308/1308 1492/1492
f 1481/1481 1318/1318 1493/1493
f 1493/1493 1303/1303 1481/1481
f 1422/1422 1201/1201 1423/1423
f 1496/1496 1249/1249 1423/1423
f 1200/1200 1496/1496 1423/1423
f 1434/1434 1246/1246 1255/1255
f 1246/1246 1257/1257 1256/1256
f 1256/1256 1255/1255 1246/1246
f 1433/1433 1418/1418 1421/1421
f 1421/1421 1427/1427 1433/1433
f 1427/1427 1421/1421 1239/1239
f 1269/1269 1268/1268 1435/1435

g andi01
v 6.081975 -2.094834 66.016680
v 6.081975 -0.556223 66.016680
v 9.936527 -1.584165 68.454730
v 9.936527 -4.150713 68.454730
v 6.081975 0.982386 66.016680
v 9.936526 0.982386 68.454730
v 6.081974 2.520999 66.016680
v 9.936526 3.548936 68.454730
v 6.081975 4.059610 66.016680
v 9.936525 6.115488 68.454730
v 13.454660 -1.555962 71.416230
v 13.454660 -4.094317 71.416230
v 13.454660 0.982388 71.416230
v 13.454660 3.520742 71.416230
v 13.454660 6.059094 71.416230
v 16.009310 -0.717375 75.715250
v 16.009310 -2.417134 75.715250
v 16.009310 0.982391 75.715250
v 16.009310 2.682150 75.715250
v 16.009310 4.381915 75.715250
v 16.973430 0.685867 82.165870
v 16.973430 0.389343 82.165870
v 16.973430 0.982391 82.165870
v 16.973430 1.278914 82.165870
v 16.973430 1.575438 82.165870
v 4.202682 0.982387 67.895970
v 5.142328 0.982388 66.956320
v 8.369104 0.982390 70.022150
v 6.801684 0.982389 71.589570
v 6.081974 0.982388 66.016680
v 9.936524 0.982388 68.454730
v 7.021621 0.982387 65.077030
v 11.503940 0.982388 66.887310
v 7.961269 0.982389 64.137380
v 13.071370 0.982387 65.319890
v 11.904460 0.982389 72.966420
v 10.354260 0.982389 74.516620
v 13.454660 0.982387 71.416230
v 15.004860 0.982389 69.866030
v 16.555060 0.982389 68.315830
v 14.971240 0.982389 76.753310
v 13.933180 0.982389 77.791370
v 16.009310 0.982392 75.715250
v 17.047370 0.982390 74.677190
v 18.085440 0.982390 73.639120
v 16.792330 0.982389 82.346950
v 16.611240 0.982389 82.528050
v 16.973430 0.982389 82.165870
v 17.154520 0.982390 81.984780
v 17.335610 0.982391 81.803690
vt 0.000000 0.000000 0.000000
vt 0.250000 0.000000 0.000000
vt 0.250000 0.250000 0.000000
vt 0.000000 0.250000 0.000000
vt 0.500000 0.000000 0.000000
vt 0.500000 0.250000 0.000000
vt 0.750000 0.000000 0.000000
vt 0.750000 0.250000 0.000000
vt 1.000000 0.000000 0.000000
vt 1.000000 0.250000 0.000000
vt 0.250000 0.500000 0.000000
vt 0.000000 0.500000 0.000000
vt 0.500000 0.500000 0.000000
vt 0.750000 0.500000 0.000000
vt 1.000000 0.500000 0.000000
vt 0.250000 0.750000 0.000000
vt 0.000000 0.750000 0.000000
vt 0.500000 0.750000 0.000000
vt 0.750000 0.750000 0.000000
vt 1.000000 0.750000 0.000000
vt 0.250000 1.000000 0.000000
vt 0.000000 1.000000 0.000000
vt 0.500000 1.000000 0.000000
vt 0.750000 1.000000 0.000000
vt 1.000000 1.000000 0.000000
vt 0.000000 0.000000 0.000000
vt 0.250000 0.000000 0.000000
vt 0.250000 0.250000 0.000000
vt 0.000000 0.250000 0.000000
vt 0.500000 0.000000 0.000000
vt 0.500000 0.250000 0.000000
vt 0.750000 0.000000 0.000000
vt 0.750000 0.250000 0.000000
vt 1.000000 0.000000 0.000000
vt 1.000000 0.250000 0.000000
vt 0.250000 0.500000 0.000000
vt 0.000000 0.500000 0.000000
vt 0.500000 0.500000 0.000000
vt 0.750000 0.500000 0.000000
vt 1.000000 0.500000 0.000000
vt 0.250000 0.750000 0.000000
vt 0.000000 0.750000 0.000000
vt 0.500000 0.750000 0.000000
vt 0.750000 0.750000 0.000000
vt 1.000000 0.750000 0.000000
vt 0.250000 1.000000 0.000000
vt 0.000000 1.000000 0.000000
vt 0.500000 1.000000 0.000000
vt 0.750000 1.000000 0.000000
vt 1.000000 1.000000 0.000000
usemtl Material_6
f 1500/1500 1501/1501 1502/1502
f 1502/1502 1503/1503 1500/1500
f 1501/1501 1504/1504 1505/1505
f 1505/1505 1502/1502 1501/1501
f 1504/1504 1506/1506 1507/1507
f 1507/1507 1505/1505 1504/1504
f 1506/1506 1508/1508 1509/1509
f 1509/1509 1507/1507 1506/1506
f 1503/1503 1502/1502 1510/1510
f 1510/1510 1511/1511 1503/1503
f 1502/1502 1505/1505 1512/1512
f 1512/1512 1510/1510 1502/1502
f 1505/1505 1507/1507 1513/1513
f 1513/1513 1512/1512 1505/1505
f 1507/1507 1509/1509 1514/1514
f 1514/1514 1513/1513 1507/1507
f 1511/1511 1510/1510 1515/1515
f 1515/1515 1516/1516 1511/1511
f 1510/1510 1512/1512 1517/1517
f 1517/1517 1515/1515 1510/1510
f 1512/1512 1513/1513 1518/1518
f 1518/1518 1517/1517 1512/1512
f 1513/1513 1514/1514 1519/1519
f 1519/1519 1518/1518 1513/1513
f 1516/1516 1515/1515 1520/1520
f 1520/1520 1521/1521 1516/1516
f 1515/1515 1517/1517 1522/1522
f 1522/1522 1520/1520 1515/1515
f 1517/1517 1518/1518 1523/1523
f 1523/1523 1522/1522 1517/1517
f 1518/1518 1519/1519 1524/1524
f 1524/1524 1523/1523 1518/1518
f 1525/1525 1526/1526 1527/1527
f 1527/1527 1528/1528 1525/1525
f 1526/1526 1529/1529 1530/1530
f 1530/1530 1527/1527 1526/1526
f 1529/1529 1531/1531 1532/1532
f 1532/1532 1530/1530 1529/1529
f 1531/1531 1533/1533 1534/1534
f 1534/1534 1532/1532 1531/1531
f 1528/1528 1527/1527 1535/1535
f 1535/1535 1536/1536 1528/1528
f 1527/1527 1530/1530 1537/1537
f 1537/1537 1535/1535 1527/1527
f 1530/1530 1532/1532 1538/1538
f 1538/1538 1537/1537 1530/1530
f 1532/1532 1534/1534 1539/1539
f 1539/1539 1538/1538 1532/1532
f 1536/1536 1535/1535 1540/1540
f 1540/1540 1541/1541 1536/1536
f 1535/1535 1537/1537 1542/1542
f 1542/1542 1540/1540 1535/1535
f 1537/1537 1538/1538 1543/1543
f 1543/1543 1542/1542 1537/1537
f 1538/1538 1539/1539 1544/1544
f 1544/1544 1543/1543 1538/1538
f 1541/1541 1540/1540 1545/1545
f 1545/1545 1546/1546 1541/1541
f 1540/1540 1542/1542 1547/1547
f 1547/1547 1545/1545 1540/1540
f 1542/1542 1543/1543 1548/1548
f 1548/1548 1547/1547 1542/1542
f 1543/1543 1544/1544 1549/1549
f 1549/1549 1548/1548 1543/1543

g andi02
v -5.934713 -2.017105 65.315780
v -5.934713 -0.517357 65.315780
v -9.461615 -1.519336 68.018110
v -9.461615 -4.021056 68.018110
v -5.934713 0.982389 65.315780
v -9.461613 0.982387 68.018110
v -5.934712 2.482137 65.315780
v -9.461613 3.484109 68.018110
v -5.934712 3.981885 65.315780
v -9.461612 5.985834 68.018110
v -12.622750 -1.491847 71.195630
v -12.622750 -3.966085 71.195630
v -12.622750 0.982388 71.195630
v -12.622750 3.456626 71.195630
v -12.622750 5.930863 71.195630
v -14.749100 -0.674443 75.577980
v -14.749100 -2.331268 75.577980
v -14.749100 0.982390 75.577980
v -14.749100 2.639215 75.577980
v -14.749100 4.296045 75.577980
v -15.171620 0.693353 81.894830
v -15.171620 0.404318 81.894830
v -15.171620 0.982386 81.894830
v -15.171620 1.271420 81.894830
v -15.171620 1.560455 81.894830
v -3.973735 0.982389 66.961240
v -4.954224 0.982389 66.138500
v -7.826061 0.982390 69.390500
v -6.190511 0.982389 70.762890
v -5.934712 0.982390 65.315780
v -9.461612 0.982390 68.018110
v -6.915202 0.982390 64.493050
v -11.097160 0.982390 66.645720
v -7.895693 0.982392 63.670320
v -12.732710 0.982390 65.273330
v -11.005170 0.982388 72.552930
v -9.387589 0.982388 73.910250
v -12.622750 0.982387 71.195630
v -14.240330 0.982390 69.838310
v -15.857910 0.982390 68.481000
v -13.665910 0.982387 76.486880
v -12.582730 0.982387 77.395770
v -14.749100 0.982391 75.577980
v -15.832280 0.982389 74.669080
v -16.915470 0.982389 73.760180
v -14.982660 0.982384 82.053380
v -14.793700 0.982385 82.211940
v -15.171620 0.982385 81.894820
v -15.360580 0.982386 81.736270
v -15.549550 0.982387 81.577710
vt 0.000000 0.000000 0.000000
vt 0.250000 0.000000 0.000000
vt 0.250000 0.250000 0.000000
vt 0.000000 0.250000 0.000000
vt 0.500000 0.000000 0.000000
vt 0.500000 0.250000 0.000000
vt 0.750000 0.000000 0.000000
vt 0.750000 0.250000 0.000000
vt 1.000000 0.000000 0.000000
vt 1.000000 0.250000 0.000000
vt 0.250000 0.500000 0.000000
vt 0.000000 0.500000 0.000000
vt 0.500000 0.500000 0.000000
vt 0.750000 0.500000 0.000000
vt 1.000000 0.500000 0.000000
vt 0.250000 0.750000 0.000000
vt 0.000000 0.750000 0.000000
vt 0.500000 0.750000 0.000000
vt 0.750000 0.750000 0.000000
vt 1.000000 0.750000 0.000000
vt 0.250000 1.000000 0.000000
vt 0.000000 1.000000 0.000000
vt 0.500000 1.000000 0.000000
vt 0.750000 1.000000 0.000000
vt 1.000000 1.000000 0.000000
vt 0.000000 0.000000 0.000000
vt 0.250000 0.000000 0.000000
vt 0.250000 0.250000 0.000000
vt 0.000000 0.250000 0.000000
vt 0.500000 0.000000 0.000000
vt 0.500000 0.250000 0.000000
vt 0.750000 0.000000 0.000000
vt 0.750000 0.250000 0.000000
vt 1.000000 0.000000 0.000000
vt 1.000000 0.250000 0.000000
vt 0.250000 0.500000 0.000000
vt 0.000000 0.500000 0.000000
vt 0.500000 0.500000 0.000000
vt 0.750000 0.500000 0.000000
vt 1.000000 0.500000 0.000000
vt 0.250000 0.750000 0.000000
vt 0.000000 0.750000 0.000000
vt 0.500000 0.750000 0.000000
vt 0.750000 0.750000 0.000000
vt 1.000000 0.750000 0.000000
vt 0.250000 1.000000 0.000000
vt 0.000000 1.000000 0.000000
vt 0.500000 1.000000 0.000000
vt 0.750000 1.000000 0.000000
vt 1.000000 1.000000 0.000000
usemtl Material_6
f 1551/1551 1550/1550 1552/1552
f 1553/1553 1552/1552 1550/1550
f 1554/1554 1551/1551 1555/1555
f 1552/1552 1555/1555 1551/1551
f 1556/1556 1554/1554 1557/1557
f 1555/1555 1557/1557 1554/1554
f 1558/1558 1556/1556 1559/1559
f 1557/1557 1559/1559 1556/1556
f 1552/1552 1553/1553 1560/1560
f 1561/1561 1560/1560 1553/1553
f 1555/1555 1552/1552 1562/1562
f 1560/1560 1562/1562 1552/1552
f 1557/1557 1555/1555 1563/1563
f 1562/1562 1563/1563 1555/1555
f 1559/1559 1557/1557 1564/1564
f 1563/1563 1564/1564 1557/1557
f 1560/1560 1561/1561 1565/1565
f 1566/1566 1565/1565 1561/1561
f 1562/1562 1560/1560 1567/1567
f 1565/1565 1567/1567 1560/1560
f 1563/1563 1562/1562 1568/1568
f 1567/1567 1568/1568 1562/1562
f 1564/1564 1563/1563 1569/1569
f 1568/1568 1569/1569 1563/1563
f 1565/1565 1566/1566 1570/1570
f 1571/1571 1570/1570 1566/1566
f 1567/1567 1565/1565 1572/1572
f 1570/1570 1572/1572 1565/1565
f 1568/1568 1567/1567 1573/1573
f 1572/1572 1573/1573 1567/1567
f 1569/1569 1568/1568 1574/1574
f 1573/1573 1574/1574 1568/1568
f 1576/1576 1575/1575 1577/1577
f 1578/1578 1577/1577 1575/1575
f 1579/1579 1576/1576 1580/1580
f 1577/1577 1580/1580 1576/1576
f 1581/1581 1579/1579 1582/1582
f 1580/1580 1582/1582 1579/1579
f 1583/1583 1581/1581 1584/1584
f 1582/1582 1584/1584 1581/1581
f 1577/1577 1578/1578 1585/1585
f 1586/1586 1585/1585 1578/1578
f 1580/1580 1577/1577 1587/1587
f 1585/1585 1587/1587 1577/1577
f 1582/1582 1580/1580 1588/1588
f 1587/1587 1588/1588 1580/1580
f 1584/1584 1582/1582 1589/1589
f 1588/1588 1589/1589 1582/1582
f 1585/1585 1586/1586 1590/1590
f 1591/1591 1590/1590 1586/1586
f 1587/1587 1585/1585 1592/1592
f 1590/1590 1592/1592 1585/1585
f 1588/1588 1587/1587 1593/1593
f 1592/1592 1593/1593 1587/1587
f 1589/1589 1588/1588 1594/1594
f 1593/1593 1594/1594 1588/1588
f 1590/1590 1591/1591 1595/1595
f 1596/1596 1595/1595 1591/1591
f 1592/1592 1590/1590 1597/1597
f 1595/1595 1597/1597 1590/1590
f 1593/1593 1592/1592 1598/1598
f 1597/1597 1598/1598 1592/1592
f 1594/1594 1593/1593 1599/1599
f 1598/1598 1599/1599 1593/1593

