mtllib boss_tianqiong.mtl

g Boss_tianqiong
v -16.540400 0.353126 92.120400
v -15.761110 3.674894 93.836810
v -20.983810 3.586955 94.257550
v -21.446500 1.907220 93.405810
v -18.214560 0.326036 88.687850
v -22.426870 1.923349 91.767070
v -19.055320 3.632954 86.959560
v -22.934240 3.553477 90.994850
v -26.364010 3.494939 96.050630
v -16.655860 6.967441 92.120400
v -21.503700 5.249827 93.405700
v -18.249390 6.947814 88.661970
v -22.482880 5.200074 91.766940
v 3.543591 18.577810 90.003870
v 1.831043 22.457870 94.151160
v 1.763518 21.060220 95.684660
v 3.345623 16.056400 93.296560
v 0.000000 20.018600 88.279560
v 0.000003 23.223600 93.394180
v 0.000000 25.784500 99.522220
v 0.000002 20.444920 96.445780
v 0.000002 14.976030 94.864580
v -3.543593 18.577810 90.003870
v -3.345622 16.056400 93.296560
v -1.763518 21.060210 95.684660
v -1.831041 22.457880 94.151160
v 2.489522 22.187310 82.610300
v 1.286383 25.459430 84.893520
v 1.238943 24.722970 86.151470
v 2.350444 20.935570 85.241300
v -0.000002 22.925540 81.214920
v -0.000001 25.875060 84.261470
v -0.000001 28.529990 88.098560
v -0.000001 24.411310 86.764370
v 0.000001 20.422200 86.476640
v -2.489524 22.187310 82.610300
v -2.350443 20.935580 85.241300
v -1.238946 24.722970 86.151470
v -1.286389 25.459430 84.893520
v 15.829620 -12.755830 2.783855
v 20.287680 -5.300771 -0.147939
v 16.777930 -16.428990 -0.127676
v 15.829620 -12.755830 2.783855
v 21.309270 -8.267615 12.178230
v 20.287680 -5.300771 -0.147939
v 26.772930 -10.303330 5.021749
v 15.829620 -12.755830 2.783855
v 16.777930 -16.428990 -0.127676
v 21.309270 -8.267615 12.178230
v 28.241250 -13.663680 -0.148546
v 26.772930 -10.303330 5.021749
v 20.287680 -5.300771 -0.147939
v 25.352470 -26.371230 -0.149156
v 16.777930 -16.428990 -0.127676
v 28.241250 -13.663680 -0.148546
v 25.352470 -26.371230 -0.149156
v 23.274230 -17.503420 7.569299
v 26.772930 -10.303330 5.021749
v 27.985700 -4.656456 -0.124978
v 28.241250 -13.663680 -0.148546
v 26.772930 -10.303330 5.021749
v 30.275450 -5.724600 8.444525
v 27.985700 -4.656456 -0.124978
v 33.198870 -2.306264 -0.124977
v 26.772930 -10.303330 5.021749
v 28.241250 -13.663680 -0.148546
v 30.275450 -5.724600 8.444525
v 35.378030 -11.411280 -0.125377
v 33.198870 -2.306264 -0.124977
v 27.985700 -4.656456 -0.124978
v 35.378030 -11.411280 -0.125377
v 28.241250 -13.663680 -0.148546
v 28.997470 -21.467090 -0.125788
v 32.851610 -12.281190 5.376450
v 7.947918 -8.483814 -0.127268
v 13.343230 -8.979688 -0.127257
v 9.119807 -17.830350 -0.127683
v 7.947918 -8.483814 -0.127268
v 11.463070 -10.824230 8.649910
v 13.343230 -8.979688 -0.127257
v 15.829620 -12.755830 2.783855
v 7.947918 -8.483814 -0.127268
v 9.119807 -17.830350 -0.127683
v 11.463070 -10.824230 8.649910
v 16.777930 -16.428990 -0.127676
v 15.829620 -12.755830 2.783855
v 20.199020 -23.967240 -0.128098
v 16.777930 -16.428990 -0.127676
v 13.343230 -8.979688 -0.127257
v 20.199020 -23.967240 -0.128098
v 11.870860 -17.734270 5.489095
v 26.772930 -10.303330 5.021749
v 28.241250 -13.663680 -0.148546
v 33.198870 -2.306264 -0.124977
v 15.829620 -12.755830 2.783855
v 28.997470 -21.467090 -0.125788
v -15.829610 -12.755830 2.783848
v -16.777920 -16.429000 -0.127681
v -20.287690 -5.300777 -0.147939
v -15.829610 -12.755830 2.783848
v -20.287690 -5.300777 -0.147939
v -21.309250 -8.267622 12.178230
v -26.772930 -10.303340 5.021748
v -15.829610 -12.755830 2.783848
v -21.309250 -8.267622 12.178230
v -16.777920 -16.429000 -0.127681
v -26.772930 -10.303340 5.021748
v -28.241240 -13.663690 -0.148552
v -20.287690 -5.300777 -0.147939
v -16.777920 -16.429000 -0.127681
v -25.352470 -26.371240 -0.149160
v -28.241240 -13.663690 -0.148552
v -23.274230 -17.503420 7.569306
v -25.352470 -26.371240 -0.149160
v -26.772930 -10.303340 5.021748
v -28.241240 -13.663690 -0.148552
v -27.985710 -4.656466 -0.124981
v -26.772930 -10.303340 5.021748
v -27.985710 -4.656466 -0.124981
v -30.275440 -5.724606 8.444534
v -33.198870 -2.306273 -0.124980
v -26.772930 -10.303340 5.021748
v -30.275440 -5.724606 8.444534
v -28.241240 -13.663690 -0.148552
v -33.198870 -2.306273 -0.124980
v -35.378030 -11.411290 -0.125380
v -27.985710 -4.656466 -0.124981
v -28.241240 -13.663690 -0.148552
v -35.378030 -11.411290 -0.125380
v -32.851610 -12.281200 5.376442
v -28.997470 -21.467090 -0.125783
v -7.947925 -8.483819 -0.127261
v -9.119811 -17.830350 -0.127683
v -13.343230 -8.979696 -0.127264
v -7.947925 -8.483819 -0.127261
v -13.343230 -8.979696 -0.127264
v -11.463070 -10.824230 8.649903
v -15.829620 -12.755830 2.783849
v -7.947925 -8.483819 -0.127261
v -11.463070 -10.824230 8.649903
v -9.119811 -17.830350 -0.127683
v -15.829620 -12.755830 2.783849
v -16.777920 -16.429000 -0.127680
v -20.199020 -23.967250 -0.128094
v -16.777920 -16.429000 -0.127680
v -13.343230 -8.979696 -0.127264
v -11.870860 -17.734270 5.489106
v -20.199020 -23.967250 -0.128094
v -28.241240 -13.663690 -0.148552
v -26.772930 -10.303340 5.021748
v -33.198870 -2.306273 -0.124980
v -15.829620 -12.755830 2.783849
v -28.997470 -21.467090 -0.125783
v -43.251060 6.474386 118.871100
v -44.724680 6.261005 116.929500
v -40.304360 1.038926 113.961700
v -38.997120 0.389484 115.195900
v -34.986850 4.105997 109.428900
v -33.317970 3.695166 110.183800
v -28.902980 8.504006 111.814500
v -23.770240 7.763653 116.274400
v -24.132800 -0.755507 117.379700
v -30.499910 0.599614 112.282600
v -51.322420 4.224696 112.901800
v -44.347980 -2.312557 110.730100
v -40.749040 -0.694029 113.792000
v -44.724680 6.261005 116.929500
v -24.132800 -0.755507 117.379700
v -23.770240 7.763653 116.274400
v -23.279230 7.553647 114.157500
v -22.562870 -1.848535 117.479700
v -51.203400 -2.119110 98.134270
v -49.265370 -3.590029 95.692850
v -47.043500 -0.950720 95.173430
v -47.609890 -0.123346 95.693600
v -45.231590 -2.640692 94.211930
v -44.143620 -4.453517 91.780360
v -43.945550 -3.125375 89.231700
v -45.735050 -0.808711 91.199730
v -53.355080 -8.958082 90.187620
v -52.842820 -6.750185 88.303690
v -50.869100 -4.871879 89.889300
v -51.605010 -6.941845 92.312550
v -48.060110 -5.384926 93.247010
v -45.748820 -6.746715 91.411960
v -59.186830 -5.275723 83.255210
v -56.671220 -9.735001 85.274020
v -57.390050 -8.122452 90.539580
v -59.701580 -3.534621 89.042950
v -54.287670 -5.536674 76.957160
v -52.791580 -10.363100 79.566070
v -56.445740 1.297421 82.450320
v -56.338720 2.459315 85.575770
v -52.842820 -6.750185 88.303690
v -53.266650 -8.373386 85.123150
v -52.346900 -10.347230 81.659900
v -54.231720 -10.381360 86.061590
v -51.813820 -8.669408 81.156810
v -53.266650 -8.373386 85.123150
v -56.483210 -0.523803 77.379210
v -59.829490 0.526230 82.351530
v -58.567370 1.891143 82.155680
v -58.619800 3.586503 86.044920
v -55.086470 0.079471 79.101100
v -56.555550 0.580369 78.536470
v -58.654110 -1.948407 93.069840
v -56.682710 -0.194043 96.509570
v -56.816160 5.473160 94.351330
v -59.229290 3.906340 91.113550
v -49.178490 -3.234703 90.080200
v -50.064290 -5.778435 93.250740
v -51.813820 -8.669408 81.156810
v -6.724862 -11.956970 108.869200
v -6.723165 -11.240740 102.213400
v 0.000001 -12.053280 102.361200
v 0.000001 -13.053560 109.327700
v -5.804577 -10.346780 130.203300
v 0.000007 -10.347600 129.569300
v 0.000007 -6.910698 134.576600
v -4.769625 -6.608427 135.831300
v -55.574750 -6.169335 93.890760
v 0.000002 -13.812910 114.370200
v 0.000002 -14.426510 117.999000
v -6.883403 -14.500370 118.037200
v -6.588962 -13.234630 114.508400
v -4.227292 5.584569 152.301100
v -6.164557 1.591233 150.398100
v -5.453033 1.434298 153.065400
v -4.108147 4.916082 156.038700
v 0.000002 6.000413 156.306800
v 0.000002 6.651853 152.901600
v -4.436239 -1.388377 146.590300
v -2.939256 -3.188160 144.742600
v -3.379032 -6.221623 145.366600
v -4.974077 -3.514370 147.664300
v -5.285724 -0.730523 150.383800
v -5.573701 -2.646949 149.900000
v 0.000006 -3.708091 138.377800
v -4.137878 -2.807647 138.780200
v -14.727840 -10.311310 114.600000
v -14.234240 -9.428725 108.951400
v -6.607275 -13.552850 123.112500
v 0.000001 -13.245670 122.528100
v -16.868680 1.637091 139.279600
v -20.273430 2.393915 137.323000
v -17.771930 -3.621186 132.577700
v -14.336350 -3.572531 134.492800
v -19.012710 8.603175 142.146800
v -22.446450 9.905819 140.516500
v -2.651783 -10.926360 90.397860
v 0.000000 -12.219070 95.055660
v -6.508923 -10.902010 95.589100
v -7.302193 -10.279470 92.783290
v -4.158527 11.629590 78.819450
v -10.296260 14.480850 77.057560
v -9.596223 16.059220 82.791240
v 0.000000 16.411160 83.425170
v 0.000002 2.623704 77.192430
v -2.914205 2.694476 76.897990
v 0.000001 11.495520 80.324590
v 0.000002 2.623704 77.192430
v 0.000004 -6.246612 76.230870
v -3.448247 -6.421418 76.058240
v -2.914205 2.694476 76.897990
v -8.217033 4.147780 52.085850
v -6.546773 3.856671 56.919700
v -8.330256 -5.440853 57.223470
v -9.412705 -4.676908 51.533030
v -4.808319 -6.921961 76.247410
v -5.925168 -6.942249 68.165530
v -4.374627 3.518300 68.044850
v -7.545419 6.900895 38.473800
v -9.109575 5.749438 43.461990
v -11.661790 -0.636991 41.661670
v -11.022490 0.139121 37.418670
v -24.200260 6.498883 45.363000
v -24.861370 8.629761 40.272830
v -23.114290 0.465680 38.372090
v -22.148370 -0.043325 43.514070
v -17.062740 -2.665699 42.722610
v -17.286740 -2.580600 37.484610
v -9.515978 12.782160 40.105590
v -10.403050 10.890730 45.776070
v -9.109575 5.749438 43.461990
v -7.545419 6.900895 38.473800
v -8.955033 4.831191 47.777580
v -15.345950 12.055340 51.547100
v -14.172870 14.044940 57.175020
v -8.217033 4.147780 52.085850
v -20.744050 10.217820 55.166420
v -19.866220 10.299530 51.083310
v -22.638970 4.361515 49.544380
v -22.901440 2.858492 54.501820
v -15.594910 12.541530 47.035040
v -15.029560 15.764790 41.316720
v -20.919080 14.243360 41.485980
v -20.504630 11.574620 47.059060
v -46.091670 14.089470 115.479000
v -50.693050 13.833320 110.262100
v -15.652690 -11.901000 122.990600
v -22.946360 19.570610 126.254500
v -25.450440 17.281660 117.632900
v -27.853680 19.225270 121.962600
v -27.872620 -3.337887 129.310500
v -24.530330 -4.887081 123.025200
v -21.251550 -5.179595 129.960900
v -33.620220 1.099172 132.090500
v -24.546460 -2.151523 134.876300
v -27.836440 1.999572 137.602500
v -34.169620 10.295250 134.670900
v -22.446450 9.905819 140.516500
v -23.158130 18.021920 135.488300
v -28.489320 10.484270 138.145200
v -28.688230 18.747840 130.763800
v -38.252970 16.590320 122.186000
v -37.469530 8.802284 127.548700
v -33.625610 17.029200 126.079200
v -37.861630 1.084895 122.037100
v -42.263300 9.154282 122.511000
v -42.549270 14.235470 117.540200
v -32.549610 18.906240 117.586600
v -36.588680 17.346620 113.642800
v -33.058120 9.778337 109.206900
v -33.688510 15.678100 110.890600
v -29.160660 15.815440 114.044200
v -28.902980 8.504006 111.814500
v -34.458680 -2.213531 117.569600
v -34.173130 1.222674 126.948700
v -28.514470 -1.744134 123.824200
v -26.411950 -1.711247 118.912200
v -33.058120 9.778337 109.206900
v -39.864300 16.810620 110.441400
v -34.973700 9.545522 108.351200
v -44.506960 13.450980 115.027900
v -34.973700 9.545522 108.351200
v -23.770240 7.763653 116.274400
v -20.273430 2.393915 137.323000
v -17.771930 -3.621186 132.577700
v -49.859750 -2.053450 101.950100
v -50.999540 -3.072909 99.380240
v -46.787910 -0.176369 96.155610
v -45.372810 0.447558 98.182420
v -50.460320 9.512417 96.104150
v -46.461810 5.416274 96.028520
v -47.956590 4.395825 93.855170
v -51.767570 8.905289 93.679670
v -46.410200 14.540290 100.893600
v -42.812680 17.497960 105.853800
v -36.708460 10.141780 102.761600
v -55.329130 8.587011 99.631900
v -37.888690 0.429645 104.123300
v -54.796540 2.136209 102.707700
v -57.178130 7.654937 97.213620
v -56.935030 0.760737 100.509300
v -34.229180 2.719352 108.326700
v -44.506960 13.450980 115.027900
v -40.449530 8.344777 99.665550
v -33.715760 10.659840 106.540200
v -40.465140 17.964350 109.543200
v -47.609890 -0.123346 95.693600
v -51.203400 -2.119110 98.134270
v -52.360140 7.263411 94.134990
v -49.363290 3.964734 94.593960
v -40.304360 1.038926 113.961700
v -34.986850 4.105997 109.428900
v -56.528940 6.355481 96.757550
v -55.807410 0.878258 98.937730
v -34.973700 9.545522 108.351200
v -39.864300 16.810620 110.441400
v -41.066650 -6.770953 89.492120
v -43.803760 -7.766314 89.245020
v -43.140440 -5.572869 87.814120
v -43.140440 -5.572869 87.814120
v 0.000000 -11.169900 89.743600
v -7.731472 12.476490 99.736230
v 0.000002 12.877860 105.362100
v 0.000001 12.896210 99.770030
v -16.049230 -12.985870 118.413500
v -25.450440 17.281660 117.632900
v -22.966670 17.741620 115.556200
v -23.770240 7.763653 116.274400
v -24.530330 -4.887081 123.025200
v -23.279230 7.553647 114.157500
v -7.964171 4.654579 147.234600
v -13.225030 6.906775 145.159200
v -5.156009 7.805143 148.938400
v -8.971784 12.751940 145.572600
v -14.117550 22.255120 132.188900
v -12.419900 22.466260 121.784400
v -22.946360 19.570610 126.254500
v -15.139680 17.804580 109.897000
v -10.761910 12.309270 103.466900
v -16.277760 8.036783 102.626800
v -14.688100 8.199758 99.820370
v 0.000002 15.499960 145.970300
v -12.131830 16.061320 143.301700
v -21.692520 8.174860 108.753900
v -19.012710 8.603175 142.146800
v -23.158130 18.021920 135.488300
v -22.446450 9.905819 140.516500
v -14.010930 20.354990 138.759200
v -0.000001 23.093730 122.440900
v 0.000001 19.304860 114.219800
v -8.027960 1.726189 143.659000
v -18.980080 -1.572425 106.161600
v -16.277760 8.036783 102.626800
v -15.255780 -0.733332 101.710800
v -11.737360 -7.734760 96.318200
v -12.668780 -8.448792 101.565300
v -21.692520 8.174860 108.753900
v -20.385560 -2.294553 110.872900
v -22.184950 -7.767127 121.825000
v -21.251550 -5.179595 129.960900
v -13.292320 1.923675 139.998700
v -13.225030 6.906775 145.159200
v -7.964171 4.654579 147.234600
v -6.164557 1.591233 150.398100
v -13.576890 -7.849638 130.823500
v -9.269555 -3.495126 136.503900
v 0.000003 9.575112 150.096700
v -14.688100 8.199758 99.820370
v -14.758240 -0.322459 99.204570
v 0.000000 23.368440 130.820100
v 0.000004 -4.052060 143.382100
v -56.528940 6.355481 96.757550
v -52.360140 7.263411 94.134990
v -52.726650 6.806639 92.190140
v -50.454670 2.918929 93.444510
v -52.583890 3.204998 89.410850
v -52.848480 -3.717548 96.356960
v -47.594960 1.251521 92.989270
v -49.363290 3.964734 94.593960
v -51.803090 0.374978 90.302560
v -55.807410 0.878258 98.937730
v -43.945550 -3.125375 89.231700
v -46.233620 -5.490169 88.620380
v -49.178490 -3.234703 90.080200
v -60.538130 1.795236 86.929690
v -47.594960 1.251521 92.989270
v -45.735050 -0.808711 91.199730
v -49.363290 3.964734 94.593960
v -50.869100 -4.871879 89.889300
v -54.915140 5.743320 88.801160
v -43.140440 -5.572869 87.814120
v -46.233620 -5.490169 88.620380
v -52.791580 -10.363100 79.566070
v -54.287670 -5.536674 76.957160
v 0.000000 21.491670 139.548800
v 0.000006 -7.567547 144.570700
v -2.074337 -7.475805 144.555500
v -22.578000 11.221480 72.452640
v -14.788750 14.086250 79.096410
v -11.726430 14.794930 70.460850
v 0.000000 -10.372040 78.167570
v -3.240791 -9.708573 78.154400
v -21.153610 -7.547665 60.149340
v -14.144760 -11.228470 70.337410
v -20.650370 -9.489706 73.082200
v -21.598070 10.127500 60.266310
v -24.631900 -0.806928 71.045810
v -16.579080 -6.579510 51.065490
v -20.440910 -4.229465 52.696610
v -15.490650 -9.976106 57.769350
v -6.546773 3.856671 56.919700
v -4.374627 3.518300 68.044850
v -17.011380 -5.263861 46.833030
v -21.045730 -1.967153 48.142750
v -11.133030 -1.990891 46.288470
v -8.955033 4.831191 47.777580
v -12.748510 -9.970489 77.144200
v -24.519700 0.617197 61.405870
v -9.720829 0.779620 -0.123608
v -31.360410 -1.319638 0.071015
v -26.104690 7.800735 -0.123624
v -23.792690 16.238910 -0.123623
v -25.808610 -13.924700 0.071028
v -9.187497 -11.155340 0.071027
v -8.027742 12.841200 -0.123628
v -14.915490 20.303520 10.406060
v -7.525087 11.112140 9.772920
v -23.792690 16.238910 -0.123623
v -14.915490 20.303520 10.406060
v -14.903780 20.761960 -0.123630
v -8.027742 12.841200 -0.123628
v -14.903780 20.761960 -0.123630
v -14.135420 -8.744835 5.538423
v -9.187497 -11.155340 0.071027
v -9.720829 0.779620 -0.123608
v -14.697280 -14.301700 0.071032
v -34.281110 -7.821330 0.049305
v -31.525850 -5.681183 4.928587
v -31.360410 -1.319638 0.071015
v -12.294840 2.237920 14.075110
v -23.156020 -10.377260 4.559060
v -14.676790 20.233880 13.924700
v -8.819363 17.108230 13.400400
v -7.092678 11.767770 12.323880
v -23.751510 3.655080 14.824940
v -25.833500 13.149360 13.401320
v -24.548700 15.772860 10.120340
v -14.697280 -14.301700 0.071032
v -21.839120 -6.466011 8.508427
v -25.868800 6.962437 8.378561
v -25.808610 -13.924700 0.071028
v -18.643020 -0.579162 15.983320
v -26.104690 7.800735 -0.123624
v -22.618750 19.667870 13.804470
v -14.676790 20.233880 13.924700
v -14.882140 22.022930 44.613360
v -7.164308 16.773770 43.166340
v -15.037180 22.059470 32.655140
v -17.973970 0.853913 22.392380
v -18.744070 -3.961249 20.583280
v -10.177180 1.144860 17.014350
v -23.752600 4.074290 20.525870
v -25.239620 2.463114 17.768370
v -8.829999 10.667980 19.032550
v -11.258960 15.143480 18.929910
v -11.048690 14.540820 25.954270
v -14.710420 -11.416260 55.985500
v -17.043990 -9.082968 56.249330
v -17.067280 -12.060830 57.320630
v -19.474030 -9.319344 56.899940
v -14.831220 19.817330 48.543830
v -9.515978 12.782160 40.105590
v -7.545419 6.900895 38.473800
v -11.022490 0.139121 37.418670
v -3.009862 8.018354 40.156790
v -25.824260 -1.962510 41.755590
v -24.861370 8.629761 40.272830
v -29.319460 9.714924 43.523580
v -23.692190 17.989340 45.586610
v -23.312780 20.476460 37.075790
v -21.346310 17.916270 19.575760
v -21.184550 17.472540 26.571840
v -15.755360 18.276440 26.314570
v -15.029560 15.764790 41.316720
v -20.919080 14.243360 41.485980
v -10.505430 -3.888361 39.205280
v -8.797218 -1.010401 32.997350
v -24.953410 12.577340 19.695920
v -24.740400 11.383430 26.492570
v -11.508360 3.317709 20.032310
v -6.087706 11.381250 15.513030
v -8.607689 17.333820 16.222240
v -14.925030 21.286620 16.598270
v -25.833500 13.149360 13.401320
v -27.230290 13.377230 16.568730
v -23.093230 20.567910 16.676180
v -14.676790 20.233880 13.924700
v -22.618750 19.667870 13.804470
v -18.909680 -9.233630 37.381970
v -18.509840 -5.313202 33.372090
v -7.661553 16.913190 34.942090
v -3.544662 9.283942 33.544560
v -29.728930 11.539480 35.574000
v -11.610540 2.834659 25.260220
v -26.555890 -0.377780 34.359470
v -17.820620 -0.350416 25.466000
v -8.872709 9.759038 25.410250
v -23.398720 3.369879 26.004050
v -15.818900 18.321430 19.327100
v -18.643020 -0.579162 15.983320
v -12.294840 2.237920 14.075110
v -23.751510 3.655080 14.824940
v -7.092678 11.767770 12.323880
v -12.389800 -5.387443 45.875880
v -12.910700 -9.305692 45.650720
v -17.688800 -10.579640 45.737610
v -22.451170 -5.771286 47.141090
v -21.534040 -3.774703 47.476230
v -23.114290 0.465680 38.372090
v -21.534040 -3.774703 47.476230
v -18.572710 -1.683869 40.957960
v -17.560590 -5.631926 47.635380
v -12.389800 -5.387443 45.875880
v -18.713150 -6.940882 55.253930
v -14.614570 -8.574512 54.783740
v -14.614570 -8.574512 54.783740
v -18.713150 -6.940882 55.253930
v -23.114290 0.465680 38.372090
v -11.022490 0.139121 37.418670
v -17.043990 -9.082968 56.249330
v -34.281110 -7.821330 0.049305
v -14.903780 20.761960 -0.123630
v -8.819363 17.108230 13.400400
v 43.251070 6.474393 118.871100
v 38.997120 0.389491 115.195900
v 40.304360 1.038933 113.961700
v 44.724690 6.261013 116.929500
v 34.986850 4.106005 109.428900
v 33.317970 3.695173 110.183800
v 28.902980 8.504027 111.814500
v 30.499910 0.599620 112.282600
v 24.132800 -0.755503 117.379700
v 23.770240 7.763662 116.274400
v 51.322420 4.224699 112.901800
v 44.724690 6.261013 116.929500
v 40.749040 -0.694024 113.792000
v 44.347980 -2.312550 110.730100
v 24.132800 -0.755503 117.379700
v 22.562880 -1.848534 117.479700
v 23.279240 7.553651 114.157500
v 23.770240 7.763662 116.274400
v 51.203410 -2.119102 98.134260
v 47.609900 -0.123337 95.693600
v 47.043510 -0.950712 95.173430
v 49.265370 -3.590021 95.692840
v 45.231590 -2.640685 94.211920
v 45.735070 -0.808704 91.199740
v 43.945560 -3.125367 89.231700
v 44.143630 -4.453511 91.780350
v 53.355090 -8.958072 90.187610
v 51.605030 -6.941837 92.312550
v 50.869110 -4.871872 89.889290
v 52.842820 -6.750177 88.303680
v 45.748830 -6.746707 91.411950
v 48.060120 -5.384919 93.247000
v 59.186840 -5.275712 83.255200
v 59.701580 -3.534611 89.042940
v 57.390060 -8.122441 90.539570
v 56.671230 -9.734992 85.274020
v 54.287670 -5.536664 76.957150
v 52.791590 -10.363090 79.566060
v 56.445750 1.297431 82.450300
v 53.266660 -8.373377 85.123140
v 52.842820 -6.750177 88.303680
v 56.338730 2.459324 85.575750
v 54.231720 -10.381350 86.061580
v 52.346910 -10.347220 81.659900
v 53.266660 -8.373377 85.123140
v 51.813830 -8.669399 81.156810
v 56.483220 -0.523793 77.379190
v 59.829500 0.526239 82.351520
v 58.619810 3.586512 86.044910
v 58.567380 1.891152 82.155660
v 55.086480 0.079480 79.101080
v 56.555560 0.580377 78.536450
v 58.654120 -1.948398 93.069820
v 59.229290 3.906350 91.113530
v 56.816170 5.473170 94.351330
v 56.682720 -0.194042 96.509560
v 50.064290 -5.778427 93.250730
v 49.178500 -3.234695 90.080190
v 51.813830 -8.669399 81.156810
v 6.724871 -11.956970 108.869200
v 6.723169 -11.240740 102.213400
v 5.804588 -10.346780 130.203300
v 4.769634 -6.608425 135.831300
v 55.574750 -6.169326 93.890750
v 6.588967 -13.234630 114.508400
v 6.883415 -14.500370 118.037200
v 4.227296 5.584571 152.301100
v 4.108153 4.916083 156.038700
v 5.453040 1.434299 153.065400
v 6.164565 1.591231 150.398100
v 4.436250 -1.388373 146.590300
v 4.974088 -3.514366 147.664300
v 3.379044 -6.221621 145.366600
v 2.939263 -3.188159 144.742600
v 5.285732 -0.730519 150.383800
v 5.573711 -2.646945 149.900000
v 4.137887 -2.807644 138.780200
v 14.234250 -9.428719 108.951400
v 14.727850 -10.311310 114.600000
v 6.607281 -13.552850 123.112500
v 16.868680 1.637095 139.279600
v 14.336360 -3.572530 134.492800
v 17.771940 -3.621179 132.577700
v 20.273430 2.393920 137.323000
v 19.012720 8.603180 142.146800
v 22.446450 9.905820 140.516500
v 2.651790 -10.926360 90.397860
v 7.302201 -10.279470 92.783290
v 6.508932 -10.902010 95.589100
v 4.158528 11.629590 78.819450
v 9.596228 16.059220 82.791240
v 10.296270 14.480850 77.057550
v 2.914208 2.694477 76.897990
v 2.914208 2.694477 76.897990
v 3.448252 -6.421418 76.058240
v 8.217035 4.147782 52.085850
v 9.412707 -4.676905 51.533020
v 8.330259 -5.440851 57.223460
v 6.546776 3.856675 56.919700
v 4.808319 -6.921957 76.247410
v 4.374630 3.518303 68.044850
v 5.925169 -6.942245 68.165530
v 7.545421 6.900895 38.473800
v 11.022490 0.139125 37.418670
v 11.661790 -0.636988 41.661670
v 9.109577 5.749438 43.461990
v 24.200260 6.498885 45.363000
v 22.148380 -0.043320 43.514070
v 23.114290 0.465682 38.372090
v 24.861370 8.629766 40.272820
v 17.062740 -2.665696 42.722610
v 17.286750 -2.580597 37.484610
v 9.515978 12.782160 40.105590
v 7.545421 6.900895 38.473800
v 9.109577 5.749438 43.461990
v 10.403050 10.890740 45.776060
v 8.955033 4.831192 47.777580
v 8.217035 4.147782 52.085850
v 14.172870 14.044950 57.175010
v 15.345950 12.055340 51.547090
v 20.744060 10.217820 55.166420
v 22.901450 2.858489 54.501810
v 22.638970 4.361517 49.544380
v 19.866220 10.299530 51.083310
v 15.594910 12.541530 47.035040
v 15.029560 15.764800 41.316720
v 20.919080 14.243360 41.485980
v 20.504630 11.574630 47.059050
v 46.091670 14.089480 115.479000
v 50.693060 13.833340 110.262100
v 15.652700 -11.901000 122.990600
v 22.946370 19.570610 126.254500
v 27.853680 19.225280 121.962600
v 25.450440 17.281660 117.632900
v 27.872620 -3.337882 129.310500
v 21.251550 -5.179595 129.960900
v 24.530330 -4.887075 123.025100
v 33.620220 1.099175 132.090500
v 24.546460 -2.151517 134.876300
v 34.169610 10.295260 134.670900
v 27.836440 1.999576 137.602500
v 22.446450 9.905820 140.516500
v 28.489320 10.484270 138.145200
v 23.158140 18.021920 135.488300
v 28.688230 18.747850 130.763800
v 38.252970 16.590330 122.186000
v 33.625610 17.029200 126.079200
v 37.469520 8.802294 127.548700
v 37.861630 1.084901 122.037100
v 42.263310 9.154290 122.511000
v 42.549270 14.235480 117.540200
v 32.549600 18.906250 117.586600
v 36.588690 17.346620 113.642800
v 29.160670 15.815440 114.044200
v 33.688510 15.678110 110.890600
v 33.058130 9.778343 109.206900
v 28.902980 8.504027 111.814500
v 34.458680 -2.213524 117.569600
v 34.173130 1.222680 126.948700
v 28.514480 -1.744127 123.824200
v 26.411950 -1.711241 118.912200
v 33.058130 9.778343 109.206900
v 39.864310 16.810630 110.441400
v 44.506960 13.450990 115.027800
v 34.973710 9.545528 108.351200
v 23.770240 7.763662 116.274400
v 20.273430 2.393920 137.323000
v 17.771940 -3.621179 132.577700
v 49.859750 -2.053443 101.950100
v 46.787910 -0.176361 96.155610
v 50.999550 -3.072901 99.380230
v 45.372810 0.447566 98.182420
v 50.460320 9.512424 96.104140
v 47.956600 4.395833 93.855160
v 46.461820 5.416281 96.028510
v 51.767580 8.905297 93.679660
v 46.410220 14.540300 100.893500
v 36.708470 10.141780 102.761600
v 42.812680 17.497960 105.853800
v 55.329140 8.587020 99.631900
v 37.888700 0.429653 104.123300
v 54.796550 2.136229 102.707700
v 57.178140 7.654946 97.213620
v 56.934510 0.758328 100.510000
v 34.229180 2.719357 108.326700
v 44.506960 13.450990 115.027800
v 40.449540 8.344785 99.665540
v 33.715770 10.659850 106.540200
v 40.465150 17.964360 109.543200
v 47.609900 -0.123337 95.693600
v 51.203410 -2.119102 98.134260
v 52.360150 7.263421 94.134990
v 49.363300 3.964742 94.593960
v 40.304360 1.038933 113.961700
v 34.986850 4.106005 109.428900
v 56.528950 6.355492 96.757540
v 55.807420 0.878276 98.937710
v 34.973710 9.545528 108.351200
v 39.864310 16.810630 110.441400
v 41.066660 -6.770947 89.492110
v 43.140450 -5.572863 87.814110
v 43.803770 -7.766307 89.245010
v 43.140450 -5.572863 87.814110
v 7.731474 12.476500 99.736230
v 16.049240 -12.985870 118.413500
v 25.450440 17.281660 117.632900
v 23.770240 7.763662 116.274400
v 22.966670 17.741620 115.556100
v 24.530330 -4.887075 123.025100
v 23.279240 7.553651 114.157500
v 7.964178 4.654582 147.234600
v 13.225030 6.906777 145.159200
v 8.971786 12.751940 145.572600
v 5.156015 7.805145 148.938400
v 14.117550 22.255130 132.188900
v 22.946370 19.570610 126.254500
v 12.419900 22.466260 121.784400
v 15.139680 17.804580 109.897000
v 16.277770 8.036782 102.626900
v 10.761910 12.309270 103.466900
v 14.688100 8.199759 99.820370
v 12.131830 16.061320 143.301700
v 21.692530 8.174866 108.753900
v 19.012720 8.603180 142.146800
v 23.158140 18.021920 135.488300
v 22.446450 9.905820 140.516500
v 14.010930 20.354990 138.759200
v 8.027966 1.726190 143.659000
v 18.980080 -1.572414 106.161600
v 15.255780 -0.733336 101.710800
v 16.277770 8.036782 102.626900
v 11.737360 -7.734756 96.318200
v 12.668790 -8.448789 101.565300
v 21.692530 8.174866 108.753900
v 20.385570 -2.294547 110.872900
v 21.251550 -5.179595 129.960900
v 22.184960 -7.767124 121.825000
v 13.292320 1.923680 139.998700
v 13.225030 6.906777 145.159200
v 7.964178 4.654582 147.234600
v 6.164565 1.591231 150.398100
v 13.576900 -7.849637 130.823500
v 9.269561 -3.495125 136.503900
v 14.688100 8.199759 99.820370
v 14.758250 -0.322454 99.204570
v 56.528950 6.355492 96.757540
v 52.726660 6.806646 92.190130
v 52.360150 7.263421 94.134990
v 50.454680 2.918937 93.444500
v 52.583890 3.205007 89.410840
v 52.848480 -3.717539 96.356950
v 47.594970 1.251530 92.989270
v 49.363300 3.964742 94.593960
v 51.803090 0.374987 90.302540
v 55.807420 0.878276 98.937710
v 43.945560 -3.125367 89.231700
v 49.178500 -3.234695 90.080190
v 46.233630 -5.490160 88.620380
v 60.538140 1.795245 86.929670
v 47.594970 1.251530 92.989270
v 45.735070 -0.808704 91.199740
v 49.363300 3.964742 94.593960
v 50.869110 -4.871872 89.889290
v 54.915150 5.743330 88.801160
v 43.140450 -5.572863 87.814110
v 46.233630 -5.490160 88.620380
v 54.287670 -5.536664 76.957150
v 52.791590 -10.363090 79.566060
v 2.074349 -7.475803 144.555500
v 14.788750 14.086250 79.096420
v 22.578010 11.221480 72.452640
v 11.726440 14.794930 70.460840
v 3.240795 -9.708572 78.154400
v 21.153610 -7.547664 60.149330
v 20.650380 -9.489700 73.082210
v 14.144760 -11.228460 70.337420
v 21.598070 10.127500 60.266300
v 24.631900 -0.806928 71.045820
v 16.579080 -6.579509 51.065480
v 20.440900 -4.229465 52.696600
v 15.490650 -9.976103 57.769340
v 6.546776 3.856675 56.919700
v 4.374630 3.518303 68.044850
v 17.011380 -5.263859 46.833030
v 21.045730 -1.967151 48.142750
v 11.133030 -1.990889 46.288470
v 8.955033 4.831192 47.777580
v 12.748520 -9.970485 77.144200
v 24.519700 0.617195 61.405870
v 9.720827 0.779626 -0.123610
v 26.104690 7.800741 -0.123627
v 31.360420 -1.319631 0.071015
v 23.792680 16.238920 -0.123626
v 25.808610 -13.924700 0.071026
v 9.187499 -11.155330 0.071025
v 8.027738 12.841200 -0.123629
v 7.525086 11.112140 9.772919
v 14.915490 20.303520 10.406060
v 23.792680 16.238920 -0.123626
v 14.903790 20.761970 -0.123631
v 14.915490 20.303520 10.406060
v 8.027738 12.841200 -0.123629
v 14.903790 20.761970 -0.123631
v 14.135420 -8.744831 5.538423
v 9.720827 0.779626 -0.123610
v 9.187499 -11.155330 0.071025
v 14.697280 -14.301690 0.071031
v 34.281100 -7.821323 0.049305
v 31.360420 -1.319631 0.071015
v 31.525850 -5.681174 4.928587
v 12.294840 2.237923 14.075110
v 23.156020 -10.377260 4.559058
v 8.818052 17.106640 13.400110
v 14.674940 20.233300 13.924490
v 7.092677 11.767780 12.323880
v 23.751510 3.655084 14.824940
v 24.548700 15.772860 10.120340
v 25.833500 13.149370 13.401320
v 14.697280 -14.301690 0.071031
v 21.839130 -6.466003 8.508425
v 25.868800 6.962443 8.378558
v 25.808610 -13.924700 0.071026
v 18.643050 -0.579156 15.983320
v 26.104690 7.800741 -0.123627
v 22.616990 19.668640 13.804420
v 14.674940 20.233300 13.924490
v 14.882140 22.022930 44.613360
v 15.037170 22.059470 32.655150
v 7.164307 16.773770 43.166340
v 17.973960 0.853916 22.392380
v 10.177180 1.144863 17.014350
v 18.736560 -3.961927 20.582660
v 25.239630 2.463118 17.768370
v 23.752600 4.074294 20.525870
v 8.829996 10.667980 19.032550
v 11.048690 14.540820 25.954270
v 11.258960 15.143490 18.929910
v 14.710420 -11.416250 55.985500
v 17.067290 -12.060820 57.320620
v 17.043990 -9.082968 56.249330
v 19.474030 -9.319342 56.899930
v 14.831220 19.817340 48.543830
v 9.515978 12.782160 40.105590
v 7.545421 6.900895 38.473800
v 11.022490 0.139125 37.418670
v 3.009861 8.018351 40.156790
v 25.824270 -1.962505 41.755590
v 29.319460 9.714929 43.523580
v 24.861370 8.629766 40.272820
v 23.692190 17.989340 45.586610
v 23.312780 20.476470 37.075790
v 21.346310 17.916270 19.575770
v 15.755360 18.276440 26.314570
v 21.184540 17.472540 26.571840
v 15.029560 15.764800 41.316720
v 20.919080 14.243360 41.485980
v 10.505430 -3.888358 39.205280
v 8.797220 -1.010398 32.997350
v 24.953400 12.577340 19.695910
v 24.740400 11.383430 26.492560
v 11.508360 3.317711 20.032310
v 6.087704 11.381240 15.513030
v 14.922940 21.286110 16.598050
v 8.606281 17.332240 16.221940
v 25.833500 13.149370 13.401320
v 23.091270 20.568810 16.676130
v 27.230290 13.377240 16.568730
v 14.674940 20.233300 13.924490
v 22.616990 19.668640 13.804420
v 18.509850 -5.313199 33.372090
v 18.909690 -9.233624 37.381970
v 7.661554 16.913190 34.942090
v 3.544662 9.283940 33.544560
v 29.728940 11.539480 35.574000
v 11.610540 2.834661 25.260210
v 26.555890 -0.377773 34.359460
v 17.820620 -0.350412 25.466000
v 8.872709 9.759035 25.410250
v 23.398720 3.369885 26.004050
v 15.818900 18.321430 19.327100
v 18.643050 -0.579156 15.983320
v 12.294840 2.237923 14.075110
v 23.751510 3.655084 14.824940
v 7.092677 11.767780 12.323880
v 12.389800 -5.387441 45.875880
v 12.910700 -9.305690 45.650720
v 22.451180 -5.771282 47.141090
v 17.688800 -10.579640 45.737600
v 21.534050 -3.774700 47.476230
v 23.114290 0.465682 38.372090
v 18.572720 -1.683867 40.957960
v 21.534050 -3.774700 47.476230
v 12.389800 -5.387441 45.875880
v 17.560590 -5.631925 47.635380
v 18.713160 -6.940879 55.253920
v 14.614580 -8.574510 54.783740
v 14.614580 -8.574510 54.783740
v 18.713160 -6.940879 55.253920
v 23.114290 0.465682 38.372090
v 11.022490 0.139125 37.418670
v 17.043990 -9.082968 56.249330
v 34.281100 -7.821323 0.049305
v 14.903790 20.761970 -0.123631
v 8.818052 17.106640 13.400110
v 16.540400 0.353123 92.120400
v 21.446500 1.907223 93.405820
v 20.985030 3.583710 94.257280
v 15.761110 3.674895 93.836810
v 18.214560 0.326032 88.687850
v 22.426880 1.923349 91.767070
v 19.055320 3.632957 86.959560
v 22.934240 3.553482 90.994850
v 26.364010 3.494940 96.050640
v 16.655860 6.967444 92.120400
v 21.503700 5.249829 93.405700
v 18.249390 6.947817 88.661970
v 22.482880 5.200075 91.766940
v -32.854530 26.178920 168.405700
v -35.454100 32.136700 163.536600
v -43.110540 34.676560 171.950200
v -39.876110 27.779350 177.759900
v -32.685990 39.167660 163.851200
v -38.788100 41.786730 170.317500
v -26.033290 42.051400 166.197000
v -29.714390 45.789440 174.035900
v -17.998820 39.721160 171.468900
v -22.821470 44.315270 179.676900
v -16.566530 33.162050 176.443300
v -17.006490 36.876210 188.634700
v -19.864500 26.434510 180.366800
v -23.172210 31.225410 188.701200
v -44.437760 32.682640 162.857400
v -35.454100 32.136700 163.536600
v -32.854530 26.178920 168.405700
v -41.729020 20.793650 169.074600
v -38.310090 43.597050 162.848400
v -32.685990 39.167660 163.851200
v -27.455770 48.663930 168.725800
v -26.033290 42.051400 166.197000
v -17.184620 45.365110 176.824700
v -17.998820 39.721160 171.468900
v -11.962560 37.386350 184.491500
v -16.566530 33.162050 176.443300
v -17.680530 26.231460 188.043800
v -19.864500 26.434510 180.366800
v -11.962560 37.386350 184.491500
v -17.006490 36.876210 188.634700
v -17.680530 26.231460 188.043800
v -17.184620 45.365110 176.824700
v -22.821470 44.315270 179.676900
v -27.455770 48.663930 168.725800
v -29.714390 45.789440 174.035900
v -38.310090 43.597050 162.848400
v -38.788100 41.786730 170.317500
v -44.437760 32.682640 162.857400
v -43.110540 34.676560 171.950200
v -41.729020 20.793650 169.074600
v -39.876110 27.779350 177.759900
v -25.289990 21.166020 184.435400
v -36.026290 21.832110 185.016000
v -25.289990 21.166020 184.435400
v -33.973720 18.959720 177.565100
v -26.729190 22.579560 187.251600
v -36.026290 21.832110 185.016000
v -26.729190 22.579560 187.251600
v -23.172210 31.225410 188.701200
v -33.973720 18.959720 177.565100
v -42.180370 30.181300 184.599900
v -46.059490 36.477810 180.088900
v -50.395120 41.822140 186.278600
v -46.549320 35.928750 193.470900
v -43.305350 43.465460 176.704900
v -46.272380 45.872740 183.148700
v -30.489210 48.983620 179.558600
v -33.667380 49.563520 186.196300
v -24.336780 43.703300 185.761300
v -28.531880 46.817700 191.409300
v -21.332660 38.313630 192.837600
v -24.858360 42.461010 198.121200
v -29.261090 33.731520 195.935900
v -31.051470 38.450310 201.151600
v -42.180370 30.181300 184.599900
v -51.023090 29.227600 187.282700
v -53.396500 37.541860 180.017700
v -46.059490 36.477810 180.088900
v -46.588320 45.508190 177.306600
v -43.305350 43.465460 176.704900
v -31.730530 50.829350 181.895900
v -30.489210 48.983620 179.558600
v -25.018820 47.187520 188.236900
v -24.336780 43.703300 185.761300
v -20.262640 40.908060 196.818400
v -21.332660 38.313630 192.837600
v -26.948890 35.262680 201.544600
v -29.261090 33.731520 195.935900
v -20.262640 40.908060 196.818400
v -24.858360 42.461010 198.121200
v -26.948890 35.262680 201.544600
v -25.018820 47.187520 188.236900
v -28.531880 46.817700 191.409300
v -31.730530 50.829350 181.895900
v -33.667380 49.563520 186.196300
v -46.588320 45.508190 177.306600
v -46.272380 45.872740 183.148700
v -53.396500 37.541860 180.017700
v -50.395120 41.822140 186.278600
v -51.023090 29.227600 187.282700
v -46.549320 35.928750 193.470900
v -32.660010 27.315970 195.771300
v -43.874850 33.967860 200.227100
v -32.660010 27.315970 195.771300
v -43.880720 25.008000 193.017800
v -35.541200 33.100890 201.706100
v -43.874850 33.967860 200.227100
v -35.541200 33.100890 201.706100
v -31.051470 38.450310 201.151600
v -43.880720 25.008000 193.017800
v -32.660010 27.315970 195.771300
v -43.874850 33.967860 200.227100
v -25.289990 21.166020 184.435400
v -36.026290 21.832110 185.016000
v -6.587339 60.332640 181.755900
v -21.545290 58.716360 178.672300
v -24.382740 54.020960 185.033100
v -10.969940 54.875800 189.071500
v -33.732850 57.716200 172.193500
v -37.226570 52.977930 178.270600
v -44.804060 56.514330 161.911200
v -48.215580 51.381200 168.503800
v -8.615177 52.157040 176.232900
v -6.553767 46.960740 184.605300
v -21.586650 47.155920 181.148100
v -18.761250 51.851230 174.745300
v -33.907080 46.155770 174.689300
v -30.425560 50.894040 168.566000
v -44.934890 44.084350 164.637800
v -39.213230 49.512190 159.443100
v -57.786500 47.047050 151.343900
v -54.608660 49.084810 159.405600
v -48.975600 54.390890 156.056600
v -52.469060 52.205970 147.999100
v -60.685820 44.914340 140.817300
v -55.303450 50.151940 137.861900
v -63.451520 42.748290 130.168900
v -57.504380 48.590350 126.055300
v -52.643190 41.036240 150.490000
v -47.351440 46.195510 147.144400
v -44.732530 47.815920 153.175000
v -49.122400 42.930670 158.596500
v -55.513970 38.982180 140.349900
v -50.157050 44.219960 137.395200
v -57.791160 35.799570 128.874000
v -51.329520 41.651310 124.816400
v -54.491090 47.750410 151.564600
v -69.809770 52.510490 174.677600
v -56.441180 59.435780 162.998900
v -52.198860 55.397560 154.336200
v -42.758030 51.154880 168.180700
v -36.043850 48.405710 154.788500
v -42.103820 57.811750 153.071600
v -46.296890 57.187540 163.052400
v -39.289540 47.274500 149.227700
v -42.758030 51.154880 168.180700
v -69.809770 52.510490 174.677600
v -56.653580 41.547000 166.949500
v -46.441460 43.569250 166.037900
v -54.491090 47.750410 151.564600
v -39.289540 47.274500 149.227700
v -42.298580 39.149550 157.243000
v -52.388950 41.793630 157.352800
v -36.043850 48.405710 154.788500
v -57.884880 40.274570 118.054600
v -73.192220 42.750390 130.057000
v -62.635250 52.458400 124.632900
v -57.181470 48.009570 119.952900
v -55.674260 43.178550 132.150500
v -48.848040 41.720030 125.028100
v -52.259400 49.703200 121.900100
v -56.076000 49.480760 127.078600
v -49.616890 40.772770 120.450400
v -55.674260 43.178550 132.150500
v -73.192220 42.750390 130.057000
v -63.141420 31.757230 129.213500
v -56.376010 35.440320 130.200000
v -57.884880 40.274570 118.054600
v -49.616890 40.772770 120.450400
v -52.605790 33.195220 125.539700
v -57.510730 33.969090 123.039600
v -48.848040 41.720030 125.028100
v -47.976280 59.884930 156.869300
v -37.871270 51.636570 151.326100
v -48.215710 38.734970 161.572200
v -37.934020 44.112080 153.032000
v -56.476270 51.142940 122.945800
v -49.288010 44.612590 122.023100
v -56.899380 32.293210 127.106200
v -49.419100 37.895150 123.519200
v -59.654830 25.007410 138.126900
v -58.791860 29.886380 133.330400
v -66.529490 31.393500 137.364300
v -67.031500 26.181930 141.734700
v -57.320300 34.813290 135.012400
v -62.995570 36.312650 138.601600
v -53.689480 36.518870 138.520300
v -58.031940 38.356960 143.575700
v -49.671330 34.176890 143.778700
v -54.919070 36.277640 148.260700
v -49.737410 28.942760 146.828900
v -53.169150 30.285160 154.952700
v -52.626590 23.763030 148.054200
v -56.955640 26.266370 153.803400
v -63.671630 29.950510 130.618700
v -58.791860 29.886380 133.330400
v -59.654830 25.007410 138.126900
v -65.316060 22.580520 136.045300
v -60.815120 38.145080 133.528400
v -57.320300 34.813290 135.012400
v -55.400590 40.959310 140.720200
v -53.689480 36.518870 138.520300
v -50.582780 37.581960 148.386700
v -49.671330 34.176890 143.778700
v -48.804960 30.979970 154.083400
v -49.737410 28.942760 146.828900
v -53.081990 22.721210 154.002800
v -52.626590 23.763030 148.054200
v -48.804960 30.979970 154.083400
v -53.169150 30.285160 154.952700
v -56.955640 26.266370 153.803400
v -53.081990 22.721210 154.002800
v -50.582780 37.581960 148.386700
v -54.919070 36.277640 148.260700
v -55.400590 40.959310 140.720200
v -58.031940 38.356960 143.575700
v -60.815120 38.145080 133.528400
v -62.995570 36.312650 138.601600
v -63.671630 29.950510 130.618700
v -66.529490 31.393500 137.364300
v -65.316060 22.580520 136.045300
v -67.031500 26.181930 141.734700
v -64.068890 20.422470 149.086500
v -62.633830 20.140400 146.786600
v -64.068890 20.422470 149.086500
v -65.497300 19.827530 142.102000
v -58.262330 20.295550 150.579500
v -62.633830 20.140400 146.786600
v -58.262330 20.295550 150.579500
v -65.497300 19.827530 142.102000
v -64.068890 20.422470 149.086500
v -62.633830 20.140400 146.786600
v 32.854530 26.178920 168.405700
v 39.876130 27.779360 177.759900
v 43.110520 34.676560 171.950200
v 35.454100 32.136720 163.536600
v 38.788080 41.786740 170.317500
v 32.685980 39.167660 163.851200
v 29.714390 45.789460 174.035900
v 26.033270 42.051410 166.197000
v 22.821480 44.315270 179.676900
v 17.998820 39.721160 171.468900
v 17.006490 36.876210 188.634700
v 16.566500 33.162050 176.443300
v 23.172220 31.225410 188.701100
v 19.864480 26.434510 180.366800
v 44.437760 32.682660 162.857300
v 41.729020 20.793670 169.074600
v 32.854530 26.178920 168.405700
v 35.454100 32.136720 163.536600
v 32.685980 39.167660 163.851200
v 38.310100 43.597070 162.848400
v 26.033270 42.051410 166.197000
v 27.455770 48.663940 168.725800
v 17.998820 39.721160 171.468900
v 17.184600 45.365120 176.824700
v 16.566500 33.162050 176.443300
v 11.962570 37.386350 184.491500
v 17.680550 26.231470 188.043800
v 19.864480 26.434510 180.366800
v 11.962570 37.386350 184.491500
v 17.680550 26.231470 188.043800
v 17.006490 36.876210 188.634700
v 22.821480 44.315270 179.676900
v 17.184600 45.365120 176.824700
v 29.714390 45.789460 174.035900
v 27.455770 48.663940 168.725800
v 38.788080 41.786740 170.317500
v 38.310100 43.597070 162.848400
v 43.110520 34.676560 171.950200
v 44.437760 32.682660 162.857300
v 39.876130 27.779360 177.759900
v 41.729020 20.793670 169.074600
v 25.290000 21.166030 184.435500
v 36.026290 21.832120 185.016000
v 25.290000 21.166030 184.435500
v 33.973730 18.959740 177.565100
v 26.729190 22.579560 187.251600
v 36.026290 21.832120 185.016000
v 23.172220 31.225410 188.701100
v 26.729190 22.579560 187.251600
v 33.973730 18.959740 177.565100
v 42.180360 30.181310 184.599900
v 46.549320 35.928790 193.470900
v 50.395130 41.822150 186.278500
v 46.059500 36.477840 180.088900
v 46.272390 45.872750 183.148700
v 43.305340 43.465480 176.704800
v 33.667370 49.563530 186.196300
v 30.489200 48.983630 179.558600
v 28.531870 46.817700 191.409300
v 24.336800 43.703310 185.761300
v 24.858360 42.461010 198.121200
v 21.332650 38.313640 192.837600
v 31.051480 38.450330 201.151600
v 29.261100 33.731540 195.935900
v 42.180360 30.181310 184.599900
v 46.059500 36.477840 180.088900
v 53.396510 37.541860 180.017700
v 51.023080 29.227610 187.282700
v 43.305340 43.465480 176.704800
v 46.588310 45.508210 177.306600
v 30.489200 48.983630 179.558600
v 31.730550 50.829360 181.895900
v 24.336800 43.703310 185.761300
v 25.018830 47.187530 188.236900
v 21.332650 38.313640 192.837600
v 20.262630 40.908060 196.818400
v 26.948890 35.262700 201.544600
v 29.261100 33.731540 195.935900
v 20.262630 40.908060 196.818400
v 26.948890 35.262700 201.544600
v 24.858360 42.461010 198.121200
v 28.531870 46.817700 191.409300
v 25.018830 47.187530 188.236900
v 33.667370 49.563530 186.196300
v 31.730550 50.829360 181.895900
v 46.272390 45.872750 183.148700
v 46.588310 45.508210 177.306600
v 50.395130 41.822150 186.278500
v 53.396510 37.541860 180.017700
v 46.549320 35.928790 193.470900
v 51.023080 29.227610 187.282700
v 32.660000 27.315980 195.771300
v 43.874870 33.967880 200.227000
v 32.660000 27.315980 195.771300
v 43.880720 25.008010 193.017900
v 35.541190 33.100900 201.706000
v 43.874870 33.967880 200.227000
v 31.051480 38.450330 201.151600
v 35.541190 33.100900 201.706000
v 32.660000 27.315980 195.771300
v 43.880720 25.008010 193.017900
v 43.874870 33.967880 200.227000
v 25.290000 21.166030 184.435500
v 36.026290 21.832120 185.016000
v 6.587348 60.332640 181.755900
v 10.969920 54.875800 189.071500
v 24.382750 54.020960 185.033100
v 21.545300 58.716360 178.672300
v 37.226570 52.977930 178.270600
v 33.732860 57.716210 172.193500
v 48.215580 51.381200 168.503800
v 44.804060 56.514340 161.911200
v 8.615168 52.157040 176.232800
v 18.761250 51.851230 174.745300
v 21.586660 47.155920 181.148100
v 6.553767 46.960740 184.605300
v 30.425540 50.894030 168.566000
v 33.907090 46.155780 174.689300
v 39.213220 49.512200 159.443100
v 44.934880 44.084390 164.637800
v 57.786500 47.047050 151.343900
v 52.469070 52.206010 147.999000
v 48.975610 54.390920 156.056600
v 54.608660 49.084810 159.405500
v 60.685840 44.914340 140.817300
v 55.303450 50.151950 137.861900
v 63.451520 42.748280 130.168900
v 57.504390 48.590350 126.055300
v 52.643180 41.036260 150.490000
v 49.122400 42.930680 158.596500
v 44.732520 47.815920 153.175000
v 47.351450 46.195510 147.144400
v 55.513970 38.982220 140.349900
v 50.157080 44.219960 137.395200
v 57.791190 35.799590 128.874000
v 51.329540 41.651310 124.816400
v 54.491080 47.750420 151.564600
v 52.198870 55.397570 154.336200
v 56.441180 59.435800 162.998800
v 69.809770 52.510490 174.677600
v 42.758030 51.154890 168.180700
v 46.296880 57.187560 163.052400
v 42.103800 57.811780 153.071600
v 36.043850 48.405720 154.788500
v 39.289540 47.274500 149.227700
v 42.758030 51.154890 168.180700
v 46.441450 43.569260 166.037900
v 56.653570 41.547030 166.949500
v 69.809770 52.510490 174.677600
v 54.491080 47.750420 151.564600
v 52.388950 41.793660 157.352800
v 42.298600 39.149560 157.243000
v 39.289540 47.274500 149.227700
v 36.043850 48.405720 154.788500
v 57.884900 40.274580 118.054600
v 57.181490 48.009570 119.952900
v 62.635260 52.458440 124.632900
v 73.192240 42.750400 130.057000
v 55.674290 43.178550 132.150500
v 56.076010 49.480770 127.078600
v 52.259410 49.703210 121.900100
v 48.848030 41.720040 125.028100
v 49.616910 40.772780 120.450400
v 55.674290 43.178550 132.150500
v 56.376010 35.440320 130.199900
v 63.141420 31.757230 129.213500
v 73.192240 42.750400 130.057000
v 57.884900 40.274580 118.054600
v 57.510740 33.969130 123.039600
v 52.605790 33.195240 125.539700
v 49.616910 40.772780 120.450400
v 48.848030 41.720040 125.028100
v 47.976260 59.884950 156.869300
v 37.871240 51.636570 151.326100
v 48.215720 38.734990 161.572200
v 37.934040 44.112110 153.032000
v 56.476290 51.142940 122.945800
v 49.288020 44.612600 122.023100
v 56.899380 32.293220 127.106200
v 49.419120 37.895200 123.519100
v 59.654860 25.007430 138.126900
v 67.031520 26.181960 141.734700
v 66.529500 31.393530 137.364300
v 58.791890 29.886420 133.330400
v 62.995570 36.312660 138.601600
v 57.320290 34.813300 135.012400
v 58.031960 38.357010 143.575700
v 53.689510 36.518900 138.520300
v 54.919110 36.277660 148.260600
v 49.671340 34.176920 143.778700
v 53.169140 30.285180 154.952600
v 49.737410 28.942760 146.828900
v 56.955670 26.266400 153.803400
v 52.626590 23.763040 148.054200
v 63.671610 29.950560 130.618700
v 65.316060 22.580550 136.045300
v 59.654860 25.007430 138.126900
v 58.791890 29.886420 133.330400
v 57.320290 34.813300 135.012400
v 60.815120 38.145090 133.528400
v 53.689510 36.518900 138.520300
v 55.400600 40.959300 140.720200
v 49.671340 34.176920 143.778700
v 50.582790 37.581980 148.386700
v 49.737410 28.942760 146.828900
v 48.804970 30.980010 154.083400
v 52.626590 23.763040 148.054200
v 53.081990 22.721230 154.002800
v 48.804970 30.980010 154.083400
v 53.081990 22.721230 154.002800
v 56.955670 26.266400 153.803400
v 53.169140 30.285180 154.952600
v 54.919110 36.277660 148.260600
v 50.582790 37.581980 148.386700
v 58.031960 38.357010 143.575700
v 55.400600 40.959300 140.720200
v 62.995570 36.312660 138.601600
v 60.815120 38.145090 133.528400
v 66.529500 31.393530 137.364300
v 63.671610 29.950560 130.618700
v 67.031520 26.181960 141.734700
v 65.316060 22.580550 136.045300
v 64.068890 20.422500 149.086500
v 62.633820 20.140410 146.786600
v 64.068890 20.422500 149.086500
v 65.497310 19.827570 142.102000
v 58.262340 20.295560 150.579500
v 62.633820 20.140410 146.786600
v 58.262340 20.295560 150.579500
v 65.497310 19.827570 142.102000
v 64.068890 20.422500 149.086500
v 62.633820 20.140410 146.786600
v 15.911380 53.661380 183.079300
v 7.409538 61.200560 181.531800
v 0.086528 67.226740 192.541700
v 0.060445 61.185290 218.279600
v -15.792260 53.661310 183.079300
v -7.237705 61.200590 181.531800
v 0.085064 59.985000 169.662900
v -4.444094 49.674840 163.952300
v 4.561177 49.674840 163.952300
v -15.792260 53.661310 183.079300
v -7.307413 46.146840 184.739800
v 0.033358 45.129060 197.198400
v 0.060445 61.185290 218.279600
v 15.911380 53.661380 183.079300
v 7.373614 46.146840 184.739800
v 0.032850 42.505300 173.467700
v 4.561177 49.674840 163.952300
v -4.444094 49.674840 163.952300
v 0.085884 63.535840 180.882900
v 0.084542 53.180240 163.647800
v 0.033102 43.750970 185.100100
v 0.032557 46.353120 165.151900
v -100.182200 -4.768962 146.344500
v -99.555050 -5.639108 152.367800
v -104.947800 -5.638911 152.283700
v -104.049900 -4.768812 146.284100
v -106.615700 -1.920151 152.368800
v -105.246100 -2.101679 146.345200
v -102.253800 0.377952 152.505500
v -102.117700 -0.453445 146.443200
v -97.890050 -1.920485 152.504900
v -98.988020 -2.101920 146.442800
v -99.555050 -5.639108 152.367800
v -100.182200 -4.768962 146.344500
v -99.483470 -4.273150 104.673800
v -100.182200 -4.768962 146.344500
v -104.049900 -4.768812 146.284100
v -103.852900 -4.272985 104.605700
v -105.246100 -2.101679 146.345200
v -105.204300 -1.259906 104.674600
v -102.117700 -0.453445 146.443200
v -101.670100 0.602104 104.785400
v -98.988020 -2.101920 146.442800
v -98.134460 -1.260186 104.784900
v -100.182200 -4.768962 146.344500
v -99.483470 -4.273150 104.673800
v -108.852000 -6.183223 149.629700
v -108.120000 -4.902730 157.419200
v -109.839200 -2.785186 156.978800
v -111.127000 -2.785190 148.872300
v -102.489700 -7.104918 144.224000
v -102.407000 -2.785191 141.392300
v -96.453670 -6.183222 149.991700
v -94.138280 -2.785182 149.368400
v -95.897020 -2.785182 157.385900
v -97.638980 -4.902733 157.725300
v -108.852000 0.612857 149.629700
v -108.120000 -0.667629 157.419200
v -102.489700 1.534541 144.223900
v -96.453670 0.612850 149.991700
v -97.638980 -0.667628 157.725300
v -104.278900 -4.732386 106.049800
v -98.603470 -4.732388 106.188900
v -94.912050 -1.799696 106.334400
v -110.472300 -1.799698 105.879900
v -103.377600 -4.732395 88.952870
v -106.749600 -1.799701 92.679400
v -99.725690 -6.236218 68.994350
v -102.830800 -5.356900 78.071230
v -109.018400 -1.799708 81.489220
v -103.262300 -1.799713 68.494030
v -101.138000 -7.490571 61.050350
v -106.455900 -1.799718 63.580390
v -101.625500 -6.358585 54.417980
v -107.171200 -1.799724 56.328960
v -102.113000 -8.723701 45.906070
v -112.898700 -1.799724 49.301930
v -102.448500 -7.188968 37.712920
v -107.899800 -1.799731 36.840810
v -103.015000 -5.381763 20.900940
v -108.513600 -1.799731 19.766210
v -108.933900 -3.786126 5.751886
v -112.380500 -1.799758 -0.184369
v -92.904250 -5.782255 42.336680
v -89.546690 -7.514033 46.844050
v -92.969160 -4.732407 61.412950
v -94.395650 -4.732415 57.901830
v -78.055210 -1.799720 46.213170
v -85.316020 -4.392990 51.369620
v -84.150790 -6.047685 46.399460
v -78.175740 -4.674841 43.477600
v -93.848230 -5.555262 53.372330
v -84.236210 -3.368715 43.354160
v -78.645920 -1.799725 41.510470
v -86.207030 -3.902735 64.962490
v -91.613220 -6.098161 63.419190
v -85.785840 -1.799713 63.939790
v -86.757260 -1.799716 66.777460
v -97.195030 -4.732407 68.992530
v -93.995150 -6.098159 65.467080
v -104.278900 1.133000 106.049800
v -110.472300 -1.799698 105.879900
v -94.912050 -1.799696 106.334400
v -98.603470 1.133000 106.188900
v -103.377600 1.132989 88.952870
v -106.749600 -1.799701 92.679400
v -99.725690 2.636790 68.994350
v -103.262300 -1.799713 68.494030
v -109.018400 -1.799708 81.489220
v -102.830800 1.757481 78.071230
v -101.138000 3.891135 61.050350
v -106.455900 -1.799718 63.580390
v -101.625500 2.759142 54.417980
v -107.171200 -1.799724 56.328960
v -102.113000 5.124259 45.906070
v -112.898700 -1.799724 49.301930
v -102.448500 3.589491 37.712910
v -107.899800 -1.799731 36.840810
v -103.015000 2.070437 20.900930
v -108.513600 -1.799731 19.766210
v -108.933900 0.186654 5.751894
v -112.380500 -1.799758 -0.184369
v -92.904250 2.182793 42.336680
v -89.546700 3.914591 46.844050
v -92.969150 1.132976 61.412950
v -94.395650 1.132977 57.901830
v -78.055210 -1.799720 46.213170
v -78.175740 1.075401 43.477600
v -84.150800 2.448243 46.399460
v -85.316030 0.793541 51.369620
v -93.848230 1.955817 53.372330
v -78.645920 -1.799725 41.510470
v -84.236210 -0.230752 43.354160
v -86.207030 0.303306 64.962500
v -85.785840 -1.799713 63.939790
v -91.613220 2.498727 63.419190
v -93.995150 2.498726 65.467080
v -97.195020 1.132983 68.992530
v -86.757260 -1.799716 66.777460
v -102.296200 -3.095908 157.871500
v -102.569600 -2.785187 146.959200
v -106.232300 -2.785189 149.605200
v -106.345700 -2.785185 160.220700
v -99.067440 -2.785190 149.814400
v -99.573780 -2.785180 160.418500
v -92.161630 -1.799707 80.352230
v -97.449760 -6.515930 80.192710
v -97.231210 -4.732402 77.758460
v -100.611800 -7.023328 80.633370
v -101.576300 -5.640359 84.376890
v -92.803560 -4.732434 26.753030
v -99.212470 -5.020582 17.470710
v -93.994090 -4.732430 33.121350
v -98.233910 -6.463193 95.603350
v -73.025030 -1.799731 39.079070
v -82.722660 -1.799713 64.581110
v -98.045750 -4.732399 82.438210
v -85.785840 -1.799713 63.939790
v -92.161630 -1.799707 80.352230
v -97.231210 1.132984 77.758470
v -97.449760 2.916516 80.192710
v -101.576300 2.040948 84.376890
v -100.611800 3.423912 80.633370
v -92.803560 1.132950 26.753030
v -99.212470 1.132944 17.470720
v -93.994090 1.132944 33.121350
v -98.795750 1.870709 89.943730
v -98.233910 2.863796 95.603350
v -73.025030 -1.799731 39.079070
v -82.722660 -1.799713 64.581110
v -98.045750 1.132986 82.438210
v 34.973710 9.545528 108.351200
vt 0.722967 0.017467 0.000000
vt 0.707039 0.017467 0.000000
vt 0.721686 0.065228 0.000000
vt 0.728526 0.065228 0.000000
vt 0.737775 0.017467 0.000000
vt 0.737775 0.065228 0.000000
vt 0.754742 0.017467 0.000000
vt 0.747392 0.065228 0.000000
vt 0.737775 0.113426 0.000000
vt 0.722967 0.017467 0.000000
vt 0.728526 0.065228 0.000000
vt 0.737775 0.017467 0.000000
vt 0.737775 0.065228 0.000000
vt 0.737775 0.017467 0.000000
vt 0.737775 0.065228 0.000000
vt 0.728526 0.065228 0.000000
vt 0.722967 0.017467 0.000000
vt 0.754742 0.017467 0.000000
vt 0.747392 0.065228 0.000000
vt 0.737775 0.113426 0.000000
vt 0.721686 0.065228 0.000000
vt 0.707039 0.017467 0.000000
vt 0.737775 0.017467 0.000000
vt 0.722967 0.017467 0.000000
vt 0.728526 0.065228 0.000000
vt 0.737775 0.065228 0.000000
vt 0.737775 0.017467 0.000000
vt 0.737775 0.065228 0.000000
vt 0.728526 0.065228 0.000000
vt 0.722967 0.017467 0.000000
vt 0.754742 0.017467 0.000000
vt 0.747392 0.065228 0.000000
vt 0.737775 0.113426 0.000000
vt 0.721686 0.065228 0.000000
vt 0.707039 0.017467 0.000000
vt 0.737775 0.017467 0.000000
vt 0.722967 0.017467 0.000000
vt 0.728526 0.065228 0.000000
vt 0.737775 0.065228 0.000000
vt 0.551286 0.784697 0.000000
vt 0.532652 0.784697 0.000000
vt 0.551286 0.775762 0.000000
vt 0.551286 0.784697 0.000000
vt 0.532652 0.793893 0.000000
vt 0.532652 0.784697 0.000000
vt 0.513309 0.784846 0.000000
vt 0.521977 0.748093 0.000000
vt 0.518455 0.731804 0.000000
vt 0.547714 0.766803 0.000000
vt 0.576282 0.731804 0.000000
vt 0.575670 0.753759 0.000000
vt 0.532652 0.784697 0.000000
vt 0.532652 0.762212 0.000000
vt 0.551286 0.775762 0.000000
vt 0.513309 0.776509 0.000000
vt 0.547714 0.700387 0.000000
vt 0.547714 0.731804 0.000000
vt 0.582957 0.784009 0.000000
vt 0.575551 0.784803 0.000000
vt 0.575551 0.772754 0.000000
vt 0.582957 0.784009 0.000000
vt 0.575551 0.795167 0.000000
vt 0.575551 0.784803 0.000000
vt 0.556315 0.787135 0.000000
vt 0.575588 0.753422 0.000000
vt 0.576337 0.731541 0.000000
vt 0.600078 0.762385 0.000000
vt 0.613961 0.724586 0.000000
vt 0.632974 0.752257 0.000000
vt 0.575551 0.784803 0.000000
vt 0.556946 0.770901 0.000000
vt 0.575551 0.772754 0.000000
vt 0.577350 0.701951 0.000000
vt 0.597198 0.736327 0.000000
vt 0.556315 0.787135 0.000000
vt 0.575551 0.784803 0.000000
vt 0.556946 0.770901 0.000000
vt 0.556315 0.787135 0.000000
vt 0.575551 0.795167 0.000000
vt 0.575551 0.784803 0.000000
vt 0.582957 0.784009 0.000000
vt 0.632974 0.752257 0.000000
vt 0.613961 0.724586 0.000000
vt 0.600078 0.762385 0.000000
vt 0.576337 0.731541 0.000000
vt 0.575670 0.753759 0.000000
vt 0.575551 0.761513 0.000000
vt 0.575551 0.772754 0.000000
vt 0.575551 0.784803 0.000000
vt 0.577350 0.701951 0.000000
vt 0.597198 0.736327 0.000000
vt 0.513309 0.784846 0.000000
vt 0.513309 0.776509 0.000000
vt 0.556315 0.787135 0.000000
vt 0.582957 0.784009 0.000000
vt 0.575551 0.761513 0.000000
vt 0.551286 0.784697 0.000000
vt 0.551286 0.775762 0.000000
vt 0.532652 0.784697 0.000000
vt 0.551286 0.784697 0.000000
vt 0.532652 0.784697 0.000000
vt 0.532652 0.793893 0.000000
vt 0.513309 0.784846 0.000000
vt 0.521977 0.748093 0.000000
vt 0.547714 0.766803 0.000000
vt 0.518455 0.731804 0.000000
vt 0.575670 0.753759 0.000000
vt 0.576282 0.731804 0.000000
vt 0.532652 0.784697 0.000000
vt 0.551286 0.775762 0.000000
vt 0.532652 0.762212 0.000000
vt 0.513309 0.776509 0.000000
vt 0.547714 0.731804 0.000000
vt 0.547714 0.700387 0.000000
vt 0.582957 0.784009 0.000000
vt 0.575551 0.772754 0.000000
vt 0.575551 0.784803 0.000000
vt 0.582957 0.784009 0.000000
vt 0.575551 0.784803 0.000000
vt 0.575551 0.795167 0.000000
vt 0.556315 0.787135 0.000000
vt 0.575588 0.753422 0.000000
vt 0.600078 0.762385 0.000000
vt 0.576337 0.731541 0.000000
vt 0.632974 0.752257 0.000000
vt 0.613961 0.724586 0.000000
vt 0.575551 0.784803 0.000000
vt 0.575551 0.772754 0.000000
vt 0.556946 0.770901 0.000000
vt 0.597198 0.736327 0.000000
vt 0.577350 0.701951 0.000000
vt 0.556315 0.787135 0.000000
vt 0.556946 0.770901 0.000000
vt 0.575551 0.784803 0.000000
vt 0.556315 0.787135 0.000000
vt 0.575551 0.784803 0.000000
vt 0.575551 0.795167 0.000000
vt 0.582957 0.784009 0.000000
vt 0.632974 0.752257 0.000000
vt 0.600078 0.762385 0.000000
vt 0.613961 0.724586 0.000000
vt 0.575670 0.753759 0.000000
vt 0.576337 0.731541 0.000000
vt 0.575551 0.761513 0.000000
vt 0.575551 0.772754 0.000000
vt 0.575551 0.784803 0.000000
vt 0.597198 0.736327 0.000000
vt 0.577350 0.701951 0.000000
vt 0.513309 0.776509 0.000000
vt 0.513309 0.784846 0.000000
vt 0.556315 0.787135 0.000000
vt 0.582957 0.784009 0.000000
vt 0.575551 0.761513 0.000000
vt 0.203800 0.031155 0.000000
vt 0.204908 0.015165 0.000000
vt 0.260258 0.015164 0.000000
vt 0.261415 0.029126 0.000000
vt 0.308035 0.015164 0.000000
vt 0.309056 0.026795 0.000000
vt 0.343152 0.048549 0.000000
vt 0.350780 0.080148 0.000000
vt 0.312907 0.096115 0.000000
vt 0.305948 0.055953 0.000000
vt 0.985926 0.938073 0.000000
vt 0.928491 0.944221 0.000000
vt 0.924619 0.978350 0.000000
vt 0.985926 0.991079 0.000000
vt 0.819857 0.286173 0.000000
vt 0.863506 0.255798 0.000000
vt 0.858651 0.243816 0.000000
vt 0.805993 0.284195 0.000000
vt 0.920263 0.122704 0.000000
vt 0.935118 0.116254 0.000000
vt 0.939717 0.131547 0.000000
vt 0.935796 0.133308 0.000000
vt 0.950396 0.129030 0.000000
vt 0.965212 0.129374 0.000000
vt 0.968542 0.142127 0.000000
vt 0.952992 0.140492 0.000000
vt 0.931513 0.066906 0.000000
vt 0.946504 0.060532 0.000000
vt 0.955427 0.077893 0.000000
vt 0.938030 0.084147 0.000000
vt 0.951907 0.108577 0.000000
vt 0.968973 0.116665 0.000000
vt 0.885719 0.043959 0.000000
vt 0.913657 0.042755 0.000000
vt 0.912040 0.068148 0.000000
vt 0.888276 0.068842 0.000000
vt 0.882161 0.012973 0.000000
vt 0.921005 0.009580 0.000000
vt 0.830895 0.051302 0.000000
vt 0.830759 0.071355 0.000000
vt 0.772970 0.071195 0.000000
vt 0.772970 0.051302 0.000000
vt 0.927251 0.019732 0.000000
vt 0.927251 0.043587 0.000000
vt 0.938180 0.018858 0.000000
vt 0.939310 0.038708 0.000000
vt 0.855332 0.015068 0.000000
vt 0.856669 0.047566 0.000000
vt 0.843938 0.051302 0.000000
vt 0.846149 0.073066 0.000000
vt 0.829002 0.031099 0.000000
vt 0.837367 0.028729 0.000000
vt 0.889445 0.090062 0.000000
vt 0.890675 0.111614 0.000000
vt 0.858809 0.114705 0.000000
vt 0.860316 0.093419 0.000000
vt 0.964594 0.090707 0.000000
vt 0.942608 0.097529 0.000000
vt 0.772970 0.028196 0.000000
vt 0.680258 0.233812 0.000000
vt 0.675072 0.191953 0.000000
vt 0.638191 0.195345 0.000000
vt 0.638191 0.236419 0.000000
vt 0.670657 0.363644 0.000000
vt 0.638191 0.359942 0.000000
vt 0.638191 0.393457 0.000000
vt 0.664412 0.400536 0.000000
vt 0.915097 0.087997 0.000000
vt 0.638191 0.265940 0.000000
vt 0.638191 0.287867 0.000000
vt 0.678667 0.290313 0.000000
vt 0.679684 0.268654 0.000000
vt 0.584330 0.453439 0.000000
vt 0.552979 0.461566 0.000000
vt 0.566487 0.488992 0.000000
vt 0.590646 0.483478 0.000000
vt 0.617407 0.483478 0.000000
vt 0.617407 0.453128 0.000000
vt 0.656567 0.475817 0.000000
vt 0.648115 0.463545 0.000000
vt 0.644517 0.475302 0.000000
vt 0.646479 0.483712 0.000000
vt 0.654683 0.492948 0.000000
vt 0.646479 0.492948 0.000000
vt 0.638191 0.425868 0.000000
vt 0.660031 0.430681 0.000000
vt 0.732337 0.271318 0.000000
vt 0.728166 0.233251 0.000000
vt 0.675842 0.319756 0.000000
vt 0.638191 0.315913 0.000000
vt 0.736987 0.451082 0.000000
vt 0.760911 0.446965 0.000000
vt 0.747595 0.400319 0.000000
vt 0.719482 0.407658 0.000000
vt 0.748009 0.492948 0.000000
vt 0.771772 0.492948 0.000000
vt 0.654971 0.119926 0.000000
vt 0.638191 0.150000 0.000000
vt 0.676083 0.150544 0.000000
vt 0.680354 0.136639 0.000000
vt 0.220494 0.529739 0.000000
vt 0.252145 0.529774 0.000000
vt 0.244506 0.554617 0.000000
vt 0.214121 0.554665 0.000000
vt 0.188102 0.509302 0.000000
vt 0.190480 0.507168 0.000000
vt 0.206046 0.530896 0.000000
vt 0.529149 0.525914 0.000000
vt 0.505308 0.543956 0.000000
vt 0.501099 0.540733 0.000000
vt 0.527864 0.522353 0.000000
vt 0.480994 0.415457 0.000000
vt 0.493488 0.438849 0.000000
vt 0.458640 0.455871 0.000000
vt 0.448234 0.433022 0.000000
vt 0.491208 0.534561 0.000000
vt 0.476408 0.501597 0.000000
vt 0.512982 0.480899 0.000000
vt 0.464210 0.371050 0.000000
vt 0.464210 0.379827 0.000000
vt 0.435881 0.387106 0.000000
vt 0.433624 0.371050 0.000000
vt 0.353476 0.392814 0.000000
vt 0.350426 0.371050 0.000000
vt 0.378841 0.371050 0.000000
vt 0.382283 0.392773 0.000000
vt 0.408530 0.391178 0.000000
vt 0.406525 0.371050 0.000000
vt 0.288156 0.371050 0.000000
vt 0.284788 0.388530 0.000000
vt 0.265320 0.382674 0.000000
vt 0.265320 0.371050 0.000000
vt 0.260832 0.394532 0.000000
vt 0.297320 0.418021 0.000000
vt 0.288383 0.445742 0.000000
vt 0.251361 0.408761 0.000000
vt 0.323549 0.440061 0.000000
vt 0.324102 0.418078 0.000000
vt 0.357292 0.416739 0.000000
vt 0.359124 0.443956 0.000000
vt 0.305265 0.395448 0.000000
vt 0.310750 0.371050 0.000000
vt 0.332149 0.371050 0.000000
vt 0.327840 0.396246 0.000000
vt 0.924619 0.978350 0.000000
vt 0.928491 0.944221 0.000000
vt 0.729342 0.323216 0.000000
vt 0.095131 0.144044 0.000000
vt 0.069933 0.101927 0.000000
vt 0.096995 0.111572 0.000000
vt 0.258158 0.135895 0.000000
vt 0.293714 0.126559 0.000000
vt 0.278710 0.165024 0.000000
vt 0.224684 0.125028 0.000000
vt 0.245496 0.164560 0.000000
vt 0.220040 0.159669 0.000000
vt 0.183357 0.131565 0.000000
vt 0.184461 0.191953 0.000000
vt 0.133250 0.174923 0.000000
vt 0.182127 0.160993 0.000000
vt 0.134411 0.144553 0.000000
vt 0.142286 0.072198 0.000000
vt 0.188899 0.094030 0.000000
vt 0.138471 0.104560 0.000000
vt 0.236936 0.068360 0.000000
vt 0.186786 0.055198 0.000000
vt 0.150055 0.034561 0.000000
vt 0.100066 0.076279 0.000000
vt 0.102586 0.042711 0.000000
vt 0.057037 0.024470 0.000000
vt 0.079811 0.033590 0.000000
vt 0.070879 0.065159 0.000000
vt 0.041693 0.054040 0.000000
vt 0.270936 0.063003 0.000000
vt 0.233836 0.102104 0.000000
vt 0.271689 0.109483 0.000000
vt 0.297911 0.097009 0.000000
vt 0.338516 0.021669 0.000000
vt 0.104483 0.015165 0.000000
vt 0.060396 0.015165 0.000000
vt 0.151095 0.015165 0.000000
vt 0.337147 0.015164 0.000000
vt 0.028619 0.085512 0.000000
vt 0.228813 0.194964 0.000000
vt 0.272664 0.188788 0.000000
vt 0.936798 0.858977 0.000000
vt 0.936798 0.833673 0.000000
vt 0.897042 0.833673 0.000000
vt 0.891690 0.858977 0.000000
vt 0.891690 0.858977 0.000000
vt 0.852138 0.858977 0.000000
vt 0.862858 0.833673 0.000000
vt 0.897042 0.833673 0.000000
vt 0.879321 0.911870 0.000000
vt 0.876066 0.955228 0.000000
vt 0.822695 0.948319 0.000000
vt 0.936798 0.858977 0.000000
vt 0.877833 0.939868 0.000000
vt 0.985926 0.858977 0.000000
vt 0.936798 0.833673 0.000000
vt 0.985926 0.833673 0.000000
vt 0.874106 0.978350 0.000000
vt 0.924619 0.991079 0.000000
vt 0.825793 0.904490 0.000000
vt 0.822695 0.978350 0.000000
vt 0.874106 0.978350 0.000000
vt 0.897042 0.818505 0.000000
vt 0.936798 0.818505 0.000000
vt 0.897042 0.818505 0.000000
vt 0.862858 0.818505 0.000000
vt 0.924619 0.991079 0.000000
vt 0.874106 0.991079 0.000000
vt 0.936798 0.818505 0.000000
vt 0.985926 0.818505 0.000000
vt 0.822695 0.991079 0.000000
vt 0.874106 0.991079 0.000000
vt 0.988220 0.130969 0.000000
vt 0.982517 0.120476 0.000000
vt 0.992744 0.116271 0.000000
vt 0.983220 0.143669 0.000000
vt 0.638191 0.111995 0.000000
vt 0.578193 0.092842 0.000000
vt 0.617407 0.128393 0.000000
vt 0.617407 0.094304 0.000000
vt 0.731533 0.298298 0.000000
vt 0.465696 0.207399 0.000000
vt 0.482367 0.196117 0.000000
vt 0.438706 0.153040 0.000000
vt 0.799714 0.330508 0.000000
vt 0.449887 0.144710 0.000000
vt 0.548757 0.433227 0.000000
vt 0.520680 0.420568 0.000000
vt 0.580711 0.431597 0.000000
vt 0.564171 0.398853 0.000000
vt 0.540063 0.295953 0.000000
vt 0.548233 0.237846 0.000000
vt 0.477346 0.263092 0.000000
vt 0.532915 0.165253 0.000000
vt 0.557961 0.114155 0.000000
vt 0.519963 0.096524 0.000000
vt 0.531740 0.078570 0.000000
vt 0.617407 0.389389 0.000000
vt 0.545918 0.362082 0.000000
vt 0.482450 0.127097 0.000000
vt 0.498619 0.401374 0.000000
vt 0.477346 0.317688 0.000000
vt 0.486669 0.379713 0.000000
vt 0.536353 0.328050 0.000000
vt 0.617407 0.238298 0.000000
vt 0.617407 0.189139 0.000000
vt 0.686935 0.461988 0.000000
vt 0.781332 0.206033 0.000000
vt 0.827805 0.155744 0.000000
vt 0.772062 0.171948 0.000000
vt 0.716663 0.155744 0.000000
vt 0.717384 0.184739 0.000000
vt 0.848243 0.207579 0.000000
vt 0.786875 0.238648 0.000000
vt 0.776246 0.321413 0.000000
vt 0.768493 0.377324 0.000000
vt 0.716530 0.455937 0.000000
vt 0.717145 0.492948 0.000000
vt 0.686843 0.492948 0.000000
vt 0.665745 0.492948 0.000000
vt 0.717544 0.375114 0.000000
vt 0.691286 0.422456 0.000000
vt 0.617407 0.424154 0.000000
vt 0.823326 0.140597 0.000000
vt 0.770731 0.155744 0.000000
vt 0.617407 0.285935 0.000000
vt 0.638191 0.453324 0.000000
vt 0.860913 0.128045 0.000000
vt 0.835584 0.125108 0.000000
vt 0.834017 0.115229 0.000000
vt 0.811522 0.118932 0.000000
vt 0.819284 0.098177 0.000000
vt 0.918363 0.108853 0.000000
vt 0.939720 0.139097 0.000000
vt 0.924234 0.137470 0.000000
vt 0.802913 0.098813 0.000000
vt 0.891490 0.126537 0.000000
vt 0.766440 0.119109 0.000000
vt 0.766440 0.102881 0.000000
vt 0.781255 0.099993 0.000000
vt 0.860321 0.071065 0.000000
vt 0.795351 0.122082 0.000000
vt 0.780175 0.120487 0.000000
vt 0.815093 0.124157 0.000000
vt 0.777343 0.088451 0.000000
vt 0.836127 0.095895 0.000000
vt 0.757039 0.113955 0.000000
vt 0.979640 0.106025 0.000000
vt 0.772970 0.016194 0.000000
vt 0.797754 0.009007 0.000000
vt 0.617407 0.336569 0.000000
vt 0.638191 0.466901 0.000000
vt 0.639948 0.469256 0.000000
vt 0.308275 0.521628 0.000000
vt 0.270229 0.543807 0.000000
vt 0.264831 0.502233 0.000000
vt 0.499401 0.560873 0.000000
vt 0.487845 0.554963 0.000000
vt 0.401147 0.478528 0.000000
vt 0.439122 0.520981 0.000000
vt 0.409094 0.537942 0.000000
vt 0.319613 0.465459 0.000000
vt 0.363111 0.528052 0.000000
vt 0.416911 0.436485 0.000000
vt 0.395307 0.441999 0.000000
vt 0.426305 0.468399 0.000000
vt 0.238021 0.426507 0.000000
vt 0.214267 0.470578 0.000000
vt 0.413371 0.416463 0.000000
vt 0.388270 0.417718 0.000000
vt 0.441597 0.409694 0.000000
vt 0.471665 0.399067 0.000000
vt 0.456050 0.548230 0.000000
vt 0.362803 0.480280 0.000000
vt 0.755837 0.849884 0.000000
vt 0.719896 0.847855 0.000000
vt 0.729820 0.831981 0.000000
vt 0.737068 0.815385 0.000000
vt 0.722347 0.887547 0.000000
vt 0.752025 0.873676 0.000000
vt 0.816326 0.857745 0.000000
vt 0.794641 0.815966 0.000000
vt 0.779793 0.852914 0.000000
vt 0.647929 0.902707 0.000000
vt 0.649972 0.856164 0.000000
vt 0.628506 0.881499 0.000000
vt 0.765270 0.828240 0.000000
vt 0.755055 0.810244 0.000000
vt 0.773627 0.939210 0.000000
vt 0.799227 0.936619 0.000000
vt 0.806104 0.894293 0.000000
vt 0.788433 0.972186 0.000000
vt 0.724780 0.978499 0.000000
vt 0.721402 0.954452 0.000000
vt 0.692045 0.949727 0.000000
vt 0.759532 0.880134 0.000000
vt 0.754566 0.964944 0.000000
vt 0.783373 0.811374 0.000000
vt 0.775613 0.831481 0.000000
vt 0.770972 0.847588 0.000000
vt 0.714246 0.897495 0.000000
vt 0.684925 0.873287 0.000000
vt 0.676252 0.881446 0.000000
vt 0.739994 0.891301 0.000000
vt 0.750509 0.950742 0.000000
vt 0.693152 0.908279 0.000000
vt 0.759416 0.987764 0.000000
vt 0.740641 0.899433 0.000000
vt 0.669556 0.925390 0.000000
vt 0.673603 0.860392 0.000000
vt 0.658614 0.845708 0.000000
vt 0.979351 0.706097 0.000000
vt 0.935253 0.712533 0.000000
vt 0.979351 0.666741 0.000000
vt 0.823710 0.609435 0.000000
vt 0.823710 0.593632 0.000000
vt 0.865987 0.593632 0.000000
vt 0.865987 0.609433 0.000000
vt 0.865987 0.593632 0.000000
vt 0.913006 0.609433 0.000000
vt 0.946120 0.609433 0.000000
vt 0.942894 0.645110 0.000000
vt 0.811911 0.783478 0.000000
vt 0.801875 0.795748 0.000000
vt 0.801875 0.788905 0.000000
vt 0.811911 0.783478 0.000000
vt 0.979351 0.724011 0.000000
vt 0.935253 0.730454 0.000000
vt 0.891077 0.730454 0.000000
vt 0.842241 0.730454 0.000000
vt 0.891077 0.712533 0.000000
vt 0.842241 0.712533 0.000000
vt 0.891077 0.730454 0.000000
vt 0.891077 0.712533 0.000000
vt 0.935253 0.712533 0.000000
vt 0.939668 0.681241 0.000000
vt 0.946120 0.609433 0.000000
vt 0.942894 0.645110 0.000000
vt 0.979351 0.645110 0.000000
vt 0.979351 0.730454 0.000000
vt 0.935253 0.730454 0.000000
vt 0.842241 0.712533 0.000000
vt 0.848685 0.681241 0.000000
vt 0.913006 0.609433 0.000000
vt 0.905079 0.645110 0.000000
vt 0.865987 0.609433 0.000000
vt 0.913006 0.593632 0.000000
vt 0.946120 0.593632 0.000000
vt 0.979351 0.593632 0.000000
vt 0.913006 0.577630 0.000000
vt 0.913006 0.593632 0.000000
vt 0.946120 0.593632 0.000000
vt 0.979351 0.577630 0.000000
vt 0.946120 0.577630 0.000000
vt 0.801875 0.700208 0.000000
vt 0.806122 0.681241 0.000000
vt 0.939668 0.681241 0.000000
vt 0.897153 0.681241 0.000000
vt 0.897153 0.681241 0.000000
vt 0.857611 0.645110 0.000000
vt 0.848685 0.681241 0.000000
vt 0.816082 0.645110 0.000000
vt 0.905079 0.645110 0.000000
vt 0.857611 0.645110 0.000000
vt 0.979351 0.609433 0.000000
vt 0.823710 0.577630 0.000000
vt 0.865987 0.577630 0.000000
vt 0.865987 0.577630 0.000000
vt 0.913006 0.577630 0.000000
vt 0.832939 0.755782 0.000000
vt 0.824620 0.753216 0.000000
vt 0.801875 0.746778 0.000000
vt 0.824620 0.753216 0.000000
vt 0.832939 0.755782 0.000000
vt 0.852709 0.818092 0.000000
vt 0.841739 0.803038 0.000000
vt 0.826691 0.818092 0.000000
vt 0.826691 0.799059 0.000000
vt 0.841739 0.803038 0.000000
vt 0.841590 0.778757 0.000000
vt 0.841590 0.778757 0.000000
vt 0.814262 0.791121 0.000000
vt 0.814262 0.791121 0.000000
vt 0.842241 0.730454 0.000000
vt 0.852709 0.818092 0.000000
vt 0.836229 0.772464 0.000000
vt 0.711124 0.871409 0.000000
vt 0.824096 0.826510 0.000000
vt 0.946120 0.577630 0.000000
vt 0.203800 0.031155 0.000000
vt 0.261415 0.029126 0.000000
vt 0.260258 0.015164 0.000000
vt 0.204908 0.015165 0.000000
vt 0.308035 0.015164 0.000000
vt 0.309056 0.026795 0.000000
vt 0.343152 0.048549 0.000000
vt 0.305948 0.055953 0.000000
vt 0.312907 0.096115 0.000000
vt 0.350780 0.080148 0.000000
vt 0.985926 0.938073 0.000000
vt 0.985926 0.991079 0.000000
vt 0.924619 0.978350 0.000000
vt 0.928491 0.944221 0.000000
vt 0.819857 0.286173 0.000000
vt 0.805993 0.284195 0.000000
vt 0.858651 0.243816 0.000000
vt 0.863506 0.255798 0.000000
vt 0.920263 0.122704 0.000000
vt 0.935796 0.133308 0.000000
vt 0.939717 0.131547 0.000000
vt 0.935118 0.116254 0.000000
vt 0.950396 0.129030 0.000000
vt 0.952992 0.140492 0.000000
vt 0.968542 0.142127 0.000000
vt 0.965212 0.129374 0.000000
vt 0.931513 0.066906 0.000000
vt 0.938030 0.084147 0.000000
vt 0.955427 0.077893 0.000000
vt 0.946504 0.060532 0.000000
vt 0.968973 0.116665 0.000000
vt 0.951907 0.108577 0.000000
vt 0.885719 0.043959 0.000000
vt 0.888276 0.068842 0.000000
vt 0.912040 0.068148 0.000000
vt 0.913657 0.042755 0.000000
vt 0.882161 0.012973 0.000000
vt 0.921005 0.009580 0.000000
vt 0.830895 0.051302 0.000000
vt 0.772970 0.051302 0.000000
vt 0.772970 0.071195 0.000000
vt 0.830759 0.071355 0.000000
vt 0.927251 0.043587 0.000000
vt 0.927251 0.019732 0.000000
vt 0.939310 0.038708 0.000000
vt 0.938180 0.018858 0.000000
vt 0.855332 0.015068 0.000000
vt 0.856669 0.047566 0.000000
vt 0.846149 0.073066 0.000000
vt 0.843938 0.051302 0.000000
vt 0.829002 0.031099 0.000000
vt 0.837367 0.028729 0.000000
vt 0.889445 0.090062 0.000000
vt 0.860316 0.093419 0.000000
vt 0.858809 0.114705 0.000000
vt 0.890675 0.111614 0.000000
vt 0.942608 0.097529 0.000000
vt 0.964594 0.090707 0.000000
vt 0.772970 0.028196 0.000000
vt 0.680251 0.233846 0.000000
vt 0.675079 0.191993 0.000000
vt 0.670657 0.363644 0.000000
vt 0.664412 0.400536 0.000000
vt 0.915097 0.087997 0.000000
vt 0.679684 0.268654 0.000000
vt 0.678667 0.290313 0.000000
vt 0.584330 0.453439 0.000000
vt 0.590646 0.483478 0.000000
vt 0.566487 0.488992 0.000000
vt 0.552979 0.461566 0.000000
vt 0.656567 0.475817 0.000000
vt 0.646479 0.483712 0.000000
vt 0.644517 0.475302 0.000000
vt 0.648115 0.463545 0.000000
vt 0.654683 0.492948 0.000000
vt 0.646479 0.492948 0.000000
vt 0.660031 0.430681 0.000000
vt 0.728169 0.233217 0.000000
vt 0.732337 0.271318 0.000000
vt 0.675842 0.319756 0.000000
vt 0.736987 0.451082 0.000000
vt 0.719482 0.407658 0.000000
vt 0.747595 0.400319 0.000000
vt 0.760911 0.446965 0.000000
vt 0.748009 0.492948 0.000000
vt 0.771772 0.492948 0.000000
vt 0.654971 0.119926 0.000000
vt 0.680354 0.136639 0.000000
vt 0.676133 0.150533 0.000000
vt 0.220494 0.529739 0.000000
vt 0.244506 0.554617 0.000000
vt 0.252145 0.529774 0.000000
vt 0.190480 0.507168 0.000000
vt 0.527864 0.522353 0.000000
vt 0.501099 0.540733 0.000000
vt 0.480994 0.415457 0.000000
vt 0.448234 0.433022 0.000000
vt 0.458640 0.455871 0.000000
vt 0.493488 0.438849 0.000000
vt 0.491208 0.534561 0.000000
vt 0.512982 0.480899 0.000000
vt 0.476408 0.501597 0.000000
vt 0.464210 0.371050 0.000000
vt 0.433624 0.371050 0.000000
vt 0.435881 0.387106 0.000000
vt 0.464210 0.379827 0.000000
vt 0.353476 0.392814 0.000000
vt 0.382283 0.392773 0.000000
vt 0.378841 0.371050 0.000000
vt 0.350426 0.371050 0.000000
vt 0.408530 0.391178 0.000000
vt 0.406525 0.371050 0.000000
vt 0.288156 0.371050 0.000000
vt 0.265320 0.371050 0.000000
vt 0.265320 0.382674 0.000000
vt 0.284788 0.388530 0.000000
vt 0.260832 0.394532 0.000000
vt 0.251361 0.408761 0.000000
vt 0.288383 0.445742 0.000000
vt 0.297320 0.418021 0.000000
vt 0.323549 0.440061 0.000000
vt 0.359124 0.443956 0.000000
vt 0.357292 0.416739 0.000000
vt 0.324102 0.418078 0.000000
vt 0.305265 0.395448 0.000000
vt 0.310750 0.371050 0.000000
vt 0.332149 0.371050 0.000000
vt 0.327840 0.396246 0.000000
vt 0.924619 0.978350 0.000000
vt 0.928491 0.944221 0.000000
vt 0.729342 0.323216 0.000000
vt 0.095131 0.144044 0.000000
vt 0.096995 0.111572 0.000000
vt 0.069933 0.101927 0.000000
vt 0.258158 0.135895 0.000000
vt 0.278710 0.165024 0.000000
vt 0.293714 0.126559 0.000000
vt 0.224684 0.125028 0.000000
vt 0.245496 0.164560 0.000000
vt 0.183357 0.131565 0.000000
vt 0.220040 0.159669 0.000000
vt 0.184461 0.191953 0.000000
vt 0.182127 0.160993 0.000000
vt 0.133250 0.174923 0.000000
vt 0.134411 0.144553 0.000000
vt 0.142286 0.072198 0.000000
vt 0.138471 0.104560 0.000000
vt 0.188899 0.094030 0.000000
vt 0.236936 0.068360 0.000000
vt 0.186786 0.055198 0.000000
vt 0.150055 0.034561 0.000000
vt 0.100066 0.076279 0.000000
vt 0.102586 0.042711 0.000000
vt 0.070879 0.065159 0.000000
vt 0.079811 0.033590 0.000000
vt 0.057037 0.024470 0.000000
vt 0.041693 0.054040 0.000000
vt 0.270936 0.063003 0.000000
vt 0.233836 0.102104 0.000000
vt 0.271689 0.109483 0.000000
vt 0.297911 0.097009 0.000000
vt 0.338516 0.021669 0.000000
vt 0.104483 0.015165 0.000000
vt 0.151095 0.015165 0.000000
vt 0.337147 0.015164 0.000000
vt 0.028619 0.085512 0.000000
vt 0.228813 0.194964 0.000000
vt 0.272664 0.188788 0.000000
vt 0.936798 0.858977 0.000000
vt 0.897042 0.833673 0.000000
vt 0.936798 0.833673 0.000000
vt 0.891690 0.858977 0.000000
vt 0.891690 0.858977 0.000000
vt 0.862858 0.833673 0.000000
vt 0.852138 0.858977 0.000000
vt 0.897042 0.833673 0.000000
vt 0.879321 0.911870 0.000000
vt 0.822695 0.948319 0.000000
vt 0.876066 0.955228 0.000000
vt 0.936798 0.858977 0.000000
vt 0.877833 0.939868 0.000000
vt 0.985926 0.858977 0.000000
vt 0.936798 0.833673 0.000000
vt 0.985926 0.833673 0.000000
vt 0.874106 0.978350 0.000000
vt 0.924619 0.991079 0.000000
vt 0.825793 0.904490 0.000000
vt 0.822695 0.978350 0.000000
vt 0.874106 0.978350 0.000000
vt 0.897042 0.818505 0.000000
vt 0.936798 0.818505 0.000000
vt 0.897042 0.818505 0.000000
vt 0.862858 0.818505 0.000000
vt 0.924619 0.991079 0.000000
vt 0.874106 0.991079 0.000000
vt 0.936798 0.818505 0.000000
vt 0.985926 0.818505 0.000000
vt 0.822695 0.991079 0.000000
vt 0.874106 0.991079 0.000000
vt 0.988220 0.130969 0.000000
vt 0.992744 0.116271 0.000000
vt 0.982517 0.120476 0.000000
vt 0.983220 0.143669 0.000000
vt 0.578193 0.092842 0.000000
vt 0.731533 0.298298 0.000000
vt 0.465696 0.207399 0.000000
vt 0.438706 0.153040 0.000000
vt 0.482367 0.196117 0.000000
vt 0.799714 0.330508 0.000000
vt 0.449887 0.144710 0.000000
vt 0.548757 0.433227 0.000000
vt 0.520680 0.420568 0.000000
vt 0.564171 0.398853 0.000000
vt 0.580711 0.431597 0.000000
vt 0.540063 0.295953 0.000000
vt 0.477346 0.263092 0.000000
vt 0.548233 0.237846 0.000000
vt 0.532915 0.165253 0.000000
vt 0.519964 0.096621 0.000000
vt 0.557961 0.114155 0.000000
vt 0.531692 0.078923 0.000000
vt 0.545918 0.362082 0.000000
vt 0.482107 0.127381 0.000000
vt 0.498619 0.401374 0.000000
vt 0.477346 0.317688 0.000000
vt 0.486669 0.379713 0.000000
vt 0.536353 0.328050 0.000000
vt 0.686935 0.461988 0.000000
vt 0.781332 0.206033 0.000000
vt 0.772076 0.171924 0.000000
vt 0.827873 0.155744 0.000000
vt 0.716663 0.155744 0.000000
vt 0.717413 0.184726 0.000000
vt 0.848243 0.207579 0.000000
vt 0.786879 0.238594 0.000000
vt 0.768493 0.377324 0.000000
vt 0.776246 0.321413 0.000000
vt 0.716530 0.455937 0.000000
vt 0.717145 0.492948 0.000000
vt 0.686843 0.492948 0.000000
vt 0.665745 0.492948 0.000000
vt 0.717544 0.375114 0.000000
vt 0.691286 0.422456 0.000000
vt 0.823326 0.140597 0.000000
vt 0.770624 0.155744 0.000000
vt 0.860913 0.128045 0.000000
vt 0.834017 0.115229 0.000000
vt 0.835584 0.125108 0.000000
vt 0.811522 0.118932 0.000000
vt 0.819284 0.098177 0.000000
vt 0.918363 0.108853 0.000000
vt 0.939720 0.139097 0.000000
vt 0.924234 0.137470 0.000000
vt 0.802913 0.098813 0.000000
vt 0.891490 0.126537 0.000000
vt 0.766440 0.119109 0.000000
vt 0.781255 0.099993 0.000000
vt 0.766440 0.102881 0.000000
vt 0.860321 0.071065 0.000000
vt 0.795351 0.122082 0.000000
vt 0.780175 0.120487 0.000000
vt 0.815093 0.124157 0.000000
vt 0.777343 0.088451 0.000000
vt 0.836127 0.095895 0.000000
vt 0.757039 0.113955 0.000000
vt 0.979640 0.106025 0.000000
vt 0.797754 0.009007 0.000000
vt 0.772970 0.016194 0.000000
vt 0.639948 0.469256 0.000000
vt 0.270229 0.543807 0.000000
vt 0.308275 0.521628 0.000000
vt 0.264831 0.502233 0.000000
vt 0.487845 0.554963 0.000000
vt 0.401147 0.478528 0.000000
vt 0.409094 0.537942 0.000000
vt 0.439122 0.520981 0.000000
vt 0.319613 0.465459 0.000000
vt 0.363111 0.528052 0.000000
vt 0.416911 0.436485 0.000000
vt 0.395307 0.441999 0.000000
vt 0.426305 0.468399 0.000000
vt 0.238021 0.426507 0.000000
vt 0.214267 0.470578 0.000000
vt 0.413371 0.416463 0.000000
vt 0.388270 0.417718 0.000000
vt 0.441597 0.409694 0.000000
vt 0.471665 0.399067 0.000000
vt 0.456050 0.548230 0.000000
vt 0.362803 0.480280 0.000000
vt 0.755837 0.849884 0.000000
vt 0.729820 0.831981 0.000000
vt 0.719896 0.847855 0.000000
vt 0.737068 0.815385 0.000000
vt 0.722347 0.887547 0.000000
vt 0.752025 0.873676 0.000000
vt 0.816326 0.857745 0.000000
vt 0.779793 0.852914 0.000000
vt 0.794641 0.815966 0.000000
vt 0.647929 0.902707 0.000000
vt 0.628506 0.881499 0.000000
vt 0.649972 0.856164 0.000000
vt 0.765270 0.828240 0.000000
vt 0.755055 0.810244 0.000000
vt 0.773627 0.939210 0.000000
vt 0.806104 0.894293 0.000000
vt 0.799227 0.936619 0.000000
vt 0.788433 0.972186 0.000000
vt 0.724780 0.978499 0.000000
vt 0.692045 0.949727 0.000000
vt 0.721402 0.954452 0.000000
vt 0.759532 0.880134 0.000000
vt 0.754566 0.964944 0.000000
vt 0.775613 0.831481 0.000000
vt 0.783373 0.811374 0.000000
vt 0.770972 0.847588 0.000000
vt 0.714246 0.897495 0.000000
vt 0.676252 0.881446 0.000000
vt 0.684925 0.873287 0.000000
vt 0.739994 0.891301 0.000000
vt 0.750509 0.950742 0.000000
vt 0.693152 0.908279 0.000000
vt 0.759416 0.987764 0.000000
vt 0.740641 0.899433 0.000000
vt 0.669556 0.925390 0.000000
vt 0.673603 0.860392 0.000000
vt 0.658614 0.845708 0.000000
vt 0.979351 0.706097 0.000000
vt 0.979351 0.666741 0.000000
vt 0.935253 0.712533 0.000000
vt 0.823710 0.609435 0.000000
vt 0.865987 0.593632 0.000000
vt 0.823710 0.593632 0.000000
vt 0.865987 0.593632 0.000000
vt 0.865987 0.609433 0.000000
vt 0.913006 0.609433 0.000000
vt 0.942894 0.645110 0.000000
vt 0.946120 0.609433 0.000000
vt 0.811911 0.783478 0.000000
vt 0.801875 0.788905 0.000000
vt 0.801875 0.795748 0.000000
vt 0.811911 0.783478 0.000000
vt 0.979351 0.724011 0.000000
vt 0.935253 0.730454 0.000000
vt 0.891077 0.730454 0.000000
vt 0.842241 0.730454 0.000000
vt 0.891077 0.712533 0.000000
vt 0.842241 0.712533 0.000000
vt 0.891077 0.712533 0.000000
vt 0.891077 0.730454 0.000000
vt 0.935253 0.712533 0.000000
vt 0.939668 0.681241 0.000000
vt 0.946120 0.609433 0.000000
vt 0.979351 0.645110 0.000000
vt 0.942894 0.645110 0.000000
vt 0.979351 0.730454 0.000000
vt 0.935253 0.730454 0.000000
vt 0.842241 0.712533 0.000000
vt 0.848685 0.681241 0.000000
vt 0.913006 0.609433 0.000000
vt 0.905079 0.645110 0.000000
vt 0.865987 0.609433 0.000000
vt 0.913006 0.593632 0.000000
vt 0.979351 0.593632 0.000000
vt 0.946120 0.593632 0.000000
vt 0.913006 0.577630 0.000000
vt 0.946120 0.593632 0.000000
vt 0.913006 0.593632 0.000000
vt 0.979351 0.577630 0.000000
vt 0.946120 0.577630 0.000000
vt 0.806122 0.681241 0.000000
vt 0.801875 0.700208 0.000000
vt 0.939668 0.681241 0.000000
vt 0.897153 0.681241 0.000000
vt 0.897153 0.681241 0.000000
vt 0.857611 0.645110 0.000000
vt 0.848685 0.681241 0.000000
vt 0.816082 0.645110 0.000000
vt 0.905079 0.645110 0.000000
vt 0.857611 0.645110 0.000000
vt 0.979351 0.609433 0.000000
vt 0.823710 0.577630 0.000000
vt 0.865987 0.577630 0.000000
vt 0.865987 0.577630 0.000000
vt 0.913006 0.577630 0.000000
vt 0.832939 0.755782 0.000000
vt 0.824620 0.753216 0.000000
vt 0.824620 0.753216 0.000000
vt 0.801875 0.746778 0.000000
vt 0.832939 0.755782 0.000000
vt 0.852709 0.818092 0.000000
vt 0.826691 0.818092 0.000000
vt 0.841739 0.803038 0.000000
vt 0.841739 0.803038 0.000000
vt 0.826691 0.799059 0.000000
vt 0.841590 0.778757 0.000000
vt 0.841590 0.778757 0.000000
vt 0.814262 0.791121 0.000000
vt 0.814262 0.791121 0.000000
vt 0.842241 0.730454 0.000000
vt 0.852709 0.818092 0.000000
vt 0.836229 0.772464 0.000000
vt 0.711124 0.871409 0.000000
vt 0.824096 0.826510 0.000000
vt 0.946120 0.577630 0.000000
vt 0.722967 0.017467 0.000000
vt 0.728526 0.065228 0.000000
vt 0.721686 0.065228 0.000000
vt 0.707039 0.017467 0.000000
vt 0.737775 0.017467 0.000000
vt 0.737775 0.065228 0.000000
vt 0.754742 0.017467 0.000000
vt 0.747392 0.065228 0.000000
vt 0.737775 0.113426 0.000000
vt 0.722967 0.017467 0.000000
vt 0.728526 0.065228 0.000000
vt 0.737775 0.017467 0.000000
vt 0.737775 0.065228 0.000000
vt 0.970640 0.745047 0.000000
vt 0.951848 0.749298 0.000000
vt 0.951848 0.786431 0.000000
vt 0.970640 0.792283 0.000000
vt 0.933757 0.749298 0.000000
vt 0.933757 0.786431 0.000000
vt 0.915666 0.749298 0.000000
vt 0.915666 0.786431 0.000000
vt 0.897574 0.749298 0.000000
vt 0.897574 0.786431 0.000000
vt 0.879483 0.749298 0.000000
vt 0.879483 0.786431 0.000000
vt 0.861391 0.749298 0.000000
vt 0.861391 0.786431 0.000000
vt 0.628770 0.535560 0.000000
vt 0.628770 0.502889 0.000000
vt 0.590969 0.502889 0.000000
vt 0.590929 0.535560 0.000000
vt 0.666849 0.535560 0.000000
vt 0.666849 0.502889 0.000000
vt 0.704928 0.535560 0.000000
vt 0.704928 0.502889 0.000000
vt 0.743006 0.535560 0.000000
vt 0.743006 0.502889 0.000000
vt 0.781084 0.535560 0.000000
vt 0.781084 0.502889 0.000000
vt 0.819289 0.535560 0.000000
vt 0.819289 0.502889 0.000000
vt 0.628770 0.568260 0.000000
vt 0.628770 0.535560 0.000000
vt 0.590692 0.568260 0.000000
vt 0.666849 0.568260 0.000000
vt 0.666849 0.535560 0.000000
vt 0.704928 0.568260 0.000000
vt 0.704928 0.535560 0.000000
vt 0.743006 0.568260 0.000000
vt 0.743006 0.535560 0.000000
vt 0.781084 0.568260 0.000000
vt 0.781084 0.535560 0.000000
vt 0.819289 0.568260 0.000000
vt 0.819289 0.535560 0.000000
vt 0.988031 0.767865 0.000000
vt 0.843300 0.767865 0.000000
vt 0.552614 0.519374 0.000000
vt 0.572418 0.529116 0.000000
vt 0.838202 0.527207 0.000000
vt 0.552614 0.552108 0.000000
vt 0.571653 0.559940 0.000000
vt 0.590692 0.535560 0.000000
vt 0.837417 0.561968 0.000000
vt 0.970640 0.745047 0.000000
vt 0.951848 0.749298 0.000000
vt 0.951848 0.786431 0.000000
vt 0.970640 0.792283 0.000000
vt 0.933757 0.749298 0.000000
vt 0.933757 0.786431 0.000000
vt 0.915666 0.749298 0.000000
vt 0.915666 0.786431 0.000000
vt 0.897574 0.749298 0.000000
vt 0.897574 0.786431 0.000000
vt 0.879483 0.749298 0.000000
vt 0.879483 0.786431 0.000000
vt 0.861391 0.749298 0.000000
vt 0.861391 0.786431 0.000000
vt 0.590969 0.502889 0.000000
vt 0.590929 0.535560 0.000000
vt 0.628770 0.535560 0.000000
vt 0.628770 0.502889 0.000000
vt 0.666849 0.535560 0.000000
vt 0.666849 0.502889 0.000000
vt 0.704928 0.535560 0.000000
vt 0.704928 0.502889 0.000000
vt 0.743006 0.535560 0.000000
vt 0.743006 0.502889 0.000000
vt 0.781084 0.535560 0.000000
vt 0.781084 0.502889 0.000000
vt 0.819289 0.535560 0.000000
vt 0.819289 0.502889 0.000000
vt 0.628770 0.568260 0.000000
vt 0.628770 0.535560 0.000000
vt 0.590692 0.568260 0.000000
vt 0.666849 0.568260 0.000000
vt 0.666849 0.535560 0.000000
vt 0.704928 0.568260 0.000000
vt 0.704928 0.535560 0.000000
vt 0.743006 0.568260 0.000000
vt 0.743006 0.535560 0.000000
vt 0.781084 0.568260 0.000000
vt 0.781084 0.535560 0.000000
vt 0.819289 0.568260 0.000000
vt 0.819289 0.535560 0.000000
vt 0.988031 0.767865 0.000000
vt 0.843300 0.767865 0.000000
vt 0.552614 0.519374 0.000000
vt 0.572418 0.529116 0.000000
vt 0.838202 0.527207 0.000000
vt 0.552614 0.552108 0.000000
vt 0.571653 0.559940 0.000000
vt 0.590692 0.535560 0.000000
vt 0.837417 0.561968 0.000000
vt 0.857241 0.552108 0.000000
vt 0.857241 0.519374 0.000000
vt 0.857241 0.552108 0.000000
vt 0.857241 0.519374 0.000000
vt 0.595662 0.945085 0.000000
vt 0.595662 0.899226 0.000000
vt 0.568310 0.899226 0.000000
vt 0.568310 0.945085 0.000000
vt 0.595662 0.854781 0.000000
vt 0.568310 0.854781 0.000000
vt 0.595662 0.814181 0.000000
vt 0.568310 0.814181 0.000000
vt 0.624475 0.945085 0.000000
vt 0.595662 0.945085 0.000000
vt 0.595662 0.899226 0.000000
vt 0.624475 0.899226 0.000000
vt 0.595662 0.854781 0.000000
vt 0.624475 0.854781 0.000000
vt 0.595662 0.814181 0.000000
vt 0.624475 0.814181 0.000000
vt 0.568310 0.899226 0.000000
vt 0.568310 0.945085 0.000000
vt 0.595662 0.945085 0.000000
vt 0.595662 0.899226 0.000000
vt 0.568310 0.854781 0.000000
vt 0.595662 0.854781 0.000000
vt 0.568310 0.814181 0.000000
vt 0.595662 0.814181 0.000000
vt 0.595662 0.899226 0.000000
vt 0.624475 0.899226 0.000000
vt 0.624475 0.945085 0.000000
vt 0.595662 0.945085 0.000000
vt 0.595662 0.854781 0.000000
vt 0.624475 0.854781 0.000000
vt 0.595662 0.814181 0.000000
vt 0.624475 0.814181 0.000000
vt 0.609563 0.662066 0.000000
vt 0.694786 0.846587 0.000000
vt 0.694786 0.722364 0.000000
vt 0.661889 0.662066 0.000000
vt 0.775724 0.662066 0.000000
vt 0.716029 0.589411 0.000000
vt 0.694786 0.620047 0.000000
vt 0.727933 0.662066 0.000000
vt 0.675262 0.589412 0.000000
vt 0.609563 0.662066 0.000000
vt 0.694786 0.846587 0.000000
vt 0.694786 0.722364 0.000000
vt 0.661889 0.662066 0.000000
vt 0.775724 0.662066 0.000000
vt 0.716029 0.589411 0.000000
vt 0.694786 0.620047 0.000000
vt 0.727933 0.662066 0.000000
vt 0.675262 0.589412 0.000000
vt 0.609563 0.662066 0.000000
vt 0.694786 0.846587 0.000000
vt 0.694786 0.722364 0.000000
vt 0.661889 0.662066 0.000000
vt 0.775724 0.662066 0.000000
vt 0.716029 0.589411 0.000000
vt 0.694786 0.620047 0.000000
vt 0.727933 0.662066 0.000000
vt 0.675262 0.589412 0.000000
vt 0.609563 0.662066 0.000000
vt 0.694786 0.846587 0.000000
vt 0.694786 0.722364 0.000000
vt 0.661889 0.662066 0.000000
vt 0.775724 0.662066 0.000000
vt 0.716029 0.589411 0.000000
vt 0.694786 0.620047 0.000000
vt 0.727933 0.662066 0.000000
vt 0.675262 0.589412 0.000000
vt 0.694786 0.662066 0.000000
vt 0.694786 0.589411 0.000000
vt 0.694786 0.662066 0.000000
vt 0.694786 0.589411 0.000000
vt 0.694786 0.662066 0.000000
vt 0.694786 0.589411 0.000000
vt 0.694786 0.662066 0.000000
vt 0.694786 0.589411 0.000000
vt 0.970640 0.745047 0.000000
vt 0.951848 0.749298 0.000000
vt 0.951848 0.786431 0.000000
vt 0.970640 0.792283 0.000000
vt 0.933757 0.749298 0.000000
vt 0.933757 0.786431 0.000000
vt 0.915666 0.749298 0.000000
vt 0.915666 0.786431 0.000000
vt 0.897574 0.749298 0.000000
vt 0.897574 0.786431 0.000000
vt 0.879483 0.749298 0.000000
vt 0.879483 0.786431 0.000000
vt 0.861391 0.749298 0.000000
vt 0.861391 0.786431 0.000000
vt 0.628770 0.535560 0.000000
vt 0.628770 0.502889 0.000000
vt 0.590969 0.502889 0.000000
vt 0.590929 0.535560 0.000000
vt 0.666849 0.535560 0.000000
vt 0.666849 0.502889 0.000000
vt 0.704928 0.535560 0.000000
vt 0.704928 0.502889 0.000000
vt 0.743006 0.535560 0.000000
vt 0.743006 0.502889 0.000000
vt 0.781084 0.535560 0.000000
vt 0.781084 0.502889 0.000000
vt 0.819289 0.535560 0.000000
vt 0.819289 0.502889 0.000000
vt 0.628770 0.568260 0.000000
vt 0.628770 0.535560 0.000000
vt 0.590692 0.535560 0.000000
vt 0.590692 0.568260 0.000000
vt 0.666849 0.568260 0.000000
vt 0.666849 0.535560 0.000000
vt 0.704928 0.568260 0.000000
vt 0.704928 0.535560 0.000000
vt 0.743006 0.568260 0.000000
vt 0.743006 0.535560 0.000000
vt 0.781084 0.568260 0.000000
vt 0.781084 0.535560 0.000000
vt 0.819289 0.568260 0.000000
vt 0.819289 0.535560 0.000000
vt 0.988031 0.767865 0.000000
vt 0.843300 0.767865 0.000000
vt 0.552614 0.519374 0.000000
vt 0.572418 0.529116 0.000000
vt 0.838202 0.527207 0.000000
vt 0.552614 0.552108 0.000000
vt 0.571653 0.559940 0.000000
vt 0.837417 0.561968 0.000000
vt 0.857241 0.552108 0.000000
vt 0.857241 0.519374 0.000000
vt 0.970640 0.745047 0.000000
vt 0.970640 0.792283 0.000000
vt 0.951848 0.786431 0.000000
vt 0.951848 0.749298 0.000000
vt 0.933757 0.786431 0.000000
vt 0.933757 0.749298 0.000000
vt 0.915666 0.786431 0.000000
vt 0.915666 0.749298 0.000000
vt 0.897574 0.786431 0.000000
vt 0.897574 0.749298 0.000000
vt 0.879483 0.786431 0.000000
vt 0.879483 0.749298 0.000000
vt 0.861391 0.786431 0.000000
vt 0.861391 0.749298 0.000000
vt 0.628770 0.535560 0.000000
vt 0.590929 0.535560 0.000000
vt 0.590969 0.502889 0.000000
vt 0.628770 0.502889 0.000000
vt 0.666849 0.502889 0.000000
vt 0.666849 0.535560 0.000000
vt 0.704928 0.502889 0.000000
vt 0.704928 0.535560 0.000000
vt 0.743006 0.502889 0.000000
vt 0.743006 0.535560 0.000000
vt 0.781084 0.502889 0.000000
vt 0.781084 0.535560 0.000000
vt 0.819289 0.535560 0.000000
vt 0.819289 0.502889 0.000000
vt 0.628770 0.568260 0.000000
vt 0.590692 0.568260 0.000000
vt 0.628770 0.535560 0.000000
vt 0.666849 0.535560 0.000000
vt 0.666849 0.568260 0.000000
vt 0.704928 0.535560 0.000000
vt 0.704928 0.568260 0.000000
vt 0.743006 0.535560 0.000000
vt 0.743006 0.568260 0.000000
vt 0.781084 0.535560 0.000000
vt 0.781084 0.568260 0.000000
vt 0.819289 0.535560 0.000000
vt 0.819289 0.568260 0.000000
vt 0.988031 0.767865 0.000000
vt 0.843300 0.767865 0.000000
vt 0.552614 0.519374 0.000000
vt 0.572418 0.529116 0.000000
vt 0.838202 0.527207 0.000000
vt 0.552614 0.552108 0.000000
vt 0.590692 0.535560 0.000000
vt 0.571653 0.559940 0.000000
vt 0.837417 0.561968 0.000000
vt 0.970640 0.745047 0.000000
vt 0.970640 0.792283 0.000000
vt 0.951848 0.786431 0.000000
vt 0.951848 0.749298 0.000000
vt 0.933757 0.786431 0.000000
vt 0.933757 0.749298 0.000000
vt 0.915666 0.786431 0.000000
vt 0.915666 0.749298 0.000000
vt 0.897574 0.786431 0.000000
vt 0.897574 0.749298 0.000000
vt 0.879483 0.786431 0.000000
vt 0.879483 0.749298 0.000000
vt 0.861391 0.786431 0.000000
vt 0.861391 0.749298 0.000000
vt 0.590969 0.502889 0.000000
vt 0.628770 0.502889 0.000000
vt 0.628770 0.535560 0.000000
vt 0.590929 0.535560 0.000000
vt 0.666849 0.502889 0.000000
vt 0.666849 0.535560 0.000000
vt 0.704928 0.502889 0.000000
vt 0.704928 0.535560 0.000000
vt 0.743006 0.502889 0.000000
vt 0.743006 0.535560 0.000000
vt 0.781084 0.502889 0.000000
vt 0.781084 0.535560 0.000000
vt 0.819289 0.535560 0.000000
vt 0.819289 0.502889 0.000000
vt 0.628770 0.568260 0.000000
vt 0.590692 0.568260 0.000000
vt 0.628770 0.535560 0.000000
vt 0.666849 0.535560 0.000000
vt 0.666849 0.568260 0.000000
vt 0.704928 0.535560 0.000000
vt 0.704928 0.568260 0.000000
vt 0.743006 0.535560 0.000000
vt 0.743006 0.568260 0.000000
vt 0.781084 0.535560 0.000000
vt 0.781084 0.568260 0.000000
vt 0.819289 0.535560 0.000000
vt 0.819289 0.568260 0.000000
vt 0.988031 0.767865 0.000000
vt 0.843300 0.767865 0.000000
vt 0.552614 0.519374 0.000000
vt 0.572418 0.529116 0.000000
vt 0.838202 0.527207 0.000000
vt 0.552614 0.552108 0.000000
vt 0.590692 0.535560 0.000000
vt 0.571653 0.559940 0.000000
vt 0.857241 0.552108 0.000000
vt 0.837417 0.561968 0.000000
vt 0.857241 0.519374 0.000000
vt 0.857241 0.552108 0.000000
vt 0.857241 0.519374 0.000000
vt 0.595662 0.945085 0.000000
vt 0.568310 0.945085 0.000000
vt 0.568310 0.899226 0.000000
vt 0.595662 0.899226 0.000000
vt 0.568310 0.854781 0.000000
vt 0.595662 0.854781 0.000000
vt 0.568310 0.814181 0.000000
vt 0.595662 0.814181 0.000000
vt 0.624475 0.945085 0.000000
vt 0.624475 0.899226 0.000000
vt 0.595662 0.899226 0.000000
vt 0.595662 0.945085 0.000000
vt 0.624475 0.854781 0.000000
vt 0.595662 0.854781 0.000000
vt 0.624475 0.814181 0.000000
vt 0.595662 0.814181 0.000000
vt 0.568310 0.899226 0.000000
vt 0.595662 0.899226 0.000000
vt 0.595662 0.945085 0.000000
vt 0.568310 0.945085 0.000000
vt 0.568310 0.854781 0.000000
vt 0.595662 0.854781 0.000000
vt 0.568310 0.814181 0.000000
vt 0.595662 0.814181 0.000000
vt 0.595662 0.899226 0.000000
vt 0.595662 0.945085 0.000000
vt 0.624475 0.945085 0.000000
vt 0.624475 0.899226 0.000000
vt 0.595662 0.854781 0.000000
vt 0.624475 0.854781 0.000000
vt 0.595662 0.814181 0.000000
vt 0.624475 0.814181 0.000000
vt 0.609563 0.662066 0.000000
vt 0.661889 0.662066 0.000000
vt 0.694786 0.722364 0.000000
vt 0.694786 0.846587 0.000000
vt 0.775724 0.662066 0.000000
vt 0.727933 0.662066 0.000000
vt 0.694786 0.620047 0.000000
vt 0.716029 0.589411 0.000000
vt 0.675262 0.589412 0.000000
vt 0.609563 0.662066 0.000000
vt 0.661889 0.662066 0.000000
vt 0.694786 0.722364 0.000000
vt 0.694786 0.846587 0.000000
vt 0.775724 0.662066 0.000000
vt 0.727933 0.662066 0.000000
vt 0.694786 0.620047 0.000000
vt 0.716029 0.589411 0.000000
vt 0.675262 0.589412 0.000000
vt 0.609563 0.662066 0.000000
vt 0.661889 0.662066 0.000000
vt 0.694786 0.722364 0.000000
vt 0.694786 0.846587 0.000000
vt 0.775724 0.662066 0.000000
vt 0.727933 0.662066 0.000000
vt 0.694786 0.620047 0.000000
vt 0.716029 0.589411 0.000000
vt 0.675262 0.589412 0.000000
vt 0.609563 0.662066 0.000000
vt 0.661889 0.662066 0.000000
vt 0.694786 0.722364 0.000000
vt 0.694786 0.846587 0.000000
vt 0.775724 0.662066 0.000000
vt 0.727933 0.662066 0.000000
vt 0.694786 0.620047 0.000000
vt 0.716029 0.589411 0.000000
vt 0.675262 0.589412 0.000000
vt 0.694786 0.662066 0.000000
vt 0.694786 0.589411 0.000000
vt 0.694786 0.662066 0.000000
vt 0.694786 0.589411 0.000000
vt 0.694786 0.662066 0.000000
vt 0.694786 0.589411 0.000000
vt 0.694786 0.662066 0.000000
vt 0.694786 0.589411 0.000000
vt 0.970640 0.745047 0.000000
vt 0.970640 0.792283 0.000000
vt 0.951848 0.786431 0.000000
vt 0.951848 0.749298 0.000000
vt 0.933757 0.786431 0.000000
vt 0.933757 0.749298 0.000000
vt 0.915666 0.786431 0.000000
vt 0.915666 0.749298 0.000000
vt 0.897574 0.786431 0.000000
vt 0.897574 0.749298 0.000000
vt 0.879483 0.786431 0.000000
vt 0.879483 0.749298 0.000000
vt 0.861391 0.786431 0.000000
vt 0.861391 0.749298 0.000000
vt 0.628770 0.535560 0.000000
vt 0.590929 0.535560 0.000000
vt 0.590969 0.502889 0.000000
vt 0.628770 0.502889 0.000000
vt 0.666849 0.502889 0.000000
vt 0.666849 0.535560 0.000000
vt 0.704928 0.502889 0.000000
vt 0.704928 0.535560 0.000000
vt 0.743006 0.502889 0.000000
vt 0.743006 0.535560 0.000000
vt 0.781084 0.502889 0.000000
vt 0.781084 0.535560 0.000000
vt 0.819289 0.502889 0.000000
vt 0.819289 0.535560 0.000000
vt 0.628770 0.568260 0.000000
vt 0.590692 0.568260 0.000000
vt 0.590692 0.535560 0.000000
vt 0.628770 0.535560 0.000000
vt 0.666849 0.535560 0.000000
vt 0.666849 0.568260 0.000000
vt 0.704928 0.535560 0.000000
vt 0.704928 0.568260 0.000000
vt 0.743006 0.535560 0.000000
vt 0.743006 0.568260 0.000000
vt 0.781084 0.535560 0.000000
vt 0.781084 0.568260 0.000000
vt 0.819289 0.535560 0.000000
vt 0.819289 0.568260 0.000000
vt 0.988031 0.767865 0.000000
vt 0.843300 0.767865 0.000000
vt 0.552614 0.519374 0.000000
vt 0.572418 0.529116 0.000000
vt 0.838202 0.527207 0.000000
vt 0.552614 0.552108 0.000000
vt 0.571653 0.559940 0.000000
vt 0.837417 0.561968 0.000000
vt 0.857241 0.552108 0.000000
vt 0.857241 0.519374 0.000000
vt 0.609563 0.662066 0.000000
vt 0.661889 0.662066 0.000000
vt 0.694786 0.722364 0.000000
vt 0.694786 0.846587 0.000000
vt 0.775724 0.662066 0.000000
vt 0.727933 0.662066 0.000000
vt 0.694786 0.620047 0.000000
vt 0.716074 0.589411 0.000000
vt 0.675262 0.589412 0.000000
vt 0.609563 0.662066 0.000000
vt 0.661889 0.662066 0.000000
vt 0.694786 0.722364 0.000000
vt 0.694786 0.846587 0.000000
vt 0.775724 0.662066 0.000000
vt 0.727933 0.662066 0.000000
vt 0.694786 0.620047 0.000000
vt 0.715941 0.589411 0.000000
vt 0.675262 0.589412 0.000000
vt 0.694786 0.662066 0.000000
vt 0.694786 0.589411 0.000000
vt 0.694786 0.662066 0.000000
vt 0.694786 0.589411 0.000000
vt 0.656567 0.953452 0.000000
vt 0.664569 0.953452 0.000000
vt 0.664569 0.962319 0.000000
vt 0.656567 0.962319 0.000000
vt 0.664569 0.971754 0.000000
vt 0.656567 0.971754 0.000000
vt 0.664569 0.981055 0.000000
vt 0.656567 0.981055 0.000000
vt 0.664569 0.971754 0.000000
vt 0.656567 0.971754 0.000000
vt 0.664569 0.962319 0.000000
vt 0.656567 0.962319 0.000000
vt 0.513340 0.953452 0.000000
vt 0.656567 0.953452 0.000000
vt 0.656567 0.962319 0.000000
vt 0.513392 0.962319 0.000000
vt 0.656567 0.971754 0.000000
vt 0.513392 0.971754 0.000000
vt 0.656567 0.981055 0.000000
vt 0.513385 0.981055 0.000000
vt 0.656567 0.971754 0.000000
vt 0.513385 0.971754 0.000000
vt 0.656567 0.962319 0.000000
vt 0.513389 0.962319 0.000000
vt 0.960984 0.465300 0.000000
vt 0.963585 0.496176 0.000000
vt 0.956457 0.496176 0.000000
vt 0.949297 0.462544 0.000000
vt 0.989038 0.442003 0.000000
vt 0.989038 0.430124 0.000000
vt 0.961065 0.465300 0.000000
vt 0.949377 0.462544 0.000000
vt 0.956457 0.496176 0.000000
vt 0.963585 0.496176 0.000000
vt 0.960984 0.465300 0.000000
vt 0.963585 0.496176 0.000000
vt 0.989038 0.442003 0.000000
vt 0.961065 0.465300 0.000000
vt 0.963585 0.496176 0.000000
vt 0.898451 0.553414 0.000000
vt 0.919207 0.553414 0.000000
vt 0.932805 0.558012 0.000000
vt 0.874129 0.558012 0.000000
vt 0.898451 0.493302 0.000000
vt 0.886702 0.507748 0.000000
vt 0.910560 0.417524 0.000000
vt 0.902642 0.446583 0.000000
vt 0.876923 0.465737 0.000000
vt 0.897180 0.416025 0.000000
vt 0.903082 0.387913 0.000000
vt 0.884607 0.397820 0.000000
vt 0.903082 0.362684 0.000000
vt 0.881114 0.370513 0.000000
vt 0.891160 0.331271 0.000000
vt 0.858761 0.344606 0.000000
vt 0.891160 0.298340 0.000000
vt 0.872170 0.298340 0.000000
vt 0.891160 0.238335 0.000000
vt 0.872170 0.238335 0.000000
vt 0.868908 0.179698 0.000000
vt 0.855269 0.157659 0.000000
vt 0.933328 0.316096 0.000000
vt 0.946474 0.331271 0.000000
vt 0.935182 0.387913 0.000000
vt 0.930203 0.375044 0.000000
vt 0.983178 0.334092 0.000000
vt 0.962912 0.349373 0.000000
vt 0.966426 0.331271 0.000000
vt 0.983178 0.323775 0.000000
vt 0.930203 0.357878 0.000000
vt 0.966426 0.318983 0.000000
vt 0.980812 0.316397 0.000000
vt 0.961051 0.400806 0.000000
vt 0.940512 0.395574 0.000000
vt 0.962647 0.397214 0.000000
vt 0.959177 0.407721 0.000000
vt 0.920509 0.417238 0.000000
vt 0.931763 0.403571 0.000000
vt 0.898451 0.553414 0.000000
vt 0.874129 0.558012 0.000000
vt 0.932805 0.558012 0.000000
vt 0.919207 0.553414 0.000000
vt 0.898451 0.493302 0.000000
vt 0.886702 0.507748 0.000000
vt 0.910560 0.417524 0.000000
vt 0.897180 0.416025 0.000000
vt 0.876923 0.465737 0.000000
vt 0.902642 0.446583 0.000000
vt 0.903082 0.387913 0.000000
vt 0.884607 0.397820 0.000000
vt 0.903082 0.362684 0.000000
vt 0.881114 0.370513 0.000000
vt 0.891160 0.331271 0.000000
vt 0.858761 0.344606 0.000000
vt 0.891160 0.298340 0.000000
vt 0.872170 0.298340 0.000000
vt 0.891160 0.238335 0.000000
vt 0.872170 0.238335 0.000000
vt 0.868908 0.179698 0.000000
vt 0.855269 0.157659 0.000000
vt 0.933328 0.316096 0.000000
vt 0.946474 0.331271 0.000000
vt 0.935182 0.387913 0.000000
vt 0.930203 0.375044 0.000000
vt 0.983178 0.334092 0.000000
vt 0.983178 0.323775 0.000000
vt 0.966426 0.331271 0.000000
vt 0.962912 0.349373 0.000000
vt 0.930203 0.357878 0.000000
vt 0.980812 0.316397 0.000000
vt 0.966426 0.318983 0.000000
vt 0.961051 0.400806 0.000000
vt 0.962544 0.396898 0.000000
vt 0.940512 0.395574 0.000000
vt 0.931763 0.403571 0.000000
vt 0.920509 0.417238 0.000000
vt 0.959177 0.407721 0.000000
vt 0.685528 0.967089 0.000000
vt 0.989038 0.453478 0.000000
vt 0.972754 0.465300 0.000000
vt 0.972754 0.509527 0.000000
vt 0.972754 0.465300 0.000000
vt 0.972754 0.509527 0.000000
vt 0.939700 0.459584 0.000000
vt 0.920367 0.459565 0.000000
vt 0.920509 0.450348 0.000000
vt 0.908502 0.461578 0.000000
vt 0.905280 0.475822 0.000000
vt 0.930100 0.257232 0.000000
vt 0.906824 0.222883 0.000000
vt 0.930100 0.281152 0.000000
vt 0.919207 0.517851 0.000000
vt 0.995575 0.311205 0.000000
vt 0.974137 0.398982 0.000000
vt 0.917369 0.468111 0.000000
vt 0.962509 0.396793 0.000000
vt 0.939700 0.459584 0.000000
vt 0.920509 0.450348 0.000000
vt 0.920367 0.459565 0.000000
vt 0.905280 0.475822 0.000000
vt 0.908502 0.461578 0.000000
vt 0.930100 0.257232 0.000000
vt 0.906824 0.222883 0.000000
vt 0.930100 0.281152 0.000000
vt 0.917369 0.496539 0.000000
vt 0.919207 0.517851 0.000000
vt 0.995575 0.311205 0.000000
vt 0.974137 0.398982 0.000000
vt 0.917369 0.468111 0.000000
vt 0.060396 0.015165 0.000000
usemtl Material_1
f 1/1 2/2 3/3
f 3/3 4/4 1/1
f 5/5 1/1 4/4
f 4/4 6/6 5/5
f 7/7 5/5 6/6
f 6/6 8/8 7/7
f 8/8 6/6 9/9
f 10/10 11/11 3/3
f 3/3 2/2 10/10
f 12/12 13/13 11/11
f 11/11 10/10 12/12
f 7/7 8/8 13/13
f 13/13 12/12 7/7
f 9/9 13/13 8/8
f 4/4 3/3 9/9
f 6/6 4/4 9/9
f 11/11 9/9 3/3
f 13/13 9/9 11/11
f 14/14 15/15 16/16
f 16/16 17/17 14/14
f 18/18 19/19 15/15
f 15/15 14/14 18/18
f 20/20 21/21 16/16
f 19/19 20/20 15/15
f 17/17 16/16 21/21
f 21/21 22/22 17/17
f 23/23 24/24 25/25
f 25/25 26/26 23/23
f 18/18 23/23 26/26
f 26/26 19/19 18/18
f 21/21 20/20 25/25
f 20/20 19/19 26/26
f 24/24 22/22 21/21
f 21/21 25/25 24/24
f 27/27 28/28 29/29
f 29/29 30/30 27/27
f 31/31 32/32 28/28
f 28/28 27/27 31/31
f 33/33 34/34 29/29
f 32/32 33/33 28/28
f 30/30 29/29 34/34
f 34/34 35/35 30/30
f 36/36 37/37 38/38
f 38/38 39/39 36/36
f 31/31 36/36 39/39
f 39/39 32/32 31/31
f 34/34 33/33 38/38
f 33/33 32/32 39/39
f 37/37 35/35 34/34
f 34/34 38/38 37/37
f 15/15 20/20 16/16
f 26/26 25/25 20/20
f 28/28 33/33 29/29
f 39/39 38/38 33/33
f 40/40 41/41 42/42
f 43/43 44/44 45/45
f 45/45 44/44 46/46
f 47/47 48/48 49/49
f 49/49 50/50 51/51
f 52/52 53/53 54/54
f 55/55 53/53 52/52
f 48/48 56/56 57/57
f 57/57 56/56 50/50
f 58/58 59/59 60/60
f 61/61 62/62 63/63
f 63/63 62/62 64/64
f 65/65 66/66 67/67
f 67/67 68/68 69/69
f 70/70 71/71 72/72
f 66/66 73/73 74/74
f 74/74 73/73 68/68
f 75/75 76/76 77/77
f 78/78 79/79 80/80
f 80/80 79/79 81/81
f 82/82 83/83 84/84
f 84/84 85/85 86/86
f 76/76 87/87 77/77
f 88/88 87/87 89/89
f 83/83 90/90 91/91
f 91/91 90/90 85/85
f 41/41 92/92 93/93
f 48/48 57/57 49/49
f 49/49 57/57 50/50
f 70/70 94/94 71/71
f 66/66 74/74 67/67
f 67/67 74/74 68/68
f 89/89 95/95 88/88
f 83/83 91/91 84/84
f 84/84 91/91 85/85
f 71/71 96/96 72/72
f 97/97 98/98 99/99
f 100/100 101/101 102/102
f 101/101 103/103 102/102
f 104/104 105/105 106/106
f 105/105 107/107 108/108
f 109/109 110/110 111/111
f 112/112 109/109 111/111
f 106/106 113/113 114/114
f 113/113 108/108 114/114
f 115/115 116/116 117/117
f 118/118 119/119 120/120
f 119/119 121/121 120/120
f 122/122 123/123 124/124
f 123/123 125/125 126/126
f 127/127 128/128 129/129
f 124/124 130/130 131/131
f 130/130 126/126 131/131
f 132/132 133/133 134/134
f 135/135 136/136 137/137
f 136/136 138/138 137/137
f 139/139 140/140 141/141
f 140/140 142/142 143/143
f 134/134 133/133 144/144
f 145/145 146/146 144/144
f 141/141 147/147 148/148
f 147/147 143/143 148/148
f 99/99 149/149 150/150
f 106/106 105/105 113/113
f 105/105 108/108 113/113
f 127/127 129/129 151/151
f 124/124 123/123 130/130
f 123/123 126/126 130/130
f 146/146 145/145 152/152
f 141/141 140/140 147/147
f 140/140 143/143 147/147
f 129/129 128/128 153/153
f 154/154 155/155 156/156
f 156/156 157/157 154/154
f 158/158 159/159 157/157
f 157/157 156/156 158/158
f 160/160 161/161 162/162
f 162/162 163/163 160/160
f 164/164 165/165 166/166
f 166/166 167/167 164/164
f 168/168 169/169 170/170
f 170/170 171/171 168/168
f 172/172 173/173 174/174
f 174/174 175/175 172/172
f 176/176 177/177 178/178
f 178/178 179/179 176/176
f 180/180 181/181 182/182
f 182/182 183/183 180/180
f 176/176 184/184 185/185
f 185/185 177/177 176/176
f 186/186 187/187 188/188
f 188/188 189/189 186/186
f 190/190 191/191 187/187
f 187/187 186/186 190/190
f 192/192 193/193 194/194
f 194/194 195/195 192/192
f 191/191 196/196 197/197
f 197/197 187/187 191/191
f 196/196 198/198 199/199
f 199/199 197/197 196/196
f 197/197 199/199 181/181
f 181/181 180/180 197/197
f 200/200 190/190 186/186
f 186/186 201/201 200/200
f 192/192 202/202 203/203
f 203/203 193/193 192/192
f 204/204 205/205 202/202
f 202/202 192/192 204/204
f 205/205 200/200 201/201
f 201/201 202/202 205/205
f 206/206 207/207 208/208
f 208/208 209/209 206/206
f 183/183 182/182 210/210
f 210/210 211/211 183/183
f 204/204 192/192 195/195
f 195/195 212/212 204/204
f 213/213 214/214 215/215
f 215/215 216/216 213/213
f 217/217 218/218 219/219
f 219/219 220/220 217/217
f 188/188 221/221 206/206
f 206/206 189/189 188/188
f 222/222 223/223 224/224
f 224/224 225/225 222/222
f 226/226 227/227 228/228
f 228/228 229/229 226/226
f 226/226 229/229 230/230
f 230/230 231/231 226/226
f 232/232 233/233 234/234
f 234/234 235/235 232/232
f 236/236 232/232 235/235
f 235/235 237/237 236/236
f 220/220 219/219 238/238
f 238/238 239/239 220/220
f 216/216 222/222 225/225
f 225/225 213/213 216/216
f 225/225 240/240 241/241
f 241/241 213/213 225/225
f 217/217 242/242 243/243
f 243/243 218/218 217/217
f 244/244 245/245 246/246
f 246/246 247/247 244/244
f 248/248 249/249 245/245
f 245/245 244/244 248/248
f 250/250 251/251 252/252
f 252/252 253/253 250/250
f 254/254 255/255 256/256
f 256/256 257/257 254/254
f 258/258 259/259 254/254
f 254/254 260/260 258/258
f 261/261 262/262 263/263
f 263/263 264/264 261/261
f 265/265 266/266 267/267
f 267/267 268/268 265/265
f 269/269 270/270 271/271
f 271/271 264/264 269/269
f 272/272 273/273 274/274
f 274/274 275/275 272/272
f 276/276 277/277 278/278
f 278/278 279/279 276/276
f 280/280 281/281 275/275
f 275/275 274/274 280/280
f 280/280 279/279 278/278
f 278/278 281/281 280/280
f 282/282 283/283 284/284
f 284/284 285/285 282/282
f 286/286 287/287 288/288
f 288/288 289/289 286/286
f 290/290 291/291 292/292
f 292/292 293/293 290/290
f 294/294 283/283 282/282
f 282/282 295/295 294/294
f 296/296 297/297 294/294
f 294/294 295/295 296/296
f 277/277 276/276 297/297
f 297/297 296/296 277/277
f 288/288 287/287 291/291
f 291/291 290/290 288/288
f 298/298 299/299 164/164
f 164/164 167/167 298/298
f 242/242 217/217 300/300
f 301/301 302/302 303/303
f 304/304 305/305 306/306
f 307/307 304/304 308/308
f 307/307 309/309 310/310
f 311/311 312/312 313/313
f 312/312 301/301 314/314
f 315/315 316/316 317/317
f 318/318 316/316 319/319
f 315/315 320/320 319/319
f 321/321 322/322 315/315
f 323/323 324/324 325/325
f 325/325 326/326 323/323
f 157/157 327/327 318/318
f 328/328 329/329 304/304
f 330/330 327/327 163/163
f 327/327 157/157 163/163
f 159/159 331/331 163/163
f 318/318 319/319 154/154
f 332/332 324/324 333/333
f 154/154 320/320 155/155
f 334/334 320/320 332/332
f 331/331 159/159 335/335
f 317/317 316/316 310/310
f 304/304 307/307 328/328
f 315/315 317/317 303/303
f 326/326 302/302 336/336
f 154/154 157/157 318/318
f 316/316 328/328 307/307
f 328/328 318/318 329/329
f 317/317 310/310 314/314
f 301/301 303/303 317/317
f 331/331 160/160 163/163
f 335/335 159/159 158/158
f 320/320 334/334 155/155
f 310/310 313/313 314/314
f 319/319 320/320 154/154
f 315/315 322/322 320/320
f 311/311 309/309 337/337
f 313/313 312/312 314/314
f 163/163 157/157 159/159
f 319/319 316/316 315/315
f 162/162 305/305 330/330
f 162/162 330/330 163/163
f 330/330 305/305 329/329
f 330/330 329/329 327/327
f 321/321 302/302 325/325
f 305/305 304/304 329/329
f 337/337 308/308 338/338
f 306/306 308/308 304/304
f 309/309 313/313 310/310
f 309/309 308/308 337/337
f 310/310 316/316 307/307
f 338/338 308/308 306/306
f 308/308 309/309 307/307
f 321/321 303/303 302/302
f 321/321 315/315 303/303
f 313/313 309/309 311/311
f 332/332 320/320 322/322
f 329/329 318/318 327/327
f 328/328 316/316 318/318
f 339/339 340/340 341/341
f 339/339 341/341 342/342
f 343/343 344/344 345/345
f 343/343 345/345 346/346
f 347/347 348/348 349/349
f 350/350 164/164 299/299
f 351/351 165/165 339/339
f 352/352 340/340 339/339
f 353/353 354/354 352/352
f 342/342 341/341 344/344
f 350/350 343/343 353/353
f 166/166 351/351 355/355
f 347/347 299/299 348/348
f 298/298 167/167 356/356
f 349/349 355/355 351/351
f 351/351 166/166 165/165
f 339/339 342/342 351/351
f 164/164 352/352 339/339
f 342/342 357/357 351/351
f 343/343 346/346 353/353
f 341/341 345/345 344/344
f 165/165 164/164 339/339
f 352/352 164/164 350/350
f 344/344 343/343 357/357
f 357/357 342/342 344/344
f 350/350 299/299 347/347
f 343/343 350/350 347/347
f 343/343 347/347 357/357
f 351/351 357/357 349/349
f 357/357 347/347 349/349
f 358/358 355/355 349/349
f 354/354 340/340 352/352
f 359/359 358/358 348/348
f 348/348 298/298 359/359
f 348/348 358/358 349/349
f 299/299 298/298 348/348
f 360/360 341/341 340/340
f 360/360 340/340 361/361
f 362/362 346/346 345/345
f 362/362 345/345 363/363
f 364/364 166/166 355/355
f 364/364 355/355 365/365
f 366/366 353/353 346/346
f 366/366 346/346 362/362
f 363/363 345/345 341/341
f 363/363 341/341 360/360
f 367/367 354/354 353/353
f 367/367 353/353 366/366
f 365/365 355/355 358/358
f 365/365 358/358 368/368
f 361/361 340/340 354/354
f 361/361 354/354 367/367
f 368/368 358/358 359/359
f 368/368 359/359 369/369
f 369/369 359/359 298/298
f 369/369 298/298 356/356
f 350/350 353/353 352/352
f 177/177 370/370 178/178
f 177/177 185/185 370/370
f 370/370 371/371 372/372
f 178/178 370/370 373/373
f 370/370 185/185 371/371
f 251/251 250/250 374/374
f 242/242 300/300 224/224
f 375/375 376/376 377/377
f 240/240 225/225 378/378
f 379/379 380/380 381/381
f 168/168 171/171 382/382
f 381/381 380/380 383/383
f 384/384 227/227 226/226
f 385/385 386/386 387/387
f 388/388 389/389 390/390
f 391/391 392/392 393/393
f 394/394 392/392 375/375
f 395/395 396/396 387/387
f 380/380 397/397 383/383
f 398/398 387/387 396/396
f 388/388 390/390 399/399
f 389/389 391/391 380/380
f 400/400 401/401 399/399
f 380/380 391/391 397/397
f 402/402 403/403 389/389
f 390/390 389/389 380/380
f 232/232 404/404 239/239
f 232/232 239/239 233/233
f 405/405 406/406 407/407
f 408/408 409/409 407/407
f 410/410 405/405 411/411
f 382/382 412/412 413/413
f 414/414 415/415 244/244
f 214/214 251/251 215/215
f 225/225 224/224 378/378
f 409/409 252/252 214/214
f 415/415 404/404 416/416
f 171/171 170/170 411/411
f 247/247 414/414 244/244
f 404/404 417/417 416/416
f 248/248 244/244 415/415
f 170/170 410/410 411/411
f 406/406 405/405 410/410
f 171/171 240/240 412/412
f 392/392 403/403 376/376
f 376/376 375/375 392/392
f 240/240 411/411 241/241
f 300/300 418/418 413/413
f 419/419 239/239 404/404
f 224/224 300/300 378/378
f 411/411 240/240 171/171
f 232/232 417/417 404/404
f 387/387 398/398 385/385
f 395/395 387/387 420/420
f 214/214 241/241 409/409
f 409/409 241/241 405/405
f 241/241 411/411 405/405
f 409/409 405/405 407/407
f 421/421 422/422 406/406
f 388/388 423/423 389/389
f 213/213 241/241 214/214
f 422/422 408/408 407/407
f 239/239 238/238 424/424
f 391/391 403/403 392/392
f 397/397 391/391 393/393
f 412/412 382/382 171/171
f 393/393 392/392 394/394
f 406/406 422/422 407/407
f 389/389 403/403 391/391
f 386/386 420/420 387/387
f 386/386 226/226 231/231
f 384/384 386/386 385/385
f 386/386 384/384 226/226
f 420/420 386/386 231/231
f 408/408 252/252 409/409
f 252/252 251/251 214/214
f 425/425 426/426 427/427
f 428/428 429/429 427/427
f 207/207 221/221 430/430
f 431/431 432/432 175/175
f 429/429 428/428 433/433
f 172/172 434/434 430/430
f 434/434 425/425 207/207
f 430/430 211/211 173/173
f 435/435 436/436 437/437
f 431/431 174/174 176/176
f 174/174 173/173 176/176
f 184/184 173/173 211/211
f 206/206 209/209 438/438
f 439/439 440/440 437/437
f 439/439 428/428 441/441
f 426/426 441/441 427/427
f 175/175 174/174 431/431
f 437/437 442/442 433/433
f 433/433 439/439 437/437
f 193/193 443/443 429/429
f 188/188 197/197 180/180
f 187/187 197/197 188/188
f 184/184 211/211 210/210
f 210/210 185/185 184/184
f 428/428 439/439 433/433
f 193/193 433/433 194/194
f 203/203 443/443 193/193
f 427/427 429/429 443/443
f 208/208 425/425 427/427
f 430/430 434/434 207/207
f 179/179 431/431 176/176
f 173/173 184/184 176/176
f 427/427 441/441 428/428
f 180/180 183/183 188/188
f 427/427 443/443 208/208
f 206/206 221/221 207/207
f 201/201 189/189 438/438
f 203/203 202/202 438/438
f 202/202 201/201 438/438
f 186/186 189/189 201/201
f 189/189 206/206 438/438
f 203/203 209/209 443/443
f 443/443 209/209 208/208
f 438/438 209/209 203/203
f 207/207 425/425 208/208
f 430/430 173/173 172/172
f 188/188 183/183 221/221
f 433/433 442/442 194/194
f 183/183 430/430 221/221
f 211/211 430/430 183/183
f 429/429 433/433 193/193
f 435/435 444/444 436/436
f 371/371 185/185 445/445
f 445/445 185/185 210/210
f 440/440 435/435 437/437
f 212/212 446/446 447/447
f 200/200 205/205 447/447
f 372/372 371/371 445/445
f 198/198 196/196 191/191
f 408/408 253/253 252/252
f 204/204 212/212 447/447
f 419/419 217/217 220/220
f 247/247 419/419 414/414
f 300/300 412/412 378/378
f 243/243 242/242 223/223
f 223/223 242/242 224/224
f 404/404 414/414 419/419
f 404/404 415/415 414/414
f 412/412 300/300 413/413
f 388/388 401/401 423/423
f 388/388 399/399 401/401
f 395/395 448/448 396/396
f 423/423 402/402 389/389
f 240/240 378/378 412/412
f 236/236 417/417 232/232
f 419/419 220/220 239/239
f 424/424 449/449 450/450
f 234/234 424/424 450/450
f 424/424 234/234 233/233
f 239/239 424/424 233/233
f 418/418 419/419 247/247
f 217/217 419/419 418/418
f 401/401 396/396 448/448
f 400/400 398/398 396/396
f 390/390 380/380 379/379
f 401/401 448/448 423/423
f 400/400 396/396 401/401
f 255/255 451/451 452/452
f 254/254 453/453 255/255
f 452/452 256/256 255/255
f 254/254 257/257 260/260
f 453/453 451/451 255/255
f 263/263 454/454 455/455
f 456/456 457/457 458/458
f 453/453 288/288 459/459
f 451/451 459/459 460/460
f 461/461 456/456 462/462
f 268/268 463/463 461/461
f 464/464 453/453 465/465
f 457/457 463/463 270/270
f 270/270 266/266 271/271
f 461/461 466/466 268/268
f 461/461 462/462 467/467
f 466/466 274/274 468/468
f 466/466 468/468 268/268
f 293/293 292/292 467/467
f 268/268 469/469 265/265
f 269/269 264/264 263/263
f 470/470 269/269 455/455
f 466/466 467/467 279/279
f 457/457 269/269 470/470
f 280/280 466/466 279/279
f 254/254 259/259 465/465
f 270/270 267/267 266/266
f 459/459 293/293 471/471
f 288/288 464/464 289/289
f 273/273 468/468 274/274
f 276/276 279/279 467/467
f 464/464 288/288 453/453
f 254/254 465/465 453/453
f 273/273 469/469 468/468
f 286/286 284/284 283/283
f 297/297 287/287 294/294
f 276/276 467/467 292/292
f 455/455 269/269 263/263
f 461/461 467/467 466/466
f 280/280 274/274 466/466
f 293/293 467/467 462/462
f 463/463 456/456 461/461
f 263/263 262/262 454/454
f 463/463 267/267 270/270
f 458/458 460/460 471/471
f 293/293 462/462 471/471
f 471/471 462/462 456/456
f 458/458 471/471 456/456
f 460/460 459/459 471/471
f 268/268 267/267 463/463
f 268/268 468/468 469/469
f 453/453 459/459 451/451
f 456/456 463/463 457/457
f 470/470 458/458 457/457
f 457/457 270/270 269/269
f 291/291 297/297 292/292
f 287/287 283/283 294/294
f 286/286 283/283 287/287
f 459/459 290/290 293/293
f 292/292 297/297 276/276
f 459/459 288/288 290/290
f 291/291 287/287 297/297
f 166/166 364/364 167/167
f 301/301 317/317 314/314
f 447/447 205/205 204/204
f 300/300 217/217 418/418
f 413/413 418/418 246/246
f 246/246 418/418 247/247
f 472/472 473/473 474/474
f 475/475 472/472 474/474
f 476/476 473/473 477/477
f 478/478 479/479 480/480
f 481/481 482/482 483/483
f 484/484 475/475 485/485
f 486/486 487/487 488/488
f 489/489 487/487 486/486
f 490/490 491/491 492/492
f 488/488 493/493 486/486
f 494/494 491/491 490/490
f 479/479 495/495 496/496
f 488/488 478/478 480/480
f 497/497 493/493 480/480
f 498/498 499/499 500/500
f 501/501 476/476 477/477
f 489/489 486/486 494/494
f 498/498 491/491 502/502
f 503/503 491/491 498/498
f 503/503 492/492 491/491
f 489/489 494/494 504/504
f 505/505 486/486 493/493
f 505/505 502/502 486/486
f 494/494 490/490 504/504
f 480/480 493/493 488/488
f 498/498 502/502 505/505
f 486/486 502/502 494/494
f 491/491 494/494 502/502
f 498/498 500/500 503/503
f 479/479 496/496 480/480
f 480/480 496/496 497/497
f 500/500 481/481 506/506
f 507/507 500/500 499/499
f 500/500 506/506 503/503
f 503/503 506/506 492/492
f 500/500 507/507 482/482
f 482/482 507/507 508/508
f 509/509 510/510 511/511
f 512/512 513/513 514/514
f 512/512 515/515 516/516
f 517/517 518/518 519/519
f 520/520 521/521 522/522
f 523/523 522/522 521/521
f 524/524 525/525 510/510
f 526/526 510/510 525/525
f 527/527 528/528 526/526
f 529/529 530/530 531/531
f 532/532 533/533 531/531
f 534/534 535/535 536/536
f 537/537 524/524 538/538
f 538/538 531/531 530/530
f 539/539 540/540 528/528
f 541/541 515/515 542/542
f 543/543 514/514 517/517
f 515/515 541/541 516/516
f 517/517 544/544 518/518
f 518/518 545/545 546/546
f 547/547 548/548 549/549
f 550/550 551/551 546/546
f 539/539 552/552 553/553
f 552/552 529/529 553/553
f 511/511 554/554 519/519
f 555/555 554/554 528/528
f 556/556 533/533 542/542
f 511/511 533/533 532/532
f 555/555 540/540 557/557
f 556/556 558/558 531/531
f 540/540 553/553 559/559
f 553/553 558/558 559/559
f 560/560 519/519 555/555
f 536/536 535/535 511/511
f 542/542 561/561 556/556
f 536/536 519/519 562/562
f 542/542 535/535 541/541
f 560/560 557/557 543/543
f 557/557 559/559 512/512
f 559/559 561/561 512/512
f 514/514 513/513 563/563
f 513/513 516/516 563/563
f 544/544 514/514 564/564
f 516/516 548/548 565/565
f 545/545 544/544 566/566
f 546/546 545/545 550/550
f 549/549 548/548 534/534
f 546/546 549/549 562/562
f 527/527 567/567 539/539
f 539/539 568/568 552/552
f 552/552 569/569 570/570
f 529/529 570/570 571/571
f 572/572 573/573 574/574
f 574/574 575/575 576/576
f 568/568 567/567 520/520
f 569/569 568/568 520/520
f 570/570 569/569 523/523
f 571/571 570/570 523/523
f 575/575 573/573 577/577
f 576/576 575/575 578/578
f 511/511 510/510 554/554
f 539/539 553/553 540/540
f 553/553 529/529 558/558
f 511/511 532/532 509/509
f 531/531 558/558 529/529
f 528/528 540/540 555/555
f 521/521 520/520 579/579
f 523/523 521/521 580/580
f 525/525 524/524 537/537
f 510/510 526/526 528/528
f 528/528 527/527 539/539
f 530/530 529/529 581/581
f 531/531 533/533 556/556
f 531/531 538/538 532/532
f 528/528 554/554 510/510
f 542/542 533/533 535/535
f 555/555 557/557 560/560
f 540/540 559/559 557/557
f 555/555 519/519 554/554
f 511/511 535/535 533/533
f 556/556 561/561 558/558
f 552/552 568/568 569/569
f 552/552 570/570 529/529
f 574/574 573/573 575/575
f 574/574 576/576 582/582
f 520/520 567/567 579/579
f 569/569 520/520 522/522
f 523/523 569/569 522/522
f 571/571 523/523 580/580
f 575/575 577/577 583/583
f 578/578 575/575 583/583
f 473/473 472/472 477/477
f 472/472 475/475 484/484
f 473/473 476/476 584/584
f 479/479 478/478 585/585
f 482/482 481/481 500/500
f 512/512 514/514 543/543
f 512/512 516/516 513/513
f 517/517 519/519 560/560
f 534/534 536/536 562/562
f 542/542 515/515 561/561
f 517/517 514/514 544/544
f 516/516 541/541 548/548
f 518/518 544/544 545/545
f 518/518 546/546 562/562
f 547/547 549/549 551/551
f 546/546 551/551 549/549
f 562/562 519/519 518/518
f 541/541 535/535 534/534
f 560/560 543/543 517/517
f 557/557 512/512 543/543
f 512/512 561/561 515/515
f 514/514 563/563 564/564
f 563/563 516/516 565/565
f 544/544 564/564 566/566
f 565/565 548/548 547/547
f 545/545 566/566 586/586
f 550/550 545/545 586/586
f 534/534 548/548 541/541
f 562/562 549/549 534/534
f 510/510 509/509 524/524
f 509/509 532/532 524/524
f 538/538 524/524 532/532
f 511/511 519/519 536/536
f 559/559 558/558 561/561
f 529/529 571/571 581/581
f 539/539 567/567 568/568
f 587/587 588/588 589/589
f 589/589 590/590 587/587
f 591/591 589/589 588/588
f 588/588 592/592 591/591
f 593/593 594/594 595/595
f 595/595 596/596 593/593
f 597/597 598/598 599/599
f 599/599 600/600 597/597
f 601/601 602/602 603/603
f 603/603 604/604 601/601
f 605/605 606/606 607/607
f 607/607 608/608 605/605
f 609/609 610/610 611/611
f 611/611 612/612 609/609
f 613/613 614/614 615/615
f 615/615 616/616 613/613
f 609/609 612/612 617/617
f 617/617 618/618 609/609
f 619/619 620/620 621/621
f 621/621 622/622 619/619
f 623/623 619/619 622/622
f 622/622 624/624 623/623
f 625/625 626/626 627/627
f 627/627 628/628 625/625
f 624/624 622/622 629/629
f 629/629 630/630 624/624
f 630/630 629/629 631/631
f 631/631 632/632 630/630
f 629/629 613/613 616/616
f 616/616 631/631 629/629
f 633/633 634/634 619/619
f 619/619 623/623 633/633
f 625/625 628/628 635/635
f 635/635 636/636 625/625
f 637/637 625/625 636/636
f 636/636 638/638 637/637
f 638/638 636/636 634/634
f 634/634 633/633 638/638
f 639/639 640/640 641/641
f 641/641 642/642 639/639
f 614/614 643/643 644/644
f 644/644 615/615 614/614
f 637/637 645/645 626/626
f 626/626 625/625 637/637
f 646/646 216/216 215/215
f 215/215 647/647 646/646
f 648/648 649/649 219/219
f 219/219 218/218 648/648
f 621/621 620/620 639/639
f 639/639 650/650 621/621
f 222/222 651/651 652/652
f 652/652 223/223 222/222
f 653/653 654/654 655/655
f 655/655 656/656 653/653
f 653/653 231/231 230/230
f 230/230 654/654 653/653
f 657/657 658/658 659/659
f 659/659 660/660 657/657
f 661/661 662/662 658/658
f 658/658 657/657 661/661
f 649/649 663/663 238/238
f 238/238 219/219 649/649
f 216/216 646/646 651/651
f 651/651 222/222 216/216
f 651/651 646/646 664/664
f 664/664 665/665 651/651
f 648/648 218/218 243/243
f 243/243 666/666 648/648
f 667/667 668/668 669/669
f 669/669 670/670 667/667
f 671/671 667/667 670/670
f 670/670 672/672 671/671
f 673/673 674/674 675/675
f 675/675 251/251 673/673
f 676/676 257/257 677/677
f 677/677 678/678 676/676
f 258/258 260/260 676/676
f 676/676 679/679 258/258
f 261/261 680/680 681/681
f 681/681 262/262 261/261
f 682/682 683/683 684/684
f 684/684 685/685 682/682
f 686/686 680/680 687/687
f 687/687 688/688 686/686
f 689/689 690/690 691/691
f 691/691 692/692 689/689
f 693/693 694/694 695/695
f 695/695 696/696 693/693
f 697/697 691/691 690/690
f 690/690 698/698 697/697
f 697/697 698/698 695/695
f 695/695 694/694 697/697
f 699/699 700/700 701/701
f 701/701 702/702 699/699
f 703/703 704/704 705/705
f 705/705 706/706 703/703
f 707/707 708/708 709/709
f 709/709 710/710 707/707
f 711/711 712/712 699/699
f 699/699 702/702 711/711
f 713/713 712/712 711/711
f 711/711 714/714 713/713
f 696/696 713/713 714/714
f 714/714 693/693 696/696
f 705/705 707/707 710/710
f 710/710 706/706 705/705
f 715/715 598/598 597/597
f 597/597 716/716 715/715
f 666/666 717/717 648/648
f 718/718 719/719 720/720
f 721/721 722/722 723/723
f 724/724 725/725 721/721
f 724/724 726/726 727/727
f 728/728 729/729 730/730
f 730/730 731/731 718/718
f 732/732 733/733 734/734
f 735/735 736/736 734/734
f 732/732 736/736 737/737
f 738/738 732/732 739/739
f 740/740 741/741 742/742
f 742/742 743/743 740/740
f 588/588 735/735 744/744
f 745/745 721/721 746/746
f 747/747 594/594 744/744
f 744/744 594/594 588/588
f 592/592 594/594 748/748
f 735/735 587/587 736/736
f 749/749 741/741 739/739
f 587/587 590/590 737/737
f 750/750 749/749 737/737
f 748/748 751/751 592/592
f 733/733 726/726 734/734
f 721/721 745/745 724/724
f 732/732 719/719 733/733
f 743/743 752/752 720/720
f 587/587 735/735 588/588
f 734/734 724/724 745/745
f 745/745 746/746 735/735
f 733/733 731/731 726/726
f 718/718 733/733 719/719
f 748/748 594/594 593/593
f 751/751 591/591 592/592
f 737/737 590/590 750/750
f 726/726 731/731 729/729
f 736/736 587/587 737/737
f 732/732 737/737 739/739
f 728/728 753/753 727/727
f 729/729 731/731 730/730
f 594/594 592/592 588/588
f 736/736 732/732 734/734
f 595/595 747/747 723/723
f 595/595 594/594 747/747
f 747/747 746/746 723/723
f 747/747 744/744 746/746
f 738/738 740/740 720/720
f 723/723 746/746 721/721
f 753/753 754/754 725/725
f 722/722 721/721 725/725
f 727/727 726/726 729/729
f 727/727 753/753 725/725
f 726/726 724/724 734/734
f 754/754 722/722 725/725
f 725/725 724/724 727/727
f 738/738 720/720 719/719
f 738/738 719/719 732/732
f 729/729 728/728 727/727
f 749/749 739/739 737/737
f 746/746 744/744 735/735
f 745/745 735/735 734/734
f 755/755 756/756 757/757
f 755/755 758/758 756/756
f 759/759 760/760 761/761
f 759/759 762/762 760/760
f 763/763 764/764 765/765
f 766/766 716/716 597/597
f 767/767 755/755 600/600
f 768/768 755/755 757/757
f 769/769 768/768 770/770
f 758/758 761/761 756/756
f 766/766 769/769 759/759
f 599/599 771/771 767/767
f 763/763 765/765 716/716
f 715/715 772/772 598/598
f 764/764 767/767 771/771
f 767/767 600/600 599/599
f 755/755 767/767 758/758
f 597/597 755/755 768/768
f 758/758 767/767 773/773
f 759/759 769/769 762/762
f 756/756 761/761 760/760
f 600/600 755/755 597/597
f 768/768 766/766 597/597
f 761/761 773/773 759/759
f 773/773 761/761 758/758
f 766/766 763/763 716/716
f 759/759 763/763 766/766
f 759/759 773/773 763/763
f 767/767 764/764 773/773
f 773/773 764/764 763/763
f 774/774 764/764 771/771
f 770/770 768/768 757/757
f 775/775 765/765 774/774
f 765/765 775/775 715/715
f 765/765 764/764 774/774
f 716/716 765/765 715/715
f 776/776 757/757 756/756
f 776/776 777/777 757/757
f 778/778 760/760 762/762
f 778/778 779/779 760/760
f 780/780 771/771 599/599
f 780/780 781/781 771/771
f 782/782 762/762 769/769
f 782/782 778/778 762/762
f 779/779 756/756 760/760
f 779/779 776/776 756/756
f 783/783 769/769 770/770
f 783/783 782/782 769/769
f 781/781 774/774 771/771
f 781/781 784/784 774/774
f 777/777 770/770 757/757
f 777/777 783/783 770/770
f 784/784 775/775 774/774
f 784/784 785/785 775/775
f 785/785 715/715 775/775
f 785/785 772/772 715/715
f 766/766 768/768 769/769
f 612/612 611/611 786/786
f 612/612 786/786 617/617
f 786/786 787/787 788/788
f 611/611 789/789 786/786
f 786/786 788/788 617/617
f 251/251 374/374 673/673
f 666/666 652/652 717/717
f 790/790 377/377 376/376
f 665/665 791/791 651/651
f 792/792 793/793 794/794
f 601/601 795/795 602/602
f 793/793 796/796 794/794
f 797/797 653/653 656/656
f 798/798 799/799 800/800
f 801/801 802/802 803/803
f 804/804 805/805 806/806
f 807/807 790/790 806/806
f 395/395 799/799 808/808
f 794/794 796/796 809/809
f 810/810 808/808 799/799
f 801/801 811/811 802/802
f 803/803 794/794 804/804
f 812/812 811/811 813/813
f 794/794 809/809 804/804
f 402/402 803/803 403/403
f 802/802 794/794 803/803
f 657/657 663/663 814/814
f 657/657 660/660 663/663
f 815/815 816/816 817/817
f 818/818 816/816 819/819
f 820/820 821/821 815/815
f 795/795 822/822 823/823
f 824/824 667/667 825/825
f 647/647 215/215 251/251
f 651/651 791/791 652/652
f 819/819 647/647 675/675
f 825/825 826/826 814/814
f 602/602 821/821 603/603
f 668/668 667/667 824/824
f 814/814 826/826 827/827
f 671/671 825/825 667/667
f 603/603 821/821 820/820
f 817/817 820/820 815/815
f 602/602 823/823 665/665
f 806/806 376/376 403/403
f 376/376 806/806 790/790
f 665/665 664/664 821/821
f 717/717 822/822 828/828
f 829/829 814/814 663/663
f 652/652 791/791 717/717
f 821/821 602/602 665/665
f 657/657 814/814 827/827
f 799/799 798/798 810/810
f 395/395 420/420 799/799
f 647/647 819/819 664/664
f 819/819 815/815 664/664
f 664/664 815/815 821/821
f 819/819 816/816 815/815
f 830/830 817/817 831/831
f 801/801 803/803 423/423
f 646/646 647/647 664/664
f 831/831 816/816 818/818
f 663/663 424/424 238/238
f 804/804 806/806 403/403
f 809/809 805/805 804/804
f 823/823 602/602 795/795
f 805/805 807/807 806/806
f 817/817 816/816 831/831
f 803/803 804/804 403/403
f 800/800 799/799 420/420
f 800/800 231/231 653/653
f 797/797 798/798 800/800
f 800/800 653/653 797/797
f 420/420 231/231 800/800
f 818/818 819/819 675/675
f 675/675 647/647 251/251
f 832/832 833/833 834/834
f 835/835 833/833 836/836
f 642/642 837/837 650/650
f 838/838 606/606 839/839
f 836/836 840/840 835/835
f 605/605 837/837 841/841
f 841/841 642/642 832/832
f 837/837 608/608 643/643
f 842/842 843/843 844/844
f 838/838 609/609 607/607
f 607/607 609/609 608/608
f 618/618 643/643 608/608
f 639/639 845/845 640/640
f 846/846 843/843 847/847
f 846/846 848/848 835/835
f 834/834 833/833 848/848
f 606/606 838/838 607/607
f 843/843 840/840 849/849
f 840/840 843/843 846/846
f 628/628 836/836 850/850
f 621/621 613/613 629/629
f 622/622 621/621 629/629
f 618/618 644/644 643/643
f 644/644 618/618 617/617
f 835/835 840/840 846/846
f 628/628 627/627 840/840
f 635/635 628/628 850/850
f 833/833 850/850 836/836
f 641/641 833/833 832/832
f 837/837 642/642 841/841
f 610/610 609/609 838/838
f 608/608 609/609 618/618
f 833/833 835/835 848/848
f 613/613 621/621 614/614
f 833/833 641/641 850/850
f 639/639 642/642 650/650
f 634/634 845/845 620/620
f 635/635 845/845 636/636
f 636/636 845/845 634/634
f 619/619 634/634 620/620
f 620/620 845/845 639/639
f 635/635 850/850 640/640
f 850/850 641/641 640/640
f 845/845 635/635 640/640
f 642/642 641/641 832/832
f 837/837 605/605 608/608
f 621/621 650/650 614/614
f 840/840 627/627 849/849
f 614/614 650/650 837/837
f 643/643 614/614 837/837
f 836/836 628/628 840/840
f 842/842 844/844 851/851
f 788/788 852/852 617/617
f 852/852 644/644 617/617
f 847/847 843/843 842/842
f 645/645 853/853 854/854
f 633/633 853/853 638/638
f 787/787 852/852 788/788
f 632/632 624/624 630/630
f 818/818 675/675 674/674
f 637/637 853/853 645/645
f 829/829 649/649 648/648
f 668/668 824/824 829/829
f 717/717 791/791 823/823
f 243/243 223/223 666/666
f 223/223 652/652 666/666
f 814/814 829/829 824/824
f 814/814 824/824 825/825
f 823/823 822/822 717/717
f 801/801 423/423 813/813
f 801/801 813/813 811/811
f 395/395 808/808 448/448
f 423/423 803/803 402/402
f 665/665 823/823 791/791
f 661/661 657/657 827/827
f 829/829 663/663 649/649
f 424/424 855/855 449/449
f 659/659 855/855 424/424
f 424/424 660/660 659/659
f 663/663 660/660 424/424
f 828/828 668/668 829/829
f 648/648 828/828 829/829
f 813/813 448/448 808/808
f 812/812 808/808 810/810
f 802/802 792/792 794/794
f 813/813 423/423 448/448
f 812/812 813/813 808/808
f 678/678 856/856 857/857
f 676/676 678/678 858/858
f 856/856 678/678 677/677
f 676/676 260/260 257/257
f 858/858 678/678 857/857
f 681/681 859/859 454/454
f 860/860 861/861 862/862
f 858/858 863/863 705/705
f 857/857 864/864 863/863
f 865/865 866/866 860/860
f 683/683 865/865 867/867
f 868/868 869/869 858/858
f 862/862 688/688 867/867
f 688/688 687/687 685/685
f 865/865 683/683 870/870
f 865/865 871/871 866/866
f 870/870 872/872 691/691
f 870/870 683/683 872/872
f 708/708 871/871 709/709
f 683/683 682/682 873/873
f 686/686 681/681 680/680
f 874/874 859/859 686/686
f 870/870 694/694 871/871
f 862/862 874/874 686/686
f 697/697 694/694 870/870
f 676/676 869/869 679/679
f 688/688 685/685 684/684
f 863/863 875/875 708/708
f 705/705 704/704 868/868
f 692/692 691/691 872/872
f 693/693 871/871 694/694
f 868/868 858/858 705/705
f 676/676 858/858 869/869
f 692/692 872/872 873/873
f 703/703 702/702 701/701
f 714/714 711/711 706/706
f 693/693 709/709 871/871
f 859/859 681/681 686/686
f 865/865 870/870 871/871
f 697/697 870/870 691/691
f 708/708 866/866 871/871
f 867/867 865/865 860/860
f 681/681 454/454 262/262
f 867/867 688/688 684/684
f 861/861 875/875 864/864
f 708/708 875/875 866/866
f 875/875 860/860 866/866
f 861/861 860/860 875/875
f 864/864 875/875 863/863
f 683/683 867/867 684/684
f 683/683 873/873 872/872
f 858/858 857/857 863/863
f 860/860 862/862 867/867
f 874/874 862/862 861/861
f 862/862 686/686 688/688
f 710/710 709/709 714/714
f 706/706 711/711 702/702
f 703/703 706/706 702/702
f 863/863 708/708 707/707
f 709/709 693/693 714/714
f 863/863 707/707 705/705
f 710/710 714/714 706/706
f 599/599 598/598 780/780
f 718/718 731/731 733/733
f 853/853 637/637 638/638
f 717/717 828/828 648/648
f 822/822 669/669 828/828
f 669/669 668/668 828/828
f 876/876 877/877 878/878
f 879/879 877/877 876/876
f 880/880 881/881 878/878
f 882/882 883/883 884/884
f 885/885 886/886 887/887
f 888/888 889/889 879/879
f 890/890 891/891 892/892
f 893/893 890/890 892/892
f 894/894 895/895 896/896
f 891/891 890/890 897/897
f 898/898 894/894 896/896
f 884/884 899/899 900/900
f 891/891 883/883 882/882
f 901/901 883/883 897/897
f 902/902 903/903 904/904
f 905/905 881/881 880/880
f 893/893 898/898 890/890
f 902/902 906/906 896/896
f 907/907 902/902 896/896
f 907/907 896/896 895/895
f 893/893 908/908 898/898
f 909/909 897/897 890/890
f 909/909 890/890 906/906
f 898/898 908/908 894/894
f 883/883 891/891 897/897
f 902/902 909/909 906/906
f 890/890 898/898 906/906
f 896/896 906/906 898/898
f 902/902 907/907 903/903
f 884/884 883/883 899/899
f 883/883 901/901 899/899
f 903/903 910/910 885/885
f 911/911 904/904 903/903
f 903/903 907/907 910/910
f 907/907 895/895 910/910
f 903/903 887/887 911/911
f 887/887 912/912 911/911
f 913/913 914/914 915/915
f 916/916 917/917 918/918
f 916/916 919/919 920/920
f 921/921 922/922 923/923
f 924/924 925/925 926/926
f 927/927 926/926 925/925
f 928/928 915/915 929/929
f 930/930 929/929 915/915
f 931/931 930/930 932/932
f 933/933 934/934 935/935
f 936/936 934/934 937/937
f 938/938 939/939 940/940
f 941/941 942/942 928/928
f 942/942 935/935 934/934
f 943/943 932/932 944/944
f 945/945 946/946 920/920
f 947/947 921/921 917/917
f 920/920 919/919 945/945
f 921/921 923/923 948/948
f 923/923 949/949 950/950
f 951/951 952/952 953/953
f 954/954 949/949 955/955
f 943/943 956/956 957/957
f 957/957 956/956 933/933
f 914/914 922/922 958/958
f 959/959 932/932 958/958
f 960/960 946/946 937/937
f 914/914 936/936 937/937
f 959/959 961/961 944/944
f 960/960 934/934 962/962
f 944/944 963/963 956/956
f 956/956 963/963 962/962
f 964/964 959/959 922/922
f 939/939 914/914 940/940
f 946/946 960/960 965/965
f 939/939 966/966 922/922
f 946/946 945/945 940/940
f 964/964 947/947 961/961
f 961/961 916/916 963/963
f 963/963 916/916 965/965
f 917/917 967/967 918/918
f 918/918 967/967 919/919
f 948/948 968/968 917/917
f 919/919 969/969 953/953
f 950/950 970/970 948/948
f 949/949 954/954 950/950
f 952/952 938/938 953/953
f 949/949 966/966 952/952
f 931/931 943/943 971/971
f 943/943 957/957 972/972
f 957/957 973/973 974/974
f 933/933 975/975 973/973
f 976/976 977/977 978/978
f 977/977 979/979 980/980
f 972/972 924/924 971/971
f 974/974 924/924 972/972
f 973/973 927/927 974/974
f 975/975 927/927 973/973
f 980/980 981/981 978/978
f 979/979 982/982 980/980
f 914/914 958/958 915/915
f 943/943 944/944 956/956
f 956/956 962/962 933/933
f 914/914 913/913 936/936
f 934/934 933/933 962/962
f 932/932 959/959 944/944
f 926/926 983/983 924/924
f 927/927 984/984 926/926
f 929/929 941/941 928/928
f 915/915 932/932 930/930
f 932/932 943/943 931/931
f 935/935 985/985 933/933
f 934/934 960/960 937/937
f 934/934 936/936 942/942
f 932/932 915/915 958/958
f 946/946 940/940 937/937
f 959/959 964/964 961/961
f 944/944 961/961 963/963
f 959/959 958/958 922/922
f 914/914 937/937 940/940
f 960/960 962/962 965/965
f 957/957 974/974 972/972
f 957/957 933/933 973/973
f 977/977 980/980 978/978
f 977/977 986/986 979/979
f 924/924 983/983 971/971
f 974/974 925/925 924/924
f 927/927 925/925 974/974
f 975/975 984/984 927/927
f 980/980 987/987 981/981
f 982/982 987/987 980/980
f 878/878 881/881 876/876
f 876/876 888/888 879/879
f 878/878 988/988 880/880
f 884/884 989/989 882/882
f 887/887 903/903 885/885
f 916/916 947/947 917/917
f 916/916 918/918 919/919
f 921/921 964/964 922/922
f 938/938 966/966 939/939
f 946/946 965/965 920/920
f 921/921 948/948 917/917
f 919/919 953/953 945/945
f 923/923 950/950 948/948
f 923/923 966/966 949/949
f 951/951 955/955 952/952
f 949/949 952/952 955/955
f 966/966 923/923 922/922
f 945/945 938/938 940/940
f 964/964 921/921 947/947
f 961/961 947/947 916/916
f 916/916 920/920 965/965
f 917/917 968/968 967/967
f 967/967 969/969 919/919
f 948/948 970/970 968/968
f 969/969 951/951 953/953
f 950/950 990/990 970/970
f 954/954 990/990 950/950
f 938/938 945/945 953/953
f 966/966 938/938 952/952
f 915/915 928/928 913/913
f 913/913 928/928 936/936
f 942/942 936/936 928/928
f 914/914 939/939 922/922
f 963/963 965/965 962/962
f 933/933 985/985 975/975
f 943/943 972/972 971/971
f 991/991 992/992 993/993
f 993/993 994/994 991/991
f 995/995 996/996 992/992
f 992/992 991/991 995/995
f 997/997 998/998 996/996
f 996/996 995/995 997/997
f 998/998 999/999 996/996
f 1000/1000 994/994 993/993
f 993/993 1001/1001 1000/1000
f 1002/1002 1000/1000 1001/1001
f 1001/1001 1003/1003 1002/1002
f 997/997 1002/1002 1003/1003
f 1003/1003 998/998 997/997
f 999/999 998/998 1003/1003
f 992/992 999/999 993/993
f 996/996 999/999 992/992
f 1001/1001 993/993 999/999
f 1003/1003 1001/1001 999/999
f 1004/1004 1005/1005 1006/1006
f 1006/1006 1007/1007 1004/1004
f 1005/1005 1008/1008 1009/1009
f 1009/1009 1006/1006 1005/1005
f 1008/1008 1010/1010 1011/1011
f 1011/1011 1009/1009 1008/1008
f 1010/1010 1012/1012 1013/1013
f 1013/1013 1011/1011 1010/1010
f 1012/1012 1014/1014 1015/1015
f 1015/1015 1013/1013 1012/1012
f 1014/1014 1016/1016 1017/1017
f 1017/1017 1015/1015 1014/1014
f 1018/1018 1019/1019 1020/1020
f 1020/1020 1021/1021 1018/1018
f 1019/1019 1018/1018 1022/1022
f 1022/1022 1023/1023 1019/1019
f 1023/1023 1022/1022 1024/1024
f 1024/1024 1025/1025 1023/1023
f 1025/1025 1024/1024 1026/1026
f 1026/1026 1027/1027 1025/1025
f 1027/1027 1026/1026 1028/1028
f 1028/1028 1029/1029 1027/1027
f 1030/1030 1031/1031 1029/1029
f 1032/1032 1033/1033 1034/1034
f 1033/1033 1032/1032 1035/1035
f 1035/1035 1036/1036 1033/1033
f 1036/1036 1035/1035 1037/1037
f 1037/1037 1038/1038 1036/1036
f 1038/1038 1037/1037 1039/1039
f 1039/1039 1040/1040 1038/1038
f 1040/1040 1039/1039 1041/1041
f 1041/1041 1042/1042 1040/1040
f 1042/1042 1041/1041 1043/1043
f 1043/1043 1044/1044 1042/1042
f 1045/1045 1004/1004 1007/1007
f 1016/1016 1046/1046 1017/1017
f 1047/1047 1048/1048 1020/1020
f 1031/1031 1030/1030 1049/1049
f 1050/1050 1051/1051 1052/1052
f 1044/1044 1043/1043 1053/1053
f 1054/1054 1055/1055 1056/1056
f 1056/1056 1057/1057 1054/1054
f 1055/1055 1058/1058 1059/1059
f 1059/1059 1056/1056 1055/1055
f 1058/1058 1060/1060 1061/1061
f 1061/1061 1059/1059 1058/1058
f 1060/1060 1062/1062 1063/1063
f 1063/1063 1061/1061 1060/1060
f 1062/1062 1064/1064 1065/1065
f 1065/1065 1063/1063 1062/1062
f 1064/1064 1066/1066 1067/1067
f 1067/1067 1065/1065 1064/1064
f 1068/1068 1069/1069 1070/1070
f 1070/1070 1071/1071 1068/1068
f 1071/1071 1070/1070 1072/1072
f 1072/1072 1073/1073 1071/1071
f 1073/1073 1072/1072 1074/1074
f 1074/1074 1075/1075 1073/1073
f 1075/1075 1074/1074 1076/1076
f 1076/1076 1077/1077 1075/1075
f 1077/1077 1076/1076 1078/1078
f 1078/1078 1079/1079 1077/1077
f 1080/1080 1081/1081 1079/1079
f 1079/1079 1078/1078 1080/1080
f 1082/1082 1083/1083 1084/1084
f 1083/1083 1082/1082 1085/1085
f 1085/1085 1086/1086 1083/1083
f 1086/1086 1085/1085 1087/1087
f 1087/1087 1088/1088 1086/1086
f 1088/1088 1087/1087 1089/1089
f 1089/1089 1090/1090 1088/1088
f 1090/1090 1089/1089 1091/1091
f 1091/1091 1092/1092 1090/1090
f 1092/1092 1091/1091 1093/1093
f 1093/1093 1094/1094 1092/1092
f 1095/1095 1054/1054 1057/1057
f 1066/1066 1096/1096 1067/1067
f 1097/1097 1098/1098 1068/1068
f 1081/1081 1080/1080 1099/1099
f 1100/1100 1101/1101 1102/1102
f 1094/1094 1103/1103 1104/1104
f 1068/1068 1098/1098 1069/1069
f 1103/1103 1094/1094 1093/1093
f 1081/1081 1099/1099 1105/1105
f 1102/1102 1101/1101 1084/1084
f 1084/1084 1083/1083 1102/1102
f 1020/1020 1048/1048 1021/1021
f 1044/1044 1053/1053 1106/1106
f 1031/1031 1049/1049 1107/1107
f 1052/1052 1051/1051 1034/1034
f 1034/1034 1033/1033 1052/1052
f 1030/1030 1029/1029 1028/1028
f 1108/1108 1109/1109 1110/1110
f 1110/1110 1111/1111 1108/1108
f 1109/1109 1112/1112 1113/1113
f 1113/1113 1110/1110 1109/1109
f 1112/1112 1114/1114 1115/1115
f 1115/1115 1113/1113 1112/1112
f 1116/1116 1117/1117 1118/1118
f 1118/1118 1119/1119 1116/1116
f 1119/1119 1118/1118 1120/1120
f 1120/1120 1121/1121 1119/1119
f 1121/1121 1120/1120 1122/1122
f 1122/1122 1123/1123 1121/1121
f 1108/1108 1116/1116 1119/1119
f 1119/1119 1109/1109 1108/1108
f 1109/1109 1119/1119 1121/1121
f 1121/1121 1112/1112 1109/1109
f 1112/1112 1121/1121 1123/1123
f 1123/1123 1114/1114 1112/1112
f 1115/1115 1122/1122 1120/1120
f 1120/1120 1113/1113 1115/1115
f 1113/1113 1120/1120 1118/1118
f 1118/1118 1110/1110 1113/1113
f 1110/1110 1118/1118 1117/1117
f 1117/1117 1111/1111 1110/1110
f 1124/1124 1125/1125 1126/1126
f 1126/1126 1127/1127 1124/1124
f 1128/1128 1124/1124 1127/1127
f 1127/1127 1129/1129 1128/1128
f 1130/1130 1128/1128 1129/1129
f 1129/1129 1131/1131 1130/1130
f 1132/1132 1133/1133 1134/1134
f 1134/1134 1135/1135 1132/1132
f 1136/1136 1137/1137 1133/1133
f 1133/1133 1132/1132 1136/1136
f 1138/1138 1139/1139 1137/1137
f 1137/1137 1136/1136 1138/1138
f 1133/1133 1127/1127 1126/1126
f 1126/1126 1134/1134 1133/1133
f 1137/1137 1129/1129 1127/1127
f 1127/1127 1133/1133 1137/1137
f 1139/1139 1131/1131 1129/1129
f 1129/1129 1137/1137 1139/1139
f 1138/1138 1130/1130 1131/1131
f 1131/1131 1139/1139 1138/1138
f 1136/1136 1128/1128 1130/1130
f 1130/1130 1138/1138 1136/1136
f 1132/1132 1124/1124 1128/1128
f 1128/1128 1136/1136 1132/1132
f 1135/1135 1125/1125 1124/1124
f 1124/1124 1132/1132 1135/1135
f 1140/1140 1141/1141 1142/1142
f 1142/1142 1143/1143 1140/1140
f 1144/1144 1145/1145 1146/1146
f 1146/1146 1147/1147 1144/1144
f 1141/1141 1144/1144 1147/1147
f 1147/1147 1142/1142 1141/1141
f 1143/1143 1146/1146 1148/1148
f 1148/1148 1140/1140 1143/1143
f 1149/1149 1150/1150 1151/1151
f 1151/1151 1152/1152 1149/1149
f 1153/1153 1154/1154 1155/1155
f 1155/1155 1156/1156 1153/1153
f 1150/1150 1153/1153 1156/1156
f 1156/1156 1151/1151 1150/1150
f 1152/1152 1155/1155 1157/1157
f 1157/1157 1149/1149 1152/1152
f 1158/1158 1159/1159 1160/1160
f 1160/1160 1161/1161 1158/1158
f 1162/1162 1163/1163 1164/1164
f 1164/1164 1165/1165 1162/1162
f 1159/1159 1162/1162 1165/1165
f 1165/1165 1160/1160 1159/1159
f 1161/1161 1164/1164 1166/1166
f 1166/1166 1158/1158 1161/1161
f 1167/1167 1168/1168 1169/1169
f 1169/1169 1170/1170 1167/1167
f 1171/1171 1172/1172 1173/1173
f 1173/1173 1174/1174 1171/1171
f 1168/1168 1171/1171 1174/1174
f 1174/1174 1169/1169 1168/1168
f 1170/1170 1173/1173 1175/1175
f 1175/1175 1167/1167 1170/1170
f 1176/1176 1147/1147 1146/1146
f 1143/1143 1176/1176 1146/1146
f 1147/1147 1176/1176 1142/1142
f 1176/1176 1143/1143 1142/1142
f 1145/1145 1148/1148 1177/1177
f 1145/1145 1177/1177 1146/1146
f 1177/1177 1148/1148 1146/1146
f 1178/1178 1156/1156 1155/1155
f 1152/1152 1178/1178 1155/1155
f 1156/1156 1178/1178 1151/1151
f 1178/1178 1152/1152 1151/1151
f 1154/1154 1157/1157 1179/1179
f 1154/1154 1179/1179 1155/1155
f 1179/1179 1157/1157 1155/1155
f 1180/1180 1165/1165 1164/1164
f 1161/1161 1180/1180 1164/1164
f 1165/1165 1180/1180 1160/1160
f 1180/1180 1161/1161 1160/1160
f 1163/1163 1166/1166 1181/1181
f 1163/1163 1181/1181 1164/1164
f 1181/1181 1166/1166 1164/1164
f 1182/1182 1174/1174 1173/1173
f 1170/1170 1182/1182 1173/1173
f 1174/1174 1182/1182 1169/1169
f 1182/1182 1170/1170 1169/1169
f 1172/1172 1175/1175 1183/1183
f 1172/1172 1183/1183 1173/1173
f 1183/1183 1175/1175 1173/1173
f 1184/1184 1185/1185 1186/1186
f 1186/1186 1187/1187 1184/1184
f 1185/1185 1188/1188 1189/1189
f 1189/1189 1186/1186 1185/1185
f 1188/1188 1190/1190 1191/1191
f 1191/1191 1189/1189 1188/1188
f 1190/1190 1192/1192 1193/1193
f 1193/1193 1191/1191 1190/1190
f 1192/1192 1194/1194 1195/1195
f 1195/1195 1193/1193 1192/1192
f 1194/1194 1196/1196 1197/1197
f 1197/1197 1195/1195 1194/1194
f 1198/1198 1199/1199 1200/1200
f 1200/1200 1201/1201 1198/1198
f 1199/1199 1198/1198 1202/1202
f 1202/1202 1203/1203 1199/1199
f 1203/1203 1202/1202 1204/1204
f 1204/1204 1205/1205 1203/1203
f 1205/1205 1204/1204 1206/1206
f 1206/1206 1207/1207 1205/1205
f 1207/1207 1206/1206 1208/1208
f 1208/1208 1209/1209 1207/1207
f 1209/1209 1208/1208 1210/1210
f 1210/1210 1211/1211 1209/1209
f 1212/1212 1213/1213 1214/1214
f 1214/1214 1215/1215 1212/1212
f 1213/1213 1212/1212 1216/1216
f 1216/1216 1217/1217 1213/1213
f 1217/1217 1216/1216 1218/1218
f 1218/1218 1219/1219 1217/1217
f 1219/1219 1218/1218 1220/1220
f 1220/1220 1221/1221 1219/1219
f 1221/1221 1220/1220 1222/1222
f 1222/1222 1223/1223 1221/1221
f 1223/1223 1222/1222 1224/1224
f 1224/1224 1225/1225 1223/1223
f 1226/1226 1184/1184 1187/1187
f 1196/1196 1227/1227 1197/1197
f 1228/1228 1229/1229 1200/1200
f 1211/1211 1210/1210 1230/1230
f 1231/1231 1232/1232 1214/1214
f 1225/1225 1224/1224 1233/1233
f 1200/1200 1229/1229 1201/1201
f 1225/1225 1233/1233 1234/1234
f 1211/1211 1230/1230 1235/1235
f 1214/1214 1232/1232 1215/1215
f 1236/1236 1237/1237 1238/1238
f 1238/1238 1239/1239 1236/1236
f 1239/1239 1238/1238 1240/1240
f 1240/1240 1241/1241 1239/1239
f 1241/1241 1240/1240 1242/1242
f 1242/1242 1243/1243 1241/1241
f 1243/1243 1242/1242 1244/1244
f 1244/1244 1245/1245 1243/1243
f 1245/1245 1244/1244 1246/1246
f 1246/1246 1247/1247 1245/1245
f 1247/1247 1246/1246 1248/1248
f 1248/1248 1249/1249 1247/1247
f 1250/1250 1251/1251 1252/1252
f 1252/1252 1253/1253 1250/1250
f 1253/1253 1254/1254 1255/1255
f 1255/1255 1250/1250 1253/1253
f 1254/1254 1256/1256 1257/1257
f 1257/1257 1255/1255 1254/1254
f 1256/1256 1258/1258 1259/1259
f 1259/1259 1257/1257 1256/1256
f 1258/1258 1260/1260 1261/1261
f 1261/1261 1259/1259 1258/1258
f 1262/1262 1260/1260 1263/1263
f 1264/1264 1265/1265 1266/1266
f 1266/1266 1267/1267 1268/1268
f 1268/1268 1264/1264 1266/1266
f 1267/1267 1269/1269 1270/1270
f 1270/1270 1268/1268 1267/1267
f 1269/1269 1271/1271 1272/1272
f 1272/1272 1270/1270 1269/1269
f 1271/1271 1273/1273 1274/1274
f 1274/1274 1272/1272 1271/1271
f 1273/1273 1275/1275 1276/1276
f 1276/1276 1274/1274 1273/1273
f 1277/1277 1237/1237 1236/1236
f 1249/1249 1248/1248 1278/1278
f 1279/1279 1252/1252 1280/1280
f 1263/1263 1281/1281 1262/1262
f 1282/1282 1283/1283 1284/1284
f 1275/1275 1285/1285 1276/1276
f 1286/1286 1287/1287 1288/1288
f 1288/1288 1289/1289 1286/1286
f 1289/1289 1288/1288 1290/1290
f 1290/1290 1291/1291 1289/1289
f 1291/1291 1290/1290 1292/1292
f 1292/1292 1293/1293 1291/1291
f 1293/1293 1292/1292 1294/1294
f 1294/1294 1295/1295 1293/1293
f 1295/1295 1294/1294 1296/1296
f 1296/1296 1297/1297 1295/1295
f 1297/1297 1296/1296 1298/1298
f 1298/1298 1299/1299 1297/1297
f 1300/1300 1301/1301 1302/1302
f 1302/1302 1303/1303 1300/1300
f 1301/1301 1304/1304 1305/1305
f 1305/1305 1302/1302 1301/1301
f 1304/1304 1306/1306 1307/1307
f 1307/1307 1305/1305 1304/1304
f 1306/1306 1308/1308 1309/1309
f 1309/1309 1307/1307 1306/1306
f 1308/1308 1310/1310 1311/1311
f 1311/1311 1309/1309 1308/1308
f 1312/1312 1311/1311 1310/1310
f 1310/1310 1313/1313 1312/1312
f 1314/1314 1315/1315 1316/1316
f 1316/1316 1317/1317 1318/1318
f 1318/1318 1314/1314 1316/1316
f 1317/1317 1319/1319 1320/1320
f 1320/1320 1318/1318 1317/1317
f 1319/1319 1321/1321 1322/1322
f 1322/1322 1320/1320 1319/1319
f 1321/1321 1323/1323 1324/1324
f 1324/1324 1322/1322 1321/1321
f 1323/1323 1325/1325 1326/1326
f 1326/1326 1324/1324 1323/1323
f 1327/1327 1287/1287 1286/1286
f 1299/1299 1298/1298 1328/1328
f 1329/1329 1300/1300 1330/1330
f 1313/1313 1331/1331 1312/1312
f 1332/1332 1333/1333 1334/1334
f 1325/1325 1335/1335 1336/1336
f 1300/1300 1303/1303 1330/1330
f 1336/1336 1326/1326 1325/1325
f 1313/1313 1337/1337 1331/1331
f 1333/1333 1315/1315 1334/1334
f 1315/1315 1333/1333 1316/1316
f 1252/1252 1251/1251 1280/1280
f 1275/1275 1338/1338 1285/1285
f 1263/1263 1339/1339 1281/1281
f 1283/1283 1265/1265 1284/1284
f 1265/1265 1283/1283 1266/1266
f 1262/1262 1261/1261 1260/1260
f 1340/1340 1341/1341 1342/1342
f 1342/1342 1343/1343 1340/1340
f 1343/1343 1342/1342 1344/1344
f 1344/1344 1345/1345 1343/1343
f 1345/1345 1344/1344 1346/1346
f 1346/1346 1347/1347 1345/1345
f 1348/1348 1349/1349 1350/1350
f 1350/1350 1351/1351 1348/1348
f 1349/1349 1352/1352 1353/1353
f 1353/1353 1350/1350 1349/1349
f 1352/1352 1354/1354 1355/1355
f 1355/1355 1353/1353 1352/1352
f 1340/1340 1343/1343 1349/1349
f 1349/1349 1348/1348 1340/1340
f 1343/1343 1345/1345 1352/1352
f 1352/1352 1349/1349 1343/1343
f 1345/1345 1347/1347 1354/1354
f 1354/1354 1352/1352 1345/1345
f 1346/1346 1344/1344 1353/1353
f 1353/1353 1355/1355 1346/1346
f 1344/1344 1342/1342 1350/1350
f 1350/1350 1353/1353 1344/1344
f 1342/1342 1341/1341 1351/1351
f 1351/1351 1350/1350 1342/1342
f 1356/1356 1357/1357 1358/1358
f 1358/1358 1359/1359 1356/1356
f 1360/1360 1361/1361 1357/1357
f 1357/1357 1356/1356 1360/1360
f 1362/1362 1363/1363 1361/1361
f 1361/1361 1360/1360 1362/1362
f 1364/1364 1365/1365 1366/1366
f 1366/1366 1367/1367 1364/1364
f 1368/1368 1364/1364 1367/1367
f 1367/1367 1369/1369 1368/1368
f 1370/1370 1368/1368 1369/1369
f 1369/1369 1371/1371 1370/1370
f 1367/1367 1366/1366 1358/1358
f 1358/1358 1357/1357 1367/1367
f 1369/1369 1367/1367 1357/1357
f 1357/1357 1361/1361 1369/1369
f 1371/1371 1369/1369 1361/1361
f 1361/1361 1363/1363 1371/1371
f 1370/1370 1371/1371 1363/1363
f 1363/1363 1362/1362 1370/1370
f 1368/1368 1370/1370 1362/1362
f 1362/1362 1360/1360 1368/1368
f 1364/1364 1368/1368 1360/1360
f 1360/1360 1356/1356 1364/1364
f 1365/1365 1364/1364 1356/1356
f 1356/1356 1359/1359 1365/1365
f 1372/1372 1373/1373 1374/1374
f 1374/1374 1375/1375 1372/1372
f 1376/1376 1377/1377 1378/1378
f 1378/1378 1379/1379 1376/1376
f 1375/1375 1374/1374 1377/1377
f 1377/1377 1376/1376 1375/1375
f 1373/1373 1372/1372 1380/1380
f 1380/1380 1378/1378 1373/1373
f 1381/1381 1382/1382 1383/1383
f 1383/1383 1384/1384 1381/1381
f 1385/1385 1386/1386 1387/1387
f 1387/1387 1388/1388 1385/1385
f 1384/1384 1383/1383 1386/1386
f 1386/1386 1385/1385 1384/1384
f 1382/1382 1381/1381 1389/1389
f 1389/1389 1387/1387 1382/1382
f 1390/1390 1391/1391 1392/1392
f 1392/1392 1393/1393 1390/1390
f 1394/1394 1395/1395 1396/1396
f 1396/1396 1397/1397 1394/1394
f 1393/1393 1392/1392 1395/1395
f 1395/1395 1394/1394 1393/1393
f 1391/1391 1390/1390 1398/1398
f 1398/1398 1396/1396 1391/1391
f 1399/1399 1400/1400 1401/1401
f 1401/1401 1402/1402 1399/1399
f 1403/1403 1404/1404 1405/1405
f 1405/1405 1406/1406 1403/1403
f 1402/1402 1401/1401 1404/1404
f 1404/1404 1403/1403 1402/1402
f 1400/1400 1399/1399 1407/1407
f 1407/1407 1405/1405 1400/1400
f 1408/1408 1378/1378 1377/1377
f 1373/1373 1378/1378 1408/1408
f 1377/1377 1374/1374 1408/1408
f 1408/1408 1374/1374 1373/1373
f 1379/1379 1409/1409 1380/1380
f 1379/1379 1378/1378 1409/1409
f 1409/1409 1378/1378 1380/1380
f 1410/1410 1387/1387 1386/1386
f 1382/1382 1387/1387 1410/1410
f 1386/1386 1383/1383 1410/1410
f 1410/1410 1383/1383 1382/1382
f 1388/1388 1411/1411 1389/1389
f 1388/1388 1387/1387 1411/1411
f 1411/1411 1387/1387 1389/1389
f 1412/1412 1396/1396 1395/1395
f 1391/1391 1396/1396 1412/1412
f 1395/1395 1392/1392 1412/1412
f 1412/1412 1392/1392 1391/1391
f 1397/1397 1413/1413 1398/1398
f 1397/1397 1396/1396 1413/1413
f 1413/1413 1396/1396 1398/1398
f 1414/1414 1405/1405 1404/1404
f 1400/1400 1405/1405 1414/1414
f 1404/1404 1401/1401 1414/1414
f 1414/1414 1401/1401 1400/1400
f 1406/1406 1415/1415 1407/1407
f 1406/1406 1405/1405 1415/1415
f 1415/1415 1405/1405 1407/1407
f 1416/1416 1417/1417 1418/1418
f 1418/1418 1419/1419 1416/1416
f 1419/1419 1418/1418 1420/1420
f 1420/1420 1421/1421 1419/1419
f 1421/1421 1420/1420 1422/1422
f 1422/1422 1423/1423 1421/1421
f 1423/1423 1422/1422 1424/1424
f 1424/1424 1425/1425 1423/1423
f 1425/1425 1424/1424 1426/1426
f 1426/1426 1427/1427 1425/1425
f 1427/1427 1426/1426 1428/1428
f 1428/1428 1429/1429 1427/1427
f 1430/1430 1431/1431 1432/1432
f 1432/1432 1433/1433 1430/1430
f 1433/1433 1434/1434 1435/1435
f 1435/1435 1430/1430 1433/1433
f 1434/1434 1436/1436 1437/1437
f 1437/1437 1435/1435 1434/1434
f 1436/1436 1438/1438 1439/1439
f 1439/1439 1437/1437 1436/1436
f 1438/1438 1440/1440 1441/1441
f 1441/1441 1439/1439 1438/1438
f 1440/1440 1442/1442 1443/1443
f 1443/1443 1441/1441 1440/1440
f 1444/1444 1445/1445 1446/1446
f 1446/1446 1447/1447 1444/1444
f 1447/1447 1448/1448 1449/1449
f 1449/1449 1444/1444 1447/1447
f 1448/1448 1450/1450 1451/1451
f 1451/1451 1449/1449 1448/1448
f 1450/1450 1452/1452 1453/1453
f 1453/1453 1451/1451 1450/1450
f 1452/1452 1454/1454 1455/1455
f 1455/1455 1453/1453 1452/1452
f 1454/1454 1456/1456 1457/1457
f 1457/1457 1455/1455 1454/1454
f 1458/1458 1417/1417 1416/1416
f 1429/1429 1428/1428 1459/1459
f 1460/1460 1432/1432 1461/1461
f 1442/1442 1462/1462 1443/1443
f 1463/1463 1446/1446 1464/1464
f 1456/1456 1465/1465 1457/1457
f 1432/1432 1431/1431 1461/1461
f 1456/1456 1466/1466 1465/1465
f 1442/1442 1467/1467 1462/1462
f 1446/1446 1445/1445 1464/1464
f 1468/1468 1469/1469 1470/1470
f 1470/1470 1471/1471 1468/1468
f 1472/1472 1473/1473 1474/1474
f 1474/1474 1475/1475 1472/1472
f 1471/1471 1470/1470 1473/1473
f 1473/1473 1472/1472 1471/1471
f 1469/1469 1468/1468 1476/1476
f 1476/1476 1474/1474 1469/1469
f 1477/1477 1478/1478 1479/1479
f 1479/1479 1480/1480 1477/1477
f 1481/1481 1482/1482 1483/1483
f 1483/1483 1484/1484 1481/1481
f 1480/1480 1479/1479 1482/1482
f 1482/1482 1481/1481 1480/1480
f 1478/1478 1477/1477 1485/1485
f 1485/1485 1483/1483 1478/1478
f 1486/1486 1474/1474 1473/1473
f 1469/1469 1474/1474 1486/1486
f 1473/1473 1470/1470 1486/1486
f 1486/1486 1470/1470 1469/1469
f 1475/1475 1487/1487 1476/1476
f 1475/1475 1474/1474 1487/1487
f 1487/1487 1474/1474 1476/1476
f 1488/1488 1483/1483 1482/1482
f 1478/1478 1483/1483 1488/1488
f 1482/1482 1479/1479 1488/1488
f 1488/1488 1479/1479 1478/1478
f 1484/1484 1489/1489 1485/1485
f 1484/1484 1483/1483 1489/1489
f 1489/1489 1483/1483 1485/1485
f 1490/1490 1491/1491 1492/1492
f 1492/1492 1493/1493 1490/1490
f 1493/1493 1492/1492 1494/1494
f 1494/1494 1495/1495 1493/1493
f 1495/1495 1494/1494 1496/1496
f 1496/1496 1497/1497 1495/1495
f 1497/1497 1496/1496 1498/1498
f 1498/1498 1499/1499 1497/1497
f 1499/1499 1498/1498 1500/1500
f 1500/1500 1501/1501 1499/1499
f 1502/1502 1503/1503 1504/1504
f 1504/1504 1505/1505 1502/1502
f 1505/1505 1504/1504 1506/1506
f 1506/1506 1507/1507 1505/1505
f 1507/1507 1506/1506 1508/1508
f 1508/1508 1509/1509 1507/1507
f 1509/1509 1508/1508 1510/1510
f 1510/1510 1511/1511 1509/1509
f 1511/1511 1510/1510 1512/1512
f 1512/1512 1513/1513 1511/1511
f 1514/1514 1515/1515 1516/1516
f 1516/1516 1517/1517 1514/1514
f 1518/1518 1514/1514 1517/1517
f 1517/1517 1519/1519 1518/1518
f 1520/1520 1521/1521 1522/1522
f 1522/1522 1523/1523 1520/1520
f 1518/1518 1519/1519 1521/1521
f 1521/1521 1520/1520 1518/1518
f 1524/1524 1517/1517 1516/1516
f 1516/1516 1525/1525 1524/1524
f 1526/1526 1519/1519 1517/1517
f 1517/1517 1524/1524 1526/1526
f 1527/1527 1528/1528 1522/1522
f 1522/1522 1521/1521 1527/1527
f 1526/1526 1527/1527 1521/1521
f 1521/1521 1519/1519 1526/1526
f 1529/1529 1530/1530 1531/1531
f 1531/1531 1532/1532 1529/1529
f 1533/1533 1529/1529 1532/1532
f 1532/1532 1534/1534 1533/1533
f 1535/1535 1536/1536 1537/1537
f 1537/1537 1538/1538 1535/1535
f 1539/1539 1535/1535 1538/1538
f 1538/1538 1540/1540 1539/1539
f 1541/1541 1539/1539 1540/1540
f 1540/1540 1542/1542 1541/1541
f 1543/1543 1541/1541 1542/1542
f 1542/1542 1544/1544 1543/1543
f 1545/1545 1543/1543 1544/1544
f 1544/1544 1546/1546 1545/1545
f 1547/1547 1545/1545 1546/1546
f 1546/1546 1548/1548 1547/1547
f 1549/1549 1547/1547 1548/1548
f 1548/1548 1550/1550 1549/1549
f 1551/1551 1552/1552 1543/1543
f 1543/1543 1545/1545 1551/1551
f 1553/1553 1539/1539 1541/1541
f 1541/1541 1554/1554 1553/1553
f 1555/1555 1556/1556 1557/1557
f 1557/1557 1558/1558 1555/1555
f 1556/1556 1559/1559 1552/1552
f 1552/1552 1557/1557 1556/1556
f 1557/1557 1560/1560 1561/1561
f 1561/1561 1558/1558 1557/1557
f 1562/1562 1563/1563 1553/1553
f 1553/1553 1564/1564 1562/1562
f 1565/1565 1566/1566 1567/1567
f 1567/1567 1562/1562 1565/1565
f 1568/1568 1569/1569 1570/1570
f 1570/1570 1571/1571 1568/1568
f 1572/1572 1573/1573 1569/1569
f 1569/1569 1568/1568 1572/1572
f 1574/1574 1575/1575 1576/1576
f 1576/1576 1577/1577 1574/1574
f 1578/1578 1579/1579 1575/1575
f 1575/1575 1574/1574 1578/1578
f 1580/1580 1581/1581 1579/1579
f 1579/1579 1578/1578 1580/1580
f 1582/1582 1583/1583 1581/1581
f 1581/1581 1580/1580 1582/1582
f 1584/1584 1585/1585 1583/1583
f 1583/1583 1582/1582 1584/1584
f 1586/1586 1587/1587 1585/1585
f 1585/1585 1584/1584 1586/1586
f 1588/1588 1589/1589 1587/1587
f 1587/1587 1586/1586 1588/1588
f 1590/1590 1584/1584 1582/1582
f 1582/1582 1591/1591 1590/1590
f 1592/1592 1593/1593 1580/1580
f 1580/1580 1578/1578 1592/1592
f 1594/1594 1595/1595 1596/1596
f 1596/1596 1597/1597 1594/1594
f 1597/1597 1596/1596 1591/1591
f 1591/1591 1598/1598 1597/1597
f 1596/1596 1595/1595 1599/1599
f 1599/1599 1600/1600 1596/1596
f 1601/1601 1602/1602 1592/1592
f 1592/1592 1603/1603 1601/1601
f 1604/1604 1605/1605 1606/1606
f 1606/1606 1601/1601 1604/1604
f 1500/1500 1498/1498 1607/1607
f 1492/1492 1491/1491 1607/1607
f 1494/1494 1492/1492 1607/1607
f 1496/1496 1494/1494 1607/1607
f 1607/1607 1498/1498 1496/1496
f 1608/1608 1514/1514 1518/1518
f 1609/1609 1515/1515 1514/1514
f 1610/1610 1516/1516 1515/1515
f 1609/1609 1610/1610 1515/1515
f 1608/1608 1609/1609 1514/1514
f 1608/1608 1518/1518 1520/1520
f 1611/1611 1520/1520 1523/1523
f 1612/1612 1523/1523 1522/1522
f 1611/1611 1523/1523 1612/1612
f 1608/1608 1520/1520 1611/1611
f 1608/1608 1526/1526 1524/1524
f 1609/1609 1524/1524 1525/1525
f 1610/1610 1525/1525 1516/1516
f 1609/1609 1525/1525 1610/1610
f 1608/1608 1524/1524 1609/1609
f 1608/1608 1527/1527 1526/1526
f 1611/1611 1528/1528 1527/1527
f 1612/1612 1522/1522 1528/1528
f 1611/1611 1612/1612 1528/1528
f 1608/1608 1611/1611 1527/1527
f 1557/1557 1551/1551 1560/1560
f 1613/1613 1614/1614 1615/1615
f 1537/1537 1616/1616 1617/1617
f 1547/1547 1618/1618 1545/1545
f 1547/1547 1549/1549 1619/1619
f 1620/1620 1551/1551 1545/1545
f 1618/1618 1620/1620 1545/1545
f 1552/1552 1541/1541 1543/1543
f 1553/1553 1563/1563 1539/1539
f 1615/1615 1536/1536 1535/1535
f 1615/1615 1614/1614 1616/1616
f 1530/1530 1529/1529 1533/1533
f 1621/1621 1530/1530 1533/1533
f 1547/1547 1619/1619 1618/1618
f 1541/1541 1559/1559 1554/1554
f 1541/1541 1552/1552 1559/1559
f 1566/1566 1615/1615 1535/1535
f 1557/1557 1552/1552 1551/1551
f 1561/1561 1622/1622 1558/1558
f 1558/1558 1622/1622 1555/1555
f 1623/1623 1565/1565 1562/1562
f 1563/1563 1567/1567 1539/1539
f 1567/1567 1563/1563 1562/1562
f 1567/1567 1566/1566 1535/1535
f 1567/1567 1535/1535 1539/1539
f 1617/1617 1533/1533 1537/1537
f 1613/1613 1624/1624 1614/1614
f 1614/1614 1624/1624 1616/1616
f 1616/1616 1536/1536 1615/1615
f 1624/1624 1617/1617 1616/1616
f 1537/1537 1536/1536 1616/1616
f 1533/1533 1534/1534 1537/1537
f 1623/1623 1562/1562 1564/1564
f 1553/1553 1554/1554 1625/1625
f 1596/1596 1600/1600 1590/1590
f 1626/1626 1627/1627 1628/1628
f 1576/1576 1629/1629 1630/1630
f 1586/1586 1584/1584 1631/1631
f 1586/1586 1632/1632 1588/1588
f 1633/1633 1584/1584 1590/1590
f 1631/1631 1584/1584 1633/1633
f 1591/1591 1582/1582 1580/1580
f 1592/1592 1578/1578 1603/1603
f 1574/1574 1577/1577 1627/1627
f 1627/1627 1630/1630 1628/1628
f 1634/1634 1572/1572 1635/1635
f 1571/1571 1572/1572 1568/1568
f 1635/1635 1572/1572 1571/1571
f 1586/1586 1631/1631 1632/1632
f 1580/1580 1593/1593 1598/1598
f 1580/1580 1598/1598 1591/1591
f 1605/1605 1574/1574 1627/1627
f 1596/1596 1590/1590 1591/1591
f 1599/1599 1595/1595 1636/1636
f 1595/1595 1594/1594 1636/1636
f 1637/1637 1601/1601 1606/1606
f 1603/1603 1578/1578 1604/1604
f 1604/1604 1601/1601 1603/1603
f 1604/1604 1574/1574 1605/1605
f 1604/1604 1578/1578 1574/1574
f 1629/1629 1576/1576 1572/1572
f 1626/1626 1628/1628 1638/1638
f 1628/1628 1630/1630 1638/1638
f 1630/1630 1627/1627 1577/1577
f 1638/1638 1630/1630 1629/1629
f 1576/1576 1630/1630 1577/1577
f 1572/1572 1576/1576 1573/1573
f 1637/1637 1602/1602 1601/1601
f 1602/1602 1593/1593 1592/1592
f 322/322 321/321 325/325
f 325/325 324/324 322/322
f 740/740 738/738 739/739
f 739/739 741/741 740/740
f 749/749 1639/1639 741/741
f 1639/1639 742/742 741/741
f 740/740 743/743 720/720
f 302/302 326/326 325/325
f 332/332 322/322 324/324
f 324/324 323/323 333/333

g Boss_tianqiong
v -8.066290 -11.367220 79.924380
v -19.721790 -8.784475 81.587430
v -12.748510 -9.970489 77.144200
v 8.064066 -11.366410 79.924270
v 12.748520 -9.970485 77.144200
v 19.721800 -8.784473 81.587430
v -2.131327 -13.989810 101.476500
v 0.000001 -14.113830 101.826500
v 0.000001 -12.782510 105.394200
v -7.488977 -14.496410 86.671030
v -6.235367 -14.169620 87.591310
v -8.336801 -11.593990 92.966760
v -10.358860 -12.078550 92.855910
v -11.099370 -13.152460 95.236000
v -10.947170 -10.271740 98.515390
v -12.292680 -9.219681 96.233560
v -2.974186 -15.020310 91.714210
v -3.757816 -17.603100 84.791600
v -4.612086 -14.638830 95.543460
v -8.547622 -14.355070 97.707160
v -6.300070 -14.605640 92.079180
v 0.000001 -15.465740 91.441740
v -2.131327 -13.989810 101.476500
v -4.181368 -15.604050 100.296800
v -2.491122 -12.729140 105.158900
v 0.000001 -15.483480 78.505040
v 0.000001 -14.604720 74.312550
v 0.000001 -15.273920 83.428250
v -7.997041 -12.714250 84.460200
v -8.358885 -12.629550 94.879820
v -8.477418 -11.068780 100.797200
v -10.598970 -10.919250 90.629360
v -18.016510 -7.512806 98.803530
v -16.287250 -10.591440 98.105160
v -16.396010 -6.479445 108.110600
v -14.515830 -12.316090 91.429760
v -6.979531 -12.855180 80.610400
v -15.864500 -8.474253 90.150550
v -8.358885 -12.629550 94.879820
v -8.336801 -11.593990 92.966760
v -6.300070 -14.605640 92.079180
v -6.235367 -14.169620 87.591310
v -2.974186 -15.020310 91.714210
v 0.000001 -15.273920 83.428250
v 0.000001 -15.465740 91.441740
v -4.612086 -14.638830 95.543460
v -2.491122 -12.729140 105.158900
v 2.131336 -13.989810 101.476500
v 7.488987 -14.496410 86.671030
v 10.358880 -12.078540 92.855910
v 8.336809 -11.593980 92.966760
v 6.235376 -14.169620 87.591310
v 11.099370 -13.152460 95.236000
v 12.292690 -9.219679 96.233560
v 10.947180 -10.271740 98.515390
v 2.974196 -15.020310 91.714210
v 3.757827 -17.603100 84.791600
v 4.612092 -14.638830 95.543460
v 6.300080 -14.605630 92.079180
v 8.547624 -14.355070 97.707160
v 4.181374 -15.604050 100.296800
v 2.131336 -13.989810 101.476500
v 2.491132 -12.729140 105.158900
v 7.997050 -12.714240 84.460200
v 8.358888 -12.629560 94.879820
v 8.477427 -11.068780 100.797200
v 10.598980 -10.919240 90.629360
v 18.016520 -7.512795 98.803530
v 16.396020 -6.479442 108.110600
v 16.287260 -10.591430 98.105160
v 14.515840 -12.316090 91.429760
v 6.977069 -12.854200 80.610300
v 15.864510 -8.474249 90.150550
v 8.358888 -12.629560 94.879820
v 6.300080 -14.605630 92.079180
v 8.336809 -11.593980 92.966760
v 6.235376 -14.169620 87.591310
v 2.974196 -15.020310 91.714210
v 4.612092 -14.638830 95.543460
v 2.491132 -12.729140 105.158900
v 43.331780 -3.970724 108.909900
v 41.352360 -3.691124 111.901700
v 40.555790 -1.199996 109.708300
v 42.524690 -2.725359 106.771200
v 45.514440 -3.992347 108.954600
v 45.458970 -2.420744 106.748200
v 49.130840 -2.992926 111.717700
v 45.384160 -2.924901 114.418700
v 44.756640 0.386314 111.618300
v 50.030800 -0.942701 108.407300
v 53.429910 -1.223435 112.626700
v 53.149550 -2.679471 108.559900
v 55.171600 -0.769211 107.896200
v 57.491070 3.432902 109.695700
v 53.425930 -1.741637 114.922400
v 60.037700 3.460589 112.021700
v 51.033180 -0.579100 117.182800
v 55.486710 6.077098 116.231500
v 46.073500 9.061834 117.321500
v 46.546850 3.080088 124.005600
v 48.836200 10.190570 123.292900
v 40.830020 -0.362606 116.708500
v 44.127550 1.087819 119.643100
v 39.495080 2.414187 116.521200
v 42.241530 9.269663 114.604400
v 53.064560 2.874558 123.368200
v 57.218620 7.531177 122.317500
v 52.658380 5.728833 130.050600
v 55.308570 11.214620 132.197800
v 51.445700 8.273805 133.785200
v 51.582910 13.857530 137.215900
v 51.445700 8.273805 133.785200
v 48.612470 14.876780 102.904200
v 46.997750 13.239630 101.684000
v 45.010910 14.700920 104.641500
v 47.216340 17.238220 105.232600
v 50.521760 13.879450 103.259700
v 49.393510 11.622180 102.273500
v 53.600520 12.959980 106.634300
v 52.906250 9.320166 105.137100
v 48.188560 12.635320 107.715100
v 50.728730 16.150610 108.340400
v 56.624890 10.179870 108.993100
v 57.203350 6.482374 105.585400
v 56.457880 9.128395 104.797300
v 57.214880 11.781650 110.613200
v 54.930450 13.330840 112.750400
v 45.910240 17.769380 110.930800
v 43.405960 16.372650 112.073300
v 48.524330 16.780550 114.642600
v 55.987490 13.306910 120.043900
v 55.291100 15.125390 127.056300
v 53.596350 15.949790 131.339200
v 53.596350 15.949790 131.339200
v 50.335790 16.603370 119.696400
v 46.546850 3.080088 124.005600
v 33.623150 -0.537900 112.096500
v 50.044650 -3.408727 104.239400
v 53.084100 -3.155162 102.273300
v 50.845200 -3.273090 108.096100
v 51.630180 -1.686015 105.541000
v 31.984680 -3.034585 118.850500
v 40.830020 -0.362606 116.708500
v 39.495080 2.414187 116.521200
v 44.127550 1.087819 119.643100
v 36.699170 -5.501925 115.499300
v 57.491070 3.432902 109.695700
v 55.171600 -0.769211 107.896200
v 50.030800 -0.942701 108.407300
v 51.630180 -1.686015 105.541000
v 53.084100 -3.155162 102.273300
v 31.984680 -3.034585 118.850500
v 39.495080 2.414187 116.521200
v 33.623150 -0.537900 112.096500
v 51.582910 13.857530 137.215900
v 50.335790 16.603370 119.696400
v 39.047610 18.822720 105.927300
v 53.458610 8.776207 100.356700
v 55.675750 6.094814 99.325760
v 54.212080 7.529181 102.604600
v 54.671820 10.384660 103.744100
v 36.834700 20.593380 113.334500
v 43.405960 16.372650 112.073300
v 45.910240 17.769380 110.930800
v 48.524330 16.780550 114.642600
v 42.894810 20.173640 108.453000
v 52.906250 9.320166 105.137100
v 57.203350 6.482374 105.585400
v 54.212080 7.529181 102.604600
v 55.675750 6.094814 99.325760
v 36.834700 20.593380 113.334500
v 39.047610 18.822720 105.927300
v 43.405960 16.372650 112.073300
v 0.000003 -15.917170 57.857100
v 8.038897 -14.248990 58.768340
v 9.150702 -14.308100 71.234090
v 0.000001 -14.545780 70.322820
v 0.000000 -15.811810 43.507720
v 8.067982 -13.839770 44.418980
v 3.990738 -11.461530 85.283260
v 0.000000 -12.668660 77.630780
v 9.046582 -12.242340 80.352650
v 8.047160 -11.193130 87.042970
v 0.000002 -15.706440 29.158340
v 8.097065 -13.430570 30.069600
v -9.150697 -14.308100 71.234090
v -8.038895 -14.248990 58.768350
v -8.067977 -13.839770 44.418980
v -3.990731 -11.461540 85.283260
v -8.047153 -11.193140 87.042970
v -9.046580 -12.242340 80.352650
v -8.097060 -13.430570 30.069600
v 45.231760 -4.439377 97.751510
v 51.507210 -6.171380 96.966440
v 51.422530 -6.884335 98.068130
v 48.369940 -6.115150 98.938300
v 55.256110 -7.306455 97.020020
v 54.534670 -6.942930 96.296590
v 59.948610 -2.224933 91.959420
v 62.828940 -4.664003 87.995090
v 61.995440 -8.647579 89.877730
v 58.308080 -7.862874 94.702690
v 58.308080 -7.862874 94.702690
v 62.241460 -6.362568 95.756360
v 59.846210 -4.760723 100.803200
v 61.995440 -8.647579 89.877730
v 63.504260 -7.793857 90.328500
v 64.717510 -2.828999 94.777140
v 64.895320 -5.137755 88.636880
v 50.373390 10.552410 92.263450
v 54.078200 10.528790 92.845440
v 56.804000 8.806793 92.324050
v 56.261030 7.689668 91.892300
v 59.938130 6.345195 92.022530
v 59.007920 6.100032 91.521920
v 62.256500 3.649808 90.488220
v 64.712890 -0.724135 86.977180
v 62.256500 3.649808 90.488220
v 63.029350 4.520556 97.405600
v 64.839780 1.213511 92.982980
v 65.560700 -1.797778 88.133490
v 64.712890 -0.724135 86.977180
v -45.231750 -4.439386 97.751530
v -48.369930 -6.115159 98.938310
v -51.422520 -6.884343 98.068140
v -51.507210 -6.171391 96.966450
v -55.256110 -7.306463 97.020030
v -54.534660 -6.942940 96.296600
v -59.948610 -2.224937 91.959430
v -58.308070 -7.862884 94.702700
v -61.995440 -8.647589 89.877740
v -62.828930 -4.664011 87.995100
v -58.308070 -7.862884 94.702700
v -59.846210 -4.760735 100.803200
v -62.241460 -6.362576 95.756380
v -63.504250 -7.793869 90.328510
v -61.995440 -8.647589 89.877740
v -64.717510 -2.829010 94.777160
v -64.895320 -5.137764 88.636900
v -50.373380 10.552400 92.263460
v -56.261020 7.689657 91.892310
v -56.803990 8.806786 92.324060
v -54.078190 10.528780 92.845440
v -59.938120 6.345181 92.022540
v -59.007920 6.100021 91.521930
v -64.712890 -0.724147 86.977200
v -62.256490 3.649795 90.488240
v -62.256490 3.649795 90.488240
v -64.839780 1.213497 92.982990
v -63.029340 4.520545 97.405620
v -64.712890 -0.724147 86.977200
v -65.560700 -1.797792 88.133510
v 0.000000 -12.055210 81.693410
v 65.456210 -7.787878 81.923010
v 62.747310 -0.023324 100.617400
v 61.560800 1.823265 104.528200
v 58.791560 -0.894835 106.116700
v 59.690320 2.644480 105.019200
v 55.319740 -2.794320 103.840100
v 52.846620 -4.301753 103.975300
v 56.044790 -6.522560 102.664000
v 52.055320 -1.653788 104.761200
v 51.372540 -2.588058 102.926800
v 47.344040 -3.681469 103.550100
v 52.744110 -6.187977 102.229000
v 43.214490 0.527911 105.687800
v 46.881210 -2.294166 101.989900
v 45.365840 -5.060592 100.407200
v 49.729230 -6.317340 101.092000
v 40.691490 -1.368922 101.597700
v 58.120160 -4.167207 103.358600
v 56.046020 -0.019917 106.105300
v 65.456210 -7.787878 81.923010
v 54.534670 -6.942930 96.296590
v 61.120300 5.895218 103.631100
v 58.885260 7.601891 100.034400
v 61.281250 8.745754 97.074750
v 57.730190 9.937570 98.762650
v 55.794130 9.247709 100.770500
v 55.383670 9.107469 98.645390
v 58.330310 10.100070 96.266410
v 52.836610 12.333570 97.687480
v 47.605220 13.330260 101.001200
v 51.387470 10.845040 97.179970
v 55.724870 11.164560 94.692370
v 51.355480 12.403790 94.013950
v 45.775410 13.454570 96.171260
v 61.815110 6.606399 99.414720
v 58.409030 6.870058 103.583100
v 59.007920 6.100032 91.521920
v -65.456220 -7.787887 81.923030
v -62.747280 -0.023447 100.617500
v -61.560790 1.823220 104.528300
v -58.791550 -0.894845 106.116800
v -59.690310 2.644456 105.019200
v -55.319730 -2.794330 103.840100
v -56.044780 -6.522569 102.664100
v -52.846620 -4.301760 103.975300
v -52.055320 -1.653800 104.761200
v -51.372530 -2.588065 102.926800
v -52.744110 -6.187985 102.229000
v -47.344040 -3.681478 103.550100
v -43.214480 0.527902 105.687800
v -46.881200 -2.294174 101.989900
v -49.729220 -6.317347 101.092000
v -45.365840 -5.060602 100.407200
v -40.691480 -1.368932 101.597700
v -58.120150 -4.167216 103.358700
v -56.046020 -0.019925 106.105400
v -65.456220 -7.787887 81.923030
v -54.534660 -6.942940 96.296600
v -61.120300 5.895203 103.631100
v -58.885250 7.601877 100.034400
v -57.730180 9.937563 98.762660
v -61.281250 8.745744 97.074750
v -55.794120 9.247701 100.770500
v -55.383660 9.107459 98.645400
v -52.836610 12.333560 97.687490
v -58.330310 10.100060 96.266430
v -47.605210 13.330250 101.001200
v -51.387470 10.845030 97.179980
v -51.355480 12.403770 94.013960
v -55.724860 11.164560 94.692380
v -45.775390 13.454560 96.171260
v -61.815100 6.606385 99.414730
v -58.409030 6.870048 103.583200
v -59.007920 6.100021 91.521930
v 8.064063 -11.539480 79.924260
v 8.056447 -12.556220 74.150480
v 19.721860 -8.957541 81.587430
v 17.645980 -11.111260 65.596120
v 19.461700 -10.727940 73.082190
v 8.045759 -13.376380 68.092120
v 8.889532 -12.124110 58.157730
v -8.066319 -11.540280 79.924370
v -19.721850 -8.957542 81.587420
v -8.056448 -12.556220 74.150500
v -17.645980 -11.111260 65.596130
v -8.045760 -13.376390 68.092120
v -19.461700 -10.727940 73.082180
v -8.889537 -12.124120 58.157740
v -11.737360 -7.734760 96.318200
v -14.758240 -0.322459 99.204570
v -17.088890 -0.525045 98.305910
v -12.600840 -8.952464 94.646880
v -20.919530 -0.366768 86.982910
v -19.721850 -8.957542 81.587420
v -13.968520 -8.471402 91.394230
v -17.808870 -0.083701 94.001500
v -8.815137 14.121210 98.422100
v -7.731472 12.476490 99.736230
v 0.000001 12.896210 99.770030
v 0.000002 14.904810 98.630200
v -14.688100 8.199758 99.820370
v -15.533480 9.175535 98.814230
v -8.066319 -11.540280 79.924370
v -8.047154 -11.193140 87.042980
v -8.346904 -11.686700 91.327970
v -11.222520 18.323420 91.545880
v -17.721830 11.671770 90.600030
v 0.000000 20.413760 91.207840
v -4.055676 -11.586840 85.401440
v -3.655872 -12.868040 88.182300
v 0.000000 -12.391760 86.756730
v -2.651783 -10.926360 90.397860
v 0.000000 -11.169900 89.743600
v -24.631900 -0.806928 71.045810
v -20.650370 -9.489706 73.082200
v -23.151240 -0.841781 81.399470
v -3.240791 -9.708573 78.154400
v 0.000000 -10.372040 78.167570
v 0.000000 -11.214270 81.229830
v -3.577219 -10.719240 81.411280
v 0.000003 -12.149670 148.586300
v 0.000004 -12.202580 149.107100
v -0.647867 -11.885160 148.942400
v 0.000003 -11.539680 148.326400
v -1.996127 -11.606450 153.154700
v 0.000006 -10.806410 156.650800
v -3.397597 -9.687906 156.367300
v -5.079038 -6.052197 155.310000
v -3.853264 -10.270470 154.402600
v -6.272344 -0.560758 162.167200
v -7.807314 0.241228 158.617700
v -7.613307 -3.971748 157.228900
v -2.879676 -9.348194 146.316900
v -1.084663 -10.348910 146.631500
v -1.153872 -10.502810 147.723600
v -3.548848 -9.117816 147.322900
v -1.499462 -10.019140 149.030300
v -0.749727 -10.367670 148.690000
v -6.964337 -4.231131 151.745000
v -8.113329 -3.428594 149.269000
v -6.863418 -4.715284 147.560000
v -3.697644 -9.031336 148.226200
v -2.545275 -9.129595 143.380600
v -4.042525 -8.867363 140.496100
v 0.000007 -11.487180 140.483000
v 0.000008 -10.783110 143.079800
v -0.977215 -9.832971 146.352600
v 0.000009 -10.095080 146.293100
v 0.000009 -10.676380 146.805700
v -4.408119 -7.945160 145.810300
v -3.190403 -8.457295 145.312900
v -2.064036 -9.441935 146.161000
v -0.944454 -10.123720 145.701600
v -1.919502 -9.251450 144.872100
v 0.000008 -9.890974 144.761200
v 0.000008 -10.256890 145.627800
v -4.023737 -7.683884 144.363900
v -3.707245 5.115866 164.668000
v -3.617222 -1.636685 164.311100
v 0.000004 -1.727167 163.645600
v 0.000002 5.084540 164.622500
v -3.375001 -10.283950 134.841500
v 0.000007 -11.950470 135.038900
v 0.000007 -10.223620 157.648100
v -2.922705 -9.323402 157.571300
v 0.000001 11.824420 156.224500
v 0.000001 13.002340 149.795900
v -8.253867 10.133020 149.722600
v -6.249743 10.500450 155.845600
v 0.000002 19.792060 145.920100
v -8.415148 15.253760 146.517200
v -5.099570 -10.496120 155.342200
v -7.455590 -7.353154 156.186300
v -9.035205 -5.705443 151.590000
v -6.399577 -8.147173 150.523100
v -5.059632 -8.015131 160.618800
v -2.881353 -7.839344 162.393000
v -9.372431 -1.426350 152.575800
v -7.613308 -3.971747 157.228900
v -10.293560 3.378981 153.321000
v -11.864810 5.501686 150.246500
v -11.050810 1.464119 149.192800
v -9.372431 -1.426350 152.575800
v -8.163683 11.714220 150.544900
v -9.149857 7.147892 153.843300
v -6.543475 11.322710 154.767300
v 0.000000 13.180820 154.824800
v 0.000000 15.429060 151.008900
v -5.034069 13.747650 150.633500
v 0.000002 9.820133 161.358800
v -4.070843 9.510790 161.381800
v -12.567320 -4.263971 144.892500
v -9.690706 -7.857288 143.587800
v -13.460360 0.025769 146.207100
v -6.855467 5.971164 160.431600
v -8.795235 7.204884 156.900100
v -10.200540 3.749320 155.592300
v -7.807313 0.241230 158.617700
v -14.218710 4.506223 147.508500
v -15.052840 7.474644 148.326200
v -10.922200 8.694875 150.079700
v -13.966400 10.443030 148.490100
v -4.456172 17.291840 148.189700
v 0.000000 19.350870 148.059900
v -8.767237 18.690860 143.663600
v 0.000001 25.435720 141.146700
v -12.464880 11.385080 144.589200
v -10.666450 10.731240 146.610900
v -7.613308 -3.971747 157.228900
v -10.132880 0.527314 154.626400
v -7.831103 14.323970 153.945200
v -12.310110 9.354590 153.643200
v -5.874461 10.939660 157.323600
v 0.000001 12.477850 157.605800
v -0.000001 16.554170 154.601300
v -1.084662 -10.348910 146.631500
v -1.153871 -10.502810 147.723600
v -3.208457 -10.345370 146.606800
v -2.354403 -9.994766 145.312500
v -5.202652 -8.451125 145.954600
v -4.625651 -9.604623 144.926300
v -3.576093 -9.336782 147.928400
v -3.695718 -9.310299 144.271000
v -1.499462 -10.019140 149.030300
v -21.232030 11.800790 80.409620
v -22.578000 11.221480 72.452640
v -12.660240 21.552810 81.453400
v -13.607760 23.163720 72.896710
v 0.000000 23.475760 81.737130
v -7.302193 -10.279470 92.783290
v 0.000000 25.353670 72.930040
v -10.323410 24.433650 61.610090
v -15.625150 21.977950 60.407680
v -8.925789 25.922200 53.548130
v -0.000001 26.557680 62.349800
v -0.000001 30.098980 50.585960
v -1.810766 -11.064360 158.663000
v -6.855467 5.971164 160.431600
v -7.835246 -2.794538 153.411100
v 0.000006 -7.326006 162.228000
v -4.982418 -6.301427 149.234800
v 0.000004 -14.460630 128.431000
v -4.283401 -9.155367 150.260500
v -4.633200 -9.073552 151.343200
v -5.091246 -7.814641 151.183100
v -4.635325 -8.543457 152.703200
v -3.418020 -9.746729 151.615400
v -3.505134 -10.906440 158.948700
v -4.011161 -10.545560 153.051600
v -5.517049 -6.025631 152.105700
v 0.000005 -11.710160 152.901500
v -1.419743 -10.388400 150.576900
v -0.573740 -11.334230 150.702700
v -1.353842 -10.354040 151.543400
v 0.000005 -11.158660 152.028900
v -0.541716 -10.943640 152.070200
v 0.000004 -11.617900 150.733300
v -0.599197 -11.729870 149.751500
v -1.230092 -10.901780 149.090300
v -7.938924 6.526510 154.929500
v -8.767144 0.535933 154.261100
v -6.583830 -7.967210 158.280800
v -1.440674 -9.764495 160.868000
v -10.286940 -0.747391 141.712200
v -5.268162 -6.875322 145.199000
v 0.000009 -10.682620 147.663900
v -11.973400 2.434709 144.172500
v -12.399190 6.774586 145.544500
v -8.030370 -4.591696 138.736000
v -6.150584 -7.117769 134.448700
v -5.679655 -6.864075 142.564500
v 0.000002 9.820133 161.358800
v -4.070843 9.510790 161.381800
v -7.938924 6.526510 154.929500
v -6.583830 -7.967210 158.280800
v -6.855467 5.971164 160.431600
v -12.399190 6.774586 145.544500
v -6.855467 5.971164 160.043400
v -7.807319 0.241229 158.229500
v -7.613308 -3.971747 157.228900
v 0.000002 9.820131 160.970600
v -4.070841 9.510792 160.993600
v -12.939990 5.635204 153.794300
v 0.000002 9.820133 161.358800
v -4.070843 9.510790 161.381800
v -3.505133 -10.906440 158.948700
v -6.687519 -6.204242 142.373500
v 0.000003 -10.716190 148.349700
v -0.703846 -11.291970 148.604500
v 0.000004 -12.072400 149.799000
v 0.000008 -9.939190 160.236600
v 11.737360 -7.734756 96.318200
v 12.600840 -8.952461 94.646880
v 17.088900 -0.525030 98.305910
v 14.758250 -0.322454 99.204570
v 20.919530 -0.366772 86.982910
v 17.808870 -0.083700 94.001500
v 13.968520 -8.471400 91.394230
v 19.721860 -8.957541 81.587430
v 8.815139 14.121210 98.422100
v 7.731474 12.476500 99.736230
v 15.533490 9.175535 98.814230
v 14.688100 8.199759 99.820370
v 8.047163 -11.193140 87.042980
v 8.064063 -11.539480 79.924260
v 8.346913 -11.686700 91.327970
v 17.725670 11.669750 90.600130
v 11.222520 18.323420 91.545870
v 4.055684 -11.586830 85.401440
v 3.655877 -12.868040 88.182300
v 2.651790 -10.926360 90.397860
v 24.631900 -0.806928 71.045820
v 23.151240 -0.841783 81.399460
v 20.650380 -9.489700 73.082210
v 3.240795 -9.708572 78.154400
v 3.577226 -10.719240 81.411280
v 0.647880 -11.885160 148.942400
v 1.996137 -11.606450 153.154700
v 3.853276 -10.270470 154.402600
v 3.397610 -9.687909 156.367300
v 5.079049 -6.052197 155.310000
v 6.272352 -0.560756 162.167200
v 7.613316 -3.971751 157.228900
v 7.807320 0.241233 158.617700
v 2.879686 -9.348193 146.316900
v 3.548858 -9.117814 147.322900
v 1.153883 -10.502810 147.723600
v 1.084680 -10.348910 146.631500
v 1.499474 -10.019140 149.030300
v 0.749739 -10.367670 148.690000
v 6.964349 -4.231130 151.745000
v 4.982430 -6.301423 149.234800
v 6.863429 -4.715278 147.560000
v 3.697656 -9.031340 148.226200
v 2.545290 -9.129594 143.380600
v 4.042538 -8.867363 140.496100
v 0.977231 -9.832971 146.352600
v 4.408131 -7.945164 145.810300
v 2.064046 -9.441934 146.161000
v 3.190412 -8.457294 145.312900
v 0.944465 -10.123720 145.701600
v 1.919511 -9.251450 144.872100
v 4.023750 -7.683880 144.363900
v 3.707249 5.115867 164.668000
v 3.617229 -1.636684 164.311100
v 3.375015 -10.283950 134.841500
v 2.922720 -9.323400 157.571300
v 6.249746 10.500450 155.845600
v 8.253870 10.133020 149.722700
v 8.415149 15.253760 146.517200
v 5.099583 -10.496120 155.342200
v 6.399591 -8.147175 150.523100
v 9.035216 -5.705439 151.590000
v 7.455600 -7.353150 156.186300
v 2.881363 -7.839343 162.393000
v 5.059642 -8.015130 160.618800
v 9.372437 -1.426347 152.575900
v 7.613317 -3.971751 157.228900
v 10.293560 3.378983 153.321000
v 9.372437 -1.426347 152.575900
v 11.050820 1.464119 149.192800
v 11.864810 5.501686 150.246600
v 8.163685 11.714220 150.544900
v 6.543477 11.322720 154.767300
v 9.149858 7.147898 153.843300
v 5.034070 13.747650 150.633500
v 4.070843 9.510792 161.381800
v 9.690717 -7.857284 143.587800
v 12.567330 -4.263974 144.892600
v 13.460370 0.025771 146.207200
v 6.855470 5.971163 160.431600
v 7.807320 0.241234 158.617700
v 10.200540 3.749319 155.592300
v 8.795236 7.204887 156.900100
v 14.218710 4.506226 147.508500
v 15.052850 7.474647 148.326200
v 13.966410 10.443030 148.490100
v 10.922200 8.694874 150.079700
v 4.456172 17.291850 148.189700
v 8.767234 18.690860 143.663600
v 12.464880 11.385080 144.589200
v 10.666450 10.731240 146.610900
v 7.613317 -3.971751 157.228900
v 10.132890 0.527320 154.626400
v 7.831105 14.323970 153.945300
v 5.874465 10.939670 157.323600
v 12.310120 9.354590 153.643200
v 1.084680 -10.348910 146.631500
v 2.354420 -9.994765 145.312500
v 3.208470 -10.345380 146.606800
v 1.153883 -10.502810 147.723600
v 5.202666 -8.451120 145.954600
v 3.576104 -9.336781 147.928400
v 4.625669 -9.604624 144.926300
v 3.695733 -9.310296 144.271000
v 1.499474 -10.019140 149.030300
v 22.578010 11.221480 72.452640
v 21.232030 11.800790 80.409620
v 13.607750 23.163720 72.896710
v 12.660240 21.552820 81.453390
v 7.302201 -10.279470 92.783290
v 10.323400 24.433650 61.610090
v 15.625150 21.977950 60.407680
v 8.925786 25.922200 53.548130
v 1.810776 -11.064360 158.663000
v 6.855470 5.971163 160.431600
v 7.835255 -2.794533 153.411100
v 4.283415 -9.155370 150.260500
v 5.091258 -7.814639 151.183100
v 4.633214 -9.073550 151.343200
v 4.635339 -8.543455 152.703200
v 3.418034 -9.746729 151.615400
v 3.505144 -10.906440 158.948700
v 4.011177 -10.545560 153.051600
v 5.517060 -6.025629 152.105700
v 1.419756 -10.388400 150.576900
v 1.353856 -10.354040 151.543400
v 0.573754 -11.334230 150.702700
v 0.541731 -10.943640 152.070200
v 1.230105 -10.901780 149.090300
v 0.599211 -11.729870 149.751500
v 8.767150 0.535929 154.261100
v 7.938928 6.526515 154.929500
v 6.583844 -7.967204 158.280800
v 1.440685 -9.764494 160.868000
v 5.268175 -6.875319 145.199000
v 10.286940 -0.747387 141.712200
v 11.973400 2.434711 144.172500
v 8.113339 -3.428594 149.269000
v 12.399200 6.774587 145.544500
v 6.150599 -7.117767 134.448700
v 8.030380 -4.591693 138.736000
v 5.679665 -6.864074 142.564500
v 4.070843 9.510792 161.381800
v 7.938928 6.526515 154.929500
v 6.583844 -7.967204 158.280800
v 6.855470 5.971163 160.431600
v 12.399200 6.774587 145.544500
v 6.855470 5.971163 160.043400
v 7.807324 0.241233 158.229500
v 7.613317 -3.971751 157.228900
v 4.070843 9.510793 160.993600
v 12.940000 5.635208 153.794300
v 4.070843 9.510792 161.381800
v 3.505145 -10.906440 158.948700
v 6.687532 -6.204237 142.373500
v 0.703859 -11.291970 148.604500
v -104.928200 -16.313370 91.156850
v -107.509800 -1.912726 89.367430
v -106.749600 -1.799705 92.679410
v -104.653300 -17.796950 96.015640
v -107.603200 -15.559810 89.813070
v -111.672000 -1.862318 87.669240
v -113.837900 -13.964490 91.224030
v -111.672000 -1.862318 87.669240
v -108.034300 -11.091350 95.601940
v -111.243500 -16.263100 96.759790
v -119.461800 -10.410340 90.448590
v -121.654100 -1.707639 86.849780
v -118.100500 -7.395787 84.102290
v -116.382400 -10.893530 85.181280
v -121.178800 -11.956340 92.843340
v -126.406800 -1.614994 87.939430
v -119.761700 -12.156670 97.567170
v -123.594000 -1.430102 97.026680
v -107.050600 -15.427780 103.600300
v -105.188200 -1.480932 107.000300
v -112.604200 -1.366752 107.467800
v -112.964200 -13.421590 105.641300
v -126.224800 -9.207636 105.190500
v -129.884300 -1.178452 103.708200
v -130.176000 -8.124648 114.630200
v -134.212500 -0.761033 118.222800
v -131.068000 -6.633169 121.014000
v -132.977100 -0.543830 127.735300
v -120.101200 -1.121829 112.916800
v -131.068000 -6.633169 121.014000
v -118.773800 -11.562950 110.166600
v -104.527500 12.624060 90.444120
v -104.208400 14.336840 95.224170
v -107.223300 11.879560 89.137250
v -113.498800 10.528740 90.620760
v -110.838100 13.024390 96.038440
v -107.774000 7.715098 95.138750
v -119.219400 7.097688 90.017360
v -116.131400 7.235628 84.734760
v -117.946400 3.737895 83.828060
v -120.891400 8.806586 92.331980
v -119.466000 9.199904 97.041170
v -106.665100 12.411080 102.914700
v -112.630700 10.672170 105.047800
v -126.003100 6.809634 104.796000
v -129.976200 6.302324 114.274800
v -130.904800 5.152119 120.723700
v -118.486400 9.199973 109.655200
v -130.904800 5.152119 120.723700
v -103.273700 -1.644018 68.552440
v -103.904600 -7.137647 68.576160
v -106.884600 -4.846199 63.393390
v -106.443700 -1.676991 63.589980
v -103.904600 -7.137647 68.576160
v -103.442100 -10.577610 72.093100
v -110.243500 -7.704399 70.276940
v -106.619300 -5.267727 66.561040
v -107.746800 -4.077565 62.840640
v -106.884600 -4.846199 63.393390
v -108.995300 -1.656122 65.735860
v -109.030500 -1.683487 62.313080
v -106.873000 1.490834 63.350650
v -103.884500 3.851683 68.502080
v -103.884500 3.851683 68.502080
v -106.606000 1.963935 66.512250
v -110.221300 4.497813 70.194710
v -103.409300 7.370396 71.972080
v -106.873000 1.490834 63.350650
v -107.738000 0.717980 62.808330
v -118.773800 -11.562950 110.166600
v -100.870000 -1.696488 102.204500
v -112.239700 -9.008816 83.157830
v -111.835400 -9.175362 77.708180
v -112.239600 -9.008813 83.157810
v -113.338500 -12.341550 85.804510
v -98.243950 -22.979060 110.330000
v -105.188200 -1.480932 107.000300
v -107.050600 -15.427780 103.600300
v -112.964200 -13.421590 105.641300
v -101.853700 -23.231480 102.208200
v -121.654100 -1.707639 86.849780
v -111.672000 -1.862318 87.669240
v -118.100500 -7.395787 84.102290
v -112.239600 -9.008813 83.157810
v -111.835400 -9.175362 77.708180
v -98.243950 -22.979060 110.330000
v -100.870000 -1.696488 102.204500
v -105.188200 -1.480932 107.000300
v -132.977100 -0.543830 127.735300
v -118.486400 9.199973 109.655200
v -112.043800 5.139714 82.809320
v -111.638800 5.026558 77.358390
v -113.048200 8.627812 85.288030
v -112.043800 5.139710 82.809320
v -97.051320 11.892450 112.888100
v -106.665100 12.411080 102.914700
v -112.630700 10.672170 105.047800
v -100.918700 15.396770 103.183600
v -117.946400 3.737895 83.828060
v -112.043800 5.139710 82.809320
v -111.638800 5.026558 77.358390
v -97.051320 11.892450 112.888100
v -109.018400 -1.799700 81.489200
v -102.109200 -12.491890 80.283830
v -104.507800 -1.589824 74.385550
v -102.631400 -11.889910 76.529310
v -107.193800 -1.710080 56.345150
v -112.496500 -1.603499 69.591860
v -116.305200 -1.571997 73.233180
v -115.977400 -6.022185 75.322830
v -116.011400 -1.556005 75.684650
v -111.444300 -8.390188 76.944930
v -109.855600 -11.616080 73.961330
v -110.005100 -10.907170 78.734840
v -110.939500 -8.695194 81.108680
v -108.498900 -9.225067 80.599470
v -107.765700 -12.268220 77.227610
v -106.844500 -12.042530 84.331090
v -107.766500 -9.881727 91.317750
v -105.265400 -10.151530 84.827500
v -105.003300 -13.041380 79.704110
v -102.289500 -13.003380 84.368560
v -101.844900 -11.221560 91.266440
v -112.118400 -8.661574 73.308170
v -114.721400 -6.068984 78.467370
v -107.193800 -1.710080 56.345150
v -104.507800 -1.589824 74.385550
v -102.069200 9.390107 80.136320
v -102.593700 8.739418 76.390190
v -115.961100 2.904783 75.262660
v -111.419300 5.277833 76.852750
v -109.970900 7.813455 78.608600
v -109.818800 8.457363 73.825970
v -110.913400 5.637151 81.012050
v -108.470900 6.151189 80.495800
v -106.806100 9.012626 84.189190
v -107.726500 9.145877 77.083180
v -107.735700 6.949673 91.204300
v -105.233900 7.122752 84.711000
v -102.247600 9.957266 84.213710
v -104.961300 9.942291 79.549130
v -101.809300 8.267054 91.135060
v -112.092500 5.502617 73.212660
v -114.704800 2.989372 78.406270
v -43.331790 -3.970729 108.909900
v -42.524690 -2.725365 106.771200
v -40.555790 -1.200003 109.708300
v -41.352360 -3.691130 111.901700
v -45.514450 -3.992354 108.954600
v -45.458970 -2.420751 106.748200
v -49.130840 -2.992936 111.717700
v -50.030800 -0.942707 108.407300
v -44.756640 0.386307 111.618300
v -45.384160 -2.924906 114.418700
v -53.429910 -1.223445 112.626700
v -57.491070 3.432891 109.695700
v -55.171600 -0.769220 107.896200
v -53.149550 -2.679481 108.559900
v -53.425930 -1.741640 114.922400
v -60.037700 3.460570 112.021800
v -51.033180 -0.579105 117.182800
v -55.486710 6.077097 116.231500
v -46.073500 9.061825 117.321500
v -48.836200 10.190560 123.292900
v -46.546840 3.080079 124.005600
v -40.830020 -0.362611 116.708500
v -39.495090 2.414180 116.521200
v -44.127550 1.087813 119.643100
v -42.241530 9.269654 114.604400
v -53.064560 2.874550 123.368200
v -57.218620 7.531152 122.317500
v -52.658380 5.728831 130.050600
v -55.308570 11.214630 132.197700
v -51.445700 8.273807 133.785200
v -51.582910 13.857530 137.215900
v -51.445700 8.273807 133.785200
v -48.612460 14.876770 102.904200
v -47.216330 17.238210 105.232600
v -45.010900 14.700910 104.641500
v -46.997740 13.239620 101.684000
v -50.521740 13.879440 103.259700
v -49.393500 11.622170 102.273500
v -53.600510 12.959970 106.634300
v -50.728730 16.150600 108.340400
v -48.188550 12.635310 107.715100
v -52.906240 9.320158 105.137100
v -56.624890 10.179860 108.993100
v -56.457870 9.128386 104.797300
v -57.203340 6.482363 105.585500
v -57.214870 11.781640 110.613200
v -54.930450 13.330830 112.750400
v -45.910230 17.769370 110.930800
v -48.524330 16.780540 114.642600
v -43.405960 16.372640 112.073300
v -55.987490 13.306890 120.043900
v -55.291100 15.125370 127.056300
v -53.596350 15.949770 131.339200
v -50.335790 16.603360 119.696400
v -53.596350 15.949770 131.339200
v -46.546840 3.080079 124.005600
v -33.623150 -0.537907 112.096500
v -50.044640 -3.408734 104.239400
v -53.084090 -3.155172 102.273300
v -51.630170 -1.686022 105.541000
v -50.845200 -3.273096 108.096100
v -31.984670 -3.034592 118.850500
v -39.495090 2.414180 116.521200
v -40.830020 -0.362611 116.708500
v -44.127550 1.087813 119.643100
v -36.699170 -5.501932 115.499300
v -57.491070 3.432891 109.695700
v -50.030800 -0.942707 108.407300
v -55.171600 -0.769220 107.896200
v -51.630170 -1.686022 105.541000
v -53.084090 -3.155172 102.273300
v -31.984670 -3.034592 118.850500
v -33.623150 -0.537907 112.096500
v -39.495090 2.414180 116.521200
v -51.582910 13.857530 137.215900
v -50.335790 16.603360 119.696400
v -39.047600 18.822710 105.927300
v -53.458600 8.776197 100.356700
v -55.675740 6.094805 99.325770
v -54.671810 10.384650 103.744100
v -54.212080 7.529173 102.604600
v -36.834690 20.593370 113.334500
v -45.910230 17.769370 110.930800
v -43.405960 16.372640 112.073300
v -48.524330 16.780540 114.642600
v -42.894800 20.173630 108.453000
v -57.203340 6.482363 105.585500
v -52.906240 9.320158 105.137100
v -54.212080 7.529173 102.604600
v -55.675740 6.094805 99.325770
v -36.834690 20.593370 113.334500
v -43.405960 16.372640 112.073300
v -39.047600 18.822710 105.927300
v 3.662757 -11.387150 156.508900
v 3.505145 -10.906440 158.948700
v 2.354783 -11.927200 156.490200
v 3.179591 -11.404780 152.995500
v 3.526445 -11.594890 154.981400
v 2.536267 -11.917590 154.926200
v 2.370366 -11.799430 152.901600
v 1.481802 -10.800330 150.006300
v 1.810779 -11.064370 158.662900
vt 0.163290 0.282071 0.000000
vt 0.203180 0.270679 0.000000
vt 0.182273 0.261298 0.000000
vt 0.163290 0.282071 0.000000
vt 0.182273 0.261298 0.000000
vt 0.203180 0.270679 0.000000
vt 0.039409 0.508896 0.000000
vt 0.025291 0.512025 0.000000
vt 0.025291 0.544491 0.000000
vt 0.083616 0.417236 0.000000
vt 0.075636 0.423030 0.000000
vt 0.095300 0.453178 0.000000
vt 0.108222 0.454147 0.000000
vt 0.106727 0.468835 0.000000
vt 0.115369 0.493735 0.000000
vt 0.136873 0.473627 0.000000
vt 0.049942 0.445561 0.000000
vt 0.051940 0.401244 0.000000
vt 0.060914 0.470874 0.000000
vt 0.085845 0.482329 0.000000
vt 0.073043 0.448927 0.000000
vt 0.025266 0.446256 0.000000
vt 0.039409 0.508896 0.000000
vt 0.056767 0.500650 0.000000
vt 0.039409 0.537003 0.000000
vt 0.025291 0.362747 0.000000
vt 0.025291 0.333496 0.000000
vt 0.025291 0.396217 0.000000
vt 0.089308 0.402534 0.000000
vt 0.093627 0.463157 0.000000
vt 0.093434 0.509530 0.000000
vt 0.114927 0.440094 0.000000
vt 0.179732 0.487975 0.000000
vt 0.160637 0.485648 0.000000
vt 0.179732 0.541239 0.000000
vt 0.148428 0.445317 0.000000
vt 0.086202 0.377491 0.000000
vt 0.179732 0.434711 0.000000
vt 0.093627 0.463157 0.000000
vt 0.095300 0.453178 0.000000
vt 0.073043 0.448927 0.000000
vt 0.075636 0.423030 0.000000
vt 0.049942 0.445561 0.000000
vt 0.025291 0.396217 0.000000
vt 0.025266 0.446256 0.000000
vt 0.060914 0.470874 0.000000
vt 0.039409 0.537003 0.000000
vt 0.039409 0.508896 0.000000
vt 0.083616 0.417236 0.000000
vt 0.108222 0.454147 0.000000
vt 0.095300 0.453178 0.000000
vt 0.075636 0.423030 0.000000
vt 0.106727 0.468835 0.000000
vt 0.136873 0.473627 0.000000
vt 0.115369 0.493735 0.000000
vt 0.049942 0.445561 0.000000
vt 0.051940 0.401244 0.000000
vt 0.060914 0.470874 0.000000
vt 0.073043 0.448927 0.000000
vt 0.085845 0.482329 0.000000
vt 0.056767 0.500650 0.000000
vt 0.039409 0.508896 0.000000
vt 0.039409 0.537003 0.000000
vt 0.089308 0.402534 0.000000
vt 0.093627 0.463157 0.000000
vt 0.093434 0.509530 0.000000
vt 0.114927 0.440094 0.000000
vt 0.179732 0.487975 0.000000
vt 0.179732 0.541239 0.000000
vt 0.160637 0.485648 0.000000
vt 0.148428 0.445317 0.000000
vt 0.086202 0.377491 0.000000
vt 0.179732 0.434711 0.000000
vt 0.093627 0.463157 0.000000
vt 0.073043 0.448927 0.000000
vt 0.095300 0.453178 0.000000
vt 0.075636 0.423030 0.000000
vt 0.049942 0.445561 0.000000
vt 0.060914 0.470874 0.000000
vt 0.039409 0.537003 0.000000
vt 0.503755 0.815722 0.000000
vt 0.484872 0.815722 0.000000
vt 0.484872 0.804439 0.000000
vt 0.505606 0.800592 0.000000
vt 0.511782 0.824528 0.000000
vt 0.515967 0.814362 0.000000
vt 0.512993 0.853634 0.000000
vt 0.491642 0.847918 0.000000
vt 0.509546 0.842316 0.000000
vt 0.522451 0.842316 0.000000
vt 0.524053 0.874017 0.000000
vt 0.538253 0.855501 0.000000
vt 0.549249 0.864107 0.000000
vt 0.554520 0.890528 0.000000
vt 0.512993 0.880933 0.000000
vt 0.546141 0.907680 0.000000
vt 0.491642 0.885566 0.000000
vt 0.515372 0.922558 0.000000
vt 0.431061 0.879865 0.000000
vt 0.447029 0.896373 0.000000
vt 0.422191 0.913002 0.000000
vt 0.460239 0.836046 0.000000
vt 0.460239 0.865471 0.000000
vt 0.441048 0.836046 0.000000
vt 0.431061 0.836046 0.000000
vt 0.471400 0.918503 0.000000
vt 0.489262 0.947029 0.000000
vt 0.441810 0.942185 0.000000
vt 0.439035 0.975277 0.000000
vt 0.422191 0.955500 0.000000
vt 0.404614 0.985470 0.000000
vt 0.422191 0.955500 0.000000
vt 0.503755 0.815722 0.000000
vt 0.505606 0.800592 0.000000
vt 0.484872 0.804439 0.000000
vt 0.484872 0.815722 0.000000
vt 0.511782 0.824528 0.000000
vt 0.515967 0.814362 0.000000
vt 0.512993 0.853634 0.000000
vt 0.522451 0.842316 0.000000
vt 0.509546 0.842316 0.000000
vt 0.491642 0.847918 0.000000
vt 0.524053 0.874017 0.000000
vt 0.549249 0.864107 0.000000
vt 0.538253 0.855501 0.000000
vt 0.512993 0.880933 0.000000
vt 0.491642 0.885566 0.000000
vt 0.460239 0.836046 0.000000
vt 0.441048 0.836046 0.000000
vt 0.460239 0.865471 0.000000
vt 0.471400 0.918503 0.000000
vt 0.441810 0.942185 0.000000
vt 0.422191 0.955500 0.000000
vt 0.422191 0.955500 0.000000
vt 0.447029 0.896373 0.000000
vt 0.447029 0.896373 0.000000
vt 0.448823 0.782359 0.000000
vt 0.544087 0.824528 0.000000
vt 0.561432 0.830465 0.000000
vt 0.533135 0.845666 0.000000
vt 0.540660 0.836903 0.000000
vt 0.407444 0.802353 0.000000
vt 0.460239 0.836046 0.000000
vt 0.441048 0.836046 0.000000
vt 0.460239 0.865471 0.000000
vt 0.451300 0.811811 0.000000
vt 0.554520 0.890528 0.000000
vt 0.549249 0.864107 0.000000
vt 0.559084 0.866151 0.000000
vt 0.561432 0.849407 0.000000
vt 0.561432 0.830465 0.000000
vt 0.407444 0.802353 0.000000
vt 0.407444 0.802353 0.000000
vt 0.448823 0.782359 0.000000
vt 0.404614 0.985470 0.000000
vt 0.447029 0.896373 0.000000
vt 0.448823 0.782359 0.000000
vt 0.544087 0.824528 0.000000
vt 0.561432 0.830465 0.000000
vt 0.540660 0.836903 0.000000
vt 0.533135 0.845666 0.000000
vt 0.407444 0.802353 0.000000
vt 0.441048 0.836046 0.000000
vt 0.460239 0.836046 0.000000
vt 0.460239 0.865471 0.000000
vt 0.451300 0.811811 0.000000
vt 0.559084 0.866151 0.000000
vt 0.549249 0.864107 0.000000
vt 0.561432 0.849407 0.000000
vt 0.561432 0.830465 0.000000
vt 0.407444 0.802353 0.000000
vt 0.448823 0.782359 0.000000
vt 0.407444 0.802353 0.000000
vt 0.524851 0.063762 0.000000
vt 0.524851 0.017522 0.000000
vt 0.593183 0.017522 0.000000
vt 0.593183 0.063762 0.000000
vt 0.446088 0.063762 0.000000
vt 0.446088 0.017522 0.000000
vt 0.676879 0.038483 0.000000
vt 0.634111 0.063762 0.000000
vt 0.645006 0.017522 0.000000
vt 0.685786 0.017522 0.000000
vt 0.365899 0.063762 0.000000
vt 0.365899 0.017522 0.000000
vt 0.593183 0.017522 0.000000
vt 0.524851 0.017522 0.000000
vt 0.446088 0.017522 0.000000
vt 0.676879 0.038483 0.000000
vt 0.685786 0.017522 0.000000
vt 0.645006 0.017522 0.000000
vt 0.365899 0.017522 0.000000
vt 0.529067 0.588407 0.000000
vt 0.499318 0.606757 0.000000
vt 0.493527 0.624648 0.000000
vt 0.511462 0.614025 0.000000
vt 0.472230 0.636541 0.000000
vt 0.481037 0.617072 0.000000
vt 0.450184 0.617072 0.000000
vt 0.423257 0.596922 0.000000
vt 0.416244 0.610798 0.000000
vt 0.450184 0.630211 0.000000
vt 0.450184 0.630211 0.000000
vt 0.429583 0.655952 0.000000
vt 0.456819 0.688533 0.000000
vt 0.416244 0.610798 0.000000
vt 0.405274 0.615979 0.000000
vt 0.406732 0.673768 0.000000
vt 0.392298 0.615979 0.000000
vt 0.529067 0.588407 0.000000
vt 0.511462 0.614025 0.000000
vt 0.493527 0.624648 0.000000
vt 0.499318 0.606757 0.000000
vt 0.472230 0.636541 0.000000
vt 0.481037 0.617072 0.000000
vt 0.450184 0.630211 0.000000
vt 0.416244 0.610798 0.000000
vt 0.450184 0.630211 0.000000
vt 0.456819 0.688533 0.000000
vt 0.429583 0.655952 0.000000
vt 0.405274 0.615979 0.000000
vt 0.416244 0.610798 0.000000
vt 0.529067 0.588407 0.000000
vt 0.511462 0.614025 0.000000
vt 0.493527 0.624648 0.000000
vt 0.499318 0.606757 0.000000
vt 0.472230 0.636541 0.000000
vt 0.481037 0.617072 0.000000
vt 0.450184 0.617072 0.000000
vt 0.450184 0.630211 0.000000
vt 0.416244 0.610798 0.000000
vt 0.423257 0.596922 0.000000
vt 0.450184 0.630211 0.000000
vt 0.456819 0.688533 0.000000
vt 0.429583 0.655952 0.000000
vt 0.405274 0.615979 0.000000
vt 0.416244 0.610798 0.000000
vt 0.406732 0.673768 0.000000
vt 0.392298 0.615979 0.000000
vt 0.529067 0.588407 0.000000
vt 0.499318 0.606757 0.000000
vt 0.493527 0.624648 0.000000
vt 0.511462 0.614025 0.000000
vt 0.472230 0.636541 0.000000
vt 0.481037 0.617072 0.000000
vt 0.416244 0.610798 0.000000
vt 0.450184 0.630211 0.000000
vt 0.450184 0.630211 0.000000
vt 0.429583 0.655952 0.000000
vt 0.456819 0.688533 0.000000
vt 0.416244 0.610798 0.000000
vt 0.405274 0.615979 0.000000
vt 0.664144 0.063762 0.000000
vt 0.383918 0.557420 0.000000
vt 0.430621 0.724680 0.000000
vt 0.452997 0.756632 0.000000
vt 0.478645 0.741314 0.000000
vt 0.468214 0.766073 0.000000
vt 0.496060 0.708830 0.000000
vt 0.507668 0.683673 0.000000
vt 0.484763 0.680028 0.000000
vt 0.520668 0.698477 0.000000
vt 0.520668 0.677233 0.000000
vt 0.537965 0.647928 0.000000
vt 0.498844 0.659436 0.000000
vt 0.583174 0.647928 0.000000
vt 0.545313 0.630647 0.000000
vt 0.535438 0.609228 0.000000
vt 0.511521 0.634264 0.000000
vt 0.576311 0.592946 0.000000
vt 0.474900 0.703576 0.000000
vt 0.496060 0.743745 0.000000
vt 0.383918 0.557420 0.000000
vt 0.481037 0.617072 0.000000
vt 0.478645 0.741314 0.000000
vt 0.496060 0.708830 0.000000
vt 0.484763 0.680028 0.000000
vt 0.507668 0.683673 0.000000
vt 0.520668 0.698477 0.000000
vt 0.520668 0.677233 0.000000
vt 0.498844 0.659436 0.000000
vt 0.537965 0.647928 0.000000
vt 0.583174 0.647928 0.000000
vt 0.545313 0.630647 0.000000
vt 0.511521 0.634264 0.000000
vt 0.535438 0.609228 0.000000
vt 0.576311 0.592946 0.000000
vt 0.474900 0.703576 0.000000
vt 0.496060 0.743745 0.000000
vt 0.481037 0.617072 0.000000
vt 0.383918 0.557420 0.000000
vt 0.430621 0.724680 0.000000
vt 0.452997 0.756632 0.000000
vt 0.478645 0.741314 0.000000
vt 0.468214 0.766073 0.000000
vt 0.496060 0.708830 0.000000
vt 0.484763 0.680028 0.000000
vt 0.507668 0.683673 0.000000
vt 0.520668 0.698477 0.000000
vt 0.520668 0.677233 0.000000
vt 0.498844 0.659436 0.000000
vt 0.537965 0.647928 0.000000
vt 0.583174 0.647928 0.000000
vt 0.545313 0.630647 0.000000
vt 0.511521 0.634264 0.000000
vt 0.535438 0.609228 0.000000
vt 0.576311 0.592946 0.000000
vt 0.474900 0.703576 0.000000
vt 0.496060 0.743745 0.000000
vt 0.383918 0.557420 0.000000
vt 0.481037 0.617072 0.000000
vt 0.478645 0.741314 0.000000
vt 0.496060 0.708830 0.000000
vt 0.507668 0.683673 0.000000
vt 0.484763 0.680028 0.000000
vt 0.520668 0.698477 0.000000
vt 0.520668 0.677233 0.000000
vt 0.537965 0.647928 0.000000
vt 0.498844 0.659436 0.000000
vt 0.583174 0.647928 0.000000
vt 0.545313 0.630647 0.000000
vt 0.535438 0.609228 0.000000
vt 0.511521 0.634264 0.000000
vt 0.576311 0.592946 0.000000
vt 0.474900 0.703576 0.000000
vt 0.496060 0.743745 0.000000
vt 0.481037 0.617072 0.000000
vt 0.862850 0.489267 0.000000
vt 0.862850 0.441504 0.000000
vt 0.784764 0.489267 0.000000
vt 0.794442 0.387118 0.000000
vt 0.784764 0.438632 0.000000
vt 0.862850 0.400100 0.000000
vt 0.850517 0.333378 0.000000
vt 0.862850 0.489267 0.000000
vt 0.784764 0.489267 0.000000
vt 0.862850 0.441504 0.000000
vt 0.794442 0.387118 0.000000
vt 0.862850 0.400100 0.000000
vt 0.784764 0.438632 0.000000
vt 0.850517 0.333378 0.000000
vt 0.211521 0.355435 0.000000
vt 0.264642 0.355435 0.000000
vt 0.264642 0.341440 0.000000
vt 0.211521 0.341440 0.000000
vt 0.251646 0.289738 0.000000
vt 0.203180 0.270679 0.000000
vt 0.211521 0.318997 0.000000
vt 0.264642 0.318997 0.000000
vt 0.367457 0.341440 0.000000
vt 0.367457 0.355435 0.000000
vt 0.423939 0.355435 0.000000
vt 0.423939 0.341440 0.000000
vt 0.317749 0.355435 0.000000
vt 0.317749 0.341440 0.000000
vt 0.163290 0.282071 0.000000
vt 0.175363 0.318997 0.000000
vt 0.175363 0.341440 0.000000
vt 0.367457 0.300946 0.000000
vt 0.317749 0.300946 0.000000
vt 0.424385 0.300946 0.000000
vt 0.147732 0.313914 0.000000
vt 0.147732 0.341440 0.000000
vt 0.125130 0.341440 0.000000
vt 0.147732 0.355435 0.000000
vt 0.125130 0.355435 0.000000
vt 0.231128 0.205577 0.000000
vt 0.186917 0.228903 0.000000
vt 0.242296 0.257127 0.000000
vt 0.136304 0.282534 0.000000
vt 0.125130 0.287013 0.000000
vt 0.125130 0.302874 0.000000
vt 0.142449 0.298026 0.000000
vt 0.008375 0.747100 0.000000
vt 0.008375 0.751531 0.000000
vt 0.019842 0.749557 0.000000
vt 0.008375 0.737901 0.000000
vt 0.034901 0.804669 0.000000
vt 0.018782 0.849489 0.000000
vt 0.066305 0.849489 0.000000
vt 0.114245 0.834182 0.000000
vt 0.066305 0.819646 0.000000
vt 0.139778 0.904636 0.000000
vt 0.158943 0.872950 0.000000
vt 0.129361 0.851023 0.000000
vt 0.054452 0.709305 0.000000
vt 0.031764 0.711618 0.000000
vt 0.032877 0.724307 0.000000
vt 0.065269 0.723366 0.000000
vt 0.038150 0.746394 0.000000
vt 0.025032 0.737072 0.000000
vt 0.135540 0.785599 0.000000
vt 0.160897 0.764182 0.000000
vt 0.145653 0.737998 0.000000
vt 0.067505 0.736856 0.000000
vt 0.051995 0.672748 0.000000
vt 0.068879 0.653793 0.000000
vt 0.009940 0.647516 0.000000
vt 0.008375 0.665670 0.000000
vt 0.030068 0.704306 0.000000
vt 0.008375 0.704175 0.000000
vt 0.008375 0.713292 0.000000
vt 0.085151 0.705337 0.000000
vt 0.065041 0.693574 0.000000
vt 0.043017 0.703935 0.000000
vt 0.028005 0.696416 0.000000
vt 0.043022 0.686038 0.000000
vt 0.008375 0.684448 0.000000
vt 0.008375 0.695751 0.000000
vt 0.078651 0.686810 0.000000
vt 0.152681 0.958755 0.000000
vt 0.115217 0.927440 0.000000
vt 0.093803 0.953439 0.000000
vt 0.143536 0.980888 0.000000
vt 0.063203 0.613194 0.000000
vt 0.016407 0.613194 0.000000
vt 0.023850 0.859766 0.000000
vt 0.063997 0.859766 0.000000
vt 0.214763 0.697514 0.000000
vt 0.192154 0.658749 0.000000
vt 0.256932 0.632788 0.000000
vt 0.256925 0.678925 0.000000
vt 0.151877 0.615681 0.000000
vt 0.223136 0.596712 0.000000
vt 0.314465 0.677640 0.000000
vt 0.346163 0.677640 0.000000
vt 0.343868 0.632677 0.000000
vt 0.314465 0.632677 0.000000
vt 0.086789 0.887512 0.000000
vt 0.077040 0.901089 0.000000
vt 0.377934 0.632677 0.000000
vt 0.373286 0.677640 0.000000
vt 0.259789 0.926348 0.000000
vt 0.266887 0.894452 0.000000
vt 0.228868 0.897641 0.000000
vt 0.218156 0.936662 0.000000
vt 0.324451 0.886232 0.000000
vt 0.292353 0.922306 0.000000
vt 0.343726 0.916097 0.000000
vt 0.392563 0.923854 0.000000
vt 0.397499 0.886873 0.000000
vt 0.350934 0.882327 0.000000
vt 0.188636 0.991729 0.000000
vt 0.188636 0.958755 0.000000
vt 0.351092 0.577571 0.000000
vt 0.321441 0.576132 0.000000
vt 0.370835 0.577867 0.000000
vt 0.311390 0.822918 0.000000
vt 0.300181 0.786887 0.000000
vt 0.265938 0.792694 0.000000
vt 0.266157 0.831304 0.000000
vt 0.236530 0.854995 0.000000
vt 0.262242 0.847252 0.000000
vt 0.291426 0.881666 0.000000
vt 0.288924 0.842446 0.000000
vt 0.369473 0.847921 0.000000
vt 0.411578 0.847280 0.000000
vt 0.200558 0.564917 0.000000
vt 0.115044 0.571743 0.000000
vt 0.261838 0.575981 0.000000
vt 0.260974 0.599558 0.000000
vt 0.229832 0.847771 0.000000
vt 0.239692 0.804797 0.000000
vt 0.341633 0.735357 0.000000
vt 0.287660 0.744575 0.000000
vt 0.340157 0.778226 0.000000
vt 0.391078 0.789294 0.000000
vt 0.407174 0.750280 0.000000
vt 0.121022 0.553780 0.000000
vt 0.124439 0.545292 0.000000
vt 0.108443 0.547193 0.000000
vt 0.108443 0.559877 0.000000
vt 0.087442 0.541625 0.000000
vt 0.093379 0.551142 0.000000
vt 0.108443 0.533887 0.000000
vt 0.093379 0.559877 0.000000
vt 0.127363 0.533667 0.000000
vt 0.302143 0.244782 0.000000
vt 0.292503 0.205577 0.000000
vt 0.367650 0.247741 0.000000
vt 0.364571 0.205577 0.000000
vt 0.424385 0.251726 0.000000
vt 0.175363 0.355435 0.000000
vt 0.424385 0.205577 0.000000
vt 0.375858 0.151333 0.000000
vt 0.348435 0.145054 0.000000
vt 0.381851 0.110308 0.000000
vt 0.424385 0.154623 0.000000
vt 0.424385 0.092448 0.000000
vt 0.046535 0.868607 0.000000
vt 0.188636 0.911280 0.000000
vt 0.146253 0.810242 0.000000
vt 0.055194 0.923386 0.000000
vt 0.109355 0.754747 0.000000
vt 0.024861 0.560517 0.000000
vt 0.073646 0.762498 0.000000
vt 0.078810 0.777118 0.000000
vt 0.094508 0.776094 0.000000
vt 0.083031 0.795392 0.000000
vt 0.060449 0.778056 0.000000
vt 0.065905 0.874393 0.000000
vt 0.063662 0.799860 0.000000
vt 0.116620 0.789151 0.000000
vt 0.008375 0.799966 0.000000
vt 0.036407 0.764641 0.000000
vt 0.019842 0.766806 0.000000
vt 0.033894 0.777761 0.000000
vt 0.008375 0.785745 0.000000
vt 0.021559 0.785745 0.000000
vt 0.008375 0.766806 0.000000
vt 0.019842 0.757994 0.000000
vt 0.029302 0.745677 0.000000
vt 0.188636 0.850804 0.000000
vt 0.161104 0.831539 0.000000
vt 0.096577 0.866862 0.000000
vt 0.054015 0.896924 0.000000
vt 0.183183 0.682490 0.000000
vt 0.107269 0.702970 0.000000
vt 0.008375 0.724307 0.000000
vt 0.209489 0.756471 0.000000
vt 0.226847 0.795013 0.000000
vt 0.141812 0.649183 0.000000
vt 0.099463 0.613194 0.000000
vt 0.098084 0.676787 0.000000
vt 0.232818 0.741360 0.000000
vt 0.254382 0.734090 0.000000
vt 0.302443 0.670188 0.000000
vt 0.349085 0.703036 0.000000
vt 0.295223 0.723084 0.000000
vt 0.290068 0.600656 0.000000
vt 0.308480 0.985275 0.000000
vt 0.253673 0.985275 0.000000
vt 0.213203 0.985275 0.000000
vt 0.384800 0.985275 0.000000
vt 0.358239 0.985275 0.000000
vt 0.261865 0.761337 0.000000
vt 0.379870 0.821006 0.000000
vt 0.356095 0.816496 0.000000
vt 0.322142 0.723062 0.000000
vt 0.056633 0.559877 0.000000
vt 0.008375 0.732338 0.000000
vt 0.021947 0.740460 0.000000
vt 0.008375 0.758990 0.000000
vt 0.033657 0.895273 0.000000
vt 0.211521 0.355435 0.000000
vt 0.211521 0.341440 0.000000
vt 0.264642 0.341440 0.000000
vt 0.264642 0.355435 0.000000
vt 0.251619 0.289872 0.000000
vt 0.264642 0.318997 0.000000
vt 0.211521 0.318997 0.000000
vt 0.203180 0.270679 0.000000
vt 0.367457 0.341440 0.000000
vt 0.367457 0.355435 0.000000
vt 0.317749 0.341440 0.000000
vt 0.317749 0.355435 0.000000
vt 0.175363 0.318997 0.000000
vt 0.163290 0.282071 0.000000
vt 0.175363 0.341440 0.000000
vt 0.317749 0.300946 0.000000
vt 0.367457 0.300946 0.000000
vt 0.147732 0.313914 0.000000
vt 0.147732 0.341440 0.000000
vt 0.147732 0.355435 0.000000
vt 0.231128 0.205577 0.000000
vt 0.242296 0.257127 0.000000
vt 0.186917 0.228903 0.000000
vt 0.136304 0.282534 0.000000
vt 0.142449 0.298026 0.000000
vt 0.019842 0.749557 0.000000
vt 0.034901 0.804669 0.000000
vt 0.066305 0.819646 0.000000
vt 0.066305 0.849489 0.000000
vt 0.114245 0.834182 0.000000
vt 0.139778 0.904636 0.000000
vt 0.129361 0.851023 0.000000
vt 0.158943 0.872950 0.000000
vt 0.054452 0.709305 0.000000
vt 0.065269 0.723366 0.000000
vt 0.032877 0.724307 0.000000
vt 0.031764 0.711618 0.000000
vt 0.038150 0.746394 0.000000
vt 0.025032 0.737072 0.000000
vt 0.135575 0.785739 0.000000
vt 0.109355 0.754747 0.000000
vt 0.145653 0.737998 0.000000
vt 0.067505 0.736856 0.000000
vt 0.051995 0.672748 0.000000
vt 0.068879 0.653793 0.000000
vt 0.030068 0.704306 0.000000
vt 0.085151 0.705337 0.000000
vt 0.043017 0.703935 0.000000
vt 0.065041 0.693574 0.000000
vt 0.028005 0.696416 0.000000
vt 0.043022 0.686038 0.000000
vt 0.078651 0.686810 0.000000
vt 0.152681 0.958755 0.000000
vt 0.115217 0.927440 0.000000
vt 0.063203 0.613194 0.000000
vt 0.063997 0.859766 0.000000
vt 0.256925 0.678925 0.000000
vt 0.256932 0.632788 0.000000
vt 0.223136 0.596712 0.000000
vt 0.314465 0.677640 0.000000
vt 0.314465 0.632677 0.000000
vt 0.343868 0.632677 0.000000
vt 0.346163 0.677640 0.000000
vt 0.077040 0.901089 0.000000
vt 0.086789 0.887512 0.000000
vt 0.377934 0.632677 0.000000
vt 0.373286 0.677640 0.000000
vt 0.259789 0.926348 0.000000
vt 0.218156 0.936662 0.000000
vt 0.228868 0.897641 0.000000
vt 0.266887 0.894452 0.000000
vt 0.324451 0.886232 0.000000
vt 0.343726 0.916097 0.000000
vt 0.292353 0.922306 0.000000
vt 0.350934 0.882327 0.000000
vt 0.188636 0.958755 0.000000
vt 0.321441 0.576132 0.000000
vt 0.351092 0.577571 0.000000
vt 0.370835 0.577867 0.000000
vt 0.311390 0.822918 0.000000
vt 0.266157 0.831304 0.000000
vt 0.265938 0.792694 0.000000
vt 0.300181 0.786887 0.000000
vt 0.236530 0.854995 0.000000
vt 0.262242 0.847252 0.000000
vt 0.288924 0.842446 0.000000
vt 0.291426 0.881666 0.000000
vt 0.369473 0.847921 0.000000
vt 0.200558 0.564917 0.000000
vt 0.261838 0.575981 0.000000
vt 0.260974 0.599558 0.000000
vt 0.229832 0.847771 0.000000
vt 0.239692 0.804797 0.000000
vt 0.341633 0.735357 0.000000
vt 0.340232 0.778295 0.000000
vt 0.287660 0.744575 0.000000
vt 0.121022 0.553780 0.000000
vt 0.108443 0.559877 0.000000
vt 0.108443 0.547193 0.000000
vt 0.124439 0.545292 0.000000
vt 0.087442 0.541625 0.000000
vt 0.108443 0.533887 0.000000
vt 0.093379 0.551142 0.000000
vt 0.093379 0.559877 0.000000
vt 0.127363 0.533667 0.000000
vt 0.292503 0.205577 0.000000
vt 0.302143 0.244782 0.000000
vt 0.364571 0.205577 0.000000
vt 0.367650 0.247741 0.000000
vt 0.175363 0.355435 0.000000
vt 0.375858 0.151333 0.000000
vt 0.348435 0.145054 0.000000
vt 0.381851 0.110308 0.000000
vt 0.046535 0.868607 0.000000
vt 0.188636 0.911280 0.000000
vt 0.146253 0.810242 0.000000
vt 0.073646 0.762498 0.000000
vt 0.094508 0.776094 0.000000
vt 0.078810 0.777118 0.000000
vt 0.083031 0.795392 0.000000
vt 0.060449 0.778056 0.000000
vt 0.065905 0.874393 0.000000
vt 0.063662 0.799860 0.000000
vt 0.116620 0.789151 0.000000
vt 0.036406 0.764633 0.000000
vt 0.033894 0.777761 0.000000
vt 0.019842 0.766806 0.000000
vt 0.021559 0.785745 0.000000
vt 0.029302 0.745677 0.000000
vt 0.019842 0.757994 0.000000
vt 0.161104 0.831539 0.000000
vt 0.188636 0.850804 0.000000
vt 0.096577 0.866862 0.000000
vt 0.054015 0.896924 0.000000
vt 0.107269 0.702970 0.000000
vt 0.183183 0.682490 0.000000
vt 0.209489 0.756471 0.000000
vt 0.160897 0.764182 0.000000
vt 0.226847 0.795013 0.000000
vt 0.099463 0.613194 0.000000
vt 0.141812 0.649183 0.000000
vt 0.098084 0.676787 0.000000
vt 0.254382 0.734090 0.000000
vt 0.302443 0.670188 0.000000
vt 0.349085 0.703036 0.000000
vt 0.295223 0.723084 0.000000
vt 0.290068 0.600656 0.000000
vt 0.308480 0.985275 0.000000
vt 0.253673 0.985275 0.000000
vt 0.213203 0.985275 0.000000
vt 0.358239 0.985275 0.000000
vt 0.261865 0.761337 0.000000
vt 0.356095 0.816496 0.000000
vt 0.322142 0.723062 0.000000
vt 0.056633 0.559877 0.000000
vt 0.021947 0.740460 0.000000
vt 0.503755 0.815722 0.000000
vt 0.505606 0.800592 0.000000
vt 0.484872 0.804439 0.000000
vt 0.484872 0.815722 0.000000
vt 0.511782 0.824528 0.000000
vt 0.515967 0.814362 0.000000
vt 0.512993 0.853634 0.000000
vt 0.522451 0.842316 0.000000
vt 0.509546 0.842316 0.000000
vt 0.491642 0.847918 0.000000
vt 0.524053 0.874017 0.000000
vt 0.554520 0.890528 0.000000
vt 0.549249 0.864107 0.000000
vt 0.538253 0.855501 0.000000
vt 0.512993 0.880933 0.000000
vt 0.546141 0.907680 0.000000
vt 0.491642 0.885566 0.000000
vt 0.515372 0.922558 0.000000
vt 0.460239 0.836046 0.000000
vt 0.441048 0.836046 0.000000
vt 0.431061 0.879865 0.000000
vt 0.460239 0.865471 0.000000
vt 0.471400 0.918503 0.000000
vt 0.489262 0.947029 0.000000
vt 0.441810 0.942185 0.000000
vt 0.439035 0.975277 0.000000
vt 0.422191 0.955500 0.000000
vt 0.404614 0.985470 0.000000
vt 0.422191 0.913002 0.000000
vt 0.422191 0.955500 0.000000
vt 0.447029 0.896373 0.000000
vt 0.503755 0.815722 0.000000
vt 0.484872 0.815722 0.000000
vt 0.511782 0.824528 0.000000
vt 0.512993 0.853634 0.000000
vt 0.491642 0.847918 0.000000
vt 0.509546 0.842316 0.000000
vt 0.524053 0.874017 0.000000
vt 0.538253 0.855501 0.000000
vt 0.549249 0.864107 0.000000
vt 0.512993 0.880933 0.000000
vt 0.491642 0.885566 0.000000
vt 0.460239 0.836046 0.000000
vt 0.460239 0.865471 0.000000
vt 0.471400 0.918503 0.000000
vt 0.441810 0.942185 0.000000
vt 0.422191 0.955500 0.000000
vt 0.447029 0.896373 0.000000
vt 0.422191 0.955500 0.000000
vt 0.450184 0.617072 0.000000
vt 0.450184 0.630211 0.000000
vt 0.416244 0.610798 0.000000
vt 0.423257 0.596922 0.000000
vt 0.450184 0.630211 0.000000
vt 0.472230 0.636541 0.000000
vt 0.456819 0.688533 0.000000
vt 0.429583 0.655952 0.000000
vt 0.405274 0.615979 0.000000
vt 0.416244 0.610798 0.000000
vt 0.406732 0.673768 0.000000
vt 0.392298 0.615979 0.000000
vt 0.416244 0.610798 0.000000
vt 0.450184 0.630211 0.000000
vt 0.450184 0.630211 0.000000
vt 0.429583 0.655952 0.000000
vt 0.456819 0.688533 0.000000
vt 0.472230 0.636541 0.000000
vt 0.416244 0.610798 0.000000
vt 0.405274 0.615979 0.000000
vt 0.447029 0.896373 0.000000
vt 0.448823 0.782359 0.000000
vt 0.544087 0.824528 0.000000
vt 0.561432 0.830465 0.000000
vt 0.540660 0.836903 0.000000
vt 0.533135 0.845666 0.000000
vt 0.407444 0.802353 0.000000
vt 0.441048 0.836046 0.000000
vt 0.460239 0.836046 0.000000
vt 0.460239 0.865471 0.000000
vt 0.451300 0.811811 0.000000
vt 0.554520 0.890528 0.000000
vt 0.559084 0.866151 0.000000
vt 0.549249 0.864107 0.000000
vt 0.561432 0.849407 0.000000
vt 0.561432 0.830465 0.000000
vt 0.407444 0.802353 0.000000
vt 0.448823 0.782359 0.000000
vt 0.407444 0.802353 0.000000
vt 0.404614 0.985470 0.000000
vt 0.447029 0.896373 0.000000
vt 0.544087 0.824528 0.000000
vt 0.561432 0.830465 0.000000
vt 0.533135 0.845666 0.000000
vt 0.540660 0.836903 0.000000
vt 0.407444 0.802353 0.000000
vt 0.460239 0.836046 0.000000
vt 0.460239 0.865471 0.000000
vt 0.451300 0.811811 0.000000
vt 0.549249 0.864107 0.000000
vt 0.561432 0.849407 0.000000
vt 0.561432 0.830465 0.000000
vt 0.407444 0.802353 0.000000
vt 0.529067 0.588407 0.000000
vt 0.511462 0.614025 0.000000
vt 0.481037 0.617072 0.000000
vt 0.493527 0.624648 0.000000
vt 0.383918 0.557420 0.000000
vt 0.430621 0.724680 0.000000
vt 0.452997 0.756632 0.000000
vt 0.478645 0.741314 0.000000
vt 0.468214 0.766073 0.000000
vt 0.496060 0.708830 0.000000
vt 0.484763 0.680028 0.000000
vt 0.507668 0.683673 0.000000
vt 0.520668 0.698477 0.000000
vt 0.520668 0.677233 0.000000
vt 0.498844 0.659436 0.000000
vt 0.537965 0.647928 0.000000
vt 0.583174 0.647928 0.000000
vt 0.545313 0.630647 0.000000
vt 0.511521 0.634264 0.000000
vt 0.535438 0.609228 0.000000
vt 0.576311 0.592946 0.000000
vt 0.474900 0.703576 0.000000
vt 0.496060 0.743745 0.000000
vt 0.383918 0.557420 0.000000
vt 0.481037 0.617072 0.000000
vt 0.511462 0.614025 0.000000
vt 0.493527 0.624648 0.000000
vt 0.478645 0.741314 0.000000
vt 0.496060 0.708830 0.000000
vt 0.507668 0.683673 0.000000
vt 0.484763 0.680028 0.000000
vt 0.520668 0.698477 0.000000
vt 0.520668 0.677233 0.000000
vt 0.537965 0.647928 0.000000
vt 0.498844 0.659436 0.000000
vt 0.583174 0.647928 0.000000
vt 0.545313 0.630647 0.000000
vt 0.535438 0.609228 0.000000
vt 0.511521 0.634264 0.000000
vt 0.576311 0.592946 0.000000
vt 0.474900 0.703576 0.000000
vt 0.496060 0.743745 0.000000
vt 0.503755 0.815722 0.000000
vt 0.505606 0.800592 0.000000
vt 0.484872 0.804439 0.000000
vt 0.484872 0.815722 0.000000
vt 0.511782 0.824528 0.000000
vt 0.515967 0.814362 0.000000
vt 0.512993 0.853634 0.000000
vt 0.522451 0.842316 0.000000
vt 0.509546 0.842316 0.000000
vt 0.491642 0.847918 0.000000
vt 0.524053 0.874017 0.000000
vt 0.554520 0.890528 0.000000
vt 0.549249 0.864107 0.000000
vt 0.538253 0.855501 0.000000
vt 0.512993 0.880933 0.000000
vt 0.546141 0.907680 0.000000
vt 0.491642 0.885566 0.000000
vt 0.515372 0.922558 0.000000
vt 0.431061 0.879865 0.000000
vt 0.422191 0.913002 0.000000
vt 0.447029 0.896373 0.000000
vt 0.460239 0.836046 0.000000
vt 0.441048 0.836046 0.000000
vt 0.460239 0.865471 0.000000
vt 0.431061 0.836046 0.000000
vt 0.471400 0.918503 0.000000
vt 0.489262 0.947029 0.000000
vt 0.441810 0.942185 0.000000
vt 0.439035 0.975277 0.000000
vt 0.422191 0.955500 0.000000
vt 0.404614 0.985470 0.000000
vt 0.422191 0.955500 0.000000
vt 0.503755 0.815722 0.000000
vt 0.484872 0.815722 0.000000
vt 0.484872 0.804439 0.000000
vt 0.505606 0.800592 0.000000
vt 0.511782 0.824528 0.000000
vt 0.515967 0.814362 0.000000
vt 0.512993 0.853634 0.000000
vt 0.491642 0.847918 0.000000
vt 0.509546 0.842316 0.000000
vt 0.522451 0.842316 0.000000
vt 0.524053 0.874017 0.000000
vt 0.538253 0.855501 0.000000
vt 0.549249 0.864107 0.000000
vt 0.512993 0.880933 0.000000
vt 0.491642 0.885566 0.000000
vt 0.460239 0.836046 0.000000
vt 0.460239 0.865471 0.000000
vt 0.441048 0.836046 0.000000
vt 0.471400 0.918503 0.000000
vt 0.441810 0.942185 0.000000
vt 0.422191 0.955500 0.000000
vt 0.447029 0.896373 0.000000
vt 0.422191 0.955500 0.000000
vt 0.447029 0.896373 0.000000
vt 0.448823 0.782359 0.000000
vt 0.544087 0.824528 0.000000
vt 0.561432 0.830465 0.000000
vt 0.540660 0.836903 0.000000
vt 0.533135 0.845666 0.000000
vt 0.407444 0.802353 0.000000
vt 0.441048 0.836046 0.000000
vt 0.460239 0.836046 0.000000
vt 0.460239 0.865471 0.000000
vt 0.451300 0.811811 0.000000
vt 0.554520 0.890528 0.000000
vt 0.559084 0.866151 0.000000
vt 0.549249 0.864107 0.000000
vt 0.561432 0.849407 0.000000
vt 0.561432 0.830465 0.000000
vt 0.407444 0.802353 0.000000
vt 0.448823 0.782359 0.000000
vt 0.407444 0.802353 0.000000
vt 0.404614 0.985470 0.000000
vt 0.447029 0.896373 0.000000
vt 0.448823 0.782359 0.000000
vt 0.544087 0.824528 0.000000
vt 0.561432 0.830465 0.000000
vt 0.533135 0.845666 0.000000
vt 0.540660 0.836903 0.000000
vt 0.407444 0.802353 0.000000
vt 0.460239 0.836046 0.000000
vt 0.441048 0.836046 0.000000
vt 0.460239 0.865471 0.000000
vt 0.451300 0.811811 0.000000
vt 0.549249 0.864107 0.000000
vt 0.559084 0.866151 0.000000
vt 0.561432 0.849407 0.000000
vt 0.561432 0.830465 0.000000
vt 0.407444 0.802353 0.000000
vt 0.407444 0.802353 0.000000
vt 0.448823 0.782359 0.000000
vt 0.042327 0.960769 0.000000
vt 0.016489 0.934490 0.000000
vt 0.049284 0.954583 0.000000
vt 0.075711 0.979984 0.000000
vt 0.058257 0.972444 0.000000
vt 0.062368 0.965962 0.000000
vt 0.078577 0.975104 0.000000
vt 0.108121 0.985782 0.000000
vt 0.035711 0.926413 0.000000
usemtl Material_2
f 1640/1640 1641/1641 1642/1642
f 1643/1643 1644/1644 1645/1645
f 1646/1646 1647/1647 1648/1648
f 1649/1649 1650/1650 1651/1651
f 1651/1651 1652/1652 1649/1649
f 1653/1653 1654/1654 1655/1655
f 1656/1656 1650/1650 1657/1657
f 1658/1658 1659/1659 1660/1660
f 1661/1661 1662/1662 1663/1663
f 1662/1662 1664/1664 1663/1663
f 1665/1665 1657/1657 1666/1666
f 1656/1656 1657/1657 1667/1667
f 1657/1657 1665/1665 1667/1667
f 1668/1668 1649/1649 1652/1652
f 1668/1668 1657/1657 1649/1649
f 1666/1666 1657/1657 1668/1668
f 1659/1659 1653/1653 1669/1669
f 1661/1661 1663/1663 1658/1658
f 1659/1659 1658/1658 1663/1663
f 1653/1653 1659/1659 1654/1654
f 1652/1652 1651/1651 1669/1669
f 1663/1663 1670/1670 1659/1659
f 1659/1659 1669/1669 1660/1660
f 1652/1652 1669/1669 1653/1653
f 1657/1657 1650/1650 1649/1649
f 1663/1663 1664/1664 1670/1670
f 1659/1659 1670/1670 1654/1654
f 1655/1655 1652/1652 1653/1653
f 1671/1671 1652/1652 1655/1655
f 1672/1672 1673/1673 1674/1674
f 1655/1655 1675/1675 1671/1671
f 1673/1673 1655/1655 1674/1674
f 1676/1676 1671/1671 1675/1675
f 1677/1677 1676/1676 1675/1675
f 1678/1678 1679/1679 1680/1680
f 1681/1681 1682/1682 1680/1680
f 1682/1682 1683/1683 1684/1684
f 1646/1646 1684/1684 1647/1647
f 1682/1682 1684/1684 1685/1685
f 1680/1680 1679/1679 1681/1681
f 1680/1680 1682/1682 1685/1685
f 1655/1655 1673/1673 1675/1675
f 1675/1675 1673/1673 1672/1672
f 1672/1672 1677/1677 1675/1675
f 1646/1646 1648/1648 1686/1686
f 1652/1652 1671/1671 1668/1668
f 1687/1687 1648/1648 1647/1647
f 1688/1688 1689/1689 1690/1690
f 1690/1690 1691/1691 1688/1688
f 1692/1692 1693/1693 1694/1694
f 1695/1695 1696/1696 1691/1691
f 1697/1697 1698/1698 1699/1699
f 1661/1661 1700/1700 1701/1701
f 1701/1701 1700/1700 1702/1702
f 1665/1665 1666/1666 1696/1696
f 1695/1695 1667/1667 1696/1696
f 1696/1696 1667/1667 1665/1665
f 1703/1703 1689/1689 1688/1688
f 1703/1703 1688/1688 1696/1696
f 1666/1666 1703/1703 1696/1696
f 1699/1699 1704/1704 1692/1692
f 1661/1661 1697/1697 1700/1700
f 1699/1699 1700/1700 1697/1697
f 1692/1692 1694/1694 1699/1699
f 1689/1689 1704/1704 1690/1690
f 1700/1700 1699/1699 1705/1705
f 1699/1699 1698/1698 1704/1704
f 1689/1689 1692/1692 1704/1704
f 1696/1696 1688/1688 1691/1691
f 1700/1700 1705/1705 1702/1702
f 1699/1699 1694/1694 1705/1705
f 1693/1693 1692/1692 1689/1689
f 1706/1706 1693/1693 1689/1689
f 1707/1707 1708/1708 1709/1709
f 1693/1693 1706/1706 1710/1710
f 1709/1709 1708/1708 1693/1693
f 1711/1711 1710/1710 1706/1706
f 1712/1712 1710/1710 1711/1711
f 1713/1713 1714/1714 1715/1715
f 1716/1716 1714/1714 1717/1717
f 1717/1717 1684/1684 1683/1683
f 1687/1687 1647/1647 1684/1684
f 1717/1717 1718/1718 1684/1684
f 1714/1714 1716/1716 1715/1715
f 1714/1714 1718/1718 1717/1717
f 1693/1693 1710/1710 1709/1709
f 1710/1710 1712/1712 1707/1707
f 1707/1707 1709/1709 1710/1710
f 1687/1687 1719/1719 1648/1648
f 1689/1689 1703/1703 1706/1706
f 1720/1720 1721/1721 1722/1722
f 1722/1722 1723/1723 1720/1720
f 1724/1724 1720/1720 1723/1723
f 1723/1723 1725/1725 1724/1724
f 1726/1726 1727/1727 1728/1728
f 1728/1728 1729/1729 1726/1726
f 1730/1730 1731/1731 1732/1732
f 1732/1732 1733/1733 1730/1730
f 1734/1734 1730/1730 1733/1733
f 1733/1733 1735/1735 1734/1734
f 1736/1736 1734/1734 1735/1735
f 1735/1735 1737/1737 1736/1736
f 1738/1738 1739/1739 1740/1740
f 1741/1741 1742/1742 1738/1738
f 1738/1738 1743/1743 1741/1741
f 1726/1726 1734/1734 1736/1736
f 1736/1736 1727/1727 1726/1726
f 1738/1738 1744/1744 1743/1743
f 1745/1745 1737/1737 1746/1746
f 1745/1745 1736/1736 1737/1737
f 1747/1747 1745/1745 1746/1746
f 1746/1746 1748/1748 1747/1747
f 1749/1749 1747/1747 1748/1748
f 1748/1748 1750/1750 1749/1749
f 1740/1740 1739/1739 1751/1751
f 1752/1752 1753/1753 1754/1754
f 1754/1754 1755/1755 1752/1752
f 1756/1756 1757/1757 1753/1753
f 1753/1753 1752/1752 1756/1756
f 1758/1758 1759/1759 1760/1760
f 1760/1760 1761/1761 1758/1758
f 1762/1762 1733/1733 1763/1763
f 1763/1763 1764/1764 1762/1762
f 1765/1765 1735/1735 1733/1733
f 1733/1733 1762/1762 1765/1765
f 1766/1766 1737/1737 1735/1735
f 1735/1735 1765/1765 1766/1766
f 1767/1767 1768/1768 1738/1738
f 1738/1738 1769/1769 1767/1767
f 1758/1758 1761/1761 1766/1766
f 1766/1766 1765/1765 1758/1758
f 1744/1744 1738/1738 1768/1768
f 1737/1737 1770/1770 1746/1746
f 1737/1737 1766/1766 1770/1770
f 1771/1771 1748/1748 1746/1746
f 1746/1746 1770/1770 1771/1771
f 1772/1772 1750/1750 1748/1748
f 1748/1748 1771/1771 1772/1772
f 1740/1740 1773/1773 1774/1774
f 1747/1747 1775/1775 1745/1745
f 1722/1722 1721/1721 1776/1776
f 1777/1777 1724/1724 1725/1725
f 1778/1778 1779/1779 1780/1780
f 1732/1732 1731/1731 1778/1778
f 1781/1781 1782/1782 1783/1783
f 1747/1747 1749/1749 1775/1775
f 1782/1782 1721/1721 1727/1727
f 1784/1784 1782/1782 1727/1727
f 1784/1784 1727/1727 1736/1736
f 1775/1775 1784/1784 1736/1736
f 1775/1775 1736/1736 1745/1745
f 1726/1726 1779/1779 1731/1731
f 1726/1726 1731/1731 1730/1730
f 1726/1726 1730/1730 1734/1734
f 1776/1776 1721/1721 1785/1785
f 1782/1782 1785/1785 1721/1721
f 1721/1721 1720/1720 1727/1727
f 1724/1724 1777/1777 1727/1727
f 1727/1727 1720/1720 1724/1724
f 1728/1728 1727/1727 1777/1777
f 1782/1782 1781/1781 1785/1785
f 1785/1785 1781/1781 1776/1776
f 1779/1779 1726/1726 1729/1729
f 1731/1731 1779/1779 1778/1778
f 1786/1786 1787/1787 1788/1788
f 1779/1779 1729/1729 1780/1780
f 1789/1789 1787/1787 1790/1790
f 1787/1787 1789/1789 1788/1788
f 1791/1791 1792/1792 1793/1793
f 1738/1738 1742/1742 1739/1739
f 1740/1740 1751/1751 1794/1794
f 1771/1771 1770/1770 1795/1795
f 1754/1754 1796/1796 1755/1755
f 1797/1797 1757/1757 1756/1756
f 1798/1798 1799/1799 1800/1800
f 1763/1763 1798/1798 1764/1764
f 1801/1801 1802/1802 1803/1803
f 1771/1771 1795/1795 1772/1772
f 1803/1803 1761/1761 1755/1755
f 1804/1804 1761/1761 1803/1803
f 1804/1804 1766/1766 1761/1761
f 1795/1795 1766/1766 1804/1804
f 1795/1795 1770/1770 1766/1766
f 1758/1758 1764/1764 1800/1800
f 1758/1758 1762/1762 1764/1764
f 1758/1758 1765/1765 1762/1762
f 1796/1796 1805/1805 1755/1755
f 1803/1803 1755/1755 1805/1805
f 1755/1755 1761/1761 1752/1752
f 1756/1756 1761/1761 1797/1797
f 1761/1761 1756/1756 1752/1752
f 1760/1760 1797/1797 1761/1761
f 1803/1803 1805/1805 1801/1801
f 1805/1805 1796/1796 1801/1801
f 1800/1800 1759/1759 1758/1758
f 1764/1764 1798/1798 1800/1800
f 1786/1786 1806/1806 1807/1807
f 1800/1800 1799/1799 1759/1759
f 1808/1808 1809/1809 1807/1807
f 1807/1807 1806/1806 1808/1808
f 1810/1810 1811/1811 1812/1812
f 1738/1738 1774/1774 1769/1769
f 1740/1740 1794/1794 1773/1773
f 1738/1738 1740/1740 1774/1774
f 1813/1813 1814/1814 1815/1815
f 1815/1815 1816/1816 1813/1813
f 1813/1813 1817/1817 1818/1818
f 1818/1818 1814/1814 1813/1813
f 1819/1819 1820/1820 1821/1821
f 1821/1821 1822/1822 1819/1819
f 1817/1817 1823/1823 1824/1824
f 1824/1824 1818/1818 1817/1817
f 1813/1813 1816/1816 1825/1825
f 1825/1825 1826/1826 1813/1813
f 1813/1813 1826/1826 1827/1827
f 1827/1827 1817/1817 1813/1813
f 1828/1828 1829/1829 1830/1830
f 1830/1830 1820/1820 1828/1828
f 1817/1817 1827/1827 1831/1831
f 1831/1831 1823/1823 1817/1817
f 1832/1832 1833/1833 1834/1834
f 1834/1834 1835/1835 1832/1832
f 1836/1836 1834/1834 1833/1833
f 1833/1833 1837/1837 1836/1836
f 1838/1838 1839/1839 1840/1840
f 1840/1840 1841/1841 1838/1838
f 1842/1842 1843/1843 1844/1844
f 1844/1844 1836/1836 1842/1842
f 1843/1843 1842/1842 1845/1845
f 1845/1845 1846/1846 1843/1843
f 1847/1847 1843/1843 1846/1846
f 1846/1846 1848/1848 1847/1847
f 1849/1849 1850/1850 1851/1851
f 1851/1851 1852/1852 1849/1849
f 1853/1853 1854/1854 1852/1852
f 1852/1852 1851/1851 1853/1853
f 1838/1838 1855/1855 1856/1856
f 1856/1856 1839/1839 1838/1838
f 1857/1857 1853/1853 1858/1858
f 1858/1858 1859/1859 1857/1857
f 1859/1859 1860/1860 1861/1861
f 1861/1861 1857/1857 1859/1859
f 1847/1847 1848/1848 1860/1860
f 1860/1860 1859/1859 1847/1847
f 1862/1862 1863/1863 1864/1864
f 1864/1864 1865/1865 1862/1862
f 1866/1866 1867/1867 1865/1865
f 1865/1865 1864/1864 1866/1866
f 1868/1868 1869/1869 1870/1870
f 1870/1870 1871/1871 1868/1868
f 1872/1872 1866/1866 1873/1873
f 1873/1873 1874/1874 1872/1872
f 1874/1874 1875/1875 1876/1876
f 1876/1876 1872/1872 1874/1874
f 1877/1877 1878/1878 1875/1875
f 1875/1875 1874/1874 1877/1877
f 1879/1879 1880/1880 1881/1881
f 1881/1881 1882/1882 1879/1879
f 1883/1883 1881/1881 1880/1880
f 1880/1880 1884/1884 1883/1883
f 1868/1868 1871/1871 1885/1885
f 1885/1885 1886/1886 1868/1868
f 1887/1887 1888/1888 1889/1889
f 1889/1889 1883/1883 1887/1887
f 1888/1888 1887/1887 1890/1890
f 1890/1890 1891/1891 1888/1888
f 1877/1877 1888/1888 1891/1891
f 1891/1891 1878/1878 1877/1877
f 1821/1821 1820/1820 1815/1815
f 1815/1815 1820/1820 1816/1816
f 1819/1819 1892/1892 1820/1820
f 1830/1830 1825/1825 1820/1820
f 1825/1825 1816/1816 1820/1820
f 1828/1828 1820/1820 1892/1892
f 1837/1837 1842/1842 1836/1836
f 1893/1893 1848/1848 1846/1846
f 1847/1847 1894/1894 1844/1844
f 1895/1895 1896/1896 1894/1894
f 1897/1897 1896/1896 1895/1895
f 1898/1898 1899/1899 1900/1900
f 1901/1901 1902/1902 1899/1899
f 1902/1902 1903/1903 1904/1904
f 1905/1905 1906/1906 1903/1903
f 1906/1906 1907/1907 1908/1908
f 1909/1909 1832/1832 1907/1907
f 1844/1844 1900/1900 1836/1836
f 1904/1904 1903/1903 1908/1908
f 1908/1908 1907/1907 1835/1835
f 1904/1904 1908/1908 1834/1834
f 1908/1908 1835/1835 1834/1834
f 1844/1844 1896/1896 1910/1910
f 1844/1844 1910/1910 1900/1900
f 1900/1900 1904/1904 1836/1836
f 1898/1898 1900/1900 1910/1910
f 1911/1911 1910/1910 1896/1896
f 1896/1896 1897/1897 1911/1911
f 1904/1904 1834/1834 1836/1836
f 1911/1911 1898/1898 1910/1910
f 1844/1844 1843/1843 1847/1847
f 1896/1896 1844/1844 1894/1894
f 1906/1906 1909/1909 1907/1907
f 1832/1832 1835/1835 1907/1907
f 1902/1902 1905/1905 1903/1903
f 1906/1906 1908/1908 1903/1903
f 1900/1900 1899/1899 1904/1904
f 1898/1898 1901/1901 1899/1899
f 1902/1902 1904/1904 1899/1899
f 1839/1839 1912/1912 1840/1840
f 1845/1845 1893/1893 1846/1846
f 1913/1913 1838/1838 1841/1841
f 1854/1854 1853/1853 1857/1857
f 1893/1893 1860/1860 1848/1848
f 1847/1847 1858/1858 1894/1894
f 1895/1895 1894/1894 1914/1914
f 1897/1897 1895/1895 1914/1914
f 1915/1915 1916/1916 1917/1917
f 1918/1918 1917/1917 1919/1919
f 1919/1919 1920/1920 1921/1921
f 1922/1922 1921/1921 1923/1923
f 1923/1923 1924/1924 1925/1925
f 1926/1926 1925/1925 1849/1849
f 1858/1858 1853/1853 1916/1916
f 1920/1920 1924/1924 1921/1921
f 1924/1924 1850/1850 1925/1925
f 1920/1920 1851/1851 1924/1924
f 1924/1924 1851/1851 1850/1850
f 1858/1858 1927/1927 1914/1914
f 1858/1858 1916/1916 1927/1927
f 1916/1916 1853/1853 1920/1920
f 1915/1915 1927/1927 1916/1916
f 1928/1928 1914/1914 1927/1927
f 1914/1914 1928/1928 1897/1897
f 1920/1920 1853/1853 1851/1851
f 1928/1928 1927/1927 1915/1915
f 1858/1858 1847/1847 1859/1859
f 1914/1914 1894/1894 1858/1858
f 1923/1923 1925/1925 1926/1926
f 1849/1849 1925/1925 1850/1850
f 1919/1919 1921/1921 1922/1922
f 1923/1923 1921/1921 1924/1924
f 1916/1916 1920/1920 1917/1917
f 1915/1915 1917/1917 1918/1918
f 1919/1919 1917/1917 1920/1920
f 1839/1839 1856/1856 1912/1912
f 1861/1861 1860/1860 1893/1893
f 1929/1929 1855/1855 1838/1838
f 1867/1867 1866/1866 1872/1872
f 1930/1930 1875/1875 1878/1878
f 1877/1877 1873/1873 1931/1931
f 1932/1932 1931/1931 1933/1933
f 1934/1934 1932/1932 1933/1933
f 1935/1935 1936/1936 1937/1937
f 1938/1938 1937/1937 1939/1939
f 1939/1939 1940/1940 1941/1941
f 1942/1942 1941/1941 1943/1943
f 1943/1943 1944/1944 1945/1945
f 1946/1946 1945/1945 1862/1862
f 1873/1873 1866/1866 1936/1936
f 1940/1940 1944/1944 1941/1941
f 1944/1944 1863/1863 1945/1945
f 1940/1940 1864/1864 1944/1944
f 1944/1944 1864/1864 1863/1863
f 1873/1873 1947/1947 1933/1933
f 1873/1873 1936/1936 1947/1947
f 1936/1936 1866/1866 1940/1940
f 1935/1935 1947/1947 1936/1936
f 1948/1948 1933/1933 1947/1947
f 1933/1933 1948/1948 1934/1934
f 1940/1940 1866/1866 1864/1864
f 1948/1948 1947/1947 1935/1935
f 1873/1873 1877/1877 1874/1874
f 1933/1933 1931/1931 1873/1873
f 1943/1943 1945/1945 1946/1946
f 1862/1862 1945/1945 1863/1863
f 1939/1939 1941/1941 1942/1942
f 1943/1943 1941/1941 1944/1944
f 1936/1936 1940/1940 1937/1937
f 1935/1935 1937/1937 1938/1938
f 1939/1939 1937/1937 1940/1940
f 1871/1871 1870/1870 1949/1949
f 1876/1876 1875/1875 1930/1930
f 1950/1950 1869/1869 1868/1868
f 1884/1884 1887/1887 1883/1883
f 1930/1930 1878/1878 1891/1891
f 1877/1877 1931/1931 1889/1889
f 1932/1932 1951/1951 1931/1931
f 1934/1934 1951/1951 1932/1932
f 1952/1952 1953/1953 1954/1954
f 1955/1955 1956/1956 1953/1953
f 1956/1956 1957/1957 1958/1958
f 1959/1959 1960/1960 1957/1957
f 1960/1960 1961/1961 1962/1962
f 1963/1963 1879/1879 1961/1961
f 1889/1889 1954/1954 1883/1883
f 1958/1958 1957/1957 1962/1962
f 1962/1962 1961/1961 1882/1882
f 1958/1958 1962/1962 1881/1881
f 1962/1962 1882/1882 1881/1881
f 1889/1889 1951/1951 1964/1964
f 1889/1889 1964/1964 1954/1954
f 1954/1954 1958/1958 1883/1883
f 1952/1952 1954/1954 1964/1964
f 1965/1965 1964/1964 1951/1951
f 1951/1951 1934/1934 1965/1965
f 1958/1958 1881/1881 1883/1883
f 1965/1965 1952/1952 1964/1964
f 1889/1889 1888/1888 1877/1877
f 1951/1951 1889/1889 1931/1931
f 1960/1960 1963/1963 1961/1961
f 1879/1879 1882/1882 1961/1961
f 1956/1956 1959/1959 1957/1957
f 1960/1960 1962/1962 1957/1957
f 1954/1954 1953/1953 1958/1958
f 1952/1952 1955/1955 1953/1953
f 1956/1956 1958/1958 1953/1953
f 1871/1871 1949/1949 1885/1885
f 1890/1890 1930/1930 1891/1891
f 1966/1966 1868/1868 1886/1886
f 1967/1967 1968/1968 1969/1969
f 1970/1970 1971/1971 1972/1972
f 1970/1970 1972/1972 1973/1973
f 1968/1968 1972/1972 1971/1971
f 1968/1968 1971/1971 1969/1969
f 1974/1974 1975/1975 1976/1976
f 1977/1977 1978/1978 1979/1979
f 1977/1977 1980/1980 1978/1978
f 1976/1976 1979/1979 1978/1978
f 1976/1976 1975/1975 1979/1979
f 1981/1981 1982/1982 1983/1983
f 1983/1983 1984/1984 1981/1981
f 1985/1985 1986/1986 1987/1987
f 1987/1987 1988/1988 1985/1985
f 1989/1989 1990/1990 1991/1991
f 1991/1991 1992/1992 1989/1989
f 1982/1982 1993/1993 1994/1994
f 1994/1994 1983/1983 1982/1982
f 1986/1986 1995/1995 1996/1996
f 1996/1996 1987/1987 1986/1986
f 1984/1984 1987/1987 1996/1996
f 1996/1996 1997/1997 1984/1984
f 1989/1989 1998/1998 1999/1999
f 1999/1999 1994/1994 1989/1989
f 2000/2000 1998/1998 1989/1989
f 1989/1989 1992/1992 2000/2000
f 2001/2001 2002/2002 1997/1997
f 1997/1997 1996/1996 2001/2001
f 2002/2002 2001/2001 2003/2003
f 2004/2004 2002/2002 2003/2003
f 2003/2003 2005/2005 2004/2004
f 2006/2006 2007/2007 1986/1986
f 1986/1986 2008/2008 2006/2006
f 2009/2009 2010/2010 2011/2011
f 2011/2011 2012/2012 2009/2009
f 2013/2013 2014/2014 2015/2015
f 2013/2013 2015/2015 2016/2016
f 2017/2017 2018/2018 2019/2019
f 2019/2019 2020/2020 2021/2021
f 2022/2022 2023/2023 2024/2024
f 2025/2025 2026/2026 2027/2027
f 2027/2027 2028/2028 2025/2025
f 2029/2029 2027/2027 2030/2030
f 2031/2031 2032/2032 2033/2033
f 2027/2027 2029/2029 2034/2034
f 2034/2034 2028/2028 2027/2027
f 2035/2035 2036/2036 2037/2037
f 2037/2037 2038/2038 2035/2035
f 2039/2039 2040/2040 2041/2041
f 2041/2041 2026/2026 2039/2039
f 2042/2042 2043/2043 2044/2044
f 2044/2044 2025/2025 2042/2042
f 2045/2045 2046/2046 2047/2047
f 2047/2047 2048/2048 2045/2045
f 2046/2046 2043/2043 2049/2049
f 2049/2049 2035/2035 2046/2046
f 2050/2050 2051/2051 2052/2052
f 2052/2052 2053/2053 2050/2050
f 2036/2036 2054/2054 2055/2055
f 2055/2055 2037/2037 2036/2036
f 2056/2056 2057/2057 2019/2019
f 2019/2019 2018/2018 2056/2056
f 2058/2058 2059/2059 2060/2060
f 2060/2060 2061/2061 2058/2058
f 2059/2059 2062/2062 2063/2063
f 2063/2063 2060/2060 2059/2059
f 2064/2064 2065/2065 2066/2066
f 2066/2066 2067/2067 2064/2064
f 2022/2022 2068/2068 2069/2069
f 2069/2069 2051/2051 2022/2022
f 2051/2051 2050/2050 2022/2022
f 2070/2070 2066/2066 2065/2065
f 2065/2065 2071/2071 2070/2070
f 2072/2072 2073/2073 2074/2074
f 2074/2074 2075/2075 2072/2072
f 2076/2076 2077/2077 2078/2078
f 2079/2079 2080/2080 2081/2081
f 2081/2081 2078/2078 2079/2079
f 2053/2053 2082/2082 2083/2083
f 2083/2083 2050/2050 2053/2053
f 2066/2066 2084/2084 2085/2085
f 2085/2085 2067/2067 2066/2066
f 2070/2070 2086/2086 2084/2084
f 2084/2084 2066/2066 2070/2070
f 2087/2087 2088/2088 2089/2089
f 2089/2089 2090/2090 2087/2087
f 2091/2091 2074/2074 2073/2073
f 2073/2073 2092/2092 2091/2091
f 2073/2073 2093/2093 2094/2094
f 2094/2094 2092/2092 2073/2073
f 2095/2095 2081/2081 2080/2080
f 2080/2080 2096/2096 2095/2095
f 2097/2097 2063/2063 2062/2062
f 2062/2062 2098/2098 2097/2097
f 2099/2099 2100/2100 2063/2063
f 2063/2063 2097/2097 2099/2099
f 2101/2101 2090/2090 2089/2089
f 2089/2089 2102/2102 2101/2101
f 2103/2103 2104/2104 2088/2088
f 2088/2088 2105/2105 2103/2103
f 2103/2103 2105/2105 2106/2106
f 2106/2106 2107/2107 2103/2103
f 2108/2108 2109/2109 2110/2110
f 2110/2110 2111/2111 2108/2108
f 2112/2112 2113/2113 2110/2110
f 2110/2110 2114/2114 2112/2112
f 2111/2111 2110/2110 2113/2113
f 2113/2113 2115/2115 2111/2111
f 2114/2114 2110/2110 2109/2109
f 2109/2109 2116/2116 2114/2114
f 2008/2008 1986/1986 1985/1985
f 2008/2008 2117/2117 2118/2118
f 2012/2012 1995/1995 2009/2009
f 2117/2117 2119/2119 2120/2120
f 2119/2119 2121/2121 2120/2120
f 1998/1998 2117/2117 1999/1999
f 2119/2119 1998/1998 2000/2000
f 2121/2121 2119/2119 2000/2000
f 1998/1998 2119/2119 2117/2117
f 2012/2012 2011/2011 2001/2001
f 2002/2002 2004/2004 2122/2122
f 2122/2122 1997/1997 2002/2002
f 1994/1994 1990/1990 1989/1989
f 1990/1990 1994/1994 1993/1993
f 1985/1985 1999/1999 2117/2117
f 1981/1981 1984/1984 2122/2122
f 1985/1985 1988/1988 1999/1999
f 1999/1999 1988/1988 1994/1994
f 1988/1988 1983/1983 1994/1994
f 1988/1988 1987/1987 1983/1983
f 1987/1987 1984/1984 1983/1983
f 1997/1997 2122/2122 1984/1984
f 1996/1996 2012/2012 2001/2001
f 2012/2012 1996/1996 1995/1995
f 2117/2117 2008/2008 1985/1985
f 1642/1642 1986/1986 2007/2007
f 2009/2009 1995/1995 1642/1642
f 2117/2117 2120/2120 2118/2118
f 2120/2120 2123/2123 2124/2124
f 2120/2120 2125/2125 2118/2118
f 2120/2120 2124/2124 2125/2125
f 2125/2125 2124/2124 2126/2126
f 2124/2124 2127/2127 2126/2126
f 2008/2008 2118/2118 2006/2006
f 2120/2120 2121/2121 2123/2123
f 2124/2124 2123/2123 2127/2127
f 2126/2126 2127/2127 2128/2128
f 2057/2057 2056/2056 2129/2129
f 2022/2022 2130/2130 2023/2023
f 2020/2020 2024/2024 2131/2131
f 2132/2132 2052/2052 2051/2051
f 2133/2133 2033/2033 2034/2034
f 2055/2055 2054/2054 2134/2134
f 2135/2135 2136/2136 2137/2137
f 2138/2138 2136/2136 2139/2139
f 2140/2140 2020/2020 2057/2057
f 2135/2135 2034/2034 2029/2029
f 2138/2138 2141/2141 2021/2021
f 2142/2142 2020/2020 2131/2131
f 2017/2017 2143/2143 2018/2018
f 2133/2133 2034/2034 2135/2135
f 2144/2144 2145/2145 2146/2146
f 2017/2017 2147/2147 2143/2143
f 2017/2017 2148/2148 2147/2147
f 2147/2147 2148/2148 2145/2145
f 2145/2145 2149/2149 2147/2147
f 2029/2029 2145/2145 2144/2144
f 2135/2135 2029/2029 2144/2144
f 2141/2141 2017/2017 2021/2021
f 2015/2015 2150/2150 2151/2151
f 2148/2148 2146/2146 2145/2145
f 2017/2017 2146/2146 2148/2148
f 2146/2146 2017/2017 2141/2141
f 2020/2020 2142/2142 2138/2138
f 2138/2138 2139/2139 2141/2141
f 2139/2139 2146/2146 2141/2141
f 2139/2139 2135/2135 2144/2144
f 2135/2135 2137/2137 2133/2133
f 2139/2139 2144/2144 2146/2146
f 2142/2142 2131/2131 2031/2031
f 2133/2133 2142/2142 2031/2031
f 2130/2130 2152/2152 2153/2153
f 2153/2153 2024/2024 2023/2023
f 2130/2130 2153/2153 2023/2023
f 2154/2154 2024/2024 2020/2020
f 2068/2068 2154/2154 2140/2140
f 2140/2140 2129/2129 2155/2155
f 2045/2045 2039/2039 2044/2044
f 2039/2039 2045/2045 2040/2040
f 2040/2040 2045/2045 2048/2048
f 2033/2033 2156/2156 2157/2157
f 2026/2026 2158/2158 2027/2027
f 2026/2026 2041/2041 2158/2158
f 2159/2159 2032/2032 2153/2153
f 2159/2159 2156/2156 2032/2032
f 2025/2025 2028/2028 2042/2042
f 2131/2131 2153/2153 2032/2032
f 2033/2033 2157/2157 2042/2042
f 2153/2153 2152/2152 2160/2160
f 2153/2153 2160/2160 2159/2159
f 2156/2156 2033/2033 2032/2032
f 2035/2035 2038/2038 2047/2047
f 2049/2049 2036/2036 2035/2035
f 2043/2043 2046/2046 2044/2044
f 2036/2036 2161/2161 2162/2162
f 2157/2157 2156/2156 2161/2161
f 2039/2039 2026/2026 2044/2044
f 2025/2025 2044/2044 2026/2026
f 2049/2049 2043/2043 2042/2042
f 2028/2028 2033/2033 2042/2042
f 2045/2045 2044/2044 2046/2046
f 2035/2035 2047/2047 2046/2046
f 2157/2157 2049/2049 2042/2042
f 2036/2036 2049/2049 2163/2163
f 2049/2049 2157/2157 2163/2163
f 2036/2036 2163/2163 2161/2161
f 2157/2157 2161/2161 2163/2163
f 2140/2140 2154/2154 2020/2020
f 2162/2162 2054/2054 2036/2036
f 2134/2134 2054/2054 2162/2162
f 2034/2034 2033/2033 2028/2028
f 2057/2057 2020/2020 2019/2019
f 2131/2131 2024/2024 2153/2153
f 2164/2164 2058/2058 2165/2165
f 2061/2061 2060/2060 2166/2166
f 2060/2060 2063/2063 2100/2100
f 2167/2167 2071/2071 2065/2065
f 2168/2168 2061/2061 2166/2166
f 2050/2050 2083/2083 2130/2130
f 2165/2165 2061/2061 2168/2168
f 2165/2165 2058/2058 2061/2061
f 2140/2140 2069/2069 2068/2068
f 2167/2167 2065/2065 2064/2064
f 2060/2060 2100/2100 2169/2169
f 2170/2170 2077/2077 2171/2171
f 2072/2072 2172/2172 2171/2171
f 2173/2173 2079/2079 2174/2174
f 2170/2170 2078/2078 2077/2077
f 2174/2174 2078/2078 2170/2170
f 2174/2174 2079/2079 2078/2078
f 2077/2077 2093/2093 2072/2072
f 2072/2072 2075/2075 2172/2172
f 2069/2069 2155/2155 2132/2132
f 2132/2132 2051/2051 2069/2069
f 2072/2072 2093/2093 2073/2073
f 2171/2171 2077/2077 2072/2072
f 2175/2175 2102/2102 2089/2089
f 2176/2176 2106/2106 2177/2177
f 2087/2087 2105/2105 2088/2088
f 2177/2177 2105/2105 2087/2087
f 2177/2177 2106/2106 2105/2105
f 2167/2167 2064/2064 2178/2178
f 2076/2076 2081/2081 2095/2095
f 2169/2169 2100/2100 2099/2099
f 2166/2166 2060/2060 2169/2169
f 2089/2089 2088/2088 2104/2104
f 2089/2089 2104/2104 2175/2175
f 2113/2113 2179/2179 2115/2115
f 2112/2112 2179/2179 2113/2113
f 2180/2180 2016/2016 2181/2181
f 2181/2181 2030/2030 2180/2180
f 2150/2150 2182/2182 2145/2145
f 2151/2151 2150/2150 2145/2145
f 2145/2145 2029/2029 2151/2151
f 2016/2016 2015/2015 2181/2181
f 2150/2150 2015/2015 2014/2014
f 2014/2014 2182/2182 2150/2150
f 2145/2145 2182/2182 2149/2149
f 2155/2155 2129/2129 2183/2183
f 2132/2132 2155/2155 2183/2183
f 2140/2140 2155/2155 2069/2069
f 2057/2057 2129/2129 2140/2140
f 2131/2131 2032/2032 2031/2031
f 2022/2022 2024/2024 2068/2068
f 2068/2068 2024/2024 2154/2154
f 2183/2183 2129/2129 2056/2056
f 2076/2076 2078/2078 2081/2081
f 2030/2030 2181/2181 2151/2151
f 2151/2151 2029/2029 2030/2030
f 2181/2181 2015/2015 2151/2151
f 2030/2030 2027/2027 2158/2158
f 2158/2158 2180/2180 2030/2030
f 2184/2184 2185/2185 2186/2186
f 2186/2186 2187/2187 2184/2184
f 2188/2188 2189/2189 2190/2190
f 2190/2190 2191/2191 2188/2188
f 2192/2192 1992/1992 1991/1991
f 1991/1991 2193/2193 2192/2192
f 2187/2187 2186/2186 2194/2194
f 2194/2194 2195/2195 2187/2187
f 2191/2191 2190/2190 2196/2196
f 2196/2196 2197/2197 2191/2191
f 2185/2185 2198/2198 2196/2196
f 2196/2196 2190/2190 2185/2185
f 2192/2192 2194/2194 2199/2199
f 2199/2199 2200/2200 2192/2192
f 2000/2000 1992/1992 2192/2192
f 2192/2192 2200/2200 2000/2000
f 2201/2201 2196/2196 2198/2198
f 2198/2198 2202/2202 2201/2201
f 2202/2202 2003/2003 2201/2201
f 2203/2203 2005/2005 2003/2003
f 2003/2003 2202/2202 2203/2203
f 2204/2204 2205/2205 2191/2191
f 2191/2191 2206/2206 2204/2204
f 2207/2207 2208/2208 2011/2011
f 2011/2011 2010/2010 2207/2207
f 2013/2013 2209/2209 2014/2014
f 2013/2013 2016/2016 2209/2209
f 2210/2210 2211/2211 2212/2212
f 2212/2212 2211/2211 2213/2213
f 2214/2214 2215/2215 2216/2216
f 2217/2217 2218/2218 2219/2219
f 2219/2219 2220/2220 2217/2217
f 2221/2221 2222/2222 2219/2219
f 2223/2223 2224/2224 2225/2225
f 2219/2219 2218/2218 2226/2226
f 2226/2226 2221/2221 2219/2219
f 2227/2227 2038/2038 2037/2037
f 2037/2037 2228/2228 2227/2227
f 2229/2229 2220/2220 2041/2041
f 2041/2041 2040/2040 2229/2229
f 2230/2230 2217/2217 2231/2231
f 2231/2231 2232/2232 2230/2230
f 2233/2233 2048/2048 2047/2047
f 2047/2047 2234/2234 2233/2233
f 2234/2234 2227/2227 2235/2235
f 2235/2235 2232/2232 2234/2234
f 2236/2236 2053/2053 2052/2052
f 2052/2052 2237/2237 2236/2236
f 2228/2228 2037/2037 2055/2055
f 2055/2055 2238/2238 2228/2228
f 2056/2056 2018/2018 2212/2212
f 2212/2212 2239/2239 2056/2056
f 2058/2058 2240/2240 2241/2241
f 2241/2241 2059/2059 2058/2058
f 2059/2059 2241/2241 2242/2242
f 2242/2242 2062/2062 2059/2059
f 2243/2243 2244/2244 2245/2245
f 2245/2245 2246/2246 2243/2243
f 2214/2214 2237/2237 2247/2247
f 2247/2247 2248/2248 2214/2214
f 2237/2237 2214/2214 2236/2236
f 2249/2249 2250/2250 2246/2246
f 2246/2246 2245/2245 2249/2249
f 2251/2251 2252/2252 2253/2253
f 2253/2253 2254/2254 2251/2251
f 2255/2255 2256/2256 2257/2257
f 2079/2079 2256/2256 2258/2258
f 2258/2258 2080/2080 2079/2079
f 2053/2053 2236/2236 2259/2259
f 2259/2259 2082/2082 2053/2053
f 2245/2245 2244/2244 2260/2260
f 2260/2260 2261/2261 2245/2245
f 2249/2249 2245/2245 2261/2261
f 2261/2261 2262/2262 2249/2249
f 2263/2263 2264/2264 2265/2265
f 2265/2265 2266/2266 2263/2263
f 2267/2267 2268/2268 2254/2254
f 2254/2254 2253/2253 2267/2267
f 2254/2254 2268/2268 2269/2269
f 2269/2269 2270/2270 2254/2254
f 2271/2271 2096/2096 2080/2080
f 2080/2080 2258/2258 2271/2271
f 2272/2272 2098/2098 2062/2062
f 2062/2062 2242/2242 2272/2272
f 2273/2273 2272/2272 2242/2242
f 2242/2242 2274/2274 2273/2273
f 2275/2275 2276/2276 2265/2265
f 2265/2265 2264/2264 2275/2275
f 2277/2277 2278/2278 2266/2266
f 2266/2266 2279/2279 2277/2277
f 2277/2277 2107/2107 2106/2106
f 2106/2106 2278/2278 2277/2277
f 2280/2280 2281/2281 2282/2282
f 2282/2282 2283/2283 2280/2280
f 2284/2284 2285/2285 2282/2282
f 2282/2282 2286/2286 2284/2284
f 2281/2281 2287/2287 2286/2286
f 2286/2286 2282/2282 2281/2281
f 2285/2285 2288/2288 2283/2283
f 2283/2283 2282/2282 2285/2285
f 2205/2205 2188/2188 2191/2191
f 2205/2205 2289/2289 2290/2290
f 2208/2208 2207/2207 2197/2197
f 2290/2290 2291/2291 2292/2292
f 2292/2292 2291/2291 2121/2121
f 2200/2200 2199/2199 2290/2290
f 2292/2292 2000/2000 2200/2200
f 2121/2121 2000/2000 2292/2292
f 2200/2200 2290/2290 2292/2292
f 2208/2208 2201/2201 2011/2011
f 2202/2202 2293/2293 2203/2203
f 2293/2293 2202/2202 2198/2198
f 2194/2194 2192/2192 2193/2193
f 2193/2193 2195/2195 2194/2194
f 2188/2188 2290/2290 2199/2199
f 2184/2184 2293/2293 2185/2185
f 2188/2188 2199/2199 2189/2189
f 2199/2199 2194/2194 2189/2189
f 2189/2189 2194/2194 2186/2186
f 2189/2189 2186/2186 2190/2190
f 2190/2190 2186/2186 2185/2185
f 2198/2198 2185/2185 2293/2293
f 2196/2196 2201/2201 2208/2208
f 2208/2208 2197/2197 2196/2196
f 2290/2290 2188/2188 2205/2205
f 1644/1644 2206/2206 2191/2191
f 2207/2207 1644/1644 2197/2197
f 2290/2290 2289/2289 2291/2291
f 2291/2291 2294/2294 2123/2123
f 2291/2291 2289/2289 2295/2295
f 2291/2291 2295/2295 2294/2294
f 2295/2295 2296/2296 2294/2294
f 2294/2294 2296/2296 2127/2127
f 2205/2205 2204/2204 2289/2289
f 2291/2291 2123/2123 2121/2121
f 2294/2294 2127/2127 2123/2123
f 2296/2296 2128/2128 2127/2127
f 2239/2239 2297/2297 2056/2056
f 2214/2214 2216/2216 2298/2298
f 2213/2213 2299/2299 2215/2215
f 2132/2132 2237/2237 2052/2052
f 2224/2224 2226/2226 2225/2225
f 2055/2055 2134/2134 2238/2238
f 2300/2300 2301/2301 2302/2302
f 2303/2303 2304/2304 2302/2302
f 2305/2305 2239/2239 2213/2213
f 2300/2300 2221/2221 2226/2226
f 2303/2303 2211/2211 2306/2306
f 2307/2307 2299/2299 2213/2213
f 2210/2210 2018/2018 2143/2143
f 2224/2224 2300/2300 2226/2226
f 2308/2308 2309/2309 2310/2310
f 2210/2210 2143/2143 2147/2147
f 2210/2210 2147/2147 2311/2311
f 2147/2147 2310/2310 2311/2311
f 2310/2310 2147/2147 2149/2149
f 2221/2221 2308/2308 2310/2310
f 2300/2300 2308/2308 2221/2221
f 2306/2306 2211/2211 2210/2210
f 2209/2209 2312/2312 2313/2313
f 2311/2311 2310/2310 2309/2309
f 2210/2210 2311/2311 2309/2309
f 2309/2309 2306/2306 2210/2210
f 2213/2213 2303/2303 2307/2307
f 2303/2303 2306/2306 2304/2304
f 2304/2304 2306/2306 2309/2309
f 2304/2304 2308/2308 2300/2300
f 2300/2300 2224/2224 2301/2301
f 2304/2304 2309/2309 2308/2308
f 2307/2307 2223/2223 2299/2299
f 2224/2224 2223/2223 2307/2307
f 2298/2298 2314/2314 2315/2315
f 2314/2314 2216/2216 2215/2215
f 2298/2298 2216/2216 2314/2314
f 2316/2316 2213/2213 2215/2215
f 2248/2248 2305/2305 2316/2316
f 2305/2305 2317/2317 2297/2297
f 2233/2233 2231/2231 2229/2229
f 2229/2229 2040/2040 2233/2233
f 2040/2040 2048/2048 2233/2233
f 2225/2225 2318/2318 2319/2319
f 2220/2220 2219/2219 2158/2158
f 2220/2220 2158/2158 2041/2041
f 2320/2320 2314/2314 2321/2321
f 2320/2320 2321/2321 2319/2319
f 2217/2217 2230/2230 2218/2218
f 2299/2299 2321/2321 2314/2314
f 2225/2225 2230/2230 2318/2318
f 2314/2314 2322/2322 2315/2315
f 2314/2314 2320/2320 2322/2322
f 2319/2319 2321/2321 2225/2225
f 2227/2227 2047/2047 2038/2038
f 2235/2235 2227/2227 2228/2228
f 2232/2232 2231/2231 2234/2234
f 2228/2228 2323/2323 2324/2324
f 2318/2318 2324/2324 2319/2319
f 2229/2229 2231/2231 2220/2220
f 2217/2217 2220/2220 2231/2231
f 2235/2235 2230/2230 2232/2232
f 2218/2218 2230/2230 2225/2225
f 2233/2233 2234/2234 2231/2231
f 2227/2227 2234/2234 2047/2047
f 2318/2318 2230/2230 2235/2235
f 2228/2228 2325/2325 2235/2235
f 2235/2235 2325/2325 2318/2318
f 2228/2228 2324/2324 2325/2325
f 2318/2318 2325/2325 2324/2324
f 2305/2305 2213/2213 2316/2316
f 2323/2323 2228/2228 2238/2238
f 2134/2134 2323/2323 2238/2238
f 2226/2226 2218/2218 2225/2225
f 2239/2239 2212/2212 2213/2213
f 2299/2299 2314/2314 2215/2215
f 2164/2164 2326/2326 2058/2058
f 2240/2240 2327/2327 2241/2241
f 2241/2241 2274/2274 2242/2242
f 2328/2328 2246/2246 2250/2250
f 2329/2329 2327/2327 2240/2240
f 2236/2236 2298/2298 2259/2259
f 2326/2326 2329/2329 2240/2240
f 2326/2326 2240/2240 2058/2058
f 2305/2305 2248/2248 2247/2247
f 2328/2328 2243/2243 2246/2246
f 2241/2241 2330/2330 2274/2274
f 2331/2331 2332/2332 2257/2257
f 2251/2251 2332/2332 2333/2333
f 2173/2173 2334/2334 2079/2079
f 2331/2331 2257/2257 2256/2256
f 2334/2334 2331/2331 2256/2256
f 2334/2334 2256/2256 2079/2079
f 2257/2257 2251/2251 2270/2270
f 2251/2251 2333/2333 2252/2252
f 2247/2247 2132/2132 2317/2317
f 2132/2132 2247/2247 2237/2237
f 2251/2251 2254/2254 2270/2270
f 2332/2332 2251/2251 2257/2257
f 2335/2335 2265/2265 2276/2276
f 2176/2176 2336/2336 2106/2106
f 2263/2263 2266/2266 2278/2278
f 2336/2336 2263/2263 2278/2278
f 2336/2336 2278/2278 2106/2106
f 2328/2328 2337/2337 2243/2243
f 2255/2255 2271/2271 2258/2258
f 2330/2330 2273/2273 2274/2274
f 2327/2327 2330/2330 2241/2241
f 2265/2265 2279/2279 2266/2266
f 2265/2265 2335/2335 2279/2279
f 2286/2286 2287/2287 2338/2338
f 2284/2284 2286/2286 2338/2338
f 2180/2180 2222/2222 2339/2339
f 2339/2339 2016/2016 2180/2180
f 2313/2313 2310/2310 2182/2182
f 2312/2312 2221/2221 2310/2310
f 2310/2310 2313/2313 2312/2312
f 2016/2016 2339/2339 2209/2209
f 2313/2313 2182/2182 2014/2014
f 2014/2014 2209/2209 2313/2313
f 2310/2310 2149/2149 2182/2182
f 2317/2317 2183/2183 2297/2297
f 2132/2132 2183/2183 2317/2317
f 2305/2305 2247/2247 2317/2317
f 2239/2239 2305/2305 2297/2297
f 2299/2299 2223/2223 2321/2321
f 2214/2214 2248/2248 2215/2215
f 2248/2248 2316/2316 2215/2215
f 2183/2183 2056/2056 2297/2297
f 2255/2255 2258/2258 2256/2256
f 2222/2222 2221/2221 2312/2312
f 2312/2312 2339/2339 2222/2222
f 2339/2339 2312/2312 2209/2209
f 2222/2222 2180/2180 2158/2158
f 2158/2158 2219/2219 2222/2222
f 2340/2340 2341/2341 2342/2342
f 2342/2342 2343/2343 2340/2340
f 2344/2344 2345/2345 2341/2341
f 2341/2341 2340/2340 2344/2344
f 2346/2346 2347/2347 2348/2348
f 2348/2348 2349/2349 2346/2346
f 2350/2350 2351/2351 2352/2352
f 2352/2352 2353/2353 2350/2350
f 2354/2354 2355/2355 2351/2351
f 2351/2351 2350/2350 2354/2354
f 2356/2356 2357/2357 2355/2355
f 2355/2355 2354/2354 2356/2356
f 2358/2358 2359/2359 2360/2360
f 2360/2360 2361/2361 2358/2358
f 2346/2346 2349/2349 2356/2356
f 2356/2356 2354/2354 2346/2346
f 2362/2362 2363/2363 2357/2357
f 2362/2362 2357/2357 2356/2356
f 2364/2364 2365/2365 2363/2363
f 2363/2363 2362/2362 2364/2364
f 2366/2366 2367/2367 2365/2365
f 2365/2365 2364/2364 2366/2366
f 2368/2368 2369/2369 2370/2370
f 2371/2371 2372/2372 2342/2342
f 2342/2342 2341/2341 2371/2371
f 2373/2373 2371/2371 2341/2341
f 2341/2341 2345/2345 2373/2373
f 2374/2374 2375/2375 2376/2376
f 2376/2376 2347/2347 2374/2374
f 2377/2377 2378/2378 2379/2379
f 2379/2379 2351/2351 2377/2377
f 2380/2380 2377/2377 2351/2351
f 2351/2351 2355/2355 2380/2380
f 2381/2381 2380/2380 2355/2355
f 2355/2355 2357/2357 2381/2381
f 2382/2382 2383/2383 2360/2360
f 2360/2360 2359/2359 2382/2382
f 2374/2374 2380/2380 2381/2381
f 2381/2381 2375/2375 2374/2374
f 2357/2357 2363/2363 2384/2384
f 2357/2357 2384/2384 2381/2381
f 2385/2385 2384/2384 2363/2363
f 2363/2363 2365/2365 2385/2385
f 2386/2386 2385/2385 2365/2365
f 2365/2365 2367/2367 2386/2386
f 2368/2368 2387/2387 2388/2388
f 2389/2389 2390/2390 2391/2391
f 2391/2391 2392/2392 2389/2389
f 2393/2393 2394/2394 2395/2395
f 2395/2395 2396/2396 2393/2393
f 2396/2396 2397/2397 2398/2398
f 2398/2398 2393/2393 2396/2396
f 2399/2399 2400/2400 2397/2397
f 2397/2397 2396/2396 2399/2399
f 2389/2389 2392/2392 2401/2401
f 2401/2401 2402/2402 2389/2389
f 2403/2403 2404/2404 2405/2405
f 2405/2405 2406/2406 2403/2403
f 2404/2404 2403/2403 2407/2407
f 2407/2407 2408/2408 2404/2404
f 2399/2399 2404/2404 2408/2408
f 2408/2408 2400/2400 2399/2399
f 2364/2364 2362/2362 2409/2409
f 2342/2342 2410/2410 2343/2343
f 2411/2411 2345/2345 2344/2344
f 2412/2412 2413/2413 2414/2414
f 2352/2352 2412/2412 2353/2353
f 2360/2360 2368/2368 2370/2370
f 2415/2415 2416/2416 2417/2417
f 2364/2364 2409/2409 2366/2366
f 2417/2417 2349/2349 2343/2343
f 2418/2418 2349/2349 2417/2417
f 2418/2418 2356/2356 2349/2349
f 2409/2409 2356/2356 2418/2418
f 2409/2409 2362/2362 2356/2356
f 2346/2346 2353/2353 2414/2414
f 2346/2346 2350/2350 2353/2353
f 2346/2346 2354/2354 2350/2350
f 2410/2410 2419/2419 2343/2343
f 2417/2417 2343/2343 2419/2419
f 2343/2343 2349/2349 2340/2340
f 2344/2344 2349/2349 2411/2411
f 2349/2349 2344/2344 2340/2340
f 2348/2348 2411/2411 2349/2349
f 2417/2417 2419/2419 2415/2415
f 2419/2419 2410/2410 2415/2415
f 2414/2414 2347/2347 2346/2346
f 2353/2353 2412/2412 2414/2414
f 2420/2420 2421/2421 2422/2422
f 2414/2414 2413/2413 2347/2347
f 2423/2423 2424/2424 2422/2422
f 2422/2422 2421/2421 2423/2423
f 2425/2425 2426/2426 2427/2427
f 2360/2360 2370/2370 2361/2361
f 2368/2368 2428/2428 2369/2369
f 2385/2385 2429/2429 2384/2384
f 2342/2342 2372/2372 2410/2410
f 2430/2430 2373/2373 2345/2345
f 2431/2431 2432/2432 2433/2433
f 2379/2379 2378/2378 2431/2431
f 2360/2360 2387/2387 2368/2368
f 2434/2434 2435/2435 2416/2416
f 2385/2385 2386/2386 2429/2429
f 2435/2435 2372/2372 2375/2375
f 2436/2436 2435/2435 2375/2375
f 2436/2436 2375/2375 2381/2381
f 2429/2429 2436/2436 2381/2381
f 2429/2429 2381/2381 2384/2384
f 2374/2374 2432/2432 2378/2378
f 2374/2374 2378/2378 2377/2377
f 2374/2374 2377/2377 2380/2380
f 2410/2410 2372/2372 2437/2437
f 2435/2435 2437/2437 2372/2372
f 2372/2372 2371/2371 2375/2375
f 2373/2373 2430/2430 2375/2375
f 2375/2375 2371/2371 2373/2373
f 2376/2376 2375/2375 2430/2430
f 2435/2435 2434/2434 2437/2437
f 2437/2437 2434/2434 2410/2410
f 2432/2432 2374/2374 2347/2347
f 2378/2378 2432/2432 2431/2431
f 2420/2420 2438/2438 2421/2421
f 2432/2432 2347/2347 2433/2433
f 2439/2439 2438/2438 2440/2440
f 2438/2438 2439/2439 2421/2421
f 2441/2441 2427/2427 2426/2426
f 2360/2360 2383/2383 2387/2387
f 2368/2368 2388/2388 2428/2428
f 2442/2442 2443/2443 2444/2444
f 2445/2445 2394/2394 2444/2444
f 2444/2444 2394/2394 2393/2393
f 2446/2446 2397/2397 2400/2400
f 2399/2399 2395/2395 2447/2447
f 2448/2448 2447/2447 2449/2449
f 2450/2450 2448/2448 2449/2449
f 2451/2451 2452/2452 2453/2453
f 2454/2454 2453/2453 2455/2455
f 2455/2455 2456/2456 2457/2457
f 2458/2458 2457/2457 2459/2459
f 2459/2459 2460/2460 2461/2461
f 2462/2462 2461/2461 2442/2442
f 2395/2395 2394/2394 2452/2452
f 2456/2456 2460/2460 2457/2457
f 2460/2460 2443/2443 2461/2461
f 2456/2456 2445/2445 2460/2460
f 2460/2460 2445/2445 2443/2443
f 2395/2395 2463/2463 2449/2449
f 2395/2395 2452/2452 2463/2463
f 2452/2452 2394/2394 2456/2456
f 2451/2451 2463/2463 2452/2452
f 2464/2464 2449/2449 2463/2463
f 2449/2449 2464/2464 2450/2450
f 2456/2456 2394/2394 2445/2445
f 2464/2464 2463/2463 2451/2451
f 2395/2395 2399/2399 2396/2396
f 2449/2449 2447/2447 2395/2395
f 2459/2459 2461/2461 2462/2462
f 2442/2442 2461/2461 2443/2443
f 2455/2455 2457/2457 2458/2458
f 2459/2459 2457/2457 2460/2460
f 2452/2452 2456/2456 2453/2453
f 2451/2451 2453/2453 2454/2454
f 2455/2455 2453/2453 2456/2456
f 2392/2392 2391/2391 2465/2465
f 2398/2398 2397/2397 2446/2446
f 2466/2466 2390/2390 2389/2389
f 2442/2442 2444/2444 2467/2467
f 2444/2444 2406/2406 2468/2468
f 2444/2444 2403/2403 2406/2406
f 2446/2446 2400/2400 2408/2408
f 2399/2399 2447/2447 2405/2405
f 2448/2448 2469/2469 2447/2447
f 2450/2450 2469/2469 2448/2448
f 2470/2470 2471/2471 2472/2472
f 2473/2473 2474/2474 2471/2471
f 2474/2474 2475/2475 2476/2476
f 2477/2477 2478/2478 2475/2475
f 2478/2478 2479/2479 2480/2480
f 2481/2481 2442/2442 2479/2479
f 2405/2405 2472/2472 2406/2406
f 2476/2476 2475/2475 2480/2480
f 2480/2480 2479/2479 2467/2467
f 2476/2476 2480/2480 2468/2468
f 2480/2480 2467/2467 2468/2468
f 2405/2405 2469/2469 2482/2482
f 2405/2405 2482/2482 2472/2472
f 2472/2472 2476/2476 2406/2406
f 2470/2470 2472/2472 2482/2482
f 2483/2483 2482/2482 2469/2469
f 2469/2469 2450/2450 2483/2483
f 2476/2476 2468/2468 2406/2406
f 2483/2483 2470/2470 2482/2482
f 2405/2405 2404/2404 2399/2399
f 2469/2469 2405/2405 2447/2447
f 2442/2442 2467/2467 2479/2479
f 2474/2474 2477/2477 2475/2475
f 2478/2478 2480/2480 2475/2475
f 2472/2472 2471/2471 2476/2476
f 2470/2470 2473/2473 2471/2471
f 2474/2474 2476/2476 2471/2471
f 2392/2392 2465/2465 2401/2401
f 2407/2407 2446/2446 2408/2408
f 2466/2466 2389/2389 2402/2402
f 2443/2443 2445/2445 2444/2444
f 2444/2444 2468/2468 2467/2467
f 2484/2484 2485/2485 2486/2486
f 2486/2486 2487/2487 2484/2484
f 2488/2488 2489/2489 2485/2485
f 2485/2485 2484/2484 2488/2488
f 2490/2490 2491/2491 2492/2492
f 2492/2492 2493/2493 2490/2490
f 2494/2494 2495/2495 2496/2496
f 2496/2496 2497/2497 2494/2494
f 2498/2498 2499/2499 2495/2495
f 2495/2495 2494/2494 2498/2498
f 2500/2500 2501/2501 2499/2499
f 2499/2499 2498/2498 2500/2500
f 2502/2502 2503/2503 2504/2504
f 2505/2505 2506/2506 2502/2502
f 2502/2502 2507/2507 2505/2505
f 2490/2490 2493/2493 2500/2500
f 2500/2500 2498/2498 2490/2490
f 2502/2502 2506/2506 2508/2508
f 2509/2509 2510/2510 2501/2501
f 2509/2509 2501/2501 2500/2500
f 2511/2511 2512/2512 2510/2510
f 2510/2510 2509/2509 2511/2511
f 2513/2513 2514/2514 2512/2512
f 2512/2512 2511/2511 2513/2513
f 2503/2503 2515/2515 2504/2504
f 2516/2516 2517/2517 2518/2518
f 2518/2518 2519/2519 2516/2516
f 2520/2520 2516/2516 2519/2519
f 2519/2519 2521/2521 2520/2520
f 2522/2522 2523/2523 2524/2524
f 2524/2524 2525/2525 2522/2522
f 2526/2526 2527/2527 2528/2528
f 2528/2528 2495/2495 2526/2526
f 2529/2529 2526/2526 2495/2495
f 2495/2495 2499/2499 2529/2529
f 2530/2530 2529/2529 2499/2499
f 2499/2499 2501/2501 2530/2530
f 2531/2531 2532/2532 2502/2502
f 2502/2502 2533/2533 2531/2531
f 2522/2522 2529/2529 2530/2530
f 2530/2530 2523/2523 2522/2522
f 2508/2508 2533/2533 2502/2502
f 2501/2501 2510/2510 2534/2534
f 2501/2501 2534/2534 2530/2530
f 2535/2535 2534/2534 2510/2510
f 2510/2510 2512/2512 2535/2535
f 2536/2536 2535/2535 2512/2512
f 2512/2512 2514/2514 2536/2536
f 2503/2503 2537/2537 2538/2538
f 2511/2511 2509/2509 2539/2539
f 2486/2486 2540/2540 2487/2487
f 2541/2541 2489/2489 2488/2488
f 2542/2542 2543/2543 2544/2544
f 2496/2496 2542/2542 2497/2497
f 2545/2545 2546/2546 2547/2547
f 2511/2511 2539/2539 2513/2513
f 2547/2547 2493/2493 2487/2487
f 2548/2548 2493/2493 2547/2547
f 2548/2548 2500/2500 2493/2493
f 2539/2539 2500/2500 2548/2548
f 2539/2539 2509/2509 2500/2500
f 2490/2490 2497/2497 2544/2544
f 2490/2490 2494/2494 2497/2497
f 2490/2490 2498/2498 2494/2494
f 2540/2540 2549/2549 2487/2487
f 2547/2547 2487/2487 2549/2549
f 2487/2487 2493/2493 2484/2484
f 2488/2488 2493/2493 2541/2541
f 2493/2493 2488/2488 2484/2484
f 2492/2492 2541/2541 2493/2493
f 2547/2547 2549/2549 2545/2545
f 2549/2549 2540/2540 2545/2545
f 2544/2544 2491/2491 2490/2490
f 2497/2497 2542/2542 2544/2544
f 2550/2550 2551/2551 2552/2552
f 2544/2544 2543/2543 2491/2491
f 2553/2553 2554/2554 2552/2552
f 2552/2552 2551/2551 2553/2553
f 2555/2555 2556/2556 2557/2557
f 2502/2502 2504/2504 2507/2507
f 2503/2503 2558/2558 2515/2515
f 2535/2535 2559/2559 2534/2534
f 2518/2518 2517/2517 2560/2560
f 2561/2561 2520/2520 2521/2521
f 2562/2562 2563/2563 2564/2564
f 2528/2528 2527/2527 2562/2562
f 2565/2565 2566/2566 2567/2567
f 2535/2535 2536/2536 2559/2559
f 2566/2566 2517/2517 2523/2523
f 2568/2568 2566/2566 2523/2523
f 2568/2568 2523/2523 2530/2530
f 2559/2559 2568/2568 2530/2530
f 2559/2559 2530/2530 2534/2534
f 2522/2522 2563/2563 2527/2527
f 2522/2522 2527/2527 2526/2526
f 2522/2522 2526/2526 2529/2529
f 2560/2560 2517/2517 2569/2569
f 2566/2566 2569/2569 2517/2517
f 2517/2517 2516/2516 2523/2523
f 2520/2520 2561/2561 2523/2523
f 2523/2523 2516/2516 2520/2520
f 2524/2524 2523/2523 2561/2561
f 2566/2566 2565/2565 2569/2569
f 2569/2569 2565/2565 2560/2560
f 2563/2563 2522/2522 2525/2525
f 2527/2527 2563/2563 2562/2562
f 2550/2550 2570/2570 2571/2571
f 2563/2563 2525/2525 2564/2564
f 2572/2572 2570/2570 2573/2573
f 2570/2570 2572/2572 2571/2571
f 2574/2574 2575/2575 2576/2576
f 2502/2502 2532/2532 2537/2537
f 2503/2503 2538/2538 2558/2558
f 2502/2502 2537/2537 2503/2503
f 2022/2022 2050/2050 2130/2130
f 2236/2236 2214/2214 2298/2298
f 2137/2137 2136/2136 2138/2138
f 2302/2302 2301/2301 2303/2303
f 2302/2302 2304/2304 2300/2300
f 2139/2139 2136/2136 2135/2135
f 2133/2133 2137/2137 2142/2142
f 2301/2301 2224/2224 2307/2307
f 2303/2303 2301/2301 2307/2307
f 2137/2137 2138/2138 2142/2142
f 2031/2031 2033/2033 2133/2133
f 2223/2223 2225/2225 2321/2321
f 2021/2021 2020/2020 2138/2138
f 2213/2213 2211/2211 2303/2303
f 2017/2017 2019/2019 2021/2021
f 2210/2210 2212/2212 2018/2018
f 2577/2577 2578/2578 2579/2579
f 2580/2580 2581/2581 2582/2582
f 2582/2582 2583/2583 2580/2580
f 2584/2584 2580/2580 2583/2583
f 2578/2578 2585/2585 2579/2579
f 2581/2581 2577/2577 2579/2579
f 2579/2579 2582/2582 2581/2581
f 2001/2001 2011/2011 2003/2003
f 2003/2003 2011/2011 2201/2201

g Boss_tianqiong
v -30.056310 48.157760 177.540000
v -44.579610 35.524360 174.441200
v -53.572810 52.600590 226.183000
v -16.708520 36.549880 188.000000
v -20.211180 28.849410 158.781500
v -33.279400 24.383040 183.768400
v -16.708520 36.549880 188.000000
v -53.572810 52.600590 226.183000
v -44.579610 35.524360 174.441200
v -20.211180 28.849410 158.781500
v -59.441990 39.816720 145.350700
v -66.466290 30.994350 137.425800
v -85.089550 39.434460 166.034300
v -54.594220 30.739400 156.166100
v -46.743290 27.322290 135.000700
v -62.610850 22.338040 146.832600
v -54.594220 30.739400 156.166100
v -85.089550 39.434460 166.034300
v -66.466290 30.994350 137.425800
v -46.743290 27.322290 135.000700
v 30.056310 48.157770 177.540000
v 53.572810 52.600610 226.183000
v 44.579610 35.524330 174.441100
v 16.708530 36.549890 188.000000
v 20.211200 28.849420 158.781500
v 33.279400 24.383050 183.768400
v 53.572810 52.600610 226.183000
v 16.708530 36.549890 188.000000
v 44.579610 35.524330 174.441100
v 20.211200 28.849420 158.781500
v 59.441990 39.816730 145.350700
v 85.089570 39.434490 166.034300
v 66.466310 30.994370 137.425800
v 54.594220 30.739420 156.166100
v 46.743300 27.322300 135.000800
v 62.610860 22.338050 146.832600
v 85.089570 39.434490 166.034300
v 54.594220 30.739420 156.166100
v 66.466310 30.994370 137.425800
v 46.743300 27.322300 135.000800
v -92.803560 -4.732434 26.753030
v -99.212470 -5.020582 17.470710
v -97.923680 -1.799732 12.659540
v -81.722670 -1.799741 27.045320
v -93.994090 -4.732430 33.121350
v -83.694100 -1.799730 33.283560
v -92.904250 -5.782255 42.336680
v -82.548890 -1.799732 38.508170
v -108.933900 -3.786126 5.751886
v -112.380500 -1.799758 -0.184369
v -98.795760 -5.470114 89.943730
v -98.045750 -4.732399 82.438210
v -92.161630 -1.799707 80.352230
v -92.791610 -1.799701 90.862250
v -92.803560 1.132950 26.753030
v -81.722670 -1.799741 27.045320
v -97.923680 -1.799732 12.659540
v -99.212470 1.132944 17.470720
v -93.994090 1.132944 33.121350
v -83.694100 -1.799730 33.283560
v -92.904250 2.182793 42.336680
v -82.548890 -1.799732 38.508170
v -112.380500 -1.799758 -0.184369
v -108.933900 0.186654 5.751894
v -98.795750 1.870709 89.943730
v -92.791610 -1.799701 90.862250
v -92.161630 -1.799707 80.352230
v -98.045750 1.132986 82.438210
v -98.233910 -6.463193 95.603350
v -85.184620 -1.799697 97.017160
v -98.603470 -4.732388 106.188900
v -103.377600 -4.732395 88.952870
v -97.231210 -4.732402 77.758460
v -97.195030 -4.732407 68.992530
v -84.236210 -3.368715 43.354160
v -78.645920 -1.799725 41.510470
v -94.395650 -4.732415 57.901830
v -93.848230 -5.555262 53.372330
v -85.316020 -4.392990 51.369620
v -101.576300 -5.640359 84.376890
v -94.912050 -1.799696 106.334400
v -86.757260 -1.799716 66.777460
v -85.785840 -1.799713 63.939790
v -78.055210 -1.799720 46.213170
v -98.233910 2.863796 95.603350
v -85.184620 -1.799697 97.017160
v -98.603470 1.133000 106.188900
v -97.195020 1.132983 68.992530
v -97.231210 1.132984 77.758470
v -84.236210 -0.230752 43.354160
v -78.645920 -1.799725 41.510470
v -94.395650 1.132977 57.901830
v -85.316030 0.793541 51.369620
v -93.848230 1.955817 53.372330
v -101.576300 2.040948 84.376890
v -103.377600 1.132989 88.952870
v -94.912050 -1.799696 106.334400
v -86.757260 -1.799716 66.777460
v -85.785840 -1.799713 63.939790
v -78.055210 -1.799720 46.213170
v -105.233900 7.122752 84.711000
v -101.809300 8.267054 91.135060
v -102.247600 9.957266 84.213710
vt 0.057404 0.181040 0.000000
vt 0.005497 0.181040 0.000000
vt 0.057404 0.351936 0.000000
vt 0.109389 0.181040 0.000000
vt 0.057404 0.111318 0.000000
vt 0.057404 0.181040 0.000000
vt 0.005497 0.181040 0.000000
vt 0.057404 0.351936 0.000000
vt 0.109389 0.181040 0.000000
vt 0.057404 0.111318 0.000000
vt 0.057404 0.181040 0.000000
vt 0.005497 0.181040 0.000000
vt 0.057404 0.351936 0.000000
vt 0.109389 0.181040 0.000000
vt 0.057404 0.111318 0.000000
vt 0.057404 0.181040 0.000000
vt 0.005497 0.181040 0.000000
vt 0.057404 0.351936 0.000000
vt 0.109389 0.181040 0.000000
vt 0.057404 0.111318 0.000000
vt 0.057404 0.181040 0.000000
vt 0.057404 0.351936 0.000000
vt 0.005497 0.181040 0.000000
vt 0.109389 0.181040 0.000000
vt 0.057404 0.111318 0.000000
vt 0.057404 0.181040 0.000000
vt 0.057404 0.351936 0.000000
vt 0.005497 0.181040 0.000000
vt 0.109389 0.181040 0.000000
vt 0.057404 0.111318 0.000000
vt 0.057404 0.181040 0.000000
vt 0.057404 0.351936 0.000000
vt 0.005497 0.181040 0.000000
vt 0.109389 0.181040 0.000000
vt 0.057404 0.111318 0.000000
vt 0.057404 0.181040 0.000000
vt 0.057404 0.351936 0.000000
vt 0.005497 0.181040 0.000000
vt 0.109389 0.181040 0.000000
vt 0.057404 0.111318 0.000000
vt 0.930100 0.257232 0.000000
vt 0.906824 0.222883 0.000000
vt 0.911151 0.204571 0.000000
vt 0.974018 0.265486 0.000000
vt 0.930100 0.281152 0.000000
vt 0.967033 0.281152 0.000000
vt 0.933328 0.316096 0.000000
vt 0.971922 0.300495 0.000000
vt 0.868908 0.179698 0.000000
vt 0.855269 0.157659 0.000000
vt 0.917369 0.496539 0.000000
vt 0.917369 0.468111 0.000000
vt 0.939700 0.459584 0.000000
vt 0.939700 0.499346 0.000000
vt 0.930100 0.257232 0.000000
vt 0.974018 0.265486 0.000000
vt 0.911151 0.204571 0.000000
vt 0.906824 0.222883 0.000000
vt 0.930100 0.281152 0.000000
vt 0.967033 0.281152 0.000000
vt 0.933328 0.316096 0.000000
vt 0.971922 0.300495 0.000000
vt 0.855269 0.157659 0.000000
vt 0.868908 0.179698 0.000000
vt 0.917369 0.496539 0.000000
vt 0.939700 0.499346 0.000000
vt 0.939700 0.459584 0.000000
vt 0.917369 0.468111 0.000000
vt 0.919207 0.517851 0.000000
vt 0.968430 0.521751 0.000000
vt 0.919207 0.553414 0.000000
vt 0.898451 0.493302 0.000000
vt 0.920509 0.450348 0.000000
vt 0.920509 0.417238 0.000000
vt 0.966426 0.318983 0.000000
vt 0.980812 0.316397 0.000000
vt 0.930203 0.375044 0.000000
vt 0.930203 0.357878 0.000000
vt 0.962912 0.349373 0.000000
vt 0.905280 0.475822 0.000000
vt 0.932805 0.558012 0.000000
vt 0.959177 0.407721 0.000000
vt 0.962509 0.396793 0.000000
vt 0.983178 0.334092 0.000000
vt 0.919207 0.517851 0.000000
vt 0.968430 0.521751 0.000000
vt 0.919207 0.553414 0.000000
vt 0.920509 0.417238 0.000000
vt 0.920509 0.450348 0.000000
vt 0.966426 0.318983 0.000000
vt 0.980812 0.316397 0.000000
vt 0.930203 0.375044 0.000000
vt 0.962912 0.349373 0.000000
vt 0.930203 0.357878 0.000000
vt 0.905280 0.475822 0.000000
vt 0.898451 0.493302 0.000000
vt 0.932805 0.558012 0.000000
vt 0.959177 0.407721 0.000000
vt 0.962544 0.396898 0.000000
vt 0.983178 0.334092 0.000000
vt 0.545313 0.630647 0.000000
vt 0.576311 0.592946 0.000000
vt 0.535438 0.609228 0.000000
usemtl Material_3
f 2586/2586 2587/2587 2588/2588
f 2589/2589 2590/2590 2586/2586
f 2586/2586 2588/2588 2589/2589
f 2590/2590 2587/2587 2586/2586
f 2591/2591 2592/2592 2593/2593
f 2594/2594 2595/2595 2591/2591
f 2591/2591 2593/2593 2594/2594
f 2591/2591 2595/2595 2592/2592
f 2596/2596 2597/2597 2598/2598
f 2599/2599 2600/2600 2596/2596
f 2596/2596 2598/2598 2599/2599
f 2600/2600 2597/2597 2596/2596
f 2601/2601 2602/2602 2603/2603
f 2604/2604 2605/2605 2601/2601
f 2601/2601 2603/2603 2604/2604
f 2601/2601 2605/2605 2602/2602
f 2606/2606 2607/2607 2608/2608
f 2609/2609 2606/2606 2610/2610
f 2606/2606 2609/2609 2607/2607
f 2610/2610 2606/2606 2608/2608
f 2611/2611 2612/2612 2613/2613
f 2614/2614 2611/2611 2615/2615
f 2611/2611 2614/2614 2612/2612
f 2611/2611 2613/2613 2615/2615
f 2616/2616 2617/2617 2618/2618
f 2619/2619 2616/2616 2620/2620
f 2616/2616 2619/2619 2617/2617
f 2620/2620 2616/2616 2618/2618
f 2621/2621 2622/2622 2623/2623
f 2624/2624 2621/2621 2625/2625
f 2621/2621 2624/2624 2622/2622
f 2621/2621 2623/2623 2625/2625
f 2626/2626 2627/2627 2628/2628
f 2628/2628 2629/2629 2626/2626
f 2630/2630 2626/2626 2629/2629
f 2629/2629 2631/2631 2630/2630
f 2632/2632 2630/2630 2631/2631
f 2631/2631 2633/2633 2632/2632
f 2627/2627 2634/2634 2635/2635
f 2635/2635 2628/2628 2627/2627
f 2636/2636 2637/2637 2638/2638
f 2638/2638 2639/2639 2636/2636
f 2640/2640 2641/2641 2642/2642
f 2642/2642 2643/2643 2640/2640
f 2644/2644 2645/2645 2641/2641
f 2641/2641 2640/2640 2644/2644
f 2646/2646 2647/2647 2645/2645
f 2645/2645 2644/2644 2646/2646
f 2643/2643 2642/2642 2648/2648
f 2648/2648 2649/2649 2643/2643
f 2650/2650 2651/2651 2652/2652
f 2652/2652 2653/2653 2650/2650
f 2639/2639 2654/2654 2636/2636
f 2655/2655 2656/2656 2654/2654
f 2636/2636 2654/2654 2657/2657
f 2638/2638 2658/2658 2659/2659
f 2632/2632 2633/2633 2660/2660
f 2633/2633 2661/2661 2660/2660
f 2662/2662 2663/2663 2664/2664
f 2637/2637 2636/2636 2665/2665
f 2636/2636 2657/2657 2665/2665
f 2655/2655 2666/2666 2656/2656
f 2639/2639 2655/2655 2654/2654
f 2638/2638 2659/2659 2667/2667
f 2668/2668 2664/2664 2669/2669
f 2668/2668 2662/2662 2664/2664
f 2651/2651 2650/2650 2670/2670
f 2671/2671 2670/2670 2672/2672
f 2652/2652 2673/2673 2674/2674
f 2646/2646 2675/2675 2647/2647
f 2647/2647 2675/2675 2676/2676
f 2677/2677 2678/2678 2679/2679
f 2653/2653 2680/2680 2650/2650
f 2650/2650 2680/2680 2681/2681
f 2671/2671 2672/2672 2682/2682
f 2651/2651 2670/2670 2671/2671
f 2652/2652 2683/2683 2673/2673
f 2684/2684 2685/2685 2678/2678
f 2684/2684 2678/2678 2677/2677
f 2686/2686 2687/2687 2688/2688

g tianqiong01
v -15.528210 -167.808200 79.021980
v -24.835790 -156.327700 83.177560
v -22.676500 -162.636800 78.146810
v 4.224837 -173.721500 77.616040
v 13.212670 -177.194500 78.473050
v 19.775750 -174.877800 83.092000
v -6.276109 -172.974200 99.168400
v -4.294272 -173.768100 99.518370
v -3.871834 -172.505600 103.086100
v -11.517640 -171.754700 84.362800
v -10.225130 -171.842500 85.283090
v -11.400700 -168.733200 90.658540
v -13.472020 -168.551100 90.547690
v -14.515020 -169.334600 92.927780
v -13.456620 -166.651000 96.207180
v -14.398780 -165.226400 93.925350
v -7.402397 -173.684100 89.405990
v -8.965065 -175.884700 82.483380
v -8.834611 -172.802600 93.235240
v -12.476730 -171.284700 95.398940
v -10.424830 -172.235500 89.770960
v -4.723241 -175.050200 89.133520
v -6.276109 -172.974200 99.168400
v -8.732420 -173.854600 97.988570
v -6.217290 -171.664500 102.850800
v -4.728871 -175.067000 76.196800
v -4.450039 -174.233700 72.004330
v -4.662379 -174.868300 81.120030
v -11.433960 -169.903400 82.151970
v -11.750240 -169.708300 92.571610
v -11.367400 -168.190500 98.489050
v -13.331870 -167.375500 88.321140
v -19.285220 -161.791500 96.495320
v -18.622190 -165.259700 95.796950
v -17.420560 -161.325700 105.802600
v -17.489550 -167.457400 89.121540
v -15.354870 -169.563900 79.794800
v -17.549490 -163.386100 87.842340
v -11.750240 -169.708300 92.571610
v -11.400700 -168.733200 90.658540
v -10.424830 -172.235500 89.770960
v -10.225130 -171.842500 85.283090
v -7.402397 -173.684100 89.405990
v -4.662379 -174.868300 81.120030
v -4.723241 -175.050200 89.133520
v -8.834611 -172.802600 93.235240
v -6.217290 -171.664500 102.850800
v -2.233725 -174.326800 99.168400
v 2.686315 -176.507200 84.362800
v 6.175099 -175.124900 90.547690
v 4.411278 -174.023800 90.658540
v 1.601177 -175.799600 85.283080
v 6.536572 -176.378300 92.927780
v 8.916109 -173.027400 93.925350
v 7.306308 -173.598200 96.207170
v -1.761407 -175.571500 89.405990
v -1.837803 -178.269500 82.483380
v -0.087105 -175.729400 93.235240
v 1.524188 -176.233600 89.770960
v 3.735090 -176.709100 95.398940
v -0.801833 -176.508100 97.988570
v -2.233725 -174.326800 99.168400
v -1.492500 -173.245400 102.850800
v 3.733612 -174.978400 82.151970
v 4.103624 -175.012900 92.571610
v 4.711279 -173.570400 98.489050
v 6.770648 -174.101700 88.321140
v 14.885760 -173.225000 96.495320
v 13.676890 -171.730800 105.802600
v 12.268990 -175.595800 95.796940
v 10.041870 -176.669200 89.121540
v 2.721928 -174.787500 78.302070
v 12.539880 -173.453900 87.842330
v 4.103624 -175.012900 92.571610
v 1.524188 -176.233600 89.770960
v 4.411278 -174.023800 90.658540
v 1.601177 -175.799600 85.283080
v -1.761407 -175.571500 89.405990
v -0.087105 -175.729400 93.235240
v -1.492500 -173.245400 102.850800
v 35.282400 -161.355300 105.873700
v 34.450530 -161.118400 109.366400
v 35.874460 -156.192700 105.974300
v 34.509270 -159.443500 104.285000
v 37.199210 -162.139600 105.182900
v 37.198220 -160.175300 103.316800
v 41.502200 -163.128800 106.672200
v 38.958980 -162.405300 110.459900
v 38.998010 -158.523300 108.427800
v 42.239140 -160.801000 103.508300
v 46.222630 -163.219500 106.286500
v 44.316350 -163.492500 102.409800
v 46.680900 -162.300000 101.330500
v 50.878280 -159.704900 102.717500
v 46.618200 -164.227000 108.376300
v 53.737430 -161.104900 104.044900
v 45.585110 -162.873600 111.423800
v 51.911650 -158.141400 109.803600
v 45.233090 -151.876800 114.782400
v 44.925960 -159.597400 119.724300
v 49.600610 -153.760400 119.103100
v 36.600830 -159.039900 114.417400
v 40.850750 -159.549300 116.225300
v 37.907060 -155.858200 111.707600
v 41.183010 -149.833700 113.550400
v 50.389340 -161.887000 116.924600
v 55.623900 -158.844900 115.083600
v 52.947110 -160.719200 123.637300
v 58.041980 -157.153500 125.385400
v 53.893840 -158.862900 127.826900
v 57.164260 -154.640600 131.627400
v 53.893840 -158.862900 127.826900
v 45.893890 -144.646600 100.639400
v 43.497860 -145.290200 99.851240
v 43.125050 -143.969000 103.449200
v 46.234130 -142.564100 103.553900
v 47.261350 -146.295900 100.219600
v 45.104650 -147.726000 99.416850
v 50.483990 -148.986100 102.241900
v 48.017330 -151.702700 100.658200
v 45.894430 -147.664300 105.026000
v 49.698840 -145.494400 105.162300
v 52.642910 -153.110200 103.119700
v 50.763680 -155.871300 99.316620
v 50.964390 -153.024600 99.130550
v 54.232060 -152.238300 104.620700
v 53.416670 -150.542100 107.560800
v 46.809470 -142.965500 109.381900
v 43.636270 -142.974200 113.725400
v 49.686040 -145.637300 111.867100
v 56.262940 -152.638500 114.027400
v 58.237520 -152.388900 121.027700
v 58.215560 -152.057900 125.695200
v 58.215560 -152.057900 125.695200
v 52.539810 -147.608700 115.968700
v 44.925960 -159.597400 119.724300
v 28.991830 -155.628000 112.493600
v 40.158410 -162.069700 99.323410
v 42.405090 -162.428800 96.496410
v 41.934860 -163.127000 102.678900
v 42.584740 -161.357300 100.207200
v 28.338880 -158.913300 119.074900
v 36.600830 -159.039900 114.417400
v 37.907060 -155.858200 111.707600
v 40.850750 -159.549300 116.225300
v 30.595020 -161.999000 114.081600
v 50.878280 -159.704900 102.717500
v 46.680900 -162.300000 101.330500
v 42.239140 -160.801000 103.508300
v 42.584740 -161.357300 100.207200
v 42.405090 -162.428800 96.496410
v 28.338880 -158.913300 119.074900
v 37.907060 -155.858200 111.707600
v 28.991830 -155.628000 112.493600
v 57.164260 -154.640600 131.627400
v 52.539810 -147.608700 115.968700
v 39.892220 -138.464300 107.116800
v 47.018740 -151.267500 95.939460
v 47.612990 -154.228500 93.927540
v 47.773060 -153.187800 97.648000
v 49.624420 -151.019100 98.885970
v 40.622390 -137.826700 114.988200
v 43.636270 -142.974200 113.725400
v 46.809470 -142.965500 109.381900
v 49.686040 -145.637300 111.867100
v 44.475960 -139.158200 108.346900
v 48.017330 -151.702700 100.658200
v 50.763680 -155.871300 99.316620
v 47.773060 -153.187800 97.648000
v 47.612990 -154.228500 93.927540
v 40.622390 -137.826700 114.988200
v 39.892220 -138.464300 107.116800
v 43.636270 -142.974200 113.725400
v -15.389490 -154.800400 89.812190
v -13.596460 -151.897600 91.528600
v -12.905780 -146.943100 92.385230
v -14.665130 -147.692900 92.063420
v -15.191170 -151.385700 87.449200
v -15.738140 -146.996900 90.645310
v -13.804710 -148.704400 85.100190
v -15.089020 -145.600200 89.577990
v -15.782460 -142.785600 94.956150
v -13.400230 -148.491300 89.812180
v -12.263730 -145.519400 91.235550
v -10.392800 -147.141400 85.772470
v -13.384040 -144.866200 89.833720
v -4.863680 -175.471000 55.547620
v 3.289317 -176.437700 56.459260
v 4.323854 -176.851000 68.924940
v -4.430100 -174.175100 68.013880
v -5.571804 -175.117300 41.237450
v 2.753227 -175.820800 41.340290
v 0.331821 -172.519200 82.975030
v -3.835717 -172.397600 75.322560
v 4.878644 -174.863900 78.044430
v 4.263787 -173.551800 84.734740
v -6.893905 -174.558400 26.959660
v 1.554893 -174.982900 27.059720
v -13.033520 -171.049000 68.925530
v -11.959150 -171.340700 56.459770
v -12.474310 -170.731400 42.949580
v -7.237194 -169.986600 82.975030
v -10.998830 -168.445000 84.734740
v -12.279530 -169.122800 78.044420
v -13.727530 -169.875200 28.674800
v 9.439410 -143.890300 87.695650
v 9.046523 -139.667300 91.842940
v 8.539005 -140.971300 93.376450
v 8.451617 -146.218600 90.988340
v 6.536109 -141.399600 85.971340
v 7.553074 -138.360200 91.085970
v 8.365658 -135.931600 97.214010
v 6.671385 -140.995300 94.137570
v 4.936081 -146.181500 92.556370
v 2.718464 -141.641500 87.695650
v 2.106153 -144.095400 90.988340
v 5.194233 -139.852200 93.376450
v 5.573685 -138.505300 91.842940
v 9.585134 -140.132800 80.302070
v 9.482433 -136.648100 82.585290
v 9.203759 -137.331400 83.843240
v 9.056058 -141.275800 82.933080
v 7.458507 -138.642800 78.906700
v 8.394408 -135.845700 81.953250
v 9.236834 -133.328000 85.790330
v 7.929950 -137.233800 84.456150
v 6.664181 -141.016800 84.168420
v 4.863389 -138.553000 80.302070
v 4.598099 -139.784100 82.933080
v 6.853920 -136.545200 83.843250
v 7.042614 -135.831700 82.585290
v 33.808630 -159.822600 94.746290
v 38.407430 -163.380900 91.715330
v 38.338220 -164.257700 92.692920
v 36.200910 -162.707800 94.615710
v 41.252620 -165.720300 90.382060
v 40.574740 -164.971100 89.988090
v 46.069310 -161.538400 84.658220
v 46.566480 -163.820900 79.708040
v 44.733650 -167.593900 81.293530
v 43.092070 -166.737400 87.129990
v 43.092070 -166.737400 87.129990
v 47.422010 -166.980300 86.971240
v 47.300190 -165.879900 92.676330
v 44.733650 -167.593900 81.293530
v 46.518670 -167.445100 81.307950
v 50.753180 -164.395600 85.630160
v 48.357690 -165.115900 79.563220
v 42.886480 -146.690600 89.602950
v 46.279180 -148.128700 88.905540
v 47.839540 -150.513100 87.309650
v 46.800590 -151.239400 86.959910
v 49.518990 -153.762300 85.698480
v 48.472530 -153.546300 85.513330
v 50.063240 -156.653000 83.180240
v 49.531480 -160.653400 78.575160
v 50.063240 -156.653000 83.180240
v 52.920210 -157.750000 89.492120
v 52.009490 -160.344100 84.372060
v 50.149420 -162.192900 79.250810
v 49.531480 -160.653400 78.575160
v -38.824740 -146.515000 89.463330
v -42.554150 -146.240200 89.179000
v -44.957020 -144.683600 87.607310
v -44.243430 -143.752600 87.012860
v -47.740030 -142.346400 85.944340
v -46.709230 -142.278200 85.614490
v -47.005450 -134.166700 83.493840
v -49.454060 -140.162200 83.245150
v -50.752330 -136.944000 78.200330
v -48.788900 -132.921600 78.470880
v -49.454060 -140.162200 83.245150
v -51.705920 -138.966900 89.780110
v -52.277910 -137.048700 84.324210
v -51.725190 -135.561800 78.793500
v -50.752330 -136.944000 78.200330
v -52.182910 -132.663000 84.900820
v -50.894990 -132.235500 78.480290
v -33.662130 -130.694300 91.552130
v -39.470200 -129.125200 88.944110
v -39.553570 -128.124900 89.793550
v -36.822610 -128.676100 91.498000
v -43.038910 -127.939900 87.846410
v -42.217720 -128.514200 87.431760
v -48.023800 -128.582500 79.304310
v -45.489520 -128.013000 84.849210
v -45.489520 -128.013000 84.849210
v -49.669010 -129.053700 85.379780
v -48.509800 -129.172500 91.073280
v -48.023800 -128.582500 79.304310
v -49.660370 -129.234200 79.628920
v -3.641068 -171.815900 79.385190
v 46.009240 -166.144300 72.792630
v 51.697400 -162.534100 92.072650
v 52.433190 -161.362800 96.338650
v 49.333650 -163.248000 98.440780
v 51.252920 -160.085300 97.517260
v 44.924600 -163.240700 97.255610
v 42.186530 -163.787500 98.037220
v 43.751790 -166.603300 95.487560
v 42.764170 -161.292100 99.339200
v 41.305080 -161.475200 97.744940
v 37.498740 -161.222800 99.550740
v 40.877180 -165.056800 96.222740
v 36.134190 -156.471900 103.411900
v 37.237460 -159.436600 98.404210
v 34.379100 -161.055800 97.114880
v 37.881130 -163.866000 96.152720
v 32.078430 -156.365000 100.213200
v 46.701140 -165.343000 95.711880
v 47.274850 -161.501500 99.448240
v 46.009240 -166.144300 72.792630
v 40.574740 -164.971100 89.988090
v 53.445180 -157.300300 96.111270
v 51.219730 -154.134200 93.688900
v 52.997070 -153.229100 90.249340
v 50.808750 -151.314700 93.152020
v 49.365260 -151.743100 95.599140
v 48.386980 -151.230600 93.732470
v 50.739940 -150.789400 90.634660
v 47.196200 -147.194500 94.056330
v 43.886280 -145.257800 99.019710
v 45.193540 -147.927400 93.896440
v 48.466800 -148.552900 90.155070
v 44.954150 -145.758000 91.123240
v 41.054370 -143.380500 95.127590
v 53.224790 -155.906000 92.015700
v 51.446890 -155.466300 97.084460
v 48.472530 -153.546300 85.513330
v -49.833270 -131.639800 71.343640
v -51.708640 -133.706700 91.575240
v -51.510350 -134.349100 96.009230
v -51.243930 -138.514800 96.403800
v -49.858120 -135.033800 97.111720
v -48.470380 -141.243000 94.014430
v -50.294480 -143.143900 91.036510
v -47.282000 -143.872800 93.733410
v -45.749090 -142.672500 95.846520
v -44.899470 -143.165300 93.912770
v -45.338230 -145.948900 92.207960
v -42.494760 -146.586800 94.481890
v -34.500530 -142.481800 100.061300
v -40.850480 -145.342900 93.914030
v -44.593930 -146.274600 90.716870
v -40.300610 -147.755000 91.397350
v -35.394740 -148.258000 94.943450
v -51.113960 -140.405300 92.508210
v -48.674230 -139.522000 97.231970
v -49.833270 -131.639800 71.343640
v -46.709230 -142.278200 85.614490
v -48.905700 -131.349300 97.349850
v -44.890320 -130.272000 95.462940
v -42.378510 -128.846100 95.717360
v -45.036640 -127.031400 93.163840
v -41.995010 -131.168300 97.365430
v -40.871980 -130.823200 95.542300
v -36.979780 -129.686300 96.713260
v -41.758010 -127.551800 93.582560
v -33.753630 -133.183900 100.799900
v -36.325840 -131.477300 95.744720
v -34.286530 -129.325100 93.830660
v -38.573820 -127.826100 93.152620
v -30.290080 -132.614900 97.008830
v -47.403930 -129.036000 94.009270
v -46.301590 -132.251100 98.191970
v -42.217720 -128.514200 87.431760
v 4.169919 -173.885600 77.616040
v 8.722675 -180.467500 75.867030
v 19.768620 -175.043700 83.140960
v 19.132920 -181.648900 68.287120
v 20.243930 -179.166400 75.504300
v 9.253251 -182.983800 70.320590
v 11.087900 -184.632400 60.579520
v -15.618780 -167.945400 79.043640
v -24.962000 -156.438000 83.220890
v -22.528060 -168.021100 75.205420
v -29.906830 -160.078900 68.155640
v -24.884970 -168.806100 69.619230
v -28.570250 -158.123000 75.495460
v -27.389800 -167.775800 59.942640
v 22.822030 -186.107200 2.759777
v 27.196100 -178.582900 -0.118787
v 23.712570 -189.705800 -0.121854
v 22.822030 -186.107200 2.759777
v 28.280060 -181.643900 12.178470
v 27.196100 -178.582900 -0.118787
v 33.745060 -183.562400 4.991730
v 22.822030 -186.107200 2.759777
v 23.712570 -189.705800 -0.121854
v 28.280060 -181.643900 12.178470
v 35.175890 -186.940500 -0.142723
v 33.745060 -183.562400 4.991730
v 27.196100 -178.582900 -0.118787
v 32.287110 -199.648100 -0.143337
v 23.712570 -189.705800 -0.121854
v 35.175890 -186.940500 -0.142723
v 32.287110 -199.648100 -0.143337
v 30.326650 -190.818700 7.485918
v 33.745060 -183.562400 4.991730
v 34.886780 -177.860300 -0.109148
v 35.175890 -186.940500 -0.142723
v 33.745060 -183.562400 4.991730
v 37.209610 -178.977900 8.444913
v 34.886780 -177.860300 -0.109148
v 40.075470 -175.457300 -0.101761
v 33.745060 -183.562400 4.991730
v 35.175890 -186.940500 -0.142723
v 37.209610 -178.977900 8.444913
v 42.312670 -184.688100 -0.119553
v 40.075470 -175.457300 -0.101761
v 34.886780 -177.860300 -0.109148
v 42.312670 -184.688100 -0.119553
v 35.175890 -186.940500 -0.142723
v 35.932120 -194.743900 -0.119968
v 39.844110 -185.480900 5.314566
v 14.890120 -181.891600 -0.095198
v 20.289880 -182.332300 -0.112646
v 16.054450 -191.107200 -0.121862
v 14.890120 -181.891600 -0.095198
v 18.451700 -184.270500 8.652615
v 20.289880 -182.332300 -0.112646
v 22.822030 -186.107200 2.759777
v 14.890120 -181.891600 -0.095198
v 16.054450 -191.107200 -0.121862
v 18.451700 -184.270500 8.652615
v 23.712570 -189.705800 -0.121854
v 22.822030 -186.107200 2.759777
v 27.133670 -197.244100 -0.122278
v 23.712570 -189.705800 -0.121854
v 27.133670 -197.244100 -0.122278
v 20.289880 -182.332300 -0.112646
v 27.133670 -197.244100 -0.122278
v 18.921430 -191.148200 5.431813
v 33.745060 -183.562400 4.991730
v 35.175890 -186.940500 -0.142723
v 40.075470 -175.457300 -0.101761
v 22.822030 -186.107200 2.759777
v 35.932120 -194.743900 -0.119968
v -30.699750 -161.558700 2.783912
v -32.764570 -164.741100 -0.127616
v -32.231060 -153.334900 -0.108784
v -30.699750 -161.558700 2.783912
v -32.231060 -153.334900 -0.108784
v -34.778020 -155.410000 12.155240
v -40.299370 -155.760600 5.021814
v -30.699750 -161.558700 2.783912
v -34.778020 -155.410000 12.155240
v -32.764570 -164.741100 -0.127616
v -40.299370 -155.760600 5.021814
v -42.758060 -158.481400 -0.148485
v -32.231060 -153.334900 -0.108784
v -32.764570 -164.741100 -0.127616
v -44.050740 -171.448800 -0.149093
v -42.758060 -158.481400 -0.148485
v -39.266090 -163.698700 7.569372
v -44.050740 -171.448800 -0.149093
v -40.299370 -155.760600 5.021814
v -42.758060 -158.481400 -0.148485
v -38.656800 -149.236000 -0.242615
v -40.299370 -155.760600 5.021814
v -38.656800 -149.236000 -0.242615
v -41.349960 -149.084300 8.261187
v -42.129260 -144.788300 -0.327343
v -40.299370 -155.760600 5.021814
v -41.349960 -149.084300 8.261187
v -42.758060 -158.481400 -0.148485
v -42.129260 -144.788300 -0.327343
v -48.811340 -154.080800 -0.125313
v -38.656800 -149.236000 -0.242615
v -42.758060 -158.481400 -0.148485
v -48.811340 -154.080800 -0.125313
v -46.691510 -155.707400 5.376510
v -45.951270 -165.641600 -0.125715
v -22.919360 -161.783700 0.139102
v -25.946860 -168.500000 -0.127619
v -27.857600 -159.738700 0.018604
v -22.919360 -161.783700 0.139102
v -27.857600 -159.738700 0.018604
v -27.271490 -162.179800 8.810074
v -30.699750 -161.558700 2.783913
v -22.919360 -161.783700 0.139102
v -27.271490 -162.179800 8.810074
v -25.946860 -168.500000 -0.127619
v -30.699750 -161.558700 2.783913
v -32.764570 -164.741100 -0.127615
v -38.400800 -170.804300 -0.128028
v -32.764570 -164.741100 -0.127615
v -27.857600 -159.738700 0.018604
v -38.400800 -170.804300 -0.128028
v -28.525260 -167.536000 5.489171
v -38.400800 -170.804300 -0.128028
v -42.758060 -158.481400 -0.148485
v -40.299370 -155.760600 5.021814
v -42.129260 -144.788300 -0.327343
v -30.699750 -161.558700 2.783913
v -45.951270 -165.641600 -0.125715
v -36.951060 -140.764100 114.162900
v -38.009700 -140.279000 112.076200
v -33.188450 -144.677000 108.466500
v -32.263360 -145.699700 109.445100
v -27.069690 -140.783400 106.093800
v -25.647590 -141.485600 106.844300
v -21.480340 -138.002800 110.652500
v -17.319890 -140.780000 115.317400
v -18.261690 -149.068400 113.232900
v -23.485520 -145.365300 108.002600
v -43.763220 -140.541100 106.533000
v -36.602460 -146.611100 103.709400
v -33.618910 -146.243600 107.698200
v -38.009700 -140.279000 112.076200
v -18.261690 -149.068400 113.232900
v -17.319890 -140.780000 115.317400
v -19.485360 -145.804000 111.916200
v -21.798390 -154.974500 115.155600
v -41.781910 -141.765600 90.437160
v -40.762310 -142.799800 87.546890
v -36.308710 -140.471900 89.102750
v -37.400030 -140.532200 89.635620
v -36.475630 -143.960300 87.380150
v -34.798960 -145.109300 83.947240
v -33.662220 -142.754900 83.338710
v -34.911540 -141.240200 85.703160
v -44.718750 -142.424600 80.198240
v -42.417570 -140.706800 80.371900
v -40.255110 -140.876400 81.721120
v -42.782920 -142.736200 82.643010
v -39.504220 -144.120900 84.692670
v -37.174590 -145.642500 82.738460
v -38.899600 -136.498300 75.588760
v -41.490790 -141.307300 75.755480
v -46.913320 -139.471600 79.035620
v -45.615220 -134.317500 79.401410
v -33.870880 -139.945700 81.847330
v -37.196320 -144.380600 80.577840
v -37.209050 -132.026900 80.679520
v -39.355480 -131.075100 81.793390
v -42.417570 -140.706800 80.371900
v -41.213070 -141.626600 79.119090
v -39.298190 -144.088600 80.296780
v -42.364090 -142.866800 77.488240
v -38.907260 -142.792600 81.529610
v -41.213070 -141.626600 79.119090
v -33.076900 -134.520500 81.593030
v -37.167130 -131.224700 77.582530
v -36.803800 -130.603700 79.202340
v -40.546400 -128.941500 81.640500
v -35.145120 -134.050300 82.476840
v -34.039830 -133.241900 81.553400
v -46.311540 -135.105200 84.767780
v -45.347250 -136.132700 88.867840
v -41.938570 -131.212200 89.849300
v -43.245190 -129.848500 85.951310
v -38.248450 -140.766900 82.947810
v -41.413000 -143.119200 84.250550
v -38.907260 -142.792600 81.529610
v -9.987229 -169.588900 106.561200
v -9.758363 -168.910200 99.905240
v -3.640448 -171.814100 100.053100
v -3.957835 -172.762600 107.019700
v -8.672134 -168.558800 127.712000
v -3.164240 -170.390900 127.078100
v -0.984580 -167.241900 131.970500
v -6.535983 -165.436200 133.404700
v -46.187320 -140.303200 83.799230
v -4.188891 -173.453200 111.941400
v -4.393675 -174.065200 115.564600
v -10.944910 -171.951400 115.602100
v -10.254270 -170.815300 112.084700
v -2.945957 -155.477600 150.225900
v -5.203848 -159.200600 148.137400
v -4.480660 -159.557600 150.782200
v -2.842409 -156.357300 153.920100
v 1.339545 -155.606700 154.189100
v 1.356696 -154.771300 150.824400
v -3.747572 -162.090300 144.150800
v -2.411887 -163.895200 142.188000
v -3.078230 -166.915800 142.653500
v -4.437316 -164.224600 145.115900
v -4.506884 -161.578500 147.985700
v -4.946498 -163.437900 147.403200
v -1.106858 -164.242000 136.001700
v -4.747481 -162.081900 136.419900
v -17.045310 -165.461500 112.201900
v -16.306330 -164.808500 106.643400
v -10.411020 -171.226000 120.566000
v -4.044471 -173.021500 119.987100
v -15.413060 -153.836300 136.997200
v -18.390860 -152.005800 135.054300
v -17.900550 -158.423900 130.204100
v -14.637730 -159.499800 132.119700
v -15.252220 -146.598600 139.986200
v -18.086170 -144.246800 138.379100
v -5.797623 -169.903900 88.089640
v -3.693058 -171.971300 92.747440
v -9.447713 -168.657000 93.280880
v -10.002460 -167.814900 90.475080
v -13.400980 -163.994400 94.009980
v -13.913800 -156.006600 96.896350
v -16.188290 -155.459200 95.997700
v -14.606220 -164.875200 92.338670
v -17.868410 -149.816700 86.412700
v -24.962000 -156.438000 83.220890
v -15.750580 -163.985000 89.086010
v -16.731020 -154.812200 91.693280
v -3.694763 -144.195100 96.113880
v -3.188973 -146.098700 97.428020
v 4.276141 -148.153900 97.461810
v 4.913481 -146.249100 96.322000
v -11.143140 -147.947000 97.512150
v -11.635210 -146.753400 96.506020
v -15.618780 -167.945400 79.043640
v -10.998830 -168.445000 84.734750
v -11.439700 -168.817900 89.019750
v -4.644363 -139.446200 89.237660
v -6.057335 -144.456600 86.360420
v 6.661494 -141.024800 88.899630
v -7.338541 -170.084800 83.093220
v -7.365930 -171.426700 85.874070
v -3.747855 -172.135100 84.448510
v -5.797623 -169.903900 88.089640
v -3.360150 -170.976300 87.435380
v -25.133090 -147.908700 71.867920
v -28.403720 -156.419300 75.369880
v -21.224090 -148.636000 81.541720
v -5.969786 -168.562200 75.846170
v -3.106987 -170.219700 75.859340
v -3.374232 -171.018400 78.921590
v -6.609519 -169.413900 79.103050
v -0.069394 -148.035500 76.511230
v -3.357191 -148.950500 71.563710
v -3.820548 -142.109400 80.483020
v 5.391451 -144.820600 81.116950
v 1.016625 -157.895500 74.884200
v -1.724530 -156.903700 74.589760
v 3.831694 -149.482200 78.016370
v 1.016625 -157.895500 74.884200
v -1.797967 -166.307500 73.922640
v -5.123492 -165.379100 73.750010
v -1.724530 -156.903700 74.589760
v -16.880110 -158.181700 49.962870
v -14.649150 -159.449900 54.396300
v -22.443380 -163.987700 57.290280
v -24.215220 -162.906700 51.828740
v -15.797710 -166.843600 75.295470
v -18.859530 -166.336100 67.750120
v -10.308320 -160.870300 64.776140
v -16.194400 -156.097500 37.041970
v -17.739230 -156.262900 42.164540
v -24.474580 -157.859500 40.543520
v -23.737940 -157.298700 36.282410
v -26.092500 -144.228800 46.324710
v -25.111080 -141.711100 41.468240
v -30.685220 -147.741400 39.043210
v -30.187930 -149.527400 43.962070
v -29.270520 -154.991400 42.328120
v -29.665690 -154.030200 37.188660
v -12.590330 -151.231100 39.154760
v -14.275060 -152.470100 44.824420
v -17.739230 -156.262900 42.164540
v -16.194400 -156.097500 37.041970
v -18.100990 -157.451000 46.081360
v -15.821780 -148.187600 49.940420
v -11.870310 -147.079000 53.272800
v -16.880110 -158.181700 49.962870
v -19.315560 -144.543900 53.330150
v -20.001560 -145.739600 50.366940
v -26.496040 -147.191100 49.932670
v -26.210580 -147.599800 54.871530
v -16.001150 -147.574300 46.902230
v -13.451590 -145.272500 41.279980
v -18.192870 -141.589900 42.274250
v -19.720830 -144.306100 47.625930
v -38.964170 -132.298200 112.884500
v -42.507470 -130.653500 107.123000
v -0.135342 -173.252600 145.501400
v -0.134361 -173.333900 146.018500
v -0.757389 -172.959300 145.880300
v -0.090821 -172.631100 145.274800
v -2.039138 -172.809800 150.119800
v 0.046635 -172.357700 153.625900
v -3.257175 -170.968800 153.450400
v -4.663393 -167.162600 152.614200
v -3.775489 -171.406100 151.463600
v -5.362912 -161.980500 159.773600
v -6.865876 -160.869900 156.294300
v -7.010886 -165.002800 154.677700
v -2.812293 -170.118900 143.426700
v -1.096835 -171.269700 143.661900
v -1.167091 -171.477500 144.745000
v -3.451895 -169.893500 144.452900
v -1.461634 -171.041200 146.080500
v -0.744355 -171.426900 145.711500
v -6.437180 -165.009900 149.179300
v -7.544859 -163.987200 146.766300
v -6.414578 -165.270000 144.973200
v -3.584792 -169.845600 145.361500
v -2.490579 -169.765700 140.502100
v -5.290098 -168.559100 137.843100
v -1.874765 -171.900800 137.708300
v -0.083451 -171.590100 140.077200
v -0.952630 -170.748900 143.409700
v 0.000842 -171.081400 143.322600
v -0.039010 -171.688200 143.803100
v -4.232821 -168.577300 143.017900
v -3.063123 -169.153100 142.476700
v -2.007865 -170.266000 143.254700
v -0.948720 -171.005200 142.743700
v -1.861603 -170.016700 141.976000
v 0.001696 -170.794100 141.804100
v -0.018103 -171.205900 142.649600
v -3.843508 -168.267300 141.582400
v -2.343450 -156.662400 162.541200
v -2.777971 -163.372300 161.819200
v 0.814862 -163.702500 161.099600
v 1.349720 -156.974700 162.442500
v -4.931905 -169.865200 132.138100
v -1.977419 -172.156400 132.252300
v 0.101275 -171.832200 154.653000
v -2.743907 -170.708300 154.665600
v 1.787932 -149.804000 154.421200
v 1.816306 -148.278600 148.066000
v -6.634598 -150.499900 147.952900
v -4.548697 -150.623300 154.058300
v 6.306709 -142.085200 143.955200
v -3.116705 -143.728000 144.472600
v -5.026296 -171.587000 152.406900
v -7.124576 -168.324100 153.452100
v -8.616995 -166.310800 148.973800
v -6.188034 -168.884700 147.740200
v -4.743848 -169.409600 157.808700
v -2.541362 -169.498500 159.559300
v -8.613587 -162.078900 150.193600
v -7.010887 -165.002800 154.677700
v -9.154062 -157.265400 151.209700
v -10.586720 -154.863300 148.276300
v -10.096830 -158.887300 146.995100
v -8.613587 -162.078900 150.193600
v -6.414742 -148.977700 148.858000
v -7.718064 -153.629300 151.918600
v -4.788600 -149.723100 153.030100
v 1.878942 -148.376800 153.096700
v 2.015258 -145.929200 149.408100
v -3.136906 -147.197600 149.012600
v 1.683244 -152.081000 159.439300
v -2.398917 -152.078900 159.502200
v -12.092330 -164.238100 142.413600
v -9.514243 -167.963900 140.877000
v -12.639040 -159.971200 143.970000
v -5.457350 -155.337700 158.401300
v -7.330413 -153.767400 154.968700
v -9.010692 -157.028400 153.496100
v -6.865874 -160.869900 156.294300
v -13.036880 -155.524100 145.521500
v -13.631600 -152.549900 146.509800
v -9.402303 -151.747200 148.268900
v -12.317920 -149.686800 146.818400
v -2.311154 -143.579200 146.755800
v 2.289077 -141.863000 146.675200
v -2.344270 -140.309900 141.679800
v 8.123769 -136.654500 139.281600
v -8.173788 -146.079200 142.477100
v -6.686985 -147.303400 144.487000
v -7.010887 -165.002800 154.677700
v -9.201131 -160.188300 152.357000
v -5.848843 -146.591600 152.389200
v -10.700510 -151.179700 151.881700
v -4.126312 -150.295800 155.552500
v 1.851752 -149.229200 155.835500
v 2.136946 -145.006200 153.055700
v -1.096835 -171.269700 143.661900
v -1.167091 -171.477500 144.745000
v -3.214171 -171.102400 143.666900
v -2.348238 -170.747600 142.381700
v -5.062571 -169.028200 143.145700
v -4.586277 -170.164300 142.048700
v -3.490061 -170.142600 145.046000
v -3.642824 -169.906500 141.397400
v -1.461634 -171.041200 146.080500
v -18.464260 -166.787600 120.473100
v -11.107090 -142.100400 77.133770
v -14.681950 -141.767500 69.883250
v -4.983063 -135.927400 79.145180
v -5.370462 -134.099100 70.588490
v 7.633095 -138.121000 79.428900
v -15.414640 -134.686900 124.288800
v -18.803000 -132.184500 119.696800
v -21.891960 -131.597500 123.987800
v -24.297520 -155.168800 122.685600
v -19.900610 -154.818100 116.887300
v -21.680190 -158.754000 127.560300
v -30.264290 -151.361500 125.903300
v -22.952160 -155.625800 130.646800
v -25.640410 -151.512100 133.776900
v -30.883020 -143.608200 131.473900
v -18.086170 -144.246800 138.379100
v -16.158210 -136.241800 133.494000
v -24.789100 -143.490300 135.835200
v -24.393530 -134.974000 131.780600
v -32.252730 -133.007200 121.578500
v -32.841720 -142.199000 123.856700
v -28.428830 -134.435000 126.061900
v -32.527680 -147.464700 115.965900
v -36.577750 -139.622500 118.575900
v -35.782340 -133.086600 115.623300
v -25.686660 -129.884800 119.092000
v -29.105930 -129.439000 114.039300
v -25.028870 -135.463200 108.001800
v -25.790340 -130.388000 111.417700
v -21.830180 -131.919000 115.274200
v -21.480340 -138.002800 110.652500
v -28.491990 -149.376600 111.225000
v -29.830430 -149.421300 121.127600
v -23.820740 -151.729000 118.103900
v -20.829270 -150.239500 113.934800
v -25.028870 -135.463200 108.001800
v -31.862160 -128.647900 110.091800
v -26.774030 -135.286000 106.757900
v -37.332540 -132.884200 112.542500
v -26.774030 -135.286000 106.757900
v -17.319890 -140.780000 115.317400
v -18.390860 -152.005800 135.054300
v -17.900550 -158.423900 130.204100
v -43.063900 -143.365000 93.567770
v -42.201150 -143.025600 91.198420
v -36.823470 -140.997600 90.158710
v -35.212210 -140.160300 92.638440
v -39.684470 -130.549300 92.590560
v -35.803870 -134.710400 91.958950
v -36.075740 -136.041700 89.762920
v -38.311380 -130.915000 90.819700
v -36.531780 -127.486200 99.321000
v -33.886240 -126.411700 105.496800
v -27.419420 -132.923600 101.408900
v -45.142200 -132.136600 94.758660
v -28.977760 -142.488300 99.495420
v -45.292000 -139.232700 95.748720
v -44.446270 -131.253000 92.609820
v -46.866000 -138.160900 92.808850
v -26.139110 -141.827600 104.768800
v -37.332540 -132.884200 112.542500
v -30.538780 -133.440600 97.308560
v -25.182090 -133.774100 105.624700
v -32.266550 -127.238600 109.500900
v -37.400030 -140.532200 89.635620
v -41.781910 -141.765600 90.437160
v -39.364510 -132.238500 90.468490
v -37.642630 -136.162300 90.024510
v -33.188450 -144.677000 108.466500
v -27.069690 -140.783400 106.093800
v -44.048260 -132.420900 91.780460
v -45.372600 -137.949700 91.631420
v -26.774030 -135.286000 106.757900
v -31.862160 -128.647900 110.091800
v -34.086890 -143.949500 79.002080
v -36.799320 -143.871500 80.088440
v -35.106010 -141.897200 80.819020
v -35.106010 -141.897200 80.819020
v -3.360150 -170.976300 87.435380
v -3.188973 -146.098700 97.428020
v 4.270325 -148.171300 103.053900
v 4.276141 -148.153900 97.461810
v -19.157610 -167.610100 115.991700
v -18.803000 -132.184500 119.696800
v -15.960400 -136.254000 113.404000
v -17.319890 -140.780000 115.317400
v -19.900610 -154.818100 116.887300
v -19.485360 -145.804000 111.916200
v -6.055680 -153.933000 145.004000
v -10.318600 -150.093700 142.968400
v -2.402585 -151.865100 146.762800
v -4.433032 -145.907900 143.484300
v -6.223427 -135.041700 130.269400
v -4.488593 -135.207000 119.870200
v -15.414640 -134.686900 124.288800
v -8.523712 -138.695200 107.588800
v -6.115870 -145.295700 101.158600
v -12.702360 -147.597200 100.318600
v -11.143140 -147.947000 97.512150
v 4.944736 -146.155700 143.930100
v -6.367218 -141.729500 141.271800
v -17.768510 -145.673400 106.518400
v -15.252220 -146.598600 139.986200
v -16.158210 -136.241800 133.494000
v -18.086170 -144.246800 138.379100
v -6.761724 -136.986500 136.805300
v 7.484903 -138.563900 120.537600
v 6.319143 -142.048000 112.081400
v -7.025315 -156.629900 141.377500
v -18.314080 -155.852300 103.853500
v -12.702360 -147.597200 100.318600
v -14.515990 -156.238400 99.402660
v -13.400980 -163.994400 94.009980
v -14.510840 -164.376000 99.257170
v -17.768510 -145.673400 106.518400
v -19.856730 -156.033400 108.545400
v -23.340970 -160.775800 119.380300
v -21.680190 -158.754000 127.560300
v -11.934600 -154.711300 137.721300
v -10.318600 -150.093700 142.968400
v -6.055680 -153.933000 145.004000
v -5.203848 -159.200600 148.137400
v -15.254020 -163.735200 128.375900
v -9.819404 -161.067600 134.131800
v 3.042067 -151.842100 147.951900
v -11.143140 -147.947000 97.512150
v -13.913800 -156.006600 96.896350
v 7.525406 -138.442900 128.920300
v 0.438627 -164.905500 140.742200
v -44.048260 -132.420900 91.780460
v -39.364510 -132.238500 90.468490
v -37.223530 -131.990000 89.269250
v -37.755660 -136.601400 88.720070
v -37.653570 -133.796300 85.113620
v -43.908870 -140.957300 87.528400
v -36.097280 -139.387400 87.911520
v -37.642630 -136.162300 90.024510
v -38.718560 -136.621600 84.568660
v -45.372600 -137.949700 91.631420
v -33.662220 -142.754900 83.338710
v -36.583950 -142.975300 82.122280
v -38.248450 -140.766900 82.947810
v -42.827100 -129.351300 80.420610
v -36.097280 -139.387400 87.911520
v -34.911540 -141.240200 85.703160
v -37.642630 -136.162300 90.024510
v -40.255110 -140.876400 81.721120
v -38.057910 -130.344500 85.527420
v -35.106010 -141.897200 80.819020
v -36.583950 -142.975300 82.122280
v -37.196320 -144.380600 80.577840
v -33.870880 -139.945700 81.847330
v 6.881389 -140.367600 137.614700
v 0.179042 -168.470600 141.739200
v -1.882096 -168.219700 141.757900
v -10.002460 -167.814900 90.475080
v -14.681950 -141.767500 69.883250
v -5.833048 -145.658600 74.307600
v -5.936465 -147.926500 65.402590
v -3.106987 -170.219700 75.859340
v -5.969786 -168.562200 75.846170
v -31.068630 -155.337500 62.602270
v -26.442070 -162.649300 72.173150
v -28.403720 -156.419300 75.369880
v -18.424060 -143.730100 58.358990
v -25.133090 -147.908700 71.867920
v -30.176950 -158.622700 52.969410
v -30.380120 -154.084900 54.538860
v -30.025350 -161.343000 60.057460
v -14.649150 -159.449900 54.396300
v -10.308320 -160.870300 64.776140
v -30.885570 -157.402300 47.476770
v -30.600250 -152.285700 49.009100
v -24.898220 -159.915600 45.700100
v -18.100990 -157.451000 46.081360
v -22.676500 -162.636800 78.146810
v -26.834750 -147.492400 62.281470
v 8.228968 -136.340200 70.621810
v -1.852882 -133.937000 59.301850
v -7.659863 -134.583500 58.099450
v -0.055165 -132.968800 51.239890
v 8.611008 -135.198400 60.041560
v 9.734685 -131.840100 48.277730
v -1.758999 -172.586400 155.646100
v -5.457350 -155.337700 158.401300
v -7.178462 -163.604400 150.932300
v 0.369267 -169.198700 159.382200
v -4.645326 -167.084900 146.533700
v -2.486119 -174.359700 125.560300
v -4.158573 -170.035900 147.394100
v -4.490481 -169.987000 148.484400
v -4.851602 -168.689900 148.398800
v -4.438499 -169.533700 149.870900
v -3.328254 -170.765100 148.703000
v -3.433283 -172.315300 155.963500
v -3.967254 -171.593800 150.102100
v -5.129169 -166.926900 149.422500
v -0.059507 -173.051800 149.833600
v -1.395605 -171.499800 147.603700
v -0.623889 -172.513000 147.666500
v -1.317862 -171.523600 148.569600
v -0.025452 -172.454900 148.992100
v -0.548548 -172.201600 149.052500
v -0.073462 -172.841000 147.673800
v -0.689028 -172.852800 146.695700
v -1.260571 -171.943800 146.089100
v -6.548166 -154.400100 152.952700
v -7.842408 -160.264100 151.973700
v -6.282459 -169.117000 155.498100
v -1.268342 -171.441600 157.912800
v -9.578533 -160.737100 139.396100
v -5.013690 -167.412900 142.477100
v -0.031151 -171.741500 144.659600
v -10.544940 -154.714700 141.903300
v -9.579521 -150.487500 143.351300
v -8.329397 -163.555700 136.265100
v -7.008043 -166.227500 131.878100
v -5.448673 -167.225700 139.853100
v 1.683244 -152.081000 159.439300
v -2.398917 -152.078900 159.502200
v -6.548166 -154.400100 152.952700
v -6.282459 -169.117000 155.498100
v -5.457350 -155.337700 158.401300
v -9.579521 -150.487500 143.351300
v -5.461122 -155.316400 158.013700
v -6.869653 -160.848600 155.906700
v -7.010887 -165.002800 154.677700
v 1.679471 -152.059700 159.051700
v -2.402688 -152.057600 159.114600
v -11.613870 -154.842700 151.840700
v 1.683244 -152.081000 159.439300
v -2.398917 -152.078900 159.502200
v -3.433282 -172.315300 155.963500
v -6.404451 -166.481300 139.712000
v -19.816390 -155.091800 0.541073
v -40.075780 -144.770000 -0.081242
v -28.668620 -139.629900 0.000305
v -21.752790 -134.278500 0.287882
v -40.533950 -159.500800 0.071094
v -25.232940 -163.547500 0.280938
v -11.216740 -146.473400 0.883446
v -12.727690 -136.288100 11.274670
v -12.325070 -148.080600 10.751190
v -21.752790 -134.278500 0.287882
v -12.727690 -136.288100 11.274670
v -11.942520 -136.010200 0.767952
v -11.216740 -146.473400 0.883446
v -11.942520 -136.010200 0.767952
v -28.576020 -159.147700 5.666762
v -25.232940 -163.547500 0.280938
v -19.816390 -155.091800 0.541073
v -30.116440 -163.384000 0.071097
v -46.632000 -151.024400 0.049371
v -42.338200 -148.485600 4.721127
v -40.075780 -144.770000 -0.081242
v -21.668290 -152.269100 14.646340
v -36.892830 -156.978300 4.559125
v -12.746280 -136.460100 14.797840
v -9.926502 -142.483700 14.453670
v -11.707250 -147.797100 13.332320
v -29.992900 -144.241600 14.938920
v -25.880450 -135.415100 13.640970
v -23.122800 -134.117100 10.477320
v -30.116440 -163.384000 0.071097
v -34.326260 -153.606800 8.496460
v -29.388200 -140.375800 8.483902
v -40.533950 -159.500800 0.071094
v -28.516860 -150.687500 16.218730
v -28.668620 -139.629900 0.000305
v -19.417210 -132.137300 14.326680
v -12.746280 -136.460100 14.797840
v -8.169969 -142.075000 44.734510
v -7.804655 -151.098400 41.967440
v -8.983647 -140.255600 32.942470
v -28.288240 -149.304100 22.498200
v -31.774030 -152.321400 20.695930
v -22.241460 -154.444600 16.838460
v -29.312290 -142.562800 21.630180
v -31.849260 -143.128600 18.430140
v -15.183600 -150.092300 18.154970
v -13.083850 -145.471000 18.573190
v -12.997330 -146.983900 25.461780
v -33.997640 -163.975500 54.776020
v -33.524470 -160.772700 55.467150
v -35.844020 -162.700900 56.425020
v -35.132490 -159.098500 56.464970
v -9.650353 -143.996200 48.533610
v -12.590330 -151.231100 39.154760
v -16.194400 -156.097500 37.041970
v -23.737940 -157.298700 36.282410
v -12.472630 -159.220300 38.066240
v -34.036570 -147.552600 42.706680
v -25.111080 -141.711100 41.468240
v -26.721990 -138.011700 45.384750
v -16.617740 -137.727400 46.871830
v -14.941530 -135.332400 38.492210
v -16.896610 -135.968800 20.816090
v -16.714380 -137.343700 27.689540
v -12.827000 -141.085400 26.652000
v -13.451590 -145.272500 41.279980
v -18.192870 -141.589900 42.274250
v -26.524220 -160.384600 37.829630
v -23.593620 -159.119800 31.540680
v -23.310920 -136.374200 21.287100
v -23.708140 -138.214000 27.929580
v -22.587210 -152.563600 19.285960
v -12.238770 -150.003600 15.422040
v -9.835835 -144.130400 16.432010
v -11.488910 -137.004600 17.256500
v -25.880450 -135.415100 13.640970
v -25.623150 -134.017500 17.657730
v -17.703510 -131.851200 17.749700
v -12.746280 -136.460100 14.797840
v -19.417210 -132.137300 14.326680
v -35.948540 -156.755100 37.096980
v -32.835870 -154.142100 33.212060
v -8.507965 -149.471500 33.919860
v -12.200150 -157.110400 31.656590
v -26.012650 -135.475600 37.654430
v -22.705780 -153.507200 24.450280
v -33.677230 -144.985900 35.563020
v -28.962980 -150.581700 25.470330
v -15.533700 -151.500700 24.431650
v -29.317460 -144.033200 26.965890
v -13.267370 -140.029300 19.758420
v -28.516860 -150.687500 16.218730
v -21.668290 -152.269100 14.646340
v -29.992900 -144.241600 14.938920
v -11.707250 -147.797100 13.332320
v -28.433020 -160.744100 44.650340
v -31.882190 -162.667200 44.368600
v -35.763470 -159.696400 45.124010
v -34.706490 -153.253300 47.390910
v -32.543440 -152.815900 47.654880
v -30.685220 -147.741400 39.043210
v -32.543440 -152.815900 47.654880
v -29.506330 -152.966300 40.844430
v -31.625200 -157.078300 47.153260
v -28.433020 -160.744100 44.650340
v -32.883270 -158.030500 54.807980
v -31.751120 -162.168100 53.673630
v -31.751120 -162.168100 53.673630
v -32.883270 -158.030500 54.807980
v -30.685220 -147.741400 39.043210
v -23.737940 -157.298700 36.282410
v -33.524470 -160.772700 55.467150
v -46.632000 -151.024400 0.049371
v -11.942520 -136.010200 0.767952
v -9.926502 -142.483700 14.453670
v -0.027081 -171.812500 145.342500
v -0.770733 -172.345900 145.575700
v -0.117596 -173.242200 146.716400
v 0.148369 -171.691100 157.252800
v 42.427890 -154.269300 115.334200
v 36.983440 -156.569500 109.529400
v 37.080360 -156.119900 110.470200
v 42.734350 -154.418900 114.077100
v 32.041790 -150.619000 109.140200
v 31.145840 -150.761000 108.832900
v 27.634040 -148.038300 113.885700
v 28.267020 -154.450000 109.013500
v 22.677960 -163.706900 114.134700
v 24.146600 -155.963000 115.929200
v 46.635830 -157.605200 107.870300
v 42.734350 -154.418900 114.077100
v 35.625300 -158.629600 111.678400
v 37.320790 -160.626300 107.425600
v 22.677960 -163.706900 114.134700
v 20.995420 -169.293100 115.155600
v 24.667140 -160.577200 111.916200
v 24.146600 -155.963000 115.929200
v 40.077540 -159.867500 93.371720
v 37.082920 -156.240200 92.518140
v 36.116430 -156.674400 92.126590
v 37.141800 -159.962100 91.568230
v 32.988120 -157.560900 90.534470
v 34.197350 -155.178900 88.449870
v 33.905640 -156.078400 84.868100
v 32.501930 -158.331600 85.632620
v 37.816710 -165.228600 85.098010
v 36.952790 -163.024100 87.241120
v 36.498020 -160.320900 85.456510
v 37.790550 -162.446900 84.541910
v 34.064380 -160.606300 85.603450
v 34.717230 -160.603400 89.478570
v 36.253650 -158.009600 79.386550
v 43.622630 -161.648900 80.797130
v 40.644180 -165.594500 82.747940
v 34.621320 -162.795100 81.403520
v 35.322400 -155.260200 87.722360
v 33.518970 -160.638400 88.123930
v 40.902740 -153.378600 81.449320
v 36.057810 -162.281200 84.242990
v 37.790550 -162.446900 84.541910
v 43.278110 -154.395300 81.533510
v 34.995140 -164.133800 83.358730
v 34.565610 -162.191900 87.087860
v 36.057810 -162.281200 84.242990
v 35.920530 -161.017200 87.457500
v 38.029410 -151.481300 84.803590
v 39.750000 -153.324700 78.640430
v 45.357860 -154.182100 80.423480
v 40.813220 -152.450400 79.664820
v 39.894440 -152.805400 84.584500
v 39.252830 -151.519000 83.771350
v 45.339110 -161.100100 86.161490
v 47.677520 -155.520400 84.806980
v 47.047470 -154.021600 88.821730
v 45.225090 -159.630900 90.238800
v 36.586340 -161.586600 89.059940
v 36.767150 -158.092500 86.970930
v 35.920530 -161.017200 87.457500
v 2.767472 -173.856600 106.561200
v 2.993114 -173.176800 99.905250
v 2.337112 -172.242400 127.712000
v 2.510323 -168.463100 133.404700
v 41.161030 -164.063800 87.477870
v 2.242672 -174.996700 112.084700
v 2.110488 -176.319700 115.602100
v 5.483046 -156.124200 150.108400
v 5.349029 -156.985700 153.805800
v 6.392411 -160.391700 150.630500
v 7.087965 -160.143600 147.966000
v 5.098067 -162.768900 144.027400
v 5.480745 -164.985500 144.977600
v 3.659396 -167.432700 142.559600
v 3.448844 -164.344800 142.106300
v 6.032583 -162.387000 147.838700
v 6.167181 -164.290500 147.248200
v 3.100624 -164.707900 136.419900
v 10.691020 -173.841700 106.643400
v 10.888230 -174.807900 112.201900
v 2.120660 -175.419100 120.566000
v 16.580880 -164.541300 136.997200
v 12.553280 -168.597800 132.119700
v 15.806550 -169.702200 130.204100
v 20.060680 -164.871500 135.054200
v 20.808180 -158.664200 139.986200
v 24.486820 -158.491500 138.379000
v -0.768119 -171.586800 88.089630
v 3.847236 -172.448900 90.475070
v 2.897427 -172.787600 93.280880
v 8.860653 -171.443000 94.009980
v 9.293128 -172.871800 92.338660
v 16.223320 -166.303900 95.997690
v 14.077390 -165.372300 96.896350
v 20.804570 -165.285700 85.979060
v 17.046130 -166.113900 91.693280
v 10.742780 -172.849600 89.086010
v 19.768620 -175.043700 83.140960
v 13.024440 -149.789300 96.113880
v 11.474900 -151.005100 97.428020
v 17.826320 -156.611100 96.506020
v 16.715010 -157.268200 97.512150
v 4.263789 -173.551800 84.734750
v 4.169919 -173.885600 77.616040
v 4.391442 -174.114900 89.019740
v 20.696650 -154.941400 88.291910
v 16.640810 -146.568100 89.237650
v 0.353653 -172.658600 83.093220
v -0.432027 -173.746700 85.874070
v -0.768119 -171.586800 88.089630
v 25.992030 -170.307300 71.287580
v 23.534710 -167.364300 81.018550
v 21.477660 -177.995000 75.276300
v 0.176855 -170.618800 75.846170
v 0.175211 -171.684000 79.103050
v 7.817867 -150.674500 76.511220
v 14.380110 -148.199200 80.483020
v 11.798210 -153.757500 71.220890
v 3.802691 -158.753100 74.589760
v 3.802691 -158.753100 74.589760
v 1.416622 -167.567400 73.750010
v 11.671970 -170.765700 50.116770
v 12.546890 -179.395200 52.209100
v 10.898150 -178.487900 57.740370
v 9.539589 -169.642600 54.636960
v 5.527118 -174.428000 75.938630
v 6.308642 -166.761100 65.118370
v 7.404561 -176.770300 68.352230
v 12.135980 -168.727300 37.422770
v 15.863570 -175.322100 36.182250
v 16.118920 -176.423900 40.393540
v 13.250810 -170.246800 42.433030
v 28.071730 -169.391700 45.826150
v 26.366140 -175.799500 43.284420
v 27.799740 -174.864400 38.314280
v 29.156910 -166.849500 41.004610
v 21.444370 -178.437500 41.806500
v 22.159170 -177.929900 36.636830
v 13.797500 -162.962300 39.689690
v 12.135980 -168.727300 37.422770
v 13.250810 -170.246800 42.433030
v 14.192460 -165.285500 45.254310
v 12.778140 -171.430400 46.260000
v 11.671970 -170.765700 50.116770
v 17.523850 -159.904100 52.782650
v 18.840520 -163.967200 49.822770
v 24.091290 -164.229200 52.625890
v 25.994260 -171.498700 54.295980
v 26.221480 -171.677200 49.387620
v 23.367000 -165.721000 50.000830
v 19.199950 -163.651400 47.130600
v 19.096670 -159.991400 41.653210
v 24.979870 -161.419700 42.267780
v 24.107960 -164.532400 47.550240
v 46.693530 -147.438000 113.156200
v 49.245140 -148.038100 106.707600
v 0.534437 -173.058400 145.862300
v 1.941044 -173.115100 150.064300
v 3.907731 -171.995500 151.356500
v 3.517468 -171.488500 153.355900
v 5.463954 -167.939500 152.472900
v 7.143823 -162.939900 159.599200
v 8.169661 -166.167400 154.465900
v 8.701508 -162.064200 156.077200
v 2.929641 -170.559300 143.346600
v 3.624334 -170.436300 144.354200
v 1.133680 -171.654000 144.712900
v 1.065943 -171.435600 143.631700
v 1.528228 -171.270600 146.038800
v 0.750574 -171.541600 145.690700
v 7.449359 -166.075200 148.985600
v 5.289368 -167.847000 146.395200
v 7.270732 -166.319900 144.782300
v 3.788130 -170.411200 145.258700
v 2.584582 -170.155100 140.431300
v 2.573829 -170.151000 137.786900
v 0.995901 -170.898400 143.382600
v 4.556749 -169.251600 142.895300
v 2.107725 -170.581700 143.197300
v 3.298383 -169.641100 142.388000
v 0.934483 -171.149700 142.717400
v 1.965793 -170.310300 141.922600
v 4.179627 -168.882800 141.470500
v 5.048607 -157.229500 162.438100
v 4.434587 -163.925600 161.718600
v 1.633490 -171.194200 132.091200
v 3.083829 -171.155300 154.584300
v 7.912969 -151.579300 153.884500
v 9.823185 -151.762500 147.723300
v 12.843860 -149.068400 144.472600
v 5.141994 -172.367100 152.265100
v 6.572403 -169.863600 147.562200
v 9.398746 -167.692800 148.722500
v 7.741491 -169.464500 153.244700
v 3.203917 -169.939200 159.479100
v 5.344804 -170.183500 157.668000
v 10.074560 -163.512600 149.932900
v 8.169662 -166.167400 154.465900
v 11.370750 -158.839900 150.923400
v 10.074560 -163.512600 149.932900
v 11.937920 -160.577700 146.687700
v 13.071090 -156.678200 147.946400
v 9.863217 -150.226500 148.630900
v 8.258750 -150.724000 152.848100
v 10.526270 -155.028900 151.664100
v 6.900765 -147.967600 148.872600
v 5.718132 -152.701600 159.389000
v 9.808530 -169.446300 140.607500
v 12.966260 -166.160500 142.064100
v 14.200220 -162.030200 143.595600
v 8.212097 -156.386400 158.210600
v 8.701508 -162.064200 156.077100
v 11.328660 -158.588700 153.212400
v 10.206830 -155.112700 154.724100
v 15.314480 -157.699000 145.126100
v 16.382980 -154.852400 146.091100
v 15.530370 -151.823100 146.430000
v 12.375990 -153.417900 147.965200
v 6.574220 -144.260900 146.631800
v 14.284080 -145.873600 141.679800
v 15.467690 -153.989500 142.477100
v 13.543510 -154.072400 144.487000
v 8.169662 -166.167400 154.465900
v 11.003320 -161.738300 152.075200
v 9.765971 -147.789400 152.171400
v 7.587062 -151.194400 155.389100
v 13.845220 -153.062800 151.539400
v 1.065943 -171.435600 143.631700
v 2.346336 -171.107800 142.316200
v 3.183338 -171.593100 143.577700
v 1.133680 -171.654000 144.712900
v 5.311259 -169.824000 143.001000
v 3.640494 -170.689600 144.946600
v 4.637050 -170.871900 141.920100
v 3.726261 -170.471800 141.294600
v 1.528227 -171.270600 146.038800
v 11.223380 -176.720900 120.473100
v 24.315590 -158.353000 69.015050
v 22.245350 -155.507800 76.300610
v 20.438630 -142.734800 70.588480
v 19.028930 -143.961800 79.145170
v 28.106530 -149.248900 124.288800
v 29.323060 -146.220500 128.475800
v 26.133120 -144.933400 124.417900
v 27.476900 -168.295800 119.969200
v 18.626500 -172.240400 127.560300
v 22.509090 -169.168000 117.738100
v 34.060610 -166.714100 123.790700
v 23.895420 -170.690600 129.038300
v 36.110330 -161.273300 131.388400
v 28.168750 -168.554700 132.465000
v 24.486820 -158.491500 138.379000
v 30.716450 -161.546100 135.604400
v 27.764600 -150.938200 133.494000
v 31.266480 -152.202400 134.706900
v 39.240520 -148.519900 125.085400
v 35.271730 -150.604400 129.167700
v 38.206990 -157.929600 124.440900
v 36.875370 -160.375400 115.367100
v 42.285450 -154.508600 119.952500
v 42.540500 -147.429500 119.296800
v 33.309480 -143.737000 124.089100
v 36.551610 -142.477300 119.377200
v 29.111600 -143.823800 120.094500
v 33.120180 -141.976400 116.780200
v 31.528230 -145.445600 111.935700
v 27.634040 -148.038300 113.885700
v 32.513060 -160.033000 110.543000
v 33.928170 -163.351800 119.861800
v 27.571460 -163.581600 116.680000
v 24.848660 -160.403500 113.358100
v 31.528230 -145.445600 111.935700
v 40.133370 -141.262300 113.422700
v 44.477910 -146.911600 114.865200
v 33.250860 -145.579000 110.238200
v 24.146600 -155.963000 115.929200
v 20.060680 -164.871500 135.054200
v 15.806550 -169.702200 130.204100
v 39.935120 -160.237800 97.398250
v 36.463130 -156.112600 93.219220
v 39.845270 -160.955700 94.496670
v 36.009100 -155.531700 95.659740
v 43.560850 -148.565800 93.048100
v 38.715750 -151.822800 91.197940
v 38.389880 -150.888400 93.847430
v 43.821880 -149.001000 90.273570
v 43.296070 -143.720100 99.456730
v 33.517350 -144.802100 103.947400
v 42.641780 -140.951900 105.637600
v 48.391060 -151.915900 94.614180
v 31.011440 -154.354100 103.718500
v 46.146700 -158.314300 96.933730
v 48.998210 -152.835000 91.627170
v 46.886460 -159.790100 94.005500
v 29.834330 -151.994100 109.135900
v 44.477910 -146.911600 114.865200
v 35.256720 -147.002200 99.594820
v 32.100950 -144.182800 108.542200
v 40.817480 -140.009600 112.931600
v 37.082920 -156.240200 92.518140
v 40.077540 -159.867500 93.371720
v 43.802400 -150.804400 90.314000
v 39.971360 -152.873700 91.369380
v 37.080360 -156.119900 110.470200
v 32.041790 -150.619000 109.140200
v 47.786460 -153.684500 91.269400
v 45.530590 -158.923100 92.925380
v 33.250860 -145.579000 110.238200
v 40.133370 -141.262300 113.422700
v 34.515170 -158.380000 81.028630
v 36.092460 -157.175500 83.176420
v 35.906350 -159.870200 83.123280
v 36.092460 -157.175500 83.176420
v 11.474900 -151.005100 97.428020
v 11.282130 -177.795100 115.991700
v 26.133120 -144.933400 124.417900
v 24.146600 -155.963000 115.929200
v 27.599280 -150.828900 113.404000
v 22.509090 -169.168000 117.738100
v 24.667140 -160.577200 111.916200
v 9.049550 -158.987100 145.004000
v 14.764620 -158.486400 142.968400
v 12.583280 -151.601500 143.484300
v 7.376552 -155.137100 146.762800
v 20.552580 -144.000800 130.269400
v 28.106530 -149.248900 124.288800
v 19.067570 -143.088800 119.870200
v 20.190920 -148.303000 107.588800
v 18.170810 -157.927200 100.318600
v 14.295690 -152.125300 101.158600
v 16.715010 -157.268200 97.512150
v 16.642590 -149.428500 141.271800
v 23.374560 -159.439700 106.518300
v 20.808180 -158.664200 139.986200
v 27.764600 -150.938200 133.494000
v 24.486820 -158.491500 138.379000
v 19.812060 -145.878000 136.805300
v 8.200900 -161.724500 141.377500
v 17.684440 -167.897300 103.853500
v 14.418840 -165.919800 99.402660
v 18.170810 -157.927200 100.318600
v 8.860653 -171.443000 94.009980
v 9.517385 -172.415700 99.257170
v 23.374560 -159.439700 106.518300
v 18.807510 -168.970200 108.545400
v 18.626500 -172.240400 127.560300
v 18.736060 -174.854600 119.380300
v 13.276250 -163.146800 137.721300
v 14.764620 -158.486400 142.968400
v 9.049550 -158.987100 145.004000
v 7.087965 -160.143600 147.966000
v 10.496560 -172.351200 128.375900
v 7.761677 -166.950100 134.131800
v 16.715010 -157.268200 97.512150
v 14.077390 -165.372300 96.896350
v 47.786460 -153.684500 91.269400
v 43.425880 -150.890300 88.319930
v 43.802400 -150.804400 90.314000
v 40.204170 -153.931700 89.809750
v 41.119000 -153.462200 85.356830
v 40.407780 -161.471800 90.976490
v 36.906750 -154.352000 90.150160
v 39.971360 -152.873700 91.369380
v 39.533600 -155.972900 86.129300
v 45.530590 -158.923100 92.925380
v 33.905640 -156.078400 84.868100
v 36.767150 -158.092500 86.970930
v 36.039420 -158.501700 85.155170
v 45.886890 -156.485500 79.519240
v 36.906750 -154.352000 90.150160
v 34.197350 -155.178900 88.449870
v 39.971360 -152.873700 91.369380
v 36.498020 -160.320900 85.456510
v 44.021220 -151.818400 84.296330
v 36.092460 -157.175500 83.176420
v 36.039420 -158.501700 85.155170
v 35.322400 -155.260200 87.722360
v 33.518970 -160.638400 88.123930
v 2.254037 -168.537000 141.700200
v 3.847236 -172.448900 90.475070
v 16.056490 -153.610500 73.738950
v 24.315590 -158.353000 69.015050
v 13.860150 -155.359100 64.988420
v 0.176855 -170.618800 75.846170
v 23.287010 -179.834800 62.445660
v 21.477660 -177.995000 75.276300
v 15.195470 -180.362100 72.481490
v 24.452660 -162.869900 57.602630
v 25.992030 -170.307300 71.287580
v 19.639970 -181.443400 53.038670
v 23.423780 -178.774900 54.326570
v 17.779620 -182.769300 60.280520
v 9.539589 -169.642600 54.636960
v 6.308642 -166.761100 65.118370
v 20.798270 -181.376900 47.176350
v 24.715870 -178.010800 48.513950
v 15.028760 -178.246900 45.726710
v 12.778140 -171.430400 46.260000
v 13.212670 -177.194500 78.473050
v 26.855040 -171.694900 61.680340
v 17.726960 -140.488300 59.301860
v 21.975520 -144.499400 58.099460
v 16.873890 -138.633200 51.239900
v 1.851585 -172.863400 155.595800
v 8.212097 -156.386400 158.210600
v 8.444620 -164.802900 150.714400
v 4.382319 -170.691100 147.274900
v 5.300089 -169.468700 148.257200
v 4.747892 -170.695800 148.355600
v 4.804112 -170.242800 149.742000
v 3.487115 -171.287900 148.607900
v 3.555782 -172.851500 155.866000
v 4.030807 -172.207400 149.990500
v 5.871550 -167.770800 149.269100
v 1.435301 -171.716900 147.564200
v 1.381643 -171.730700 148.531900
v 0.520133 -172.600800 147.650500
v 0.531621 -172.284500 149.037400
v 1.192181 -172.132000 146.054900
v 0.505755 -172.944400 146.679100
v 9.638824 -161.605200 151.729800
v 9.281639 -155.614500 152.731900
v 6.845368 -170.124100 155.315000
v 1.604298 -171.662000 157.872700
v 5.490764 -168.218800 142.330600
v 9.569224 -164.754300 139.387500
v 12.164380 -162.313200 141.903300
v 8.632708 -165.228200 146.540700
v 13.937380 -158.356100 143.351300
v 4.956688 -168.649500 131.792500
v 7.292072 -166.717900 136.153400
v 5.876273 -168.094500 139.695100
v 5.718132 -152.701600 159.389000
v 9.281639 -155.614500 152.731900
v 6.845368 -170.124100 155.315000
v 8.212097 -156.386400 158.210600
v 13.937380 -158.356100 143.351300
v 8.208324 -156.365100 157.823000
v 8.697739 -162.042900 155.689600
v 8.169662 -166.167400 154.465900
v 5.714359 -152.680300 159.001400
v 14.187800 -156.822100 151.480800
v 5.718132 -152.701600 159.389000
v 3.555783 -172.851500 155.866000
v 6.930126 -167.504200 139.526000
v 16.481800 -172.726300 0.084848
v 32.719240 -165.373000 0.124995
v 38.227700 -174.491300 0.107174
v 30.236120 -156.985000 0.280991
v 32.743260 -187.201500 0.076849
v 16.157250 -184.551700 0.077143
v 14.543760 -160.703600 0.299916
v 14.128290 -162.610900 10.167700
v 21.333430 -153.282700 10.922150
v 30.236120 -156.985000 0.280991
v 21.257190 -152.645200 0.402053
v 21.333430 -153.282700 10.922150
v 14.543760 -160.703600 0.299916
v 21.257190 -152.645200 0.402053
v 21.094450 -182.137700 5.552657
v 16.481800 -172.726300 0.084848
v 16.157250 -184.551700 0.077143
v 21.698420 -187.641200 0.036689
v 41.215750 -181.098100 0.055130
v 38.227700 -174.491300 0.107174
v 38.450210 -178.891800 4.926565
v 19.100040 -171.457900 14.293710
v 30.128090 -183.669300 4.537295
v 15.416140 -156.591300 13.674940
v 21.164530 -153.385500 14.612660
v 13.696010 -162.007800 12.731620
v 30.529300 -169.820000 15.011630
v 31.055170 -157.610100 10.511630
v 32.410260 -160.262300 13.740830
v 21.698420 -187.641200 0.036689
v 28.781920 -179.805900 8.523102
v 32.545040 -166.360700 8.612614
v 32.743260 -187.201500 0.076849
v 25.514160 -174.176800 16.122240
v 32.719240 -165.373000 0.124995
v 29.104860 -153.793800 14.827920
v 21.164530 -153.385500 14.612660
v 18.483960 -154.020400 45.398330
v 19.765060 -153.025000 33.549610
v 11.069460 -159.269400 42.812470
v 24.181260 -173.288100 21.994150
v 16.971050 -172.673200 16.577990
v 25.700580 -177.634900 20.662390
v 31.932610 -171.110300 18.077720
v 30.028570 -169.829700 20.947610
v 15.154480 -163.395900 18.547700
v 16.613860 -160.051400 25.931180
v 17.470620 -158.885300 19.027890
v 18.069380 -188.260000 54.059610
v 20.305080 -188.968500 55.560420
v 20.309120 -185.915400 54.727280
v 22.672080 -186.161100 55.587680
v 18.117280 -156.533900 49.121790
v 13.797500 -162.962300 39.689690
v 12.135980 -168.727300 37.422770
v 15.863570 -175.322100 36.182250
v 7.435626 -167.826400 38.744690
v 30.237910 -177.508300 41.742580
v 33.260300 -165.951100 44.742880
v 29.156910 -166.849500 41.004610
v 27.260210 -157.966500 46.895130
v 27.623580 -154.813600 38.607120
v 27.380280 -155.999600 20.853070
v 21.171540 -156.275900 27.031670
v 26.570510 -157.004100 27.745330
v 19.096670 -159.991400 41.653210
v 24.979870 -161.419700 42.267780
v 15.280310 -179.487900 37.591520
v 14.094350 -176.152500 31.491680
v 31.091180 -161.268000 20.902220
v 30.267820 -163.005100 27.533180
v 17.907970 -170.755300 19.223770
v 12.727690 -162.460000 15.383010
v 21.184810 -152.513600 17.544470
v 15.031720 -156.533100 16.256770
v 32.410260 -160.262300 13.740830
v 29.324630 -153.093900 18.349960
v 33.725500 -160.120700 17.492360
v 21.164530 -153.385500 14.612660
v 29.104860 -153.793800 14.827920
v 23.832000 -180.303400 32.460210
v 23.948950 -184.524500 36.172030
v 12.336470 -158.464100 34.709920
v 8.560078 -166.027000 32.333190
v 34.372290 -163.489900 37.035850
v 17.528620 -171.653100 24.383700
v 31.624260 -175.324800 34.596980
v 23.768640 -174.736900 24.935560
v 14.618070 -164.811100 24.809690
v 29.177210 -170.975900 26.294870
v 21.892620 -155.671200 20.107430
v 25.514160 -174.176800 16.122240
v 19.100040 -171.457900 14.293710
v 30.529300 -169.820000 15.011630
v 13.696010 -162.007800 12.731620
v 16.563780 -181.482900 44.274900
v 17.200540 -185.361000 43.795970
v 26.467410 -181.793100 46.466070
v 21.979260 -186.555300 44.241420
v 25.473560 -179.845900 46.866290
v 27.799740 -174.864400 38.314280
v 23.089230 -177.291800 40.276860
v 25.473560 -179.845900 46.866290
v 16.563780 -181.482900 44.274900
v 21.265670 -181.652900 48.049330
v 22.011110 -183.672100 54.066730
v 18.016890 -185.333300 53.079430
v 18.016890 -185.333300 53.079430
v 22.011110 -183.672100 54.066730
v 27.799740 -174.864400 38.314280
v 15.863570 -175.322100 36.182250
v 20.309120 -185.915400 54.727280
v 41.215750 -181.098100 0.055130
v 21.257190 -152.645200 0.402053
v 15.416140 -156.591300 13.674940
v 0.632713 -172.453600 145.556100
v 15.981810 -165.297100 89.812180
v 20.813310 -161.278600 91.514950
v 21.221840 -163.643800 91.949060
v 16.296810 -161.899700 91.528600
v 17.981080 -164.100200 87.130680
v 21.944690 -161.743800 90.048510
v 19.118880 -161.435800 84.633510
v 22.590410 -160.408800 88.903140
v 25.519170 -159.064500 94.093790
v 18.190060 -159.061200 89.812180
v 21.009150 -158.076400 90.575110
v 18.293420 -157.762700 85.236280
v 22.136610 -158.604700 89.127160
v -29.078650 -108.586100 91.215700
v -26.820110 -102.993600 92.242770
v -25.929810 -104.956500 97.186770
v -28.440140 -109.993900 94.761570
v -29.166440 -104.777400 99.658690
v -30.761470 -109.865400 96.534480
v -32.057050 -102.703800 96.242450
v -32.834660 -108.378200 94.084310
v -30.606940 -101.601400 91.659160
v -31.794610 -107.587500 90.797130
v -26.820110 -102.993600 92.242770
v -29.078650 -108.586100 91.215700
v -40.296490 -146.530500 78.117700
v -29.078650 -108.586100 91.215700
v -28.440140 -109.993900 94.761570
v -39.575130 -148.120900 82.123560
v -30.761470 -109.865400 96.534480
v -42.197570 -147.975800 84.126400
v -32.834660 -108.378200 94.084310
v -44.539660 -146.295700 81.358440
v -31.794610 -107.587500 90.797130
v -43.364710 -145.402400 77.644870
v -29.078650 -108.586100 91.215700
v -40.296490 -146.530500 78.117700
v -25.428280 -108.859900 99.850400
v -24.784480 -101.212700 101.839800
v -26.622060 -101.828800 103.808800
v -28.471740 -109.726000 102.549200
v -27.005360 -111.770700 92.130910
v -31.854040 -113.548300 92.256430
v -27.432540 -104.192000 88.534800
v -31.218080 -103.329800 87.043990
v -28.875900 -96.579680 91.084170
v -26.478800 -97.266620 92.274000
v -31.898340 -107.609600 101.512200
v -28.816420 -100.433500 102.875300
v -35.230380 -110.181200 94.243460
v -33.902600 -102.941700 90.196600
v -30.510740 -96.487450 93.309580
v -60.861710 -215.859700 48.334950
v -61.870980 -226.680700 51.368990
v -66.382290 -230.057200 49.517040
v -65.453000 -211.177000 38.929380
v -59.036230 -210.425900 51.353850
v -63.528640 -206.135700 42.628610
v -55.870780 -201.772500 52.873870
v -62.389820 -200.935800 43.150000
v -38.697420 -147.027800 82.839580
v -39.621700 -144.915500 77.651710
v -43.000840 -142.951500 75.011120
v -40.485440 -148.809900 89.212520
v -43.210230 -162.418400 76.849480
v -44.481610 -159.634600 81.798440
v -47.486310 -179.752600 67.093510
v -45.483390 -172.338300 72.909090
v -46.951880 -170.707600 80.512120
v -51.239540 -180.632600 71.286270
v -48.079330 -187.774900 65.690860
v -51.952640 -186.263200 72.746340
v -50.766100 -193.829700 64.415320
v -53.681100 -193.174700 71.217060
v -50.602870 -202.254700 61.717510
v -54.504710 -201.632600 74.374280
v -54.096820 -209.616100 59.929470
v -58.528110 -211.331900 66.007360
v -60.009250 -224.925700 55.819840
v -62.779020 -227.231700 61.420120
v -64.391040 -240.618200 57.092520
v -67.213260 -246.911100 58.962730
v -53.640300 -196.776400 50.716710
v -51.994090 -184.077900 58.947250
v -52.648330 -187.802200 59.202140
v -61.184650 -192.286500 41.334370
v -56.172840 -190.565600 48.947110
v -56.062160 -195.028300 45.968850
v -59.124750 -195.370600 39.916850
v -53.112730 -191.923100 57.129590
v -59.374840 -197.362800 45.783620
v -62.284120 -196.813000 40.459500
v -53.022200 -178.300100 53.990100
v -50.411480 -182.012100 57.969250
v -55.356380 -178.705400 53.807580
v -54.468390 -176.438300 55.559090
v -49.346390 -178.592700 65.128700
v -49.486400 -180.963700 60.782180
v -43.030000 -160.041800 72.746030
v -45.773350 -166.538600 69.970280
v -50.092400 -165.857800 64.635740
v -47.305400 -156.423200 68.387990
v -66.445730 -214.780600 49.769170
v -65.453000 -211.177000 38.929380
v -66.382290 -230.057200 49.517040
v -67.729300 -225.548600 52.873670
v -64.620220 -209.346700 52.788070
v -63.528640 -206.135700 42.628610
v -63.453740 -200.307000 54.821510
v -62.389820 -200.935800 43.150000
v -44.281440 -145.948600 84.273800
v -40.485440 -148.809900 89.212520
v -43.000840 -142.951500 75.011120
v -45.205710 -143.836300 79.085930
v -48.794240 -161.339200 78.283710
v -44.481610 -159.634600 81.798440
v -55.933660 -178.120100 69.263150
v -51.239540 -180.632600 71.286270
v -46.951880 -170.707600 80.512120
v -52.256480 -171.029400 74.648730
v -58.915040 -185.680800 68.473960
v -51.952640 -186.263200 72.746340
v -59.446440 -192.152200 66.644810
v -53.681100 -193.174700 71.217060
v -63.786530 -199.706900 65.103670
v -54.504710 -201.632600 74.374280
v -64.358220 -207.633100 62.565040
v -58.528110 -211.331900 66.007360
v -67.103960 -223.554700 57.642070
v -62.779020 -227.231700 61.420120
v -68.173240 -239.887300 58.063960
v -67.213260 -246.911100 58.962730
v -64.520680 -194.673800 53.511280
v -57.578100 -182.998800 60.381470
v -58.232350 -186.723000 60.636370
v -61.184650 -192.286500 41.334370
v -64.599140 -194.312600 41.322920
v -64.150530 -193.465200 48.046310
v -61.110580 -189.611300 50.215340
v -60.263490 -190.541200 58.966220
v -62.284120 -196.813000 40.459500
v -62.362280 -196.785400 46.550930
v -57.026470 -177.526200 55.018580
v -55.356380 -178.705400 53.807580
v -58.595970 -180.430400 60.071400
v -57.670880 -179.382000 62.884320
v -54.930410 -177.513600 66.562930
v -54.468390 -176.438300 55.559090
v -50.018670 -158.691200 74.541030
v -47.305400 -156.423200 68.387990
v -50.092400 -165.857800 64.635740
v -51.357370 -165.459500 71.404500
v -31.360490 -163.066600 76.111630
v -45.090140 -162.963700 81.471830
v -44.481600 -159.634600 81.798440
v -28.755380 -158.780000 76.961840
v -31.968270 -165.097800 78.355380
v -44.867380 -165.969800 84.807110
v -32.072890 -165.688200 84.916450
v -44.867380 -165.969800 84.807110
v -34.673070 -159.108600 81.592270
v -28.911420 -160.118600 83.634310
v -34.703290 -167.713200 90.733870
v -43.535610 -170.184600 93.796040
v -39.421990 -172.512400 88.301380
v -36.107400 -171.564000 86.188480
v -32.330350 -166.398100 92.660720
v -42.542220 -170.828400 98.527020
v -31.174510 -161.599900 92.731410
v -40.876290 -161.463000 98.722660
v -28.671120 -152.214900 82.039130
v -41.396720 -145.874300 84.759360
v -40.132110 -148.017000 91.762130
v -29.060530 -152.038700 88.594990
v -30.944870 -156.314200 101.708800
v -38.348100 -157.478400 106.597000
v -28.900260 -148.825000 108.463300
v -34.311770 -145.581400 115.067700
v -28.541240 -142.998200 111.576400
v -32.301400 -136.371000 116.853100
v -37.707810 -145.587800 100.374800
v -28.541240 -142.998200 111.576400
v -28.693450 -149.571100 95.768570
v -59.159290 -158.257300 82.603240
v -59.624770 -153.439500 84.170480
v -58.327940 -160.537400 84.510890
v -55.602350 -161.617500 90.411090
v -57.046500 -155.251100 90.204470
v -52.739500 -155.983000 85.811210
v -51.522400 -164.803400 94.661510
v -53.523200 -168.550900 90.255440
v -50.117580 -170.662000 90.799030
v -52.276270 -162.947300 97.318570
v -51.690730 -158.050500 97.522390
v -55.414570 -147.588100 88.284270
v -52.206230 -148.034400 94.000050
v -46.331890 -153.652200 105.302000
v -42.759560 -146.427300 111.699700
v -39.862790 -141.039500 114.220300
v -48.639380 -146.120300 100.426400
v -39.862790 -141.039500 114.220300
v -51.370940 -180.554300 71.352450
v -46.028110 -181.763900 70.597680
v -49.027510 -187.145300 72.339940
v -52.069110 -186.227500 72.767960
v -46.028110 -181.763900 70.597680
v -41.934410 -179.004300 70.391710
v -43.982830 -182.522300 76.813610
v -47.863190 -184.220300 72.948400
v -49.754440 -187.813200 73.155650
v -49.027510 -187.145300 72.339940
v -51.110200 -185.144600 75.771920
v -51.951140 -188.306200 74.764750
v -55.073410 -186.014600 73.865910
v -56.512550 -179.803100 73.243990
v -56.512550 -179.803100 73.243990
v -54.762620 -182.929900 74.689740
v -55.624420 -180.345000 79.752040
v -59.057830 -175.801900 74.713700
v -55.073410 -186.014600 73.865910
v -54.329660 -186.957500 74.310420
v -27.374110 -98.428380 97.051480
v -30.406770 -108.491200 94.086230
v -29.112540 -107.341200 98.259940
v -26.385990 -97.629120 101.568000
v -30.270790 -104.643700 91.720740
v -27.480720 -95.079530 95.387420
v -44.748860 -168.721100 68.307320
v -47.104620 -170.552700 67.807430
v -40.736140 -154.828900 73.693430
v -47.022030 -148.109200 63.235680
v -43.618690 -169.515300 71.230030
v -43.817470 -166.159200 73.586720
v -63.854740 -197.081200 34.546190
v -55.710820 -177.045100 51.178430
v -55.356380 -178.705400 53.807580
v -52.688630 -169.473600 69.241650
v -53.728820 -166.985700 70.613770
v -49.615700 -153.112900 75.974100
v -47.022030 -148.109200 63.235680
v -51.130300 -164.746000 75.464970
v -53.564770 -167.593200 73.784610
v -63.854740 -197.081200 34.546190
v -55.710820 -177.045100 51.178430
v -28.693450 -149.571100 95.768570
v -43.144850 -148.809600 79.280230
v -39.118310 -171.627500 82.221250
v -40.417980 -176.523000 80.163420
v -39.118310 -171.627500 82.221220
v -35.084610 -170.193500 83.217610
v -21.254980 -144.342700 74.108400
v -41.396720 -145.874300 84.759360
v -28.671120 -152.214900 82.039130
v -29.060530 -152.038700 88.594990
v -22.475640 -153.112300 74.922000
v -43.535610 -170.184600 93.796040
v -44.867380 -165.969800 84.807110
v -39.421990 -172.512400 88.301380
v -39.118310 -171.627500 82.221220
v -40.417980 -176.523000 80.163420
v -21.254980 -144.342700 74.108400
v -43.144850 -148.809600 79.280230
v -41.396720 -145.874300 84.759360
v -32.301400 -136.371000 116.853100
v -48.639380 -146.120300 100.426400
v -52.710120 -169.276000 85.395220
v -54.061080 -174.162600 83.349360
v -55.228870 -166.708500 87.921710
v -52.710110 -169.276000 85.395220
v -54.002940 -135.160000 82.308270
v -55.414570 -147.588100 88.284270
v -52.206230 -148.034400 94.000050
v -59.160200 -144.782400 83.800230
v -50.117580 -170.662000 90.799030
v -52.710110 -169.276000 85.395220
v -54.061080 -174.162600 83.349360
v -54.002940 -135.160000 82.308270
v -46.951890 -170.707600 80.512100
v -38.248410 -171.366100 71.167140
v -49.726170 -175.617400 74.263230
v -39.690750 -174.887000 70.662510
v -53.758480 -193.151200 71.264720
v -49.584800 -182.816900 80.174780
v -48.042050 -180.797900 84.790980
v -43.327830 -179.582400 84.031380
v -47.481740 -178.440200 85.263970
v -41.426290 -176.942900 79.764660
v -39.384740 -179.721700 76.611500
v -38.816920 -175.258500 78.363210
v -40.159360 -172.997500 80.481480
v -40.197480 -172.709400 77.949260
v -38.284260 -176.110400 75.511910
v -36.843230 -169.221300 76.861980
v -36.962590 -162.728000 80.348360
v -38.783950 -167.865200 76.019030
v -37.383720 -173.011700 73.524700
v -36.689190 -167.770900 72.440900
v -36.701490 -160.951000 74.548590
v -41.981450 -180.569400 79.221970
v -42.693690 -176.263200 83.811490
v -53.758480 -193.151200 71.264720
v -49.726170 -175.617400 74.263230
v -59.125070 -167.461700 76.436460
v -59.372330 -171.206200 75.630140
v -51.844670 -177.989600 86.181030
v -54.466360 -174.504200 83.056020
v -56.677470 -171.918200 82.871200
v -58.535970 -176.140000 81.445200
v -53.833220 -170.440300 83.932860
v -54.867310 -169.965900 81.651980
v -56.931030 -165.464400 81.932210
v -58.714550 -172.289600 80.668510
v -53.020710 -159.724800 84.401440
v -55.264610 -164.783000 80.178760
v -58.594970 -163.674100 77.969960
v -59.311460 -168.910900 79.059310
v -55.294730 -157.473700 79.241570
v -55.494910 -178.042100 82.632730
v -51.335890 -174.646900 85.992770
v -35.287220 -147.717500 101.674400
v -34.074590 -145.950800 100.196300
v -32.669860 -145.518100 103.755800
v -33.900830 -148.487400 104.904300
v -37.439520 -147.595500 101.329200
v -36.947540 -145.444300 99.757080
v -41.495230 -147.212000 103.591100
v -41.727230 -144.207000 100.966500
v -37.130690 -144.279300 105.297800
v -38.321740 -148.222500 106.792000
v -45.861890 -145.492600 104.235700
v -49.231210 -139.895200 102.215400
v -46.677480 -143.521700 99.645740
v -44.844480 -145.682400 100.032600
v -46.296680 -146.672300 106.225200
v -52.168590 -140.382200 103.956400
v -44.353970 -146.412800 109.113900
v -48.450780 -139.476200 109.491400
v -39.366580 -137.634600 113.067900
v -43.184350 -138.148200 118.520000
v -41.174870 -145.291100 117.402600
v -34.241150 -146.794300 110.514500
v -32.941840 -144.172700 111.263600
v -38.009230 -146.055700 113.130900
v -35.089950 -136.898400 111.257300
v -47.459310 -144.830300 115.607400
v -51.272920 -139.788100 115.330200
v -48.272890 -144.140900 122.806700
v -51.197720 -139.373200 126.038100
v -47.745510 -142.922300 127.293500
v -48.441880 -138.624700 132.193800
v -47.745510 -142.922300 127.293500
v -39.067160 -127.609600 100.921700
v -38.098290 -126.158400 104.068500
v -35.858850 -128.553800 103.120800
v -37.276440 -128.918200 99.558820
v -41.023780 -128.528500 100.615500
v -39.763900 -130.462300 99.196290
v -44.694650 -130.192200 102.954100
v -42.147420 -127.871400 106.030200
v -39.587280 -131.211100 104.808600
v -43.785480 -133.257900 100.556700
v -48.148870 -133.326700 103.780400
v -47.212590 -133.084900 99.561050
v -48.131810 -135.785200 99.356140
v -49.008820 -132.244700 105.685200
v -47.143670 -131.572700 108.558500
v -37.877600 -127.449800 109.790500
v -41.156480 -129.313500 112.504300
v -35.653320 -129.299400 110.867000
v -49.551560 -133.700300 115.190800
v -50.157400 -134.116000 122.431400
v -49.284950 -134.733000 126.987000
v -43.887030 -130.863500 116.862600
v -49.284950 -134.733000 126.987000
v -41.174870 -145.291100 117.402600
v -26.299910 -146.097500 107.401500
v -40.994700 -145.306700 96.307440
v -43.606840 -144.260400 94.016070
v -42.770780 -143.943200 97.777840
v -42.503060 -146.273400 99.817950
v -25.995760 -150.609500 113.239600
v -32.941840 -144.172700 111.263600
v -34.241150 -146.794300 110.514500
v -38.009230 -146.055700 113.130900
v -30.033160 -151.618600 108.525200
v -49.231210 -139.895200 102.215400
v -41.727230 -144.207000 100.966500
v -46.677480 -143.521700 99.645740
v -42.770780 -143.943200 97.777840
v -43.606840 -144.260400 94.016070
v -25.995760 -150.609500 113.239600
v -26.299910 -146.097500 107.401500
v -32.941840 -144.172700 111.263600
v -48.441880 -138.624700 132.193800
v -43.887030 -130.863500 116.862600
v -30.182770 -125.442100 106.628400
v -43.438440 -132.306900 95.820840
v -45.461960 -134.391800 93.646680
v -45.242170 -131.702300 99.272540
v -44.618920 -134.111700 97.409830
v -29.374070 -126.129800 114.487900
v -37.877600 -127.449800 109.790500
v -35.653320 -129.299400 110.867000
v -41.156480 -129.313500 112.504300
v -34.415380 -124.636700 108.735900
v -48.131810 -135.785200 99.356140
v -43.785480 -133.257900 100.556700
v -44.618920 -134.111700 97.409830
v -45.461960 -134.391800 93.646680
v -29.374070 -126.129800 114.487900
v -35.653320 -129.299400 110.867000
v -30.182770 -125.442100 106.628400
v 3.652132 -173.208300 153.401900
v 3.555783 -172.851500 155.866000
v 2.306282 -173.644800 153.372300
v 3.134925 -172.996100 149.899700
v 3.485366 -173.320800 151.867500
v 2.472759 -173.563400 151.808800
v 2.296797 -173.322000 149.795900
v 1.459843 -172.100500 146.971400
v 1.851586 -172.863400 155.595800
v 33.250860 -145.579000 110.238200
vt 0.163290 0.282071 0.000000
vt 0.203180 0.270679 0.000000
vt 0.182273 0.261298 0.000000
vt 0.163290 0.282071 0.000000
vt 0.182273 0.261298 0.000000
vt 0.203180 0.270679 0.000000
vt 0.039409 0.508896 0.000000
vt 0.025291 0.512025 0.000000
vt 0.025291 0.544491 0.000000
vt 0.083616 0.417236 0.000000
vt 0.075636 0.423030 0.000000
vt 0.095300 0.453178 0.000000
vt 0.108222 0.454147 0.000000
vt 0.106727 0.468835 0.000000
vt 0.115369 0.493735 0.000000
vt 0.136873 0.473627 0.000000
vt 0.049942 0.445561 0.000000
vt 0.051940 0.401244 0.000000
vt 0.060914 0.470874 0.000000
vt 0.085845 0.482329 0.000000
vt 0.073043 0.448927 0.000000
vt 0.025266 0.446256 0.000000
vt 0.039409 0.508896 0.000000
vt 0.056767 0.500650 0.000000
vt 0.039409 0.537003 0.000000
vt 0.025291 0.362747 0.000000
vt 0.025291 0.333496 0.000000
vt 0.025291 0.396217 0.000000
vt 0.089308 0.402534 0.000000
vt 0.093627 0.463157 0.000000
vt 0.093434 0.509530 0.000000
vt 0.114927 0.440094 0.000000
vt 0.179732 0.487975 0.000000
vt 0.160637 0.485648 0.000000
vt 0.179732 0.541239 0.000000
vt 0.148428 0.445317 0.000000
vt 0.086202 0.377491 0.000000
vt 0.179732 0.434711 0.000000
vt 0.093627 0.463157 0.000000
vt 0.095300 0.453178 0.000000
vt 0.073043 0.448927 0.000000
vt 0.075636 0.423030 0.000000
vt 0.049942 0.445561 0.000000
vt 0.025291 0.396217 0.000000
vt 0.025266 0.446256 0.000000
vt 0.060914 0.470874 0.000000
vt 0.039409 0.537003 0.000000
vt 0.039409 0.508896 0.000000
vt 0.083616 0.417236 0.000000
vt 0.108222 0.454147 0.000000
vt 0.095300 0.453178 0.000000
vt 0.075636 0.423030 0.000000
vt 0.106727 0.468835 0.000000
vt 0.136873 0.473627 0.000000
vt 0.115369 0.493735 0.000000
vt 0.049942 0.445561 0.000000
vt 0.051940 0.401244 0.000000
vt 0.060914 0.470874 0.000000
vt 0.073043 0.448927 0.000000
vt 0.085845 0.482329 0.000000
vt 0.056767 0.500650 0.000000
vt 0.039409 0.508896 0.000000
vt 0.039409 0.537003 0.000000
vt 0.089308 0.402534 0.000000
vt 0.093627 0.463157 0.000000
vt 0.093434 0.509530 0.000000
vt 0.114927 0.440094 0.000000
vt 0.179732 0.487975 0.000000
vt 0.179732 0.541239 0.000000
vt 0.160637 0.485648 0.000000
vt 0.148428 0.445317 0.000000
vt 0.086202 0.377491 0.000000
vt 0.179732 0.434711 0.000000
vt 0.093627 0.463157 0.000000
vt 0.073043 0.448927 0.000000
vt 0.095300 0.453178 0.000000
vt 0.075636 0.423030 0.000000
vt 0.049942 0.445561 0.000000
vt 0.060914 0.470874 0.000000
vt 0.039409 0.537003 0.000000
vt 0.503755 0.815722 0.000000
vt 0.484872 0.815722 0.000000
vt 0.484872 0.804439 0.000000
vt 0.505606 0.800592 0.000000
vt 0.511782 0.824528 0.000000
vt 0.515967 0.814362 0.000000
vt 0.512993 0.853634 0.000000
vt 0.491642 0.847918 0.000000
vt 0.509546 0.842316 0.000000
vt 0.522451 0.842316 0.000000
vt 0.524053 0.874017 0.000000
vt 0.538253 0.855501 0.000000
vt 0.549249 0.864107 0.000000
vt 0.554520 0.890528 0.000000
vt 0.512993 0.880933 0.000000
vt 0.546141 0.907680 0.000000
vt 0.491642 0.885566 0.000000
vt 0.515372 0.922558 0.000000
vt 0.431061 0.879865 0.000000
vt 0.447029 0.896373 0.000000
vt 0.422191 0.913002 0.000000
vt 0.460239 0.836046 0.000000
vt 0.460239 0.865471 0.000000
vt 0.441048 0.836046 0.000000
vt 0.431061 0.836046 0.000000
vt 0.471400 0.918503 0.000000
vt 0.489262 0.947029 0.000000
vt 0.441810 0.942185 0.000000
vt 0.439035 0.975277 0.000000
vt 0.422191 0.955500 0.000000
vt 0.404614 0.985470 0.000000
vt 0.422191 0.955500 0.000000
vt 0.503755 0.815722 0.000000
vt 0.505606 0.800592 0.000000
vt 0.484872 0.804439 0.000000
vt 0.484872 0.815722 0.000000
vt 0.511782 0.824528 0.000000
vt 0.515967 0.814362 0.000000
vt 0.512993 0.853634 0.000000
vt 0.522451 0.842316 0.000000
vt 0.509546 0.842316 0.000000
vt 0.491642 0.847918 0.000000
vt 0.524053 0.874017 0.000000
vt 0.549249 0.864107 0.000000
vt 0.538253 0.855501 0.000000
vt 0.512993 0.880933 0.000000
vt 0.491642 0.885566 0.000000
vt 0.460239 0.836046 0.000000
vt 0.441048 0.836046 0.000000
vt 0.460239 0.865471 0.000000
vt 0.471400 0.918503 0.000000
vt 0.441810 0.942185 0.000000
vt 0.422191 0.955500 0.000000
vt 0.422191 0.955500 0.000000
vt 0.447029 0.896373 0.000000
vt 0.447029 0.896373 0.000000
vt 0.448823 0.782359 0.000000
vt 0.544087 0.824528 0.000000
vt 0.561432 0.830465 0.000000
vt 0.533135 0.845666 0.000000
vt 0.540660 0.836903 0.000000
vt 0.407444 0.802353 0.000000
vt 0.460239 0.836046 0.000000
vt 0.441048 0.836046 0.000000
vt 0.460239 0.865471 0.000000
vt 0.451300 0.811811 0.000000
vt 0.554520 0.890528 0.000000
vt 0.549249 0.864107 0.000000
vt 0.559084 0.866151 0.000000
vt 0.561432 0.849407 0.000000
vt 0.561432 0.830465 0.000000
vt 0.407444 0.802353 0.000000
vt 0.407444 0.802353 0.000000
vt 0.448823 0.782359 0.000000
vt 0.404614 0.985470 0.000000
vt 0.447029 0.896373 0.000000
vt 0.448823 0.782359 0.000000
vt 0.544087 0.824528 0.000000
vt 0.561432 0.830465 0.000000
vt 0.540660 0.836903 0.000000
vt 0.533135 0.845666 0.000000
vt 0.407444 0.802353 0.000000
vt 0.441048 0.836046 0.000000
vt 0.460239 0.836046 0.000000
vt 0.460239 0.865471 0.000000
vt 0.451300 0.811811 0.000000
vt 0.559084 0.866151 0.000000
vt 0.549249 0.864107 0.000000
vt 0.561432 0.849407 0.000000
vt 0.561432 0.830465 0.000000
vt 0.407444 0.802353 0.000000
vt 0.448823 0.782359 0.000000
vt 0.407444 0.802353 0.000000
vt 0.722967 0.017467 0.000000
vt 0.707039 0.017467 0.000000
vt 0.721686 0.065228 0.000000
vt 0.728526 0.065228 0.000000
vt 0.737775 0.017467 0.000000
vt 0.737775 0.065228 0.000000
vt 0.754742 0.017467 0.000000
vt 0.747392 0.065228 0.000000
vt 0.737775 0.113426 0.000000
vt 0.722967 0.017467 0.000000
vt 0.728526 0.065228 0.000000
vt 0.737775 0.017467 0.000000
vt 0.737775 0.065228 0.000000
vt 0.524851 0.063762 0.000000
vt 0.524851 0.017522 0.000000
vt 0.593183 0.017522 0.000000
vt 0.593183 0.063762 0.000000
vt 0.446088 0.063762 0.000000
vt 0.446088 0.017522 0.000000
vt 0.676879 0.038483 0.000000
vt 0.634111 0.063762 0.000000
vt 0.645006 0.017522 0.000000
vt 0.685786 0.017522 0.000000
vt 0.365899 0.063762 0.000000
vt 0.365899 0.017522 0.000000
vt 0.593183 0.017522 0.000000
vt 0.524851 0.017522 0.000000
vt 0.446088 0.017522 0.000000
vt 0.676879 0.038483 0.000000
vt 0.685786 0.017522 0.000000
vt 0.645006 0.017522 0.000000
vt 0.365899 0.017522 0.000000
vt 0.737775 0.017467 0.000000
vt 0.737775 0.065228 0.000000
vt 0.728526 0.065228 0.000000
vt 0.722967 0.017467 0.000000
vt 0.754742 0.017467 0.000000
vt 0.747392 0.065228 0.000000
vt 0.737775 0.113426 0.000000
vt 0.721686 0.065228 0.000000
vt 0.707039 0.017467 0.000000
vt 0.737775 0.017467 0.000000
vt 0.722967 0.017467 0.000000
vt 0.728526 0.065228 0.000000
vt 0.737775 0.065228 0.000000
vt 0.737775 0.017467 0.000000
vt 0.737775 0.065228 0.000000
vt 0.728526 0.065228 0.000000
vt 0.722967 0.017467 0.000000
vt 0.754742 0.017467 0.000000
vt 0.747392 0.065228 0.000000
vt 0.737775 0.113426 0.000000
vt 0.721686 0.065228 0.000000
vt 0.707039 0.017467 0.000000
vt 0.737775 0.017467 0.000000
vt 0.722967 0.017467 0.000000
vt 0.728526 0.065228 0.000000
vt 0.737775 0.065228 0.000000
vt 0.529067 0.588407 0.000000
vt 0.499318 0.606757 0.000000
vt 0.493527 0.624648 0.000000
vt 0.511462 0.614025 0.000000
vt 0.472230 0.636541 0.000000
vt 0.481037 0.617072 0.000000
vt 0.450184 0.617072 0.000000
vt 0.423257 0.596922 0.000000
vt 0.416244 0.610798 0.000000
vt 0.450184 0.630211 0.000000
vt 0.450184 0.630211 0.000000
vt 0.429583 0.655952 0.000000
vt 0.456819 0.688533 0.000000
vt 0.416244 0.610798 0.000000
vt 0.405274 0.615979 0.000000
vt 0.406732 0.673768 0.000000
vt 0.392298 0.615979 0.000000
vt 0.529067 0.588407 0.000000
vt 0.511462 0.614025 0.000000
vt 0.493527 0.624648 0.000000
vt 0.499318 0.606757 0.000000
vt 0.472230 0.636541 0.000000
vt 0.481037 0.617072 0.000000
vt 0.450184 0.630211 0.000000
vt 0.416244 0.610798 0.000000
vt 0.450184 0.630211 0.000000
vt 0.456819 0.688533 0.000000
vt 0.429583 0.655952 0.000000
vt 0.405274 0.615979 0.000000
vt 0.416244 0.610798 0.000000
vt 0.529067 0.588407 0.000000
vt 0.511462 0.614025 0.000000
vt 0.493527 0.624648 0.000000
vt 0.499318 0.606757 0.000000
vt 0.472230 0.636541 0.000000
vt 0.481037 0.617072 0.000000
vt 0.450184 0.617072 0.000000
vt 0.450184 0.630211 0.000000
vt 0.416244 0.610798 0.000000
vt 0.423257 0.596922 0.000000
vt 0.450184 0.630211 0.000000
vt 0.456819 0.688533 0.000000
vt 0.429583 0.655952 0.000000
vt 0.405274 0.615979 0.000000
vt 0.416244 0.610798 0.000000
vt 0.406732 0.673768 0.000000
vt 0.392298 0.615979 0.000000
vt 0.529067 0.588407 0.000000
vt 0.499318 0.606757 0.000000
vt 0.493527 0.624648 0.000000
vt 0.511462 0.614025 0.000000
vt 0.472230 0.636541 0.000000
vt 0.481037 0.617072 0.000000
vt 0.416244 0.610798 0.000000
vt 0.450184 0.630211 0.000000
vt 0.450184 0.630211 0.000000
vt 0.429583 0.655952 0.000000
vt 0.456819 0.688533 0.000000
vt 0.416244 0.610798 0.000000
vt 0.405274 0.615979 0.000000
vt 0.664144 0.063762 0.000000
vt 0.383918 0.557420 0.000000
vt 0.430621 0.724680 0.000000
vt 0.452997 0.756632 0.000000
vt 0.478645 0.741314 0.000000
vt 0.468214 0.766073 0.000000
vt 0.496060 0.708830 0.000000
vt 0.507668 0.683673 0.000000
vt 0.484763 0.680028 0.000000
vt 0.520668 0.698477 0.000000
vt 0.520668 0.677233 0.000000
vt 0.537965 0.647928 0.000000
vt 0.498844 0.659436 0.000000
vt 0.583174 0.647928 0.000000
vt 0.545313 0.630647 0.000000
vt 0.535438 0.609228 0.000000
vt 0.511521 0.634264 0.000000
vt 0.576311 0.592946 0.000000
vt 0.474900 0.703576 0.000000
vt 0.496060 0.743745 0.000000
vt 0.383918 0.557420 0.000000
vt 0.481037 0.617072 0.000000
vt 0.478645 0.741314 0.000000
vt 0.496060 0.708830 0.000000
vt 0.484763 0.680028 0.000000
vt 0.507668 0.683673 0.000000
vt 0.520668 0.698477 0.000000
vt 0.520668 0.677233 0.000000
vt 0.498844 0.659436 0.000000
vt 0.537965 0.647928 0.000000
vt 0.583174 0.647928 0.000000
vt 0.545313 0.630647 0.000000
vt 0.511521 0.634264 0.000000
vt 0.535438 0.609228 0.000000
vt 0.576311 0.592946 0.000000
vt 0.474900 0.703576 0.000000
vt 0.496060 0.743745 0.000000
vt 0.481037 0.617072 0.000000
vt 0.383918 0.557420 0.000000
vt 0.430621 0.724680 0.000000
vt 0.452997 0.756632 0.000000
vt 0.478645 0.741314 0.000000
vt 0.468214 0.766073 0.000000
vt 0.496060 0.708830 0.000000
vt 0.484763 0.680028 0.000000
vt 0.507668 0.683673 0.000000
vt 0.520668 0.698477 0.000000
vt 0.520668 0.677233 0.000000
vt 0.498844 0.659436 0.000000
vt 0.537965 0.647928 0.000000
vt 0.583174 0.647928 0.000000
vt 0.545313 0.630647 0.000000
vt 0.511521 0.634264 0.000000
vt 0.535438 0.609228 0.000000
vt 0.576311 0.592946 0.000000
vt 0.474900 0.703576 0.000000
vt 0.496060 0.743745 0.000000
vt 0.383918 0.557420 0.000000
vt 0.481037 0.617072 0.000000
vt 0.478645 0.741314 0.000000
vt 0.496060 0.708830 0.000000
vt 0.507668 0.683673 0.000000
vt 0.484763 0.680028 0.000000
vt 0.520668 0.698477 0.000000
vt 0.520668 0.677233 0.000000
vt 0.537965 0.647928 0.000000
vt 0.498844 0.659436 0.000000
vt 0.583174 0.647928 0.000000
vt 0.545313 0.630647 0.000000
vt 0.535438 0.609228 0.000000
vt 0.511521 0.634264 0.000000
vt 0.576311 0.592946 0.000000
vt 0.474900 0.703576 0.000000
vt 0.496060 0.743745 0.000000
vt 0.481037 0.617072 0.000000
vt 0.862850 0.489267 0.000000
vt 0.862850 0.441504 0.000000
vt 0.784764 0.489267 0.000000
vt 0.794442 0.387118 0.000000
vt 0.784764 0.438632 0.000000
vt 0.862850 0.400100 0.000000
vt 0.850517 0.333378 0.000000
vt 0.862850 0.489267 0.000000
vt 0.784764 0.489267 0.000000
vt 0.862850 0.441504 0.000000
vt 0.794442 0.387118 0.000000
vt 0.862850 0.400100 0.000000
vt 0.784764 0.438632 0.000000
vt 0.850517 0.333378 0.000000
vt 0.551286 0.784697 0.000000
vt 0.532652 0.784697 0.000000
vt 0.551286 0.775762 0.000000
vt 0.551286 0.784697 0.000000
vt 0.532652 0.793893 0.000000
vt 0.532652 0.784697 0.000000
vt 0.513309 0.784846 0.000000
vt 0.521977 0.748093 0.000000
vt 0.518455 0.731804 0.000000
vt 0.547714 0.766803 0.000000
vt 0.576282 0.731804 0.000000
vt 0.575670 0.753759 0.000000
vt 0.532652 0.784697 0.000000
vt 0.532652 0.762212 0.000000
vt 0.551286 0.775762 0.000000
vt 0.513309 0.776509 0.000000
vt 0.547714 0.700387 0.000000
vt 0.547714 0.731804 0.000000
vt 0.582957 0.784009 0.000000
vt 0.575551 0.784803 0.000000
vt 0.575551 0.772754 0.000000
vt 0.582957 0.784009 0.000000
vt 0.575551 0.795167 0.000000
vt 0.575551 0.784803 0.000000
vt 0.556315 0.787135 0.000000
vt 0.575588 0.753422 0.000000
vt 0.576337 0.731541 0.000000
vt 0.600078 0.762385 0.000000
vt 0.613961 0.724586 0.000000
vt 0.632974 0.752257 0.000000
vt 0.575551 0.784803 0.000000
vt 0.556946 0.770901 0.000000
vt 0.575551 0.772754 0.000000
vt 0.577350 0.701951 0.000000
vt 0.597198 0.736327 0.000000
vt 0.556315 0.787135 0.000000
vt 0.575551 0.784803 0.000000
vt 0.556946 0.770901 0.000000
vt 0.556315 0.787135 0.000000
vt 0.575551 0.795167 0.000000
vt 0.575551 0.784803 0.000000
vt 0.582957 0.784009 0.000000
vt 0.632974 0.752257 0.000000
vt 0.613961 0.724586 0.000000
vt 0.600078 0.762385 0.000000
vt 0.576337 0.731541 0.000000
vt 0.575670 0.753759 0.000000
vt 0.575551 0.761513 0.000000
vt 0.575551 0.772754 0.000000
vt 0.575551 0.761513 0.000000
vt 0.575551 0.784803 0.000000
vt 0.577350 0.701951 0.000000
vt 0.597198 0.736327 0.000000
vt 0.513309 0.784846 0.000000
vt 0.513309 0.776509 0.000000
vt 0.556315 0.787135 0.000000
vt 0.582957 0.784009 0.000000
vt 0.575551 0.761513 0.000000
vt 0.551286 0.784697 0.000000
vt 0.551286 0.775762 0.000000
vt 0.532652 0.784697 0.000000
vt 0.551286 0.784697 0.000000
vt 0.532652 0.784697 0.000000
vt 0.532652 0.793893 0.000000
vt 0.513309 0.784846 0.000000
vt 0.521977 0.748093 0.000000
vt 0.547714 0.766803 0.000000
vt 0.518455 0.731804 0.000000
vt 0.575670 0.753759 0.000000
vt 0.576282 0.731804 0.000000
vt 0.532652 0.784697 0.000000
vt 0.551286 0.775762 0.000000
vt 0.532652 0.762212 0.000000
vt 0.513309 0.776509 0.000000
vt 0.547714 0.731804 0.000000
vt 0.547714 0.700387 0.000000
vt 0.582957 0.784009 0.000000
vt 0.575551 0.772754 0.000000
vt 0.575551 0.784803 0.000000
vt 0.582957 0.784009 0.000000
vt 0.575551 0.784803 0.000000
vt 0.575551 0.795167 0.000000
vt 0.556315 0.787135 0.000000
vt 0.575588 0.753422 0.000000
vt 0.600078 0.762385 0.000000
vt 0.576337 0.731541 0.000000
vt 0.632974 0.752257 0.000000
vt 0.613961 0.724586 0.000000
vt 0.575551 0.784803 0.000000
vt 0.575551 0.772754 0.000000
vt 0.556946 0.770901 0.000000
vt 0.597198 0.736327 0.000000
vt 0.577350 0.701951 0.000000
vt 0.556315 0.787135 0.000000
vt 0.556946 0.770901 0.000000
vt 0.575551 0.784803 0.000000
vt 0.556315 0.787135 0.000000
vt 0.575551 0.784803 0.000000
vt 0.575551 0.795167 0.000000
vt 0.582957 0.784009 0.000000
vt 0.632974 0.752257 0.000000
vt 0.600078 0.762385 0.000000
vt 0.613961 0.724586 0.000000
vt 0.575670 0.753759 0.000000
vt 0.576337 0.731541 0.000000
vt 0.575551 0.761513 0.000000
vt 0.575551 0.772754 0.000000
vt 0.575551 0.784803 0.000000
vt 0.575551 0.761513 0.000000
vt 0.597198 0.736327 0.000000
vt 0.577350 0.701951 0.000000
vt 0.513309 0.776509 0.000000
vt 0.513309 0.784846 0.000000
vt 0.556315 0.787135 0.000000
vt 0.582957 0.784009 0.000000
vt 0.575551 0.761513 0.000000
vt 0.203800 0.031155 0.000000
vt 0.204908 0.015165 0.000000
vt 0.260258 0.015164 0.000000
vt 0.261415 0.029126 0.000000
vt 0.308035 0.015164 0.000000
vt 0.309056 0.026795 0.000000
vt 0.343152 0.048549 0.000000
vt 0.350780 0.080148 0.000000
vt 0.312907 0.096115 0.000000
vt 0.305948 0.055953 0.000000
vt 0.985926 0.938073 0.000000
vt 0.928491 0.944221 0.000000
vt 0.924619 0.978350 0.000000
vt 0.985926 0.991079 0.000000
vt 0.819857 0.286173 0.000000
vt 0.863506 0.255798 0.000000
vt 0.858651 0.243816 0.000000
vt 0.805993 0.284195 0.000000
vt 0.920263 0.122704 0.000000
vt 0.935118 0.116254 0.000000
vt 0.939717 0.131547 0.000000
vt 0.935796 0.133308 0.000000
vt 0.950396 0.129030 0.000000
vt 0.965212 0.129374 0.000000
vt 0.968542 0.142127 0.000000
vt 0.952992 0.140492 0.000000
vt 0.931513 0.066906 0.000000
vt 0.946504 0.060532 0.000000
vt 0.955427 0.077893 0.000000
vt 0.938030 0.084147 0.000000
vt 0.951907 0.108577 0.000000
vt 0.968973 0.116665 0.000000
vt 0.885719 0.043959 0.000000
vt 0.913657 0.042755 0.000000
vt 0.912040 0.068148 0.000000
vt 0.888276 0.068842 0.000000
vt 0.882161 0.012973 0.000000
vt 0.921005 0.009580 0.000000
vt 0.830895 0.051302 0.000000
vt 0.830759 0.071355 0.000000
vt 0.772970 0.071195 0.000000
vt 0.772970 0.051302 0.000000
vt 0.927251 0.019732 0.000000
vt 0.927251 0.043587 0.000000
vt 0.938180 0.018858 0.000000
vt 0.939310 0.038708 0.000000
vt 0.855332 0.015068 0.000000
vt 0.856669 0.047566 0.000000
vt 0.843938 0.051302 0.000000
vt 0.846149 0.073066 0.000000
vt 0.829002 0.031099 0.000000
vt 0.837367 0.028729 0.000000
vt 0.889445 0.090062 0.000000
vt 0.890675 0.111614 0.000000
vt 0.858809 0.114705 0.000000
vt 0.860316 0.093419 0.000000
vt 0.964594 0.090707 0.000000
vt 0.942608 0.097529 0.000000
vt 0.772970 0.028196 0.000000
vt 0.680258 0.233812 0.000000
vt 0.675072 0.191953 0.000000
vt 0.638191 0.195345 0.000000
vt 0.638191 0.236419 0.000000
vt 0.670657 0.363644 0.000000
vt 0.638191 0.359942 0.000000
vt 0.638191 0.393457 0.000000
vt 0.664412 0.400536 0.000000
vt 0.915097 0.087997 0.000000
vt 0.638191 0.265940 0.000000
vt 0.638191 0.287867 0.000000
vt 0.678667 0.290313 0.000000
vt 0.679684 0.268654 0.000000
vt 0.584330 0.453439 0.000000
vt 0.552979 0.461566 0.000000
vt 0.566487 0.488992 0.000000
vt 0.590646 0.483478 0.000000
vt 0.617407 0.483478 0.000000
vt 0.617407 0.453128 0.000000
vt 0.656567 0.475817 0.000000
vt 0.648115 0.463545 0.000000
vt 0.644517 0.475302 0.000000
vt 0.646479 0.483712 0.000000
vt 0.654683 0.492948 0.000000
vt 0.646479 0.492948 0.000000
vt 0.638191 0.425868 0.000000
vt 0.660031 0.430681 0.000000
vt 0.732337 0.271318 0.000000
vt 0.728166 0.233251 0.000000
vt 0.675842 0.319756 0.000000
vt 0.638191 0.315913 0.000000
vt 0.736987 0.451082 0.000000
vt 0.760911 0.446965 0.000000
vt 0.747595 0.400319 0.000000
vt 0.719482 0.407658 0.000000
vt 0.748009 0.492948 0.000000
vt 0.771772 0.492948 0.000000
vt 0.654971 0.119926 0.000000
vt 0.638191 0.150000 0.000000
vt 0.676083 0.150544 0.000000
vt 0.680354 0.136639 0.000000
vt 0.211521 0.355435 0.000000
vt 0.264642 0.355435 0.000000
vt 0.264642 0.341440 0.000000
vt 0.211521 0.341440 0.000000
vt 0.251646 0.289738 0.000000
vt 0.203180 0.270679 0.000000
vt 0.211521 0.318997 0.000000
vt 0.264642 0.318997 0.000000
vt 0.367457 0.341440 0.000000
vt 0.367457 0.355435 0.000000
vt 0.423939 0.355435 0.000000
vt 0.423939 0.341440 0.000000
vt 0.317749 0.355435 0.000000
vt 0.317749 0.341440 0.000000
vt 0.163290 0.282071 0.000000
vt 0.175363 0.318997 0.000000
vt 0.175363 0.341440 0.000000
vt 0.367457 0.300946 0.000000
vt 0.317749 0.300946 0.000000
vt 0.424385 0.300946 0.000000
vt 0.147732 0.313914 0.000000
vt 0.147732 0.341440 0.000000
vt 0.125130 0.341440 0.000000
vt 0.147732 0.355435 0.000000
vt 0.125130 0.355435 0.000000
vt 0.231128 0.205577 0.000000
vt 0.186917 0.228903 0.000000
vt 0.242296 0.257127 0.000000
vt 0.136304 0.282534 0.000000
vt 0.125130 0.287013 0.000000
vt 0.125130 0.302874 0.000000
vt 0.142449 0.298026 0.000000
vt 0.220494 0.529739 0.000000
vt 0.252145 0.529774 0.000000
vt 0.244506 0.554617 0.000000
vt 0.214121 0.554665 0.000000
vt 0.188102 0.509302 0.000000
vt 0.190480 0.507168 0.000000
vt 0.206046 0.530896 0.000000
vt 0.529149 0.525914 0.000000
vt 0.505308 0.543956 0.000000
vt 0.501099 0.540733 0.000000
vt 0.527864 0.522353 0.000000
vt 0.480994 0.415457 0.000000
vt 0.493488 0.438849 0.000000
vt 0.458640 0.455871 0.000000
vt 0.448234 0.433022 0.000000
vt 0.491208 0.534561 0.000000
vt 0.476408 0.501597 0.000000
vt 0.512982 0.480899 0.000000
vt 0.464210 0.371050 0.000000
vt 0.464210 0.379827 0.000000
vt 0.435881 0.387106 0.000000
vt 0.433624 0.371050 0.000000
vt 0.353476 0.392814 0.000000
vt 0.350426 0.371050 0.000000
vt 0.378841 0.371050 0.000000
vt 0.382283 0.392773 0.000000
vt 0.408530 0.391178 0.000000
vt 0.406525 0.371050 0.000000
vt 0.288156 0.371050 0.000000
vt 0.284788 0.388530 0.000000
vt 0.265320 0.382674 0.000000
vt 0.265320 0.371050 0.000000
vt 0.260832 0.394532 0.000000
vt 0.297320 0.418021 0.000000
vt 0.288383 0.445742 0.000000
vt 0.251361 0.408761 0.000000
vt 0.323549 0.440061 0.000000
vt 0.324102 0.418078 0.000000
vt 0.357292 0.416739 0.000000
vt 0.359124 0.443956 0.000000
vt 0.305265 0.395448 0.000000
vt 0.310750 0.371050 0.000000
vt 0.332149 0.371050 0.000000
vt 0.327840 0.396246 0.000000
vt 0.924619 0.978350 0.000000
vt 0.928491 0.944221 0.000000
vt 0.008375 0.747100 0.000000
vt 0.008375 0.751531 0.000000
vt 0.019842 0.749557 0.000000
vt 0.008375 0.737901 0.000000
vt 0.034901 0.804669 0.000000
vt 0.018782 0.849489 0.000000
vt 0.066305 0.849489 0.000000
vt 0.114245 0.834182 0.000000
vt 0.066305 0.819646 0.000000
vt 0.139778 0.904636 0.000000
vt 0.158943 0.872950 0.000000
vt 0.129361 0.851023 0.000000
vt 0.054452 0.709305 0.000000
vt 0.031764 0.711618 0.000000
vt 0.032877 0.724307 0.000000
vt 0.065269 0.723366 0.000000
vt 0.038150 0.746394 0.000000
vt 0.025032 0.737072 0.000000
vt 0.135540 0.785599 0.000000
vt 0.160897 0.764182 0.000000
vt 0.145653 0.737998 0.000000
vt 0.067505 0.736856 0.000000
vt 0.051995 0.672748 0.000000
vt 0.068879 0.653793 0.000000
vt 0.009940 0.647516 0.000000
vt 0.008375 0.665670 0.000000
vt 0.030068 0.704306 0.000000
vt 0.008375 0.704175 0.000000
vt 0.008375 0.713292 0.000000
vt 0.085151 0.705337 0.000000
vt 0.065041 0.693574 0.000000
vt 0.043017 0.703935 0.000000
vt 0.028005 0.696416 0.000000
vt 0.043022 0.686038 0.000000
vt 0.008375 0.684448 0.000000
vt 0.008375 0.695751 0.000000
vt 0.078651 0.686810 0.000000
vt 0.152681 0.958755 0.000000
vt 0.115217 0.927440 0.000000
vt 0.093803 0.953439 0.000000
vt 0.143536 0.980888 0.000000
vt 0.063203 0.613194 0.000000
vt 0.016407 0.613194 0.000000
vt 0.023850 0.859766 0.000000
vt 0.063997 0.859766 0.000000
vt 0.214763 0.697514 0.000000
vt 0.192154 0.658749 0.000000
vt 0.256932 0.632788 0.000000
vt 0.256925 0.678925 0.000000
vt 0.151877 0.615681 0.000000
vt 0.223136 0.596712 0.000000
vt 0.314465 0.677640 0.000000
vt 0.346163 0.677640 0.000000
vt 0.343868 0.632677 0.000000
vt 0.314465 0.632677 0.000000
vt 0.086789 0.887512 0.000000
vt 0.077040 0.901089 0.000000
vt 0.377934 0.632677 0.000000
vt 0.373286 0.677640 0.000000
vt 0.259789 0.926348 0.000000
vt 0.266887 0.894452 0.000000
vt 0.228868 0.897641 0.000000
vt 0.218156 0.936662 0.000000
vt 0.324451 0.886232 0.000000
vt 0.292353 0.922306 0.000000
vt 0.343726 0.916097 0.000000
vt 0.392563 0.923854 0.000000
vt 0.397499 0.886873 0.000000
vt 0.350934 0.882327 0.000000
vt 0.188636 0.991729 0.000000
vt 0.188636 0.958755 0.000000
vt 0.351092 0.577571 0.000000
vt 0.321441 0.576132 0.000000
vt 0.370835 0.577867 0.000000
vt 0.311390 0.822918 0.000000
vt 0.300181 0.786887 0.000000
vt 0.265938 0.792694 0.000000
vt 0.266157 0.831304 0.000000
vt 0.236530 0.854995 0.000000
vt 0.262242 0.847252 0.000000
vt 0.291426 0.881666 0.000000
vt 0.288924 0.842446 0.000000
vt 0.369473 0.847921 0.000000
vt 0.411578 0.847280 0.000000
vt 0.200558 0.564917 0.000000
vt 0.115044 0.571743 0.000000
vt 0.261838 0.575981 0.000000
vt 0.260974 0.599558 0.000000
vt 0.229832 0.847771 0.000000
vt 0.239692 0.804797 0.000000
vt 0.341633 0.735357 0.000000
vt 0.287660 0.744575 0.000000
vt 0.340157 0.778226 0.000000
vt 0.391078 0.789294 0.000000
vt 0.407174 0.750280 0.000000
vt 0.121022 0.553780 0.000000
vt 0.124439 0.545292 0.000000
vt 0.108443 0.547193 0.000000
vt 0.108443 0.559877 0.000000
vt 0.087442 0.541625 0.000000
vt 0.093379 0.551142 0.000000
vt 0.108443 0.533887 0.000000
vt 0.093379 0.559877 0.000000
vt 0.127363 0.533667 0.000000
vt 0.729342 0.323216 0.000000
vt 0.302143 0.244782 0.000000
vt 0.292503 0.205577 0.000000
vt 0.367650 0.247741 0.000000
vt 0.364571 0.205577 0.000000
vt 0.424385 0.251726 0.000000
vt 0.095131 0.144044 0.000000
vt 0.069933 0.101927 0.000000
vt 0.096995 0.111572 0.000000
vt 0.258158 0.135895 0.000000
vt 0.293714 0.126559 0.000000
vt 0.278710 0.165024 0.000000
vt 0.224684 0.125028 0.000000
vt 0.245496 0.164560 0.000000
vt 0.220040 0.159669 0.000000
vt 0.183357 0.131565 0.000000
vt 0.184461 0.191953 0.000000
vt 0.133250 0.174923 0.000000
vt 0.182127 0.160993 0.000000
vt 0.134411 0.144553 0.000000
vt 0.142286 0.072198 0.000000
vt 0.188899 0.094030 0.000000
vt 0.138471 0.104560 0.000000
vt 0.236936 0.068360 0.000000
vt 0.186786 0.055198 0.000000
vt 0.150055 0.034561 0.000000
vt 0.100066 0.076279 0.000000
vt 0.102586 0.042711 0.000000
vt 0.057037 0.024470 0.000000
vt 0.079811 0.033590 0.000000
vt 0.070879 0.065159 0.000000
vt 0.041693 0.054040 0.000000
vt 0.270936 0.063003 0.000000
vt 0.233836 0.102104 0.000000
vt 0.271689 0.109483 0.000000
vt 0.297911 0.097009 0.000000
vt 0.338516 0.021669 0.000000
vt 0.104483 0.015165 0.000000
vt 0.060396 0.015165 0.000000
vt 0.151095 0.015165 0.000000
vt 0.337147 0.015164 0.000000
vt 0.028619 0.085512 0.000000
vt 0.228813 0.194964 0.000000
vt 0.272664 0.188788 0.000000
vt 0.936798 0.858977 0.000000
vt 0.936798 0.833673 0.000000
vt 0.897042 0.833673 0.000000
vt 0.891690 0.858977 0.000000
vt 0.891690 0.858977 0.000000
vt 0.852138 0.858977 0.000000
vt 0.862858 0.833673 0.000000
vt 0.897042 0.833673 0.000000
vt 0.879321 0.911870 0.000000
vt 0.876066 0.955228 0.000000
vt 0.822695 0.948319 0.000000
vt 0.936798 0.858977 0.000000
vt 0.877833 0.939868 0.000000
vt 0.985926 0.858977 0.000000
vt 0.936798 0.833673 0.000000
vt 0.985926 0.833673 0.000000
vt 0.874106 0.978350 0.000000
vt 0.924619 0.991079 0.000000
vt 0.825793 0.904490 0.000000
vt 0.822695 0.978350 0.000000
vt 0.874106 0.978350 0.000000
vt 0.897042 0.818505 0.000000
vt 0.936798 0.818505 0.000000
vt 0.897042 0.818505 0.000000
vt 0.862858 0.818505 0.000000
vt 0.924619 0.991079 0.000000
vt 0.874106 0.991079 0.000000
vt 0.936798 0.818505 0.000000
vt 0.985926 0.818505 0.000000
vt 0.822695 0.991079 0.000000
vt 0.874106 0.991079 0.000000
vt 0.988220 0.130969 0.000000
vt 0.982517 0.120476 0.000000
vt 0.992744 0.116271 0.000000
vt 0.983220 0.143669 0.000000
vt 0.638191 0.111995 0.000000
vt 0.578193 0.092842 0.000000
vt 0.617407 0.128393 0.000000
vt 0.617407 0.094304 0.000000
vt 0.731533 0.298298 0.000000
vt 0.465696 0.207399 0.000000
vt 0.482367 0.196117 0.000000
vt 0.438706 0.153040 0.000000
vt 0.799714 0.330508 0.000000
vt 0.449887 0.144710 0.000000
vt 0.548757 0.433227 0.000000
vt 0.520680 0.420568 0.000000
vt 0.580711 0.431597 0.000000
vt 0.564171 0.398853 0.000000
vt 0.540063 0.295953 0.000000
vt 0.548233 0.237846 0.000000
vt 0.477346 0.263092 0.000000
vt 0.532915 0.165253 0.000000
vt 0.557961 0.114155 0.000000
vt 0.519963 0.096524 0.000000
vt 0.531740 0.078570 0.000000
vt 0.617407 0.389389 0.000000
vt 0.545918 0.362082 0.000000
vt 0.482450 0.127097 0.000000
vt 0.498619 0.401374 0.000000
vt 0.477346 0.317688 0.000000
vt 0.486669 0.379713 0.000000
vt 0.536353 0.328050 0.000000
vt 0.617407 0.238298 0.000000
vt 0.617407 0.189139 0.000000
vt 0.686935 0.461988 0.000000
vt 0.781332 0.206033 0.000000
vt 0.827805 0.155744 0.000000
vt 0.772062 0.171948 0.000000
vt 0.716663 0.155744 0.000000
vt 0.717384 0.184739 0.000000
vt 0.848243 0.207579 0.000000
vt 0.786875 0.238648 0.000000
vt 0.776246 0.321413 0.000000
vt 0.768493 0.377324 0.000000
vt 0.716530 0.455937 0.000000
vt 0.717145 0.492948 0.000000
vt 0.686843 0.492948 0.000000
vt 0.665745 0.492948 0.000000
vt 0.717544 0.375114 0.000000
vt 0.691286 0.422456 0.000000
vt 0.617407 0.424154 0.000000
vt 0.823326 0.140597 0.000000
vt 0.770731 0.155744 0.000000
vt 0.617407 0.285935 0.000000
vt 0.638191 0.453324 0.000000
vt 0.860913 0.128045 0.000000
vt 0.835584 0.125108 0.000000
vt 0.834017 0.115229 0.000000
vt 0.811522 0.118932 0.000000
vt 0.819284 0.098177 0.000000
vt 0.918363 0.108853 0.000000
vt 0.939720 0.139097 0.000000
vt 0.924234 0.137470 0.000000
vt 0.802913 0.098813 0.000000
vt 0.891490 0.126537 0.000000
vt 0.766440 0.119109 0.000000
vt 0.766440 0.102881 0.000000
vt 0.781255 0.099993 0.000000
vt 0.860321 0.071065 0.000000
vt 0.795351 0.122082 0.000000
vt 0.780175 0.120487 0.000000
vt 0.815093 0.124157 0.000000
vt 0.777343 0.088451 0.000000
vt 0.836127 0.095895 0.000000
vt 0.757039 0.113955 0.000000
vt 0.979640 0.106025 0.000000
vt 0.772970 0.016194 0.000000
vt 0.797754 0.009007 0.000000
vt 0.617407 0.336569 0.000000
vt 0.638191 0.466901 0.000000
vt 0.639948 0.469256 0.000000
vt 0.175363 0.355435 0.000000
vt 0.308275 0.521628 0.000000
vt 0.270229 0.543807 0.000000
vt 0.264831 0.502233 0.000000
vt 0.499401 0.560873 0.000000
vt 0.487845 0.554963 0.000000
vt 0.401147 0.478528 0.000000
vt 0.439122 0.520981 0.000000
vt 0.409094 0.537942 0.000000
vt 0.319613 0.465459 0.000000
vt 0.363111 0.528052 0.000000
vt 0.416911 0.436485 0.000000
vt 0.395307 0.441999 0.000000
vt 0.426305 0.468399 0.000000
vt 0.238021 0.426507 0.000000
vt 0.214267 0.470578 0.000000
vt 0.413371 0.416463 0.000000
vt 0.388270 0.417718 0.000000
vt 0.441597 0.409694 0.000000
vt 0.471665 0.399067 0.000000
vt 0.456050 0.548230 0.000000
vt 0.362803 0.480280 0.000000
vt 0.424385 0.205577 0.000000
vt 0.375858 0.151333 0.000000
vt 0.348435 0.145054 0.000000
vt 0.381851 0.110308 0.000000
vt 0.424385 0.154623 0.000000
vt 0.424385 0.092448 0.000000
vt 0.046535 0.868607 0.000000
vt 0.188636 0.911280 0.000000
vt 0.146253 0.810242 0.000000
vt 0.055194 0.923386 0.000000
vt 0.109355 0.754747 0.000000
vt 0.024861 0.560517 0.000000
vt 0.073646 0.762498 0.000000
vt 0.078810 0.777118 0.000000
vt 0.094508 0.776094 0.000000
vt 0.083031 0.795392 0.000000
vt 0.060449 0.778056 0.000000
vt 0.065905 0.874393 0.000000
vt 0.063662 0.799860 0.000000
vt 0.116620 0.789151 0.000000
vt 0.008375 0.799966 0.000000
vt 0.036407 0.764641 0.000000
vt 0.019842 0.766806 0.000000
vt 0.033894 0.777761 0.000000
vt 0.008375 0.785745 0.000000
vt 0.021559 0.785745 0.000000
vt 0.008375 0.766806 0.000000
vt 0.019842 0.757994 0.000000
vt 0.029302 0.745677 0.000000
vt 0.188636 0.850804 0.000000
vt 0.161104 0.831539 0.000000
vt 0.096577 0.866862 0.000000
vt 0.054015 0.896924 0.000000
vt 0.183183 0.682490 0.000000
vt 0.107269 0.702970 0.000000
vt 0.008375 0.724307 0.000000
vt 0.209489 0.756471 0.000000
vt 0.226847 0.795013 0.000000
vt 0.141812 0.649183 0.000000
vt 0.099463 0.613194 0.000000
vt 0.098084 0.676787 0.000000
vt 0.232818 0.741360 0.000000
vt 0.254382 0.734090 0.000000
vt 0.302443 0.670188 0.000000
vt 0.349085 0.703036 0.000000
vt 0.295223 0.723084 0.000000
vt 0.290068 0.600656 0.000000
vt 0.308480 0.985275 0.000000
vt 0.253673 0.985275 0.000000
vt 0.213203 0.985275 0.000000
vt 0.384800 0.985275 0.000000
vt 0.358239 0.985275 0.000000
vt 0.261865 0.761337 0.000000
vt 0.379870 0.821006 0.000000
vt 0.356095 0.816496 0.000000
vt 0.322142 0.723062 0.000000
vt 0.056633 0.559877 0.000000
vt 0.755837 0.849884 0.000000
vt 0.719896 0.847855 0.000000
vt 0.729820 0.831981 0.000000
vt 0.737068 0.815385 0.000000
vt 0.722347 0.887547 0.000000
vt 0.752025 0.873676 0.000000
vt 0.816326 0.857745 0.000000
vt 0.794641 0.815966 0.000000
vt 0.779793 0.852914 0.000000
vt 0.647929 0.902707 0.000000
vt 0.649972 0.856164 0.000000
vt 0.628506 0.881499 0.000000
vt 0.765270 0.828240 0.000000
vt 0.755055 0.810244 0.000000
vt 0.773627 0.939210 0.000000
vt 0.799227 0.936619 0.000000
vt 0.806104 0.894293 0.000000
vt 0.788433 0.972186 0.000000
vt 0.724780 0.978499 0.000000
vt 0.721402 0.954452 0.000000
vt 0.692045 0.949727 0.000000
vt 0.759532 0.880134 0.000000
vt 0.754566 0.964944 0.000000
vt 0.783373 0.811374 0.000000
vt 0.775613 0.831481 0.000000
vt 0.770972 0.847588 0.000000
vt 0.714246 0.897495 0.000000
vt 0.684925 0.873287 0.000000
vt 0.676252 0.881446 0.000000
vt 0.739994 0.891301 0.000000
vt 0.750509 0.950742 0.000000
vt 0.693152 0.908279 0.000000
vt 0.759416 0.987764 0.000000
vt 0.740641 0.899433 0.000000
vt 0.669556 0.925390 0.000000
vt 0.673603 0.860392 0.000000
vt 0.658614 0.845708 0.000000
vt 0.979351 0.706097 0.000000
vt 0.935253 0.712533 0.000000
vt 0.979351 0.666741 0.000000
vt 0.823710 0.609435 0.000000
vt 0.823710 0.593632 0.000000
vt 0.865987 0.593632 0.000000
vt 0.865987 0.609433 0.000000
vt 0.865987 0.593632 0.000000
vt 0.913006 0.609433 0.000000
vt 0.946120 0.609433 0.000000
vt 0.942894 0.645110 0.000000
vt 0.811911 0.783478 0.000000
vt 0.801875 0.795748 0.000000
vt 0.801875 0.788905 0.000000
vt 0.811911 0.783478 0.000000
vt 0.979351 0.724011 0.000000
vt 0.935253 0.730454 0.000000
vt 0.891077 0.730454 0.000000
vt 0.842241 0.730454 0.000000
vt 0.891077 0.712533 0.000000
vt 0.842241 0.712533 0.000000
vt 0.891077 0.730454 0.000000
vt 0.891077 0.712533 0.000000
vt 0.935253 0.712533 0.000000
vt 0.939668 0.681241 0.000000
vt 0.946120 0.609433 0.000000
vt 0.942894 0.645110 0.000000
vt 0.979351 0.645110 0.000000
vt 0.979351 0.730454 0.000000
vt 0.935253 0.730454 0.000000
vt 0.842241 0.712533 0.000000
vt 0.848685 0.681241 0.000000
vt 0.913006 0.609433 0.000000
vt 0.905079 0.645110 0.000000
vt 0.865987 0.609433 0.000000
vt 0.913006 0.593632 0.000000
vt 0.946120 0.593632 0.000000
vt 0.979351 0.593632 0.000000
vt 0.913006 0.577630 0.000000
vt 0.913006 0.593632 0.000000
vt 0.946120 0.593632 0.000000
vt 0.979351 0.577630 0.000000
vt 0.946120 0.577630 0.000000
vt 0.801875 0.700208 0.000000
vt 0.806122 0.681241 0.000000
vt 0.939668 0.681241 0.000000
vt 0.897153 0.681241 0.000000
vt 0.897153 0.681241 0.000000
vt 0.857611 0.645110 0.000000
vt 0.848685 0.681241 0.000000
vt 0.816082 0.645110 0.000000
vt 0.905079 0.645110 0.000000
vt 0.857611 0.645110 0.000000
vt 0.979351 0.609433 0.000000
vt 0.823710 0.577630 0.000000
vt 0.865987 0.577630 0.000000
vt 0.865987 0.577630 0.000000
vt 0.913006 0.577630 0.000000
vt 0.832939 0.755782 0.000000
vt 0.824620 0.753216 0.000000
vt 0.801875 0.746778 0.000000
vt 0.824620 0.753216 0.000000
vt 0.832939 0.755782 0.000000
vt 0.852709 0.818092 0.000000
vt 0.841739 0.803038 0.000000
vt 0.826691 0.818092 0.000000
vt 0.826691 0.799059 0.000000
vt 0.841739 0.803038 0.000000
vt 0.841590 0.778757 0.000000
vt 0.841590 0.778757 0.000000
vt 0.814262 0.791121 0.000000
vt 0.814262 0.791121 0.000000
vt 0.842241 0.730454 0.000000
vt 0.852709 0.818092 0.000000
vt 0.836229 0.772464 0.000000
vt 0.711124 0.871409 0.000000
vt 0.824096 0.826510 0.000000
vt 0.946120 0.577630 0.000000
vt 0.008375 0.732338 0.000000
vt 0.021947 0.740460 0.000000
vt 0.008375 0.758990 0.000000
vt 0.033657 0.895273 0.000000
vt 0.203800 0.031155 0.000000
vt 0.261415 0.029126 0.000000
vt 0.260258 0.015164 0.000000
vt 0.204908 0.015165 0.000000
vt 0.308035 0.015164 0.000000
vt 0.309056 0.026795 0.000000
vt 0.343152 0.048549 0.000000
vt 0.305948 0.055953 0.000000
vt 0.312907 0.096115 0.000000
vt 0.350780 0.080148 0.000000
vt 0.985926 0.938073 0.000000
vt 0.985926 0.991079 0.000000
vt 0.924619 0.978350 0.000000
vt 0.928491 0.944221 0.000000
vt 0.819857 0.286173 0.000000
vt 0.805993 0.284195 0.000000
vt 0.858651 0.243816 0.000000
vt 0.863506 0.255798 0.000000
vt 0.920263 0.122704 0.000000
vt 0.935796 0.133308 0.000000
vt 0.939717 0.131547 0.000000
vt 0.935118 0.116254 0.000000
vt 0.950396 0.129030 0.000000
vt 0.952992 0.140492 0.000000
vt 0.968542 0.142127 0.000000
vt 0.965212 0.129374 0.000000
vt 0.931513 0.066906 0.000000
vt 0.938030 0.084147 0.000000
vt 0.955427 0.077893 0.000000
vt 0.946504 0.060532 0.000000
vt 0.968973 0.116665 0.000000
vt 0.951907 0.108577 0.000000
vt 0.885719 0.043959 0.000000
vt 0.888276 0.068842 0.000000
vt 0.912040 0.068148 0.000000
vt 0.913657 0.042755 0.000000
vt 0.882161 0.012973 0.000000
vt 0.921005 0.009580 0.000000
vt 0.830895 0.051302 0.000000
vt 0.772970 0.051302 0.000000
vt 0.772970 0.071195 0.000000
vt 0.830759 0.071355 0.000000
vt 0.927251 0.043587 0.000000
vt 0.927251 0.019732 0.000000
vt 0.939310 0.038708 0.000000
vt 0.938180 0.018858 0.000000
vt 0.855332 0.015068 0.000000
vt 0.856669 0.047566 0.000000
vt 0.846149 0.073066 0.000000
vt 0.843938 0.051302 0.000000
vt 0.829002 0.031099 0.000000
vt 0.837367 0.028729 0.000000
vt 0.889445 0.090062 0.000000
vt 0.860316 0.093419 0.000000
vt 0.858809 0.114705 0.000000
vt 0.890675 0.111614 0.000000
vt 0.942608 0.097529 0.000000
vt 0.964594 0.090707 0.000000
vt 0.772970 0.028196 0.000000
vt 0.680251 0.233846 0.000000
vt 0.675079 0.191993 0.000000
vt 0.670657 0.363644 0.000000
vt 0.664412 0.400536 0.000000
vt 0.915097 0.087997 0.000000
vt 0.679684 0.268654 0.000000
vt 0.678667 0.290313 0.000000
vt 0.584330 0.453439 0.000000
vt 0.590646 0.483478 0.000000
vt 0.566487 0.488992 0.000000
vt 0.552979 0.461566 0.000000
vt 0.656567 0.475817 0.000000
vt 0.646479 0.483712 0.000000
vt 0.644517 0.475302 0.000000
vt 0.648115 0.463545 0.000000
vt 0.654683 0.492948 0.000000
vt 0.646479 0.492948 0.000000
vt 0.660031 0.430681 0.000000
vt 0.728169 0.233217 0.000000
vt 0.732337 0.271318 0.000000
vt 0.675842 0.319756 0.000000
vt 0.736987 0.451082 0.000000
vt 0.719482 0.407658 0.000000
vt 0.747595 0.400319 0.000000
vt 0.760911 0.446965 0.000000
vt 0.748009 0.492948 0.000000
vt 0.771772 0.492948 0.000000
vt 0.654971 0.119926 0.000000
vt 0.680354 0.136639 0.000000
vt 0.676133 0.150533 0.000000
vt 0.211521 0.355435 0.000000
vt 0.211521 0.341440 0.000000
vt 0.264642 0.341440 0.000000
vt 0.264642 0.355435 0.000000
vt 0.251619 0.289872 0.000000
vt 0.264642 0.318997 0.000000
vt 0.211521 0.318997 0.000000
vt 0.203180 0.270679 0.000000
vt 0.367457 0.341440 0.000000
vt 0.367457 0.355435 0.000000
vt 0.317749 0.341440 0.000000
vt 0.317749 0.355435 0.000000
vt 0.175363 0.318997 0.000000
vt 0.163290 0.282071 0.000000
vt 0.175363 0.341440 0.000000
vt 0.317749 0.300946 0.000000
vt 0.367457 0.300946 0.000000
vt 0.147732 0.313914 0.000000
vt 0.147732 0.341440 0.000000
vt 0.147732 0.355435 0.000000
vt 0.231128 0.205577 0.000000
vt 0.242296 0.257127 0.000000
vt 0.186917 0.228903 0.000000
vt 0.136304 0.282534 0.000000
vt 0.142449 0.298026 0.000000
vt 0.220494 0.529739 0.000000
vt 0.244506 0.554617 0.000000
vt 0.252145 0.529774 0.000000
vt 0.190480 0.507168 0.000000
vt 0.527864 0.522353 0.000000
vt 0.501099 0.540733 0.000000
vt 0.480994 0.415457 0.000000
vt 0.448234 0.433022 0.000000
vt 0.458640 0.455871 0.000000
vt 0.493488 0.438849 0.000000
vt 0.491208 0.534561 0.000000
vt 0.512982 0.480899 0.000000
vt 0.476408 0.501597 0.000000
vt 0.464210 0.371050 0.000000
vt 0.433624 0.371050 0.000000
vt 0.435881 0.387106 0.000000
vt 0.464210 0.379827 0.000000
vt 0.353476 0.392814 0.000000
vt 0.382283 0.392773 0.000000
vt 0.378841 0.371050 0.000000
vt 0.350426 0.371050 0.000000
vt 0.408530 0.391178 0.000000
vt 0.406525 0.371050 0.000000
vt 0.288156 0.371050 0.000000
vt 0.265320 0.371050 0.000000
vt 0.265320 0.382674 0.000000
vt 0.284788 0.388530 0.000000
vt 0.260832 0.394532 0.000000
vt 0.251361 0.408761 0.000000
vt 0.288383 0.445742 0.000000
vt 0.297320 0.418021 0.000000
vt 0.323549 0.440061 0.000000
vt 0.359124 0.443956 0.000000
vt 0.357292 0.416739 0.000000
vt 0.324102 0.418078 0.000000
vt 0.305265 0.395448 0.000000
vt 0.310750 0.371050 0.000000
vt 0.332149 0.371050 0.000000
vt 0.327840 0.396246 0.000000
vt 0.924619 0.978350 0.000000
vt 0.928491 0.944221 0.000000
vt 0.019842 0.749557 0.000000
vt 0.034901 0.804669 0.000000
vt 0.066305 0.819646 0.000000
vt 0.066305 0.849489 0.000000
vt 0.114245 0.834182 0.000000
vt 0.139778 0.904636 0.000000
vt 0.129361 0.851023 0.000000
vt 0.158943 0.872950 0.000000
vt 0.054452 0.709305 0.000000
vt 0.065269 0.723366 0.000000
vt 0.032877 0.724307 0.000000
vt 0.031764 0.711618 0.000000
vt 0.038150 0.746394 0.000000
vt 0.025032 0.737072 0.000000
vt 0.135575 0.785739 0.000000
vt 0.109355 0.754747 0.000000
vt 0.145653 0.737998 0.000000
vt 0.067505 0.736856 0.000000
vt 0.051995 0.672748 0.000000
vt 0.068879 0.653793 0.000000
vt 0.030068 0.704306 0.000000
vt 0.085151 0.705337 0.000000
vt 0.043017 0.703935 0.000000
vt 0.065041 0.693574 0.000000
vt 0.028005 0.696416 0.000000
vt 0.043022 0.686038 0.000000
vt 0.078651 0.686810 0.000000
vt 0.152681 0.958755 0.000000
vt 0.115217 0.927440 0.000000
vt 0.063203 0.613194 0.000000
vt 0.063997 0.859766 0.000000
vt 0.256925 0.678925 0.000000
vt 0.256932 0.632788 0.000000
vt 0.223136 0.596712 0.000000
vt 0.314465 0.677640 0.000000
vt 0.314465 0.632677 0.000000
vt 0.343868 0.632677 0.000000
vt 0.346163 0.677640 0.000000
vt 0.077040 0.901089 0.000000
vt 0.086789 0.887512 0.000000
vt 0.377934 0.632677 0.000000
vt 0.373286 0.677640 0.000000
vt 0.259789 0.926348 0.000000
vt 0.218156 0.936662 0.000000
vt 0.228868 0.897641 0.000000
vt 0.266887 0.894452 0.000000
vt 0.324451 0.886232 0.000000
vt 0.343726 0.916097 0.000000
vt 0.292353 0.922306 0.000000
vt 0.350934 0.882327 0.000000
vt 0.188636 0.958755 0.000000
vt 0.321441 0.576132 0.000000
vt 0.351092 0.577571 0.000000
vt 0.370835 0.577867 0.000000
vt 0.311390 0.822918 0.000000
vt 0.266157 0.831304 0.000000
vt 0.265938 0.792694 0.000000
vt 0.300181 0.786887 0.000000
vt 0.236530 0.854995 0.000000
vt 0.262242 0.847252 0.000000
vt 0.288924 0.842446 0.000000
vt 0.291426 0.881666 0.000000
vt 0.369473 0.847921 0.000000
vt 0.200558 0.564917 0.000000
vt 0.261838 0.575981 0.000000
vt 0.260974 0.599558 0.000000
vt 0.229832 0.847771 0.000000
vt 0.239692 0.804797 0.000000
vt 0.341633 0.735357 0.000000
vt 0.340232 0.778295 0.000000
vt 0.287660 0.744575 0.000000
vt 0.121022 0.553780 0.000000
vt 0.108443 0.559877 0.000000
vt 0.108443 0.547193 0.000000
vt 0.124439 0.545292 0.000000
vt 0.087442 0.541625 0.000000
vt 0.108443 0.533887 0.000000
vt 0.093379 0.551142 0.000000
vt 0.093379 0.559877 0.000000
vt 0.127363 0.533667 0.000000
vt 0.729342 0.323216 0.000000
vt 0.292503 0.205577 0.000000
vt 0.302143 0.244782 0.000000
vt 0.364571 0.205577 0.000000
vt 0.367650 0.247741 0.000000
vt 0.095131 0.144044 0.000000
vt 0.096995 0.111572 0.000000
vt 0.069933 0.101927 0.000000
vt 0.258158 0.135895 0.000000
vt 0.278710 0.165024 0.000000
vt 0.293714 0.126559 0.000000
vt 0.224684 0.125028 0.000000
vt 0.245496 0.164560 0.000000
vt 0.183357 0.131565 0.000000
vt 0.220040 0.159669 0.000000
vt 0.184461 0.191953 0.000000
vt 0.182127 0.160993 0.000000
vt 0.133250 0.174923 0.000000
vt 0.134411 0.144553 0.000000
vt 0.142286 0.072198 0.000000
vt 0.138471 0.104560 0.000000
vt 0.188899 0.094030 0.000000
vt 0.236936 0.068360 0.000000
vt 0.186786 0.055198 0.000000
vt 0.150055 0.034561 0.000000
vt 0.100066 0.076279 0.000000
vt 0.102586 0.042711 0.000000
vt 0.070879 0.065159 0.000000
vt 0.079811 0.033590 0.000000
vt 0.057037 0.024470 0.000000
vt 0.041693 0.054040 0.000000
vt 0.270936 0.063003 0.000000
vt 0.233836 0.102104 0.000000
vt 0.271689 0.109483 0.000000
vt 0.297911 0.097009 0.000000
vt 0.338516 0.021669 0.000000
vt 0.104483 0.015165 0.000000
vt 0.151095 0.015165 0.000000
vt 0.337147 0.015164 0.000000
vt 0.028619 0.085512 0.000000
vt 0.228813 0.194964 0.000000
vt 0.272664 0.188788 0.000000
vt 0.936798 0.858977 0.000000
vt 0.897042 0.833673 0.000000
vt 0.936798 0.833673 0.000000
vt 0.891690 0.858977 0.000000
vt 0.891690 0.858977 0.000000
vt 0.862858 0.833673 0.000000
vt 0.852138 0.858977 0.000000
vt 0.897042 0.833673 0.000000
vt 0.879321 0.911870 0.000000
vt 0.822695 0.948319 0.000000
vt 0.876066 0.955228 0.000000
vt 0.936798 0.858977 0.000000
vt 0.877833 0.939868 0.000000
vt 0.985926 0.858977 0.000000
vt 0.936798 0.833673 0.000000
vt 0.985926 0.833673 0.000000
vt 0.874106 0.978350 0.000000
vt 0.924619 0.991079 0.000000
vt 0.825793 0.904490 0.000000
vt 0.822695 0.978350 0.000000
vt 0.874106 0.978350 0.000000
vt 0.897042 0.818505 0.000000
vt 0.936798 0.818505 0.000000
vt 0.897042 0.818505 0.000000
vt 0.862858 0.818505 0.000000
vt 0.924619 0.991079 0.000000
vt 0.874106 0.991079 0.000000
vt 0.936798 0.818505 0.000000
vt 0.985926 0.818505 0.000000
vt 0.822695 0.991079 0.000000
vt 0.874106 0.991079 0.000000
vt 0.988220 0.130969 0.000000
vt 0.992744 0.116271 0.000000
vt 0.982517 0.120476 0.000000
vt 0.983220 0.143669 0.000000
vt 0.578193 0.092842 0.000000
vt 0.731533 0.298298 0.000000
vt 0.465696 0.207399 0.000000
vt 0.438706 0.153040 0.000000
vt 0.482367 0.196117 0.000000
vt 0.799714 0.330508 0.000000
vt 0.449887 0.144710 0.000000
vt 0.548757 0.433227 0.000000
vt 0.520680 0.420568 0.000000
vt 0.564171 0.398853 0.000000
vt 0.580711 0.431597 0.000000
vt 0.540063 0.295953 0.000000
vt 0.477346 0.263092 0.000000
vt 0.548233 0.237846 0.000000
vt 0.532915 0.165253 0.000000
vt 0.519964 0.096621 0.000000
vt 0.557961 0.114155 0.000000
vt 0.531692 0.078923 0.000000
vt 0.545918 0.362082 0.000000
vt 0.482107 0.127381 0.000000
vt 0.498619 0.401374 0.000000
vt 0.477346 0.317688 0.000000
vt 0.486669 0.379713 0.000000
vt 0.536353 0.328050 0.000000
vt 0.686935 0.461988 0.000000
vt 0.781332 0.206033 0.000000
vt 0.772076 0.171924 0.000000
vt 0.827873 0.155744 0.000000
vt 0.716663 0.155744 0.000000
vt 0.717413 0.184726 0.000000
vt 0.848243 0.207579 0.000000
vt 0.786879 0.238594 0.000000
vt 0.768493 0.377324 0.000000
vt 0.776246 0.321413 0.000000
vt 0.716530 0.455937 0.000000
vt 0.717145 0.492948 0.000000
vt 0.686843 0.492948 0.000000
vt 0.665745 0.492948 0.000000
vt 0.717544 0.375114 0.000000
vt 0.691286 0.422456 0.000000
vt 0.823326 0.140597 0.000000
vt 0.770624 0.155744 0.000000
vt 0.860913 0.128045 0.000000
vt 0.834017 0.115229 0.000000
vt 0.835584 0.125108 0.000000
vt 0.811522 0.118932 0.000000
vt 0.819284 0.098177 0.000000
vt 0.918363 0.108853 0.000000
vt 0.939720 0.139097 0.000000
vt 0.924234 0.137470 0.000000
vt 0.802913 0.098813 0.000000
vt 0.891490 0.126537 0.000000
vt 0.766440 0.119109 0.000000
vt 0.781255 0.099993 0.000000
vt 0.766440 0.102881 0.000000
vt 0.860321 0.071065 0.000000
vt 0.795351 0.122082 0.000000
vt 0.780175 0.120487 0.000000
vt 0.815093 0.124157 0.000000
vt 0.777343 0.088451 0.000000
vt 0.836127 0.095895 0.000000
vt 0.757039 0.113955 0.000000
vt 0.979640 0.106025 0.000000
vt 0.797754 0.009007 0.000000
vt 0.772970 0.016194 0.000000
vt 0.639948 0.469256 0.000000
vt 0.175363 0.355435 0.000000
vt 0.270229 0.543807 0.000000
vt 0.308275 0.521628 0.000000
vt 0.264831 0.502233 0.000000
vt 0.487845 0.554963 0.000000
vt 0.401147 0.478528 0.000000
vt 0.409094 0.537942 0.000000
vt 0.439122 0.520981 0.000000
vt 0.319613 0.465459 0.000000
vt 0.363111 0.528052 0.000000
vt 0.416911 0.436485 0.000000
vt 0.395307 0.441999 0.000000
vt 0.426305 0.468399 0.000000
vt 0.238021 0.426507 0.000000
vt 0.214267 0.470578 0.000000
vt 0.413371 0.416463 0.000000
vt 0.388270 0.417718 0.000000
vt 0.441597 0.409694 0.000000
vt 0.471665 0.399067 0.000000
vt 0.456050 0.548230 0.000000
vt 0.362803 0.480280 0.000000
vt 0.375858 0.151333 0.000000
vt 0.348435 0.145054 0.000000
vt 0.381851 0.110308 0.000000
vt 0.046535 0.868607 0.000000
vt 0.188636 0.911280 0.000000
vt 0.146253 0.810242 0.000000
vt 0.073646 0.762498 0.000000
vt 0.094508 0.776094 0.000000
vt 0.078810 0.777118 0.000000
vt 0.083031 0.795392 0.000000
vt 0.060449 0.778056 0.000000
vt 0.065905 0.874393 0.000000
vt 0.063662 0.799860 0.000000
vt 0.116620 0.789151 0.000000
vt 0.036406 0.764633 0.000000
vt 0.033894 0.777761 0.000000
vt 0.019842 0.766806 0.000000
vt 0.021559 0.785745 0.000000
vt 0.029302 0.745677 0.000000
vt 0.019842 0.757994 0.000000
vt 0.161104 0.831539 0.000000
vt 0.188636 0.850804 0.000000
vt 0.096577 0.866862 0.000000
vt 0.054015 0.896924 0.000000
vt 0.107269 0.702970 0.000000
vt 0.183183 0.682490 0.000000
vt 0.209489 0.756471 0.000000
vt 0.160897 0.764182 0.000000
vt 0.226847 0.795013 0.000000
vt 0.099463 0.613194 0.000000
vt 0.141812 0.649183 0.000000
vt 0.098084 0.676787 0.000000
vt 0.254382 0.734090 0.000000
vt 0.302443 0.670188 0.000000
vt 0.349085 0.703036 0.000000
vt 0.295223 0.723084 0.000000
vt 0.290068 0.600656 0.000000
vt 0.308480 0.985275 0.000000
vt 0.253673 0.985275 0.000000
vt 0.213203 0.985275 0.000000
vt 0.358239 0.985275 0.000000
vt 0.261865 0.761337 0.000000
vt 0.356095 0.816496 0.000000
vt 0.322142 0.723062 0.000000
vt 0.056633 0.559877 0.000000
vt 0.755837 0.849884 0.000000
vt 0.729820 0.831981 0.000000
vt 0.719896 0.847855 0.000000
vt 0.737068 0.815385 0.000000
vt 0.722347 0.887547 0.000000
vt 0.752025 0.873676 0.000000
vt 0.816326 0.857745 0.000000
vt 0.779793 0.852914 0.000000
vt 0.794641 0.815966 0.000000
vt 0.647929 0.902707 0.000000
vt 0.628506 0.881499 0.000000
vt 0.649972 0.856164 0.000000
vt 0.765270 0.828240 0.000000
vt 0.755055 0.810244 0.000000
vt 0.773627 0.939210 0.000000
vt 0.806104 0.894293 0.000000
vt 0.799227 0.936619 0.000000
vt 0.788433 0.972186 0.000000
vt 0.724780 0.978499 0.000000
vt 0.692045 0.949727 0.000000
vt 0.721402 0.954452 0.000000
vt 0.759532 0.880134 0.000000
vt 0.754566 0.964944 0.000000
vt 0.775613 0.831481 0.000000
vt 0.783373 0.811374 0.000000
vt 0.770972 0.847588 0.000000
vt 0.714246 0.897495 0.000000
vt 0.676252 0.881446 0.000000
vt 0.684925 0.873287 0.000000
vt 0.739994 0.891301 0.000000
vt 0.750509 0.950742 0.000000
vt 0.693152 0.908279 0.000000
vt 0.759416 0.987764 0.000000
vt 0.740641 0.899433 0.000000
vt 0.669556 0.925390 0.000000
vt 0.673603 0.860392 0.000000
vt 0.658614 0.845708 0.000000
vt 0.979351 0.706097 0.000000
vt 0.979351 0.666741 0.000000
vt 0.935253 0.712533 0.000000
vt 0.823710 0.609435 0.000000
vt 0.865987 0.593632 0.000000
vt 0.823710 0.593632 0.000000
vt 0.865987 0.593632 0.000000
vt 0.865987 0.609433 0.000000
vt 0.913006 0.609433 0.000000
vt 0.942894 0.645110 0.000000
vt 0.946120 0.609433 0.000000
vt 0.811911 0.783478 0.000000
vt 0.801875 0.788905 0.000000
vt 0.801875 0.795748 0.000000
vt 0.811911 0.783478 0.000000
vt 0.979351 0.724011 0.000000
vt 0.935253 0.730454 0.000000
vt 0.891077 0.730454 0.000000
vt 0.842241 0.730454 0.000000
vt 0.891077 0.712533 0.000000
vt 0.842241 0.712533 0.000000
vt 0.891077 0.712533 0.000000
vt 0.891077 0.730454 0.000000
vt 0.935253 0.712533 0.000000
vt 0.939668 0.681241 0.000000
vt 0.946120 0.609433 0.000000
vt 0.979351 0.645110 0.000000
vt 0.942894 0.645110 0.000000
vt 0.979351 0.730454 0.000000
vt 0.935253 0.730454 0.000000
vt 0.842241 0.712533 0.000000
vt 0.848685 0.681241 0.000000
vt 0.913006 0.609433 0.000000
vt 0.905079 0.645110 0.000000
vt 0.865987 0.609433 0.000000
vt 0.913006 0.593632 0.000000
vt 0.979351 0.593632 0.000000
vt 0.946120 0.593632 0.000000
vt 0.913006 0.577630 0.000000
vt 0.946120 0.593632 0.000000
vt 0.913006 0.593632 0.000000
vt 0.979351 0.577630 0.000000
vt 0.946120 0.577630 0.000000
vt 0.806122 0.681241 0.000000
vt 0.801875 0.700208 0.000000
vt 0.939668 0.681241 0.000000
vt 0.897153 0.681241 0.000000
vt 0.897153 0.681241 0.000000
vt 0.857611 0.645110 0.000000
vt 0.848685 0.681241 0.000000
vt 0.816082 0.645110 0.000000
vt 0.905079 0.645110 0.000000
vt 0.857611 0.645110 0.000000
vt 0.979351 0.609433 0.000000
vt 0.823710 0.577630 0.000000
vt 0.865987 0.577630 0.000000
vt 0.865987 0.577630 0.000000
vt 0.913006 0.577630 0.000000
vt 0.832939 0.755782 0.000000
vt 0.824620 0.753216 0.000000
vt 0.824620 0.753216 0.000000
vt 0.801875 0.746778 0.000000
vt 0.832939 0.755782 0.000000
vt 0.852709 0.818092 0.000000
vt 0.826691 0.818092 0.000000
vt 0.841739 0.803038 0.000000
vt 0.841739 0.803038 0.000000
vt 0.826691 0.799059 0.000000
vt 0.841590 0.778757 0.000000
vt 0.841590 0.778757 0.000000
vt 0.814262 0.791121 0.000000
vt 0.814262 0.791121 0.000000
vt 0.842241 0.730454 0.000000
vt 0.852709 0.818092 0.000000
vt 0.836229 0.772464 0.000000
vt 0.711124 0.871409 0.000000
vt 0.824096 0.826510 0.000000
vt 0.946120 0.577630 0.000000
vt 0.021947 0.740460 0.000000
vt 0.722967 0.017467 0.000000
vt 0.728526 0.065228 0.000000
vt 0.721686 0.065228 0.000000
vt 0.707039 0.017467 0.000000
vt 0.737775 0.017467 0.000000
vt 0.737775 0.065228 0.000000
vt 0.754742 0.017467 0.000000
vt 0.747392 0.065228 0.000000
vt 0.737775 0.113426 0.000000
vt 0.722967 0.017467 0.000000
vt 0.728526 0.065228 0.000000
vt 0.737775 0.017467 0.000000
vt 0.737775 0.065228 0.000000
vt 0.656567 0.953452 0.000000
vt 0.664569 0.953452 0.000000
vt 0.664569 0.962319 0.000000
vt 0.656567 0.962319 0.000000
vt 0.664569 0.971754 0.000000
vt 0.656567 0.971754 0.000000
vt 0.664569 0.981055 0.000000
vt 0.656567 0.981055 0.000000
vt 0.664569 0.971754 0.000000
vt 0.656567 0.971754 0.000000
vt 0.664569 0.962319 0.000000
vt 0.656567 0.962319 0.000000
vt 0.513340 0.953452 0.000000
vt 0.656567 0.953452 0.000000
vt 0.656567 0.962319 0.000000
vt 0.513392 0.962319 0.000000
vt 0.656567 0.971754 0.000000
vt 0.513392 0.971754 0.000000
vt 0.656567 0.981055 0.000000
vt 0.513385 0.981055 0.000000
vt 0.656567 0.971754 0.000000
vt 0.513385 0.971754 0.000000
vt 0.656567 0.962319 0.000000
vt 0.513389 0.962319 0.000000
vt 0.960984 0.465300 0.000000
vt 0.963585 0.496176 0.000000
vt 0.956457 0.496176 0.000000
vt 0.949297 0.462544 0.000000
vt 0.989038 0.442003 0.000000
vt 0.989038 0.430124 0.000000
vt 0.961065 0.465300 0.000000
vt 0.949377 0.462544 0.000000
vt 0.956457 0.496176 0.000000
vt 0.963585 0.496176 0.000000
vt 0.960984 0.465300 0.000000
vt 0.963585 0.496176 0.000000
vt 0.989038 0.442003 0.000000
vt 0.961065 0.465300 0.000000
vt 0.963585 0.496176 0.000000
vt 0.930100 0.257232 0.000000
vt 0.906824 0.222883 0.000000
vt 0.911151 0.204571 0.000000
vt 0.974018 0.265486 0.000000
vt 0.930100 0.281152 0.000000
vt 0.967033 0.281152 0.000000
vt 0.933328 0.316096 0.000000
vt 0.971922 0.300495 0.000000
vt 0.898451 0.553414 0.000000
vt 0.919207 0.553414 0.000000
vt 0.932805 0.558012 0.000000
vt 0.874129 0.558012 0.000000
vt 0.898451 0.493302 0.000000
vt 0.886702 0.507748 0.000000
vt 0.910560 0.417524 0.000000
vt 0.902642 0.446583 0.000000
vt 0.876923 0.465737 0.000000
vt 0.897180 0.416025 0.000000
vt 0.903082 0.387913 0.000000
vt 0.884607 0.397820 0.000000
vt 0.903082 0.362684 0.000000
vt 0.881114 0.370513 0.000000
vt 0.891160 0.331271 0.000000
vt 0.858761 0.344606 0.000000
vt 0.891160 0.298340 0.000000
vt 0.872170 0.298340 0.000000
vt 0.891160 0.238335 0.000000
vt 0.872170 0.238335 0.000000
vt 0.868908 0.179698 0.000000
vt 0.855269 0.157659 0.000000
vt 0.946474 0.331271 0.000000
vt 0.935182 0.387913 0.000000
vt 0.930203 0.375044 0.000000
vt 0.983178 0.334092 0.000000
vt 0.962912 0.349373 0.000000
vt 0.966426 0.331271 0.000000
vt 0.983178 0.323775 0.000000
vt 0.930203 0.357878 0.000000
vt 0.966426 0.318983 0.000000
vt 0.980812 0.316397 0.000000
vt 0.961051 0.400806 0.000000
vt 0.940512 0.395574 0.000000
vt 0.962647 0.397214 0.000000
vt 0.959177 0.407721 0.000000
vt 0.920509 0.417238 0.000000
vt 0.931763 0.403571 0.000000
vt 0.917369 0.496539 0.000000
vt 0.917369 0.468111 0.000000
vt 0.939700 0.459584 0.000000
vt 0.939700 0.499346 0.000000
vt 0.930100 0.257232 0.000000
vt 0.974018 0.265486 0.000000
vt 0.911151 0.204571 0.000000
vt 0.906824 0.222883 0.000000
vt 0.930100 0.281152 0.000000
vt 0.967033 0.281152 0.000000
vt 0.933328 0.316096 0.000000
vt 0.971922 0.300495 0.000000
vt 0.898451 0.553414 0.000000
vt 0.874129 0.558012 0.000000
vt 0.932805 0.558012 0.000000
vt 0.919207 0.553414 0.000000
vt 0.898451 0.493302 0.000000
vt 0.886702 0.507748 0.000000
vt 0.910560 0.417524 0.000000
vt 0.897180 0.416025 0.000000
vt 0.876923 0.465737 0.000000
vt 0.902642 0.446583 0.000000
vt 0.903082 0.387913 0.000000
vt 0.884607 0.397820 0.000000
vt 0.903082 0.362684 0.000000
vt 0.881114 0.370513 0.000000
vt 0.891160 0.331271 0.000000
vt 0.858761 0.344606 0.000000
vt 0.891160 0.298340 0.000000
vt 0.872170 0.298340 0.000000
vt 0.891160 0.238335 0.000000
vt 0.872170 0.238335 0.000000
vt 0.868908 0.179698 0.000000
vt 0.855269 0.157659 0.000000
vt 0.946474 0.331271 0.000000
vt 0.935182 0.387913 0.000000
vt 0.930203 0.375044 0.000000
vt 0.983178 0.334092 0.000000
vt 0.983178 0.323775 0.000000
vt 0.966426 0.331271 0.000000
vt 0.962912 0.349373 0.000000
vt 0.930203 0.357878 0.000000
vt 0.980812 0.316397 0.000000
vt 0.966426 0.318983 0.000000
vt 0.961051 0.400806 0.000000
vt 0.962544 0.396898 0.000000
vt 0.940512 0.395574 0.000000
vt 0.931763 0.403571 0.000000
vt 0.920509 0.417238 0.000000
vt 0.959177 0.407721 0.000000
vt 0.917369 0.496539 0.000000
vt 0.939700 0.499346 0.000000
vt 0.939700 0.459584 0.000000
vt 0.917369 0.468111 0.000000
vt 0.503755 0.815722 0.000000
vt 0.505606 0.800592 0.000000
vt 0.484872 0.804439 0.000000
vt 0.484872 0.815722 0.000000
vt 0.511782 0.824528 0.000000
vt 0.515967 0.814362 0.000000
vt 0.512993 0.853634 0.000000
vt 0.522451 0.842316 0.000000
vt 0.509546 0.842316 0.000000
vt 0.491642 0.847918 0.000000
vt 0.524053 0.874017 0.000000
vt 0.554520 0.890528 0.000000
vt 0.549249 0.864107 0.000000
vt 0.538253 0.855501 0.000000
vt 0.512993 0.880933 0.000000
vt 0.546141 0.907680 0.000000
vt 0.491642 0.885566 0.000000
vt 0.515372 0.922558 0.000000
vt 0.460239 0.836046 0.000000
vt 0.441048 0.836046 0.000000
vt 0.431061 0.879865 0.000000
vt 0.460239 0.865471 0.000000
vt 0.471400 0.918503 0.000000
vt 0.489262 0.947029 0.000000
vt 0.441810 0.942185 0.000000
vt 0.439035 0.975277 0.000000
vt 0.422191 0.955500 0.000000
vt 0.404614 0.985470 0.000000
vt 0.422191 0.913002 0.000000
vt 0.422191 0.955500 0.000000
vt 0.447029 0.896373 0.000000
vt 0.503755 0.815722 0.000000
vt 0.484872 0.815722 0.000000
vt 0.511782 0.824528 0.000000
vt 0.512993 0.853634 0.000000
vt 0.491642 0.847918 0.000000
vt 0.509546 0.842316 0.000000
vt 0.524053 0.874017 0.000000
vt 0.538253 0.855501 0.000000
vt 0.549249 0.864107 0.000000
vt 0.512993 0.880933 0.000000
vt 0.491642 0.885566 0.000000
vt 0.460239 0.836046 0.000000
vt 0.460239 0.865471 0.000000
vt 0.471400 0.918503 0.000000
vt 0.441810 0.942185 0.000000
vt 0.422191 0.955500 0.000000
vt 0.447029 0.896373 0.000000
vt 0.422191 0.955500 0.000000
vt 0.450184 0.617072 0.000000
vt 0.450184 0.630211 0.000000
vt 0.416244 0.610798 0.000000
vt 0.423257 0.596922 0.000000
vt 0.450184 0.630211 0.000000
vt 0.472230 0.636541 0.000000
vt 0.456819 0.688533 0.000000
vt 0.429583 0.655952 0.000000
vt 0.405274 0.615979 0.000000
vt 0.416244 0.610798 0.000000
vt 0.406732 0.673768 0.000000
vt 0.392298 0.615979 0.000000
vt 0.416244 0.610798 0.000000
vt 0.450184 0.630211 0.000000
vt 0.450184 0.630211 0.000000
vt 0.429583 0.655952 0.000000
vt 0.456819 0.688533 0.000000
vt 0.472230 0.636541 0.000000
vt 0.416244 0.610798 0.000000
vt 0.405274 0.615979 0.000000
vt 0.685528 0.967089 0.000000
vt 0.989038 0.453478 0.000000
vt 0.972754 0.465300 0.000000
vt 0.972754 0.509527 0.000000
vt 0.972754 0.465300 0.000000
vt 0.972754 0.509527 0.000000
vt 0.920367 0.459565 0.000000
vt 0.920509 0.450348 0.000000
vt 0.919207 0.517851 0.000000
vt 0.968430 0.521751 0.000000
vt 0.908502 0.461578 0.000000
vt 0.905280 0.475822 0.000000
vt 0.995575 0.311205 0.000000
vt 0.974137 0.398982 0.000000
vt 0.962509 0.396793 0.000000
vt 0.920509 0.450348 0.000000
vt 0.920367 0.459565 0.000000
vt 0.919207 0.517851 0.000000
vt 0.968430 0.521751 0.000000
vt 0.905280 0.475822 0.000000
vt 0.908502 0.461578 0.000000
vt 0.995575 0.311205 0.000000
vt 0.974137 0.398982 0.000000
vt 0.447029 0.896373 0.000000
vt 0.448823 0.782359 0.000000
vt 0.544087 0.824528 0.000000
vt 0.561432 0.830465 0.000000
vt 0.540660 0.836903 0.000000
vt 0.533135 0.845666 0.000000
vt 0.407444 0.802353 0.000000
vt 0.441048 0.836046 0.000000
vt 0.460239 0.836046 0.000000
vt 0.460239 0.865471 0.000000
vt 0.451300 0.811811 0.000000
vt 0.554520 0.890528 0.000000
vt 0.559084 0.866151 0.000000
vt 0.549249 0.864107 0.000000
vt 0.561432 0.849407 0.000000
vt 0.561432 0.830465 0.000000
vt 0.407444 0.802353 0.000000
vt 0.448823 0.782359 0.000000
vt 0.407444 0.802353 0.000000
vt 0.404614 0.985470 0.000000
vt 0.447029 0.896373 0.000000
vt 0.544087 0.824528 0.000000
vt 0.561432 0.830465 0.000000
vt 0.533135 0.845666 0.000000
vt 0.540660 0.836903 0.000000
vt 0.407444 0.802353 0.000000
vt 0.460239 0.836046 0.000000
vt 0.460239 0.865471 0.000000
vt 0.451300 0.811811 0.000000
vt 0.549249 0.864107 0.000000
vt 0.561432 0.849407 0.000000
vt 0.561432 0.830465 0.000000
vt 0.407444 0.802353 0.000000
vt 0.529067 0.588407 0.000000
vt 0.511462 0.614025 0.000000
vt 0.481037 0.617072 0.000000
vt 0.493527 0.624648 0.000000
vt 0.383918 0.557420 0.000000
vt 0.430621 0.724680 0.000000
vt 0.452997 0.756632 0.000000
vt 0.478645 0.741314 0.000000
vt 0.468214 0.766073 0.000000
vt 0.496060 0.708830 0.000000
vt 0.484763 0.680028 0.000000
vt 0.507668 0.683673 0.000000
vt 0.520668 0.698477 0.000000
vt 0.520668 0.677233 0.000000
vt 0.498844 0.659436 0.000000
vt 0.537965 0.647928 0.000000
vt 0.583174 0.647928 0.000000
vt 0.545313 0.630647 0.000000
vt 0.511521 0.634264 0.000000
vt 0.535438 0.609228 0.000000
vt 0.576311 0.592946 0.000000
vt 0.474900 0.703576 0.000000
vt 0.496060 0.743745 0.000000
vt 0.383918 0.557420 0.000000
vt 0.481037 0.617072 0.000000
vt 0.511462 0.614025 0.000000
vt 0.493527 0.624648 0.000000
vt 0.478645 0.741314 0.000000
vt 0.496060 0.708830 0.000000
vt 0.507668 0.683673 0.000000
vt 0.484763 0.680028 0.000000
vt 0.520668 0.698477 0.000000
vt 0.520668 0.677233 0.000000
vt 0.537965 0.647928 0.000000
vt 0.498844 0.659436 0.000000
vt 0.583174 0.647928 0.000000
vt 0.545313 0.630647 0.000000
vt 0.535438 0.609228 0.000000
vt 0.511521 0.634264 0.000000
vt 0.576311 0.592946 0.000000
vt 0.474900 0.703576 0.000000
vt 0.496060 0.743745 0.000000
vt 0.503755 0.815722 0.000000
vt 0.505606 0.800592 0.000000
vt 0.484872 0.804439 0.000000
vt 0.484872 0.815722 0.000000
vt 0.511782 0.824528 0.000000
vt 0.515967 0.814362 0.000000
vt 0.512993 0.853634 0.000000
vt 0.522451 0.842316 0.000000
vt 0.509546 0.842316 0.000000
vt 0.491642 0.847918 0.000000
vt 0.524053 0.874017 0.000000
vt 0.554520 0.890528 0.000000
vt 0.549249 0.864107 0.000000
vt 0.538253 0.855501 0.000000
vt 0.512993 0.880933 0.000000
vt 0.546141 0.907680 0.000000
vt 0.491642 0.885566 0.000000
vt 0.515372 0.922558 0.000000
vt 0.431061 0.879865 0.000000
vt 0.422191 0.913002 0.000000
vt 0.447029 0.896373 0.000000
vt 0.460239 0.836046 0.000000
vt 0.441048 0.836046 0.000000
vt 0.460239 0.865471 0.000000
vt 0.431061 0.836046 0.000000
vt 0.471400 0.918503 0.000000
vt 0.489262 0.947029 0.000000
vt 0.441810 0.942185 0.000000
vt 0.439035 0.975277 0.000000
vt 0.422191 0.955500 0.000000
vt 0.404614 0.985470 0.000000
vt 0.422191 0.955500 0.000000
vt 0.503755 0.815722 0.000000
vt 0.484872 0.815722 0.000000
vt 0.484872 0.804439 0.000000
vt 0.505606 0.800592 0.000000
vt 0.511782 0.824528 0.000000
vt 0.515967 0.814362 0.000000
vt 0.512993 0.853634 0.000000
vt 0.491642 0.847918 0.000000
vt 0.509546 0.842316 0.000000
vt 0.522451 0.842316 0.000000
vt 0.524053 0.874017 0.000000
vt 0.538253 0.855501 0.000000
vt 0.549249 0.864107 0.000000
vt 0.512993 0.880933 0.000000
vt 0.491642 0.885566 0.000000
vt 0.460239 0.836046 0.000000
vt 0.460239 0.865471 0.000000
vt 0.441048 0.836046 0.000000
vt 0.471400 0.918503 0.000000
vt 0.441810 0.942185 0.000000
vt 0.422191 0.955500 0.000000
vt 0.447029 0.896373 0.000000
vt 0.422191 0.955500 0.000000
vt 0.447029 0.896373 0.000000
vt 0.448823 0.782359 0.000000
vt 0.544087 0.824528 0.000000
vt 0.561432 0.830465 0.000000
vt 0.540660 0.836903 0.000000
vt 0.533135 0.845666 0.000000
vt 0.407444 0.802353 0.000000
vt 0.441048 0.836046 0.000000
vt 0.460239 0.836046 0.000000
vt 0.460239 0.865471 0.000000
vt 0.451300 0.811811 0.000000
vt 0.554520 0.890528 0.000000
vt 0.559084 0.866151 0.000000
vt 0.549249 0.864107 0.000000
vt 0.561432 0.849407 0.000000
vt 0.561432 0.830465 0.000000
vt 0.407444 0.802353 0.000000
vt 0.448823 0.782359 0.000000
vt 0.407444 0.802353 0.000000
vt 0.404614 0.985470 0.000000
vt 0.447029 0.896373 0.000000
vt 0.448823 0.782359 0.000000
vt 0.544087 0.824528 0.000000
vt 0.561432 0.830465 0.000000
vt 0.533135 0.845666 0.000000
vt 0.540660 0.836903 0.000000
vt 0.407444 0.802353 0.000000
vt 0.460239 0.836046 0.000000
vt 0.441048 0.836046 0.000000
vt 0.460239 0.865471 0.000000
vt 0.451300 0.811811 0.000000
vt 0.549249 0.864107 0.000000
vt 0.559084 0.866151 0.000000
vt 0.561432 0.849407 0.000000
vt 0.561432 0.830465 0.000000
vt 0.407444 0.802353 0.000000
vt 0.407444 0.802353 0.000000
vt 0.448823 0.782359 0.000000
vt 0.042327 0.960769 0.000000
vt 0.016489 0.934490 0.000000
vt 0.049284 0.954583 0.000000
vt 0.075711 0.979984 0.000000
vt 0.058257 0.972444 0.000000
vt 0.062368 0.965962 0.000000
vt 0.078577 0.975104 0.000000
vt 0.108121 0.985782 0.000000
vt 0.035711 0.926413 0.000000
vt 0.060396 0.015165 0.000000
usemtl Material_20
f 2689/2689 2690/2690 2691/2691
f 2692/2692 2693/2693 2694/2694
f 2695/2695 2696/2696 2697/2697
f 2698/2698 2699/2699 2700/2700
f 2700/2700 2701/2701 2698/2698
f 2702/2702 2703/2703 2704/2704
f 2705/2705 2699/2699 2706/2706
f 2707/2707 2708/2708 2709/2709
f 2710/2710 2711/2711 2712/2712
f 2711/2711 2713/2713 2712/2712
f 2714/2714 2706/2706 2715/2715
f 2705/2705 2706/2706 2716/2716
f 2706/2706 2714/2714 2716/2716
f 2717/2717 2698/2698 2701/2701
f 2717/2717 2706/2706 2698/2698
f 2715/2715 2706/2706 2717/2717
f 2708/2708 2702/2702 2718/2718
f 2710/2710 2712/2712 2707/2707
f 2708/2708 2707/2707 2712/2712
f 2702/2702 2708/2708 2703/2703
f 2701/2701 2700/2700 2718/2718
f 2712/2712 2719/2719 2708/2708
f 2708/2708 2718/2718 2709/2709
f 2701/2701 2718/2718 2702/2702
f 2706/2706 2699/2699 2698/2698
f 2712/2712 2713/2713 2719/2719
f 2708/2708 2719/2719 2703/2703
f 2704/2704 2701/2701 2702/2702
f 2720/2720 2701/2701 2704/2704
f 2721/2721 2722/2722 2723/2723
f 2704/2704 2724/2724 2720/2720
f 2722/2722 2704/2704 2723/2723
f 2725/2725 2720/2720 2724/2724
f 2726/2726 2725/2725 2724/2724
f 2727/2727 2728/2728 2729/2729
f 2730/2730 2731/2731 2729/2729
f 2731/2731 2732/2732 2733/2733
f 2695/2695 2733/2733 2696/2696
f 2731/2731 2733/2733 2734/2734
f 2729/2729 2728/2728 2730/2730
f 2729/2729 2731/2731 2734/2734
f 2704/2704 2722/2722 2724/2724
f 2724/2724 2722/2722 2721/2721
f 2721/2721 2726/2726 2724/2724
f 2695/2695 2697/2697 2735/2735
f 2701/2701 2720/2720 2717/2717
f 2736/2736 2697/2697 2696/2696
f 2737/2737 2738/2738 2739/2739
f 2739/2739 2740/2740 2737/2737
f 2741/2741 2742/2742 2743/2743
f 2744/2744 2745/2745 2740/2740
f 2746/2746 2747/2747 2748/2748
f 2710/2710 2749/2749 2750/2750
f 2750/2750 2749/2749 2751/2751
f 2714/2714 2715/2715 2745/2745
f 2744/2744 2716/2716 2745/2745
f 2745/2745 2716/2716 2714/2714
f 2752/2752 2738/2738 2737/2737
f 2752/2752 2737/2737 2745/2745
f 2715/2715 2752/2752 2745/2745
f 2748/2748 2753/2753 2741/2741
f 2710/2710 2746/2746 2749/2749
f 2748/2748 2749/2749 2746/2746
f 2741/2741 2743/2743 2748/2748
f 2738/2738 2753/2753 2739/2739
f 2749/2749 2748/2748 2754/2754
f 2748/2748 2747/2747 2753/2753
f 2738/2738 2741/2741 2753/2753
f 2745/2745 2737/2737 2740/2740
f 2749/2749 2754/2754 2751/2751
f 2748/2748 2743/2743 2754/2754
f 2742/2742 2741/2741 2738/2738
f 2755/2755 2742/2742 2738/2738
f 2756/2756 2757/2757 2758/2758
f 2742/2742 2755/2755 2759/2759
f 2758/2758 2757/2757 2742/2742
f 2760/2760 2759/2759 2755/2755
f 2761/2761 2759/2759 2760/2760
f 2762/2762 2763/2763 2764/2764
f 2765/2765 2763/2763 2766/2766
f 2766/2766 2733/2733 2732/2732
f 2736/2736 2696/2696 2733/2733
f 2766/2766 2767/2767 2733/2733
f 2763/2763 2765/2765 2764/2764
f 2763/2763 2767/2767 2766/2766
f 2742/2742 2759/2759 2758/2758
f 2759/2759 2761/2761 2756/2756
f 2756/2756 2758/2758 2759/2759
f 2736/2736 2768/2768 2697/2697
f 2738/2738 2752/2752 2755/2755
f 2769/2769 2770/2770 2771/2771
f 2771/2771 2772/2772 2769/2769
f 2773/2773 2769/2769 2772/2772
f 2772/2772 2774/2774 2773/2773
f 2775/2775 2776/2776 2777/2777
f 2777/2777 2778/2778 2775/2775
f 2779/2779 2780/2780 2781/2781
f 2781/2781 2782/2782 2779/2779
f 2783/2783 2779/2779 2782/2782
f 2782/2782 2784/2784 2783/2783
f 2785/2785 2783/2783 2784/2784
f 2784/2784 2786/2786 2785/2785
f 2787/2787 2788/2788 2789/2789
f 2790/2790 2791/2791 2787/2787
f 2787/2787 2792/2792 2790/2790
f 2775/2775 2783/2783 2785/2785
f 2785/2785 2776/2776 2775/2775
f 2787/2787 2793/2793 2792/2792
f 2794/2794 2786/2786 2795/2795
f 2794/2794 2785/2785 2786/2786
f 2796/2796 2794/2794 2795/2795
f 2795/2795 2797/2797 2796/2796
f 2798/2798 2796/2796 2797/2797
f 2797/2797 2799/2799 2798/2798
f 2789/2789 2788/2788 2800/2800
f 2801/2801 2802/2802 2803/2803
f 2803/2803 2804/2804 2801/2801
f 2805/2805 2806/2806 2802/2802
f 2802/2802 2801/2801 2805/2805
f 2807/2807 2808/2808 2809/2809
f 2809/2809 2810/2810 2807/2807
f 2811/2811 2782/2782 2812/2812
f 2812/2812 2813/2813 2811/2811
f 2814/2814 2784/2784 2782/2782
f 2782/2782 2811/2811 2814/2814
f 2815/2815 2786/2786 2784/2784
f 2784/2784 2814/2814 2815/2815
f 2816/2816 2817/2817 2787/2787
f 2787/2787 2818/2818 2816/2816
f 2807/2807 2810/2810 2815/2815
f 2815/2815 2814/2814 2807/2807
f 2793/2793 2787/2787 2817/2817
f 2786/2786 2819/2819 2795/2795
f 2786/2786 2815/2815 2819/2819
f 2820/2820 2797/2797 2795/2795
f 2795/2795 2819/2819 2820/2820
f 2821/2821 2799/2799 2797/2797
f 2797/2797 2820/2820 2821/2821
f 2789/2789 2822/2822 2823/2823
f 2796/2796 2824/2824 2794/2794
f 2771/2771 2770/2770 2825/2825
f 2826/2826 2773/2773 2774/2774
f 2827/2827 2828/2828 2829/2829
f 2781/2781 2780/2780 2827/2827
f 2830/2830 2831/2831 2832/2832
f 2796/2796 2798/2798 2824/2824
f 2831/2831 2770/2770 2776/2776
f 2833/2833 2831/2831 2776/2776
f 2833/2833 2776/2776 2785/2785
f 2824/2824 2833/2833 2785/2785
f 2824/2824 2785/2785 2794/2794
f 2775/2775 2828/2828 2780/2780
f 2775/2775 2780/2780 2779/2779
f 2775/2775 2779/2779 2783/2783
f 2825/2825 2770/2770 2834/2834
f 2831/2831 2834/2834 2770/2770
f 2770/2770 2769/2769 2776/2776
f 2773/2773 2826/2826 2776/2776
f 2776/2776 2769/2769 2773/2773
f 2777/2777 2776/2776 2826/2826
f 2831/2831 2830/2830 2834/2834
f 2834/2834 2830/2830 2825/2825
f 2828/2828 2775/2775 2778/2778
f 2780/2780 2828/2828 2827/2827
f 2835/2835 2836/2836 2837/2837
f 2828/2828 2778/2778 2829/2829
f 2838/2838 2836/2836 2839/2839
f 2836/2836 2838/2838 2837/2837
f 2840/2840 2841/2841 2842/2842
f 2787/2787 2791/2791 2788/2788
f 2789/2789 2800/2800 2843/2843
f 2820/2820 2819/2819 2844/2844
f 2803/2803 2845/2845 2804/2804
f 2846/2846 2806/2806 2805/2805
f 2847/2847 2848/2848 2849/2849
f 2812/2812 2847/2847 2813/2813
f 2850/2850 2851/2851 2852/2852
f 2820/2820 2844/2844 2821/2821
f 2852/2852 2810/2810 2804/2804
f 2853/2853 2810/2810 2852/2852
f 2853/2853 2815/2815 2810/2810
f 2844/2844 2815/2815 2853/2853
f 2844/2844 2819/2819 2815/2815
f 2807/2807 2813/2813 2849/2849
f 2807/2807 2811/2811 2813/2813
f 2807/2807 2814/2814 2811/2811
f 2845/2845 2854/2854 2804/2804
f 2852/2852 2804/2804 2854/2854
f 2804/2804 2810/2810 2801/2801
f 2805/2805 2810/2810 2846/2846
f 2810/2810 2805/2805 2801/2801
f 2809/2809 2846/2846 2810/2810
f 2852/2852 2854/2854 2850/2850
f 2854/2854 2845/2845 2850/2850
f 2849/2849 2808/2808 2807/2807
f 2813/2813 2847/2847 2849/2849
f 2835/2835 2855/2855 2856/2856
f 2849/2849 2848/2848 2808/2808
f 2857/2857 2858/2858 2856/2856
f 2856/2856 2855/2855 2857/2857
f 2859/2859 2860/2860 2861/2861
f 2787/2787 2823/2823 2818/2818
f 2789/2789 2843/2843 2822/2822
f 2787/2787 2789/2789 2823/2823
f 2862/2862 2863/2863 2864/2864
f 2864/2864 2865/2865 2862/2862
f 2866/2866 2862/2862 2865/2865
f 2865/2865 2867/2867 2866/2866
f 2868/2868 2866/2866 2867/2867
f 2867/2867 2869/2869 2868/2868
f 2869/2869 2867/2867 2870/2870
f 2871/2871 2872/2872 2864/2864
f 2864/2864 2863/2863 2871/2871
f 2873/2873 2874/2874 2872/2872
f 2872/2872 2871/2871 2873/2873
f 2868/2868 2869/2869 2874/2874
f 2874/2874 2873/2873 2868/2868
f 2870/2870 2874/2874 2869/2869
f 2865/2865 2864/2864 2870/2870
f 2867/2867 2865/2865 2870/2870
f 2872/2872 2870/2870 2864/2864
f 2874/2874 2870/2870 2872/2872
f 2875/2875 2876/2876 2877/2877
f 2877/2877 2878/2878 2875/2875
f 2875/2875 2879/2879 2880/2880
f 2880/2880 2876/2876 2875/2875
f 2881/2881 2882/2882 2883/2883
f 2883/2883 2884/2884 2881/2881
f 2879/2879 2885/2885 2886/2886
f 2886/2886 2880/2880 2879/2879
f 2875/2875 2878/2878 2887/2887
f 2887/2887 2888/2888 2875/2875
f 2875/2875 2888/2888 2889/2889
f 2889/2889 2879/2879 2875/2875
f 2890/2890 2891/2891 2892/2892
f 2892/2892 2882/2882 2890/2890
f 2879/2879 2889/2889 2893/2893
f 2893/2893 2885/2885 2879/2879
f 2894/2894 2895/2895 2896/2896
f 2896/2896 2897/2897 2894/2894
f 2898/2898 2899/2899 2895/2895
f 2895/2895 2894/2894 2898/2898
f 2900/2900 2901/2901 2896/2896
f 2899/2899 2900/2900 2895/2895
f 2897/2897 2896/2896 2901/2901
f 2901/2901 2902/2902 2897/2897
f 2903/2903 2904/2904 2905/2905
f 2905/2905 2906/2906 2903/2903
f 2898/2898 2903/2903 2906/2906
f 2906/2906 2899/2899 2898/2898
f 2901/2901 2900/2900 2905/2905
f 2900/2900 2899/2899 2906/2906
f 2904/2904 2902/2902 2901/2901
f 2901/2901 2905/2905 2904/2904
f 2907/2907 2908/2908 2909/2909
f 2909/2909 2910/2910 2907/2907
f 2911/2911 2912/2912 2908/2908
f 2908/2908 2907/2907 2911/2911
f 2913/2913 2914/2914 2909/2909
f 2912/2912 2913/2913 2908/2908
f 2910/2910 2909/2909 2914/2914
f 2914/2914 2915/2915 2910/2910
f 2916/2916 2917/2917 2918/2918
f 2918/2918 2919/2919 2916/2916
f 2911/2911 2916/2916 2919/2919
f 2919/2919 2912/2912 2911/2911
f 2914/2914 2913/2913 2918/2918
f 2913/2913 2912/2912 2919/2919
f 2917/2917 2915/2915 2914/2914
f 2914/2914 2918/2918 2917/2917
f 2920/2920 2921/2921 2922/2922
f 2922/2922 2923/2923 2920/2920
f 2924/2924 2922/2922 2921/2921
f 2921/2921 2925/2925 2924/2924
f 2926/2926 2927/2927 2928/2928
f 2928/2928 2929/2929 2926/2926
f 2930/2930 2931/2931 2932/2932
f 2932/2932 2924/2924 2930/2930
f 2931/2931 2930/2930 2933/2933
f 2933/2933 2934/2934 2931/2931
f 2935/2935 2931/2931 2934/2934
f 2934/2934 2936/2936 2935/2935
f 2937/2937 2938/2938 2939/2939
f 2939/2939 2940/2940 2937/2937
f 2941/2941 2942/2942 2940/2940
f 2940/2940 2939/2939 2941/2941
f 2926/2926 2943/2943 2944/2944
f 2944/2944 2927/2927 2926/2926
f 2945/2945 2941/2941 2946/2946
f 2946/2946 2947/2947 2945/2945
f 2947/2947 2948/2948 2949/2949
f 2949/2949 2945/2945 2947/2947
f 2935/2935 2936/2936 2948/2948
f 2948/2948 2947/2947 2935/2935
f 2950/2950 2951/2951 2952/2952
f 2952/2952 2953/2953 2950/2950
f 2954/2954 2955/2955 2953/2953
f 2953/2953 2952/2952 2954/2954
f 2956/2956 2957/2957 2958/2958
f 2958/2958 2959/2959 2956/2956
f 2960/2960 2954/2954 2961/2961
f 2961/2961 2962/2962 2960/2960
f 2962/2962 2963/2963 2964/2964
f 2964/2964 2960/2960 2962/2962
f 2965/2965 2966/2966 2963/2963
f 2963/2963 2962/2962 2965/2965
f 2967/2967 2968/2968 2969/2969
f 2969/2969 2970/2970 2967/2967
f 2971/2971 2969/2969 2968/2968
f 2968/2968 2972/2972 2971/2971
f 2956/2956 2959/2959 2973/2973
f 2973/2973 2974/2974 2956/2956
f 2975/2975 2976/2976 2977/2977
f 2977/2977 2971/2971 2975/2975
f 2976/2976 2975/2975 2978/2978
f 2978/2978 2979/2979 2976/2976
f 2965/2965 2976/2976 2979/2979
f 2979/2979 2966/2966 2965/2965
f 2883/2883 2882/2882 2877/2877
f 2877/2877 2882/2882 2878/2878
f 2881/2881 2980/2980 2882/2882
f 2892/2892 2887/2887 2882/2882
f 2887/2887 2878/2878 2882/2882
f 2890/2890 2882/2882 2980/2980
f 2895/2895 2900/2900 2896/2896
f 2906/2906 2905/2905 2900/2900
f 2908/2908 2913/2913 2909/2909
f 2919/2919 2918/2918 2913/2913
f 2925/2925 2930/2930 2924/2924
f 2981/2981 2936/2936 2934/2934
f 2935/2935 2982/2982 2932/2932
f 2983/2983 2984/2984 2982/2982
f 2985/2985 2984/2984 2983/2983
f 2986/2986 2987/2987 2988/2988
f 2989/2989 2990/2990 2987/2987
f 2990/2990 2991/2991 2992/2992
f 2993/2993 2994/2994 2991/2991
f 2994/2994 2995/2995 2996/2996
f 2997/2997 2920/2920 2995/2995
f 2932/2932 2988/2988 2924/2924
f 2992/2992 2991/2991 2996/2996
f 2996/2996 2995/2995 2923/2923
f 2992/2992 2996/2996 2922/2922
f 2996/2996 2923/2923 2922/2922
f 2932/2932 2984/2984 2998/2998
f 2932/2932 2998/2998 2988/2988
f 2988/2988 2992/2992 2924/2924
f 2986/2986 2988/2988 2998/2998
f 2999/2999 2998/2998 2984/2984
f 2984/2984 2985/2985 2999/2999
f 2992/2992 2922/2922 2924/2924
f 2999/2999 2986/2986 2998/2998
f 2932/2932 2931/2931 2935/2935
f 2984/2984 2932/2932 2982/2982
f 2994/2994 2997/2997 2995/2995
f 2920/2920 2923/2923 2995/2995
f 2990/2990 2993/2993 2991/2991
f 2994/2994 2996/2996 2991/2991
f 2988/2988 2987/2987 2992/2992
f 2986/2986 2989/2989 2987/2987
f 2990/2990 2992/2992 2987/2987
f 2927/2927 3000/3000 2928/2928
f 2933/2933 2981/2981 2934/2934
f 3001/3001 2926/2926 2929/2929
f 2942/2942 2941/2941 2945/2945
f 2981/2981 2948/2948 2936/2936
f 2935/2935 2946/2946 2982/2982
f 2983/2983 2982/2982 3002/3002
f 2985/2985 2983/2983 3002/3002
f 3003/3003 3004/3004 3005/3005
f 3006/3006 3005/3005 3007/3007
f 3007/3007 3008/3008 3009/3009
f 3010/3010 3009/3009 3011/3011
f 3011/3011 3012/3012 3013/3013
f 3014/3014 3013/3013 2937/2937
f 2946/2946 2941/2941 3004/3004
f 3008/3008 3012/3012 3009/3009
f 3012/3012 2938/2938 3013/3013
f 3008/3008 2939/2939 3012/3012
f 3012/3012 2939/2939 2938/2938
f 2946/2946 3015/3015 3002/3002
f 2946/2946 3004/3004 3015/3015
f 3004/3004 2941/2941 3008/3008
f 3003/3003 3015/3015 3004/3004
f 3016/3016 3002/3002 3015/3015
f 3002/3002 3016/3016 2985/2985
f 3008/3008 2941/2941 2939/2939
f 3016/3016 3015/3015 3003/3003
f 2946/2946 2935/2935 2947/2947
f 3002/3002 2982/2982 2946/2946
f 3011/3011 3013/3013 3014/3014
f 2937/2937 3013/3013 2938/2938
f 3007/3007 3009/3009 3010/3010
f 3011/3011 3009/3009 3012/3012
f 3004/3004 3008/3008 3005/3005
f 3003/3003 3005/3005 3006/3006
f 3007/3007 3005/3005 3008/3008
f 2927/2927 2944/2944 3000/3000
f 2949/2949 2948/2948 2981/2981
f 3017/3017 2943/2943 2926/2926
f 2955/2955 2954/2954 2960/2960
f 3018/3018 2963/2963 2966/2966
f 2965/2965 2961/2961 3019/3019
f 3020/3020 3019/3019 3021/3021
f 3022/3022 3020/3020 3021/3021
f 3023/3023 3024/3024 3025/3025
f 3026/3026 3025/3025 3027/3027
f 3027/3027 3028/3028 3029/3029
f 3030/3030 3029/3029 3031/3031
f 3031/3031 3032/3032 3033/3033
f 3034/3034 3033/3033 2950/2950
f 2961/2961 2954/2954 3024/3024
f 3028/3028 3032/3032 3029/3029
f 3032/3032 2951/2951 3033/3033
f 3028/3028 2952/2952 3032/3032
f 3032/3032 2952/2952 2951/2951
f 2961/2961 3035/3035 3021/3021
f 2961/2961 3024/3024 3035/3035
f 3024/3024 2954/2954 3028/3028
f 3023/3023 3035/3035 3024/3024
f 3036/3036 3021/3021 3035/3035
f 3021/3021 3036/3036 3022/3022
f 3028/3028 2954/2954 2952/2952
f 3036/3036 3035/3035 3023/3023
f 2961/2961 2965/2965 2962/2962
f 3021/3021 3019/3019 2961/2961
f 3031/3031 3033/3033 3034/3034
f 2950/2950 3033/3033 2951/2951
f 3027/3027 3029/3029 3030/3030
f 3031/3031 3029/3029 3032/3032
f 3024/3024 3028/3028 3025/3025
f 3023/3023 3025/3025 3026/3026
f 3027/3027 3025/3025 3028/3028
f 2959/2959 2958/2958 3037/3037
f 2964/2964 2963/2963 3018/3018
f 3038/3038 2957/2957 2956/2956
f 2972/2972 2975/2975 2971/2971
f 3018/3018 2966/2966 2979/2979
f 2965/2965 3019/3019 2977/2977
f 3020/3020 3039/3039 3019/3019
f 3022/3022 3039/3039 3020/3020
f 3040/3040 3041/3041 3042/3042
f 3043/3043 3044/3044 3041/3041
f 3044/3044 3045/3045 3046/3046
f 3047/3047 3048/3048 3045/3045
f 3048/3048 3049/3049 3050/3050
f 3051/3051 2967/2967 3049/3049
f 2977/2977 3042/3042 2971/2971
f 3046/3046 3045/3045 3050/3050
f 3050/3050 3049/3049 2970/2970
f 3046/3046 3050/3050 2969/2969
f 3050/3050 2970/2970 2969/2969
f 2977/2977 3039/3039 3052/3052
f 2977/2977 3052/3052 3042/3042
f 3042/3042 3046/3046 2971/2971
f 3040/3040 3042/3042 3052/3052
f 3053/3053 3052/3052 3039/3039
f 3039/3039 3022/3022 3053/3053
f 3046/3046 2969/2969 2971/2971
f 3053/3053 3040/3040 3052/3052
f 2977/2977 2976/2976 2965/2965
f 3039/3039 2977/2977 3019/3019
f 3048/3048 3051/3051 3049/3049
f 2967/2967 2970/2970 3049/3049
f 3044/3044 3047/3047 3045/3045
f 3048/3048 3050/3050 3045/3045
f 3042/3042 3041/3041 3046/3046
f 3040/3040 3043/3043 3041/3041
f 3044/3044 3046/3046 3041/3041
f 2959/2959 3037/3037 2973/2973
f 2978/2978 3018/3018 2979/2979
f 3054/3054 2956/2956 2974/2974
f 3055/3055 3056/3056 3057/3057
f 3058/3058 3059/3059 3060/3060
f 3058/3058 3060/3060 3061/3061
f 3056/3056 3060/3060 3059/3059
f 3056/3056 3059/3059 3057/3057
f 3062/3062 3063/3063 3064/3064
f 3065/3065 3066/3066 3067/3067
f 3065/3065 3068/3068 3066/3066
f 3064/3064 3067/3067 3066/3066
f 3064/3064 3063/3063 3067/3067
f 3069/3069 3070/3070 3071/3071
f 3072/3072 3073/3073 3074/3074
f 3074/3074 3073/3073 3075/3075
f 3076/3076 3077/3077 3078/3078
f 3078/3078 3079/3079 3080/3080
f 3081/3081 3082/3082 3083/3083
f 3084/3084 3082/3082 3081/3081
f 3077/3077 3085/3085 3086/3086
f 3086/3086 3085/3085 3079/3079
f 3087/3087 3088/3088 3089/3089
f 3090/3090 3091/3091 3092/3092
f 3092/3092 3091/3091 3093/3093
f 3094/3094 3095/3095 3096/3096
f 3096/3096 3097/3097 3098/3098
f 3099/3099 3100/3100 3101/3101
f 3095/3095 3102/3102 3103/3103
f 3103/3103 3102/3102 3097/3097
f 3104/3104 3105/3105 3106/3106
f 3107/3107 3108/3108 3109/3109
f 3109/3109 3108/3108 3110/3110
f 3111/3111 3112/3112 3113/3113
f 3113/3113 3114/3114 3115/3115
f 3105/3105 3116/3116 3106/3106
f 3117/3117 3118/3118 3119/3119
f 3112/3112 3120/3120 3121/3121
f 3121/3121 3120/3120 3114/3114
f 3070/3070 3122/3122 3123/3123
f 3077/3077 3086/3086 3078/3078
f 3078/3078 3086/3086 3079/3079
f 3099/3099 3124/3124 3100/3100
f 3095/3095 3103/3103 3096/3096
f 3096/3096 3103/3103 3097/3097
f 3119/3119 3125/3125 3117/3117
f 3112/3112 3121/3121 3113/3113
f 3113/3113 3121/3121 3114/3114
f 3100/3100 3126/3126 3101/3101
f 3127/3127 3128/3128 3129/3129
f 3130/3130 3131/3131 3132/3132
f 3131/3131 3133/3133 3132/3132
f 3134/3134 3135/3135 3136/3136
f 3135/3135 3137/3137 3138/3138
f 3139/3139 3140/3140 3141/3141
f 3142/3142 3139/3139 3141/3141
f 3136/3136 3143/3143 3144/3144
f 3143/3143 3138/3138 3144/3144
f 3145/3145 3146/3146 3147/3147
f 3148/3148 3149/3149 3150/3150
f 3149/3149 3151/3151 3150/3150
f 3152/3152 3153/3153 3154/3154
f 3153/3153 3155/3155 3156/3156
f 3157/3157 3158/3158 3159/3159
f 3154/3154 3160/3160 3161/3161
f 3160/3160 3156/3156 3161/3161
f 3162/3162 3163/3163 3164/3164
f 3165/3165 3166/3166 3167/3167
f 3166/3166 3168/3168 3167/3167
f 3169/3169 3170/3170 3171/3171
f 3170/3170 3172/3172 3173/3173
f 3164/3164 3163/3163 3174/3174
f 3175/3175 3176/3176 3177/3177
f 3171/3171 3178/3178 3179/3179
f 3178/3178 3173/3173 3179/3179
f 3129/3129 3180/3180 3181/3181
f 3136/3136 3135/3135 3143/3143
f 3135/3135 3138/3138 3143/3143
f 3157/3157 3159/3159 3182/3182
f 3154/3154 3153/3153 3160/3160
f 3153/3153 3156/3156 3160/3160
f 3176/3176 3175/3175 3183/3183
f 3171/3171 3170/3170 3178/3178
f 3170/3170 3173/3173 3178/3178
f 3159/3159 3158/3158 3184/3184
f 3185/3185 3186/3186 3187/3187
f 3187/3187 3188/3188 3185/3185
f 3189/3189 3190/3190 3188/3188
f 3188/3188 3187/3187 3189/3189
f 3191/3191 3192/3192 3193/3193
f 3193/3193 3194/3194 3191/3191
f 3195/3195 3196/3196 3197/3197
f 3197/3197 3198/3198 3195/3195
f 3199/3199 3200/3200 3201/3201
f 3201/3201 3202/3202 3199/3199
f 3203/3203 3204/3204 3205/3205
f 3205/3205 3206/3206 3203/3203
f 3207/3207 3208/3208 3209/3209
f 3209/3209 3210/3210 3207/3207
f 3211/3211 3212/3212 3213/3213
f 3213/3213 3214/3214 3211/3211
f 3207/3207 3215/3215 3216/3216
f 3216/3216 3208/3208 3207/3207
f 3217/3217 3218/3218 3219/3219
f 3219/3219 3220/3220 3217/3217
f 3221/3221 3222/3222 3218/3218
f 3218/3218 3217/3217 3221/3221
f 3223/3223 3224/3224 3225/3225
f 3225/3225 3226/3226 3223/3223
f 3222/3222 3227/3227 3228/3228
f 3228/3228 3218/3218 3222/3222
f 3227/3227 3229/3229 3230/3230
f 3230/3230 3228/3228 3227/3227
f 3228/3228 3230/3230 3212/3212
f 3212/3212 3211/3211 3228/3228
f 3231/3231 3221/3221 3217/3217
f 3217/3217 3232/3232 3231/3231
f 3223/3223 3233/3233 3234/3234
f 3234/3234 3224/3224 3223/3223
f 3235/3235 3236/3236 3233/3233
f 3233/3233 3223/3223 3235/3235
f 3236/3236 3231/3231 3232/3232
f 3232/3232 3233/3233 3236/3236
f 3237/3237 3238/3238 3239/3239
f 3239/3239 3240/3240 3237/3237
f 3214/3214 3213/3213 3241/3241
f 3241/3241 3242/3242 3214/3214
f 3235/3235 3223/3223 3226/3226
f 3226/3226 3243/3243 3235/3235
f 3244/3244 3245/3245 3246/3246
f 3246/3246 3247/3247 3244/3244
f 3248/3248 3249/3249 3250/3250
f 3250/3250 3251/3251 3248/3248
f 3219/3219 3252/3252 3237/3237
f 3237/3237 3220/3220 3219/3219
f 3253/3253 3254/3254 3255/3255
f 3255/3255 3256/3256 3253/3253
f 3257/3257 3258/3258 3259/3259
f 3259/3259 3260/3260 3257/3257
f 3257/3257 3260/3260 3261/3261
f 3261/3261 3262/3262 3257/3257
f 3263/3263 3264/3264 3265/3265
f 3265/3265 3266/3266 3263/3263
f 3267/3267 3263/3263 3266/3266
f 3266/3266 3268/3268 3267/3267
f 3251/3251 3250/3250 3269/3269
f 3269/3269 3270/3270 3251/3251
f 3247/3247 3253/3253 3256/3256
f 3256/3256 3244/3244 3247/3247
f 3256/3256 3271/3271 3272/3272
f 3272/3272 3244/3244 3256/3256
f 3248/3248 3273/3273 3274/3274
f 3274/3274 3249/3249 3248/3248
f 3275/3275 3276/3276 3277/3277
f 3277/3277 3278/3278 3275/3275
f 3279/3279 3280/3280 3276/3276
f 3276/3276 3275/3275 3279/3279
f 3281/3281 3282/3282 3283/3283
f 3283/3283 3284/3284 3281/3281
f 3285/3285 3286/3286 3287/3287
f 3287/3287 3288/3288 3285/3285
f 3289/3289 3290/3290 3291/3291
f 3291/3291 3292/3292 3289/3289
f 3293/3293 3294/3294 3295/3295
f 3295/3295 3296/3296 3293/3293
f 3286/3286 3297/3297 3298/3298
f 3298/3298 3287/3287 3286/3286
f 3290/3290 3299/3299 3300/3300
f 3300/3300 3291/3291 3290/3290
f 3288/3288 3291/3291 3300/3300
f 3300/3300 3301/3301 3288/3288
f 3293/3293 3302/3302 3303/3303
f 3303/3303 3298/3298 3293/3293
f 3304/3304 3302/3302 3293/3293
f 3293/3293 3296/3296 3304/3304
f 3305/3305 3306/3306 3301/3301
f 3301/3301 3300/3300 3305/3305
f 3306/3306 3305/3305 3307/3307
f 3308/3308 3306/3306 3307/3307
f 3307/3307 3309/3309 3308/3308
f 3310/3310 3311/3311 3290/3290
f 3290/3290 3312/3312 3310/3310
f 3313/3313 3314/3314 3315/3315
f 3315/3315 3316/3316 3313/3313
f 3317/3317 3318/3318 3319/3319
f 3319/3319 3320/3320 3317/3317
f 3321/3321 3322/3322 3317/3317
f 3317/3317 3323/3323 3321/3321
f 3324/3324 3325/3325 3326/3326
f 3326/3326 3327/3327 3324/3324
f 3328/3328 3329/3329 3330/3330
f 3330/3330 3331/3331 3328/3328
f 3332/3332 3333/3333 3334/3334
f 3334/3334 3327/3327 3332/3332
f 3335/3335 3336/3336 3337/3337
f 3337/3337 3338/3338 3335/3335
f 3339/3339 3340/3340 3341/3341
f 3341/3341 3342/3342 3339/3339
f 3343/3343 3344/3344 3338/3338
f 3338/3338 3337/3337 3343/3343
f 3343/3343 3342/3342 3341/3341
f 3341/3341 3344/3344 3343/3343
f 3345/3345 3346/3346 3347/3347
f 3347/3347 3348/3348 3345/3345
f 3349/3349 3350/3350 3351/3351
f 3351/3351 3352/3352 3349/3349
f 3353/3353 3354/3354 3355/3355
f 3355/3355 3356/3356 3353/3353
f 3357/3357 3346/3346 3345/3345
f 3345/3345 3358/3358 3357/3357
f 3359/3359 3360/3360 3357/3357
f 3357/3357 3358/3358 3359/3359
f 3340/3340 3339/3339 3360/3360
f 3360/3360 3359/3359 3340/3340
f 3351/3351 3350/3350 3354/3354
f 3354/3354 3353/3353 3351/3351
f 3361/3361 3362/3362 3195/3195
f 3195/3195 3198/3198 3361/3361
f 3363/3363 3364/3364 3365/3365
f 3363/3363 3365/3365 3366/3366
f 3367/3367 3368/3368 3369/3369
f 3369/3369 3370/3370 3371/3371
f 3372/3372 3373/3373 3374/3374
f 3375/3375 3376/3376 3377/3377
f 3377/3377 3378/3378 3375/3375
f 3379/3379 3377/3377 3380/3380
f 3381/3381 3382/3382 3383/3383
f 3377/3377 3379/3379 3384/3384
f 3384/3384 3378/3378 3377/3377
f 3385/3385 3386/3386 3387/3387
f 3387/3387 3388/3388 3385/3385
f 3389/3389 3390/3390 3391/3391
f 3391/3391 3376/3376 3389/3389
f 3392/3392 3393/3393 3394/3394
f 3394/3394 3375/3375 3392/3392
f 3395/3395 3396/3396 3397/3397
f 3397/3397 3398/3398 3395/3395
f 3396/3396 3393/3393 3399/3399
f 3399/3399 3385/3385 3396/3396
f 3400/3400 3401/3401 3402/3402
f 3402/3402 3403/3403 3400/3400
f 3386/3386 3404/3404 3405/3405
f 3405/3405 3387/3387 3386/3386
f 3406/3406 3407/3407 3369/3369
f 3369/3369 3368/3368 3406/3406
f 3408/3408 3409/3409 3410/3410
f 3410/3410 3411/3411 3408/3408
f 3409/3409 3412/3412 3413/3413
f 3413/3413 3410/3410 3409/3409
f 3414/3414 3415/3415 3416/3416
f 3416/3416 3417/3417 3414/3414
f 3372/3372 3418/3418 3419/3419
f 3419/3419 3401/3401 3372/3372
f 3401/3401 3400/3400 3372/3372
f 3420/3420 3416/3416 3415/3415
f 3415/3415 3421/3421 3420/3420
f 3422/3422 3423/3423 3424/3424
f 3424/3424 3425/3425 3422/3422
f 3426/3426 3427/3427 3428/3428
f 3429/3429 3430/3430 3431/3431
f 3431/3431 3428/3428 3429/3429
f 3403/3403 3432/3432 3433/3433
f 3433/3433 3400/3400 3403/3403
f 3416/3416 3434/3434 3435/3435
f 3435/3435 3417/3417 3416/3416
f 3420/3420 3436/3436 3434/3434
f 3434/3434 3416/3416 3420/3420
f 3437/3437 3438/3438 3439/3439
f 3439/3439 3440/3440 3437/3437
f 3441/3441 3424/3424 3423/3423
f 3423/3423 3442/3442 3441/3441
f 3423/3423 3443/3443 3444/3444
f 3444/3444 3442/3442 3423/3423
f 3445/3445 3431/3431 3430/3430
f 3430/3430 3446/3446 3445/3445
f 3447/3447 3413/3413 3412/3412
f 3412/3412 3448/3448 3447/3447
f 3449/3449 3450/3450 3413/3413
f 3413/3413 3447/3447 3449/3449
f 3451/3451 3440/3440 3439/3439
f 3439/3439 3452/3452 3451/3451
f 3453/3453 3454/3454 3438/3438
f 3438/3438 3455/3455 3453/3453
f 3453/3453 3455/3455 3456/3456
f 3456/3456 3457/3457 3453/3453
f 3458/3458 3459/3459 3460/3460
f 3460/3460 3461/3461 3458/3458
f 3462/3462 3463/3463 3460/3460
f 3460/3460 3464/3464 3462/3462
f 3461/3461 3460/3460 3463/3463
f 3463/3463 3465/3465 3461/3461
f 3464/3464 3460/3460 3459/3459
f 3459/3459 3466/3466 3464/3464
f 3273/3273 3248/3248 3467/3467
f 3312/3312 3290/3290 3289/3289
f 3312/3312 3468/3468 3469/3469
f 3316/3316 3299/3299 3313/3313
f 3468/3468 3470/3470 3471/3471
f 3470/3470 3472/3472 3471/3471
f 3473/3473 3474/3474 3475/3475
f 3476/3476 3477/3477 3478/3478
f 3479/3479 3476/3476 3480/3480
f 3479/3479 3481/3481 3482/3482
f 3483/3483 3484/3484 3485/3485
f 3484/3484 3473/3473 3486/3486
f 3487/3487 3488/3488 3489/3489
f 3490/3490 3488/3488 3491/3491
f 3487/3487 3492/3492 3491/3491
f 3493/3493 3494/3494 3487/3487
f 3495/3495 3496/3496 3497/3497
f 3497/3497 3498/3498 3495/3495
f 3188/3188 3499/3499 3490/3490
f 3500/3500 3501/3501 3476/3476
f 3502/3502 3499/3499 3194/3194
f 3499/3499 3188/3188 3194/3194
f 3190/3190 3503/3503 3194/3194
f 3490/3490 3491/3491 3185/3185
f 3504/3504 3496/3496 3505/3505
f 3185/3185 3492/3492 3186/3186
f 3506/3506 3492/3492 3504/3504
f 3503/3503 3190/3190 3507/3507
f 3489/3489 3488/3488 3482/3482
f 3476/3476 3479/3479 3500/3500
f 3487/3487 3489/3489 3475/3475
f 3498/3498 3474/3474 3508/3508
f 3185/3185 3188/3188 3490/3490
f 3488/3488 3500/3500 3479/3479
f 3500/3500 3490/3490 3501/3501
f 3489/3489 3482/3482 3486/3486
f 3473/3473 3475/3475 3489/3489
f 3503/3503 3191/3191 3194/3194
f 3507/3507 3190/3190 3189/3189
f 3492/3492 3506/3506 3186/3186
f 3482/3482 3485/3485 3486/3486
f 3491/3491 3492/3492 3185/3185
f 3487/3487 3494/3494 3492/3492
f 3483/3483 3481/3481 3509/3509
f 3485/3485 3484/3484 3486/3486
f 3194/3194 3188/3188 3190/3190
f 3491/3491 3488/3488 3487/3487
f 3193/3193 3477/3477 3502/3502
f 3193/3193 3502/3502 3194/3194
f 3502/3502 3477/3477 3501/3501
f 3502/3502 3501/3501 3499/3499
f 3493/3493 3474/3474 3497/3497
f 3477/3477 3476/3476 3501/3501
f 3509/3509 3480/3480 3510/3510
f 3478/3478 3480/3480 3476/3476
f 3481/3481 3485/3485 3482/3482
f 3481/3481 3480/3480 3509/3509
f 3482/3482 3488/3488 3479/3479
f 3510/3510 3480/3480 3478/3478
f 3480/3480 3481/3481 3479/3479
f 3493/3493 3475/3475 3474/3474
f 3493/3493 3487/3487 3475/3475
f 3485/3485 3481/3481 3483/3483
f 3504/3504 3492/3492 3494/3494
f 3501/3501 3490/3490 3499/3499
f 3500/3500 3488/3488 3490/3490
f 3511/3511 3512/3512 3513/3513
f 3511/3511 3513/3513 3514/3514
f 3515/3515 3516/3516 3517/3517
f 3515/3515 3517/3517 3518/3518
f 3519/3519 3520/3520 3521/3521
f 3522/3522 3195/3195 3362/3362
f 3523/3523 3196/3196 3511/3511
f 3524/3524 3512/3512 3511/3511
f 3525/3525 3526/3526 3524/3524
f 3514/3514 3513/3513 3516/3516
f 3522/3522 3515/3515 3525/3525
f 3197/3197 3523/3523 3527/3527
f 3519/3519 3362/3362 3520/3520
f 3361/3361 3198/3198 3528/3528
f 3521/3521 3527/3527 3523/3523
f 3523/3523 3197/3197 3196/3196
f 3511/3511 3514/3514 3523/3523
f 3195/3195 3524/3524 3511/3511
f 3514/3514 3529/3529 3523/3523
f 3515/3515 3518/3518 3525/3525
f 3513/3513 3517/3517 3516/3516
f 3196/3196 3195/3195 3511/3511
f 3524/3524 3195/3195 3522/3522
f 3516/3516 3515/3515 3529/3529
f 3529/3529 3514/3514 3516/3516
f 3522/3522 3362/3362 3519/3519
f 3515/3515 3522/3522 3519/3519
f 3515/3515 3519/3519 3529/3529
f 3523/3523 3529/3529 3521/3521
f 3529/3529 3519/3519 3521/3521
f 3530/3530 3527/3527 3521/3521
f 3526/3526 3512/3512 3524/3524
f 3531/3531 3530/3530 3520/3520
f 3520/3520 3361/3361 3531/3531
f 3520/3520 3530/3530 3521/3521
f 3362/3362 3361/3361 3520/3520
f 3532/3532 3513/3513 3512/3512
f 3532/3532 3512/3512 3533/3533
f 3534/3534 3518/3518 3517/3517
f 3534/3534 3517/3517 3535/3535
f 3536/3536 3197/3197 3527/3527
f 3536/3536 3527/3527 3537/3537
f 3538/3538 3525/3525 3518/3518
f 3538/3538 3518/3518 3534/3534
f 3535/3535 3517/3517 3513/3513
f 3535/3535 3513/3513 3532/3532
f 3539/3539 3526/3526 3525/3525
f 3539/3539 3525/3525 3538/3538
f 3537/3537 3527/3527 3530/3530
f 3537/3537 3530/3530 3540/3540
f 3533/3533 3512/3512 3526/3526
f 3533/3533 3526/3526 3539/3539
f 3540/3540 3530/3530 3531/3531
f 3540/3540 3531/3531 3541/3541
f 3541/3541 3531/3531 3361/3361
f 3541/3541 3361/3361 3528/3528
f 3522/3522 3525/3525 3524/3524
f 3208/3208 3542/3542 3209/3209
f 3208/3208 3216/3216 3542/3542
f 3542/3542 3543/3543 3544/3544
f 3209/3209 3542/3542 3545/3545
f 3542/3542 3216/3216 3543/3543
f 3282/3282 3281/3281 3546/3546
f 3273/3273 3467/3467 3255/3255
f 3547/3547 3548/3548 3549/3549
f 3271/3271 3256/3256 3550/3550
f 3551/3551 3552/3552 3553/3553
f 3199/3199 3202/3202 3554/3554
f 3553/3553 3552/3552 3555/3555
f 3556/3556 3258/3258 3257/3257
f 3557/3557 3558/3558 3559/3559
f 3560/3560 3561/3561 3562/3562
f 3563/3563 3564/3564 3565/3565
f 3566/3566 3564/3564 3547/3547
f 3567/3567 3568/3568 3559/3559
f 3552/3552 3569/3569 3555/3555
f 3570/3570 3559/3559 3568/3568
f 3560/3560 3562/3562 3571/3571
f 3561/3561 3563/3563 3552/3552
f 3572/3572 3573/3573 3571/3571
f 3552/3552 3563/3563 3569/3569
f 3574/3574 3575/3575 3561/3561
f 3562/3562 3561/3561 3552/3552
f 3263/3263 3576/3576 3270/3270
f 3263/3263 3270/3270 3264/3264
f 3577/3577 3578/3578 3579/3579
f 3580/3580 3581/3581 3579/3579
f 3582/3582 3577/3577 3583/3583
f 3554/3554 3584/3584 3585/3585
f 3586/3586 3587/3587 3275/3275
f 3245/3245 3282/3282 3246/3246
f 3256/3256 3255/3255 3550/3550
f 3581/3581 3283/3283 3245/3245
f 3587/3587 3576/3576 3588/3588
f 3202/3202 3201/3201 3583/3583
f 3278/3278 3586/3586 3275/3275
f 3576/3576 3589/3589 3588/3588
f 3279/3279 3275/3275 3587/3587
f 3201/3201 3582/3582 3583/3583
f 3578/3578 3577/3577 3582/3582
f 3202/3202 3271/3271 3584/3584
f 3564/3564 3575/3575 3548/3548
f 3548/3548 3547/3547 3564/3564
f 3271/3271 3583/3583 3272/3272
f 3467/3467 3590/3590 3585/3585
f 3591/3591 3270/3270 3576/3576
f 3255/3255 3467/3467 3550/3550
f 3583/3583 3271/3271 3202/3202
f 3263/3263 3589/3589 3576/3576
f 3559/3559 3570/3570 3557/3557
f 3567/3567 3559/3559 3592/3592
f 3245/3245 3272/3272 3581/3581
f 3581/3581 3272/3272 3577/3577
f 3272/3272 3583/3583 3577/3577
f 3581/3581 3577/3577 3579/3579
f 3593/3593 3594/3594 3578/3578
f 3560/3560 3595/3595 3561/3561
f 3244/3244 3272/3272 3245/3245
f 3594/3594 3580/3580 3579/3579
f 3270/3270 3269/3269 3596/3596
f 3563/3563 3575/3575 3564/3564
f 3569/3569 3563/3563 3565/3565
f 3584/3584 3554/3554 3202/3202
f 3565/3565 3564/3564 3566/3566
f 3578/3578 3594/3594 3579/3579
f 3561/3561 3575/3575 3563/3563
f 3558/3558 3592/3592 3559/3559
f 3558/3558 3257/3257 3262/3262
f 3556/3556 3558/3558 3557/3557
f 3558/3558 3556/3556 3257/3257
f 3592/3592 3558/3558 3262/3262
f 3580/3580 3283/3283 3581/3581
f 3283/3283 3282/3282 3245/3245
f 3597/3597 3598/3598 3599/3599
f 3600/3600 3601/3601 3599/3599
f 3238/3238 3252/3252 3602/3602
f 3603/3603 3604/3604 3206/3206
f 3601/3601 3600/3600 3605/3605
f 3203/3203 3606/3606 3602/3602
f 3606/3606 3597/3597 3238/3238
f 3602/3602 3242/3242 3204/3204
f 3607/3607 3608/3608 3609/3609
f 3603/3603 3205/3205 3207/3207
f 3205/3205 3204/3204 3207/3207
f 3215/3215 3204/3204 3242/3242
f 3237/3237 3240/3240 3610/3610
f 3611/3611 3612/3612 3609/3609
f 3611/3611 3600/3600 3613/3613
f 3598/3598 3613/3613 3599/3599
f 3206/3206 3205/3205 3603/3603
f 3609/3609 3614/3614 3605/3605
f 3605/3605 3611/3611 3609/3609
f 3224/3224 3615/3615 3601/3601
f 3219/3219 3228/3228 3211/3211
f 3218/3218 3228/3228 3219/3219
f 3215/3215 3242/3242 3241/3241
f 3241/3241 3216/3216 3215/3215
f 3600/3600 3611/3611 3605/3605
f 3224/3224 3605/3605 3225/3225
f 3234/3234 3615/3615 3224/3224
f 3599/3599 3601/3601 3615/3615
f 3239/3239 3597/3597 3599/3599
f 3602/3602 3606/3606 3238/3238
f 3210/3210 3603/3603 3207/3207
f 3204/3204 3215/3215 3207/3207
f 3599/3599 3613/3613 3600/3600
f 3211/3211 3214/3214 3219/3219
f 3599/3599 3615/3615 3239/3239
f 3237/3237 3252/3252 3238/3238
f 3232/3232 3220/3220 3610/3610
f 3234/3234 3233/3233 3610/3610
f 3233/3233 3232/3232 3610/3610
f 3217/3217 3220/3220 3232/3232
f 3220/3220 3237/3237 3610/3610
f 3234/3234 3240/3240 3615/3615
f 3615/3615 3240/3240 3239/3239
f 3610/3610 3240/3240 3234/3234
f 3238/3238 3597/3597 3239/3239
f 3602/3602 3204/3204 3203/3203
f 3219/3219 3214/3214 3252/3252
f 3605/3605 3614/3614 3225/3225
f 3214/3214 3602/3602 3252/3252
f 3242/3242 3602/3602 3214/3214
f 3601/3601 3605/3605 3224/3224
f 3607/3607 3616/3616 3608/3608
f 3543/3543 3216/3216 3617/3617
f 3617/3617 3216/3216 3241/3241
f 3612/3612 3607/3607 3609/3609
f 3243/3243 3618/3618 3619/3619
f 3231/3231 3236/3236 3619/3619
f 3544/3544 3543/3543 3617/3617
f 3229/3229 3227/3227 3222/3222
f 3580/3580 3284/3284 3283/3283
f 3235/3235 3243/3243 3619/3619
f 3591/3591 3248/3248 3251/3251
f 3278/3278 3591/3591 3586/3586
f 3467/3467 3584/3584 3550/3550
f 3274/3274 3273/3273 3254/3254
f 3254/3254 3273/3273 3255/3255
f 3576/3576 3586/3586 3591/3591
f 3576/3576 3587/3587 3586/3586
f 3584/3584 3467/3467 3585/3585
f 3560/3560 3573/3573 3595/3595
f 3560/3560 3571/3571 3573/3573
f 3567/3567 3620/3620 3568/3568
f 3595/3595 3574/3574 3561/3561
f 3271/3271 3550/3550 3584/3584
f 3267/3267 3589/3589 3263/3263
f 3591/3591 3251/3251 3270/3270
f 3596/3596 3621/3621 3622/3622
f 3265/3265 3596/3596 3622/3622
f 3596/3596 3265/3265 3264/3264
f 3270/3270 3596/3596 3264/3264
f 3590/3590 3591/3591 3278/3278
f 3248/3248 3591/3591 3590/3590
f 3573/3573 3568/3568 3620/3620
f 3572/3572 3570/3570 3568/3568
f 3562/3562 3552/3552 3551/3551
f 3573/3573 3620/3620 3595/3595
f 3572/3572 3568/3568 3573/3573
f 3302/3302 3468/3468 3303/3303
f 3470/3470 3302/3302 3304/3304
f 3472/3472 3470/3470 3304/3304
f 3302/3302 3470/3470 3468/3468
f 3316/3316 3315/3315 3305/3305
f 3306/3306 3308/3308 3623/3623
f 3623/3623 3301/3301 3306/3306
f 3298/3298 3294/3294 3293/3293
f 3294/3294 3298/3298 3297/3297
f 3289/3289 3303/3303 3468/3468
f 3285/3285 3288/3288 3623/3623
f 3289/3289 3292/3292 3303/3303
f 3303/3303 3292/3292 3298/3298
f 3292/3292 3287/3287 3298/3298
f 3292/3292 3291/3291 3287/3287
f 3291/3291 3288/3288 3287/3287
f 3301/3301 3623/3623 3288/3288
f 3300/3300 3316/3316 3305/3305
f 3316/3316 3300/3300 3299/3299
f 3318/3318 3624/3624 3625/3625
f 3317/3317 3626/3626 3318/3318
f 3625/3625 3319/3319 3318/3318
f 3317/3317 3320/3320 3323/3323
f 3626/3626 3624/3624 3318/3318
f 3326/3326 3627/3627 3628/3628
f 3629/3629 3630/3630 3631/3631
f 3626/3626 3351/3351 3632/3632
f 3624/3624 3632/3632 3633/3633
f 3634/3634 3629/3629 3635/3635
f 3331/3331 3636/3636 3634/3634
f 3637/3637 3626/3626 3638/3638
f 3630/3630 3636/3636 3333/3333
f 3333/3333 3329/3329 3334/3334
f 3634/3634 3639/3639 3331/3331
f 3634/3634 3635/3635 3640/3640
f 3639/3639 3337/3337 3641/3641
f 3639/3639 3641/3641 3331/3331
f 3356/3356 3355/3355 3640/3640
f 3331/3331 3642/3642 3328/3328
f 3332/3332 3327/3327 3326/3326
f 3643/3643 3332/3332 3628/3628
f 3639/3639 3640/3640 3342/3342
f 3630/3630 3332/3332 3643/3643
f 3343/3343 3639/3639 3342/3342
f 3317/3317 3322/3322 3638/3638
f 3333/3333 3330/3330 3329/3329
f 3632/3632 3356/3356 3644/3644
f 3351/3351 3637/3637 3352/3352
f 3336/3336 3641/3641 3337/3337
f 3339/3339 3342/3342 3640/3640
f 3637/3637 3351/3351 3626/3626
f 3317/3317 3638/3638 3626/3626
f 3336/3336 3642/3642 3641/3641
f 3349/3349 3347/3347 3346/3346
f 3360/3360 3350/3350 3357/3357
f 3339/3339 3640/3640 3355/3355
f 3628/3628 3332/3332 3326/3326
f 3634/3634 3640/3640 3639/3639
f 3343/3343 3337/3337 3639/3639
f 3356/3356 3640/3640 3635/3635
f 3636/3636 3629/3629 3634/3634
f 3326/3326 3325/3325 3627/3627
f 3636/3636 3330/3330 3333/3333
f 3631/3631 3633/3633 3644/3644
f 3356/3356 3635/3635 3644/3644
f 3644/3644 3635/3635 3629/3629
f 3631/3631 3644/3644 3629/3629
f 3633/3633 3632/3632 3644/3644
f 3331/3331 3330/3330 3636/3636
f 3331/3331 3641/3641 3642/3642
f 3626/3626 3632/3632 3624/3624
f 3629/3629 3636/3636 3630/3630
f 3643/3643 3631/3631 3630/3630
f 3630/3630 3333/3333 3332/3332
f 3354/3354 3360/3360 3355/3355
f 3350/3350 3346/3346 3357/3357
f 3349/3349 3346/3346 3350/3350
f 3632/3632 3353/3353 3356/3356
f 3355/3355 3360/3360 3339/3339
f 3632/3632 3351/3351 3353/3353
f 3354/3354 3350/3350 3360/3360
f 3197/3197 3536/3536 3198/3198
f 3473/3473 3489/3489 3486/3486
f 3619/3619 3236/3236 3235/3235
f 3468/3468 3312/3312 3289/3289
f 2691/2691 3290/3290 3311/3311
f 3313/3313 3299/3299 2691/2691
f 3468/3468 3471/3471 3469/3469
f 3471/3471 3645/3645 3646/3646
f 3471/3471 3647/3647 3469/3469
f 3471/3471 3646/3646 3647/3647
f 3647/3647 3646/3646 3648/3648
f 3646/3646 3649/3649 3648/3648
f 3312/3312 3469/3469 3310/3310
f 3471/3471 3472/3472 3645/3645
f 3646/3646 3645/3645 3649/3649
f 3648/3648 3649/3649 3650/3650
f 3467/3467 3248/3248 3590/3590
f 3585/3585 3590/3590 3277/3277
f 3277/3277 3590/3590 3278/3278
f 3407/3407 3406/3406 3651/3651
f 3372/3372 3652/3652 3373/3373
f 3370/3370 3374/3374 3653/3653
f 3654/3654 3402/3402 3401/3401
f 3655/3655 3383/3383 3384/3384
f 3405/3405 3404/3404 3656/3656
f 3657/3657 3658/3658 3659/3659
f 3660/3660 3658/3658 3661/3661
f 3662/3662 3370/3370 3407/3407
f 3657/3657 3384/3384 3379/3379
f 3660/3660 3663/3663 3371/3371
f 3664/3664 3370/3370 3653/3653
f 3367/3367 3665/3665 3368/3368
f 3655/3655 3384/3384 3657/3657
f 3666/3666 3667/3667 3668/3668
f 3367/3367 3669/3669 3665/3665
f 3367/3367 3670/3670 3669/3669
f 3669/3669 3670/3670 3667/3667
f 3667/3667 3671/3671 3669/3669
f 3379/3379 3667/3667 3666/3666
f 3657/3657 3379/3379 3666/3666
f 3663/3663 3367/3367 3371/3371
f 3365/3365 3672/3672 3673/3673
f 3670/3670 3668/3668 3667/3667
f 3367/3367 3668/3668 3670/3670
f 3668/3668 3367/3367 3663/3663
f 3370/3370 3664/3664 3660/3660
f 3660/3660 3661/3661 3663/3663
f 3661/3661 3668/3668 3663/3663
f 3661/3661 3657/3657 3666/3666
f 3657/3657 3659/3659 3655/3655
f 3661/3661 3666/3666 3668/3668
f 3664/3664 3653/3653 3381/3381
f 3655/3655 3664/3664 3381/3381
f 3652/3652 3674/3674 3675/3675
f 3675/3675 3374/3374 3373/3373
f 3652/3652 3675/3675 3373/3373
f 3676/3676 3374/3374 3370/3370
f 3418/3418 3676/3676 3662/3662
f 3662/3662 3651/3651 3677/3677
f 3395/3395 3389/3389 3394/3394
f 3389/3389 3395/3395 3390/3390
f 3390/3390 3395/3395 3398/3398
f 3383/3383 3678/3678 3679/3679
f 3376/3376 3680/3680 3377/3377
f 3376/3376 3391/3391 3680/3680
f 3681/3681 3382/3382 3675/3675
f 3681/3681 3678/3678 3382/3382
f 3375/3375 3378/3378 3392/3392
f 3653/3653 3675/3675 3382/3382
f 3383/3383 3679/3679 3392/3392
f 3675/3675 3674/3674 3682/3682
f 3675/3675 3682/3682 3681/3681
f 3678/3678 3383/3383 3382/3382
f 3385/3385 3388/3388 3397/3397
f 3399/3399 3386/3386 3385/3385
f 3393/3393 3396/3396 3394/3394
f 3386/3386 3683/3683 3684/3684
f 3679/3679 3678/3678 3683/3683
f 3389/3389 3376/3376 3394/3394
f 3375/3375 3394/3394 3376/3376
f 3399/3399 3393/3393 3392/3392
f 3378/3378 3383/3383 3392/3392
f 3395/3395 3394/3394 3396/3396
f 3385/3385 3397/3397 3396/3396
f 3679/3679 3399/3399 3392/3392
f 3386/3386 3399/3399 3685/3685
f 3399/3399 3679/3679 3685/3685
f 3386/3386 3685/3685 3683/3683
f 3679/3679 3683/3683 3685/3685
f 3662/3662 3676/3676 3370/3370
f 3684/3684 3404/3404 3386/3386
f 3656/3656 3404/3404 3684/3684
f 3384/3384 3383/3383 3378/3378
f 3407/3407 3370/3370 3369/3369
f 3653/3653 3374/3374 3675/3675
f 3686/3686 3408/3408 3687/3687
f 3411/3411 3410/3410 3688/3688
f 3410/3410 3413/3413 3450/3450
f 3689/3689 3421/3421 3415/3415
f 3690/3690 3411/3411 3688/3688
f 3400/3400 3433/3433 3652/3652
f 3687/3687 3411/3411 3690/3690
f 3687/3687 3408/3408 3411/3411
f 3662/3662 3419/3419 3418/3418
f 3689/3689 3415/3415 3414/3414
f 3410/3410 3450/3450 3691/3691
f 3692/3692 3427/3427 3693/3693
f 3422/3422 3694/3694 3693/3693
f 3695/3695 3429/3429 3696/3696
f 3692/3692 3428/3428 3427/3427
f 3696/3696 3428/3428 3692/3692
f 3696/3696 3429/3429 3428/3428
f 3427/3427 3443/3443 3422/3422
f 3422/3422 3425/3425 3694/3694
f 3419/3419 3677/3677 3654/3654
f 3654/3654 3401/3401 3419/3419
f 3422/3422 3443/3443 3423/3423
f 3693/3693 3427/3427 3422/3422
f 3697/3697 3452/3452 3439/3439
f 3698/3698 3456/3456 3699/3699
f 3437/3437 3455/3455 3438/3438
f 3699/3699 3455/3455 3437/3437
f 3699/3699 3456/3456 3455/3455
f 3689/3689 3414/3414 3700/3700
f 3426/3426 3431/3431 3445/3445
f 3691/3691 3450/3450 3449/3449
f 3688/3688 3410/3410 3691/3691
f 3439/3439 3438/3438 3454/3454
f 3439/3439 3454/3454 3697/3697
f 3463/3463 3701/3701 3465/3465
f 3462/3462 3701/3701 3463/3463
f 3702/3702 3703/3703 3704/3704
f 3705/3705 3702/3702 3704/3704
f 3706/3706 3703/3703 3707/3707
f 3708/3708 3709/3709 3710/3710
f 3711/3711 3712/3712 3713/3713
f 3714/3714 3705/3705 3715/3715
f 3716/3716 3717/3717 3718/3718
f 3719/3719 3717/3717 3716/3716
f 3720/3720 3721/3721 3722/3722
f 3718/3718 3723/3723 3716/3716
f 3724/3724 3721/3721 3720/3720
f 3709/3709 3725/3725 3726/3726
f 3718/3718 3708/3708 3710/3710
f 3727/3727 3723/3723 3710/3710
f 3728/3728 3729/3729 3730/3730
f 3731/3731 3706/3706 3707/3707
f 3719/3719 3716/3716 3724/3724
f 3728/3728 3721/3721 3732/3732
f 3733/3733 3721/3721 3728/3728
f 3733/3733 3722/3722 3721/3721
f 3719/3719 3724/3724 3734/3734
f 3735/3735 3716/3716 3723/3723
f 3735/3735 3732/3732 3716/3716
f 3724/3724 3720/3720 3734/3734
f 3710/3710 3723/3723 3718/3718
f 3728/3728 3732/3732 3735/3735
f 3716/3716 3732/3732 3724/3724
f 3721/3721 3724/3724 3732/3732
f 3728/3728 3730/3730 3733/3733
f 3709/3709 3726/3726 3710/3710
f 3710/3710 3726/3726 3727/3727
f 3730/3730 3711/3711 3736/3736
f 3737/3737 3730/3730 3729/3729
f 3730/3730 3736/3736 3733/3733
f 3733/3733 3736/3736 3722/3722
f 3730/3730 3737/3737 3712/3712
f 3712/3712 3737/3737 3738/3738
f 3739/3739 3740/3740 3741/3741
f 3742/3742 3743/3743 3744/3744
f 3742/3742 3745/3745 3746/3746
f 3747/3747 3748/3748 3749/3749
f 3750/3750 3751/3751 3752/3752
f 3753/3753 3752/3752 3751/3751
f 3754/3754 3755/3755 3740/3740
f 3756/3756 3740/3740 3755/3755
f 3757/3757 3758/3758 3756/3756
f 3759/3759 3760/3760 3761/3761
f 3762/3762 3763/3763 3761/3761
f 3764/3764 3765/3765 3766/3766
f 3767/3767 3754/3754 3768/3768
f 3768/3768 3761/3761 3760/3760
f 3769/3769 3770/3770 3758/3758
f 3771/3771 3745/3745 3772/3772
f 3773/3773 3744/3744 3747/3747
f 3745/3745 3771/3771 3746/3746
f 3747/3747 3774/3774 3748/3748
f 3748/3748 3775/3775 3776/3776
f 3777/3777 3778/3778 3779/3779
f 3780/3780 3781/3781 3776/3776
f 3769/3769 3782/3782 3783/3783
f 3782/3782 3759/3759 3783/3783
f 3741/3741 3784/3784 3749/3749
f 3785/3785 3784/3784 3758/3758
f 3786/3786 3763/3763 3772/3772
f 3741/3741 3763/3763 3762/3762
f 3785/3785 3770/3770 3787/3787
f 3786/3786 3788/3788 3761/3761
f 3770/3770 3783/3783 3789/3789
f 3783/3783 3788/3788 3789/3789
f 3790/3790 3749/3749 3785/3785
f 3766/3766 3765/3765 3741/3741
f 3772/3772 3791/3791 3786/3786
f 3766/3766 3749/3749 3792/3792
f 3772/3772 3765/3765 3771/3771
f 3790/3790 3787/3787 3773/3773
f 3787/3787 3789/3789 3742/3742
f 3789/3789 3791/3791 3742/3742
f 3744/3744 3743/3743 3793/3793
f 3743/3743 3746/3746 3793/3793
f 3774/3774 3744/3744 3794/3794
f 3746/3746 3778/3778 3795/3795
f 3775/3775 3774/3774 3796/3796
f 3776/3776 3775/3775 3780/3780
f 3779/3779 3778/3778 3764/3764
f 3776/3776 3779/3779 3792/3792
f 3757/3757 3797/3797 3769/3769
f 3769/3769 3798/3798 3782/3782
f 3782/3782 3799/3799 3800/3800
f 3759/3759 3800/3800 3801/3801
f 3802/3802 3803/3803 3804/3804
f 3804/3804 3805/3805 3806/3806
f 3798/3798 3797/3797 3750/3750
f 3799/3799 3798/3798 3750/3750
f 3800/3800 3799/3799 3753/3753
f 3801/3801 3800/3800 3753/3753
f 3805/3805 3803/3803 3807/3807
f 3806/3806 3805/3805 3808/3808
f 3741/3741 3740/3740 3784/3784
f 3769/3769 3783/3783 3770/3770
f 3783/3783 3759/3759 3788/3788
f 3741/3741 3762/3762 3739/3739
f 3761/3761 3788/3788 3759/3759
f 3758/3758 3770/3770 3785/3785
f 3751/3751 3750/3750 3809/3809
f 3753/3753 3751/3751 3810/3810
f 3755/3755 3754/3754 3767/3767
f 3740/3740 3756/3756 3758/3758
f 3758/3758 3757/3757 3769/3769
f 3760/3760 3759/3759 3811/3811
f 3761/3761 3763/3763 3786/3786
f 3761/3761 3768/3768 3762/3762
f 3758/3758 3784/3784 3740/3740
f 3772/3772 3763/3763 3765/3765
f 3785/3785 3787/3787 3790/3790
f 3770/3770 3789/3789 3787/3787
f 3785/3785 3749/3749 3784/3784
f 3741/3741 3765/3765 3763/3763
f 3786/3786 3791/3791 3788/3788
f 3782/3782 3798/3798 3799/3799
f 3782/3782 3800/3800 3759/3759
f 3804/3804 3803/3803 3805/3805
f 3804/3804 3806/3806 3812/3812
f 3750/3750 3797/3797 3809/3809
f 3799/3799 3750/3750 3752/3752
f 3753/3753 3799/3799 3752/3752
f 3801/3801 3753/3753 3810/3810
f 3805/3805 3807/3807 3813/3813
f 3808/3808 3805/3805 3813/3813
f 3703/3703 3702/3702 3707/3707
f 3702/3702 3705/3705 3714/3714
f 3703/3703 3706/3706 3814/3814
f 3709/3709 3708/3708 3815/3815
f 3712/3712 3711/3711 3730/3730
f 3742/3742 3744/3744 3773/3773
f 3742/3742 3746/3746 3743/3743
f 3747/3747 3749/3749 3790/3790
f 3764/3764 3766/3766 3792/3792
f 3772/3772 3745/3745 3791/3791
f 3747/3747 3744/3744 3774/3774
f 3746/3746 3771/3771 3778/3778
f 3748/3748 3774/3774 3775/3775
f 3748/3748 3776/3776 3792/3792
f 3777/3777 3779/3779 3781/3781
f 3776/3776 3781/3781 3779/3779
f 3792/3792 3749/3749 3748/3748
f 3771/3771 3765/3765 3764/3764
f 3790/3790 3773/3773 3747/3747
f 3787/3787 3742/3742 3773/3773
f 3742/3742 3791/3791 3745/3745
f 3744/3744 3793/3793 3794/3794
f 3793/3793 3746/3746 3795/3795
f 3774/3774 3794/3794 3796/3796
f 3795/3795 3778/3778 3777/3777
f 3775/3775 3796/3796 3816/3816
f 3780/3780 3775/3775 3816/3816
f 3764/3764 3778/3778 3771/3771
f 3792/3792 3779/3779 3764/3764
f 3740/3740 3739/3739 3754/3754
f 3739/3739 3762/3762 3754/3754
f 3768/3768 3754/3754 3762/3762
f 3741/3741 3749/3749 3766/3766
f 3789/3789 3788/3788 3791/3791
f 3759/3759 3801/3801 3811/3811
f 3769/3769 3797/3797 3798/3798
f 3817/3817 3366/3366 3818/3818
f 3818/3818 3380/3380 3817/3817
f 3672/3672 3819/3819 3667/3667
f 3673/3673 3672/3672 3667/3667
f 3667/3667 3379/3379 3673/3673
f 3366/3366 3365/3365 3818/3818
f 3672/3672 3365/3365 3364/3364
f 3364/3364 3819/3819 3672/3672
f 3667/3667 3819/3819 3671/3671
f 3677/3677 3651/3651 3820/3820
f 3654/3654 3677/3677 3820/3820
f 3662/3662 3677/3677 3419/3419
f 3407/3407 3651/3651 3662/3662
f 3653/3653 3382/3382 3381/3381
f 3372/3372 3374/3374 3418/3418
f 3418/3418 3374/3374 3676/3676
f 3820/3820 3651/3651 3406/3406
f 3426/3426 3428/3428 3431/3431
f 3380/3380 3818/3818 3673/3673
f 3673/3673 3379/3379 3380/3380
f 3818/3818 3365/3365 3673/3673
f 3380/3380 3377/3377 3680/3680
f 3680/3680 3817/3817 3380/3380
f 3821/3821 3822/3822 3823/3823
f 3823/3823 3824/3824 3821/3821
f 3825/3825 3823/3823 3822/3822
f 3822/3822 3826/3826 3825/3825
f 3827/3827 3828/3828 3829/3829
f 3829/3829 3830/3830 3827/3827
f 3831/3831 3832/3832 3833/3833
f 3833/3833 3834/3834 3831/3831
f 3835/3835 3836/3836 3837/3837
f 3837/3837 3838/3838 3835/3835
f 3839/3839 3840/3840 3841/3841
f 3841/3841 3842/3842 3839/3839
f 3843/3843 3844/3844 3845/3845
f 3845/3845 3846/3846 3843/3843
f 3847/3847 3848/3848 3849/3849
f 3849/3849 3850/3850 3847/3847
f 3843/3843 3846/3846 3851/3851
f 3851/3851 3852/3852 3843/3843
f 3853/3853 3854/3854 3855/3855
f 3855/3855 3856/3856 3853/3853
f 3857/3857 3853/3853 3856/3856
f 3856/3856 3858/3858 3857/3857
f 3859/3859 3860/3860 3861/3861
f 3861/3861 3862/3862 3859/3859
f 3858/3858 3856/3856 3863/3863
f 3863/3863 3864/3864 3858/3858
f 3864/3864 3863/3863 3865/3865
f 3865/3865 3866/3866 3864/3864
f 3863/3863 3847/3847 3850/3850
f 3850/3850 3865/3865 3863/3863
f 3867/3867 3868/3868 3853/3853
f 3853/3853 3857/3857 3867/3867
f 3859/3859 3862/3862 3869/3869
f 3869/3869 3870/3870 3859/3859
f 3871/3871 3859/3859 3870/3870
f 3870/3870 3872/3872 3871/3871
f 3872/3872 3870/3870 3868/3868
f 3868/3868 3867/3867 3872/3872
f 3873/3873 3874/3874 3875/3875
f 3875/3875 3876/3876 3873/3873
f 3848/3848 3877/3877 3878/3878
f 3878/3878 3849/3849 3848/3848
f 3871/3871 3879/3879 3860/3860
f 3860/3860 3859/3859 3871/3871
f 3880/3880 3247/3247 3246/3246
f 3246/3246 3881/3881 3880/3880
f 3882/3882 3883/3883 3250/3250
f 3250/3250 3249/3249 3882/3882
f 3855/3855 3854/3854 3873/3873
f 3873/3873 3884/3884 3855/3855
f 3253/3253 3885/3885 3886/3886
f 3886/3886 3254/3254 3253/3253
f 3887/3887 3888/3888 3889/3889
f 3889/3889 3890/3890 3887/3887
f 3887/3887 3262/3262 3261/3261
f 3261/3261 3888/3888 3887/3887
f 3891/3891 3892/3892 3893/3893
f 3893/3893 3894/3894 3891/3891
f 3895/3895 3896/3896 3892/3892
f 3892/3892 3891/3891 3895/3895
f 3883/3883 3897/3897 3269/3269
f 3269/3269 3250/3250 3883/3883
f 3247/3247 3880/3880 3885/3885
f 3885/3885 3253/3253 3247/3247
f 3885/3885 3880/3880 3898/3898
f 3898/3898 3899/3899 3885/3885
f 3882/3882 3249/3249 3274/3274
f 3274/3274 3900/3900 3882/3882
f 3901/3901 3902/3902 3903/3903
f 3903/3903 3904/3904 3901/3901
f 3905/3905 3901/3901 3904/3904
f 3904/3904 3906/3906 3905/3905
f 3907/3907 3908/3908 3909/3909
f 3909/3909 3282/3282 3907/3907
f 3910/3910 3911/3911 3912/3912
f 3912/3912 3913/3913 3910/3910
f 3914/3914 3915/3915 3916/3916
f 3916/3916 3917/3917 3914/3914
f 3918/3918 3296/3296 3295/3295
f 3295/3295 3919/3919 3918/3918
f 3913/3913 3912/3912 3920/3920
f 3920/3920 3921/3921 3913/3913
f 3917/3917 3916/3916 3922/3922
f 3922/3922 3923/3923 3917/3917
f 3911/3911 3924/3924 3922/3922
f 3922/3922 3916/3916 3911/3911
f 3918/3918 3920/3920 3925/3925
f 3925/3925 3926/3926 3918/3918
f 3304/3304 3296/3296 3918/3918
f 3918/3918 3926/3926 3304/3304
f 3927/3927 3922/3922 3924/3924
f 3924/3924 3928/3928 3927/3927
f 3928/3928 3307/3307 3927/3927
f 3929/3929 3309/3309 3307/3307
f 3307/3307 3928/3928 3929/3929
f 3930/3930 3931/3931 3917/3917
f 3917/3917 3932/3932 3930/3930
f 3933/3933 3934/3934 3315/3315
f 3315/3315 3314/3314 3933/3933
f 3935/3935 3320/3320 3936/3936
f 3936/3936 3937/3937 3935/3935
f 3321/3321 3323/3323 3935/3935
f 3935/3935 3938/3938 3321/3321
f 3324/3324 3939/3939 3940/3940
f 3940/3940 3325/3325 3324/3324
f 3941/3941 3942/3942 3943/3943
f 3943/3943 3944/3944 3941/3941
f 3945/3945 3939/3939 3946/3946
f 3946/3946 3947/3947 3945/3945
f 3948/3948 3949/3949 3950/3950
f 3950/3950 3951/3951 3948/3948
f 3952/3952 3953/3953 3954/3954
f 3954/3954 3955/3955 3952/3952
f 3956/3956 3950/3950 3949/3949
f 3949/3949 3957/3957 3956/3956
f 3956/3956 3957/3957 3954/3954
f 3954/3954 3953/3953 3956/3956
f 3958/3958 3959/3959 3960/3960
f 3960/3960 3961/3961 3958/3958
f 3962/3962 3963/3963 3964/3964
f 3964/3964 3965/3965 3962/3962
f 3966/3966 3967/3967 3968/3968
f 3968/3968 3969/3969 3966/3966
f 3970/3970 3971/3971 3958/3958
f 3958/3958 3961/3961 3970/3970
f 3972/3972 3971/3971 3970/3970
f 3970/3970 3973/3973 3972/3972
f 3955/3955 3972/3972 3973/3973
f 3973/3973 3952/3952 3955/3955
f 3964/3964 3966/3966 3969/3969
f 3969/3969 3965/3965 3964/3964
f 3974/3974 3832/3832 3831/3831
f 3831/3831 3975/3975 3974/3974
f 3363/3363 3976/3976 3364/3364
f 3363/3363 3366/3366 3976/3976
f 3977/3977 3978/3978 3979/3979
f 3979/3979 3978/3978 3980/3980
f 3981/3981 3982/3982 3983/3983
f 3984/3984 3985/3985 3986/3986
f 3986/3986 3987/3987 3984/3984
f 3988/3988 3989/3989 3986/3986
f 3990/3990 3991/3991 3992/3992
f 3986/3986 3985/3985 3993/3993
f 3993/3993 3988/3988 3986/3986
f 3994/3994 3388/3388 3387/3387
f 3387/3387 3995/3995 3994/3994
f 3996/3996 3987/3987 3391/3391
f 3391/3391 3390/3390 3996/3996
f 3997/3997 3984/3984 3998/3998
f 3998/3998 3999/3999 3997/3997
f 4000/4000 3398/3398 3397/3397
f 3397/3397 4001/4001 4000/4000
f 4001/4001 3994/3994 4002/4002
f 4002/4002 3999/3999 4001/4001
f 4003/4003 3403/3403 3402/3402
f 3402/3402 4004/4004 4003/4003
f 3995/3995 3387/3387 3405/3405
f 3405/3405 4005/4005 3995/3995
f 3406/3406 3368/3368 3979/3979
f 3979/3979 4006/4006 3406/3406
f 3408/3408 4007/4007 4008/4008
f 4008/4008 3409/3409 3408/3408
f 3409/3409 4008/4008 4009/4009
f 4009/4009 3412/3412 3409/3409
f 4010/4010 4011/4011 4012/4012
f 4012/4012 4013/4013 4010/4010
f 3981/3981 4004/4004 4014/4014
f 4014/4014 4015/4015 3981/3981
f 4004/4004 3981/3981 4003/4003
f 4016/4016 4017/4017 4013/4013
f 4013/4013 4012/4012 4016/4016
f 4018/4018 4019/4019 4020/4020
f 4020/4020 4021/4021 4018/4018
f 4022/4022 4023/4023 4024/4024
f 3429/3429 4023/4023 4025/4025
f 4025/4025 3430/3430 3429/3429
f 3403/3403 4003/4003 4026/4026
f 4026/4026 3432/3432 3403/3403
f 4012/4012 4011/4011 4027/4027
f 4027/4027 4028/4028 4012/4012
f 4016/4016 4012/4012 4028/4028
f 4028/4028 4029/4029 4016/4016
f 4030/4030 4031/4031 4032/4032
f 4032/4032 4033/4033 4030/4030
f 4034/4034 4035/4035 4021/4021
f 4021/4021 4020/4020 4034/4034
f 4021/4021 4035/4035 4036/4036
f 4036/4036 4037/4037 4021/4021
f 4038/4038 3446/3446 3430/3430
f 3430/3430 4025/4025 4038/4038
f 4039/4039 3448/3448 3412/3412
f 3412/3412 4009/4009 4039/4039
f 4040/4040 4039/4039 4009/4009
f 4009/4009 4041/4041 4040/4040
f 4042/4042 4043/4043 4032/4032
f 4032/4032 4031/4031 4042/4042
f 4044/4044 4045/4045 4033/4033
f 4033/4033 4046/4046 4044/4044
f 4044/4044 3457/3457 3456/3456
f 3456/3456 4045/4045 4044/4044
f 4047/4047 4048/4048 4049/4049
f 4049/4049 4050/4050 4047/4047
f 4051/4051 4052/4052 4049/4049
f 4049/4049 4053/4053 4051/4051
f 4048/4048 4054/4054 4053/4053
f 4053/4053 4049/4049 4048/4048
f 4052/4052 4055/4055 4050/4050
f 4050/4050 4049/4049 4052/4052
f 3900/3900 4056/4056 3882/3882
f 3931/3931 3914/3914 3917/3917
f 3931/3931 4057/4057 4058/4058
f 3934/3934 3933/3933 3923/3923
f 4058/4058 4059/4059 4060/4060
f 4060/4060 4059/4059 3472/3472
f 4061/4061 4062/4062 4063/4063
f 4064/4064 4065/4065 4066/4066
f 4067/4067 4068/4068 4064/4064
f 4067/4067 4069/4069 4070/4070
f 4071/4071 4072/4072 4073/4073
f 4073/4073 4074/4074 4061/4061
f 4075/4075 4076/4076 4077/4077
f 4078/4078 4079/4079 4077/4077
f 4075/4075 4079/4079 4080/4080
f 4081/4081 4075/4075 4082/4082
f 4083/4083 4084/4084 4085/4085
f 4085/4085 4086/4086 4083/4083
f 3822/3822 4078/4078 4087/4087
f 4088/4088 4064/4064 4089/4089
f 4090/4090 3828/3828 4087/4087
f 4087/4087 3828/3828 3822/3822
f 3826/3826 3828/3828 4091/4091
f 4078/4078 3821/3821 4079/4079
f 4092/4092 4084/4084 4082/4082
f 3821/3821 3824/3824 4080/4080
f 4093/4093 4092/4092 4080/4080
f 4091/4091 4094/4094 3826/3826
f 4076/4076 4069/4069 4077/4077
f 4064/4064 4088/4088 4067/4067
f 4075/4075 4062/4062 4076/4076
f 4086/4086 4095/4095 4063/4063
f 3821/3821 4078/4078 3822/3822
f 4077/4077 4067/4067 4088/4088
f 4088/4088 4089/4089 4078/4078
f 4076/4076 4074/4074 4069/4069
f 4061/4061 4076/4076 4062/4062
f 4091/4091 3828/3828 3827/3827
f 4094/4094 3825/3825 3826/3826
f 4080/4080 3824/3824 4093/4093
f 4069/4069 4074/4074 4072/4072
f 4079/4079 3821/3821 4080/4080
f 4075/4075 4080/4080 4082/4082
f 4071/4071 4096/4096 4070/4070
f 4072/4072 4074/4074 4073/4073
f 3828/3828 3826/3826 3822/3822
f 4079/4079 4075/4075 4077/4077
f 3829/3829 4090/4090 4066/4066
f 3829/3829 3828/3828 4090/4090
f 4090/4090 4089/4089 4066/4066
f 4090/4090 4087/4087 4089/4089
f 4081/4081 4083/4083 4063/4063
f 4066/4066 4089/4089 4064/4064
f 4096/4096 4097/4097 4068/4068
f 4065/4065 4064/4064 4068/4068
f 4070/4070 4069/4069 4072/4072
f 4070/4070 4096/4096 4068/4068
f 4069/4069 4067/4067 4077/4077
f 4097/4097 4065/4065 4068/4068
f 4068/4068 4067/4067 4070/4070
f 4081/4081 4063/4063 4062/4062
f 4081/4081 4062/4062 4075/4075
f 4072/4072 4071/4071 4070/4070
f 4092/4092 4082/4082 4080/4080
f 4089/4089 4087/4087 4078/4078
f 4088/4088 4078/4078 4077/4077
f 4098/4098 4099/4099 4100/4100
f 4098/4098 4101/4101 4099/4099
f 4102/4102 4103/4103 4104/4104
f 4102/4102 4105/4105 4103/4103
f 4106/4106 4107/4107 4108/4108
f 4109/4109 3975/3975 3831/3831
f 4110/4110 4098/4098 3834/3834
f 4111/4111 4098/4098 4100/4100
f 4112/4112 4111/4111 4113/4113
f 4101/4101 4104/4104 4099/4099
f 4109/4109 4112/4112 4102/4102
f 3833/3833 4114/4114 4110/4110
f 4106/4106 4108/4108 3975/3975
f 3974/3974 4115/4115 3832/3832
f 4107/4107 4110/4110 4114/4114
f 4110/4110 3834/3834 3833/3833
f 4098/4098 4110/4110 4101/4101
f 3831/3831 4098/4098 4111/4111
f 4101/4101 4110/4110 4116/4116
f 4102/4102 4112/4112 4105/4105
f 4099/4099 4104/4104 4103/4103
f 3834/3834 4098/4098 3831/3831
f 4111/4111 4109/4109 3831/3831
f 4104/4104 4116/4116 4102/4102
f 4116/4116 4104/4104 4101/4101
f 4109/4109 4106/4106 3975/3975
f 4102/4102 4106/4106 4109/4109
f 4102/4102 4116/4116 4106/4106
f 4110/4110 4107/4107 4116/4116
f 4116/4116 4107/4107 4106/4106
f 4117/4117 4107/4107 4114/4114
f 4113/4113 4111/4111 4100/4100
f 4118/4118 4108/4108 4117/4117
f 4108/4108 4118/4118 3974/3974
f 4108/4108 4107/4107 4117/4117
f 3975/3975 4108/4108 3974/3974
f 4119/4119 4100/4100 4099/4099
f 4119/4119 4120/4120 4100/4100
f 4121/4121 4103/4103 4105/4105
f 4121/4121 4122/4122 4103/4103
f 4123/4123 4114/4114 3833/3833
f 4123/4123 4124/4124 4114/4114
f 4125/4125 4105/4105 4112/4112
f 4125/4125 4121/4121 4105/4105
f 4122/4122 4099/4099 4103/4103
f 4122/4122 4119/4119 4099/4099
f 4126/4126 4112/4112 4113/4113
f 4126/4126 4125/4125 4112/4112
f 4124/4124 4117/4117 4114/4114
f 4124/4124 4127/4127 4117/4117
f 4120/4120 4113/4113 4100/4100
f 4120/4120 4126/4126 4113/4113
f 4127/4127 4118/4118 4117/4117
f 4127/4127 4128/4128 4118/4118
f 4128/4128 3974/3974 4118/4118
f 4128/4128 4115/4115 3974/3974
f 4109/4109 4111/4111 4112/4112
f 3846/3846 3845/3845 4129/4129
f 3846/3846 4129/4129 3851/3851
f 4129/4129 4130/4130 4131/4131
f 3845/3845 4132/4132 4129/4129
f 4129/4129 4131/4131 3851/3851
f 3282/3282 3546/3546 3907/3907
f 3900/3900 3886/3886 4056/4056
f 4133/4133 3549/3549 3548/3548
f 3899/3899 4134/4134 3885/3885
f 4135/4135 4136/4136 4137/4137
f 3835/3835 4138/4138 3836/3836
f 4136/4136 4139/4139 4137/4137
f 4140/4140 3887/3887 3890/3890
f 4141/4141 4142/4142 4143/4143
f 4144/4144 4145/4145 4146/4146
f 4147/4147 4148/4148 4149/4149
f 4150/4150 4133/4133 4149/4149
f 3567/3567 4142/4142 4151/4151
f 4137/4137 4139/4139 4152/4152
f 4153/4153 4151/4151 4142/4142
f 4144/4144 4154/4154 4145/4145
f 4146/4146 4137/4137 4147/4147
f 4155/4155 4154/4154 4156/4156
f 4137/4137 4152/4152 4147/4147
f 3574/3574 4146/4146 3575/3575
f 4145/4145 4137/4137 4146/4146
f 3891/3891 3897/3897 4157/4157
f 3891/3891 3894/3894 3897/3897
f 4158/4158 4159/4159 4160/4160
f 4161/4161 4159/4159 4162/4162
f 4163/4163 4164/4164 4158/4158
f 4138/4138 4165/4165 4166/4166
f 4167/4167 3901/3901 4168/4168
f 3881/3881 3246/3246 3282/3282
f 3885/3885 4134/4134 3886/3886
f 4162/4162 3881/3881 3909/3909
f 4168/4168 4169/4169 4157/4157
f 3836/3836 4164/4164 3837/3837
f 3902/3902 3901/3901 4167/4167
f 4157/4157 4169/4169 4170/4170
f 3905/3905 4168/4168 3901/3901
f 3837/3837 4164/4164 4163/4163
f 4160/4160 4163/4163 4158/4158
f 3836/3836 4166/4166 3899/3899
f 4149/4149 3548/3548 3575/3575
f 3548/3548 4149/4149 4133/4133
f 3899/3899 3898/3898 4164/4164
f 4056/4056 4165/4165 4171/4171
f 4172/4172 4157/4157 3897/3897
f 3886/3886 4134/4134 4056/4056
f 4164/4164 3836/3836 3899/3899
f 3891/3891 4157/4157 4170/4170
f 4142/4142 4141/4141 4153/4153
f 3567/3567 3592/3592 4142/4142
f 3881/3881 4162/4162 3898/3898
f 4162/4162 4158/4158 3898/3898
f 3898/3898 4158/4158 4164/4164
f 4162/4162 4159/4159 4158/4158
f 4173/4173 4160/4160 4174/4174
f 4144/4144 4146/4146 3595/3595
f 3880/3880 3881/3881 3898/3898
f 4174/4174 4159/4159 4161/4161
f 3897/3897 3596/3596 3269/3269
f 4147/4147 4149/4149 3575/3575
f 4152/4152 4148/4148 4147/4147
f 4166/4166 3836/3836 4138/4138
f 4148/4148 4150/4150 4149/4149
f 4160/4160 4159/4159 4174/4174
f 4146/4146 4147/4147 3575/3575
f 4143/4143 4142/4142 3592/3592
f 4143/4143 3262/3262 3887/3887
f 4140/4140 4141/4141 4143/4143
f 4143/4143 3887/3887 4140/4140
f 3592/3592 3262/3262 4143/4143
f 4161/4161 4162/4162 3909/3909
f 3909/3909 3881/3881 3282/3282
f 4175/4175 4176/4176 4177/4177
f 4178/4178 4176/4176 4179/4179
f 3876/3876 4180/4180 3884/3884
f 4181/4181 3840/3840 4182/4182
f 4179/4179 4183/4183 4178/4178
f 3839/3839 4180/4180 4184/4184
f 4184/4184 3876/3876 4175/4175
f 4180/4180 3842/3842 3877/3877
f 4185/4185 4186/4186 4187/4187
f 4181/4181 3843/3843 3841/3841
f 3841/3841 3843/3843 3842/3842
f 3852/3852 3877/3877 3842/3842
f 3873/3873 4188/4188 3874/3874
f 4189/4189 4186/4186 4190/4190
f 4189/4189 4191/4191 4178/4178
f 4177/4177 4176/4176 4191/4191
f 3840/3840 4181/4181 3841/3841
f 4186/4186 4183/4183 4192/4192
f 4183/4183 4186/4186 4189/4189
f 3862/3862 4179/4179 4193/4193
f 3855/3855 3847/3847 3863/3863
f 3856/3856 3855/3855 3863/3863
f 3852/3852 3878/3878 3877/3877
f 3878/3878 3852/3852 3851/3851
f 4178/4178 4183/4183 4189/4189
f 3862/3862 3861/3861 4183/4183
f 3869/3869 3862/3862 4193/4193
f 4176/4176 4193/4193 4179/4179
f 3875/3875 4176/4176 4175/4175
f 4180/4180 3876/3876 4184/4184
f 3844/3844 3843/3843 4181/4181
f 3842/3842 3843/3843 3852/3852
f 4176/4176 4178/4178 4191/4191
f 3847/3847 3855/3855 3848/3848
f 4176/4176 3875/3875 4193/4193
f 3873/3873 3876/3876 3884/3884
f 3868/3868 4188/4188 3854/3854
f 3869/3869 4188/4188 3870/3870
f 3870/3870 4188/4188 3868/3868
f 3853/3853 3868/3868 3854/3854
f 3854/3854 4188/4188 3873/3873
f 3869/3869 4193/4193 3874/3874
f 4193/4193 3875/3875 3874/3874
f 4188/4188 3869/3869 3874/3874
f 3876/3876 3875/3875 4175/4175
f 4180/4180 3839/3839 3842/3842
f 3855/3855 3884/3884 3848/3848
f 4183/4183 3861/3861 4192/4192
f 3848/3848 3884/3884 4180/4180
f 3877/3877 3848/3848 4180/4180
f 4179/4179 3862/3862 4183/4183
f 4185/4185 4187/4187 4194/4194
f 4131/4131 4195/4195 3851/3851
f 4195/4195 3878/3878 3851/3851
f 4190/4190 4186/4186 4185/4185
f 3879/3879 4196/4196 4197/4197
f 3867/3867 4196/4196 3872/3872
f 4130/4130 4195/4195 4131/4131
f 3866/3866 3858/3858 3864/3864
f 4161/4161 3909/3909 3908/3908
f 3871/3871 4196/4196 3879/3879
f 4172/4172 3883/3883 3882/3882
f 3902/3902 4167/4167 4172/4172
f 4056/4056 4134/4134 4166/4166
f 3274/3274 3254/3254 3900/3900
f 3254/3254 3886/3886 3900/3900
f 4157/4157 4172/4172 4167/4167
f 4157/4157 4167/4167 4168/4168
f 4166/4166 4165/4165 4056/4056
f 4144/4144 3595/3595 4156/4156
f 4144/4144 4156/4156 4154/4154
f 3567/3567 4151/4151 3620/3620
f 3595/3595 4146/4146 3574/3574
f 3899/3899 4166/4166 4134/4134
f 3895/3895 3891/3891 4170/4170
f 4172/4172 3897/3897 3883/3883
f 3596/3596 4198/4198 3621/3621
f 3893/3893 4198/4198 3596/3596
f 3596/3596 3894/3894 3893/3893
f 3897/3897 3894/3894 3596/3596
f 4171/4171 3902/3902 4172/4172
f 3882/3882 4171/4171 4172/4172
f 4156/4156 3620/3620 4151/4151
f 4155/4155 4151/4151 4153/4153
f 4145/4145 4135/4135 4137/4137
f 4156/4156 3595/3595 3620/3620
f 4155/4155 4156/4156 4151/4151
f 3926/3926 3925/3925 4058/4058
f 4060/4060 3304/3304 3926/3926
f 3472/3472 3304/3304 4060/4060
f 3926/3926 4058/4058 4060/4060
f 3934/3934 3927/3927 3315/3315
f 3928/3928 4199/4199 3929/3929
f 4199/4199 3928/3928 3924/3924
f 3920/3920 3918/3918 3919/3919
f 3919/3919 3921/3921 3920/3920
f 3914/3914 4058/4058 3925/3925
f 3910/3910 4199/4199 3911/3911
f 3914/3914 3925/3925 3915/3915
f 3925/3925 3920/3920 3915/3915
f 3915/3915 3920/3920 3912/3912
f 3915/3915 3912/3912 3916/3916
f 3916/3916 3912/3912 3911/3911
f 3924/3924 3911/3911 4199/4199
f 3922/3922 3927/3927 3934/3934
f 3934/3934 3923/3923 3922/3922
f 3937/3937 4200/4200 4201/4201
f 3935/3935 3937/3937 4202/4202
f 4200/4200 3937/3937 3936/3936
f 3935/3935 3323/3323 3320/3320
f 4202/4202 3937/3937 4201/4201
f 3940/3940 4203/4203 3627/3627
f 4204/4204 4205/4205 4206/4206
f 4202/4202 4207/4207 3964/3964
f 4201/4201 4208/4208 4207/4207
f 4209/4209 4210/4210 4204/4204
f 3942/3942 4209/4209 4211/4211
f 4212/4212 4213/4213 4202/4202
f 4206/4206 3947/3947 4211/4211
f 3947/3947 3946/3946 3944/3944
f 4209/4209 3942/3942 4214/4214
f 4209/4209 4215/4215 4210/4210
f 4214/4214 4216/4216 3950/3950
f 4214/4214 3942/3942 4216/4216
f 3967/3967 4215/4215 3968/3968
f 3942/3942 3941/3941 4217/4217
f 3945/3945 3940/3940 3939/3939
f 4218/4218 4203/4203 3945/3945
f 4214/4214 3953/3953 4215/4215
f 4206/4206 4218/4218 3945/3945
f 3956/3956 3953/3953 4214/4214
f 3935/3935 4213/4213 3938/3938
f 3947/3947 3944/3944 3943/3943
f 4207/4207 4219/4219 3967/3967
f 3964/3964 3963/3963 4212/4212
f 3951/3951 3950/3950 4216/4216
f 3952/3952 4215/4215 3953/3953
f 4212/4212 4202/4202 3964/3964
f 3935/3935 4202/4202 4213/4213
f 3951/3951 4216/4216 4217/4217
f 3962/3962 3961/3961 3960/3960
f 3973/3973 3970/3970 3965/3965
f 3952/3952 3968/3968 4215/4215
f 4203/4203 3940/3940 3945/3945
f 4209/4209 4214/4214 4215/4215
f 3956/3956 4214/4214 3950/3950
f 3967/3967 4210/4210 4215/4215
f 4211/4211 4209/4209 4204/4204
f 3940/3940 3627/3627 3325/3325
f 4211/4211 3947/3947 3943/3943
f 4205/4205 4219/4219 4208/4208
f 3967/3967 4219/4219 4210/4210
f 4219/4219 4204/4204 4210/4210
f 4205/4205 4204/4204 4219/4219
f 4208/4208 4219/4219 4207/4207
f 3942/3942 4211/4211 3943/3943
f 3942/3942 4217/4217 4216/4216
f 4202/4202 4201/4201 4207/4207
f 4204/4204 4206/4206 4211/4211
f 4218/4218 4206/4206 4205/4205
f 4206/4206 3945/3945 3947/3947
f 3969/3969 3968/3968 3973/3973
f 3965/3965 3970/3970 3961/3961
f 3962/3962 3965/3965 3961/3961
f 4207/4207 3967/3967 3966/3966
f 3968/3968 3952/3952 3973/3973
f 4207/4207 3966/3966 3964/3964
f 3969/3969 3973/3973 3965/3965
f 3833/3833 3832/3832 4123/4123
f 4061/4061 4074/4074 4076/4076
f 4196/4196 3871/3871 3872/3872
f 4058/4058 3914/3914 3931/3931
f 2693/2693 3932/3932 3917/3917
f 3933/3933 2693/2693 3923/3923
f 4058/4058 4057/4057 4059/4059
f 4059/4059 4220/4220 3645/3645
f 4059/4059 4057/4057 4221/4221
f 4059/4059 4221/4221 4220/4220
f 4221/4221 4222/4222 4220/4220
f 4220/4220 4222/4222 3649/3649
f 3931/3931 3930/3930 4057/4057
f 4059/4059 3645/3645 3472/3472
f 4220/4220 3649/3649 3645/3645
f 4222/4222 3650/3650 3649/3649
f 4056/4056 4171/4171 3882/3882
f 4165/4165 3903/3903 4171/4171
f 3903/3903 3902/3902 4171/4171
f 4006/4006 4223/4223 3406/3406
f 3981/3981 3983/3983 4224/4224
f 3980/3980 4225/4225 3982/3982
f 3654/3654 4004/4004 3402/3402
f 3991/3991 3993/3993 3992/3992
f 3405/3405 3656/3656 4005/4005
f 4226/4226 4227/4227 4228/4228
f 4229/4229 4230/4230 4228/4228
f 4231/4231 4006/4006 3980/3980
f 4226/4226 3988/3988 3993/3993
f 4229/4229 3978/3978 4232/4232
f 4233/4233 4225/4225 3980/3980
f 3977/3977 3368/3368 3665/3665
f 3991/3991 4226/4226 3993/3993
f 4234/4234 4235/4235 4236/4236
f 3977/3977 3665/3665 3669/3669
f 3977/3977 3669/3669 4237/4237
f 3669/3669 4236/4236 4237/4237
f 4236/4236 3669/3669 3671/3671
f 3988/3988 4234/4234 4236/4236
f 4226/4226 4234/4234 3988/3988
f 4232/4232 3978/3978 3977/3977
f 3976/3976 4238/4238 4239/4239
f 4237/4237 4236/4236 4235/4235
f 3977/3977 4237/4237 4235/4235
f 4235/4235 4232/4232 3977/3977
f 3980/3980 4229/4229 4233/4233
f 4229/4229 4232/4232 4230/4230
f 4230/4230 4232/4232 4235/4235
f 4230/4230 4234/4234 4226/4226
f 4226/4226 3991/3991 4227/4227
f 4230/4230 4235/4235 4234/4234
f 4233/4233 3990/3990 4225/4225
f 3991/3991 3990/3990 4233/4233
f 4224/4224 4240/4240 4241/4241
f 4240/4240 3983/3983 3982/3982
f 4224/4224 3983/3983 4240/4240
f 4242/4242 3980/3980 3982/3982
f 4015/4015 4231/4231 4242/4242
f 4231/4231 4243/4243 4223/4223
f 4000/4000 3998/3998 3996/3996
f 3996/3996 3390/3390 4000/4000
f 3390/3390 3398/3398 4000/4000
f 3992/3992 4244/4244 4245/4245
f 3987/3987 3986/3986 3680/3680
f 3987/3987 3680/3680 3391/3391
f 4246/4246 4240/4240 4247/4247
f 4246/4246 4247/4247 4245/4245
f 3984/3984 3997/3997 3985/3985
f 4225/4225 4247/4247 4240/4240
f 3992/3992 3997/3997 4244/4244
f 4240/4240 4248/4248 4241/4241
f 4240/4240 4246/4246 4248/4248
f 4245/4245 4247/4247 3992/3992
f 3994/3994 3397/3397 3388/3388
f 4002/4002 3994/3994 3995/3995
f 3999/3999 3998/3998 4001/4001
f 3995/3995 4249/4249 4250/4250
f 4244/4244 4250/4250 4245/4245
f 3996/3996 3998/3998 3987/3987
f 3984/3984 3987/3987 3998/3998
f 4002/4002 3997/3997 3999/3999
f 3985/3985 3997/3997 3992/3992
f 4000/4000 4001/4001 3998/3998
f 3994/3994 4001/4001 3397/3397
f 4244/4244 3997/3997 4002/4002
f 3995/3995 4251/4251 4002/4002
f 4002/4002 4251/4251 4244/4244
f 3995/3995 4250/4250 4251/4251
f 4244/4244 4251/4251 4250/4250
f 4231/4231 3980/3980 4242/4242
f 4249/4249 3995/3995 4005/4005
f 3656/3656 4249/4249 4005/4005
f 3993/3993 3985/3985 3992/3992
f 4006/4006 3979/3979 3980/3980
f 4225/4225 4240/4240 3982/3982
f 3686/3686 4252/4252 3408/3408
f 4007/4007 4253/4253 4008/4008
f 4008/4008 4041/4041 4009/4009
f 4254/4254 4013/4013 4017/4017
f 4255/4255 4253/4253 4007/4007
f 4003/4003 4224/4224 4026/4026
f 4252/4252 4255/4255 4007/4007
f 4252/4252 4007/4007 3408/3408
f 4231/4231 4015/4015 4014/4014
f 4254/4254 4010/4010 4013/4013
f 4008/4008 4256/4256 4041/4041
f 4257/4257 4258/4258 4024/4024
f 4018/4018 4258/4258 4259/4259
f 3695/3695 4260/4260 3429/3429
f 4257/4257 4024/4024 4023/4023
f 4260/4260 4257/4257 4023/4023
f 4260/4260 4023/4023 3429/3429
f 4024/4024 4018/4018 4037/4037
f 4018/4018 4259/4259 4019/4019
f 4014/4014 3654/3654 4243/4243
f 3654/3654 4014/4014 4004/4004
f 4018/4018 4021/4021 4037/4037
f 4258/4258 4018/4018 4024/4024
f 4261/4261 4032/4032 4043/4043
f 3698/3698 4262/4262 3456/3456
f 4030/4030 4033/4033 4045/4045
f 4262/4262 4030/4030 4045/4045
f 4262/4262 4045/4045 3456/3456
f 4254/4254 4263/4263 4010/4010
f 4022/4022 4038/4038 4025/4025
f 4256/4256 4040/4040 4041/4041
f 4253/4253 4256/4256 4008/4008
f 4032/4032 4046/4046 4033/4033
f 4032/4032 4261/4261 4046/4046
f 4053/4053 4054/4054 4264/4264
f 4051/4051 4053/4053 4264/4264
f 4265/4265 4266/4266 4267/4267
f 4268/4268 4266/4266 4265/4265
f 4269/4269 4270/4270 4267/4267
f 4271/4271 4272/4272 4273/4273
f 4274/4274 4275/4275 4276/4276
f 4277/4277 4278/4278 4268/4268
f 4279/4279 4280/4280 4281/4281
f 4282/4282 4279/4279 4281/4281
f 4283/4283 4284/4284 4285/4285
f 4280/4280 4279/4279 4286/4286
f 4287/4287 4283/4283 4285/4285
f 4273/4273 4288/4288 4289/4289
f 4280/4280 4272/4272 4271/4271
f 4290/4290 4272/4272 4286/4286
f 4291/4291 4292/4292 4293/4293
f 4294/4294 4270/4270 4269/4269
f 4282/4282 4287/4287 4279/4279
f 4291/4291 4295/4295 4285/4285
f 4296/4296 4291/4291 4285/4285
f 4296/4296 4285/4285 4284/4284
f 4282/4282 4297/4297 4287/4287
f 4298/4298 4286/4286 4279/4279
f 4298/4298 4279/4279 4295/4295
f 4287/4287 4297/4297 4283/4283
f 4272/4272 4280/4280 4286/4286
f 4291/4291 4298/4298 4295/4295
f 4279/4279 4287/4287 4295/4295
f 4285/4285 4295/4295 4287/4287
f 4291/4291 4296/4296 4292/4292
f 4273/4273 4272/4272 4288/4288
f 4272/4272 4290/4290 4288/4288
f 4292/4292 4299/4299 4274/4274
f 4300/4300 4293/4293 4292/4292
f 4292/4292 4296/4296 4299/4299
f 4296/4296 4284/4284 4299/4299
f 4292/4292 4276/4276 4300/4300
f 4276/4276 4301/4301 4300/4300
f 4302/4302 4303/4303 4304/4304
f 4305/4305 4306/4306 4307/4307
f 4305/4305 4308/4308 4309/4309
f 4310/4310 4311/4311 4312/4312
f 4313/4313 4314/4314 4315/4315
f 4316/4316 4315/4315 4314/4314
f 4317/4317 4304/4304 4318/4318
f 4319/4319 4318/4318 4304/4304
f 4320/4320 4319/4319 4321/4321
f 4322/4322 4323/4323 4324/4324
f 4325/4325 4323/4323 4326/4326
f 4327/4327 4328/4328 4329/4329
f 4330/4330 4331/4331 4317/4317
f 4331/4331 4324/4324 4323/4323
f 4332/4332 4321/4321 4333/4333
f 4334/4334 4335/4335 4309/4309
f 4336/4336 4310/4310 4306/4306
f 4309/4309 4308/4308 4334/4334
f 4310/4310 4312/4312 4337/4337
f 4312/4312 4338/4338 4339/4339
f 4340/4340 4341/4341 4342/4342
f 4343/4343 4338/4338 4344/4344
f 4332/4332 4345/4345 4346/4346
f 4346/4346 4345/4345 4322/4322
f 4303/4303 4311/4311 4347/4347
f 4348/4348 4321/4321 4347/4347
f 4349/4349 4335/4335 4326/4326
f 4303/4303 4325/4325 4326/4326
f 4348/4348 4350/4350 4333/4333
f 4349/4349 4323/4323 4351/4351
f 4333/4333 4352/4352 4345/4345
f 4345/4345 4352/4352 4351/4351
f 4353/4353 4348/4348 4311/4311
f 4328/4328 4303/4303 4329/4329
f 4335/4335 4349/4349 4354/4354
f 4328/4328 4355/4355 4311/4311
f 4335/4335 4334/4334 4329/4329
f 4353/4353 4336/4336 4350/4350
f 4350/4350 4305/4305 4352/4352
f 4352/4352 4305/4305 4354/4354
f 4306/4306 4356/4356 4307/4307
f 4307/4307 4356/4356 4308/4308
f 4337/4337 4357/4357 4306/4306
f 4308/4308 4358/4358 4342/4342
f 4339/4339 4359/4359 4337/4337
f 4338/4338 4343/4343 4339/4339
f 4341/4341 4327/4327 4342/4342
f 4338/4338 4355/4355 4341/4341
f 4320/4320 4332/4332 4360/4360
f 4332/4332 4346/4346 4361/4361
f 4346/4346 4362/4362 4363/4363
f 4322/4322 4364/4364 4362/4362
f 4365/4365 4366/4366 4367/4367
f 4366/4366 4368/4368 4369/4369
f 4361/4361 4313/4313 4360/4360
f 4363/4363 4313/4313 4361/4361
f 4362/4362 4316/4316 4363/4363
f 4364/4364 4316/4316 4362/4362
f 4369/4369 4370/4370 4367/4367
f 4368/4368 4371/4371 4369/4369
f 4303/4303 4347/4347 4304/4304
f 4332/4332 4333/4333 4345/4345
f 4345/4345 4351/4351 4322/4322
f 4303/4303 4302/4302 4325/4325
f 4323/4323 4322/4322 4351/4351
f 4321/4321 4348/4348 4333/4333
f 4315/4315 4372/4372 4313/4313
f 4316/4316 4373/4373 4315/4315
f 4318/4318 4330/4330 4317/4317
f 4304/4304 4321/4321 4319/4319
f 4321/4321 4332/4332 4320/4320
f 4324/4324 4374/4374 4322/4322
f 4323/4323 4349/4349 4326/4326
f 4323/4323 4325/4325 4331/4331
f 4321/4321 4304/4304 4347/4347
f 4335/4335 4329/4329 4326/4326
f 4348/4348 4353/4353 4350/4350
f 4333/4333 4350/4350 4352/4352
f 4348/4348 4347/4347 4311/4311
f 4303/4303 4326/4326 4329/4329
f 4349/4349 4351/4351 4354/4354
f 4346/4346 4363/4363 4361/4361
f 4346/4346 4322/4322 4362/4362
f 4366/4366 4369/4369 4367/4367
f 4366/4366 4375/4375 4368/4368
f 4313/4313 4372/4372 4360/4360
f 4363/4363 4314/4314 4313/4313
f 4316/4316 4314/4314 4363/4363
f 4364/4364 4373/4373 4316/4316
f 4369/4369 4376/4376 4370/4370
f 4371/4371 4376/4376 4369/4369
f 4267/4267 4270/4270 4265/4265
f 4265/4265 4277/4277 4268/4268
f 4267/4267 4377/4377 4269/4269
f 4273/4273 4378/4378 4271/4271
f 4276/4276 4292/4292 4274/4274
f 4305/4305 4336/4336 4306/4306
f 4305/4305 4307/4307 4308/4308
f 4310/4310 4353/4353 4311/4311
f 4327/4327 4355/4355 4328/4328
f 4335/4335 4354/4354 4309/4309
f 4310/4310 4337/4337 4306/4306
f 4308/4308 4342/4342 4334/4334
f 4312/4312 4339/4339 4337/4337
f 4312/4312 4355/4355 4338/4338
f 4340/4340 4344/4344 4341/4341
f 4338/4338 4341/4341 4344/4344
f 4355/4355 4312/4312 4311/4311
f 4334/4334 4327/4327 4329/4329
f 4353/4353 4310/4310 4336/4336
f 4350/4350 4336/4336 4305/4305
f 4305/4305 4309/4309 4354/4354
f 4306/4306 4357/4357 4356/4356
f 4356/4356 4358/4358 4308/4308
f 4337/4337 4359/4359 4357/4357
f 4358/4358 4340/4340 4342/4342
f 4339/4339 4379/4379 4359/4359
f 4343/4343 4379/4379 4339/4339
f 4327/4327 4334/4334 4342/4342
f 4355/4355 4327/4327 4341/4341
f 4304/4304 4317/4317 4302/4302
f 4302/4302 4317/4317 4325/4325
f 4331/4331 4325/4325 4317/4317
f 4303/4303 4328/4328 4311/4311
f 4352/4352 4354/4354 4351/4351
f 4322/4322 4374/4374 4364/4364
f 4332/4332 4361/4361 4360/4360
f 3817/3817 3989/3989 4380/4380
f 4380/4380 3366/3366 3817/3817
f 4239/4239 4236/4236 3819/3819
f 4238/4238 3988/3988 4236/4236
f 4236/4236 4239/4239 4238/4238
f 3366/3366 4380/4380 3976/3976
f 4239/4239 3819/3819 3364/3364
f 3364/3364 3976/3976 4239/4239
f 4236/4236 3671/3671 3819/3819
f 4243/4243 3820/3820 4223/4223
f 3654/3654 3820/3820 4243/4243
f 4231/4231 4014/4014 4243/4243
f 4006/4006 4231/4231 4223/4223
f 4225/4225 3990/3990 4247/4247
f 3981/3981 4015/4015 3982/3982
f 4015/4015 4242/4242 3982/3982
f 3820/3820 3406/3406 4223/4223
f 4022/4022 4025/4025 4023/4023
f 3989/3989 3988/3988 4238/4238
f 4238/4238 4380/4380 3989/3989
f 4380/4380 4238/4238 3976/3976
f 3989/3989 3817/3817 3680/3680
f 3680/3680 3986/3986 3989/3989
f 4381/4381 4382/4382 4383/4383
f 4383/4383 4384/4384 4381/4381
f 4385/4385 4386/4386 4382/4382
f 4382/4382 4381/4381 4385/4385
f 4387/4387 4388/4388 4386/4386
f 4386/4386 4385/4385 4387/4387
f 4388/4388 4389/4389 4386/4386
f 4390/4390 4384/4384 4383/4383
f 4383/4383 4391/4391 4390/4390
f 4392/4392 4390/4390 4391/4391
f 4391/4391 4393/4393 4392/4392
f 4387/4387 4392/4392 4393/4393
f 4393/4393 4388/4388 4387/4387
f 4389/4389 4388/4388 4393/4393
f 4382/4382 4389/4389 4383/4383
f 4386/4386 4389/4389 4382/4382
f 4391/4391 4383/4383 4389/4389
f 4393/4393 4391/4391 4389/4389
f 4394/4394 4395/4395 4396/4396
f 4396/4396 4397/4397 4394/4394
f 4397/4397 4396/4396 4398/4398
f 4398/4398 4399/4399 4397/4397
f 4399/4399 4398/4398 4400/4400
f 4400/4400 4401/4401 4399/4399
f 4401/4401 4400/4400 4402/4402
f 4402/4402 4403/4403 4401/4401
f 4403/4403 4402/4402 4404/4404
f 4404/4404 4405/4405 4403/4403
f 4406/4406 4407/4407 4408/4408
f 4408/4408 4409/4409 4406/4406
f 4409/4409 4408/4408 4410/4410
f 4410/4410 4411/4411 4409/4409
f 4411/4411 4410/4410 4412/4412
f 4412/4412 4413/4413 4411/4411
f 4413/4413 4412/4412 4414/4414
f 4414/4414 4415/4415 4413/4413
f 4415/4415 4414/4414 4416/4416
f 4416/4416 4417/4417 4415/4415
f 4418/4418 4419/4419 4420/4420
f 4420/4420 4421/4421 4418/4418
f 4422/4422 4418/4418 4421/4421
f 4421/4421 4423/4423 4422/4422
f 4424/4424 4425/4425 4426/4426
f 4426/4426 4427/4427 4424/4424
f 4422/4422 4423/4423 4425/4425
f 4425/4425 4424/4424 4422/4422
f 4428/4428 4421/4421 4420/4420
f 4420/4420 4429/4429 4428/4428
f 4430/4430 4423/4423 4421/4421
f 4421/4421 4428/4428 4430/4430
f 4431/4431 4432/4432 4426/4426
f 4426/4426 4425/4425 4431/4431
f 4430/4430 4431/4431 4425/4425
f 4425/4425 4423/4423 4430/4430
f 4433/4433 4434/4434 4435/4435
f 4435/4435 4436/4436 4433/4433
f 4437/4437 4433/4433 4436/4436
f 4436/4436 4438/4438 4437/4437
f 4439/4439 4437/4437 4438/4438
f 4438/4438 4440/4440 4439/4439
f 4441/4441 4442/4442 4443/4443
f 4443/4443 4444/4444 4441/4441
f 4445/4445 4441/4441 4444/4444
f 4444/4444 4446/4446 4445/4445
f 4447/4447 4448/4448 4449/4449
f 4449/4449 4450/4450 4447/4447
f 4451/4451 4447/4447 4450/4450
f 4450/4450 4452/4452 4451/4451
f 4453/4453 4451/4451 4452/4452
f 4452/4452 4454/4454 4453/4453
f 4455/4455 4453/4453 4454/4454
f 4454/4454 4456/4456 4455/4455
f 4457/4457 4455/4455 4456/4456
f 4456/4456 4458/4458 4457/4457
f 4459/4459 4457/4457 4458/4458
f 4458/4458 4460/4460 4459/4459
f 4461/4461 4459/4459 4460/4460
f 4460/4460 4462/4462 4461/4461
f 4434/4434 4461/4461 4462/4462
f 4462/4462 4435/4435 4434/4434
f 4439/4439 4463/4463 4455/4455
f 4455/4455 4457/4457 4439/4439
f 4464/4464 4451/4451 4453/4453
f 4453/4453 4465/4465 4464/4464
f 4466/4466 4467/4467 4468/4468
f 4468/4468 4469/4469 4466/4466
f 4467/4467 4470/4470 4463/4463
f 4463/4463 4468/4468 4467/4467
f 4468/4468 4471/4471 4472/4472
f 4472/4472 4469/4469 4468/4468
f 4473/4473 4474/4474 4464/4464
f 4464/4464 4475/4475 4473/4473
f 4476/4476 4477/4477 4478/4478
f 4478/4478 4473/4473 4476/4476
f 4479/4479 4480/4480 4481/4481
f 4481/4481 4482/4482 4479/4479
f 4483/4483 4484/4484 4485/4485
f 4485/4485 4486/4486 4483/4483
f 4487/4487 4488/4488 4484/4484
f 4484/4484 4483/4483 4487/4487
f 4489/4489 4490/4490 4488/4488
f 4488/4488 4487/4487 4489/4489
f 4491/4491 4492/4492 4493/4493
f 4493/4493 4494/4494 4491/4491
f 4495/4495 4496/4496 4492/4492
f 4492/4492 4491/4491 4495/4495
f 4497/4497 4498/4498 4499/4499
f 4499/4499 4500/4500 4497/4497
f 4501/4501 4502/4502 4498/4498
f 4498/4498 4497/4497 4501/4501
f 4503/4503 4504/4504 4502/4502
f 4502/4502 4501/4501 4503/4503
f 4505/4505 4506/4506 4504/4504
f 4504/4504 4503/4503 4505/4505
f 4507/4507 4508/4508 4506/4506
f 4506/4506 4505/4505 4507/4507
f 4509/4509 4510/4510 4508/4508
f 4508/4508 4507/4507 4509/4509
f 4511/4511 4512/4512 4510/4510
f 4510/4510 4509/4509 4511/4511
f 4486/4486 4485/4485 4512/4512
f 4512/4512 4511/4511 4486/4486
f 4489/4489 4507/4507 4505/4505
f 4505/4505 4513/4513 4489/4489
f 4514/4514 4515/4515 4503/4503
f 4503/4503 4501/4501 4514/4514
f 4516/4516 4517/4517 4518/4518
f 4518/4518 4519/4519 4516/4516
f 4519/4519 4518/4518 4513/4513
f 4513/4513 4520/4520 4519/4519
f 4518/4518 4517/4517 4521/4521
f 4521/4521 4522/4522 4518/4518
f 4523/4523 4524/4524 4514/4514
f 4514/4514 4525/4525 4523/4523
f 4526/4526 4527/4527 4528/4528
f 4528/4528 4523/4523 4526/4526
f 4529/4529 4530/4530 4531/4531
f 4531/4531 4532/4532 4529/4529
f 4533/4533 4534/4534 4535/4535
f 4535/4535 4536/4536 4533/4533
f 4537/4537 4538/4538 4534/4534
f 4534/4534 4533/4533 4537/4537
f 4539/4539 4540/4540 4541/4541
f 4541/4541 4542/4542 4539/4539
f 4543/4543 4544/4544 4545/4545
f 4545/4545 4546/4546 4543/4543
f 4547/4547 4548/4548 4544/4544
f 4544/4544 4543/4543 4547/4547
f 4549/4549 4550/4550 4548/4548
f 4548/4548 4547/4547 4549/4549
f 4551/4551 4552/4552 4553/4553
f 4553/4553 4554/4554 4551/4551
f 4539/4539 4542/4542 4549/4549
f 4549/4549 4547/4547 4539/4539
f 4555/4555 4556/4556 4550/4550
f 4555/4555 4550/4550 4549/4549
f 4557/4557 4558/4558 4556/4556
f 4556/4556 4555/4555 4557/4557
f 4559/4559 4560/4560 4558/4558
f 4558/4558 4557/4557 4559/4559
f 4561/4561 4562/4562 4563/4563
f 4564/4564 4565/4565 4535/4535
f 4535/4535 4534/4534 4564/4564
f 4566/4566 4564/4564 4534/4534
f 4534/4534 4538/4538 4566/4566
f 4567/4567 4568/4568 4569/4569
f 4569/4569 4540/4540 4567/4567
f 4570/4570 4571/4571 4572/4572
f 4572/4572 4544/4544 4570/4570
f 4573/4573 4570/4570 4544/4544
f 4544/4544 4548/4548 4573/4573
f 4574/4574 4573/4573 4548/4548
f 4548/4548 4550/4550 4574/4574
f 4575/4575 4576/4576 4553/4553
f 4553/4553 4552/4552 4575/4575
f 4567/4567 4573/4573 4574/4574
f 4574/4574 4568/4568 4567/4567
f 4550/4550 4556/4556 4577/4577
f 4550/4550 4577/4577 4574/4574
f 4578/4578 4577/4577 4556/4556
f 4556/4556 4558/4558 4578/4578
f 4579/4579 4578/4578 4558/4558
f 4558/4558 4560/4560 4579/4579
f 4561/4561 4580/4580 4581/4581
f 4582/4582 4583/4583 4584/4584
f 4584/4584 4585/4585 4582/4582
f 4586/4586 4587/4587 4588/4588
f 4588/4588 4589/4589 4586/4586
f 4589/4589 4590/4590 4591/4591
f 4591/4591 4586/4586 4589/4589
f 4592/4592 4593/4593 4590/4590
f 4590/4590 4589/4589 4592/4592
f 4582/4582 4585/4585 4594/4594
f 4594/4594 4595/4595 4582/4582
f 4596/4596 4597/4597 4598/4598
f 4598/4598 4599/4599 4596/4596
f 4597/4597 4596/4596 4600/4600
f 4600/4600 4601/4601 4597/4597
f 4592/4592 4597/4597 4601/4601
f 4601/4601 4593/4593 4592/4592
f 4404/4404 4402/4402 4602/4602
f 4396/4396 4395/4395 4602/4602
f 4398/4398 4396/4396 4602/4602
f 4400/4400 4398/4398 4602/4602
f 4602/4602 4402/4402 4400/4400
f 4603/4603 4418/4418 4422/4422
f 4604/4604 4419/4419 4418/4418
f 4605/4605 4420/4420 4419/4419
f 4604/4604 4605/4605 4419/4419
f 4603/4603 4604/4604 4418/4418
f 4603/4603 4422/4422 4424/4424
f 4606/4606 4424/4424 4427/4427
f 4607/4607 4427/4427 4426/4426
f 4606/4606 4427/4427 4607/4607
f 4603/4603 4424/4424 4606/4606
f 4603/4603 4430/4430 4428/4428
f 4604/4604 4428/4428 4429/4429
f 4605/4605 4429/4429 4420/4420
f 4604/4604 4429/4429 4605/4605
f 4603/4603 4428/4428 4604/4604
f 4603/4603 4431/4431 4430/4430
f 4606/4606 4432/4432 4431/4431
f 4607/4607 4426/4426 4432/4432
f 4606/4606 4607/4607 4432/4432
f 4603/4603 4606/4606 4431/4431
f 4468/4468 4439/4439 4471/4471
f 4481/4481 4608/4608 4609/4609
f 4482/4482 4610/4610 4479/4479
f 4611/4611 4442/4442 4610/4610
f 4449/4449 4612/4612 4613/4613
f 4459/4459 4433/4433 4457/4457
f 4459/4459 4461/4461 4434/4434
f 4437/4437 4439/4439 4457/4457
f 4433/4433 4437/4437 4457/4457
f 4463/4463 4453/4453 4455/4455
f 4464/4464 4474/4474 4451/4451
f 4609/4609 4448/4448 4447/4447
f 4609/4609 4608/4608 4612/4612
f 4479/4479 4610/4610 4445/4445
f 4442/4442 4441/4441 4445/4445
f 4610/4610 4442/4442 4445/4445
f 4459/4459 4434/4434 4433/4433
f 4453/4453 4470/4470 4465/4465
f 4453/4453 4463/4463 4470/4470
f 4481/4481 4609/4609 4477/4477
f 4477/4477 4609/4609 4447/4447
f 4468/4468 4463/4463 4439/4439
f 4439/4439 4440/4440 4471/4471
f 4440/4440 4472/4472 4471/4471
f 4472/4472 4614/4614 4469/4469
f 4469/4469 4614/4614 4466/4466
f 4615/4615 4476/4476 4473/4473
f 4474/4474 4478/4478 4451/4451
f 4478/4478 4474/4474 4473/4473
f 4465/4465 4470/4470 4467/4467
f 4478/4478 4477/4477 4447/4447
f 4478/4478 4447/4447 4451/4451
f 4480/4480 4479/4479 4613/4613
f 4613/4613 4445/4445 4449/4449
f 4481/4481 4480/4480 4608/4608
f 4608/4608 4480/4480 4612/4612
f 4612/4612 4448/4448 4609/4609
f 4480/4480 4613/4613 4612/4612
f 4479/4479 4445/4445 4613/4613
f 4449/4449 4448/4448 4612/4612
f 4611/4611 4443/4443 4442/4442
f 4482/4482 4611/4611 4610/4610
f 4445/4445 4446/4446 4449/4449
f 4615/4615 4473/4473 4475/4475
f 4481/4481 4477/4477 4476/4476
f 4464/4464 4465/4465 4616/4616
f 4616/4616 4467/4467 4466/4466
f 4616/4616 4465/4465 4467/4467
f 4518/4518 4522/4522 4489/4489
f 4531/4531 4617/4617 4618/4618
f 4530/4530 4529/4529 4619/4619
f 4620/4620 4619/4619 4494/4494
f 4499/4499 4621/4621 4622/4622
f 4509/4509 4507/4507 4483/4483
f 4509/4509 4486/4486 4511/4511
f 4487/4487 4507/4507 4489/4489
f 4483/4483 4507/4507 4487/4487
f 4513/4513 4505/4505 4503/4503
f 4514/4514 4501/4501 4525/4525
f 4497/4497 4500/4500 4617/4617
f 4617/4617 4622/4622 4618/4618
f 4529/4529 4495/4495 4619/4619
f 4494/4494 4495/4495 4491/4491
f 4619/4619 4495/4495 4494/4494
f 4509/4509 4483/4483 4486/4486
f 4503/4503 4515/4515 4520/4520
f 4503/4503 4520/4520 4513/4513
f 4531/4531 4527/4527 4617/4617
f 4527/4527 4497/4497 4617/4617
f 4518/4518 4489/4489 4513/4513
f 4489/4489 4522/4522 4490/4490
f 4490/4490 4522/4522 4521/4521
f 4521/4521 4517/4517 4623/4623
f 4517/4517 4516/4516 4623/4623
f 4624/4624 4523/4523 4528/4528
f 4525/4525 4501/4501 4526/4526
f 4526/4526 4523/4523 4525/4525
f 4515/4515 4519/4519 4520/4520
f 4526/4526 4497/4497 4527/4527
f 4526/4526 4501/4501 4497/4497
f 4532/4532 4621/4621 4529/4529
f 4621/4621 4499/4499 4495/4495
f 4531/4531 4618/4618 4532/4532
f 4618/4618 4622/4622 4532/4532
f 4622/4622 4617/4617 4500/4500
f 4532/4532 4622/4622 4621/4621
f 4529/4529 4621/4621 4495/4495
f 4499/4499 4622/4622 4500/4500
f 4620/4620 4494/4494 4493/4493
f 4530/4530 4619/4619 4620/4620
f 4495/4495 4499/4499 4496/4496
f 4624/4624 4524/4524 4523/4523
f 4531/4531 4528/4528 4527/4527
f 4524/4524 4515/4515 4514/4514
f 4524/4524 4516/4516 4519/4519
f 4524/4524 4519/4519 4515/4515
f 4557/4557 4555/4555 4625/4625
f 4535/4535 4626/4626 4536/4536
f 4627/4627 4538/4538 4537/4537
f 4628/4628 4629/4629 4630/4630
f 4545/4545 4628/4628 4546/4546
f 4553/4553 4561/4561 4563/4563
f 4631/4631 4632/4632 4633/4633
f 4557/4557 4625/4625 4559/4559
f 4633/4633 4542/4542 4536/4536
f 4634/4634 4542/4542 4633/4633
f 4634/4634 4549/4549 4542/4542
f 4625/4625 4549/4549 4634/4634
f 4625/4625 4555/4555 4549/4549
f 4539/4539 4546/4546 4630/4630
f 4539/4539 4543/4543 4546/4546
f 4539/4539 4547/4547 4543/4543
f 4626/4626 4635/4635 4536/4536
f 4633/4633 4536/4536 4635/4635
f 4536/4536 4542/4542 4533/4533
f 4537/4537 4542/4542 4627/4627
f 4542/4542 4537/4537 4533/4533
f 4541/4541 4627/4627 4542/4542
f 4633/4633 4635/4635 4631/4631
f 4635/4635 4626/4626 4631/4631
f 4630/4630 4540/4540 4539/4539
f 4546/4546 4628/4628 4630/4630
f 4636/4636 4637/4637 4638/4638
f 4630/4630 4629/4629 4540/4540
f 4639/4639 4640/4640 4638/4638
f 4638/4638 4637/4637 4639/4639
f 4641/4641 4642/4642 4643/4643
f 4553/4553 4563/4563 4554/4554
f 4561/4561 4644/4644 4562/4562
f 4578/4578 4645/4645 4577/4577
f 4535/4535 4565/4565 4626/4626
f 4646/4646 4566/4566 4538/4538
f 4647/4647 4648/4648 4649/4649
f 4572/4572 4571/4571 4647/4647
f 4553/4553 4580/4580 4561/4561
f 4650/4650 4651/4651 4632/4632
f 4578/4578 4579/4579 4645/4645
f 4651/4651 4565/4565 4568/4568
f 4652/4652 4651/4651 4568/4568
f 4652/4652 4568/4568 4574/4574
f 4645/4645 4652/4652 4574/4574
f 4645/4645 4574/4574 4577/4577
f 4567/4567 4648/4648 4571/4571
f 4567/4567 4571/4571 4570/4570
f 4567/4567 4570/4570 4573/4573
f 4626/4626 4565/4565 4653/4653
f 4651/4651 4653/4653 4565/4565
f 4565/4565 4564/4564 4568/4568
f 4566/4566 4646/4646 4568/4568
f 4568/4568 4564/4564 4566/4566
f 4569/4569 4568/4568 4646/4646
f 4651/4651 4650/4650 4653/4653
f 4653/4653 4650/4650 4626/4626
f 4648/4648 4567/4567 4540/4540
f 4571/4571 4648/4648 4647/4647
f 4636/4636 4654/4654 4637/4637
f 4648/4648 4540/4540 4649/4649
f 4655/4655 4654/4654 4656/4656
f 4654/4654 4655/4655 4637/4637
f 4657/4657 4643/4643 4642/4642
f 4553/4553 4576/4576 4580/4580
f 4561/4561 4581/4581 4644/4644
f 4658/4658 4659/4659 4660/4660
f 4661/4661 4587/4587 4660/4660
f 4660/4660 4587/4587 4586/4586
f 4662/4662 4590/4590 4593/4593
f 4592/4592 4588/4588 4663/4663
f 4664/4664 4663/4663 4665/4665
f 4666/4666 4664/4664 4665/4665
f 4667/4667 4668/4668 4669/4669
f 4670/4670 4669/4669 4671/4671
f 4671/4671 4672/4672 4673/4673
f 4674/4674 4673/4673 4675/4675
f 4675/4675 4676/4676 4677/4677
f 4678/4678 4677/4677 4658/4658
f 4588/4588 4587/4587 4668/4668
f 4672/4672 4676/4676 4673/4673
f 4676/4676 4659/4659 4677/4677
f 4672/4672 4661/4661 4676/4676
f 4676/4676 4661/4661 4659/4659
f 4588/4588 4679/4679 4665/4665
f 4588/4588 4668/4668 4679/4679
f 4668/4668 4587/4587 4672/4672
f 4667/4667 4679/4679 4668/4668
f 4680/4680 4665/4665 4679/4679
f 4665/4665 4680/4680 4666/4666
f 4672/4672 4587/4587 4661/4661
f 4680/4680 4679/4679 4667/4667
f 4588/4588 4592/4592 4589/4589
f 4665/4665 4663/4663 4588/4588
f 4675/4675 4677/4677 4678/4678
f 4658/4658 4677/4677 4659/4659
f 4671/4671 4673/4673 4674/4674
f 4675/4675 4673/4673 4676/4676
f 4668/4668 4672/4672 4669/4669
f 4667/4667 4669/4669 4670/4670
f 4671/4671 4669/4669 4672/4672
f 4585/4585 4584/4584 4681/4681
f 4591/4591 4590/4590 4662/4662
f 4682/4682 4583/4583 4582/4582
f 4658/4658 4660/4660 4683/4683
f 4660/4660 4599/4599 4684/4684
f 4660/4660 4596/4596 4599/4599
f 4662/4662 4593/4593 4601/4601
f 4592/4592 4663/4663 4598/4598
f 4664/4664 4685/4685 4663/4663
f 4666/4666 4685/4685 4664/4664
f 4686/4686 4687/4687 4688/4688
f 4689/4689 4690/4690 4687/4687
f 4690/4690 4691/4691 4692/4692
f 4693/4693 4694/4694 4691/4691
f 4694/4694 4695/4695 4696/4696
f 4697/4697 4658/4658 4695/4695
f 4598/4598 4688/4688 4599/4599
f 4692/4692 4691/4691 4696/4696
f 4696/4696 4695/4695 4683/4683
f 4692/4692 4696/4696 4684/4684
f 4696/4696 4683/4683 4684/4684
f 4598/4598 4685/4685 4698/4698
f 4598/4598 4698/4698 4688/4688
f 4688/4688 4692/4692 4599/4599
f 4686/4686 4688/4688 4698/4698
f 4699/4699 4698/4698 4685/4685
f 4685/4685 4666/4666 4699/4699
f 4692/4692 4684/4684 4599/4599
f 4699/4699 4686/4686 4698/4698
f 4598/4598 4597/4597 4592/4592
f 4685/4685 4598/4598 4663/4663
f 4694/4694 4697/4697 4695/4695
f 4658/4658 4683/4683 4695/4695
f 4690/4690 4693/4693 4691/4691
f 4694/4694 4696/4696 4691/4691
f 4688/4688 4687/4687 4692/4692
f 4686/4686 4689/4689 4687/4687
f 4690/4690 4692/4692 4687/4687
f 4585/4585 4681/4681 4594/4594
f 4600/4600 4662/4662 4601/4601
f 4682/4682 4582/4582 4595/4595
f 4659/4659 4661/4661 4660/4660
f 4660/4660 4684/4684 4683/4683
f 4700/4700 4701/4701 4702/4702
f 4702/4702 4703/4703 4700/4700
f 4704/4704 4705/4705 4701/4701
f 4701/4701 4700/4700 4704/4704
f 4706/4706 4707/4707 4708/4708
f 4708/4708 4709/4709 4706/4706
f 4710/4710 4711/4711 4712/4712
f 4712/4712 4713/4713 4710/4710
f 4714/4714 4715/4715 4711/4711
f 4711/4711 4710/4710 4714/4714
f 4716/4716 4717/4717 4715/4715
f 4715/4715 4714/4714 4716/4716
f 4718/4718 4719/4719 4720/4720
f 4721/4721 4722/4722 4718/4718
f 4718/4718 4723/4723 4721/4721
f 4706/4706 4709/4709 4716/4716
f 4716/4716 4714/4714 4706/4706
f 4718/4718 4722/4722 4724/4724
f 4725/4725 4726/4726 4717/4717
f 4725/4725 4717/4717 4716/4716
f 4727/4727 4728/4728 4726/4726
f 4726/4726 4725/4725 4727/4727
f 4729/4729 4730/4730 4728/4728
f 4728/4728 4727/4727 4729/4729
f 4719/4719 4731/4731 4720/4720
f 4732/4732 4733/4733 4734/4734
f 4734/4734 4735/4735 4732/4732
f 4736/4736 4732/4732 4735/4735
f 4735/4735 4737/4737 4736/4736
f 4738/4738 4739/4739 4740/4740
f 4740/4740 4741/4741 4738/4738
f 4742/4742 4743/4743 4744/4744
f 4744/4744 4711/4711 4742/4742
f 4745/4745 4742/4742 4711/4711
f 4711/4711 4715/4715 4745/4745
f 4746/4746 4745/4745 4715/4715
f 4715/4715 4717/4717 4746/4746
f 4747/4747 4748/4748 4718/4718
f 4718/4718 4749/4749 4747/4747
f 4738/4738 4745/4745 4746/4746
f 4746/4746 4739/4739 4738/4738
f 4724/4724 4749/4749 4718/4718
f 4717/4717 4726/4726 4750/4750
f 4717/4717 4750/4750 4746/4746
f 4751/4751 4750/4750 4726/4726
f 4726/4726 4728/4728 4751/4751
f 4752/4752 4751/4751 4728/4728
f 4728/4728 4730/4730 4752/4752
f 4719/4719 4753/4753 4754/4754
f 4727/4727 4725/4725 4755/4755
f 4702/4702 4756/4756 4703/4703
f 4757/4757 4705/4705 4704/4704
f 4758/4758 4759/4759 4760/4760
f 4712/4712 4758/4758 4713/4713
f 4761/4761 4762/4762 4763/4763
f 4727/4727 4755/4755 4729/4729
f 4763/4763 4709/4709 4703/4703
f 4764/4764 4709/4709 4763/4763
f 4764/4764 4716/4716 4709/4709
f 4755/4755 4716/4716 4764/4764
f 4755/4755 4725/4725 4716/4716
f 4706/4706 4713/4713 4760/4760
f 4706/4706 4710/4710 4713/4713
f 4706/4706 4714/4714 4710/4710
f 4756/4756 4765/4765 4703/4703
f 4763/4763 4703/4703 4765/4765
f 4703/4703 4709/4709 4700/4700
f 4704/4704 4709/4709 4757/4757
f 4709/4709 4704/4704 4700/4700
f 4708/4708 4757/4757 4709/4709
f 4763/4763 4765/4765 4761/4761
f 4765/4765 4756/4756 4761/4761
f 4760/4760 4707/4707 4706/4706
f 4713/4713 4758/4758 4760/4760
f 4766/4766 4767/4767 4768/4768
f 4760/4760 4759/4759 4707/4707
f 4769/4769 4770/4770 4768/4768
f 4768/4768 4767/4767 4769/4769
f 4771/4771 4772/4772 4773/4773
f 4718/4718 4720/4720 4723/4723
f 4719/4719 4774/4774 4731/4731
f 4751/4751 4775/4775 4750/4750
f 4734/4734 4733/4733 4776/4776
f 4777/4777 4736/4736 4737/4737
f 4778/4778 4779/4779 4780/4780
f 4744/4744 4743/4743 4778/4778
f 4781/4781 4782/4782 4783/4783
f 4751/4751 4752/4752 4775/4775
f 4782/4782 4733/4733 4739/4739
f 4784/4784 4782/4782 4739/4739
f 4784/4784 4739/4739 4746/4746
f 4775/4775 4784/4784 4746/4746
f 4775/4775 4746/4746 4750/4750
f 4738/4738 4779/4779 4743/4743
f 4738/4738 4743/4743 4742/4742
f 4738/4738 4742/4742 4745/4745
f 4776/4776 4733/4733 4785/4785
f 4782/4782 4785/4785 4733/4733
f 4733/4733 4732/4732 4739/4739
f 4736/4736 4777/4777 4739/4739
f 4739/4739 4732/4732 4736/4736
f 4740/4740 4739/4739 4777/4777
f 4782/4782 4781/4781 4785/4785
f 4785/4785 4781/4781 4776/4776
f 4779/4779 4738/4738 4741/4741
f 4743/4743 4779/4779 4778/4778
f 4766/4766 4786/4786 4787/4787
f 4779/4779 4741/4741 4780/4780
f 4788/4788 4786/4786 4789/4789
f 4786/4786 4788/4788 4787/4787
f 4790/4790 4791/4791 4792/4792
f 4718/4718 4748/4748 4753/4753
f 4719/4719 4754/4754 4774/4774
f 4718/4718 4753/4753 4719/4719
f 3372/3372 3400/3400 3652/3652
f 4003/4003 3981/3981 4224/4224
f 3659/3659 3658/3658 3660/3660
f 4228/4228 4227/4227 4229/4229
f 4228/4228 4230/4230 4226/4226
f 3661/3661 3658/3658 3657/3657
f 3655/3655 3659/3659 3664/3664
f 4227/4227 3991/3991 4233/4233
f 4229/4229 4227/4227 4233/4233
f 3659/3659 3660/3660 3664/3664
f 3381/3381 3383/3383 3655/3655
f 3990/3990 3992/3992 4247/4247
f 3371/3371 3370/3370 3660/3660
f 3980/3980 3978/3978 4229/4229
f 3367/3367 3369/3369 3371/3371
f 3977/3977 3979/3979 3368/3368
f 4793/4793 4794/4794 4795/4795
f 4796/4796 4797/4797 4798/4798
f 4798/4798 4799/4799 4796/4796
f 4800/4800 4796/4796 4799/4799
f 4794/4794 4801/4801 4795/4795
f 4797/4797 4793/4793 4795/4795
f 4795/4795 4798/4798 4797/4797
f 3494/3494 3493/3493 3497/3497
f 3497/3497 3496/3496 3494/3494
f 4083/4083 4081/4081 4082/4082
f 4082/4082 4084/4084 4083/4083
f 4092/4092 4802/4802 4084/4084
f 4802/4802 4085/4085 4084/4084
f 4083/4083 4086/4086 4063/4063
f 3474/3474 3498/3498 3497/3497
f 3504/3504 3494/3494 3496/3496
f 3496/3496 3495/3495 3505/3505
f 3305/3305 3315/3315 3307/3307
f 3307/3307 3315/3315 3927/3927

