mtllib human_zhuru.mtl

g Human_zhuru_weapon_a
v -27.652340 7.024340 11.068200
v -25.121470 9.897960 14.294610
v -24.724550 9.367118 11.957990
v -30.028430 5.972126 12.769150
v -30.028430 5.972126 12.769150
v -25.183370 10.722970 15.340180
v -25.121470 9.897960 14.294610
v -31.410550 5.783709 13.519980
v -26.148480 1.158019 12.677790
v -24.646860 3.295235 10.997420
v -26.148480 1.158019 12.677790
v -20.434290 4.825848 15.282640
v -21.346350 4.960680 16.275910
v -25.224850 9.775941 16.367720
v -30.645430 5.439713 14.700100
v -26.638210 -0.137638 13.407590
v -21.241520 5.083854 14.203240
v -21.241520 5.083854 14.203240
v -21.719060 5.638015 11.887220
v -26.765480 0.625609 14.608730
v -31.562170 4.601736 19.922880
v -27.682210 -0.212366 19.831500
v -27.682210 -0.212366 19.831500
v -32.578640 4.522864 20.672020
v -31.562170 4.601736 19.922880
v -27.961490 -1.205918 20.563290
v -28.061230 -0.554485 21.786310
v -26.182160 8.908933 21.532560
v -26.159020 9.572454 22.698190
v -26.182160 8.908933 21.532560
v -31.941180 4.259615 21.877690
v -28.061230 -0.554485 21.786310
v -30.993250 4.339204 24.797940
v -31.941180 4.259615 21.877690
v -27.727790 0.287524 24.721040
v -22.300760 4.095988 21.441620
v -21.577390 3.902735 22.602630
v -22.300760 4.095988 21.441620
v -26.445960 8.659311 23.497080
v -22.566010 3.845206 23.405710
v -27.485970 7.146051 25.844220
v -26.445960 8.659311 23.497080
v -24.220500 3.094373 25.767320
v -22.566010 3.845206 23.405710
v -21.719060 5.638015 11.887220
v -21.241520 5.083854 14.203240
v -26.148480 1.158019 12.677790
v -24.646860 3.295235 10.997420
v -21.241520 5.083854 14.203240
v -20.434290 4.825848 15.282640
v -26.638210 -0.137638 13.407590
v -26.148480 1.158019 12.677790
v -21.346350 4.960680 16.275910
v -26.765480 0.625609 14.608730
v -22.300760 4.095988 21.441620
v -27.682210 -0.212366 19.831500
v -22.300760 4.095988 21.441620
v -21.577390 3.902735 22.602630
v -27.961490 -1.205918 20.563290
v -27.682210 -0.212366 19.831500
v -22.566010 3.845206 23.405710
v -28.061230 -0.554485 21.786310
v -22.566010 3.845206 23.405710
v -24.220500 3.094373 25.767320
v -27.727790 0.287524 24.721040
v -28.061230 -0.554485 21.786310
v -27.485970 7.146051 25.844220
v -27.727790 0.287524 24.721040
v -24.220500 3.094373 25.767320
v -30.993250 4.339204 24.797940
v -27.652340 7.024340 11.068200
v -21.719060 5.638015 11.887220
v -24.646860 3.295235 10.997420
v -24.724550 9.367118 11.957990
v -14.891340 14.046280 23.131770
v -15.328960 14.456770 21.846650
v -15.046470 13.876120 22.446560
v -15.632200 15.421770 21.946620
v -12.895560 15.625070 23.074270
v -13.241690 16.204320 22.554910
v -12.691840 15.810410 22.012340
v -14.476390 14.426440 20.764190
v -12.439970 15.207960 22.538540
v -13.726750 13.055730 21.907890
v -14.846770 14.061210 21.298280
v -14.602540 13.553630 21.831710
v -19.475040 10.324370 21.570060
v -19.789780 11.145590 20.444670
v -21.106860 11.483490 20.264470
v -20.279880 9.663979 22.199620
v -18.738950 8.494452 20.208570
v -18.760370 9.867099 20.423650
v -19.582320 10.301510 18.225920
v -19.072950 10.690260 19.286120
v -26.643020 4.822016 9.627722
v -25.560030 6.900555 11.789460
v -25.685510 7.642004 9.780901
v -22.853460 7.853789 10.810240
v -23.665950 7.177351 11.948630
v -23.681920 5.155396 9.730772
v -24.344020 5.391048 11.757490
v -25.980710 5.325477 11.259360
v -25.909240 9.033167 19.020790
v -22.719830 7.791629 17.277950
v -23.463000 7.216375 15.992320
v -22.155020 4.370589 18.944130
v -21.869730 5.979678 19.251440
v -23.413800 7.157282 21.231630
v -24.405820 6.344852 21.741090
v -24.271400 8.962496 19.300370
v -25.685510 7.642004 9.780901
v -22.853460 7.853789 10.810240
v -23.798770 7.196689 5.289622
v -26.643020 4.822016 9.627722
v -23.681920 5.155396 9.730772
v -28.868100 4.752533 26.760550
v -29.618350 2.132469 25.916450
v -28.425690 2.991398 31.296090
v -25.923120 5.096333 26.660680
v -26.883650 2.289623 26.710860
v -25.923120 5.096333 26.660680
v -28.213670 4.647965 25.005270
v -28.868100 4.752533 26.760550
v -29.618350 2.132469 25.916450
v -28.826080 2.795314 24.627550
v -26.883650 2.289623 26.710860
v -26.878520 2.990697 24.970950
v -26.317980 4.803600 25.327450
v -25.835100 7.030326 23.664050
v -25.585850 5.395987 24.709470
v -23.813340 6.808087 25.443570
v -24.362360 6.416347 22.957680
v -24.060410 4.828366 23.622270
v -24.542040 2.740257 16.420500
v -23.172250 4.251120 18.843190
v -22.574820 -0.164817 18.146520
v -26.956850 1.200928 17.692820
v -25.302450 2.256508 20.196250
v -30.681080 3.494486 22.401040
v -29.732070 2.124545 21.049360
v -31.283330 0.835828 22.959520
v -29.499610 2.262095 23.547410
v -28.568410 0.874792 22.351230
v -24.217760 8.515763 13.693600
v -23.241150 7.466060 14.717670
v -21.620330 8.802637 13.200200
v -23.303960 7.458202 12.562500
v -22.443060 6.313812 13.651810
v -12.839920 16.943030 22.744060
v -12.377270 16.046420 23.889210
v -9.568397 18.316510 23.544340
v -11.955120 16.430080 21.578310
v -11.577410 15.422180 22.725900
v -11.955120 16.430080 21.578310
v -13.241690 16.204320 22.554910
v -12.839920 16.943030 22.744060
v -12.377270 16.046420 23.889210
v -12.895560 15.625070 23.074270
v -11.577410 15.422180 22.725900
v -12.439970 15.207960 22.538540
v -12.691840 15.810410 22.012340
v -15.328960 14.456770 21.846650
v -14.846770 14.061210 21.298280
v -14.602540 13.553630 21.831710
v -15.046470 13.876120 22.446560
v -27.760160 6.932776 16.131510
v -29.975780 4.980520 17.652100
v -30.553790 9.409845 18.256120
v -26.192560 8.029455 18.810320
v -28.479390 6.395018 19.913070
v -28.432880 5.495054 12.151130
v -26.696540 4.743921 11.569410
v -28.512910 3.303498 10.524670
v -28.123630 3.568356 12.826160
v -26.321020 2.874709 12.101370
v -19.582320 10.301510 18.225920
v -18.738950 8.494452 20.208570
v -21.869730 5.979678 19.251440
v -22.719830 7.791629 17.277950
v -24.271400 8.962496 19.300370
v -21.106860 11.483490 20.264470
v -23.413800 7.157282 21.231630
v -20.279880 9.663979 22.199620
v -57.295680 -20.321030 10.210010
v -59.197510 -21.816950 7.878671
v -29.033650 -0.496176 16.636610
v -31.102100 0.636939 20.435260
v -56.705820 -19.791490 6.889289
v -29.762580 1.839476 12.894210
v -28.142690 0.422610 16.941390
v -29.884860 1.634300 19.465630
v -28.997370 2.431033 14.469360
v -27.850140 1.404357 17.149910
v -29.171900 2.210967 19.360730
v -28.393150 2.910084 14.976590
v -31.831030 2.972589 16.692860
v -30.739550 3.642721 16.993610
v -29.714920 3.716694 17.187410
vt 0.365028 0.643469 0.000000
vt 0.135944 0.740963 0.000000
vt 0.135944 0.643469 0.000000
vt 0.365028 0.740963 0.000000
vt 0.365028 0.748763 0.000000
vt 0.139827 0.795560 0.000000
vt 0.139827 0.748763 0.000000
vt 0.365028 0.795560 0.000000
vt 0.497042 0.748763 0.000000
vt 0.497042 0.643469 0.000000
vt 0.497042 0.740963 0.000000
vt 0.007813 0.795560 0.000000
vt 0.007813 0.846257 0.000000
vt 0.139827 0.846257 0.000000
vt 0.365028 0.846257 0.000000
vt 0.497042 0.795560 0.000000
vt 0.007813 0.748763 0.000000
vt 0.007813 0.740963 0.000000
vt 0.007813 0.643469 0.000000
vt 0.497042 0.846257 0.000000
vt 0.365028 0.994448 0.000000
vt 0.497042 0.994448 0.000000
vt 0.497042 0.846257 0.000000
vt 0.365028 0.795560 0.000000
vt 0.365028 0.846257 0.000000
vt 0.497042 0.795560 0.000000
vt 0.497042 0.748763 0.000000
vt 0.139827 0.994448 0.000000
vt 0.139827 0.795560 0.000000
vt 0.139827 0.846257 0.000000
vt 0.365028 0.748763 0.000000
vt 0.497042 0.740963 0.000000
vt 0.365028 0.643469 0.000000
vt 0.365028 0.740963 0.000000
vt 0.497042 0.643469 0.000000
vt 0.007813 0.994448 0.000000
vt 0.007813 0.795560 0.000000
vt 0.007813 0.846257 0.000000
vt 0.139827 0.748763 0.000000
vt 0.007813 0.748763 0.000000
vt 0.135944 0.643469 0.000000
vt 0.135944 0.740963 0.000000
vt 0.007813 0.643469 0.000000
vt 0.007813 0.740963 0.000000
vt 0.135944 0.643469 0.000000
vt 0.135944 0.740963 0.000000
vt 0.365028 0.740963 0.000000
vt 0.365028 0.643469 0.000000
vt 0.139827 0.748763 0.000000
vt 0.139827 0.795560 0.000000
vt 0.365028 0.795560 0.000000
vt 0.365028 0.748763 0.000000
vt 0.139827 0.846257 0.000000
vt 0.365028 0.846257 0.000000
vt 0.139827 0.994448 0.000000
vt 0.365028 0.994448 0.000000
vt 0.139827 0.846257 0.000000
vt 0.139827 0.795560 0.000000
vt 0.365028 0.795560 0.000000
vt 0.365028 0.846257 0.000000
vt 0.139827 0.748763 0.000000
vt 0.365028 0.748763 0.000000
vt 0.135944 0.740963 0.000000
vt 0.135944 0.643469 0.000000
vt 0.365028 0.643469 0.000000
vt 0.365028 0.740963 0.000000
vt 0.377365 0.495731 0.000000
vt 0.152164 0.632223 0.000000
vt 0.152164 0.495731 0.000000
vt 0.377365 0.632223 0.000000
vt 0.377365 0.632223 0.000000
vt 0.152164 0.495731 0.000000
vt 0.377365 0.495731 0.000000
vt 0.152164 0.632223 0.000000
vt 0.414560 0.539448 0.000000
vt 0.493191 0.497019 0.000000
vt 0.452550 0.497019 0.000000
vt 0.493191 0.539448 0.000000
vt 0.450794 0.620310 0.000000
vt 0.493191 0.620310 0.000000
vt 0.450794 0.620310 0.000000
vt 0.414560 0.539448 0.000000
vt 0.493191 0.620310 0.000000
vt 0.493191 0.539448 0.000000
vt 0.452550 0.497019 0.000000
vt 0.493191 0.497019 0.000000
vt 0.434101 0.400601 0.000000
vt 0.496331 0.400601 0.000000
vt 0.496331 0.468312 0.000000
vt 0.408172 0.468312 0.000000
vt 0.496331 0.468312 0.000000
vt 0.496331 0.400601 0.000000
vt 0.408172 0.468312 0.000000
vt 0.434101 0.400601 0.000000
vt 0.186168 0.190273 0.000000
vt 0.406360 0.440638 0.000000
vt 0.406360 0.190273 0.000000
vt 0.186168 0.190273 0.000000
vt 0.236022 0.440638 0.000000
vt 0.406360 0.190273 0.000000
vt 0.406360 0.440638 0.000000
vt 0.236022 0.440638 0.000000
vt 0.023344 0.491378 0.000000
vt 0.115236 0.627870 0.000000
vt 0.023344 0.627870 0.000000
vt 0.023344 0.491378 0.000000
vt 0.115236 0.491378 0.000000
vt 0.115236 0.627870 0.000000
vt 0.023344 0.627870 0.000000
vt 0.115236 0.491378 0.000000
vt 0.018175 0.477439 0.000000
vt 0.241823 0.477439 0.000000
vt 0.018175 0.008110 0.000000
vt 0.241823 0.477439 0.000000
vt 0.018175 0.477439 0.000000
vt 0.018175 0.477439 0.000000
vt 0.241823 0.477439 0.000000
vt 0.018175 0.008110 0.000000
vt 0.241823 0.477439 0.000000
vt 0.018175 0.477439 0.000000
vt 0.186168 0.190273 0.000000
vt 0.406360 0.440638 0.000000
vt 0.406360 0.190273 0.000000
vt 0.186168 0.190273 0.000000
vt 0.236022 0.440638 0.000000
vt 0.406360 0.190273 0.000000
vt 0.406360 0.440638 0.000000
vt 0.236022 0.440638 0.000000
vt 0.018175 0.477439 0.000000
vt 0.241823 0.477439 0.000000
vt 0.018175 0.008110 0.000000
vt 0.241823 0.477439 0.000000
vt 0.018175 0.477439 0.000000
vt 0.018175 0.477439 0.000000
vt 0.241823 0.477439 0.000000
vt 0.018175 0.008110 0.000000
vt 0.241823 0.477439 0.000000
vt 0.018175 0.477439 0.000000
vt 0.018175 0.477439 0.000000
vt 0.241823 0.477439 0.000000
vt 0.018175 0.008110 0.000000
vt 0.241823 0.477439 0.000000
vt 0.018175 0.477439 0.000000
vt 0.018175 0.477439 0.000000
vt 0.241823 0.477439 0.000000
vt 0.018175 0.008110 0.000000
vt 0.241823 0.477439 0.000000
vt 0.018175 0.477439 0.000000
vt 0.018175 0.477439 0.000000
vt 0.241823 0.477439 0.000000
vt 0.018175 0.008110 0.000000
vt 0.241823 0.477439 0.000000
vt 0.018175 0.477439 0.000000
vt 0.186168 0.190273 0.000000
vt 0.406360 0.440638 0.000000
vt 0.406360 0.190273 0.000000
vt 0.186168 0.190273 0.000000
vt 0.236022 0.440638 0.000000
vt 0.406360 0.190273 0.000000
vt 0.406360 0.440638 0.000000
vt 0.236022 0.440638 0.000000
vt 0.496331 0.004753 0.000000
vt 0.444473 0.004753 0.000000
vt 0.496331 0.004753 0.000000
vt 0.444473 0.004753 0.000000
vt 0.018175 0.477439 0.000000
vt 0.241823 0.477439 0.000000
vt 0.018175 0.008110 0.000000
vt 0.241823 0.477439 0.000000
vt 0.018175 0.477439 0.000000
vt 0.018175 0.477439 0.000000
vt 0.241823 0.477439 0.000000
vt 0.018175 0.008110 0.000000
vt 0.241823 0.477439 0.000000
vt 0.018175 0.477439 0.000000
vt 0.428159 0.007374 0.000000
vt 0.428159 0.175064 0.000000
vt 0.109771 0.175064 0.000000
vt 0.109771 0.007374 0.000000
vt 0.109771 0.175064 0.000000
vt 0.428159 0.175064 0.000000
vt 0.109771 0.007374 0.000000
vt 0.428159 0.007374 0.000000
vt 0.611075 0.105797 0.000000
vt 0.573147 0.047396 0.000000
vt 0.573147 0.916809 0.000000
vt 0.659277 0.916809 0.000000
vt 0.611075 0.105797 0.000000
vt 0.659277 0.916809 0.000000
vt 0.573147 0.952380 0.000000
vt 0.630212 0.952380 0.000000
vt 0.630212 0.952380 0.000000
vt 0.573147 0.984771 0.000000
vt 0.623221 0.984771 0.000000
vt 0.623221 0.984771 0.000000
vt 0.573147 0.916809 0.000000
vt 0.573147 0.952380 0.000000
vt 0.573147 0.984771 0.000000
usemtl Material_2
f 1/1 2/2 3/3
f 2/2 1/1 4/4
f 5/5 6/6 7/7
f 6/6 5/5 8/8
f 9/9 8/8 5/5
f 4/4 10/10 11/11
f 10/10 4/4 1/1
f 12/12 7/7 6/6
f 6/6 13/13 12/12
f 13/13 6/6 14/14
f 8/8 14/14 6/6
f 14/14 8/8 15/15
f 16/16 15/15 8/8
f 8/8 9/9 16/16
f 7/7 12/12 17/17
f 18/18 3/3 2/2
f 3/3 18/18 19/19
f 15/15 16/16 20/20
f 20/20 21/21 15/15
f 21/21 20/20 22/22
f 23/23 24/24 25/25
f 24/24 23/23 26/26
f 27/27 24/24 26/26
f 28/28 15/15 21/21
f 25/25 29/29 30/30
f 29/29 25/25 24/24
f 31/31 29/29 24/24
f 24/24 27/27 31/31
f 32/32 33/33 34/34
f 32/32 35/35 33/33
f 15/15 28/28 14/14
f 36/36 14/14 28/28
f 30/30 29/29 37/37
f 37/37 38/38 30/30
f 39/39 40/40 37/37
f 37/37 29/29 39/39
f 29/29 31/31 39/39
f 34/34 41/41 42/42
f 41/41 34/34 33/33
f 14/14 36/36 13/13
f 42/42 43/43 44/44
f 42/42 41/41 43/43
f 45/45 46/46 47/47
f 47/47 48/48 45/45
f 49/49 50/50 51/51
f 51/51 52/52 49/49
f 50/50 53/53 54/54
f 54/54 51/51 50/50
f 53/53 55/55 56/56
f 56/56 54/54 53/53
f 57/57 58/58 59/59
f 59/59 60/60 57/57
f 61/61 62/62 59/59
f 59/59 58/58 61/61
f 63/63 64/64 65/65
f 65/65 66/66 63/63
f 67/67 68/68 69/69
f 68/68 67/67 70/70
f 71/71 72/72 73/73
f 72/72 71/71 74/74
f 75/75 76/76 77/77
f 76/76 75/75 78/78
f 79/79 80/80 78/78
f 78/78 75/75 79/79
f 81/81 82/82 78/78
f 78/78 80/80 81/81
f 81/81 83/83 84/84
f 84/84 82/82 81/81
f 82/82 76/76 78/78
f 76/76 82/82 85/85
f 82/82 86/86 85/85
f 86/86 82/82 84/84
f 84/84 75/75 86/86
f 84/84 83/83 79/79
f 79/79 75/75 84/84
f 86/86 75/75 77/77
f 87/87 88/88 89/89
f 89/89 90/90 87/87
f 91/91 92/92 87/87
f 87/87 90/90 91/91
f 93/93 94/94 92/92
f 92/92 91/91 93/93
f 93/93 89/89 88/88
f 88/88 94/94 93/93
f 95/95 96/96 97/97
f 96/96 98/98 97/97
f 98/98 96/96 99/99
f 99/99 100/100 98/98
f 100/100 99/99 101/101
f 102/102 100/100 101/101
f 100/100 102/102 95/95
f 96/96 95/95 102/102
f 103/103 104/104 105/105
f 104/104 106/106 105/105
f 106/106 104/104 107/107
f 108/108 106/106 107/107
f 106/106 108/108 109/109
f 108/108 103/103 109/109
f 103/103 108/108 110/110
f 104/104 103/103 110/110
f 111/111 112/112 113/113
f 113/113 114/114 111/111
f 113/113 115/115 114/114
f 112/112 115/115 113/113
f 116/116 117/117 118/118
f 118/118 119/119 116/116
f 118/118 120/120 119/119
f 117/117 120/120 118/118
f 121/121 122/122 123/123
f 122/122 124/124 123/123
f 124/124 122/122 125/125
f 125/125 126/126 124/124
f 126/126 125/125 127/127
f 128/128 126/126 127/127
f 126/126 128/128 121/121
f 122/122 121/121 128/128
f 129/129 130/130 131/131
f 131/131 132/132 129/129
f 131/131 133/133 132/132
f 130/130 133/133 131/131
f 134/134 135/135 136/136
f 136/136 137/137 134/134
f 136/136 138/138 137/137
f 135/135 138/138 136/136
f 139/139 140/140 141/141
f 141/141 142/142 139/139
f 141/141 143/143 142/142
f 140/140 143/143 141/141
f 144/144 145/145 146/146
f 146/146 147/147 144/144
f 146/146 148/148 147/147
f 145/145 148/148 146/146
f 149/149 150/150 151/151
f 151/151 152/152 149/149
f 151/151 153/153 152/152
f 150/150 153/153 151/151
f 154/154 155/155 156/156
f 155/155 157/157 156/156
f 157/157 155/155 158/158
f 158/158 159/159 157/157
f 159/159 158/158 160/160
f 161/161 159/159 160/160
f 159/159 161/161 154/154
f 155/155 154/154 161/161
f 94/94 88/88 162/162
f 162/162 163/163 94/94
f 164/164 92/92 94/94
f 94/94 163/163 164/164
f 165/165 87/87 92/92
f 92/92 164/164 165/165
f 165/165 162/162 88/88
f 88/88 87/87 165/165
f 166/166 167/167 168/168
f 168/168 169/169 166/166
f 168/168 170/170 169/169
f 167/167 170/170 168/168
f 171/171 172/172 173/173
f 173/173 174/174 171/171
f 173/173 175/175 174/174
f 172/172 175/175 173/173
f 176/176 177/177 178/178
f 178/178 179/179 176/176
f 180/180 181/181 176/176
f 176/176 179/179 180/180
f 182/182 183/183 181/181
f 181/181 180/180 182/182
f 182/182 178/178 177/177
f 177/177 183/183 182/182
f 184/184 185/185 186/186
f 186/186 187/187 184/184
f 185/185 188/188 189/189
f 189/189 186/186 185/185
f 190/190 191/191 187/187
f 187/187 186/186 190/190
f 192/192 190/190 186/186
f 186/186 189/189 192/192
f 193/193 194/194 191/191
f 191/191 190/190 193/193
f 195/195 193/193 190/190
f 190/190 192/192 195/195
f 184/184 187/187 196/196
f 196/196 185/185 184/184
f 185/185 196/196 189/189
f 189/189 188/188 185/185
f 197/197 196/196 187/187
f 187/187 191/191 197/197
f 192/192 189/189 196/196
f 196/196 197/197 192/192
f 198/198 197/197 191/191
f 191/191 194/194 198/198
f 195/195 192/192 197/197
f 197/197 198/198 195/195

g Human_zhuru_weapon_b
v -49.825620 -27.738480 17.702630
v -50.523960 -29.390620 18.928680
v -49.938190 -28.618950 19.733550
v -50.069630 -27.925290 22.566140
v -51.685460 -30.760240 23.528700
v -49.613960 -28.039040 26.079450
v -46.337490 -24.047970 18.026140
v -47.619580 -25.618630 20.831960
v -46.683920 -24.234760 27.959260
v -48.128600 -26.184800 24.163090
v -50.106940 -28.797470 21.192730
v -51.297240 -30.030670 22.032650
v -51.686820 -30.762230 23.519140
v -52.499280 -31.872220 20.870040
v -50.879030 -29.091460 17.595520
v -49.060720 -28.335240 17.718090
v -49.304730 -28.522050 22.581600
v -51.034730 -30.235480 22.037950
v -52.499280 -31.872220 20.870040
v -50.114130 -29.688220 17.610980
v -51.297240 -30.030670 22.032650
v -51.034730 -30.235480 22.037950
v -52.499280 -31.872220 20.870040
v -50.106940 -28.797470 21.192730
v -51.034730 -30.235480 22.037950
v -51.297240 -30.030670 22.032650
v -50.523960 -29.390620 18.928680
v -50.879030 -29.091460 17.595520
v -50.114130 -29.688220 17.610980
v -42.359050 -18.259170 18.380110
v -41.722750 -18.143850 20.392930
v -41.091870 -17.351970 19.746160
v -42.599390 -18.447110 23.018430
v -42.642970 -19.169820 26.321000
v -40.440590 -16.398920 24.312790
v -44.956620 -22.348620 18.086260
v -44.017850 -21.070340 20.982410
v -43.859710 -20.783660 24.225280
v -45.590910 -22.917040 27.530150
v -41.704660 -18.084140 21.802980
v -40.911650 -16.783660 22.800220
v -40.438370 -16.396310 24.304030
v -39.415020 -15.145320 21.960020
v -41.354250 -16.968620 18.482270
v -41.629450 -18.828390 18.394850
v -41.869790 -19.016330 23.033170
v -40.661250 -16.979020 22.805280
v -39.415020 -15.145320 21.960020
v -40.624650 -17.537840 18.497010
v -40.911650 -16.783660 22.800220
v -39.415020 -15.145320 21.960020
v -40.661250 -16.979020 22.805280
v -41.704660 -18.084140 21.802980
v -40.911650 -16.783660 22.800220
v -40.661250 -16.979020 22.805280
v -41.091870 -17.351970 19.746160
v -40.624650 -17.537840 18.497010
v -41.354250 -16.968620 18.482270
v -42.362480 -18.261660 18.453520
v -40.966750 -17.254980 17.298790
v -41.525510 -17.991040 16.531050
v -42.129730 -18.083480 13.814420
v -39.858860 -15.948560 12.911020
v -41.834770 -18.544200 10.477970
v -44.960050 -22.351110 18.159680
v -43.737120 -20.852920 15.483330
v -44.629610 -22.172940 8.684896
v -43.251590 -20.312880 12.305910
v -41.364540 -17.820770 15.139210
v -40.479560 -16.449110 14.332980
v -39.857560 -15.946660 12.920140
v -39.082580 -14.887900 15.447000
v -41.357680 -16.971110 18.555690
v -41.632880 -18.830890 18.468260
v -41.400130 -18.652700 13.829170
v -40.229160 -16.644470 14.338040
v -39.082580 -14.887900 15.447000
v -40.628080 -17.540340 18.570430
v -40.479560 -16.449110 14.332980
v -40.229160 -16.644470 14.338040
v -39.082580 -14.887900 15.447000
v -41.364540 -17.820770 15.139210
v -40.229160 -16.644470 14.338040
v -40.479560 -16.449110 14.332980
v -40.966750 -17.254980 17.298790
v -41.357680 -16.971110 18.555690
v -40.628080 -17.540340 18.570430
v -49.823790 -27.737060 17.666620
v -49.725970 -28.454720 15.571880
v -50.387370 -29.284910 16.249940
v -49.571820 -27.540030 12.803920
v -48.761230 -27.379110 9.357038
v -51.070160 -30.284060 11.462390
v -46.335660 -24.046540 17.990130
v -47.319840 -25.386660 14.953880
v -47.485630 -25.687200 11.554140
v -45.670690 -23.450630 8.089397
v -49.744940 -28.517310 14.093620
v -50.838820 -29.675900 13.042830
v -51.072480 -30.286790 11.471580
v -52.145340 -31.598300 13.928980
v -50.877190 -29.090040 17.559510
v -49.058890 -28.333820 17.682070
v -48.806920 -28.136790 12.819370
v -50.576310 -29.880700 13.048140
v -52.145340 -31.598300 13.928980
v -50.112290 -29.686800 17.574960
v -50.838820 -29.675900 13.042830
v -52.145340 -31.598300 13.928980
v -50.576310 -29.880700 13.048140
v -49.744940 -28.517310 14.093620
v -50.838820 -29.675900 13.042830
v -50.576310 -29.880700 13.048140
v -50.387370 -29.284910 16.249940
v -50.112290 -29.686800 17.574960
v -50.877190 -29.090040 17.559510
v -41.943590 -18.549620 17.962960
v -43.149680 -16.877560 18.431150
v -41.996160 -16.549480 18.502920
v -45.611830 -15.695560 17.888530
v -48.496800 -13.975010 18.273030
v -44.653430 -12.660360 18.520890
v -44.929520 -22.372670 18.123540
v -46.049710 -19.267220 18.188960
v -48.263800 -16.875390 18.170450
v -52.554020 -16.737830 17.957100
v -44.166860 -15.899140 18.417890
v -43.906930 -14.098740 18.343050
v -44.644600 -12.663620 18.521210
v -41.821520 -13.009750 18.651510
v -40.938790 -17.259070 18.065120
v -41.990690 -18.586060 18.886540
v -45.658920 -15.732010 18.812110
v -43.923100 -14.111250 18.660020
v -41.821520 -13.009750 18.651510
v -40.985890 -17.295510 18.988710
v -43.906930 -14.098740 18.343050
v -41.821520 -13.009750 18.651510
v -43.923100 -14.111250 18.660020
v -44.166860 -15.899140 18.417890
v -43.906930 -14.098740 18.343050
v -43.923100 -14.111250 18.660020
v -41.996160 -16.549480 18.502920
v -40.985890 -17.295510 18.988710
v -40.938790 -17.259070 18.065120
v -42.001250 -18.503990 17.961820
v -40.062470 -18.057460 18.542010
v -40.098580 -19.257330 18.492820
v -38.340600 -21.367790 18.035470
v -35.646030 -19.687120 18.702910
v -35.980940 -23.739000 18.525930
v -44.987170 -22.327050 18.122390
v -41.705270 -22.656030 18.276770
v -37.666500 -28.352140 18.257930
v -38.847510 -24.221150 18.360730
v -38.902340 -20.005770 18.524290
v -37.217730 -19.316880 18.478230
v -35.651330 -19.679350 18.702950
v -36.676090 -17.023470 18.755500
v -40.996450 -17.213440 18.063980
v -42.048340 -18.540440 18.885400
v -38.387700 -21.404240 18.959050
v -37.233890 -19.329390 18.795210
v -36.676090 -17.023470 18.755500
v -41.043540 -17.249890 18.987570
v -37.217730 -19.316880 18.478230
v -37.233890 -19.329390 18.795210
v -36.676090 -17.023470 18.755500
v -38.902340 -20.005770 18.524290
v -37.233890 -19.329390 18.795210
v -37.217730 -19.316880 18.478230
v -40.062470 -18.057460 18.542010
v -40.996450 -17.213440 18.063980
v -41.043540 -17.249890 18.987570
v -49.403340 -28.028140 17.208500
v -48.188280 -29.819300 17.685920
v -49.397600 -30.163250 17.610680
v -45.557650 -31.020260 17.286530
v -42.582490 -32.862260 17.851700
v -46.611790 -34.240500 17.591840
v -46.322350 -24.058360 18.008420
v -45.147960 -27.314030 17.939830
v -42.826760 -29.821580 17.959230
v -38.329000 -29.965790 18.182900
v -47.121890 -30.845050 17.699820
v -47.377450 -32.719430 17.445970
v -46.621040 -34.237090 17.591500
v -49.580690 -33.874210 17.454900
v -50.456750 -29.381120 17.101390
v -49.452710 -28.066350 18.176770
v -45.607030 -31.058470 18.254790
v -47.394400 -32.732550 17.778280
v -49.580690 -33.874210 17.454900
v -50.506120 -29.419340 18.069650
v -47.377450 -32.719430 17.445970
v -49.580690 -33.874210 17.454900
v -47.394400 -32.732550 17.778280
v -47.121890 -30.845050 17.699820
v -47.377450 -32.719430 17.445970
v -47.394400 -32.732550 17.778280
v -49.397600 -30.163250 17.610680
v -50.506120 -29.419340 18.069650
v -50.456750 -29.381120 17.101390
v -49.431790 -28.005950 17.207930
v -51.513730 -28.512290 17.567930
v -51.475870 -27.254380 17.619500
v -53.269520 -25.003610 17.130710
v -56.143820 -26.803790 17.399240
v -55.792700 -22.555900 17.584790
v -46.350800 -24.036160 18.007840
v -49.791460 -23.691260 17.846000
v -54.025600 -17.719600 17.865750
v -52.787460 -22.050420 17.757980
v -52.729980 -26.469730 17.586510
v -54.479140 -27.178830 17.302490
v -56.138250 -26.811940 17.399210
v -55.063920 -29.596300 17.344110
v -50.485200 -29.358930 17.100820
v -49.481160 -28.044160 18.176190
v -53.318890 -25.041820 18.098970
v -54.496080 -27.191940 17.634800
v -55.063920 -29.596300 17.344110
v -50.534570 -29.397140 18.069080
v -54.479140 -27.178830 17.302490
v -54.496080 -27.191940 17.634800
v -55.063920 -29.596300 17.344110
v -52.729980 -26.469730 17.586510
v -54.496080 -27.191940 17.634800
v -54.479140 -27.178830 17.302490
v -51.513730 -28.512290 17.567930
v -50.485200 -29.358930 17.100820
v -50.534570 -29.397140 18.069080
v -12.110780 20.326840 22.693480
v -11.725930 20.871910 24.698640
v -13.593900 22.580070 21.502630
v -13.068670 21.177060 21.382950
v -8.626635 24.998650 23.178370
v -9.394634 25.787530 21.792040
v -9.609365 19.463490 21.594370
v -7.570228 24.419410 21.837290
v -11.407340 21.117350 18.394970
v -8.493277 25.101200 20.524660
v -11.137520 19.664380 21.430530
v -11.990170 20.419320 20.288410
v -36.767210 -9.131272 18.990490
v -38.369360 -9.340576 18.899380
v -36.353890 -11.062540 21.481260
v -35.488610 -10.045200 17.927980
v -36.123670 -10.898340 16.416290
v -34.306980 -11.053960 19.044830
v -34.090070 -12.686700 18.996480
v -35.598660 -10.129830 20.107080
v -41.226460 -17.539670 18.441270
v -41.205530 -17.425540 15.893880
v -39.182260 -19.206710 18.484690
v -43.439940 -15.877410 18.387980
v -41.462180 -17.623080 20.977870
v -7.643478 26.278900 23.956480
v -3.073454 32.096410 22.389090
v -9.372193 27.975120 21.906430
v -5.448534 24.960790 21.996850
v -7.397753 26.488090 19.859560
v -8.626635 24.998650 23.178370
v -7.570228 24.419410 21.837290
v -5.448534 24.960790 21.996850
v -7.643478 26.278900 23.956480
v -9.372193 27.975120 21.906430
v -9.394634 25.787530 21.792040
v -7.397753 26.488090 19.859560
v -8.493277 25.101200 20.524660
v -11.137520 19.664380 21.430530
v -12.110780 20.326840 22.693480
v -11.990170 20.419320 20.288410
v -13.068670 21.177060 21.382950
v -41.205530 -17.425540 15.893880
v -36.123670 -10.898340 16.416290
v -34.090070 -12.686700 18.996480
v -39.182260 -19.206710 18.484690
v -36.353890 -11.062540 21.481260
v -41.462180 -17.623080 20.977870
v -43.439940 -15.877410 18.387980
v -38.369360 -9.340576 18.899380
v -43.718920 -18.059960 18.283650
v -45.321080 -18.269260 18.192530
v -43.305610 -19.991220 20.774410
v -43.075390 -19.827020 15.709440
v -42.440320 -18.973890 17.221130
v -41.258690 -19.982650 18.337980
v -41.041780 -21.615390 18.289630
v -42.550370 -19.058520 19.400230
v -47.293320 -25.331870 17.824400
v -47.272400 -25.217730 15.277000
v -45.249120 -26.998910 17.867820
v -49.506800 -23.669600 17.771100
v -47.529050 -25.415270 20.360990
v -39.866340 -18.136650 18.481350
v -41.138430 -17.227660 19.555710
v -47.272400 -25.217730 15.277000
v -43.075390 -19.827020 15.709440
v -41.041780 -21.615390 18.289630
v -45.249120 -26.998910 17.867820
v -47.529050 -25.415270 20.360990
v -43.305610 -19.991220 20.774410
v -49.506800 -23.669600 17.771100
v -45.321080 -18.269260 18.192530
v -41.028130 -17.143060 17.362990
v -42.294250 -16.237930 18.427470
v -50.962040 -29.954160 15.402850
v -55.534840 -35.774830 16.950280
v -53.081670 -28.654850 17.374470
v -49.203130 -31.727610 17.441580
v -51.214880 -30.171820 19.498890
v -49.980310 -28.675480 16.185310
v -49.197880 -29.535500 17.563060
v -49.203130 -31.727610 17.441580
v -50.962040 -29.954160 15.402850
v -53.081670 -28.654850 17.374470
v -50.968940 -28.098540 17.535780
v -51.214880 -30.171820 19.498890
v -50.118380 -28.783410 18.838560
vt 0.007274 0.230806 0.000000
vt 0.121252 0.164906 0.000000
vt 0.146369 0.193372 0.000000
vt 0.426755 0.231064 0.000000
vt 0.539791 0.102535 0.000000
vt 0.737882 0.247364 0.000000
vt 0.007275 0.432763 0.000000
vt 0.201398 0.351260 0.000000
vt 0.862687 0.443117 0.000000
vt 0.397902 0.310560 0.000000
vt 0.290253 0.177107 0.000000
vt 0.366987 0.107767 0.000000
vt 0.539791 0.102535 0.000000
vt 0.296021 0.011950 0.000000
vt 0.007274 0.162305 0.000000
vt 0.007274 0.230806 0.000000
vt 0.426755 0.231064 0.000000
vt 0.366987 0.107767 0.000000
vt 0.294900 0.011362 0.000000
vt 0.007274 0.162305 0.000000
vt 0.665936 0.572248 0.000000
vt 0.666014 0.526426 0.000000
vt 0.806989 0.549292 0.000000
vt 0.798258 0.549472 0.000000
vt 0.668159 0.526606 0.000000
vt 0.668081 0.572248 0.000000
vt 0.797605 0.862570 0.000000
vt 0.502454 0.970709 0.000000
vt 0.502454 0.754430 0.000000
vt 0.007274 0.230806 0.000000
vt 0.146369 0.193372 0.000000
vt 0.121252 0.164906 0.000000
vt 0.426755 0.231064 0.000000
vt 0.737882 0.247364 0.000000
vt 0.539791 0.102535 0.000000
vt 0.007275 0.432763 0.000000
vt 0.201398 0.351260 0.000000
vt 0.397902 0.310560 0.000000
vt 0.862687 0.443117 0.000000
vt 0.290253 0.177107 0.000000
vt 0.366987 0.107767 0.000000
vt 0.539791 0.102535 0.000000
vt 0.296021 0.011950 0.000000
vt 0.007274 0.162305 0.000000
vt 0.007274 0.230806 0.000000
vt 0.426755 0.231064 0.000000
vt 0.366987 0.107767 0.000000
vt 0.294900 0.011362 0.000000
vt 0.007274 0.162305 0.000000
vt 0.665936 0.572248 0.000000
vt 0.806989 0.549292 0.000000
vt 0.666014 0.526426 0.000000
vt 0.798258 0.549472 0.000000
vt 0.668081 0.572248 0.000000
vt 0.668159 0.526606 0.000000
vt 0.797605 0.862570 0.000000
vt 0.502454 0.754430 0.000000
vt 0.502454 0.970709 0.000000
vt 0.007274 0.230806 0.000000
vt 0.121252 0.164906 0.000000
vt 0.146369 0.193372 0.000000
vt 0.426755 0.231064 0.000000
vt 0.539791 0.102535 0.000000
vt 0.737882 0.247364 0.000000
vt 0.007275 0.432763 0.000000
vt 0.201398 0.351260 0.000000
vt 0.862687 0.443117 0.000000
vt 0.397902 0.310560 0.000000
vt 0.290253 0.177107 0.000000
vt 0.366987 0.107767 0.000000
vt 0.539791 0.102535 0.000000
vt 0.296021 0.011950 0.000000
vt 0.007274 0.162305 0.000000
vt 0.007274 0.230806 0.000000
vt 0.426755 0.231064 0.000000
vt 0.366987 0.107767 0.000000
vt 0.294900 0.011362 0.000000
vt 0.007274 0.162305 0.000000
vt 0.665936 0.572248 0.000000
vt 0.666014 0.526426 0.000000
vt 0.806989 0.549292 0.000000
vt 0.798258 0.549472 0.000000
vt 0.668159 0.526606 0.000000
vt 0.668081 0.572248 0.000000
vt 0.797605 0.862570 0.000000
vt 0.502454 0.970709 0.000000
vt 0.502454 0.754430 0.000000
vt 0.007274 0.230806 0.000000
vt 0.146369 0.193372 0.000000
vt 0.121252 0.164906 0.000000
vt 0.426755 0.231064 0.000000
vt 0.737882 0.247364 0.000000
vt 0.539791 0.102535 0.000000
vt 0.007275 0.432763 0.000000
vt 0.201398 0.351260 0.000000
vt 0.397902 0.310560 0.000000
vt 0.862687 0.443117 0.000000
vt 0.290253 0.177107 0.000000
vt 0.366987 0.107767 0.000000
vt 0.539791 0.102535 0.000000
vt 0.296021 0.011950 0.000000
vt 0.007274 0.162305 0.000000
vt 0.007274 0.230806 0.000000
vt 0.426755 0.231064 0.000000
vt 0.366987 0.107767 0.000000
vt 0.294900 0.011362 0.000000
vt 0.007274 0.162305 0.000000
vt 0.665936 0.572248 0.000000
vt 0.806989 0.549292 0.000000
vt 0.666014 0.526426 0.000000
vt 0.798258 0.549472 0.000000
vt 0.668081 0.572248 0.000000
vt 0.668159 0.526606 0.000000
vt 0.797605 0.862570 0.000000
vt 0.502454 0.754430 0.000000
vt 0.502454 0.970709 0.000000
vt 0.007274 0.230806 0.000000
vt 0.146369 0.193372 0.000000
vt 0.121252 0.164906 0.000000
vt 0.426755 0.231064 0.000000
vt 0.737882 0.247364 0.000000
vt 0.539791 0.102535 0.000000
vt 0.007275 0.432763 0.000000
vt 0.201398 0.351260 0.000000
vt 0.397902 0.310560 0.000000
vt 0.862687 0.443117 0.000000
vt 0.290253 0.177107 0.000000
vt 0.366987 0.107767 0.000000
vt 0.539791 0.102535 0.000000
vt 0.296021 0.011950 0.000000
vt 0.007274 0.162305 0.000000
vt 0.007274 0.230806 0.000000
vt 0.426755 0.231064 0.000000
vt 0.366987 0.107767 0.000000
vt 0.294900 0.011362 0.000000
vt 0.007274 0.162305 0.000000
vt 0.665936 0.572248 0.000000
vt 0.806989 0.549292 0.000000
vt 0.666014 0.526426 0.000000
vt 0.798258 0.549472 0.000000
vt 0.668081 0.572248 0.000000
vt 0.668159 0.526606 0.000000
vt 0.797605 0.862570 0.000000
vt 0.502454 0.754430 0.000000
vt 0.502454 0.970709 0.000000
vt 0.007274 0.230806 0.000000
vt 0.121252 0.164906 0.000000
vt 0.146369 0.193372 0.000000
vt 0.426755 0.231064 0.000000
vt 0.539791 0.102535 0.000000
vt 0.737882 0.247364 0.000000
vt 0.007275 0.432763 0.000000
vt 0.201398 0.351260 0.000000
vt 0.862687 0.443117 0.000000
vt 0.397902 0.310560 0.000000
vt 0.290253 0.177107 0.000000
vt 0.366987 0.107767 0.000000
vt 0.539791 0.102535 0.000000
vt 0.296021 0.011950 0.000000
vt 0.007274 0.162305 0.000000
vt 0.007274 0.230806 0.000000
vt 0.426755 0.231064 0.000000
vt 0.366987 0.107767 0.000000
vt 0.294900 0.011362 0.000000
vt 0.007274 0.162305 0.000000
vt 0.665936 0.572248 0.000000
vt 0.666014 0.526426 0.000000
vt 0.806989 0.549292 0.000000
vt 0.798258 0.549472 0.000000
vt 0.668159 0.526606 0.000000
vt 0.668081 0.572248 0.000000
vt 0.797605 0.862570 0.000000
vt 0.502454 0.970709 0.000000
vt 0.502454 0.754430 0.000000
vt 0.007274 0.230806 0.000000
vt 0.146369 0.193372 0.000000
vt 0.121252 0.164906 0.000000
vt 0.426755 0.231064 0.000000
vt 0.737882 0.247364 0.000000
vt 0.539791 0.102535 0.000000
vt 0.007275 0.432763 0.000000
vt 0.201398 0.351260 0.000000
vt 0.397902 0.310560 0.000000
vt 0.862687 0.443117 0.000000
vt 0.290253 0.177107 0.000000
vt 0.366987 0.107767 0.000000
vt 0.539791 0.102535 0.000000
vt 0.296021 0.011950 0.000000
vt 0.007274 0.162305 0.000000
vt 0.007274 0.230806 0.000000
vt 0.426755 0.231064 0.000000
vt 0.366987 0.107767 0.000000
vt 0.294900 0.011362 0.000000
vt 0.007274 0.162305 0.000000
vt 0.665936 0.572248 0.000000
vt 0.806989 0.549292 0.000000
vt 0.666014 0.526426 0.000000
vt 0.798258 0.549472 0.000000
vt 0.668081 0.572248 0.000000
vt 0.668159 0.526606 0.000000
vt 0.797605 0.862570 0.000000
vt 0.502454 0.754430 0.000000
vt 0.502454 0.970709 0.000000
vt 0.007274 0.230806 0.000000
vt 0.121252 0.164906 0.000000
vt 0.146369 0.193372 0.000000
vt 0.426755 0.231064 0.000000
vt 0.539791 0.102535 0.000000
vt 0.737882 0.247364 0.000000
vt 0.007275 0.432763 0.000000
vt 0.201398 0.351260 0.000000
vt 0.862687 0.443117 0.000000
vt 0.397902 0.310560 0.000000
vt 0.290253 0.177107 0.000000
vt 0.366987 0.107767 0.000000
vt 0.539791 0.102535 0.000000
vt 0.296021 0.011950 0.000000
vt 0.007274 0.162305 0.000000
vt 0.007274 0.230806 0.000000
vt 0.426755 0.231064 0.000000
vt 0.366987 0.107767 0.000000
vt 0.294900 0.011362 0.000000
vt 0.007274 0.162305 0.000000
vt 0.665936 0.572248 0.000000
vt 0.666014 0.526426 0.000000
vt 0.806989 0.549292 0.000000
vt 0.798258 0.549472 0.000000
vt 0.668159 0.526606 0.000000
vt 0.668081 0.572248 0.000000
vt 0.797605 0.862570 0.000000
vt 0.502454 0.970709 0.000000
vt 0.502454 0.754430 0.000000
vt 0.988990 0.855564 0.000000
vt 0.988990 0.901464 0.000000
vt 0.818121 0.901464 0.000000
vt 0.900675 0.855564 0.000000
vt 0.988990 0.988940 0.000000
vt 0.896859 0.988940 0.000000
vt 0.818121 0.901464 0.000000
vt 0.896859 0.988940 0.000000
vt 0.988990 0.901464 0.000000
vt 0.988990 0.988940 0.000000
vt 0.900675 0.855564 0.000000
vt 0.988990 0.855564 0.000000
vt 0.860583 0.751260 0.000000
vt 0.804238 0.824509 0.000000
vt 0.995813 0.824509 0.000000
vt 0.995813 0.751260 0.000000
vt 0.995813 0.824509 0.000000
vt 0.860583 0.751260 0.000000
vt 0.804238 0.824509 0.000000
vt 0.995813 0.751260 0.000000
vt 0.484573 0.883818 0.000000
vt 0.669469 0.792673 0.000000
vt 0.669469 0.929391 0.000000
vt 0.669469 0.929391 0.000000
vt 0.669469 0.792673 0.000000
vt 0.028664 0.988200 0.000000
vt 0.028664 0.518091 0.000000
vt 0.478664 0.988200 0.000000
vt 0.478664 0.988200 0.000000
vt 0.028664 0.988200 0.000000
vt 0.750980 0.886161 0.000000
vt 0.417986 0.886161 0.000000
vt 0.237901 0.635380 0.000000
vt 0.750980 0.635380 0.000000
vt 0.237901 0.635380 0.000000
vt 0.417986 0.886161 0.000000
vt 0.750980 0.635380 0.000000
vt 0.750980 0.886161 0.000000
vt 0.883122 0.373227 0.000000
vt 0.995813 0.373227 0.000000
vt 0.995813 0.373227 0.000000
vt 0.883122 0.373227 0.000000
vt 0.166223 0.625804 0.000000
vt 0.806848 0.625804 0.000000
vt 0.806848 0.457835 0.000000
vt 0.166223 0.457835 0.000000
vt 0.806848 0.625804 0.000000
vt 0.166223 0.625804 0.000000
vt 0.166223 0.457835 0.000000
vt 0.806848 0.457835 0.000000
vt 0.860583 0.751260 0.000000
vt 0.804238 0.824509 0.000000
vt 0.995813 0.824509 0.000000
vt 0.995813 0.824509 0.000000
vt 0.995813 0.751260 0.000000
vt 0.860583 0.751260 0.000000
vt 0.804238 0.824509 0.000000
vt 0.995813 0.751260 0.000000
vt 0.484573 0.883818 0.000000
vt 0.669469 0.792673 0.000000
vt 0.669469 0.929391 0.000000
vt 0.669469 0.929391 0.000000
vt 0.669469 0.792673 0.000000
vt 0.862883 0.725521 0.000000
vt 0.994766 0.725521 0.000000
vt 0.166223 0.625804 0.000000
vt 0.806848 0.625804 0.000000
vt 0.806848 0.457835 0.000000
vt 0.166223 0.457835 0.000000
vt 0.166223 0.625804 0.000000
vt 0.806848 0.625804 0.000000
vt 0.166223 0.457835 0.000000
vt 0.806848 0.457835 0.000000
vt 0.994766 0.725521 0.000000
vt 0.862883 0.725521 0.000000
vt 0.028664 0.988200 0.000000
vt 0.028664 0.518091 0.000000
vt 0.478664 0.988200 0.000000
vt 0.478664 0.988200 0.000000
vt 0.028664 0.988200 0.000000
vt 0.750980 0.886161 0.000000
vt 0.417986 0.886161 0.000000
vt 0.237901 0.635380 0.000000
vt 0.750980 0.635380 0.000000
vt 0.237901 0.635380 0.000000
vt 0.417986 0.886161 0.000000
vt 0.750980 0.635380 0.000000
vt 0.750980 0.886161 0.000000
usemtl Material_3
f 199/199 200/200 201/201
f 202/202 203/203 204/204
f 205/205 199/199 206/206
f 204/204 207/207 208/208
f 208/208 202/202 204/204
f 209/209 210/210 202/202
f 199/199 202/202 208/208
f 208/208 206/206 199/199
f 203/203 202/202 210/210
f 210/210 211/211 203/203
f 210/210 212/212 211/211
f 199/199 213/213 200/200
f 201/201 209/209 202/202
f 202/202 199/199 201/201
f 214/214 201/201 200/200
f 215/215 204/204 203/203
f 205/205 206/206 214/214
f 208/208 207/207 204/204
f 204/204 215/215 208/208
f 209/209 215/215 216/216
f 214/214 206/206 208/208
f 208/208 215/215 214/214
f 203/203 211/211 216/216
f 216/216 215/215 203/203
f 216/216 211/211 217/217
f 214/214 200/200 218/218
f 201/201 214/214 215/215
f 215/215 209/209 201/201
f 219/219 220/220 221/221
f 222/222 223/223 224/224
f 225/225 226/226 227/227
f 228/228 229/229 230/230
f 231/231 232/232 233/233
f 234/234 235/235 228/228
f 232/232 231/231 236/236
f 236/236 237/237 232/232
f 238/238 231/231 239/239
f 228/228 235/235 236/236
f 236/236 231/231 228/228
f 233/233 240/240 239/239
f 239/239 231/231 233/233
f 239/239 240/240 241/241
f 228/228 230/230 242/242
f 229/229 228/228 231/231
f 231/231 238/238 229/229
f 243/243 230/230 229/229
f 244/244 233/233 232/232
f 234/234 243/243 235/235
f 236/236 244/244 232/232
f 232/232 237/237 236/236
f 238/238 245/245 244/244
f 243/243 244/244 236/236
f 236/236 235/235 243/243
f 233/233 244/244 245/245
f 245/245 240/240 233/233
f 245/245 246/246 240/240
f 243/243 247/247 230/230
f 229/229 238/238 244/244
f 244/244 243/243 229/229
f 248/248 249/249 250/250
f 251/251 252/252 253/253
f 254/254 255/255 256/256
f 257/257 258/258 259/259
f 260/260 261/261 262/262
f 263/263 257/257 264/264
f 262/262 265/265 266/266
f 266/266 260/260 262/262
f 267/267 268/268 260/260
f 257/257 260/260 266/266
f 266/266 264/264 257/257
f 261/261 260/260 268/268
f 268/268 269/269 261/261
f 268/268 270/270 269/269
f 257/257 271/271 258/258
f 259/259 267/267 260/260
f 260/260 257/257 259/259
f 272/272 259/259 258/258
f 273/273 262/262 261/261
f 263/263 264/264 272/272
f 266/266 265/265 262/262
f 262/262 273/273 266/266
f 267/267 273/273 274/274
f 272/272 264/264 266/266
f 266/266 273/273 272/272
f 261/261 269/269 274/274
f 274/274 273/273 261/261
f 274/274 269/269 275/275
f 272/272 258/258 276/276
f 259/259 272/272 273/273
f 273/273 267/267 259/259
f 277/277 278/278 279/279
f 280/280 281/281 282/282
f 283/283 284/284 285/285
f 286/286 287/287 288/288
f 289/289 290/290 291/291
f 292/292 293/293 286/286
f 290/290 289/289 294/294
f 294/294 295/295 290/290
f 296/296 289/289 297/297
f 286/286 293/293 294/294
f 294/294 289/289 286/286
f 291/291 298/298 297/297
f 297/297 289/289 291/291
f 297/297 298/298 299/299
f 286/286 288/288 300/300
f 287/287 286/286 289/289
f 289/289 296/296 287/287
f 301/301 288/288 287/287
f 302/302 291/291 290/290
f 292/292 301/301 293/293
f 294/294 302/302 290/290
f 290/290 295/295 294/294
f 296/296 303/303 302/302
f 301/301 302/302 294/294
f 294/294 293/293 301/301
f 291/291 302/302 303/303
f 303/303 298/298 291/291
f 303/303 304/304 298/298
f 301/301 305/305 288/288
f 287/287 296/296 302/302
f 302/302 301/301 287/287
f 306/306 307/307 308/308
f 309/309 310/310 311/311
f 312/312 313/313 314/314
f 315/315 316/316 317/317
f 318/318 319/319 320/320
f 321/321 322/322 315/315
f 319/319 318/318 323/323
f 323/323 324/324 319/319
f 325/325 318/318 326/326
f 315/315 322/322 323/323
f 323/323 318/318 315/315
f 320/320 327/327 326/326
f 326/326 318/318 320/320
f 326/326 327/327 328/328
f 315/315 317/317 329/329
f 316/316 315/315 318/318
f 318/318 325/325 316/316
f 330/330 317/317 316/316
f 331/331 320/320 319/319
f 321/321 330/330 322/322
f 323/323 331/331 319/319
f 319/319 324/324 323/323
f 325/325 332/332 331/331
f 330/330 331/331 323/323
f 323/323 322/322 330/330
f 320/320 331/331 332/332
f 332/332 327/327 320/320
f 332/332 333/333 327/327
f 330/330 334/334 317/317
f 316/316 325/325 331/331
f 331/331 330/330 316/316
f 335/335 336/336 337/337
f 338/338 339/339 340/340
f 341/341 342/342 343/343
f 344/344 345/345 346/346
f 347/347 348/348 349/349
f 350/350 344/344 351/351
f 349/349 352/352 353/353
f 353/353 347/347 349/349
f 354/354 355/355 347/347
f 344/344 347/347 353/353
f 353/353 351/351 344/344
f 348/348 347/347 355/355
f 355/355 356/356 348/348
f 355/355 357/357 356/356
f 344/344 358/358 345/345
f 346/346 354/354 347/347
f 347/347 344/344 346/346
f 359/359 346/346 345/345
f 360/360 349/349 348/348
f 350/350 351/351 359/359
f 353/353 352/352 349/349
f 349/349 360/360 353/353
f 354/354 360/360 361/361
f 359/359 351/351 353/353
f 353/353 360/360 359/359
f 348/348 356/356 361/361
f 361/361 360/360 348/348
f 361/361 356/356 362/362
f 359/359 345/345 363/363
f 346/346 359/359 360/360
f 360/360 354/354 346/346
f 364/364 365/365 366/366
f 367/367 368/368 369/369
f 370/370 371/371 372/372
f 373/373 374/374 375/375
f 376/376 377/377 378/378
f 379/379 380/380 373/373
f 377/377 376/376 381/381
f 381/381 382/382 377/377
f 383/383 376/376 384/384
f 373/373 380/380 381/381
f 381/381 376/376 373/373
f 378/378 385/385 384/384
f 384/384 376/376 378/378
f 384/384 385/385 386/386
f 373/373 375/375 387/387
f 374/374 373/373 376/376
f 376/376 383/383 374/374
f 388/388 375/375 374/374
f 389/389 378/378 377/377
f 379/379 388/388 380/380
f 381/381 389/389 377/377
f 377/377 382/382 381/381
f 383/383 390/390 389/389
f 388/388 389/389 381/381
f 381/381 380/380 388/388
f 378/378 389/389 390/390
f 390/390 385/385 378/378
f 390/390 391/391 385/385
f 388/388 392/392 375/375
f 374/374 383/383 389/389
f 389/389 388/388 374/374
f 393/393 394/394 395/395
f 396/396 397/397 398/398
f 399/399 400/400 401/401
f 402/402 403/403 404/404
f 405/405 406/406 407/407
f 408/408 402/402 409/409
f 407/407 410/410 411/411
f 411/411 405/405 407/407
f 412/412 413/413 405/405
f 402/402 405/405 411/411
f 411/411 409/409 402/402
f 406/406 405/405 413/413
f 413/413 414/414 406/406
f 413/413 415/415 414/414
f 402/402 416/416 403/403
f 404/404 412/412 405/405
f 405/405 402/402 404/404
f 417/417 404/404 403/403
f 418/418 407/407 406/406
f 408/408 409/409 417/417
f 411/411 410/410 407/407
f 407/407 418/418 411/411
f 412/412 418/418 419/419
f 417/417 409/409 411/411
f 411/411 418/418 417/417
f 406/406 414/414 419/419
f 419/419 418/418 406/406
f 419/419 414/414 420/420
f 417/417 403/403 421/421
f 404/404 417/417 418/418
f 418/418 412/412 404/404
f 422/422 423/423 424/424
f 425/425 426/426 427/427
f 428/428 429/429 430/430
f 431/431 432/432 433/433
f 433/433 434/434 431/431
f 432/432 435/435 436/436
f 436/436 433/433 432/432
f 432/432 437/437 438/438
f 438/438 435/435 432/432
f 439/439 440/440 438/438
f 438/438 437/437 439/439
f 431/431 441/441 437/437
f 437/437 432/432 431/431
f 442/442 439/439 437/437
f 437/437 441/441 442/442
f 442/442 434/434 433/433
f 433/433 439/439 442/442
f 436/436 440/440 439/439
f 439/439 433/433 436/436
f 443/443 444/444 445/445
f 443/443 446/446 447/447
f 447/447 444/444 443/443
f 446/446 448/448 449/449
f 449/449 447/447 446/446
f 450/450 445/445 449/449
f 449/449 448/448 450/450
f 445/445 450/450 443/443
f 451/451 452/452 453/453
f 454/454 452/452 451/451
f 451/451 455/455 454/454
f 453/453 455/455 451/451
f 456/456 457/457 458/458
f 457/457 456/456 459/459
f 457/457 459/459 460/460
f 458/458 457/457 460/460
f 461/461 462/462 463/463
f 463/463 464/464 461/461
f 465/465 466/466 461/461
f 461/461 464/464 465/465
f 467/467 468/468 466/466
f 466/466 465/465 467/467
f 467/467 463/463 462/462
f 462/462 468/468 467/467
f 469/469 470/470 450/450
f 450/450 448/448 469/469
f 471/471 469/469 448/448
f 448/448 446/446 471/471
f 472/472 471/471 446/446
f 446/446 443/443 472/472
f 443/443 450/450 470/470
f 470/470 472/472 443/443
f 473/473 474/474 475/475
f 475/475 476/476 473/473
f 475/475 477/477 478/478
f 478/478 476/476 475/475
f 479/479 478/478 477/477
f 477/477 480/480 479/479
f 474/474 473/473 479/479
f 479/479 480/480 474/474
f 481/481 482/482 483/483
f 484/484 482/482 481/481
f 481/481 485/485 484/484
f 485/485 486/486 487/487
f 487/487 484/484 485/485
f 487/487 486/486 488/488
f 488/488 483/483 487/487
f 483/483 488/488 481/481
f 489/489 490/490 491/491
f 492/492 490/490 489/489
f 489/489 493/493 492/492
f 491/491 493/493 489/489
f 494/494 495/495 488/488
f 488/488 486/486 494/494
f 496/496 497/497 498/498
f 498/498 499/499 496/496
f 500/500 499/499 498/498
f 498/498 501/501 500/500
f 502/502 500/500 501/501
f 501/501 503/503 502/502
f 497/497 496/496 502/502
f 502/502 503/503 497/497
f 486/486 485/485 504/504
f 504/504 494/494 486/486
f 485/485 481/481 505/505
f 505/505 504/504 485/485
f 481/481 488/488 495/495
f 495/495 505/505 481/481
f 506/506 507/507 508/508
f 507/507 506/506 509/509
f 507/507 509/509 510/510
f 508/508 507/507 510/510
f 511/511 512/512 513/513
f 513/513 514/514 511/511
f 515/515 516/516 511/511
f 511/511 514/514 515/515
f 517/517 518/518 516/516
f 516/516 515/515 517/517
f 517/517 513/513 512/512
f 512/512 518/518 517/517

g Human_zhuru_weapon
v -41.711900 -1.602974 31.510420
v -36.368490 2.822902 31.504300
v -36.458990 4.507898 28.113160
v -45.423910 -2.919562 28.173860
v -45.423910 -2.919562 28.173860
v -36.458990 4.507898 28.113160
v -36.320830 6.302578 26.778140
v -47.668050 -3.010580 26.696260
v -38.324840 -11.490820 27.940830
v -38.324840 -11.490820 27.940830
v -36.212820 -8.242446 31.329920
v -27.616430 -4.179627 26.411770
v -28.972960 -3.622111 24.772630
v -36.069380 4.951330 25.005650
v -45.967900 -3.247069 25.047090
v -38.936190 -13.553220 26.409640
v -29.359920 -4.063358 27.880130
v -29.359920 -4.063358 27.880130
v -30.869400 -3.816564 31.323800
v -38.868830 -11.818330 24.814060
v -46.129220 -3.068206 16.924760
v -39.030140 -11.639460 16.691740
v -39.030140 -11.639460 16.691740
v -46.129220 -3.068206 16.924760
v -47.728450 -2.966714 15.564000
v -39.280560 -13.166510 15.286700
v -39.153050 -11.622870 13.635770
v -36.317390 5.060440 16.951440
v -36.317390 5.060440 16.951440
v -35.987600 6.606884 15.416870
v -46.252130 -3.051620 13.868780
v -39.153050 -11.622870 13.635770
v -46.252130 -3.051620 13.868780
v -43.769710 -1.984594 9.813333
v -37.794940 -9.198394 9.617215
v -29.215680 -3.508625 16.718430
v -29.215680 -3.508625 16.718430
v -27.601990 -3.483948 15.127510
v -36.236980 5.243689 13.932540
v -36.236980 5.243689 13.932540
v -37.374080 3.311698 9.834985
v -29.137910 -3.327565 13.699510
v -29.137910 -3.327565 13.699510
v -31.399310 -3.902097 9.638867
v -30.869400 -3.816564 31.323800
v -36.212820 -8.242446 31.329920
v -38.324840 -11.490820 27.940830
v -29.359920 -4.063358 27.880130
v -29.359920 -4.063358 27.880130
v -38.324840 -11.490820 27.940830
v -38.936190 -13.553220 26.409640
v -27.616430 -4.179627 26.411770
v -38.868830 -11.818330 24.814060
v -28.972960 -3.622111 24.772630
v -39.030140 -11.639460 16.691740
v -29.215680 -3.508625 16.718430
v -29.215680 -3.508625 16.718430
v -39.030140 -11.639460 16.691740
v -39.280560 -13.166510 15.286700
v -27.601990 -3.483948 15.127510
v -29.137910 -3.327565 13.699510
v -39.153050 -11.622870 13.635770
v -29.137910 -3.327565 13.699510
v -39.153050 -11.622870 13.635770
v -37.794940 -9.198394 9.617215
v -31.399310 -3.902097 9.638867
v -37.374080 3.311698 9.834985
v -31.399310 -3.902097 9.638867
v -37.794940 -9.198394 9.617215
v -43.769710 -1.984594 9.813333
v -41.711900 -1.602974 31.510420
v -36.212820 -8.242446 31.329920
v -30.869400 -3.816564 31.323800
v -36.368490 2.822902 31.504300
v -12.913250 17.227490 18.586560
v -13.369030 16.708480 19.513780
v -14.062680 17.547450 20.484330
v -14.619280 19.290170 20.521660
v -9.451870 20.001010 19.554880
v -10.236610 20.863290 20.391640
v -9.388952 19.991090 21.214360
v -12.841240 17.146920 22.268480
v -11.131160 15.079520 20.397700
v -8.768949 19.090150 20.339370
v -13.336890 16.670680 21.299350
v -12.732890 15.940170 20.437020
v -24.441940 7.560839 18.836870
v -25.670620 6.593205 17.547690
v -27.755800 9.204409 20.683950
v -23.420960 3.882972 20.528450
v -23.463580 6.383824 20.570020
v -25.547750 6.457050 23.727490
v -24.369230 7.481620 22.388930
v -25.348020 8.659069 20.636910
v -40.209340 -5.966686 33.283520
v -38.594470 -0.923658 34.027670
v -37.786820 -1.599086 30.904750
v -33.284660 -0.229318 33.230080
v -34.386820 -1.063541 31.186010
v -34.929320 -5.351861 33.911500
v -35.562780 -4.287735 30.836430
v -38.607550 -4.557545 31.170010
v -36.525700 4.480923 20.744710
v -32.919950 0.291101 25.292450
v -31.272430 1.717180 23.726050
v -29.653260 -3.816774 20.500770
v -29.135960 -0.868507 20.540770
v -31.394540 1.852595 17.577390
v -32.982040 0.577890 16.381030
v -33.532470 4.439792 20.697000
v -38.594470 -0.923658 34.027670
v -36.448050 -3.146768 40.960440
v -33.284660 -0.229318 33.230080
v -40.209340 -5.966686 33.283520
v -34.929320 -5.351861 33.911500
v -39.470990 -0.634206 7.530474
v -37.360240 -2.313787 0.492743
v -40.915680 -5.543318 7.904469
v -34.275710 -0.065408 8.456092
v -35.840850 -5.020219 7.415459
v -34.275710 -0.065408 8.456092
v -39.470990 -0.634206 7.530474
v -38.782880 -1.379694 10.238940
v -40.915680 -5.543318 7.904469
v -39.890090 -4.780992 10.161740
v -35.840850 -5.020219 7.415459
v -36.340730 -4.331279 10.162820
v -35.329770 -1.007011 10.248620
v -35.029380 2.408371 13.398520
v -30.935340 2.574582 11.192840
v -34.224110 -0.155979 11.485780
v -32.574780 1.091387 14.619590
v -31.782250 -1.512096 13.291920
v -34.515220 -7.501399 23.226210
v -30.408890 -12.106130 20.376820
v -31.484830 -4.057585 20.380170
v -38.391020 -9.817385 20.382580
v -34.811210 -7.155511 17.363750
v -43.831950 -4.244714 13.190390
v -44.627400 -8.776563 11.524500
v -42.450810 -7.104993 15.038910
v -41.359400 -6.067432 11.453090
v -39.966520 -8.908969 13.064010
v -34.952250 1.864783 28.843070
v -30.480360 2.208569 30.251650
v -32.886020 0.327501 27.286260
v -33.587740 -0.371686 30.441370
v -31.705110 -2.055673 28.736490
v -9.504267 22.231290 20.402500
v -3.529138 24.910060 20.351960
v -8.326188 21.005330 18.587990
v -8.225996 20.948970 22.189100
v -7.193213 19.526800 20.321720
v -8.225996 20.948970 22.189100
v -9.504267 22.231290 20.402500
v -10.236610 20.863290 20.391640
v -8.326188 21.005330 18.587990
v -9.451870 20.001010 19.554880
v -7.193213 19.526800 20.321720
v -8.768949 19.090150 20.339370
v -9.388952 19.991090 21.214360
v -13.336890 16.670680 21.299350
v -14.062680 17.547450 20.484330
v -12.732890 15.940170 20.437020
v -13.369030 16.708480 19.513780
v -40.512490 -0.154533 24.009140
v -45.014260 4.918876 20.885200
v -43.946890 -3.123868 20.737400
v -37.040950 2.636199 20.722790
v -40.731140 0.097372 18.133450
v -42.733020 -3.966207 29.329810
v -43.219620 -8.366785 31.125090
v -39.769050 -5.487367 30.392710
v -41.908980 -7.166609 27.898860
v -38.868980 -8.631601 29.203010
v -25.547750 6.457050 23.727490
v -31.272430 1.717180 23.726050
v -29.135960 -0.868507 20.540770
v -33.532470 4.439792 20.697000
v -27.755800 9.204409 20.683950
v -31.394540 1.852595 17.577390
v -25.670620 6.593205 17.547690
v -23.420960 3.882972 20.528450
v -46.382640 -10.407490 16.941070
v -49.537300 -7.870476 20.783780
v -43.908320 -4.460879 20.701580
v -46.119460 -10.508390 24.383940
v -41.821640 -6.888621 22.956460
v -44.329070 -14.174770 20.593210
v -39.931060 -9.275157 20.556050
v -42.042830 -6.884827 18.619390
v -49.537300 -7.870476 20.783780
v -53.347010 -16.320950 20.671550
v -46.119460 -10.508390 24.383940
v -46.382640 -10.407490 16.941070
v -44.329070 -14.174770 20.593210
vt 0.726563 0.644531 0.000000
vt 0.265625 0.644531 0.000000
vt 0.265625 0.742188 0.000000
vt 0.726563 0.742188 0.000000
vt 0.726563 0.750000 0.000000
vt 0.273438 0.750000 0.000000
vt 0.273438 0.796875 0.000000
vt 0.726563 0.796875 0.000000
vt 0.992188 0.750000 0.000000
vt 0.992188 0.742188 0.000000
vt 0.992188 0.644531 0.000000
vt 0.007813 0.796875 0.000000
vt 0.007813 0.847656 0.000000
vt 0.273438 0.847656 0.000000
vt 0.726563 0.847656 0.000000
vt 0.992188 0.796875 0.000000
vt 0.007813 0.750000 0.000000
vt 0.007813 0.742188 0.000000
vt 0.007813 0.644531 0.000000
vt 0.992188 0.847656 0.000000
vt 0.726563 0.996094 0.000000
vt 0.992188 0.996094 0.000000
vt 0.992188 0.847656 0.000000
vt 0.726563 0.847656 0.000000
vt 0.726563 0.796875 0.000000
vt 0.992188 0.796875 0.000000
vt 0.992188 0.750000 0.000000
vt 0.273438 0.996094 0.000000
vt 0.273438 0.847656 0.000000
vt 0.273438 0.796875 0.000000
vt 0.726563 0.750000 0.000000
vt 0.992188 0.742188 0.000000
vt 0.726563 0.742188 0.000000
vt 0.726563 0.644531 0.000000
vt 0.992188 0.644531 0.000000
vt 0.007813 0.996094 0.000000
vt 0.007813 0.847656 0.000000
vt 0.007813 0.796875 0.000000
vt 0.273438 0.750000 0.000000
vt 0.265625 0.742188 0.000000
vt 0.265625 0.644531 0.000000
vt 0.007813 0.750000 0.000000
vt 0.007813 0.742188 0.000000
vt 0.007813 0.644531 0.000000
vt 0.265625 0.644531 0.000000
vt 0.726563 0.644531 0.000000
vt 0.726563 0.742188 0.000000
vt 0.265625 0.742188 0.000000
vt 0.273438 0.750000 0.000000
vt 0.726563 0.750000 0.000000
vt 0.726563 0.796875 0.000000
vt 0.273438 0.796875 0.000000
vt 0.726563 0.847656 0.000000
vt 0.273438 0.847656 0.000000
vt 0.726563 0.996094 0.000000
vt 0.273438 0.996094 0.000000
vt 0.273438 0.847656 0.000000
vt 0.726563 0.847656 0.000000
vt 0.726563 0.796875 0.000000
vt 0.273438 0.796875 0.000000
vt 0.273438 0.750000 0.000000
vt 0.726563 0.750000 0.000000
vt 0.265625 0.742188 0.000000
vt 0.726563 0.742188 0.000000
vt 0.726563 0.644531 0.000000
vt 0.265625 0.644531 0.000000
vt 0.751386 0.496548 0.000000
vt 0.298261 0.496548 0.000000
vt 0.298261 0.633267 0.000000
vt 0.751386 0.633267 0.000000
vt 0.751386 0.633267 0.000000
vt 0.751386 0.496548 0.000000
vt 0.298261 0.496548 0.000000
vt 0.298261 0.633267 0.000000
vt 0.826227 0.540337 0.000000
vt 0.902666 0.497837 0.000000
vt 0.984440 0.497837 0.000000
vt 0.984440 0.540337 0.000000
vt 0.899133 0.621334 0.000000
vt 0.984440 0.621334 0.000000
vt 0.899133 0.621334 0.000000
vt 0.826227 0.540337 0.000000
vt 0.984440 0.540337 0.000000
vt 0.984440 0.621334 0.000000
vt 0.902666 0.497837 0.000000
vt 0.984440 0.497837 0.000000
vt 0.865545 0.401259 0.000000
vt 0.813373 0.469083 0.000000
vt 0.990757 0.469083 0.000000
vt 0.990757 0.469083 0.000000
vt 0.990757 0.401259 0.000000
vt 0.813373 0.469083 0.000000
vt 0.865545 0.401259 0.000000
vt 0.990757 0.401259 0.000000
vt 0.366680 0.190582 0.000000
vt 0.809727 0.190582 0.000000
vt 0.809727 0.441363 0.000000
vt 0.366680 0.190582 0.000000
vt 0.466992 0.441363 0.000000
vt 0.809727 0.190582 0.000000
vt 0.809727 0.441363 0.000000
vt 0.466992 0.441363 0.000000
vt 0.039063 0.492188 0.000000
vt 0.039063 0.628906 0.000000
vt 0.223958 0.628906 0.000000
vt 0.039063 0.492188 0.000000
vt 0.223958 0.492188 0.000000
vt 0.223958 0.628906 0.000000
vt 0.039063 0.628906 0.000000
vt 0.223958 0.492188 0.000000
vt 0.028664 0.478225 0.000000
vt 0.028664 0.008115 0.000000
vt 0.478664 0.478225 0.000000
vt 0.478664 0.478225 0.000000
vt 0.028664 0.478225 0.000000
vt 0.028664 0.478225 0.000000
vt 0.028664 0.008115 0.000000
vt 0.478664 0.478225 0.000000
vt 0.478664 0.478225 0.000000
vt 0.028664 0.478225 0.000000
vt 0.366680 0.190582 0.000000
vt 0.809727 0.190582 0.000000
vt 0.809727 0.441363 0.000000
vt 0.366680 0.190582 0.000000
vt 0.466992 0.441363 0.000000
vt 0.809727 0.190582 0.000000
vt 0.809727 0.441363 0.000000
vt 0.466992 0.441363 0.000000
vt 0.028664 0.478225 0.000000
vt 0.028664 0.008115 0.000000
vt 0.478664 0.478225 0.000000
vt 0.478664 0.478225 0.000000
vt 0.028664 0.478225 0.000000
vt 0.028664 0.478225 0.000000
vt 0.028664 0.008115 0.000000
vt 0.478664 0.478225 0.000000
vt 0.478664 0.478225 0.000000
vt 0.028664 0.478225 0.000000
vt 0.028664 0.478225 0.000000
vt 0.028664 0.008115 0.000000
vt 0.478664 0.478225 0.000000
vt 0.478664 0.478225 0.000000
vt 0.028664 0.478225 0.000000
vt 0.028664 0.478225 0.000000
vt 0.028664 0.008115 0.000000
vt 0.478664 0.478225 0.000000
vt 0.478664 0.478225 0.000000
vt 0.028664 0.478225 0.000000
vt 0.028664 0.478225 0.000000
vt 0.028664 0.008115 0.000000
vt 0.478664 0.478225 0.000000
vt 0.478664 0.478225 0.000000
vt 0.028664 0.478225 0.000000
vt 0.366680 0.190582 0.000000
vt 0.809727 0.190582 0.000000
vt 0.809727 0.441363 0.000000
vt 0.366680 0.190582 0.000000
vt 0.466992 0.441363 0.000000
vt 0.809727 0.190582 0.000000
vt 0.809727 0.441363 0.000000
vt 0.466992 0.441363 0.000000
vt 0.886413 0.004753 0.000000
vt 0.990757 0.004753 0.000000
vt 0.990757 0.004753 0.000000
vt 0.886413 0.004753 0.000000
vt 0.028664 0.478225 0.000000
vt 0.028664 0.008115 0.000000
vt 0.478664 0.478225 0.000000
vt 0.478664 0.478225 0.000000
vt 0.028664 0.478225 0.000000
vt 0.028664 0.478225 0.000000
vt 0.028664 0.008115 0.000000
vt 0.478664 0.478225 0.000000
vt 0.478664 0.478225 0.000000
vt 0.028664 0.478225 0.000000
vt 0.853588 0.007378 0.000000
vt 0.212963 0.007378 0.000000
vt 0.212963 0.175347 0.000000
vt 0.212963 0.175347 0.000000
vt 0.853588 0.175347 0.000000
vt 0.212963 0.007378 0.000000
vt 0.853588 0.007378 0.000000
vt 0.853588 0.175347 0.000000
vt 0.366680 0.190582 0.000000
vt 0.809727 0.190582 0.000000
vt 0.809727 0.441363 0.000000
vt 0.366680 0.190582 0.000000
vt 0.466992 0.441363 0.000000
vt 0.809727 0.190582 0.000000
vt 0.809727 0.441363 0.000000
vt 0.466992 0.441363 0.000000
vt 0.028664 0.478225 0.000000
vt 0.028664 0.008115 0.000000
vt 0.478664 0.478225 0.000000
vt 0.478664 0.478225 0.000000
vt 0.028664 0.478225 0.000000
usemtl Material_4
f 519/519 520/520 521/521
f 521/521 522/522 519/519
f 523/523 524/524 525/525
f 525/525 526/526 523/523
f 527/527 523/523 526/526
f 522/522 528/528 529/529
f 529/529 519/519 522/522
f 530/530 525/525 524/524
f 525/525 530/530 531/531
f 531/531 532/532 525/525
f 526/526 525/525 532/532
f 532/532 533/533 526/526
f 534/534 526/526 533/533
f 526/526 534/534 527/527
f 524/524 535/535 530/530
f 536/536 521/521 520/520
f 520/520 537/537 536/536
f 533/533 538/538 534/534
f 538/538 533/533 539/539
f 539/539 540/540 538/538
f 541/541 542/542 543/543
f 543/543 544/544 541/541
f 545/545 544/544 543/543
f 546/546 539/539 533/533
f 542/542 547/547 548/548
f 548/548 543/543 542/542
f 549/549 543/543 548/548
f 543/543 549/549 545/545
f 550/550 551/551 552/552
f 550/550 552/552 553/553
f 533/533 532/532 546/546
f 554/554 546/546 532/532
f 547/547 555/555 556/556
f 556/556 548/548 547/547
f 557/557 548/548 556/556
f 548/548 557/557 549/549
f 551/551 558/558 559/559
f 559/559 552/552 551/551
f 532/532 531/531 554/554
f 556/556 560/560 557/557
f 558/558 561/561 562/562
f 558/558 562/562 559/559
f 563/563 564/564 565/565
f 565/565 566/566 563/563
f 567/567 568/568 569/569
f 569/569 570/570 567/567
f 570/570 569/569 571/571
f 571/571 572/572 570/570
f 572/572 571/571 573/573
f 573/573 574/574 572/572
f 575/575 576/576 577/577
f 577/577 578/578 575/575
f 579/579 578/578 577/577
f 577/577 580/580 579/579
f 581/581 582/582 583/583
f 583/583 584/584 581/581
f 585/585 586/586 587/587
f 587/587 588/588 585/585
f 589/589 590/590 591/591
f 591/591 592/592 589/589
f 593/593 594/594 595/595
f 595/595 596/596 593/593
f 597/597 593/593 596/596
f 596/596 598/598 597/597
f 599/599 598/598 596/596
f 596/596 600/600 599/599
f 599/599 600/600 601/601
f 601/601 602/602 599/599
f 600/600 596/596 595/595
f 595/595 603/603 600/600
f 600/600 603/603 604/604
f 604/604 601/601 600/600
f 601/601 604/604 593/593
f 597/597 601/601 593/593
f 597/597 602/602 601/601
f 604/604 594/594 593/593
f 605/605 606/606 607/607
f 608/608 606/606 605/605
f 605/605 609/609 608/608
f 610/610 608/608 609/609
f 609/609 611/611 610/610
f 610/610 611/611 612/612
f 612/612 607/607 610/610
f 607/607 612/612 605/605
f 613/613 614/614 615/615
f 615/615 614/614 616/616
f 616/616 617/617 615/615
f 617/617 616/616 618/618
f 618/618 619/619 617/617
f 620/620 619/619 618/618
f 618/618 613/613 620/620
f 615/615 620/620 613/613
f 621/621 622/622 623/623
f 623/623 622/622 624/624
f 624/624 625/625 623/623
f 626/626 625/625 624/624
f 624/624 627/627 626/626
f 626/626 627/627 621/621
f 621/621 628/628 626/626
f 623/623 628/628 621/621
f 629/629 630/630 631/631
f 630/630 629/629 632/632
f 630/630 632/632 633/633
f 631/631 630/630 633/633
f 634/634 635/635 636/636
f 635/635 634/634 637/637
f 635/635 637/637 638/638
f 636/636 635/635 638/638
f 639/639 640/640 641/641
f 641/641 640/640 642/642
f 642/642 643/643 641/641
f 643/643 642/642 644/644
f 644/644 645/645 643/643
f 646/646 645/645 644/644
f 644/644 639/639 646/646
f 641/641 646/646 639/639
f 647/647 648/648 649/649
f 648/648 647/647 650/650
f 648/648 650/650 651/651
f 649/649 648/648 651/651
f 652/652 653/653 654/654
f 653/653 652/652 655/655
f 653/653 655/655 656/656
f 654/654 653/653 656/656
f 657/657 658/658 659/659
f 658/658 657/657 660/660
f 658/658 660/660 661/661
f 659/659 658/658 661/661
f 662/662 663/663 664/664
f 663/663 662/662 665/665
f 663/663 665/665 666/666
f 664/664 663/663 666/666
f 667/667 668/668 669/669
f 668/668 667/667 670/670
f 668/668 670/670 671/671
f 669/669 668/668 671/671
f 672/672 673/673 674/674
f 674/674 673/673 675/675
f 675/675 676/676 674/674
f 676/676 675/675 677/677
f 677/677 678/678 676/676
f 679/679 678/678 677/677
f 677/677 672/672 679/679
f 674/674 679/679 672/672
f 611/611 680/680 681/681
f 682/682 680/680 611/611
f 611/611 609/609 682/682
f 683/683 682/682 609/609
f 609/609 605/605 683/683
f 683/683 605/605 612/612
f 612/612 681/681 683/683
f 681/681 612/612 611/611
f 684/684 685/685 686/686
f 685/685 684/684 687/687
f 685/685 687/687 688/688
f 686/686 685/685 688/688
f 689/689 690/690 691/691
f 690/690 689/689 692/692
f 690/690 692/692 693/693
f 691/691 690/690 693/693
f 694/694 695/695 696/696
f 697/697 695/695 694/694
f 694/694 698/698 697/697
f 699/699 697/697 698/698
f 698/698 700/700 699/699
f 699/699 700/700 701/701
f 701/701 696/696 699/699
f 696/696 701/701 694/694
f 702/702 703/703 704/704
f 704/704 703/703 705/705
f 705/705 706/706 704/704
f 706/706 705/705 707/707
f 707/707 708/708 706/706
f 709/709 708/708 707/707
f 707/707 702/702 709/709
f 704/704 709/709 702/702
f 710/710 711/711 712/712
f 711/711 710/710 713/713
f 711/711 713/713 714/714
f 712/712 711/711 714/714

g Human_zhuru
v -21.265800 15.140520 21.877550
v -18.039840 12.458190 22.483210
v -19.386010 10.567300 22.859140
v -18.039840 12.458190 22.483210
v -19.952180 16.693430 22.326470
v -16.727150 13.499530 22.812750
v -15.394380 14.330150 23.483380
v -18.140790 17.573720 23.102550
v -17.751220 17.889060 20.212800
v -15.653620 15.727210 21.827900
v -15.740030 16.744650 25.070220
v -15.777950 18.303250 21.381720
v -15.740030 16.744650 25.070220
v -15.777950 18.303250 21.381720
v -18.140790 17.573720 23.102550
v -17.751220 17.889060 20.212800
v -15.479550 16.010590 19.253870
v -14.373200 16.720040 20.209790
v -16.003750 16.444920 20.818470
v -14.373200 16.720040 20.209790
v -15.479550 16.010590 19.253870
v -21.265800 15.140520 21.877550
v -20.135690 14.933820 18.299060
v -21.658660 13.132830 18.053420
v -22.291570 12.594400 22.767360
v -20.032010 12.408980 19.555960
v -19.386010 10.567300 22.859140
v -20.032010 12.408980 19.555960
v -20.135690 14.933820 18.299060
v -18.467070 11.979100 19.358590
v -17.076180 12.122230 17.522550
v -18.326440 10.764560 17.539860
v -18.326440 10.764560 17.539860
v -17.076180 12.122230 17.522550
v -15.643280 8.009418 24.723530
v -15.786950 11.048470 25.850640
v -15.259940 9.341877 27.765020
v -14.556120 12.962200 27.528480
v -16.628430 14.558260 27.681400
v -20.421240 13.706580 27.913350
v -16.628430 14.558260 27.681400
v -19.952180 16.693430 22.326470
v -21.203900 10.447090 27.719970
v -19.872210 7.865518 24.960410
v -19.020570 7.838738 27.575900
v -15.643280 8.009418 24.723530
v -15.259940 9.341877 27.765020
v -19.386010 10.567300 22.859140
v -18.039840 12.458190 22.483210
v -15.786950 11.048470 25.850640
v -15.643280 8.009418 24.723530
v -19.629120 7.721642 21.855400
v -16.116700 8.008923 22.235150
v -16.116700 8.008923 22.235150
v -17.935420 10.309370 18.411390
v -16.634240 8.654763 18.479160
v -16.634240 8.654763 18.479160
v -18.128880 9.009083 17.647910
v -17.935420 10.309370 18.411390
v -21.265800 15.140520 21.877550
v -19.544690 14.510290 17.454050
v -17.937070 13.720850 18.892440
v -18.039840 12.458190 22.483210
v -14.800100 13.010530 17.683980
v -16.384000 12.744100 19.056450
v -16.043180 11.768350 17.273680
v -17.963310 16.093950 18.080430
v -17.937070 13.720850 18.892440
v -17.963310 16.093950 18.080430
v -19.544690 14.510290 17.454050
v -14.800100 13.010530 17.683980
v -16.043180 11.768350 17.273680
v -16.043180 11.768350 17.273680
v -16.384000 12.744100 19.056450
v -19.952180 16.693430 22.326470
v -18.300560 16.349590 18.302480
v -16.797450 14.997320 19.888040
v -16.831480 17.344120 19.088260
v -15.997030 14.614080 19.568980
v -14.580910 14.742070 18.835680
v -15.586940 13.859930 17.960850
v -16.831480 17.344120 19.088260
v -18.300560 16.349590 18.302480
v -14.580910 14.742070 18.835680
v -15.586940 13.859930 17.960850
v -12.502250 15.996560 39.482090
v -11.117400 14.950500 44.357590
v -9.897835 13.970250 38.849540
v -8.375041 12.990410 44.269990
v -7.190168 9.886464 44.383600
v -10.963360 9.099922 37.708480
v -11.755040 6.410695 41.797710
v -17.623370 14.245720 39.373810
v -17.083680 13.237270 43.633270
v -11.435290 13.249970 47.155250
v -7.432797 9.591828 47.106000
v -19.264110 7.774658 41.895320
v -18.506570 6.282730 45.018020
v -16.286490 11.274380 46.702720
v -11.394170 11.200840 51.283110
v -7.857776 8.612494 50.691690
v -18.275190 10.517440 38.785050
v -16.714250 4.487740 40.333660
v -16.048270 3.319071 44.404150
v -17.213150 2.216800 48.033370
v -18.225620 5.834925 49.355060
v -16.246600 10.093270 50.766350
v -15.445860 7.596525 37.937670
v -10.963360 9.099922 37.708480
v -11.755040 6.410695 41.797710
v -15.008970 2.082657 44.222640
v -15.667280 0.006113 46.878200
v -16.310300 3.524665 51.649450
v -11.574750 9.363282 53.217600
v -16.246600 10.093270 50.766350
v -9.497110 6.492757 53.761400
v -14.174450 1.229223 51.278310
v -12.030410 3.783801 53.795060
v -14.252330 6.585426 53.993300
v -18.225620 5.834925 49.355060
v -14.252330 6.585426 53.993300
v -14.252330 6.585426 53.993300
v -14.252330 6.585426 53.993300
v -12.030410 3.783801 53.795060
v -11.755040 6.410695 41.797710
v -13.380370 -1.793958 43.200190
v -15.008970 2.082657 44.222640
v -13.035510 -0.361351 39.449490
v -9.851505 -7.208675 39.463720
v -8.768578 -6.872122 43.090420
v -7.190168 9.886464 44.383600
v -3.182280 8.558863 41.479430
v -3.078214 8.238289 36.822090
v -10.695790 6.574273 36.633230
v -14.349890 -0.452386 35.065010
v -11.575140 -7.660655 35.376530
v -3.225386 9.453100 46.155280
v 1.644462 5.958908 41.618900
v 1.696805 5.278980 36.557710
v -2.427420 10.400790 32.592420
v -11.306310 7.454741 32.162160
v -14.787710 -0.046820 30.218240
v 1.166143 6.536703 46.624770
v 3.162459 6.879033 32.120800
v -8.694518 -6.569904 47.137920
v -13.596390 -2.541412 46.820550
v -15.667280 0.006113 46.878200
v -14.174450 1.229223 51.278310
v -7.786301 -5.205223 50.221800
v -9.840416 -1.508596 52.431760
v -12.030410 3.783801 53.795060
v -11.765970 -7.690716 29.052840
v -10.499390 -9.070822 61.790200
v -7.876794 -12.037430 59.969020
v -9.617235 -9.931625 62.423640
v -10.727020 -7.477221 60.445650
v -10.415510 -11.182810 58.244500
v -10.569760 -10.810980 59.784200
v -10.415510 -11.182810 58.244500
v -7.876794 -12.037430 59.969020
v -10.569760 -10.810980 59.784200
v -10.623680 -6.083477 58.845000
v -10.623680 -6.083477 58.845000
v -11.352450 -3.597047 55.719600
v -11.023990 -8.833991 57.001510
v -10.254940 -10.718940 57.715660
v -10.254940 -10.718940 57.715660
v -8.549027 -11.929630 57.695570
v -8.549027 -11.929630 57.695570
v -7.713536 -12.344840 57.689800
v -7.747159 -12.153030 58.422050
v -10.189850 -9.366405 55.311720
v -9.031038 -9.936847 53.725660
v -8.693138 -10.206330 55.004310
v -8.711929 -10.526430 55.977960
v -10.426090 -10.631370 56.559090
v -9.366217 -10.676150 57.367290
v -8.549027 -11.929630 57.695570
v -8.533026 -10.855400 57.193170
v -8.502761 -12.330790 56.332020
v -9.138775 -11.380110 54.951190
v -8.828898 -11.943800 55.696980
v -8.640917 -11.080340 54.127140
v -8.191775 -12.742790 53.815650
v -8.191775 -12.742790 53.815650
v -8.828898 -11.943800 55.696980
v -9.138775 -11.380110 54.951190
v -7.618721 -13.384990 54.603860
v -8.502761 -12.330790 56.332020
v -7.215971 -11.958010 53.450880
v -7.461730 -13.117560 53.563760
v -7.618721 -13.384990 54.603860
v -7.687070 -12.867940 56.352360
v -10.914300 8.334696 35.085520
v -16.306360 5.987953 36.472570
v -11.861340 8.454701 32.704890
v -17.084890 6.005485 34.206920
v -19.020570 7.838738 27.575900
v -15.259940 9.341877 27.765020
v -20.192710 9.749343 37.237960
v -20.930080 9.763893 34.826100
v -21.203900 10.447090 27.719970
v -19.551890 14.894780 36.927460
v -20.291450 14.849330 34.319770
v -20.421240 13.706580 27.913350
v -13.488750 17.347520 35.845240
v -14.585810 17.121440 33.327890
v -16.628430 14.558260 27.681400
v -10.459530 14.292810 32.857540
v -14.556120 12.962200 27.528480
v -11.861340 8.454701 32.704890
v -15.259940 9.341877 27.765020
v -9.601059 14.594670 35.242030
v -10.914300 8.334696 35.085520
v -13.785520 -0.123688 18.628590
v -8.394238 3.392921 17.107650
v -5.504159 3.152564 20.583150
v -11.100460 -2.283675 23.571860
v -17.765170 -5.215464 22.176010
v -12.564330 -3.557851 27.410040
v -14.409650 0.557103 28.771260
v -19.226500 0.656616 23.136310
v -13.970340 7.579311 29.223270
v -18.130930 8.908346 23.726780
v -10.341830 10.780970 26.750500
v -14.010430 13.563280 20.422690
v -6.183139 11.049010 23.430970
v -7.447919 13.682900 16.097110
v -6.189906 9.697269 20.564420
v -5.504159 3.152564 20.583150
v -8.394238 3.392921 17.107650
v -9.010796 9.188704 16.193420
v 0.420316 7.325009 19.559410
v -8.937220 -9.811882 25.101500
v -10.631730 -0.715243 56.959440
v -10.102810 -2.780338 60.123810
v -8.187763 -1.895482 60.660190
v -7.752883 0.533747 57.727810
v -5.869390 -1.529540 61.166990
v -5.091291 0.972021 58.417270
v -13.658090 -4.398208 50.592490
v -11.302740 -6.531008 53.316140
v -12.370440 2.017004 54.269650
v -10.081060 4.701284 55.275540
v -10.472950 -7.145226 62.306660
v -9.164988 -7.408801 63.875570
v -8.837833 -4.492683 63.770480
v -10.342960 -5.402671 62.189540
v -10.246190 -3.679922 61.000670
v -6.206137 -2.289613 63.016750
v -8.712487 -2.337877 62.226620
v -10.496170 -2.427197 59.611760
v -5.648331 -0.505918 61.025810
v -8.604635 -0.711167 60.323390
v -7.215971 -11.958010 53.450880
v -8.559853 -10.327890 49.517350
v -7.025684 -11.287800 52.897970
v -9.500479 -11.639460 52.184360
v -10.118570 -11.576100 49.138550
v -10.442760 -9.821795 53.625720
v -11.875020 -8.886423 51.515660
v -8.693138 -10.206330 55.004310
v -8.640917 -11.080340 54.127140
v -10.239670 -11.032260 45.990190
v -12.033360 -8.014095 48.971070
v -11.421060 -7.843148 46.434580
v -8.021346 -9.184546 46.858780
v -11.609630 -6.873844 43.179210
v -6.593075 -10.638480 49.852600
v -10.290430 -6.729195 46.893090
v -5.905959 -10.063330 44.082580
v -9.775293 -9.561268 51.441380
v -7.025684 -11.287800 52.897970
v -12.685630 -6.428176 45.503950
v -6.980547 1.714289 56.827160
v -7.432797 9.591828 47.106000
v 0.387154 5.695327 50.523040
v -7.857776 8.612494 50.691690
v -1.313444 3.624829 54.387100
v -6.980547 1.714289 56.827160
v -3.760054 0.509162 57.224590
v -9.497110 6.492757 53.761400
v -12.030410 3.783801 53.795060
v -10.470080 -10.536190 53.954800
v -9.623308 -11.697820 52.930970
v -8.191775 -12.742790 53.815650
v -8.191775 -12.742790 53.815650
v -9.138775 -11.380110 54.951190
v -10.470080 -10.536190 53.954800
v -12.042790 -9.315566 60.183330
v -11.740210 -9.201770 58.996030
v -10.415510 -11.182810 58.244500
v -10.415510 -11.182810 58.244500
v -10.569760 -10.810980 59.784200
v -12.042790 -9.315566 60.183330
v -12.899920 -7.277708 61.513870
v -12.544700 -7.260380 60.301830
v -7.850562 -10.499490 62.849350
v -7.490976 -7.902706 64.525330
v -6.867586 -4.776302 64.617610
v -7.993402 -11.677950 61.883110
v -10.178540 -10.420280 61.755390
v -7.876794 -12.037430 59.969020
v -10.569760 -10.810980 59.784200
v -7.876794 -12.037430 59.969020
v -10.178540 -10.420280 61.755390
v -21.663890 17.317860 22.640160
v -23.957670 12.149950 21.459270
v -21.203900 10.447090 27.719970
v -21.203900 10.447090 27.719970
v -20.421240 13.706580 27.913350
v -21.663890 17.317860 22.640160
v -16.765200 19.263610 23.334290
v -21.663890 17.317860 22.640160
v -20.421240 13.706580 27.913350
v -20.421240 13.706580 27.913350
v -16.628430 14.558260 27.681400
v -16.765200 19.263610 23.334290
v -8.048109 -11.135130 63.546380
v -9.667345 -9.899220 63.497900
v -10.518530 -13.258560 18.974810
v 1.463292 8.765069 12.914340
v -1.408418 3.571634 55.844200
v -5.005133 4.910559 55.581680
v 0.733414 6.319033 53.754900
v -3.732897 8.484221 53.178380
v -10.696930 7.702921 53.312000
v -10.400770 -9.024467 64.178560
v -11.054990 -8.522348 61.988750
v -11.049160 -7.782156 65.548260
v -12.062540 -6.501678 62.310060
v -12.036970 -6.382748 60.517270
v -11.355360 -8.770829 60.645740
v -21.336040 10.745620 0.092463
v -18.285570 -0.513515 0.092468
v -24.230040 9.682380 0.092464
v -16.129460 2.677358 0.092475
v -17.033230 13.106990 0.092460
v -12.769170 5.660839 0.092483
v -12.769170 5.660839 0.092483
v -11.475960 10.302600 4.723526
v -13.023460 5.885844 4.360262
v -10.313740 9.916727 -0.035066
v -13.774350 12.858050 5.402167
v -17.033230 13.106990 0.092460
v -18.677830 11.540760 5.916148
v -12.469420 12.993520 -0.035075
v -12.469420 12.993520 -0.035075
v -10.313740 9.916727 -0.035066
v -22.157820 8.836235 3.654861
v -19.077050 5.023404 5.819551
v -22.005120 4.001619 4.413466
v -17.648190 2.340722 3.614215
v -13.023460 5.885844 4.360262
v -21.336040 10.745620 0.092463
v -24.230040 9.682380 0.092464
v -27.359000 6.098465 1.787597
v -26.189870 1.383334 2.119681
v -21.702590 -2.071797 1.861938
v -18.285570 -0.513515 0.092468
v -23.232090 -1.998622 0.092459
v -27.332050 5.878420 0.092459
v -26.226230 1.377219 0.092460
v -23.232090 -1.998622 0.092459
v -26.226230 1.377219 0.092460
v -27.332050 5.878420 0.092459
v -16.129460 2.677358 0.092475
v -12.769170 5.660839 0.092483
v -15.865550 1.283052 26.028410
v -16.975090 2.614513 19.984410
v -15.024470 7.923846 25.661500
v -16.413200 8.704624 20.329520
v -10.935900 10.633700 22.997920
v -12.135750 10.970460 17.682220
v -7.819356 10.549400 13.535150
v -12.359090 13.647060 15.184210
v -9.099854 4.254231 11.825470
v -10.838930 10.772490 8.742194
v -13.940320 13.031980 9.673999
v -18.673570 10.768710 14.924200
v -18.464210 4.144804 13.057410
v -15.618560 1.884300 11.917100
v -9.099854 4.254231 11.825470
v -26.061270 8.779131 41.494930
v -23.835790 6.821034 44.615850
v -23.758440 14.734750 45.265660
v -21.925490 11.654460 47.573040
v -23.208410 3.703569 39.115860
v -21.085340 1.478813 42.509200
v -22.636100 0.118017 47.048230
v -24.391370 4.535721 48.850650
v -22.172620 9.793425 50.834110
v -19.382630 -2.655462 47.755390
v -20.773510 0.455115 51.765600
v -21.579180 7.688447 53.319400
v -18.446840 -0.980063 52.566400
v -16.854610 2.010723 55.717240
v -18.693710 3.896703 55.292530
v -18.078140 -2.738773 54.108420
v -16.424510 0.436715 57.594460
v -17.062810 14.532270 49.529760
v -17.686660 18.313890 47.570870
v -10.868610 13.110890 49.921630
v -11.537670 16.991080 47.583210
v -12.556180 11.594320 54.361400
v -17.558140 12.315560 53.808280
v -9.734112 8.329679 54.755570
v -14.710370 7.358191 56.164520
v -13.286170 4.895521 56.310560
v -12.552650 3.552169 58.117260
v -21.211630 -1.796847 50.171120
v -17.871650 -4.093139 45.068150
v -18.405370 -5.127343 49.774810
v -20.882120 -0.908890 45.477220
v -7.460800 9.319429 52.527660
v -10.809950 12.131640 52.839610
v -9.255117 6.900508 56.872830
v -12.762850 9.460465 57.067980
v 13.425630 -9.246632 23.085120
v 16.065070 -12.550330 22.789430
v 11.578540 -10.498980 23.825980
v 17.643090 -11.194660 22.892730
v 13.425630 -9.246632 23.085120
v 14.484020 -7.906796 23.112940
v 15.360280 -6.490539 23.490230
v 18.575140 -9.289487 23.292670
v 18.622050 -9.319796 20.732890
v 17.147940 -7.551044 21.968710
v 17.898390 -6.596747 24.909420
v 18.982490 -7.057084 21.373280
v 18.982490 -7.057084 21.373280
v 17.898390 -6.596747 24.909420
v 18.575140 -9.289487 23.292670
v 18.622050 -9.319796 20.732890
v 16.763020 -7.359806 18.958410
v 17.390210 -5.973369 19.528980
v 16.980300 -7.270912 20.648460
v 17.390210 -5.973369 19.528980
v 16.763020 -7.359806 18.958410
v 15.686130 -12.119610 19.372250
v 16.065070 -12.550330 22.789430
v 13.867470 -13.637620 19.495110
v 13.605510 -13.398350 24.037690
v 13.054550 -11.589490 20.534480
v 11.578540 -10.498980 23.825980
v 13.054550 -11.589490 20.534480
v 15.686130 -12.119610 19.372250
v 12.639200 -10.142300 19.622470
v 13.060970 -9.518126 17.441050
v 11.665170 -10.688970 17.736990
v 11.665170 -10.688970 17.736990
v 13.060970 -9.518126 17.441050
v 12.285660 -6.469915 26.149870
v 9.163765 -6.483909 25.266400
v 10.326560 -6.069305 28.211170
v 13.897380 -4.922627 27.996800
v 15.722150 -6.811079 28.223240
v 15.270170 -10.732930 28.544090
v 15.722150 -6.811079 28.223240
v 17.643090 -11.194660 22.892730
v 12.083980 -11.929810 28.329010
v 9.060505 -10.618370 26.191710
v 9.229136 -10.053540 28.096670
v 9.163765 -6.483909 25.266400
v 10.326560 -6.069305 28.211170
v 13.425630 -9.246632 23.085120
v 11.578540 -10.498980 23.825980
v 12.285660 -6.469915 26.149870
v 9.163765 -6.483909 25.266400
v 8.661402 -10.876480 23.110300
v 8.961618 -7.351229 22.895100
v 8.961618 -7.351229 22.895100
v 10.949780 -9.780269 19.238900
v 9.299932 -8.471320 19.231320
v 9.299932 -8.471320 19.231320
v 9.592247 -10.083080 18.625310
v 10.949780 -9.780269 19.238900
v 15.272030 -11.759200 18.336020
v 16.065070 -12.550330 22.789430
v 14.394170 -9.745876 19.313680
v 13.425630 -9.246632 23.085120
v 13.514120 -8.306575 18.684220
v 14.008120 -7.331945 16.876040
v 12.780000 -8.651378 16.789830
v 16.854550 -10.070550 18.575240
v 14.394170 -9.745876 19.313680
v 16.854550 -10.070550 18.575240
v 15.272030 -11.759200 18.336020
v 14.008120 -7.331945 16.876040
v 12.780000 -8.651378 16.789830
v 12.780000 -8.651378 16.789830
v 13.514120 -8.306575 18.684220
v 17.113730 -10.349310 18.903540
v 17.643090 -11.194660 22.892730
v 15.655350 -8.380941 20.041580
v 18.088410 -8.709153 19.316900
v 15.319660 -7.740149 19.257310
v 15.590960 -6.689235 18.081950
v 14.786300 -7.954382 17.527390
v 18.088410 -8.709153 19.316900
v 17.113730 -10.349310 18.903540
v 15.590960 -6.689235 18.081950
v 14.786300 -7.954382 17.527390
v 12.987460 -3.046966 45.372430
v 14.577320 -3.825556 40.682690
v 12.095450 -1.659448 40.019370
v 10.520550 -0.750494 45.268780
v 7.239965 -0.218032 45.194550
v 7.689619 -3.627867 38.290890
v 4.950382 -5.202704 42.109620
v 13.996970 -9.178929 40.030800
v 12.578330 -9.173738 44.209840
v 11.201380 -3.881663 48.005480
v 6.816787 -0.694034 47.868780
v 7.805084 -12.279080 41.932160
v 5.981676 -12.042250 44.960370
v 10.290480 -8.988467 47.149460
v 8.911409 -4.522804 51.953240
v 5.592546 -1.491736 51.155780
v 10.493690 -10.559960 39.105400
v 4.181553 -10.337710 40.245300
v 2.628170 -10.188680 44.238180
v 1.542432 -11.787280 47.703550
v 5.192657 -12.143660 49.256480
v 8.852909 -9.453591 51.102520
v 7.122226 -8.319652 38.173120
v 7.689619 -3.627867 38.290890
v 4.950382 -5.202704 42.109620
v 1.221257 -9.406897 44.011840
v -0.772905 -11.039590 46.876340
v 2.390454 -10.883130 51.453900
v 7.022137 -5.193457 53.723070
v 8.852909 -9.453591 51.102520
v 3.805766 -3.648782 54.117910
v -0.104744 -9.388844 51.350940
v 1.772970 -6.752438 54.005120
v 4.801649 -8.416183 54.136710
v 5.192657 -12.143660 49.256480
v 4.801649 -8.416183 54.136710
v 4.801649 -8.416183 54.136710
v 4.801649 -8.416183 54.136710
v 1.772970 -6.752438 54.005120
v -2.620514 -9.872848 43.605410
v 4.950382 -5.202704 42.109620
v 1.221257 -9.406897 44.011840
v -2.665360 -9.468692 39.567580
v 4.851607 1.503290 41.570930
v 7.239965 -0.218032 45.194550
v 4.545685 0.431587 36.679760
v 2.697249 -7.139902 36.383190
v -4.441995 -10.597850 34.880040
v 5.206869 3.121853 46.472850
v 6.626569 1.236941 32.149070
v 3.533670 -7.565300 31.435470
v -4.110337 -10.853750 29.695390
v -3.452363 -10.157920 47.202580
v -0.772905 -11.039590 46.876340
v -0.104744 -9.388844 51.350940
v -3.775609 -6.062276 52.660160
v 1.772970 -6.752438 54.005120
v -4.707839 -10.242540 62.363080
v -5.955595 -10.672430 62.785840
v -4.929341 -12.292740 58.787180
v -3.635328 -8.911974 61.147140
v -4.936696 -11.950630 60.341400
v -4.929341 -12.292740 58.787180
v -4.936696 -11.950630 60.341400
v -2.890583 -7.647997 59.609930
v -0.686176 -5.754993 56.774680
v -2.890583 -7.647997 59.609930
v -3.241039 -10.408600 57.771380
v -4.796202 -11.823320 58.255620
v -4.796202 -11.823320 58.255620
v -6.799887 -12.283510 57.868590
v -6.799887 -12.283510 57.868590
v -4.849507 -10.782830 54.139280
v -3.881516 -10.642680 55.935720
v -5.499312 -10.852480 55.320230
v -5.788937 -11.117790 56.267090
v -4.390082 -11.852540 57.156150
v -5.517057 -11.454890 57.748030
v -6.799887 -12.283510 57.868590
v -6.306063 -11.305950 57.413460
v -6.739439 -12.687540 56.506440
v -5.538719 -12.108450 55.307300
v -6.176182 -12.480480 55.959380
v -5.717917 -11.671700 54.416280
v -6.705270 -13.043540 53.962690
v -6.176182 -12.480480 55.959380
v -6.705270 -13.043540 53.962690
v -5.538719 -12.108450 55.307300
v -6.739439 -12.687540 56.506440
v 7.227476 -3.454357 35.598460
v 6.064710 -9.353910 36.188560
v 7.828674 -4.072562 33.182880
v 6.514808 -9.844723 33.887250
v 9.229136 -10.053540 28.096670
v 10.326560 -6.069305 28.211170
v 10.520250 -12.375230 37.114500
v 10.974090 -12.810090 34.671980
v 12.083980 -11.929810 28.329010
v 15.375850 -10.582860 37.553840
v 15.793990 -11.010680 34.909750
v 15.270170 -10.732930 28.544090
v 16.450620 -4.044771 37.336670
v 16.767640 -4.869085 34.726730
v 15.722150 -6.811079 28.223240
v 13.124450 -1.443193 34.237920
v 13.897380 -4.922627 27.996800
v 7.828674 -4.072562 33.182880
v 10.326560 -6.069305 28.211170
v 12.951050 -0.818035 36.706330
v 7.227476 -3.454357 35.598460
v 0.218072 -6.229825 15.991670
v 0.086692 -12.515690 18.294200
v -1.832080 -3.787806 19.395590
v -3.382112 -11.272990 22.767980
v -3.820127 -12.963910 26.698260
v -2.115916 -18.518830 21.752490
v 0.550615 -12.111370 28.234730
v 3.597609 -16.381720 22.995990
v 6.109095 -7.800228 28.710210
v 9.804197 -10.832760 23.568400
v 6.873237 -3.159667 25.987610
v 11.542630 -5.023976 19.990760
v 4.951818 0.230700 22.354510
v 8.212582 0.211844 15.164960
v -1.832080 -3.787806 19.395590
v 3.979724 -0.702600 19.486010
v 0.218072 -6.229825 15.991670
v 5.348262 -3.584559 15.345580
v -0.460983 -2.772937 57.965500
v -2.329909 -4.352912 60.892680
v -3.820325 -2.779079 61.092210
v -2.725603 -0.483347 58.225090
v 2.053730 -7.576941 52.146650
v -1.408408 -8.532778 54.294860
v 0.221153 -7.437222 54.743850
v 2.112066 -4.453763 55.734740
v -4.818814 -5.305790 64.168030
v -5.666025 -8.116693 64.221680
v -4.087420 -8.437114 62.938300
v -3.511754 -6.784725 62.865260
v -2.711905 -5.204219 61.745930
v -3.811557 -3.329409 62.711400
v -1.742118 -4.198272 60.477680
v -2.924202 -1.860403 60.885280
v -4.633432 -11.122260 49.905740
v -4.790856 -12.592290 52.650220
v -3.634550 -12.887910 49.779930
v -3.510945 -11.224200 54.311390
v -1.459439 -10.993650 52.545930
v -5.499312 -10.852480 55.320230
v -5.717917 -11.671700 54.416280
v -0.501341 -10.347190 50.111780
v -2.722911 -12.553010 46.733730
v -0.511118 -10.050390 47.513760
v -4.179083 -9.961890 47.238840
v 0.645465 -9.353232 44.391450
v -1.189952 -8.570354 47.793280
v -3.602366 -10.810140 52.051990
v 1.351507 -9.268096 46.892460
v -1.689985 -2.258059 57.026400
v 6.816787 -0.694034 47.868780
v 5.592546 -1.491736 51.155780
v -1.689985 -2.258059 57.026400
v 3.805766 -3.648782 54.117910
v 1.772970 -6.752438 54.005120
v -4.842932 -12.664960 53.403830
v -3.823339 -11.880920 54.612280
v -6.705270 -13.043540 53.962690
v -5.538719 -12.108450 55.307300
v -6.705270 -13.043540 53.962690
v -3.823339 -11.880920 54.612280
v -3.111122 -10.947560 59.849590
v -3.105129 -11.123790 61.067420
v -4.929341 -12.292740 58.787180
v -4.936696 -11.950630 60.341400
v -4.929341 -12.292740 58.787180
v -3.105129 -11.123790 61.067420
v -1.796487 -9.524097 62.612180
v -1.882536 -9.417494 61.356490
v -5.510828 -11.364620 62.217110
v -7.876794 -12.037430 59.969020
v -4.936696 -11.950630 60.341400
v -5.510828 -11.364620 62.217110
v 13.063510 -15.249310 23.055490
v 18.299520 -12.838820 23.425720
v 12.083980 -11.929810 28.329010
v 15.270170 -10.732930 28.544090
v 12.083980 -11.929810 28.329010
v 18.299520 -12.838820 23.425720
v 18.299520 -12.838820 23.425720
v 20.271580 -7.908730 23.161190
v 15.270170 -10.732930 28.544090
v 15.722150 -6.811079 28.223240
v 15.270170 -10.732930 28.544090
v 20.271580 -7.908730 23.161190
v -6.100111 -10.620920 63.850760
v 0.888024 0.485763 55.803620
v 4.079333 2.618512 53.472590
v 5.257828 -4.276499 53.912860
v -5.228777 -10.070840 64.690160
v -4.032040 -9.943193 62.683430
v -4.422462 -9.122835 66.203760
v -2.404093 -8.455726 63.265450
v -2.043835 -8.404510 61.505750
v -3.603489 -10.339150 61.412530
v 2.473988 -18.943190 -0.093455
v 13.589730 -15.405670 -0.093461
v 14.264370 -18.414070 -0.093470
v 3.987377 -15.401970 -0.093462
v 13.242700 -10.509780 -0.093462
v 4.673931 -10.961100 -0.093470
v 7.942672 -7.439739 4.080044
v 4.673931 -10.961100 -0.093470
v 5.041649 -11.142700 3.968804
v 6.920215 -6.591200 -0.221019
v 11.312170 -7.912500 4.888490
v 13.242700 -10.509780 -0.093462
v 12.799140 -12.656880 5.861220
v 10.674250 -6.735633 -0.221013
v 10.674250 -6.735633 -0.221013
v 6.920215 -6.591200 -0.221019
v 12.430320 -17.131010 3.468938
v 7.513528 -16.513070 5.968064
v 8.284327 -19.622520 4.227539
v 4.527440 -16.860800 3.428279
v 5.041649 -11.142700 3.968804
v 13.589730 -15.405670 -0.093461
v 14.264370 -18.414070 -0.093470
v 12.947840 -22.985900 1.601668
v 8.351469 -24.558420 1.933757
v 3.015987 -22.659440 1.676017
v 2.473988 -18.943190 -0.093455
v 3.906305 -23.905240 -0.093462
v 12.748290 -23.082490 -0.093471
v 8.366032 -24.592300 -0.093464
v 3.906305 -23.905240 -0.093462
v 8.366032 -24.592300 -0.093464
v 12.748290 -23.082490 -0.093471
v 3.987377 -15.401970 -0.093462
v 4.673931 -10.961100 -0.093470
v 2.101665 -13.076370 25.620750
v 4.060800 -13.536260 19.929860
v 7.161915 -8.695143 25.245130
v 8.888750 -9.680840 19.976510
v 7.271934 -3.959992 22.292080
v 8.488390 -5.085718 17.089890
v 6.134332 -2.744572 11.666540
v 11.115300 -4.644135 13.789200
v 1.473442 -7.380512 10.678610
v 7.998409 -6.013847 7.426598
v 11.527180 -7.272287 8.674090
v 11.969770 -11.463670 14.783670
v 6.252758 -15.051390 13.423890
v 2.860977 -14.044780 12.013040
v 1.473442 -7.380512 10.678610
v 7.796740 -17.541740 44.905110
v 10.325070 -19.230840 41.858540
v 15.385140 -15.308400 45.600320
v 11.893530 -14.321130 47.837710
v 1.938127 -16.393820 42.691290
v 4.699055 -17.918930 39.371190
v 0.987457 -18.141680 47.263010
v 5.690938 -18.589810 49.139740
v 10.125640 -14.981720 51.093060
v -2.571834 -15.744150 47.863540
v 0.745515 -16.140620 51.929260
v 7.905826 -14.918760 53.548310
v -1.276022 -14.270280 52.657000
v 1.130466 -11.849850 55.780810
v 3.449080 -13.119580 55.418300
v -3.089198 -14.353300 54.177630
v -0.525963 -11.815440 57.635930
v 17.157460 -8.438925 47.759030
v 13.322440 -8.813772 49.677130
v 14.220580 -2.879462 47.594030
v 10.273410 -3.228045 49.889680
v 9.211111 -5.152212 54.365000
v 11.265790 -9.784199 53.954210
v 5.299865 -3.310608 54.661590
v 5.692102 -8.327370 56.201160
v 2.934286 -7.620003 56.293040
v 1.418746 -7.232902 58.070720
v -4.328855 -14.746210 45.127080
v -1.282603 -17.211660 50.333870
v -5.242476 -15.422760 49.840330
v -0.454694 -16.770910 45.638120
v 9.276171 -3.364150 52.798970
v 5.667233 -0.910382 52.377930
v 3.766445 -3.183953 56.756180
v 7.177000 -5.861531 57.063320
vt 0.488281 0.968750 0.000000
vt 0.480469 0.964844 0.000000
vt 0.484375 0.957031 0.000000
vt 0.402344 0.964844 0.000000
vt 0.414063 0.972656 0.000000
vt 0.410156 0.964844 0.000000
vt 0.425781 0.964844 0.000000
vt 0.417969 0.968750 0.000000
vt 0.417969 0.976563 0.000000
vt 0.425781 0.976563 0.000000
vt 0.437500 0.957031 0.000000
vt 0.445313 0.976563 0.000000
vt 0.951395 0.321209 0.000000
vt 0.902255 0.330750 0.000000
vt 0.951244 0.359490 0.000000
vt 0.902255 0.357093 0.000000
vt 0.853781 0.357093 0.000000
vt 0.853781 0.330750 0.000000
vt 0.425781 0.984375 0.000000
vt 0.445313 0.984375 0.000000
vt 0.417969 0.992188 0.000000
vt 0.951244 0.452726 0.000000
vt 0.902255 0.459173 0.000000
vt 0.902255 0.492102 0.000000
vt 0.951395 0.490626 0.000000
vt 0.902255 0.503627 0.000000
vt 0.940037 0.516392 0.000000
vt 0.480469 0.976563 0.000000
vt 0.488281 0.976563 0.000000
vt 0.479873 0.981692 0.000000
vt 0.487685 0.981692 0.000000
vt 0.472656 0.984375 0.000000
vt 0.853781 0.492102 0.000000
vt 0.853781 0.459173 0.000000
vt 0.402344 0.964844 0.000000
vt 0.414063 0.949219 0.000000
vt 0.398438 0.933594 0.000000
vt 0.433594 0.933594 0.000000
vt 0.472656 0.933594 0.000000
vt 0.994573 0.401007 0.000000
vt 0.994572 0.340121 0.000000
vt 0.951244 0.405558 0.000000
vt 0.994572 0.476458 0.000000
vt 0.974854 0.551703 0.000000
vt 0.994572 0.553303 0.000000
vt 0.968269 0.594149 0.000000
vt 0.994572 0.601550 0.000000
vt 0.480469 0.957031 0.000000
vt 0.493771 0.970179 0.000000
vt 0.500627 0.957237 0.000000
vt 0.464844 0.945313 0.000000
vt 0.936189 0.546307 0.000000
vt 0.930158 0.581011 0.000000
vt 0.457031 0.957031 0.000000
vt 0.460938 0.976563 0.000000
vt 0.445313 0.976563 0.000000
vt 0.892239 0.558043 0.000000
vt 0.896396 0.545814 0.000000
vt 0.891093 0.528324 0.000000
vt 0.488281 0.960938 0.000000
vt 0.488281 0.968750 0.000000
vt 0.489237 0.966067 0.000000
vt 0.496094 0.957031 0.000000
vt 0.417969 0.988281 0.000000
vt 0.406250 0.984375 0.000000
vt 0.398438 0.988281 0.000000
vt 0.417969 0.976563 0.000000
vt 0.406250 0.976563 0.000000
vt 0.902255 0.414719 0.000000
vt 0.902255 0.446001 0.000000
vt 0.853781 0.414719 0.000000
vt 0.853781 0.446001 0.000000
vt 0.487685 0.981692 0.000000
vt 0.489237 0.977786 0.000000
vt 0.402344 0.968750 0.000000
vt 0.402344 0.976563 0.000000
vt 0.410156 0.976563 0.000000
vt 0.417969 0.976563 0.000000
vt 0.410156 0.984375 0.000000
vt 0.417969 0.992188 0.000000
vt 0.402344 0.992188 0.000000
vt 0.902255 0.370265 0.000000
vt 0.902255 0.396608 0.000000
vt 0.853781 0.370265 0.000000
vt 0.853781 0.396608 0.000000
vt 0.277522 0.796282 0.000000
vt 0.278115 0.864419 0.000000
vt 0.351408 0.790203 0.000000
vt 0.351363 0.878959 0.000000
vt 0.412805 0.904829 0.000000
vt 0.412805 0.791646 0.000000
vt 0.380975 0.862945 0.000000
vt 0.209075 0.791646 0.000000
vt 0.209075 0.848237 0.000000
vt 0.264865 0.908677 0.000000
vt 0.361064 0.920998 0.000000
vt 0.131911 0.851366 0.000000
vt 0.124996 0.917764 0.000000
vt 0.209075 0.904829 0.000000
vt 0.262724 0.957037 0.000000
vt 0.370830 0.957874 0.000000
vt 0.155657 0.791646 0.000000
vt 0.056491 0.857522 0.000000
vt 0.047384 0.917764 0.000000
vt 0.047212 0.955663 0.000000
vt 0.131038 0.943495 0.000000
vt 0.209075 0.937167 0.000000
vt 0.060595 0.791646 0.000000
vt 0.005345 0.791646 0.000000
vt 0.005345 0.874896 0.000000
vt 0.005345 0.927466 0.000000
vt 0.011812 0.963038 0.000000
vt 0.079722 0.979207 0.000000
vt 0.293566 0.980794 0.000000
vt 0.209075 0.975973 0.000000
vt 0.390169 0.979207 0.000000
vt 0.024748 0.982441 0.000000
vt 0.031215 0.995376 0.000000
vt 0.112061 0.995376 0.000000
vt 0.137931 0.972739 0.000000
vt 0.160568 0.985675 0.000000
vt 0.249498 0.985675 0.000000
vt 0.289920 0.995376 0.000000
vt 0.380467 0.995376 0.000000
vt 0.228003 0.285424 0.000000
vt 0.136364 0.353081 0.000000
vt 0.212864 0.341475 0.000000
vt 0.119108 0.273495 0.000000
vt 0.005416 0.276152 0.000000
vt 0.005416 0.358055 0.000000
vt 0.245840 0.329122 0.000000
vt 0.312347 0.258866 0.000000
vt 0.312347 0.226007 0.000000
vt 0.227722 0.212818 0.000000
vt 0.105052 0.199550 0.000000
vt 0.005416 0.203222 0.000000
vt 0.335242 0.321190 0.000000
vt 0.424655 0.261500 0.000000
vt 0.424655 0.219158 0.000000
vt 0.341542 0.161772 0.000000
vt 0.227741 0.162494 0.000000
vt 0.105602 0.143662 0.000000
vt 0.424655 0.315727 0.000000
vt 0.424655 0.159645 0.000000
vt 0.005416 0.420829 0.000000
vt 0.134936 0.421244 0.000000
vt 0.206232 0.416087 0.000000
vt 0.206232 0.455880 0.000000
vt 0.005416 0.452564 0.000000
vt 0.083536 0.469145 0.000000
vt 0.206232 0.492357 0.000000
vt 0.005416 0.136110 0.000000
vt 0.635881 0.722168 0.000000
vt 0.688489 0.727302 0.000000
vt 0.651965 0.703871 0.000000
vt 0.610109 0.732141 0.000000
vt 0.671644 0.770671 0.000000
vt 0.666868 0.755507 0.000000
vt 0.497412 0.761196 0.000000
vt 0.421913 0.797488 0.000000
vt 0.500334 0.810699 0.000000
vt 0.576976 0.773191 0.000000
vt 0.844021 0.738524 0.000000
vt 0.773922 0.721752 0.000000
vt 0.838845 0.664303 0.000000
vt 0.877129 0.646221 0.000000
vt 0.654814 0.791871 0.000000
vt 0.685899 0.795127 0.000000
vt 0.448868 0.734929 0.000000
vt 0.421912 0.730597 0.000000
vt 0.421913 0.752779 0.000000
vt 0.826700 0.624178 0.000000
vt 0.819270 0.576111 0.000000
vt 0.837763 0.590088 0.000000
vt 0.853187 0.605193 0.000000
vt 0.849672 0.632245 0.000000
vt 0.879588 0.619513 0.000000
vt 0.907534 0.599866 0.000000
vt 0.883121 0.604592 0.000000
vt 0.887380 0.577990 0.000000
vt 0.853352 0.576381 0.000000
vt 0.871069 0.579832 0.000000
vt 0.824493 0.553836 0.000000
vt 0.860598 0.554535 0.000000
vt 0.468144 0.614195 0.000000
vt 0.468695 0.680575 0.000000
vt 0.499916 0.657446 0.000000
vt 0.421913 0.632913 0.000000
vt 0.449533 0.695428 0.000000
vt 0.854454 0.528133 0.000000
vt 0.870184 0.549390 0.000000
vt 0.879866 0.562474 0.000000
vt 0.421913 0.688800 0.000000
vt 0.005345 0.746372 0.000000
vt 0.065740 0.746372 0.000000
vt 0.005345 0.701099 0.000000
vt 0.069969 0.701099 0.000000
vt 0.057679 0.584682 0.000000
vt 0.005345 0.584682 0.000000
vt 0.145930 0.746372 0.000000
vt 0.137931 0.701099 0.000000
vt 0.147732 0.583420 0.000000
vt 0.209075 0.746372 0.000000
vt 0.209075 0.701099 0.000000
vt 0.209059 0.583177 0.000000
vt 0.274288 0.746372 0.000000
vt 0.288342 0.698206 0.000000
vt 0.277420 0.583454 0.000000
vt 0.351363 0.701099 0.000000
vt 0.347064 0.584682 0.000000
vt 0.412805 0.701099 0.000000
vt 0.412805 0.584682 0.000000
vt 0.351408 0.746372 0.000000
vt 0.412805 0.746372 0.000000
vt 0.956261 0.277070 0.000000
vt 0.952780 0.316381 0.000000
vt 0.994754 0.316381 0.000000
vt 0.994754 0.272156 0.000000
vt 0.078125 0.023438 0.000000
vt 0.064274 0.079731 0.000000
vt 0.139395 0.087428 0.000000
vt 0.148438 0.023438 0.000000
vt 0.226419 0.087202 0.000000
vt 0.234375 0.023438 0.000000
vt 0.293890 0.100473 0.000000
vt 0.300781 0.023438 0.000000
vt 0.357484 0.092404 0.000000
vt 0.367188 0.023438 0.000000
vt 0.994754 0.053486 0.000000
vt 0.994754 0.006804 0.000000
vt 0.953949 0.006804 0.000000
vt 0.956373 0.044599 0.000000
vt 0.424655 0.090234 0.000000
vt 0.005363 0.068432 0.000000
vt 0.760601 0.795148 0.000000
vt 0.833134 0.801076 0.000000
vt 0.837664 0.844425 0.000000
vt 0.768975 0.866303 0.000000
vt 0.850279 0.888134 0.000000
vt 0.784681 0.916883 0.000000
vt 0.678904 0.661730 0.000000
vt 0.763330 0.643933 0.000000
vt 0.701757 0.739629 0.000000
vt 0.698032 0.800481 0.000000
vt 0.600370 0.709649 0.000000
vt 0.605810 0.675381 0.000000
vt 0.551246 0.672786 0.000000
vt 0.567756 0.712890 0.000000
vt 0.536706 0.722953 0.000000
vt 0.521201 0.656738 0.000000
vt 0.520418 0.696181 0.000000
vt 0.509221 0.755565 0.000000
vt 0.472214 0.687716 0.000000
vt 0.475999 0.726777 0.000000
vt 0.964011 0.858797 0.000000
vt 0.980326 0.748210 0.000000
vt 0.994718 0.843883 0.000000
vt 0.914580 0.825693 0.000000
vt 0.930382 0.739324 0.000000
vt 0.847840 0.856473 0.000000
vt 0.845842 0.795315 0.000000
vt 0.884975 0.899692 0.000000
vt 0.910590 0.886459 0.000000
vt 0.946206 0.669811 0.000000
vt 0.848852 0.739054 0.000000
vt 0.883877 0.667098 0.000000
vt 1.000117 0.667679 0.000000
vt 0.944624 0.590591 0.000000
vt 0.791049 0.442446 0.000000
vt 0.678249 0.520686 0.000000
vt 0.748433 0.384854 0.000000
vt 0.768383 0.552069 0.000000
vt 0.836668 0.504097 0.000000
vt 0.603915 0.572715 0.000000
vt 0.090168 0.505622 0.000000
vt 0.232761 0.359713 0.000000
vt 0.424655 0.376294 0.000000
vt 0.232761 0.399507 0.000000
vt 0.424655 0.440958 0.000000
vt 0.335560 0.502306 0.000000
vt 0.424655 0.505622 0.000000
vt 0.232761 0.455880 0.000000
vt 0.232761 0.502306 0.000000
vt 0.552766 0.632612 0.000000
vt 0.518278 0.593291 0.000000
vt 0.468144 0.614195 0.000000
vt 0.468144 0.614195 0.000000
vt 0.499916 0.657446 0.000000
vt 0.552766 0.632612 0.000000
vt 0.555590 0.825006 0.000000
vt 0.561198 0.785377 0.000000
vt 0.497412 0.761196 0.000000
vt 0.497412 0.761196 0.000000
vt 0.500334 0.810699 0.000000
vt 0.555590 0.825006 0.000000
vt 0.607011 0.857483 0.000000
vt 0.607221 0.820526 0.000000
vt 0.661956 0.680440 0.000000
vt 0.614630 0.649244 0.000000
vt 0.561218 0.643286 0.000000
vt 0.421913 0.854416 0.000000
vt 0.492188 0.859375 0.000000
vt 0.421913 0.797488 0.000000
vt 0.500334 0.810699 0.000000
vt 0.421913 0.797488 0.000000
vt 0.492188 0.859375 0.000000
vt 0.211762 0.501797 0.000000
vt 0.132855 0.512933 0.000000
vt 0.147732 0.583420 0.000000
vt 0.147732 0.583420 0.000000
vt 0.209059 0.583177 0.000000
vt 0.211762 0.501797 0.000000
vt 0.290553 0.518244 0.000000
vt 0.211762 0.501797 0.000000
vt 0.209059 0.583177 0.000000
vt 0.209059 0.583177 0.000000
vt 0.277420 0.583454 0.000000
vt 0.290553 0.518244 0.000000
vt 0.421913 0.905595 0.000000
vt 0.477058 0.915611 0.000000
vt 0.003906 0.003906 0.000000
vt 0.425781 0.003906 0.000000
vt 0.714170 0.953225 0.000000
vt 0.693563 0.884079 0.000000
vt 0.647502 0.993210 0.000000
vt 0.611551 0.907058 0.000000
vt 0.620076 0.810230 0.000000
vt 0.509366 0.946813 0.000000
vt 0.539063 0.878906 0.000000
vt 0.537956 0.995004 0.000000
vt 0.601318 0.910949 0.000000
vt 0.614394 0.861221 0.000000
vt 0.552043 0.845735 0.000000
vt 0.738281 0.058594 0.000000
vt 0.804688 0.085938 0.000000
vt 0.734375 0.078125 0.000000
vt 0.796875 0.062500 0.000000
vt 0.740234 0.027344 0.000000
vt 0.794922 0.027344 0.000000
vt 0.805567 0.033830 0.000000
vt 0.832594 0.043108 0.000000
vt 0.845698 0.006804 0.000000
vt 0.821538 0.054536 0.000000
vt 0.832594 0.120470 0.000000
vt 0.799425 0.137023 0.000000
vt 0.844060 0.161593 0.000000
vt 0.821538 0.111003 0.000000
vt 0.757813 0.007813 0.000000
vt 0.781250 0.007813 0.000000
vt 0.803110 0.189233 0.000000
vt 0.855526 0.238577 0.000000
vt 0.793283 0.243901 0.000000
vt 0.801179 0.298919 0.000000
vt 0.852250 0.316381 0.000000
vt 0.778541 0.157907 0.000000
vt 0.763799 0.168963 0.000000
vt 0.763799 0.183705 0.000000
vt 0.763799 0.237758 0.000000
vt 0.764413 0.297954 0.000000
vt 0.766256 0.316381 0.000000
vt 0.756428 0.291812 0.000000
vt 0.756428 0.183705 0.000000
vt 0.756428 0.237758 0.000000
vt 0.796875 0.113281 0.000000
vt 0.769531 0.117188 0.000000
vt 0.742188 0.109375 0.000000
vt 0.779769 0.335363 0.000000
vt 0.793283 0.330449 0.000000
vt 0.994754 0.205818 0.000000
vt 0.954316 0.196104 0.000000
vt 0.994754 0.161592 0.000000
vt 0.955151 0.162689 0.000000
vt 0.994754 0.114910 0.000000
vt 0.954035 0.120088 0.000000
vt 0.907532 0.053486 0.000000
vt 0.907532 0.113067 0.000000
vt 0.903846 0.006804 0.000000
vt 0.880822 0.047247 0.000000
vt 0.879891 0.116184 0.000000
vt 0.907532 0.161592 0.000000
vt 0.907532 0.210732 0.000000
vt 0.907532 0.267242 0.000000
vt 0.911217 0.316381 0.000000
vt 0.623744 0.038152 0.000000
vt 0.609375 0.156250 0.000000
vt 0.435904 0.018162 0.000000
vt 0.436889 0.131035 0.000000
vt 0.750000 0.121094 0.000000
vt 0.730358 0.239970 0.000000
vt 0.641963 0.349419 0.000000
vt 0.558443 0.252297 0.000000
vt 0.437618 0.214551 0.000000
vt 0.703310 0.418154 0.000000
vt 0.571771 0.412518 0.000000
vt 0.438356 0.299144 0.000000
vt 0.578992 0.476759 0.000000
vt 0.440040 0.492118 0.000000
vt 0.439507 0.431051 0.000000
vt 0.581258 0.537427 0.000000
vt 0.440594 0.555557 0.000000
vt 0.609375 0.156250 0.000000
vt 0.623744 0.038152 0.000000
vt 0.730358 0.239970 0.000000
vt 0.750000 0.121094 0.000000
vt 0.641963 0.349419 0.000000
vt 0.558443 0.252297 0.000000
vt 0.703310 0.418154 0.000000
vt 0.571771 0.412518 0.000000
vt 0.578992 0.476759 0.000000
vt 0.581258 0.537427 0.000000
vt 0.914063 0.990234 0.000000
vt 0.996094 0.900391 0.000000
vt 0.996094 0.990234 0.000000
vt 0.914063 0.900391 0.000000
vt 0.996094 0.900391 0.000000
vt 0.914063 0.900391 0.000000
vt 0.996094 0.990234 0.000000
vt 0.914063 0.990234 0.000000
vt 0.480469 0.964844 0.000000
vt 0.488281 0.968750 0.000000
vt 0.484375 0.957031 0.000000
vt 0.414063 0.972656 0.000000
vt 0.402344 0.964844 0.000000
vt 0.410156 0.964844 0.000000
vt 0.425781 0.964844 0.000000
vt 0.417969 0.968750 0.000000
vt 0.417969 0.976563 0.000000
vt 0.425781 0.976563 0.000000
vt 0.437500 0.957031 0.000000
vt 0.445313 0.976563 0.000000
vt 0.902255 0.330750 0.000000
vt 0.951395 0.321209 0.000000
vt 0.951244 0.359490 0.000000
vt 0.902255 0.357093 0.000000
vt 0.853781 0.357093 0.000000
vt 0.853781 0.330750 0.000000
vt 0.425781 0.984375 0.000000
vt 0.445313 0.984375 0.000000
vt 0.417969 0.992188 0.000000
vt 0.902255 0.459173 0.000000
vt 0.951244 0.452726 0.000000
vt 0.902255 0.492102 0.000000
vt 0.951395 0.490626 0.000000
vt 0.902255 0.503627 0.000000
vt 0.940037 0.516392 0.000000
vt 0.480469 0.976563 0.000000
vt 0.488281 0.976563 0.000000
vt 0.479873 0.981692 0.000000
vt 0.487685 0.981692 0.000000
vt 0.472656 0.984375 0.000000
vt 0.853781 0.492102 0.000000
vt 0.853781 0.459173 0.000000
vt 0.414063 0.949219 0.000000
vt 0.402344 0.964844 0.000000
vt 0.398438 0.933594 0.000000
vt 0.433594 0.933594 0.000000
vt 0.472656 0.933594 0.000000
vt 0.994573 0.401007 0.000000
vt 0.994572 0.340121 0.000000
vt 0.951244 0.405558 0.000000
vt 0.994572 0.476458 0.000000
vt 0.974854 0.551703 0.000000
vt 0.994572 0.553303 0.000000
vt 0.968269 0.594149 0.000000
vt 0.994572 0.601550 0.000000
vt 0.493771 0.970179 0.000000
vt 0.480469 0.957031 0.000000
vt 0.500627 0.957237 0.000000
vt 0.464844 0.945313 0.000000
vt 0.936189 0.546307 0.000000
vt 0.930158 0.581011 0.000000
vt 0.457031 0.957031 0.000000
vt 0.460938 0.976563 0.000000
vt 0.445313 0.976563 0.000000
vt 0.892239 0.558043 0.000000
vt 0.896396 0.545814 0.000000
vt 0.891093 0.528324 0.000000
vt 0.488281 0.968750 0.000000
vt 0.488281 0.960938 0.000000
vt 0.489237 0.966067 0.000000
vt 0.496094 0.957031 0.000000
vt 0.406250 0.984375 0.000000
vt 0.417969 0.988281 0.000000
vt 0.398438 0.988281 0.000000
vt 0.417969 0.976563 0.000000
vt 0.406250 0.976563 0.000000
vt 0.902255 0.414719 0.000000
vt 0.902255 0.446001 0.000000
vt 0.853781 0.414719 0.000000
vt 0.853781 0.446001 0.000000
vt 0.487685 0.981692 0.000000
vt 0.489237 0.977786 0.000000
vt 0.402344 0.976563 0.000000
vt 0.402344 0.968750 0.000000
vt 0.410156 0.976563 0.000000
vt 0.417969 0.976563 0.000000
vt 0.410156 0.984375 0.000000
vt 0.417969 0.992188 0.000000
vt 0.402344 0.992188 0.000000
vt 0.902255 0.370265 0.000000
vt 0.902255 0.396608 0.000000
vt 0.853781 0.370265 0.000000
vt 0.853781 0.396608 0.000000
vt 0.278115 0.864419 0.000000
vt 0.277522 0.796282 0.000000
vt 0.351408 0.790203 0.000000
vt 0.351363 0.878959 0.000000
vt 0.412805 0.904829 0.000000
vt 0.412805 0.791646 0.000000
vt 0.380975 0.862945 0.000000
vt 0.209075 0.791646 0.000000
vt 0.209075 0.848237 0.000000
vt 0.264865 0.908677 0.000000
vt 0.361064 0.920998 0.000000
vt 0.131911 0.851366 0.000000
vt 0.124996 0.917764 0.000000
vt 0.209075 0.904829 0.000000
vt 0.262724 0.957037 0.000000
vt 0.370830 0.957874 0.000000
vt 0.155657 0.791646 0.000000
vt 0.056491 0.857522 0.000000
vt 0.047384 0.917764 0.000000
vt 0.047212 0.955663 0.000000
vt 0.131038 0.943495 0.000000
vt 0.209075 0.937167 0.000000
vt 0.060595 0.791646 0.000000
vt 0.005345 0.791646 0.000000
vt 0.005345 0.874896 0.000000
vt 0.005345 0.927466 0.000000
vt 0.011812 0.963038 0.000000
vt 0.079722 0.979207 0.000000
vt 0.293566 0.980794 0.000000
vt 0.209075 0.975973 0.000000
vt 0.390169 0.979207 0.000000
vt 0.024748 0.982441 0.000000
vt 0.031215 0.995376 0.000000
vt 0.112061 0.995376 0.000000
vt 0.137931 0.972739 0.000000
vt 0.160568 0.985675 0.000000
vt 0.249498 0.985675 0.000000
vt 0.289920 0.995376 0.000000
vt 0.380467 0.995376 0.000000
vt 0.136364 0.353081 0.000000
vt 0.228003 0.285424 0.000000
vt 0.212864 0.341475 0.000000
vt 0.119108 0.273495 0.000000
vt 0.312347 0.258866 0.000000
vt 0.245840 0.329122 0.000000
vt 0.312347 0.226007 0.000000
vt 0.227722 0.212818 0.000000
vt 0.105052 0.199550 0.000000
vt 0.335242 0.321190 0.000000
vt 0.341542 0.161772 0.000000
vt 0.227741 0.162494 0.000000
vt 0.105602 0.143662 0.000000
vt 0.134936 0.421244 0.000000
vt 0.206232 0.416087 0.000000
vt 0.206232 0.455880 0.000000
vt 0.083536 0.469145 0.000000
vt 0.206232 0.492357 0.000000
vt 0.635881 0.722168 0.000000
vt 0.651965 0.703871 0.000000
vt 0.671644 0.770671 0.000000
vt 0.610109 0.732141 0.000000
vt 0.666868 0.755507 0.000000
vt 0.497412 0.761196 0.000000
vt 0.500334 0.810699 0.000000
vt 0.576976 0.773191 0.000000
vt 0.773922 0.721752 0.000000
vt 0.844021 0.738524 0.000000
vt 0.838845 0.664303 0.000000
vt 0.877129 0.646221 0.000000
vt 0.654814 0.791871 0.000000
vt 0.685899 0.795127 0.000000
vt 0.448868 0.734929 0.000000
vt 0.819270 0.576111 0.000000
vt 0.826700 0.624178 0.000000
vt 0.837763 0.590088 0.000000
vt 0.853187 0.605193 0.000000
vt 0.849672 0.632245 0.000000
vt 0.879588 0.619513 0.000000
vt 0.907534 0.599866 0.000000
vt 0.883121 0.604592 0.000000
vt 0.887380 0.577990 0.000000
vt 0.853352 0.576381 0.000000
vt 0.871069 0.579832 0.000000
vt 0.824493 0.553836 0.000000
vt 0.860598 0.554535 0.000000
vt 0.468695 0.680575 0.000000
vt 0.468144 0.614195 0.000000
vt 0.499916 0.657446 0.000000
vt 0.449533 0.695428 0.000000
vt 0.005345 0.746372 0.000000
vt 0.065740 0.746372 0.000000
vt 0.005345 0.701099 0.000000
vt 0.069969 0.701099 0.000000
vt 0.057679 0.584682 0.000000
vt 0.005345 0.584682 0.000000
vt 0.145930 0.746372 0.000000
vt 0.137931 0.701099 0.000000
vt 0.147732 0.583420 0.000000
vt 0.209075 0.746372 0.000000
vt 0.209075 0.701099 0.000000
vt 0.209059 0.583177 0.000000
vt 0.274288 0.746372 0.000000
vt 0.288342 0.698206 0.000000
vt 0.277420 0.583454 0.000000
vt 0.351363 0.701099 0.000000
vt 0.347064 0.584682 0.000000
vt 0.412805 0.701099 0.000000
vt 0.412805 0.584682 0.000000
vt 0.351408 0.746372 0.000000
vt 0.412805 0.746372 0.000000
vt 0.952780 0.316381 0.000000
vt 0.956261 0.277070 0.000000
vt 0.994754 0.316381 0.000000
vt 0.994754 0.272156 0.000000
vt 0.064274 0.079731 0.000000
vt 0.078125 0.023438 0.000000
vt 0.139395 0.087428 0.000000
vt 0.148438 0.023438 0.000000
vt 0.226419 0.087202 0.000000
vt 0.234375 0.023438 0.000000
vt 0.293890 0.100473 0.000000
vt 0.300781 0.023438 0.000000
vt 0.357484 0.092404 0.000000
vt 0.367188 0.023438 0.000000
vt 0.994754 0.006804 0.000000
vt 0.994754 0.053486 0.000000
vt 0.953949 0.006804 0.000000
vt 0.956373 0.044599 0.000000
vt 0.760601 0.795148 0.000000
vt 0.833134 0.801076 0.000000
vt 0.837664 0.844425 0.000000
vt 0.768975 0.866303 0.000000
vt 0.678904 0.661730 0.000000
vt 0.763330 0.643933 0.000000
vt 0.701757 0.739629 0.000000
vt 0.698032 0.800481 0.000000
vt 0.551246 0.672786 0.000000
vt 0.605810 0.675381 0.000000
vt 0.600370 0.709649 0.000000
vt 0.567756 0.712890 0.000000
vt 0.536706 0.722953 0.000000
vt 0.520418 0.696181 0.000000
vt 0.509221 0.755565 0.000000
vt 0.475999 0.726777 0.000000
vt 0.980326 0.748210 0.000000
vt 0.914580 0.825693 0.000000
vt 0.930382 0.739324 0.000000
vt 0.847840 0.856473 0.000000
vt 0.845842 0.795315 0.000000
vt 0.884975 0.899692 0.000000
vt 0.910590 0.886459 0.000000
vt 0.848852 0.739054 0.000000
vt 0.946206 0.669811 0.000000
vt 0.883877 0.667098 0.000000
vt 1.000117 0.667679 0.000000
vt 0.944624 0.590591 0.000000
vt 0.678249 0.520686 0.000000
vt 0.768383 0.552069 0.000000
vt 0.603915 0.572715 0.000000
vt 0.090168 0.505622 0.000000
vt 0.232761 0.359713 0.000000
vt 0.232761 0.399507 0.000000
vt 0.335560 0.502306 0.000000
vt 0.232761 0.455880 0.000000
vt 0.232761 0.502306 0.000000
vt 0.518278 0.593291 0.000000
vt 0.552766 0.632612 0.000000
vt 0.468144 0.614195 0.000000
vt 0.499916 0.657446 0.000000
vt 0.468144 0.614195 0.000000
vt 0.552766 0.632612 0.000000
vt 0.561198 0.785377 0.000000
vt 0.555590 0.825006 0.000000
vt 0.497412 0.761196 0.000000
vt 0.500334 0.810699 0.000000
vt 0.497412 0.761196 0.000000
vt 0.555590 0.825006 0.000000
vt 0.607011 0.857483 0.000000
vt 0.607221 0.820526 0.000000
vt 0.492188 0.859375 0.000000
vt 0.421913 0.797488 0.000000
vt 0.500334 0.810699 0.000000
vt 0.492188 0.859375 0.000000
vt 0.132855 0.512933 0.000000
vt 0.211762 0.501797 0.000000
vt 0.147732 0.583420 0.000000
vt 0.209059 0.583177 0.000000
vt 0.147732 0.583420 0.000000
vt 0.211762 0.501797 0.000000
vt 0.211762 0.501797 0.000000
vt 0.290553 0.518244 0.000000
vt 0.209059 0.583177 0.000000
vt 0.277420 0.583454 0.000000
vt 0.209059 0.583177 0.000000
vt 0.290553 0.518244 0.000000
vt 0.477058 0.915611 0.000000
vt 0.693563 0.884079 0.000000
vt 0.611551 0.907058 0.000000
vt 0.620076 0.810230 0.000000
vt 0.509366 0.946813 0.000000
vt 0.539063 0.878906 0.000000
vt 0.537956 0.995004 0.000000
vt 0.601318 0.910949 0.000000
vt 0.614394 0.861221 0.000000
vt 0.552043 0.845735 0.000000
vt 0.804688 0.085938 0.000000
vt 0.738281 0.058594 0.000000
vt 0.734375 0.078125 0.000000
vt 0.796875 0.062500 0.000000
vt 0.740234 0.027344 0.000000
vt 0.794922 0.027344 0.000000
vt 0.832594 0.043108 0.000000
vt 0.805567 0.033830 0.000000
vt 0.845698 0.006804 0.000000
vt 0.821538 0.054536 0.000000
vt 0.832594 0.120470 0.000000
vt 0.799425 0.137023 0.000000
vt 0.844060 0.161593 0.000000
vt 0.821538 0.111003 0.000000
vt 0.757813 0.007813 0.000000
vt 0.781250 0.007813 0.000000
vt 0.803110 0.189233 0.000000
vt 0.855526 0.238577 0.000000
vt 0.793283 0.243901 0.000000
vt 0.801179 0.298919 0.000000
vt 0.852250 0.316381 0.000000
vt 0.778541 0.157907 0.000000
vt 0.763799 0.168963 0.000000
vt 0.763799 0.183705 0.000000
vt 0.763799 0.237758 0.000000
vt 0.764413 0.297954 0.000000
vt 0.766256 0.316381 0.000000
vt 0.756428 0.291812 0.000000
vt 0.756428 0.183705 0.000000
vt 0.756428 0.237758 0.000000
vt 0.796875 0.113281 0.000000
vt 0.769531 0.117188 0.000000
vt 0.742188 0.109375 0.000000
vt 0.779769 0.335363 0.000000
vt 0.793283 0.330449 0.000000
vt 0.994754 0.205818 0.000000
vt 0.954316 0.196104 0.000000
vt 0.994754 0.161592 0.000000
vt 0.955151 0.162689 0.000000
vt 0.994754 0.114910 0.000000
vt 0.954035 0.120088 0.000000
vt 0.907532 0.053486 0.000000
vt 0.907532 0.113067 0.000000
vt 0.903846 0.006804 0.000000
vt 0.880822 0.047247 0.000000
vt 0.879891 0.116184 0.000000
vt 0.907532 0.161592 0.000000
vt 0.907532 0.210732 0.000000
vt 0.907532 0.267242 0.000000
vt 0.911217 0.316381 0.000000
vt 0.609375 0.156250 0.000000
vt 0.623744 0.038152 0.000000
vt 0.435904 0.018162 0.000000
vt 0.436889 0.131035 0.000000
vt 0.730358 0.239970 0.000000
vt 0.750000 0.121094 0.000000
vt 0.641963 0.349419 0.000000
vt 0.558443 0.252297 0.000000
vt 0.437618 0.214551 0.000000
vt 0.703310 0.418154 0.000000
vt 0.571771 0.412518 0.000000
vt 0.438356 0.299144 0.000000
vt 0.578992 0.476759 0.000000
vt 0.440040 0.492118 0.000000
vt 0.439507 0.431051 0.000000
vt 0.581258 0.537427 0.000000
vt 0.440594 0.555557 0.000000
vt 0.623744 0.038152 0.000000
vt 0.609375 0.156250 0.000000
vt 0.750000 0.121094 0.000000
vt 0.730358 0.239970 0.000000
vt 0.641963 0.349419 0.000000
vt 0.558443 0.252297 0.000000
vt 0.703310 0.418154 0.000000
vt 0.571771 0.412518 0.000000
vt 0.578992 0.476759 0.000000
vt 0.581258 0.537427 0.000000
vt 0.996094 0.900391 0.000000
vt 0.914063 0.990234 0.000000
vt 0.996094 0.990234 0.000000
vt 0.914063 0.900391 0.000000
vt 0.914063 0.900391 0.000000
vt 0.996094 0.900391 0.000000
vt 0.996094 0.990234 0.000000
vt 0.914063 0.990234 0.000000
usemtl Material_1
f 715/715 716/716 717/717
f 718/718 719/719 720/720
f 721/721 720/720 722/722
f 722/722 723/723 724/724
f 721/721 722/722 724/724
f 721/721 724/724 725/725
f 725/725 724/724 726/726
f 727/727 728/728 729/729
f 729/729 728/728 730/730
f 728/728 731/731 730/730
f 728/728 732/732 731/731
f 726/726 733/733 734/734
f 734/734 733/733 735/735
f 724/724 733/733 726/726
f 724/724 735/735 733/733
f 723/723 735/735 724/724
f 736/736 737/737 738/738
f 736/736 738/738 739/739
f 739/739 738/738 740/740
f 739/739 740/740 741/741
f 717/717 742/742 715/715
f 715/715 742/742 743/743
f 742/742 744/744 743/743
f 743/743 744/744 745/745
f 745/745 744/744 746/746
f 738/738 747/747 740/740
f 742/742 746/746 744/744
f 738/738 748/748 747/747
f 737/737 748/748 738/738
f 749/749 750/750 751/751
f 750/750 752/752 751/751
f 721/721 752/752 750/750
f 725/725 752/752 721/721
f 725/725 753/753 752/752
f 727/727 754/754 755/755
f 720/720 721/721 750/750
f 718/718 720/720 750/750
f 754/754 727/727 729/729
f 754/754 729/729 756/756
f 754/754 756/756 736/736
f 754/754 736/736 739/739
f 739/739 757/757 754/754
f 739/739 758/758 757/757
f 758/758 759/759 757/757
f 758/758 760/760 759/759
f 760/760 761/761 759/759
f 741/741 758/758 739/739
f 762/762 763/763 764/764
f 762/762 764/764 765/765
f 741/741 766/766 758/758
f 766/766 760/760 758/758
f 766/766 767/767 760/760
f 762/762 765/765 768/768
f 768/768 769/769 762/762
f 768/768 770/770 769/769
f 766/766 771/771 767/767
f 766/766 772/772 771/771
f 773/773 771/771 772/772
f 766/766 773/773 772/772
f 741/741 773/773 766/766
f 774/774 775/775 776/776
f 777/777 774/774 776/776
f 778/778 779/779 780/780
f 781/781 779/779 778/778
f 782/782 779/779 781/781
f 719/719 782/782 781/781
f 718/718 782/782 719/719
f 756/756 783/783 784/784
f 756/756 784/784 736/736
f 783/783 785/785 784/784
f 784/784 785/785 786/786
f 775/775 787/787 776/776
f 776/776 787/787 788/788
f 789/789 790/790 791/791
f 720/720 789/789 791/791
f 720/720 791/791 722/722
f 722/722 791/791 792/792
f 791/791 793/793 792/792
f 792/792 793/793 794/794
f 794/794 793/793 795/795
f 791/791 795/795 793/793
f 790/790 795/795 791/791
f 756/756 796/796 797/797
f 729/729 796/796 756/756
f 796/796 798/798 799/799
f 796/796 799/799 797/797
f 800/800 801/801 802/802
f 803/803 802/802 801/801
f 802/802 803/803 804/804
f 804/804 805/805 802/802
f 804/804 806/806 805/805
f 800/800 807/807 808/808
f 808/808 801/801 800/800
f 801/801 808/808 809/809
f 801/801 809/809 803/803
f 810/810 803/803 809/809
f 804/804 803/803 810/810
f 808/808 807/807 811/811
f 811/811 812/812 808/808
f 813/813 808/808 812/812
f 813/813 809/809 808/808
f 809/809 813/813 814/814
f 809/809 814/814 815/815
f 815/815 810/810 809/809
f 816/816 811/811 807/807
f 811/811 816/816 817/817
f 817/817 818/818 811/811
f 812/812 811/811 818/818
f 818/818 819/819 812/812
f 820/820 812/812 819/819
f 812/812 820/820 813/813
f 821/821 813/813 820/820
f 821/821 814/814 813/813
f 822/822 817/817 816/816
f 822/822 823/823 817/817
f 824/824 817/817 823/823
f 818/818 817/817 824/824
f 824/824 825/825 818/818
f 818/818 825/825 826/826
f 826/826 819/819 818/818
f 827/827 819/819 826/826
f 819/819 827/827 820/820
f 828/828 814/814 829/829
f 814/814 828/828 815/815
f 830/830 815/815 828/828
f 826/826 831/831 827/827
f 831/831 832/832 827/827
f 832/832 833/833 827/827
f 834/834 827/827 833/833
f 835/835 829/829 834/834
f 829/829 836/836 828/828
f 828/828 837/837 830/830
f 838/838 830/830 837/837
f 839/839 840/840 841/841
f 839/839 842/842 840/840
f 842/842 843/843 840/840
f 843/843 844/844 840/840
f 845/845 846/846 839/839
f 847/847 839/839 846/846
f 848/848 839/839 847/847
f 848/848 842/842 839/839
f 849/849 842/842 848/848
f 849/849 850/850 842/842
f 850/850 843/843 842/842
f 851/851 846/846 845/845
f 851/851 852/852 846/846
f 846/846 852/852 847/847
f 852/852 853/853 847/847
f 847/847 853/853 854/854
f 854/854 855/855 847/847
f 855/855 848/848 847/847
f 855/855 849/849 848/848
f 855/855 856/856 849/849
f 849/849 856/856 850/850
f 857/857 852/852 851/851
f 854/854 853/853 858/858
f 859/859 860/860 844/844
f 860/860 840/840 844/844
f 861/861 840/840 860/860
f 840/840 861/861 841/841
f 861/861 860/860 862/862
f 862/862 859/859 863/863
f 862/862 860/860 859/859
f 864/864 862/862 863/863
f 864/864 865/865 862/862
f 850/850 856/856 866/866
f 867/867 868/868 869/869
f 870/870 871/871 872/872
f 873/873 874/874 875/875
f 871/871 870/870 876/876
f 877/877 878/878 879/879
f 880/880 877/877 879/879
f 881/881 871/871 876/876
f 882/882 871/871 881/881
f 883/883 884/884 885/885
f 886/886 887/887 888/888
f 888/888 889/889 886/886
f 889/889 890/890 886/886
f 886/886 890/890 879/879
f 890/890 880/880 879/879
f 890/890 891/891 880/880
f 892/892 880/880 891/891
f 893/893 892/892 891/891
f 893/893 894/894 892/892
f 873/873 885/885 874/874
f 895/895 889/889 888/888
f 896/896 889/889 895/895
f 889/889 896/896 893/893
f 889/889 893/893 890/890
f 891/891 890/890 893/893
f 895/895 888/888 897/897
f 897/897 898/898 895/895
f 899/899 900/900 901/901
f 899/899 902/902 900/900
f 902/902 903/903 900/900
f 896/896 894/894 893/893
f 903/903 884/884 883/883
f 898/898 897/897 904/904
f 904/904 905/905 898/898
f 898/898 905/905 906/906
f 902/902 907/907 903/903
f 903/903 907/907 884/884
f 908/908 823/823 822/822
f 822/822 909/909 908/908
f 910/910 908/908 909/909
f 909/909 911/911 910/910
f 911/911 912/912 910/910
f 913/913 910/910 912/912
f 909/909 822/822 816/816
f 816/816 914/914 909/909
f 911/911 909/909 914/914
f 914/914 915/915 911/911
f 915/915 916/916 911/911
f 912/912 911/911 916/916
f 914/914 816/816 807/807
f 807/807 917/917 914/914
f 915/915 914/914 917/917
f 917/917 918/918 915/915
f 915/915 918/918 919/919
f 919/919 916/916 915/915
f 807/807 920/920 917/917
f 921/921 917/917 920/920
f 921/921 918/918 917/917
f 919/919 918/918 921/921
f 921/921 922/922 919/919
f 922/922 921/921 923/923
f 923/923 924/924 922/922
f 924/924 923/923 925/925
f 925/925 926/926 924/924
f 807/807 800/800 920/920
f 927/927 920/920 800/800
f 920/920 927/927 923/923
f 921/921 920/920 923/923
f 802/802 927/927 800/800
f 927/927 802/802 805/805
f 927/927 805/805 928/928
f 928/928 923/923 927/927
f 928/928 925/925 923/923
f 929/929 930/930 931/931
f 931/931 932/932 929/929
f 933/933 934/934 935/935
f 935/935 936/936 933/933
f 935/935 937/937 936/936
f 938/938 936/936 937/937
f 938/938 937/937 939/939
f 940/940 938/938 939/939
f 939/939 941/941 940/940
f 941/941 942/942 940/940
f 935/935 934/934 856/856
f 935/935 856/856 855/855
f 935/935 855/855 937/937
f 939/939 937/937 855/855
f 939/939 855/855 854/854
f 943/943 944/944 945/945
f 945/945 946/946 943/943
f 939/939 854/854 941/941
f 858/858 941/941 854/854
f 858/858 947/947 941/941
f 856/856 934/934 866/866
f 866/866 934/934 948/948
f 949/949 878/878 950/950
f 951/951 949/949 950/950
f 952/952 949/949 951/951
f 952/952 951/951 953/953
f 954/954 952/952 953/953
f 878/878 955/955 956/956
f 878/878 957/957 955/955
f 958/958 878/878 949/949
f 877/877 950/950 878/878
f 959/959 960/960 961/961
f 961/961 962/962 959/959
f 870/870 959/959 962/962
f 870/870 962/962 963/963
f 964/964 965/965 961/961
f 965/965 963/963 961/961
f 963/963 962/962 961/961
f 876/876 870/870 963/963
f 966/966 876/876 963/963
f 967/967 965/965 964/964
f 968/968 965/965 967/967
f 965/965 968/968 963/963
f 968/968 966/966 963/963
f 969/969 970/970 971/971
f 969/969 972/972 970/970
f 972/972 973/973 970/970
f 973/973 972/972 974/974
f 975/975 973/973 974/974
f 976/976 974/974 977/977
f 974/974 972/972 977/977
f 977/977 972/972 969/969
f 978/978 979/979 980/980
f 979/979 978/978 973/973
f 970/970 973/973 978/978
f 978/978 981/981 970/970
f 978/978 980/980 982/982
f 981/981 978/978 982/982
f 973/973 975/975 979/979
f 983/983 984/984 985/985
f 986/986 984/984 983/983
f 987/987 986/986 983/983
f 986/986 887/887 886/886
f 886/886 956/956 986/986
f 956/956 988/988 986/986
f 988/988 984/984 986/986
f 956/956 886/886 879/879
f 879/879 878/878 956/956
f 955/955 988/988 956/956
f 989/989 865/865 864/864
f 851/851 845/845 990/990
f 990/990 991/991 851/851
f 857/857 851/851 991/991
f 992/992 991/991 990/990
f 993/993 991/991 992/992
f 994/994 993/993 992/992
f 995/995 993/993 994/994
f 994/994 992/992 996/996
f 994/994 996/996 997/997
f 998/998 999/999 1000/1000
f 1001/1001 1002/1002 1003/1003
f 872/872 868/868 867/867
f 870/870 872/872 867/867
f 1004/1004 1005/1005 1006/1006
f 1007/1007 1008/1008 1009/1009
f 1005/1005 1004/1004 1010/1010
f 1010/1010 1011/1011 1005/1005
f 869/869 868/868 1012/1012
f 1013/1013 960/960 869/869
f 869/869 1012/1012 1013/1013
f 960/960 1013/1013 1014/1014
f 1014/1014 961/961 960/960
f 964/964 961/961 1014/1014
f 870/870 867/867 959/959
f 867/867 869/869 960/960
f 959/959 867/867 960/960
f 1015/1015 1016/1016 1017/1017
f 1018/1018 1019/1019 1020/1020
f 1021/1021 1022/1022 1023/1023
f 1024/1024 1025/1025 1026/1026
f 1027/1027 1028/1028 1029/1029
f 1030/1030 1031/1031 1032/1032
f 1016/1016 1015/1015 1033/1033
f 1033/1033 1034/1034 1016/1016
f 948/948 934/934 933/933
f 933/933 1035/1035 948/948
f 941/941 947/947 1036/1036
f 1036/1036 942/942 941/941
f 952/952 954/954 1037/1037
f 1037/1037 1038/1038 952/952
f 949/949 952/952 1038/1038
f 1038/1038 958/958 949/949
f 1038/1038 1037/1037 1039/1039
f 1039/1039 1040/1040 1038/1038
f 958/958 1038/1038 1040/1040
f 1040/1040 1041/1041 958/958
f 878/878 958/958 957/957
f 1016/1016 1034/1034 1042/1042
f 1042/1042 1043/1043 1016/1016
f 1043/1043 1042/1042 1044/1044
f 1044/1044 1045/1045 1043/1043
f 1043/1043 1045/1045 1046/1046
f 1046/1046 1047/1047 1043/1043
f 873/873 883/883 885/885
f 1048/1048 1049/1049 1050/1050
f 1051/1051 1049/1049 1048/1048
f 1051/1051 1048/1048 1052/1052
f 1053/1053 1051/1051 1052/1052
f 1054/1054 1055/1055 1056/1056
f 1055/1055 1054/1054 1057/1057
f 1055/1055 1057/1057 1058/1058
f 1058/1058 1059/1059 1060/1060
f 1059/1059 1058/1058 1061/1061
f 1062/1062 1053/1053 1052/1052
f 1063/1063 1053/1053 1062/1062
f 1061/1061 1058/1058 1057/1057
f 1060/1060 1059/1059 1064/1064
f 1060/1060 1064/1064 1065/1065
f 1064/1064 1066/1066 1065/1065
f 1066/1066 1067/1067 1065/1065
f 1065/1065 1067/1067 1068/1068
f 1059/1059 1069/1069 1064/1064
f 1069/1069 1070/1070 1064/1064
f 1064/1064 1070/1070 1071/1071
f 1064/1064 1071/1071 1066/1066
f 1071/1071 1072/1072 1066/1066
f 1073/1073 1066/1066 1072/1072
f 1073/1073 1067/1067 1066/1066
f 1073/1073 1074/1074 1067/1067
f 1073/1073 1075/1075 1074/1074
f 1071/1071 1070/1070 1076/1076
f 1071/1071 1076/1076 1072/1072
f 1072/1072 1076/1076 1077/1077
f 1072/1072 1077/1077 1073/1073
f 1073/1073 1077/1077 1075/1075
f 1049/1049 1078/1078 1079/1079
f 1049/1049 1079/1079 1050/1050
f 1050/1050 1079/1079 1080/1080
f 1067/1067 1074/1074 1081/1081
f 1067/1067 1081/1081 1082/1082
f 1068/1068 1067/1067 1082/1082
f 929/929 932/932 1083/1083
f 1083/1083 1084/1084 929/929
f 1084/1084 1083/1083 1085/1085
f 1085/1085 1086/1086 1084/1084
f 1086/1086 1085/1085 1087/1087
f 1087/1087 1088/1088 1086/1086
f 1088/1088 1087/1087 943/943
f 943/943 946/946 1088/1088
f 1089/1089 946/946 945/945
f 946/946 1089/1089 1090/1090
f 1090/1090 1088/1088 946/946
f 1090/1090 1086/1086 1088/1088
f 945/945 1091/1091 1089/1089
f 1092/1092 1089/1089 1091/1091
f 1089/1089 1092/1092 1093/1093
f 1093/1093 1090/1090 1089/1089
f 1094/1094 1090/1090 1093/1093
f 1093/1093 1060/1060 1094/1094
f 1094/1094 1060/1060 1095/1095
f 1095/1095 1084/1084 1094/1094
f 1094/1094 1084/1084 1086/1086
f 1094/1094 1086/1086 1090/1090
f 1091/1091 1056/1056 1092/1092
f 1056/1056 1055/1055 1092/1092
f 1092/1092 1055/1055 1058/1058
f 1058/1058 1093/1093 1092/1092
f 1060/1060 1093/1093 1058/1058
f 1065/1065 1095/1095 1060/1060
f 1065/1065 1096/1096 1095/1095
f 1084/1084 1095/1095 1096/1096
f 1096/1096 929/929 1084/1084
f 1096/1096 1065/1065 1068/1068
f 1068/1068 1097/1097 1096/1096
f 1097/1097 929/929 1096/1096
f 1097/1097 930/930 929/929
f 1098/1098 1099/1099 1100/1100
f 1101/1101 1100/1100 1099/1099
f 1102/1102 1103/1103 1098/1098
f 1099/1099 1098/1098 1103/1103
f 1103/1103 1104/1104 1099/1099
f 1105/1105 1099/1099 1104/1104
f 1099/1099 1105/1105 1101/1101
f 1106/1106 1101/1101 1105/1105
f 1107/1107 1104/1104 1103/1103
f 1108/1108 1104/1104 1107/1107
f 1104/1104 1108/1108 1105/1105
f 1109/1109 1105/1105 1108/1108
f 1109/1109 1106/1106 1105/1105
f 1107/1107 1110/1110 1108/1108
f 1110/1110 1111/1111 1108/1108
f 1111/1111 1112/1112 1108/1108
f 1109/1109 1108/1108 1112/1112
f 1111/1111 1110/1110 1113/1113
f 1113/1113 1114/1114 1111/1111
f 1107/1107 1113/1113 1110/1110
f 1115/1115 1116/1116 1100/1100
f 1100/1100 1101/1101 1115/1115
f 1117/1117 1118/1118 1116/1116
f 1116/1116 1115/1115 1117/1117
f 1119/1119 1117/1117 1115/1115
f 1115/1115 1120/1120 1119/1119
f 1120/1120 1115/1115 1101/1101
f 1101/1101 1106/1106 1120/1120
f 1119/1119 1121/1121 1117/1117
f 1119/1119 1122/1122 1121/1121
f 1122/1122 1119/1119 1120/1120
f 1120/1120 1109/1109 1122/1122
f 1106/1106 1109/1109 1120/1120
f 1123/1123 1121/1121 1122/1122
f 1111/1111 1123/1123 1122/1122
f 1112/1112 1111/1111 1122/1122
f 1122/1122 1109/1109 1112/1112
f 1124/1124 1123/1123 1111/1111
f 1111/1111 1114/1114 1124/1124
f 1124/1124 1121/1121 1123/1123
f 1125/1125 1126/1126 1127/1127
f 1126/1126 1125/1125 1128/1128
f 1129/1129 1130/1130 1131/1131
f 1132/1132 1131/1131 1130/1130
f 1133/1133 1134/1134 1135/1135
f 1136/1136 1137/1137 1138/1138
f 1138/1138 1139/1139 1140/1140
f 1141/1141 1140/1140 1142/1142
f 1140/1140 1139/1139 1142/1142
f 1142/1142 1139/1139 1143/1143
f 1142/1142 1143/1143 1144/1144
f 1145/1145 1146/1146 1147/1147
f 1145/1145 1147/1147 1148/1148
f 1149/1149 1145/1145 1148/1148
f 1150/1150 1145/1145 1149/1149
f 1151/1151 1144/1144 1152/1152
f 1151/1151 1152/1152 1153/1153
f 1151/1151 1142/1142 1144/1144
f 1153/1153 1142/1142 1151/1151
f 1153/1153 1141/1141 1142/1142
f 1154/1154 1155/1155 1156/1156
f 1156/1156 1155/1155 1157/1157
f 1156/1156 1157/1157 1158/1158
f 1158/1158 1157/1157 1159/1159
f 1160/1160 1135/1135 1134/1134
f 1160/1160 1134/1134 1161/1161
f 1162/1162 1160/1160 1161/1161
f 1162/1162 1161/1161 1163/1163
f 1162/1162 1163/1163 1164/1164
f 1165/1165 1156/1156 1158/1158
f 1164/1164 1160/1160 1162/1162
f 1166/1166 1156/1156 1165/1165
f 1166/1166 1154/1154 1156/1156
f 1167/1167 1168/1168 1169/1169
f 1170/1170 1167/1167 1169/1169
f 1170/1170 1139/1139 1167/1167
f 1170/1170 1143/1143 1139/1139
f 1171/1171 1143/1143 1170/1170
f 1172/1172 1146/1146 1173/1173
f 1139/1139 1138/1138 1167/1167
f 1138/1138 1137/1137 1167/1167
f 1146/1146 1172/1172 1147/1147
f 1147/1147 1172/1172 1174/1174
f 1174/1174 1172/1172 1155/1155
f 1155/1155 1172/1172 1157/1157
f 1175/1175 1157/1157 1172/1172
f 1176/1176 1157/1157 1175/1175
f 1177/1177 1176/1176 1175/1175
f 1178/1178 1176/1176 1177/1177
f 1179/1179 1178/1178 1177/1177
f 1176/1176 1159/1159 1157/1157
f 1180/1180 1181/1181 1182/1182
f 1182/1182 1181/1181 1183/1183
f 1184/1184 1159/1159 1176/1176
f 1178/1178 1184/1184 1176/1176
f 1185/1185 1184/1184 1178/1178
f 1183/1183 1181/1181 1186/1186
f 1187/1187 1186/1186 1181/1181
f 1188/1188 1186/1186 1187/1187
f 1189/1189 1184/1184 1185/1185
f 1190/1190 1184/1184 1189/1189
f 1189/1189 1191/1191 1190/1190
f 1191/1191 1184/1184 1190/1190
f 1191/1191 1159/1159 1184/1184
f 1192/1192 1193/1193 1194/1194
f 1193/1193 1195/1195 1194/1194
f 1196/1196 1197/1197 1198/1198
f 1196/1196 1199/1199 1197/1197
f 1196/1196 1200/1200 1199/1199
f 1200/1200 1136/1136 1199/1199
f 1200/1200 1137/1137 1136/1136
f 1201/1201 1174/1174 1202/1202
f 1202/1202 1174/1174 1155/1155
f 1203/1203 1201/1201 1202/1202
f 1203/1203 1202/1202 1204/1204
f 1205/1205 1192/1192 1194/1194
f 1205/1205 1194/1194 1206/1206
f 1207/1207 1208/1208 1209/1209
f 1208/1208 1138/1138 1209/1209
f 1209/1209 1138/1138 1140/1140
f 1209/1209 1140/1140 1210/1210
f 1211/1211 1209/1209 1210/1210
f 1211/1211 1210/1210 1212/1212
f 1211/1211 1212/1212 1213/1213
f 1213/1213 1209/1209 1211/1211
f 1213/1213 1207/1207 1209/1209
f 1214/1214 1174/1174 1215/1215
f 1214/1214 1147/1147 1174/1174
f 1216/1216 1214/1214 1217/1217
f 1217/1217 1214/1214 1215/1215
f 1218/1218 1219/1219 1220/1220
f 1220/1220 1221/1221 1218/1218
f 1221/1221 1220/1220 1222/1222
f 1223/1223 1222/1222 1220/1220
f 1224/1224 1222/1222 1223/1223
f 1225/1225 1219/1219 1226/1226
f 1218/1218 1226/1226 1219/1219
f 1226/1226 1218/1218 1227/1227
f 1227/1227 1218/1218 1221/1221
f 1221/1221 1228/1228 1227/1227
f 1221/1221 1222/1222 1228/1228
f 1225/1225 1226/1226 1229/1229
f 1230/1230 1229/1229 1226/1226
f 1226/1226 1231/1231 1230/1230
f 1227/1227 1231/1231 1226/1226
f 1231/1231 1227/1227 1232/1232
f 1232/1232 1227/1227 1233/1233
f 1228/1228 1233/1233 1227/1227
f 1229/1229 1234/1234 1225/1225
f 1234/1234 1229/1229 1235/1235
f 1236/1236 1235/1235 1229/1229
f 1229/1229 1230/1230 1236/1236
f 1237/1237 1236/1236 1230/1230
f 1230/1230 1238/1238 1237/1237
f 1238/1238 1230/1230 1231/1231
f 1231/1231 1239/1239 1238/1238
f 1232/1232 1239/1239 1231/1231
f 1235/1235 1240/1240 1234/1234
f 1241/1241 1240/1240 1235/1235
f 1235/1235 1242/1242 1241/1241
f 1235/1235 1236/1236 1242/1242
f 1243/1243 1242/1242 1236/1236
f 1243/1243 1236/1236 1244/1244
f 1237/1237 1244/1244 1236/1236
f 1237/1237 1245/1245 1244/1244
f 1245/1245 1237/1237 1238/1238
f 1232/1232 1246/1246 1247/1247
f 1246/1246 1232/1232 1233/1233
f 1233/1233 1248/1248 1246/1246
f 1249/1249 1244/1244 1245/1245
f 1250/1250 1249/1249 1245/1245
f 1251/1251 1250/1250 1245/1245
f 1245/1245 1252/1252 1251/1251
f 1247/1247 1253/1253 1252/1252
f 1254/1254 1247/1247 1246/1246
f 1255/1255 1246/1246 1248/1248
f 1248/1248 1256/1256 1255/1255
f 1257/1257 1258/1258 1259/1259
f 1260/1260 1258/1258 1257/1257
f 843/843 1260/1260 1257/1257
f 844/844 843/843 1257/1257
f 1261/1261 1262/1262 1258/1258
f 1258/1258 1263/1263 1261/1261
f 1258/1258 1264/1264 1263/1263
f 1260/1260 1264/1264 1258/1258
f 1260/1260 1265/1265 1264/1264
f 850/850 1265/1265 1260/1260
f 843/843 850/850 1260/1260
f 1261/1261 1266/1266 1262/1262
f 852/852 1266/1266 1261/1261
f 852/852 1261/1261 1263/1263
f 853/853 852/852 1263/1263
f 853/853 1263/1263 1267/1267
f 1268/1268 1267/1267 1263/1263
f 1264/1264 1268/1268 1263/1263
f 1265/1265 1268/1268 1264/1264
f 1269/1269 1268/1268 1265/1265
f 1269/1269 1265/1265 850/850
f 852/852 857/857 1266/1266
f 853/853 1267/1267 858/858
f 1270/1270 859/859 844/844
f 1257/1257 1270/1270 844/844
f 1257/1257 1271/1271 1270/1270
f 1271/1271 1257/1257 1259/1259
f 1270/1270 1271/1271 1272/1272
f 859/859 1272/1272 863/863
f 1270/1270 1272/1272 859/859
f 1272/1272 1273/1273 863/863
f 1274/1274 1273/1273 1272/1272
f 1269/1269 850/850 866/866
f 868/868 1275/1275 1276/1276
f 1277/1277 1278/1278 1279/1279
f 874/874 1280/1280 1281/1281
f 1278/1278 1277/1277 1282/1282
f 1283/1283 1284/1284 1285/1285
f 1284/1284 1286/1286 1285/1285
f 1277/1277 1287/1287 1282/1282
f 1277/1277 1288/1288 1287/1287
f 884/884 1289/1289 885/885
f 1290/1290 1291/1291 1292/1292
f 1293/1293 1292/1292 1291/1291
f 1294/1294 1293/1293 1291/1291
f 1294/1294 1291/1291 1285/1285
f 1286/1286 1294/1294 1285/1285
f 1295/1295 1294/1294 1286/1286
f 1286/1286 1296/1296 1295/1295
f 1296/1296 1297/1297 1295/1295
f 1298/1298 1297/1297 1296/1296
f 885/885 1280/1280 874/874
f 1293/1293 1299/1299 1292/1292
f 1293/1293 1300/1300 1299/1299
f 1300/1300 1293/1293 1297/1297
f 1297/1297 1293/1293 1294/1294
f 1294/1294 1295/1295 1297/1297
f 1292/1292 1299/1299 1301/1301
f 1302/1302 1301/1301 1299/1299
f 1303/1303 1304/1304 1305/1305
f 902/902 1304/1304 1303/1303
f 1306/1306 902/902 1303/1303
f 1298/1298 1300/1300 1297/1297
f 884/884 1306/1306 1289/1289
f 1301/1301 1302/1302 904/904
f 905/905 904/904 1302/1302
f 905/905 1302/1302 906/906
f 907/907 902/902 1306/1306
f 907/907 1306/1306 884/884
f 1241/1241 1307/1307 1240/1240
f 1308/1308 1240/1240 1307/1307
f 1307/1307 1309/1309 1308/1308
f 1310/1310 1308/1308 1309/1309
f 1311/1311 1310/1310 1309/1309
f 1309/1309 1312/1312 1311/1311
f 1240/1240 1308/1308 1234/1234
f 1313/1313 1234/1234 1308/1308
f 1308/1308 1310/1310 1313/1313
f 1314/1314 1313/1313 1310/1310
f 1315/1315 1314/1314 1310/1310
f 1310/1310 1311/1311 1315/1315
f 1234/1234 1313/1313 1225/1225
f 1316/1316 1225/1225 1313/1313
f 1313/1313 1314/1314 1316/1316
f 1317/1317 1316/1316 1314/1314
f 1317/1317 1314/1314 1318/1318
f 1315/1315 1318/1318 1314/1314
f 1319/1319 1225/1225 1316/1316
f 1316/1316 1320/1320 1319/1319
f 1317/1317 1320/1320 1316/1316
f 1317/1317 1318/1318 1320/1320
f 1321/1321 1320/1320 1318/1318
f 1320/1320 1321/1321 1322/1322
f 1323/1323 1322/1322 1321/1321
f 1322/1322 1323/1323 1324/1324
f 1325/1325 1324/1324 1323/1323
f 1219/1219 1225/1225 1319/1319
f 1319/1319 1326/1326 1219/1219
f 1326/1326 1319/1319 1322/1322
f 1319/1319 1320/1320 1322/1322
f 1326/1326 1220/1220 1219/1219
f 1220/1220 1326/1326 1223/1223
f 1223/1223 1326/1326 1327/1327
f 1322/1322 1327/1327 1326/1326
f 1324/1324 1327/1327 1322/1322
f 1328/1328 1329/1329 1330/1330
f 1331/1331 1330/1330 1329/1329
f 1332/1332 1333/1333 1334/1334
f 1335/1335 1334/1334 1333/1333
f 1336/1336 1334/1334 1335/1335
f 1335/1335 1337/1337 1336/1336
f 1336/1336 1337/1337 1338/1338
f 1337/1337 1339/1339 1338/1338
f 1340/1340 1338/1338 1339/1339
f 1341/1341 1340/1340 1339/1339
f 1332/1332 1334/1334 1269/1269
f 1269/1269 1334/1334 1268/1268
f 1268/1268 1334/1334 1336/1336
f 1336/1336 1338/1338 1268/1268
f 1268/1268 1338/1338 1267/1267
f 1342/1342 1343/1343 1344/1344
f 1345/1345 1344/1344 1343/1343
f 1267/1267 1338/1338 1340/1340
f 1340/1340 858/858 1267/1267
f 947/947 858/858 1340/1340
f 1332/1332 1269/1269 866/866
f 1332/1332 866/866 948/948
f 1283/1283 1346/1346 1347/1347
f 1346/1346 1348/1348 1347/1347
f 1346/1346 1349/1349 1348/1348
f 1348/1348 1349/1349 953/953
f 1349/1349 954/954 953/953
f 1350/1350 1283/1283 1351/1351
f 1352/1352 1283/1283 1350/1350
f 1283/1283 1353/1353 1346/1346
f 1347/1347 1284/1284 1283/1283
f 1354/1354 1355/1355 1356/1356
f 1356/1356 1357/1357 1354/1354
f 1356/1356 1278/1278 1357/1357
f 1357/1357 1278/1278 1358/1358
f 1359/1359 964/964 1354/1354
f 1358/1358 1359/1359 1354/1354
f 1357/1357 1358/1358 1354/1354
f 1278/1278 1282/1282 1358/1358
f 1282/1282 1360/1360 1358/1358
f 1359/1359 967/967 964/964
f 1359/1359 1361/1361 967/967
f 1361/1361 1359/1359 1358/1358
f 1360/1360 1361/1361 1358/1358
f 1362/1362 969/969 971/971
f 1363/1363 969/969 1362/1362
f 1364/1364 1363/1363 1362/1362
f 1363/1363 1364/1364 1365/1365
f 1364/1364 1366/1366 1365/1365
f 1365/1365 1367/1367 1368/1368
f 1363/1363 1365/1365 1368/1368
f 1363/1363 1368/1368 969/969
f 1369/1369 1370/1370 1371/1371
f 1370/1370 1369/1369 1364/1364
f 1364/1364 1362/1362 1370/1370
f 1372/1372 1370/1370 1362/1362
f 1371/1371 1370/1370 1373/1373
f 1370/1370 1372/1372 1373/1373
f 1366/1366 1364/1364 1369/1369
f 1374/1374 983/983 985/985
f 1374/1374 1375/1375 983/983
f 1375/1375 987/987 983/983
f 1290/1290 1375/1375 1291/1291
f 1351/1351 1291/1291 1375/1375
f 1376/1376 1351/1351 1375/1375
f 1374/1374 1376/1376 1375/1375
f 1291/1291 1351/1351 1285/1285
f 1283/1283 1285/1285 1351/1351
f 1376/1376 1350/1350 1351/1351
f 1274/1274 1377/1377 1273/1273
f 1262/1262 1266/1266 1378/1378
f 991/991 1378/1378 1266/1266
f 1266/1266 857/857 991/991
f 991/991 1379/1379 1378/1378
f 991/991 993/993 1379/1379
f 993/993 1380/1380 1379/1379
f 993/993 995/995 1380/1380
f 1379/1379 1380/1380 1381/1381
f 1381/1381 1380/1380 1382/1382
f 1383/1383 1384/1384 1385/1385
f 1386/1386 1387/1387 1388/1388
f 868/868 1279/1279 1275/1275
f 1279/1279 1278/1278 1275/1275
f 1389/1389 1390/1390 1391/1391
f 1392/1392 1393/1393 1394/1394
f 1395/1395 1390/1390 1389/1389
f 1389/1389 1396/1396 1395/1395
f 868/868 1276/1276 1012/1012
f 1276/1276 1355/1355 1013/1013
f 1013/1013 1012/1012 1276/1276
f 1014/1014 1013/1013 1355/1355
f 1355/1355 1354/1354 1014/1014
f 1354/1354 964/964 1014/1014
f 1275/1275 1278/1278 1356/1356
f 1276/1276 1275/1275 1355/1355
f 1275/1275 1356/1356 1355/1355
f 1397/1397 1015/1015 1017/1017
f 1398/1398 1399/1399 1400/1400
f 1401/1401 1402/1402 1403/1403
f 1404/1404 1405/1405 1406/1406
f 1407/1407 1408/1408 1409/1409
f 1410/1410 1411/1411 1412/1412
f 1033/1033 1015/1015 1397/1397
f 1397/1397 1413/1413 1033/1033
f 1333/1333 1332/1332 948/948
f 948/948 1035/1035 1333/1333
f 1036/1036 947/947 1340/1340
f 1340/1340 1341/1341 1036/1036
f 1037/1037 954/954 1349/1349
f 1349/1349 1414/1414 1037/1037
f 1414/1414 1349/1349 1346/1346
f 1346/1346 1353/1353 1414/1414
f 1039/1039 1037/1037 1414/1414
f 1414/1414 1415/1415 1039/1039
f 1415/1415 1414/1414 1353/1353
f 1353/1353 1416/1416 1415/1415
f 1353/1353 1283/1283 1352/1352
f 1417/1417 1413/1413 1397/1397
f 1397/1397 1418/1418 1417/1417
f 1419/1419 1417/1417 1418/1418
f 1418/1418 1420/1420 1419/1419
f 1421/1421 1420/1420 1418/1418
f 1418/1418 1422/1422 1421/1421
f 1289/1289 1280/1280 885/885
f 1423/1423 1424/1424 1425/1425
f 1423/1423 1426/1426 1424/1424
f 1424/1424 1426/1426 1427/1427
f 1426/1426 1428/1428 1427/1427
f 1429/1429 1430/1430 1431/1431
f 1430/1430 1429/1429 1432/1432
f 1432/1432 1429/1429 1433/1433
f 1434/1434 1433/1433 1435/1435
f 1433/1433 1434/1434 1436/1436
f 1428/1428 1437/1437 1427/1427
f 1428/1428 1438/1438 1437/1437
f 1433/1433 1436/1436 1432/1432
f 1434/1434 1435/1435 1439/1439
f 1439/1439 1435/1435 1440/1440
f 1441/1441 1439/1439 1440/1440
f 1442/1442 1441/1441 1440/1440
f 1442/1442 1440/1440 1443/1443
f 1444/1444 1434/1434 1439/1439
f 1445/1445 1444/1444 1439/1439
f 1445/1445 1439/1439 1446/1446
f 1446/1446 1439/1439 1441/1441
f 1447/1447 1446/1446 1441/1441
f 1441/1441 1448/1448 1447/1447
f 1442/1442 1448/1448 1441/1441
f 1449/1449 1448/1448 1442/1442
f 1450/1450 1448/1448 1449/1449
f 1445/1445 1446/1446 1451/1451
f 1451/1451 1446/1446 1447/1447
f 1451/1451 1447/1447 1452/1452
f 1452/1452 1447/1447 1448/1448
f 1452/1452 1448/1448 1450/1450
f 1453/1453 1423/1423 1454/1454
f 1454/1454 1423/1423 1425/1425
f 1454/1454 1425/1425 1455/1455
f 1449/1449 1442/1442 1456/1456
f 1456/1456 1442/1442 1457/1457
f 1442/1442 1443/1443 1457/1457
f 1331/1331 1329/1329 1458/1458
f 1459/1459 1458/1458 1329/1329
f 1458/1458 1459/1459 1460/1460
f 1461/1461 1460/1460 1459/1459
f 1460/1460 1461/1461 1462/1462
f 1463/1463 1462/1462 1461/1461
f 1462/1462 1463/1463 1343/1343
f 1345/1345 1343/1343 1463/1463
f 1345/1345 1464/1464 1344/1344
f 1464/1464 1345/1345 1465/1465
f 1463/1463 1465/1465 1345/1345
f 1461/1461 1465/1465 1463/1463
f 1466/1466 1344/1344 1464/1464
f 1464/1464 1467/1467 1466/1466
f 1467/1467 1464/1464 1468/1468
f 1465/1465 1468/1468 1464/1464
f 1465/1465 1469/1469 1468/1468
f 1435/1435 1468/1468 1469/1469
f 1435/1435 1469/1469 1470/1470
f 1459/1459 1470/1470 1469/1469
f 1459/1459 1469/1469 1461/1461
f 1461/1461 1469/1469 1465/1465
f 1431/1431 1466/1466 1467/1467
f 1429/1429 1431/1431 1467/1467
f 1429/1429 1467/1467 1433/1433
f 1468/1468 1433/1433 1467/1467
f 1468/1468 1435/1435 1433/1433
f 1470/1470 1440/1440 1435/1435
f 1471/1471 1440/1440 1470/1470
f 1470/1470 1459/1459 1471/1471
f 1329/1329 1471/1471 1459/1459
f 1440/1440 1471/1471 1443/1443
f 1472/1472 1443/1443 1471/1471
f 1329/1329 1472/1472 1471/1471
f 1328/1328 1472/1472 1329/1329
f 1473/1473 1474/1474 1475/1475
f 1475/1475 1476/1476 1473/1473
f 1477/1477 1478/1478 1474/1474
f 1474/1474 1473/1473 1477/1477
f 1479/1479 1477/1477 1473/1473
f 1473/1473 1480/1480 1479/1479
f 1480/1480 1473/1473 1476/1476
f 1476/1476 1481/1481 1480/1480
f 1479/1479 1482/1482 1477/1477
f 1479/1479 1483/1483 1482/1482
f 1483/1483 1479/1479 1480/1480
f 1480/1480 1484/1484 1483/1483
f 1481/1481 1484/1484 1480/1480
f 1485/1485 1482/1482 1483/1483
f 1486/1486 1485/1485 1483/1483
f 1487/1487 1486/1486 1483/1483
f 1483/1483 1484/1484 1487/1487
f 1488/1488 1485/1485 1486/1486
f 1486/1486 1489/1489 1488/1488
f 1488/1488 1482/1482 1485/1485
f 1490/1490 1491/1491 1475/1475
f 1476/1476 1475/1475 1491/1491
f 1492/1492 1493/1493 1490/1490
f 1491/1491 1490/1490 1493/1493
f 1493/1493 1494/1494 1491/1491
f 1495/1495 1491/1491 1494/1494
f 1491/1491 1495/1495 1476/1476
f 1481/1481 1476/1476 1495/1495
f 1496/1496 1494/1494 1493/1493
f 1497/1497 1494/1494 1496/1496
f 1494/1494 1497/1497 1495/1495
f 1484/1484 1495/1495 1497/1497
f 1484/1484 1481/1481 1495/1495
f 1496/1496 1498/1498 1497/1497
f 1498/1498 1486/1486 1497/1497
f 1486/1486 1487/1487 1497/1497
f 1484/1484 1497/1497 1487/1487
f 1486/1486 1498/1498 1499/1499
f 1499/1499 1489/1489 1486/1486
f 1496/1496 1499/1499 1498/1498
f 1500/1500 1501/1501 1502/1502
f 1501/1501 1500/1500 1503/1503
f 1504/1504 1505/1505 1506/1506
f 1506/1506 1507/1507 1504/1504

