mtllib common_dress_male_85492.mtl

g common_dress_male_85492
v 6.618530 -0.392390 53.021690
v 5.840817 -0.387534 56.504780
v 3.260588 -4.441236 56.365480
v 3.990286 -4.938425 53.094940
v 9.875814 0.909869 37.816820
v 9.166430 1.791526 30.556320
v 7.987892 4.417274 32.825930
v 7.564284 4.716499 39.110950
v 1.695033 -0.404422 41.769710
v 3.460131 4.395275 43.062010
v 3.818464 5.173604 38.962960
v 1.968374 0.018076 38.735460
v 4.315199 4.003210 52.908290
v 3.366023 2.963027 56.641620
v 7.328868 -0.283986 50.146890
v 4.396037 -5.127213 50.401030
v 4.914825 4.759085 32.648700
v 2.768172 0.704308 34.047620
v 8.213784 -2.971372 35.625120
v 6.863969 -4.678630 42.239260
v 3.428092 -4.562953 40.213520
v 4.407003 -3.262752 35.109220
v 7.956563 -1.227149 31.074480
v 5.230688 -1.359790 30.828350
v 9.186305 7.623695 22.768310
v 8.279622 4.585625 30.193830
v 10.906540 3.876693 22.061200
v 6.046830 7.740308 22.538620
v 5.577874 4.990677 29.949380
v 6.347253 1.312398 20.964570
v 9.329999 1.537918 21.376190
v 8.031730 -1.037511 29.935920
v 5.455726 -1.114250 29.656620
v 1.968374 0.018076 38.735460
v 2.737590 -5.174849 44.484010
v 1.695033 -0.404422 41.769710
v 0.967217 -4.535027 47.347830
v -0.064281 -5.394772 47.754830
v -0.064281 -1.004953 45.995340
v 0.342866 -1.049613 45.940290
v 4.353115 3.496927 21.350470
v 4.525716 2.587126 27.702370
v -0.064281 -4.892911 56.267700
v -0.064281 -5.223748 52.769940
v 5.864826 -5.057997 46.250710
v 8.868808 0.290541 45.172870
v 6.359510 4.078089 44.348210
v 0.342866 -1.049613 45.940290
v 2.195677 3.372450 46.009750
v 4.525716 2.587126 27.702370
v 4.353115 3.496927 21.350470
v 10.180100 5.275756 5.162974
v 8.669191 3.089120 5.676129
v 11.147290 2.551841 3.011290
v 9.018017 1.047020 4.146092
v 8.443759 -4.293380 1.224787
v 7.163691 -1.185759 1.702082
v 8.141371 -4.812060 -0.065928
v 6.595203 -0.913735 -0.065937
v 9.659464 -1.203719 2.961238
v 12.498160 -0.501377 1.988806
v 10.677560 -5.845269 -0.065548
v 12.736640 -3.897515 -0.065227
v 10.523370 -5.188567 1.339019
v 12.242650 -3.594109 1.200352
v 13.212870 -0.146935 -0.065228
v 11.134110 5.567501 -0.065256
v 6.225241 4.844923 -0.065945
v 11.134110 5.567501 -0.065256
v 6.595203 -0.913735 -0.065937
v 13.212870 -0.146935 -0.065228
v 10.024560 8.733328 -0.065349
v 6.257842 8.168106 -0.065807
v 10.024560 8.733328 -0.065349
v 9.102753 7.962883 5.287441
v 7.457419 7.865067 5.164019
v 6.257842 8.168106 -0.065807
v 6.558903 5.170032 4.874506
v 6.225241 4.844923 -0.065945
v 6.868545 2.063976 3.028299
v 8.141371 -4.812060 -0.065928
v 12.736640 -3.897515 -0.065227
v 9.376178 8.047598 22.849370
v 9.102753 7.962883 5.287441
v 5.841827 8.178878 22.590780
v 7.457419 7.865067 5.164019
v 1.491856 3.678179 80.493450
v 1.859807 3.969503 82.259520
v 2.693278 2.922009 81.917850
v 2.555691 2.219923 80.012990
v -0.064296 4.270740 80.694870
v -0.064298 4.565422 82.570370
v 2.055857 0.301636 78.828580
v 2.088428 0.749900 75.622700
v 2.818283 2.876104 76.900380
v 1.964316 4.343755 77.735640
v -0.064295 4.898996 78.096830
v -0.064277 -0.037245 75.004140
v -0.064275 -0.835215 77.657810
v 4.379764 0.040254 75.691660
v 2.088428 0.749900 75.622700
v -0.064277 -0.037245 75.004140
v -0.064272 -1.495758 74.757600
v 18.941430 1.762581 50.192680
v 17.595050 1.658786 49.627050
v 17.842710 1.397646 48.734950
v 19.204940 1.581824 49.259380
v 19.306670 5.351563 49.977030
v 19.739720 3.613208 50.307950
v 20.080900 3.566039 49.484730
v 19.688100 5.238436 49.161600
v 17.575280 3.552570 48.369310
v 17.194050 3.617327 49.190910
v 17.844320 5.494626 49.408840
v 18.409830 5.421938 48.578960
v 17.575280 3.552570 48.369310
v 17.194050 3.617327 49.190910
v 21.446720 5.495508 45.729300
v 20.224590 5.636412 44.960250
v 21.078990 0.962578 45.501800
v 22.080600 3.223803 45.534580
v 17.189820 1.302187 46.900900
v 17.465380 0.667740 45.265680
v 18.792010 -0.222013 45.434830
v 18.443870 0.379199 47.161340
v 19.033730 0.144420 43.633930
v 19.752290 1.209344 43.930770
v 19.744680 1.041519 44.883680
v 17.945330 0.775743 43.651170
v 17.465380 0.667740 45.265680
v 19.744680 1.041519 44.883680
v 19.752290 1.209344 43.930770
v 19.314550 1.061070 41.728400
v 19.735480 1.711673 42.402340
v 19.735480 1.711673 42.402340
v 18.437080 1.336392 41.907150
v 20.225690 5.297577 42.893990
v 21.219060 5.174323 42.649560
v 21.875730 2.890194 42.574980
v 19.209570 4.287297 40.699510
v 19.906440 4.188908 40.324070
v 20.188750 2.429000 39.751530
v 20.007310 0.740937 42.938100
v 21.059160 0.772450 42.760510
v 19.295080 0.547184 40.218690
v 19.900680 0.619989 39.924940
v 19.295080 0.547184 40.218690
v 20.007310 0.740937 42.938100
v 19.906440 4.188908 40.324070
v 20.188750 2.429000 39.751530
v 17.945330 0.775743 43.651170
v 18.437080 1.336392 41.907150
v 1.964316 4.343755 77.735640
v 2.818283 2.876104 76.900380
v 4.595094 2.794270 76.468760
v 2.990440 5.130342 76.764080
v -0.064295 4.898996 78.096830
v -0.060398 6.025654 76.676060
v -6.747093 -0.392394 53.021690
v -4.118848 -4.938428 53.094930
v -3.389150 -4.913938 56.365480
v -5.969380 -0.387535 56.504780
v -10.004380 0.909854 37.816820
v -7.692854 4.716489 39.110940
v -8.116464 4.417261 32.825920
v -9.294998 1.791515 30.556320
v -1.823597 -0.404430 41.769720
v -2.096940 0.018065 38.735470
v -3.947034 5.173594 38.962940
v -3.588699 4.395267 43.062000
v -3.494586 2.963027 56.641620
v -4.443764 4.003207 52.908300
v -7.457431 -0.283989 50.146890
v -4.524598 -5.127214 50.401030
v -2.896740 0.704296 34.047620
v -5.043398 4.759073 32.648680
v -8.342348 -2.971386 35.625140
v -4.535566 -3.262764 35.109240
v -3.556654 -4.562964 40.213550
v -6.992529 -4.678641 42.239280
v -8.085135 -1.227161 31.074490
v -5.359262 -1.359806 30.828360
v -9.314857 7.623683 22.768310
v -11.035100 3.876687 22.061200
v -8.408180 4.585616 30.193830
v -5.706430 4.990657 29.949380
v -6.175383 7.740284 22.538610
v -6.475830 1.312374 20.964570
v -5.584299 -1.114267 29.656630
v -8.160303 -1.037523 29.935930
v -9.458574 1.537906 21.376190
v -2.096940 0.018065 38.735470
v -1.823597 -0.404430 41.769720
v -2.866149 -5.174858 44.484030
v -1.095779 -4.535027 47.347830
v -0.471429 -1.049613 45.940290
v -4.481684 3.496895 21.350470
v -4.654284 2.587101 27.702370
v -8.997372 0.290532 45.172870
v -5.993386 -5.058007 46.250740
v -6.488079 4.078080 44.348190
v -2.324242 3.372447 46.009750
v -0.471429 -1.049613 45.940290
v -4.481684 3.496895 21.350470
v -4.654284 2.587101 27.702370
v -9.146587 1.047002 4.146097
v -8.797770 3.089097 5.676134
v -11.275870 2.551813 3.011286
v -10.308670 5.275733 5.162972
v -6.723768 -0.913735 -0.065929
v -7.292256 -1.185763 1.702090
v -8.269932 -4.812064 -0.065926
v -8.572321 -4.293387 1.224789
v -12.626730 -0.501414 1.988802
v -9.788033 -1.203739 2.961240
v -12.371210 -3.594143 1.200352
v -12.865210 -3.897553 -0.065227
v -10.651930 -5.188588 1.339020
v -10.806120 -5.845291 -0.065548
v -11.262690 5.567472 -0.065260
v -13.341440 -0.146976 -0.065233
v -13.341440 -0.146976 -0.065233
v -11.262690 5.567472 -0.065260
v -6.723768 -0.913735 -0.065929
v -6.353816 4.844918 -0.065931
v -6.386421 8.168101 -0.065795
v -10.153140 8.733303 -0.065351
v -9.231327 7.962860 5.287441
v -10.153140 8.733303 -0.065351
v -6.353816 4.844918 -0.065931
v -6.386421 8.168101 -0.065795
v -6.687478 5.170010 4.874510
v -7.585993 7.865044 5.164020
v -6.997114 2.063969 3.028311
v -12.865210 -3.897553 -0.065227
v -8.269932 -4.812064 -0.065926
v -7.585993 7.865044 5.164020
v -9.231327 7.962860 5.287441
v -5.970378 8.178853 22.590770
v -9.504728 8.047585 22.849360
v -1.620443 3.678168 80.493450
v -2.684267 2.219905 80.012970
v -2.821862 2.921989 81.917850
v -1.988399 3.969489 82.259520
v -2.946857 2.876084 76.900380
v -2.216987 0.749885 75.622710
v -2.184417 0.301621 78.828580
v -2.092901 4.343741 77.735630
v -4.284004 -0.042584 75.263230
v -2.216987 0.749885 75.622710
v -19.070000 1.762550 50.192690
v -19.334130 1.580546 49.252080
v -17.971740 1.397454 48.732100
v -17.723630 1.658753 49.627060
v -19.435250 5.351530 49.977020
v -19.816680 5.238402 49.161600
v -20.209480 3.566005 49.484730
v -19.868300 3.613182 50.307950
v -17.704030 3.553985 48.368660
v -17.322620 3.617295 49.190920
v -17.972900 5.494592 49.408840
v -17.322620 3.617295 49.190920
v -17.704030 3.553985 48.368660
v -18.538410 5.421904 48.578960
v -21.575300 5.495470 45.729300
v -20.353170 5.636375 44.960250
v -21.207570 0.962541 45.501810
v -22.209180 3.223769 45.534580
v -17.318400 1.302153 46.900910
v -18.572440 0.379164 47.161350
v -18.920590 -0.222049 45.434830
v -17.593960 0.667710 45.265690
v -19.873260 1.041482 44.883680
v -19.880870 1.209305 43.930790
v -19.162310 0.144381 43.633960
v -18.073900 0.775704 43.651200
v -19.880870 1.209305 43.930790
v -19.873260 1.041482 44.883680
v -17.593960 0.667710 45.265690
v -19.864050 1.711633 42.402350
v -19.443130 1.061030 41.728420
v -19.864050 1.711633 42.402350
v -18.565660 1.336371 41.907180
v -20.354260 5.297541 42.893990
v -21.347630 5.174285 42.649560
v -22.004300 2.890154 42.574970
v -19.338150 4.287260 40.699520
v -20.035020 4.188870 40.324070
v -20.317330 2.428960 39.751530
v -21.187730 0.772411 42.760500
v -20.135880 0.740900 42.938090
v -20.029250 0.619949 39.924930
v -19.423650 0.547145 40.218690
v -20.135880 0.740900 42.938090
v -19.423650 0.547145 40.218690
v -20.317330 2.428960 39.751530
v -20.035020 4.188870 40.324070
v -18.565660 1.336371 41.907180
v -18.073900 0.775704 43.651200
v -2.092901 4.343741 77.735630
v -3.111231 5.130322 76.764080
v -4.715869 2.794234 76.468770
v -2.946857 2.876084 76.900380
v -0.060370 -2.366216 74.267470
v 2.530814 -1.524531 74.606820
v 4.150298 1.602632 30.092110
v 4.150298 1.602632 30.092110
v -0.064282 4.622674 48.438220
v 4.658628 4.263406 48.379120
v 2.202317 -5.343555 49.893410
v -0.064281 -1.004953 45.995340
v 2.768172 0.704308 34.047620
v -0.064282 3.750181 56.664670
v -0.064282 5.060582 52.517290
v 8.025955 9.496580 -0.065586
v 8.025955 9.496580 -0.065586
v 7.457419 7.865067 5.164019
v 6.257842 8.168106 -0.065807
v 10.677560 -5.845269 -0.065548
v 9.537932 1.196384 21.282150
v 6.180040 0.942500 20.818760
v 8.669191 3.089120 5.676129
v 10.180100 5.275756 5.162974
v 11.312760 3.829318 22.053310
v 6.558903 5.170032 4.874506
v 3.935085 3.401786 21.253200
v 3.935085 3.401786 21.253200
v 6.558903 5.170032 4.874506
v 9.376178 8.047598 22.849370
v 5.841827 8.178878 22.590780
v 7.712278 4.275262 21.579040
v 6.180040 0.942500 20.818760
v 9.537932 1.196384 21.282150
v 11.312760 3.829318 22.053310
v 3.935085 3.401786 21.253200
v 3.935085 3.401786 21.253200
v 2.443474 0.981092 80.376660
v 2.936264 1.636846 81.784480
v 17.721480 3.526742 46.960460
v 17.189820 1.302187 46.900900
v 19.314550 1.061070 41.728400
v 19.900680 0.619989 39.924940
v -2.651560 -1.524548 74.606830
v -4.278867 1.602613 30.092110
v -4.278867 1.602613 30.092110
v -4.787193 4.263403 48.379110
v -2.330880 -5.343555 49.893410
v -2.896740 0.704296 34.047620
v -8.154536 9.496566 -0.065581
v -7.585993 7.865044 5.164020
v -8.154536 9.496566 -0.065581
v -6.386421 8.168101 -0.065795
v -10.806120 -5.845291 -0.065548
v -8.797770 3.089097 5.676134
v -6.308619 0.942476 20.818760
v -9.666510 1.196372 21.282160
v -10.308670 5.275733 5.162972
v -11.441330 3.829313 22.053320
v -6.687478 5.170010 4.874510
v -4.063655 3.401753 21.253190
v -6.687478 5.170010 4.874510
v -4.063655 3.401753 21.253190
v -7.840844 4.275243 21.579040
v -5.970378 8.178853 22.590770
v -9.504728 8.047585 22.849360
v -9.666510 1.196372 21.282160
v -6.308619 0.942476 20.818760
v -11.441330 3.829313 22.053320
v -4.063655 3.401753 21.253190
v -4.063655 3.401753 21.253190
v -2.572041 0.981074 80.376660
v -3.064838 1.636825 81.784480
v -17.850060 3.526711 46.960460
v -17.318400 1.302153 46.900910
v -19.443130 1.061030 41.728420
v -20.029250 0.619949 39.924930
v -8.878121 13.141250 53.360100
v -7.842485 13.460680 53.078940
v -7.611228 12.987270 53.002080
v -8.880885 12.929200 53.324220
v -7.842485 13.460680 53.078940
v -7.842485 13.555680 52.244380
v -7.655077 13.145660 52.101730
v -7.611228 12.987270 53.002080
v -8.170802 12.557850 55.070880
v -12.555690 12.499580 55.424560
v -12.250900 11.922880 56.632110
v -7.693841 11.925780 56.615650
v -12.860470 12.370660 54.092610
v -8.647763 12.492250 53.403060
v -7.788381 11.352730 59.788590
v -6.963235 11.179250 59.405660
v -9.136180 11.447890 57.882130
v -9.558693 11.532710 58.559130
v -8.371811 11.068070 60.036200
v -10.138450 11.267340 58.906060
v -11.554840 12.363680 52.688430
v -10.821000 12.455650 53.533600
v -8.958009 12.809320 51.527880
v -9.411128 12.717020 50.684570
v -5.962357 12.908810 50.963600
v -5.962359 12.868040 49.828040
v -8.170806 11.860180 54.947860
v -7.693841 11.925780 56.615650
v -12.250900 11.922880 56.632110
v -12.555690 11.793970 55.300140
v -12.860470 12.370660 54.092610
v -8.647763 12.492250 53.403060
v -7.788384 10.885270 59.706160
v -9.558692 11.136640 58.489300
v -9.136180 11.447890 57.882130
v -6.963235 11.179250 59.405660
v -8.371811 11.068070 60.036200
v -10.138450 11.267340 58.906060
v -11.554840 12.363680 52.688430
v -9.411128 12.717020 50.684570
v -8.958003 12.341850 51.445460
v -10.821000 11.988190 53.451180
v -5.962359 12.868040 49.828040
v -5.962360 12.441350 50.881170
v -3.046592 13.141250 53.360100
v -3.043830 12.929200 53.324220
v -4.313491 12.987270 53.002080
v -4.082233 13.460680 53.078940
v -4.082233 13.460680 53.078940
v -4.313491 12.987270 53.002080
v -4.269640 13.145660 52.101730
v -4.082234 13.555680 52.244380
v -3.548800 12.611660 55.080370
v -4.025766 11.979590 56.625160
v 0.326186 11.976690 56.641610
v 0.630979 12.553390 55.434040
v 0.935764 12.424480 54.102100
v -3.071842 12.546060 53.412560
v -4.136333 11.352730 59.788590
v -2.366026 11.532710 58.559130
v -2.788533 11.447890 57.882130
v -4.961482 11.179250 59.405660
v -3.552909 11.068070 60.036200
v -1.786272 11.267350 58.906060
v -0.369884 12.363680 52.688430
v -2.513593 12.717020 50.684570
v -2.966706 12.809320 51.527880
v -1.103707 12.455650 53.533600
v -3.548802 11.913990 54.957350
v 0.630980 11.847780 55.309630
v 0.326186 11.976690 56.641610
v -4.025766 11.979590 56.625160
v 0.935764 12.424480 54.102100
v -3.071842 12.546060 53.412560
v -4.136332 10.885270 59.706160
v -4.961482 11.179250 59.405660
v -2.788533 11.447890 57.882130
v -2.366028 11.136640 58.489300
v -3.552909 11.068070 60.036200
v -1.786272 11.267350 58.906060
v -0.369884 12.363680 52.688430
v -1.103707 11.988190 53.451180
v -2.966706 12.341850 51.445460
v -2.513593 12.717020 50.684570
v -7.611228 12.987270 53.002080
v -5.962362 12.284810 57.131390
v -8.753364 12.278320 57.079510
v -5.962362 11.698550 60.400840
v -8.880885 12.929200 53.324220
v -5.962359 13.077760 52.591970
v -7.655077 13.145660 52.101730
v -5.962358 13.694680 49.108150
v -8.597029 13.162140 52.094450
v -10.027160 13.032880 52.799540
v -8.753364 12.278320 57.079510
v -5.962360 13.097720 57.256820
v -7.842485 13.460680 53.078940
v -5.962362 11.698550 60.400840
v -8.878121 13.141250 53.360100
v -5.962358 13.891620 52.735400
v -7.842485 13.555680 52.244380
v -5.962358 13.694680 49.108150
v -8.597029 13.162140 52.094450
v -10.027160 13.032880 52.799540
v -7.655077 13.145660 52.101730
v -7.842485 13.555680 52.244380
v -8.597029 13.162140 52.094450
v -10.027160 13.032880 52.799540
v -13.774880 12.459880 55.649680
v -15.024550 12.317740 54.392750
v -14.750240 12.088550 55.692510
v -12.789380 11.229520 60.564370
v -14.475930 11.859370 56.992320
v -14.597830 12.857610 51.331000
v -6.613017 10.564000 62.894910
v -10.133290 11.818580 55.779850
v -9.071769 12.286180 53.127930
v -5.962361 12.482120 52.016730
v -11.128380 12.043290 55.872220
v -11.374250 11.493920 57.621050
v -12.247440 11.807520 55.842560
v -13.774880 11.754270 55.525270
v -15.024550 12.317740 54.392750
v -14.750240 12.088550 55.692510
v -12.789380 11.229520 60.564370
v -14.475930 11.859370 56.992320
v -14.597830 12.857610 51.331000
v -6.613017 10.564000 62.894910
v -10.133290 11.818580 55.779850
v -9.071769 12.286180 53.127930
v -5.962361 12.482120 52.016730
v -11.128380 11.575830 55.789790
v -11.374250 11.493920 57.621050
v -12.247440 11.807520 55.842560
v -4.313491 12.987270 53.002080
v -3.171355 12.278320 57.079510
v -3.043830 12.929200 53.324220
v -4.269640 13.145660 52.101730
v -3.327685 13.162140 52.094450
v -1.897565 13.032880 52.799540
v -3.171355 12.278320 57.079510
v -4.082233 13.460680 53.078940
v -3.046592 13.141250 53.360100
v -4.082234 13.555680 52.244380
v -3.327685 13.162140 52.094450
v -1.897565 13.032880 52.799540
v -4.269640 13.145660 52.101730
v -3.327685 13.162140 52.094450
v -4.082234 13.555680 52.244380
v -1.897565 13.032880 52.799540
v 1.850166 12.513690 55.659170
v 3.099837 12.371560 54.402240
v 2.825530 12.142370 55.702000
v 0.864661 11.283330 60.573860
v 2.551226 11.913180 57.001800
v 2.673112 12.911420 51.340500
v -5.311701 10.564000 62.894910
v -1.791429 11.818580 55.779850
v -2.852944 12.286180 53.127930
v -0.796342 12.043290 55.872230
v -0.550471 11.493930 57.621050
v 0.322731 11.807520 55.842560
v 1.850164 11.808090 55.534760
v 3.099837 12.371560 54.402240
v 2.825530 12.142370 55.702000
v 0.864661 11.283330 60.573860
v 2.551226 11.913180 57.001800
v 2.673112 12.911420 51.340500
v -5.311701 10.564000 62.894910
v -1.791429 11.818580 55.779850
v -2.852944 12.286180 53.127930
v -0.796342 11.575830 55.789790
v -0.550471 11.493930 57.621050
v 0.322731 11.807520 55.842560
v 9.780619 -6.165625 67.139050
v 10.549590 -5.256438 67.916610
v 7.390189 -4.949800 72.438100
v 6.882513 -5.534892 71.697720
v 9.871016 -5.261123 63.930110
v 11.750950 -4.884556 62.736510
v 13.668300 -5.284529 64.950150
v 15.021450 -3.284182 70.309490
v 12.276960 -3.021976 71.033650
v 10.549590 -5.256438 67.916610
v 12.276960 -3.021976 71.033650
v 15.682930 -2.544441 68.331560
v 14.851060 -3.872009 63.880440
v 17.765720 -0.828771 60.881070
v 19.325040 -0.926208 62.586140
v 16.142430 -2.724708 66.524400
v 14.863650 -2.388337 64.685540
v 16.381030 -2.138628 68.024870
v 9.381238 -3.455428 72.084820
v 8.851421 -4.490442 72.207530
v 20.594330 7.073482 72.862750
v 21.148540 4.119166 77.875920
v 21.961050 4.044588 72.798220
v 21.961050 4.044588 72.798220
v 21.148540 4.119166 77.875920
v 21.592270 4.078804 75.117660
v 21.050560 0.879549 73.030880
v 20.312090 1.785205 78.089410
v 19.396220 -0.479752 64.555630
v 8.051726 -4.337713 70.784580
v 20.575660 -0.229971 67.891650
v 18.208310 -2.314153 71.717830
v 21.960480 4.044168 72.782730
v 21.635660 3.068729 67.077820
v 21.959770 4.042403 72.713300
v 18.748520 -4.027354 72.586600
v 18.185250 -3.121192 74.299180
v 15.194010 -3.774147 73.132200
v 15.913100 -4.797801 71.666170
v 11.817400 -3.984814 71.492390
v 12.005260 -4.326345 70.174510
v 17.096900 -3.467277 69.901370
v 17.344660 -2.622068 69.934250
v 19.151240 -1.732855 72.769720
v 15.194010 -3.774147 73.132200
v 15.128130 -3.303231 70.462510
v 11.981840 -3.705787 69.702260
v 11.817400 -3.984814 71.492390
v 14.945830 -6.096469 73.974560
v 18.124040 -5.390244 75.715610
v 16.973350 -4.684692 76.837800
v 14.258800 -4.970540 75.276880
v 11.423110 -6.490554 71.718290
v 10.790570 -5.489216 73.467900
v 18.182820 -4.265432 74.421010
v 15.433900 -4.750369 72.483750
v 11.957380 -5.251180 70.815130
v 14.258800 -4.970540 75.276880
v 16.973350 -4.684692 76.837800
v 18.182820 -4.265432 74.421010
v 15.433900 -4.750369 72.483750
v 10.790570 -5.489216 73.467900
v 11.957380 -5.251180 70.815130
v 23.286540 4.145369 73.492180
v 22.373320 0.974308 73.882710
v 21.254870 0.713363 71.732220
v 22.363810 4.030910 71.219620
v 21.262790 1.305687 74.913120
v 22.175970 4.104781 74.680310
v 18.463800 2.271112 67.371390
v 19.070050 3.916421 74.982060
v 19.858890 3.951438 74.386930
v 21.934920 4.041775 72.751300
v 21.959770 4.042403 72.713300
v 21.635660 3.068729 67.077820
v 9.320535 11.694300 66.118160
v 5.622079 11.577250 71.233230
v 6.208113 11.098510 72.002460
v 10.088310 11.005250 67.090190
v 8.651281 11.298430 63.480610
v 12.406350 11.848160 64.485080
v 11.724130 12.513940 62.817630
v 11.337320 9.734818 70.687410
v 14.020660 10.302820 69.940690
v 10.088310 11.005250 67.090190
v 13.789050 10.546230 63.489050
v 14.791620 9.556398 68.003090
v 11.337320 9.734818 70.687410
v 18.394110 9.098501 61.766910
v 14.672450 10.168680 65.715310
v 15.227020 9.703333 66.187040
v 18.658050 8.128968 62.340350
v 8.123508 10.390720 70.654400
v 8.400398 9.852306 71.721940
v 15.543850 9.227333 67.716340
v 18.786860 7.793232 64.331090
v 7.769645 9.927429 69.600050
v 17.315120 9.812193 71.388670
v 19.979890 7.858423 67.672120
v 21.516430 4.687479 67.033890
v 17.596050 11.616020 72.143650
v 14.677050 11.980000 71.191110
v 14.226400 10.834530 72.841930
v 17.164640 10.734990 73.923070
v 10.739290 10.652440 71.095110
v 10.880110 10.948970 69.759890
v 16.051600 10.724190 69.516170
v 18.330700 9.407137 72.467330
v 16.420800 9.920604 69.593800
v 14.226400 10.834530 72.841930
v 10.739290 10.652440 71.095110
v 10.949560 10.308770 69.321850
v 14.123010 10.342590 70.092100
v 13.958090 13.107040 71.526620
v 13.372450 12.279250 73.085820
v 15.725620 12.255060 76.377980
v 16.766420 13.040060 75.207090
v 9.980384 13.095100 71.177890
v 9.674316 12.051280 72.475510
v 16.994110 11.872840 73.983000
v 14.206560 11.912360 72.031410
v 10.694840 11.889590 70.349840
v 13.372450 12.279250 73.085820
v 14.206560 11.912360 72.031410
v 16.994110 11.872840 73.983000
v 15.725620 12.255060 76.377980
v 9.674316 12.051280 72.475510
v 10.694840 11.889590 70.349840
v 20.777120 7.199528 71.556170
v 21.915670 7.187613 73.714040
v 20.860220 6.771226 74.764750
v 18.255910 5.093266 67.294780
v 21.516430 4.687479 67.033890
v 1.927229 -5.191523 75.512820
v 14.629020 -4.344745 60.617460
v 12.879930 -1.003984 75.278590
v 7.343489 -6.189857 67.837880
v 14.851060 -3.872009 63.880440
v 15.731950 0.083828 76.537900
v 15.682930 -2.544441 68.331560
v 15.057290 0.118499 72.212680
v 5.441980 -5.664762 71.270040
v 15.057290 0.118499 72.212680
v 12.879930 -1.003984 75.278590
v 13.518240 1.257346 79.422520
v 14.629020 -4.344745 60.617460
v 11.750950 -4.884556 62.736510
v 9.871016 -5.261123 63.930110
v 7.343489 -6.189857 67.837880
v 5.441980 -5.664762 71.270040
v 7.390189 -4.949800 72.438100
v 1.927229 -5.191523 75.512820
v 15.731950 0.083828 76.537900
v 15.057290 0.118499 72.212680
v 19.864530 2.614425 66.448810
v 13.518240 1.257346 79.422520
v 15.731950 0.083828 76.537900
v 19.513630 3.765354 67.755660
v 19.513630 3.765354 67.755660
v 20.547510 4.924258 64.645850
v 20.547510 4.924258 64.645850
v 23.813850 3.885411 61.640470
v 19.864530 2.614425 66.448810
v 23.813850 3.885411 61.640470
v 13.518240 1.257346 79.422520
v 4.270948 -3.772051 74.975310
v 20.630440 2.626429 56.022090
v 20.744910 2.727711 60.227460
v 12.385210 -4.217122 78.030230
v 17.692090 -0.999505 76.439010
v 18.573740 -0.443291 77.499300
v 18.652580 4.137258 84.958860
v 17.604270 0.141728 79.596580
v 17.676170 -1.397997 74.535880
v 14.442010 -2.407479 77.476630
v 8.864206 -4.108177 68.645970
v 11.981840 -3.705787 69.702260
v 15.128130 -3.303231 70.462510
v 20.234920 -0.239477 76.334060
v 15.951280 -2.759558 68.284740
v 19.151240 -1.732855 72.769720
v 18.185250 -3.121192 74.299180
v 20.234920 -0.239477 76.334060
v 17.344660 -2.622068 69.934250
v 8.864206 -4.108177 68.645970
v 15.951280 -2.759558 68.284740
v 19.624160 -3.827826 79.788550
v 19.054960 -4.172498 76.563770
v 9.877743 -5.653512 71.487820
v 8.938383 -5.871033 68.756520
v 19.054960 -4.172498 76.563770
v 19.624160 -3.827826 79.788550
v 8.938383 -5.871033 68.756520
v 9.877743 -5.653512 71.487820
v 18.260370 -1.861176 75.916700
v 17.765720 -0.828771 60.881070
v 14.863650 -2.388337 64.685540
v 16.504000 -1.691518 65.514340
v 20.630440 2.626429 56.022090
v 19.795620 3.389405 61.744300
v 8.051726 -4.337713 70.784580
v 9.381238 -3.455428 72.084820
v 20.744910 2.727711 60.227460
v 16.381030 -2.138628 68.024870
v 12.385210 -4.217122 78.030230
v 17.676170 -1.397997 74.535880
v 17.692090 -0.999505 76.439010
v 14.442010 -2.407479 77.476630
v 17.604270 0.141728 79.596580
v 4.270948 -3.772051 74.975310
v 18.652580 4.137258 84.958860
v 1.927166 11.584640 74.075320
v 14.878530 12.232170 61.006400
v 11.630950 8.014538 76.178830
v 7.343465 10.578520 66.688120
v 13.789050 10.546230 63.489050
v 15.195540 7.366490 76.340240
v 14.499210 7.277938 73.196560
v 14.791620 9.556398 68.003090
v 5.441914 10.914460 69.295170
v 14.499210 7.277938 73.196560
v 12.424820 6.621772 79.579970
v 11.630950 8.014538 76.178830
v 14.878530 12.232170 61.006400
v 11.724130 12.513940 62.817630
v 8.651281 11.298430 63.480610
v 7.343465 10.578520 66.688120
v 5.441914 10.914460 69.295170
v 6.208113 11.098510 72.002460
v 1.927166 11.584640 74.075320
v 15.195540 7.366490 76.340240
v 19.697320 4.883681 66.381880
v 14.499210 7.277938 73.196560
v 12.424820 6.621772 79.579970
v 15.195540 7.366490 76.340240
v 20.547510 4.924258 64.645850
v 19.513630 3.765354 67.755660
v 20.547510 4.924258 64.645850
v 23.813850 3.885411 61.640470
v 19.697320 4.883681 66.381880
v 12.424820 6.621772 79.579970
v 4.270895 9.945143 73.341370
v 20.495820 4.454165 55.972490
v 20.608810 4.575546 60.177300
v 11.549300 12.051190 75.963820
v 19.977030 6.334072 77.965930
v 16.979170 8.679363 76.176270
v 21.148540 4.119166 77.875920
v 21.592270 4.078804 75.117660
v 21.961050 4.044588 72.798220
v 17.420840 8.591221 77.934040
v 17.047940 7.694777 79.391570
v 16.911920 8.977850 74.254240
v 13.785070 10.377660 75.852670
v 8.300483 10.200340 68.590870
v 10.949560 10.308770 69.321850
v 14.123010 10.342590 70.092100
v 19.610260 8.241137 76.103850
v 15.026130 9.800601 67.943800
v 18.330700 9.407137 72.467330
v 19.610260 8.241137 76.103850
v 17.164640 10.734990 73.923070
v 16.420800 9.920604 69.593800
v 8.300483 10.200340 68.590870
v 15.026130 9.800601 67.943800
v 18.767470 12.844870 77.670790
v 17.864030 11.995880 76.124890
v 8.573015 12.059970 71.007000
v 7.620376 12.022750 68.270800
v 17.864030 11.995880 76.124890
v 18.767470 12.844870 77.670790
v 7.620376 12.022750 68.270800
v 8.573015 12.059970 71.007000
v 17.417840 9.577453 75.606210
v 18.394110 9.098501 61.766910
v 16.322740 9.676941 66.698300
v 14.672450 10.168680 65.715310
v 20.495820 4.454165 55.972490
v 19.647990 6.276555 61.695850
v 7.769645 9.927429 69.600050
v 8.400398 9.852306 71.721940
v 20.608810 4.575546 60.177300
v 15.543850 9.227333 67.716340
v 11.549300 12.051190 75.963820
v 16.911920 8.977850 74.254240
v 16.979170 8.679363 76.176270
v 17.047940 7.694777 79.391570
v 13.785070 10.377660 75.852670
v 4.270895 9.945143 73.341370
v -9.908832 -6.165664 67.139130
v -7.010749 -5.534926 71.697760
v -7.518431 -4.949831 72.438150
v -10.677810 -5.256475 67.916690
v -9.999247 -5.261170 63.930160
v -13.796530 -5.284576 64.950190
v -11.879180 -4.884605 62.736550
v -12.405200 -3.022012 71.033690
v -15.149680 -3.284222 70.309520
v -10.677810 -5.256475 67.916690
v -14.979290 -3.872059 63.880480
v -15.811170 -2.544485 68.331590
v -12.405200 -3.022012 71.033690
v -17.893970 -0.828826 60.881090
v -14.991890 -2.388383 64.685570
v -16.270680 -2.724754 66.524430
v -19.453290 -0.926261 62.586170
v -8.979645 -4.490503 72.207530
v -9.509493 -3.455458 72.084890
v -16.509280 -2.138672 68.024900
v -20.722610 7.073444 72.862740
v -22.089320 4.044576 72.798230
v -21.276810 4.119156 77.875920
v -21.720540 4.078793 75.117660
v -21.276810 4.119156 77.875920
v -22.089320 4.044576 72.798230
v -21.178820 0.879509 73.030900
v -20.440350 1.785169 78.089420
v -19.524470 -0.479803 64.555660
v -8.179955 -4.337772 70.784580
v -18.336560 -2.314193 71.717860
v -20.703910 -0.230016 67.891660
v -22.088750 4.044156 72.782740
v -22.088040 4.042433 72.713300
v -21.763930 3.068676 67.077840
v -18.876750 -4.027394 72.586620
v -16.041330 -4.797841 71.666210
v -15.322240 -3.774171 73.132270
v -18.313490 -3.121227 74.299210
v -11.945620 -3.984857 71.492370
v -12.133500 -4.326385 70.174550
v -17.225140 -3.467317 69.901430
v -19.279490 -1.732896 72.769740
v -17.472900 -2.622110 69.934270
v -15.322240 -3.774171 73.132270
v -11.945620 -3.984857 71.492370
v -12.110080 -3.705826 69.702300
v -15.256370 -3.303269 70.462550
v -15.074040 -6.096494 73.974630
v -14.387020 -4.970561 75.276950
v -17.101590 -4.684724 76.837830
v -18.252280 -5.390283 75.715640
v -11.551320 -6.490595 71.718280
v -10.918790 -5.489240 73.467960
v -18.311060 -4.265467 74.421040
v -15.562130 -4.750406 72.483780
v -12.085610 -5.251218 70.815170
v -14.387020 -4.970561 75.276950
v -15.562130 -4.750406 72.483780
v -18.311060 -4.265467 74.421040
v -17.101590 -4.684724 76.837830
v -10.918790 -5.489240 73.467960
v -12.085610 -5.251218 70.815170
v -23.414810 4.145361 73.492190
v -22.492090 4.030855 71.219610
v -21.383130 0.713322 71.732230
v -22.501580 0.974270 73.882710
v -21.391050 1.305649 74.913130
v -22.304240 4.104771 74.680310
v -18.592060 2.271065 67.371400
v -22.063190 4.041763 72.751300
v -19.987170 3.951423 74.386930
v -19.198320 3.916434 74.982060
v -22.088040 4.042433 72.713300
v -21.763930 3.068676 67.077840
v -10.330660 10.752340 66.684650
v -11.038550 10.025030 67.680860
v -6.336421 11.098490 72.002430
v -5.750389 11.577230 71.233200
v -9.661710 10.363880 64.016570
v -11.589600 10.031810 62.847290
v -12.534660 11.848120 64.485050
v -14.148960 10.302790 69.940660
v -11.465620 9.734789 70.687380
v -11.038550 10.025030 67.680860
v -11.465620 9.734789 70.687380
v -15.639290 8.287102 68.663790
v -14.760360 9.286116 64.083530
v -17.944040 6.237302 61.272330
v -18.786340 8.128917 62.340330
v -16.108610 8.384142 66.831820
v -14.872510 7.851609 64.992320
v -16.373130 7.906003 68.384630
v -8.528700 9.852278 71.721920
v -8.251810 10.390690 70.654370
v -18.915150 7.793186 64.331070
v -8.179971 9.205695 69.886190
v -20.108180 7.858380 67.672100
v -17.443420 9.812157 71.388660
v -21.644710 4.687434 67.033890
v -17.724350 11.615980 72.143620
v -17.292940 10.734960 73.923030
v -14.354700 10.834500 72.841900
v -14.805360 11.979970 71.191080
v -10.867590 10.652400 71.095080
v -11.008410 10.948940 69.759860
v -16.179900 10.724160 69.516140
v -16.549100 9.920567 69.593780
v -18.459000 9.407104 72.467320
v -14.354700 10.834500 72.841900
v -14.251310 10.342560 70.092070
v -11.824600 9.300326 69.950850
v -10.867590 10.652400 71.095080
v -14.086420 13.107020 71.526600
v -16.894730 13.040030 75.207050
v -15.853930 12.255040 76.377940
v -13.500780 12.279230 73.085820
v -10.108700 13.095070 71.177860
v -9.802628 12.051260 72.475470
v -17.122420 11.872810 73.982970
v -14.334870 11.912330 72.031370
v -10.823150 11.889560 70.349810
v -13.500780 12.279230 73.085820
v -15.853930 12.255040 76.377940
v -17.122420 11.872810 73.982970
v -14.334870 11.912330 72.031370
v -9.802628 12.051260 72.475470
v -10.823150 11.889560 70.349810
v -22.043960 7.187578 73.714030
v -20.905400 7.199491 71.556150
v -20.988500 6.771193 74.764730
v -18.384190 5.093224 67.294780
v -21.644710 4.687434 67.033890
v -2.055447 -5.191536 75.512820
v -14.757250 -4.344799 60.617500
v -13.008180 -1.004003 75.278630
v -7.471719 -6.263504 67.576740
v -14.979290 -3.872059 63.880480
v -15.860210 0.083796 76.537920
v -15.185550 0.118462 72.212690
v -15.811170 -2.544485 68.331590
v -5.570199 -5.664800 71.270040
v -15.185550 0.118462 72.212690
v -13.646500 1.257339 79.422560
v -13.008180 -1.004003 75.278630
v -14.757250 -4.344799 60.617500
v -11.879180 -4.884605 62.736550
v -9.999247 -5.261170 63.930160
v -7.471719 -6.263504 67.576740
v -5.570199 -5.664800 71.270040
v -7.518431 -4.949831 72.438150
v -2.055447 -5.191536 75.512820
v -15.860210 0.083796 76.537920
v -19.964740 2.994866 66.435820
v -15.185550 0.118462 72.212690
v -13.646500 1.257339 79.422560
v -19.641900 3.765356 67.755660
v -20.675800 4.924366 64.645770
v -19.641900 3.765356 67.755660
v -20.675800 4.924366 64.645770
v -23.942120 3.885335 61.640480
v -13.646500 1.257339 79.422560
v -4.399176 -3.772083 74.975310
v -20.758710 2.626367 56.022110
v -20.873180 2.727651 60.227460
v -12.513440 -4.217137 78.030300
v -17.820340 -0.999537 76.439030
v -18.701990 -0.443305 77.499340
v -18.780860 4.137255 84.958850
v -17.732530 0.141704 79.596600
v -17.804420 -1.398032 74.535900
v -14.570240 -2.407493 77.476690
v -8.680091 -4.730555 69.789860
v -12.110080 -3.705826 69.702300
v -15.256370 -3.303269 70.462550
v -20.363170 -0.239510 76.334080
v -16.079520 -2.759602 68.284770
v -19.279490 -1.732896 72.769740
v -20.363170 -0.239510 76.334080
v -18.313490 -3.121227 74.299210
v -17.472900 -2.622110 69.934270
v -8.680091 -4.730555 69.789860
v -16.079520 -2.759602 68.284770
v -19.752390 -3.827839 79.788610
v -19.183200 -4.172532 76.563800
v -10.005980 -5.653548 71.487850
v -9.066614 -5.871073 68.756560
v -19.183200 -4.172532 76.563800
v -19.752390 -3.827839 79.788610
v -9.066614 -5.871073 68.756560
v -10.005980 -5.653548 71.487850
v -18.388620 -1.861210 75.916730
v -17.893970 -0.828826 60.881090
v -16.632250 -1.691566 65.514370
v -14.991890 -2.388383 64.685570
v -20.758710 2.626367 56.022110
v -19.923910 3.389369 61.744250
v -8.179955 -4.337772 70.784580
v -9.509493 -3.455458 72.084890
v -20.873180 2.727651 60.227460
v -16.509280 -2.138672 68.024900
v -12.513440 -4.217137 78.030300
v -17.804420 -1.398032 74.535900
v -17.820340 -0.999537 76.439030
v -17.732530 0.141704 79.596600
v -14.570240 -2.407493 77.476690
v -4.399176 -3.772083 74.975310
v -18.780860 4.137255 84.958850
v -2.055503 11.584630 74.075320
v -14.541870 9.541986 60.760590
v -11.759240 8.014503 76.178780
v -7.471728 10.578520 66.688120
v -14.760360 9.286116 64.083530
v -15.323830 7.366462 76.340220
v -15.639290 8.287102 68.663790
v -14.627500 7.277897 73.196530
v -5.570211 10.591960 70.160030
v -14.627500 7.277897 73.196530
v -11.759240 8.014503 76.178780
v -12.553110 6.621751 79.579950
v -14.541870 9.541986 60.760590
v -11.589600 10.031810 62.847290
v -9.661710 10.363880 64.016570
v -7.471728 10.578520 66.688120
v -5.570211 10.591960 70.160030
v -6.336421 11.098490 72.002430
v -2.055503 11.584630 74.075320
v -15.323830 7.366462 76.340220
v -14.627500 7.277897 73.196530
v -19.853650 4.503151 66.394850
v -12.553110 6.621751 79.579950
v -19.641900 3.765356 67.755660
v -19.641900 3.765356 67.755660
v -20.675800 4.924366 64.645770
v -20.675800 4.924366 64.645770
v -23.942120 3.885335 61.640480
v -12.553110 6.621751 79.579950
v -4.399222 9.945111 73.341380
v -20.624090 4.454101 55.972500
v -20.737080 4.575495 60.177300
v -11.677630 12.051170 75.963810
v -20.105320 6.334045 77.965920
v -17.107470 8.679336 76.176250
v -21.276810 4.119156 77.875920
v -22.089320 4.044576 72.798230
v -21.720540 4.078793 75.117660
v -17.549140 8.591195 77.934020
v -17.176230 7.694752 79.391540
v -17.040220 8.977818 74.254210
v -13.913380 10.377640 75.852670
v -8.680100 9.439486 68.842670
v -11.824600 9.300326 69.950850
v -14.251310 10.342560 70.092070
v -19.738550 8.241108 76.103840
v -15.154430 9.800563 67.943780
v -18.459000 9.407104 72.467320
v -17.292940 10.734960 73.923030
v -19.738550 8.241108 76.103840
v -16.549100 9.920567 69.593780
v -8.680100 9.439486 68.842670
v -15.154430 9.800563 67.943780
v -18.895800 12.844860 77.670780
v -17.992340 11.995850 76.124860
v -8.701324 12.059940 71.006970
v -7.748685 12.022720 68.270750
v -17.992340 11.995850 76.124860
v -18.895800 12.844860 77.670780
v -7.748685 12.022720 68.270750
v -8.701324 12.059940 71.006970
v -17.546140 9.577425 75.606190
v -17.944040 6.237302 61.272330
v -14.872510 7.851609 64.992320
v -16.559420 7.309708 65.882400
v -20.624090 4.454101 55.972500
v -19.776280 6.276518 61.695800
v -8.179971 9.205695 69.886190
v -8.528700 9.852278 71.721920
v -20.737080 4.575495 60.177300
v -16.373130 7.906003 68.384630
v -11.677630 12.051170 75.963810
v -17.040220 8.977818 74.254210
v -17.107470 8.679336 76.176250
v -13.913380 10.377640 75.852670
v -17.176230 7.694752 79.391540
v -4.399222 9.945111 73.341380
vt 0.943245 0.935458 0.000000
vt 0.990303 0.934369 0.000000
vt 0.990857 0.959487 0.000000
vt 0.946317 0.959563 0.000000
vt 0.762268 0.938087 0.000000
vt 0.700562 0.940158 0.000000
vt 0.706078 0.922557 0.000000
vt 0.764188 0.921765 0.000000
vt 0.811971 0.884101 0.000000
vt 0.810912 0.899493 0.000000
vt 0.765178 0.901217 0.000000
vt 0.782287 0.884457 0.000000
vt 0.941735 0.914044 0.000000
vt 0.990323 0.913726 0.000000
vt 0.904577 0.936242 0.000000
vt 0.909081 0.957490 0.000000
vt 0.707280 0.903109 0.000000
vt 0.732678 0.884182 0.000000
vt 0.745425 0.956956 0.000000
vt 0.808588 0.956948 0.000000
vt 0.792252 0.976270 0.000000
vt 0.736216 0.976150 0.000000
vt 0.697300 0.958618 0.000000
vt 0.693923 0.975575 0.000000
vt 0.597453 0.923092 0.000000
vt 0.678951 0.923320 0.000000
vt 0.597423 0.940263 0.000000
vt 0.597481 0.902828 0.000000
vt 0.678992 0.904320 0.000000
vt 0.597389 0.973187 0.000000
vt 0.597397 0.956565 0.000000
vt 0.682167 0.958725 0.000000
vt 0.678606 0.974853 0.000000
vt 0.783789 0.989048 0.000000
vt 0.837159 0.978349 0.000000
vt 0.813023 0.989000 0.000000
vt 0.874075 0.983748 0.000000
vt 0.888989 0.989031 0.000000
vt 0.863064 0.989445 0.000000
vt 0.856352 0.988896 0.000000
vt 0.597492 0.883819 0.000000
vt 0.652727 0.883925 0.000000
vt 0.990658 0.988832 0.000000
vt 0.944983 0.988865 0.000000
vt 0.857225 0.957570 0.000000
vt 0.835939 0.937127 0.000000
vt 0.821850 0.918338 0.000000
vt 0.857464 0.884125 0.000000
vt 0.856372 0.894559 0.000000
vt 0.652443 0.989236 0.000000
vt 0.597491 0.989440 0.000000
vt 0.767624 0.766738 0.000000
vt 0.748633 0.773489 0.000000
vt 0.780576 0.780282 0.000000
vt 0.748633 0.783439 0.000000
vt 0.780576 0.809656 0.000000
vt 0.780576 0.795741 0.000000
vt 0.810028 0.816492 0.000000
vt 0.810238 0.794290 0.000000
vt 0.748633 0.796510 0.000000
vt 0.780576 0.794928 0.000000
vt 0.748633 0.825369 0.000000
vt 0.810028 0.816492 0.000000
vt 0.748633 0.813961 0.000000
vt 0.780576 0.809656 0.000000
vt 0.810130 0.794248 0.000000
vt 0.809957 0.767646 0.000000
vt 0.770465 0.703983 0.000000
vt 0.801318 0.704310 0.000000
vt 0.764781 0.713789 0.000000
vt 0.803424 0.714073 0.000000
vt 0.798865 0.690090 0.000000
vt 0.776217 0.689909 0.000000
vt 0.810123 0.758400 0.000000
vt 0.767624 0.752252 0.000000
vt 0.767624 0.752167 0.000000
vt 0.810066 0.758403 0.000000
vt 0.767624 0.766795 0.000000
vt 0.809957 0.767646 0.000000
vt 0.780576 0.780282 0.000000
vt 0.768527 0.721142 0.000000
vt 0.801107 0.721336 0.000000
vt 0.985440 0.791227 0.000000
vt 0.825550 0.796857 0.000000
vt 0.985434 0.807142 0.000000
vt 0.825529 0.806804 0.000000
vt 0.929027 0.689420 0.000000
vt 0.929027 0.710550 0.000000
vt 0.909859 0.710550 0.000000
vt 0.882215 0.689420 0.000000
vt 0.982527 0.689420 0.000000
vt 0.982527 0.710550 0.000000
vt 0.837145 0.689420 0.000000
vt 0.828631 0.660316 0.000000
vt 0.882216 0.660316 0.000000
vt 0.929028 0.660316 0.000000
vt 0.982527 0.660316 0.000000
vt 0.772458 0.660316 0.000000
vt 0.772458 0.681337 0.000000
vt 0.839554 0.626324 0.000000
vt 0.839941 0.649364 0.000000
vt 0.756825 0.649364 0.000000
vt 0.756825 0.626324 0.000000
vt 0.919335 0.605217 0.000000
vt 0.961706 0.605217 0.000000
vt 0.958161 0.592827 0.000000
vt 0.916822 0.593099 0.000000
vt 0.841457 0.605217 0.000000
vt 0.878771 0.605217 0.000000
vt 0.879460 0.592858 0.000000
vt 0.845210 0.592818 0.000000
vt 0.988040 0.592837 0.000000
vt 0.991177 0.605217 0.000000
vt 0.810216 0.605217 0.000000
vt 0.812474 0.592440 0.000000
vt 0.789245 0.592834 0.000000
vt 0.780891 0.605217 0.000000
vt 0.838548 0.562068 0.000000
vt 0.818112 0.561050 0.000000
vt 0.928764 0.562739 0.000000
vt 0.872301 0.561884 0.000000
vt 0.988118 0.577079 0.000000
vt 0.988119 0.566199 0.000000
vt 0.964408 0.564914 0.000000
vt 0.950907 0.575662 0.000000
vt 0.973947 0.556646 0.000000
vt 0.954421 0.555379 0.000000
vt 0.955764 0.559456 0.000000
vt 0.712391 0.552583 0.000000
vt 0.722912 0.564205 0.000000
vt 0.755458 0.559269 0.000000
vt 0.744256 0.549041 0.000000
vt 0.973263 0.542107 0.000000
vt 0.955036 0.542089 0.000000
vt 0.734671 0.538962 0.000000
vt 0.711298 0.539215 0.000000
vt 0.817900 0.540889 0.000000
vt 0.838511 0.540729 0.000000
vt 0.872204 0.540006 0.000000
vt 0.817266 0.525618 0.000000
vt 0.838512 0.525504 0.000000
vt 0.872120 0.524801 0.000000
vt 0.946401 0.540241 0.000000
vt 0.919868 0.540369 0.000000
vt 0.946213 0.524792 0.000000
vt 0.919491 0.525023 0.000000
vt 0.764401 0.525631 0.000000
vt 0.764634 0.541029 0.000000
vt 0.817108 0.521203 0.000000
vt 0.791020 0.521074 0.000000
vt 0.991742 0.556882 0.000000
vt 0.991733 0.542092 0.000000
vt 0.941453 0.649364 0.000000
vt 0.892211 0.649364 0.000000
vt 0.891824 0.626324 0.000000
vt 0.941453 0.626324 0.000000
vt 0.985800 0.649364 0.000000
vt 0.985800 0.626324 0.000000
vt 0.943245 0.935458 0.000000
vt 0.946317 0.959563 0.000000
vt 0.990857 0.959487 0.000000
vt 0.990303 0.934369 0.000000
vt 0.762268 0.938087 0.000000
vt 0.764188 0.921765 0.000000
vt 0.706078 0.922557 0.000000
vt 0.700562 0.940158 0.000000
vt 0.811971 0.884101 0.000000
vt 0.782287 0.884457 0.000000
vt 0.765178 0.901217 0.000000
vt 0.810912 0.899493 0.000000
vt 0.990323 0.913726 0.000000
vt 0.941735 0.914044 0.000000
vt 0.904577 0.936242 0.000000
vt 0.909081 0.957490 0.000000
vt 0.732678 0.884182 0.000000
vt 0.707280 0.903109 0.000000
vt 0.745425 0.956956 0.000000
vt 0.736216 0.976150 0.000000
vt 0.792252 0.976270 0.000000
vt 0.808588 0.956948 0.000000
vt 0.697300 0.958618 0.000000
vt 0.693923 0.975575 0.000000
vt 0.597453 0.923092 0.000000
vt 0.597423 0.940263 0.000000
vt 0.678951 0.923320 0.000000
vt 0.678992 0.904320 0.000000
vt 0.597481 0.902828 0.000000
vt 0.597389 0.973187 0.000000
vt 0.678606 0.974853 0.000000
vt 0.682167 0.958725 0.000000
vt 0.597397 0.956565 0.000000
vt 0.783789 0.989048 0.000000
vt 0.813023 0.989000 0.000000
vt 0.837159 0.978349 0.000000
vt 0.874075 0.983748 0.000000
vt 0.856352 0.988896 0.000000
vt 0.597492 0.883819 0.000000
vt 0.652727 0.883925 0.000000
vt 0.835939 0.937127 0.000000
vt 0.857225 0.957570 0.000000
vt 0.821850 0.918338 0.000000
vt 0.856372 0.894559 0.000000
vt 0.857464 0.884125 0.000000
vt 0.597491 0.989440 0.000000
vt 0.652443 0.989236 0.000000
vt 0.748633 0.783439 0.000000
vt 0.748633 0.773489 0.000000
vt 0.780576 0.780282 0.000000
vt 0.767624 0.766738 0.000000
vt 0.810238 0.794290 0.000000
vt 0.780576 0.795741 0.000000
vt 0.810028 0.816492 0.000000
vt 0.780576 0.809656 0.000000
vt 0.780576 0.794928 0.000000
vt 0.748633 0.796510 0.000000
vt 0.780576 0.809656 0.000000
vt 0.810028 0.816492 0.000000
vt 0.748633 0.813961 0.000000
vt 0.748633 0.825369 0.000000
vt 0.809957 0.767646 0.000000
vt 0.810130 0.794248 0.000000
vt 0.803424 0.714073 0.000000
vt 0.801318 0.704310 0.000000
vt 0.764781 0.713789 0.000000
vt 0.770465 0.703983 0.000000
vt 0.776217 0.689909 0.000000
vt 0.798865 0.690090 0.000000
vt 0.767624 0.752252 0.000000
vt 0.810123 0.758400 0.000000
vt 0.809957 0.767646 0.000000
vt 0.810066 0.758403 0.000000
vt 0.767624 0.766795 0.000000
vt 0.767624 0.752167 0.000000
vt 0.780576 0.780282 0.000000
vt 0.801107 0.721336 0.000000
vt 0.768527 0.721142 0.000000
vt 0.825529 0.806804 0.000000
vt 0.825550 0.796857 0.000000
vt 0.985434 0.807142 0.000000
vt 0.985440 0.791227 0.000000
vt 0.929027 0.689420 0.000000
vt 0.882215 0.689420 0.000000
vt 0.909859 0.710550 0.000000
vt 0.929027 0.710550 0.000000
vt 0.882216 0.660316 0.000000
vt 0.828631 0.660316 0.000000
vt 0.837145 0.689420 0.000000
vt 0.929028 0.660316 0.000000
vt 0.839554 0.626324 0.000000
vt 0.839941 0.649364 0.000000
vt 0.919335 0.605217 0.000000
vt 0.916822 0.593099 0.000000
vt 0.958161 0.592827 0.000000
vt 0.961706 0.605217 0.000000
vt 0.841457 0.605217 0.000000
vt 0.845210 0.592818 0.000000
vt 0.879460 0.592858 0.000000
vt 0.878771 0.605217 0.000000
vt 0.988040 0.592837 0.000000
vt 0.991177 0.605217 0.000000
vt 0.810216 0.605217 0.000000
vt 0.780891 0.605217 0.000000
vt 0.789245 0.592834 0.000000
vt 0.812474 0.592440 0.000000
vt 0.838548 0.562068 0.000000
vt 0.818112 0.561050 0.000000
vt 0.928764 0.562739 0.000000
vt 0.872301 0.561884 0.000000
vt 0.988118 0.577079 0.000000
vt 0.950907 0.575662 0.000000
vt 0.964408 0.564914 0.000000
vt 0.988119 0.566199 0.000000
vt 0.955764 0.559456 0.000000
vt 0.954421 0.555379 0.000000
vt 0.973947 0.556646 0.000000
vt 0.712391 0.552583 0.000000
vt 0.744256 0.549041 0.000000
vt 0.755458 0.559269 0.000000
vt 0.722912 0.564205 0.000000
vt 0.955036 0.542089 0.000000
vt 0.973263 0.542107 0.000000
vt 0.734671 0.538962 0.000000
vt 0.711298 0.539215 0.000000
vt 0.817900 0.540889 0.000000
vt 0.838511 0.540729 0.000000
vt 0.872204 0.540006 0.000000
vt 0.817266 0.525618 0.000000
vt 0.838512 0.525504 0.000000
vt 0.872120 0.524801 0.000000
vt 0.919868 0.540369 0.000000
vt 0.946401 0.540241 0.000000
vt 0.919491 0.525023 0.000000
vt 0.946213 0.524792 0.000000
vt 0.764634 0.541029 0.000000
vt 0.764401 0.525631 0.000000
vt 0.791020 0.521074 0.000000
vt 0.817108 0.521203 0.000000
vt 0.991733 0.542092 0.000000
vt 0.991742 0.556882 0.000000
vt 0.941453 0.649364 0.000000
vt 0.941453 0.626324 0.000000
vt 0.891824 0.626324 0.000000
vt 0.892211 0.649364 0.000000
vt 0.756825 0.613384 0.000000
vt 0.805732 0.613384 0.000000
vt 0.677031 0.989153 0.000000
vt 0.681121 0.883967 0.000000
vt 0.886694 0.883851 0.000000
vt 0.875514 0.911945 0.000000
vt 0.907651 0.975158 0.000000
vt 0.869453 0.883942 0.000000
vt 0.732264 0.989277 0.000000
vt 0.990156 0.883803 0.000000
vt 0.938499 0.883866 0.000000
vt 0.787769 0.687618 0.000000
vt 0.810172 0.744174 0.000000
vt 0.767624 0.736551 0.000000
vt 0.810161 0.736551 0.000000
vt 0.784324 0.727429 0.000000
vt 0.985196 0.755768 0.000000
vt 0.985152 0.739366 0.000000
vt 0.825711 0.747945 0.000000
vt 0.825518 0.776838 0.000000
vt 0.985299 0.771880 0.000000
vt 0.825463 0.725397 0.000000
vt 0.985242 0.725884 0.000000
vt 0.985243 0.824201 0.000000
vt 0.825464 0.823655 0.000000
vt 0.985440 0.791227 0.000000
vt 0.985434 0.807142 0.000000
vt 0.985286 0.773639 0.000000
vt 0.985152 0.739366 0.000000
vt 0.985196 0.755768 0.000000
vt 0.985299 0.771880 0.000000
vt 0.985242 0.725884 0.000000
vt 0.985243 0.824201 0.000000
vt 0.855243 0.699105 0.000000
vt 0.882215 0.710550 0.000000
vt 0.795892 0.578817 0.000000
vt 0.743478 0.579114 0.000000
vt 0.722396 0.533367 0.000000
vt 0.763917 0.521185 0.000000
vt 0.805732 0.613384 0.000000
vt 0.677031 0.989153 0.000000
vt 0.681121 0.883967 0.000000
vt 0.875514 0.911945 0.000000
vt 0.907651 0.975158 0.000000
vt 0.732264 0.989277 0.000000
vt 0.787769 0.687618 0.000000
vt 0.767624 0.736551 0.000000
vt 0.810172 0.744174 0.000000
vt 0.810161 0.736551 0.000000
vt 0.784324 0.727429 0.000000
vt 0.825711 0.747945 0.000000
vt 0.985152 0.739366 0.000000
vt 0.985196 0.755768 0.000000
vt 0.825518 0.776838 0.000000
vt 0.985299 0.771880 0.000000
vt 0.825463 0.725397 0.000000
vt 0.985242 0.725884 0.000000
vt 0.825464 0.823655 0.000000
vt 0.985243 0.824201 0.000000
vt 0.985286 0.773639 0.000000
vt 0.985434 0.807142 0.000000
vt 0.985440 0.791227 0.000000
vt 0.985196 0.755768 0.000000
vt 0.985152 0.739366 0.000000
vt 0.985299 0.771880 0.000000
vt 0.985242 0.725884 0.000000
vt 0.985243 0.824201 0.000000
vt 0.855243 0.699105 0.000000
vt 0.882215 0.710550 0.000000
vt 0.795892 0.578817 0.000000
vt 0.743478 0.579114 0.000000
vt 0.722396 0.533367 0.000000
vt 0.763917 0.521185 0.000000
vt 0.761695 0.037529 0.000000
vt 0.761695 0.025367 0.000000
vt 0.761695 0.025367 0.000000
vt 0.761695 0.037328 0.000000
vt 0.761695 0.025367 0.000000
vt 0.739520 0.025367 0.000000
vt 0.739520 0.025367 0.000000
vt 0.761695 0.025367 0.000000
vt 0.702551 0.243872 0.000000
vt 0.742635 0.243872 0.000000
vt 0.749031 0.229765 0.000000
vt 0.702551 0.229765 0.000000
vt 0.749030 0.256638 0.000000
vt 0.702550 0.256638 0.000000
vt 0.849440 0.071635 0.000000
vt 0.849440 0.061209 0.000000
vt 0.870811 0.061209 0.000000
vt 0.870811 0.071635 0.000000
vt 0.849440 0.081354 0.000000
vt 0.870811 0.081354 0.000000
vt 0.947127 0.081353 0.000000
vt 0.940030 0.071635 0.000000
vt 0.967912 0.071635 0.000000
vt 0.967783 0.081353 0.000000
vt 0.994038 0.071635 0.000000
vt 0.994038 0.081353 0.000000
vt 0.702551 0.243872 0.000000
vt 0.702551 0.229765 0.000000
vt 0.749031 0.229765 0.000000
vt 0.742635 0.243872 0.000000
vt 0.749030 0.256638 0.000000
vt 0.702550 0.256638 0.000000
vt 0.849440 0.071635 0.000000
vt 0.870811 0.071635 0.000000
vt 0.870811 0.061209 0.000000
vt 0.849440 0.061209 0.000000
vt 0.849440 0.081354 0.000000
vt 0.870811 0.081354 0.000000
vt 0.947127 0.081353 0.000000
vt 0.967783 0.081353 0.000000
vt 0.967912 0.071635 0.000000
vt 0.940030 0.071635 0.000000
vt 0.994038 0.081353 0.000000
vt 0.994038 0.071635 0.000000
vt 0.761695 0.037529 0.000000
vt 0.761695 0.037328 0.000000
vt 0.761695 0.025367 0.000000
vt 0.761695 0.025367 0.000000
vt 0.761695 0.025367 0.000000
vt 0.761695 0.025367 0.000000
vt 0.739520 0.025367 0.000000
vt 0.739520 0.025367 0.000000
vt 0.702551 0.243872 0.000000
vt 0.702551 0.229765 0.000000
vt 0.749031 0.229765 0.000000
vt 0.742635 0.243872 0.000000
vt 0.749030 0.256638 0.000000
vt 0.702550 0.256638 0.000000
vt 0.849440 0.071635 0.000000
vt 0.870811 0.071635 0.000000
vt 0.870811 0.061209 0.000000
vt 0.849440 0.061209 0.000000
vt 0.849440 0.081354 0.000000
vt 0.870811 0.081354 0.000000
vt 0.947127 0.081353 0.000000
vt 0.967783 0.081353 0.000000
vt 0.967912 0.071635 0.000000
vt 0.940030 0.071635 0.000000
vt 0.702551 0.243872 0.000000
vt 0.742635 0.243872 0.000000
vt 0.749031 0.229765 0.000000
vt 0.702551 0.229765 0.000000
vt 0.749030 0.256638 0.000000
vt 0.702550 0.256638 0.000000
vt 0.849440 0.071635 0.000000
vt 0.849440 0.061209 0.000000
vt 0.870811 0.061209 0.000000
vt 0.870811 0.071635 0.000000
vt 0.849440 0.081354 0.000000
vt 0.870811 0.081354 0.000000
vt 0.947127 0.081353 0.000000
vt 0.940030 0.071635 0.000000
vt 0.967912 0.071635 0.000000
vt 0.967783 0.081353 0.000000
vt 0.761695 0.025367 0.000000
vt 0.826612 0.007981 0.000000
vt 0.826612 0.038352 0.000000
vt 0.881904 0.007981 0.000000
vt 0.761695 0.037328 0.000000
vt 0.754879 0.007981 0.000000
vt 0.739520 0.025367 0.000000
vt 0.694570 0.008156 0.000000
vt 0.739520 0.036976 0.000000
vt 0.761695 0.054744 0.000000
vt 0.826612 0.038352 0.000000
vt 0.826612 0.007981 0.000000
vt 0.761695 0.025367 0.000000
vt 0.881904 0.007981 0.000000
vt 0.761695 0.037529 0.000000
vt 0.754879 0.007981 0.000000
vt 0.739520 0.025367 0.000000
vt 0.694570 0.008156 0.000000
vt 0.739520 0.036976 0.000000
vt 0.761695 0.054744 0.000000
vt 0.739520 0.025367 0.000000
vt 0.739520 0.025367 0.000000
vt 0.739520 0.036976 0.000000
vt 0.761695 0.054744 0.000000
vt 0.764415 0.243872 0.000000
vt 0.781862 0.255117 0.000000
vt 0.781862 0.243872 0.000000
vt 0.764415 0.196780 0.000000
vt 0.781862 0.231029 0.000000
vt 0.764415 0.282213 0.000000
vt 0.808228 0.071635 0.000000
vt 0.912499 0.061209 0.000000
vt 0.957081 0.061208 0.000000
vt 0.994038 0.061208 0.000000
vt 0.912499 0.071635 0.000000
vt 0.891509 0.081354 0.000000
vt 0.912499 0.081353 0.000000
vt 0.764415 0.243872 0.000000
vt 0.781862 0.255117 0.000000
vt 0.781862 0.243872 0.000000
vt 0.764415 0.196780 0.000000
vt 0.781862 0.231029 0.000000
vt 0.764415 0.282213 0.000000
vt 0.808228 0.071635 0.000000
vt 0.912499 0.061209 0.000000
vt 0.957081 0.061208 0.000000
vt 0.994038 0.061208 0.000000
vt 0.912499 0.071635 0.000000
vt 0.891509 0.081354 0.000000
vt 0.912499 0.081353 0.000000
vt 0.761695 0.025367 0.000000
vt 0.826612 0.038352 0.000000
vt 0.761695 0.037328 0.000000
vt 0.739520 0.025367 0.000000
vt 0.739520 0.036976 0.000000
vt 0.761695 0.054744 0.000000
vt 0.826612 0.038352 0.000000
vt 0.761695 0.025367 0.000000
vt 0.761695 0.037529 0.000000
vt 0.739520 0.025367 0.000000
vt 0.739520 0.036976 0.000000
vt 0.761695 0.054744 0.000000
vt 0.739520 0.025367 0.000000
vt 0.739520 0.036976 0.000000
vt 0.739520 0.025367 0.000000
vt 0.761695 0.054744 0.000000
vt 0.764415 0.243872 0.000000
vt 0.781862 0.255117 0.000000
vt 0.781862 0.243872 0.000000
vt 0.764415 0.196780 0.000000
vt 0.781862 0.231029 0.000000
vt 0.764415 0.282213 0.000000
vt 0.808228 0.071635 0.000000
vt 0.912499 0.061209 0.000000
vt 0.957081 0.061208 0.000000
vt 0.912499 0.071635 0.000000
vt 0.891509 0.081354 0.000000
vt 0.912499 0.081353 0.000000
vt 0.764415 0.243872 0.000000
vt 0.781862 0.255117 0.000000
vt 0.781862 0.243872 0.000000
vt 0.764415 0.196780 0.000000
vt 0.781862 0.231029 0.000000
vt 0.764415 0.282213 0.000000
vt 0.808228 0.071635 0.000000
vt 0.912499 0.061209 0.000000
vt 0.957081 0.061208 0.000000
vt 0.912499 0.071635 0.000000
vt 0.891509 0.081354 0.000000
vt 0.912499 0.081353 0.000000
vt 0.465633 0.032800 0.000000
vt 0.475962 0.050315 0.000000
vt 0.348295 0.050315 0.000000
vt 0.348295 0.032800 0.000000
vt 0.476191 0.010804 0.000000
vt 0.529640 0.010804 0.000000
vt 0.529640 0.032800 0.000000
vt 0.529640 0.077488 0.000000
vt 0.475962 0.077488 0.000000
vt 0.769049 0.082427 0.000000
vt 0.738322 0.082427 0.000000
vt 0.737926 0.063279 0.000000
vt 0.769049 0.063279 0.000000
vt 0.214396 0.040499 0.000000
vt 0.202230 0.057954 0.000000
vt 0.284308 0.084305 0.000000
vt 0.294226 0.071072 0.000000
vt 0.270450 0.103374 0.000000
vt 0.384625 0.137761 0.000000
vt 0.394705 0.125206 0.000000
vt 0.167669 0.142903 0.000000
vt 0.113825 0.173988 0.000000
vt 0.114034 0.140046 0.000000
vt 0.114034 0.140046 0.000000
vt 0.113825 0.173988 0.000000
vt 0.113825 0.155546 0.000000
vt 0.167669 0.142903 0.000000
vt 0.161966 0.174243 0.000000
vt 0.193100 0.077292 0.000000
vt 0.405271 0.114435 0.000000
vt 0.183362 0.099646 0.000000
vt 0.256083 0.128468 0.000000
vt 0.114032 0.139915 0.000000
vt 0.113825 0.098134 0.000000
vt 0.113825 0.139419 0.000000
vt 0.417772 0.223988 0.000000
vt 0.422329 0.240979 0.000000
vt 0.361168 0.243186 0.000000
vt 0.354096 0.226166 0.000000
vt 0.285839 0.240743 0.000000
vt 0.280071 0.227509 0.000000
vt 0.372858 0.203469 0.000000
vt 0.390211 0.193581 0.000000
vt 0.439664 0.216111 0.000000
vt 0.368805 0.082669 0.000000
vt 0.374171 0.069319 0.000000
vt 0.346023 0.065798 0.000000
vt 0.339782 0.074399 0.000000
vt 0.615521 0.066622 0.000000
vt 0.615521 0.043487 0.000000
vt 0.644389 0.043487 0.000000
vt 0.644389 0.066622 0.000000
vt 0.615522 0.093344 0.000000
vt 0.644389 0.093344 0.000000
vt 0.588675 0.043487 0.000000
vt 0.588675 0.066622 0.000000
vt 0.588676 0.093344 0.000000
vt 0.432755 0.087554 0.000000
vt 0.432754 0.073471 0.000000
vt 0.468758 0.078158 0.000000
vt 0.468758 0.087554 0.000000
vt 0.432755 0.102548 0.000000
vt 0.468758 0.102548 0.000000
vt 0.478407 0.197417 0.000000
vt 0.597965 0.197417 0.000000
vt 0.597965 0.182356 0.000000
vt 0.478407 0.182356 0.000000
vt 0.597965 0.213389 0.000000
vt 0.478407 0.213389 0.000000
vt 0.323603 0.857244 0.000000
vt 0.277113 0.854277 0.000000
vt 0.280667 0.852918 0.000000
vt 0.290442 0.849355 0.000000
vt 0.290656 0.849288 0.000000
vt 0.324005 0.849288 0.000000
vt 0.465633 0.032800 0.000000
vt 0.348295 0.032800 0.000000
vt 0.348295 0.050315 0.000000
vt 0.475962 0.050315 0.000000
vt 0.476191 0.010804 0.000000
vt 0.529640 0.032800 0.000000
vt 0.529640 0.010804 0.000000
vt 0.475962 0.077488 0.000000
vt 0.529640 0.077488 0.000000
vt 0.769049 0.082427 0.000000
vt 0.769049 0.063279 0.000000
vt 0.737926 0.063279 0.000000
vt 0.738322 0.082427 0.000000
vt 0.214396 0.040499 0.000000
vt 0.294226 0.071072 0.000000
vt 0.284308 0.084305 0.000000
vt 0.202230 0.057954 0.000000
vt 0.394705 0.125206 0.000000
vt 0.384625 0.137761 0.000000
vt 0.270450 0.103374 0.000000
vt 0.193100 0.077292 0.000000
vt 0.405271 0.114435 0.000000
vt 0.256083 0.128468 0.000000
vt 0.183362 0.099646 0.000000
vt 0.113825 0.098134 0.000000
vt 0.417772 0.223988 0.000000
vt 0.354096 0.226166 0.000000
vt 0.361168 0.243186 0.000000
vt 0.422329 0.240979 0.000000
vt 0.285839 0.240743 0.000000
vt 0.280071 0.227509 0.000000
vt 0.372858 0.203469 0.000000
vt 0.439664 0.216111 0.000000
vt 0.390211 0.193581 0.000000
vt 0.368805 0.082669 0.000000
vt 0.339782 0.074399 0.000000
vt 0.346023 0.065798 0.000000
vt 0.374171 0.069319 0.000000
vt 0.615521 0.066622 0.000000
vt 0.644389 0.066622 0.000000
vt 0.644389 0.043487 0.000000
vt 0.615521 0.043487 0.000000
vt 0.615522 0.093344 0.000000
vt 0.644389 0.093344 0.000000
vt 0.588675 0.043487 0.000000
vt 0.588675 0.066622 0.000000
vt 0.588676 0.093344 0.000000
vt 0.432755 0.087554 0.000000
vt 0.468758 0.087554 0.000000
vt 0.468758 0.078158 0.000000
vt 0.432754 0.073471 0.000000
vt 0.432755 0.102548 0.000000
vt 0.468758 0.102548 0.000000
vt 0.597965 0.182356 0.000000
vt 0.597965 0.197417 0.000000
vt 0.597965 0.213389 0.000000
vt 0.323603 0.857244 0.000000
vt 0.324005 0.849288 0.000000
vt 0.262644 0.032800 0.000000
vt 0.577879 0.010804 0.000000
vt 0.475962 0.123472 0.000000
vt 0.420503 0.010804 0.000000
vt 0.577879 0.032800 0.000000
vt 0.529640 0.146870 0.000000
vt 0.577879 0.077488 0.000000
vt 0.577879 0.125218 0.000000
vt 0.348295 0.010804 0.000000
vt 0.693252 0.063279 0.000000
vt 0.693278 0.082428 0.000000
vt 0.664241 0.090751 0.000000
vt 0.799378 0.063278 0.000000
vt 0.799378 0.069792 0.000000
vt 0.799379 0.082427 0.000000
vt 0.799379 0.090770 0.000000
vt 0.799379 0.104523 0.000000
vt 0.769050 0.105973 0.000000
vt 0.799380 0.126114 0.000000
vt 0.529640 0.146870 0.000000
vt 0.577879 0.125218 0.000000
vt 0.702556 0.146870 0.000000
vt 0.475962 0.168457 0.000000
vt 0.529640 0.146870 0.000000
vt 0.702556 0.168457 0.000000
vt 0.664240 0.036874 0.000000
vt 0.693251 0.021572 0.000000
vt 0.769160 0.125218 0.000000
vt 0.814807 0.146870 0.000000
vt 0.702556 0.146870 0.000000
vt 0.814807 0.146870 0.000000
vt 0.475962 0.168457 0.000000
vt 0.467505 0.152361 0.000000
vt 0.113825 0.006274 0.000000
vt 0.113825 0.041385 0.000000
vt 0.379465 0.175579 0.000000
vt 0.239026 0.168353 0.000000
vt 0.232268 0.183673 0.000000
vt 0.113825 0.249504 0.000000
vt 0.225757 0.198156 0.000000
vt 0.247469 0.152264 0.000000
vt 0.293498 0.192509 0.000000
vt 0.213654 0.225277 0.000000
vt 0.275064 0.216885 0.000000
vt 0.336735 0.210509 0.000000
vt 0.480795 0.247230 0.000000
vt 0.349450 0.187285 0.000000
vt 0.412310 0.081170 0.000000
vt 0.395935 0.088021 0.000000
vt 0.414850 0.098517 0.000000
vt 0.402109 0.067558 0.000000
vt 0.318415 0.060771 0.000000
vt 0.388858 0.059015 0.000000
vt 0.615521 0.010928 0.000000
vt 0.595740 0.029862 0.000000
vt 0.636015 0.103704 0.000000
vt 0.615522 0.119720 0.000000
vt 0.468758 0.067026 0.000000
vt 0.432754 0.057740 0.000000
vt 0.468758 0.117218 0.000000
vt 0.432755 0.108766 0.000000
vt 0.743212 0.197417 0.000000
vt 0.366486 0.866605 0.000000
vt 0.347615 0.876630 0.000000
vt 0.340968 0.872483 0.000000
vt 0.388637 0.849288 0.000000
vt 0.362671 0.855172 0.000000
vt 0.325275 0.894033 0.000000
vt 0.310289 0.892404 0.000000
vt 0.363814 0.849288 0.000000
vt 0.326993 0.874831 0.000000
vt 0.280647 0.893731 0.000000
vt 0.288107 0.874764 0.000000
vt 0.276622 0.874099 0.000000
vt 0.269100 0.884532 0.000000
vt 0.256644 0.871093 0.000000
vt 0.303935 0.903854 0.000000
vt 0.216977 0.854369 0.000000
vt 0.262644 0.032800 0.000000
vt 0.577879 0.010804 0.000000
vt 0.475962 0.123472 0.000000
vt 0.420503 0.010804 0.000000
vt 0.577879 0.032800 0.000000
vt 0.529640 0.146870 0.000000
vt 0.577879 0.125218 0.000000
vt 0.577879 0.077488 0.000000
vt 0.348295 0.010804 0.000000
vt 0.693252 0.063279 0.000000
vt 0.664241 0.090751 0.000000
vt 0.693278 0.082428 0.000000
vt 0.799378 0.063278 0.000000
vt 0.799378 0.069792 0.000000
vt 0.799379 0.082427 0.000000
vt 0.799379 0.090770 0.000000
vt 0.799379 0.104523 0.000000
vt 0.769050 0.105973 0.000000
vt 0.799380 0.126114 0.000000
vt 0.529640 0.146870 0.000000
vt 0.702556 0.146870 0.000000
vt 0.577879 0.125218 0.000000
vt 0.475962 0.168457 0.000000
vt 0.529640 0.146870 0.000000
vt 0.693251 0.021572 0.000000
vt 0.664240 0.036874 0.000000
vt 0.769160 0.125218 0.000000
vt 0.814807 0.146870 0.000000
vt 0.702556 0.146870 0.000000
vt 0.475962 0.168457 0.000000
vt 0.467505 0.152361 0.000000
vt 0.113825 0.006274 0.000000
vt 0.113825 0.041385 0.000000
vt 0.379465 0.175579 0.000000
vt 0.161966 0.174243 0.000000
vt 0.239026 0.168353 0.000000
vt 0.113825 0.173988 0.000000
vt 0.113825 0.155546 0.000000
vt 0.114034 0.140046 0.000000
vt 0.232268 0.183673 0.000000
vt 0.225757 0.198156 0.000000
vt 0.247469 0.152264 0.000000
vt 0.293498 0.192509 0.000000
vt 0.213654 0.225277 0.000000
vt 0.275064 0.216885 0.000000
vt 0.336735 0.210509 0.000000
vt 0.480795 0.247230 0.000000
vt 0.349450 0.187285 0.000000
vt 0.412310 0.081170 0.000000
vt 0.414850 0.098517 0.000000
vt 0.395935 0.088021 0.000000
vt 0.402109 0.067558 0.000000
vt 0.318415 0.060771 0.000000
vt 0.388858 0.059015 0.000000
vt 0.615521 0.010928 0.000000
vt 0.595740 0.029862 0.000000
vt 0.636015 0.103704 0.000000
vt 0.615522 0.119720 0.000000
vt 0.468758 0.067026 0.000000
vt 0.432754 0.057740 0.000000
vt 0.468758 0.117218 0.000000
vt 0.432755 0.108766 0.000000
vt 0.743212 0.197417 0.000000
vt 0.366486 0.866605 0.000000
vt 0.340968 0.872483 0.000000
vt 0.347615 0.876630 0.000000
vt 0.388637 0.849288 0.000000
vt 0.362671 0.855172 0.000000
vt 0.325275 0.894033 0.000000
vt 0.310289 0.892404 0.000000
vt 0.363814 0.849288 0.000000
vt 0.326993 0.874831 0.000000
vt 0.280647 0.893731 0.000000
vt 0.288107 0.874764 0.000000
vt 0.276622 0.874099 0.000000
vt 0.256644 0.871093 0.000000
vt 0.269100 0.884532 0.000000
vt 0.303935 0.903854 0.000000
vt 0.465633 0.032800 0.000000
vt 0.348295 0.032800 0.000000
vt 0.348295 0.050315 0.000000
vt 0.475962 0.050315 0.000000
vt 0.476191 0.010804 0.000000
vt 0.529640 0.032800 0.000000
vt 0.529640 0.010804 0.000000
vt 0.475962 0.077488 0.000000
vt 0.529640 0.077488 0.000000
vt 0.769049 0.082427 0.000000
vt 0.769049 0.063279 0.000000
vt 0.737926 0.063279 0.000000
vt 0.738322 0.082427 0.000000
vt 0.214396 0.040499 0.000000
vt 0.294226 0.071072 0.000000
vt 0.284308 0.084305 0.000000
vt 0.202230 0.057954 0.000000
vt 0.394705 0.125206 0.000000
vt 0.384625 0.137761 0.000000
vt 0.270450 0.103374 0.000000
vt 0.167669 0.142903 0.000000
vt 0.114034 0.140046 0.000000
vt 0.113825 0.173988 0.000000
vt 0.113825 0.155546 0.000000
vt 0.113825 0.173988 0.000000
vt 0.114034 0.140046 0.000000
vt 0.167669 0.142903 0.000000
vt 0.161966 0.174243 0.000000
vt 0.193100 0.077292 0.000000
vt 0.405271 0.114435 0.000000
vt 0.256083 0.128468 0.000000
vt 0.183362 0.099646 0.000000
vt 0.114032 0.139915 0.000000
vt 0.113825 0.139419 0.000000
vt 0.113825 0.098134 0.000000
vt 0.417772 0.223988 0.000000
vt 0.354096 0.226166 0.000000
vt 0.361168 0.243186 0.000000
vt 0.422329 0.240979 0.000000
vt 0.285839 0.240743 0.000000
vt 0.280071 0.227509 0.000000
vt 0.372858 0.203469 0.000000
vt 0.439664 0.216111 0.000000
vt 0.390211 0.193581 0.000000
vt 0.368805 0.082669 0.000000
vt 0.339782 0.074399 0.000000
vt 0.346023 0.065798 0.000000
vt 0.374171 0.069319 0.000000
vt 0.615521 0.066622 0.000000
vt 0.644389 0.066622 0.000000
vt 0.644389 0.043487 0.000000
vt 0.615521 0.043487 0.000000
vt 0.615522 0.093344 0.000000
vt 0.644389 0.093344 0.000000
vt 0.588675 0.043487 0.000000
vt 0.588675 0.066622 0.000000
vt 0.588676 0.093344 0.000000
vt 0.432755 0.087554 0.000000
vt 0.468758 0.087554 0.000000
vt 0.468758 0.078158 0.000000
vt 0.432754 0.073471 0.000000
vt 0.432755 0.102548 0.000000
vt 0.468758 0.102548 0.000000
vt 0.478407 0.197417 0.000000
vt 0.478407 0.182356 0.000000
vt 0.597965 0.182356 0.000000
vt 0.597965 0.197417 0.000000
vt 0.597965 0.213389 0.000000
vt 0.478407 0.213389 0.000000
vt 0.323603 0.857244 0.000000
vt 0.290442 0.849355 0.000000
vt 0.280667 0.852918 0.000000
vt 0.277113 0.854277 0.000000
vt 0.290656 0.849288 0.000000
vt 0.324005 0.849288 0.000000
vt 0.465633 0.032800 0.000000
vt 0.475962 0.050315 0.000000
vt 0.348295 0.050315 0.000000
vt 0.348295 0.032800 0.000000
vt 0.476191 0.010804 0.000000
vt 0.529640 0.010804 0.000000
vt 0.529640 0.032800 0.000000
vt 0.529640 0.077488 0.000000
vt 0.475962 0.077488 0.000000
vt 0.769049 0.082427 0.000000
vt 0.738322 0.082427 0.000000
vt 0.737926 0.063279 0.000000
vt 0.769049 0.063279 0.000000
vt 0.214396 0.040499 0.000000
vt 0.202230 0.057954 0.000000
vt 0.284308 0.084305 0.000000
vt 0.294226 0.071072 0.000000
vt 0.270450 0.103374 0.000000
vt 0.384625 0.137761 0.000000
vt 0.394705 0.125206 0.000000
vt 0.193100 0.077292 0.000000
vt 0.405271 0.114435 0.000000
vt 0.183362 0.099646 0.000000
vt 0.256083 0.128468 0.000000
vt 0.113825 0.098134 0.000000
vt 0.417772 0.223988 0.000000
vt 0.422329 0.240979 0.000000
vt 0.361168 0.243186 0.000000
vt 0.354096 0.226166 0.000000
vt 0.285839 0.240743 0.000000
vt 0.280071 0.227509 0.000000
vt 0.372858 0.203469 0.000000
vt 0.390211 0.193581 0.000000
vt 0.439664 0.216111 0.000000
vt 0.368805 0.082669 0.000000
vt 0.374171 0.069319 0.000000
vt 0.346023 0.065798 0.000000
vt 0.339782 0.074399 0.000000
vt 0.615521 0.066622 0.000000
vt 0.615521 0.043487 0.000000
vt 0.644389 0.043487 0.000000
vt 0.644389 0.066622 0.000000
vt 0.615522 0.093344 0.000000
vt 0.644389 0.093344 0.000000
vt 0.588675 0.043487 0.000000
vt 0.588675 0.066622 0.000000
vt 0.588676 0.093344 0.000000
vt 0.432755 0.087554 0.000000
vt 0.432754 0.073471 0.000000
vt 0.468758 0.078158 0.000000
vt 0.468758 0.087554 0.000000
vt 0.432755 0.102548 0.000000
vt 0.468758 0.102548 0.000000
vt 0.597965 0.197417 0.000000
vt 0.597965 0.182356 0.000000
vt 0.597965 0.213389 0.000000
vt 0.323603 0.857244 0.000000
vt 0.324005 0.849288 0.000000
vt 0.262644 0.032800 0.000000
vt 0.577879 0.010804 0.000000
vt 0.475962 0.123472 0.000000
vt 0.420503 0.010804 0.000000
vt 0.577879 0.032800 0.000000
vt 0.529640 0.146870 0.000000
vt 0.577879 0.125218 0.000000
vt 0.577879 0.077488 0.000000
vt 0.348295 0.010804 0.000000
vt 0.693252 0.063279 0.000000
vt 0.664241 0.090751 0.000000
vt 0.693278 0.082428 0.000000
vt 0.799378 0.063278 0.000000
vt 0.799378 0.069792 0.000000
vt 0.799379 0.082427 0.000000
vt 0.799379 0.090770 0.000000
vt 0.799379 0.104523 0.000000
vt 0.769050 0.105973 0.000000
vt 0.799380 0.126114 0.000000
vt 0.529640 0.146870 0.000000
vt 0.702556 0.146870 0.000000
vt 0.577879 0.125218 0.000000
vt 0.475962 0.168457 0.000000
vt 0.702556 0.168457 0.000000
vt 0.693251 0.021572 0.000000
vt 0.664240 0.036874 0.000000
vt 0.769160 0.125218 0.000000
vt 0.814807 0.146870 0.000000
vt 0.475962 0.168457 0.000000
vt 0.467505 0.152361 0.000000
vt 0.113825 0.006274 0.000000
vt 0.113825 0.041385 0.000000
vt 0.379465 0.175579 0.000000
vt 0.239026 0.168353 0.000000
vt 0.232268 0.183673 0.000000
vt 0.113825 0.249504 0.000000
vt 0.225757 0.198156 0.000000
vt 0.247469 0.152264 0.000000
vt 0.293498 0.192509 0.000000
vt 0.213654 0.225277 0.000000
vt 0.275064 0.216885 0.000000
vt 0.336735 0.210509 0.000000
vt 0.480795 0.247230 0.000000
vt 0.349450 0.187285 0.000000
vt 0.412310 0.081170 0.000000
vt 0.414850 0.098517 0.000000
vt 0.395935 0.088021 0.000000
vt 0.402109 0.067558 0.000000
vt 0.318415 0.060771 0.000000
vt 0.388858 0.059015 0.000000
vt 0.615521 0.010928 0.000000
vt 0.595740 0.029862 0.000000
vt 0.636015 0.103704 0.000000
vt 0.615522 0.119720 0.000000
vt 0.468758 0.067026 0.000000
vt 0.432754 0.057740 0.000000
vt 0.468758 0.117218 0.000000
vt 0.432755 0.108766 0.000000
vt 0.743212 0.197417 0.000000
vt 0.366486 0.866605 0.000000
vt 0.340968 0.872483 0.000000
vt 0.347615 0.876630 0.000000
vt 0.388637 0.849288 0.000000
vt 0.362671 0.855172 0.000000
vt 0.325275 0.894033 0.000000
vt 0.310289 0.892404 0.000000
vt 0.363814 0.849288 0.000000
vt 0.326993 0.874831 0.000000
vt 0.280647 0.893731 0.000000
vt 0.288107 0.874764 0.000000
vt 0.276622 0.874099 0.000000
vt 0.256644 0.871093 0.000000
vt 0.269100 0.884532 0.000000
vt 0.303935 0.903854 0.000000
vt 0.216977 0.854369 0.000000
vt 0.262644 0.032800 0.000000
vt 0.577879 0.010804 0.000000
vt 0.475962 0.123472 0.000000
vt 0.420503 0.010804 0.000000
vt 0.577879 0.032800 0.000000
vt 0.529640 0.146870 0.000000
vt 0.577879 0.077488 0.000000
vt 0.577879 0.125218 0.000000
vt 0.348295 0.010804 0.000000
vt 0.693252 0.063279 0.000000
vt 0.693278 0.082428 0.000000
vt 0.664241 0.090751 0.000000
vt 0.799378 0.063278 0.000000
vt 0.799378 0.069792 0.000000
vt 0.799379 0.082427 0.000000
vt 0.799379 0.090770 0.000000
vt 0.799379 0.104523 0.000000
vt 0.769050 0.105973 0.000000
vt 0.799380 0.126114 0.000000
vt 0.529640 0.146870 0.000000
vt 0.577879 0.125218 0.000000
vt 0.702556 0.146870 0.000000
vt 0.475962 0.168457 0.000000
vt 0.702556 0.168457 0.000000
vt 0.664240 0.036874 0.000000
vt 0.693251 0.021572 0.000000
vt 0.769160 0.125218 0.000000
vt 0.814807 0.146870 0.000000
vt 0.475962 0.168457 0.000000
vt 0.467505 0.152361 0.000000
vt 0.113825 0.006274 0.000000
vt 0.113825 0.041385 0.000000
vt 0.379465 0.175579 0.000000
vt 0.161966 0.174243 0.000000
vt 0.239026 0.168353 0.000000
vt 0.113825 0.173988 0.000000
vt 0.114034 0.140046 0.000000
vt 0.113825 0.155546 0.000000
vt 0.232268 0.183673 0.000000
vt 0.225757 0.198156 0.000000
vt 0.247469 0.152264 0.000000
vt 0.293498 0.192509 0.000000
vt 0.213654 0.225277 0.000000
vt 0.275064 0.216885 0.000000
vt 0.336735 0.210509 0.000000
vt 0.480795 0.247230 0.000000
vt 0.349450 0.187285 0.000000
vt 0.412310 0.081170 0.000000
vt 0.395935 0.088021 0.000000
vt 0.414850 0.098517 0.000000
vt 0.402109 0.067558 0.000000
vt 0.318415 0.060771 0.000000
vt 0.388858 0.059015 0.000000
vt 0.615521 0.010928 0.000000
vt 0.595740 0.029862 0.000000
vt 0.636015 0.103704 0.000000
vt 0.615522 0.119720 0.000000
vt 0.468758 0.067026 0.000000
vt 0.432754 0.057740 0.000000
vt 0.468758 0.117218 0.000000
vt 0.432755 0.108766 0.000000
vt 0.743212 0.197417 0.000000
vt 0.366486 0.866605 0.000000
vt 0.347615 0.876630 0.000000
vt 0.340968 0.872483 0.000000
vt 0.388637 0.849288 0.000000
vt 0.362671 0.855172 0.000000
vt 0.325275 0.894033 0.000000
vt 0.310289 0.892404 0.000000
vt 0.363814 0.849288 0.000000
vt 0.326993 0.874831 0.000000
vt 0.280647 0.893731 0.000000
vt 0.288107 0.874764 0.000000
vt 0.276622 0.874099 0.000000
vt 0.269100 0.884532 0.000000
vt 0.256644 0.871093 0.000000
vt 0.303935 0.903854 0.000000
usemtl Material_1
f 1/1 2/2 3/3
f 3/3 4/4 1/1
f 5/5 6/6 7/7
f 7/7 8/8 5/5
f 9/9 10/10 11/11
f 11/11 12/12 9/9
f 1/1 13/13 14/14
f 14/14 2/2 1/1
f 15/15 1/1 4/4
f 4/4 16/16 15/15
f 11/11 17/17 18/18
f 18/18 12/12 11/11
f 19/19 20/20 21/21
f 21/21 22/22 19/19
f 23/23 19/19 22/22
f 22/22 24/24 23/23
f 25/25 26/26 6/6
f 6/6 27/27 25/25
f 26/26 25/25 28/28
f 28/28 29/29 26/26
f 30/30 31/31 32/32
f 32/32 33/33 30/30
f 34/34 21/21 35/35
f 35/35 36/36 34/34
f 26/26 29/29 17/17
f 17/17 7/7 26/26
f 17/17 11/11 8/8
f 8/8 7/7 17/17
f 37/37 38/38 39/39
f 39/39 40/40 37/37
f 41/41 42/42 29/29
f 29/29 28/28 41/41
f 3/3 43/43 44/44
f 44/44 4/4 3/3
f 15/15 16/16 45/45
f 45/45 46/46 15/15
f 32/32 23/23 24/24
f 24/24 33/33 32/32
f 20/20 45/45 35/35
f 35/35 21/21 20/20
f 11/11 10/10 47/47
f 47/47 8/8 11/11
f 10/10 9/9 48/48
f 48/48 49/49 10/10
f 31/31 27/27 6/6
f 6/6 32/32 31/31
f 30/30 33/33 50/50
f 50/50 51/51 30/30
f 52/52 53/53 54/54
f 55/55 54/54 53/53
f 56/56 57/57 58/58
f 59/59 58/58 57/57
f 60/60 61/61 55/55
f 54/54 55/55 61/61
f 62/62 63/63 64/64
f 65/65 64/64 63/63
f 61/61 66/66 54/54
f 67/67 54/54 66/66
f 68/68 69/69 70/70
f 71/71 70/70 69/69
f 69/69 68/68 72/72
f 73/73 72/72 68/68
f 67/67 74/74 52/52
f 75/75 52/52 74/74
f 76/76 77/77 78/78
f 79/79 78/78 77/77
f 55/55 53/53 80/80
f 78/78 80/80 53/53
f 58/58 62/62 56/56
f 64/64 56/56 62/62
f 63/63 66/66 65/65
f 61/61 65/65 66/66
f 70/70 71/71 81/81
f 82/82 81/81 71/71
f 64/64 65/65 60/60
f 61/61 60/60 65/65
f 80/80 57/57 55/55
f 60/60 55/55 57/57
f 79/79 59/59 80/80
f 57/57 80/80 59/59
f 64/64 60/60 56/56
f 57/57 56/56 60/60
f 83/83 84/84 85/85
f 86/86 85/85 84/84
f 87/87 88/88 89/89
f 89/89 90/90 87/87
f 87/87 91/91 92/92
f 92/92 88/88 87/87
f 90/90 93/93 94/94
f 94/94 95/95 90/90
f 96/96 87/87 90/90
f 90/90 95/95 96/96
f 96/96 97/97 91/91
f 91/91 87/87 96/96
f 98/98 94/94 93/93
f 93/93 99/99 98/98
f 100/100 101/101 102/102
f 102/102 103/103 100/100
f 104/104 105/105 106/106
f 106/106 107/107 104/104
f 108/108 109/109 110/110
f 110/110 111/111 108/108
f 112/112 106/106 105/105
f 105/105 113/113 112/112
f 104/104 107/107 110/110
f 110/110 109/109 104/104
f 114/114 115/115 116/116
f 116/116 117/117 114/114
f 108/108 111/111 115/115
f 115/115 114/114 108/108
f 118/118 119/119 115/115
f 115/115 111/111 118/118
f 120/120 121/121 110/110
f 110/110 107/107 120/120
f 122/122 123/123 124/124
f 124/124 125/125 122/122
f 124/124 126/126 127/127
f 127/127 128/128 124/124
f 129/129 130/130 131/131
f 131/131 132/132 129/129
f 127/127 126/126 133/133
f 133/133 134/134 127/127
f 135/135 136/136 129/129
f 129/129 132/132 135/135
f 137/137 119/119 118/118
f 118/118 138/138 137/137
f 138/138 118/118 121/121
f 121/121 139/139 138/138
f 140/140 137/137 138/138
f 138/138 141/141 140/140
f 138/138 139/139 142/142
f 142/142 141/141 138/138
f 120/120 128/128 143/143
f 143/143 144/144 120/120
f 143/143 145/145 146/146
f 146/146 144/144 143/143
f 146/146 142/142 139/139
f 139/139 144/144 146/146
f 137/137 140/140 147/147
f 147/147 148/148 137/137
f 139/139 121/121 120/120
f 120/120 144/144 139/139
f 131/131 119/119 137/137
f 137/137 148/148 131/131
f 140/140 149/149 150/150
f 150/150 147/147 140/140
f 133/133 126/126 151/151
f 151/151 152/152 133/133
f 124/124 123/123 151/151
f 151/151 126/126 124/124
f 111/111 110/110 121/121
f 121/121 118/118 111/111
f 153/153 154/154 155/155
f 155/155 156/156 153/153
f 157/157 153/153 156/156
f 156/156 158/158 157/157
f 159/159 160/160 161/161
f 161/161 162/162 159/159
f 163/163 164/164 165/165
f 165/165 166/166 163/163
f 167/167 168/168 169/169
f 169/169 170/170 167/167
f 159/159 162/162 171/171
f 171/171 172/172 159/159
f 173/173 174/174 160/160
f 160/160 159/159 173/173
f 169/169 168/168 175/175
f 175/175 176/176 169/169
f 177/177 178/178 179/179
f 179/179 180/180 177/177
f 181/181 182/182 178/178
f 178/178 177/177 181/181
f 183/183 184/184 166/166
f 166/166 185/185 183/183
f 185/185 186/186 187/187
f 187/187 183/183 185/185
f 188/188 189/189 190/190
f 190/190 191/191 188/188
f 192/192 193/193 194/194
f 194/194 179/179 192/192
f 185/185 165/165 176/176
f 176/176 186/186 185/185
f 176/176 165/165 164/164
f 164/164 169/169 176/176
f 195/195 196/196 39/39
f 39/39 38/38 195/195
f 197/197 187/187 186/186
f 186/186 198/198 197/197
f 161/161 160/160 44/44
f 44/44 43/43 161/161
f 173/173 199/199 200/200
f 200/200 174/174 173/173
f 190/190 189/189 182/182
f 182/182 181/181 190/190
f 180/180 179/179 194/194
f 194/194 200/200 180/180
f 169/169 164/164 201/201
f 201/201 170/170 169/169
f 170/170 202/202 203/203
f 203/203 167/167 170/170
f 191/191 190/190 166/166
f 166/166 184/184 191/191
f 188/188 204/204 205/205
f 205/205 189/189 188/188
f 206/206 207/207 208/208
f 209/209 208/208 207/207
f 210/210 211/211 212/212
f 213/213 212/212 211/211
f 208/208 214/214 206/206
f 215/215 206/206 214/214
f 216/216 217/217 218/218
f 219/219 218/218 217/217
f 220/220 221/221 208/208
f 214/214 208/208 221/221
f 222/222 223/223 224/224
f 225/225 224/224 223/223
f 226/226 225/225 227/227
f 223/223 227/227 225/225
f 228/228 229/229 209/209
f 220/220 209/209 229/229
f 230/230 231/231 232/232
f 233/233 232/232 231/231
f 232/232 207/207 234/234
f 206/206 234/234 207/207
f 218/218 219/219 213/213
f 212/212 213/213 219/219
f 214/214 221/221 216/216
f 217/217 216/216 221/221
f 235/235 222/222 236/236
f 224/224 236/236 222/222
f 214/214 216/216 215/215
f 218/218 215/215 216/216
f 215/215 211/211 206/206
f 234/234 206/206 211/211
f 211/211 210/210 234/234
f 230/230 234/234 210/210
f 211/211 215/215 213/213
f 218/218 213/213 215/215
f 237/237 238/238 239/239
f 240/240 239/239 238/238
f 241/241 242/242 243/243
f 243/243 244/244 241/241
f 241/241 244/244 92/92
f 92/92 91/91 241/241
f 242/242 245/245 246/246
f 246/246 247/247 242/242
f 248/248 245/245 242/242
f 242/242 241/241 248/248
f 248/248 241/241 91/91
f 91/91 97/97 248/248
f 98/98 99/99 247/247
f 247/247 246/246 98/98
f 249/249 103/103 102/102
f 102/102 250/250 249/249
f 251/251 252/252 253/253
f 253/253 254/254 251/251
f 255/255 256/256 257/257
f 257/257 258/258 255/255
f 259/259 260/260 254/254
f 254/254 253/253 259/259
f 251/251 258/258 257/257
f 257/257 252/252 251/251
f 261/261 262/262 263/263
f 263/263 264/264 261/261
f 255/255 261/261 264/264
f 264/264 256/256 255/255
f 265/265 256/256 264/264
f 264/264 266/266 265/265
f 267/267 252/252 257/257
f 257/257 268/268 267/267
f 269/269 270/270 271/271
f 271/271 272/272 269/269
f 271/271 273/273 274/274
f 274/274 275/275 271/271
f 276/276 277/277 278/278
f 278/278 279/279 276/276
f 274/274 280/280 281/281
f 281/281 275/275 274/274
f 282/282 277/277 276/276
f 276/276 283/283 282/282
f 284/284 285/285 265/265
f 265/265 266/266 284/284
f 285/285 286/286 268/268
f 268/268 265/265 285/285
f 287/287 288/288 285/285
f 285/285 284/284 287/287
f 285/285 288/288 289/289
f 289/289 286/286 285/285
f 267/267 290/290 291/291
f 291/291 273/273 267/267
f 291/291 290/290 292/292
f 292/292 293/293 291/291
f 292/292 290/290 286/286
f 286/286 289/289 292/292
f 284/284 294/294 295/295
f 295/295 287/287 284/284
f 286/286 290/290 267/267
f 267/267 268/268 286/286
f 278/278 294/294 284/284
f 284/284 266/266 278/278
f 287/287 295/295 296/296
f 296/296 297/297 287/287
f 281/281 298/298 299/299
f 299/299 275/275 281/281
f 271/271 275/275 299/299
f 299/299 272/272 271/271
f 256/256 265/265 268/268
f 268/268 257/257 256/256
f 300/300 301/301 302/302
f 302/302 303/303 300/300
f 157/157 158/158 301/301
f 301/301 300/300 157/157
f 304/304 305/305 103/103
f 50/50 33/33 306/306
f 7/7 6/6 26/26
f 17/17 307/307 18/18
f 49/49 308/308 309/309
f 8/8 47/47 46/46
f 309/309 10/10 49/49
f 44/44 38/38 310/310
f 1/1 15/15 13/13
f 4/4 44/44 310/310
f 37/37 310/310 38/38
f 308/308 48/48 311/311
f 35/35 45/45 16/16
f 46/46 20/20 5/5
f 5/5 8/8 46/46
f 4/4 310/310 16/16
f 13/13 15/15 309/309
f 306/306 24/24 312/312
f 19/19 23/23 6/6
f 29/29 307/307 17/17
f 42/42 307/307 29/29
f 5/5 19/19 6/6
f 21/21 34/34 312/312
f 21/21 312/312 22/22
f 5/5 20/20 19/19
f 309/309 15/15 46/46
f 313/313 14/14 314/314
f 37/37 16/16 310/310
f 37/37 40/40 35/35
f 37/37 35/35 16/16
f 13/13 309/309 314/314
f 306/306 33/33 24/24
f 23/23 32/32 6/6
f 24/24 22/22 312/312
f 45/45 20/20 46/46
f 309/309 308/308 314/314
f 14/14 13/13 314/314
f 47/47 309/309 46/46
f 309/309 47/47 10/10
f 35/35 40/40 36/36
f 308/308 49/49 48/48
f 72/72 73/73 315/315
f 316/316 317/317 75/75
f 80/80 78/78 79/79
f 74/74 316/316 75/75
f 318/318 317/317 316/316
f 52/52 54/54 67/67
f 319/319 81/81 82/82
f 320/320 321/321 322/322
f 323/323 320/320 322/322
f 324/324 320/320 323/323
f 322/322 321/321 325/325
f 325/325 321/321 326/326
f 83/83 324/324 84/84
f 323/323 84/84 324/324
f 327/327 86/86 328/328
f 86/86 327/327 85/85
f 329/329 330/330 331/331
f 332/332 333/333 331/331
f 333/333 334/334 331/331
f 335/335 332/332 331/331
f 334/334 329/329 331/331
f 330/330 336/336 331/331
f 93/93 90/90 337/337
f 338/338 337/337 90/90
f 89/89 338/338 90/90
f 155/155 101/101 100/100
f 155/155 154/154 101/101
f 305/305 100/100 103/103
f 119/119 339/339 115/115
f 124/124 120/120 125/125
f 125/125 107/107 106/106
f 125/125 106/106 122/122
f 122/122 106/106 112/112
f 339/339 340/340 116/116
f 128/128 120/120 124/124
f 340/340 339/339 130/130
f 136/136 135/135 341/341
f 339/339 119/119 131/131
f 130/130 339/339 131/131
f 116/116 115/115 339/339
f 147/147 150/150 342/342
f 120/120 107/107 125/125
f 304/304 103/103 343/343
f 205/205 344/344 189/189
f 165/165 185/185 166/166
f 176/176 175/175 345/345
f 202/202 346/346 308/308
f 164/164 199/199 201/201
f 346/346 202/202 170/170
f 44/44 347/347 38/38
f 159/159 172/172 173/173
f 160/160 347/347 44/44
f 195/195 38/38 347/347
f 308/308 311/311 203/203
f 194/194 174/174 200/200
f 199/199 163/163 180/180
f 163/163 199/199 164/164
f 160/160 174/174 347/347
f 172/172 346/346 173/173
f 344/344 348/348 182/182
f 177/177 166/166 181/181
f 186/186 176/176 345/345
f 198/198 186/186 345/345
f 163/163 166/166 177/177
f 179/179 348/348 192/192
f 179/179 178/178 348/348
f 163/163 177/177 180/180
f 346/346 199/199 173/173
f 313/313 314/314 171/171
f 195/195 347/347 174/174
f 195/195 194/194 196/196
f 195/195 174/174 194/194
f 172/172 314/314 346/346
f 344/344 182/182 189/189
f 181/181 166/166 190/190
f 182/182 348/348 178/178
f 200/200 199/199 180/180
f 346/346 314/314 308/308
f 171/171 314/314 172/172
f 201/201 199/199 346/346
f 346/346 170/170 201/201
f 194/194 193/193 196/196
f 308/308 203/203 202/202
f 349/349 226/226 227/227
f 228/228 350/350 351/351
f 230/230 232/232 234/234
f 228/228 351/351 229/229
f 351/351 350/350 352/352
f 220/220 208/208 209/209
f 235/235 236/236 353/353
f 354/354 355/355 356/356
f 354/354 356/356 357/357
f 357/357 356/356 358/358
f 359/359 355/355 354/354
f 360/360 355/355 359/359
f 238/238 358/358 240/240
f 358/358 238/238 357/357
f 361/361 237/237 362/362
f 239/239 362/362 237/237
f 363/363 364/364 365/365
f 363/363 366/366 367/367
f 363/363 368/368 366/366
f 363/363 367/367 369/369
f 363/363 365/365 368/368
f 363/363 370/370 364/364
f 247/247 371/371 242/242
f 372/372 242/242 371/371
f 243/243 242/242 372/372
f 302/302 249/249 250/250
f 302/302 250/250 303/303
f 343/343 103/103 249/249
f 266/266 264/264 373/373
f 271/271 270/270 267/267
f 270/270 253/253 252/252
f 270/270 269/269 253/253
f 269/269 259/259 253/253
f 373/373 263/263 374/374
f 273/273 271/271 267/267
f 374/374 279/279 373/373
f 283/283 375/375 282/282
f 373/373 278/278 266/266
f 279/279 278/278 373/373
f 263/263 373/373 264/264
f 295/295 376/376 296/296
f 267/267 270/270 252/252
f 377/377 378/378 379/379
f 379/379 380/380 377/377
f 381/381 382/382 383/383
f 383/383 384/384 381/381
f 385/385 386/386 387/387
f 387/387 388/388 385/385
f 389/389 386/386 385/385
f 385/385 390/390 389/389
f 391/391 392/392 393/393
f 393/393 394/394 391/391
f 395/395 391/391 394/394
f 394/394 396/396 395/395
f 397/397 398/398 399/399
f 399/399 400/400 397/397
f 400/400 399/399 401/401
f 401/401 402/402 400/400
f 403/403 404/404 405/405
f 405/405 406/406 403/403
f 407/407 408/408 403/403
f 403/403 406/406 407/407
f 409/409 410/410 411/411
f 411/411 412/412 409/409
f 413/413 414/414 410/410
f 410/410 409/409 413/413
f 415/415 416/416 417/417
f 417/417 418/418 415/415
f 416/416 419/419 420/420
f 420/420 417/417 416/416
f 421/421 422/422 423/423
f 423/423 424/424 421/421
f 425/425 426/426 427/427
f 427/427 428/428 425/425
f 429/429 430/430 431/431
f 431/431 432/432 429/429
f 433/433 434/434 429/429
f 429/429 432/432 433/433
f 435/435 436/436 437/437
f 437/437 438/438 435/435
f 439/439 440/440 436/436
f 436/436 435/435 439/439
f 441/441 442/442 443/443
f 443/443 444/444 441/441
f 442/442 402/402 401/401
f 401/401 443/443 442/442
f 445/445 446/446 447/447
f 447/447 448/448 445/445
f 449/449 446/446 445/445
f 445/445 450/450 449/449
f 451/451 452/452 453/453
f 453/453 454/454 451/451
f 455/455 451/451 454/454
f 454/454 456/456 455/455
f 457/457 458/458 459/459
f 459/459 460/460 457/457
f 460/460 459/459 420/420
f 420/420 419/419 460/460
f 461/461 462/462 463/463
f 462/462 464/464 463/463
f 465/465 461/461 463/463
f 466/466 462/462 461/461
f 467/467 466/466 461/461
f 467/467 468/468 466/466
f 468/468 467/467 469/469
f 470/470 465/465 463/463
f 471/471 472/472 473/473
f 471/471 474/474 472/472
f 471/471 473/473 475/475
f 473/473 472/472 476/476
f 473/473 476/476 477/477
f 476/476 478/478 477/477
f 479/479 477/477 478/478
f 471/471 475/475 480/480
f 481/481 482/482 483/483
f 380/380 484/484 377/377
f 485/485 386/386 389/389
f 486/486 487/487 485/485
f 387/387 485/485 488/488
f 485/485 489/489 488/488
f 490/490 485/485 389/389
f 490/490 486/486 485/485
f 485/485 387/387 386/386
f 487/487 489/489 485/485
f 392/392 391/391 491/491
f 492/492 394/394 393/393
f 493/493 398/398 492/492
f 493/493 399/399 398/398
f 494/494 399/399 493/493
f 495/495 496/496 394/394
f 495/495 497/497 496/496
f 398/398 497/497 495/495
f 391/391 395/395 491/491
f 398/398 495/495 492/492
f 398/398 397/397 497/497
f 494/494 401/401 399/399
f 492/492 495/495 394/394
f 496/496 396/396 394/394
f 498/498 407/407 406/406
f 499/499 498/498 500/500
f 405/405 501/501 498/498
f 498/498 501/501 502/502
f 503/503 407/407 498/498
f 503/503 498/498 499/499
f 498/498 406/406 405/405
f 500/500 498/498 502/502
f 412/412 504/504 409/409
f 505/505 411/411 410/410
f 506/506 505/505 418/418
f 506/506 418/418 417/417
f 507/507 506/506 417/417
f 508/508 410/410 509/509
f 508/508 509/509 510/510
f 418/418 508/508 510/510
f 409/409 504/504 413/413
f 418/418 505/505 508/508
f 418/418 510/510 415/415
f 507/507 417/417 420/420
f 505/505 410/410 508/508
f 509/509 410/410 414/414
f 511/511 512/512 462/462
f 462/462 512/512 464/464
f 513/513 512/512 511/511
f 466/466 511/511 462/462
f 514/514 511/511 466/466
f 514/514 466/466 468/468
f 468/468 515/515 514/514
f 516/516 512/512 513/513
f 517/517 518/518 472/472
f 517/517 472/472 474/474
f 517/517 519/519 518/518
f 518/518 476/476 472/472
f 518/518 520/520 476/476
f 476/476 520/520 478/478
f 521/521 478/478 520/520
f 517/517 522/522 519/519
f 523/523 524/524 525/525
f 422/422 421/421 526/526
f 527/527 433/433 432/432
f 528/528 527/527 529/529
f 431/431 530/530 527/527
f 527/527 530/530 531/531
f 532/532 433/433 527/527
f 532/532 527/527 528/528
f 527/527 432/432 431/431
f 529/529 527/527 531/531
f 438/438 533/533 435/435
f 534/534 437/437 436/436
f 535/535 534/534 444/444
f 535/535 444/444 443/443
f 494/494 535/535 443/443
f 536/536 436/436 537/537
f 536/536 537/537 538/538
f 444/444 536/536 538/538
f 435/435 533/533 439/439
f 444/444 534/534 536/536
f 444/444 538/538 441/441
f 494/494 443/443 401/401
f 534/534 436/436 536/536
f 537/537 436/436 440/440
f 539/539 446/446 449/449
f 540/540 541/541 539/539
f 447/447 539/539 542/542
f 539/539 543/543 542/542
f 544/544 539/539 449/449
f 544/544 540/540 539/539
f 539/539 447/447 446/446
f 541/541 543/543 539/539
f 452/452 451/451 545/545
f 546/546 454/454 453/453
f 547/547 458/458 546/546
f 547/547 459/459 458/458
f 507/507 459/459 547/547
f 548/548 549/549 454/454
f 548/548 550/550 549/549
f 458/458 550/550 548/548
f 451/451 455/455 545/545
f 458/458 548/548 546/546
f 458/458 457/457 550/550
f 507/507 420/420 459/459
f 546/546 548/548 454/454
f 549/549 456/456 454/454
f 551/551 552/552 553/553
f 553/553 554/554 551/551
f 555/555 556/556 557/557
f 557/557 551/551 555/555
f 557/557 558/558 559/559
f 559/559 552/552 557/557
f 560/560 561/561 562/562
f 562/562 563/563 560/560
f 564/564 565/565 566/566
f 566/566 567/567 564/564
f 566/566 568/568 569/569
f 569/569 570/570 566/566
f 571/571 572/572 573/573
f 574/574 575/575 576/576
f 577/577 573/573 572/572
f 572/572 578/578 577/577
f 565/565 579/579 568/568
f 568/568 566/566 565/565
f 567/567 566/566 570/570
f 570/570 580/580 567/567
f 579/579 581/581 582/582
f 582/582 568/568 579/579
f 583/583 581/581 584/584
f 584/584 585/585 583/583
f 586/586 587/587 588/588
f 588/588 589/589 586/586
f 590/590 591/591 589/589
f 589/589 588/588 590/590
f 592/592 593/593 594/594
f 594/594 586/586 592/592
f 595/595 596/596 597/597
f 597/597 598/598 595/595
f 599/599 600/600 601/601
f 601/601 602/602 599/599
f 603/603 599/599 602/602
f 602/602 604/604 603/603
f 605/605 600/600 599/599
f 599/599 606/606 605/605
f 606/606 599/599 603/603
f 603/603 607/607 606/606
f 608/608 609/609 610/610
f 610/610 611/611 608/608
f 612/612 608/608 611/611
f 611/611 613/613 612/612
f 614/614 615/615 616/616
f 616/616 617/617 614/614
f 618/618 615/615 614/614
f 614/614 619/619 618/618
f 573/573 577/577 581/581
f 581/581 583/583 573/573
f 620/620 621/621 622/622
f 622/622 623/623 620/620
f 624/624 625/625 620/620
f 620/620 623/623 624/624
f 626/626 627/627 628/628
f 628/628 629/629 626/626
f 630/630 626/626 631/631
f 631/631 632/632 630/630
f 631/631 629/629 633/633
f 633/633 634/634 631/631
f 635/635 636/636 637/637
f 637/637 638/638 635/635
f 639/639 640/640 641/641
f 641/641 642/642 639/639
f 641/641 643/643 644/644
f 644/644 645/645 641/641
f 642/642 641/641 645/645
f 645/645 646/646 642/642
f 640/640 647/647 643/643
f 643/643 641/641 640/640
f 646/646 645/645 648/648
f 648/648 649/649 646/646
f 583/583 585/585 650/650
f 650/650 649/649 583/583
f 651/651 652/652 653/653
f 653/653 654/654 651/651
f 655/655 653/653 652/652
f 652/652 656/656 655/655
f 657/657 651/651 658/658
f 658/658 659/659 657/657
f 660/660 661/661 662/662
f 662/662 663/663 660/660
f 664/664 665/665 666/666
f 666/666 667/667 664/664
f 668/668 669/669 665/665
f 665/665 664/664 668/668
f 670/670 671/671 664/664
f 664/664 667/667 670/670
f 671/671 672/672 668/668
f 668/668 664/664 671/671
f 673/673 674/674 675/675
f 675/675 676/676 673/673
f 677/677 678/678 674/674
f 674/674 673/673 677/677
f 614/614 617/617 679/679
f 679/679 680/680 614/614
f 681/681 619/619 614/614
f 614/614 680/680 681/681
f 573/573 583/583 649/649
f 649/649 571/571 573/573
f 682/682 623/623 622/622
f 622/622 621/621 682/682
f 624/624 623/623 682/682
f 682/682 683/683 624/624
f 684/684 554/554 553/553
f 685/685 557/557 556/556
f 559/559 558/558 686/686
f 551/551 687/687 555/555
f 554/554 687/687 551/551
f 688/688 557/557 685/685
f 689/689 690/690 691/691
f 557/557 552/552 551/551
f 684/684 692/692 554/554
f 693/693 694/694 695/695
f 696/696 697/697 563/563
f 697/697 698/698 560/560
f 698/698 699/699 560/560
f 700/700 701/701 560/560
f 700/700 702/702 701/701
f 699/699 700/700 560/560
f 697/697 560/560 563/563
f 703/703 704/704 705/705
f 706/706 707/707 708/708
f 693/693 709/709 710/710
f 711/711 712/712 705/705
f 713/713 714/714 708/708
f 693/693 695/695 709/709
f 558/558 688/688 690/690
f 707/707 713/713 708/708
f 704/704 711/711 705/705
f 689/689 558/558 690/690
f 693/693 562/562 561/561
f 693/693 561/561 694/694
f 558/558 689/689 686/686
f 689/689 715/715 686/686
f 558/558 557/557 688/688
f 554/554 692/692 687/687
f 716/716 570/570 569/569
f 717/717 565/565 564/564
f 577/577 582/582 581/581
f 579/579 718/718 581/581
f 568/568 582/582 719/719
f 578/578 720/720 577/577
f 578/578 721/721 720/720
f 722/722 723/723 578/578
f 578/578 572/572 722/722
f 716/716 580/580 570/570
f 565/565 718/718 579/579
f 717/717 718/718 565/565
f 582/582 724/724 719/719
f 718/718 584/584 581/581
f 720/720 724/724 577/577
f 577/577 724/724 582/582
f 578/578 723/723 721/721
f 721/721 725/725 720/720
f 723/723 725/725 721/721
f 726/726 591/591 590/590
f 727/727 728/728 591/591
f 729/729 586/586 594/594
f 589/589 592/592 586/586
f 729/729 587/587 586/586
f 726/726 727/727 591/591
f 728/728 592/592 589/589
f 728/728 589/589 591/591
f 730/730 592/592 728/728
f 730/730 593/593 592/592
f 731/731 732/732 733/733
f 734/734 595/595 732/732
f 732/732 731/731 734/734
f 597/597 735/735 598/598
f 734/734 736/736 596/596
f 734/734 596/596 595/595
f 737/737 600/600 738/738
f 739/739 740/740 603/603
f 600/600 605/605 738/738
f 737/737 601/601 600/600
f 740/740 607/607 603/603
f 604/604 739/739 603/603
f 610/610 609/609 741/741
f 609/609 742/742 741/741
f 743/743 744/744 613/613
f 744/744 612/612 613/613
f 745/745 615/615 618/618
f 745/745 616/616 615/615
f 746/746 747/747 748/748
f 749/749 746/746 750/750
f 747/747 751/751 748/748
f 751/751 752/752 748/748
f 753/753 750/750 620/620
f 625/625 753/753 620/620
f 752/752 754/754 748/748
f 755/755 756/756 754/754
f 757/757 758/758 759/759
f 756/756 621/621 754/754
f 751/751 760/760 752/752
f 759/759 761/761 621/621
f 756/756 757/757 621/621
f 757/757 759/759 621/621
f 750/750 748/748 620/620
f 620/620 748/748 621/621
f 621/621 748/748 754/754
f 746/746 748/748 750/750
f 753/753 749/749 750/750
f 762/762 628/628 627/627
f 763/763 632/632 631/631
f 633/633 764/764 634/634
f 626/626 630/630 765/765
f 627/627 626/626 765/765
f 766/766 763/763 631/631
f 767/767 768/768 769/769
f 631/631 626/626 629/629
f 762/762 627/627 770/770
f 771/771 772/772 773/773
f 774/774 636/636 775/775
f 775/775 635/635 776/776
f 776/776 635/635 777/777
f 778/778 635/635 779/779
f 778/778 779/779 780/780
f 777/777 635/635 778/778
f 775/775 636/636 635/635
f 781/781 782/782 783/783
f 784/784 708/708 785/785
f 771/771 786/786 787/787
f 788/788 782/782 789/789
f 790/790 708/708 714/714
f 771/771 787/787 772/772
f 634/634 769/769 766/766
f 785/785 708/708 790/790
f 783/783 782/782 788/788
f 767/767 769/769 634/634
f 771/771 638/638 637/637
f 771/771 773/773 638/638
f 634/634 764/764 767/767
f 767/767 764/764 791/791
f 634/634 766/766 631/631
f 627/627 765/765 770/770
f 792/792 644/644 643/643
f 793/793 639/639 642/642
f 571/571 649/649 648/648
f 646/646 649/649 794/794
f 645/645 795/795 648/648
f 796/796 571/571 797/797
f 571/571 796/796 572/572
f 798/798 799/799 800/800
f 796/796 797/797 801/801
f 722/722 796/796 802/802
f 796/796 722/722 572/572
f 792/792 643/643 647/647
f 642/642 646/646 794/794
f 793/793 642/642 794/794
f 648/648 795/795 803/803
f 794/794 649/649 650/650
f 797/797 571/571 803/803
f 571/571 648/648 803/803
f 796/796 801/801 802/802
f 801/801 797/797 804/804
f 802/802 801/801 804/804
f 805/805 655/655 656/656
f 806/806 656/656 807/807
f 808/808 658/658 651/651
f 652/652 651/651 657/657
f 808/808 651/651 654/654
f 805/805 656/656 806/806
f 807/807 652/652 657/657
f 807/807 656/656 652/652
f 809/809 807/807 657/657
f 809/809 657/657 659/659
f 810/810 811/811 812/812
f 813/813 812/812 660/660
f 812/812 813/813 810/810
f 662/662 661/661 814/814
f 813/813 663/663 815/815
f 813/813 660/660 663/663
f 816/816 817/817 667/667
f 818/818 668/668 819/819
f 667/667 817/817 670/670
f 816/816 667/667 666/666
f 819/819 668/668 672/672
f 669/669 668/668 818/818
f 675/675 820/820 676/676
f 676/676 820/820 821/821
f 822/822 678/678 823/823
f 823/823 678/678 677/677
f 824/824 681/681 680/680
f 824/824 680/680 679/679
f 825/825 826/826 827/827
f 828/828 829/829 825/825
f 827/827 826/826 830/830
f 830/830 826/826 831/831
f 832/832 682/682 829/829
f 683/683 682/682 832/832
f 831/831 826/826 833/833
f 834/834 833/833 835/835
f 836/836 837/837 838/838
f 835/835 833/833 621/621
f 830/830 831/831 839/839
f 837/837 621/621 761/761
f 835/835 621/621 836/836
f 836/836 621/621 837/837
f 829/829 682/682 826/826
f 682/682 621/621 826/826
f 621/621 833/833 826/826
f 825/825 829/829 826/826
f 832/832 829/829 828/828
f 840/840 841/841 842/842
f 842/842 843/843 840/840
f 844/844 840/840 845/845
f 845/845 846/846 844/844
f 845/845 843/843 847/847
f 847/847 848/848 845/845
f 849/849 850/850 851/851
f 851/851 852/852 849/849
f 853/853 854/854 855/855
f 855/855 856/856 853/853
f 855/855 857/857 858/858
f 858/858 859/859 855/855
f 860/860 861/861 862/862
f 863/863 864/864 865/865
f 866/866 867/867 862/862
f 862/862 861/861 866/866
f 856/856 855/855 859/859
f 859/859 868/868 856/856
f 854/854 869/869 857/857
f 857/857 855/855 854/854
f 868/868 859/859 870/870
f 870/870 871/871 868/868
f 872/872 873/873 874/874
f 874/874 871/871 872/872
f 875/875 876/876 877/877
f 877/877 878/878 875/875
f 879/879 877/877 876/876
f 876/876 880/880 879/879
f 881/881 875/875 882/882
f 882/882 883/883 881/881
f 884/884 885/885 886/886
f 886/886 887/887 884/884
f 888/888 889/889 890/890
f 890/890 891/891 888/888
f 892/892 893/893 889/889
f 889/889 888/888 892/892
f 894/894 895/895 888/888
f 888/888 891/891 894/894
f 895/895 896/896 892/892
f 892/892 888/888 895/895
f 897/897 898/898 899/899
f 899/899 900/900 897/897
f 901/901 902/902 898/898
f 898/898 897/897 901/901
f 903/903 904/904 905/905
f 905/905 906/906 903/903
f 907/907 908/908 903/903
f 903/903 906/906 907/907
f 861/861 872/872 871/871
f 871/871 866/866 861/861
f 909/909 910/910 911/911
f 911/911 912/912 909/909
f 913/913 910/910 909/909
f 909/909 914/914 913/913
f 915/915 916/916 917/917
f 917/917 918/918 915/915
f 919/919 920/920 921/921
f 921/921 915/915 919/919
f 921/921 922/922 923/923
f 923/923 916/916 921/921
f 924/924 925/925 926/926
f 926/926 927/927 924/924
f 928/928 929/929 930/930
f 930/930 931/931 928/928
f 930/930 932/932 933/933
f 933/933 934/934 930/930
f 929/929 935/935 932/932
f 932/932 930/930 929/929
f 931/931 930/930 934/934
f 934/934 936/936 931/931
f 935/935 937/937 938/938
f 938/938 932/932 935/935
f 872/872 937/937 939/939
f 939/939 873/873 872/872
f 940/940 941/941 942/942
f 942/942 943/943 940/940
f 944/944 945/945 943/943
f 943/943 942/942 944/944
f 946/946 947/947 948/948
f 948/948 940/940 946/946
f 949/949 950/950 951/951
f 951/951 952/952 949/949
f 953/953 954/954 955/955
f 955/955 956/956 953/953
f 957/957 953/953 956/956
f 956/956 958/958 957/957
f 959/959 954/954 953/953
f 953/953 960/960 959/959
f 960/960 953/953 957/957
f 957/957 961/961 960/960
f 962/962 963/963 964/964
f 964/964 965/965 962/962
f 966/966 962/962 965/965
f 965/965 967/967 966/966
f 903/903 968/968 969/969
f 969/969 904/904 903/903
f 970/970 968/968 903/903
f 903/903 908/908 970/970
f 861/861 860/860 937/937
f 937/937 872/872 861/861
f 971/971 912/912 911/911
f 911/911 910/910 971/971
f 913/913 972/972 971/971
f 971/971 910/910 913/913
f 973/973 842/842 841/841
f 974/974 846/846 845/845
f 847/847 975/975 848/848
f 840/840 844/844 976/976
f 841/841 840/840 976/976
f 977/977 974/974 845/845
f 978/978 979/979 980/980
f 845/845 840/840 843/843
f 973/973 841/841 981/981
f 982/982 983/983 984/984
f 985/985 850/850 986/986
f 986/986 849/849 987/987
f 987/987 849/849 988/988
f 989/989 849/849 990/990
f 989/989 990/990 991/991
f 988/988 849/849 989/989
f 986/986 850/850 849/849
f 992/992 993/993 994/994
f 995/995 996/996 992/992
f 982/982 997/997 998/998
f 999/999 993/993 1000/1000
f 993/993 996/996 1000/1000
f 982/982 998/998 983/983
f 848/848 980/980 977/977
f 992/992 996/996 993/993
f 994/994 993/993 999/999
f 978/978 980/980 848/848
f 982/982 852/852 851/851
f 982/982 984/984 852/852
f 848/848 975/975 978/978
f 978/978 975/975 1001/1001
f 848/848 977/977 845/845
f 841/841 976/976 981/981
f 1002/1002 858/858 857/857
f 1003/1003 853/853 856/856
f 866/866 871/871 870/870
f 868/868 871/871 1004/1004
f 859/859 1005/1005 870/870
f 867/867 866/866 1006/1006
f 867/867 1006/1006 1007/1007
f 1008/1008 867/867 1009/1009
f 867/867 1008/1008 862/862
f 1002/1002 857/857 869/869
f 856/856 868/868 1004/1004
f 1003/1003 856/856 1004/1004
f 870/870 1005/1005 1010/1010
f 1004/1004 871/871 874/874
f 1006/1006 866/866 1010/1010
f 866/866 870/870 1010/1010
f 867/867 1007/1007 1009/1009
f 1007/1007 1006/1006 1011/1011
f 1009/1009 1007/1007 1011/1011
f 1012/1012 879/879 880/880
f 1013/1013 880/880 1014/1014
f 1015/1015 882/882 875/875
f 876/876 875/875 881/881
f 1015/1015 875/875 878/878
f 1012/1012 880/880 1013/1013
f 1014/1014 876/876 881/881
f 1014/1014 880/880 876/876
f 1016/1016 1014/1014 881/881
f 1016/1016 881/881 883/883
f 1017/1017 1018/1018 1019/1019
f 1020/1020 1019/1019 884/884
f 1019/1019 1020/1020 1017/1017
f 886/886 885/885 1021/1021
f 1020/1020 887/887 1022/1022
f 1020/1020 884/884 887/887
f 1023/1023 1024/1024 891/891
f 1025/1025 892/892 1026/1026
f 891/891 1024/1024 894/894
f 1023/1023 891/891 890/890
f 1026/1026 892/892 896/896
f 893/893 892/892 1025/1025
f 899/899 1027/1027 900/900
f 900/900 1027/1027 1028/1028
f 1029/1029 902/902 1030/1030
f 1030/1030 902/902 901/901
f 1031/1031 907/907 906/906
f 1031/1031 906/906 905/905
f 1032/1032 1033/1033 1034/1034
f 1035/1035 1036/1036 1032/1032
f 1034/1034 1033/1033 1037/1037
f 1037/1037 1033/1033 1038/1038
f 1039/1039 909/909 1036/1036
f 914/914 909/909 1039/1039
f 1038/1038 1033/1033 1040/1040
f 1041/1041 1040/1040 1042/1042
f 1043/1043 1044/1044 1045/1045
f 1042/1042 1040/1040 912/912
f 1037/1037 1038/1038 1046/1046
f 1044/1044 912/912 1047/1047
f 1042/1042 912/912 1043/1043
f 1043/1043 912/912 1044/1044
f 1036/1036 909/909 1033/1033
f 909/909 912/912 1033/1033
f 912/912 1040/1040 1033/1033
f 1032/1032 1036/1036 1033/1033
f 1039/1039 1036/1036 1035/1035
f 1048/1048 918/918 917/917
f 1049/1049 921/921 920/920
f 923/923 922/922 1050/1050
f 915/915 1051/1051 919/919
f 918/918 1051/1051 915/915
f 1052/1052 921/921 1049/1049
f 1053/1053 1054/1054 1055/1055
f 921/921 916/916 915/915
f 1048/1048 1056/1056 918/918
f 1057/1057 1058/1058 1059/1059
f 1060/1060 1061/1061 927/927
f 1061/1061 1062/1062 924/924
f 1062/1062 1063/1063 924/924
f 1064/1064 1065/1065 924/924
f 1064/1064 1066/1066 1065/1065
f 1063/1063 1064/1064 924/924
f 1061/1061 924/924 927/927
f 1067/1067 1068/1068 1069/1069
f 1070/1070 1067/1067 1071/1071
f 1057/1057 1072/1072 1073/1073
f 1074/1074 1075/1075 1069/1069
f 1069/1069 1075/1075 1071/1071
f 1057/1057 1059/1059 1072/1072
f 922/922 1052/1052 1054/1054
f 1067/1067 1069/1069 1071/1071
f 1068/1068 1074/1074 1069/1069
f 1053/1053 922/922 1054/1054
f 1057/1057 926/926 925/925
f 1057/1057 925/925 1058/1058
f 922/922 1053/1053 1050/1050
f 1053/1053 1076/1076 1050/1050
f 922/922 921/921 1052/1052
f 918/918 1056/1056 1051/1051
f 1077/1077 934/934 933/933
f 1078/1078 929/929 928/928
f 860/860 938/938 937/937
f 935/935 1079/1079 937/937
f 932/932 938/938 1080/1080
f 1081/1081 1082/1082 860/860
f 860/860 862/862 1081/1081
f 1083/1083 1084/1084 1085/1085
f 1081/1081 1086/1086 1082/1082
f 1008/1008 1087/1087 1081/1081
f 1081/1081 862/862 1008/1008
f 1077/1077 936/936 934/934
f 929/929 1079/1079 935/935
f 1078/1078 1079/1079 929/929
f 938/938 1088/1088 1080/1080
f 1079/1079 939/939 937/937
f 1082/1082 1088/1088 860/860
f 860/860 1088/1088 938/938
f 1081/1081 1087/1087 1086/1086
f 1086/1086 1089/1089 1082/1082
f 1087/1087 1089/1089 1086/1086
f 1090/1090 945/945 944/944
f 1091/1091 1092/1092 945/945
f 1093/1093 940/940 948/948
f 943/943 946/946 940/940
f 1093/1093 941/941 940/940
f 1090/1090 1091/1091 945/945
f 1092/1092 946/946 943/943
f 1092/1092 943/943 945/945
f 1094/1094 946/946 1092/1092
f 1094/1094 947/947 946/946
f 1095/1095 1096/1096 1097/1097
f 1098/1098 949/949 1096/1096
f 1096/1096 1095/1095 1098/1098
f 951/951 1099/1099 952/952
f 1098/1098 1100/1100 950/950
f 1098/1098 950/950 949/949
f 1101/1101 954/954 1102/1102
f 1103/1103 1104/1104 957/957
f 954/954 959/959 1102/1102
f 1101/1101 955/955 954/954
f 1104/1104 961/961 957/957
f 958/958 1103/1103 957/957
f 964/964 963/963 1105/1105
f 963/963 1106/1106 1105/1105
f 1107/1107 1108/1108 967/967
f 1108/1108 966/966 967/967
f 1109/1109 968/968 970/970
f 1109/1109 969/969 968/968
f 1110/1110 1111/1111 1112/1112
f 1113/1113 1110/1110 1114/1114
f 1111/1111 1115/1115 1112/1112
f 1115/1115 1116/1116 1112/1112
f 1117/1117 1114/1114 971/971
f 972/972 1117/1117 971/971
f 1116/1116 1118/1118 1112/1112
f 1119/1119 1120/1120 1118/1118
f 1121/1121 1122/1122 1123/1123
f 1120/1120 912/912 1118/1118
f 1115/1115 1124/1124 1116/1116
f 1123/1123 1047/1047 912/912
f 1120/1120 1121/1121 912/912
f 1121/1121 1123/1123 912/912
f 1114/1114 1112/1112 971/971
f 971/971 1112/1112 912/912
f 912/912 1112/1112 1118/1118
f 1110/1110 1112/1112 1114/1114
f 1117/1117 1113/1113 1114/1114

g common_dress_male_85492
v 16.500870 1.603018 59.640590
v 13.220190 1.498536 58.101880
v 17.513580 1.425493 49.316570
v 19.513110 1.478632 49.975450
v 18.090470 5.003508 59.667980
v 20.348940 3.695650 50.140910
v 11.724630 4.701831 56.878530
v 13.182660 8.518309 57.045740
v 17.365980 5.572438 48.802280
v 16.649090 3.554680 48.732380
v 16.508410 8.497833 58.638570
v 19.363170 5.595742 49.717530
v 17.512160 0.605559 47.423240
v 20.637990 0.238101 47.912460
v 24.031460 3.261092 45.078710
v 17.961340 6.335875 47.002330
v 16.591980 3.406308 46.858490
v 20.816040 6.325472 47.205540
v 5.712013 8.334773 49.797020
v 0.290471 9.782926 50.461790
v 4.156775 5.993316 53.864210
v 0.080959 6.924801 54.339100
v 0.603163 12.335060 44.927070
v 7.093468 10.628090 44.632390
v 9.515634 15.332450 36.145910
v 1.638326 17.119320 36.571310
v 12.999900 21.341890 26.283280
v 3.601938 24.174610 26.676490
v 11.952920 41.625400 9.920998
v 6.753144 33.109950 16.857080
v 24.941460 39.381960 5.558681
v 17.957580 29.494580 16.297250
v 10.593620 16.097670 36.196840
v 16.778930 9.905231 36.142310
v 16.168210 22.964530 28.923280
v 26.103260 16.775210 24.206630
v 5.907011 8.302640 49.803460
v 9.296895 4.463781 49.165810
v 7.388607 10.768490 44.251740
v 12.135120 6.446807 44.128950
v 4.471060 5.910418 53.789690
v 6.813384 2.661212 53.559290
v 5.246173 4.148350 53.514090
v 6.718213 6.135200 49.521710
v -0.064282 8.602542 50.125910
v -0.064282 6.317777 53.535940
v 8.133408 7.880725 44.217380
v 10.560260 11.211010 34.895440
v -0.064292 14.098140 35.679100
v -0.064289 10.531170 44.686400
v 9.406246 0.616417 49.002530
v 7.290521 0.015579 53.383140
v 11.907180 1.556370 44.772640
v 4.726088 -5.609159 50.394820
v 8.475231 -4.870706 43.836310
v 17.332480 20.431220 9.439650
v -0.064299 25.474400 10.509390
v -0.064295 18.261530 24.620700
v 13.335630 14.922990 23.430820
v 24.755540 7.279202 7.304127
v 20.332130 4.573846 21.528360
v 16.157300 -4.709121 19.729390
v 18.615740 -4.864792 4.661528
v 4.107780 -5.026824 53.403170
v 13.464870 -3.331649 33.110990
v 15.888900 3.148804 34.045950
v 4.321375 -5.119075 53.360660
v 5.123199 -5.692114 50.801800
v 6.858325 -2.405638 53.398970
v 8.387511 -2.380100 50.621830
v 9.646892 -6.320841 43.856680
v 12.239150 -2.275548 44.825570
v 17.081490 -6.698619 21.826520
v 19.299120 -1.101020 25.356750
v 13.866500 -4.601062 32.937770
v 16.481980 -0.674915 34.220120
v -13.348760 1.498512 58.101890
v -16.629450 1.602996 59.640590
v -17.642150 1.425460 49.316580
v -19.641690 1.478600 49.975450
v -18.219060 5.003485 59.667970
v -20.477520 3.695616 50.140910
v -13.311240 8.518284 57.045730
v -11.853200 4.701807 56.878540
v -17.494550 5.572405 48.802280
v -16.777660 3.554648 48.732390
v -16.637000 8.497808 58.638550
v -19.491750 5.595708 49.717520
v -17.640740 0.605526 47.423250
v -20.766560 0.238066 47.912460
v -23.810830 3.249257 45.012630
v -18.089920 6.335838 47.002330
v -16.720550 3.406282 46.858500
v -20.944630 6.325437 47.205540
v -0.419034 9.782926 50.461790
v -5.840575 8.334773 49.797020
v -4.285340 5.993312 53.864210
v -0.209522 6.924801 54.339100
v -0.731744 12.335060 44.927080
v -7.222046 10.628080 44.632390
v -1.766914 17.119320 36.571310
v -9.644217 15.332440 36.145910
v -3.730536 24.174610 26.676490
v -13.128500 21.341880 26.283290
v -6.881756 33.109940 16.857070
v -12.081550 41.625390 9.920998
v -25.070080 39.381930 5.558681
v -18.086180 29.494550 16.297250
v -16.907510 9.905201 36.142310
v -10.722210 16.097660 36.196840
v -16.296800 22.964510 28.923270
v -26.231840 16.775170 24.206630
v -9.208911 4.337528 49.165810
v -6.035573 8.302640 49.803460
v -7.517184 10.768480 44.251750
v -11.734150 6.103654 44.128960
v -4.599624 5.910414 53.789690
v -6.941947 2.661207 53.559290
v -5.374738 4.148347 53.514100
v -6.846776 6.135200 49.521710
v -8.261980 7.880713 44.217380
v -10.688840 11.210990 34.895440
v -9.473159 0.640720 49.001440
v -7.419084 0.015572 53.383140
v -12.035750 1.556357 44.772640
v -8.603790 -4.870718 43.836340
v -4.854650 -5.609159 50.394820
v -17.461070 20.431200 9.439650
v -13.464210 14.922970 23.430820
v -24.884110 7.279164 7.304123
v -18.744290 -4.864822 4.661522
v -16.285850 -4.709142 19.729390
v -20.460700 4.573822 21.528360
v -4.236342 -5.026826 53.403160
v -16.017470 3.148786 34.045950
v -13.593430 -3.331663 33.111010
v -5.138092 -5.826475 50.569610
v -4.449936 -5.119079 53.360660
v -6.986887 -2.405642 53.398970
v -8.629002 -2.657962 49.905280
v -9.255467 -5.629772 43.878360
v -12.096820 -1.900384 44.831070
v -19.427680 -1.101047 25.356750
v -17.210040 -6.698643 21.826520
v -13.995060 -4.601078 32.937790
v -16.610540 -0.674932 34.220130
v 13.806120 0.994328 61.663850
v 17.583870 5.573143 63.607020
v 9.776374 5.051945 59.569090
v 13.489530 9.982183 61.053210
v -0.064281 -6.990188 56.767860
v -0.064281 -8.876740 53.324460
v 2.909692 -7.188920 53.330650
v -0.064281 -9.063617 48.307910
v 3.453854 -7.253222 48.702760
v 0.413540 -8.584307 48.794560
v 1.492810 -8.948799 43.291600
v 4.734100 -6.816422 50.051690
v 0.377994 -8.097604 50.916110
v 2.357959 -7.094210 52.569410
v 1.267052 -3.208233 73.115330
v -0.064263 -4.123419 73.609700
v -0.064262 -4.666440 71.417240
v -0.064269 -2.464334 74.341180
v 4.495854 -0.543945 28.908550
v 7.355252 -2.777023 28.711530
v 6.842621 -3.098669 33.433340
v 9.886195 -0.242849 29.488700
v 9.309111 0.226885 26.765260
v 9.349211 0.508173 25.159010
v 5.398762 0.237856 24.708870
v 7.782769 -0.173261 22.711810
v -0.064281 -6.256375 53.146610
v -0.064281 -7.235917 49.246120
v 5.750949 -6.623240 45.845570
v 5.255540 -0.106475 26.315900
v 10.827100 0.677317 30.916800
v 3.078187 0.283663 30.056080
v -13.934690 0.994308 61.663850
v -17.712460 5.573121 63.607000
v -9.904945 5.051921 59.569100
v -13.618120 9.982160 61.053200
v -3.038256 -7.188919 53.330650
v -3.582414 -7.253223 48.702760
v -1.621364 -8.948810 43.291640
v -0.542102 -8.584307 48.794560
v -4.862663 -6.816422 50.051690
v -0.506556 -8.097604 50.916110
v -2.486519 -7.094211 52.569410
v -1.395585 -3.208243 73.115330
v -6.971206 -3.098681 33.433350
v -7.483837 -2.777036 28.711540
v -4.624431 -0.543968 28.908550
v -10.014770 -0.242853 29.488710
v -9.477787 0.508164 25.159010
v -9.437687 0.226876 26.765270
v -7.911351 -0.173278 22.711820
v -5.527340 0.237831 24.708870
v -5.687912 -6.674236 46.097080
v -5.384118 -0.106499 26.315900
v -10.955670 0.677319 30.916800
v -3.206760 0.283634 30.056070
v 6.015948 0.141093 57.000790
v 8.859381 0.281690 54.622020
v 7.121204 2.778823 54.215070
v 9.165030 0.514889 50.477510
v 7.337709 -2.292132 54.204970
v -6.144511 0.141093 57.000790
v -7.249767 2.778818 54.215080
v -8.987942 0.281685 54.622020
v -9.293592 0.514884 50.477510
v -7.466271 -2.292137 54.204970
v 5.510859 -2.507141 59.720660
v 6.034388 -0.073933 59.506170
v 7.038265 0.590643 62.119050
v 6.122992 -2.386738 62.760110
v -6.251549 -2.386754 62.760110
v -7.166830 0.590626 62.119050
v -6.162951 -0.073935 59.506170
v -5.639421 -2.507142 59.720660
v 3.434017 -4.710408 59.858800
v 3.400568 -5.274448 56.583260
v 5.545870 -2.835083 56.620210
v -5.674433 -2.835083 56.620210
v -3.529131 -5.206257 56.583260
v -3.562580 -4.710409 59.858800
v 8.178810 1.247005 64.821760
v 7.295206 -1.723090 66.216930
v -7.423763 -1.723115 66.216940
v -8.307378 1.246977 64.821770
v 6.130557 -0.240015 56.684200
v -6.259120 -0.240015 56.684200
v 3.713070 -4.731303 63.603520
v -3.841622 -4.731311 63.603520
v 6.555758 -4.122594 53.484140
v 7.744018 -0.153217 53.405660
v -7.872580 -0.153222 53.405660
v -6.684320 -4.122599 53.484130
v 7.570360 -0.359355 73.508140
v 7.440010 2.630862 74.903700
v 4.595094 2.794270 76.468760
v 4.379763 0.040256 75.691670
v -4.284003 -0.042586 75.263230
v -4.715869 2.794234 76.468770
v -7.568579 2.630840 74.903710
v -7.698912 -0.359381 73.508160
v 4.781569 7.758923 68.414190
v -0.064309 8.117042 68.545290
v -0.064307 8.191814 72.211840
v 4.381611 7.358694 72.053660
v -4.510221 7.358663 72.053660
v -4.910184 7.758888 68.414190
v 6.034388 -0.073933 59.506170
v 3.720679 3.198965 59.157250
v 4.134065 4.457914 61.210870
v 7.038265 0.590643 62.119050
v -4.262639 4.457904 61.210870
v -3.849242 3.198965 59.157250
v -0.064282 4.385582 59.052640
v -0.064287 4.722222 61.196320
v 7.431852 5.104475 74.367990
v 7.190770 6.821784 72.160280
v 2.990440 5.130342 76.764080
v -3.111231 5.130322 76.764080
v -7.319362 6.821754 72.160280
v -7.560435 5.104453 74.367990
v 6.130557 -0.240015 56.684200
v 3.754336 3.069477 56.518390
v -3.882899 3.069477 56.518390
v 9.714863 2.633215 74.164430
v 9.228104 5.183194 73.778900
v 7.440010 2.630862 74.903700
v -9.356678 5.183182 73.778900
v -9.843431 2.633202 74.164430
v 9.714863 2.633215 74.164430
v 9.659900 0.121405 72.608090
v 11.436650 0.336735 72.289530
v 11.862030 2.857082 73.716870
v -11.990600 2.857063 73.716870
v -11.565210 0.336719 72.289540
v -9.788462 0.121391 72.608090
v -9.843431 2.633202 74.164430
v 7.750081 -1.435176 71.391920
v 8.076927 -1.796763 69.373610
v 9.909833 -0.532681 68.903440
v 9.710331 -0.464844 70.846540
v -9.874004 -0.817749 70.807750
v -10.082340 -0.974404 68.854890
v -8.205478 -1.796799 69.373620
v -7.878633 -1.435209 71.391940
v 8.004660 6.771441 69.285250
v -8.133251 6.771406 69.285250
v 4.821267 6.126281 63.858330
v -0.064293 6.481959 63.730150
v -4.949851 6.126264 63.858330
v 8.178810 1.247005 64.821760
v -0.060399 6.103380 76.669710
v 8.682534 7.132788 71.927670
v -8.974373 7.150157 71.917330
v -0.064282 4.756213 56.616910
v 11.239470 4.610024 60.631710
v 9.894482 4.281405 63.217280
v 9.988636 7.821127 64.323960
v 12.003920 7.383214 61.005920
v -12.144190 7.364822 61.234950
v -10.164440 8.042263 64.224370
v -10.023060 4.281388 63.217280
v -11.463800 4.626639 60.488920
v 15.820240 5.078033 62.897220
v 14.758960 2.641556 62.134660
v 15.200300 2.577056 61.210850
v 16.375550 5.168713 61.767520
v -16.568170 5.182399 61.632200
v -15.453580 2.891810 61.252700
v -14.917120 2.374229 62.074250
v -15.858090 5.069957 62.913750
v 12.538760 2.435178 61.005400
v 12.828260 2.399415 60.078760
v -12.639080 2.689965 60.122660
v -12.462360 2.416935 60.985650
v 11.701580 4.637798 59.516820
v 12.607690 7.602120 59.908600
v -12.685830 7.597676 59.984840
v -11.925930 4.547608 59.500070
v 14.312690 7.767538 62.359950
v 14.862930 8.018818 61.063220
v -15.214730 8.030094 61.153800
v -14.441270 7.767517 62.359940
v 13.748850 4.026537 68.415600
v 12.480060 0.873578 67.925500
v 13.708790 1.680927 64.805370
v 14.936660 4.629033 65.619080
v -15.006590 4.623782 65.613560
v -13.848680 1.567072 64.792860
v -12.612290 1.126164 67.955770
v -13.899910 4.057553 68.153880
v 11.239470 4.610024 60.631710
v 11.701580 4.637798 59.516820
v -11.925930 4.547608 59.500070
v -11.463800 4.626639 60.488920
v 8.815157 2.889715 65.794290
v 9.894482 4.281405 63.217280
v 11.510750 1.394575 63.770160
v 9.976892 0.168254 67.510980
v -10.033770 0.599274 67.555920
v -11.644460 1.403771 63.733220
v -10.023060 4.281388 63.217280
v -8.943731 2.889677 65.794300
v 13.155290 7.770980 65.592780
v 12.093830 7.118941 68.227400
v -12.308320 7.122294 68.274480
v -13.099890 7.961302 65.564190
v 8.973785 7.086961 66.850840
v 8.815157 2.889715 65.794290
v -8.943731 2.889677 65.794300
v -9.102369 7.086947 66.850830
v 4.022686 -6.336407 53.516270
v -0.064281 -7.545469 53.558430
v -4.151247 -6.082438 53.516260
v 12.941770 3.537683 70.712340
v 11.394990 6.736609 70.687990
v -11.653200 6.747567 70.705480
v -13.070340 3.537668 70.712340
v 8.004660 6.771441 69.285250
v 8.682534 7.132788 71.927670
v 10.537540 6.067356 73.466960
v -11.201280 6.140186 73.288760
v -8.974373 7.150157 71.917330
v -8.133251 6.771406 69.285250
v 12.044760 0.675304 69.827520
v -12.159020 0.819016 69.843350
v 16.626700 2.232897 58.740330
v 17.675210 4.786671 59.357750
v -17.803800 4.786647 59.357730
v -16.755280 2.232873 58.740330
v 13.818580 2.166362 57.234050
v -13.575820 2.140410 57.513370
v 13.685380 7.709455 57.026760
v 12.606340 4.531342 56.677080
v -12.673840 4.164435 56.775390
v -13.795270 7.705789 57.156330
v 16.387940 7.924862 58.402220
v -16.739800 7.935199 58.492740
v 12.606340 4.531342 56.677080
v -12.673840 4.164435 56.775390
v 4.595094 2.794270 76.468760
v 2.990440 5.130342 76.764080
v 2.637335 4.810802 80.066140
v 4.817334 2.625656 79.250120
v -4.945908 2.625623 79.250120
v -2.765924 4.810782 80.066140
v -3.111231 5.130322 76.764080
v -4.715869 2.794234 76.468770
v -0.064297 5.443096 80.349270
v -0.060399 6.103380 76.669710
v -0.060371 -2.403070 74.275850
v 2.534297 -1.559952 74.613530
v 2.927870 -2.561736 77.329440
v 0.415240 -3.442228 77.096190
v -0.543769 -3.442232 77.096190
v -3.056405 -2.561757 77.329430
v -2.655042 -1.559970 74.613530
v 4.379763 0.040256 75.691670
v 4.788030 0.169286 78.243290
v -4.916585 0.169253 78.243290
v -4.284003 -0.042586 75.263230
v 9.659900 0.121405 72.608090
v 9.714863 2.633215 74.164430
v -9.788462 0.121391 72.608090
v 9.228104 5.183194 73.778900
v -9.356678 5.183182 73.778900
v 4.837368 -7.099287 50.919990
v -4.897455 -7.051069 50.818350
v 4.595094 2.794270 76.468760
v 3.430398 6.584116 53.841640
v -0.064282 8.074064 54.966690
v -3.558963 6.584113 53.841640
v 8.754368 0.013532 67.920350
v -8.882927 0.013494 67.920360
v -0.064275 -5.328456 63.973210
v 4.318138 -4.561451 68.197310
v -4.446673 -4.662420 67.756070
v -0.064281 -5.202589 59.931310
v 8.815157 2.889715 65.794290
v -8.943731 2.889677 65.794300
v -0.064281 -6.061244 56.502330
v 11.393800 -5.108180 49.096100
v -11.855080 -5.334149 48.714390
v 3.373716 -3.746564 71.270830
v -3.527776 -3.746725 71.269170
v 7.744018 -0.153217 53.405660
v 5.695353 5.221701 54.546630
v -6.868045 4.811906 54.003050
v 8.815157 2.889715 65.794290
v 9.909833 -0.532681 68.903440
v -10.082340 -0.974404 68.854890
v 9.710331 -0.464844 70.846540
v -9.874004 -0.817749 70.807750
v 9.976892 0.168254 67.510980
v -10.033770 0.599274 67.555920
v 3.072218 -3.699631 72.026690
v 4.318138 -4.561451 68.197310
v 6.975389 -2.625243 72.847360
v -6.729316 -2.857006 72.235400
v -4.446673 -4.662420 67.756070
v -3.200748 -3.699653 72.026700
v 4.379763 0.040256 75.691670
v -4.284003 -0.042586 75.263230
v -0.064282 12.494550 50.011410
v 8.625540 8.678790 49.321950
v -9.004529 7.959603 50.057120
v 8.871440 -0.908908 74.202770
v 4.595094 2.794270 76.468760
v -4.715869 2.794234 76.468770
v -8.914063 -0.900997 74.300480
v 8.919630 -2.698155 71.429370
v -8.496953 -2.756316 70.717710
v 3.072218 -3.699631 72.026690
v -0.064262 -4.584196 71.275350
v -3.200748 -3.699653 72.026700
v -0.064271 -5.541111 68.299930
v 3.072218 -3.699631 72.026690
v -0.064271 -5.541111 68.299930
v -3.200748 -3.699653 72.026700
v -4.693244 -4.394297 70.308430
v -5.261299 -4.064300 69.471240
v -2.942719 -4.641065 68.960370
v -6.336263 -3.279258 71.329410
v -4.127498 -3.929525 70.861180
v 11.471990 -1.666167 48.323300
v 10.874820 -4.757000 48.268690
v 13.382920 -4.880617 45.533340
v 11.160730 -0.371859 49.285860
v 9.548283 -4.928020 49.573290
v 9.107492 -2.798474 50.541430
v 8.580841 -6.777626 46.949360
v 12.982390 -5.421680 45.533260
v 10.685830 -4.874469 48.342290
v 7.120601 -7.593469 47.288270
v 9.467260 -4.835636 49.682590
v 5.419843 -6.684604 50.476120
v 5.199512 8.344654 50.489670
v 7.467254 6.976762 50.534010
v 8.783319 9.085448 47.278680
v 3.938964 8.429764 51.540070
v 6.885199 6.016036 52.053470
v 4.906352 6.130841 53.216350
v 8.747387 4.257679 50.236130
v 9.765959 7.741584 47.205130
v 7.705236 6.610504 50.559220
v 8.655264 2.923098 51.190040
v 6.772986 6.109299 52.124550
v 6.570072 4.058286 53.141140
v -10.684570 -1.600308 48.140780
v -12.475500 -4.943485 45.423450
v -10.480420 -4.715791 48.546880
v -10.383410 -0.228276 48.992520
v -9.415447 -4.807306 50.032250
v -8.900375 -2.628977 50.842970
v -8.193053 -6.601680 47.103990
v -10.566740 -4.915583 48.335200
v -12.485760 -5.436438 45.251320
v -6.729293 -7.345269 47.570090
v -9.525965 -4.885050 49.802230
v -5.465907 -6.600718 50.726700
v -5.630790 8.222735 50.489670
v -9.214600 8.963528 47.278680
v -7.898531 6.854844 50.534010
v -4.370242 8.307844 51.540070
v -7.316476 5.894118 52.053470
v -5.337631 6.008919 53.216350
v -8.995846 4.004049 50.236130
v -8.136515 6.488585 50.559220
v -10.197240 7.619665 47.205130
v -8.903723 2.669469 51.190040
v -7.204264 5.987381 52.124550
v -7.001351 3.936362 53.141140
v -5.974881 8.420969 68.048720
v -5.961155 11.501230 55.371970
v -11.111090 11.495040 55.375590
v -11.148460 8.413888 68.084690
v -0.854302 8.426476 68.012450
v -0.758210 11.494990 55.366110
v -0.839475 11.538580 55.128690
v -5.973824 12.984340 42.168500
v -5.991242 11.543130 55.134250
v -0.802115 12.990000 42.132290
v -11.096310 12.977120 42.204490
v -11.192340 11.535280 55.137660
v -17.829860 9.632382 61.178390
v -6.548172 11.580220 54.924000
v -9.127164 12.348900 50.533130
v -20.448390 10.406510 56.783970
v -15.237830 8.864663 65.527390
v -3.942645 10.791140 59.357890
v -5.966760 11.627800 54.654100
v -3.395834 12.397300 50.258630
v -17.234710 11.940700 48.087230
v -14.679670 12.721200 43.656680
v -8.564177 10.837910 59.092610
v -19.763260 11.166620 52.472320
v 5.872189 9.648999 61.181320
v 8.490709 10.423130 56.786890
v -2.830513 12.481530 50.556510
v -5.409513 11.712840 54.947380
v 3.280155 8.881277 65.530330
v -8.015037 10.923760 59.381280
v 5.464113 11.906510 48.378330
v 2.909076 12.687010 43.947770
v -8.374763 12.479120 50.570180
v -5.803839 11.709620 54.965640
v 7.992664 11.132430 52.763420
v -3.206419 10.919720 59.404140
v -11.111090 9.521240 55.027550
v -5.961156 9.527428 55.023930
v -5.974881 8.173718 68.005100
v -11.148460 8.166647 68.041110
v -0.758211 9.521194 55.018080
v -0.854301 8.179234 67.968830
v -5.973822 12.737100 42.124910
v -0.839475 9.564773 54.780660
v -5.991244 9.569335 54.786220
v -0.802114 12.742750 42.088700
v -11.096310 12.729870 42.160890
v -11.192340 9.561473 54.789620
v -9.127164 10.375100 50.185090
v -6.548173 9.606414 54.575970
v -17.829860 9.385140 61.134790
v -20.448390 10.159260 56.740380
v -3.942644 8.817334 59.009850
v -15.237820 8.617418 65.483800
v -5.966762 9.653996 54.306070
v -17.234710 11.693460 48.043640
v -3.395833 10.423500 49.910590
v -14.679670 12.473960 43.613090
v -8.564173 8.864102 58.744560
v -19.763260 10.919370 52.428730
v 5.872187 9.401757 61.137730
v -2.830514 10.507730 50.208480
v 8.490711 10.175880 56.743300
v -5.409512 9.739040 54.599340
v 3.280153 8.634031 65.486720
v -8.015037 8.949961 59.033240
v 5.464112 11.311990 48.273490
v -8.374763 10.505320 50.222140
v 2.909083 12.439770 43.904180
v -5.803839 9.735815 54.617610
v 7.992661 10.885180 52.719820
v -3.206419 8.945922 59.056110
v -6.127313 11.215900 56.207660
v -7.441047 11.691260 55.709500
v -11.064660 9.841994 63.999450
v -8.408374 11.414940 55.078830
v -6.018939 11.215900 56.207660
v -1.081588 9.841997 63.999450
v -4.705202 11.691260 55.709500
v -3.737870 11.414940 55.078830
v -7.666172 11.233950 56.105250
v -7.701946 11.858600 54.760450
v -16.923510 11.430350 54.991460
v -7.591330 11.677070 53.592250
v -8.182655 11.589720 54.102820
v -6.959694 11.724340 53.367600
v -11.831880 13.080080 45.650590
v -5.935346 11.800030 52.910130
v -4.419561 11.237690 56.084080
v 4.797383 11.484810 54.682590
v -4.429103 11.862410 54.738870
v -4.575030 11.680160 53.574700
v -0.970269 13.166190 45.147050
v -5.141060 12.112910 53.318210
v -3.857563 11.626280 53.880260
v -6.201891 11.801770 52.884980
v -12.459390 8.616666 60.898540
v -12.457050 9.693401 54.557640
v -5.934526 8.068563 54.254450
v -12.457050 10.885180 47.798770
v 0.389304 8.648840 60.950540
v 0.389303 9.775725 54.555470
v -5.934526 10.981570 47.716870
v 0.389306 10.981570 47.716870
v -5.934527 8.648840 60.950540
vt 0.843991 0.381734 0.000000
vt 0.912000 0.381735 0.000000
vt 0.911999 0.469922 0.000000
vt 0.843991 0.469922 0.000000
vt 0.776573 0.381734 0.000000
vt 0.776572 0.469922 0.000000
vt 0.983804 0.381735 0.000000
vt 0.912000 0.381735 0.000000
vt 0.911999 0.469922 0.000000
vt 0.983803 0.469922 0.000000
vt 0.843991 0.381734 0.000000
vt 0.843991 0.469922 0.000000
vt 0.911999 0.505482 0.000000
vt 0.843991 0.505630 0.000000
vt 0.776605 0.505654 0.000000
vt 0.911999 0.505482 0.000000
vt 0.983803 0.505344 0.000000
vt 0.843991 0.505630 0.000000
vt 0.544677 0.510239 0.000000
vt 0.638815 0.510239 0.000000
vt 0.544677 0.536203 0.000000
vt 0.638815 0.536203 0.000000
vt 0.638815 0.479692 0.000000
vt 0.544677 0.479692 0.000000
vt 0.544677 0.439569 0.000000
vt 0.638815 0.439569 0.000000
vt 0.544677 0.392577 0.000000
vt 0.638815 0.392577 0.000000
vt 0.638815 0.305627 0.000000
vt 0.638815 0.347904 0.000000
vt 0.544677 0.305627 0.000000
vt 0.544677 0.347904 0.000000
vt 0.753458 0.370845 0.000000
vt 0.664086 0.370845 0.000000
vt 0.753458 0.305396 0.000000
vt 0.664086 0.305396 0.000000
vt 0.753458 0.481281 0.000000
vt 0.664086 0.481281 0.000000
vt 0.753458 0.431300 0.000000
vt 0.664086 0.431300 0.000000
vt 0.753458 0.510845 0.000000
vt 0.664086 0.510845 0.000000
vt 0.152035 0.551161 0.000000
vt 0.152035 0.515221 0.000000
vt 0.016512 0.515221 0.000000
vt 0.016512 0.551161 0.000000
vt 0.152035 0.473644 0.000000
vt 0.152035 0.410301 0.000000
vt 0.016512 0.410301 0.000000
vt 0.016512 0.473644 0.000000
vt 0.292219 0.515221 0.000000
vt 0.292219 0.551161 0.000000
vt 0.292219 0.473644 0.000000
vt 0.402767 0.515221 0.000000
vt 0.402767 0.473644 0.000000
vt 0.152035 0.257907 0.000000
vt 0.016512 0.257907 0.000000
vt 0.016512 0.342543 0.000000
vt 0.152035 0.342543 0.000000
vt 0.292219 0.257907 0.000000
vt 0.292219 0.342543 0.000000
vt 0.402767 0.342543 0.000000
vt 0.402767 0.257907 0.000000
vt 0.402767 0.552124 0.000000
vt 0.402767 0.410301 0.000000
vt 0.292219 0.410301 0.000000
vt 0.989007 0.877742 0.000000
vt 0.914379 0.877742 0.000000
vt 0.989007 0.837383 0.000000
vt 0.914379 0.837383 0.000000
vt 0.837883 0.877742 0.000000
vt 0.837883 0.837383 0.000000
vt 0.562245 0.877742 0.000000
vt 0.597794 0.837383 0.000000
vt 0.702290 0.877742 0.000000
vt 0.702290 0.837383 0.000000
vt 0.912000 0.381735 0.000000
vt 0.843991 0.381734 0.000000
vt 0.911999 0.469922 0.000000
vt 0.843991 0.469922 0.000000
vt 0.776573 0.381734 0.000000
vt 0.776572 0.469922 0.000000
vt 0.912000 0.381735 0.000000
vt 0.983804 0.381735 0.000000
vt 0.911999 0.469922 0.000000
vt 0.983803 0.469922 0.000000
vt 0.843991 0.381734 0.000000
vt 0.843991 0.469922 0.000000
vt 0.911999 0.505482 0.000000
vt 0.843991 0.505630 0.000000
vt 0.776605 0.505654 0.000000
vt 0.911999 0.505482 0.000000
vt 0.983803 0.505344 0.000000
vt 0.843991 0.505630 0.000000
vt 0.638815 0.510239 0.000000
vt 0.544677 0.510239 0.000000
vt 0.544677 0.536203 0.000000
vt 0.638815 0.536203 0.000000
vt 0.638815 0.479692 0.000000
vt 0.544677 0.479692 0.000000
vt 0.638815 0.439569 0.000000
vt 0.544677 0.439569 0.000000
vt 0.638815 0.392577 0.000000
vt 0.544677 0.392577 0.000000
vt 0.638815 0.347904 0.000000
vt 0.638815 0.305627 0.000000
vt 0.544677 0.305627 0.000000
vt 0.544677 0.347904 0.000000
vt 0.664086 0.370845 0.000000
vt 0.753458 0.370845 0.000000
vt 0.753458 0.305396 0.000000
vt 0.664086 0.305396 0.000000
vt 0.664086 0.481281 0.000000
vt 0.753458 0.481281 0.000000
vt 0.753458 0.431300 0.000000
vt 0.664086 0.431300 0.000000
vt 0.753458 0.510845 0.000000
vt 0.664086 0.510845 0.000000
vt 0.152035 0.551161 0.000000
vt 0.152035 0.515221 0.000000
vt 0.152035 0.473644 0.000000
vt 0.152035 0.410301 0.000000
vt 0.292219 0.515221 0.000000
vt 0.292219 0.551161 0.000000
vt 0.292219 0.473644 0.000000
vt 0.402767 0.473644 0.000000
vt 0.402767 0.515221 0.000000
vt 0.152035 0.257907 0.000000
vt 0.152035 0.342543 0.000000
vt 0.292219 0.257907 0.000000
vt 0.402767 0.257907 0.000000
vt 0.402767 0.342543 0.000000
vt 0.292219 0.342543 0.000000
vt 0.402767 0.552124 0.000000
vt 0.292219 0.410301 0.000000
vt 0.402767 0.410301 0.000000
vt 0.914379 0.877742 0.000000
vt 0.989007 0.877742 0.000000
vt 0.989007 0.837383 0.000000
vt 0.914379 0.837383 0.000000
vt 0.837883 0.877742 0.000000
vt 0.837883 0.837383 0.000000
vt 0.597794 0.837383 0.000000
vt 0.562245 0.877742 0.000000
vt 0.702290 0.877742 0.000000
vt 0.702290 0.837383 0.000000
vt 0.875537 0.349123 0.000000
vt 0.776538 0.349122 0.000000
vt 0.983804 0.349123 0.000000
vt 0.876533 0.349123 0.000000
vt 0.423307 0.374971 0.000000
vt 0.423307 0.318111 0.000000
vt 0.519412 0.318111 0.000000
vt 0.423307 0.258769 0.000000
vt 0.451060 0.433536 0.000000
vt 0.526613 0.433536 0.000000
vt 0.526614 0.500444 0.000000
vt 0.417509 0.395783 0.000000
vt 0.526612 0.395782 0.000000
vt 0.483366 0.372258 0.000000
vt 0.881265 0.282993 0.000000
vt 0.798142 0.282993 0.000000
vt 0.798142 0.222061 0.000000
vt 0.798142 0.335261 0.000000
vt 0.483504 0.826708 0.000000
vt 0.547722 0.826708 0.000000
vt 0.547722 0.869072 0.000000
vt 0.484142 0.826708 0.000000
vt 0.490197 0.799818 0.000000
vt 0.494978 0.783091 0.000000
vt 0.494978 0.783091 0.000000
vt 0.547722 0.767018 0.000000
vt 0.485401 0.552124 0.000000
vt 0.485401 0.515221 0.000000
vt 0.453114 0.498976 0.000000
vt 0.490197 0.799818 0.000000
vt 0.442983 0.826766 0.000000
vt 0.442983 0.826766 0.000000
vt 0.875537 0.349123 0.000000
vt 0.776538 0.349122 0.000000
vt 0.983804 0.349123 0.000000
vt 0.876533 0.349123 0.000000
vt 0.519412 0.318111 0.000000
vt 0.451060 0.433536 0.000000
vt 0.526614 0.500444 0.000000
vt 0.526613 0.433536 0.000000
vt 0.417509 0.395783 0.000000
vt 0.526612 0.395782 0.000000
vt 0.483366 0.372258 0.000000
vt 0.881265 0.282993 0.000000
vt 0.547722 0.869072 0.000000
vt 0.547722 0.826708 0.000000
vt 0.483504 0.826708 0.000000
vt 0.484142 0.826708 0.000000
vt 0.494978 0.783091 0.000000
vt 0.490197 0.799818 0.000000
vt 0.547722 0.767018 0.000000
vt 0.494978 0.783091 0.000000
vt 0.455125 0.499988 0.000000
vt 0.490197 0.799818 0.000000
vt 0.442983 0.826766 0.000000
vt 0.442983 0.826766 0.000000
vt 0.629093 0.569098 0.000000
vt 0.554209 0.569098 0.000000
vt 0.554506 0.543764 0.000000
vt 0.476827 0.569098 0.000000
vt 0.554209 0.593872 0.000000
vt 0.629093 0.569098 0.000000
vt 0.554506 0.543764 0.000000
vt 0.554209 0.569098 0.000000
vt 0.476827 0.569098 0.000000
vt 0.554209 0.593872 0.000000
vt 0.677833 0.676772 0.000000
vt 0.740071 0.676772 0.000000
vt 0.739465 0.705629 0.000000
vt 0.677833 0.705629 0.000000
vt 0.408738 0.705629 0.000000
vt 0.345706 0.705053 0.000000
vt 0.345706 0.676904 0.000000
vt 0.408738 0.676772 0.000000
vt 0.602056 0.676772 0.000000
vt 0.602056 0.648330 0.000000
vt 0.677833 0.648330 0.000000
vt 0.408738 0.648330 0.000000
vt 0.469755 0.648330 0.000000
vt 0.469755 0.676772 0.000000
vt 0.740071 0.731462 0.000000
vt 0.677833 0.732853 0.000000
vt 0.408738 0.735442 0.000000
vt 0.345706 0.729680 0.000000
vt 0.740071 0.648330 0.000000
vt 0.345706 0.648330 0.000000
vt 0.602056 0.705629 0.000000
vt 0.469755 0.705629 0.000000
vt 0.677833 0.616195 0.000000
vt 0.740071 0.616195 0.000000
vt 0.345706 0.616195 0.000000
vt 0.408738 0.616195 0.000000
vt 0.677833 0.805099 0.000000
vt 0.677833 0.832541 0.000000
vt 0.637756 0.832541 0.000000
vt 0.635220 0.807262 0.000000
vt 0.413925 0.831564 0.000000
vt 0.340874 0.842586 0.000000
vt 0.348898 0.824535 0.000000
vt 0.393350 0.809923 0.000000
vt 0.099255 0.768571 0.000000
vt 0.190639 0.768571 0.000000
vt 0.190639 0.798936 0.000000
vt 0.099255 0.798936 0.000000
vt 0.262145 0.798936 0.000000
vt 0.262145 0.768571 0.000000
vt 0.016365 0.676904 0.000000
vt 0.099255 0.676904 0.000000
vt 0.099255 0.705053 0.000000
vt 0.016365 0.705053 0.000000
vt 0.278011 0.705053 0.000000
vt 0.278011 0.676904 0.000000
vt 0.190639 0.676904 0.000000
vt 0.190639 0.705053 0.000000
vt 0.055166 0.825058 0.000000
vt 0.055931 0.798936 0.000000
vt 0.099255 0.839633 0.000000
vt 0.262145 0.839633 0.000000
vt 0.300330 0.793852 0.000000
vt 0.314479 0.815611 0.000000
vt 0.016365 0.648330 0.000000
vt 0.099255 0.648330 0.000000
vt 0.278011 0.648330 0.000000
vt 0.016365 0.841316 0.000000
vt 0.016365 0.819240 0.000000
vt 0.041027 0.845100 0.000000
vt 0.332443 0.802420 0.000000
vt 0.349166 0.805774 0.000000
vt 0.144334 0.854590 0.000000
vt 0.099739 0.857891 0.000000
vt 0.099739 0.872489 0.000000
vt 0.144334 0.872489 0.000000
vt 0.453545 0.875958 0.000000
vt 0.493918 0.875958 0.000000
vt 0.493918 0.859777 0.000000
vt 0.453545 0.857455 0.000000
vt 0.677833 0.785154 0.000000
vt 0.677833 0.767006 0.000000
vt 0.722337 0.767830 0.000000
vt 0.722337 0.782829 0.000000
vt 0.377524 0.788688 0.000000
vt 0.375551 0.777306 0.000000
vt 0.408738 0.774367 0.000000
vt 0.404689 0.791667 0.000000
vt 0.016365 0.767102 0.000000
vt 0.311090 0.771097 0.000000
vt 0.099255 0.732017 0.000000
vt 0.189635 0.732017 0.000000
vt 0.277008 0.732017 0.000000
vt 0.016365 0.728128 0.000000
vt 0.190639 0.839633 0.000000
vt 0.016365 0.792421 0.000000
vt 0.327492 0.786364 0.000000
vt 0.190639 0.648330 0.000000
vt 0.294605 0.959303 0.000000
vt 0.294605 0.935790 0.000000
vt 0.245919 0.935790 0.000000
vt 0.245919 0.959303 0.000000
vt 0.358542 0.961100 0.000000
vt 0.358542 0.937586 0.000000
vt 0.307471 0.937586 0.000000
vt 0.307471 0.961100 0.000000
vt 0.144334 0.959303 0.000000
vt 0.099739 0.959303 0.000000
vt 0.099739 0.968549 0.000000
vt 0.144334 0.968549 0.000000
vt 0.453545 0.970345 0.000000
vt 0.493918 0.970345 0.000000
vt 0.493918 0.961100 0.000000
vt 0.453545 0.961100 0.000000
vt 0.060038 0.959303 0.000000
vt 0.060038 0.968549 0.000000
vt 0.545855 0.970345 0.000000
vt 0.545855 0.961100 0.000000
vt 0.294605 0.968549 0.000000
vt 0.245919 0.968549 0.000000
vt 0.358542 0.970345 0.000000
vt 0.307471 0.970345 0.000000
vt 0.195615 0.959303 0.000000
vt 0.195615 0.968549 0.000000
vt 0.410377 0.970345 0.000000
vt 0.410377 0.961100 0.000000
vt 0.144334 0.908573 0.000000
vt 0.099739 0.908573 0.000000
vt 0.099739 0.935790 0.000000
vt 0.144334 0.935790 0.000000
vt 0.453545 0.937586 0.000000
vt 0.493918 0.937586 0.000000
vt 0.493918 0.911725 0.000000
vt 0.453545 0.911725 0.000000
vt 0.017130 0.959303 0.000000
vt 0.017130 0.968549 0.000000
vt 0.583413 0.970345 0.000000
vt 0.583413 0.961100 0.000000
vt 0.017130 0.908836 0.000000
vt 0.017130 0.935790 0.000000
vt 0.060038 0.935790 0.000000
vt 0.060038 0.908573 0.000000
vt 0.545855 0.911725 0.000000
vt 0.545855 0.937586 0.000000
vt 0.583413 0.937586 0.000000
vt 0.583413 0.911725 0.000000
vt 0.195615 0.935790 0.000000
vt 0.195615 0.908573 0.000000
vt 0.410377 0.911725 0.000000
vt 0.410377 0.937586 0.000000
vt 0.245919 0.908573 0.000000
vt 0.294605 0.908702 0.000000
vt 0.307471 0.911725 0.000000
vt 0.358542 0.911725 0.000000
vt 0.602056 0.616195 0.000000
vt 0.534826 0.616195 0.000000
vt 0.469755 0.616195 0.000000
vt 0.144334 0.891438 0.000000
vt 0.195615 0.891438 0.000000
vt 0.410377 0.893927 0.000000
vt 0.453545 0.893927 0.000000
vt 0.245919 0.891438 0.000000
vt 0.225375 0.872489 0.000000
vt 0.195615 0.872489 0.000000
vt 0.410377 0.875958 0.000000
vt 0.382894 0.875958 0.000000
vt 0.358542 0.893927 0.000000
vt 0.099739 0.891438 0.000000
vt 0.493918 0.893927 0.000000
vt 0.099739 0.990269 0.000000
vt 0.144334 0.990269 0.000000
vt 0.453545 0.991603 0.000000
vt 0.493918 0.991603 0.000000
vt 0.060038 0.990269 0.000000
vt 0.545855 0.991603 0.000000
vt 0.245919 0.990269 0.000000
vt 0.294605 0.990269 0.000000
vt 0.307471 0.991603 0.000000
vt 0.358542 0.991603 0.000000
vt 0.195615 0.990269 0.000000
vt 0.410377 0.991603 0.000000
vt 0.017130 0.990269 0.000000
vt 0.583413 0.991603 0.000000
vt 0.905357 0.269728 0.000000
vt 0.905358 0.304799 0.000000
vt 0.992377 0.304799 0.000000
vt 0.992377 0.269728 0.000000
vt 0.992377 0.269728 0.000000
vt 0.992377 0.304799 0.000000
vt 0.905358 0.304799 0.000000
vt 0.905357 0.269728 0.000000
vt 0.992378 0.339289 0.000000
vt 0.905359 0.339289 0.000000
vt 0.905356 0.173084 0.000000
vt 0.905357 0.207942 0.000000
vt 0.992376 0.207941 0.000000
vt 0.992375 0.173084 0.000000
vt 0.992375 0.173084 0.000000
vt 0.992376 0.207941 0.000000
vt 0.905357 0.207942 0.000000
vt 0.905357 0.237446 0.000000
vt 0.992376 0.237446 0.000000
vt 0.992376 0.237446 0.000000
vt 0.905357 0.237446 0.000000
vt 0.722337 0.807687 0.000000
vt 0.722337 0.832541 0.000000
vt 0.372302 0.798725 0.000000
vt 0.195615 0.858769 0.000000
vt 0.410377 0.861291 0.000000
vt 0.602056 0.600519 0.000000
vt 0.469755 0.602399 0.000000
vt 0.080393 0.853473 0.000000
vt 0.144485 0.616195 0.000000
vt 0.190639 0.616195 0.000000
vt 0.231119 0.616195 0.000000
vt 0.718714 0.751104 0.000000
vt 0.379685 0.752999 0.000000
vt 0.534826 0.705629 0.000000
vt 0.602056 0.738868 0.000000
vt 0.469755 0.742862 0.000000
vt 0.534826 0.676772 0.000000
vt 0.740071 0.748573 0.000000
vt 0.345706 0.741182 0.000000
vt 0.534826 0.648330 0.000000
vt 0.677833 0.560034 0.000000
vt 0.408738 0.560034 0.000000
vt 0.602056 0.780385 0.000000
vt 0.469755 0.787070 0.000000
vt 0.016365 0.616195 0.000000
vt 0.099255 0.616195 0.000000
vt 0.278011 0.616195 0.000000
vt 0.016365 0.742427 0.000000
vt 0.055844 0.891438 0.000000
vt 0.545855 0.893927 0.000000
vt 0.066479 0.872489 0.000000
vt 0.537602 0.875958 0.000000
vt 0.740169 0.762160 0.000000
vt 0.368502 0.758233 0.000000
vt 0.580815 0.294933 0.000000
vt 0.492825 0.294933 0.000000
vt 0.620532 0.252738 0.000000
vt 0.620532 0.252738 0.000000
vt 0.492825 0.294933 0.000000
vt 0.580815 0.294933 0.000000
vt 0.687001 0.294933 0.000000
vt 0.687001 0.294933 0.000000
vt 0.190639 0.560034 0.000000
vt 0.099255 0.560034 0.000000
vt 0.278011 0.560034 0.000000
vt 0.687001 0.252738 0.000000
vt 0.749085 0.294933 0.000000
vt 0.749085 0.294933 0.000000
vt 0.687001 0.252738 0.000000
vt 0.596129 0.232121 0.000000
vt 0.596129 0.232121 0.000000
vt 0.816452 0.207942 0.000000
vt 0.816451 0.173084 0.000000
vt 0.816452 0.207942 0.000000
vt 0.534826 0.744415 0.000000
vt 0.602056 0.780385 0.000000
vt 0.724794 0.173085 0.000000
vt 0.469755 0.787070 0.000000
vt 0.033859 0.876124 0.000000
vt 0.011223 0.876269 0.000000
vt 0.033192 0.851112 0.000000
vt 0.033863 0.899099 0.000000
vt 0.053373 0.876104 0.000000
vt 0.451060 0.433536 0.000000
vt 0.526613 0.433536 0.000000
vt 0.526614 0.500444 0.000000
vt 0.417509 0.395783 0.000000
vt 0.526612 0.395782 0.000000
vt 0.483366 0.372258 0.000000
vt 0.451060 0.433536 0.000000
vt 0.526614 0.500444 0.000000
vt 0.526613 0.433536 0.000000
vt 0.417509 0.395783 0.000000
vt 0.526612 0.395782 0.000000
vt 0.483366 0.372258 0.000000
vt 0.451060 0.433536 0.000000
vt 0.526613 0.433536 0.000000
vt 0.526614 0.500444 0.000000
vt 0.417509 0.395783 0.000000
vt 0.526612 0.395782 0.000000
vt 0.483366 0.372258 0.000000
vt 0.451060 0.433536 0.000000
vt 0.526614 0.500444 0.000000
vt 0.526613 0.433536 0.000000
vt 0.417509 0.395783 0.000000
vt 0.526612 0.395782 0.000000
vt 0.483366 0.372258 0.000000
vt 0.451060 0.433536 0.000000
vt 0.526614 0.500444 0.000000
vt 0.526613 0.433536 0.000000
vt 0.417509 0.395783 0.000000
vt 0.526612 0.395782 0.000000
vt 0.483366 0.372258 0.000000
vt 0.451060 0.433536 0.000000
vt 0.526613 0.433536 0.000000
vt 0.526614 0.500444 0.000000
vt 0.417509 0.395783 0.000000
vt 0.526612 0.395782 0.000000
vt 0.483366 0.372258 0.000000
vt 0.451060 0.433536 0.000000
vt 0.526614 0.500444 0.000000
vt 0.526613 0.433536 0.000000
vt 0.417509 0.395783 0.000000
vt 0.526612 0.395782 0.000000
vt 0.483366 0.372258 0.000000
vt 0.451060 0.433536 0.000000
vt 0.526613 0.433536 0.000000
vt 0.526614 0.500444 0.000000
vt 0.417509 0.395783 0.000000
vt 0.526612 0.395782 0.000000
vt 0.483366 0.372258 0.000000
vt 0.908214 0.167788 0.000000
vt 0.907285 0.084484 0.000000
vt 0.982075 0.084558 0.000000
vt 0.982573 0.168069 0.000000
vt 0.833609 0.167600 0.000000
vt 0.832251 0.084503 0.000000
vt 0.982075 0.084558 0.000000
vt 0.908214 0.167788 0.000000
vt 0.907285 0.084484 0.000000
vt 0.982573 0.168069 0.000000
vt 0.833609 0.167600 0.000000
vt 0.832251 0.084503 0.000000
vt 0.908214 0.167788 0.000000
vt 0.907285 0.084484 0.000000
vt 0.982075 0.084558 0.000000
vt 0.982573 0.168069 0.000000
vt 0.833609 0.167600 0.000000
vt 0.832251 0.084503 0.000000
vt 0.907285 0.084484 0.000000
vt 0.982075 0.084558 0.000000
vt 0.908214 0.167788 0.000000
vt 0.982573 0.168069 0.000000
vt 0.832251 0.084503 0.000000
vt 0.833609 0.167600 0.000000
vt 0.908214 0.167788 0.000000
vt 0.982573 0.168069 0.000000
vt 0.982075 0.084558 0.000000
vt 0.907285 0.084484 0.000000
vt 0.833609 0.167600 0.000000
vt 0.832251 0.084503 0.000000
vt 0.908214 0.167788 0.000000
vt 0.982573 0.168069 0.000000
vt 0.982075 0.084558 0.000000
vt 0.907285 0.084484 0.000000
vt 0.833609 0.167600 0.000000
vt 0.832251 0.084503 0.000000
vt 0.982075 0.084558 0.000000
vt 0.907285 0.084484 0.000000
vt 0.908214 0.167788 0.000000
vt 0.982573 0.168069 0.000000
vt 0.832251 0.084503 0.000000
vt 0.833609 0.167600 0.000000
vt 0.908214 0.167788 0.000000
vt 0.982075 0.084558 0.000000
vt 0.907285 0.084484 0.000000
vt 0.982573 0.168069 0.000000
vt 0.833609 0.167600 0.000000
vt 0.832251 0.084503 0.000000
vt 0.982075 0.084558 0.000000
vt 0.907285 0.084484 0.000000
vt 0.908214 0.167788 0.000000
vt 0.982573 0.168069 0.000000
vt 0.832251 0.084503 0.000000
vt 0.833609 0.167600 0.000000
vt 0.907285 0.084484 0.000000
vt 0.908214 0.167788 0.000000
vt 0.982075 0.084558 0.000000
vt 0.982573 0.168069 0.000000
vt 0.832251 0.084503 0.000000
vt 0.833609 0.167600 0.000000
vt 0.908214 0.167788 0.000000
vt 0.982075 0.084558 0.000000
vt 0.982573 0.168069 0.000000
vt 0.907285 0.084484 0.000000
vt 0.833609 0.167600 0.000000
vt 0.832251 0.084503 0.000000
vt 0.908214 0.167788 0.000000
vt 0.982075 0.084558 0.000000
vt 0.982573 0.168069 0.000000
vt 0.907285 0.084484 0.000000
vt 0.833609 0.167600 0.000000
vt 0.832251 0.084503 0.000000
vt 0.754343 0.095759 0.000000
vt 0.754343 0.106118 0.000000
vt 0.653758 0.106118 0.000000
vt 0.754343 0.116908 0.000000
vt 0.754343 0.095759 0.000000
vt 0.653758 0.106118 0.000000
vt 0.754343 0.106118 0.000000
vt 0.754343 0.116908 0.000000
vt 0.754343 0.095759 0.000000
vt 0.754343 0.106118 0.000000
vt 0.653758 0.106118 0.000000
vt 0.754343 0.116908 0.000000
vt 0.754343 0.095759 0.000000
vt 0.754343 0.106118 0.000000
vt 0.653758 0.106118 0.000000
vt 0.754343 0.116908 0.000000
vt 0.754343 0.095759 0.000000
vt 0.653758 0.106118 0.000000
vt 0.754343 0.106118 0.000000
vt 0.754343 0.116908 0.000000
vt 0.653758 0.106118 0.000000
vt 0.754343 0.106118 0.000000
vt 0.754343 0.095759 0.000000
vt 0.754343 0.116908 0.000000
vt 0.991356 0.054714 0.000000
vt 0.991356 0.009327 0.000000
vt 0.897007 0.009626 0.000000
vt 0.991356 0.054714 0.000000
vt 0.991356 0.054714 0.000000
vt 0.991356 0.009572 0.000000
vt 0.897177 0.054714 0.000000
vt 0.991356 0.054714 0.000000
vt 0.897175 0.054714 0.000000
usemtl Material_2
f 1125/1125 1126/1126 1127/1127
f 1127/1127 1128/1128 1125/1125
f 1129/1129 1125/1125 1128/1128
f 1128/1128 1130/1130 1129/1129
f 1131/1131 1132/1132 1133/1133
f 1133/1133 1134/1134 1131/1131
f 1132/1132 1135/1135 1136/1136
f 1136/1136 1133/1133 1132/1132
f 1135/1135 1129/1129 1130/1130
f 1130/1130 1136/1136 1135/1135
f 1126/1126 1131/1131 1134/1134
f 1134/1134 1127/1127 1126/1126
f 1128/1128 1127/1127 1137/1137
f 1137/1137 1138/1138 1128/1128
f 1130/1130 1128/1128 1138/1138
f 1138/1138 1139/1139 1130/1130
f 1134/1134 1133/1133 1140/1140
f 1140/1140 1141/1141 1134/1134
f 1133/1133 1136/1136 1142/1142
f 1142/1142 1140/1140 1133/1133
f 1139/1139 1142/1142 1130/1130
f 1127/1127 1134/1134 1141/1141
f 1141/1141 1137/1137 1127/1127
f 1143/1143 1144/1144 1145/1145
f 1146/1146 1145/1145 1144/1144
f 1144/1144 1143/1143 1147/1147
f 1148/1148 1147/1147 1143/1143
f 1149/1149 1150/1150 1148/1148
f 1147/1147 1148/1148 1150/1150
f 1151/1151 1152/1152 1149/1149
f 1150/1150 1149/1149 1152/1152
f 1153/1153 1154/1154 1155/1155
f 1156/1156 1155/1155 1154/1154
f 1152/1152 1151/1151 1154/1154
f 1156/1156 1154/1154 1151/1151
f 1157/1157 1158/1158 1159/1159
f 1160/1160 1159/1159 1158/1158
f 1161/1161 1162/1162 1163/1163
f 1164/1164 1163/1163 1162/1162
f 1161/1161 1165/1165 1162/1162
f 1166/1166 1162/1162 1165/1165
f 1163/1163 1164/1164 1157/1157
f 1158/1158 1157/1157 1164/1164
f 1167/1167 1168/1168 1169/1169
f 1169/1169 1170/1170 1167/1167
f 1171/1171 1172/1172 1173/1173
f 1173/1173 1174/1174 1171/1171
f 1175/1175 1168/1168 1167/1167
f 1167/1167 1176/1176 1175/1175
f 1177/1177 1175/1175 1178/1178
f 1178/1178 1179/1179 1177/1177
f 1177/1177 1171/1171 1168/1168
f 1168/1168 1175/1175 1177/1177
f 1174/1174 1169/1169 1168/1168
f 1168/1168 1171/1171 1174/1174
f 1180/1180 1181/1181 1182/1182
f 1182/1182 1183/1183 1180/1180
f 1184/1184 1185/1185 1186/1186
f 1186/1186 1187/1187 1184/1184
f 1184/1184 1180/1180 1183/1183
f 1183/1183 1185/1185 1184/1184
f 1175/1175 1176/1176 1188/1188
f 1188/1188 1178/1178 1175/1175
f 1179/1179 1189/1189 1190/1190
f 1190/1190 1177/1177 1179/1179
f 1172/1172 1183/1183 1182/1182
f 1182/1182 1173/1173 1172/1172
f 1172/1172 1171/1171 1177/1177
f 1177/1177 1190/1190 1172/1172
f 1185/1185 1190/1190 1189/1189
f 1189/1189 1186/1186 1185/1185
f 1190/1190 1185/1185 1172/1172
f 1191/1191 1192/1192 1193/1193
f 1194/1194 1193/1193 1192/1192
f 1192/1192 1195/1195 1194/1194
f 1196/1196 1194/1194 1195/1195
f 1197/1197 1198/1198 1199/1199
f 1200/1200 1199/1199 1198/1198
f 1201/1201 1202/1202 1203/1203
f 1204/1204 1203/1203 1202/1202
f 1202/1202 1205/1205 1204/1204
f 1206/1206 1204/1204 1205/1205
f 1207/1207 1208/1208 1209/1209
f 1210/1210 1209/1209 1208/1208
f 1211/1211 1207/1207 1212/1212
f 1209/1209 1212/1212 1207/1207
f 1205/1205 1211/1211 1206/1206
f 1212/1212 1206/1206 1211/1211
f 1208/1208 1201/1201 1210/1210
f 1203/1203 1210/1210 1201/1201
f 1203/1203 1204/1204 1213/1213
f 1214/1214 1213/1213 1204/1204
f 1204/1204 1206/1206 1214/1214
f 1215/1215 1214/1214 1206/1206
f 1209/1209 1210/1210 1216/1216
f 1217/1217 1216/1216 1210/1210
f 1212/1212 1209/1209 1218/1218
f 1216/1216 1218/1218 1209/1209
f 1206/1206 1212/1212 1215/1215
f 1218/1218 1215/1215 1212/1212
f 1210/1210 1203/1203 1217/1217
f 1213/1213 1217/1217 1203/1203
f 1219/1219 1220/1220 1221/1221
f 1221/1221 1222/1222 1219/1219
f 1220/1220 1219/1219 1223/1223
f 1223/1223 1224/1224 1220/1220
f 1225/1225 1226/1226 1224/1224
f 1224/1224 1223/1223 1225/1225
f 1227/1227 1228/1228 1226/1226
f 1226/1226 1225/1225 1227/1227
f 1229/1229 1230/1230 1231/1231
f 1231/1231 1232/1232 1229/1229
f 1228/1228 1227/1227 1229/1229
f 1229/1229 1232/1232 1228/1228
f 1233/1233 1234/1234 1235/1235
f 1235/1235 1236/1236 1233/1233
f 1237/1237 1238/1238 1239/1239
f 1239/1239 1240/1240 1237/1237
f 1241/1241 1238/1238 1237/1237
f 1237/1237 1242/1242 1241/1241
f 1240/1240 1239/1239 1234/1234
f 1234/1234 1233/1233 1240/1240
f 1243/1243 1170/1170 1169/1169
f 1169/1169 1244/1244 1243/1243
f 1245/1245 1174/1174 1173/1173
f 1173/1173 1246/1246 1245/1245
f 1247/1247 1248/1248 1243/1243
f 1243/1243 1244/1244 1247/1247
f 1249/1249 1250/1250 1251/1251
f 1251/1251 1247/1247 1249/1249
f 1249/1249 1247/1247 1244/1244
f 1244/1244 1245/1245 1249/1249
f 1174/1174 1245/1245 1244/1244
f 1244/1244 1169/1169 1174/1174
f 1252/1252 1253/1253 1182/1182
f 1182/1182 1181/1181 1252/1252
f 1254/1254 1255/1255 1256/1256
f 1256/1256 1257/1257 1254/1254
f 1254/1254 1257/1257 1253/1253
f 1253/1253 1252/1252 1254/1254
f 1247/1247 1251/1251 1258/1258
f 1258/1258 1248/1248 1247/1247
f 1250/1250 1249/1249 1259/1259
f 1259/1259 1260/1260 1250/1250
f 1246/1246 1173/1173 1182/1182
f 1182/1182 1253/1253 1246/1246
f 1246/1246 1259/1259 1249/1249
f 1249/1249 1245/1245 1246/1246
f 1257/1257 1256/1256 1260/1260
f 1260/1260 1259/1259 1257/1257
f 1253/1253 1257/1257 1259/1259
f 1259/1259 1246/1246 1253/1253
f 1261/1261 1262/1262 1263/1263
f 1263/1263 1264/1264 1261/1261
f 1265/1265 1261/1261 1264/1264
f 1264/1264 1266/1266 1265/1265
f 1267/1267 1268/1268 1269/1269
f 1269/1269 1270/1270 1267/1267
f 1125/1125 1271/1271 1126/1126
f 1129/1129 1272/1272 1125/1125
f 1131/1131 1273/1273 1132/1132
f 1132/1132 1274/1274 1135/1135
f 1135/1135 1272/1272 1129/1129
f 1126/1126 1273/1273 1131/1131
f 1275/1275 1276/1276 1277/1277
f 1276/1276 1278/1278 1277/1277
f 1279/1279 1280/1280 1281/1281
f 1279/1279 1282/1282 1280/1280
f 1283/1283 1280/1280 1284/1284
f 1285/1285 1286/1286 1287/1287
f 1285/1285 1288/1288 1286/1286
f 1289/1289 1290/1290 1291/1291
f 1290/1290 1292/1292 1291/1291
f 1293/1293 1290/1290 1294/1294
f 1290/1290 1295/1295 1296/1296
f 1297/1297 1178/1178 1188/1188
f 1298/1298 1299/1299 1178/1178
f 1293/1293 1292/1292 1290/1290
f 1290/1290 1289/1289 1300/1300
f 1292/1292 1293/1293 1301/1301
f 1300/1300 1289/1289 1302/1302
f 1290/1290 1296/1296 1294/1294
f 1290/1290 1300/1300 1295/1295
f 1200/1200 1196/1196 1199/1199
f 1303/1303 1202/1202 1201/1201
f 1304/1304 1205/1205 1202/1202
f 1305/1305 1208/1208 1207/1207
f 1306/1306 1207/1207 1211/1211
f 1304/1304 1211/1211 1205/1205
f 1305/1305 1201/1201 1208/1208
f 1275/1275 1307/1307 1276/1276
f 1276/1276 1307/1307 1278/1278
f 1308/1308 1309/1309 1310/1310
f 1308/1308 1310/1310 1311/1311
f 1312/1312 1313/1313 1310/1310
f 1314/1314 1287/1287 1286/1286
f 1314/1314 1286/1286 1288/1288
f 1315/1315 1316/1316 1317/1317
f 1315/1315 1318/1318 1316/1316
f 1319/1319 1316/1316 1320/1320
f 1321/1321 1322/1322 1316/1316
f 1297/1297 1251/1251 1298/1298
f 1251/1251 1250/1250 1323/1323
f 1316/1316 1318/1318 1320/1320
f 1324/1324 1317/1317 1316/1316
f 1325/1325 1320/1320 1318/1318
f 1326/1326 1317/1317 1324/1324
f 1319/1319 1321/1321 1316/1316
f 1322/1322 1324/1324 1316/1316
f 1265/1265 1266/1266 1269/1269
f 1280/1280 1282/1282 1284/1284
f 1313/1313 1311/1311 1310/1310
f 1299/1299 1179/1179 1178/1178
f 1323/1323 1298/1298 1251/1251
f 1142/1142 1136/1136 1130/1130
f 1185/1185 1183/1183 1172/1172
f 1327/1327 1328/1328 1329/1329
f 1328/1328 1330/1330 1329/1329
f 1327/1327 1331/1331 1328/1328
f 1328/1328 1331/1331 1330/1330
f 1332/1332 1333/1333 1334/1334
f 1334/1334 1333/1333 1335/1335
f 1332/1332 1334/1334 1336/1336
f 1334/1334 1335/1335 1336/1336
f 1337/1337 1338/1338 1339/1339
f 1339/1339 1340/1340 1337/1337
f 1341/1341 1342/1342 1343/1343
f 1343/1343 1344/1344 1341/1341
f 1345/1345 1346/1346 1347/1347
f 1347/1347 1337/1337 1345/1345
f 1344/1344 1348/1348 1349/1349
f 1349/1349 1350/1350 1344/1344
f 1351/1351 1352/1352 1340/1340
f 1340/1340 1339/1339 1351/1351
f 1342/1342 1341/1341 1353/1353
f 1353/1353 1354/1354 1342/1342
f 1337/1337 1347/1347 1355/1355
f 1355/1355 1338/1338 1337/1337
f 1343/1343 1356/1356 1348/1348
f 1348/1348 1344/1344 1343/1343
f 1345/1345 1337/1337 1340/1340
f 1340/1340 1357/1357 1345/1345
f 1358/1358 1341/1341 1344/1344
f 1344/1344 1350/1350 1358/1358
f 1355/1355 1347/1347 1359/1359
f 1359/1359 1360/1360 1355/1355
f 1361/1361 1362/1362 1348/1348
f 1348/1348 1356/1356 1361/1361
f 1363/1363 1364/1364 1365/1365
f 1365/1365 1366/1366 1363/1363
f 1367/1367 1368/1368 1369/1369
f 1369/1369 1370/1370 1367/1367
f 1371/1371 1372/1372 1373/1373
f 1373/1373 1374/1374 1371/1371
f 1375/1375 1373/1373 1372/1372
f 1372/1372 1376/1376 1375/1375
f 1377/1377 1378/1378 1379/1379
f 1379/1379 1380/1380 1377/1377
f 1342/1342 1381/1381 1382/1382
f 1382/1382 1343/1343 1342/1342
f 1383/1383 1384/1384 1379/1379
f 1379/1379 1378/1378 1383/1383
f 1382/1382 1381/1381 1384/1384
f 1384/1384 1383/1383 1382/1382
f 1385/1385 1386/1386 1374/1374
f 1374/1374 1387/1387 1385/1385
f 1388/1388 1375/1375 1389/1389
f 1389/1389 1390/1390 1388/1388
f 1391/1391 1392/1392 1378/1378
f 1378/1378 1377/1377 1391/1391
f 1343/1343 1382/1382 1393/1393
f 1393/1393 1356/1356 1343/1343
f 1394/1394 1395/1395 1385/1385
f 1385/1385 1396/1396 1394/1394
f 1369/1369 1390/1390 1397/1397
f 1397/1397 1398/1398 1369/1369
f 1399/1399 1400/1400 1401/1401
f 1401/1401 1402/1402 1399/1399
f 1403/1403 1404/1404 1405/1405
f 1405/1405 1406/1406 1403/1403
f 1407/1407 1408/1408 1409/1409
f 1409/1409 1410/1410 1407/1407
f 1411/1411 1412/1412 1413/1413
f 1413/1413 1414/1414 1411/1411
f 1386/1386 1415/1415 1371/1371
f 1371/1371 1374/1374 1386/1386
f 1375/1375 1376/1376 1416/1416
f 1416/1416 1389/1389 1375/1375
f 1372/1372 1371/1371 1417/1417
f 1417/1417 1418/1418 1372/1372
f 1418/1418 1419/1419 1376/1376
f 1376/1376 1372/1372 1418/1418
f 1418/1418 1417/1417 1379/1379
f 1379/1379 1384/1384 1418/1418
f 1384/1384 1381/1381 1419/1419
f 1419/1419 1418/1418 1384/1384
f 1380/1380 1379/1379 1417/1417
f 1417/1417 1420/1420 1380/1380
f 1354/1354 1419/1419 1381/1381
f 1381/1381 1342/1342 1354/1354
f 1374/1374 1373/1373 1421/1421
f 1421/1421 1387/1387 1374/1374
f 1388/1388 1421/1421 1373/1373
f 1373/1373 1375/1375 1388/1388
f 1395/1395 1422/1422 1386/1386
f 1386/1386 1385/1385 1395/1395
f 1390/1390 1389/1389 1423/1423
f 1423/1423 1397/1397 1390/1390
f 1383/1383 1378/1378 1392/1392
f 1392/1392 1424/1424 1383/1383
f 1424/1424 1393/1393 1382/1382
f 1382/1382 1383/1383 1424/1424
f 1425/1425 1426/1426 1427/1427
f 1427/1427 1428/1428 1425/1425
f 1429/1429 1430/1430 1431/1431
f 1431/1431 1432/1432 1429/1429
f 1433/1433 1434/1434 1435/1435
f 1435/1435 1436/1436 1433/1433
f 1437/1437 1438/1438 1439/1439
f 1439/1439 1440/1440 1437/1437
f 1434/1434 1441/1441 1442/1442
f 1442/1442 1435/1435 1434/1434
f 1438/1438 1443/1443 1444/1444
f 1444/1444 1439/1439 1438/1438
f 1445/1445 1425/1425 1428/1428
f 1428/1428 1446/1446 1445/1445
f 1447/1447 1429/1429 1432/1432
f 1432/1432 1448/1448 1447/1447
f 1446/1446 1428/1428 1449/1449
f 1449/1449 1450/1450 1446/1446
f 1451/1451 1452/1452 1429/1429
f 1429/1429 1447/1447 1451/1451
f 1450/1450 1449/1449 1433/1433
f 1433/1433 1436/1436 1450/1450
f 1437/1437 1440/1440 1452/1452
f 1452/1452 1451/1451 1437/1437
f 1453/1453 1454/1454 1455/1455
f 1455/1455 1456/1456 1453/1453
f 1457/1457 1458/1458 1459/1459
f 1459/1459 1460/1460 1457/1457
f 1442/1442 1441/1441 1461/1461
f 1461/1461 1462/1462 1442/1442
f 1463/1463 1464/1464 1444/1444
f 1444/1444 1443/1443 1463/1463
f 1465/1465 1466/1466 1467/1467
f 1467/1467 1468/1468 1465/1465
f 1469/1469 1470/1470 1471/1471
f 1471/1471 1472/1472 1469/1469
f 1473/1473 1474/1474 1453/1453
f 1453/1453 1456/1456 1473/1473
f 1457/1457 1460/1460 1475/1475
f 1475/1475 1476/1476 1457/1457
f 1466/1466 1461/1461 1441/1441
f 1441/1441 1467/1467 1466/1466
f 1470/1470 1444/1444 1464/1464
f 1464/1464 1471/1471 1470/1470
f 1477/1477 1427/1427 1426/1426
f 1426/1426 1478/1478 1477/1477
f 1479/1479 1431/1431 1430/1430
f 1430/1430 1480/1480 1479/1479
f 1477/1477 1474/1474 1473/1473
f 1473/1473 1427/1427 1477/1477
f 1430/1430 1476/1476 1475/1475
f 1475/1475 1480/1480 1430/1430
f 1427/1427 1473/1473 1449/1449
f 1449/1449 1428/1428 1427/1427
f 1429/1429 1452/1452 1476/1476
f 1476/1476 1430/1430 1429/1429
f 1441/1441 1434/1434 1455/1455
f 1455/1455 1467/1467 1441/1441
f 1470/1470 1458/1458 1439/1439
f 1439/1439 1444/1444 1470/1470
f 1467/1467 1455/1455 1454/1454
f 1454/1454 1468/1468 1467/1467
f 1469/1469 1459/1459 1458/1458
f 1458/1458 1470/1470 1469/1469
f 1433/1433 1456/1456 1455/1455
f 1455/1455 1434/1434 1433/1433
f 1439/1439 1458/1458 1457/1457
f 1457/1457 1440/1440 1439/1439
f 1449/1449 1473/1473 1456/1456
f 1456/1456 1433/1433 1449/1449
f 1440/1440 1457/1457 1476/1476
f 1476/1476 1452/1452 1440/1440
f 1481/1481 1346/1346 1482/1482
f 1482/1482 1349/1349 1483/1483
f 1484/1484 1453/1453 1474/1474
f 1474/1474 1485/1485 1484/1484
f 1486/1486 1475/1475 1460/1460
f 1460/1460 1487/1487 1486/1486
f 1485/1485 1488/1488 1489/1489
f 1489/1489 1490/1490 1485/1485
f 1491/1491 1492/1492 1493/1493
f 1493/1493 1486/1486 1491/1491
f 1494/1494 1484/1484 1402/1402
f 1402/1402 1401/1401 1494/1494
f 1404/1404 1403/1403 1487/1487
f 1487/1487 1495/1495 1404/1404
f 1436/1436 1435/1435 1496/1496
f 1496/1496 1497/1497 1436/1436
f 1498/1498 1499/1499 1438/1438
f 1438/1438 1437/1437 1498/1498
f 1435/1435 1442/1442 1500/1500
f 1500/1500 1496/1496 1435/1435
f 1499/1499 1501/1501 1443/1443
f 1443/1443 1438/1438 1499/1499
f 1445/1445 1446/1446 1502/1502
f 1502/1502 1503/1503 1445/1445
f 1504/1504 1505/1505 1447/1447
f 1447/1447 1448/1448 1504/1504
f 1446/1446 1450/1450 1506/1506
f 1506/1506 1502/1502 1446/1446
f 1505/1505 1507/1507 1451/1451
f 1451/1451 1447/1447 1505/1505
f 1450/1450 1436/1436 1497/1497
f 1497/1497 1506/1506 1450/1450
f 1507/1507 1498/1498 1437/1437
f 1437/1437 1451/1451 1507/1507
f 1442/1442 1462/1462 1508/1508
f 1508/1508 1500/1500 1442/1442
f 1501/1501 1509/1509 1463/1463
f 1463/1463 1443/1443 1501/1501
f 1346/1346 1481/1481 1359/1359
f 1359/1359 1347/1347 1346/1346
f 1348/1348 1362/1362 1349/1349
f 1510/1510 1511/1511 1512/1512
f 1512/1512 1513/1513 1510/1510
f 1514/1514 1515/1515 1516/1516
f 1516/1516 1517/1517 1514/1514
f 1518/1518 1512/1512 1511/1511
f 1511/1511 1519/1519 1518/1518
f 1519/1519 1516/1516 1515/1515
f 1515/1515 1518/1518 1519/1519
f 1520/1520 1521/1521 1522/1522
f 1522/1522 1523/1523 1520/1520
f 1524/1524 1525/1525 1526/1526
f 1526/1526 1520/1520 1524/1524
f 1521/1521 1527/1527 1528/1528
f 1528/1528 1522/1522 1521/1521
f 1525/1525 1529/1529 1530/1530
f 1530/1530 1526/1526 1525/1525
f 1527/1527 1510/1510 1513/1513
f 1513/1513 1528/1528 1527/1527
f 1529/1529 1514/1514 1517/1517
f 1517/1517 1530/1530 1529/1529
f 1363/1363 1531/1531 1532/1532
f 1532/1532 1364/1364 1363/1363
f 1369/1369 1398/1398 1533/1533
f 1533/1533 1370/1370 1369/1369
f 1490/1490 1534/1534 1399/1399
f 1399/1399 1402/1402 1490/1490
f 1403/1403 1406/1406 1535/1535
f 1535/1535 1491/1491 1403/1403
f 1363/1363 1407/1407 1410/1410
f 1410/1410 1531/1531 1363/1363
f 1533/1533 1411/1411 1414/1414
f 1414/1414 1370/1370 1533/1533
f 1453/1453 1484/1484 1494/1494
f 1494/1494 1454/1454 1453/1453
f 1459/1459 1495/1495 1487/1487
f 1487/1487 1460/1460 1459/1459
f 1402/1402 1484/1484 1485/1485
f 1485/1485 1490/1490 1402/1402
f 1491/1491 1486/1486 1487/1487
f 1487/1487 1403/1403 1491/1491
f 1477/1477 1488/1488 1485/1485
f 1485/1485 1474/1474 1477/1477
f 1475/1475 1486/1486 1493/1493
f 1493/1493 1480/1480 1475/1475
f 1359/1359 1481/1481 1536/1536
f 1537/1537 1483/1483 1362/1362
f 1417/1417 1371/1371 1415/1415
f 1416/1416 1376/1376 1419/1419
f 1385/1385 1538/1538 1396/1396
f 1369/1369 1368/1368 1390/1390
f 1424/1424 1539/1539 1540/1540
f 1540/1540 1541/1541 1424/1424
f 1352/1352 1542/1542 1408/1408
f 1413/1413 1543/1543 1353/1353
f 1544/1544 1357/1357 1545/1545
f 1546/1546 1358/1358 1544/1544
f 1547/1547 1357/1357 1544/1544
f 1544/1544 1358/1358 1547/1547
f 1352/1352 1351/1351 1542/1542
f 1543/1543 1354/1354 1353/1353
f 1542/1542 1351/1351 1548/1548
f 1549/1549 1354/1354 1543/1543
f 1545/1545 1357/1357 1352/1352
f 1353/1353 1358/1358 1546/1546
f 1408/1408 1545/1545 1352/1352
f 1353/1353 1546/1546 1413/1413
f 1357/1357 1547/1547 1345/1345
f 1350/1350 1547/1547 1358/1358
f 1550/1550 1345/1345 1547/1547
f 1547/1547 1350/1350 1550/1550
f 1340/1340 1352/1352 1357/1357
f 1358/1358 1353/1353 1341/1341
f 1345/1345 1550/1550 1346/1346
f 1349/1349 1550/1550 1350/1350
f 1360/1360 1359/1359 1551/1551
f 1552/1552 1362/1362 1361/1361
f 1536/1536 1551/1551 1359/1359
f 1362/1362 1552/1552 1537/1537
f 1408/1408 1407/1407 1553/1553
f 1554/1554 1414/1414 1413/1413
f 1392/1392 1555/1555 1556/1556
f 1557/1557 1361/1361 1393/1393
f 1415/1415 1386/1386 1422/1422
f 1423/1423 1389/1389 1416/1416
f 1558/1558 1417/1417 1415/1415
f 1416/1416 1419/1419 1549/1549
f 1545/1545 1408/1408 1553/1553
f 1554/1554 1413/1413 1546/1546
f 1408/1408 1542/1542 1409/1409
f 1412/1412 1543/1543 1413/1413
f 1420/1420 1417/1417 1558/1558
f 1549/1549 1419/1419 1354/1354
f 1454/1454 1559/1559 1468/1468
f 1469/1469 1560/1560 1459/1459
f 1559/1559 1494/1494 1561/1561
f 1562/1562 1495/1495 1560/1560
f 1409/1409 1542/1542 1563/1563
f 1564/1564 1543/1543 1412/1412
f 1563/1563 1542/1542 1548/1548
f 1549/1549 1543/1543 1564/1564
f 1478/1478 1488/1488 1477/1477
f 1480/1480 1493/1493 1479/1479
f 1565/1565 1566/1566 1567/1567
f 1568/1568 1569/1569 1570/1570
f 1565/1565 1567/1567 1571/1571
f 1572/1572 1568/1568 1570/1570
f 1392/1392 1391/1391 1555/1555
f 1361/1361 1356/1356 1393/1393
f 1482/1482 1536/1536 1481/1481
f 1483/1483 1537/1537 1482/1482
f 1573/1573 1540/1540 1539/1539
f 1541/1541 1540/1540 1573/1573
f 1392/1392 1556/1556 1539/1539
f 1541/1541 1557/1557 1393/1393
f 1556/1556 1574/1574 1539/1539
f 1541/1541 1575/1575 1557/1557
f 1555/1555 1574/1574 1556/1556
f 1557/1557 1575/1575 1361/1361
f 1424/1424 1392/1392 1539/1539
f 1541/1541 1393/1393 1424/1424
f 1571/1571 1576/1576 1577/1577
f 1578/1578 1579/1579 1572/1572
f 1567/1567 1566/1566 1580/1580
f 1581/1581 1569/1569 1568/1568
f 1571/1571 1567/1567 1576/1576
f 1579/1579 1568/1568 1572/1572
f 1582/1582 1521/1521 1583/1583
f 1583/1583 1526/1526 1584/1584
f 1544/1544 1545/1545 1585/1585
f 1585/1585 1546/1546 1544/1544
f 1521/1521 1582/1582 1527/1527
f 1530/1530 1584/1584 1526/1526
f 1545/1545 1586/1586 1585/1585
f 1583/1583 1584/1584 1587/1587
f 1534/1534 1490/1490 1489/1489
f 1492/1492 1491/1491 1535/1535
f 1385/1385 1387/1387 1538/1538
f 1368/1368 1388/1388 1390/1390
f 1401/1401 1400/1400 1561/1561
f 1562/1562 1405/1405 1404/1404
f 1559/1559 1454/1454 1494/1494
f 1495/1495 1459/1459 1560/1560
f 1494/1494 1401/1401 1561/1561
f 1562/1562 1404/1404 1495/1495
f 1407/1407 1363/1363 1366/1366
f 1367/1367 1370/1370 1414/1414
f 1407/1407 1366/1366 1553/1553
f 1554/1554 1367/1367 1414/1414
f 1521/1521 1520/1520 1583/1583
f 1583/1583 1520/1520 1526/1526
f 1582/1582 1583/1583 1587/1587
f 1588/1588 1546/1546 1585/1585
f 1589/1589 1590/1590 1591/1591
f 1592/1592 1590/1590 1589/1589
f 1591/1591 1593/1593 1589/1589
f 1589/1589 1593/1593 1592/1592
f 1594/1594 1595/1595 1596/1596
f 1594/1594 1597/1597 1595/1595
f 1598/1598 1595/1595 1599/1599
f 1600/1600 1601/1601 1602/1602
f 1600/1600 1602/1602 1603/1603
f 1604/1604 1605/1605 1602/1602
f 1595/1595 1597/1597 1599/1599
f 1605/1605 1603/1603 1602/1602
f 1606/1606 1607/1607 1608/1608
f 1606/1606 1609/1609 1607/1607
f 1610/1610 1607/1607 1611/1611
f 1612/1612 1613/1613 1614/1614
f 1612/1612 1614/1614 1615/1615
f 1616/1616 1617/1617 1614/1614
f 1607/1607 1609/1609 1611/1611
f 1617/1617 1615/1615 1614/1614
f 1618/1618 1619/1619 1620/1620
f 1618/1618 1620/1620 1621/1621
f 1622/1622 1623/1623 1620/1620
f 1624/1624 1625/1625 1626/1626
f 1624/1624 1627/1627 1625/1625
f 1628/1628 1625/1625 1629/1629
f 1620/1620 1623/1623 1621/1621
f 1629/1629 1625/1625 1627/1627
f 1630/1630 1631/1631 1632/1632
f 1630/1630 1632/1632 1633/1633
f 1634/1634 1635/1635 1632/1632
f 1636/1636 1637/1637 1638/1638
f 1636/1636 1639/1639 1637/1637
f 1640/1640 1637/1637 1641/1641
f 1632/1632 1635/1635 1633/1633
f 1641/1641 1637/1637 1639/1639
f 1642/1642 1643/1643 1644/1644
f 1644/1644 1645/1645 1642/1642
f 1646/1646 1647/1647 1643/1643
f 1643/1643 1642/1642 1646/1646
f 1648/1648 1649/1649 1650/1650
f 1649/1649 1648/1648 1651/1651
f 1650/1650 1652/1652 1653/1653
f 1652/1652 1650/1650 1649/1649
f 1654/1654 1655/1655 1656/1656
f 1656/1656 1657/1657 1654/1654
f 1658/1658 1659/1659 1655/1655
f 1655/1655 1654/1654 1658/1658
f 1660/1660 1661/1661 1662/1662
f 1663/1663 1662/1662 1661/1661
f 1664/1664 1660/1660 1665/1665
f 1662/1662 1665/1665 1660/1660
f 1666/1666 1667/1667 1668/1668
f 1668/1668 1669/1669 1666/1666
f 1670/1670 1666/1666 1669/1669
f 1669/1669 1671/1671 1670/1670
f 1672/1672 1673/1673 1674/1674
f 1674/1674 1675/1675 1672/1672
f 1676/1676 1672/1672 1675/1675
f 1675/1675 1677/1677 1676/1676
f 1678/1678 1679/1679 1680/1680
f 1680/1680 1681/1681 1678/1678
f 1679/1679 1682/1682 1683/1683
f 1683/1683 1680/1680 1679/1679
f 1684/1684 1685/1685 1686/1686
f 1685/1685 1684/1684 1687/1687
f 1688/1688 1686/1686 1689/1689
f 1686/1686 1688/1688 1684/1684
f 1690/1690 1691/1691 1692/1692
f 1692/1692 1693/1693 1690/1690
f 1691/1691 1694/1694 1695/1695
f 1695/1695 1692/1692 1691/1691
f 1696/1696 1697/1697 1698/1698
f 1699/1699 1698/1698 1697/1697
f 1700/1700 1701/1701 1696/1696
f 1697/1697 1696/1696 1701/1701
f 1702/1702 1703/1703 1704/1704
f 1703/1703 1702/1702 1705/1705
f 1706/1706 1705/1705 1702/1702
f 1705/1705 1706/1706 1707/1707
f 1708/1708 1709/1709 1710/1710
f 1709/1709 1708/1708 1711/1711
f 1712/1712 1711/1711 1708/1708
f 1711/1711 1712/1712 1713/1713
f 1714/1714 1715/1715 1716/1716
f 1715/1715 1717/1717 1716/1716
f 1718/1718 1719/1719 1720/1720
f 1720/1720 1719/1719 1721/1721
f 1722/1722 1723/1723 1724/1724
f 1723/1723 1725/1725 1724/1724
f 1726/1726 1727/1727 1728/1728
f 1727/1727 1729/1729 1728/1728
f 1730/1730 1731/1731 1732/1732
f 1732/1732 1731/1731 1733/1733
f 1734/1734 1735/1735 1736/1736
f 1734/1734 1737/1737 1735/1735
f 1738/1738 1739/1739 1740/1740
f 1740/1740 1739/1739 1741/1741
f 1742/1742 1740/1740 1743/1743
f 1740/1740 1744/1744 1745/1745
f 1746/1746 1738/1738 1740/1740
f 1744/1744 1740/1740 1741/1741
f 1746/1746 1740/1740 1742/1742
f 1743/1743 1740/1740 1745/1745
f 1346/1346 1550/1550 1482/1482
f 1482/1482 1550/1550 1349/1349
f 1297/1297 1298/1298 1178/1178
f 1297/1297 1258/1258 1251/1251
f 1266/1266 1270/1270 1269/1269
f 1196/1196 1195/1195 1199/1199
f 1362/1362 1483/1483 1349/1349

g dajianbang
v 8.490730 -6.329128 76.961330
v 10.409200 -4.232190 76.384350
v 15.378710 -2.480089 80.103090
v 14.228110 -3.231600 83.605710
v 17.489920 1.273598 90.222590
v 15.635390 -0.431558 90.619530
v 18.103720 -0.757308 84.305750
v 13.902140 2.307761 94.059520
v 13.331460 1.298128 94.044730
v 5.927725 -4.381141 77.621510
v 10.480570 -2.142820 82.268200
v 12.755600 -0.828262 85.425580
v 13.463890 0.737181 89.695560
v 12.526180 1.813326 92.993810
v 13.463890 0.737181 89.695560
v 17.489920 1.273598 90.222590
v 18.103720 -0.757308 84.305750
v 12.755600 -0.828262 85.425580
v 12.526180 1.813326 92.993810
v 10.480570 -2.142820 82.268200
v 15.378710 -2.480089 80.103090
v 5.927725 -4.381141 77.621510
v 10.409200 -4.232190 76.384350
v 7.087976 12.712120 76.425200
v 13.418150 12.389000 81.557810
v 14.676170 10.987030 78.300680
v 9.600528 11.362530 74.339410
v 17.032490 9.827254 88.980300
v 17.510020 10.528090 82.752060
v 15.015080 11.387320 89.005040
v 12.854020 10.253070 92.756700
v 13.520940 9.333619 92.991420
v 5.256969 10.679140 76.444870
v 9.810926 10.664940 80.540980
v 12.168610 10.322880 83.887190
v 12.979400 9.833459 88.391420
v 12.115070 9.438504 91.857350
v 12.979400 9.833459 88.391420
v 12.168610 10.322880 83.887190
v 17.510020 10.528090 82.752060
v 17.032490 9.827254 88.980300
v 12.115070 9.438504 91.857350
v 9.810926 10.664940 80.540980
v 14.676170 10.987030 78.300680
v 5.256969 10.679140 76.444870
v 9.600528 11.362530 74.339410
v 6.222000 -6.756965 71.146370
v 9.196539 2.917191 96.974080
v 9.196539 2.917191 96.974080
v 13.902140 2.307761 94.059520
v 6.222000 -6.756965 71.146370
v 5.340675 12.374060 69.289250
v 8.865627 8.934837 96.020880
v 13.520940 9.333619 92.991420
v 8.865627 8.934837 96.020880
v 5.340675 12.374060 69.289250
v -8.618965 -6.329156 76.961380
v -14.356350 -3.231602 83.605770
v -15.506940 -2.480099 80.103130
v -10.537430 -4.232205 76.384410
v -17.618180 1.273612 90.222630
v -18.231970 -0.757309 84.305800
v -15.763640 -0.431542 90.619580
v -13.459730 1.298153 94.044780
v -14.030420 2.307784 94.059550
v -6.055950 -4.381182 77.621510
v -10.608810 -2.142822 82.268250
v -12.883860 -0.828256 85.425630
v -13.592160 0.737196 89.695600
v -12.654450 1.813347 92.993850
v -13.592160 0.737196 89.695600
v -12.883860 -0.828256 85.425630
v -18.231970 -0.757309 84.305800
v -17.618180 1.273612 90.222630
v -12.654450 1.813347 92.993850
v -10.608810 -2.142822 82.268250
v -15.506940 -2.480099 80.103130
v -6.055950 -4.381182 77.621510
v -10.537430 -4.232205 76.384410
v -7.216292 12.712100 76.425160
v -9.728851 11.362510 74.339400
v -14.804490 10.987020 78.300680
v -13.546480 12.389000 81.557790
v -17.160810 9.827271 88.980290
v -15.143410 11.387340 89.005040
v -17.638340 10.528090 82.752060
v -13.649260 9.333647 92.991420
v -12.982340 10.253100 92.756700
v -5.385278 10.679120 76.444840
v -9.939249 10.664940 80.540980
v -12.296930 10.322880 83.887190
v -13.107720 9.833475 88.391410
v -12.243390 9.438526 91.857350
v -13.107720 9.833475 88.391410
v -17.160810 9.827271 88.980290
v -17.638340 10.528090 82.752060
v -12.296930 10.322880 83.887190
v -12.243390 9.438526 91.857350
v -9.939249 10.664940 80.540980
v -14.804490 10.987020 78.300680
v -5.385278 10.679120 76.444840
v -9.728851 11.362510 74.339400
v -6.350209 -6.757008 71.146380
v -9.324821 2.917226 96.974120
v -14.030420 2.307784 94.059550
v -9.324821 2.917226 96.974120
v -6.350209 -6.757008 71.146380
v -6.350228 11.724830 69.842610
v -8.993948 8.934872 96.020880
v -8.993948 8.934872 96.020880
v -13.649260 9.333647 92.991420
v -6.350228 11.724830 69.842610
vt 0.056386 0.050843 0.000000
vt 0.099644 0.051662 0.000000
vt 0.099644 0.097350 0.000000
vt 0.056386 0.115521 0.000000
vt 0.099644 0.183527 0.000000
vt 0.056386 0.183762 0.000000
vt 0.099644 0.137624 0.000000
vt 0.099644 0.220036 0.000000
vt 0.056386 0.220532 0.000000
vt 0.013036 0.051150 0.000000
vt 0.013036 0.097350 0.000000
vt 0.013036 0.137624 0.000000
vt 0.013036 0.183148 0.000000
vt 0.013036 0.219881 0.000000
vt 0.013036 0.183148 0.000000
vt 0.099644 0.183527 0.000000
vt 0.099644 0.137624 0.000000
vt 0.013036 0.137624 0.000000
vt 0.013036 0.219881 0.000000
vt 0.013036 0.097350 0.000000
vt 0.099644 0.097350 0.000000
vt 0.013036 0.051150 0.000000
vt 0.099644 0.051662 0.000000
vt 0.056386 0.050843 0.000000
vt 0.056386 0.115521 0.000000
vt 0.099644 0.097350 0.000000
vt 0.099644 0.051662 0.000000
vt 0.099644 0.183527 0.000000
vt 0.099644 0.137624 0.000000
vt 0.056386 0.183762 0.000000
vt 0.056386 0.220532 0.000000
vt 0.099644 0.220036 0.000000
vt 0.013036 0.051150 0.000000
vt 0.013036 0.097350 0.000000
vt 0.013036 0.137624 0.000000
vt 0.013036 0.183148 0.000000
vt 0.013036 0.219881 0.000000
vt 0.013036 0.183148 0.000000
vt 0.013036 0.137624 0.000000
vt 0.099644 0.137624 0.000000
vt 0.099644 0.183527 0.000000
vt 0.013036 0.219881 0.000000
vt 0.013036 0.097350 0.000000
vt 0.099644 0.097350 0.000000
vt 0.013036 0.051150 0.000000
vt 0.099644 0.051662 0.000000
vt 0.055574 0.009216 0.000000
vt 0.055574 0.246908 0.000000
vt 0.055574 0.246908 0.000000
vt 0.099644 0.220036 0.000000
vt 0.055574 0.009216 0.000000
vt 0.055574 0.009216 0.000000
vt 0.055574 0.246908 0.000000
vt 0.099644 0.220036 0.000000
vt 0.055574 0.246908 0.000000
vt 0.055574 0.009216 0.000000
vt 0.056386 0.050843 0.000000
vt 0.056386 0.115521 0.000000
vt 0.099644 0.097350 0.000000
vt 0.099644 0.051662 0.000000
vt 0.099644 0.183527 0.000000
vt 0.099644 0.137624 0.000000
vt 0.056386 0.183762 0.000000
vt 0.056386 0.220532 0.000000
vt 0.099644 0.220036 0.000000
vt 0.013036 0.051150 0.000000
vt 0.013036 0.097350 0.000000
vt 0.013036 0.137624 0.000000
vt 0.013036 0.183148 0.000000
vt 0.013036 0.219881 0.000000
vt 0.013036 0.183148 0.000000
vt 0.013036 0.137624 0.000000
vt 0.099644 0.137624 0.000000
vt 0.099644 0.183527 0.000000
vt 0.013036 0.219881 0.000000
vt 0.013036 0.097350 0.000000
vt 0.099644 0.097350 0.000000
vt 0.013036 0.051150 0.000000
vt 0.099644 0.051662 0.000000
vt 0.056386 0.050843 0.000000
vt 0.099644 0.051662 0.000000
vt 0.099644 0.097350 0.000000
vt 0.056386 0.115521 0.000000
vt 0.099644 0.183527 0.000000
vt 0.056386 0.183762 0.000000
vt 0.099644 0.137624 0.000000
vt 0.099644 0.220036 0.000000
vt 0.056386 0.220532 0.000000
vt 0.013036 0.051150 0.000000
vt 0.013036 0.097350 0.000000
vt 0.013036 0.137624 0.000000
vt 0.013036 0.183148 0.000000
vt 0.013036 0.219881 0.000000
vt 0.013036 0.183148 0.000000
vt 0.099644 0.183527 0.000000
vt 0.099644 0.137624 0.000000
vt 0.013036 0.137624 0.000000
vt 0.013036 0.219881 0.000000
vt 0.013036 0.097350 0.000000
vt 0.099644 0.097350 0.000000
vt 0.013036 0.051150 0.000000
vt 0.099644 0.051662 0.000000
vt 0.055574 0.009216 0.000000
vt 0.055574 0.246908 0.000000
vt 0.099644 0.220036 0.000000
vt 0.055574 0.246908 0.000000
vt 0.055574 0.009216 0.000000
vt 0.055574 0.009216 0.000000
vt 0.055574 0.246908 0.000000
vt 0.055574 0.246908 0.000000
vt 0.099644 0.220036 0.000000
vt 0.055574 0.009216 0.000000
usemtl Material_1
f 1747/1747 1748/1748 1749/1749
f 1749/1749 1750/1750 1747/1747
f 1751/1751 1752/1752 1753/1753
f 1752/1752 1751/1751 1754/1754
f 1754/1754 1755/1755 1752/1752
f 1756/1756 1747/1747 1750/1750
f 1750/1750 1757/1757 1756/1756
f 1758/1758 1750/1750 1752/1752
f 1752/1752 1759/1759 1758/1758
f 1755/1755 1760/1760 1752/1752
f 1761/1761 1762/1762 1763/1763
f 1763/1763 1764/1764 1761/1761
f 1761/1761 1765/1765 1762/1762
f 1766/1766 1764/1764 1763/1763
f 1763/1763 1767/1767 1766/1766
f 1768/1768 1766/1766 1767/1767
f 1767/1767 1769/1769 1768/1768
f 1770/1770 1771/1771 1772/1772
f 1772/1772 1773/1773 1770/1770
f 1774/1774 1775/1775 1776/1776
f 1776/1776 1777/1777 1778/1778
f 1778/1778 1774/1774 1776/1776
f 1779/1779 1780/1780 1771/1771
f 1771/1771 1770/1770 1779/1779
f 1781/1781 1782/1782 1776/1776
f 1776/1776 1771/1771 1781/1781
f 1777/1777 1776/1776 1783/1783
f 1784/1784 1785/1785 1786/1786
f 1786/1786 1787/1787 1784/1784
f 1784/1784 1787/1787 1788/1788
f 1789/1789 1790/1790 1786/1786
f 1786/1786 1785/1785 1789/1789
f 1791/1791 1792/1792 1790/1790
f 1790/1790 1789/1789 1791/1791
f 1793/1793 1747/1747 1756/1756
f 1753/1753 1750/1750 1749/1749
f 1794/1794 1755/1755 1754/1754
f 1750/1750 1758/1758 1757/1757
f 1793/1793 1748/1748 1747/1747
f 1794/1794 1760/1760 1755/1755
f 1765/1765 1795/1795 1796/1796
f 1769/1769 1797/1797 1768/1768
f 1798/1798 1779/1779 1770/1770
f 1775/1775 1772/1772 1771/1771
f 1799/1799 1778/1778 1777/1777
f 1771/1771 1780/1780 1781/1781
f 1798/1798 1770/1770 1773/1773
f 1799/1799 1777/1777 1783/1783
f 1788/1788 1800/1800 1801/1801
f 1792/1792 1791/1791 1802/1802
f 1760/1760 1759/1759 1752/1752
f 1765/1765 1796/1796 1762/1762
f 1787/1787 1800/1800 1788/1788
f 1776/1776 1782/1782 1783/1783
f 1752/1752 1750/1750 1753/1753
f 1775/1775 1771/1771 1776/1776
f 1803/1803 1804/1804 1805/1805
f 1805/1805 1806/1806 1803/1803
f 1807/1807 1808/1808 1809/1809
f 1809/1809 1810/1810 1811/1811
f 1811/1811 1807/1807 1809/1809
f 1812/1812 1813/1813 1804/1804
f 1804/1804 1803/1803 1812/1812
f 1814/1814 1815/1815 1809/1809
f 1809/1809 1804/1804 1814/1814
f 1810/1810 1809/1809 1816/1816
f 1817/1817 1818/1818 1819/1819
f 1819/1819 1820/1820 1817/1817
f 1817/1817 1820/1820 1821/1821
f 1822/1822 1823/1823 1819/1819
f 1819/1819 1818/1818 1822/1822
f 1824/1824 1825/1825 1823/1823
f 1823/1823 1822/1822 1824/1824
f 1826/1826 1827/1827 1828/1828
f 1828/1828 1829/1829 1826/1826
f 1830/1830 1831/1831 1832/1832
f 1831/1831 1830/1830 1833/1833
f 1833/1833 1834/1834 1831/1831
f 1835/1835 1826/1826 1829/1829
f 1829/1829 1836/1836 1835/1835
f 1837/1837 1829/1829 1831/1831
f 1831/1831 1838/1838 1837/1837
f 1834/1834 1839/1839 1831/1831
f 1840/1840 1841/1841 1842/1842
f 1842/1842 1843/1843 1840/1840
f 1840/1840 1844/1844 1841/1841
f 1845/1845 1843/1843 1842/1842
f 1842/1842 1846/1846 1845/1845
f 1847/1847 1845/1845 1846/1846
f 1846/1846 1848/1848 1847/1847
f 1849/1849 1812/1812 1803/1803
f 1808/1808 1805/1805 1804/1804
f 1850/1850 1811/1811 1810/1810
f 1804/1804 1813/1813 1814/1814
f 1849/1849 1803/1803 1806/1806
f 1850/1850 1810/1810 1816/1816
f 1821/1821 1851/1851 1852/1852
f 1825/1825 1824/1824 1853/1853
f 1854/1854 1826/1826 1835/1835
f 1832/1832 1829/1829 1828/1828
f 1855/1855 1834/1834 1833/1833
f 1829/1829 1837/1837 1836/1836
f 1854/1854 1827/1827 1826/1826
f 1855/1855 1839/1839 1834/1834
f 1844/1844 1856/1856 1857/1857
f 1848/1848 1858/1858 1847/1847
f 1816/1816 1809/1809 1815/1815
f 1821/1821 1820/1820 1851/1851
f 1841/1841 1844/1844 1857/1857
f 1831/1831 1839/1839 1838/1838
f 1809/1809 1808/1808 1804/1804
f 1832/1832 1831/1831 1829/1829

g jianbangUV1
v 8.490730 -6.329128 76.961330
v 10.409200 -4.232190 76.384350
v 15.378710 -2.480089 80.103090
v 14.228110 -3.231600 83.605710
v 17.489920 1.273598 90.222590
v 15.635390 -0.431558 90.619530
v 18.103720 -0.757308 84.305750
v 13.902140 2.307761 94.059520
v 13.331460 1.298128 94.044730
v 5.927725 -4.381141 77.621510
v 10.480570 -2.142820 82.268200
v 12.755600 -0.828262 85.425580
v 13.463890 0.737181 89.695560
v 12.526180 1.813326 92.993810
v 13.463890 0.737181 89.695560
v 17.489920 1.273598 90.222590
v 18.103720 -0.757308 84.305750
v 12.755600 -0.828262 85.425580
v 12.526180 1.813326 92.993810
v 10.480570 -2.142820 82.268200
v 15.378710 -2.480089 80.103090
v 5.927725 -4.381141 77.621510
v 10.409200 -4.232190 76.384350
v 6.222000 -6.756965 71.146370
v 9.196539 2.917191 96.974080
v 9.196539 2.917191 96.974080
v 13.902140 2.307761 94.059520
v 6.222000 -6.756965 71.146370
vt 0.056386 0.050843 0.000000
vt 0.099644 0.051662 0.000000
vt 0.099644 0.097350 0.000000
vt 0.056386 0.115521 0.000000
vt 0.099644 0.183527 0.000000
vt 0.056386 0.183762 0.000000
vt 0.099644 0.137624 0.000000
vt 0.099644 0.220036 0.000000
vt 0.056386 0.220532 0.000000
vt 0.013036 0.051150 0.000000
vt 0.013036 0.097350 0.000000
vt 0.013036 0.137624 0.000000
vt 0.013036 0.183148 0.000000
vt 0.013036 0.219881 0.000000
vt 0.013036 0.183148 0.000000
vt 0.099644 0.183527 0.000000
vt 0.099644 0.137624 0.000000
vt 0.013036 0.137624 0.000000
vt 0.013036 0.219881 0.000000
vt 0.013036 0.097350 0.000000
vt 0.099644 0.097350 0.000000
vt 0.013036 0.051150 0.000000
vt 0.099644 0.051662 0.000000
vt 0.055574 0.009216 0.000000
vt 0.055574 0.246908 0.000000
vt 0.055574 0.246908 0.000000
vt 0.099644 0.220036 0.000000
vt 0.055574 0.009216 0.000000
usemtl Material_7
f 1859/1859 1860/1860 1861/1861
f 1861/1861 1862/1862 1859/1859
f 1863/1863 1864/1864 1865/1865
f 1864/1864 1863/1863 1866/1866
f 1866/1866 1867/1867 1864/1864
f 1868/1868 1859/1859 1862/1862
f 1862/1862 1869/1869 1868/1868
f 1870/1870 1862/1862 1864/1864
f 1864/1864 1871/1871 1870/1870
f 1867/1867 1872/1872 1864/1864
f 1873/1873 1874/1874 1875/1875
f 1875/1875 1876/1876 1873/1873
f 1873/1873 1877/1877 1874/1874
f 1878/1878 1876/1876 1875/1875
f 1875/1875 1879/1879 1878/1878
f 1880/1880 1878/1878 1879/1879
f 1879/1879 1881/1881 1880/1880
f 1882/1882 1859/1859 1868/1868
f 1865/1865 1862/1862 1861/1861
f 1883/1883 1867/1867 1866/1866
f 1862/1862 1870/1870 1869/1869
f 1882/1882 1860/1860 1859/1859
f 1883/1883 1872/1872 1867/1867
f 1877/1877 1884/1884 1885/1885
f 1881/1881 1886/1886 1880/1880
f 1872/1872 1871/1871 1864/1864
f 1877/1877 1885/1885 1874/1874
f 1864/1864 1862/1862 1865/1865

g jianbangUV2
v 7.087976 12.712120 76.425200
v 13.418150 12.389000 81.557810
v 14.676170 10.987030 78.300680
v 9.600528 11.362530 74.339410
v 17.032490 9.827254 88.980300
v 17.510020 10.528090 82.752060
v 15.015080 11.387320 89.005040
v 12.854020 10.253070 92.756700
v 13.520940 9.333619 92.991420
v 5.256969 10.679140 76.444870
v 9.810926 10.664940 80.540980
v 12.168610 10.322880 83.887190
v 12.979400 9.833459 88.391420
v 12.115070 9.438504 91.857350
v 12.979400 9.833459 88.391420
v 12.168610 10.322880 83.887190
v 17.510020 10.528090 82.752060
v 17.032490 9.827254 88.980300
v 12.115070 9.438504 91.857350
v 9.810926 10.664940 80.540980
v 14.676170 10.987030 78.300680
v 5.256969 10.679140 76.444870
v 9.600528 11.362530 74.339410
v 5.340675 12.374060 69.289250
v 8.865627 8.934837 96.020880
v 13.520940 9.333619 92.991420
v 8.865627 8.934837 96.020880
v 5.340675 12.374060 69.289250
vt 0.056386 0.050843 0.000000
vt 0.056386 0.115521 0.000000
vt 0.099644 0.097350 0.000000
vt 0.099644 0.051662 0.000000
vt 0.099644 0.183527 0.000000
vt 0.099644 0.137624 0.000000
vt 0.056386 0.183762 0.000000
vt 0.056386 0.220532 0.000000
vt 0.099644 0.220036 0.000000
vt 0.013036 0.051150 0.000000
vt 0.013036 0.097350 0.000000
vt 0.013036 0.137624 0.000000
vt 0.013036 0.183148 0.000000
vt 0.013036 0.219881 0.000000
vt 0.013036 0.183148 0.000000
vt 0.013036 0.137624 0.000000
vt 0.099644 0.137624 0.000000
vt 0.099644 0.183527 0.000000
vt 0.013036 0.219881 0.000000
vt 0.013036 0.097350 0.000000
vt 0.099644 0.097350 0.000000
vt 0.013036 0.051150 0.000000
vt 0.099644 0.051662 0.000000
vt 0.055574 0.009216 0.000000
vt 0.055574 0.246908 0.000000
vt 0.099644 0.220036 0.000000
vt 0.055574 0.246908 0.000000
vt 0.055574 0.009216 0.000000
usemtl Material_7
f 1887/1887 1888/1888 1889/1889
f 1889/1889 1890/1890 1887/1887
f 1891/1891 1892/1892 1893/1893
f 1893/1893 1894/1894 1895/1895
f 1895/1895 1891/1891 1893/1893
f 1896/1896 1897/1897 1888/1888
f 1888/1888 1887/1887 1896/1896
f 1898/1898 1899/1899 1893/1893
f 1893/1893 1888/1888 1898/1898
f 1894/1894 1893/1893 1900/1900
f 1901/1901 1902/1902 1903/1903
f 1903/1903 1904/1904 1901/1901
f 1901/1901 1904/1904 1905/1905
f 1906/1906 1907/1907 1903/1903
f 1903/1903 1902/1902 1906/1906
f 1908/1908 1909/1909 1907/1907
f 1907/1907 1906/1906 1908/1908
f 1910/1910 1896/1896 1887/1887
f 1892/1892 1889/1889 1888/1888
f 1911/1911 1895/1895 1894/1894
f 1888/1888 1897/1897 1898/1898
f 1910/1910 1887/1887 1890/1890
f 1911/1911 1894/1894 1900/1900
f 1905/1905 1912/1912 1913/1913
f 1909/1909 1908/1908 1914/1914
f 1904/1904 1912/1912 1905/1905
f 1893/1893 1899/1899 1900/1900
f 1892/1892 1888/1888 1893/1893

g jianbangUV3
v -8.618965 -6.329156 76.961380
v -14.356350 -3.231602 83.605770
v -15.506940 -2.480099 80.103130
v -10.537430 -4.232205 76.384410
v -17.618180 1.273612 90.222630
v -18.231970 -0.757309 84.305800
v -15.763640 -0.431542 90.619580
v -13.459730 1.298153 94.044780
v -14.030420 2.307784 94.059550
v -6.055950 -4.381182 77.621510
v -10.608810 -2.142822 82.268250
v -12.883860 -0.828256 85.425630
v -13.592160 0.737196 89.695600
v -12.654450 1.813347 92.993850
v -13.592160 0.737196 89.695600
v -12.883860 -0.828256 85.425630
v -18.231970 -0.757309 84.305800
v -17.618180 1.273612 90.222630
v -12.654450 1.813347 92.993850
v -10.608810 -2.142822 82.268250
v -15.506940 -2.480099 80.103130
v -6.055950 -4.381182 77.621510
v -10.537430 -4.232205 76.384410
v -6.350209 -6.757008 71.146380
v -9.324821 2.917226 96.974120
v -14.030420 2.307784 94.059550
v -9.324821 2.917226 96.974120
v -6.350209 -6.757008 71.146380
vt 0.056386 0.050843 0.000000
vt 0.056386 0.115521 0.000000
vt 0.099644 0.097350 0.000000
vt 0.099644 0.051662 0.000000
vt 0.099644 0.183527 0.000000
vt 0.099644 0.137624 0.000000
vt 0.056386 0.183762 0.000000
vt 0.056386 0.220532 0.000000
vt 0.099644 0.220036 0.000000
vt 0.013036 0.051150 0.000000
vt 0.013036 0.097350 0.000000
vt 0.013036 0.137624 0.000000
vt 0.013036 0.183148 0.000000
vt 0.013036 0.219881 0.000000
vt 0.013036 0.183148 0.000000
vt 0.013036 0.137624 0.000000
vt 0.099644 0.137624 0.000000
vt 0.099644 0.183527 0.000000
vt 0.013036 0.219881 0.000000
vt 0.013036 0.097350 0.000000
vt 0.099644 0.097350 0.000000
vt 0.013036 0.051150 0.000000
vt 0.099644 0.051662 0.000000
vt 0.055574 0.009216 0.000000
vt 0.055574 0.246908 0.000000
vt 0.099644 0.220036 0.000000
vt 0.055574 0.246908 0.000000
vt 0.055574 0.009216 0.000000
usemtl Material_7
f 1915/1915 1916/1916 1917/1917
f 1917/1917 1918/1918 1915/1915
f 1919/1919 1920/1920 1921/1921
f 1921/1921 1922/1922 1923/1923
f 1923/1923 1919/1919 1921/1921
f 1924/1924 1925/1925 1916/1916
f 1916/1916 1915/1915 1924/1924
f 1926/1926 1927/1927 1921/1921
f 1921/1921 1916/1916 1926/1926
f 1922/1922 1921/1921 1928/1928
f 1929/1929 1930/1930 1931/1931
f 1931/1931 1932/1932 1929/1929
f 1929/1929 1932/1932 1933/1933
f 1934/1934 1935/1935 1931/1931
f 1931/1931 1930/1930 1934/1934
f 1936/1936 1937/1937 1935/1935
f 1935/1935 1934/1934 1936/1936
f 1938/1938 1924/1924 1915/1915
f 1920/1920 1917/1917 1916/1916
f 1939/1939 1923/1923 1922/1922
f 1916/1916 1925/1925 1926/1926
f 1938/1938 1915/1915 1918/1918
f 1939/1939 1922/1922 1928/1928
f 1933/1933 1940/1940 1941/1941
f 1937/1937 1936/1936 1942/1942
f 1928/1928 1921/1921 1927/1927
f 1933/1933 1932/1932 1940/1940
f 1921/1921 1920/1920 1916/1916

g jianbangUV4
v -7.216292 12.712100 76.425160
v -9.728851 11.362510 74.339400
v -14.804490 10.987020 78.300680
v -13.546480 12.389000 81.557790
v -17.160810 9.827271 88.980290
v -15.143410 11.387340 89.005040
v -17.638340 10.528090 82.752060
v -13.649260 9.333647 92.991420
v -12.982340 10.253100 92.756700
v -5.385278 10.679120 76.444840
v -9.939249 10.664940 80.540980
v -12.296930 10.322880 83.887190
v -13.107720 9.833475 88.391410
v -12.243390 9.438526 91.857350
v -13.107720 9.833475 88.391410
v -17.160810 9.827271 88.980290
v -17.638340 10.528090 82.752060
v -12.296930 10.322880 83.887190
v -12.243390 9.438526 91.857350
v -9.939249 10.664940 80.540980
v -14.804490 10.987020 78.300680
v -5.385278 10.679120 76.444840
v -9.728851 11.362510 74.339400
v -6.350228 11.724830 69.842610
v -8.993948 8.934872 96.020880
v -8.993948 8.934872 96.020880
v -13.649260 9.333647 92.991420
v -6.350228 11.724830 69.842610
vt 0.056386 0.050843 0.000000
vt 0.099644 0.051662 0.000000
vt 0.099644 0.097350 0.000000
vt 0.056386 0.115521 0.000000
vt 0.099644 0.183527 0.000000
vt 0.056386 0.183762 0.000000
vt 0.099644 0.137624 0.000000
vt 0.099644 0.220036 0.000000
vt 0.056386 0.220532 0.000000
vt 0.013036 0.051150 0.000000
vt 0.013036 0.097350 0.000000
vt 0.013036 0.137624 0.000000
vt 0.013036 0.183148 0.000000
vt 0.013036 0.219881 0.000000
vt 0.013036 0.183148 0.000000
vt 0.099644 0.183527 0.000000
vt 0.099644 0.137624 0.000000
vt 0.013036 0.137624 0.000000
vt 0.013036 0.219881 0.000000
vt 0.013036 0.097350 0.000000
vt 0.099644 0.097350 0.000000
vt 0.013036 0.051150 0.000000
vt 0.099644 0.051662 0.000000
vt 0.055574 0.009216 0.000000
vt 0.055574 0.246908 0.000000
vt 0.055574 0.246908 0.000000
vt 0.099644 0.220036 0.000000
vt 0.055574 0.009216 0.000000
usemtl Material_7
f 1943/1943 1944/1944 1945/1945
f 1945/1945 1946/1946 1943/1943
f 1947/1947 1948/1948 1949/1949
f 1948/1948 1947/1947 1950/1950
f 1950/1950 1951/1951 1948/1948
f 1952/1952 1943/1943 1946/1946
f 1946/1946 1953/1953 1952/1952
f 1954/1954 1946/1946 1948/1948
f 1948/1948 1955/1955 1954/1954
f 1951/1951 1956/1956 1948/1948
f 1957/1957 1958/1958 1959/1959
f 1959/1959 1960/1960 1957/1957
f 1957/1957 1961/1961 1958/1958
f 1962/1962 1960/1960 1959/1959
f 1959/1959 1963/1963 1962/1962
f 1964/1964 1962/1962 1963/1963
f 1963/1963 1965/1965 1964/1964
f 1966/1966 1943/1943 1952/1952
f 1949/1949 1946/1946 1945/1945
f 1967/1967 1951/1951 1950/1950
f 1946/1946 1954/1954 1953/1953
f 1966/1966 1944/1944 1943/1943
f 1967/1967 1956/1956 1951/1951
f 1961/1961 1968/1968 1969/1969
f 1965/1965 1970/1970 1964/1964
f 1958/1958 1961/1961 1969/1969
f 1948/1948 1956/1956 1955/1955
f 1949/1949 1948/1948 1946/1946

