mtllib youli.mtl

g youli
v 17.052400 -32.221660 191.709000
v 19.187410 -31.175160 190.784800
v 17.388950 -31.529620 188.184200
v 15.548930 -32.290130 188.958600
v 15.886810 -30.408360 185.806900
v 14.478130 -29.441630 184.728400
v 13.017960 -30.350450 184.863900
v 14.119680 -31.412730 186.589500
v 18.329100 -31.273210 194.127200
v 20.534400 -29.802220 192.372700
v 11.900720 -29.002060 180.918300
v 11.636110 -28.040710 180.614900
v 10.621140 -28.512730 180.986400
v 10.694240 -29.340530 180.903600
v 11.645610 -27.722760 183.054300
v 10.621140 -28.512730 180.986400
v 11.636110 -28.040710 180.614900
v 12.842850 -27.138690 182.189800
v 14.723340 -26.840110 183.393200
v 12.723200 -27.328510 185.115500
v 13.042920 -28.641560 182.174000
v 12.842850 -27.138690 182.189800
v 17.838640 -26.475890 184.166600
v 18.015390 -27.911540 184.693600
v 19.848290 -26.381880 186.646100
v 19.847880 -24.994320 186.217500
v 16.142940 -26.680220 183.705100
v 15.988180 -26.038150 184.099500
v 13.232910 -25.907910 186.412100
v 10.931030 -29.904890 181.187000
v 11.915250 -29.879170 182.982500
v 11.620110 -25.951440 181.416100
v 11.478210 -26.997010 181.217700
v 12.765080 -26.415750 182.792700
v 12.749400 -25.601960 182.656900
v 11.464560 -25.428180 183.323100
v 10.585990 -25.790660 181.631800
v 11.478210 -26.997010 181.217700
v 10.631890 -27.213570 181.344500
v 12.354940 -26.420910 184.682700
v 12.765080 -26.415750 182.792700
v 12.322520 -24.435710 185.141000
v 14.161500 -24.913990 184.026900
v 14.177790 -26.012460 183.517200
v 10.631890 -27.213570 181.344500
v 16.392860 -25.252740 184.297500
v 15.236970 -25.092320 184.103300
v 15.019890 -25.559750 184.266100
v 15.988180 -26.038150 184.099500
v 18.921690 -29.684630 195.618100
v 21.340090 -25.598710 201.360600
v 24.778860 -24.307540 198.382000
v 21.506190 -28.131470 193.058300
v 17.901330 -22.887540 185.972000
v 13.605280 -22.828730 187.891100
v 22.202450 -24.331440 190.567000
v 24.914480 -21.643330 194.244700
v 18.854420 -21.906110 190.378700
v 15.555290 -21.622740 191.749500
v 21.970200 -16.902640 206.692000
v 26.924990 -15.341110 203.204100
v 18.197870 -19.012050 193.582800
v 27.173190 -13.585160 196.976200
v 19.558990 -13.574970 194.614700
v 13.799170 -32.044230 190.159300
v 14.965230 -31.780430 193.107800
v 12.347510 -30.915730 187.754200
v 11.961650 -29.802380 186.113000
v 15.299370 -30.552710 195.253000
v 10.016090 -29.272230 181.955200
v 9.690814 -28.319580 181.685200
v 10.187960 -27.519290 183.650600
v 9.690814 -28.319580 181.685200
v 10.162220 -27.493960 185.902700
v 10.187960 -27.519290 183.650600
v 10.398120 -29.020710 183.629200
v 9.133335 -27.723850 188.956300
v 9.490237 -26.479160 191.916300
v 10.147070 -27.772610 191.983700
v 9.792189 -29.090390 189.218000
v 9.661013 -27.609430 187.271500
v 9.929004 -26.906770 187.433300
v 9.912582 -26.196210 182.355600
v 10.291190 -25.954370 184.009400
v 10.572420 -26.730090 183.999100
v 10.046720 -27.202230 182.005300
v 10.046720 -27.202230 182.005300
v 10.572420 -26.730090 183.999100
v 10.559230 -25.430400 186.008900
v 10.365050 -26.559050 185.615000
v 9.716537 -26.209840 187.970900
v 9.929004 -26.906770 187.433300
v 10.459080 -26.213570 186.775500
v 10.111360 -25.827100 186.923400
v 15.010540 -29.062650 196.632200
v 16.661830 -24.303100 200.959400
v 9.825089 -24.045300 190.415500
v 12.731880 -25.689110 195.777700
v 13.256650 -21.388030 197.817200
v 12.789530 -22.775550 193.715600
v 16.252360 -16.200540 205.953200
v 12.556070 -15.045120 200.100900
v -7.996048 -14.151310 170.807100
v -9.722820 -11.236800 173.379000
v -1.982007 -2.971116 170.195000
v 0.428102 -10.493290 167.640900
v 10.674910 6.968820 164.760700
v 15.813090 -3.347195 159.457200
v 24.518940 23.166000 152.042500
v 30.491840 9.773317 144.203100
v 35.907380 44.348970 132.440400
v 45.699860 27.813040 118.425800
v 45.699860 27.813040 118.425800
v 35.907380 44.348970 132.440400
v 36.692290 69.415470 102.617700
v 48.667510 48.818780 86.296580
v 19.475140 82.946270 70.861630
v 32.076880 68.300370 50.032500
v -11.405010 72.744420 32.170970
v 32.076880 68.300370 50.032500
v 19.475140 82.946270 70.861630
v -13.130260 88.056610 56.315670
v -40.693050 89.377410 58.631130
v -49.633610 80.275180 38.672550
v -53.140250 92.070690 70.737580
v -63.493430 86.087440 62.909430
v 24.085760 -4.595589 194.651200
v 17.533020 -8.472497 193.506100
v 15.991590 0.487420 188.741900
v 12.294430 -5.751869 189.581400
v 1.402265 1.988778 187.233600
v 2.469350 -4.300987 188.690700
v -9.119418 -5.400201 193.197300
v -6.080345 -7.946229 193.100500
v -13.759340 -14.028200 202.308600
v -10.582280 -16.222260 199.886300
v -10.582280 -16.222260 199.886300
v -13.759340 -14.028200 202.308600
v -18.580730 -23.249120 195.998600
v -13.856950 -21.894670 194.047300
v -19.765920 -24.959560 185.666900
v -14.809850 -23.865430 185.833000
v -17.712980 -19.977950 176.572200
v -13.260820 -19.013870 178.054000
v -13.418580 -11.677580 170.002900
v -4.569789 -2.273627 163.287300
v 3.800094 6.728386 155.822800
v 12.416590 20.297020 144.116100
v 16.995590 36.520680 126.298200
v 16.995590 36.520680 126.298200
v 13.296240 50.175240 103.969300
v -0.625371 59.489250 83.326630
v -0.625371 59.489250 83.326630
v -22.434660 64.824910 71.024890
v -41.578840 72.430020 72.089170
v -51.546020 80.866900 75.435070
v 23.222700 -3.813266 202.376500
v 15.678590 4.205950 195.301400
v 0.747603 5.301543 192.566300
v -9.636654 -3.701236 197.113500
v 10.765880 -9.144031 200.359800
v 8.179367 -7.696398 197.290800
v 2.962921 -6.839602 196.506300
v -2.567086 -8.578906 197.717000
v -7.463716 -16.057880 200.865000
v -7.463716 -16.057880 200.865000
v -10.352620 -24.418890 195.698700
v -12.466710 -26.947420 184.977200
v -11.882690 -22.231950 176.075900
v 13.373560 -7.090162 206.319500
v 18.930800 -4.981290 207.248600
v 9.215182 -3.131611 201.773600
v 12.256200 2.435818 201.045600
v 1.272714 -2.118866 200.216000
v 0.657683 3.329198 198.999600
v -4.108822 -6.340420 200.876500
v -6.870737 -4.480687 200.849900
v -10.107020 -15.380130 204.306100
v -10.107020 -15.380130 204.306100
v -14.371420 -25.930840 197.866900
v -16.457960 -28.235820 185.250500
v -15.211910 -23.313580 174.973000
v -10.940200 -14.909980 167.545500
v -2.335998 -9.662221 160.375000
v 8.485678 -3.472054 150.081000
v 17.631200 6.909989 135.927200
v 25.537740 19.473570 111.265800
v 25.537740 19.473570 111.265800
v 24.433380 30.482890 85.303890
v 10.200230 39.687180 60.905720
v 10.200230 39.687180 60.905720
v -20.915300 45.867960 45.243050
v -50.240850 59.945400 50.190120
v -61.679560 74.325790 67.970260
v 0.000010 -19.949240 193.743100
v 3.471099 -18.506080 195.201000
v 6.213459 -24.430240 191.703000
v 0.000012 -25.424210 191.324000
v 5.519821 -28.095200 173.572200
v 7.035441 -28.774250 178.877300
v 12.414610 -24.438820 178.866000
v 9.962473 -23.766310 173.250400
v 0.000005 -5.697030 191.469300
v 0.000007 -4.354756 181.789900
v 8.309392 -5.810933 182.875700
v 7.089892 -6.720215 191.118900
v 7.021342 -11.015920 171.476300
v 6.738840 -11.325720 167.069500
v 10.012470 -17.238560 165.590600
v 11.048160 -16.550740 171.897100
v 8.415034 -22.713650 167.594800
v 4.248955 -25.947880 167.560700
v 9.477661 -11.064110 194.315900
v 12.471180 -11.306050 193.714200
v 12.003710 -15.705860 194.512800
v 7.910439 -14.950760 195.679600
v 12.629530 -20.924850 192.320000
v 12.003710 -15.705860 194.512800
v 17.483930 -15.797400 193.481500
v 16.632240 -20.592860 192.002400
v 12.471180 -11.306050 193.714200
v 16.942410 -11.475590 192.635600
v 12.758490 -8.361092 190.472300
v 15.991840 -8.554008 189.844800
v 15.929130 -22.697070 188.944900
v 12.995240 -23.210970 188.603500
v 20.949940 -19.463020 182.840400
v 20.650840 -20.273680 186.096200
v 22.451400 -15.387270 186.608900
v 23.141290 -14.882430 182.165000
v 19.113100 -20.530270 190.085400
v 20.615920 -15.882590 191.079800
v 19.604310 -11.617620 190.630400
v 21.146910 -11.346800 186.847100
v 16.484480 -20.289170 182.576200
v 16.127100 -22.428180 185.471200
v 14.025320 -15.722790 177.605600
v 8.210728 -8.632366 178.713700
v 14.646860 -20.539750 182.584100
v 13.634550 -23.311190 185.094100
v 16.727970 -16.519620 129.708200
v 12.650590 -8.899591 130.269900
v 14.402330 -10.271180 116.713000
v 16.341950 -14.325160 112.354100
v 0.976333 -18.077030 136.968600
v 1.138167 -17.768990 131.644300
v 5.321600 -7.971422 130.258800
v 5.710752 -7.915402 138.356600
v 13.359000 -17.462190 150.926400
v 7.589384 -25.141210 151.511200
v 6.648155 -24.325460 155.975400
v 12.317860 -17.577640 156.057400
v 3.199514 -16.254890 122.167800
v 7.044754 -9.347478 116.481600
v 13.084870 -24.339400 126.125000
v 5.824087 -24.467030 124.725700
v 3.747967 -25.210420 134.658700
v 10.893550 -25.548560 137.798400
v 13.548960 -22.010100 111.752800
v 8.818007 -21.958310 111.177000
v 17.088690 -2.856085 100.689100
v 19.922050 -10.219250 98.642070
v 14.640990 -9.031856 111.474100
v 10.010260 -8.056079 110.872400
v 10.682550 -2.285384 100.003700
v 1.138167 -17.768990 131.644300
v 0.976333 -18.077030 136.968600
v 3.601230 -25.513560 142.187700
v 0.000010 -18.307620 143.868400
v 0.000012 -25.922840 146.920700
v 1.789260 -24.431460 146.214600
v 0.706157 -18.385090 143.772900
v 7.057807 -10.791900 97.596870
v 7.041844 -12.618580 106.962100
v 15.478840 -17.074430 141.970400
v 9.267047 -25.904830 144.882200
v 13.824630 -19.717830 109.121100
v 9.361154 -19.589310 108.491600
v 10.835760 -8.357755 140.305200
v 3.849463 -8.806449 143.797500
v 0.706157 -18.385090 143.772900
v 16.715470 -15.563260 96.955760
v 10.574170 -15.667220 95.959080
v 7.057807 -10.791900 97.596870
v 7.041844 -12.618580 106.962100
v 21.233960 -9.548355 60.433540
v 17.694440 -12.678840 60.958660
v 17.136900 -11.547910 64.858630
v 20.026720 -6.000659 67.565930
v 13.041860 -13.374720 49.868230
v 14.114200 -16.183450 52.714070
v 20.181460 -22.897620 48.152190
v 20.424460 -22.726210 46.683340
v 24.182850 -15.537210 53.710880
v 18.928800 -17.592610 54.795010
v 25.811040 -12.934410 51.192780
v 23.536440 -6.524847 54.639900
v 13.906450 -5.269637 56.472820
v 22.306640 -5.092909 57.424030
v 22.510950 -1.455901 57.902340
v 13.469400 -1.685755 56.898390
v 20.719760 3.062351 61.526650
v 14.161380 2.870724 60.745330
v 14.395200 -9.517128 59.551510
v 13.081450 -5.520922 66.882050
v 13.512880 -6.684324 53.480670
v 6.909468 -28.542880 183.337300
v 0.000012 -30.464680 182.811600
v 0.000011 -28.982720 186.558300
v 6.638403 -27.611570 186.813400
v 0.000013 -30.084910 173.326600
v 0.000014 -30.841330 178.325200
v 0.000010 -27.168670 167.458500
v 23.536440 -6.524847 54.639900
v 13.512880 -6.684324 53.480670
v 13.041860 -13.374720 49.868230
v 25.811040 -12.934410 51.192780
v 3.838601 -8.926546 194.840500
v 2.915787 -10.558940 198.247300
v 0.000007 -9.073474 198.772500
v 0.000007 -9.073474 198.772500
v 0.000007 -8.062937 195.058800
v 3.838601 -8.926546 194.840500
v 22.306640 -5.092909 57.424030
v 13.906450 -5.269637 56.472820
v 18.394360 -0.560046 68.616080
v 15.188660 -0.413337 68.222180
v 0.000007 -9.245545 171.190800
v 0.000008 -9.839355 167.717400
v 0.000008 -7.565707 175.565800
v 7.848119 -23.599410 160.318200
v 11.497780 -17.585320 160.845900
v 6.449867 -11.043810 162.279400
v 7.597222 -7.601733 155.860700
v 0.000008 -9.043394 162.606700
v 0.000007 -6.345829 155.182400
v 0.000013 -26.171800 163.148200
v 3.772156 -25.344800 163.321100
v 4.261208 -27.374360 161.143800
v 0.000011 -28.552350 160.464200
v 0.000007 -7.717063 165.055600
v 0.000008 -9.043394 162.606700
v 6.449867 -11.043810 162.279400
v 7.352279 -9.367018 164.710900
v 0.000008 -9.839355 167.717400
v 0.000007 -7.717063 165.055600
v 7.352279 -9.367018 164.710900
v 6.738840 -11.325720 167.069500
v 3.772156 -25.344800 163.321100
v 0.000013 -26.171800 163.148200
v 8.062216 -22.850310 163.951400
v 8.210728 -8.632366 178.713700
v 8.309392 -5.810933 182.875700
v 0.000006 -3.183438 179.841800
v 0.000006 -5.554072 175.034100
v 18.618370 -8.918283 174.731200
v 17.133210 -14.790660 173.013200
v 20.394960 -15.252180 167.333100
v 21.268460 -10.250890 169.919000
v 25.241230 -10.088490 171.796400
v 22.143810 -9.518371 168.056100
v 26.447980 -9.512680 170.000200
v 14.621050 -15.059840 180.754600
v 19.062860 -20.319530 174.616800
v 21.035950 -19.073680 169.895100
v 15.778920 -9.229382 181.240600
v 23.252410 -9.089533 176.732800
v 20.580590 -9.712514 182.830200
v 23.629950 -20.159450 176.720500
v 25.284190 -19.416210 171.906200
v 31.047450 -21.470940 148.361200
v 29.465920 -22.369030 149.580800
v 33.815790 -22.655020 151.250400
v 33.590900 -21.365280 149.275700
v 35.958360 -17.974980 149.508400
v 37.022920 -17.885930 151.414100
v 34.833820 -13.356540 150.202300
v 34.814610 -15.068040 148.898000
v 30.895170 -17.887630 147.629000
v 28.680870 -17.472030 148.256300
v 32.472280 -14.694370 147.883300
v 30.949190 -13.171700 148.660700
v 32.472280 -14.694370 147.883300
v 35.571990 -14.698840 141.553300
v 37.687500 -14.936970 142.895900
v 34.814610 -15.068040 148.898000
v 35.958360 -17.974980 149.508400
v 38.687300 -18.915360 142.733200
v 36.851730 -22.791770 142.851800
v 33.590900 -21.365280 149.275700
v 32.833840 -24.749460 142.829200
v 30.571440 -23.163140 142.468700
v 30.125880 -21.925830 145.253900
v 32.261230 -23.559530 145.775300
v 34.516760 -23.127200 139.883100
v 33.109660 -24.907280 140.171700
v 32.833840 -24.749460 142.829200
v 34.539410 -22.644470 141.775700
v 34.539410 -22.644470 141.775700
v 30.571440 -23.163140 142.468700
v 31.312920 -23.723900 139.801800
v 34.516760 -23.127200 139.883100
v 33.532830 -24.802310 136.497000
v 34.407930 -23.374610 137.105100
v 32.069710 -24.105960 136.622500
v 34.407930 -23.374610 137.105100
v 36.393310 -15.094750 138.398600
v 38.069130 -15.497160 137.849500
v 37.687500 -14.936970 142.895900
v 38.069130 -15.497160 137.849500
v 38.704180 -19.558660 137.462900
v 33.899720 -16.358080 135.051300
v 34.906810 -16.652840 134.149300
v 34.721440 -19.676740 132.979200
v 34.906810 -16.652840 134.149300
v 35.021650 -22.888040 138.136500
v 34.539410 -22.644470 141.775700
v 36.851730 -22.791770 142.851800
v 36.839830 -23.042620 137.710200
v 33.837790 -22.728860 133.283200
v 32.910240 -22.740690 134.003500
v 33.837790 -22.728860 133.283200
v 36.839830 -23.042620 137.710200
v 32.910240 -22.740690 134.003500
v 33.899720 -16.358080 135.051300
v 36.393310 -15.094750 138.398600
v 35.021650 -22.888040 138.136500
v 35.571990 -14.698840 141.553300
v 34.539410 -22.644470 141.775700
v 34.721440 -19.676740 132.979200
v 34.906810 -16.652840 134.149300
v 33.899720 -16.358080 135.051300
v 32.910240 -22.740690 134.003500
v 31.312920 -23.723900 139.801800
v 33.109660 -24.907280 140.171700
v 33.532830 -24.802310 136.497000
v 32.069710 -24.105960 136.622500
v 29.477230 -17.555120 150.210100
v 21.487310 -15.688350 161.514900
v 23.026190 -19.903040 163.197300
v 29.903140 -20.944980 150.989500
v 29.369420 -20.035490 166.135400
v 32.617710 -20.897340 152.151700
v 34.814610 -15.068040 148.898000
v 21.696480 -18.569500 168.141600
v 26.553760 -18.817420 169.960200
v 22.743600 -10.295520 166.485000
v 27.393540 -10.230390 168.582900
v 31.821370 -15.210400 166.439200
v 35.110880 -17.520910 152.288400
v 24.074710 -10.415750 162.206300
v 31.096900 -14.467990 150.633400
v 33.448890 -14.659610 151.470500
v 29.505930 -10.204690 164.720000
v 27.964990 -15.195700 171.497800
v 33.448890 -14.659610 151.470500
v 31.096900 -14.467990 150.633400
v 30.949190 -13.171700 148.660700
v 34.833820 -13.356540 150.202300
v 29.477230 -17.555120 150.210100
v 28.680870 -17.472030 148.256300
v 29.465920 -22.369030 149.580800
v 29.903140 -20.944980 150.989500
v 32.617710 -20.897340 152.151700
v 33.815790 -22.655020 151.250400
v 35.110880 -17.520910 152.288400
v 37.022920 -17.885930 151.414100
v -6.213438 -24.430240 191.703000
v -3.471081 -18.506080 195.201000
v -5.519799 -28.095200 173.572200
v -9.962455 -23.766310 173.250400
v -12.414590 -24.438820 178.866000
v -7.035415 -28.774250 178.877300
v -7.089881 -6.720216 191.118900
v -8.309379 -5.810934 182.875700
v -7.021327 -11.015920 171.476300
v -11.048140 -16.550750 171.897100
v -10.012450 -17.238560 165.590600
v -6.738822 -11.325720 167.069500
v -8.415015 -22.713650 167.594800
v -4.248929 -25.947880 167.560700
v -9.477646 -11.064110 194.315900
v -7.910422 -14.950760 195.679700
v -12.003690 -15.705860 194.512800
v -12.471170 -11.306050 193.714200
v -12.629510 -20.924850 192.320000
v -16.632220 -20.592860 192.002400
v -17.483910 -15.797400 193.481500
v -12.003690 -15.705860 194.512800
v -12.471170 -11.306050 193.714200
v -16.942390 -11.475590 192.635600
v -15.991820 -8.554009 189.844800
v -12.758470 -8.361093 190.472300
v -12.995220 -23.210980 188.603500
v -15.929110 -22.697070 188.944900
v -20.949920 -19.463030 182.840400
v -23.141280 -14.882440 182.165000
v -22.451370 -15.387280 186.608900
v -20.650820 -20.273680 186.096200
v -20.615900 -15.882600 191.079800
v -19.113080 -20.530270 190.085400
v -21.146890 -11.346800 186.847200
v -19.604290 -11.617620 190.630400
v -16.484460 -20.289180 182.576200
v -16.127070 -22.428180 185.471200
v -14.025300 -15.722790 177.605600
v -8.210711 -8.632366 178.713800
v -14.646840 -20.539750 182.584100
v -13.634530 -23.311190 185.094100
v -16.727940 -16.519620 129.708200
v -16.341930 -14.325160 112.354100
v -14.402320 -10.271180 116.713000
v -12.650570 -8.899592 130.269900
v -0.976313 -18.077030 136.968600
v -5.710737 -7.915403 138.356600
v -5.321582 -7.971423 130.258800
v -1.138147 -17.768980 131.644300
v -13.358980 -17.462200 150.926400
v -12.317840 -17.577640 156.057400
v -6.648132 -24.325460 155.975400
v -7.589361 -25.141210 151.511200
v -7.044736 -9.347478 116.481600
v -3.199492 -16.254890 122.167800
v -13.084850 -24.339400 126.125000
v -10.893530 -25.548570 137.798400
v -3.747942 -25.210420 134.658700
v -5.824061 -24.467030 124.725700
v -13.548930 -22.010110 111.752800
v -8.817981 -21.958320 111.177000
v -17.088670 -2.856087 100.689100
v -14.640970 -9.031857 111.474100
v -19.922030 -10.219250 98.642070
v -10.682530 -2.285385 100.003700
v -10.010240 -8.056080 110.872400
v -1.138147 -17.768980 131.644300
v -3.601205 -25.513560 142.187700
v -0.976313 -18.077030 136.968600
v -0.706137 -18.385090 143.772900
v -1.789236 -24.431460 146.214600
v -7.057788 -10.791900 97.596870
v -7.041825 -12.618590 106.962100
v -9.267021 -25.904830 144.882200
v -15.478820 -17.074450 141.970400
v -13.824610 -19.717830 109.121100
v -9.361134 -19.589310 108.491600
v -10.835750 -8.357756 140.305200
v -0.706137 -18.385090 143.772900
v -3.849448 -8.806449 143.797500
v -16.715450 -15.563260 96.955760
v -10.574140 -15.667220 95.959080
v -7.041825 -12.618590 106.962100
v -7.057788 -10.791900 97.596870
v -21.233940 -9.548357 60.433540
v -20.026700 -6.000652 67.565930
v -17.136880 -11.547920 64.858630
v -17.694430 -12.678840 60.958670
v -13.041840 -13.374710 49.868220
v -20.424430 -22.726220 46.683340
v -20.181430 -22.897620 48.152190
v -14.114180 -16.183450 52.714070
v -18.928770 -17.592610 54.795010
v -24.182830 -15.537220 53.710870
v -25.811020 -12.934420 51.192790
v -23.536410 -6.524848 54.639900
v -13.906430 -5.269638 56.472820
v -13.469380 -1.685760 56.898380
v -22.510940 -1.455907 57.902340
v -22.306610 -5.092911 57.424030
v -20.719750 3.062346 61.526650
v -14.161370 2.870715 60.745330
v -14.395180 -9.517137 59.551510
v -13.081430 -5.520923 66.882060
v -13.512860 -6.684325 53.480670
v -6.909444 -28.542880 183.337300
v -6.638377 -27.611570 186.813400
v -23.536410 -6.524848 54.639900
v -25.811020 -12.934420 51.192790
v -13.041840 -13.374710 49.868220
v -13.512860 -6.684325 53.480670
v -3.838587 -8.926546 194.840500
v 0.000007 -9.073474 198.772500
v -2.915772 -10.558940 198.247300
v -3.838587 -8.926546 194.840500
v -13.906430 -5.269638 56.472820
v -22.306610 -5.092911 57.424030
v -18.394350 -0.560051 68.616080
v -15.188640 -0.413342 68.222180
v -11.497760 -17.585330 160.845900
v -7.848096 -23.599410 160.318200
v -7.597208 -7.601734 155.860700
v -6.449851 -11.043810 162.279400
v -4.261181 -27.374360 161.143800
v -3.772132 -25.344800 163.321100
v -7.352264 -9.367019 164.710900
v -6.449851 -11.043810 162.279400
v -6.738822 -11.325720 167.069500
v -7.352264 -9.367019 164.710900
v -3.772132 -25.344800 163.321100
v -8.062196 -22.850310 163.951400
v -8.210711 -8.632366 178.713800
v -8.309379 -5.810934 182.875700
v -18.618350 -8.918284 174.731200
v -21.268440 -10.250890 169.919000
v -20.394940 -15.252180 167.333100
v -17.133190 -14.790580 173.013200
v -25.241210 -10.088490 171.796400
v -26.447970 -9.512682 170.000200
v -22.143800 -9.518373 168.056100
v -14.621040 -15.059830 180.754600
v -19.062840 -20.319530 174.616800
v -21.035930 -19.073690 169.895100
v -15.778900 -9.229383 181.240600
v -23.252400 -9.089535 176.732800
v -20.580570 -9.712515 182.830300
v -23.629920 -20.159450 176.720500
v -25.284170 -19.416220 171.906200
v -31.047430 -21.470940 148.361300
v -33.590880 -21.365280 149.275700
v -33.815780 -22.655030 151.250400
v -29.465900 -22.369040 149.580800
v -35.958340 -17.974980 149.508400
v -34.814590 -15.068040 148.898000
v -34.833790 -13.356550 150.202300
v -37.022900 -17.885900 151.414100
v -28.680850 -17.472040 148.256300
v -30.895150 -17.887640 147.629000
v -30.949170 -13.171710 148.660700
v -32.472260 -14.694370 147.883300
v -32.472260 -14.694370 147.883300
v -34.814590 -15.068040 148.898000
v -37.687480 -14.936970 142.895900
v -35.571980 -14.698850 141.553300
v -35.958340 -17.974980 149.508400
v -33.590880 -21.365280 149.275700
v -36.851720 -22.791770 142.851800
v -38.687290 -18.915360 142.733200
v -32.833830 -24.749470 142.829200
v -32.261210 -23.559530 145.775300
v -30.125850 -21.925840 145.253900
v -30.571420 -23.163140 142.468700
v -34.516740 -23.127200 139.883100
v -34.539390 -22.644470 141.775700
v -32.833830 -24.749470 142.829200
v -33.109640 -24.907280 140.171700
v -34.539390 -22.644470 141.775700
v -34.516740 -23.127200 139.883100
v -31.312890 -23.723910 139.801800
v -30.571420 -23.163140 142.468700
v -33.532810 -24.802310 136.497000
v -34.407910 -23.374620 137.105100
v -34.407910 -23.374620 137.105100
v -32.069690 -24.105960 136.622500
v -38.069110 -15.497160 137.849500
v -36.393290 -15.094750 138.398600
v -38.704170 -19.558670 137.462900
v -38.069110 -15.497160 137.849500
v -37.687480 -14.936970 142.895900
v -34.906790 -16.652850 134.149300
v -33.899700 -16.358080 135.051300
v -34.721420 -19.676750 132.979200
v -34.906790 -16.652850 134.149300
v -35.021630 -22.888040 138.136500
v -36.839810 -23.042620 137.710200
v -36.851720 -22.791770 142.851800
v -34.539390 -22.644470 141.775700
v -33.837780 -22.728860 133.283200
v -32.910220 -22.740690 134.003500
v -36.839810 -23.042620 137.710200
v -33.837780 -22.728860 133.283200
v -32.910220 -22.740690 134.003500
v -35.021630 -22.888040 138.136500
v -36.393290 -15.094750 138.398600
v -33.899700 -16.358080 135.051300
v -34.539390 -22.644470 141.775700
v -35.571980 -14.698850 141.553300
v -34.721420 -19.676750 132.979200
v -32.910220 -22.740690 134.003500
v -33.899700 -16.358080 135.051300
v -34.906790 -16.652850 134.149300
v -31.312890 -23.723910 139.801800
v -32.069690 -24.105960 136.622500
v -33.532810 -24.802310 136.497000
v -33.109640 -24.907280 140.171700
v -29.477210 -17.555120 150.210100
v -29.903120 -20.945000 150.989500
v -23.026160 -19.903050 163.197300
v -21.487290 -15.688350 161.514900
v -32.617700 -20.897350 152.151700
v -29.369400 -20.035490 166.135400
v -34.814590 -15.068040 148.898000
v -21.696460 -18.569500 168.141600
v -26.553740 -18.817420 169.960200
v -27.393520 -10.230390 168.582900
v -22.743590 -10.295530 166.485000
v -31.821350 -15.210400 166.439200
v -35.110860 -17.520900 152.288400
v -24.074690 -10.415760 162.206300
v -29.505920 -10.204690 164.720000
v -33.448870 -14.659620 151.470500
v -31.096880 -14.468010 150.633400
v -27.964970 -15.195700 171.497800
v -33.448870 -14.659620 151.470500
v -34.833790 -13.356550 150.202300
v -30.949170 -13.171710 148.660700
v -31.096880 -14.468010 150.633400
v -28.680850 -17.472040 148.256300
v -29.477210 -17.555120 150.210100
v -29.465900 -22.369040 149.580800
v -29.903120 -20.945000 150.989500
v -32.617700 -20.897350 152.151700
v -33.815780 -22.655030 151.250400
v -35.110860 -17.520900 152.288400
v -37.022900 -17.885900 151.414100
v -4.575629 -31.562760 183.424400
v -6.470925 -26.252580 182.467900
v -6.470926 -26.446970 189.937400
v -4.575634 -31.700200 188.706100
v 0.000008 -26.544150 193.672100
v 0.000015 -31.768920 191.346900
v 6.470949 -26.446960 189.937400
v 4.575656 -31.700200 188.706100
v 6.470948 -26.252580 182.467900
v 4.575656 -31.562760 183.424400
v 0.000013 -26.155380 178.733200
v 0.000015 -31.494030 180.783500
v -4.575633 -20.999330 183.699300
v -4.575635 -21.136780 188.981000
v 0.000008 -21.205510 191.621800
v 4.575653 -21.136780 188.981000
v 4.575654 -20.999330 183.699300
v 0.000010 -20.930610 181.058400
v 0.000038 -34.204460 179.498900
v 0.000038 -32.242020 181.390700
v 6.221387 -30.327490 182.888400
v 7.315667 -31.141990 181.936700
v 11.244490 -25.397500 185.945700
v 12.889040 -25.509910 185.328300
v -6.221351 -30.327480 182.888400
v -7.315631 -31.141980 181.936700
v -11.244460 -25.397480 185.945700
v -12.889000 -25.509880 185.328200
v 4.350199 -16.370140 202.328200
v 3.205193 -17.611530 199.946800
v 3.825190 -18.718650 200.877500
v 4.625925 -17.956320 202.433500
v 4.602092 -20.555150 206.135300
v 4.686073 -20.555330 204.169700
v 3.566264 -22.689730 204.316100
v 3.391231 -22.554530 206.004000
v 0.920851 -23.063380 198.267400
v 0.848499 -23.492790 199.049200
v 1.536719 -22.881110 199.467700
v 1.638917 -21.732260 198.691900
v 5.186724 -17.493030 206.258800
v 6.507963 -15.218200 204.409800
v 5.606908 -16.508480 202.208200
v 5.205076 -15.176190 204.743400
v 4.350199 -16.370140 202.328200
v 5.606908 -16.508480 202.208200
v 6.507963 -15.218200 204.409800
v 1.303110 -23.559600 205.153500
v 1.235503 -23.439950 206.056600
v 3.848980 -20.540940 201.452100
v 2.477544 -22.294030 200.388900
v 2.714720 -20.684910 199.552700
v 3.209270 -22.286230 202.127400
v 0.000017 -23.853570 199.779700
v 0.000014 -24.107270 200.252700
v 0.650453 -24.037530 200.296800
v 0.790248 -23.725260 199.859900
v 0.000017 -23.638160 198.064500
v 0.000014 -24.036110 198.967600
v 0.000019 -19.630740 198.542600
v 0.614889 -24.053900 201.000000
v 0.000017 -24.110840 200.902200
v 0.000014 -24.594650 201.410000
v 0.556529 -24.479590 201.564800
v 0.000017 -25.794260 203.095200
v 0.000014 -24.619630 205.635800
v 0.472543 -23.896330 205.562600
v 1.133186 -23.884050 202.637100
v -4.350174 -16.370140 202.328200
v -4.625899 -17.956320 202.433500
v -3.825164 -18.718650 200.877500
v -3.205159 -17.611530 199.946800
v -4.602065 -20.555160 206.135300
v -3.391201 -22.554530 206.004000
v -3.566233 -22.689730 204.316100
v -4.686043 -20.555340 204.169700
v -0.920820 -23.063380 198.267400
v -1.638888 -21.732260 198.691900
v -1.536689 -22.881110 199.467700
v -0.848470 -23.492790 199.049200
v -5.186697 -17.493030 206.258800
v -5.606883 -16.508480 202.208200
v -6.507939 -15.218200 204.409700
v -5.205051 -15.176190 204.743400
v -6.507939 -15.218200 204.409700
v -5.606883 -16.508480 202.208200
v -4.350174 -16.370140 202.328200
v -1.303079 -23.559600 205.153500
v -1.235471 -23.439950 206.056600
v -3.848952 -20.540940 201.452100
v -2.714691 -20.684910 199.552700
v -2.477512 -22.294030 200.388900
v -3.209239 -22.286230 202.127400
v -0.790214 -23.725260 199.859900
v -0.650422 -24.037530 200.296800
v -0.614859 -24.053900 201.000000
v -0.556500 -24.479590 201.564800
v -1.133156 -23.884050 202.637100
v -0.472512 -23.896330 205.562600
v 0.000019 -19.630740 198.542600
v 3.205193 -17.611530 199.946800
v 3.471098 -18.506080 195.201000
v 0.000022 -19.972290 193.467800
v 4.115432 -14.954340 196.997400
v 3.892236 -14.775320 201.621400
v 3.164219 -11.806350 202.341700
v 2.915787 -10.558940 198.247300
v 0.000019 -9.073474 198.772500
v 0.000018 -10.447500 202.644800
v 3.483315 -22.903360 210.029200
v 2.011159 -23.722760 210.284000
v 1.881988 -23.027550 212.142400
v 3.354143 -22.010820 211.887600
v 4.656227 -19.799830 209.165800
v 4.527056 -20.134710 211.134800
v 0.000021 -24.411140 209.747200
v 0.000022 -23.791590 212.115300
v -3.471056 -18.506080 195.201000
v -3.205159 -17.611530 199.946800
v -4.115393 -14.973840 197.484500
v -3.892203 -14.775320 201.621400
v -3.164189 -11.806350 202.341700
v -2.915748 -10.558940 198.247300
v -3.483279 -22.903360 210.029200
v -3.354101 -22.010820 211.887600
v -1.881944 -23.027550 212.142400
v -2.011122 -23.722760 210.284000
v -4.656193 -19.799830 209.165800
v -4.527015 -20.134710 211.134800
v -9.103995 -22.332230 218.787900
v -12.066330 -27.831270 224.226500
v -7.217393 -25.351140 218.692900
v -6.916304 -23.356490 219.976300
v -12.066330 -27.831270 224.226500
v -9.103995 -22.332230 218.787900
v -7.969775 -19.996380 214.138600
v -5.231638 -21.156460 212.919700
v -5.995654 -19.608520 211.493300
v -4.683472 -21.296010 216.588600
v -5.245453 -24.124670 213.553600
v -4.119187 -22.291980 211.339300
v -5.245453 -24.124670 213.553600
v -3.273414 -20.177500 215.418500
v -4.119187 -22.291980 211.339300
v -7.217393 -25.351140 218.692900
v -7.969775 -19.996380 214.138600
v -5.995654 -19.608520 211.493300
v 9.104074 -22.332220 218.787900
v 7.217468 -25.351130 218.692900
v 12.066410 -27.831260 224.226400
v 6.916379 -23.356480 219.976300
v 9.104074 -22.332220 218.787900
v 12.066410 -27.831260 224.226400
v 7.969855 -19.996380 214.138600
v 5.995697 -19.608520 211.493300
v 5.231681 -21.156460 212.919700
v 4.683551 -21.296010 216.588600
v 5.245534 -24.124670 213.553600
v 4.119234 -22.291980 211.339300
v 3.273457 -20.177500 215.418500
v 5.245534 -24.124670 213.553600
v 4.119234 -22.291980 211.339300
v 7.217468 -25.351130 218.692900
v 7.969855 -19.996380 214.138600
v 5.995697 -19.608520 211.493300
v 20.534400 -29.802220 192.372700
v 22.765490 -31.907760 192.762300
v 19.187410 -31.175160 190.784800
v 23.934230 -29.051380 194.489500
v 25.004550 -28.589970 191.704900
v 31.124430 -33.062900 196.224700
v 14.177790 -26.012460 183.517200
v 15.019890 -25.559750 184.266100
v 14.424110 -22.553150 189.451200
v 18.854420 -21.906110 190.378700
v 15.555290 -21.622740 191.749500
v 21.176240 -28.970700 190.910800
v 21.683350 -27.064480 190.043500
v 21.506190 -28.131470 193.058300
v 21.683350 -27.064480 190.043500
v 25.004550 -28.589970 191.704900
v 14.723340 -26.840110 183.393200
v 14.589970 -28.330340 183.667400
v 18.990140 -29.965370 187.257300
v 18.921690 -29.684630 195.618100
v 16.142940 -26.680220 183.705100
v 21.683350 -27.064480 190.043500
v 21.888880 -25.020150 188.552200
v 21.176240 -28.970700 190.910800
v 17.607240 -28.638370 185.405000
v 22.202450 -24.331440 190.567000
v 21.506190 -28.131470 193.058300
v 21.888880 -25.020150 188.552200
v 23.453990 -22.137640 188.637900
v 19.847880 -24.994320 186.217500
v 21.189540 -22.043300 187.163200
v 17.901330 -22.887540 185.972000
v 15.299370 -30.552710 195.253000
v 14.965230 -31.780430 193.107800
v 14.938610 -33.029800 197.068700
v 15.158290 -30.309470 199.318000
v 13.793380 -35.547440 205.760400
v 12.195360 -30.426260 198.752500
v 10.365050 -26.559050 185.615000
v 10.459080 -26.213570 186.775500
v 12.789530 -22.775550 193.715600
v 13.575240 -30.060340 195.092800
v 12.181750 -28.426580 195.271300
v 15.010540 -29.062650 196.632200
v 12.181750 -28.426580 195.271300
v 12.195360 -30.426260 198.752500
v 10.162220 -27.493960 185.902700
v 10.781330 -28.876330 185.762900
v 11.870640 -30.986000 191.174500
v 9.490237 -26.479160 191.916300
v 12.731880 -25.689110 195.777700
v 10.393580 -26.668050 194.877000
v 9.661013 -27.609430 187.271500
v 12.181750 -28.426580 195.271300
v 13.575240 -30.060340 195.092800
v 10.750020 -29.621390 189.177900
v 15.010540 -29.062650 196.632200
v 10.393580 -26.668050 194.877000
v 9.490237 -26.479160 191.916300
v 9.039850 -24.204000 196.568600
v 8.951180 -23.797750 193.896800
v 9.825089 -24.045300 190.415500
v -63.648990 97.017720 90.954050
v 19.847880 -24.994320 186.217500
v 10.468590 -26.723400 184.072500
v 13.634550 -23.311190 185.094100
v 20.424460 -22.726210 46.683340
v 0.000006 -3.183438 179.841800
v 9.736692 -20.290980 193.406000
v 12.629530 -20.924850 192.320000
v 2.915787 -10.558940 198.247300
v 12.995240 -23.210970 188.603500
v 12.758490 -8.361092 190.472300
v 13.201830 -8.054808 184.834300
v 13.201830 -8.054808 184.834300
v 14.621050 -15.059840 180.754600
v 4.115432 -14.954340 196.997400
v 7.910439 -14.950760 195.679600
v 3.471099 -18.506080 195.201000
v 18.311450 -8.687971 186.355400
v 4.115432 -14.954340 196.997400
v 2.915787 -10.558940 198.247300
v 7.910439 -14.950760 195.679600
v 14.646860 -20.539750 182.584100
v 6.160931 -14.135520 111.124100
v 6.160931 -14.135520 111.124100
v 8.306032 -8.709885 147.709500
v 0.000008 -6.572060 148.105900
v 3.931872 -25.834060 150.630600
v 0.000013 -26.200850 155.053800
v 3.199514 -16.254890 122.167800
v 17.314990 4.882926 62.996630
v 18.394360 -0.560046 68.616080
v 20.719760 3.062351 61.526650
v 17.314990 4.882926 62.996630
v 15.188660 -0.413337 68.222180
v 13.469400 -1.685755 56.898390
v 14.161380 2.870724 60.745330
v 14.161380 2.870724 60.745330
v 22.510950 -1.455901 57.902340
v 16.669390 -10.599590 69.164170
v 20.026720 -6.000659 67.565930
v 13.081450 -5.520922 66.882050
v 22.306640 -5.092909 57.424030
v 12.003710 -15.705860 194.512800
v 7.910439 -14.950760 195.679600
v 13.906450 -5.269637 56.472820
v 15.188660 -0.413337 68.222180
v 13.081450 -5.520922 66.882050
v 0.000008 -6.572060 148.105900
v 0.000010 -18.307620 143.868400
v 17.089530 -12.427160 65.853180
v 16.669390 -10.599590 69.164170
v 20.026720 -6.000659 67.565930
v 17.136900 -11.547910 64.858630
v 17.089530 -12.427160 65.853180
v 13.081450 -5.520922 66.882050
v 8.749315 -24.029530 161.660000
v 4.261208 -27.374360 161.143800
v 10.012470 -17.238560 165.590600
v 12.406450 -17.435080 163.754800
v 8.062216 -22.850310 163.951400
v 11.497780 -17.585320 160.845900
v 12.406450 -17.435080 163.754800
v 0.000011 -28.552350 160.464200
v 12.406450 -17.435080 163.754800
v 8.749315 -24.029530 161.660000
v 8.210728 -8.632366 178.713700
v 0.000006 -5.554072 175.034100
v 0.000008 -7.565707 175.565800
v 13.201830 -8.054808 184.834300
v 32.472280 -14.694370 147.883300
v 31.144930 -18.090350 145.185000
v 31.047450 -21.470940 148.361200
v 30.125880 -21.925830 145.253900
v 30.895170 -17.887630 147.629000
v 31.047450 -21.470940 148.361200
v 30.895170 -17.887630 147.629000
v 30.125880 -21.925830 145.253900
v 36.851730 -22.791770 142.851800
v 30.571440 -23.163140 142.468700
v 32.069710 -24.105960 136.622500
v 33.532830 -24.802310 136.497000
v 34.407930 -23.374610 137.105100
v 33.837790 -22.728860 133.283200
v -10.468570 -26.723400 184.072500
v -13.634530 -23.311190 185.094100
v -20.424430 -22.726220 46.683340
v -12.629510 -20.924850 192.320000
v -9.736673 -20.290980 193.406000
v -2.915772 -10.558940 198.247300
v -12.995220 -23.210980 188.603500
v -12.758470 -8.361093 190.472300
v -13.201810 -8.054809 184.834300
v -13.201810 -8.054809 184.834300
v -14.621040 -15.059830 180.754600
v -4.115417 -14.954330 196.997400
v -3.471081 -18.506080 195.201000
v -7.910422 -14.950760 195.679700
v -18.311440 -8.687981 186.355400
v -4.115417 -14.954330 196.997400
v -7.910422 -14.950760 195.679700
v -2.915772 -10.558940 198.247300
v -14.646840 -20.539750 182.584100
v -6.160911 -14.135520 111.124100
v -6.160911 -14.135520 111.124100
v -8.306018 -8.709886 147.709500
v -3.931849 -25.834060 150.630600
v -3.199492 -16.254890 122.167800
v -17.314970 4.882921 62.996630
v -20.719750 3.062346 61.526650
v -18.394350 -0.560051 68.616080
v -17.314970 4.882921 62.996630
v -15.188640 -0.413342 68.222180
v -14.161370 2.870715 60.745330
v -13.469380 -1.685760 56.898380
v -14.161370 2.870715 60.745330
v -22.510940 -1.455907 57.902340
v -16.669360 -10.599590 69.164170
v -20.026700 -6.000652 67.565930
v -13.081430 -5.520923 66.882060
v -22.306610 -5.092911 57.424030
v -12.003690 -15.705860 194.512800
v -7.910422 -14.950760 195.679700
v -13.906430 -5.269638 56.472820
v -15.188640 -0.413342 68.222180
v -13.081430 -5.520923 66.882060
v -17.089510 -12.427160 65.853160
v -16.669360 -10.599590 69.164170
v -20.026700 -6.000652 67.565930
v -17.089510 -12.427160 65.853160
v -17.136880 -11.547920 64.858630
v -13.081430 -5.520923 66.882060
v -8.749290 -24.029530 161.660000
v -4.261181 -27.374360 161.143800
v -10.012450 -17.238560 165.590600
v -8.062196 -22.850310 163.951400
v -12.406430 -17.435080 163.754800
v -12.406430 -17.435080 163.754800
v -11.497760 -17.585330 160.845900
v -12.406430 -17.435080 163.754800
v -8.749290 -24.029530 161.660000
v -8.210711 -8.632366 178.713800
v -13.201810 -8.054809 184.834300
v -31.144910 -18.090390 145.185000
v -32.472260 -14.694370 147.883300
v -31.047430 -21.470940 148.361300
v -30.125850 -21.925840 145.253900
v -31.047430 -21.470940 148.361300
v -30.895150 -17.887640 147.629000
v -30.125850 -21.925840 145.253900
v -30.895150 -17.887640 147.629000
v -36.851720 -22.791770 142.851800
v -30.571420 -23.163140 142.468700
v -32.069690 -24.105960 136.622500
v -34.407910 -23.374620 137.105100
v -33.532810 -24.802310 136.497000
v -33.837780 -22.728860 133.283200
v 0.000017 -33.819240 186.008300
v 0.000010 -18.880300 186.397000
v 0.000038 -34.204460 179.498900
v 7.315667 -31.141990 181.936700
v 4.163805 -30.393040 175.797600
v 12.889040 -25.509910 185.328300
v 13.900800 -23.968080 182.281800
v 11.819040 -23.216270 189.248200
v 14.712820 -22.856730 187.911400
v 0.000045 -31.645810 172.430000
v 8.612264 -28.568420 178.046700
v 14.712820 -22.856730 187.911400
v -4.163757 -30.393040 175.797600
v -7.315631 -31.141980 181.936700
v -13.900750 -23.968050 182.281700
v -12.889000 -25.509880 185.328200
v -14.712780 -22.856710 187.911400
v -11.819000 -23.216260 189.248100
v -8.612217 -28.568400 178.046700
v -14.712780 -22.856710 187.911400
v 4.350199 -16.370140 202.328200
v 3.892236 -14.775320 201.621400
v 3.205193 -17.611530 199.946800
v 5.205076 -15.176190 204.743400
v 4.783565 -12.941980 204.922900
v 1.750047 -23.475040 200.893800
v 6.496304 -15.474890 206.249900
v 5.924802 -16.262200 206.561400
v 5.186724 -17.493030 206.258800
v 6.496304 -15.474890 206.249900
v 3.685493 -23.243420 207.357000
v 0.000014 -24.429840 202.036300
v 1.056942 -24.575840 206.875700
v 0.000014 -24.315530 200.745100
v 0.000014 -24.811440 206.811400
v 0.000016 -25.614740 202.749100
v 0.000017 -24.497210 206.257500
v 5.924802 -16.262200 206.561400
v 3.164219 -11.806350 202.341700
v -4.350174 -16.370140 202.328200
v -3.205159 -17.611530 199.946800
v -3.892203 -14.775320 201.621400
v -5.205051 -15.176190 204.743400
v -4.783544 -12.941980 204.922900
v -1.750014 -23.475040 200.893800
v -6.496280 -15.474900 206.249900
v -5.186697 -17.493030 206.258800
v -5.924777 -16.262200 206.561400
v -6.496280 -15.474900 206.249900
v -3.685462 -23.243420 207.357000
v -1.056911 -24.575840 206.875700
v -5.924777 -16.262200 206.561400
v -3.164189 -11.806350 202.341700
vt 0.216590 0.067343 0.000000
vt 0.239760 0.054825 0.000000
vt 0.249560 0.083152 0.000000
vt 0.233070 0.096775 0.000000
vt 0.270345 0.103731 0.000000
vt 0.283983 0.119527 0.000000
vt 0.273399 0.134721 0.000000
vt 0.254287 0.119090 0.000000
vt 0.206445 0.036151 0.000000
vt 0.240807 0.031176 0.000000
vt 0.309508 0.161149 0.000000
vt 0.319969 0.162208 0.000000
vt 0.314955 0.173733 0.000000
vt 0.306124 0.173224 0.000000
vt 0.203117 0.474560 0.000000
vt 0.220608 0.482238 0.000000
vt 0.214996 0.489451 0.000000
vt 0.198352 0.485309 0.000000
vt 0.181631 0.485173 0.000000
vt 0.187499 0.466961 0.000000
vt 0.306333 0.143447 0.000000
vt 0.322165 0.139437 0.000000
vt 0.310813 0.081240 0.000000
vt 0.297257 0.083343 0.000000
vt 0.297966 0.056682 0.000000
vt 0.309453 0.053239 0.000000
vt 0.171826 0.488343 0.000000
vt 0.168332 0.484083 0.000000
vt 0.175387 0.460141 0.000000
vt 0.299577 0.170387 0.000000
vt 0.288701 0.152486 0.000000
vt 0.364804 0.127643 0.000000
vt 0.360248 0.135014 0.000000
vt 0.352523 0.118484 0.000000
vt 0.358898 0.114180 0.000000
vt 0.372930 0.112923 0.000000
vt 0.372930 0.130052 0.000000
vt 0.144712 0.511958 0.000000
vt 0.138817 0.513276 0.000000
vt 0.142146 0.487574 0.000000
vt 0.149471 0.498433 0.000000
vt 0.372930 0.091260 0.000000
vt 0.350740 0.094543 0.000000
vt 0.344991 0.105109 0.000000
vt 0.365899 0.140318 0.000000
vt 0.328826 0.084561 0.000000
vt 0.340059 0.090765 0.000000
vt 0.338075 0.096271 0.000000
vt 0.325434 0.094701 0.000000
vt 0.665593 0.308920 0.000000
vt 0.710757 0.308920 0.000000
vt 0.710757 0.272727 0.000000
vt 0.665593 0.272727 0.000000
vt 0.332394 0.054197 0.000000
vt 0.372930 0.055967 0.000000
vt 0.665593 0.231133 0.000000
vt 0.710757 0.231133 0.000000
vt 0.336263 0.010579 0.000000
vt 0.372929 0.010579 0.000000
vt 0.764978 0.308920 0.000000
vt 0.764978 0.272727 0.000000
vt 0.710757 0.183318 0.000000
vt 0.764978 0.231133 0.000000
vt 0.764978 0.183318 0.000000
vt 0.249560 0.083152 0.000000
vt 0.239760 0.054825 0.000000
vt 0.270345 0.103731 0.000000
vt 0.283983 0.119527 0.000000
vt 0.240807 0.031176 0.000000
vt 0.309509 0.161149 0.000000
vt 0.319969 0.162208 0.000000
vt 0.198352 0.485309 0.000000
vt 0.214996 0.489451 0.000000
vt 0.181631 0.485173 0.000000
vt 0.322165 0.139437 0.000000
vt 0.306333 0.143447 0.000000
vt 0.310813 0.081240 0.000000
vt 0.309453 0.053239 0.000000
vt 0.297966 0.056682 0.000000
vt 0.297257 0.083343 0.000000
vt 0.171826 0.488343 0.000000
vt 0.168332 0.484083 0.000000
vt 0.364710 0.127643 0.000000
vt 0.358898 0.114180 0.000000
vt 0.352523 0.118484 0.000000
vt 0.360248 0.135014 0.000000
vt 0.144712 0.511958 0.000000
vt 0.149471 0.498433 0.000000
vt 0.350740 0.094543 0.000000
vt 0.344991 0.105109 0.000000
vt 0.328826 0.084561 0.000000
vt 0.325434 0.094701 0.000000
vt 0.338075 0.096271 0.000000
vt 0.340059 0.090765 0.000000
vt 0.665593 0.272727 0.000000
vt 0.710757 0.272727 0.000000
vt 0.332394 0.054198 0.000000
vt 0.665593 0.231133 0.000000
vt 0.710757 0.231133 0.000000
vt 0.336262 0.010579 0.000000
vt 0.764978 0.272727 0.000000
vt 0.764978 0.231133 0.000000
vt 0.824837 0.012054 0.000000
vt 0.824837 0.055251 0.000000
vt 0.781816 0.072713 0.000000
vt 0.781816 0.012154 0.000000
vt 0.724847 0.100701 0.000000
vt 0.724848 0.012136 0.000000
vt 0.631922 0.100701 0.000000
vt 0.632207 0.012136 0.000000
vt 0.539468 0.100701 0.000000
vt 0.539468 0.012136 0.000000
vt 0.724848 0.012136 0.000000
vt 0.724847 0.100701 0.000000
vt 0.631922 0.100701 0.000000
vt 0.631922 0.012136 0.000000
vt 0.539468 0.100701 0.000000
vt 0.539468 0.012136 0.000000
vt 0.632207 0.012136 0.000000
vt 0.724908 0.012136 0.000000
vt 0.724908 0.100701 0.000000
vt 0.632207 0.100701 0.000000
vt 0.539468 0.100701 0.000000
vt 0.539468 0.012136 0.000000
vt 0.464285 0.078042 0.000000
vt 0.464285 0.012213 0.000000
vt 0.807055 0.231133 0.000000
vt 0.807055 0.183318 0.000000
vt 0.854365 0.231133 0.000000
vt 0.854365 0.183318 0.000000
vt 0.905220 0.231133 0.000000
vt 0.905220 0.183318 0.000000
vt 0.947226 0.231133 0.000000
vt 0.947226 0.183318 0.000000
vt 0.991035 0.231133 0.000000
vt 0.991035 0.183318 0.000000
vt 0.987422 0.042719 0.000000
vt 0.987422 0.012142 0.000000
vt 0.947495 0.012142 0.000000
vt 0.947495 0.042719 0.000000
vt 0.904378 0.012142 0.000000
vt 0.904378 0.042719 0.000000
vt 0.865385 0.012078 0.000000
vt 0.865385 0.045978 0.000000
vt 0.824837 0.012054 0.000000
vt 0.781816 0.012154 0.000000
vt 0.724848 0.012136 0.000000
vt 0.632207 0.012136 0.000000
vt 0.539468 0.012136 0.000000
vt 0.724848 0.012136 0.000000
vt 0.631922 0.012136 0.000000
vt 0.539468 0.012136 0.000000
vt 0.724908 0.012136 0.000000
vt 0.632207 0.012136 0.000000
vt 0.539468 0.012136 0.000000
vt 0.464285 0.012213 0.000000
vt 0.807055 0.272727 0.000000
vt 0.854365 0.272727 0.000000
vt 0.905220 0.272727 0.000000
vt 0.947226 0.272727 0.000000
vt 0.807055 0.231133 0.000000
vt 0.854365 0.231133 0.000000
vt 0.905220 0.231133 0.000000
vt 0.947226 0.231133 0.000000
vt 0.991035 0.231133 0.000000
vt 0.987422 0.012142 0.000000
vt 0.947494 0.012142 0.000000
vt 0.904378 0.012142 0.000000
vt 0.865385 0.012078 0.000000
vt 0.807055 0.272727 0.000000
vt 0.807055 0.308920 0.000000
vt 0.854365 0.272727 0.000000
vt 0.854365 0.308920 0.000000
vt 0.905220 0.272727 0.000000
vt 0.905220 0.308920 0.000000
vt 0.947226 0.272727 0.000000
vt 0.947226 0.308920 0.000000
vt 0.991035 0.308920 0.000000
vt 0.987422 0.042719 0.000000
vt 0.947495 0.042719 0.000000
vt 0.904378 0.042719 0.000000
vt 0.865385 0.045978 0.000000
vt 0.824837 0.055251 0.000000
vt 0.781816 0.072713 0.000000
vt 0.724847 0.100701 0.000000
vt 0.631922 0.100701 0.000000
vt 0.539468 0.100701 0.000000
vt 0.724848 0.100701 0.000000
vt 0.631922 0.100701 0.000000
vt 0.539468 0.100701 0.000000
vt 0.724908 0.100701 0.000000
vt 0.632207 0.100701 0.000000
vt 0.539468 0.100701 0.000000
vt 0.464285 0.078042 0.000000
vt 0.989635 0.936233 0.000000
vt 0.963312 0.945594 0.000000
vt 0.954918 0.904692 0.000000
vt 0.989635 0.902569 0.000000
vt 0.961339 0.814195 0.000000
vt 0.956869 0.839948 0.000000
vt 0.926833 0.840719 0.000000
vt 0.929940 0.811027 0.000000
vt 0.807502 0.906199 0.000000
vt 0.807502 0.864685 0.000000
vt 0.845107 0.866682 0.000000
vt 0.840438 0.906199 0.000000
vt 0.849506 0.796111 0.000000
vt 0.851207 0.770200 0.000000
vt 0.895103 0.763238 0.000000
vt 0.891351 0.802460 0.000000
vt 0.931204 0.777073 0.000000
vt 0.963134 0.777356 0.000000
vt 0.855665 0.933072 0.000000
vt 0.870886 0.931407 0.000000
vt 0.870886 0.949550 0.000000
vt 0.854274 0.952611 0.000000
vt 0.762014 0.655020 0.000000
vt 0.794515 0.662456 0.000000
vt 0.794515 0.635786 0.000000
vt 0.769170 0.636280 0.000000
vt 0.762014 0.655020 0.000000
vt 0.770958 0.633186 0.000000
vt 0.735535 0.642951 0.000000
vt 0.747980 0.625943 0.000000
vt 0.748220 0.631141 0.000000
vt 0.735535 0.642951 0.000000
vt 0.757761 0.583367 0.000000
vt 0.763001 0.602773 0.000000
vt 0.794515 0.597510 0.000000
vt 0.794515 0.572263 0.000000
vt 0.769310 0.622691 0.000000
vt 0.794515 0.619519 0.000000
vt 0.773911 0.618695 0.000000
vt 0.771403 0.599744 0.000000
vt 0.720770 0.595607 0.000000
vt 0.733348 0.617142 0.000000
vt 0.891579 0.837849 0.000000
vt 0.849506 0.840910 0.000000
vt 0.712229 0.605984 0.000000
vt 0.719426 0.626935 0.000000
vt 0.895103 0.616868 0.000000
vt 0.863665 0.619456 0.000000
vt 0.870826 0.580265 0.000000
vt 0.895103 0.568487 0.000000
vt 0.807503 0.637286 0.000000
vt 0.807503 0.622206 0.000000
vt 0.838078 0.620718 0.000000
vt 0.837766 0.643109 0.000000
vt 0.895103 0.683407 0.000000
vt 0.944651 0.685246 0.000000
vt 0.946058 0.704397 0.000000
vt 0.895103 0.704397 0.000000
vt 0.807503 0.598632 0.000000
vt 0.835740 0.581795 0.000000
vt 0.929970 0.610673 0.000000
vt 0.957208 0.608614 0.000000
vt 0.961842 0.633178 0.000000
vt 0.935385 0.641219 0.000000
vt 0.932325 0.573724 0.000000
vt 0.951391 0.573648 0.000000
vt 0.867059 0.526896 0.000000
vt 0.895103 0.526896 0.000000
vt 0.868043 0.562962 0.000000
vt 0.842432 0.562266 0.000000
vt 0.844140 0.526896 0.000000
vt 0.987811 0.622206 0.000000
vt 0.987811 0.637286 0.000000
vt 0.963407 0.651756 0.000000
vt 0.989635 0.651543 0.000000
vt 0.989635 0.665114 0.000000
vt 0.978191 0.662460 0.000000
vt 0.987811 0.648452 0.000000
vt 0.807503 0.526896 0.000000
vt 0.807503 0.556437 0.000000
vt 0.895103 0.651984 0.000000
vt 0.941365 0.661817 0.000000
vt 0.929811 0.565034 0.000000
vt 0.953692 0.564699 0.000000
vt 0.856961 0.648317 0.000000
vt 0.827419 0.659842 0.000000
vt 0.807503 0.648452 0.000000
vt 0.926507 0.526896 0.000000
vt 0.956850 0.526896 0.000000
vt 0.987811 0.526896 0.000000
vt 0.987811 0.556437 0.000000
vt 0.434320 0.589984 0.000000
vt 0.434320 0.616099 0.000000
vt 0.421163 0.616099 0.000000
vt 0.412389 0.596098 0.000000
vt 0.490272 0.562762 0.000000
vt 0.480301 0.586106 0.000000
vt 0.506843 0.616099 0.000000
vt 0.521055 0.616099 0.000000
vt 0.480301 0.586106 0.000000
vt 0.476200 0.616099 0.000000
vt 0.490272 0.562762 0.000000
vt 0.445234 0.552512 0.000000
vt 0.879989 0.919024 0.000000
vt 0.900609 0.918796 0.000000
vt 0.901519 0.927710 0.000000
vt 0.879327 0.927865 0.000000
vt 0.898533 0.942191 0.000000
vt 0.882420 0.942175 0.000000
vt 0.434320 0.589984 0.000000
vt 0.412389 0.596098 0.000000
vt 0.445234 0.552512 0.000000
vt 0.957276 0.859831 0.000000
vt 0.989635 0.857056 0.000000
vt 0.989635 0.874602 0.000000
vt 0.957415 0.875958 0.000000
vt 0.989635 0.812572 0.000000
vt 0.989635 0.837097 0.000000
vt 0.989635 0.774751 0.000000
vt 0.902664 0.910855 0.000000
vt 0.878055 0.911128 0.000000
vt 0.875440 0.892736 0.000000
vt 0.906766 0.892718 0.000000
vt 0.826479 0.931407 0.000000
vt 0.823571 0.956147 0.000000
vt 0.807502 0.956003 0.000000
vt 0.807502 0.956003 0.000000
vt 0.807502 0.931407 0.000000
vt 0.826479 0.931407 0.000000
vt 0.900609 0.918796 0.000000
vt 0.879989 0.919024 0.000000
vt 0.867059 0.446611 0.000000
vt 0.844140 0.446611 0.000000
vt 0.807503 0.791614 0.000000
vt 0.807503 0.771847 0.000000
vt 0.807503 0.817198 0.000000
vt 0.939642 0.729286 0.000000
vt 0.895103 0.731240 0.000000
vt 0.848592 0.738895 0.000000
vt 0.844066 0.704397 0.000000
vt 0.807503 0.741444 0.000000
vt 0.807503 0.704397 0.000000
vt 0.989635 0.751691 0.000000
vt 0.965464 0.752797 0.000000
vt 0.967819 0.737536 0.000000
vt 0.989635 0.734993 0.000000
vt 0.807503 0.754674 0.000000
vt 0.807503 0.741444 0.000000
vt 0.848592 0.738895 0.000000
vt 0.847039 0.754555 0.000000
vt 0.807503 0.771847 0.000000
vt 0.807503 0.754674 0.000000
vt 0.847039 0.754555 0.000000
vt 0.851207 0.770200 0.000000
vt 0.965464 0.752797 0.000000
vt 0.989635 0.751691 0.000000
vt 0.934485 0.754234 0.000000
vt 0.849506 0.840910 0.000000
vt 0.845107 0.866682 0.000000
vt 0.807502 0.854229 0.000000
vt 0.807503 0.826402 0.000000
vt 0.713096 0.539896 0.000000
vt 0.669857 0.535004 0.000000
vt 0.669857 0.497745 0.000000
vt 0.713096 0.506379 0.000000
vt 0.754406 0.506379 0.000000
vt 0.713096 0.497745 0.000000
vt 0.754406 0.497745 0.000000
vt 0.669840 0.587548 0.000000
vt 0.713096 0.539896 0.000000
vt 0.713096 0.506379 0.000000
vt 0.713748 0.583811 0.000000
vt 0.754406 0.540613 0.000000
vt 0.753645 0.580289 0.000000
vt 0.754407 0.540613 0.000000
vt 0.754407 0.506379 0.000000
vt 0.713096 0.360810 0.000000
vt 0.713096 0.368725 0.000000
vt 0.754407 0.368725 0.000000
vt 0.754407 0.360810 0.000000
vt 0.794515 0.360810 0.000000
vt 0.794515 0.368725 0.000000
vt 0.754406 0.368725 0.000000
vt 0.754406 0.360810 0.000000
vt 0.669840 0.360810 0.000000
vt 0.669840 0.368725 0.000000
vt 0.713096 0.360810 0.000000
vt 0.713096 0.368725 0.000000
vt 0.883542 0.437547 0.000000
vt 0.883542 0.402009 0.000000
vt 0.872240 0.402009 0.000000
vt 0.872240 0.437547 0.000000
vt 0.855294 0.437547 0.000000
vt 0.855295 0.402009 0.000000
vt 0.837029 0.402009 0.000000
vt 0.838310 0.437547 0.000000
vt 0.817682 0.405268 0.000000
vt 0.807486 0.406740 0.000000
vt 0.807486 0.419200 0.000000
vt 0.821056 0.418671 0.000000
vt 0.823326 0.394468 0.000000
vt 0.814921 0.395804 0.000000
vt 0.817682 0.405268 0.000000
vt 0.825512 0.398129 0.000000
vt 0.908227 0.402009 0.000000
vt 0.923494 0.412625 0.000000
vt 0.928981 0.398152 0.000000
vt 0.916218 0.387303 0.000000
vt 0.815212 0.379480 0.000000
vt 0.823064 0.379490 0.000000
vt 0.932882 0.380260 0.000000
vt 0.921394 0.376789 0.000000
vt 0.883542 0.377754 0.000000
vt 0.872256 0.377571 0.000000
vt 0.872240 0.402009 0.000000
vt 0.872256 0.377571 0.000000
vt 0.855294 0.377142 0.000000
vt 0.883542 0.360266 0.000000
vt 0.872256 0.360135 0.000000
vt 0.855295 0.360005 0.000000
vt 0.872256 0.360135 0.000000
vt 0.825902 0.376947 0.000000
vt 0.825512 0.398129 0.000000
vt 0.837029 0.402009 0.000000
vt 0.837221 0.377092 0.000000
vt 0.837381 0.359796 0.000000
vt 0.825982 0.359536 0.000000
vt 0.837381 0.359796 0.000000
vt 0.837221 0.377092 0.000000
vt 0.904381 0.360281 0.000000
vt 0.883542 0.360266 0.000000
vt 0.883542 0.377754 0.000000
vt 0.904281 0.377915 0.000000
vt 0.883542 0.402009 0.000000
vt 0.908227 0.402009 0.000000
vt 0.855295 0.360005 0.000000
vt 0.872256 0.360135 0.000000
vt 0.872520 0.353812 0.000000
vt 0.837521 0.353798 0.000000
vt 0.807486 0.396069 0.000000
vt 0.814921 0.395804 0.000000
vt 0.815212 0.379480 0.000000
vt 0.807486 0.379434 0.000000
vt 0.669840 0.377820 0.000000
vt 0.669840 0.457810 0.000000
vt 0.713096 0.457810 0.000000
vt 0.713096 0.377820 0.000000
vt 0.754407 0.457810 0.000000
vt 0.754407 0.377820 0.000000
vt 0.872240 0.437547 0.000000
vt 0.713096 0.489409 0.000000
vt 0.754407 0.489409 0.000000
vt 0.713096 0.489409 0.000000
vt 0.754406 0.489409 0.000000
vt 0.794515 0.457810 0.000000
vt 0.794515 0.377820 0.000000
vt 0.713096 0.457810 0.000000
vt 0.713096 0.377820 0.000000
vt 0.754406 0.377820 0.000000
vt 0.754406 0.457810 0.000000
vt 0.794515 0.497745 0.000000
vt 0.754406 0.377820 0.000000
vt 0.713096 0.377820 0.000000
vt 0.713096 0.368725 0.000000
vt 0.754406 0.368725 0.000000
vt 0.669857 0.377820 0.000000
vt 0.669857 0.368725 0.000000
vt 0.713096 0.368725 0.000000
vt 0.713096 0.377820 0.000000
vt 0.754407 0.377820 0.000000
vt 0.754407 0.368725 0.000000
vt 0.794515 0.377820 0.000000
vt 0.794515 0.368725 0.000000
vt 0.954918 0.904692 0.000000
vt 0.963312 0.945594 0.000000
vt 0.961339 0.814195 0.000000
vt 0.929940 0.811027 0.000000
vt 0.926833 0.840719 0.000000
vt 0.956869 0.839948 0.000000
vt 0.840438 0.906199 0.000000
vt 0.845107 0.866682 0.000000
vt 0.849506 0.796111 0.000000
vt 0.891351 0.802460 0.000000
vt 0.895103 0.763238 0.000000
vt 0.851207 0.770200 0.000000
vt 0.931204 0.777073 0.000000
vt 0.963134 0.777356 0.000000
vt 0.855665 0.933072 0.000000
vt 0.854274 0.952611 0.000000
vt 0.870886 0.949550 0.000000
vt 0.870886 0.931407 0.000000
vt 0.762014 0.655020 0.000000
vt 0.769170 0.636280 0.000000
vt 0.794515 0.635786 0.000000
vt 0.794515 0.662456 0.000000
vt 0.762014 0.655020 0.000000
vt 0.770958 0.633186 0.000000
vt 0.747980 0.625943 0.000000
vt 0.735535 0.642951 0.000000
vt 0.735535 0.642951 0.000000
vt 0.748220 0.631141 0.000000
vt 0.757761 0.583367 0.000000
vt 0.794515 0.572263 0.000000
vt 0.794515 0.597510 0.000000
vt 0.763001 0.602773 0.000000
vt 0.794515 0.619519 0.000000
vt 0.769310 0.622691 0.000000
vt 0.771403 0.599744 0.000000
vt 0.773911 0.618695 0.000000
vt 0.720770 0.595607 0.000000
vt 0.733348 0.617142 0.000000
vt 0.891579 0.837849 0.000000
vt 0.849506 0.840910 0.000000
vt 0.712229 0.605984 0.000000
vt 0.719426 0.626935 0.000000
vt 0.895103 0.616868 0.000000
vt 0.895103 0.568487 0.000000
vt 0.870826 0.580265 0.000000
vt 0.863665 0.619456 0.000000
vt 0.807503 0.637286 0.000000
vt 0.837766 0.643109 0.000000
vt 0.838078 0.620718 0.000000
vt 0.807503 0.622206 0.000000
vt 0.895103 0.683407 0.000000
vt 0.895103 0.704397 0.000000
vt 0.946058 0.704397 0.000000
vt 0.944651 0.685246 0.000000
vt 0.835740 0.581795 0.000000
vt 0.807503 0.598632 0.000000
vt 0.929970 0.610673 0.000000
vt 0.935385 0.641219 0.000000
vt 0.961842 0.633178 0.000000
vt 0.957208 0.608614 0.000000
vt 0.932325 0.573724 0.000000
vt 0.951391 0.573648 0.000000
vt 0.867059 0.526896 0.000000
vt 0.868043 0.562962 0.000000
vt 0.895103 0.526896 0.000000
vt 0.844140 0.526896 0.000000
vt 0.842432 0.562266 0.000000
vt 0.987811 0.622206 0.000000
vt 0.963407 0.651756 0.000000
vt 0.987811 0.637286 0.000000
vt 0.987811 0.648452 0.000000
vt 0.978191 0.662460 0.000000
vt 0.807503 0.526896 0.000000
vt 0.807503 0.556437 0.000000
vt 0.941365 0.661817 0.000000
vt 0.895103 0.651984 0.000000
vt 0.929811 0.565034 0.000000
vt 0.953692 0.564699 0.000000
vt 0.856961 0.648317 0.000000
vt 0.807503 0.648452 0.000000
vt 0.827419 0.659842 0.000000
vt 0.926507 0.526896 0.000000
vt 0.956850 0.526896 0.000000
vt 0.987811 0.556437 0.000000
vt 0.987811 0.526896 0.000000
vt 0.434320 0.589984 0.000000
vt 0.412389 0.596098 0.000000
vt 0.421163 0.616099 0.000000
vt 0.434320 0.616099 0.000000
vt 0.490272 0.562762 0.000000
vt 0.521055 0.616099 0.000000
vt 0.506843 0.616099 0.000000
vt 0.480301 0.586106 0.000000
vt 0.476200 0.616099 0.000000
vt 0.480301 0.586106 0.000000
vt 0.490272 0.562762 0.000000
vt 0.445234 0.552512 0.000000
vt 0.879989 0.919024 0.000000
vt 0.879327 0.927865 0.000000
vt 0.901519 0.927710 0.000000
vt 0.900609 0.918796 0.000000
vt 0.898533 0.942191 0.000000
vt 0.882420 0.942175 0.000000
vt 0.434320 0.589984 0.000000
vt 0.412389 0.596098 0.000000
vt 0.445234 0.552512 0.000000
vt 0.957276 0.859831 0.000000
vt 0.957415 0.875958 0.000000
vt 0.902664 0.910855 0.000000
vt 0.906766 0.892718 0.000000
vt 0.875440 0.892736 0.000000
vt 0.878055 0.911128 0.000000
vt 0.826479 0.931407 0.000000
vt 0.807502 0.956003 0.000000
vt 0.823571 0.956147 0.000000
vt 0.826479 0.931407 0.000000
vt 0.879989 0.919024 0.000000
vt 0.900609 0.918796 0.000000
vt 0.867059 0.446611 0.000000
vt 0.844140 0.446611 0.000000
vt 0.895103 0.731240 0.000000
vt 0.939642 0.729286 0.000000
vt 0.844066 0.704397 0.000000
vt 0.848592 0.738895 0.000000
vt 0.967819 0.737536 0.000000
vt 0.965464 0.752797 0.000000
vt 0.847039 0.754555 0.000000
vt 0.848592 0.738895 0.000000
vt 0.851207 0.770200 0.000000
vt 0.847039 0.754555 0.000000
vt 0.965464 0.752797 0.000000
vt 0.934485 0.754234 0.000000
vt 0.849506 0.840910 0.000000
vt 0.845107 0.866682 0.000000
vt 0.713096 0.539896 0.000000
vt 0.713096 0.506379 0.000000
vt 0.669857 0.497745 0.000000
vt 0.669857 0.535004 0.000000
vt 0.754406 0.506379 0.000000
vt 0.754406 0.497745 0.000000
vt 0.713096 0.497745 0.000000
vt 0.669840 0.587548 0.000000
vt 0.713096 0.539896 0.000000
vt 0.713096 0.506379 0.000000
vt 0.713748 0.583811 0.000000
vt 0.754406 0.540613 0.000000
vt 0.753645 0.580289 0.000000
vt 0.754407 0.540613 0.000000
vt 0.754407 0.506379 0.000000
vt 0.713096 0.360810 0.000000
vt 0.754407 0.360810 0.000000
vt 0.754407 0.368725 0.000000
vt 0.713096 0.368725 0.000000
vt 0.794515 0.360810 0.000000
vt 0.754406 0.360810 0.000000
vt 0.754406 0.368725 0.000000
vt 0.794515 0.368725 0.000000
vt 0.669840 0.368725 0.000000
vt 0.669840 0.360810 0.000000
vt 0.713096 0.368725 0.000000
vt 0.713096 0.360810 0.000000
vt 0.883542 0.437547 0.000000
vt 0.872240 0.437547 0.000000
vt 0.872240 0.402009 0.000000
vt 0.883542 0.402009 0.000000
vt 0.855294 0.437547 0.000000
vt 0.838310 0.437547 0.000000
vt 0.837029 0.402009 0.000000
vt 0.855295 0.402009 0.000000
vt 0.817682 0.405268 0.000000
vt 0.821056 0.418671 0.000000
vt 0.807486 0.419200 0.000000
vt 0.807486 0.406740 0.000000
vt 0.823326 0.394468 0.000000
vt 0.825512 0.398129 0.000000
vt 0.817682 0.405268 0.000000
vt 0.814921 0.395804 0.000000
vt 0.908227 0.402009 0.000000
vt 0.916218 0.387303 0.000000
vt 0.928981 0.398152 0.000000
vt 0.923494 0.412625 0.000000
vt 0.815212 0.379480 0.000000
vt 0.823064 0.379490 0.000000
vt 0.921394 0.376789 0.000000
vt 0.932882 0.380260 0.000000
vt 0.872256 0.377571 0.000000
vt 0.883542 0.377754 0.000000
vt 0.855294 0.377142 0.000000
vt 0.872256 0.377571 0.000000
vt 0.872240 0.402009 0.000000
vt 0.872256 0.360135 0.000000
vt 0.883542 0.360266 0.000000
vt 0.855295 0.360005 0.000000
vt 0.872256 0.360135 0.000000
vt 0.825902 0.376947 0.000000
vt 0.837221 0.377092 0.000000
vt 0.837029 0.402009 0.000000
vt 0.825512 0.398129 0.000000
vt 0.837381 0.359796 0.000000
vt 0.825982 0.359536 0.000000
vt 0.837221 0.377092 0.000000
vt 0.837381 0.359796 0.000000
vt 0.904381 0.360281 0.000000
vt 0.904281 0.377915 0.000000
vt 0.883542 0.377754 0.000000
vt 0.883542 0.360266 0.000000
vt 0.908227 0.402009 0.000000
vt 0.883542 0.402009 0.000000
vt 0.855295 0.360005 0.000000
vt 0.837521 0.353798 0.000000
vt 0.872520 0.353812 0.000000
vt 0.872256 0.360135 0.000000
vt 0.807486 0.396069 0.000000
vt 0.807486 0.379434 0.000000
vt 0.815212 0.379480 0.000000
vt 0.814921 0.395804 0.000000
vt 0.669840 0.377820 0.000000
vt 0.713096 0.377820 0.000000
vt 0.713096 0.457810 0.000000
vt 0.669840 0.457810 0.000000
vt 0.754407 0.377820 0.000000
vt 0.754407 0.457810 0.000000
vt 0.872240 0.437547 0.000000
vt 0.713096 0.489409 0.000000
vt 0.754407 0.489409 0.000000
vt 0.754406 0.489409 0.000000
vt 0.713096 0.489409 0.000000
vt 0.794515 0.457810 0.000000
vt 0.794515 0.377820 0.000000
vt 0.713096 0.457810 0.000000
vt 0.754406 0.457810 0.000000
vt 0.754406 0.377820 0.000000
vt 0.713096 0.377820 0.000000
vt 0.794515 0.497745 0.000000
vt 0.754406 0.377820 0.000000
vt 0.754406 0.368725 0.000000
vt 0.713096 0.368725 0.000000
vt 0.713096 0.377820 0.000000
vt 0.669857 0.368725 0.000000
vt 0.669857 0.377820 0.000000
vt 0.713096 0.368725 0.000000
vt 0.713096 0.377820 0.000000
vt 0.754407 0.377820 0.000000
vt 0.754407 0.368725 0.000000
vt 0.794515 0.377820 0.000000
vt 0.794515 0.368725 0.000000
vt 0.452867 0.127731 0.000000
vt 0.453075 0.165173 0.000000
vt 0.386330 0.129517 0.000000
vt 0.417493 0.108940 0.000000
vt 0.385594 0.050559 0.000000
vt 0.417106 0.067297 0.000000
vt 0.386330 0.129517 0.000000
vt 0.417493 0.108940 0.000000
vt 0.453075 0.165173 0.000000
vt 0.452867 0.127731 0.000000
vt 0.519251 0.121555 0.000000
vt 0.487725 0.104809 0.000000
vt 0.452867 0.127731 0.000000
vt 0.417493 0.108940 0.000000
vt 0.417063 0.067274 0.000000
vt 0.417493 0.108940 0.000000
vt 0.452867 0.127731 0.000000
vt 0.487725 0.104809 0.000000
vt 0.581043 0.110214 0.000000
vt 0.557892 0.110213 0.000000
vt 0.557892 0.172585 0.000000
vt 0.571483 0.175042 0.000000
vt 0.557892 0.239227 0.000000
vt 0.571428 0.242801 0.000000
vt 0.557892 0.172585 0.000000
vt 0.571483 0.175042 0.000000
vt 0.557892 0.239227 0.000000
vt 0.571428 0.242801 0.000000
vt 0.172332 0.819516 0.000000
vt 0.154992 0.786195 0.000000
vt 0.133962 0.802720 0.000000
vt 0.151683 0.829529 0.000000
vt 0.133313 0.889049 0.000000
vt 0.134762 0.855538 0.000000
vt 0.098976 0.854562 0.000000
vt 0.102089 0.886012 0.000000
vt 0.040019 0.750796 0.000000
vt 0.032244 0.762530 0.000000
vt 0.053919 0.777178 0.000000
vt 0.067359 0.761780 0.000000
vt 0.167175 0.887328 0.000000
vt 0.193282 0.866333 0.000000
vt 0.180481 0.829475 0.000000
vt 0.151232 0.761297 0.000000
vt 0.114209 0.754979 0.000000
vt 0.119802 0.738765 0.000000
vt 0.156950 0.740635 0.000000
vt 0.041025 0.870294 0.000000
vt 0.039696 0.884562 0.000000
vt 0.111255 0.811196 0.000000
vt 0.069278 0.793024 0.000000
vt 0.096810 0.776517 0.000000
vt 0.085480 0.821145 0.000000
vt 0.009783 0.781792 0.000000
vt 0.009783 0.786380 0.000000
vt 0.022631 0.785597 0.000000
vt 0.026040 0.782815 0.000000
vt 0.009783 0.746852 0.000000
vt 0.009783 0.757666 0.000000
vt 0.069838 0.745131 0.000000
vt 0.022605 0.799725 0.000000
vt 0.009783 0.799645 0.000000
vt 0.009783 0.807822 0.000000
vt 0.021484 0.810083 0.000000
vt 0.009783 0.839406 0.000000
vt 0.009783 0.875290 0.000000
vt 0.021785 0.875494 0.000000
vt 0.036223 0.829817 0.000000
vt 0.172332 0.819516 0.000000
vt 0.151683 0.829529 0.000000
vt 0.133962 0.802720 0.000000
vt 0.154992 0.786195 0.000000
vt 0.133313 0.889049 0.000000
vt 0.102089 0.886012 0.000000
vt 0.098976 0.854562 0.000000
vt 0.134762 0.855538 0.000000
vt 0.040019 0.750796 0.000000
vt 0.067359 0.761780 0.000000
vt 0.053919 0.777178 0.000000
vt 0.032244 0.762530 0.000000
vt 0.167175 0.887328 0.000000
vt 0.180481 0.829475 0.000000
vt 0.193282 0.866333 0.000000
vt 0.151232 0.761297 0.000000
vt 0.156950 0.740635 0.000000
vt 0.119802 0.738765 0.000000
vt 0.114209 0.754979 0.000000
vt 0.041025 0.870294 0.000000
vt 0.039696 0.884562 0.000000
vt 0.111255 0.811196 0.000000
vt 0.096810 0.776517 0.000000
vt 0.069278 0.793024 0.000000
vt 0.085480 0.821145 0.000000
vt 0.026040 0.782815 0.000000
vt 0.022631 0.785597 0.000000
vt 0.022605 0.799725 0.000000
vt 0.021484 0.810083 0.000000
vt 0.036223 0.829817 0.000000
vt 0.021785 0.875494 0.000000
vt 0.541647 0.969339 0.000000
vt 0.519571 0.967524 0.000000
vt 0.535404 0.936473 0.000000
vt 0.558232 0.937051 0.000000
vt 0.512532 0.941820 0.000000
vt 0.501405 0.971139 0.000000
vt 0.484567 0.968411 0.000000
vt 0.488347 0.938968 0.000000
vt 0.471877 0.937721 0.000000
vt 0.467088 0.964829 0.000000
vt 0.082333 0.954204 0.000000
vt 0.047249 0.949794 0.000000
vt 0.049619 0.989233 0.000000
vt 0.087239 0.987950 0.000000
vt 0.132481 0.940966 0.000000
vt 0.126643 0.974793 0.000000
vt 0.009783 0.945242 0.000000
vt 0.009783 0.986195 0.000000
vt 0.535404 0.936473 0.000000
vt 0.519571 0.967524 0.000000
vt 0.512532 0.941820 0.000000
vt 0.501405 0.971139 0.000000
vt 0.484567 0.968411 0.000000
vt 0.488347 0.938968 0.000000
vt 0.082333 0.954204 0.000000
vt 0.087239 0.987950 0.000000
vt 0.049619 0.989233 0.000000
vt 0.047249 0.949794 0.000000
vt 0.132481 0.940966 0.000000
vt 0.126643 0.974793 0.000000
vt 0.288048 0.846656 0.000000
vt 0.233619 0.904026 0.000000
vt 0.256946 0.834008 0.000000
vt 0.235085 0.828884 0.000000
vt 0.233619 0.904026 0.000000
vt 0.209801 0.828508 0.000000
vt 0.317763 0.806188 0.000000
vt 0.301277 0.780765 0.000000
vt 0.321612 0.775092 0.000000
vt 0.236850 0.784369 0.000000
vt 0.275105 0.786082 0.000000
vt 0.285574 0.761619 0.000000
vt 0.275105 0.786082 0.000000
vt 0.239983 0.762807 0.000000
vt 0.285574 0.761619 0.000000
vt 0.256946 0.834008 0.000000
vt 0.193461 0.777274 0.000000
vt 0.195651 0.744106 0.000000
vt 0.288048 0.846656 0.000000
vt 0.256946 0.834008 0.000000
vt 0.233619 0.904026 0.000000
vt 0.235085 0.828884 0.000000
vt 0.209801 0.828508 0.000000
vt 0.233619 0.904026 0.000000
vt 0.317763 0.806188 0.000000
vt 0.321612 0.775092 0.000000
vt 0.301277 0.780765 0.000000
vt 0.236850 0.784369 0.000000
vt 0.275105 0.786082 0.000000
vt 0.285574 0.761619 0.000000
vt 0.239983 0.762807 0.000000
vt 0.275105 0.786082 0.000000
vt 0.285574 0.761619 0.000000
vt 0.256946 0.834008 0.000000
vt 0.193461 0.777274 0.000000
vt 0.195651 0.744106 0.000000
vt 0.422341 0.170143 0.000000
vt 0.407864 0.194232 0.000000
vt 0.402032 0.158320 0.000000
vt 0.436651 0.202359 0.000000
vt 0.461723 0.205727 0.000000
vt 0.420774 0.273726 0.000000
vt 0.156939 0.490214 0.000000
vt 0.160904 0.483070 0.000000
vt 0.147765 0.444199 0.000000
vt 0.665593 0.208723 0.000000
vt 0.665593 0.183318 0.000000
vt 0.381006 0.174883 0.000000
vt 0.469055 0.170633 0.000000
vt 0.441427 0.177849 0.000000
vt 0.361966 0.176600 0.000000
vt 0.375270 0.209568 0.000000
vt 0.317339 0.115561 0.000000
vt 0.300912 0.119559 0.000000
vt 0.268114 0.072304 0.000000
vt 0.206445 0.010579 0.000000
vt 0.316308 0.099345 0.000000
vt 0.275799 0.030938 0.000000
vt 0.297092 0.030789 0.000000
vt 0.257669 0.036036 0.000000
vt 0.287205 0.086490 0.000000
vt 0.297628 0.010579 0.000000
vt 0.248571 0.010579 0.000000
vt 0.695563 0.316121 0.000000
vt 0.682133 0.352881 0.000000
vt 0.732607 0.316869 0.000000
vt 0.714438 0.352811 0.000000
vt 0.756025 0.342042 0.000000
vt 0.422341 0.170143 0.000000
vt 0.402032 0.158320 0.000000
vt 0.407864 0.194232 0.000000
vt 0.436651 0.202359 0.000000
vt 0.420774 0.273726 0.000000
vt 0.461723 0.205727 0.000000
vt 0.156939 0.490214 0.000000
vt 0.160904 0.483070 0.000000
vt 0.665593 0.208723 0.000000
vt 0.381006 0.174883 0.000000
vt 0.469055 0.170633 0.000000
vt 0.441427 0.177849 0.000000
vt 0.361966 0.176600 0.000000
vt 0.375270 0.209568 0.000000
vt 0.317339 0.115561 0.000000
vt 0.300912 0.119559 0.000000
vt 0.268114 0.072304 0.000000
vt 0.310854 0.051558 0.000000
vt 0.297628 0.010579 0.000000
vt 0.297092 0.030789 0.000000
vt 0.316308 0.099345 0.000000
vt 0.275799 0.030938 0.000000
vt 0.257669 0.036036 0.000000
vt 0.287205 0.086490 0.000000
vt 0.248571 0.010579 0.000000
vt 0.695563 0.316121 0.000000
vt 0.732607 0.316869 0.000000
vt 0.682132 0.352881 0.000000
vt 0.714438 0.352811 0.000000
vt 0.756025 0.342042 0.000000
vt 0.381980 0.012136 0.000000
vt 0.310854 0.051558 0.000000
vt 0.938913 0.863371 0.000000
vt 0.916491 0.868602 0.000000
vt 0.891740 0.867459 0.000000
vt 0.807502 0.854229 0.000000
vt 0.927523 0.922865 0.000000
vt 0.912019 0.911784 0.000000
vt 0.823571 0.956147 0.000000
vt 0.916982 0.886644 0.000000
vt 0.870886 0.906199 0.000000
vt 0.712229 0.605984 0.000000
vt 0.870886 0.876741 0.000000
vt 0.892720 0.854563 0.000000
vt 0.954480 0.968025 0.000000
vt 0.926760 0.958420 0.000000
vt 0.963312 0.945594 0.000000
vt 0.748360 0.603218 0.000000
vt 0.854274 0.963304 0.000000
vt 0.823571 0.956147 0.000000
vt 0.854274 0.952611 0.000000
vt 0.908563 0.857802 0.000000
vt 0.987811 0.566800 0.000000
vt 0.807503 0.566800 0.000000
vt 0.848460 0.673561 0.000000
vt 0.807503 0.674947 0.000000
vt 0.966543 0.682469 0.000000
vt 0.989635 0.704397 0.000000
vt 0.987811 0.598632 0.000000
vt 0.890838 0.948693 0.000000
vt 0.391602 0.596098 0.000000
vt 0.391602 0.552512 0.000000
vt 0.376537 0.552512 0.000000
vt 0.362527 0.596098 0.000000
vt 0.413515 0.552512 0.000000
vt 0.391602 0.552512 0.000000
vt 0.362527 0.552512 0.000000
vt 0.413515 0.552512 0.000000
vt 0.938675 0.454233 0.000000
vt 0.895103 0.446611 0.000000
vt 0.987811 0.446611 0.000000
vt 0.434321 0.552512 0.000000
vt 0.904773 0.945037 0.000000
vt 0.926760 0.958420 0.000000
vt 0.434321 0.552512 0.000000
vt 0.391602 0.596098 0.000000
vt 0.807503 0.446611 0.000000
vt 0.989635 0.651543 0.000000
vt 0.989635 0.648452 0.000000
vt 0.418559 0.616099 0.000000
vt 0.412389 0.616099 0.000000
vt 0.412389 0.596098 0.000000
vt 0.421163 0.616099 0.000000
vt 0.418559 0.616099 0.000000
vt 0.412389 0.596098 0.000000
vt 0.937661 0.738908 0.000000
vt 0.967819 0.737536 0.000000
vt 0.895103 0.763238 0.000000
vt 0.895103 0.747317 0.000000
vt 0.934485 0.754234 0.000000
vt 0.895103 0.731240 0.000000
vt 0.895103 0.747317 0.000000
vt 0.989635 0.734993 0.000000
vt 0.895103 0.747317 0.000000
vt 0.937661 0.738908 0.000000
vt 0.849506 0.840910 0.000000
vt 0.807503 0.826402 0.000000
vt 0.807503 0.817198 0.000000
vt 0.870886 0.876741 0.000000
vt 0.883542 0.437547 0.000000
vt 0.897872 0.420958 0.000000
vt 0.820390 0.437547 0.000000
vt 0.807486 0.419200 0.000000
vt 0.807486 0.437547 0.000000
vt 0.820390 0.437547 0.000000
vt 0.900555 0.437547 0.000000
vt 0.914926 0.426994 0.000000
vt 0.837029 0.402009 0.000000
vt 0.923494 0.412625 0.000000
vt 0.932882 0.380260 0.000000
vt 0.928982 0.372378 0.000000
vt 0.921394 0.376789 0.000000
vt 0.837381 0.359796 0.000000
vt 0.938913 0.863371 0.000000
vt 0.916491 0.868602 0.000000
vt 0.891740 0.867459 0.000000
vt 0.912019 0.911784 0.000000
vt 0.927523 0.922865 0.000000
vt 0.823571 0.956147 0.000000
vt 0.916982 0.886644 0.000000
vt 0.870886 0.906199 0.000000
vt 0.712229 0.605984 0.000000
vt 0.870886 0.876741 0.000000
vt 0.892720 0.854563 0.000000
vt 0.954480 0.968025 0.000000
vt 0.963312 0.945594 0.000000
vt 0.926760 0.958420 0.000000
vt 0.748360 0.603218 0.000000
vt 0.854274 0.963304 0.000000
vt 0.854274 0.952611 0.000000
vt 0.823571 0.956147 0.000000
vt 0.908563 0.857802 0.000000
vt 0.987811 0.566800 0.000000
vt 0.807503 0.566800 0.000000
vt 0.848460 0.673561 0.000000
vt 0.966543 0.682469 0.000000
vt 0.987811 0.598632 0.000000
vt 0.890838 0.948693 0.000000
vt 0.391602 0.552512 0.000000
vt 0.391602 0.596098 0.000000
vt 0.376537 0.552512 0.000000
vt 0.362527 0.596098 0.000000
vt 0.391602 0.552512 0.000000
vt 0.413515 0.552512 0.000000
vt 0.362527 0.552512 0.000000
vt 0.413515 0.552512 0.000000
vt 0.938675 0.454233 0.000000
vt 0.895103 0.446611 0.000000
vt 0.987811 0.446611 0.000000
vt 0.434321 0.552512 0.000000
vt 0.904773 0.945037 0.000000
vt 0.926760 0.958420 0.000000
vt 0.434321 0.552512 0.000000
vt 0.391602 0.596098 0.000000
vt 0.807503 0.446611 0.000000
vt 0.418559 0.616099 0.000000
vt 0.412389 0.616099 0.000000
vt 0.412389 0.596098 0.000000
vt 0.418559 0.616099 0.000000
vt 0.421163 0.616099 0.000000
vt 0.412389 0.596098 0.000000
vt 0.937661 0.738908 0.000000
vt 0.967819 0.737536 0.000000
vt 0.895103 0.763238 0.000000
vt 0.934485 0.754234 0.000000
vt 0.895103 0.747317 0.000000
vt 0.895103 0.747317 0.000000
vt 0.895103 0.731240 0.000000
vt 0.895103 0.747317 0.000000
vt 0.937661 0.738908 0.000000
vt 0.849506 0.840910 0.000000
vt 0.870886 0.876741 0.000000
vt 0.897872 0.420958 0.000000
vt 0.883542 0.437547 0.000000
vt 0.820390 0.437547 0.000000
vt 0.807486 0.419200 0.000000
vt 0.820390 0.437547 0.000000
vt 0.807486 0.437547 0.000000
vt 0.914926 0.426994 0.000000
vt 0.900555 0.437547 0.000000
vt 0.837029 0.402009 0.000000
vt 0.923494 0.412625 0.000000
vt 0.932882 0.380260 0.000000
vt 0.921394 0.376789 0.000000
vt 0.928982 0.372378 0.000000
vt 0.837381 0.359796 0.000000
vt 0.452385 0.086037 0.000000
vt 0.452385 0.086037 0.000000
vt 0.581043 0.110214 0.000000
vt 0.571483 0.175042 0.000000
vt 0.620627 0.149707 0.000000
vt 0.571428 0.242801 0.000000
vt 0.596559 0.244185 0.000000
vt 0.557892 0.268409 0.000000
vt 0.573771 0.268933 0.000000
vt 0.649484 0.110214 0.000000
vt 0.607101 0.186128 0.000000
vt 0.573771 0.268933 0.000000
vt 0.620627 0.149707 0.000000
vt 0.571483 0.175042 0.000000
vt 0.596559 0.244185 0.000000
vt 0.571428 0.242801 0.000000
vt 0.573771 0.268933 0.000000
vt 0.557892 0.268409 0.000000
vt 0.607101 0.186128 0.000000
vt 0.573771 0.268933 0.000000
vt 0.891267 0.955632 0.000000
vt 0.880073 0.947477 0.000000
vt 0.904814 0.938675 0.000000
vt 0.879475 0.972776 0.000000
vt 0.863184 0.971263 0.000000
vt 0.047836 0.799231 0.000000
vt 0.190765 0.884815 0.000000
vt 0.179998 0.768867 0.000000
vt 0.176581 0.788400 0.000000
vt 0.177253 0.755340 0.000000
vt 0.098115 0.912913 0.000000
vt 0.009783 0.821594 0.000000
vt 0.035018 0.898362 0.000000
vt 0.009783 0.793687 0.000000
vt 0.009783 0.898819 0.000000
vt 0.009783 0.831113 0.000000
vt 0.009783 0.888608 0.000000
vt 0.183396 0.888693 0.000000
vt 0.855792 0.949286 0.000000
vt 0.891267 0.955632 0.000000
vt 0.904814 0.938675 0.000000
vt 0.880073 0.947477 0.000000
vt 0.879475 0.972776 0.000000
vt 0.863184 0.971263 0.000000
vt 0.047836 0.799231 0.000000
vt 0.190765 0.884815 0.000000
vt 0.176581 0.788400 0.000000
vt 0.179998 0.768867 0.000000
vt 0.177253 0.755340 0.000000
vt 0.098115 0.912913 0.000000
vt 0.035018 0.898362 0.000000
vt 0.183396 0.888693 0.000000
vt 0.855792 0.949286 0.000000
usemtl Material_1
f 2/2 1/1 3/3
f 4/4 3/3 1/1
f 6/6 5/5 7/7
f 8/8 7/7 5/5
f 9/9 1/1 10/10
f 2/2 10/10 1/1
f 12/12 11/11 13/13
f 14/14 13/13 11/11
f 16/16 15/15 17/17
f 18/18 17/17 15/15
f 20/20 19/19 15/15
f 18/18 15/15 19/19
f 21/21 11/11 22/22
f 12/12 22/22 11/11
f 24/24 23/23 25/25
f 26/26 25/25 23/23
f 28/28 27/27 29/29
f 20/20 29/29 27/27
f 31/31 30/30 21/21
f 11/11 21/21 30/30
f 33/33 32/32 34/34
f 35/35 34/34 32/32
f 35/35 32/32 36/36
f 37/37 36/36 32/32
f 39/39 38/38 40/40
f 41/41 40/40 38/38
f 36/36 42/42 35/35
f 43/43 35/35 42/42
f 43/43 44/44 35/35
f 34/34 35/35 44/44
f 45/45 37/37 33/33
f 32/32 33/33 37/37
f 47/47 46/46 48/48
f 49/49 48/48 46/46
f 51/51 50/50 52/52
f 53/53 52/52 50/50
f 23/23 46/46 26/26
f 54/54 26/26 46/46
f 55/55 54/54 42/42
f 43/43 42/42 54/54
f 53/53 56/56 52/52
f 57/57 52/52 56/56
f 59/59 58/58 55/55
f 54/54 55/55 58/58
f 51/51 52/52 60/60
f 61/61 60/60 52/52
f 57/57 62/62 63/63
f 64/64 63/63 62/62
f 52/52 57/57 61/61
f 63/63 61/61 57/57
f 4/4 1/1 65/65
f 66/66 65/65 1/1
f 8/8 67/67 7/7
f 68/68 7/7 67/67
f 66/66 1/1 69/69
f 9/9 69/69 1/1
f 14/14 70/70 13/13
f 71/71 13/13 70/70
f 72/72 15/15 73/73
f 16/16 73/73 15/15
f 72/72 74/74 15/15
f 20/20 15/15 74/74
f 71/71 70/70 75/75
f 76/76 75/75 70/70
f 78/78 77/77 79/79
f 80/80 79/79 77/77
f 20/20 81/81 29/29
f 82/82 29/29 81/81
f 70/70 30/30 76/76
f 31/31 76/76 30/30
f 84/84 83/83 85/85
f 86/86 85/85 83/83
f 37/37 83/83 36/36
f 84/84 36/36 83/83
f 88/88 87/87 40/40
f 39/39 40/40 87/87
f 89/89 42/42 84/84
f 36/36 84/84 42/42
f 85/85 90/90 84/84
f 89/89 84/84 90/90
f 83/83 37/37 86/86
f 45/45 86/86 37/37
f 92/92 91/91 93/93
f 94/94 93/93 91/91
f 95/95 50/50 96/96
f 51/51 96/96 50/50
f 97/97 91/91 78/78
f 77/77 78/78 91/91
f 89/89 97/97 42/42
f 55/55 42/42 97/97
f 99/99 98/98 96/96
f 95/95 96/96 98/98
f 97/97 100/100 55/55
f 59/59 55/55 100/100
f 101/101 96/96 60/60
f 51/51 60/60 96/96
f 64/64 62/62 102/102
f 99/99 102/102 62/62
f 102/102 99/99 101/101
f 96/96 101/101 99/99
f 104/104 103/103 105/105
f 106/106 105/105 103/103
f 105/105 106/106 107/107
f 108/108 107/107 106/106
f 107/107 108/108 109/109
f 110/110 109/109 108/108
f 109/109 110/110 111/111
f 112/112 111/111 110/110
f 114/114 113/113 115/115
f 116/116 115/115 113/113
f 115/115 116/116 117/117
f 118/118 117/117 116/116
f 120/120 119/119 121/121
f 122/122 121/121 119/119
f 122/122 119/119 123/123
f 124/124 123/123 119/119
f 123/123 124/124 125/125
f 126/126 125/125 124/124
f 63/63 64/64 127/127
f 128/128 127/127 64/64
f 127/127 128/128 129/129
f 130/130 129/129 128/128
f 129/129 130/130 131/131
f 132/132 131/131 130/130
f 131/131 132/132 133/133
f 134/134 133/133 132/132
f 133/133 134/134 135/135
f 136/136 135/135 134/134
f 138/138 137/137 139/139
f 140/140 139/139 137/137
f 139/139 140/140 141/141
f 142/142 141/141 140/140
f 141/141 142/142 143/143
f 144/144 143/143 142/142
f 143/143 144/144 145/145
f 104/104 145/145 144/144
f 145/145 104/104 146/146
f 105/105 146/146 104/104
f 146/146 105/105 147/147
f 107/107 147/147 105/105
f 147/147 107/107 148/148
f 109/109 148/148 107/107
f 148/148 109/109 149/149
f 111/111 149/149 109/109
f 151/151 150/150 115/115
f 114/114 115/115 150/150
f 151/151 115/115 152/152
f 117/117 152/152 115/115
f 121/121 122/122 153/153
f 154/154 153/153 122/122
f 154/154 122/122 155/155
f 123/123 155/155 122/122
f 155/155 123/123 156/156
f 125/125 156/156 123/123
f 61/61 63/63 157/157
f 127/127 157/157 63/63
f 157/157 127/127 158/158
f 129/129 158/158 127/127
f 158/158 129/129 159/159
f 131/131 159/159 129/129
f 159/159 131/131 160/160
f 133/133 160/160 131/131
f 64/64 102/102 128/128
f 161/161 128/128 102/102
f 128/128 161/161 130/130
f 162/162 130/130 161/161
f 130/130 162/162 132/132
f 163/163 132/132 162/162
f 132/132 163/163 134/134
f 164/164 134/134 163/163
f 134/134 164/164 136/136
f 165/165 136/136 164/164
f 137/137 166/166 140/140
f 167/167 140/140 166/166
f 140/140 167/167 142/142
f 168/168 142/142 167/167
f 142/142 168/168 144/144
f 169/169 144/144 168/168
f 169/169 103/103 144/144
f 104/104 144/144 103/103
f 101/101 60/60 170/170
f 171/171 170/170 60/60
f 170/170 171/171 172/172
f 173/173 172/172 171/171
f 172/172 173/173 174/174
f 175/175 174/174 173/173
f 174/174 175/175 176/176
f 177/177 176/176 175/175
f 60/60 61/61 171/171
f 157/157 171/171 61/61
f 171/171 157/157 173/173
f 158/158 173/173 157/157
f 173/173 158/158 175/175
f 159/159 175/175 158/158
f 175/175 159/159 177/177
f 160/160 177/177 159/159
f 177/177 160/160 178/178
f 135/135 178/178 160/160
f 179/179 138/138 180/180
f 139/139 180/180 138/138
f 180/180 139/139 181/181
f 141/141 181/181 139/139
f 181/181 141/141 182/182
f 143/143 182/182 141/141
f 182/182 143/143 183/183
f 145/145 183/183 143/143
f 183/183 145/145 184/184
f 146/146 184/184 145/145
f 184/184 146/146 185/185
f 147/147 185/185 146/146
f 185/185 147/147 186/186
f 148/148 186/186 147/147
f 186/186 148/148 187/187
f 149/149 187/187 148/148
f 150/150 151/151 188/188
f 189/189 188/188 151/151
f 189/189 151/151 190/190
f 152/152 190/190 151/151
f 191/191 153/153 192/192
f 154/154 192/192 153/153
f 192/192 154/154 193/193
f 155/155 193/193 154/154
f 193/193 155/155 194/194
f 156/156 194/194 155/155
f 102/102 101/101 161/161
f 170/170 161/161 101/101
f 161/161 170/170 162/162
f 172/172 162/162 170/170
f 162/162 172/172 163/163
f 174/174 163/163 172/172
f 163/163 174/174 164/164
f 176/176 164/164 174/174
f 164/164 176/176 165/165
f 178/178 165/165 176/176
f 166/166 179/179 167/167
f 180/180 167/167 179/179
f 167/167 180/180 168/168
f 181/181 168/168 180/180
f 168/168 181/181 169/169
f 182/182 169/169 181/181
f 169/169 182/182 103/103
f 183/183 103/103 182/182
f 103/103 183/183 106/106
f 184/184 106/106 183/183
f 106/106 184/184 108/108
f 185/185 108/108 184/184
f 108/108 185/185 110/110
f 186/186 110/110 185/185
f 110/110 186/186 112/112
f 187/187 112/112 186/186
f 113/113 188/188 116/116
f 189/189 116/116 188/188
f 116/116 189/189 118/118
f 190/190 118/118 189/189
f 120/120 191/191 119/119
f 192/192 119/119 191/191
f 119/119 192/192 124/124
f 193/193 124/124 192/192
f 124/124 193/193 126/126
f 194/194 126/126 193/193
f 196/196 195/195 197/197
f 198/198 197/197 195/195
f 200/200 199/199 201/201
f 202/202 201/201 199/199
f 204/204 203/203 205/205
f 206/206 205/205 203/203
f 208/208 207/207 209/209
f 210/210 209/209 207/207
f 212/212 211/211 199/199
f 202/202 199/199 211/211
f 214/214 213/213 215/215
f 216/216 215/215 213/213
f 218/218 217/217 219/219
f 220/220 219/219 217/217
f 222/222 221/221 219/219
f 218/218 219/219 221/221
f 221/221 222/222 223/223
f 224/224 223/223 222/222
f 225/225 220/220 226/226
f 217/217 226/226 220/220
f 228/228 227/227 229/229
f 230/230 229/229 227/227
f 231/231 228/228 232/232
f 229/229 232/232 228/228
f 232/232 229/229 233/233
f 234/234 233/233 229/229
f 236/236 235/235 228/228
f 227/227 228/228 235/235
f 232/232 233/233 219/219
f 222/222 219/219 233/233
f 232/232 219/219 231/231
f 220/220 231/231 219/219
f 202/202 210/210 201/201
f 237/237 201/201 210/210
f 210/210 207/207 237/237
f 238/238 237/237 207/207
f 240/240 239/239 236/236
f 235/235 236/236 239/239
f 242/242 241/241 243/243
f 244/244 243/243 241/241
f 246/246 245/245 247/247
f 248/248 247/247 245/245
f 250/250 249/249 251/251
f 252/252 251/251 249/249
f 246/246 247/247 253/253
f 254/254 253/253 247/247
f 256/256 255/255 257/257
f 258/258 257/257 255/255
f 260/260 259/259 256/256
f 255/255 256/256 259/259
f 262/262 261/261 244/244
f 263/263 244/244 261/261
f 263/263 261/261 264/264
f 265/265 264/264 261/261
f 267/267 266/266 268/268
f 257/257 268/268 266/266
f 243/243 263/263 254/254
f 264/264 254/254 263/263
f 243/243 254/254 242/242
f 247/247 242/242 254/254
f 270/270 269/269 271/271
f 272/272 271/271 269/269
f 265/265 273/273 264/264
f 274/274 264/264 273/273
f 275/275 249/249 276/276
f 250/250 276/276 249/249
f 278/278 277/277 260/260
f 259/259 260/260 277/277
f 257/257 258/258 268/268
f 276/276 268/268 258/258
f 242/242 247/247 279/279
f 248/248 279/279 247/247
f 280/280 248/248 281/281
f 245/245 281/281 248/248
f 282/282 262/262 277/277
f 244/244 277/277 262/262
f 284/284 283/283 285/285
f 278/278 285/285 283/283
f 287/287 286/286 288/288
f 289/289 288/288 286/286
f 291/291 290/290 292/292
f 293/293 292/292 290/290
f 294/294 286/286 295/295
f 287/287 295/295 286/286
f 292/292 293/293 294/294
f 296/296 294/294 293/293
f 294/294 296/296 286/286
f 297/297 286/286 296/296
f 299/299 298/298 300/300
f 301/301 300/300 298/298
f 303/303 302/302 301/301
f 300/300 301/301 302/302
f 305/305 304/304 288/288
f 287/287 288/288 304/304
f 304/304 291/291 287/287
f 295/295 287/287 291/291
f 306/306 290/290 304/304
f 291/291 304/304 290/290
f 308/308 307/307 309/309
f 310/310 309/309 307/307
f 312/312 311/311 200/200
f 199/199 200/200 311/311
f 311/311 313/313 199/199
f 212/212 199/199 313/313
f 315/315 314/314 316/316
f 317/317 316/316 314/314
f 319/319 318/318 320/320
f 322/322 321/321 323/323
f 314/314 315/315 324/324
f 325/325 324/324 315/315
f 261/261 326/326 265/265
f 327/327 265/265 326/326
f 207/207 208/208 328/328
f 329/329 328/328 208/208
f 197/197 198/198 310/310
f 309/309 310/310 198/198
f 238/238 207/207 330/330
f 328/328 330/330 207/207
f 307/307 308/308 200/200
f 312/312 200/200 308/308
f 277/277 278/278 282/282
f 283/283 282/282 278/278
f 251/251 252/252 331/331
f 332/332 331/331 252/252
f 332/332 252/252 333/333
f 334/334 333/333 252/252
f 336/336 335/335 334/334
f 333/333 334/334 335/335
f 338/338 337/337 339/339
f 340/340 339/339 337/337
f 342/342 341/341 343/343
f 344/344 343/343 341/341
f 346/346 345/345 347/347
f 348/348 347/347 345/345
f 212/212 313/313 349/349
f 350/350 349/349 313/313
f 349/349 351/351 212/212
f 211/211 212/212 351/351
f 353/353 352/352 354/354
f 355/355 354/354 352/352
f 357/357 356/356 358/358
f 359/359 358/358 356/356
f 359/359 360/360 361/361
f 362/362 361/361 360/360
f 235/235 363/363 364/364
f 357/357 364/364 363/363
f 358/358 365/365 357/357
f 364/364 357/357 365/365
f 357/357 363/363 356/356
f 366/366 356/356 363/363
f 368/368 367/367 366/366
f 356/356 366/366 367/367
f 370/370 369/369 365/365
f 364/364 365/365 369/369
f 369/369 227/227 364/364
f 235/235 364/364 227/227
f 372/372 371/371 373/373
f 374/374 373/373 371/371
f 376/376 375/375 377/377
f 378/378 377/377 375/375
f 371/371 372/372 379/379
f 380/380 379/379 372/372
f 374/374 375/375 373/373
f 376/376 373/373 375/375
f 381/381 379/379 382/382
f 380/380 382/382 379/379
f 378/378 381/381 377/377
f 382/382 377/377 381/381
f 384/384 383/383 385/385
f 386/386 385/385 383/383
f 388/388 387/387 389/389
f 390/390 389/389 387/387
f 392/392 391/391 393/393
f 394/394 393/393 391/391
f 396/396 395/395 397/397
f 398/398 397/397 395/395
f 400/400 399/399 401/401
f 402/402 401/401 399/399
f 396/396 403/403 395/395
f 404/404 395/395 403/403
f 405/405 401/401 406/406
f 402/402 406/406 401/401
f 384/384 385/385 407/407
f 408/408 407/407 385/385
f 409/409 388/388 410/410
f 411/411 410/410 388/388
f 407/407 408/408 412/412
f 413/413 412/412 408/408
f 411/411 414/414 410/410
f 415/415 410/410 414/414
f 417/417 416/416 418/418
f 419/419 418/418 416/416
f 421/421 420/420 416/416
f 419/419 416/416 420/420
f 414/414 411/411 422/422
f 423/423 422/422 411/411
f 425/425 424/424 426/426
f 427/427 426/426 424/424
f 388/388 389/389 411/411
f 423/423 411/411 389/389
f 428/428 426/426 429/429
f 427/427 429/429 426/426
f 431/431 430/430 432/432
f 433/433 432/432 430/430
f 435/435 434/434 436/436
f 437/437 436/436 434/434
f 392/392 434/434 391/391
f 435/435 391/391 434/434
f 439/439 438/438 440/440
f 441/441 440/440 438/438
f 442/442 440/440 443/443
f 441/441 443/443 440/440
f 387/387 388/388 444/444
f 409/409 444/444 388/388
f 446/446 445/445 442/442
f 440/440 442/442 445/445
f 447/447 361/361 448/448
f 362/362 448/448 361/361
f 450/450 449/449 443/443
f 442/442 443/443 449/449
f 452/452 451/451 453/453
f 454/454 453/453 451/451
f 452/452 438/438 451/451
f 439/439 451/451 438/438
f 450/450 453/453 449/449
f 454/454 449/449 453/453
f 358/358 439/439 445/445
f 440/440 445/445 439/439
f 446/446 370/370 445/445
f 365/365 445/445 370/370
f 359/359 356/356 360/360
f 367/367 360/360 356/356
f 446/446 442/442 455/455
f 449/449 455/455 442/442
f 457/457 456/456 458/458
f 459/459 458/458 456/456
f 457/457 458/458 460/460
f 461/461 460/460 458/458
f 461/461 462/462 460/460
f 463/463 460/460 462/462
f 465/465 464/464 462/462
f 463/463 462/462 464/464
f 467/467 466/466 465/465
f 464/464 465/465 466/466
f 467/467 459/459 466/466
f 456/456 466/466 459/459
f 454/454 448/448 449/449
f 455/455 449/449 448/448
f 451/451 447/447 454/454
f 448/448 454/454 447/447
f 439/439 358/358 451/451
f 447/447 451/451 358/358
f 198/198 195/195 468/468
f 469/469 468/468 195/195
f 471/471 470/470 472/472
f 473/473 472/472 470/470
f 474/474 203/203 475/475
f 204/204 475/475 203/203
f 477/477 476/476 478/478
f 479/479 478/478 476/476
f 471/471 480/480 470/470
f 481/481 470/470 480/480
f 483/483 482/482 484/484
f 485/485 484/484 482/482
f 487/487 486/486 488/488
f 489/489 488/488 486/486
f 489/489 490/490 488/488
f 491/491 488/488 490/490
f 492/492 491/491 493/493
f 490/490 493/493 491/491
f 486/486 487/487 494/494
f 495/495 494/494 487/487
f 497/497 496/496 498/498
f 499/499 498/498 496/496
f 498/498 499/499 500/500
f 501/501 500/500 499/499
f 502/502 498/498 503/503
f 500/500 503/503 498/498
f 496/496 504/504 499/499
f 505/505 499/499 504/504
f 491/491 503/503 488/488
f 500/500 488/488 503/503
f 487/487 488/488 501/501
f 500/500 501/501 488/488
f 506/506 477/477 472/472
f 471/471 472/472 477/477
f 507/507 476/476 506/506
f 477/477 506/506 476/476
f 504/504 508/508 505/505
f 509/509 505/505 508/508
f 511/511 510/510 512/512
f 513/513 512/512 510/510
f 515/515 514/514 516/516
f 517/517 516/516 514/514
f 519/519 518/518 520/520
f 521/521 520/520 518/518
f 522/522 516/516 523/523
f 517/517 523/523 516/516
f 525/525 524/524 526/526
f 527/527 526/526 524/524
f 524/524 528/528 527/527
f 529/529 527/527 528/528
f 531/531 530/530 511/511
f 532/532 511/511 530/530
f 533/533 530/530 534/534
f 531/531 534/534 530/530
f 526/526 535/535 536/536
f 537/537 536/536 535/535
f 534/534 531/531 522/522
f 512/512 522/522 531/531
f 516/516 522/522 513/513
f 512/512 513/513 522/522
f 538/538 269/269 539/539
f 270/270 539/539 269/269
f 541/541 540/540 534/534
f 533/533 534/534 540/540
f 521/521 518/518 542/542
f 543/543 542/542 518/518
f 528/528 544/544 529/529
f 545/545 529/529 544/544
f 542/542 525/525 536/536
f 526/526 536/536 525/525
f 515/515 516/516 546/546
f 513/513 546/546 516/516
f 514/514 515/515 547/547
f 548/548 547/547 515/515
f 511/511 532/532 544/544
f 549/549 544/544 532/532
f 545/545 550/550 551/551
f 552/552 551/551 550/550
f 554/554 553/553 555/555
f 556/556 555/555 553/553
f 558/558 557/557 559/559
f 560/560 559/559 557/557
f 556/556 553/553 561/561
f 562/562 561/561 553/553
f 563/563 558/558 562/562
f 559/559 562/562 558/558
f 564/564 563/563 553/553
f 562/562 553/553 563/563
f 566/566 565/565 567/567
f 568/568 567/567 565/565
f 567/567 569/569 566/566
f 570/570 566/566 569/569
f 556/556 571/571 555/555
f 572/572 555/555 571/571
f 561/561 560/560 556/556
f 571/571 556/556 560/560
f 560/560 557/557 571/571
f 573/573 571/571 557/557
f 575/575 574/574 309/309
f 308/308 309/309 574/574
f 470/470 311/311 473/473
f 312/312 473/473 311/311
f 481/481 313/313 470/470
f 311/311 470/470 313/313
f 577/577 576/576 578/578
f 579/579 578/578 576/576
f 322/322 580/580 321/321
f 582/582 581/581 583/583
f 584/584 579/579 585/585
f 576/576 585/585 579/579
f 587/587 586/586 533/533
f 530/530 533/533 586/586
f 329/329 479/479 328/328
f 476/476 328/328 479/479
f 309/309 198/198 575/575
f 468/468 575/575 198/198
f 328/328 476/476 330/330
f 507/507 330/330 476/476
f 312/312 308/308 473/473
f 574/574 473/473 308/308
f 550/550 545/545 549/549
f 544/544 549/549 545/545
f 588/588 519/519 589/589
f 520/520 589/589 519/519
f 590/590 519/519 591/591
f 588/588 591/591 519/519
f 591/591 335/335 590/590
f 336/336 590/590 335/335
f 340/340 337/337 592/592
f 593/593 592/592 337/337
f 594/594 341/341 595/595
f 342/342 595/595 341/341
f 596/596 345/345 597/597
f 346/346 597/597 345/345
f 350/350 313/313 598/598
f 481/481 598/598 313/313
f 480/480 599/599 481/481
f 598/598 481/481 599/599
f 355/355 600/600 354/354
f 601/601 354/354 600/600
f 603/603 602/602 604/604
f 605/605 604/604 602/602
f 607/607 606/606 608/608
f 603/603 608/608 606/606
f 605/605 609/609 610/610
f 504/504 610/610 609/609
f 610/610 611/611 605/605
f 604/604 605/605 611/611
f 612/612 609/609 602/602
f 605/605 602/602 609/609
f 602/602 613/613 612/612
f 614/614 612/612 613/613
f 610/610 615/615 611/611
f 616/616 611/611 615/615
f 504/504 496/496 610/610
f 615/615 610/610 496/496
f 618/618 617/617 619/619
f 620/620 619/619 617/617
f 622/622 621/621 623/623
f 624/624 623/623 621/621
f 625/625 620/620 626/626
f 617/617 626/626 620/620
f 624/624 621/621 619/619
f 618/618 619/619 621/621
f 625/625 626/626 627/627
f 628/628 627/627 626/626
f 627/627 628/628 623/623
f 622/622 623/623 628/628
f 630/630 629/629 631/631
f 632/632 631/631 629/629
f 634/634 633/633 635/635
f 636/636 635/635 633/633
f 638/638 637/637 639/639
f 640/640 639/639 637/637
f 642/642 641/641 643/643
f 644/644 643/643 641/641
f 646/646 645/645 647/647
f 648/648 647/647 645/645
f 650/650 649/649 641/641
f 644/644 641/641 649/649
f 646/646 647/647 651/651
f 652/652 651/651 647/647
f 653/653 631/631 654/654
f 632/632 654/654 631/631
f 655/655 636/636 656/656
f 657/657 656/656 636/636
f 658/658 653/653 659/659
f 654/654 659/659 653/653
f 661/661 660/660 656/656
f 655/655 656/656 660/660
f 663/663 662/662 664/664
f 665/665 664/664 662/662
f 663/663 666/666 662/662
f 667/667 662/662 666/666
f 668/668 655/655 669/669
f 660/660 669/669 655/655
f 671/671 670/670 672/672
f 673/673 672/672 670/670
f 668/668 635/635 655/655
f 636/636 655/655 635/635
f 671/671 672/672 674/674
f 675/675 674/674 672/672
f 677/677 676/676 678/678
f 679/679 678/678 676/676
f 681/681 680/680 682/682
f 683/683 682/682 680/680
f 683/683 680/680 637/637
f 640/640 637/637 680/680
f 685/685 684/684 686/686
f 687/687 686/686 684/684
f 685/685 686/686 688/688
f 689/689 688/688 686/686
f 657/657 636/636 690/690
f 633/633 690/690 636/636
f 686/686 691/691 689/689
f 692/692 689/689 691/691
f 607/607 608/608 693/693
f 694/694 693/693 608/608
f 689/689 695/695 688/688
f 696/696 688/688 695/695
f 698/698 697/697 699/699
f 700/700 699/699 697/697
f 687/687 684/684 697/697
f 700/700 697/697 684/684
f 698/698 699/699 695/695
f 696/696 695/695 699/699
f 686/686 687/687 691/691
f 604/604 691/691 687/687
f 611/611 616/616 691/691
f 692/692 691/691 616/616
f 613/613 602/602 606/606
f 603/603 606/606 602/602
f 695/695 689/689 701/701
f 692/692 701/701 689/689
f 703/703 702/702 704/704
f 705/705 704/704 702/702
f 706/706 704/704 707/707
f 705/705 707/707 704/704
f 709/709 708/708 707/707
f 706/706 707/707 708/708
f 709/709 710/710 708/708
f 711/711 708/708 710/710
f 710/710 712/712 711/711
f 713/713 711/711 712/712
f 702/702 703/703 712/712
f 713/713 712/712 703/703
f 701/701 693/693 695/695
f 698/698 695/695 693/693
f 693/693 694/694 698/698
f 697/697 698/698 694/694
f 694/694 604/604 697/697
f 687/687 697/697 604/604
f 715/715 714/714 716/716
f 717/717 716/716 714/714
f 716/716 717/717 718/718
f 719/719 718/718 717/717
f 718/718 719/719 720/720
f 721/721 720/720 719/719
f 720/720 721/721 722/722
f 723/723 722/722 721/721
f 722/722 723/723 724/724
f 725/725 724/724 723/723
f 724/724 725/725 715/715
f 714/714 715/715 725/725
f 726/726 715/715 727/727
f 716/716 727/727 715/715
f 727/727 716/716 728/728
f 718/718 728/728 716/716
f 728/728 718/718 729/729
f 720/720 729/729 718/718
f 729/729 720/720 730/730
f 722/722 730/730 720/720
f 730/730 722/722 731/731
f 724/724 731/731 722/722
f 731/731 724/724 726/726
f 715/715 726/726 724/724
f 733/733 732/732 734/734
f 735/735 734/734 732/732
f 734/734 735/735 736/736
f 737/737 736/736 735/735
f 733/733 738/738 732/732
f 739/739 732/732 738/738
f 738/738 740/740 739/739
f 741/741 739/739 740/740
f 743/743 742/742 744/744
f 745/745 744/744 742/742
f 747/747 746/746 748/748
f 749/749 748/748 746/746
f 751/751 750/750 752/752
f 753/753 752/752 750/750
f 755/755 754/754 756/756
f 745/745 756/756 754/754
f 758/758 757/757 759/759
f 760/760 759/759 757/757
f 762/762 761/761 749/749
f 748/748 749/749 761/761
f 745/745 747/747 744/744
f 763/763 744/744 747/747
f 764/764 752/752 765/765
f 753/753 765/765 752/752
f 766/766 764/764 763/763
f 765/765 763/763 764/764
f 768/768 767/767 769/769
f 770/770 769/769 767/767
f 772/772 771/771 751/751
f 750/750 751/751 771/771
f 753/753 773/773 765/765
f 743/743 765/765 773/773
f 775/775 774/774 776/776
f 777/777 776/776 774/774
f 772/772 751/751 767/767
f 770/770 767/767 751/751
f 779/779 778/778 780/780
f 781/781 780/780 778/778
f 783/783 782/782 784/784
f 785/785 784/784 782/782
f 787/787 786/786 788/788
f 789/789 788/788 786/786
f 791/791 790/790 792/792
f 793/793 792/792 790/790
f 783/783 794/794 795/795
f 796/796 795/795 794/794
f 798/798 797/797 799/799
f 800/800 799/799 797/797
f 788/788 801/801 787/787
f 802/802 787/787 801/801
f 803/803 789/789 784/784
f 783/783 784/784 789/789
f 791/791 792/792 804/804
f 805/805 804/804 792/792
f 804/804 805/805 803/803
f 806/806 803/803 805/805
f 807/807 767/767 808/808
f 768/768 808/808 767/767
f 790/790 771/771 793/793
f 772/772 793/793 771/771
f 785/785 773/773 804/804
f 791/791 804/804 773/773
f 810/810 809/809 776/776
f 775/775 776/776 809/809
f 807/807 793/793 767/767
f 772/772 767/767 793/793
f 811/811 778/778 812/812
f 779/779 812/812 778/778
f 814/814 813/813 815/815
f 816/816 815/815 813/813
f 815/815 817/817 814/814
f 818/818 814/814 817/817
f 820/820 819/819 817/817
f 818/818 817/817 819/819
f 820/820 821/821 819/819
f 822/822 819/819 821/821
f 824/824 823/823 825/825
f 826/826 825/825 823/823
f 823/823 827/827 826/826
f 828/828 826/826 827/827
f 829/829 824/824 830/830
f 825/825 830/830 824/824
f 816/816 813/813 831/831
f 832/832 831/831 813/813
f 834/834 833/833 832/832
f 831/831 832/832 833/833
f 834/834 835/835 833/833
f 836/836 833/833 835/835
f 822/822 821/821 835/835
f 836/836 835/835 821/821
f 838/838 837/837 839/839
f 840/840 839/839 837/837
f 842/842 841/841 838/838
f 837/837 838/838 841/841
f 839/839 840/840 830/830
f 829/829 830/830 840/840
f 844/844 843/843 845/845
f 847/847 846/846 848/848
f 850/850 849/849 851/851
f 848/848 846/846 852/852
f 850/850 843/843 849/849
f 850/850 853/853 845/845
f 855/855 854/854 856/856
f 850/850 857/857 853/853
f 846/846 858/858 852/852
f 855/855 856/856 852/852
f 843/843 850/850 845/845
f 846/846 847/847 858/858
f 852/852 858/858 855/855
f 848/848 852/852 859/859
f 856/856 860/860 859/859
f 852/852 856/856 859/859
f 862/862 861/861 863/863
f 865/865 864/864 866/866
f 868/868 867/867 869/869
f 870/870 864/864 865/865
f 867/867 861/861 869/869
f 862/862 871/871 869/869
f 873/873 872/872 874/874
f 871/871 875/875 869/869
f 870/870 876/876 864/864
f 870/870 873/873 874/874
f 862/862 869/869 861/861
f 876/876 866/866 864/864
f 874/874 876/876 870/870
f 877/877 870/870 865/865
f 877/877 878/878 873/873
f 877/877 873/873 870/870
f 880/880 879/879 881/881
f 883/883 882/882 884/884
f 882/882 880/880 884/884
f 40/40 885/885 886/886
f 40/40 41/41 885/885
f 887/887 886/886 28/28
f 888/888 62/62 57/57
f 62/62 888/888 889/889
f 890/890 880/880 881/881
f 883/883 891/891 892/892
f 890/890 893/893 894/894
f 8/8 5/5 3/3
f 21/21 895/895 896/896
f 3/3 897/897 2/2
f 887/887 28/28 29/29
f 10/10 898/898 9/9
f 24/24 899/899 23/23
f 11/11 30/30 14/14
f 901/901 900/900 25/25
f 892/892 879/879 882/882
f 49/49 46/46 899/899
f 902/902 2/2 897/897
f 21/21 6/6 31/31
f 21/21 896/896 6/6
f 43/43 47/47 44/44
f 54/54 46/46 47/47
f 880/880 894/894 884/884
f 3/3 4/4 8/8
f 903/903 5/5 6/6
f 24/24 896/896 899/899
f 25/25 26/26 901/901
f 3/3 5/5 897/897
f 895/895 899/899 896/896
f 897/897 903/903 25/25
f 900/900 901/901 904/904
f 25/25 903/903 24/24
f 20/20 27/27 19/19
f 23/23 899/899 46/46
f 897/897 25/25 900/900
f 6/6 24/24 903/903
f 31/31 6/6 7/7
f 24/24 6/6 896/896
f 58/58 904/904 54/54
f 903/903 897/897 5/5
f 22/22 895/895 21/21
f 894/894 880/880 890/890
f 905/905 898/898 10/10
f 47/47 43/43 54/54
f 44/44 47/47 48/48
f 902/902 897/897 900/900
f 907/907 906/906 908/908
f 910/910 909/909 908/908
f 909/909 907/907 908/908
f 900/900 904/904 905/905
f 883/883 892/892 882/882
f 882/882 879/879 880/880
f 40/40 886/886 887/887
f 912/912 911/911 913/913
f 915/915 914/914 916/916
f 915/915 913/913 914/914
f 918/918 917/917 40/40
f 917/917 88/88 40/40
f 82/82 918/918 887/887
f 98/98 99/99 919/919
f 889/889 919/919 62/62
f 912/912 913/913 920/920
f 922/922 921/921 916/916
f 924/924 923/923 920/920
f 65/65 67/67 8/8
f 926/926 925/925 76/76
f 66/66 927/927 65/65
f 29/29 82/82 887/887
f 9/9 898/898 69/69
f 929/929 928/928 930/930
f 77/77 931/931 80/80
f 14/14 30/30 70/70
f 79/79 932/932 930/930
f 914/914 911/911 922/922
f 931/931 91/91 92/92
f 927/927 66/66 933/933
f 31/31 68/68 76/76
f 68/68 926/926 76/76
f 90/90 94/94 89/89
f 94/94 91/91 97/97
f 915/915 924/924 913/913
f 8/8 4/4 65/65
f 68/68 67/67 934/934
f 931/931 926/926 80/80
f 930/930 78/78 79/79
f 927/927 67/67 65/65
f 926/926 931/931 925/925
f 79/79 934/934 927/927
f 929/929 930/930 932/932
f 80/80 934/934 79/79
f 74/74 81/81 20/20
f 91/91 931/931 77/77
f 929/929 97/97 928/928
f 932/932 79/79 927/927
f 934/934 80/80 68/68
f 7/7 68/68 31/31
f 926/926 68/68 80/80
f 97/97 929/929 100/100
f 67/67 927/927 934/934
f 76/76 925/925 75/75
f 920/920 913/913 924/924
f 69/69 898/898 935/935
f 97/97 89/89 94/94
f 93/93 94/94 90/90
f 932/932 927/927 933/933
f 937/937 936/936 938/938
f 937/937 939/939 940/940
f 937/937 938/938 939/939
f 935/935 929/929 932/932
f 914/914 922/922 916/916
f 913/913 911/911 914/914
f 887/887 918/918 40/40
f 125/125 126/126 941/941
f 156/156 125/125 941/941
f 160/160 133/133 135/135
f 176/176 177/177 178/178
f 194/194 156/156 941/941
f 126/126 194/194 941/941
f 99/99 62/62 919/919
f 56/56 888/888 57/57
f 942/942 54/54 904/904
f 904/904 901/901 942/942
f 944/944 943/943 201/201
f 210/210 211/211 209/209
f 317/317 945/945 316/316
f 294/294 295/295 292/292
f 295/295 291/291 292/292
f 943/943 200/200 201/201
f 204/204 205/205 946/946
f 206/206 203/203 323/323
f 947/947 197/197 948/948
f 213/213 949/949 216/216
f 943/943 950/950 310/310
f 213/213 214/214 951/951
f 943/943 310/310 307/307
f 323/323 213/213 206/206
f 223/223 224/224 952/952
f 237/237 953/953 954/954
f 944/944 950/950 943/943
f 956/956 955/955 957/957
f 197/197 950/950 948/948
f 950/950 197/197 310/310
f 229/229 230/230 234/234
f 368/368 958/958 234/234
f 234/234 958/958 233/233
f 952/952 224/224 958/958
f 222/222 233/233 224/224
f 225/225 228/228 231/231
f 960/960 959/959 961/961
f 225/225 240/240 236/236
f 220/220 225/225 231/231
f 225/225 226/226 240/240
f 206/206 953/953 205/205
f 238/238 953/953 237/237
f 952/952 958/958 368/368
f 224/224 233/233 958/958
f 366/366 363/363 952/952
f 368/368 366/366 952/952
f 234/234 230/230 368/368
f 201/201 237/237 962/962
f 962/962 237/237 954/954
f 363/363 235/235 239/239
f 225/225 236/236 228/228
f 206/206 951/951 953/953
f 213/213 951/951 206/206
f 963/963 285/285 278/278
f 263/263 243/243 244/244
f 253/253 254/254 964/964
f 965/965 280/280 966/966
f 275/275 242/242 279/279
f 280/280 965/965 248/248
f 334/334 252/252 249/249
f 968/968 967/967 251/251
f 271/271 967/967 270/270
f 250/250 268/268 276/276
f 241/241 275/275 258/258
f 275/275 241/241 242/242
f 250/250 251/251 967/967
f 965/965 334/334 249/249
f 969/969 963/963 260/260
f 244/244 255/255 259/259
f 254/254 264/264 964/964
f 264/264 274/274 964/964
f 244/244 241/241 255/255
f 969/969 257/257 266/266
f 256/256 257/257 969/969
f 255/255 241/241 258/258
f 275/275 965/965 249/249
f 967/967 271/271 250/250
f 268/268 271/271 272/272
f 250/250 271/271 268/268
f 334/334 965/965 336/336
f 260/260 963/963 278/278
f 244/244 259/259 277/277
f 969/969 260/260 256/256
f 275/275 276/276 258/258
f 336/336 965/965 966/966
f 275/275 279/279 965/965
f 248/248 965/965 279/279
f 267/267 268/268 272/272
f 970/970 302/302 303/303
f 971/971 289/289 972/972
f 971/971 973/973 974/974
f 975/975 305/305 976/976
f 975/975 304/304 305/305
f 971/971 972/972 973/973
f 973/973 977/977 974/974
f 978/978 289/289 286/286
f 979/979 282/282 283/283
f 979/979 980/980 282/282
f 980/980 262/262 282/282
f 981/981 979/979 283/283
f 981/981 283/283 284/284
f 326/326 261/261 262/262
f 980/980 326/326 262/262
f 286/286 297/297 982/982
f 213/213 323/323 949/949
f 947/947 948/948 983/983
f 947/947 984/984 196/196
f 197/197 947/947 196/196
f 947/947 983/983 984/984
f 286/286 982/982 978/978
f 985/985 304/304 975/975
f 304/304 985/985 306/306
f 976/976 305/305 986/986
f 972/972 289/289 978/978
f 327/327 987/987 273/273
f 265/265 327/327 273/273
f 968/968 270/270 967/967
f 280/280 281/281 966/966
f 988/988 272/272 989/989
f 305/305 990/990 991/991
f 990/990 289/289 991/991
f 993/993 992/992 994/994
f 995/995 993/993 994/994
f 332/332 996/996 331/331
f 997/997 331/331 996/996
f 968/968 251/251 331/331
f 968/968 331/331 997/997
f 999/999 998/998 1000/1000
f 351/351 209/209 211/211
f 338/338 339/339 1000/1000
f 1001/1001 344/344 1002/1002
f 999/999 348/348 998/998
f 1003/1003 968/968 997/997
f 996/996 332/332 1004/1004
f 339/339 1005/1005 1000/1000
f 1005/1005 999/999 1000/1000
f 343/343 344/344 1001/1001
f 1007/1007 1006/1006 1008/1008
f 353/353 1009/1009 352/352
f 323/323 203/203 322/322
f 944/944 201/201 962/962
f 943/943 307/307 200/200
f 210/210 202/202 211/211
f 347/347 348/348 999/999
f 446/446 455/455 370/370
f 361/361 358/358 359/359
f 455/455 362/362 360/360
f 227/227 369/369 230/230
f 358/358 445/445 365/365
f 367/367 368/368 230/230
f 230/230 369/369 455/455
f 367/367 230/230 455/455
f 455/455 369/369 370/370
f 367/367 455/455 360/360
f 1010/1010 428/428 1011/1011
f 394/394 391/391 389/389
f 1012/1012 394/394 390/390
f 393/393 394/394 1012/1012
f 1014/1014 1013/1013 1015/1015
f 1016/1016 1011/1011 1017/1017
f 397/397 398/398 1018/1018
f 1019/1019 1017/1017 1011/1011
f 1021/1021 1020/1020 1022/1022
f 429/429 1011/1011 428/428
f 429/429 1019/1019 1011/1011
f 1011/1011 1016/1016 1010/1010
f 1023/1023 433/433 430/430
f 394/394 389/389 390/390
f 448/448 362/362 455/455
f 358/358 361/361 447/447
f 472/472 1024/1024 1025/1025
f 478/478 480/480 477/477
f 578/578 1026/1026 577/577
f 559/559 561/561 562/562
f 559/559 560/560 561/561
f 472/472 473/473 1024/1024
f 946/946 475/475 204/204
f 580/580 203/203 474/474
f 1027/1027 468/468 1028/1028
f 483/483 1029/1029 482/482
f 575/575 1030/1030 1024/1024
f 1031/1031 485/485 482/482
f 574/574 575/575 1024/1024
f 474/474 482/482 580/580
f 1032/1032 492/492 493/493
f 1034/1034 1033/1033 506/506
f 1024/1024 1030/1030 1025/1025
f 1036/1036 1035/1035 1037/1037
f 1027/1027 1030/1030 468/468
f 575/575 468/468 1030/1030
f 502/502 497/497 498/498
f 502/502 1038/1038 614/614
f 503/503 1038/1038 502/502
f 1038/1038 492/492 1032/1032
f 492/492 503/503 491/491
f 501/501 499/499 495/495
f 1040/1040 1039/1039 1041/1041
f 505/505 509/509 495/495
f 501/501 495/495 487/487
f 509/509 494/494 495/495
f 475/475 1033/1033 474/474
f 506/506 1033/1033 507/507
f 614/614 1038/1038 1032/1032
f 1038/1038 503/503 492/492
f 1032/1032 609/609 612/612
f 1032/1032 612/612 614/614
f 614/614 497/497 502/502
f 1042/1042 506/506 472/472
f 1034/1034 506/506 1042/1042
f 508/508 504/504 609/609
f 499/499 505/505 495/495
f 1033/1033 1031/1031 474/474
f 474/474 1031/1031 482/482
f 545/545 551/551 1043/1043
f 511/511 512/512 531/531
f 1044/1044 522/522 523/523
f 966/966 548/548 1045/1045
f 546/546 513/513 543/543
f 515/515 1045/1045 548/548
f 518/518 519/519 590/590
f 520/520 1046/1046 968/968
f 270/270 1046/1046 539/539
f 542/542 536/536 521/521
f 525/525 543/543 510/510
f 513/513 510/510 543/543
f 1046/1046 520/520 521/521
f 518/518 590/590 1045/1045
f 529/529 1043/1043 1047/1047
f 528/528 524/524 511/511
f 1044/1044 534/534 522/522
f 1044/1044 541/541 534/534
f 524/524 510/510 511/511
f 535/535 526/526 1047/1047
f 1047/1047 526/526 527/527
f 525/525 510/510 524/524
f 518/518 1045/1045 543/543
f 521/521 539/539 1046/1046
f 538/538 539/539 536/536
f 536/536 539/539 521/521
f 336/336 1045/1045 590/590
f 545/545 1043/1043 529/529
f 544/544 528/528 511/511
f 527/527 529/529 1047/1047
f 525/525 542/542 543/543
f 966/966 1045/1045 336/336
f 1045/1045 546/546 543/543
f 546/546 1045/1045 515/515
f 538/538 536/536 537/537
f 570/570 569/569 1048/1048
f 1049/1049 554/554 1050/1050
f 1052/1052 1051/1051 1050/1050
f 1053/1053 572/572 1054/1054
f 572/572 571/571 1054/1054
f 1051/1051 1049/1049 1050/1050
f 1052/1052 1055/1055 1051/1051
f 553/553 554/554 1056/1056
f 550/550 549/549 1057/1057
f 549/549 1058/1058 1057/1057
f 549/549 532/532 1058/1058
f 550/550 1057/1057 1059/1059
f 552/552 550/550 1059/1059
f 532/532 530/530 586/586
f 532/532 586/586 1058/1058
f 1060/1060 564/564 553/553
f 1029/1029 580/580 482/482
f 1061/1061 1027/1027 1028/1028
f 469/469 1062/1062 1028/1028
f 469/469 1028/1028 468/468
f 1062/1062 1061/1061 1028/1028
f 1056/1056 1060/1060 553/553
f 1054/1054 571/571 1063/1063
f 573/573 1063/1063 571/571
f 1064/1064 572/572 1053/1053
f 1056/1056 554/554 1049/1049
f 540/540 1065/1065 587/587
f 540/540 587/587 533/533
f 1046/1046 270/270 968/968
f 966/966 547/547 548/548
f 989/989 538/538 988/988
f 1067/1067 1066/1066 572/572
f 1067/1067 554/554 1066/1066
f 1069/1069 1068/1068 1070/1070
f 1069/1069 1070/1070 1071/1071
f 589/589 1072/1072 588/588
f 1072/1072 589/589 1073/1073
f 589/589 520/520 968/968
f 1073/1073 589/589 968/968
f 1075/1075 1074/1074 1076/1076
f 480/480 478/478 599/599
f 1075/1075 592/592 593/593
f 1077/1077 594/594 1078/1078
f 1074/1074 596/596 1076/1076
f 1073/1073 968/968 1003/1003
f 1079/1079 588/588 1072/1072
f 1075/1075 1080/1080 592/592
f 1075/1075 1076/1076 1080/1080
f 1078/1078 594/594 595/595
f 1008/1008 1081/1081 1007/1007
f 600/600 1082/1082 601/601
f 322/322 203/203 580/580
f 1042/1042 472/472 1025/1025
f 473/473 574/574 1024/1024
f 480/480 471/471 477/477
f 1076/1076 596/596 597/597
f 616/616 701/701 692/692
f 603/603 604/604 608/608
f 606/606 607/607 701/701
f 497/497 615/615 496/496
f 611/611 691/691 604/604
f 497/497 614/614 613/613
f 701/701 615/615 497/497
f 701/701 497/497 613/613
f 616/616 615/615 701/701
f 606/606 701/701 613/613
f 1083/1083 675/675 1084/1084
f 635/635 637/637 638/638
f 634/634 638/638 1085/1085
f 1085/1085 638/638 639/639
f 1087/1087 1086/1086 1088/1088
f 1089/1089 1083/1083 1090/1090
f 1091/1091 642/642 643/643
f 1083/1083 1089/1089 1092/1092
f 1094/1094 1093/1093 1095/1095
f 675/675 1083/1083 674/674
f 1083/1083 1092/1092 674/674
f 1084/1084 1090/1090 1083/1083
f 676/676 677/677 1096/1096
f 634/634 635/635 638/638
f 701/701 607/607 693/693
f 694/694 608/608 604/604
f 1097/1097 717/717 714/714
f 1097/1097 719/719 717/717
f 1097/1097 721/721 719/719
f 1097/1097 723/723 721/721
f 1097/1097 725/725 723/723
f 1097/1097 714/714 725/725
f 1098/1098 726/726 727/727
f 1098/1098 727/727 728/728
f 1098/1098 728/728 729/729
f 1098/1098 729/729 730/730
f 1098/1098 730/730 731/731
f 1098/1098 731/731 726/726
f 1100/1100 1099/1099 1101/1101
f 1102/1102 1100/1100 1103/1103
f 1104/1104 737/737 1105/1105
f 1099/1099 1106/1106 1101/1101
f 1107/1107 1100/1100 1101/1101
f 1100/1100 1107/1107 1103/1103
f 1102/1102 1103/1103 1108/1108
f 736/736 737/737 1104/1104
f 1110/1110 1109/1109 1099/1099
f 1112/1112 1111/1111 1110/1110
f 1114/1114 1113/1113 741/741
f 1099/1099 1109/1109 1106/1106
f 1115/1115 1109/1109 1110/1110
f 1110/1110 1111/1111 1115/1115
f 1112/1112 1116/1116 1111/1111
f 740/740 1114/1114 741/741
f 1118/1118 1117/1117 1119/1119
f 1117/1117 1118/1118 1120/1120
f 1120/1120 1118/1118 1121/1121
f 765/765 744/744 763/763
f 774/774 769/769 1122/1122
f 770/770 1122/1122 769/769
f 777/777 1122/1122 781/781
f 827/827 746/746 754/754
f 745/745 742/742 756/756
f 754/754 755/755 1123/1123
f 1124/1124 757/757 1125/1125
f 760/760 757/757 1126/1126
f 1126/1126 757/757 1124/1124
f 766/766 748/748 781/781
f 777/777 774/774 1122/1122
f 746/746 1127/1127 749/749
f 781/781 1128/1128 777/777
f 776/776 777/777 1128/1128
f 762/762 749/749 1129/1129
f 1127/1127 1129/1129 749/749
f 774/774 1130/1130 769/769
f 765/765 743/743 744/744
f 1130/1130 774/774 775/775
f 1127/1127 746/746 827/827
f 1131/1131 1129/1129 829/829
f 1122/1122 770/770 752/752
f 827/827 823/823 1127/1127
f 1129/1129 1127/1127 824/824
f 1128/1128 781/781 1132/1132
f 766/766 747/747 748/748
f 747/747 754/754 746/746
f 754/754 747/747 745/745
f 1129/1129 824/824 829/829
f 780/780 761/761 762/762
f 1133/1133 1129/1129 1131/1131
f 1133/1133 762/762 1129/1129
f 779/779 780/780 1133/1133
f 1132/1132 781/781 778/778
f 780/780 781/781 761/761
f 1122/1122 752/752 764/764
f 752/752 770/770 751/751
f 753/753 750/750 773/773
f 766/766 781/781 1122/1122
f 781/781 748/748 761/761
f 766/766 1122/1122 764/764
f 763/763 747/747 766/766
f 754/754 1123/1123 1134/1134
f 824/824 1127/1127 823/823
f 1135/1135 1121/1121 1118/1118
f 771/771 773/773 750/750
f 1130/1130 768/768 769/769
f 1133/1133 780/780 762/762
f 1137/1137 1136/1136 1138/1138
f 1139/1139 1138/1138 1136/1136
f 1140/1140 1138/1138 1139/1139
f 803/803 784/784 804/804
f 1141/1141 808/808 809/809
f 808/808 1141/1141 807/807
f 811/811 1141/1141 810/810
f 794/794 786/786 841/841
f 795/795 782/782 783/783
f 1142/1142 796/796 794/794
f 1143/1143 797/797 1144/1144
f 1145/1145 797/797 798/798
f 1144/1144 797/797 1145/1145
f 811/811 788/788 806/806
f 1141/1141 809/809 810/810
f 787/787 1146/1146 786/786
f 810/810 1128/1128 811/811
f 1128/1128 810/810 776/776
f 1147/1147 787/787 802/802
f 787/787 1147/1147 1146/1146
f 808/808 1130/1130 809/809
f 784/784 785/785 804/804
f 775/775 809/809 1130/1130
f 841/841 786/786 1146/1146
f 829/829 1147/1147 1131/1131
f 792/792 807/807 1141/1141
f 1146/1146 837/837 841/841
f 840/840 1146/1146 1147/1147
f 1132/1132 811/811 1128/1128
f 788/788 789/789 806/806
f 786/786 794/794 789/789
f 783/783 789/789 794/794
f 829/829 840/840 1147/1147
f 802/802 801/801 812/812
f 1131/1131 1147/1147 1133/1133
f 1147/1147 802/802 1133/1133
f 1133/1133 812/812 779/779
f 778/778 811/811 1132/1132
f 801/801 811/811 812/812
f 805/805 792/792 1141/1141
f 793/793 807/807 792/792
f 773/773 790/790 791/791
f 1141/1141 811/811 806/806
f 801/801 788/788 811/811
f 805/805 1141/1141 806/806
f 806/806 789/789 803/803
f 1148/1148 1142/1142 794/794
f 837/837 1146/1146 840/840
f 1138/1138 1140/1140 1149/1149
f 790/790 773/773 771/771
f 808/808 768/768 1130/1130
f 802/802 812/812 1133/1133

g youli
v -28.697350 -22.903020 180.642000
v -35.745060 -19.348840 185.876800
v -22.262320 -20.646560 194.979400
v -19.433000 -24.368030 184.901300
v -37.069970 -10.314180 189.848400
v -23.234520 -11.679000 198.961400
v -9.625247 -13.474580 202.540900
v -11.191340 -21.983260 197.817900
v -11.540340 -24.663730 188.078000
v -36.986420 -20.019900 186.109100
v -29.552830 -25.471170 180.506300
v -31.180930 -26.788810 176.192300
v -40.928750 -19.860920 184.674500
v -37.069970 -10.314180 189.848400
v -42.806610 -9.839593 188.705700
v -35.745060 -19.348840 185.876800
v -28.697350 -22.903020 180.642000
v -29.552830 -25.471170 180.506300
v -36.986420 -20.019900 186.109100
v -20.921700 -25.679700 181.082200
v -18.688310 -28.408770 174.450800
v -21.979660 -30.354670 176.570200
v -23.274260 -28.152720 180.781200
v -30.870290 -24.412880 174.287700
v -38.800350 -17.485040 182.513300
v -40.928750 -19.860920 184.674500
v -31.180930 -26.788810 176.192300
v -39.561980 -10.534230 184.386900
v -42.806610 -9.839593 188.705700
v -21.979660 -30.354670 176.570200
v -18.688310 -28.408770 174.450800
v -23.274260 -28.152720 180.781200
v -21.979660 -30.354670 176.570200
v -20.921700 -25.679700 181.082200
v -23.274260 -28.152720 180.781200
v -24.256210 -1.870641 177.858400
v -13.632260 -2.112486 183.633900
v -17.870370 -3.796076 194.019800
v -32.273930 -2.804328 184.519500
v -6.924950 -5.614497 196.885700
v -6.081671 -3.720618 186.885400
v -33.182480 -1.899185 184.543000
v -37.083180 -1.543124 183.082400
v -25.276430 1.173764 172.491500
v -24.038190 0.645034 177.049900
v -32.273930 -2.804328 184.519500
v -33.182480 -1.899185 184.543000
v -24.038190 0.645034 177.049900
v -24.256210 -1.870641 177.858400
v -15.627140 -0.605717 177.763700
v -16.895260 2.056927 176.783100
v -14.958040 2.898359 172.169300
v -12.690360 -0.003652 170.691600
v -26.039270 -1.534132 171.259800
v -25.276430 1.173764 172.491500
v -37.083180 -1.543124 183.082400
v -36.087070 -4.635489 180.812700
v -12.690360 -0.003652 170.691600
v -14.958040 2.898359 172.169300
v -16.895260 2.056927 176.783100
v -16.895260 2.056927 176.783100
v -15.627140 -0.605717 177.763700
v -39.561980 -10.534230 184.386900
v -38.800350 -17.485040 182.513300
v -43.268350 -17.497050 179.864100
v -44.751550 -10.267460 181.667300
v -40.511770 -4.442426 178.136500
v -36.087070 -4.635489 180.812700
v -37.069970 -10.314180 189.848400
v -20.921700 -25.679700 181.082200
v -15.627140 -0.605717 177.763700
v -37.490840 -21.259120 177.268100
v -31.086940 -12.712280 172.976700
v -43.268350 -17.497050 179.864100
v -37.490840 -21.259120 177.268100
v -44.751550 -10.267460 181.667300
v -31.086940 -12.712280 172.976700
v -37.569330 -22.604600 171.865900
v -30.870290 -24.412880 174.287700
v -31.086940 -12.712280 172.976700
v -37.490840 -21.259120 177.268100
v -37.569330 -22.604600 171.865900
v -30.870290 -24.412880 174.287700
v -37.569330 -22.604600 171.865900
v -33.549890 -2.595554 174.798100
v -33.549890 -2.595554 174.798100
v -40.511770 -4.442426 178.136500
v -26.039270 -1.534132 171.259800
v -31.086940 -12.712280 172.976700
v -26.039270 -1.534132 171.259800
v -33.339990 -2.575258 169.215100
v -31.086940 -12.712280 172.976700
v -33.339990 -2.575258 169.215100
v -33.549890 -2.595554 174.798100
v -33.339990 -2.575258 169.215100
v 28.697320 -22.902950 180.641900
v 19.432990 -24.367960 184.901300
v 22.262320 -20.646570 194.979400
v 35.745040 -19.348810 185.876800
v 23.234550 -11.679030 198.961500
v 37.069970 -10.314180 189.848400
v 11.191360 -21.983260 197.817900
v 9.625284 -13.474610 202.541000
v 11.540330 -24.663660 188.078000
v 36.986400 -20.019870 186.109000
v 40.928720 -19.860900 184.674400
v 31.180880 -26.788700 176.192200
v 29.552800 -25.471100 180.506200
v 37.069970 -10.314180 189.848400
v 42.806610 -9.839598 188.705700
v 35.745040 -19.348810 185.876800
v 36.986400 -20.019870 186.109000
v 29.552800 -25.471100 180.506200
v 28.697320 -22.902950 180.641900
v 20.921670 -25.679610 181.082100
v 23.274220 -28.152620 180.781100
v 21.979610 -30.354560 176.570100
v 18.688260 -28.408630 174.450800
v 30.870240 -24.412770 174.287700
v 31.180880 -26.788700 176.192200
v 40.928720 -19.860900 184.674400
v 38.800330 -17.484990 182.513300
v 42.806610 -9.839598 188.705700
v 39.561970 -10.534200 184.386900
v 18.688260 -28.408630 174.450800
v 21.979610 -30.354560 176.570100
v 21.979610 -30.354560 176.570100
v 23.274220 -28.152620 180.781100
v 23.274220 -28.152620 180.781100
v 20.921670 -25.679610 181.082100
v 24.256220 -1.870547 177.858500
v 32.273940 -2.804288 184.519500
v 17.870400 -3.796075 194.019900
v 13.632280 -2.112413 183.634000
v 6.924992 -5.614481 196.885800
v 6.081697 -3.720557 186.885500
v 33.182480 -1.899151 184.543100
v 24.038200 0.645132 177.050000
v 25.276420 1.173881 172.491600
v 37.083180 -1.543087 183.082500
v 32.273940 -2.804288 184.519500
v 24.256220 -1.870547 177.858500
v 24.038200 0.645132 177.050000
v 33.182480 -1.899151 184.543100
v 15.627140 -0.605605 177.763800
v 12.690350 -0.003495 170.691700
v 14.958040 2.898501 172.169400
v 16.895280 2.057035 176.783200
v 26.039260 -1.534001 171.259900
v 36.087060 -4.635432 180.812800
v 37.083180 -1.543087 183.082500
v 25.276420 1.173881 172.491600
v 12.690350 -0.003495 170.691700
v 16.895280 2.057035 176.783200
v 14.958040 2.898501 172.169400
v 15.627140 -0.605605 177.763800
v 16.895280 2.057035 176.783200
v 39.561970 -10.534200 184.386900
v 44.751530 -10.267430 181.667300
v 43.268330 -17.497000 179.864100
v 38.800330 -17.484990 182.513300
v 36.087060 -4.635432 180.812800
v 40.511760 -4.442362 178.136500
v 37.069970 -10.314180 189.848400
v 20.921670 -25.679610 181.082100
v 15.627140 -0.605605 177.763800
v 37.490790 -21.259040 177.268100
v 31.086910 -12.712160 172.976700
v 37.490790 -21.259040 177.268100
v 43.268330 -17.497000 179.864100
v 44.751530 -10.267430 181.667300
v 31.086910 -12.712160 172.976700
v 30.870240 -24.412770 174.287700
v 37.569270 -22.604480 171.865800
v 31.086910 -12.712160 172.976700
v 37.569270 -22.604480 171.865800
v 37.490790 -21.259040 177.268100
v 37.569270 -22.604480 171.865800
v 30.870240 -24.412770 174.287700
v 33.549870 -2.595460 174.798100
v 40.511760 -4.442362 178.136500
v 33.549870 -2.595460 174.798100
v 26.039260 -1.534001 171.259900
v 31.086910 -12.712160 172.976700
v 33.339960 -2.575118 169.215100
v 26.039260 -1.534001 171.259900
v 31.086910 -12.712160 172.976700
v 33.549870 -2.595460 174.798100
v 33.339960 -2.575118 169.215100
v 33.339960 -2.575118 169.215100
v -0.000029 -8.241997 210.789800
v 0.000020 -5.688887 205.836600
v 6.116135 -7.798917 205.044700
v 3.673739 -8.982208 210.764700
v 0.000027 0.116738 199.194100
v 8.967179 -2.566882 198.376000
v 9.278932 -12.725770 203.770000
v 13.529730 -9.492540 197.203600
v 0.000025 6.241811 186.359200
v 10.410120 3.141813 185.796900
v 17.660810 -2.606634 185.569000
v 0.000021 16.642300 177.338200
v 15.340770 12.735820 175.598700
v 24.901470 1.153174 175.382200
v 18.914390 38.067060 144.208400
v 0.000012 43.497260 147.919000
v 0.000005 62.409070 124.722300
v 14.107850 57.891520 121.516100
v 40.132680 29.312520 143.995100
v 29.109580 56.659180 123.555100
v 50.594040 47.884230 122.854100
v 34.397770 89.427920 99.853600
v 50.205500 72.009580 106.661000
v 56.411240 39.500320 117.564200
v 69.046280 23.327780 115.674700
v 49.719950 12.770970 141.433500
v 69.474510 62.279720 87.947220
v 76.326000 39.468520 92.809940
v 13.117690 24.417020 158.909600
v 0.000017 27.456270 159.780700
v 26.509160 16.701310 157.056300
v 34.292380 5.709951 156.159300
v -3.673701 -8.982208 210.764700
v -5.633876 -7.287535 205.136500
v -8.967146 -2.566883 198.376000
v -9.278888 -12.725770 203.770000
v -13.529690 -9.492549 197.203600
v -10.410080 3.141809 185.796900
v -17.660780 -2.606651 185.568900
v -15.340730 12.735810 175.598700
v -24.901610 1.153244 175.381900
v -18.914370 38.067060 144.208300
v -14.107830 57.891510 121.516100
v -40.132680 29.312500 143.994900
v -50.594060 47.884190 122.853900
v -29.109600 55.452640 123.554900
v -50.205540 72.009540 106.660700
v -34.397810 88.221380 99.853270
v -49.721710 12.771820 141.431500
v -69.046300 23.327730 115.674500
v -56.411260 39.500270 117.563900
v -76.326030 39.468440 92.809710
v -69.474560 62.279650 87.946910
v -13.117650 24.417000 158.909600
v -26.509130 16.701280 157.056200
v -34.292360 5.709933 156.159200
v -7.382997 -14.897730 208.855500
v -7.658115 -17.917790 208.356900
v -9.280721 -15.516390 203.383100
v -1.117925 18.489840 191.030100
v -9.160529 14.893900 191.469000
v -11.631020 28.595050 187.323300
v -5.571032 29.804530 187.193500
v -9.352827 5.134563 199.836500
v -1.241199 7.391297 199.744200
v 13.571940 6.539243 198.831100
v 7.039092 12.041460 202.827900
v 15.439370 22.250820 202.648200
v 20.809770 18.051740 198.773000
v 10.020890 -6.143307 203.163500
v 2.706608 -0.092863 206.650400
v 18.683000 30.468730 197.836000
v 22.450880 27.411080 195.091600
v 3.431445 7.812287 209.209900
v 5.044433 -2.658866 209.347400
v -1.283412 -0.228451 210.973500
v -0.238071 10.096420 210.404300
v -2.536347 -9.972887 216.767100
v -0.062715 -12.615200 216.589400
v -2.780164 -12.929210 216.024300
v -4.991745 -10.060750 216.206300
v -2.761864 -7.976389 218.587100
v -5.217262 -8.064250 218.026300
v -11.585730 6.072972 207.642000
v -15.142690 1.632975 204.248100
v -22.951000 11.731290 205.800900
v -21.189780 14.850990 207.957800
v -10.077400 -10.666280 206.105200
v -6.602980 -5.611969 209.539500
v -0.055451 -16.132430 217.665300
v -0.058295 -19.641340 216.971700
v -2.441344 -19.167220 216.602700
v -2.544388 -16.414810 217.230100
v -2.417565 -22.188200 215.418400
v -0.065784 -22.379540 215.644500
v -4.940575 -21.254400 214.605700
v -4.878240 -17.808920 215.923000
v -0.062716 -12.615200 216.589400
v -2.780165 -12.929210 216.024300
v -5.174604 -14.184170 215.088900
v -0.058298 -10.086880 214.405600
v -3.257186 -10.648420 213.979700
v 2.683714 -16.341640 217.153800
v 2.485043 -19.119080 216.585600
v 6.101821 -21.075050 208.964100
v 6.026908 -20.470300 211.735800
v 6.929038 -15.835110 211.255400
v 6.673769 -17.752650 208.870100
v 2.254846 -22.052060 215.371200
v 4.024318 -21.219110 214.936700
v 4.394402 -17.740270 216.114700
v 5.401011 -12.366100 212.939100
v 5.907091 -16.919500 213.717600
v 4.599437 -14.122530 215.374300
v 2.978912 -12.883840 216.236500
v 3.140590 -10.605580 214.067700
v -0.096410 -24.466780 213.449100
v -2.482716 -24.026550 213.118300
v -5.128187 -22.605930 212.241200
v 2.160268 -24.122410 213.305200
v 3.685461 -23.140140 212.828700
v 2.003677 -24.972450 211.285400
v -0.221881 -25.384740 211.223300
v 5.999562 -19.489510 205.556500
v 6.068253 -16.199020 204.497600
v 1.325741 -25.185420 208.380300
v -0.529400 -25.819560 207.281800
v -0.181328 -25.615010 208.648700
v -2.308756 -24.882180 210.476200
v -2.026382 -25.369890 207.721300
v -4.813591 -23.638640 209.205900
v -4.143723 -23.837190 206.216500
v -0.003125 -8.241997 210.789800
v 3.673739 -8.982208 210.764700
v -3.673701 -8.982208 210.764700
v 5.104878 -20.652660 205.193800
v 4.585683 -22.498160 208.485600
v 7.059307 -17.963910 197.782000
v 6.314400 -19.304340 204.716100
v 7.613227 -15.738840 205.831000
v 9.676367 -14.119990 199.690500
v 6.507189 -11.633120 206.742300
v 9.523244 -10.533160 200.987300
v 10.489020 -15.343260 192.770000
v 12.033390 -12.574910 195.240400
v 11.545230 -9.190577 196.185000
v 21.970200 -16.902640 206.692000
v 20.932420 -7.998763 210.066000
v 27.212910 -6.609738 205.076900
v 26.924990 -15.341110 203.204100
v 27.587220 -5.967599 196.226200
v 27.173190 -13.585160 196.976200
v 16.252360 -16.200540 205.953200
v 13.809240 -9.243361 208.572300
v 12.556070 -15.045120 200.100900
v 8.786304 -9.501606 201.050800
v 21.047470 1.160607 191.813600
v 24.085760 -4.595589 194.651200
v 23.222700 -3.813266 202.376500
v 18.380420 4.224988 199.930000
v 8.072583 -3.446698 205.302000
v 13.380040 2.483187 205.781500
v 18.930800 -4.981290 207.248600
v 13.373560 -7.090162 206.319500
v 6.128881 -7.545444 199.499900
v 10.765880 -9.144031 200.359800
v 4.271817 -18.534760 197.730900
v 3.471099 -18.506080 195.201000
v 4.115432 -14.954340 196.997400
v 4.688779 -14.954200 199.379500
v 2.915787 -10.558940 198.247300
v 3.872601 -10.801700 201.304800
v 0.000006 -8.914761 202.017800
v 0.000007 -9.073474 198.772500
v 1.504588 -22.029440 195.950700
v 6.033706 -19.758430 199.410900
v 4.119663 -24.653380 197.426200
v 6.302211 -14.657090 201.480000
v 4.748547 -9.781003 203.797800
v 0.000006 -7.173872 204.966600
v -4.271800 -18.534770 197.730900
v -4.688762 -14.954200 199.379500
v -4.115417 -14.954330 196.997400
v -3.471081 -18.506080 195.201000
v -3.872586 -10.801700 201.304800
v -2.915772 -10.558940 198.247300
v -1.504570 -22.029440 195.950700
v -4.119638 -24.653380 197.426200
v -6.033688 -19.758430 199.410900
v -6.302196 -14.657090 201.480000
v -4.748534 -9.781003 203.797800
v 26.930120 -4.174914 133.677400
v 39.931000 10.619130 111.230000
v 37.505180 -4.777648 103.713600
v 23.935780 -14.940950 127.555700
v 32.271060 25.624330 116.184200
v 20.166930 4.296997 137.548300
v 22.693800 -10.272960 144.567700
v 13.733250 -6.114939 154.836600
v 19.204390 -20.408960 141.333400
v 48.862950 53.718810 93.857030
v 56.274110 68.087330 72.950020
v 80.226820 55.101170 42.208290
v 60.573220 30.324330 86.391240
v 72.736200 21.069620 37.995740
v 58.440690 8.678406 76.593290
v 16.768870 6.880787 137.630100
v 19.836140 33.544380 118.083300
v 28.065660 65.820500 96.142810
v 46.398420 101.373200 48.813000
v 0.000083 -28.617540 33.589130
v 0.000068 -27.471280 63.483190
v 10.633570 -26.012910 63.573560
v 23.677390 -27.185330 39.266570
v 0.000055 -27.445150 92.134700
v 7.172071 -26.012940 92.134700
v 0.000043 -28.028070 118.848000
v 6.255847 -26.595850 118.848000
v 0.000035 -28.400830 138.547700
v 0.000030 -28.741640 149.000200
v 6.543670 -26.346660 151.653700
v 6.412136 -26.968620 138.547700
v -23.677230 -27.185340 39.266560
v -10.633440 -26.012930 63.573550
v -7.171963 -26.012940 92.134700
v -6.255762 -26.595860 118.848000
v -6.412069 -26.968630 138.547700
v -6.543617 -26.346670 151.653700
v -37.505140 -4.777704 103.713600
v -39.930970 10.619080 111.230100
v -26.930100 -4.174931 133.677400
v -23.935750 -14.940970 127.555800
v -32.271030 25.624290 116.184200
v -20.166910 4.296980 137.548300
v -22.693790 -10.272970 144.567700
v -13.733240 -6.114941 154.836600
v -19.204370 -20.408970 141.333500
v -80.226760 55.101030 42.208340
v -56.274060 68.087220 72.950050
v -48.862920 53.718730 93.857060
v -60.573180 30.324250 86.391280
v -72.736160 21.069480 37.995800
v -58.440650 8.678306 76.593350
v -19.836110 33.544350 118.083400
v -16.768850 6.880766 137.630200
v -28.065620 65.820420 96.142880
v -46.398350 101.373000 48.813080
v 16.644730 -23.098250 110.232400
v 12.020660 -26.161320 108.361800
v 10.267000 -26.302150 121.974300
v 15.250980 -23.486570 117.789500
v 17.143470 -18.109660 104.524900
v 13.469350 -16.773180 98.454250
v 12.020660 -26.161320 108.361800
v 7.188777 -22.922770 109.016000
v 6.610123 -23.326210 116.678000
v 10.267000 -26.302150 121.974300
v 13.469350 -16.773180 98.454250
v 8.332660 -17.946140 103.391500
v 0.000018 -34.530120 189.797000
v 6.123885 -31.949330 188.102600
v 5.142920 -31.702780 186.877100
v 0.000017 -33.839230 188.204800
v 10.242960 -26.297090 184.922500
v 8.728694 -27.332200 184.404400
v -5.142894 -31.702790 186.877100
v -6.123860 -31.949330 188.102600
v -8.728671 -27.332200 184.404400
v -10.242930 -26.297090 184.922500
v -10.266980 -26.302150 121.974300
v -12.020640 -26.161320 108.361800
v -16.644700 -23.098260 110.232400
v -15.250950 -23.486570 117.789500
v -17.143450 -18.109670 104.524900
v -13.469330 -16.773180 98.454250
v -6.610096 -23.326220 116.678000
v -7.188752 -22.922770 109.016000
v -12.020640 -26.161320 108.361800
v -10.266980 -26.302150 121.974300
v -13.469330 -16.773180 98.454250
v -8.332638 -17.946140 103.391500
v 7.224504 -14.897730 208.855500
v 6.372243 -11.622710 209.971500
v 0.000043 100.670700 95.017650
v -6.372202 -11.622710 209.971500
v -7.159199 46.353750 188.088600
v 0.000015 -5.688887 205.836600
v -5.634561 -7.288397 205.136300
v 3.673739 -8.992294 210.792300
v 27.188490 33.330710 185.756800
v -0.003126 -8.252083 210.817400
v 7.224504 -14.897730 208.855500
v 6.372244 -11.632800 209.999100
v -3.673701 -8.992294 210.792300
v 3.140590 -10.605580 214.067700
v -0.057891 -10.086950 214.405700
v 5.286850 19.021450 212.016100
v 5.401011 -12.366100 212.939100
v -3.257186 -10.648420 213.979700
v -6.577240 -7.641499 222.074300
v -6.439675 -12.873800 212.670400
v -26.970390 27.470320 204.366000
v -3.257186 -10.648420 213.979700
v -7.097470 -15.835030 211.204100
v -6.091642 -19.284030 213.349800
v 4.461874 -22.179630 211.695800
v 5.095406 -19.618390 213.900500
v 4.665343 -20.381860 201.431700
v 5.580418 -22.022110 210.797700
v -7.130511 -21.210270 207.787300
v -6.957913 -19.968100 210.468800
v -6.217857 -16.886940 213.772200
v -7.097471 -15.835030 211.204100
v 5.490053 -18.711250 200.558300
v 3.518167 -24.002790 210.816000
v -5.820294 -13.307150 212.868300
v -6.372202 -11.622710 209.971500
v 6.372243 -11.622710 209.971500
v -6.439675 -12.873800 212.670400
v -7.658115 -17.917790 208.356900
v -7.382997 -14.897730 208.855500
v -5.788450 -21.277480 201.420000
v -8.206190 -19.685820 203.421500
v -9.754980 -19.407250 197.013800
v -14.877430 -15.612820 194.707000
v -10.722860 -17.884280 198.742400
v -10.600520 -15.722600 199.205000
v -8.374187 -16.656040 204.070800
v 7.224504 -14.897730 208.855500
v 6.757240 -19.607810 209.048000
v 6.929038 -15.835110 211.255400
v 6.026908 -20.470300 211.735800
v 6.372243 -11.622710 209.971500
v 16.794850 -7.915397 190.066000
v 3.471099 -18.506080 195.201000
v 1.504588 -22.029440 195.950700
v 0.000010 -19.949240 193.743100
v -3.471081 -18.506080 195.201000
v 0.000010 -19.949240 193.743100
v -1.504570 -22.029440 195.950700
v 11.497780 -17.585320 160.845900
v 6.449867 -11.043810 162.279400
v 14.153800 -22.531080 151.880800
v 18.211680 -15.477600 155.608800
v 7.848119 -23.599410 160.318200
v 77.985810 23.094520 3.326837
v 0.000030 -28.741640 149.000200
v 0.000011 -28.552350 160.464200
v 4.261208 -27.374360 161.143800
v 8.749315 -24.029530 161.660000
v 6.543670 -26.346660 151.653700
v -4.261181 -27.374360 161.143800
v -6.543617 -26.346670 151.653700
v -8.749290 -24.029530 161.660000
v -6.449851 -11.043810 162.279400
v -11.497760 -17.585330 160.845900
v -18.211670 -15.477590 155.608900
v -14.153780 -22.531080 151.880800
v -7.848096 -23.599410 160.318200
v -77.985760 23.094330 3.326925
v 4.446095 -17.515020 110.833500
v 19.033860 -17.785740 112.710000
v 0.000018 -34.530120 189.797000
v 3.170282 -30.855010 192.597200
v 6.123885 -31.949330 188.102600
v 12.140260 -24.299990 187.115500
v 10.242960 -26.297090 184.922500
v 0.000011 -28.606630 196.250700
v 0.000015 -32.628490 193.789400
v 6.899577 -29.428600 191.018200
v -6.123860 -31.949330 188.102600
v -3.170254 -30.855010 192.597200
v -10.242930 -26.297090 184.922500
v -12.140240 -24.300000 187.115500
v -6.899552 -29.428600 191.018200
v -4.446075 -17.515020 110.833500
v -19.033840 -17.785740 112.710000
vt 0.668472 0.848675 0.000000
vt 0.737064 0.874419 0.000000
vt 0.737064 0.766362 0.000000
vt 0.668472 0.772501 0.000000
vt 0.794134 0.884789 0.000000
vt 0.794134 0.779045 0.000000
vt 0.794134 0.684594 0.000000
vt 0.737064 0.691823 0.000000
vt 0.668472 0.713961 0.000000
vt 0.737064 0.882077 0.000000
vt 0.662839 0.861830 0.000000
vt 0.650629 0.887124 0.000000
vt 0.737064 0.913814 0.000000
vt 0.794134 0.884789 0.000000
vt 0.794134 0.926566 0.000000
vt 0.737064 0.874419 0.000000
vt 0.668472 0.848675 0.000000
vt 0.662839 0.861830 0.000000
vt 0.737064 0.882077 0.000000
vt 0.632305 0.817662 0.000000
vt 0.584535 0.824283 0.000000
vt 0.599927 0.843875 0.000000
vt 0.628175 0.834949 0.000000
vt 0.640810 0.904798 0.000000
vt 0.729666 0.935879 0.000000
vt 0.737064 0.913814 0.000000
vt 0.650629 0.887124 0.000000
vt 0.794134 0.951538 0.000000
vt 0.794134 0.926566 0.000000
vt 0.599927 0.843875 0.000000
vt 0.577154 0.852420 0.000000
vt 0.628175 0.834949 0.000000
vt 0.599927 0.843875 0.000000
vt 0.632305 0.817662 0.000000
vt 0.628175 0.834949 0.000000
vt 0.668472 0.848675 0.000000
vt 0.668472 0.772501 0.000000
vt 0.737064 0.766362 0.000000
vt 0.737064 0.874419 0.000000
vt 0.737064 0.691823 0.000000
vt 0.668472 0.713961 0.000000
vt 0.737064 0.882077 0.000000
vt 0.737064 0.913814 0.000000
vt 0.650629 0.887124 0.000000
vt 0.662839 0.861830 0.000000
vt 0.737064 0.874419 0.000000
vt 0.737064 0.882077 0.000000
vt 0.662839 0.861830 0.000000
vt 0.668472 0.848675 0.000000
vt 0.632305 0.817662 0.000000
vt 0.628175 0.834949 0.000000
vt 0.599927 0.843875 0.000000
vt 0.584535 0.824283 0.000000
vt 0.640810 0.904798 0.000000
vt 0.650629 0.887124 0.000000
vt 0.737064 0.913814 0.000000
vt 0.729666 0.935879 0.000000
vt 0.577154 0.852420 0.000000
vt 0.599927 0.843875 0.000000
vt 0.628175 0.834949 0.000000
vt 0.628175 0.834949 0.000000
vt 0.632305 0.817662 0.000000
vt 0.794134 0.951538 0.000000
vt 0.729666 0.935879 0.000000
vt 0.729787 0.975863 0.000000
vt 0.794075 0.988250 0.000000
vt 0.729787 0.975864 0.000000
vt 0.729666 0.935879 0.000000
vt 0.794134 0.884789 0.000000
vt 0.632305 0.817662 0.000000
vt 0.632305 0.817662 0.000000
vt 0.683566 0.939633 0.000000
vt 0.528818 0.792053 0.000000
vt 0.571307 0.832653 0.000000
vt 0.574306 0.798451 0.000000
vt 0.548663 0.858090 0.000000
vt 0.528818 0.792053 0.000000
vt 0.573429 0.774304 0.000000
vt 0.554911 0.751742 0.000000
vt 0.528818 0.792053 0.000000
vt 0.574306 0.798451 0.000000
vt 0.573429 0.774304 0.000000
vt 0.640809 0.904798 0.000000
vt 0.649847 0.954407 0.000000
vt 0.683566 0.939633 0.000000
vt 0.574306 0.798450 0.000000
vt 0.571307 0.832653 0.000000
vt 0.640809 0.904798 0.000000
vt 0.528818 0.792053 0.000000
vt 0.554911 0.751742 0.000000
vt 0.573429 0.774304 0.000000
vt 0.528818 0.792053 0.000000
vt 0.573429 0.774304 0.000000
vt 0.574306 0.798450 0.000000
vt 0.649847 0.954407 0.000000
vt 0.668472 0.848675 0.000000
vt 0.668472 0.772501 0.000000
vt 0.737064 0.766362 0.000000
vt 0.737064 0.874419 0.000000
vt 0.794134 0.779045 0.000000
vt 0.794134 0.884789 0.000000
vt 0.737064 0.691823 0.000000
vt 0.794134 0.684594 0.000000
vt 0.668472 0.713961 0.000000
vt 0.737064 0.882077 0.000000
vt 0.737064 0.913814 0.000000
vt 0.650629 0.887124 0.000000
vt 0.662839 0.861830 0.000000
vt 0.794134 0.884789 0.000000
vt 0.794134 0.926566 0.000000
vt 0.737064 0.874419 0.000000
vt 0.737064 0.882077 0.000000
vt 0.662839 0.861830 0.000000
vt 0.668472 0.848675 0.000000
vt 0.632305 0.817662 0.000000
vt 0.628175 0.834949 0.000000
vt 0.599927 0.843875 0.000000
vt 0.584535 0.824283 0.000000
vt 0.640810 0.904798 0.000000
vt 0.650629 0.887124 0.000000
vt 0.737064 0.913814 0.000000
vt 0.729666 0.935879 0.000000
vt 0.794134 0.926566 0.000000
vt 0.794134 0.951538 0.000000
vt 0.577154 0.852420 0.000000
vt 0.599927 0.843875 0.000000
vt 0.599927 0.843875 0.000000
vt 0.628175 0.834949 0.000000
vt 0.628175 0.834949 0.000000
vt 0.632305 0.817662 0.000000
vt 0.668472 0.848675 0.000000
vt 0.737064 0.874419 0.000000
vt 0.737064 0.766362 0.000000
vt 0.668472 0.772501 0.000000
vt 0.737064 0.691823 0.000000
vt 0.668472 0.713961 0.000000
vt 0.737064 0.882077 0.000000
vt 0.662839 0.861830 0.000000
vt 0.650629 0.887124 0.000000
vt 0.737064 0.913814 0.000000
vt 0.737064 0.874419 0.000000
vt 0.668472 0.848675 0.000000
vt 0.662839 0.861830 0.000000
vt 0.737064 0.882077 0.000000
vt 0.632305 0.817662 0.000000
vt 0.584535 0.824283 0.000000
vt 0.599927 0.843875 0.000000
vt 0.628175 0.834949 0.000000
vt 0.640810 0.904798 0.000000
vt 0.729666 0.935879 0.000000
vt 0.737064 0.913814 0.000000
vt 0.650629 0.887124 0.000000
vt 0.577154 0.852420 0.000000
vt 0.628175 0.834949 0.000000
vt 0.599927 0.843875 0.000000
vt 0.632305 0.817662 0.000000
vt 0.628175 0.834949 0.000000
vt 0.794134 0.951538 0.000000
vt 0.794075 0.988250 0.000000
vt 0.729787 0.975863 0.000000
vt 0.729666 0.935879 0.000000
vt 0.729666 0.935879 0.000000
vt 0.729787 0.975864 0.000000
vt 0.794134 0.884789 0.000000
vt 0.632305 0.817662 0.000000
vt 0.632305 0.817662 0.000000
vt 0.683566 0.939633 0.000000
vt 0.528818 0.792053 0.000000
vt 0.574306 0.798451 0.000000
vt 0.571307 0.832653 0.000000
vt 0.548663 0.858090 0.000000
vt 0.528818 0.792053 0.000000
vt 0.554911 0.751742 0.000000
vt 0.573429 0.774304 0.000000
vt 0.528818 0.792053 0.000000
vt 0.573429 0.774304 0.000000
vt 0.574306 0.798451 0.000000
vt 0.649847 0.954407 0.000000
vt 0.640809 0.904798 0.000000
vt 0.683566 0.939633 0.000000
vt 0.571307 0.832653 0.000000
vt 0.574306 0.798450 0.000000
vt 0.640809 0.904798 0.000000
vt 0.528818 0.792053 0.000000
vt 0.573429 0.774304 0.000000
vt 0.554911 0.751742 0.000000
vt 0.528818 0.792053 0.000000
vt 0.574306 0.798450 0.000000
vt 0.573429 0.774304 0.000000
vt 0.649847 0.954407 0.000000
vt 0.658197 0.767776 0.000000
vt 0.658198 0.738841 0.000000
vt 0.624988 0.741653 0.000000
vt 0.639398 0.769226 0.000000
vt 0.658194 0.700037 0.000000
vt 0.615388 0.700326 0.000000
vt 0.595994 0.751115 0.000000
vt 0.578869 0.713609 0.000000
vt 0.658198 0.628247 0.000000
vt 0.606942 0.633733 0.000000
vt 0.566447 0.647622 0.000000
vt 0.658198 0.572363 0.000000
vt 0.590472 0.571594 0.000000
vt 0.533781 0.601154 0.000000
vt 0.576772 0.398226 0.000000
vt 0.658192 0.400507 0.000000
vt 0.658201 0.264999 0.000000
vt 0.599223 0.270151 0.000000
vt 0.477720 0.417160 0.000000
vt 0.547040 0.285494 0.000000
vt 0.453965 0.295900 0.000000
vt 0.547040 0.147132 0.000000
vt 0.473499 0.179721 0.000000
vt 0.407656 0.306101 0.000000
vt 0.335124 0.349369 0.000000
vt 0.415624 0.462032 0.000000
vt 0.344781 0.157379 0.000000
vt 0.290145 0.240607 0.000000
vt 0.598373 0.480224 0.000000
vt 0.658200 0.474047 0.000000
vt 0.531440 0.496147 0.000000
vt 0.481475 0.524875 0.000000
vt 0.639398 0.769226 0.000000
vt 0.624988 0.741653 0.000000
vt 0.615388 0.700326 0.000000
vt 0.595994 0.751115 0.000000
vt 0.578869 0.713609 0.000000
vt 0.606942 0.633733 0.000000
vt 0.566448 0.647622 0.000000
vt 0.590472 0.571595 0.000000
vt 0.533781 0.601154 0.000000
vt 0.576772 0.398226 0.000000
vt 0.599223 0.270151 0.000000
vt 0.477721 0.417160 0.000000
vt 0.453965 0.295900 0.000000
vt 0.547040 0.285494 0.000000
vt 0.473499 0.179721 0.000000
vt 0.547040 0.147132 0.000000
vt 0.415624 0.462032 0.000000
vt 0.335124 0.349369 0.000000
vt 0.407656 0.306101 0.000000
vt 0.290145 0.240652 0.000000
vt 0.344781 0.157379 0.000000
vt 0.598373 0.480224 0.000000
vt 0.531440 0.496147 0.000000
vt 0.481475 0.524875 0.000000
vt 0.605648 0.777748 0.000000
vt 0.593384 0.785330 0.000000
vt 0.585223 0.759598 0.000000
vt 0.260808 0.650371 0.000000
vt 0.246381 0.592725 0.000000
vt 0.349840 0.605546 0.000000
vt 0.349978 0.650371 0.000000
vt 0.150784 0.589828 0.000000
vt 0.161353 0.650371 0.000000
vt 0.396458 0.730484 0.000000
vt 0.384851 0.672117 0.000000
vt 0.305509 0.686526 0.000000
vt 0.312467 0.730483 0.000000
vt 0.483584 0.730484 0.000000
vt 0.469554 0.668406 0.000000
vt 0.252673 0.700377 0.000000
vt 0.250076 0.730484 0.000000
vt 0.219823 0.663401 0.000000
vt 0.141086 0.663401 0.000000
vt 0.161611 0.709642 0.000000
vt 0.237025 0.692961 0.000000
vt 0.847475 0.317190 0.000000
vt 0.892664 0.317190 0.000000
vt 0.876470 0.342660 0.000000
vt 0.836458 0.349178 0.000000
vt 0.813588 0.317190 0.000000
vt 0.803215 0.341280 0.000000
vt 0.250710 0.520852 0.000000
vt 0.242821 0.564043 0.000000
vt 0.335009 0.550004 0.000000
vt 0.344166 0.520852 0.000000
vt 0.149928 0.574955 0.000000
vt 0.161193 0.520852 0.000000
vt 0.428023 0.840688 0.000000
vt 0.428023 0.865876 0.000000
vt 0.413188 0.863734 0.000000
vt 0.412478 0.843455 0.000000
vt 0.413563 0.887062 0.000000
vt 0.428023 0.887459 0.000000
vt 0.394390 0.882243 0.000000
vt 0.394704 0.855062 0.000000
vt 0.428023 0.812933 0.000000
vt 0.407698 0.814837 0.000000
vt 0.386887 0.826320 0.000000
vt 0.428023 0.784000 0.000000
vt 0.397957 0.788474 0.000000
vt 0.448825 0.841934 0.000000
vt 0.447739 0.862722 0.000000
vt 0.516201 0.904021 0.000000
vt 0.494445 0.885626 0.000000
vt 0.516222 0.838294 0.000000
vt 0.534776 0.869740 0.000000
vt 0.446801 0.886365 0.000000
vt 0.461013 0.880813 0.000000
vt 0.462813 0.852672 0.000000
vt 0.487368 0.801296 0.000000
vt 0.487088 0.847455 0.000000
vt 0.468021 0.823018 0.000000
vt 0.452835 0.814295 0.000000
vt 0.460011 0.787280 0.000000
vt 0.428023 0.909807 0.000000
vt 0.411048 0.908663 0.000000
vt 0.386414 0.901362 0.000000
vt 0.448330 0.908945 0.000000
vt 0.464272 0.904514 0.000000
vt 0.450390 0.927513 0.000000
vt 0.428023 0.929441 0.000000
vt 0.559751 0.908618 0.000000
vt 0.590713 0.880098 0.000000
vt 0.446259 0.956849 0.000000
vt 0.425400 0.969008 0.000000
vt 0.428023 0.955395 0.000000
vt 0.407559 0.931858 0.000000
vt 0.401720 0.962138 0.000000
vt 0.376062 0.929217 0.000000
vt 0.361874 0.961451 0.000000
vt 0.428023 0.738319 0.000000
vt 0.478628 0.749156 0.000000
vt 0.377773 0.751685 0.000000
vt 0.555919 0.926829 0.000000
vt 0.509003 0.928453 0.000000
vt 0.847747 0.066381 0.000000
vt 0.924772 0.077680 0.000000
vt 0.924258 0.121219 0.000000
vt 0.847733 0.124154 0.000000
vt 0.923367 0.169671 0.000000
vt 0.852174 0.169672 0.000000
vt 0.778720 0.085550 0.000000
vt 0.788772 0.129883 0.000000
vt 0.793543 0.169672 0.000000
vt 0.032485 0.014228 0.000000
vt 0.104485 0.014228 0.000000
vt 0.104485 0.059028 0.000000
vt 0.032485 0.059028 0.000000
vt 0.104485 0.110004 0.000000
vt 0.032485 0.110004 0.000000
vt 0.032485 0.059028 0.000000
vt 0.104485 0.059028 0.000000
vt 0.032485 0.110004 0.000000
vt 0.104485 0.110004 0.000000
vt 0.104485 0.110004 0.000000
vt 0.032485 0.110004 0.000000
vt 0.032485 0.059028 0.000000
vt 0.104485 0.059028 0.000000
vt 0.104485 0.059028 0.000000
vt 0.104485 0.014228 0.000000
vt 0.032485 0.014228 0.000000
vt 0.032485 0.059028 0.000000
vt 0.104485 0.110004 0.000000
vt 0.032485 0.110004 0.000000
vt 0.875943 0.975117 0.000000
vt 0.881083 0.959871 0.000000
vt 0.854274 0.963304 0.000000
vt 0.854274 0.976255 0.000000
vt 0.823571 0.956147 0.000000
vt 0.827283 0.977067 0.000000
vt 0.807502 0.977067 0.000000
vt 0.807502 0.956003 0.000000
vt 0.901763 0.969586 0.000000
vt 0.877636 0.990417 0.000000
vt 0.904893 0.990417 0.000000
vt 0.854274 0.990417 0.000000
vt 0.822638 0.990417 0.000000
vt 0.807502 0.990417 0.000000
vt 0.875943 0.975117 0.000000
vt 0.854274 0.976255 0.000000
vt 0.854274 0.963304 0.000000
vt 0.881083 0.959871 0.000000
vt 0.827283 0.977067 0.000000
vt 0.823571 0.956147 0.000000
vt 0.901763 0.969586 0.000000
vt 0.904893 0.990417 0.000000
vt 0.877636 0.990417 0.000000
vt 0.854274 0.990417 0.000000
vt 0.822638 0.990417 0.000000
vt 0.175914 0.115879 0.000000
vt 0.196165 0.210084 0.000000
vt 0.246800 0.187754 0.000000
vt 0.213458 0.102093 0.000000
vt 0.140934 0.223039 0.000000
vt 0.138905 0.118158 0.000000
vt 0.167311 0.075637 0.000000
vt 0.130694 0.051320 0.000000
vt 0.196091 0.059133 0.000000
vt 0.138652 0.346653 0.000000
vt 0.145868 0.428577 0.000000
vt 0.259906 0.490512 0.000000
vt 0.218691 0.326390 0.000000
vt 0.345708 0.420390 0.000000
vt 0.286997 0.297684 0.000000
vt 0.125387 0.119917 0.000000
vt 0.087386 0.221080 0.000000
vt 0.059063 0.344705 0.000000
vt 0.055848 0.543661 0.000000
vt 0.009203 0.115659 0.000000
vt 0.009203 0.255452 0.000000
vt 0.057315 0.255782 0.000000
vt 0.100243 0.136723 0.000000
vt 0.009203 0.379246 0.000000
vt 0.042114 0.379502 0.000000
vt 0.009203 0.490316 0.000000
vt 0.041297 0.490316 0.000000
vt 0.009203 0.589218 0.000000
vt 0.009203 0.655017 0.000000
vt 0.045884 0.665642 0.000000
vt 0.042268 0.589218 0.000000
vt 0.100243 0.136723 0.000000
vt 0.057315 0.255782 0.000000
vt 0.042114 0.379502 0.000000
vt 0.041297 0.490316 0.000000
vt 0.042268 0.589218 0.000000
vt 0.045884 0.665642 0.000000
vt 0.246800 0.187754 0.000000
vt 0.196165 0.210084 0.000000
vt 0.175914 0.115879 0.000000
vt 0.213458 0.102093 0.000000
vt 0.140934 0.223039 0.000000
vt 0.138905 0.118158 0.000000
vt 0.167311 0.075637 0.000000
vt 0.130694 0.051320 0.000000
vt 0.196091 0.059133 0.000000
vt 0.259906 0.490512 0.000000
vt 0.145868 0.428577 0.000000
vt 0.138652 0.346653 0.000000
vt 0.218691 0.326390 0.000000
vt 0.345708 0.420390 0.000000
vt 0.286997 0.297684 0.000000
vt 0.087386 0.221080 0.000000
vt 0.125387 0.119917 0.000000
vt 0.059063 0.344705 0.000000
vt 0.055848 0.543661 0.000000
vt 0.693374 0.648162 0.000000
vt 0.672983 0.648162 0.000000
vt 0.672983 0.704448 0.000000
vt 0.696879 0.681681 0.000000
vt 0.695830 0.617593 0.000000
vt 0.672983 0.597756 0.000000
vt 0.672983 0.648162 0.000000
vt 0.693342 0.648162 0.000000
vt 0.696879 0.681681 0.000000
vt 0.672983 0.704448 0.000000
vt 0.672983 0.597756 0.000000
vt 0.695829 0.617593 0.000000
vt 0.974787 0.316405 0.000000
vt 0.974788 0.370850 0.000000
vt 0.987476 0.368669 0.000000
vt 0.987476 0.316405 0.000000
vt 0.974787 0.433533 0.000000
vt 0.987476 0.423355 0.000000
vt 0.987476 0.368669 0.000000
vt 0.974788 0.370850 0.000000
vt 0.987476 0.423355 0.000000
vt 0.974787 0.433533 0.000000
vt 0.672983 0.704448 0.000000
vt 0.672983 0.648162 0.000000
vt 0.693374 0.648162 0.000000
vt 0.696879 0.681681 0.000000
vt 0.695830 0.617593 0.000000
vt 0.672983 0.597756 0.000000
vt 0.696879 0.681681 0.000000
vt 0.693342 0.648162 0.000000
vt 0.672983 0.648162 0.000000
vt 0.672983 0.704448 0.000000
vt 0.672983 0.597756 0.000000
vt 0.695829 0.617593 0.000000
vt 0.605648 0.777748 0.000000
vt 0.621885 0.772549 0.000000
vt 0.658167 0.118363 0.000000
vt 0.621885 0.772549 0.000000
vt 0.467897 0.650371 0.000000
vt 0.063318 0.650371 0.000000
vt 0.063318 0.608819 0.000000
vt 0.532663 0.685549 0.000000
vt 0.188678 0.730484 0.000000
vt 0.532653 0.660532 0.000000
vt 0.554085 0.730484 0.000000
vt 0.541616 0.709814 0.000000
vt 0.540867 0.636904 0.000000
vt 0.073315 0.685727 0.000000
vt 0.079420 0.710462 0.000000
vt 0.308124 0.663401 0.000000
vt 0.062059 0.663401 0.000000
vt 0.079562 0.736080 0.000000
vt 0.754745 0.317191 0.000000
vt 0.099306 0.550923 0.000000
vt 0.446787 0.520852 0.000000
vt 0.091786 0.520852 0.000000
vt 0.093717 0.574399 0.000000
vt 0.376936 0.871915 0.000000
vt 0.479539 0.902801 0.000000
vt 0.476687 0.871723 0.000000
vt 0.597703 0.947629 0.000000
vt 0.494147 0.903520 0.000000
vt 0.339109 0.915371 0.000000
vt 0.353743 0.888517 0.000000
vt 0.374139 0.850337 0.000000
vt 0.346945 0.844380 0.000000
vt 0.617548 0.930667 0.000000
vt 0.470472 0.926669 0.000000
vt 0.369219 0.815266 0.000000
vt 0.339100 0.788240 0.000000
vt 0.518825 0.781650 0.000000
vt 0.362372 0.812324 0.000000
vt 0.320265 0.878152 0.000000
vt 0.317482 0.834506 0.000000
vt 0.293806 0.979402 0.000000
vt 0.284578 0.936032 0.000000
vt 0.216899 0.985837 0.000000
vt 0.136593 0.961114 0.000000
vt 0.214744 0.954382 0.000000
vt 0.205817 0.927876 0.000000
vt 0.267582 0.900294 0.000000
vt 0.960180 0.135569 0.000000
vt 0.966628 0.090790 0.000000
vt 0.986403 0.130235 0.000000
vt 0.986403 0.086063 0.000000
vt 0.986403 0.169671 0.000000
vt 0.704065 0.169672 0.000000
vt 0.881083 0.959871 0.000000
vt 0.901763 0.969586 0.000000
vt 0.901979 0.950835 0.000000
vt 0.881083 0.959871 0.000000
vt 0.901979 0.950835 0.000000
vt 0.901763 0.969586 0.000000
vt 0.150260 0.017354 0.000000
vt 0.125268 0.017423 0.000000
vt 0.180084 0.028814 0.000000
vt 0.158165 0.040491 0.000000
vt 0.165962 0.003886 0.000000
vt 0.418548 0.504107 0.000000
vt 0.009203 0.655017 0.000000
vt 0.009203 0.730335 0.000000
vt 0.032872 0.735213 0.000000
vt 0.063065 0.733758 0.000000
vt 0.045884 0.665642 0.000000
vt 0.032872 0.735213 0.000000
vt 0.045884 0.665642 0.000000
vt 0.063065 0.733758 0.000000
vt 0.125268 0.017423 0.000000
vt 0.150260 0.017354 0.000000
vt 0.158165 0.040491 0.000000
vt 0.180084 0.028814 0.000000
vt 0.165962 0.003886 0.000000
vt 0.418548 0.504107 0.000000
vt 0.719489 0.648162 0.000000
vt 0.719489 0.648162 0.000000
vt 0.974787 0.316405 0.000000
vt 0.939650 0.344932 0.000000
vt 0.974788 0.370850 0.000000
vt 0.939650 0.443359 0.000000
vt 0.974787 0.433533 0.000000
vt 0.902483 0.316405 0.000000
vt 0.939919 0.316405 0.000000
vt 0.939650 0.376963 0.000000
vt 0.974788 0.370850 0.000000
vt 0.939650 0.344932 0.000000
vt 0.974787 0.433533 0.000000
vt 0.939650 0.443359 0.000000
vt 0.939650 0.376963 0.000000
vt 0.719489 0.648162 0.000000
vt 0.719489 0.648162 0.000000
usemtl Material_2
f 1151/1151 1150/1150 1152/1152
f 1153/1153 1152/1152 1150/1150
f 1154/1154 1151/1151 1155/1155
f 1152/1152 1155/1155 1151/1151
f 1155/1155 1152/1152 1156/1156
f 1157/1157 1156/1156 1152/1152
f 1152/1152 1153/1153 1157/1157
f 1158/1158 1157/1157 1153/1153
f 1160/1160 1159/1159 1161/1161
f 1162/1162 1161/1161 1159/1159
f 1159/1159 1163/1163 1162/1162
f 1164/1164 1162/1162 1163/1163
f 1166/1166 1165/1165 1167/1167
f 1168/1168 1167/1167 1165/1165
f 1170/1170 1169/1169 1171/1171
f 1172/1172 1171/1171 1169/1169
f 1174/1174 1173/1173 1175/1175
f 1176/1176 1175/1175 1173/1173
f 1177/1177 1174/1174 1178/1178
f 1175/1175 1178/1178 1174/1174
f 1176/1176 1173/1173 1179/1179
f 1180/1180 1179/1179 1173/1173
f 1160/1160 1161/1161 1181/1181
f 1182/1182 1181/1181 1161/1161
f 1166/1166 1167/1167 1183/1183
f 1184/1184 1183/1183 1167/1167
f 1186/1186 1185/1185 1187/1187
f 1188/1188 1187/1187 1185/1185
f 1187/1187 1188/1188 1155/1155
f 1154/1154 1155/1155 1188/1188
f 1189/1189 1187/1187 1156/1156
f 1155/1155 1156/1156 1187/1187
f 1190/1190 1186/1186 1189/1189
f 1187/1187 1189/1189 1186/1186
f 1192/1192 1191/1191 1193/1193
f 1194/1194 1193/1193 1191/1191
f 1164/1164 1163/1163 1192/1192
f 1191/1191 1192/1192 1163/1163
f 1196/1196 1195/1195 1197/1197
f 1198/1198 1197/1197 1195/1195
f 1200/1200 1199/1199 1201/1201
f 1202/1202 1201/1201 1199/1199
f 1204/1204 1203/1203 1205/1205
f 1206/1206 1205/1205 1203/1203
f 1205/1205 1206/1206 1178/1178
f 1177/1177 1178/1178 1206/1206
f 1207/1207 1203/1203 1201/1201
f 1204/1204 1201/1201 1203/1203
f 1208/1208 1193/1193 1209/1209
f 1194/1194 1209/1209 1193/1193
f 1210/1210 1197/1197 1211/1211
f 1198/1198 1211/1211 1197/1197
f 1213/1213 1212/1212 1214/1214
f 1215/1215 1214/1214 1212/1212
f 1215/1215 1212/1212 1216/1216
f 1217/1217 1216/1216 1212/1212
f 1165/1165 1218/1218 1168/1168
f 1153/1153 1150/1150 1219/1219
f 1196/1196 1218/1218 1195/1195
f 1220/1220 1185/1185 1186/1186
f 1221/1221 1213/1213 1214/1214
f 1223/1223 1222/1222 1224/1224
f 1225/1225 1222/1222 1223/1223
f 1227/1227 1226/1226 1228/1228
f 1230/1230 1229/1229 1231/1231
f 1232/1232 1221/1221 1233/1233
f 1213/1213 1221/1221 1232/1232
f 1216/1216 1217/1217 1234/1234
f 1235/1235 1222/1222 1236/1236
f 1236/1236 1222/1222 1225/1225
f 1234/1234 1217/1217 1237/1237
f 1239/1239 1238/1238 1240/1240
f 1242/1242 1241/1241 1243/1243
f 1244/1244 1234/1234 1237/1237
f 1246/1246 1245/1245 1247/1247
f 1248/1248 1247/1247 1245/1245
f 1247/1247 1248/1248 1249/1249
f 1250/1250 1249/1249 1248/1248
f 1251/1251 1247/1247 1252/1252
f 1249/1249 1252/1252 1247/1247
f 1253/1253 1246/1246 1251/1251
f 1247/1247 1251/1251 1246/1246
f 1255/1255 1254/1254 1256/1256
f 1257/1257 1256/1256 1254/1254
f 1259/1259 1258/1258 1255/1255
f 1254/1254 1255/1255 1258/1258
f 1261/1261 1260/1260 1262/1262
f 1263/1263 1262/1262 1260/1260
f 1265/1265 1264/1264 1266/1266
f 1267/1267 1266/1266 1264/1264
f 1269/1269 1268/1268 1270/1270
f 1271/1271 1270/1270 1268/1268
f 1270/1270 1271/1271 1272/1272
f 1273/1273 1272/1272 1271/1271
f 1274/1274 1268/1268 1275/1275
f 1269/1269 1275/1275 1268/1268
f 1276/1276 1256/1256 1277/1277
f 1257/1257 1277/1277 1256/1256
f 1278/1278 1262/1262 1279/1279
f 1263/1263 1279/1279 1262/1262
f 1281/1281 1280/1280 1282/1282
f 1283/1283 1282/1282 1280/1280
f 1250/1250 1281/1281 1249/1249
f 1282/1282 1249/1249 1281/1281
f 1249/1249 1282/1282 1252/1252
f 1284/1284 1252/1252 1282/1282
f 1282/1282 1283/1283 1284/1284
f 1285/1285 1284/1284 1283/1283
f 1287/1287 1286/1286 1288/1288
f 1289/1289 1288/1288 1286/1286
f 1286/1286 1258/1258 1289/1289
f 1259/1259 1289/1289 1258/1258
f 1291/1291 1290/1290 1292/1292
f 1293/1293 1292/1292 1290/1290
f 1295/1295 1294/1294 1296/1296
f 1297/1297 1296/1296 1294/1294
f 1299/1299 1298/1298 1300/1300
f 1301/1301 1300/1300 1298/1298
f 1273/1273 1299/1299 1272/1272
f 1300/1300 1272/1272 1299/1299
f 1301/1301 1298/1298 1296/1296
f 1302/1302 1296/1296 1298/1298
f 1287/1287 1288/1288 1303/1303
f 1304/1304 1303/1303 1288/1288
f 1291/1291 1292/1292 1305/1305
f 1306/1306 1305/1305 1292/1292
f 1308/1308 1307/1307 1309/1309
f 1310/1310 1309/1309 1307/1307
f 1311/1311 1307/1307 1312/1312
f 1308/1308 1312/1312 1307/1307
f 1261/1261 1313/1313 1260/1260
f 1314/1314 1245/1245 1246/1246
f 1290/1290 1313/1313 1293/1293
f 1283/1283 1280/1280 1315/1315
f 1309/1309 1310/1310 1316/1316
f 1318/1318 1317/1317 1319/1319
f 1319/1319 1317/1317 1320/1320
f 1322/1322 1321/1321 1323/1323
f 1325/1325 1324/1324 1326/1326
f 1327/1327 1316/1316 1328/1328
f 1328/1328 1316/1316 1310/1310
f 1329/1329 1311/1311 1312/1312
f 1330/1330 1317/1317 1331/1331
f 1320/1320 1317/1317 1330/1330
f 1332/1332 1311/1311 1329/1329
f 1334/1334 1333/1333 1335/1335
f 1337/1337 1336/1336 1338/1338
f 1332/1332 1329/1329 1339/1339
f 1341/1341 1340/1340 1342/1342
f 1343/1343 1342/1342 1340/1340
f 1345/1345 1344/1344 1342/1342
f 1341/1341 1342/1342 1344/1344
f 1342/1342 1346/1346 1345/1345
f 1347/1347 1345/1345 1346/1346
f 1349/1349 1348/1348 1345/1345
f 1344/1344 1345/1345 1348/1348
f 1345/1345 1347/1347 1349/1349
f 1350/1350 1349/1349 1347/1347
f 1348/1348 1349/1349 1351/1351
f 1352/1352 1351/1351 1349/1349
f 1349/1349 1350/1350 1352/1352
f 1353/1353 1352/1352 1350/1350
f 1355/1355 1354/1354 1356/1356
f 1357/1357 1356/1356 1354/1354
f 1354/1354 1358/1358 1359/1359
f 1360/1360 1359/1359 1358/1358
f 1359/1359 1360/1360 1361/1361
f 1362/1362 1361/1361 1360/1360
f 1363/1363 1358/1358 1364/1364
f 1365/1365 1364/1364 1358/1358
f 1366/1366 1363/1363 1367/1367
f 1364/1364 1367/1367 1363/1363
f 1369/1369 1368/1368 1355/1355
f 1354/1354 1355/1355 1368/1368
f 1368/1368 1370/1370 1354/1354
f 1358/1358 1354/1354 1370/1370
f 1370/1370 1371/1371 1358/1358
f 1365/1365 1358/1358 1371/1371
f 1372/1372 1340/1340 1373/1373
f 1341/1341 1373/1373 1340/1340
f 1341/1341 1344/1344 1373/1373
f 1374/1374 1373/1373 1344/1344
f 1376/1376 1375/1375 1374/1374
f 1373/1373 1374/1374 1375/1375
f 1344/1344 1348/1348 1374/1374
f 1377/1377 1374/1374 1348/1348
f 1378/1378 1376/1376 1377/1377
f 1374/1374 1377/1377 1376/1376
f 1379/1379 1377/1377 1351/1351
f 1348/1348 1351/1351 1377/1377
f 1380/1380 1378/1378 1379/1379
f 1377/1377 1379/1379 1378/1378
f 1382/1382 1381/1381 1356/1356
f 1355/1355 1356/1356 1381/1381
f 1384/1384 1383/1383 1385/1385
f 1381/1381 1385/1385 1383/1383
f 1386/1386 1384/1384 1387/1387
f 1385/1385 1387/1387 1384/1384
f 1388/1388 1383/1383 1389/1389
f 1390/1390 1389/1389 1383/1383
f 1389/1389 1390/1390 1391/1391
f 1392/1392 1391/1391 1390/1390
f 1381/1381 1393/1393 1355/1355
f 1369/1369 1355/1355 1393/1393
f 1383/1383 1394/1394 1381/1381
f 1393/1393 1381/1381 1394/1394
f 1388/1388 1395/1395 1383/1383
f 1394/1394 1383/1383 1395/1395
f 1397/1397 1396/1396 1398/1398
f 1375/1375 1398/1398 1396/1396
f 1400/1400 1399/1399 1401/1401
f 1402/1402 1401/1401 1399/1399
f 1400/1400 1403/1403 1399/1399
f 1404/1404 1399/1399 1403/1403
f 1406/1406 1405/1405 1407/1407
f 1408/1408 1407/1407 1405/1405
f 1410/1410 1409/1409 1406/1406
f 1405/1405 1406/1406 1409/1409
f 1407/1407 1408/1408 1411/1411
f 1412/1412 1411/1411 1408/1408
f 1414/1414 1413/1413 1415/1415
f 1416/1416 1415/1415 1413/1413
f 1418/1418 1417/1417 1419/1419
f 1420/1420 1419/1419 1417/1417
f 1417/1417 1421/1421 1420/1420
f 1422/1422 1420/1420 1421/1421
f 1424/1424 1423/1423 1425/1425
f 1426/1426 1425/1425 1423/1423
f 1424/1424 1427/1427 1423/1423
f 1428/1428 1423/1423 1427/1427
f 1430/1430 1429/1429 1431/1431
f 1432/1432 1431/1431 1429/1429
f 1431/1431 1433/1433 1430/1430
f 1434/1434 1430/1430 1433/1433
f 1433/1433 1431/1431 1435/1435
f 1436/1436 1435/1435 1431/1431
f 1429/1429 1437/1437 1432/1432
f 1438/1438 1432/1432 1437/1437
f 1436/1436 1432/1432 1439/1439
f 1438/1438 1439/1439 1432/1432
f 1437/1437 1440/1440 1438/1438
f 1441/1441 1438/1438 1440/1440
f 1442/1442 1429/1429 1443/1443
f 1430/1430 1443/1443 1429/1429
f 1445/1445 1444/1444 1446/1446
f 1447/1447 1446/1446 1444/1444
f 1443/1443 1430/1430 1448/1448
f 1434/1434 1448/1448 1430/1430
f 1448/1448 1449/1449 1443/1443
f 1450/1450 1443/1443 1449/1449
f 1446/1446 1451/1451 1452/1452
f 1453/1453 1452/1452 1451/1451
f 1429/1429 1442/1442 1437/1437
f 1454/1454 1437/1437 1442/1442
f 1450/1450 1453/1453 1442/1442
f 1454/1454 1442/1442 1453/1453
f 1437/1437 1454/1454 1440/1440
f 1455/1455 1440/1440 1454/1454
f 1454/1454 1453/1453 1455/1455
f 1451/1451 1455/1455 1453/1453
f 1457/1457 1456/1456 1433/1433
f 1434/1434 1433/1433 1456/1456
f 1458/1458 1457/1457 1435/1435
f 1433/1433 1435/1435 1457/1457
f 1456/1456 1459/1459 1434/1434
f 1448/1448 1434/1434 1459/1459
f 1459/1459 1460/1460 1448/1448
f 1449/1449 1448/1448 1460/1460
f 1459/1459 1456/1456 1461/1461
f 1462/1462 1461/1461 1456/1456
f 1444/1444 1463/1463 1447/1447
f 1464/1464 1447/1447 1463/1463
f 1466/1466 1465/1465 1467/1467
f 1461/1461 1467/1467 1465/1465
f 1462/1462 1468/1468 1467/1467
f 1469/1469 1467/1467 1468/1468
f 1468/1468 1470/1470 1469/1469
f 1471/1471 1469/1469 1470/1470
f 1440/1440 1455/1455 1472/1472
f 1473/1473 1472/1472 1455/1455
f 1440/1440 1472/1472 1441/1441
f 1474/1474 1441/1441 1472/1472
f 1470/1470 1468/1468 1458/1458
f 1457/1457 1458/1458 1468/1468
f 1468/1468 1462/1462 1457/1457
f 1456/1456 1457/1457 1462/1462
f 1476/1476 1475/1475 1444/1444
f 1463/1463 1444/1444 1475/1475
f 1478/1478 1477/1477 1479/1479
f 1480/1480 1479/1479 1477/1477
f 1479/1479 1480/1480 1481/1481
f 1482/1482 1481/1481 1480/1480
f 1477/1477 1483/1483 1480/1480
f 1484/1484 1480/1480 1483/1483
f 1480/1480 1484/1484 1482/1482
f 1485/1485 1482/1482 1484/1484
f 1487/1487 1486/1486 1488/1488
f 1489/1489 1488/1488 1486/1486
f 1488/1488 1489/1489 1490/1490
f 1491/1491 1490/1490 1489/1489
f 1493/1493 1492/1492 1487/1487
f 1486/1486 1487/1487 1492/1492
f 1495/1495 1494/1494 1493/1493
f 1492/1492 1493/1493 1494/1494
f 1497/1497 1496/1496 1498/1498
f 1499/1499 1498/1498 1496/1496
f 1501/1501 1500/1500 1502/1502
f 1503/1503 1502/1502 1500/1500
f 1499/1499 1501/1501 1498/1498
f 1502/1502 1498/1498 1501/1501
f 1500/1500 1504/1504 1503/1503
f 1505/1505 1503/1503 1504/1504
f 1507/1507 1506/1506 1508/1508
f 1509/1509 1508/1508 1506/1506
f 1508/1508 1509/1509 1510/1510
f 1511/1511 1510/1510 1509/1509
f 1511/1511 1512/1512 1510/1510
f 1513/1513 1510/1510 1512/1512
f 1506/1506 1514/1514 1515/1515
f 1516/1516 1515/1515 1514/1514
f 1509/1509 1506/1506 1517/1517
f 1515/1515 1517/1517 1506/1506
f 1511/1511 1509/1509 1518/1518
f 1517/1517 1518/1518 1509/1509
f 1511/1511 1518/1518 1512/1512
f 1519/1519 1512/1512 1518/1518
f 1521/1521 1520/1520 1522/1522
f 1523/1523 1522/1522 1520/1520
f 1524/1524 1521/1521 1525/1525
f 1522/1522 1525/1525 1521/1521
f 1513/1513 1512/1512 1525/1525
f 1524/1524 1525/1525 1512/1512
f 1527/1527 1526/1526 1528/1528
f 1520/1520 1528/1528 1526/1526
f 1528/1528 1520/1520 1529/1529
f 1521/1521 1529/1529 1520/1520
f 1529/1529 1521/1521 1530/1530
f 1524/1524 1530/1530 1521/1521
f 1519/1519 1530/1530 1512/1512
f 1524/1524 1512/1512 1530/1530
f 1532/1532 1531/1531 1533/1533
f 1534/1534 1533/1533 1531/1531
f 1532/1532 1535/1535 1531/1531
f 1536/1536 1531/1531 1535/1535
f 1531/1531 1536/1536 1537/1537
f 1538/1538 1537/1537 1536/1536
f 1531/1531 1537/1537 1534/1534
f 1539/1539 1534/1534 1537/1537
f 1541/1541 1540/1540 1542/1542
f 1543/1543 1542/1542 1540/1540
f 1542/1542 1543/1543 1544/1544
f 1545/1545 1544/1544 1543/1543
f 1532/1532 1533/1533 1543/1543
f 1545/1545 1543/1543 1533/1533
f 1532/1532 1543/1543 1535/1535
f 1540/1540 1535/1535 1543/1543
f 1546/1546 1536/1536 1547/1547
f 1535/1535 1547/1547 1536/1536
f 1547/1547 1535/1535 1548/1548
f 1540/1540 1548/1548 1535/1535
f 1548/1548 1540/1540 1549/1549
f 1541/1541 1549/1549 1540/1540
f 1551/1551 1550/1550 1552/1552
f 1553/1553 1552/1552 1550/1550
f 1554/1554 1551/1551 1555/1555
f 1552/1552 1555/1555 1551/1551
f 1556/1556 1554/1554 1557/1557
f 1555/1555 1557/1557 1554/1554
f 1559/1559 1558/1558 1560/1560
f 1561/1561 1560/1560 1558/1558
f 1558/1558 1556/1556 1561/1561
f 1557/1557 1561/1561 1556/1556
f 1562/1562 1550/1550 1563/1563
f 1551/1551 1563/1563 1550/1550
f 1563/1563 1551/1551 1564/1564
f 1554/1554 1564/1564 1551/1551
f 1564/1564 1554/1554 1565/1565
f 1556/1556 1565/1565 1554/1554
f 1566/1566 1558/1558 1567/1567
f 1559/1559 1567/1567 1558/1558
f 1565/1565 1556/1556 1566/1566
f 1558/1558 1566/1566 1556/1556
f 1569/1569 1568/1568 1570/1570
f 1571/1571 1570/1570 1568/1568
f 1569/1569 1570/1570 1572/1572
f 1573/1573 1572/1572 1570/1570
f 1570/1570 1574/1574 1573/1573
f 1575/1575 1573/1573 1574/1574
f 1570/1570 1571/1571 1574/1574
f 1576/1576 1574/1574 1571/1571
f 1578/1578 1577/1577 1579/1579
f 1580/1580 1579/1579 1577/1577
f 1577/1577 1581/1581 1580/1580
f 1582/1582 1580/1580 1581/1581
f 1569/1569 1580/1580 1568/1568
f 1582/1582 1568/1568 1580/1580
f 1569/1569 1572/1572 1580/1580
f 1579/1579 1580/1580 1572/1572
f 1584/1584 1583/1583 1573/1573
f 1572/1572 1573/1573 1583/1583
f 1583/1583 1585/1585 1572/1572
f 1579/1579 1572/1572 1585/1585
f 1585/1585 1586/1586 1579/1579
f 1578/1578 1579/1579 1586/1586
f 1588/1588 1587/1587 1589/1589
f 1590/1590 1589/1589 1587/1587
f 1587/1587 1588/1588 1591/1591
f 1592/1592 1591/1591 1588/1588
f 1594/1594 1593/1593 1595/1595
f 1596/1596 1595/1595 1593/1593
f 1593/1593 1594/1594 1597/1597
f 1598/1598 1597/1597 1594/1594
f 1600/1600 1599/1599 1601/1601
f 1602/1602 1601/1601 1599/1599
f 1603/1603 1600/1600 1604/1604
f 1601/1601 1604/1604 1600/1600
f 1602/1602 1599/1599 1605/1605
f 1606/1606 1605/1605 1599/1599
f 1605/1605 1606/1606 1607/1607
f 1608/1608 1607/1607 1606/1606
f 1610/1610 1609/1609 1611/1611
f 1612/1612 1611/1611 1609/1609
f 1611/1611 1613/1613 1610/1610
f 1614/1614 1610/1610 1613/1613
f 1616/1616 1615/1615 1617/1617
f 1618/1618 1617/1617 1615/1615
f 1617/1617 1619/1619 1616/1616
f 1620/1620 1616/1616 1619/1619
f 1621/1621 1342/1342 1622/1622
f 1343/1343 1622/1622 1342/1342
f 1351/1351 1352/1352 1368/1368
f 1352/1352 1353/1353 1370/1370
f 1368/1368 1352/1352 1370/1370
f 1356/1356 1357/1357 1623/1623
f 1370/1370 1353/1353 1371/1371
f 1351/1351 1368/1368 1369/1369
f 1346/1346 1342/1342 1621/1621
f 1396/1396 1624/1624 1375/1375
f 1373/1373 1624/1624 1372/1372
f 1393/1393 1379/1379 1351/1351
f 1394/1394 1380/1380 1379/1379
f 1394/1394 1379/1379 1393/1393
f 1623/1623 1382/1382 1356/1356
f 1398/1398 1375/1375 1376/1376
f 1395/1395 1380/1380 1394/1394
f 1369/1369 1393/1393 1351/1351
f 1375/1375 1624/1624 1373/1373
f 1402/1402 1625/1625 1401/1401
f 1403/1403 1626/1626 1404/1404
f 1627/1627 1626/1626 1403/1403
f 1628/1628 1409/1409 1410/1410
f 1411/1411 1412/1412 1629/1629
f 1628/1628 1410/1410 1630/1630
f 1631/1631 1409/1409 1632/1632
f 1633/1633 1630/1630 1410/1410
f 1632/1632 1409/1409 1628/1628
f 1634/1634 1415/1415 1635/1635
f 1413/1413 1636/1636 1416/1416
f 1414/1414 1634/1634 1637/1637
f 1414/1414 1415/1415 1634/1634
f 1635/1635 1415/1415 1638/1638
f 1422/1422 1421/1421 1639/1639
f 1428/1428 1427/1427 1640/1640
f 1641/1641 1425/1425 1426/1426
f 1642/1642 1428/1428 1640/1640
f 1640/1640 1427/1427 1643/1643
f 1644/1644 1458/1458 1435/1435
f 1460/1460 1645/1645 1646/1646
f 1475/1475 1647/1647 1463/1463
f 1648/1648 1476/1476 1444/1444
f 1649/1649 1458/1458 1650/1650
f 1651/1651 1650/1650 1644/1644
f 1431/1431 1432/1432 1436/1436
f 1441/1441 1439/1439 1438/1438
f 1644/1644 1435/1435 1436/1436
f 1651/1651 1436/1436 1439/1439
f 1651/1651 1644/1644 1436/1436
f 1652/1652 1650/1650 1651/1651
f 1646/1646 1445/1445 1452/1452
f 1450/1450 1442/1442 1443/1443
f 1450/1450 1449/1449 1646/1646
f 1453/1453 1450/1450 1452/1452
f 1450/1450 1646/1646 1452/1452
f 1452/1452 1445/1445 1446/1446
f 1646/1646 1449/1449 1460/1460
f 1460/1460 1459/1459 1461/1461
f 1653/1653 1464/1464 1463/1463
f 1654/1654 1461/1461 1465/1465
f 1444/1444 1445/1445 1648/1648
f 1654/1654 1460/1460 1461/1461
f 1476/1476 1648/1648 1654/1654
f 1467/1467 1461/1461 1462/1462
f 1645/1645 1648/1648 1445/1445
f 1645/1645 1460/1460 1654/1654
f 1656/1656 1655/1655 1474/1474
f 1441/1441 1474/1474 1655/1655
f 1655/1655 1656/1656 1652/1652
f 1455/1455 1451/1451 1473/1473
f 1657/1657 1473/1473 1451/1451
f 1451/1451 1446/1446 1657/1657
f 1439/1439 1658/1658 1651/1651
f 1652/1652 1651/1651 1658/1658
f 1658/1658 1439/1439 1441/1441
f 1659/1659 1652/1652 1660/1660
f 1656/1656 1660/1660 1652/1652
f 1661/1661 1471/1471 1649/1649
f 1470/1470 1649/1649 1471/1471
f 1659/1659 1649/1649 1650/1650
f 1662/1662 1661/1661 1649/1649
f 1664/1664 1663/1663 1665/1665
f 1663/1663 1661/1661 1665/1665
f 1652/1652 1659/1659 1650/1650
f 1659/1659 1662/1662 1649/1649
f 1666/1666 1664/1664 1665/1665
f 1666/1666 1665/1665 1662/1662
f 1665/1665 1661/1661 1662/1662
f 1667/1667 1666/1666 1662/1662
f 1470/1470 1458/1458 1649/1649
f 1659/1659 1667/1667 1662/1662
f 1645/1645 1654/1654 1648/1648
f 1646/1646 1645/1645 1445/1445
f 1650/1650 1458/1458 1644/1644
f 1479/1479 1668/1668 1669/1669
f 1481/1481 1668/1668 1479/1479
f 1670/1670 1669/1669 1668/1668
f 1669/1669 1670/1670 1671/1671
f 1668/1668 1672/1672 1670/1670
f 1672/1672 1668/1668 1481/1481
f 1484/1484 1483/1483 1673/1673
f 1485/1485 1484/1484 1673/1673
f 1479/1479 1669/1669 1478/1478
f 1506/1506 1507/1507 1514/1514
f 1675/1675 1674/1674 1676/1676
f 1526/1526 1523/1523 1520/1520
f 1678/1678 1677/1677 1679/1679
f 1681/1681 1680/1680 1538/1538
f 1683/1683 1682/1682 1537/1537
f 1682/1682 1683/1683 1680/1680
f 1537/1537 1538/1538 1683/1683
f 1682/1682 1680/1680 1684/1684
f 1685/1685 1542/1542 1544/1544
f 1546/1546 1538/1538 1536/1536
f 1682/1682 1539/1539 1537/1537
f 1680/1680 1683/1683 1538/1538
f 1687/1687 1686/1686 1688/1688
f 1689/1689 1688/1688 1690/1690
f 1688/1688 1686/1686 1690/1690
f 1691/1691 1686/1686 1687/1687
f 1692/1692 1691/1691 1693/1693
f 1692/1692 1686/1686 1691/1691
f 1694/1694 1575/1575 1695/1695
f 1696/1696 1574/1574 1697/1697
f 1697/1697 1695/1695 1696/1696
f 1574/1574 1696/1696 1575/1575
f 1697/1697 1698/1698 1695/1695
f 1699/1699 1581/1581 1577/1577
f 1584/1584 1573/1573 1575/1575
f 1697/1697 1574/1574 1576/1576
f 1695/1695 1575/1575 1696/1696
f 1594/1594 1700/1700 1598/1598
f 1594/1594 1595/1595 1700/1700
f 1587/1587 1701/1701 1590/1590
f 1587/1587 1591/1591 1701/1701
f 1703/1703 1702/1702 1704/1704
f 1705/1705 1704/1704 1706/1706
f 1703/1703 1707/1707 1708/1708
f 1703/1703 1704/1704 1709/1709
f 1705/1705 1709/1709 1704/1704
f 1703/1703 1708/1708 1702/1702
f 1710/1710 1702/1702 1711/1711
f 1712/1712 1710/1710 1713/1713
f 1708/1708 1707/1707 1711/1711
f 1714/1714 1710/1710 1711/1711
f 1710/1710 1714/1714 1713/1713
f 1702/1702 1708/1708 1711/1711
f 1616/1616 1620/1620 1715/1715
f 1616/1616 1715/1715 1615/1615
f 1611/1611 1612/1612 1716/1716
f 1611/1611 1716/1716 1613/1613

g Object01
v 17.108020 -32.515350 191.734600
v 19.341700 -31.431140 190.758800
v 17.502460 -31.785630 188.076600
v 15.559690 -32.584440 188.901500
v 15.965510 -30.608550 185.597700
v 14.587510 -29.630590 184.522700
v 13.001680 -30.631790 184.761000
v 14.091120 -31.684940 186.466700
v 18.435720 -31.526120 194.248400
v 20.572360 -29.997240 192.597500
v 12.058720 -29.127790 180.696400
v 11.646880 -27.899970 180.350100
v 10.479620 -28.363320 180.768200
v 10.563410 -29.419140 180.645400
v 11.578310 -27.434240 183.007100
v 12.882280 -26.879380 182.044300
v 14.784630 -26.612970 183.207000
v 12.631750 -27.059450 185.019400
v 13.243570 -28.751970 181.980300
v 17.983140 -26.449830 183.905000
v 18.194730 -28.059580 184.504000
v 20.080030 -26.463860 186.474100
v 20.035900 -24.993960 185.983700
v 16.162360 -26.630500 183.409900
v 15.843270 -25.951710 183.851500
v 13.105930 -25.701720 186.235000
v 10.895350 -30.170850 181.052800
v 11.929550 -30.174470 182.931500
v 11.710460 -25.796870 181.175400
v 11.581540 -27.163770 180.990700
v 12.942800 -26.627180 182.675600
v 12.890910 -25.435090 182.451700
v 11.386610 -25.146670 183.254700
v 10.459140 -25.584080 181.455100
v 10.547920 -27.415610 181.139200
v 12.439020 -26.697320 184.763500
v 12.226850 -24.171500 185.035900
v 14.187930 -24.707060 183.811300
v 14.343920 -26.170980 183.324100
v 16.451770 -25.138440 184.026500
v 15.310050 -25.045740 183.816000
v 15.084830 -25.850250 184.228800
v 19.041860 -29.913020 195.771100
v 21.414830 -25.804750 201.565500
v 25.028620 -24.465590 198.433400
v 21.742570 -28.178520 193.236900
v 17.987340 -22.681600 185.771500
v 13.520680 -22.552810 187.809200
v 22.463620 -24.269650 190.432900
v 25.157940 -21.650550 194.069500
v 18.927830 -21.653800 190.233900
v 15.452040 -21.358720 191.651400
v 22.048610 -16.984410 206.969700
v 27.185810 -15.356950 203.351500
v 18.119020 -18.842780 193.348000
v 27.441440 -13.557760 196.844700
v 19.532300 -13.583720 194.316100
v 13.707130 -32.329710 190.164800
v 14.920220 -32.064990 193.191500
v 12.176730 -31.151690 187.682300
v 11.775560 -30.033700 186.069800
v 15.510930 -30.721800 195.382000
v 9.778028 -29.454750 181.951200
v 9.434680 -28.217110 181.567300
v 9.990538 -27.293940 183.635300
v 9.926863 -27.309360 185.879800
v 10.158280 -29.194270 183.677800
v 8.836239 -27.761090 188.937700
v 9.199606 -26.547420 191.945800
v 9.903307 -27.922760 192.073300
v 9.574932 -29.295270 189.246700
v 9.394817 -27.600660 187.133400
v 9.778103 -26.821200 187.188500
v 9.632716 -26.094720 182.318500
v 10.011990 -25.847790 184.035700
v 10.429940 -26.987420 184.058200
v 9.841271 -27.413250 181.948200
v 10.321600 -25.261310 185.938600
v 10.153890 -26.771650 185.629500
v 9.436253 -26.144170 187.886400
v 10.457770 -26.513570 186.774600
v 9.825062 -25.832030 186.833900
v 15.055680 -29.072480 196.928600
v 16.512540 -24.446000 201.176900
v 9.568810 -23.889380 190.412700
v 12.513960 -25.672930 195.983200
v 12.960760 -21.363450 197.860100
v 12.567900 -22.575430 193.744400
v 16.104890 -16.295940 206.196400
v 12.264420 -15.099320 200.056100
v -7.781523 -14.345150 170.887100
v -9.705210 -11.112390 173.651500
v -2.008768 -2.824624 170.455400
v 0.586577 -10.708090 167.777800
v 10.709440 7.110395 165.022900
v 16.018360 -3.539722 159.561200
v 24.597900 23.321800 152.286400
v 30.736730 9.609989 144.261000
v 36.018630 44.533760 132.648900
v 45.977360 27.699180 118.431800
v 36.797630 69.665250 102.746200
v 48.955010 48.781590 86.219270
v 19.534180 83.235630 70.914440
v 32.288930 68.362180 49.829470
v -11.357780 72.809550 31.881960
v -13.107730 88.354150 56.346680
v -40.651250 89.672850 58.662240
v -49.770230 80.371960 38.423610
v -40.651250 89.672850 58.662240
v -53.030440 92.349260 70.756100
v -63.747390 86.203740 62.799960
v 24.316460 -4.487101 194.493100
v 17.525710 -8.631876 193.252000
v 16.117440 0.593300 188.491000
v 12.316050 -5.940712 189.349300
v 1.332724 2.108696 186.967500
v 2.444097 -4.480439 188.451600
v -9.336151 -5.378925 192.991000
v -6.096718 -8.142039 192.873800
v -14.028990 -13.951210 202.415200
v -10.610660 -16.136180 199.600300
v -18.873020 -23.234390 196.064500
v -13.821010 -21.633400 193.904300
v -20.064190 -24.928950 185.657200
v -14.704400 -23.588040 185.877000
v -17.994080 -19.879080 176.537400
v -13.152620 -18.846170 178.278000
v -13.676800 -11.534070 169.950600
v -4.809320 -2.111228 163.208200
v 3.546596 6.881173 155.773900
v 12.149520 20.432750 144.131900
v 16.723080 36.625770 126.366700
v 13.027720 50.215510 104.096900
v -0.829607 59.485660 83.546340
v -22.523700 64.762260 71.304440
v -13.107730 88.354150 56.346680
v -22.523700 64.762260 71.304440
v -41.575380 72.362640 72.381480
v -41.575380 72.362640 72.381480
v -51.440970 80.801970 75.708470
v 23.443350 -3.644605 202.489900
v 15.809390 4.475659 195.289200
v 0.656230 5.582117 192.512200
v -9.871770 -3.517720 197.145700
v 10.516600 -9.307859 200.391700
v 8.079653 -7.976986 197.327300
v 2.977392 -7.129666 196.581600
v -2.391897 -8.819600 197.754200
v -7.206884 -16.212260 200.850600
v -10.075040 -24.531930 195.685300
v -12.205170 -27.089580 184.939800
v -11.625440 -22.374940 176.017800
v 13.208570 -7.074615 206.569500
v 19.001460 -4.870239 207.518100
v 9.065869 -3.147124 202.033300
v 12.263350 2.655146 201.250100
v 1.268290 -2.152365 200.514100
v 0.566150 3.544245 199.187700
v -3.987961 -6.378500 201.148500
v -6.971874 -4.351676 201.101100
v -10.074090 -15.438640 204.598500
v -14.396120 -26.170600 198.045600
v -16.534450 -28.523890 185.216400
v -15.294010 -23.533930 174.786700
v -11.011410 -15.083590 167.311400
v -2.417345 -9.853726 160.158900
v 8.412055 -3.680626 149.878300
v 17.527690 6.692446 135.748400
v 25.448430 19.215720 111.141100
v 24.398760 30.201180 85.206730
v 10.193610 39.404510 60.805420
v -20.986030 45.599010 45.130490
v -50.429360 59.719030 50.133330
v -61.886230 74.126720 68.057780
v 22.705290 -32.201640 192.758600
v 23.907050 -28.907500 194.751300
v 25.188570 -28.438770 191.522500
v 31.377870 -33.176930 196.337800
v 14.338150 -22.751580 189.243200
v 21.335310 -29.112460 190.699600
v 21.957070 -27.122110 189.935100
v 14.744230 -28.464650 183.447900
v 19.182620 -30.131610 187.098200
v 22.141950 -24.998770 188.392600
v 17.758920 -28.816470 185.217200
v 23.645880 -22.189490 188.413200
v 21.332950 -22.024270 186.900400
v 15.029960 -33.301950 196.981600
v 15.358750 -30.132950 199.454600
v 13.782450 -35.699360 206.018800
v 11.916790 -30.341370 198.824600
v 13.349000 -30.257350 195.093600
v 11.967540 -28.519660 195.459600
v 10.549040 -29.066060 185.756100
v 11.675910 -31.207760 191.228400
v 9.281193 -26.317930 192.058800
v 10.134570 -26.699280 195.025100
v 10.554840 -29.849200 189.180900
v 8.766090 -24.322610 196.600000
v 8.655163 -23.841710 193.875700
v -63.729860 97.167380 91.201160
v 20.043540 -24.810530 186.083600
vt 0.829507 0.047734 0.000000
vt 0.808562 0.051832 0.000000
vt 0.799965 0.088639 0.000000
vt 0.817948 0.086123 0.000000
vt 0.795025 0.130052 0.000000
vt 0.799341 0.154507 0.000000
vt 0.809375 0.155173 0.000000
vt 0.811934 0.125160 0.000000
vt 0.843592 0.019040 0.000000
vt 0.818599 0.033332 0.000000
vt 0.788989 0.212048 0.000000
vt 0.792694 0.224781 0.000000
vt 0.802611 0.224190 0.000000
vt 0.797978 0.219219 0.000000
vt 0.815597 0.199359 0.000000
vt 0.800370 0.205519 0.000000
vt 0.796466 0.184102 0.000000
vt 0.825732 0.174142 0.000000
vt 0.791614 0.193891 0.000000
vt 0.777410 0.159944 0.000000
vt 0.776211 0.143510 0.000000
vt 0.781504 0.120896 0.000000
vt 0.782061 0.134477 0.000000
vt 0.787408 0.174255 0.000000
vt 0.795705 0.175039 0.000000
vt 0.837583 0.166037 0.000000
vt 0.796706 0.208898 0.000000
vt 0.803986 0.183127 0.000000
vt 0.805418 0.227214 0.000000
vt 0.800418 0.222360 0.000000
vt 0.805851 0.199836 0.000000
vt 0.808440 0.209083 0.000000
vt 0.827196 0.210380 0.000000
vt 0.817383 0.232288 0.000000
vt 0.808008 0.225076 0.000000
vt 0.826326 0.179931 0.000000
vt 0.840065 0.192111 0.000000
vt 0.812606 0.191440 0.000000
vt 0.802217 0.187714 0.000000
vt 0.794972 0.174304 0.000000
vt 0.802648 0.183346 0.000000
vt 0.805144 0.175745 0.000000
vt 0.858016 0.008337 0.000000
vt 0.912862 -0.043954 0.000000
vt 0.855954 -0.023018 0.000000
vt 0.820698 0.030089 0.000000
vt 0.806248 0.160763 0.000000
vt 0.862256 0.164300 0.000000
vt 0.802828 0.077605 0.000000
vt 0.822935 0.038383 0.000000
vt 0.844727 0.113603 0.000000
vt 0.889671 0.119224 0.000000
vt 1.040738 -0.056576 0.000000
vt 0.959908 -0.037237 0.000000
vt 0.900068 0.100290 0.000000
vt 0.881646 0.040768 0.000000
vt 0.939254 0.111142 0.000000
vt 0.841117 0.084239 0.000000
vt 0.857836 0.046706 0.000000
vt 0.835869 0.125661 0.000000
vt 0.829712 0.151247 0.000000
vt 0.876969 0.027471 0.000000
vt 0.813006 0.209405 0.000000
vt 0.816267 0.222217 0.000000
vt 0.832016 0.202167 0.000000
vt 0.850445 0.178470 0.000000
vt 0.824621 0.190315 0.000000
vt 0.880435 0.149338 0.000000
vt 0.908721 0.121909 0.000000
vt 0.898745 0.109094 0.000000
vt 0.871829 0.133516 0.000000
vt 0.862914 0.166409 0.000000
vt 0.864104 0.168007 0.000000
vt 0.828262 0.224805 0.000000
vt 0.840592 0.205745 0.000000
vt 0.833559 0.196923 0.000000
vt 0.819209 0.220343 0.000000
vt 0.856699 0.186957 0.000000
vt 0.849023 0.182855 0.000000
vt 0.875074 0.166169 0.000000
vt 0.857443 0.170380 0.000000
vt 0.865099 0.176986 0.000000
vt 0.900587 0.022554 0.000000
vt 0.955377 -0.005334 0.000000
vt 0.906844 0.150892 0.000000
vt 0.927039 0.065374 0.000000
vt 0.968809 0.066616 0.000000
vt 0.924125 0.106048 0.000000
vt 1.081168 -0.011806 0.000000
vt 1.048747 0.081500 0.000000
vt 0.917626 0.523033 0.000000
vt 0.971639 0.525657 0.000000
vt 0.966057 0.569155 0.000000
vt 0.836580 0.514647 0.000000
vt 0.846648 0.586510 0.000000
vt 0.628184 0.556983 0.000000
vt 0.401392 0.724986 0.000000
vt 0.464781 0.719886 0.000000
vt 0.145085 0.826941 0.000000
vt 0.304308 0.845178 0.000000
vt 0.121565 1.045081 0.000000
vt 0.259962 1.056413 0.000000
vt 0.170984 1.230895 0.000000
vt 0.277393 1.277113 0.000000
vt 0.378867 1.488768 0.000000
vt 0.149823 1.385257 0.000000
vt 0.042665 1.442915 0.000000
vt 0.744738 1.619081 0.000000
vt 1.090366 1.574151 0.000000
vt 1.027494 1.545489 0.000000
vt 0.943259 1.581398 0.000000
vt 1.000753 0.132998 0.000000
vt 0.996965 0.160810 0.000000
vt 1.069644 0.255494 0.000000
vt 1.009610 0.222730 0.000000
vt 1.171763 0.387380 0.000000
vt 1.089271 0.313020 0.000000
vt 1.165559 0.332037 0.000000
vt 1.124373 0.291699 0.000000
vt 1.158593 0.188345 0.000000
vt 1.111824 0.183985 0.000000
vt 1.064977 0.232422 0.000000
vt 1.045484 0.235759 0.000000
vt 1.002375 0.355038 0.000000
vt 0.989338 0.325350 0.000000
vt 0.973309 0.486497 0.000000
vt 0.966866 0.439591 0.000000
vt 0.965282 0.594530 0.000000
vt 0.886501 0.640507 0.000000
vt 0.800402 0.723442 0.000000
vt 0.630363 0.816399 0.000000
vt 0.327315 0.908740 0.000000
vt 0.253648 1.063153 0.000000
vt 0.294724 1.181672 0.000000
vt 0.552506 1.338346 0.000000
vt 1.093164 1.440725 0.000000
vt 1.277982 1.417579 0.000000
vt 1.606707 1.521876 0.000000
vt 0.881230 1.442642 0.000000
vt 0.956227 1.481375 0.000000
vt 1.172513 0.056983 0.000000
vt 1.266105 0.211549 0.000000
vt 1.283707 0.352817 0.000000
vt 1.217202 0.299211 0.000000
vt 1.126168 0.119422 0.000000
vt 1.119031 0.172894 0.000000
vt 1.129278 0.193442 0.000000
vt 1.141050 0.203399 0.000000
vt 1.126353 0.174129 0.000000
vt 1.039294 0.199240 0.000000
vt 0.951696 0.295545 0.000000
vt 0.923933 0.432095 0.000000
vt 1.218029 0.050908 0.000000
vt 1.248473 0.020990 0.000000
vt 1.215595 0.117726 0.000000
vt 1.307469 0.151002 0.000000
vt 1.236879 0.195182 0.000000
vt 1.310924 0.258534 0.000000
vt 1.200358 0.191265 0.000000
vt 1.230199 0.226430 0.000000
vt 1.168362 0.154174 0.000000
vt 1.059879 0.188818 0.000000
vt 0.964909 0.311755 0.000000
vt 0.929372 0.464140 0.000000
vt 0.879466 0.559374 0.000000
vt 0.794113 0.617240 0.000000
vt 0.624545 0.701437 0.000000
vt 0.556222 0.801029 0.000000
vt 0.438897 0.929093 0.000000
vt 0.404108 1.092429 0.000000
vt 0.414503 1.229095 0.000000
vt 0.526239 1.406124 0.000000
vt 0.698884 1.510939 0.000000
vt 0.874705 1.514339 0.000000
vt 0.796294 0.007721 0.000000
vt 0.812928 -0.002010 0.000000
vt 0.774359 0.027995 0.000000
vt 0.748032 -0.083599 0.000000
vt 0.868128 0.143393 0.000000
vt 0.799080 0.054273 0.000000
vt 0.793254 0.069985 0.000000
vt 0.793099 0.171546 0.000000
vt 0.783905 0.098954 0.000000
vt 0.784517 0.097141 0.000000
vt 0.783397 0.134122 0.000000
vt 0.779398 0.104131 0.000000
vt 0.788441 0.133921 0.000000
vt 0.882824 -0.001179 0.000000
vt 0.915207 -0.011928 0.000000
vt 0.952703 -0.104007 0.000000
vt 0.930804 0.012599 0.000000
vt 0.891086 0.045012 0.000000
vt 0.911171 0.058286 0.000000
vt 0.838740 0.166682 0.000000
vt 0.866719 0.090251 0.000000
vt 0.910313 0.121519 0.000000
vt 0.928323 0.083048 0.000000
vt 0.862891 0.125771 0.000000
vt 0.964005 0.086863 0.000000
vt 0.943446 0.119210 0.000000
vt 1.021654 1.487310 0.000000
vt 0.783447 0.134381 0.000000
usemtl Material_5
f 1718/1718 1717/1717 1719/1719
f 1720/1720 1719/1719 1717/1717
f 1722/1722 1721/1721 1723/1723
f 1724/1724 1723/1723 1721/1721
f 1725/1725 1717/1717 1726/1726
f 1718/1718 1726/1726 1717/1717
f 1728/1728 1727/1727 1729/1729
f 1730/1730 1729/1729 1727/1727
f 1729/1729 1731/1731 1728/1728
f 1732/1732 1728/1728 1731/1731
f 1734/1734 1733/1733 1731/1731
f 1732/1732 1731/1731 1733/1733
f 1735/1735 1727/1727 1732/1732
f 1728/1728 1732/1732 1727/1727
f 1737/1737 1736/1736 1738/1738
f 1739/1739 1738/1738 1736/1736
f 1741/1741 1740/1740 1742/1742
f 1734/1734 1742/1742 1740/1740
f 1744/1744 1743/1743 1735/1735
f 1727/1727 1735/1735 1743/1743
f 1746/1746 1745/1745 1747/1747
f 1748/1748 1747/1747 1745/1745
f 1748/1748 1745/1745 1749/1749
f 1750/1750 1749/1749 1745/1745
f 1751/1751 1746/1746 1752/1752
f 1747/1747 1752/1752 1746/1746
f 1749/1749 1753/1753 1748/1748
f 1754/1754 1748/1748 1753/1753
f 1754/1754 1755/1755 1748/1748
f 1747/1747 1748/1748 1755/1755
f 1751/1751 1750/1750 1746/1746
f 1745/1745 1746/1746 1750/1750
f 1757/1757 1756/1756 1758/1758
f 1741/1741 1758/1758 1756/1756
f 1760/1760 1759/1759 1761/1761
f 1762/1762 1761/1761 1759/1759
f 1736/1736 1756/1756 1739/1739
f 1763/1763 1739/1739 1756/1756
f 1764/1764 1763/1763 1753/1753
f 1754/1754 1753/1753 1763/1763
f 1762/1762 1765/1765 1761/1761
f 1766/1766 1761/1761 1765/1765
f 1768/1768 1767/1767 1764/1764
f 1763/1763 1764/1764 1767/1767
f 1760/1760 1761/1761 1769/1769
f 1770/1770 1769/1769 1761/1761
f 1766/1766 1771/1771 1772/1772
f 1773/1773 1772/1772 1771/1771
f 1761/1761 1766/1766 1770/1770
f 1772/1772 1770/1770 1766/1766
f 1720/1720 1717/1717 1774/1774
f 1775/1775 1774/1774 1717/1717
f 1724/1724 1776/1776 1723/1723
f 1777/1777 1723/1723 1776/1776
f 1775/1775 1717/1717 1778/1778
f 1725/1725 1778/1778 1717/1717
f 1730/1730 1779/1779 1729/1729
f 1780/1780 1729/1729 1779/1779
f 1781/1781 1731/1731 1780/1780
f 1729/1729 1780/1780 1731/1731
f 1781/1781 1782/1782 1731/1731
f 1734/1734 1731/1731 1782/1782
f 1780/1780 1779/1779 1781/1781
f 1783/1783 1781/1781 1779/1779
f 1785/1785 1784/1784 1786/1786
f 1787/1787 1786/1786 1784/1784
f 1734/1734 1788/1788 1742/1742
f 1789/1789 1742/1742 1788/1788
f 1779/1779 1743/1743 1783/1783
f 1744/1744 1783/1783 1743/1743
f 1791/1791 1790/1790 1792/1792
f 1793/1793 1792/1792 1790/1790
f 1750/1750 1790/1790 1749/1749
f 1791/1791 1749/1749 1790/1790
f 1792/1792 1793/1793 1752/1752
f 1751/1751 1752/1752 1793/1793
f 1794/1794 1753/1753 1791/1791
f 1749/1749 1791/1791 1753/1753
f 1792/1792 1795/1795 1791/1791
f 1794/1794 1791/1791 1795/1795
f 1790/1790 1750/1750 1793/1793
f 1751/1751 1793/1793 1750/1750
f 1789/1789 1796/1796 1797/1797
f 1798/1798 1797/1797 1796/1796
f 1799/1799 1759/1759 1800/1800
f 1760/1760 1800/1800 1759/1759
f 1801/1801 1796/1796 1785/1785
f 1784/1784 1785/1785 1796/1796
f 1794/1794 1801/1801 1753/1753
f 1764/1764 1753/1753 1801/1801
f 1803/1803 1802/1802 1800/1800
f 1799/1799 1800/1800 1802/1802
f 1801/1801 1804/1804 1764/1764
f 1768/1768 1764/1764 1804/1804
f 1805/1805 1800/1800 1769/1769
f 1760/1760 1769/1769 1800/1800
f 1773/1773 1771/1771 1806/1806
f 1803/1803 1806/1806 1771/1771
f 1806/1806 1803/1803 1805/1805
f 1800/1800 1805/1805 1803/1803
f 1808/1808 1807/1807 1809/1809
f 1810/1810 1809/1809 1807/1807
f 1809/1809 1810/1810 1811/1811
f 1812/1812 1811/1811 1810/1810
f 1811/1811 1812/1812 1813/1813
f 1814/1814 1813/1813 1812/1812
f 1813/1813 1814/1814 1815/1815
f 1816/1816 1815/1815 1814/1814
f 1815/1815 1816/1816 1817/1817
f 1818/1818 1817/1817 1816/1816
f 1817/1817 1818/1818 1819/1819
f 1820/1820 1819/1819 1818/1818
f 1820/1820 1821/1821 1819/1819
f 1822/1822 1819/1819 1821/1821
f 1822/1822 1821/1821 1823/1823
f 1824/1824 1823/1823 1821/1821
f 1825/1825 1824/1824 1826/1826
f 1827/1827 1826/1826 1824/1824
f 1772/1772 1773/1773 1828/1828
f 1829/1829 1828/1828 1773/1773
f 1828/1828 1829/1829 1830/1830
f 1831/1831 1830/1830 1829/1829
f 1830/1830 1831/1831 1832/1832
f 1833/1833 1832/1832 1831/1831
f 1832/1832 1833/1833 1834/1834
f 1835/1835 1834/1834 1833/1833
f 1834/1834 1835/1835 1836/1836
f 1837/1837 1836/1836 1835/1835
f 1836/1836 1837/1837 1838/1838
f 1839/1839 1838/1838 1837/1837
f 1838/1838 1839/1839 1840/1840
f 1841/1841 1840/1840 1839/1839
f 1840/1840 1841/1841 1842/1842
f 1843/1843 1842/1842 1841/1841
f 1842/1842 1843/1843 1844/1844
f 1808/1808 1844/1844 1843/1843
f 1844/1844 1808/1808 1845/1845
f 1809/1809 1845/1845 1808/1808
f 1845/1845 1809/1809 1846/1846
f 1811/1811 1846/1846 1809/1809
f 1846/1846 1811/1811 1847/1847
f 1813/1813 1847/1847 1811/1811
f 1847/1847 1813/1813 1848/1848
f 1815/1815 1848/1848 1813/1813
f 1849/1849 1848/1848 1817/1817
f 1815/1815 1817/1817 1848/1848
f 1849/1849 1817/1817 1850/1850
f 1819/1819 1850/1850 1817/1817
f 1819/1819 1822/1822 1850/1850
f 1851/1851 1850/1850 1822/1822
f 1853/1853 1852/1852 1854/1854
f 1825/1825 1854/1854 1852/1852
f 1855/1855 1825/1825 1856/1856
f 1826/1826 1856/1856 1825/1825
f 1770/1770 1772/1772 1857/1857
f 1828/1828 1857/1857 1772/1772
f 1857/1857 1828/1828 1858/1858
f 1830/1830 1858/1858 1828/1828
f 1858/1858 1830/1830 1859/1859
f 1832/1832 1859/1859 1830/1830
f 1859/1859 1832/1832 1860/1860
f 1834/1834 1860/1860 1832/1832
f 1773/1773 1806/1806 1829/1829
f 1861/1861 1829/1829 1806/1806
f 1829/1829 1861/1861 1831/1831
f 1862/1862 1831/1831 1861/1861
f 1831/1831 1862/1862 1833/1833
f 1863/1863 1833/1833 1862/1862
f 1833/1833 1863/1863 1835/1835
f 1864/1864 1835/1835 1863/1863
f 1835/1835 1864/1864 1837/1837
f 1865/1865 1837/1837 1864/1864
f 1837/1837 1865/1865 1839/1839
f 1866/1866 1839/1839 1865/1865
f 1839/1839 1866/1866 1841/1841
f 1867/1867 1841/1841 1866/1866
f 1841/1841 1867/1867 1843/1843
f 1868/1868 1843/1843 1867/1867
f 1868/1868 1807/1807 1843/1843
f 1808/1808 1843/1843 1807/1807
f 1805/1805 1769/1769 1869/1869
f 1870/1870 1869/1869 1769/1769
f 1869/1869 1870/1870 1871/1871
f 1872/1872 1871/1871 1870/1870
f 1871/1871 1872/1872 1873/1873
f 1874/1874 1873/1873 1872/1872
f 1873/1873 1874/1874 1875/1875
f 1876/1876 1875/1875 1874/1874
f 1769/1769 1770/1770 1870/1870
f 1857/1857 1870/1870 1770/1770
f 1870/1870 1857/1857 1872/1872
f 1858/1858 1872/1872 1857/1857
f 1872/1872 1858/1858 1874/1874
f 1859/1859 1874/1874 1858/1858
f 1874/1874 1859/1859 1876/1876
f 1860/1860 1876/1876 1859/1859
f 1876/1876 1860/1860 1877/1877
f 1836/1836 1877/1877 1860/1860
f 1877/1877 1836/1836 1878/1878
f 1838/1838 1878/1878 1836/1836
f 1878/1878 1838/1838 1879/1879
f 1840/1840 1879/1879 1838/1838
f 1879/1879 1840/1840 1880/1880
f 1842/1842 1880/1880 1840/1840
f 1880/1880 1842/1842 1881/1881
f 1844/1844 1881/1881 1842/1842
f 1881/1881 1844/1844 1882/1882
f 1845/1845 1882/1882 1844/1844
f 1882/1882 1845/1845 1883/1883
f 1846/1846 1883/1883 1845/1845
f 1883/1883 1846/1846 1884/1884
f 1847/1847 1884/1884 1846/1846
f 1884/1884 1847/1847 1885/1885
f 1848/1848 1885/1885 1847/1847
f 1848/1848 1849/1849 1885/1885
f 1886/1886 1885/1885 1849/1849
f 1886/1886 1849/1849 1887/1887
f 1850/1850 1887/1887 1849/1849
f 1887/1887 1850/1850 1888/1888
f 1851/1851 1888/1888 1850/1850
f 1888/1888 1851/1851 1889/1889
f 1855/1855 1889/1889 1851/1851
f 1889/1889 1855/1855 1890/1890
f 1856/1856 1890/1890 1855/1855
f 1806/1806 1805/1805 1861/1861
f 1869/1869 1861/1861 1805/1805
f 1861/1861 1869/1869 1862/1862
f 1871/1871 1862/1862 1869/1869
f 1862/1862 1871/1871 1863/1863
f 1873/1873 1863/1863 1871/1871
f 1863/1863 1873/1873 1864/1864
f 1875/1875 1864/1864 1873/1873
f 1864/1864 1875/1875 1865/1865
f 1877/1877 1865/1865 1875/1875
f 1865/1865 1877/1877 1866/1866
f 1878/1878 1866/1866 1877/1877
f 1866/1866 1878/1878 1867/1867
f 1879/1879 1867/1867 1878/1878
f 1867/1867 1879/1879 1868/1868
f 1880/1880 1868/1868 1879/1879
f 1868/1868 1880/1880 1807/1807
f 1881/1881 1807/1807 1880/1880
f 1807/1807 1881/1881 1810/1810
f 1882/1882 1810/1810 1881/1881
f 1810/1810 1882/1882 1812/1812
f 1883/1883 1812/1812 1882/1882
f 1812/1812 1883/1883 1814/1814
f 1884/1884 1814/1814 1883/1883
f 1814/1814 1884/1884 1816/1816
f 1885/1885 1816/1816 1884/1884
f 1816/1816 1885/1885 1818/1818
f 1886/1886 1818/1818 1885/1885
f 1818/1818 1886/1886 1820/1820
f 1887/1887 1820/1820 1886/1886
f 1820/1820 1887/1887 1821/1821
f 1888/1888 1821/1821 1887/1887
f 1821/1821 1888/1888 1824/1824
f 1889/1889 1824/1824 1888/1888
f 1824/1824 1889/1889 1827/1827
f 1890/1890 1827/1827 1889/1889
f 1891/1891 1726/1726 1718/1718
f 1893/1893 1892/1892 1894/1894
f 1892/1892 1891/1891 1894/1894
f 1752/1752 1755/1755 1758/1758
f 1752/1752 1747/1747 1755/1755
f 1895/1895 1758/1758 1741/1741
f 1767/1767 1771/1771 1766/1766
f 1771/1771 1767/1767 1768/1768
f 1896/1896 1891/1891 1718/1718
f 1893/1893 1897/1897 1762/1762
f 1896/1896 1897/1897 1893/1893
f 1724/1724 1721/1721 1719/1719
f 1735/1735 1733/1733 1898/1898
f 1719/1719 1899/1899 1718/1718
f 1895/1895 1741/1741 1742/1742
f 1726/1726 1759/1759 1725/1725
f 1737/1737 1740/1740 1736/1736
f 1727/1727 1743/1743 1730/1730
f 1900/1900 1897/1897 1738/1738
f 1762/1762 1726/1726 1892/1892
f 1741/1741 1756/1756 1740/1740
f 1896/1896 1718/1718 1899/1899
f 1735/1735 1722/1722 1744/1744
f 1735/1735 1898/1898 1722/1722
f 1754/1754 1757/1757 1755/1755
f 1763/1763 1756/1756 1757/1757
f 1891/1891 1893/1893 1894/1894
f 1719/1719 1720/1720 1724/1724
f 1901/1901 1721/1721 1722/1722
f 1737/1737 1898/1898 1740/1740
f 1738/1738 1739/1739 1900/1900
f 1719/1719 1721/1721 1899/1899
f 1733/1733 1740/1740 1898/1898
f 1899/1899 1901/1901 1738/1738
f 1897/1897 1900/1900 1765/1765
f 1738/1738 1901/1901 1737/1737
f 1734/1734 1740/1740 1733/1733
f 1736/1736 1740/1740 1756/1756
f 1899/1899 1738/1738 1897/1897
f 1722/1722 1737/1737 1901/1901
f 1744/1744 1722/1722 1723/1723
f 1737/1737 1722/1722 1898/1898
f 1767/1767 1765/1765 1763/1763
f 1901/1901 1899/1899 1721/1721
f 1732/1732 1733/1733 1735/1735
f 1893/1893 1891/1891 1896/1896
f 1762/1762 1759/1759 1726/1726
f 1757/1757 1754/1754 1763/1763
f 1755/1755 1757/1757 1758/1758
f 1896/1896 1899/1899 1897/1897
f 1902/1902 1900/1900 1739/1739
f 1763/1763 1903/1903 1739/1739
f 1903/1903 1902/1902 1739/1739
f 1897/1897 1765/1765 1762/1762
f 1893/1893 1762/1762 1892/1892
f 1892/1892 1726/1726 1891/1891
f 1752/1752 1758/1758 1895/1895
f 1775/1775 1778/1778 1904/1904
f 1906/1906 1905/1905 1907/1907
f 1906/1906 1904/1904 1905/1905
f 1797/1797 1795/1795 1752/1752
f 1795/1795 1792/1792 1752/1752
f 1789/1789 1797/1797 1895/1895
f 1802/1802 1803/1803 1804/1804
f 1768/1768 1804/1804 1771/1771
f 1775/1775 1904/1904 1908/1908
f 1799/1799 1909/1909 1907/1907
f 1907/1907 1909/1909 1908/1908
f 1774/1774 1776/1776 1724/1724
f 1910/1910 1782/1782 1783/1783
f 1775/1775 1911/1911 1774/1774
f 1742/1742 1789/1789 1895/1895
f 1725/1725 1759/1759 1778/1778
f 1802/1802 1912/1912 1913/1913
f 1784/1784 1788/1788 1787/1787
f 1730/1730 1743/1743 1779/1779
f 1786/1786 1909/1909 1913/1913
f 1905/1905 1778/1778 1799/1799
f 1788/1788 1796/1796 1789/1789
f 1911/1911 1775/1775 1908/1908
f 1744/1744 1777/1777 1783/1783
f 1777/1777 1910/1910 1783/1783
f 1795/1795 1798/1798 1794/1794
f 1798/1798 1796/1796 1801/1801
f 1906/1906 1907/1907 1904/1904
f 1724/1724 1720/1720 1774/1774
f 1777/1777 1776/1776 1914/1914
f 1788/1788 1910/1910 1787/1787
f 1913/1913 1785/1785 1786/1786
f 1911/1911 1776/1776 1774/1774
f 1910/1910 1788/1788 1782/1782
f 1786/1786 1914/1914 1911/1911
f 1802/1802 1913/1913 1909/1909
f 1787/1787 1914/1914 1786/1786
f 1782/1782 1788/1788 1734/1734
f 1796/1796 1788/1788 1784/1784
f 1802/1802 1801/1801 1912/1912
f 1909/1909 1786/1786 1911/1911
f 1914/1914 1787/1787 1777/1777
f 1723/1723 1777/1777 1744/1744
f 1910/1910 1777/1777 1787/1787
f 1801/1801 1802/1802 1804/1804
f 1776/1776 1911/1911 1914/1914
f 1783/1783 1782/1782 1781/1781
f 1908/1908 1904/1904 1907/1907
f 1778/1778 1759/1759 1799/1799
f 1801/1801 1794/1794 1798/1798
f 1797/1797 1798/1798 1795/1795
f 1909/1909 1911/1911 1908/1908
f 1785/1785 1913/1913 1915/1915
f 1785/1785 1916/1916 1801/1801
f 1785/1785 1915/1915 1916/1916
f 1799/1799 1802/1802 1909/1909
f 1905/1905 1799/1799 1907/1907
f 1904/1904 1778/1778 1905/1905
f 1895/1895 1797/1797 1752/1752
f 1826/1826 1827/1827 1917/1917
f 1856/1856 1826/1826 1917/1917
f 1860/1860 1834/1834 1836/1836
f 1875/1875 1876/1876 1877/1877
f 1890/1890 1856/1856 1917/1917
f 1827/1827 1890/1890 1917/1917
f 1803/1803 1771/1771 1804/1804
f 1765/1765 1767/1767 1766/1766
f 1918/1918 1763/1763 1765/1765
f 1765/1765 1900/1900 1918/1918

