mtllib human_langren.mtl

g Human_langren_weapon_a
v -5.188805 9.867820 110.957900
v -16.663930 11.915310 145.828400
v -20.639890 14.293920 139.771100
v -8.185268 11.295650 109.888000
v -20.639890 14.293920 139.771100
v -17.613990 20.933650 140.157500
v -5.865810 16.385250 110.184200
v -8.185268 11.295650 109.888000
v -2.869343 14.957420 111.254100
v -13.476840 18.908730 146.235400
v -6.876561 15.817220 143.991400
v 0.127122 13.529590 112.324000
v -6.876561 15.817220 143.991400
v -9.902460 9.177484 143.605000
v -2.192344 8.439993 112.027800
v 0.127122 13.529590 112.324000
v -25.428380 16.091610 142.699000
v -25.428380 16.091610 142.699000
v -22.241290 23.085030 143.106000
v -20.639890 14.293920 139.771100
v -4.712385 14.732430 149.364800
v -7.899469 7.739005 148.957800
v -6.876561 15.817220 143.991400
v -16.663930 11.915310 145.828400
v -22.147170 14.868620 147.154700
v -25.428380 16.091610 142.699000
v -22.147170 14.868620 147.154700
v -19.360190 20.984100 147.510600
v -22.241290 23.085030 143.106000
v -25.428380 16.091610 142.699000
v -4.712385 14.732430 149.364800
v -13.476840 18.908730 146.235400
v -9.885486 16.469360 150.893600
v -9.885486 16.469360 150.893600
v -12.672470 10.353880 150.537700
v -7.899469 7.739005 148.957800
v -4.712385 14.732430 149.364800
v -18.869610 14.647820 155.652400
v -17.412750 17.844600 155.838500
v -7.899469 7.739005 148.957800
v -12.672470 10.353880 150.537700
v -18.869610 14.647820 155.652400
v -13.476840 18.908730 146.235400
v -17.613990 20.933650 140.157500
v -22.241290 23.085030 143.106000
v -19.360190 20.984100 147.510600
v -22.241290 23.085030 143.106000
v -17.412750 17.844600 155.838500
v -9.902460 9.177484 143.605000
v -7.899469 7.739005 148.957800
v -16.663930 11.915310 145.828400
v -4.712385 14.732430 149.364800
v 11.257310 9.310323 44.703560
v 15.754540 3.214350 43.423130
v -5.188805 9.867820 110.957900
v -8.185268 11.295650 109.888000
v 0.127122 13.529590 112.324000
v -2.192344 8.439993 112.027800
v 21.511380 4.424215 48.364850
v 21.511380 4.424215 48.364850
v 18.855980 10.019840 43.819180
v -2.869343 14.957420 111.254100
v 0.127122 13.529590 112.324000
v -8.185268 11.295650 109.888000
v -5.865810 16.385250 110.184200
v 11.257310 9.310323 44.703560
v 15.754540 3.214350 43.423130
v 25.671630 2.620664 46.609200
v 15.754540 3.214350 43.423130
v 21.357520 5.516289 30.803010
v 25.671630 2.620664 46.609200
v 8.935361 10.605410 40.632620
v 18.855980 10.019840 43.819180
v 8.935361 10.605410 40.632620
v 18.855980 10.019840 43.819180
v -5.188805 9.867820 110.957900
v -2.192344 8.439993 112.027800
v -5.188805 9.867820 110.957900
v -2.192344 8.439993 112.027800
v -2.869343 14.957420 111.254100
v -5.865810 16.385250 110.184200
v -2.869343 14.957420 111.254100
v -5.865810 16.385250 110.184200
v -4.673689 10.998170 111.023700
v 27.929030 -7.165663 122.890400
v 22.147830 -4.047966 125.791600
v -5.721402 11.282780 114.337800
v 22.147830 -4.047966 125.791600
v 24.914750 2.023511 126.144900
v -4.432195 14.111690 114.502500
v -5.721402 11.282780 114.337800
v -3.384482 13.827080 111.188300
v 31.186540 -0.017676 123.306400
v 26.384380 -1.787058 116.943700
v -2.981369 12.128010 107.791900
v 27.160310 -2.939641 130.683100
v 22.147830 -4.047966 125.791600
v 27.160310 -2.939641 130.683100
v 27.929030 -7.165663 122.890400
v 31.569600 -4.780757 128.245700
v 27.160310 -2.939641 130.683100
v 31.973370 -4.202105 115.516200
v 31.186540 -0.017676 123.306400
v 34.076680 -5.488498 120.281000
v 39.638370 -8.395589 126.697800
v 31.186540 -0.017676 123.306400
v 24.914750 2.023511 126.144900
v 31.973370 -4.202105 115.516200
v 27.929030 -7.165663 122.890400
v -35.825910 23.576760 105.091700
v -33.058990 29.648240 105.445000
v -35.825910 23.576760 105.091700
v -40.013690 29.068330 106.698200
v -39.244710 24.842920 98.905590
v -40.013690 29.068330 106.698200
v -33.058990 29.648240 105.445000
v -4.432195 14.111690 114.502500
v -3.384482 13.827080 111.188300
v -35.987190 31.990900 99.321570
v -39.244710 24.842920 98.905590
v -40.013690 29.068330 106.698200
v -42.135360 30.312630 101.931000
v -35.218170 27.765610 91.528980
v -39.617880 29.628730 93.967700
v -35.987190 31.990900 99.321570
v -4.673689 10.998170 111.023700
v -5.721402 11.282780 114.337800
v -47.696710 33.220450 95.514180
v -31.589430 25.837530 96.243760
v -39.244710 24.842920 98.905590
v -35.218170 27.765610 91.528980
v -35.987190 31.990900 99.321570
v -4.673689 10.998170 111.023700
v -2.981369 12.128010 107.791900
v -4.673689 10.998170 111.023700
v -3.384482 13.827080 111.188300
v -4.432195 14.111690 114.502500
v -3.384482 13.827080 111.188300
v -13.355870 15.538270 128.314500
v -27.095060 23.046940 106.880000
v -24.983180 22.207350 104.768700
v -11.243970 14.698680 126.203300
vt 0.709153 0.019351 0.000000
vt 0.709153 0.763428 0.000000
vt 0.587040 0.675001 0.000000
vt 0.642938 0.019351 0.000000
vt 0.961422 0.164352 0.000000
vt 0.982866 0.164352 0.000000
vt 0.982866 0.006662 0.000000
vt 0.961422 0.006662 0.000000
vt 0.709153 0.019351 0.000000
vt 0.709153 0.763428 0.000000
vt 0.587040 0.675001 0.000000
vt 0.642938 0.019351 0.000000
vt 0.982866 0.164352 0.000000
vt 0.961422 0.164352 0.000000
vt 0.961422 0.006662 0.000000
vt 0.982866 0.006662 0.000000
vt 0.507026 0.763428 0.000000
vt 0.961422 0.189090 0.000000
vt 0.982866 0.189090 0.000000
vt 0.961422 0.164352 0.000000
vt 0.982866 0.189090 0.000000
vt 0.961422 0.189090 0.000000
vt 0.982866 0.164352 0.000000
vt 0.709153 0.763428 0.000000
vt 0.601917 0.827175 0.000000
vt 0.507026 0.763428 0.000000
vt 0.961422 0.217097 0.000000
vt 0.982866 0.217097 0.000000
vt 0.982866 0.189090 0.000000
vt 0.961422 0.189090 0.000000
vt 0.507026 0.763428 0.000000
vt 0.709153 0.763428 0.000000
vt 0.601917 0.827175 0.000000
vt 0.982866 0.217097 0.000000
vt 0.961422 0.217097 0.000000
vt 0.961422 0.189090 0.000000
vt 0.982866 0.189090 0.000000
vt 0.961422 0.261335 0.000000
vt 0.982866 0.261335 0.000000
vt 0.507026 0.763428 0.000000
vt 0.601917 0.827175 0.000000
vt 0.709153 0.958721 0.000000
vt 0.709153 0.763428 0.000000
vt 0.587040 0.675001 0.000000
vt 0.507026 0.763428 0.000000
vt 0.601917 0.827175 0.000000
vt 0.507026 0.763428 0.000000
vt 0.709153 0.958721 0.000000
vt 0.587040 0.675001 0.000000
vt 0.507026 0.763428 0.000000
vt 0.709153 0.763428 0.000000
vt 0.507026 0.763428 0.000000
vt 0.854081 0.172783 0.000000
vt 0.923778 0.136995 0.000000
vt 0.923778 0.994007 0.000000
vt 0.883031 0.994007 0.000000
vt 0.944036 0.706408 0.000000
vt 0.929103 0.706408 0.000000
vt 0.929103 0.286063 0.000000
vt 0.854081 0.172783 0.000000
vt 0.923778 0.136995 0.000000
vt 0.923778 0.994007 0.000000
vt 0.883031 0.994007 0.000000
vt 0.929103 0.706408 0.000000
vt 0.944036 0.706408 0.000000
vt 0.944036 0.286063 0.000000
vt 0.923778 0.136995 0.000000
vt 0.810018 0.136995 0.000000
vt 0.923778 0.136995 0.000000
vt 0.923778 0.007460 0.000000
vt 0.810018 0.136995 0.000000
vt 0.810018 0.136995 0.000000
vt 0.923778 0.136995 0.000000
vt 0.810018 0.136995 0.000000
vt 0.923778 0.136995 0.000000
vt 0.923778 0.994007 0.000000
vt 0.883031 0.994007 0.000000
vt 0.709153 0.019351 0.000000
vt 0.642938 0.019351 0.000000
vt 0.923778 0.994007 0.000000
vt 0.883031 0.994007 0.000000
vt 0.709153 0.019351 0.000000
vt 0.642938 0.019351 0.000000
vt 0.717209 0.019351 0.000000
vt 0.717209 0.763102 0.000000
vt 0.806395 0.663284 0.000000
vt 0.782885 0.019351 0.000000
vt 0.929103 0.884106 0.000000
vt 0.944035 0.884106 0.000000
vt 0.944035 0.706409 0.000000
vt 0.929103 0.706409 0.000000
vt 0.717209 0.019351 0.000000
vt 0.717209 0.763102 0.000000
vt 0.806395 0.663284 0.000000
vt 0.782885 0.019351 0.000000
vt 0.866674 0.763104 0.000000
vt 0.929103 0.884106 0.000000
vt 0.929103 0.911983 0.000000
vt 0.717209 0.763102 0.000000
vt 0.795983 0.833862 0.000000
vt 0.866674 0.763104 0.000000
vt 0.866674 0.763105 0.000000
vt 0.717209 0.763102 0.000000
vt 0.795983 0.833862 0.000000
vt 0.717209 0.958107 0.000000
vt 0.717209 0.763102 0.000000
vt 0.806395 0.663284 0.000000
vt 0.866674 0.763105 0.000000
vt 0.717209 0.763102 0.000000
vt 0.929103 0.884106 0.000000
vt 0.944035 0.884106 0.000000
vt 0.806395 0.663284 0.000000
vt 0.866674 0.763104 0.000000
vt 0.717208 0.763105 0.000000
vt 0.929103 0.911983 0.000000
vt 0.806395 0.663284 0.000000
vt 0.782885 0.019351 0.000000
vt 0.717209 0.019351 0.000000
vt 0.717208 0.763105 0.000000
vt 0.717208 0.763105 0.000000
vt 0.866674 0.763104 0.000000
vt 0.795983 0.833862 0.000000
vt 0.866674 0.763105 0.000000
vt 0.795983 0.833862 0.000000
vt 0.717208 0.763105 0.000000
vt 0.717209 0.019351 0.000000
vt 0.782885 0.019351 0.000000
vt 0.717208 0.958109 0.000000
vt 0.806395 0.663284 0.000000
vt 0.717208 0.763105 0.000000
vt 0.866674 0.763105 0.000000
vt 0.717208 0.763105 0.000000
vt 0.717209 0.019351 0.000000
vt 0.782885 0.019351 0.000000
vt 0.717209 0.019351 0.000000
vt 0.717209 0.019351 0.000000
vt 0.782885 0.019351 0.000000
vt 0.717209 0.019351 0.000000
vt 0.991326 0.948340 0.000000
vt 0.991326 0.626275 0.000000
vt 0.949988 0.626275 0.000000
vt 0.949988 0.948340 0.000000
usemtl Material_1
f 1/1 2/2 3/3
f 3/3 4/4 1/1
f 5/5 6/6 7/7
f 7/7 8/8 5/5
f 9/9 10/10 11/11
f 11/11 12/12 9/9
f 13/13 14/14 15/15
f 15/15 16/16 13/13
f 3/3 2/2 17/17
f 18/18 19/19 6/6
f 6/6 20/20 18/18
f 21/21 22/22 14/14
f 14/14 23/23 21/21
f 24/24 25/25 26/26
f 27/27 28/28 29/29
f 29/29 30/30 27/27
f 31/31 32/32 33/33
f 34/34 35/35 36/36
f 36/36 37/37 34/34
f 38/38 39/39 28/28
f 28/28 27/27 38/38
f 39/39 38/38 35/35
f 35/35 34/34 39/39
f 40/40 41/41 24/24
f 25/25 24/24 42/42
f 43/43 44/44 45/45
f 46/46 32/32 47/47
f 48/48 32/32 46/46
f 42/42 24/24 41/41
f 33/33 32/32 48/48
f 49/49 50/50 51/51
f 11/11 10/10 52/52
f 53/53 54/54 55/55
f 55/55 56/56 53/53
f 57/57 58/58 59/59
f 60/60 61/61 62/62
f 62/62 63/63 60/60
f 64/64 65/65 66/66
f 60/60 67/67 68/68
f 69/69 70/70 71/71
f 72/72 73/73 70/70
f 72/72 70/70 69/69
f 61/61 60/60 68/68
f 70/70 73/73 71/71
f 53/53 74/74 54/54
f 53/53 75/75 74/74
f 76/76 67/67 60/60
f 60/60 77/77 76/76
f 49/49 51/51 78/78
f 78/78 79/79 49/49
f 80/80 75/75 53/53
f 53/53 81/81 80/80
f 44/44 43/43 82/82
f 82/82 83/83 44/44
f 84/84 85/85 86/86
f 86/86 87/87 84/84
f 88/88 89/89 90/90
f 90/90 91/91 88/88
f 92/92 93/93 94/94
f 94/94 95/95 92/92
f 86/86 85/85 96/96
f 89/89 97/97 98/98
f 99/99 100/100 101/101
f 102/102 103/103 104/104
f 102/102 104/104 99/99
f 100/100 99/99 105/105
f 106/106 107/107 96/96
f 100/100 103/103 101/101
f 105/105 103/103 100/100
f 105/105 99/99 104/104
f 104/104 103/103 105/105
f 94/94 108/108 109/109
f 94/94 93/93 108/108
f 110/110 91/91 90/90
f 90/90 111/111 110/110
f 112/112 113/113 114/114
f 111/111 115/115 110/110
f 116/116 117/117 118/118
f 118/118 119/119 116/116
f 120/120 121/121 122/122
f 123/123 124/124 125/125
f 126/126 127/127 112/112
f 112/112 114/114 126/126
f 123/123 120/120 124/124
f 122/122 128/128 120/120
f 119/119 113/113 116/116
f 122/122 121/121 125/125
f 128/128 122/122 125/125
f 128/128 124/124 120/120
f 124/124 128/128 125/125
f 129/129 130/130 131/131
f 129/129 131/131 132/132
f 94/94 109/109 133/133
f 133/133 95/95 94/94
f 129/129 134/134 135/135
f 135/135 130/130 129/129
f 107/107 106/106 136/136
f 136/136 137/137 107/107
f 138/138 134/134 129/129
f 129/129 132/132 138/138
f 139/139 140/140 141/141
f 141/141 142/142 139/139

g Human_langren_weapon_a
v -4.299770 -30.582320 105.494800
v -5.839101 -31.644620 105.374000
v -6.018327 -19.014260 110.222700
v -1.208102 -21.489570 110.662000
v -2.397190 -24.448510 110.686100
v -4.035333 -31.264700 106.457400
v -4.299770 -30.582320 105.494800
v -2.397190 -24.448510 110.686100
v -4.299770 -30.582320 105.494800
v -1.208102 -21.489570 110.662000
v -4.292941 -27.759460 117.476400
v -1.973636 -26.509210 119.637600
v -6.069219 -27.972970 120.398200
v -6.029915 -28.567560 117.809500
v -4.441723 -31.511880 107.692300
v -5.859994 -32.246910 107.393700
v -5.844376 -32.514820 106.387400
v -3.827529 -35.966710 113.812200
v -5.894547 -37.418850 113.663900
v -5.887492 -36.418330 112.422800
v -4.535657 -35.216680 112.666900
v -2.021090 -24.480470 112.812200
v -0.138193 -15.663520 113.898600
v -0.485100 -18.491480 114.482300
v -4.608843 -35.845810 114.856000
v -5.942207 -35.187420 115.744100
v -5.844376 -32.514820 106.387400
v -5.839101 -31.644620 105.374000
v -4.299770 -30.582320 105.494800
v -4.299770 -30.582320 105.494800
v -4.380365 -23.324310 122.569500
v 0.514335 -18.321210 120.390700
v -6.188556 -17.608960 122.256600
v -4.444948 -33.426700 109.765700
v -5.867409 -34.092250 109.254000
v -5.868793 -34.693600 109.783200
v -4.082778 -33.780990 110.303000
v -5.924181 -37.131860 115.728900
v -2.944395 -25.723560 116.149200
v -2.716441 -27.356040 116.360000
v -2.547647 -26.637840 114.752300
v -1.129815 -21.330530 117.573400
v 1.102478 -16.379190 122.931700
v -4.380365 -23.324310 122.569500
v 0.144210 -13.218120 129.954100
v -1.208102 -21.489570 110.662000
v -1.129815 -21.330530 117.573400
v -0.485100 -18.491480 114.482300
v 0.514335 -18.321210 120.390700
v -1.065046 -24.189810 114.957800
v -0.636268 -22.181310 121.820800
v 1.102478 -16.379190 122.931700
v 0.144210 -13.218120 129.954100
v -1.065046 -24.189810 114.957800
v -1.208102 -21.489570 110.662000
v -0.485100 -18.491480 114.482300
v -0.485100 -18.491480 114.482300
v -2.222647 -25.949170 113.486600
v -6.145310 -23.053410 122.766900
v -0.636268 -22.181310 121.820800
v -0.636268 -22.181310 121.820800
v -0.636268 -22.181310 121.820800
v 0.514335 -18.321210 120.390700
v 1.102478 -16.379190 122.931700
v 0.514335 -18.321210 120.390700
v -4.380365 -23.324310 122.569500
v 1.102478 -16.379190 122.931700
v -0.636268 -22.181310 121.820800
v 0.514335 -18.321210 120.390700
v -0.485100 -18.491480 114.482300
v -0.138193 -15.663520 113.898600
v -1.208102 -21.489570 110.662000
v 9.435921 -6.749224 117.893200
v 0.461272 -1.391662 119.942400
v -3.488574 -10.058850 122.799300
v 9.204573 3.295931 85.557850
v 3.220270 4.662416 85.576680
v 13.024540 5.260098 99.204190
v 3.924599 6.207952 99.256260
v 3.178561 4.570915 111.461300
v 13.033500 2.567504 110.599600
v 1.237184 -14.391970 119.653100
v 7.899845 -13.341360 115.806800
v 20.573770 -3.518776 99.450570
v 18.940650 -5.689262 112.697200
v 13.873320 -14.052990 113.662400
v 21.100340 -4.856531 106.349300
v -0.138193 -15.663520 113.898600
v -0.138193 -15.663520 113.898600
v 1.237184 -14.391970 119.653100
v 0.514335 -18.321210 120.390700
v 1.691961 -16.840030 110.080500
v 2.973346 -19.645150 93.963040
v 0.728325 -19.442050 103.221600
v -6.871399 -17.481880 102.228600
v -6.619894 -16.930000 94.010030
v 2.375814 -12.977070 85.756090
v -4.499715 -12.277670 86.356600
v -3.939987 -11.049430 76.532740
v 2.718955 -11.327230 76.531260
v -6.207696 -16.025480 106.855800
v 8.902464 -21.683050 105.165700
v 11.080920 -16.801970 95.619200
v 7.899845 -13.341360 115.806800
v 1.691961 -16.840030 110.080500
v 13.873320 -14.052990 113.662400
v 8.253052 -8.977798 85.517910
v 11.752950 -2.854768 85.249270
v 16.149680 -8.683077 95.135210
v 13.873320 -14.052990 113.662400
v 7.899845 -13.341360 115.806800
v 8.326513 3.641479 75.979280
v 3.835725 6.012920 76.186890
v 11.092450 -0.039029 75.792950
v 8.805082 -7.758558 76.059390
v 16.063950 -15.574250 53.313160
v 14.356870 -22.219670 44.290830
v 13.728320 -8.185753 50.269760
v 3.709183 -20.155240 42.555400
v 10.485550 -14.740780 43.474300
v 10.836520 -15.534160 40.957950
v 4.766839 -19.996910 39.323140
v -0.730823 -9.007734 62.777040
v -1.361959 -5.392414 62.191700
v 3.696810 5.708115 63.752780
v 5.330700 2.856327 63.094450
v 12.143980 0.909541 68.858550
v 8.611137 5.326741 68.822490
v 8.843700 4.824887 72.656800
v 11.028830 -2.237725 61.022250
v 12.143980 0.909541 68.858550
v 3.628085 -17.246980 63.590670
v 1.507345 -12.878320 65.792120
v -0.730823 -9.007734 62.777040
v 4.609278 -22.791630 54.711300
v -0.730823 -9.007734 62.777040
v 4.609278 -22.791630 54.711300
v -0.730823 -9.007734 62.777040
v -0.944933 -14.781670 50.342340
v 9.836710 -28.396840 40.021660
v 4.766839 -19.996910 39.323140
v 4.696514 -17.118660 28.715970
v -0.944933 -14.781670 50.342340
v 5.807336 -5.485094 49.008270
v 12.446020 -20.983970 12.284600
v 16.192410 -17.716870 13.880420
v 17.916470 -19.386670 30.773610
v 11.069560 -25.254480 28.606660
v 14.466410 -22.023460 40.303410
v 9.463886 -16.997500 13.214260
v -0.944933 -14.781670 50.342340
v 11.771280 -22.067410 55.010400
v 12.110450 -10.955370 63.061870
v -0.730823 -9.007734 62.777040
v 1.507345 -12.878320 65.792120
v -4.653901 -12.615970 64.221370
v -0.730823 -9.007734 62.777040
v -4.653901 -12.615970 64.221370
v -1.361959 -5.392414 62.191700
v 4.696514 -17.118660 28.715970
v 12.916730 -11.683020 31.985860
v 13.124530 -14.367220 16.029730
v 9.192211 -27.559130 44.017770
v 3.709183 -20.155240 42.555400
v -4.611610 -12.523190 71.348040
v 1.507345 -12.878320 65.792120
v 4.971739 -10.625010 71.628470
v 3.709183 -20.155240 42.555400
v 5.330700 2.856327 63.094450
v 8.611137 5.326741 68.822490
v 12.143980 0.909541 68.858550
v 4.566846 7.617245 68.732490
v 8.611137 5.326741 68.822490
v 9.771587 -8.610364 68.513350
v 12.143980 0.909541 68.858550
v 9.463886 -16.997500 13.214260
v 4.696514 -17.118660 28.715970
v 13.124530 -14.367220 16.029730
v 9.836710 -28.396840 40.021660
v 3.709183 -20.155240 42.555400
v 4.766839 -19.996910 39.323140
v 3.709183 -20.155240 42.555400
v 4.696514 -17.118660 28.715970
v -4.653901 -12.615970 64.221370
v 1.507345 -12.878320 65.792120
v -4.611610 -12.523190 71.348040
v -6.188556 -17.608960 122.256600
v 1.237184 -14.391970 119.653100
v -6.188556 -17.608960 122.256600
v 0.514335 -18.321210 120.390700
v 13.813600 -20.944270 97.530840
v 15.860970 -25.059840 111.360700
v 8.902464 -21.683050 105.165700
v 17.588770 -11.122240 94.769670
v 13.813600 -20.944270 97.530840
v 11.080920 -16.801970 95.619200
v 17.588770 -11.122240 94.769670
v 11.080920 -16.801970 95.619200
v 16.149680 -8.683077 95.135210
v 20.573770 -3.518776 99.450570
v 21.992770 -5.282015 97.814800
v 17.588770 -11.122240 94.769670
v 20.573770 -3.518776 99.450570
v 17.588770 -11.122240 94.769670
v 16.149680 -8.683077 95.135210
v 21.155350 -23.231460 100.806800
v 24.530890 -21.885060 117.521700
v 29.589120 -12.066040 105.635300
v 24.066830 -11.050050 116.738800
v 18.940650 -5.689262 112.697200
v 25.345240 -7.269800 104.847000
v 20.573770 -3.518776 99.450570
v 21.100340 -4.856531 106.349300
v 25.345240 -7.269800 104.847000
v 20.573770 -3.518776 99.450570
v 25.345240 -7.269800 104.847000
v 21.992770 -5.282015 97.814800
v 30.328210 -6.545212 96.562700
v 25.345240 -7.269800 104.847000
v 29.589120 -12.066040 105.635300
v 30.328210 -6.545212 96.562700
v 29.589120 -12.066040 105.635300
v 34.271380 -12.618510 97.659590
v 33.668890 -8.734972 89.725860
v 29.556610 -8.463937 85.891610
v 25.087970 -6.236156 91.585250
v 27.377310 -19.338600 104.562600
v 21.155350 -23.231460 100.806800
v 25.823280 -22.026690 90.945270
v 31.582730 -19.352980 95.197130
v 13.813600 -20.944270 97.530840
v 25.823280 -22.026690 90.945270
v 21.155350 -23.231460 100.806800
v 20.736930 -19.334380 88.163980
v 26.129840 -17.427550 84.166820
v 29.689850 -19.065740 86.477370
v 20.346840 -13.888740 88.687850
v 26.169430 -12.153090 83.970110
v 30.733010 -19.448960 85.149790
v 36.169460 -14.566330 87.282140
v 34.922230 -14.303690 89.469680
v 27.392420 -12.582290 81.781590
v 26.169430 -12.153090 83.970110
v 31.235940 -8.097335 83.451260
v 35.398860 -8.272096 86.637110
v 26.899540 -13.998620 76.740070
v 27.218030 -17.441890 82.876110
v 27.392420 -12.582290 81.781590
v 32.206250 -10.121920 76.520140
v 38.391560 -12.107270 78.874140
v 37.111180 -17.837880 71.075520
v 32.566790 -16.316390 69.808910
v 37.779490 -22.624710 73.202860
v 38.391560 -12.107270 78.874140
v 39.801590 -18.781270 81.450780
v 34.150330 -28.801580 69.239330
v 37.244590 -26.496620 66.439540
v 37.779490 -22.624710 73.202860
v 34.150330 -28.801580 69.239330
v 37.779490 -22.624710 73.202860
v 33.651500 -25.436920 73.990770
v 29.475980 -23.949340 72.897430
v 30.490940 -27.903680 69.801970
v 37.779490 -22.624710 73.202860
v 37.244590 -26.496620 66.439540
v 35.299770 -22.009180 64.610050
v 31.228120 -21.824760 65.100010
v 29.334630 -24.930570 67.674100
v 28.995330 -20.265810 71.302370
v 28.995330 -20.265810 71.302370
v 30.490940 -27.903680 69.801970
v 28.995330 -20.265810 71.302370
v 29.334630 -24.930570 67.674100
v 25.896900 -20.071920 78.309310
v 32.409400 -23.221180 81.636970
v 25.087970 -6.236156 91.585250
v 21.992770 -5.282015 97.814800
v 25.345240 -7.269800 104.847000
v 25.345240 -7.269800 104.847000
v 25.087970 -6.236156 91.585250
v 20.346840 -13.888740 88.687850
v 17.588770 -11.122240 94.769670
v 17.588770 -11.122240 94.769670
v 29.589120 -12.066040 105.635300
v 25.087970 -6.236156 91.585250
v 26.169430 -12.153090 83.970110
v 20.346840 -13.888740 88.687850
v 17.588770 -11.122240 94.769670
v 20.346840 -13.888740 88.687850
v 13.813600 -20.944270 97.530840
v 13.813600 -20.944270 97.530840
v 32.409400 -23.221180 81.636970
v 28.995330 -20.265810 71.302370
v 27.392420 -12.582290 81.781590
v 21.100340 -4.856531 106.349300
v 18.940650 -5.689262 112.697200
v 25.345240 -7.269800 104.847000
v 27.392420 -12.582290 81.781590
v 26.899540 -13.998620 76.740070
v 25.896900 -20.071920 78.309310
v 26.169430 -12.153090 83.970110
v 37.779490 -22.624710 73.202860
v 35.038990 -28.381610 49.947040
v 32.590750 -24.790020 56.651490
v 36.038900 -26.645900 55.611060
v 33.460270 -28.961630 57.605630
v 31.263810 -29.844540 47.240120
v 24.957280 -31.160100 47.102280
v 29.748350 -28.562640 48.670180
v 30.121220 -31.136520 49.004020
v 32.424630 -30.356490 51.952010
v 33.460270 -28.961630 57.605630
v 32.590750 -24.790020 56.651490
v 32.424630 -30.356490 51.952010
v 32.590750 -24.790020 56.651490
v 31.773720 -27.186210 51.367430
v 29.748350 -28.562640 48.670180
v 32.424630 -30.356490 51.952010
v 29.748350 -28.562640 48.670180
v 30.121220 -31.136520 49.004020
v 29.748350 -28.562640 48.670180
v 24.957280 -31.160100 47.102280
v 30.121220 -31.136520 49.004020
v 32.434720 -36.199460 53.663530
v 32.285830 -32.741680 59.907790
v 33.460270 -28.961630 57.605630
v 32.434720 -36.199460 53.663530
v 33.460270 -28.961630 57.605630
v 33.634760 -33.280040 52.023830
v 31.385050 -34.672330 48.912280
v 30.325580 -37.162570 50.199550
v 24.682520 -35.363190 46.411530
v 28.685490 -38.776530 51.663710
v 26.512850 -39.464490 53.195920
v 28.368330 -38.985310 56.872830
v 31.086330 -37.863220 54.906120
v 23.086560 -36.913870 48.363270
v 28.583440 -36.760380 62.667820
v 32.285830 -32.741680 59.907790
v 31.551600 -41.742770 56.392280
v 32.285830 -32.741680 59.907790
v 32.854000 -37.677650 61.618100
v 28.583440 -36.760380 62.667820
v 23.086560 -36.913870 48.363270
v 27.700410 -41.236400 51.387290
v 26.512850 -39.464490 53.195920
v 27.700410 -41.236400 51.387290
v 23.086560 -36.913870 48.363270
v 28.685490 -38.776530 51.663710
v 32.285830 -32.741680 59.907790
v 36.110120 -36.450680 52.299740
v 36.847620 -33.399040 57.476930
v 33.460270 -28.961630 57.605630
v 32.131230 -37.179510 48.040290
v 24.682520 -35.363190 46.411530
v 31.385050 -34.672330 48.912280
v 24.682520 -35.363190 46.411530
v 32.131230 -37.179510 48.040290
v 30.325580 -37.162570 50.199550
v 21.044660 -36.095480 60.345340
v 20.880920 -39.618120 62.312220
v 24.462480 -34.690730 67.968230
v 23.783910 -30.484770 63.273390
v 26.445040 -36.741600 63.051660
v 29.206810 -35.319890 65.781320
v 24.462480 -34.690730 67.968230
v 21.044660 -36.095480 60.345340
v 23.783910 -30.484770 63.273390
v 26.445040 -36.741600 63.051660
v 21.044660 -36.095480 60.345340
v 26.445040 -36.741600 63.051660
v 24.028140 -38.456160 60.575600
v 35.428630 -33.665500 61.868870
v 38.271610 -32.911860 58.998430
v 34.150330 -28.801580 69.239330
v 35.299770 -22.009180 64.610050
v 37.244590 -26.496620 66.439540
v 37.259420 -25.976610 57.401960
v 34.066360 -37.506320 63.717530
v 34.150330 -28.801580 69.239330
v 29.206810 -35.319890 65.781320
v 34.150330 -28.801580 69.239330
v 30.490940 -27.903680 69.801970
v 29.206810 -35.319890 65.781320
v 24.462480 -34.690730 67.968230
v 29.206810 -35.319890 65.781320
v 30.490940 -27.903680 69.801970
v 29.334630 -24.930570 67.674100
v 23.783910 -30.484770 63.273390
v 24.462480 -34.690730 67.968230
v 28.583440 -36.760380 62.667820
v 32.854000 -37.677650 61.618100
v 29.206810 -35.319890 65.781320
v 32.854000 -37.677650 61.618100
v 35.428630 -33.665500 61.868870
v 34.066360 -37.506320 63.717530
v 36.847620 -33.399040 57.476930
v 36.847620 -33.399040 57.476930
v 36.660570 -28.733980 58.813090
v 38.271610 -32.911860 58.998430
v 36.660570 -28.733980 58.813090
v 36.038900 -26.645900 55.611060
v 37.259420 -25.976610 57.401960
v 37.259420 -25.976610 57.401960
v 32.590750 -24.790020 56.651490
v 35.299770 -22.009180 64.610050
v 32.854000 -37.677650 61.618100
v 31.228120 -21.824760 65.100010
v 35.299770 -22.009180 64.610050
v 32.590750 -24.790020 56.651490
v 31.228120 -21.824760 65.100010
v 32.285830 -32.741680 59.907790
v 28.583440 -36.760380 62.667820
v 33.460270 -28.961630 57.605630
v 31.228120 -21.824760 65.100010
v 32.590750 -24.790020 56.651490
v 28.583440 -36.760380 62.667820
v 31.228120 -21.824760 65.100010
v 28.583440 -36.760380 62.667820
v 23.783910 -30.484770 63.273390
v 26.445040 -36.741600 63.051660
v 26.445040 -36.741600 63.051660
v 20.880920 -39.618120 62.312220
v 24.028140 -38.456160 60.575600
v 24.462480 -34.690730 67.968230
v 30.490940 -27.903680 69.801970
v 29.334630 -24.930570 67.674100
v 34.150330 -28.801580 69.239330
v 37.244590 -26.496620 66.439540
v 31.551600 -41.742770 56.392280
v 28.368330 -38.985310 56.872830
v 26.512850 -39.464490 53.195920
v 31.551600 -41.742770 56.392280
v 26.512850 -39.464490 53.195920
v 27.700410 -41.236400 51.387290
v 31.086330 -37.863220 54.906120
v 31.086330 -37.863220 54.906120
v 27.700410 -41.236400 51.387290
v 28.685490 -38.776530 51.663710
v 36.110120 -36.450680 52.299740
v 32.434720 -36.199460 53.663530
v 30.325580 -37.162570 50.199550
v 36.110120 -36.450680 52.299740
v 30.325580 -37.162570 50.199550
v 32.131230 -37.179510 48.040290
v 33.634760 -33.280040 52.023830
v 33.634760 -33.280040 52.023830
v 32.131230 -37.179510 48.040290
v 31.385050 -34.672330 48.912280
v 35.038990 -28.381610 49.947040
v 32.424630 -30.356490 51.952010
v 31.773720 -27.186210 51.367430
v 31.773720 -27.186210 51.367430
v 32.854000 -37.677650 61.618100
v 32.285830 -32.741680 59.907790
v 35.428630 -33.665500 61.868870
v 35.428630 -33.665500 61.868870
v 32.285830 -32.741680 59.907790
v 36.847620 -33.399040 57.476930
v 36.847620 -33.399040 57.476930
v 33.460270 -28.961630 57.605630
v 36.660570 -28.733980 58.813090
v 36.660570 -28.733980 58.813090
v 33.460270 -28.961630 57.605630
v 36.038900 -26.645900 55.611060
v 33.460270 -28.961630 57.605630
v 32.285830 -32.741680 59.907790
v 31.228120 -21.824760 65.100010
v 37.244590 -26.496620 66.439540
v 36.038900 -26.645900 55.611060
v 32.590750 -24.790020 56.651490
v 37.259420 -25.976610 57.401960
v 20.961320 -39.485030 54.770150
v 21.044660 -36.095480 60.345340
v 24.028140 -38.456160 60.575600
v 20.961320 -39.485030 54.770150
v 24.028140 -38.456160 60.575600
v 29.334630 -24.930570 67.674100
v 31.228120 -21.824760 65.100010
v 23.783910 -30.484770 63.273390
v 34.150330 -28.801580 69.239330
v 38.271610 -32.911860 58.998430
v 37.244590 -26.496620 66.439540
v 13.124530 -14.367220 16.029730
v 14.551420 -12.065470 14.990090
v 9.463886 -16.997500 13.214260
v 16.192410 -17.716870 13.880420
v 14.551420 -12.065470 14.990090
v 13.124530 -14.367220 16.029730
v 20.846020 -24.187420 1.583259
v 18.866950 -26.567110 4.887502
v 18.508250 -31.504540 4.606731
v 20.749240 -30.583190 0.208826
v 6.317432 -30.958450 3.889794
v 6.422630 -24.875680 5.251488
v 5.747727 -29.894920 0.208820
v 18.866950 -26.567110 4.887502
v 16.192410 -17.716870 13.880420
v 12.446020 -20.983970 12.284600
v 18.004790 -15.408580 10.518900
v 10.954060 -13.987980 9.513820
v 14.551420 -12.065470 14.990090
v 18.866950 -26.567110 4.887502
v 18.004790 -15.408580 10.518900
v 16.192410 -17.716870 13.880420
v 20.846020 -24.187420 1.583259
v 13.198270 -25.773320 1.392345
v 5.747727 -29.894920 0.208820
v 10.416310 -33.838670 0.216510
v 3.596679 -43.769530 0.083451
v 16.105890 -34.080120 0.208862
v 13.053980 -46.492280 0.083457
v 10.416310 -33.838670 0.216510
v 20.749240 -30.583190 0.208826
v 22.206140 -43.317030 0.069495
v 16.105890 -34.080120 0.208862
v 20.846020 -24.187420 1.583259
v 20.749240 -30.583190 0.208826
v 13.198270 -25.773320 1.392345
v 10.416310 -33.838670 0.216510
v 5.667376 -37.070400 5.156116
v 3.596679 -43.769530 0.083451
v 5.747727 -29.894920 0.208820
v 3.596679 -43.769530 0.083451
v 5.667376 -37.070400 5.156116
v 10.416310 -33.838670 0.216510
v 13.053980 -46.492280 0.083457
v 12.246790 -38.760870 6.458477
v 16.105890 -34.080120 0.208862
v 12.246790 -38.760870 6.458477
v 13.053980 -46.492280 0.083457
v 16.105890 -34.080120 0.208862
v 22.206140 -43.317030 0.069495
v 19.291420 -37.444160 5.253215
v 20.749240 -30.583190 0.208826
v 19.291420 -37.444160 5.253215
v 22.206140 -43.317030 0.069495
v 6.618801 -21.972690 1.184924
v 5.747727 -29.894920 0.208820
v 12.371060 -33.441300 5.582732
v 10.317490 -32.820090 4.276808
v 12.246790 -38.760870 6.458477
v 15.042500 -32.615440 4.578691
v 19.291420 -37.444160 5.253215
v 18.508250 -31.504540 4.606731
v 15.042500 -32.615440 4.578691
v 5.667376 -37.070400 5.156116
v 6.317432 -30.958450 3.889794
v 5.747727 -29.894920 0.208820
v 6.317432 -30.958450 3.889794
v 5.667376 -37.070400 5.156116
v 10.317490 -32.820090 4.276808
v 16.105890 -34.080120 0.208862
v 10.416310 -33.838670 0.216510
v 13.198270 -25.773320 1.392345
v 16.105890 -34.080120 0.208862
v 13.198270 -25.773320 1.392345
v 20.749240 -30.583190 0.208826
v 12.635060 -27.982210 6.185367
v 10.317490 -32.820090 4.276808
v 12.371060 -33.441300 5.582732
v 12.635060 -27.982210 6.185367
v 12.371060 -33.441300 5.582732
v 15.042500 -32.615440 4.578691
v 10.416310 -33.838670 0.216510
v 5.747727 -29.894920 0.208820
v 13.198270 -25.773320 1.392345
v 10.317490 -32.820090 4.276808
v 5.667376 -37.070400 5.156116
v 10.416310 -33.838670 0.216510
v 10.416310 -33.838670 0.216510
v 15.042500 -32.615440 4.578691
v 12.246790 -38.760870 6.458477
v 16.105890 -34.080120 0.208862
v 16.105890 -34.080120 0.208862
v 12.446020 -20.983970 12.284600
v 12.635060 -27.982210 6.185367
v 18.004790 -15.408580 10.518900
v 20.749240 -30.583190 0.208826
v 18.508250 -31.504540 4.606731
v 19.291420 -37.444160 5.253215
v 28.583440 -36.760380 62.667820
v 26.445040 -36.741600 63.051660
v 23.783910 -30.484770 63.273390
v 12.446020 -20.983970 12.284600
v 9.463886 -16.997500 13.214260
v 6.422630 -24.875680 5.251488
v 2.745092 -20.289090 5.958384
v 9.463886 -16.997500 13.214260
v 10.954060 -13.987980 9.513820
v 6.618801 -21.972690 1.184924
v 6.422630 -24.875680 5.251488
v -1.105781 -24.939930 0.491590
v 6.422630 -24.875680 5.251488
v 2.745092 -20.289090 5.958384
v -1.105781 -24.939930 0.491590
v 6.618801 -21.972690 1.184924
v -1.105781 -24.939930 0.491590
v 2.745092 -20.289090 5.958384
v 6.618801 -21.972690 1.184924
v 2.745092 -20.289090 5.958384
v 10.954060 -13.987980 9.513820
v 2.745092 -20.289090 5.958384
v 6.422630 -24.875680 5.251488
v 9.463886 -16.997500 13.214260
v 12.446020 -20.983970 12.284600
v 12.635060 -27.982210 6.185367
v 16.192410 -17.716870 13.880420
v 18.004790 -15.408580 10.518900
v 14.551420 -12.065470 14.990090
v 9.463886 -16.997500 13.214260
v 14.551420 -12.065470 14.990090
v 10.954060 -13.987980 9.513820
v -4.380365 -23.324310 122.569500
v -0.636268 -22.181310 121.820800
v 0.144210 -13.218120 129.954100
v -6.218524 -19.608750 125.951000
v 0.144210 -13.218120 129.954100
v -6.327049 -13.590160 130.031000
v -4.380365 -23.324310 122.569500
v 0.144210 -13.218120 129.954100
v -6.218524 -19.608750 125.951000
v 12.143980 0.909541 68.858550
v 28.368330 -38.985310 56.872830
v 31.551600 -41.742770 56.392280
v 28.583440 -36.760380 62.667820
v 31.551600 -41.742770 56.392280
v 31.086330 -37.863220 54.906120
v 32.285830 -32.741680 59.907790
v 32.434720 -36.199460 53.663530
v 36.110120 -36.450680 52.299740
v 32.285830 -32.741680 59.907790
v 36.110120 -36.450680 52.299740
v 33.634760 -33.280040 52.023830
v 33.460270 -28.961630 57.605630
v 32.424630 -30.356490 51.952010
v 31.773720 -27.186210 51.367430
v 6.618801 -21.972690 1.184924
v 9.771587 -8.610364 68.513350
v 4.971739 -10.625010 71.628470
v 1.507345 -12.878320 65.792120
v 10.469950 -3.565703 72.204970
v 9.771587 -8.610364 68.513350
v 12.143980 0.909541 68.858550
v 4.566846 7.617245 68.732490
v 10.469950 -3.565703 72.204970
v 8.843700 4.824887 72.656800
v 10.469950 -3.565703 72.204970
v 8.805082 -7.758558 76.059390
v 15.326420 -12.349580 71.695730
v 8.805082 -7.758558 76.059390
v 4.971739 -10.625010 71.628470
v 15.326420 -12.349580 71.695730
v 4.971739 -10.625010 71.628470
v 9.771587 -8.610364 68.513350
v 15.326420 -12.349580 71.695730
v 9.771587 -8.610364 68.513350
v 10.469950 -3.565703 72.204970
v 15.326420 -12.349580 71.695730
v 8.843700 4.824887 72.656800
v 11.092450 -0.039029 75.792950
v 18.734290 2.057407 72.319250
v 11.092450 -0.039029 75.792950
v 10.469950 -3.565703 72.204970
v 18.734290 2.057407 72.319250
v 10.469950 -3.565703 72.204970
v 12.143980 0.909541 68.858550
v 18.734290 2.057407 72.319250
v 12.143980 0.909541 68.858550
v 8.843700 4.824887 72.656800
v 18.734290 2.057407 72.319250
v 3.835725 6.012920 76.186890
v 8.843700 4.824887 72.656800
v 7.718249 14.532410 72.642590
v 8.843700 4.824887 72.656800
v 4.566846 7.617245 68.732490
v 7.718249 14.532410 72.642590
v 2.376976 -17.933570 139.614000
v 18.940650 -5.689262 112.697200
v 12.280590 -8.745883 125.886300
v 13.873320 -14.052990 113.662400
v 5.462797 -24.465650 121.038100
v 2.376976 -17.933570 139.614000
v 13.873320 -14.052990 113.662400
v 2.376976 -17.933570 139.614000
v 12.280590 -8.745883 125.886300
v 5.462797 -24.465650 121.038100
v 18.940650 -5.689262 112.697200
v 13.873320 -14.052990 113.662400
v 12.280590 -8.745883 125.886300
v 8.902464 -21.683050 105.165700
v 15.860970 -25.059840 111.360700
v 5.462797 -24.465650 121.038100
v 13.813600 -20.944270 97.530840
v 13.873320 -14.052990 113.662400
v 8.902464 -21.683050 105.165700
v 5.462797 -24.465650 121.038100
v 38.391560 -12.107270 78.874140
v 42.985950 -3.392930 97.048020
v 39.801590 -18.781270 81.450780
v 39.801590 -18.781270 81.450780
v 37.970390 -20.704960 102.149300
v 32.409400 -23.221180 81.636970
v 38.391560 -12.107270 78.874140
v 36.169460 -14.566330 87.282140
v 42.985950 -3.392930 97.048020
v 36.169460 -14.566330 87.282140
v 32.409400 -23.221180 81.636970
v 37.970390 -20.704960 102.149300
v 36.169460 -14.566330 87.282140
v 36.169460 -14.566330 87.282140
v 27.377310 -19.338600 104.562600
v 27.377310 -19.338600 104.562600
v 28.995330 -20.265810 71.302370
v 25.896900 -20.071920 78.309310
v 26.899540 -13.998620 76.740070
v 10.317490 -32.820090 4.276808
v 15.042500 -32.615440 4.578691
v 4.696514 -17.118660 28.715970
v 37.779490 -22.624710 73.202860
v 13.813600 -20.944270 97.530840
v -2.397190 -24.448510 110.686100
v -1.208102 -21.489570 110.662000
v -6.045956 -22.440720 114.739600
v -4.035333 -31.264700 106.457400
v -2.397190 -24.448510 110.686100
v -6.045956 -22.440720 114.739600
v -2.716441 -27.356040 116.360000
v -3.827529 -35.966710 113.812200
v -6.045956 -22.440720 114.739600
v -1.129815 -21.330530 117.573400
v -2.944395 -25.723560 116.149200
v -6.045956 -22.440720 114.739600
v -1.208102 -21.489570 110.662000
v -0.485100 -18.491480 114.482300
v -6.045956 -22.440720 114.739600
v -2.944395 -25.723560 116.149200
v -2.716441 -27.356040 116.360000
v -6.045956 -22.440720 114.739600
v -3.827529 -35.966710 113.812200
v -5.894547 -37.418850 113.663900
v -6.045956 -22.440720 114.739600
v -5.844376 -32.514820 106.387400
v -4.035333 -31.264700 106.457400
v -6.045956 -22.440720 114.739600
v -0.485100 -18.491480 114.482300
v -1.129815 -21.330530 117.573400
v -6.045956 -22.440720 114.739600
v -5.707546 -30.790330 94.713060
v 2.477957 -24.746570 99.287020
v -4.299770 -30.582320 105.494800
v -5.707546 -30.790330 94.713060
v -4.299770 -30.582320 105.494800
v -5.839101 -31.644620 105.374000
v -1.208102 -21.489570 110.662000
v -4.299770 -30.582320 105.494800
v 2.477957 -24.746570 99.287020
v -0.485100 -18.491480 114.482300
v -1.208102 -21.489570 110.662000
v 9.395932 -16.904680 108.380200
v 8.966420 -9.460514 119.458900
v 1.346379 -9.638596 124.011600
v -1.208102 -21.489570 110.662000
v 2.477957 -24.746570 99.287020
v 9.395932 -16.904680 108.380200
v -0.485100 -18.491480 114.482300
v 9.395932 -16.904680 108.380200
v 8.966420 -9.460514 119.458900
v -0.485100 -18.491480 114.482300
v 0.206358 7.620688 123.260100
v -3.252585 -7.845622 127.890700
v 3.089026 4.216297 119.834900
v 20.145010 19.570560 98.254780
v 8.252283 18.617050 113.160300
v 9.426087 13.961050 111.815800
v 19.677160 14.133240 97.598060
v 25.324090 -10.587310 106.899500
v 26.448790 -12.798140 109.811400
v 37.152530 -8.704111 110.271900
v 26.765760 -15.658430 107.291500
v 27.184580 -12.993320 104.579800
v 25.778110 -17.183130 111.978300
v 24.575900 -20.610960 113.409700
v 35.384840 -24.514100 115.550900
v 23.497510 -21.929510 110.320500
v 25.722380 -19.694670 108.779100
v 24.207680 -21.143870 105.189300
v 21.642060 -22.787070 106.423300
v 25.081940 -34.373030 104.226200
v 20.499950 -23.287740 103.381900
v 23.065570 -21.644540 102.147900
v 15.250950 -21.137130 37.138340
v 14.630710 -22.405430 32.799180
v 25.276120 -22.366260 36.703430
v 17.195050 -19.721730 31.642090
v 14.747360 -17.463690 34.106350
v 10.108240 -26.788750 35.912740
v 7.713376 -23.017780 34.033530
v 10.540560 -35.304440 30.740150
v 10.770540 -25.472040 31.048080
v 12.900670 -24.426350 34.189620
v 5.080706 -19.131830 35.903820
v 8.000507 -16.337100 33.704480
v -4.095181 -17.278360 33.705840
v 4.908035 -17.663090 30.235960
v 7.117963 -21.295430 32.444580
v 11.515840 -14.429190 36.748260
v 15.118900 -16.759530 33.308130
v 13.764400 -5.610046 38.733260
v 12.862490 -11.981660 31.968440
v 8.828106 -14.986830 32.443510
v 1.507345 -12.878320 65.792120
v -4.653901 -12.615970 64.221370
v -5.505566 -14.484710 48.128750
v 1.507345 -12.878320 65.792120
v -5.505566 -14.484710 48.128750
v -0.076991 -16.354760 48.128910
v -5.505566 -14.484700 28.938330
v -0.076992 -16.354760 28.934860
v -7.400282 -30.610750 105.454200
v -10.792170 -21.577450 110.536600
v -9.550077 -24.514110 110.592600
v -7.400282 -30.610750 105.454200
v -7.677246 -31.298100 106.409800
v -9.550077 -24.514110 110.592600
v -10.792170 -21.577450 110.536600
v -7.400282 -30.610750 105.454200
v -10.169670 -26.584350 119.530500
v -7.772111 -27.791360 117.430900
v -7.298819 -31.538080 107.654900
v -7.991007 -36.004860 113.757700
v -7.267052 -35.241720 112.631200
v -9.980990 -24.553460 112.708100
v -12.052970 -15.772740 113.742800
v -11.669650 -18.594010 114.336100
v -7.239602 -35.869940 114.821600
v -5.844376 -32.514820 106.387400
v -7.400282 -30.610750 105.454200
v -5.839101 -31.644620 105.374000
v -7.400282 -30.610750 105.454200
v -7.899209 -23.356570 122.523500
v -12.826180 -18.443500 120.216200
v -7.314707 -33.453010 109.728100
v -7.684217 -33.814010 110.255900
v -9.122599 -25.780190 116.068400
v -9.326017 -27.416630 116.273600
v -9.465858 -26.701260 114.661900
v -11.054030 -21.421510 117.443600
v -13.516060 -16.513200 122.740500
v -12.799850 -13.336780 129.784800
v -7.899209 -23.356570 122.523500
v -10.792170 -21.577450 110.536600
v -11.054030 -21.421510 117.443600
v -12.826180 -18.443500 120.216200
v -11.669650 -18.594010 114.336100
v -10.997960 -24.280870 114.828000
v -11.642780 -22.282200 121.676900
v -12.799850 -13.336780 129.784800
v -13.516060 -16.513200 122.740500
v -10.997960 -24.280870 114.828000
v -11.669650 -18.594010 114.336100
v -10.792170 -21.577450 110.536600
v -11.669650 -18.594010 114.336100
v -9.770237 -26.018370 113.387900
v -11.642780 -22.282200 121.676900
v -11.642780 -22.282200 121.676900
v -11.642780 -22.282200 121.676900
v -13.516060 -16.513200 122.740500
v -12.826180 -18.443500 120.216200
v -12.826180 -18.443500 120.216200
v -13.516060 -16.513200 122.740500
v -7.899209 -23.356570 122.523500
v -11.642780 -22.282200 121.676900
v -12.826180 -18.443500 120.216200
v -12.052970 -15.772740 113.742800
v -11.669650 -18.594010 114.336100
v -10.792170 -21.577450 110.536600
v -9.470009 1.866717 117.893200
v -1.737105 8.282309 85.557850
v -2.760882 12.453880 99.204170
v -4.798888 10.694140 110.599600
v -13.437390 -3.617424 115.806800
v -9.859210 -9.335088 120.670000
v -14.339120 12.391850 99.450530
v -16.166490 9.183096 114.342000
v -18.286280 0.247232 113.745400
v -15.609350 12.099100 107.064800
v -12.052970 -15.772740 113.742800
v -12.052970 -15.772740 113.742800
v -12.826180 -18.443500 120.216200
v -9.859210 -9.335088 120.670000
v -12.005110 -10.597960 110.080500
v -13.336660 -13.032310 103.221600
v -14.962810 -11.471240 93.963010
v -9.538348 -7.547517 85.756090
v -8.518322 -6.206141 76.531260
v -19.924040 -8.193213 104.617200
v -18.136120 -3.487078 95.619170
v -13.437390 -3.617424 115.806800
v -18.286280 0.247232 113.745400
v -12.005110 -10.597960 110.080500
v -10.375910 -0.488150 85.517910
v -8.050978 6.170338 85.249280
v -15.334160 5.664848 95.135180
v -18.286280 0.247232 113.745400
v -13.437390 -3.617424 115.806800
v -0.900264 7.846333 75.979270
v -5.492593 7.519156 75.792950
v -9.817909 0.728366 76.059390
v -16.971760 6.233788 51.735360
v -10.296190 11.205350 51.902320
v -17.896900 4.298801 40.605320
v -10.623790 8.195021 40.136530
v -10.335210 7.510786 42.628140
v -7.925341 0.106243 38.698140
v -8.091838 2.191940 36.015530
v -1.449317 -3.067161 61.078620
v 0.731273 7.058962 64.879590
v -5.466580 8.935081 68.858550
v -0.346443 9.013046 72.656810
v 0.184881 9.166779 68.822490
v -6.571369 9.330849 63.772230
v -5.466580 8.935081 68.858550
v -9.839590 -6.514721 58.784090
v -1.449317 -3.067161 61.078620
v -8.894059 -8.138162 65.792130
v -12.289760 -6.147172 48.565930
v -1.449317 -3.067161 61.078620
v -12.289760 -6.147172 48.565930
v -2.461888 -2.117765 47.437560
v -1.449317 -3.067161 61.078620
v -17.115690 -0.860432 33.565460
v -4.468754 8.536697 27.804630
v -8.091838 2.191940 36.015530
v -2.207449 8.881281 51.009070
v -2.461888 -2.117765 47.437560
v -16.661890 13.988200 30.203330
v -11.207100 21.347890 15.676530
v -10.400640 17.034640 12.768240
v -14.231000 6.777040 24.902660
v -17.153270 6.162355 37.145020
v -5.704274 17.410150 14.684420
v -2.461888 -2.117765 47.437560
v -12.845490 3.102774 61.990730
v -17.619760 -1.509150 49.975930
v -1.449317 -3.067161 61.078620
v -4.653901 -12.615970 64.221370
v -8.894059 -8.138162 65.792130
v -1.449317 -3.067161 61.078620
v -1.361959 -5.392414 62.191700
v -4.653901 -12.615970 64.221370
v -4.468754 8.536697 27.804630
v -8.439390 15.809550 34.061640
v -7.086305 20.877740 18.528730
v -7.925341 0.106243 38.698140
v -16.838360 -2.359132 37.473350
v -9.466329 -4.045256 71.628460
v -8.894059 -8.138162 65.792130
v -7.925341 0.106243 38.698140
v 0.731273 7.058962 64.879590
v -5.466580 8.935081 68.858550
v 0.184881 9.166779 68.822490
v 0.184881 9.166779 68.822490
v -11.094870 0.898961 68.513360
v -5.466580 8.935081 68.858550
v -5.704274 17.410150 14.684420
v -7.086305 20.877740 18.528730
v -4.468754 8.536697 27.804630
v -17.115690 -0.860432 33.565460
v -8.091838 2.191940 36.015530
v -7.925341 0.106243 38.698140
v -7.925341 0.106243 38.698140
v -4.468754 8.536697 27.804630
v -4.653901 -12.615970 64.221370
v -4.611610 -12.523190 71.348040
v -8.894059 -8.138162 65.792130
v -6.188556 -17.608960 122.256600
v -9.859210 -9.335088 120.670000
v -12.826180 -18.443500 120.216200
v -6.188556 -17.608960 122.256600
v -20.484290 -2.953343 96.390930
v -19.924040 -8.193213 104.617200
v -27.513310 -5.691003 109.246500
v -16.935020 5.791122 94.926330
v -18.136120 -3.487078 95.619170
v -20.484290 -2.953351 96.390930
v -16.935020 5.791122 94.926330
v -15.334160 5.664848 95.135180
v -18.136120 -3.487078 95.619170
v -14.339120 12.391850 99.450530
v -16.935020 5.791122 94.926330
v -15.781230 12.846540 98.420100
v -14.339120 12.391850 99.450530
v -15.334160 5.664848 95.135180
v -16.935020 5.791122 94.926330
v -27.992850 0.378332 98.965820
v -32.147590 2.260082 115.452000
v -23.935050 9.272853 116.717300
v -26.514160 13.647130 105.358200
v -16.166490 9.183099 114.342000
v -20.072260 13.823400 105.685000
v -14.339120 12.391850 99.450530
v -20.072260 13.823400 105.685000
v -15.609350 12.099100 107.064800
v -14.339120 12.391850 99.450530
v -15.781230 12.846540 98.420100
v -20.072260 13.823400 105.685000
v -21.517460 18.717710 97.442310
v -26.514150 13.647130 105.358200
v -20.072260 13.823400 105.685000
v -21.517460 18.717710 97.442310
v -28.723630 17.434260 97.196250
v -26.514150 13.647130 105.358200
v -16.906850 15.522380 92.874750
v -20.559870 17.821040 86.652130
v -24.186290 20.315870 90.160780
v -28.613150 5.505824 89.280000
v -27.992860 0.378337 98.965820
v -30.048540 7.229587 103.065600
v -31.313980 11.153030 93.663260
v -20.484290 -2.953351 96.390930
v -27.992860 0.378337 98.965820
v -28.613150 5.505824 89.280000
v -28.348030 10.739640 85.253040
v -24.373850 9.432570 83.466030
v -22.771170 3.828023 87.302340
v -20.586870 13.024880 84.249780
v -18.693160 7.154816 88.846330
v -28.981840 17.516640 88.813860
v -29.746040 17.322810 86.607030
v -29.470130 11.303590 82.421840
v -20.586870 13.024880 84.249780
v -21.551980 13.518220 81.301610
v -21.016160 18.281060 84.750840
v -24.457600 20.326700 88.040220
v -21.273950 14.765140 75.674720
v -25.275160 10.452730 80.638670
v -21.551980 13.518220 81.301610
v -28.795450 23.783190 72.040530
v -27.121770 23.158210 81.637700
v -21.362500 20.490710 78.907080
v -24.633010 21.614430 70.446390
v -33.403600 21.235900 71.637830
v -33.729400 20.166110 80.891920
v -27.121770 23.158210 81.637700
v -34.951610 18.258430 64.652690
v -33.403600 21.235900 71.637830
v -33.994580 22.771920 64.131690
v -34.951610 18.258430 64.652690
v -33.334680 16.553000 69.731210
v -33.403600 21.235900 71.637830
v -32.549610 15.425940 64.414370
v -29.459130 14.561460 68.368410
v -33.994580 22.771920 64.131690
v -33.403600 21.235900 71.637830
v -28.997790 23.614380 63.842070
v -29.112570 16.513860 63.477010
v -26.962350 20.250200 63.122770
v -25.943490 16.525800 68.722430
v -25.943490 16.525800 68.722430
v -32.549610 15.425940 64.414370
v -29.112570 16.513860 63.477010
v -25.943490 16.525800 68.722430
v -32.838090 12.647360 76.760870
v -25.745930 10.706170 73.705240
v -16.906850 15.522380 92.874750
v -20.072260 13.823400 105.685000
v -15.781230 12.846540 98.420100
v -20.072260 13.823400 105.685000
v -16.906850 15.522380 92.874750
v -16.935020 5.791122 94.926330
v -18.693160 7.154816 88.846330
v -16.935020 5.791122 94.926330
v -26.514150 13.647130 105.358200
v -16.906850 15.522380 92.874750
v -18.693160 7.154816 88.846330
v -20.586870 13.024880 84.249780
v -16.935020 5.791122 94.926330
v -20.484290 -2.953351 96.390930
v -18.693160 7.154816 88.846330
v -20.484290 -2.953351 96.390930
v -32.838090 12.647360 76.760870
v -25.943490 16.525800 68.722430
v -21.551980 13.518220 81.301610
v -15.609350 12.099100 107.064800
v -20.072260 13.823400 105.685000
v -16.166490 9.183096 114.342000
v -21.551980 13.518220 81.301610
v -25.745930 10.706170 73.705240
v -21.273950 14.765140 75.674720
v -20.586870 13.024880 84.249780
v -33.403600 21.235900 71.637830
v -28.940720 25.068160 47.741890
v -31.145780 26.792650 53.563170
v -28.372380 23.943550 54.852610
v -32.644340 23.094810 54.538390
v -26.631390 20.419530 47.729910
v -26.574180 20.637300 50.165960
v -25.779630 15.144620 51.331560
v -28.470910 19.305930 48.939090
v -30.700650 22.161670 49.423150
v -28.372380 23.943550 54.852610
v -32.644340 23.094810 54.538390
v -30.700650 22.161670 49.423150
v -27.962710 23.334070 50.754040
v -28.372380 23.943550 54.852610
v -26.574180 20.637300 50.165960
v -30.700650 22.161670 49.423150
v -28.470910 19.305930 48.939090
v -26.574180 20.637300 50.165960
v -26.574180 20.637300 50.165960
v -28.470910 19.305930 48.939090
v -25.779630 15.144620 51.331560
v -33.902190 19.546960 48.955130
v -32.644340 23.094810 54.538390
v -36.019990 20.014310 54.827570
v -33.902190 19.546960 48.955130
v -31.956510 22.476240 49.420170
v -32.644340 23.094810 54.538390
v -30.363510 17.662620 49.225610
v -29.006260 20.299460 49.656590
v -25.285080 15.609460 53.632980
v -37.102580 15.345390 49.287170
v -33.728630 14.325640 48.947070
v -32.821090 16.699860 47.907470
v -36.185960 18.600630 48.315800
v -27.697530 13.706130 51.147370
v -36.019990 20.014310 54.827570
v -38.694610 14.514390 54.558040
v -39.141300 16.840460 46.180740
v -40.599540 18.190700 53.314190
v -36.019990 20.014310 54.827570
v -38.694610 14.514390 54.558040
v -27.697530 13.706130 51.147370
v -33.728630 14.325640 48.947070
v -32.731100 14.544870 46.343620
v -32.731100 14.544870 46.343620
v -32.821090 16.699860 47.907470
v -27.697530 13.706130 51.147370
v -36.019990 20.014310 54.827570
v -36.961450 24.012150 52.128060
v -34.101810 22.210410 46.269010
v -32.644340 23.094810 54.538390
v -28.646650 18.851030 47.337990
v -29.006260 20.299460 49.656590
v -25.285080 15.609460 53.632980
v -25.285080 15.609460 53.632980
v -30.363510 17.662620 49.225610
v -28.646650 18.851030 47.337990
v -35.472660 9.778595 56.986900
v -35.629360 10.983380 48.606530
v -32.303840 13.007210 49.678670
v -30.322360 13.298750 55.960640
v -36.634960 14.158350 53.590880
v -35.472660 9.778595 56.986900
v -38.006680 14.290170 57.664980
v -32.303840 13.007210 49.678670
v -36.634960 14.158350 53.590880
v -30.322360 13.298750 55.960640
v -32.303840 13.007210 49.678670
v -35.800270 14.489370 50.002860
v -36.634960 14.158350 53.590880
v -38.486910 21.549100 57.304480
v -34.951610 18.258430 64.652690
v -38.373180 25.460340 56.047770
v -28.997790 23.614380 63.842070
v -31.441450 27.244150 56.711270
v -33.994580 22.771920 64.131690
v -41.752280 18.495290 57.112220
v -38.006680 14.290170 57.664980
v -34.951610 18.258430 64.652690
v -34.951610 18.258430 64.652690
v -38.006680 14.290170 57.664980
v -32.549610 15.425940 64.414370
v -35.472660 9.778595 56.986900
v -32.549610 15.425940 64.414370
v -38.006680 14.290170 57.664980
v -29.112570 16.513860 63.477010
v -35.472660 9.778595 56.986900
v -30.322360 13.298750 55.960640
v -38.694610 14.514390 54.558040
v -38.006680 14.290170 57.664980
v -40.599540 18.190700 53.314190
v -40.599540 18.190700 53.314190
v -41.752280 18.495290 57.112220
v -38.486910 21.549100 57.304480
v -36.961450 24.012150 52.128060
v -36.961450 24.012150 52.128060
v -38.373180 25.460340 56.047770
v -33.953180 25.336320 56.777670
v -33.953180 25.336320 56.777670
v -31.441450 27.244150 56.711270
v -31.145780 26.792650 53.563170
v -31.441450 27.244150 56.711270
v -28.997790 23.614380 63.842070
v -28.372380 23.943550 54.852610
v -40.599540 18.190700 53.314190
v -26.962350 20.250200 63.122770
v -28.372380 23.943550 54.852610
v -28.997790 23.614380 63.842070
v -26.962350 20.250200 63.122770
v -38.694610 14.514390 54.558040
v -36.019990 20.014310 54.827570
v -32.644340 23.094810 54.538390
v -28.372380 23.943550 54.852610
v -26.962350 20.250200 63.122770
v -38.694610 14.514390 54.558040
v -26.962350 20.250200 63.122770
v -30.322360 13.298750 55.960640
v -38.694610 14.514390 54.558040
v -36.634960 14.158350 53.590880
v -36.634960 14.158350 53.590880
v -35.800270 14.489370 50.002860
v -35.629360 10.983380 48.606530
v -35.472660 9.778595 56.986900
v -29.112570 16.513860 63.477010
v -32.549610 15.425940 64.414370
v -34.951610 18.258430 64.652690
v -33.994580 22.771920 64.131690
v -39.141300 16.840460 46.180740
v -33.728630 14.325640 48.947070
v -37.102580 15.345390 49.287170
v -39.141300 16.840460 46.180740
v -32.731100 14.544870 46.343620
v -33.728630 14.325640 48.947070
v -36.185960 18.600630 48.315800
v -36.185960 18.600630 48.315800
v -32.821090 16.699860 47.907470
v -32.731100 14.544870 46.343620
v -34.101810 22.210410 46.269010
v -30.363510 17.662620 49.225610
v -33.902190 19.546960 48.955130
v -34.101810 22.210410 46.269010
v -28.646650 18.851030 47.337990
v -30.363510 17.662620 49.225610
v -31.956510 22.476240 49.420170
v -31.956510 22.476240 49.420170
v -29.006260 20.299460 49.656590
v -28.646650 18.851030 47.337990
v -28.940720 25.068160 47.741890
v -30.700650 22.161670 49.423150
v -27.962710 23.334070 50.754040
v -27.962710 23.334070 50.754040
v -40.599540 18.190700 53.314190
v -38.486910 21.549100 57.304480
v -36.019990 20.014310 54.827570
v -38.486910 21.549100 57.304480
v -36.961450 24.012150 52.128060
v -36.019990 20.014310 54.827570
v -36.961450 24.012150 52.128060
v -33.953180 25.336320 56.777670
v -32.644340 23.094810 54.538390
v -33.953180 25.336320 56.777670
v -31.145780 26.792650 53.563170
v -32.644340 23.094810 54.538390
v -32.644340 23.094810 54.538390
v -26.962350 20.250200 63.122770
v -36.019990 20.014310 54.827570
v -33.994580 22.771920 64.131690
v -31.145780 26.792650 53.563170
v -31.441450 27.244150 56.711270
v -28.372380 23.943550 54.852610
v -33.100900 16.661310 44.331600
v -32.303840 13.007210 49.678670
v -33.100900 16.661310 44.331600
v -35.800270 14.489370 50.002860
v -35.800270 14.489370 50.002860
v -29.112570 16.513860 63.477010
v -30.322360 13.298750 55.960640
v -26.962350 20.250200 63.122770
v -34.951610 18.258430 64.652690
v -33.994580 22.771920 64.131690
v -38.373180 25.460340 56.047770
v -7.086305 20.877740 18.528730
v -5.704274 17.410150 14.684420
v -5.932814 23.658850 17.886090
v -11.207100 21.347890 15.676530
v -7.086305 20.877740 18.528730
v -5.932814 23.658850 17.886090
v -20.981050 16.804920 4.606731
v -18.122090 19.556910 5.018282
v -17.144710 23.107400 2.384569
v -21.755920 19.100660 0.208838
v -12.570980 7.962702 3.889794
v -11.394570 8.230481 0.208826
v -8.854434 11.078620 5.307531
v -18.122090 19.556910 5.018282
v -10.400640 17.034640 12.768240
v -11.207100 21.347890 15.676530
v -10.024750 24.944140 12.916380
v -5.932814 23.658850 17.886090
v -4.252976 20.632800 11.999860
v -18.122090 19.556910 5.018282
v -11.207100 21.347890 15.676530
v -10.024750 24.944140 12.916380
v -13.354490 16.322560 1.584773
v -17.144710 23.107400 2.384569
v -11.394570 8.230481 0.208826
v -20.454650 -2.495495 0.083451
v -17.433840 9.166560 0.216504
v -21.348780 13.302110 0.208875
v -17.433840 9.166560 0.216504
v -28.714110 2.855706 0.083463
v -21.755920 19.100660 0.208838
v -21.348780 13.302110 0.208875
v -32.322110 11.846050 0.069507
v -17.144710 23.107400 2.384569
v -13.354490 16.322560 1.584773
v -21.755920 19.100660 0.208838
v -17.433840 9.166560 0.216504
v -20.454650 -2.495495 0.083451
v -16.757260 3.462299 5.156116
v -11.394570 8.230481 0.208826
v -16.757260 3.462299 5.156116
v -20.454650 -2.495495 0.083451
v -17.433840 9.166560 0.216504
v -22.349580 7.318782 6.458471
v -28.714110 2.855706 0.083463
v -21.348780 13.302110 0.208875
v -28.714110 2.855706 0.083463
v -22.349580 7.318782 6.458471
v -21.348780 13.302110 0.208875
v -25.977540 13.499230 5.253221
v -32.322110 11.846050 0.069507
v -21.755920 19.100660 0.208838
v -32.322110 11.846050 0.069507
v -25.977540 13.499230 5.253221
v -6.221387 13.726750 1.982290
v -11.394570 8.230481 0.208826
v -18.416380 10.902530 5.582726
v -22.349580 7.318782 6.458471
v -16.600270 9.760223 4.276814
v -19.545720 13.460480 4.578698
v -20.981050 16.804920 4.606731
v -25.977540 13.499230 5.253221
v -19.545720 13.460480 4.578698
v -16.757260 3.462299 5.156116
v -11.394570 8.230481 0.208826
v -12.570980 7.962702 3.889794
v -12.570980 7.962702 3.889794
v -16.600270 9.760223 4.276814
v -16.757260 3.462299 5.156116
v -21.348780 13.302110 0.208875
v -13.354490 16.322560 1.584773
v -17.433840 9.166560 0.216504
v -21.348780 13.302110 0.208875
v -21.755920 19.100660 0.208838
v -13.354490 16.322560 1.584773
v -15.335310 13.707880 5.757211
v -18.416380 10.902530 5.582726
v -16.600270 9.760223 4.276814
v -15.335310 13.707880 5.757211
v -19.545720 13.460480 4.578698
v -18.416380 10.902530 5.582726
v -17.433840 9.166560 0.216504
v -13.354490 16.322560 1.584773
v -11.394570 8.230481 0.208826
v -16.600270 9.760223 4.276814
v -17.433840 9.166560 0.216504
v -16.757260 3.462299 5.156116
v -17.433840 9.166560 0.216504
v -19.545720 13.460480 4.578698
v -21.348780 13.302110 0.208875
v -22.349580 7.318782 6.458471
v -21.348780 13.302110 0.208875
v -15.335310 13.707880 5.757211
v -10.400640 17.034640 12.768240
v -10.024750 24.944140 12.916380
v -21.755920 19.100660 0.208838
v -25.977540 13.499230 5.253221
v -20.981050 16.804920 4.606731
v -38.694610 14.514390 54.558040
v -30.322360 13.298750 55.960640
v -36.634960 14.158350 53.590880
v -10.400640 17.034640 12.768240
v -8.854434 11.078620 5.307531
v -5.704274 17.410150 14.684420
v -3.143192 11.031650 6.869756
v -4.252976 20.632800 11.999860
v -5.704274 17.410150 14.684420
v -6.221387 13.726750 1.982290
v -3.342842 6.102637 0.388250
v -8.854434 11.078620 5.307531
v -8.854434 11.078620 5.307531
v -3.342842 6.102637 0.388250
v -3.143192 11.031650 6.869756
v -6.221387 13.726750 1.982290
v -3.143192 11.031650 6.869756
v -3.342842 6.102637 0.388250
v -6.221387 13.726750 1.982290
v -4.252976 20.632800 11.999860
v -3.143192 11.031650 6.869756
v -3.143192 11.031650 6.869756
v -5.704274 17.410150 14.684420
v -8.854434 11.078620 5.307531
v -10.400640 17.034640 12.768240
v -15.335310 13.707880 5.757211
v -11.207100 21.347890 15.676530
v -5.932814 23.658850 17.886090
v -10.024750 24.944140 12.916380
v -5.704274 17.410150 14.684420
v -4.252976 20.632800 11.999860
v -5.932814 23.658850 17.886090
v -7.899209 -23.356570 122.523500
v -12.799850 -13.336780 129.784800
v -11.642780 -22.282200 121.676900
v -7.899209 -23.356570 122.523500
v -6.218524 -19.608750 125.951000
v -12.799850 -13.336780 129.784800
v -12.799850 -13.336780 129.784800
v -5.466580 8.935081 68.858550
v -37.102580 15.345390 49.287170
v -38.694610 14.514390 54.558040
v -39.141300 16.840460 46.180740
v -39.141300 16.840460 46.180740
v -36.019990 20.014310 54.827570
v -36.185960 18.600630 48.315800
v -33.902190 19.546960 48.955130
v -36.019990 20.014310 54.827570
v -34.101810 22.210410 46.269010
v -34.101810 22.210410 46.269010
v -32.644340 23.094810 54.538390
v -31.956510 22.476240 49.420170
v -30.700650 22.161670 49.423150
v -27.962710 23.334070 50.754040
v -6.221387 13.726750 1.982290
v -11.094870 0.898961 68.513360
v -8.894059 -8.138162 65.792130
v -9.466329 -4.045256 71.628460
v -7.745801 4.735636 72.204960
v -5.466580 8.935081 68.858550
v -11.094870 0.898961 68.513360
v 4.566846 7.617245 68.732490
v -7.745801 4.735636 72.204960
v -0.346443 9.013046 72.656810
v -7.745801 4.735636 72.204960
v -17.561200 2.638054 71.695740
v -9.817909 0.728366 76.059390
v -9.817909 0.728366 76.059390
v -17.561200 2.638054 71.695740
v -9.466329 -4.045256 71.628460
v -9.466329 -4.045256 71.628460
v -17.561200 2.638054 71.695740
v -11.094870 0.898961 68.513360
v -11.094870 0.898961 68.513360
v -17.561200 2.638054 71.695740
v -7.745801 4.735636 72.204960
v -0.346443 9.013046 72.656810
v -8.923932 14.661900 72.319270
v -5.492593 7.519156 75.792950
v -5.492593 7.519156 75.792950
v -8.923932 14.661900 72.319270
v -7.745801 4.735636 72.204960
v -7.745801 4.735636 72.204960
v -8.923932 14.661900 72.319270
v -5.466580 8.935081 68.858550
v -5.466580 8.935081 68.858550
v -8.923932 14.661900 72.319270
v -0.346443 9.013046 72.656810
v 3.835725 6.012920 76.186890
v 7.718249 14.532410 72.642590
v -0.346443 9.013046 72.656810
v -0.346443 9.013046 72.656810
v 7.718249 14.532410 72.642590
v 4.566846 7.617245 68.732490
v -18.079960 -13.351810 138.964700
v -16.166490 9.183099 114.342000
v -15.863890 1.337272 126.706500
v -18.286250 0.247222 113.745400
v -18.079950 -13.351820 138.964700
v -21.696520 -13.803690 119.369600
v -18.286270 0.247231 113.745400
v -15.863880 1.337269 126.706400
v -18.079950 -13.351810 138.964700
v -21.696530 -13.803680 119.369600
v -16.166470 9.183095 114.342000
v -15.863880 1.337267 126.706400
v -18.286270 0.247228 113.745400
v -19.924040 -8.193213 104.617200
v -21.696530 -13.803680 119.369600
v -27.513290 -5.691013 109.246500
v -20.484290 -2.953351 96.390930
v -18.286280 0.247236 113.745400
v -21.696530 -13.803680 119.369600
v -19.924040 -8.193207 104.617200
v -27.121770 23.158210 81.637700
v -33.729400 20.166110 80.891920
v -27.732710 21.007240 102.188600
v -33.729400 20.166110 80.891920
v -32.838090 12.647360 76.760870
v -39.370000 7.485815 96.476410
v -27.121770 23.158210 81.637700
v -27.732710 21.007240 102.188600
v -29.746040 17.322810 86.607030
v -29.746040 17.322810 86.607030
v -39.370000 7.485815 96.476410
v -32.838090 12.647360 76.760870
v -29.746040 17.322810 86.607030
v -29.746040 17.322810 86.607030
v -30.048540 7.229585 103.065600
v -30.048540 7.229585 103.065600
v -25.943490 16.525800 68.722430
v -21.273950 14.765140 75.674720
v -25.745930 10.706170 73.705240
v -16.600270 9.760223 4.276814
v -19.545720 13.460480 4.578698
v -4.468754 8.536697 27.804630
v -33.403600 21.235900 71.637830
v -20.484290 -2.953351 96.390930
v -9.550077 -24.514110 110.592600
v -6.045956 -22.440720 114.739600
v -10.792170 -21.577450 110.536600
v -7.677246 -31.298100 106.409800
v -6.045956 -22.440720 114.739600
v -9.550077 -24.514110 110.592600
v -9.326017 -27.416630 116.273600
v -6.045956 -22.440720 114.739600
v -7.991007 -36.004860 113.757700
v -11.054030 -21.421510 117.443600
v -6.045956 -22.440720 114.739600
v -9.122599 -25.780190 116.068400
v -10.792170 -21.577450 110.536600
v -6.045956 -22.440720 114.739600
v -11.669650 -18.594010 114.336100
v -9.122599 -25.780190 116.068400
v -6.045956 -22.440720 114.739600
v -9.326017 -27.416630 116.273600
v -7.991007 -36.004860 113.757700
v -6.045956 -22.440720 114.739600
v -5.894547 -37.418850 113.663900
v -5.844376 -32.514820 106.387400
v -6.045956 -22.440720 114.739600
v -7.677246 -31.298100 106.409800
v -11.669650 -18.594010 114.336100
v -6.045956 -22.440720 114.739600
v -11.054030 -21.421510 117.443600
v -5.707546 -30.790330 94.713060
v -7.400282 -30.610750 105.454200
v -14.119230 -24.898700 99.070010
v -5.707546 -30.790330 94.713060
v -5.839101 -31.644620 105.374000
v -7.400282 -30.610750 105.454200
v -10.792170 -21.577450 110.536600
v -14.119230 -24.898700 99.070010
v -7.400282 -30.610750 105.454200
v -11.669650 -18.594010 114.336100
v -21.415220 -17.187220 107.977300
v -10.792170 -21.577450 110.536600
v -8.813942 -7.025117 125.095900
v -21.412010 -9.739076 119.061700
v -10.792170 -21.577450 110.536600
v -21.415220 -17.187220 107.977300
v -14.119230 -24.898700 99.070010
v -11.669650 -18.594010 114.336100
v -21.412010 -9.739076 119.061700
v -21.415220 -17.187220 107.977300
v -11.669650 -18.594010 114.336100
v -4.376542 7.407218 119.768400
v 4.339657 17.815720 109.732100
v 16.327450 17.274690 95.034540
v -22.784030 11.393130 107.084800
v -30.007170 21.048040 110.157200
v -25.623470 10.471520 109.476300
v -27.460290 9.008483 106.456900
v -25.373250 11.351740 104.269500
v -28.680420 6.836076 110.822400
v -41.038880 8.646451 112.491800
v -30.567020 3.519596 111.650800
v -30.258410 2.118719 108.427900
v -29.899920 5.394679 107.219500
v -29.304870 3.630392 103.502800
v -39.214520 -4.533207 100.059400
v -28.956670 0.529383 104.536000
v -28.026880 -0.372820 101.515000
v -28.375090 2.728184 100.481700
v -16.696700 8.553763 34.801650
v -25.301530 13.854350 35.055540
v -16.161730 9.114643 30.304900
v -16.438010 12.967620 30.746710
v -13.624580 12.040940 33.642970
v -15.663960 2.114394 30.635330
v -20.016730 -1.338338 22.353330
v -11.238090 4.064365 30.324980
v -14.556460 5.435234 26.949840
v -16.206430 6.117182 30.458790
v -7.227823 4.394336 33.380850
v 1.534956 1.122281 31.151290
v -7.535738 8.968189 32.983440
v -5.224574 7.656580 28.947280
v -9.482061 5.555097 29.590230
v -9.769803 11.108230 36.944690
v -6.801856 17.689180 42.831600
v -13.368970 13.078070 33.282360
v -8.566226 15.579050 33.909280
v -7.185414 10.913460 32.545960
v -8.894059 -8.138162 65.792130
v -5.505566 -14.484710 48.128750
v -4.653901 -12.615970 64.221370
v -8.894059 -8.138162 65.792130
v -10.478380 -11.614570 48.128890
v -10.478390 -11.614570 28.934840
vt 0.558793 0.827992 0.000000
vt 0.528112 0.826958 0.000000
vt 0.504445 0.631429 0.000000
vt 0.565581 0.716554 0.000000
vt 0.164039 0.770391 0.000000
vt 0.054559 0.756231 0.000000
vt 0.056614 0.734233 0.000000
vt 0.164039 0.770391 0.000000
vt 0.056614 0.734233 0.000000
vt 0.203773 0.755628 0.000000
vt 0.161156 0.872170 0.000000
vt 0.182983 0.869289 0.000000
vt 0.164870 0.899840 0.000000
vt 0.152379 0.891657 0.000000
vt 0.055950 0.773977 0.000000
vt 0.033274 0.773778 0.000000
vt 0.028238 0.761011 0.000000
vt 0.041433 0.862335 0.000000
vt 0.010926 0.870917 0.000000
vt 0.013177 0.851969 0.000000
vt 0.040753 0.846594 0.000000
vt 0.176617 0.795847 0.000000
vt 0.577071 0.650157 0.000000
vt 0.603836 0.709739 0.000000
vt 0.045842 0.874968 0.000000
vt 0.057583 0.891296 0.000000
vt 0.028238 0.761011 0.000000
vt 0.031378 0.743382 0.000000
vt 0.056614 0.734233 0.000000
vt 0.056614 0.734233 0.000000
vt 0.218880 0.896967 0.000000
vt 0.282200 0.868450 0.000000
vt 0.283710 0.924018 0.000000
vt 0.047225 0.805189 0.000000
vt 0.025915 0.800955 0.000000
vt 0.017881 0.809130 0.000000
vt 0.049206 0.809029 0.000000
vt 0.026174 0.892740 0.000000
vt 0.184316 0.854863 0.000000
vt 0.161816 0.849339 0.000000
vt 0.161602 0.829208 0.000000
vt 0.234953 0.839846 0.000000
vt 0.006142 0.912442 0.000000
vt 0.040934 0.896874 0.000000
vt 0.011199 0.946968 0.000000
vt 0.203773 0.755628 0.000000
vt 0.234953 0.839846 0.000000
vt 0.259298 0.788347 0.000000
vt 0.282200 0.868450 0.000000
vt 0.193287 0.818321 0.000000
vt 0.018559 0.947029 0.000000
vt 0.101871 0.895846 0.000000
vt 0.204360 0.944147 0.000000
vt 0.193287 0.818321 0.000000
vt 0.203773 0.755628 0.000000
vt 0.259298 0.788347 0.000000
vt 0.259298 0.788347 0.000000
vt 0.163278 0.812505 0.000000
vt 0.219094 0.916416 0.000000
vt 0.233233 0.878617 0.000000
vt 0.233233 0.878617 0.000000
vt 0.018559 0.947029 0.000000
vt 0.045749 0.897127 0.000000
vt 0.101871 0.895846 0.000000
vt 0.011770 0.896095 0.000000
vt 0.040934 0.896874 0.000000
vt 0.006142 0.912442 0.000000
vt 0.233233 0.878617 0.000000
vt 0.945122 0.857553 0.000000
vt 0.877632 0.857553 0.000000
vt 0.868717 0.827068 0.000000
vt 0.203773 0.755628 0.000000
vt 0.892462 0.688953 0.000000
vt 0.992781 0.685596 0.000000
vt 0.992781 0.787835 0.000000
vt 0.906089 0.324745 0.000000
vt 0.992781 0.324745 0.000000
vt 0.908869 0.480991 0.000000
vt 0.992781 0.479923 0.000000
vt 0.992781 0.587721 0.000000
vt 0.907697 0.585432 0.000000
vt 0.923348 0.800742 0.000000
vt 0.862074 0.749743 0.000000
vt 0.793469 0.514849 0.000000
vt 0.809514 0.643339 0.000000
vt 0.810184 0.726442 0.000000
vt 0.803776 0.578225 0.000000
vt 0.868717 0.827068 0.000000
vt 0.868717 0.827068 0.000000
vt 0.923348 0.800742 0.000000
vt 0.945122 0.857553 0.000000
vt 0.587174 0.609964 0.000000
vt 0.598760 0.448831 0.000000
vt 0.576731 0.540379 0.000000
vt 0.504445 0.532685 0.000000
vt 0.504445 0.446574 0.000000
vt 0.603864 0.336418 0.000000
vt 0.504445 0.336895 0.000000
vt 0.504445 0.165191 0.000000
vt 0.594655 0.165191 0.000000
vt 0.504445 0.586176 0.000000
vt 0.659366 0.545092 0.000000
vt 0.689629 0.455706 0.000000
vt 0.644907 0.663394 0.000000
vt 0.587174 0.609964 0.000000
vt 0.700019 0.636698 0.000000
vt 0.692441 0.334792 0.000000
vt 0.814209 0.329920 0.000000
vt 0.747057 0.463710 0.000000
vt 0.700019 0.636698 0.000000
vt 0.644907 0.663394 0.000000
vt 0.913422 0.165191 0.000000
vt 0.992781 0.165191 0.000000
vt 0.823177 0.165191 0.000000
vt 0.698620 0.165191 0.000000
vt 0.254524 0.494560 0.000000
vt 0.193738 0.487353 0.000000
vt 0.251265 0.529554 0.000000
vt 0.191715 0.595526 0.000000
vt 0.193692 0.549913 0.000000
vt 0.171329 0.549913 0.000000
vt 0.169825 0.595526 0.000000
vt 0.306411 0.595526 0.000000
vt 0.315624 0.595817 0.000000
vt 0.328401 0.595526 0.000000
vt 0.319700 0.565047 0.000000
vt 0.840271 0.004851 0.000000
vt 0.914218 0.004851 0.000000
vt 0.914218 0.080813 0.000000
vt 0.313471 0.533623 0.000000
vt 0.353121 0.537769 0.000000
vt 0.314359 0.426946 0.000000
vt 0.346819 0.426946 0.000000
vt 0.320139 0.374387 0.000000
vt 0.259578 0.426946 0.000000
vt 0.320139 0.374387 0.000000
vt 0.259578 0.426946 0.000000
vt 0.320139 0.374387 0.000000
vt 0.257234 0.374387 0.000000
vt 0.152748 0.430152 0.000000
vt 0.169825 0.374387 0.000000
vt 0.096172 0.374387 0.000000
vt 0.245974 0.595526 0.000000
vt 0.248233 0.563347 0.000000
vt 0.006675 0.431253 0.000000
vt 0.006675 0.498348 0.000000
vt 0.088402 0.496224 0.000000
vt 0.087457 0.431126 0.000000
vt 0.155317 0.486923 0.000000
vt 0.006675 0.374387 0.000000
vt 0.245974 0.595526 0.000000
vt 0.259033 0.460268 0.000000
vt 0.314359 0.479931 0.000000
vt 0.320139 0.374387 0.000000
vt 0.346819 0.426946 0.000000
vt 0.353708 0.389262 0.000000
vt 0.320139 0.374387 0.000000
vt 0.353708 0.389262 0.000000
vt 0.340939 0.374387 0.000000
vt 0.096172 0.595526 0.000000
vt 0.094239 0.555129 0.000000
vt 0.006675 0.559018 0.000000
vt 0.186635 0.427729 0.000000
vt 0.191715 0.374388 0.000000
vt 0.503411 0.078971 0.000000
vt 0.600529 0.004851 0.000000
vt 0.634516 0.080813 0.000000
vt 0.191715 0.374388 0.000000
vt 0.319700 0.565047 0.000000
vt 0.353121 0.564570 0.000000
vt 0.353121 0.537769 0.000000
vt 0.353121 0.595526 0.000000
vt 0.353121 0.564570 0.000000
vt 0.348536 0.475432 0.000000
vt 0.353121 0.537769 0.000000
vt 0.006675 0.595526 0.000000
vt 0.096172 0.595526 0.000000
vt 0.006675 0.559018 0.000000
vt 0.152748 0.430152 0.000000
vt 0.191715 0.374388 0.000000
vt 0.169825 0.374387 0.000000
vt 0.191715 0.374388 0.000000
vt 0.096172 0.595526 0.000000
vt 0.503411 0.004851 0.000000
vt 0.600529 0.004851 0.000000
vt 0.503411 0.078971 0.000000
vt 0.992781 0.857553 0.000000
vt 0.923348 0.800742 0.000000
vt 0.992781 0.857553 0.000000
vt 0.945122 0.857553 0.000000
vt 0.610634 0.851664 0.000000
vt 0.716645 0.741903 0.000000
vt 0.629477 0.746583 0.000000
vt 0.354990 0.365683 0.000000
vt 0.377867 0.317854 0.000000
vt 0.381065 0.324257 0.000000
vt 0.354990 0.365683 0.000000
vt 0.381065 0.324257 0.000000
vt 0.365265 0.365683 0.000000
vt 0.352808 0.061068 0.000000
vt 0.346259 0.061982 0.000000
vt 0.338410 0.005599 0.000000
vt 0.352808 0.061068 0.000000
vt 0.338410 0.005599 0.000000
vt 0.347440 0.005599 0.000000
vt 0.719503 0.851664 0.000000
vt 0.807281 0.733186 0.000000
vt 0.719488 0.851664 0.000000
vt 0.716538 0.742246 0.000000
vt 0.629530 0.746759 0.000000
vt 0.655257 0.851664 0.000000
vt 0.352808 0.061068 0.000000
vt 0.359034 0.091570 0.000000
vt 0.357250 0.106588 0.000000
vt 0.352808 0.061068 0.000000
vt 0.357250 0.106588 0.000000
vt 0.346259 0.061982 0.000000
vt 0.300662 0.110530 0.000000
vt 0.357250 0.106588 0.000000
vt 0.357774 0.151831 0.000000
vt 0.300662 0.110530 0.000000
vt 0.357774 0.151831 0.000000
vt 0.296410 0.157960 0.000000
vt 0.244982 0.112811 0.000000
vt 0.229395 0.062478 0.000000
vt 0.295195 0.067901 0.000000
vt 0.346529 0.204183 0.000000
vt 0.376676 0.247346 0.000000
vt 0.286831 0.256180 0.000000
vt 0.291697 0.208024 0.000000
vt 0.377867 0.317854 0.000000
vt 0.286831 0.256180 0.000000
vt 0.376676 0.247346 0.000000
vt 0.282764 0.309032 0.000000
vt 0.232880 0.314811 0.000000
vt 0.235923 0.251790 0.000000
vt 0.281663 0.365683 0.000000
vt 0.219204 0.365683 0.000000
vt 0.215867 0.249662 0.000000
vt 0.212855 0.160917 0.000000
vt 0.235688 0.163954 0.000000
vt 0.184477 0.005599 0.000000
vt 0.219204 0.005599 0.000000
vt 0.205054 0.070232 0.000000
vt 0.218203 0.110223 0.000000
vt 0.137087 0.005599 0.000000
vt 0.209368 0.315393 0.000000
vt 0.184477 0.365683 0.000000
vt 0.148651 0.070203 0.000000
vt 0.156198 0.126229 0.000000
vt 0.074705 0.137863 0.000000
vt 0.073802 0.081533 0.000000
vt 0.377142 0.134912 0.000000
vt 0.435906 0.168674 0.000000
vt 0.377142 0.211035 0.000000
vt 0.006298 0.238575 0.000000
vt 0.006298 0.187067 0.000000
vt 0.076602 0.181590 0.000000
vt 0.006298 0.238575 0.000000
vt 0.076602 0.181590 0.000000
vt 0.079746 0.237730 0.000000
vt 0.079505 0.308013 0.000000
vt 0.006298 0.308013 0.000000
vt 0.076602 0.181590 0.000000
vt 0.006298 0.187067 0.000000
vt 0.006298 0.139743 0.000000
vt 0.006298 0.078412 0.000000
vt 0.006298 0.005599 0.000000
vt 0.076222 0.005599 0.000000
vt 0.076222 0.365683 0.000000
vt 0.006298 0.308013 0.000000
vt 0.076222 0.365683 0.000000
vt 0.006298 0.365683 0.000000
vt 0.141600 0.316158 0.000000
vt 0.152160 0.244219 0.000000
vt 0.295195 0.067901 0.000000
vt 0.346259 0.061982 0.000000
vt 0.357250 0.106588 0.000000
vt 0.357250 0.106588 0.000000
vt 0.295195 0.067901 0.000000
vt 0.289705 0.005599 0.000000
vt 0.338410 0.005599 0.000000
vt 0.338410 0.005599 0.000000
vt 0.357774 0.151831 0.000000
vt 0.295195 0.067901 0.000000
vt 0.219204 0.005599 0.000000
vt 0.289705 0.005599 0.000000
vt 0.354990 0.365683 0.000000
vt 0.281663 0.365683 0.000000
vt 0.377867 0.317854 0.000000
vt 0.377867 0.317854 0.000000
vt 0.435906 0.168674 0.000000
vt 0.076222 0.365683 0.000000
vt 0.184477 0.365683 0.000000
vt 0.610803 0.851664 0.000000
vt 0.629530 0.746759 0.000000
vt 0.655257 0.851664 0.000000
vt 0.184477 0.365683 0.000000
vt 0.137087 0.365683 0.000000
vt 0.141600 0.316158 0.000000
vt 0.219204 0.005599 0.000000
vt 0.076602 0.181590 0.000000
vt 0.488100 0.832943 0.000000
vt 0.531990 0.889664 0.000000
vt 0.488100 0.889664 0.000000
vt 0.445906 0.889664 0.000000
vt 0.488100 0.786673 0.000000
vt 0.488100 0.730004 0.000000
vt 0.510682 0.786673 0.000000
vt 0.465539 0.786673 0.000000
vt 0.384082 0.548568 0.000000
vt 0.384082 0.583707 0.000000
vt 0.362995 0.583707 0.000000
vt 0.384082 0.548568 0.000000
vt 0.362995 0.583707 0.000000
vt 0.362995 0.548568 0.000000
vt 0.362995 0.513430 0.000000
vt 0.384082 0.548568 0.000000
vt 0.362995 0.513430 0.000000
vt 0.384082 0.513430 0.000000
vt 0.362995 0.513430 0.000000
vt 0.373538 0.492346 0.000000
vt 0.384082 0.513430 0.000000
vt 0.384082 0.548568 0.000000
vt 0.384082 0.583707 0.000000
vt 0.362995 0.583707 0.000000
vt 0.384082 0.548568 0.000000
vt 0.362995 0.583707 0.000000
vt 0.362995 0.548568 0.000000
vt 0.362995 0.513430 0.000000
vt 0.384082 0.513430 0.000000
vt 0.373538 0.492346 0.000000
vt 0.362995 0.513430 0.000000
vt 0.384082 0.513430 0.000000
vt 0.384082 0.548568 0.000000
vt 0.362995 0.548568 0.000000
vt 0.373538 0.492346 0.000000
vt 0.384082 0.583707 0.000000
vt 0.362995 0.583707 0.000000
vt 0.488100 0.832943 0.000000
vt 0.531990 0.889664 0.000000
vt 0.488100 0.889664 0.000000
vt 0.445906 0.889664 0.000000
vt 0.488099 0.730004 0.000000
vt 0.488100 0.786673 0.000000
vt 0.465539 0.786673 0.000000
vt 0.488100 0.786673 0.000000
vt 0.488099 0.730004 0.000000
vt 0.510682 0.786673 0.000000
vt 0.445906 0.889664 0.000000
vt 0.488100 0.832943 0.000000
vt 0.488099 0.889664 0.000000
vt 0.531990 0.889664 0.000000
vt 0.488100 0.786673 0.000000
vt 0.488100 0.730004 0.000000
vt 0.510682 0.786673 0.000000
vt 0.488100 0.730004 0.000000
vt 0.488100 0.786673 0.000000
vt 0.465539 0.786673 0.000000
vt 0.457957 0.807460 0.000000
vt 0.488275 0.811108 0.000000
vt 0.488100 0.915782 0.000000
vt 0.445906 0.889664 0.000000
vt 0.487191 0.663111 0.000000
vt 0.455433 0.617057 0.000000
vt 0.425325 0.661575 0.000000
vt 0.384082 0.513430 0.000000
vt 0.384082 0.583707 0.000000
vt 0.362995 0.583707 0.000000
vt 0.384082 0.513430 0.000000
vt 0.362995 0.583707 0.000000
vt 0.362995 0.513430 0.000000
vt 0.468752 0.545593 0.000000
vt 0.471502 0.518249 0.000000
vt 0.405606 0.557788 0.000000
vt 0.383260 0.495930 0.000000
vt 0.405985 0.522990 0.000000
vt 0.437273 0.481224 0.000000
vt 0.477183 0.576714 0.000000
vt 0.405606 0.557788 0.000000
vt 0.455433 0.617057 0.000000
vt 0.405606 0.557788 0.000000
vt 0.390071 0.584711 0.000000
vt 0.455433 0.617057 0.000000
vt 0.425325 0.661575 0.000000
vt 0.455433 0.617057 0.000000
vt 0.390071 0.584711 0.000000
vt 0.358790 0.599653 0.000000
vt 0.372351 0.677694 0.000000
vt 0.425325 0.661575 0.000000
vt 0.494533 0.614149 0.000000
vt 0.492479 0.577386 0.000000
vt 0.455433 0.617057 0.000000
vt 0.492479 0.577386 0.000000
vt 0.468752 0.545593 0.000000
vt 0.477183 0.576714 0.000000
vt 0.480967 0.513465 0.000000
vt 0.480967 0.513465 0.000000
vt 0.450326 0.497098 0.000000
vt 0.471502 0.518249 0.000000
vt 0.450326 0.497098 0.000000
vt 0.443804 0.469877 0.000000
vt 0.437273 0.481224 0.000000
vt 0.437273 0.481224 0.000000
vt 0.420592 0.455686 0.000000
vt 0.383260 0.495930 0.000000
vt 0.492479 0.577386 0.000000
vt 0.361888 0.478241 0.000000
vt 0.383260 0.495930 0.000000
vt 0.420592 0.455686 0.000000
vt 0.462231 0.741208 0.000000
vt 0.455567 0.673287 0.000000
vt 0.422147 0.667592 0.000000
vt 0.479263 0.682319 0.000000
vt 0.462231 0.741208 0.000000
vt 0.495971 0.699801 0.000000
vt 0.494533 0.614149 0.000000
vt 0.462231 0.741208 0.000000
vt 0.422147 0.667592 0.000000
vt 0.410646 0.709939 0.000000
vt 0.531990 0.889664 0.000000
vt 0.531990 0.889664 0.000000
vt 0.488275 0.811108 0.000000
vt 0.518347 0.808690 0.000000
vt 0.425325 0.661575 0.000000
vt 0.390071 0.584711 0.000000
vt 0.358790 0.599653 0.000000
vt 0.405606 0.557788 0.000000
vt 0.405985 0.522990 0.000000
vt 0.488100 0.832943 0.000000
vt 0.455534 0.832943 0.000000
vt 0.465539 0.786673 0.000000
vt 0.488100 0.832943 0.000000
vt 0.465539 0.786673 0.000000
vt 0.488100 0.786673 0.000000
vt 0.520852 0.832943 0.000000
vt 0.520852 0.832943 0.000000
vt 0.488100 0.786673 0.000000
vt 0.510682 0.786673 0.000000
vt 0.488100 0.832943 0.000000
vt 0.455534 0.832943 0.000000
vt 0.465539 0.786673 0.000000
vt 0.488100 0.832943 0.000000
vt 0.465539 0.786673 0.000000
vt 0.488100 0.786673 0.000000
vt 0.520852 0.832943 0.000000
vt 0.520852 0.832943 0.000000
vt 0.488100 0.786673 0.000000
vt 0.510682 0.786673 0.000000
vt 0.488100 0.832943 0.000000
vt 0.455534 0.832943 0.000000
vt 0.520852 0.832943 0.000000
vt 0.520852 0.832943 0.000000
vt 0.492479 0.577386 0.000000
vt 0.497655 0.541294 0.000000
vt 0.468752 0.545593 0.000000
vt 0.468752 0.545593 0.000000
vt 0.497655 0.541294 0.000000
vt 0.480967 0.513465 0.000000
vt 0.480967 0.513465 0.000000
vt 0.467056 0.479388 0.000000
vt 0.450326 0.497098 0.000000
vt 0.450326 0.497098 0.000000
vt 0.467056 0.479388 0.000000
vt 0.443804 0.469877 0.000000
vt 0.479263 0.682319 0.000000
vt 0.455567 0.673287 0.000000
vt 0.462231 0.741208 0.000000
vt 0.405985 0.522990 0.000000
vt 0.443804 0.469877 0.000000
vt 0.420592 0.455686 0.000000
vt 0.437273 0.481224 0.000000
vt 0.488100 0.730004 0.000000
vt 0.384082 0.513430 0.000000
vt 0.362995 0.513430 0.000000
vt 0.373538 0.492346 0.000000
vt 0.518347 0.808690 0.000000
vt 0.358790 0.599653 0.000000
vt 0.318531 0.599242 0.000000
vt 0.372351 0.677694 0.000000
vt 0.405606 0.557788 0.000000
vt 0.471502 0.518249 0.000000
vt 0.405985 0.522990 0.000000
vt 0.378069 0.099797 0.000000
vt 0.368048 0.111352 0.000000
vt 0.403887 0.109155 0.000000
vt 0.390324 0.059873 0.000000
vt 0.355406 0.058587 0.000000
vt 0.366214 0.073592 0.000000
vt 0.450778 0.004183 0.000000
vt 0.460218 0.028022 0.000000
vt 0.484253 0.029911 0.000000
vt 0.486905 0.005490 0.000000
vt 0.496364 0.096062 0.000000
vt 0.470930 0.109046 0.000000
vt 0.495812 0.109990 0.000000
vt 0.460218 0.028022 0.000000
vt 0.390324 0.059873 0.000000
vt 0.417785 0.086408 0.000000
vt 0.376003 0.345912 0.000000
vt 0.390510 0.357516 0.000000
vt 0.373786 0.362557 0.000000
vt 0.460218 0.028022 0.000000
vt 0.382167 0.032287 0.000000
vt 0.390324 0.059873 0.000000
vt 0.388132 0.315409 0.000000
vt 0.406611 0.323597 0.000000
vt 0.354988 0.029903 0.000000
vt 0.351187 0.005498 0.000000
vt 0.416760 0.008269 0.000000
vt 0.351187 0.005498 0.000000
vt 0.416760 0.008268 0.000000
vt 0.354988 0.029903 0.000000
vt 0.351187 0.005498 0.000000
vt 0.416760 0.008268 0.000000
vt 0.354988 0.029903 0.000000
vt 0.388132 0.315409 0.000000
vt 0.397603 0.302275 0.000000
vt 0.406611 0.323597 0.000000
vt 0.163116 0.213098 0.000000
vt 0.140669 0.186017 0.000000
vt 0.180439 0.146246 0.000000
vt 0.117487 0.167854 0.000000
vt 0.180439 0.146246 0.000000
vt 0.140669 0.186017 0.000000
vt 0.117487 0.167854 0.000000
vt 0.180439 0.146246 0.000000
vt 0.140669 0.186017 0.000000
vt 0.163116 0.213098 0.000000
vt 0.140669 0.186017 0.000000
vt 0.180439 0.146246 0.000000
vt 0.117487 0.167854 0.000000
vt 0.180439 0.146246 0.000000
vt 0.140669 0.186017 0.000000
vt 0.163116 0.213098 0.000000
vt 0.140669 0.186017 0.000000
vt 0.180439 0.146246 0.000000
vt 0.416963 0.340402 0.000000
vt 0.428430 0.324741 0.000000
vt 0.117536 0.209150 0.000000
vt 0.103074 0.194687 0.000000
vt 0.140669 0.186017 0.000000
vt 0.103073 0.194687 0.000000
vt 0.140669 0.186017 0.000000
vt 0.133636 0.225250 0.000000
vt 0.133636 0.225250 0.000000
vt 0.140669 0.186017 0.000000
vt 0.103074 0.194687 0.000000
vt 0.117487 0.167854 0.000000
vt 0.103074 0.194687 0.000000
vt 0.140669 0.186017 0.000000
vt 0.133636 0.225250 0.000000
vt 0.412124 0.301916 0.000000
vt 0.423602 0.310275 0.000000
vt 0.406611 0.323597 0.000000
vt 0.412124 0.301916 0.000000
vt 0.406611 0.323597 0.000000
vt 0.397603 0.302275 0.000000
vt 0.473866 0.068461 0.000000
vt 0.498437 0.077172 0.000000
vt 0.498636 0.064947 0.000000
vt 0.473866 0.068461 0.000000
vt 0.498636 0.064947 0.000000
vt 0.494038 0.048414 0.000000
vt 0.423602 0.310275 0.000000
vt 0.428430 0.324741 0.000000
vt 0.406611 0.323597 0.000000
vt 0.133636 0.225250 0.000000
vt 0.140669 0.186017 0.000000
vt 0.163116 0.213098 0.000000
vt 0.117487 0.167854 0.000000
vt 0.133636 0.225250 0.000000
vt 0.140669 0.186017 0.000000
vt 0.163116 0.213098 0.000000
vt 0.117487 0.167854 0.000000
vt 0.417785 0.086408 0.000000
vt 0.473866 0.068461 0.000000
vt 0.382167 0.032287 0.000000
vt 0.163116 0.213098 0.000000
vt 0.133636 0.225250 0.000000
vt 0.140669 0.186017 0.000000
vt 0.422147 0.667592 0.000000
vt 0.411061 0.672268 0.000000
vt 0.410646 0.709939 0.000000
vt 0.417785 0.086408 0.000000
vt 0.403887 0.109155 0.000000
vt 0.470930 0.109046 0.000000
vt 0.459220 0.138560 0.000000
vt 0.403887 0.109155 0.000000
vt 0.396671 0.131426 0.000000
vt 0.128254 0.155453 0.000000
vt 0.100525 0.182026 0.000000
vt 0.180810 0.146122 0.000000
vt 0.100525 0.182026 0.000000
vt 0.122524 0.213748 0.000000
vt 0.180810 0.146122 0.000000
vt 0.138112 0.229204 0.000000
vt 0.180810 0.146122 0.000000
vt 0.122524 0.213748 0.000000
vt 0.448832 0.165654 0.000000
vt 0.459220 0.138560 0.000000
vt 0.396671 0.131426 0.000000
vt 0.459220 0.138560 0.000000
vt 0.470930 0.109046 0.000000
vt 0.403887 0.109155 0.000000
vt 0.417785 0.086408 0.000000
vt 0.473866 0.068461 0.000000
vt 0.390324 0.059873 0.000000
vt 0.382167 0.032287 0.000000
vt 0.355406 0.058587 0.000000
vt 0.403887 0.109155 0.000000
vt 0.368048 0.111352 0.000000
vt 0.396671 0.131426 0.000000
vt 0.014892 0.996235 0.000000
vt 0.018559 0.947029 0.000000
vt 0.204360 0.944147 0.000000
vt 0.120180 0.997093 0.000000
vt 0.204360 0.944147 0.000000
vt 0.208254 0.960059 0.000000
vt 0.014892 0.996235 0.000000
vt 0.204360 0.944147 0.000000
vt 0.120180 0.997093 0.000000
vt 0.353121 0.537769 0.000000
vt 0.455534 0.832943 0.000000
vt 0.488100 0.832943 0.000000
vt 0.445906 0.889664 0.000000
vt 0.488100 0.832943 0.000000
vt 0.520852 0.832943 0.000000
vt 0.531990 0.889664 0.000000
vt 0.455534 0.832943 0.000000
vt 0.488100 0.832943 0.000000
vt 0.445906 0.889664 0.000000
vt 0.488100 0.832943 0.000000
vt 0.520852 0.832943 0.000000
vt 0.531990 0.889664 0.000000
vt 0.455534 0.832943 0.000000
vt 0.520852 0.832943 0.000000
vt 0.486857 0.132808 0.000000
vt 0.724545 0.004851 0.000000
vt 0.634516 0.080813 0.000000
vt 0.600529 0.004851 0.000000
vt 0.794192 0.080813 0.000000
vt 0.724545 0.004851 0.000000
vt 0.840271 0.004851 0.000000
vt 0.992781 0.004851 0.000000
vt 0.794192 0.080813 0.000000
vt 0.914218 0.080813 0.000000
vt 0.685157 0.552150 0.000000
vt 0.688740 0.600443 0.000000
vt 0.749143 0.552150 0.000000
vt 0.688740 0.600443 0.000000
vt 0.685157 0.552150 0.000000
vt 0.749143 0.552150 0.000000
vt 0.685157 0.552150 0.000000
vt 0.689536 0.492711 0.000000
vt 0.749143 0.552150 0.000000
vt 0.689536 0.492711 0.000000
vt 0.685157 0.552150 0.000000
vt 0.749143 0.552150 0.000000
vt 0.685157 0.552150 0.000000
vt 0.688740 0.600443 0.000000
vt 0.749143 0.552150 0.000000
vt 0.688740 0.600443 0.000000
vt 0.685157 0.552150 0.000000
vt 0.749143 0.552150 0.000000
vt 0.685157 0.552150 0.000000
vt 0.689536 0.492711 0.000000
vt 0.749143 0.552150 0.000000
vt 0.689536 0.492711 0.000000
vt 0.685157 0.552150 0.000000
vt 0.749143 0.552150 0.000000
vt 0.688740 0.600443 0.000000
vt 0.685157 0.552150 0.000000
vt 0.749143 0.552150 0.000000
vt 0.685157 0.552150 0.000000
vt 0.689536 0.492711 0.000000
vt 0.749143 0.552150 0.000000
vt 0.778970 0.504565 0.000000
vt 0.629530 0.746759 0.000000
vt 0.699370 0.641259 0.000000
vt 0.414355 0.358357 0.000000
vt 0.402954 0.433157 0.000000
vt 0.497094 0.489236 0.000000
vt 0.414355 0.358357 0.000000
vt 0.497094 0.489236 0.000000
vt 0.474521 0.390255 0.000000
vt 0.698757 0.642446 0.000000
vt 0.440125 0.316041 0.000000
vt 0.414355 0.358357 0.000000
vt 0.474521 0.390255 0.000000
vt 0.629477 0.746583 0.000000
vt 0.716645 0.741903 0.000000
vt 0.698757 0.642446 0.000000
vt 0.701039 0.466847 0.000000
vt 0.414355 0.358357 0.000000
vt 0.349150 0.375762 0.000000
vt 0.402954 0.433157 0.000000
vt 0.435906 0.168674 0.000000
vt 0.499048 0.336963 0.000000
vt 0.377142 0.211035 0.000000
vt 0.377142 0.211035 0.000000
vt 0.499048 0.336963 0.000000
vt 0.435906 0.168674 0.000000
vt 0.435905 0.168674 0.000000
vt 0.475152 0.165221 0.000000
vt 0.499047 0.336963 0.000000
vt 0.475152 0.165221 0.000000
vt 0.435905 0.168674 0.000000
vt 0.499047 0.336963 0.000000
vt 0.388720 0.279099 0.000000
vt 0.388720 0.279099 0.000000
vt 0.815843 0.851664 0.000000
vt 0.815843 0.851664 0.000000
vt 0.076222 0.365683 0.000000
vt 0.141600 0.316158 0.000000
vt 0.137087 0.365683 0.000000
vt 0.498437 0.077172 0.000000
vt 0.494038 0.048414 0.000000
vt 0.096172 0.595526 0.000000
vt 0.076602 0.181590 0.000000
vt 0.377867 0.317854 0.000000
vt 0.221946 0.960175 0.000000
vt 0.247463 0.945528 0.000000
vt 0.299565 0.989449 0.000000
vt 0.194041 0.971069 0.000000
vt 0.221946 0.960175 0.000000
vt 0.299565 0.989449 0.000000
vt 0.353421 0.964247 0.000000
vt 0.380598 0.973619 0.000000
vt 0.299565 0.989449 0.000000
vt 0.329578 0.950044 0.000000
vt 0.342737 0.961292 0.000000
vt 0.299565 0.989449 0.000000
vt 0.247463 0.945528 0.000000
vt 0.275310 0.944122 0.000000
vt 0.299565 0.989449 0.000000
vt 0.342737 0.961292 0.000000
vt 0.353421 0.964247 0.000000
vt 0.299565 0.989449 0.000000
vt 0.380598 0.973619 0.000000
vt 0.387140 0.989449 0.000000
vt 0.299565 0.989449 0.000000
vt 0.176041 0.989449 0.000000
vt 0.194041 0.971069 0.000000
vt 0.299565 0.989449 0.000000
vt 0.275310 0.944122 0.000000
vt 0.329578 0.950044 0.000000
vt 0.299565 0.989449 0.000000
vt 0.012068 0.641636 0.000000
vt 0.127871 0.615296 0.000000
vt 0.056614 0.734233 0.000000
vt 0.012068 0.641636 0.000000
vt 0.056614 0.734233 0.000000
vt 0.031378 0.743382 0.000000
vt 0.203773 0.755628 0.000000
vt 0.056614 0.734233 0.000000
vt 0.127871 0.615296 0.000000
vt 0.259298 0.788347 0.000000
vt 0.203773 0.755628 0.000000
vt 0.306362 0.624017 0.000000
vt 0.440154 0.739849 0.000000
vt 0.443698 0.934901 0.000000
vt 0.203773 0.755628 0.000000
vt 0.127871 0.615296 0.000000
vt 0.306362 0.624017 0.000000
vt 0.259298 0.788347 0.000000
vt 0.306362 0.624017 0.000000
vt 0.440154 0.739849 0.000000
vt 0.259298 0.788347 0.000000
vt 0.609859 0.994104 0.000000
vt 0.431798 0.993454 0.000000
vt 0.608129 0.946461 0.000000
vt 0.989391 0.994104 0.000000
vt 0.788495 0.994104 0.000000
vt 0.786889 0.946603 0.000000
vt 0.988001 0.951270 0.000000
vt 0.681303 0.123459 0.000000
vt 0.702370 0.149849 0.000000
vt 0.756899 0.048096 0.000000
vt 0.681303 0.123459 0.000000
vt 0.656879 0.095855 0.000000
vt 0.681303 0.123459 0.000000
vt 0.702370 0.149849 0.000000
vt 0.756899 0.048096 0.000000
vt 0.681303 0.123459 0.000000
vt 0.656879 0.095855 0.000000
vt 0.681303 0.123459 0.000000
vt 0.702370 0.149849 0.000000
vt 0.756899 0.048096 0.000000
vt 0.681303 0.123459 0.000000
vt 0.656879 0.095855 0.000000
vt 0.702370 0.149849 0.000000
vt 0.681303 0.123459 0.000000
vt 0.756899 0.048096 0.000000
vt 0.656879 0.095855 0.000000
vt 0.681303 0.123459 0.000000
vt 0.702370 0.149849 0.000000
vt 0.681303 0.123459 0.000000
vt 0.756899 0.048096 0.000000
vt 0.656879 0.095855 0.000000
vt 0.681303 0.123459 0.000000
vt 0.702370 0.149849 0.000000
vt 0.681303 0.123459 0.000000
vt 0.756899 0.048096 0.000000
vt 0.656879 0.095855 0.000000
vt 0.681303 0.123459 0.000000
vt 0.702370 0.149849 0.000000
vt 0.681303 0.123459 0.000000
vt 0.756899 0.048096 0.000000
vt 0.656879 0.095855 0.000000
vt 0.681303 0.123459 0.000000
vt 0.994474 0.861403 0.000000
vt 0.994474 0.934658 0.000000
vt 0.788209 0.934658 0.000000
vt 0.994474 0.861403 0.000000
vt 0.788209 0.934658 0.000000
vt 0.788211 0.861403 0.000000
vt 0.542237 0.934658 0.000000
vt 0.542193 0.861403 0.000000
vt 0.558793 0.827992 0.000000
vt 0.565581 0.716554 0.000000
vt 0.164039 0.770391 0.000000
vt 0.056614 0.734233 0.000000
vt 0.054559 0.756231 0.000000
vt 0.164039 0.770391 0.000000
vt 0.203773 0.755628 0.000000
vt 0.056614 0.734233 0.000000
vt 0.182983 0.869289 0.000000
vt 0.161156 0.872170 0.000000
vt 0.055950 0.773977 0.000000
vt 0.041433 0.862335 0.000000
vt 0.040753 0.846594 0.000000
vt 0.176617 0.795847 0.000000
vt 0.577071 0.650157 0.000000
vt 0.603836 0.709739 0.000000
vt 0.045842 0.874968 0.000000
vt 0.028238 0.761011 0.000000
vt 0.056614 0.734233 0.000000
vt 0.031378 0.743382 0.000000
vt 0.056614 0.734233 0.000000
vt 0.218880 0.896967 0.000000
vt 0.282200 0.868450 0.000000
vt 0.047225 0.805189 0.000000
vt 0.049206 0.809029 0.000000
vt 0.184316 0.854863 0.000000
vt 0.161816 0.849339 0.000000
vt 0.161602 0.829208 0.000000
vt 0.234953 0.839846 0.000000
vt 0.006142 0.912442 0.000000
vt 0.011199 0.946968 0.000000
vt 0.040934 0.896874 0.000000
vt 0.203773 0.755628 0.000000
vt 0.234953 0.839846 0.000000
vt 0.282200 0.868450 0.000000
vt 0.259298 0.788347 0.000000
vt 0.193287 0.818321 0.000000
vt 0.018559 0.947029 0.000000
vt 0.204360 0.944147 0.000000
vt 0.101871 0.895846 0.000000
vt 0.193287 0.818321 0.000000
vt 0.259298 0.788347 0.000000
vt 0.203773 0.755628 0.000000
vt 0.259298 0.788347 0.000000
vt 0.163278 0.812505 0.000000
vt 0.233233 0.878617 0.000000
vt 0.233233 0.878617 0.000000
vt 0.018559 0.947029 0.000000
vt 0.101871 0.895846 0.000000
vt 0.045749 0.897127 0.000000
vt 0.011770 0.896095 0.000000
vt 0.006142 0.912442 0.000000
vt 0.040934 0.896874 0.000000
vt 0.233233 0.878617 0.000000
vt 0.945122 0.857553 0.000000
vt 0.868717 0.827068 0.000000
vt 0.877632 0.857553 0.000000
vt 0.203773 0.755628 0.000000
vt 0.892462 0.688953 0.000000
vt 0.906089 0.324745 0.000000
vt 0.908869 0.480991 0.000000
vt 0.907697 0.585432 0.000000
vt 0.862074 0.749743 0.000000
vt 0.923348 0.800742 0.000000
vt 0.793469 0.514849 0.000000
vt 0.809514 0.643339 0.000000
vt 0.810184 0.726442 0.000000
vt 0.803776 0.578225 0.000000
vt 0.868717 0.827068 0.000000
vt 0.868717 0.827068 0.000000
vt 0.945122 0.857553 0.000000
vt 0.923348 0.800742 0.000000
vt 0.587174 0.609964 0.000000
vt 0.576731 0.540379 0.000000
vt 0.598760 0.448831 0.000000
vt 0.603864 0.336418 0.000000
vt 0.594655 0.165191 0.000000
vt 0.659366 0.545092 0.000000
vt 0.689629 0.455706 0.000000
vt 0.644907 0.663394 0.000000
vt 0.700019 0.636698 0.000000
vt 0.587174 0.609964 0.000000
vt 0.692441 0.334792 0.000000
vt 0.814209 0.329920 0.000000
vt 0.747057 0.463710 0.000000
vt 0.700019 0.636698 0.000000
vt 0.644907 0.663394 0.000000
vt 0.913422 0.165191 0.000000
vt 0.823177 0.165191 0.000000
vt 0.698620 0.165191 0.000000
vt 0.254524 0.494560 0.000000
vt 0.251265 0.529554 0.000000
vt 0.193738 0.487353 0.000000
vt 0.171329 0.549913 0.000000
vt 0.193692 0.549913 0.000000
vt 0.191715 0.595526 0.000000
vt 0.169825 0.595526 0.000000
vt 0.306411 0.595526 0.000000
vt 0.319700 0.565047 0.000000
vt 0.840271 0.004851 0.000000
vt 0.914218 0.080813 0.000000
vt 0.914218 0.004851 0.000000
vt 0.313471 0.533623 0.000000
vt 0.353121 0.537769 0.000000
vt 0.314359 0.426946 0.000000
vt 0.320139 0.374387 0.000000
vt 0.346819 0.426946 0.000000
vt 0.259578 0.426946 0.000000
vt 0.320139 0.374387 0.000000
vt 0.259578 0.426946 0.000000
vt 0.257234 0.374387 0.000000
vt 0.320139 0.374387 0.000000
vt 0.152748 0.430152 0.000000
vt 0.096172 0.374387 0.000000
vt 0.169825 0.374387 0.000000
vt 0.248233 0.563347 0.000000
vt 0.245974 0.595526 0.000000
vt 0.088402 0.496224 0.000000
vt 0.006675 0.498348 0.000000
vt 0.006675 0.431253 0.000000
vt 0.087457 0.431126 0.000000
vt 0.155317 0.486923 0.000000
vt 0.006675 0.374387 0.000000
vt 0.245974 0.595526 0.000000
vt 0.314359 0.479931 0.000000
vt 0.259033 0.460268 0.000000
vt 0.320139 0.374387 0.000000
vt 0.353708 0.389262 0.000000
vt 0.346819 0.426946 0.000000
vt 0.320139 0.374387 0.000000
vt 0.340939 0.374387 0.000000
vt 0.353708 0.389262 0.000000
vt 0.096172 0.595526 0.000000
vt 0.094239 0.555129 0.000000
vt 0.006675 0.559018 0.000000
vt 0.191715 0.374388 0.000000
vt 0.186635 0.427729 0.000000
vt 0.634516 0.080813 0.000000
vt 0.600529 0.004851 0.000000
vt 0.191715 0.374388 0.000000
vt 0.319700 0.565047 0.000000
vt 0.353121 0.537769 0.000000
vt 0.353121 0.564570 0.000000
vt 0.353121 0.564570 0.000000
vt 0.348536 0.475432 0.000000
vt 0.353121 0.537769 0.000000
vt 0.006675 0.595526 0.000000
vt 0.006675 0.559018 0.000000
vt 0.096172 0.595526 0.000000
vt 0.152748 0.430152 0.000000
vt 0.169825 0.374387 0.000000
vt 0.191715 0.374388 0.000000
vt 0.191715 0.374388 0.000000
vt 0.096172 0.595526 0.000000
vt 0.503411 0.004851 0.000000
vt 0.503411 0.078971 0.000000
vt 0.600529 0.004851 0.000000
vt 0.992781 0.857553 0.000000
vt 0.923348 0.800742 0.000000
vt 0.945122 0.857553 0.000000
vt 0.992781 0.857553 0.000000
vt 0.610634 0.851664 0.000000
vt 0.629477 0.746583 0.000000
vt 0.716645 0.741903 0.000000
vt 0.354990 0.365683 0.000000
vt 0.381065 0.324257 0.000000
vt 0.377867 0.317854 0.000000
vt 0.354990 0.365683 0.000000
vt 0.365265 0.365683 0.000000
vt 0.381065 0.324257 0.000000
vt 0.352808 0.061068 0.000000
vt 0.338410 0.005599 0.000000
vt 0.346259 0.061982 0.000000
vt 0.352808 0.061068 0.000000
vt 0.347440 0.005599 0.000000
vt 0.338410 0.005599 0.000000
vt 0.719503 0.851664 0.000000
vt 0.807281 0.733186 0.000000
vt 0.716538 0.742246 0.000000
vt 0.719488 0.851664 0.000000
vt 0.629530 0.746759 0.000000
vt 0.655257 0.851664 0.000000
vt 0.352808 0.061068 0.000000
vt 0.357250 0.106588 0.000000
vt 0.359034 0.091570 0.000000
vt 0.352808 0.061068 0.000000
vt 0.346259 0.061982 0.000000
vt 0.357250 0.106588 0.000000
vt 0.300662 0.110530 0.000000
vt 0.357774 0.151831 0.000000
vt 0.357250 0.106588 0.000000
vt 0.300662 0.110530 0.000000
vt 0.296410 0.157960 0.000000
vt 0.357774 0.151831 0.000000
vt 0.295195 0.067901 0.000000
vt 0.229395 0.062478 0.000000
vt 0.244982 0.112811 0.000000
vt 0.286831 0.256180 0.000000
vt 0.376676 0.247346 0.000000
vt 0.346529 0.204183 0.000000
vt 0.291697 0.208024 0.000000
vt 0.377867 0.317854 0.000000
vt 0.376676 0.247346 0.000000
vt 0.286831 0.256180 0.000000
vt 0.235923 0.251790 0.000000
vt 0.232880 0.314811 0.000000
vt 0.282764 0.309032 0.000000
vt 0.219204 0.365683 0.000000
vt 0.281663 0.365683 0.000000
vt 0.235688 0.163954 0.000000
vt 0.212855 0.160917 0.000000
vt 0.215867 0.249662 0.000000
vt 0.219204 0.005599 0.000000
vt 0.184477 0.005599 0.000000
vt 0.205054 0.070232 0.000000
vt 0.218203 0.110223 0.000000
vt 0.137087 0.005599 0.000000
vt 0.209368 0.315393 0.000000
vt 0.184477 0.365683 0.000000
vt 0.074705 0.137863 0.000000
vt 0.156198 0.126229 0.000000
vt 0.148651 0.070203 0.000000
vt 0.073802 0.081533 0.000000
vt 0.377142 0.134912 0.000000
vt 0.377142 0.211035 0.000000
vt 0.435906 0.168674 0.000000
vt 0.006298 0.238575 0.000000
vt 0.076602 0.181590 0.000000
vt 0.006298 0.187067 0.000000
vt 0.006298 0.238575 0.000000
vt 0.079746 0.237730 0.000000
vt 0.076602 0.181590 0.000000
vt 0.006298 0.308013 0.000000
vt 0.079505 0.308013 0.000000
vt 0.006298 0.187067 0.000000
vt 0.076602 0.181590 0.000000
vt 0.006298 0.139743 0.000000
vt 0.006298 0.005599 0.000000
vt 0.006298 0.078412 0.000000
vt 0.076222 0.005599 0.000000
vt 0.076222 0.365683 0.000000
vt 0.006298 0.308013 0.000000
vt 0.006298 0.365683 0.000000
vt 0.076222 0.365683 0.000000
vt 0.152160 0.244219 0.000000
vt 0.141600 0.316158 0.000000
vt 0.295195 0.067901 0.000000
vt 0.357250 0.106588 0.000000
vt 0.346259 0.061982 0.000000
vt 0.357250 0.106588 0.000000
vt 0.295195 0.067901 0.000000
vt 0.338410 0.005599 0.000000
vt 0.289705 0.005599 0.000000
vt 0.338410 0.005599 0.000000
vt 0.357774 0.151831 0.000000
vt 0.295195 0.067901 0.000000
vt 0.289705 0.005599 0.000000
vt 0.219204 0.005599 0.000000
vt 0.354990 0.365683 0.000000
vt 0.377867 0.317854 0.000000
vt 0.281663 0.365683 0.000000
vt 0.377867 0.317854 0.000000
vt 0.435906 0.168674 0.000000
vt 0.076222 0.365683 0.000000
vt 0.184477 0.365683 0.000000
vt 0.610803 0.851664 0.000000
vt 0.655257 0.851664 0.000000
vt 0.629530 0.746759 0.000000
vt 0.184477 0.365683 0.000000
vt 0.141600 0.316158 0.000000
vt 0.137087 0.365683 0.000000
vt 0.219204 0.005599 0.000000
vt 0.076602 0.181590 0.000000
vt 0.488100 0.832943 0.000000
vt 0.488100 0.889664 0.000000
vt 0.531990 0.889664 0.000000
vt 0.445906 0.889664 0.000000
vt 0.488100 0.786673 0.000000
vt 0.510682 0.786673 0.000000
vt 0.488100 0.730004 0.000000
vt 0.465539 0.786673 0.000000
vt 0.384082 0.548568 0.000000
vt 0.362995 0.583707 0.000000
vt 0.384082 0.583707 0.000000
vt 0.384082 0.548568 0.000000
vt 0.362995 0.548568 0.000000
vt 0.362995 0.583707 0.000000
vt 0.362995 0.513430 0.000000
vt 0.384082 0.548568 0.000000
vt 0.384082 0.513430 0.000000
vt 0.362995 0.513430 0.000000
vt 0.362995 0.513430 0.000000
vt 0.384082 0.513430 0.000000
vt 0.373538 0.492346 0.000000
vt 0.384082 0.548568 0.000000
vt 0.362995 0.583707 0.000000
vt 0.384082 0.583707 0.000000
vt 0.384082 0.548568 0.000000
vt 0.362995 0.548568 0.000000
vt 0.362995 0.583707 0.000000
vt 0.384082 0.513430 0.000000
vt 0.362995 0.513430 0.000000
vt 0.373538 0.492346 0.000000
vt 0.384082 0.548568 0.000000
vt 0.384082 0.513430 0.000000
vt 0.362995 0.513430 0.000000
vt 0.362995 0.548568 0.000000
vt 0.373538 0.492346 0.000000
vt 0.362995 0.583707 0.000000
vt 0.384082 0.583707 0.000000
vt 0.488100 0.832943 0.000000
vt 0.488100 0.889664 0.000000
vt 0.531990 0.889664 0.000000
vt 0.445906 0.889664 0.000000
vt 0.488099 0.730004 0.000000
vt 0.465539 0.786673 0.000000
vt 0.488100 0.786673 0.000000
vt 0.488100 0.786673 0.000000
vt 0.510682 0.786673 0.000000
vt 0.488099 0.730004 0.000000
vt 0.445906 0.889664 0.000000
vt 0.488099 0.889664 0.000000
vt 0.488100 0.832943 0.000000
vt 0.531990 0.889664 0.000000
vt 0.488100 0.786673 0.000000
vt 0.510682 0.786673 0.000000
vt 0.488100 0.730004 0.000000
vt 0.488100 0.730004 0.000000
vt 0.465539 0.786673 0.000000
vt 0.488100 0.786673 0.000000
vt 0.488100 0.915782 0.000000
vt 0.488275 0.811108 0.000000
vt 0.457957 0.807460 0.000000
vt 0.445906 0.889664 0.000000
vt 0.487191 0.663111 0.000000
vt 0.425325 0.661575 0.000000
vt 0.455433 0.617057 0.000000
vt 0.384082 0.513430 0.000000
vt 0.362995 0.583707 0.000000
vt 0.384082 0.583707 0.000000
vt 0.384082 0.513430 0.000000
vt 0.362995 0.513430 0.000000
vt 0.362995 0.583707 0.000000
vt 0.468752 0.545593 0.000000
vt 0.405606 0.557788 0.000000
vt 0.471502 0.518249 0.000000
vt 0.383260 0.495930 0.000000
vt 0.437273 0.481224 0.000000
vt 0.405985 0.522990 0.000000
vt 0.477183 0.576714 0.000000
vt 0.455433 0.617057 0.000000
vt 0.405606 0.557788 0.000000
vt 0.405606 0.557788 0.000000
vt 0.455433 0.617057 0.000000
vt 0.390071 0.584711 0.000000
vt 0.425325 0.661575 0.000000
vt 0.390071 0.584711 0.000000
vt 0.455433 0.617057 0.000000
vt 0.358790 0.599653 0.000000
vt 0.425325 0.661575 0.000000
vt 0.372351 0.677694 0.000000
vt 0.494533 0.614149 0.000000
vt 0.455433 0.617057 0.000000
vt 0.492479 0.577386 0.000000
vt 0.492479 0.577386 0.000000
vt 0.477183 0.576714 0.000000
vt 0.468752 0.545593 0.000000
vt 0.480967 0.513465 0.000000
vt 0.480967 0.513465 0.000000
vt 0.471502 0.518249 0.000000
vt 0.450326 0.497098 0.000000
vt 0.450326 0.497098 0.000000
vt 0.437273 0.481224 0.000000
vt 0.443804 0.469877 0.000000
vt 0.437273 0.481224 0.000000
vt 0.383260 0.495930 0.000000
vt 0.420592 0.455686 0.000000
vt 0.492479 0.577386 0.000000
vt 0.361888 0.478241 0.000000
vt 0.420592 0.455686 0.000000
vt 0.383260 0.495930 0.000000
vt 0.462231 0.741208 0.000000
vt 0.422147 0.667592 0.000000
vt 0.455567 0.673287 0.000000
vt 0.479263 0.682319 0.000000
vt 0.495971 0.699801 0.000000
vt 0.462231 0.741208 0.000000
vt 0.494533 0.614149 0.000000
vt 0.462231 0.741208 0.000000
vt 0.410646 0.709939 0.000000
vt 0.422147 0.667592 0.000000
vt 0.531990 0.889664 0.000000
vt 0.531990 0.889664 0.000000
vt 0.518347 0.808690 0.000000
vt 0.488275 0.811108 0.000000
vt 0.425325 0.661575 0.000000
vt 0.358790 0.599653 0.000000
vt 0.390071 0.584711 0.000000
vt 0.405606 0.557788 0.000000
vt 0.405985 0.522990 0.000000
vt 0.488100 0.832943 0.000000
vt 0.465539 0.786673 0.000000
vt 0.455534 0.832943 0.000000
vt 0.488100 0.832943 0.000000
vt 0.488100 0.786673 0.000000
vt 0.465539 0.786673 0.000000
vt 0.520852 0.832943 0.000000
vt 0.520852 0.832943 0.000000
vt 0.510682 0.786673 0.000000
vt 0.488100 0.786673 0.000000
vt 0.488100 0.832943 0.000000
vt 0.465539 0.786673 0.000000
vt 0.455534 0.832943 0.000000
vt 0.488100 0.832943 0.000000
vt 0.488100 0.786673 0.000000
vt 0.465539 0.786673 0.000000
vt 0.520852 0.832943 0.000000
vt 0.520852 0.832943 0.000000
vt 0.510682 0.786673 0.000000
vt 0.488100 0.786673 0.000000
vt 0.488100 0.832943 0.000000
vt 0.455534 0.832943 0.000000
vt 0.520852 0.832943 0.000000
vt 0.520852 0.832943 0.000000
vt 0.492479 0.577386 0.000000
vt 0.468752 0.545593 0.000000
vt 0.497655 0.541294 0.000000
vt 0.468752 0.545593 0.000000
vt 0.480967 0.513465 0.000000
vt 0.497655 0.541294 0.000000
vt 0.480967 0.513465 0.000000
vt 0.450326 0.497098 0.000000
vt 0.467056 0.479388 0.000000
vt 0.450326 0.497098 0.000000
vt 0.443804 0.469877 0.000000
vt 0.467056 0.479388 0.000000
vt 0.479263 0.682319 0.000000
vt 0.462231 0.741208 0.000000
vt 0.455567 0.673287 0.000000
vt 0.405985 0.522990 0.000000
vt 0.443804 0.469877 0.000000
vt 0.437273 0.481224 0.000000
vt 0.420592 0.455686 0.000000
vt 0.488100 0.730004 0.000000
vt 0.384082 0.513430 0.000000
vt 0.373538 0.492346 0.000000
vt 0.362995 0.513430 0.000000
vt 0.518347 0.808690 0.000000
vt 0.358790 0.599653 0.000000
vt 0.372351 0.677694 0.000000
vt 0.318531 0.599242 0.000000
vt 0.405606 0.557788 0.000000
vt 0.405985 0.522990 0.000000
vt 0.471502 0.518249 0.000000
vt 0.378069 0.099797 0.000000
vt 0.403887 0.109155 0.000000
vt 0.368048 0.111352 0.000000
vt 0.390324 0.059873 0.000000
vt 0.366214 0.073592 0.000000
vt 0.355406 0.058587 0.000000
vt 0.484253 0.029911 0.000000
vt 0.460218 0.028022 0.000000
vt 0.450778 0.004183 0.000000
vt 0.486905 0.005490 0.000000
vt 0.496364 0.096062 0.000000
vt 0.495812 0.109990 0.000000
vt 0.470930 0.109046 0.000000
vt 0.460218 0.028022 0.000000
vt 0.417785 0.086408 0.000000
vt 0.390324 0.059873 0.000000
vt 0.376003 0.345912 0.000000
vt 0.373786 0.362557 0.000000
vt 0.390510 0.357516 0.000000
vt 0.460218 0.028022 0.000000
vt 0.390324 0.059873 0.000000
vt 0.382167 0.032287 0.000000
vt 0.406611 0.323597 0.000000
vt 0.388132 0.315409 0.000000
vt 0.354988 0.029903 0.000000
vt 0.416760 0.008269 0.000000
vt 0.351187 0.005498 0.000000
vt 0.351187 0.005498 0.000000
vt 0.354988 0.029903 0.000000
vt 0.416760 0.008268 0.000000
vt 0.351187 0.005498 0.000000
vt 0.354988 0.029903 0.000000
vt 0.416760 0.008268 0.000000
vt 0.388132 0.315409 0.000000
vt 0.406611 0.323597 0.000000
vt 0.397603 0.302275 0.000000
vt 0.163116 0.213098 0.000000
vt 0.180439 0.146246 0.000000
vt 0.140669 0.186017 0.000000
vt 0.117487 0.167854 0.000000
vt 0.140669 0.186017 0.000000
vt 0.180439 0.146246 0.000000
vt 0.117487 0.167854 0.000000
vt 0.140669 0.186017 0.000000
vt 0.180439 0.146246 0.000000
vt 0.163116 0.213098 0.000000
vt 0.180439 0.146246 0.000000
vt 0.140669 0.186017 0.000000
vt 0.117487 0.167854 0.000000
vt 0.140669 0.186017 0.000000
vt 0.180439 0.146246 0.000000
vt 0.163116 0.213098 0.000000
vt 0.180439 0.146246 0.000000
vt 0.140669 0.186017 0.000000
vt 0.416963 0.340402 0.000000
vt 0.428430 0.324741 0.000000
vt 0.117536 0.209150 0.000000
vt 0.140669 0.186017 0.000000
vt 0.103074 0.194687 0.000000
vt 0.103073 0.194687 0.000000
vt 0.133636 0.225250 0.000000
vt 0.140669 0.186017 0.000000
vt 0.133636 0.225250 0.000000
vt 0.140669 0.186017 0.000000
vt 0.117487 0.167854 0.000000
vt 0.103074 0.194687 0.000000
vt 0.103074 0.194687 0.000000
vt 0.133636 0.225250 0.000000
vt 0.140669 0.186017 0.000000
vt 0.412124 0.301916 0.000000
vt 0.406611 0.323597 0.000000
vt 0.423602 0.310275 0.000000
vt 0.412124 0.301916 0.000000
vt 0.397603 0.302275 0.000000
vt 0.406611 0.323597 0.000000
vt 0.473866 0.068461 0.000000
vt 0.498636 0.064947 0.000000
vt 0.498437 0.077172 0.000000
vt 0.473866 0.068461 0.000000
vt 0.494038 0.048414 0.000000
vt 0.498636 0.064947 0.000000
vt 0.423602 0.310275 0.000000
vt 0.406611 0.323597 0.000000
vt 0.428430 0.324741 0.000000
vt 0.133636 0.225250 0.000000
vt 0.163116 0.213098 0.000000
vt 0.140669 0.186017 0.000000
vt 0.117487 0.167854 0.000000
vt 0.133636 0.225250 0.000000
vt 0.163116 0.213098 0.000000
vt 0.140669 0.186017 0.000000
vt 0.117487 0.167854 0.000000
vt 0.473866 0.068461 0.000000
vt 0.417785 0.086408 0.000000
vt 0.382167 0.032287 0.000000
vt 0.163116 0.213098 0.000000
vt 0.140669 0.186017 0.000000
vt 0.133636 0.225250 0.000000
vt 0.422147 0.667592 0.000000
vt 0.410646 0.709939 0.000000
vt 0.411061 0.672268 0.000000
vt 0.417785 0.086408 0.000000
vt 0.470930 0.109046 0.000000
vt 0.403887 0.109155 0.000000
vt 0.459220 0.138560 0.000000
vt 0.396671 0.131426 0.000000
vt 0.403887 0.109155 0.000000
vt 0.128254 0.155453 0.000000
vt 0.180810 0.146122 0.000000
vt 0.100525 0.182026 0.000000
vt 0.100525 0.182026 0.000000
vt 0.180810 0.146122 0.000000
vt 0.122524 0.213748 0.000000
vt 0.138112 0.229204 0.000000
vt 0.122524 0.213748 0.000000
vt 0.180810 0.146122 0.000000
vt 0.448832 0.165654 0.000000
vt 0.396671 0.131426 0.000000
vt 0.459220 0.138560 0.000000
vt 0.459220 0.138560 0.000000
vt 0.403887 0.109155 0.000000
vt 0.470930 0.109046 0.000000
vt 0.417785 0.086408 0.000000
vt 0.473866 0.068461 0.000000
vt 0.390324 0.059873 0.000000
vt 0.355406 0.058587 0.000000
vt 0.382167 0.032287 0.000000
vt 0.403887 0.109155 0.000000
vt 0.396671 0.131426 0.000000
vt 0.368048 0.111352 0.000000
vt 0.014892 0.996235 0.000000
vt 0.204360 0.944147 0.000000
vt 0.018559 0.947029 0.000000
vt 0.014892 0.996235 0.000000
vt 0.120180 0.997093 0.000000
vt 0.204360 0.944147 0.000000
vt 0.204360 0.944147 0.000000
vt 0.353121 0.537769 0.000000
vt 0.455534 0.832943 0.000000
vt 0.445906 0.889664 0.000000
vt 0.488100 0.832943 0.000000
vt 0.488100 0.832943 0.000000
vt 0.531990 0.889664 0.000000
vt 0.520852 0.832943 0.000000
vt 0.455534 0.832943 0.000000
vt 0.445906 0.889664 0.000000
vt 0.488100 0.832943 0.000000
vt 0.488100 0.832943 0.000000
vt 0.531990 0.889664 0.000000
vt 0.520852 0.832943 0.000000
vt 0.455534 0.832943 0.000000
vt 0.520852 0.832943 0.000000
vt 0.486857 0.132808 0.000000
vt 0.724545 0.004851 0.000000
vt 0.600529 0.004851 0.000000
vt 0.634516 0.080813 0.000000
vt 0.794192 0.080813 0.000000
vt 0.840271 0.004851 0.000000
vt 0.724545 0.004851 0.000000
vt 0.992781 0.004851 0.000000
vt 0.794192 0.080813 0.000000
vt 0.914218 0.080813 0.000000
vt 0.685157 0.552150 0.000000
vt 0.749143 0.552150 0.000000
vt 0.688740 0.600443 0.000000
vt 0.688740 0.600443 0.000000
vt 0.749143 0.552150 0.000000
vt 0.685157 0.552150 0.000000
vt 0.685157 0.552150 0.000000
vt 0.749143 0.552150 0.000000
vt 0.689536 0.492711 0.000000
vt 0.689536 0.492711 0.000000
vt 0.749143 0.552150 0.000000
vt 0.685157 0.552150 0.000000
vt 0.685157 0.552150 0.000000
vt 0.749143 0.552150 0.000000
vt 0.688740 0.600443 0.000000
vt 0.688740 0.600443 0.000000
vt 0.749143 0.552150 0.000000
vt 0.685157 0.552150 0.000000
vt 0.685157 0.552150 0.000000
vt 0.749143 0.552150 0.000000
vt 0.689536 0.492711 0.000000
vt 0.689536 0.492711 0.000000
vt 0.749143 0.552150 0.000000
vt 0.685157 0.552150 0.000000
vt 0.688740 0.600443 0.000000
vt 0.749143 0.552150 0.000000
vt 0.685157 0.552150 0.000000
vt 0.685157 0.552150 0.000000
vt 0.749143 0.552150 0.000000
vt 0.689536 0.492711 0.000000
vt 0.778970 0.504565 0.000000
vt 0.629530 0.746759 0.000000
vt 0.699370 0.641259 0.000000
vt 0.414355 0.358357 0.000000
vt 0.497094 0.489236 0.000000
vt 0.402954 0.433157 0.000000
vt 0.414355 0.358357 0.000000
vt 0.474521 0.390255 0.000000
vt 0.497094 0.489236 0.000000
vt 0.698757 0.642446 0.000000
vt 0.440125 0.316041 0.000000
vt 0.474521 0.390255 0.000000
vt 0.414355 0.358357 0.000000
vt 0.629477 0.746583 0.000000
vt 0.698757 0.642446 0.000000
vt 0.716645 0.741903 0.000000
vt 0.701039 0.466847 0.000000
vt 0.414355 0.358357 0.000000
vt 0.402954 0.433157 0.000000
vt 0.349150 0.375762 0.000000
vt 0.435906 0.168674 0.000000
vt 0.377142 0.211035 0.000000
vt 0.499048 0.336963 0.000000
vt 0.377142 0.211035 0.000000
vt 0.435906 0.168674 0.000000
vt 0.499048 0.336963 0.000000
vt 0.435905 0.168674 0.000000
vt 0.499047 0.336963 0.000000
vt 0.475152 0.165221 0.000000
vt 0.475152 0.165221 0.000000
vt 0.499047 0.336963 0.000000
vt 0.435905 0.168674 0.000000
vt 0.388720 0.279099 0.000000
vt 0.388720 0.279099 0.000000
vt 0.815843 0.851664 0.000000
vt 0.815843 0.851664 0.000000
vt 0.076222 0.365683 0.000000
vt 0.137087 0.365683 0.000000
vt 0.141600 0.316158 0.000000
vt 0.498437 0.077172 0.000000
vt 0.494038 0.048414 0.000000
vt 0.096172 0.595526 0.000000
vt 0.076602 0.181590 0.000000
vt 0.377867 0.317854 0.000000
vt 0.221946 0.960175 0.000000
vt 0.299565 0.989449 0.000000
vt 0.247463 0.945528 0.000000
vt 0.194041 0.971069 0.000000
vt 0.299565 0.989449 0.000000
vt 0.221946 0.960175 0.000000
vt 0.353421 0.964247 0.000000
vt 0.299565 0.989449 0.000000
vt 0.380598 0.973619 0.000000
vt 0.329578 0.950044 0.000000
vt 0.299565 0.989449 0.000000
vt 0.342737 0.961292 0.000000
vt 0.247463 0.945528 0.000000
vt 0.299565 0.989449 0.000000
vt 0.275310 0.944122 0.000000
vt 0.342737 0.961292 0.000000
vt 0.299565 0.989449 0.000000
vt 0.353421 0.964247 0.000000
vt 0.380598 0.973619 0.000000
vt 0.299565 0.989449 0.000000
vt 0.387140 0.989449 0.000000
vt 0.176041 0.989449 0.000000
vt 0.299565 0.989449 0.000000
vt 0.194041 0.971069 0.000000
vt 0.275310 0.944122 0.000000
vt 0.299565 0.989449 0.000000
vt 0.329578 0.950044 0.000000
vt 0.012068 0.641636 0.000000
vt 0.056614 0.734233 0.000000
vt 0.127871 0.615296 0.000000
vt 0.012068 0.641636 0.000000
vt 0.031378 0.743382 0.000000
vt 0.056614 0.734233 0.000000
vt 0.203773 0.755628 0.000000
vt 0.127871 0.615296 0.000000
vt 0.056614 0.734233 0.000000
vt 0.259298 0.788347 0.000000
vt 0.306362 0.624017 0.000000
vt 0.203773 0.755628 0.000000
vt 0.443698 0.934901 0.000000
vt 0.440154 0.739849 0.000000
vt 0.203773 0.755628 0.000000
vt 0.306362 0.624017 0.000000
vt 0.127871 0.615296 0.000000
vt 0.259298 0.788347 0.000000
vt 0.440154 0.739849 0.000000
vt 0.306362 0.624017 0.000000
vt 0.259298 0.788347 0.000000
vt 0.608129 0.946461 0.000000
vt 0.786889 0.946603 0.000000
vt 0.988001 0.951270 0.000000
vt 0.681303 0.123459 0.000000
vt 0.756899 0.048096 0.000000
vt 0.702370 0.149849 0.000000
vt 0.681303 0.123459 0.000000
vt 0.656879 0.095855 0.000000
vt 0.681303 0.123459 0.000000
vt 0.756899 0.048096 0.000000
vt 0.702370 0.149849 0.000000
vt 0.681303 0.123459 0.000000
vt 0.656879 0.095855 0.000000
vt 0.681303 0.123459 0.000000
vt 0.756899 0.048096 0.000000
vt 0.702370 0.149849 0.000000
vt 0.681303 0.123459 0.000000
vt 0.656879 0.095855 0.000000
vt 0.702370 0.149849 0.000000
vt 0.756899 0.048096 0.000000
vt 0.681303 0.123459 0.000000
vt 0.656879 0.095855 0.000000
vt 0.681303 0.123459 0.000000
vt 0.702370 0.149849 0.000000
vt 0.756899 0.048096 0.000000
vt 0.681303 0.123459 0.000000
vt 0.656879 0.095855 0.000000
vt 0.681303 0.123459 0.000000
vt 0.702370 0.149849 0.000000
vt 0.756899 0.048096 0.000000
vt 0.681303 0.123459 0.000000
vt 0.656879 0.095855 0.000000
vt 0.681303 0.123459 0.000000
vt 0.702370 0.149849 0.000000
vt 0.756899 0.048096 0.000000
vt 0.681303 0.123459 0.000000
vt 0.656879 0.095855 0.000000
vt 0.681303 0.123459 0.000000
vt 0.994474 0.861403 0.000000
vt 0.788209 0.934658 0.000000
vt 0.994474 0.934658 0.000000
vt 0.994474 0.861403 0.000000
vt 0.788211 0.861403 0.000000
vt 0.542193 0.861403 0.000000
usemtl Material_2
f 143/143 144/144 145/145
f 145/145 146/146 143/143
f 147/147 148/148 149/149
f 150/150 151/151 152/152
f 153/153 154/154 155/155
f 155/155 156/156 153/153
f 157/157 158/158 159/159
f 159/159 148/148 157/157
f 160/160 161/161 162/162
f 162/162 163/163 160/160
f 164/164 157/157 148/148
f 148/148 147/147 164/164
f 165/165 166/166 146/146
f 167/167 153/153 156/156
f 156/156 168/168 167/167
f 169/169 170/170 171/171
f 159/159 172/172 148/148
f 173/173 174/174 175/175
f 158/158 157/157 176/176
f 176/176 177/177 158/158
f 163/163 162/162 178/178
f 178/178 179/179 163/163
f 161/161 167/167 180/180
f 153/153 181/181 154/154
f 182/182 167/167 160/160
f 183/183 160/160 163/163
f 168/168 180/180 167/167
f 184/184 154/154 181/181
f 185/185 186/186 187/187
f 147/147 188/188 164/164
f 182/182 181/181 153/153
f 189/189 190/190 191/191
f 183/183 192/192 182/182
f 192/192 184/184 181/181
f 193/193 194/194 195/195
f 196/196 197/197 198/198
f 199/199 184/184 192/192
f 182/182 192/192 181/181
f 200/200 192/192 183/183
f 201/201 155/155 173/173
f 184/184 202/202 154/154
f 189/189 191/191 203/203
f 204/204 205/205 206/206
f 207/207 208/208 209/209
f 173/173 154/154 210/210
f 173/173 155/155 154/154
f 211/211 212/212 213/213
f 183/183 182/182 160/160
f 182/182 153/153 167/167
f 164/164 214/214 192/192
f 160/160 167/167 161/161
f 179/179 200/200 183/183
f 183/183 163/163 179/179
f 200/200 176/176 157/157
f 157/157 164/164 200/200
f 215/215 216/216 217/217
f 218/218 219/219 220/220
f 220/220 221/221 222/222
f 222/222 223/223 220/220
f 215/215 224/224 225/225
f 226/226 218/218 220/220
f 221/221 220/220 219/219
f 227/227 225/225 228/228
f 227/227 229/229 223/223
f 226/226 220/220 223/223
f 224/224 230/230 225/225
f 227/227 223/223 215/215
f 231/231 232/232 233/233
f 226/226 223/223 229/229
f 145/145 234/234 165/165
f 235/235 236/236 237/237
f 237/237 238/238 235/235
f 239/239 240/240 241/241
f 241/241 242/242 239/239
f 240/240 239/239 235/235
f 235/235 238/238 240/240
f 243/243 236/236 234/234
f 235/235 244/244 236/236
f 244/244 235/235 245/245
f 246/246 247/247 248/248
f 239/239 242/242 249/249
f 245/245 249/249 250/250
f 250/250 251/251 245/245
f 234/234 244/244 252/252
f 234/234 236/236 244/244
f 234/234 253/253 165/165
f 237/237 236/236 243/243
f 235/235 239/239 249/249
f 249/249 245/245 235/235
f 218/218 254/254 255/255
f 255/255 219/219 218/218
f 254/254 218/218 250/250
f 250/250 256/256 254/254
f 250/250 249/249 257/257
f 249/249 242/242 257/257
f 258/258 259/259 260/260
f 261/261 262/262 263/263
f 263/263 264/264 261/261
f 265/265 266/266 267/267
f 267/267 268/268 265/265
f 269/269 270/270 271/271
f 272/272 268/268 273/273
f 274/274 275/275 276/276
f 277/277 274/274 278/278
f 279/279 280/280 281/281
f 282/282 283/283 284/284
f 261/261 285/285 286/286
f 287/287 288/288 289/289
f 289/289 290/290 287/287
f 291/291 289/289 263/263
f 289/289 291/291 282/282
f 284/284 292/292 287/287
f 287/287 290/290 284/284
f 286/286 293/293 265/265
f 265/265 268/268 286/286
f 274/274 294/294 295/295
f 296/296 297/297 298/298
f 299/299 300/300 301/301
f 262/262 259/259 291/291
f 291/291 263/263 262/262
f 262/262 286/286 260/260
f 264/264 263/263 302/302
f 295/295 294/294 258/258
f 272/272 258/258 260/260
f 303/303 289/289 304/304
f 282/282 305/305 306/306
f 307/307 308/308 309/309
f 305/305 277/277 310/310
f 311/311 312/312 313/313
f 282/282 259/259 305/305
f 268/268 267/267 314/314
f 314/314 315/315 268/268
f 274/274 295/295 316/316
f 316/316 275/275 274/274
f 294/294 277/277 305/305
f 258/258 294/294 259/259
f 317/317 295/295 272/272
f 318/318 319/319 320/320
f 242/242 241/241 307/307
f 242/242 307/307 309/309
f 321/321 322/322 323/323
f 282/282 291/291 259/259
f 294/294 305/305 259/259
f 261/261 286/286 262/262
f 274/274 277/277 294/294
f 324/324 279/279 281/281
f 262/262 260/260 259/259
f 263/263 289/289 303/303
f 325/325 263/263 303/303
f 282/282 284/284 290/290
f 289/289 282/282 290/290
f 326/326 327/327 328/328
f 224/224 217/217 329/329
f 330/330 331/331 332/332
f 333/333 334/334 335/335
f 336/336 337/337 338/338
f 339/339 340/340 341/341
f 342/342 343/343 344/344
f 345/345 346/346 347/347
f 348/348 349/349 334/334
f 349/349 350/350 351/351
f 352/352 351/351 353/353
f 354/354 355/355 356/356
f 357/357 358/358 359/359
f 360/360 361/361 362/362
f 363/363 364/364 365/365
f 366/366 367/367 368/368
f 368/368 363/363 366/366
f 369/369 370/370 371/371
f 371/371 372/372 369/369
f 373/373 374/374 375/375
f 376/376 377/377 378/378
f 378/378 371/371 376/376
f 376/376 379/379 380/380
f 380/380 377/377 376/376
f 381/381 382/382 383/383
f 383/383 378/378 381/381
f 384/384 385/385 367/367
f 367/367 386/386 384/384
f 382/382 387/387 366/366
f 366/366 383/383 382/382
f 386/386 367/367 366/366
f 366/366 387/387 386/386
f 384/384 386/386 388/388
f 389/389 377/377 380/380
f 380/380 390/390 389/389
f 378/378 377/377 389/389
f 389/389 381/381 378/378
f 391/391 392/392 393/393
f 393/393 394/394 391/391
f 395/395 396/396 397/397
f 398/398 399/399 400/400
f 401/401 402/402 403/403
f 403/403 404/404 405/405
f 405/405 401/401 403/403
f 393/393 406/406 407/407
f 407/407 408/408 393/393
f 394/394 409/409 410/410
f 410/410 411/411 394/394
f 405/405 404/404 412/412
f 413/413 414/414 415/415
f 408/408 409/409 394/394
f 394/394 393/393 408/408
f 416/416 417/417 381/381
f 381/381 389/389 416/416
f 386/386 387/387 392/392
f 392/392 391/391 386/386
f 382/382 392/392 387/387
f 418/418 419/419 420/420
f 368/368 421/421 363/363
f 422/422 423/423 424/424
f 418/418 425/425 419/419
f 348/348 334/334 333/333
f 369/369 365/365 426/426
f 365/365 366/366 363/363
f 427/427 428/428 429/429
f 372/372 371/371 378/378
f 430/430 431/431 432/432
f 433/433 379/379 376/376
f 383/383 365/365 372/372
f 417/417 416/416 404/404
f 397/397 434/434 395/395
f 388/388 394/394 411/411
f 416/416 435/435 404/404
f 436/436 416/416 389/389
f 381/381 417/417 382/382
f 391/391 394/394 388/388
f 437/437 438/438 439/439
f 365/365 383/383 366/366
f 372/372 378/378 383/383
f 440/440 441/441 442/442
f 368/368 367/367 443/443
f 417/417 404/404 403/403
f 444/444 417/417 403/403
f 369/369 372/372 365/365
f 445/445 446/446 447/447
f 448/448 445/445 447/447
f 449/449 450/450 451/451
f 452/452 450/450 449/449
f 453/453 454/454 455/455
f 456/456 457/457 458/458
f 456/456 458/458 459/459
f 460/460 461/461 462/462
f 463/463 464/464 465/465
f 466/466 467/467 468/468
f 469/469 470/470 471/471
f 472/472 473/473 469/469
f 469/469 471/471 472/472
f 472/472 474/474 473/473
f 475/475 476/476 477/477
f 477/477 478/478 475/475
f 475/475 479/479 476/476
f 480/480 481/481 478/478
f 478/478 477/477 480/480
f 482/482 483/483 484/484
f 485/485 482/482 484/484
f 486/486 487/487 488/488
f 489/489 490/490 491/491
f 492/492 493/493 494/494
f 493/493 495/495 494/494
f 496/496 497/497 498/498
f 499/499 500/500 501/501
f 502/502 503/503 504/504
f 504/504 505/505 502/502
f 506/506 507/507 508/508
f 509/509 510/510 511/511
f 512/512 513/513 514/514
f 515/515 516/516 517/517
f 518/518 519/519 520/520
f 521/521 522/522 523/523
f 524/524 525/525 526/526
f 527/527 528/528 529/529
f 530/530 531/531 532/532
f 533/533 534/534 535/535
f 536/536 537/537 538/538
f 515/515 539/539 516/516
f 540/540 541/541 542/542
f 543/543 544/544 545/545
f 546/546 547/547 548/548
f 549/549 521/521 523/523
f 550/550 551/551 552/552
f 553/553 554/554 555/555
f 556/556 557/557 558/558
f 507/507 506/506 559/559
f 560/560 561/561 562/562
f 563/563 504/504 503/503
f 564/564 565/565 566/566
f 567/567 568/568 569/569
f 537/537 570/570 538/538
f 541/541 571/571 542/542
f 572/572 573/573 574/574
f 575/575 576/576 577/577
f 578/578 575/575 577/577
f 579/579 580/580 581/581
f 582/582 583/583 584/584
f 585/585 586/586 587/587
f 588/588 585/585 587/587
f 589/589 590/590 591/591
f 452/452 449/449 592/592
f 592/592 593/593 452/452
f 594/594 592/592 449/449
f 595/595 449/449 451/451
f 596/596 597/597 598/598
f 599/599 600/600 601/601
f 602/602 603/603 604/604
f 605/605 606/606 607/607
f 608/608 609/609 610/610
f 545/545 611/611 543/543
f 612/612 613/613 614/614
f 503/503 502/502 615/615
f 616/616 617/617 618/618
f 619/619 503/503 615/615
f 620/620 621/621 622/622
f 623/623 624/624 625/625
f 626/626 627/627 628/628
f 629/629 630/630 631/631
f 632/632 633/633 634/634
f 634/634 635/635 632/632
f 636/636 637/637 638/638
f 639/639 640/640 641/641
f 642/642 643/643 644/644
f 645/645 646/646 647/647
f 642/642 648/648 649/649
f 650/650 651/651 652/652
f 653/653 654/654 655/655
f 656/656 657/657 658/658
f 659/659 660/660 661/661
f 662/662 663/663 664/664
f 665/665 666/666 667/667
f 668/668 669/669 670/670
f 671/671 672/672 673/673
f 674/674 675/675 676/676
f 677/677 678/678 679/679
f 680/680 649/649 681/681
f 682/682 683/683 684/684
f 685/685 686/686 687/687
f 682/682 684/684 688/688
f 689/689 690/690 691/691
f 692/692 693/693 694/694
f 695/695 696/696 697/697
f 698/698 699/699 700/700
f 701/701 702/702 703/703
f 704/704 705/705 706/706
f 707/707 708/708 709/709
f 710/710 711/711 712/712
f 684/684 683/683 713/713
f 714/714 715/715 716/716
f 685/685 717/717 686/686
f 633/633 718/718 719/719
f 632/632 720/720 633/633
f 721/721 722/722 723/723
f 724/724 725/725 726/726
f 649/649 643/643 642/642
f 727/727 728/728 729/729
f 730/730 731/731 732/732
f 649/649 680/680 643/643
f 733/733 734/734 735/735
f 736/736 737/737 738/738
f 739/739 740/740 741/741
f 742/742 743/743 744/744
f 745/745 746/746 747/747
f 748/748 637/637 749/749
f 750/750 751/751 752/752
f 753/753 754/754 755/755
f 145/145 243/243 234/234
f 173/173 175/175 201/201
f 756/756 757/757 758/758
f 759/759 760/760 761/761
f 762/762 763/763 764/764
f 165/165 146/146 145/145
f 215/215 217/217 224/224
f 272/272 295/295 258/258
f 316/316 295/295 765/765
f 268/268 272/272 260/260
f 766/766 767/767 768/768
f 769/769 770/770 771/771
f 772/772 773/773 774/774
f 775/775 776/776 777/777
f 778/778 445/445 448/448
f 445/445 779/779 446/446
f 638/638 637/637 780/780
f 781/781 782/782 783/783
f 784/784 785/785 786/786
f 270/270 787/787 271/271
f 257/257 242/242 309/309
f 257/257 788/788 256/256
f 254/254 256/256 789/789
f 255/255 254/254 789/789
f 790/790 791/791 792/792
f 793/793 794/794 795/795
f 796/796 797/797 798/798
f 799/799 800/800 801/801
f 802/802 803/803 804/804
f 805/805 806/806 807/807
f 808/808 809/809 810/810
f 811/811 812/812 813/813
f 814/814 815/815 816/816
f 817/817 818/818 819/819
f 250/250 257/257 256/256
f 349/349 820/820 334/334
f 351/351 820/820 349/349
f 821/821 822/822 351/351
f 823/823 824/824 825/825
f 826/826 827/827 828/828
f 820/820 829/829 334/334
f 351/351 822/822 820/820
f 830/830 831/831 832/832
f 833/833 834/834 835/835
f 836/836 244/244 245/245
f 837/837 838/838 839/839
f 840/840 841/841 842/842
f 843/843 844/844 845/845
f 215/215 225/225 227/227
f 846/846 847/847 848/848
f 849/849 850/850 851/851
f 841/841 852/852 842/842
f 853/853 844/844 843/843
f 353/353 351/351 350/350
f 854/854 349/349 348/348
f 855/855 350/350 349/349
f 856/856 857/857 858/858
f 636/636 749/749 637/637
f 719/719 634/634 633/633
f 215/215 223/223 216/216
f 636/636 859/859 749/749
f 719/719 860/860 634/634
f 304/304 861/861 303/303
f 226/226 251/251 250/250
f 268/268 260/260 286/286
f 250/250 218/218 226/226
f 388/388 386/386 391/391
f 164/164 192/192 200/200
f 216/216 223/223 222/222
f 393/393 392/392 862/862
f 304/304 289/289 288/288
f 376/376 371/371 863/863
f 864/864 865/865 866/866
f 867/867 868/868 869/869
f 870/870 871/871 872/872
f 873/873 874/874 875/875
f 876/876 877/877 878/878
f 879/879 880/880 881/881
f 882/882 883/883 884/884
f 885/885 886/886 887/887
f 888/888 889/889 890/890
f 891/891 892/892 893/893
f 894/894 895/895 896/896
f 897/897 898/898 899/899
f 900/900 901/901 902/902
f 174/174 903/903 904/904
f 905/905 906/906 907/907
f 908/908 909/909 910/910
f 911/911 903/903 174/174
f 175/175 174/174 904/904
f 912/912 913/913 904/904
f 904/904 914/914 912/912
f 175/175 904/904 913/913
f 915/915 916/916 917/917
f 917/917 918/918 915/915
f 916/916 912/912 914/914
f 914/914 917/917 916/916
f 919/919 920/920 921/921
f 920/920 922/922 921/921
f 922/922 923/923 921/921
f 923/923 919/919 921/921
f 924/924 925/925 926/926
f 925/925 927/927 926/926
f 927/927 928/928 926/926
f 928/928 924/924 926/926
f 929/929 930/930 931/931
f 930/930 932/932 931/931
f 932/932 933/933 931/931
f 933/933 929/929 931/931
f 934/934 935/935 936/936
f 935/935 937/937 936/936
f 937/937 938/938 936/936
f 938/938 934/934 936/936
f 939/939 940/940 941/941
f 940/940 942/942 941/941
f 942/942 943/943 941/941
f 943/943 939/939 941/941
f 944/944 945/945 946/946
f 945/945 947/947 946/946
f 947/947 948/948 946/946
f 948/948 944/944 946/946
f 949/949 950/950 951/951
f 950/950 952/952 951/951
f 952/952 953/953 951/951
f 953/953 949/949 951/951
f 954/954 955/955 956/956
f 957/957 958/958 959/959
f 960/960 961/961 959/959
f 959/959 958/958 960/960
f 145/145 144/144 962/962
f 962/962 963/963 145/145
f 964/964 965/965 966/966
f 967/967 968/968 969/969
f 155/155 970/970 971/971
f 971/971 156/156 155/155
f 159/159 158/158 972/972
f 972/972 966/966 159/159
f 162/162 161/161 973/973
f 973/973 974/974 162/162
f 966/966 972/972 975/975
f 975/975 964/964 966/966
f 976/976 963/963 977/977
f 156/156 971/971 978/978
f 978/978 168/168 156/156
f 979/979 980/980 981/981
f 159/159 966/966 982/982
f 983/983 175/175 984/984
f 985/985 972/972 158/158
f 158/158 177/177 985/985
f 178/178 162/162 974/974
f 974/974 986/986 178/178
f 161/161 180/180 978/978
f 971/971 970/970 987/987
f 988/988 973/973 978/978
f 989/989 974/974 973/973
f 168/168 978/978 180/180
f 990/990 987/987 970/970
f 991/991 992/992 993/993
f 964/964 975/975 994/994
f 988/988 971/971 987/987
f 995/995 996/996 997/997
f 989/989 988/988 998/998
f 998/998 987/987 990/990
f 999/999 1000/1000 1001/1001
f 1002/1002 1003/1003 1004/1004
f 1005/1005 998/998 990/990
f 988/988 987/987 998/998
f 1006/1006 989/989 998/998
f 201/201 983/983 155/155
f 990/990 970/970 1007/1007
f 995/995 1008/1008 996/996
f 1009/1009 1010/1010 1011/1011
f 1012/1012 1013/1013 1014/1014
f 983/983 1015/1015 970/970
f 983/983 970/970 155/155
f 1016/1016 1017/1017 1018/1018
f 989/989 973/973 988/988
f 988/988 978/978 971/971
f 975/975 998/998 1019/1019
f 973/973 161/161 978/978
f 989/989 1006/1006 986/986
f 986/986 974/974 989/989
f 972/972 985/985 1006/1006
f 1006/1006 975/975 972/972
f 1020/1020 217/217 216/216
f 1021/1021 1022/1022 219/219
f 222/222 221/221 1022/1022
f 1022/1022 1023/1023 222/222
f 1020/1020 1024/1024 1025/1025
f 1026/1026 1022/1022 1021/1021
f 221/221 219/219 1022/1022
f 1027/1027 1028/1028 1024/1024
f 1027/1027 1023/1023 1029/1029
f 1026/1026 1023/1023 1022/1022
f 1025/1025 1024/1024 1030/1030
f 1027/1027 1020/1020 1023/1023
f 1031/1031 1032/1032 1033/1033
f 1026/1026 1029/1029 1023/1023
f 145/145 976/976 1034/1034
f 237/237 1035/1035 1036/1036
f 1036/1036 238/238 237/237
f 241/241 240/240 1037/1037
f 1037/1037 1038/1038 241/241
f 1036/1036 1037/1037 240/240
f 240/240 238/238 1036/1036
f 243/243 1034/1034 1035/1035
f 1036/1036 1035/1035 1039/1039
f 1039/1039 1040/1040 1036/1036
f 1041/1041 1042/1042 1043/1043
f 1037/1037 1044/1044 1038/1038
f 1045/1045 1044/1044 1040/1040
f 1040/1040 1046/1046 1045/1045
f 1034/1034 1047/1047 1039/1039
f 1034/1034 1039/1039 1035/1035
f 1034/1034 976/976 1048/1048
f 237/237 243/243 1035/1035
f 1044/1044 1037/1037 1036/1036
f 1036/1036 1040/1040 1044/1044
f 255/255 1049/1049 1021/1021
f 1021/1021 219/219 255/255
f 1045/1045 1021/1021 1049/1049
f 1049/1049 1050/1050 1045/1045
f 1045/1045 1051/1051 1044/1044
f 1044/1044 1051/1051 1038/1038
f 1052/1052 1053/1053 1054/1054
f 1055/1055 1056/1056 1057/1057
f 1057/1057 1058/1058 1055/1055
f 267/267 266/266 1059/1059
f 1059/1059 1060/1060 267/267
f 1061/1061 1062/1062 1063/1063
f 1064/1064 1065/1065 1060/1060
f 1066/1066 1067/1067 1068/1068
f 1069/1069 1070/1070 1066/1066
f 1071/1071 1072/1072 1073/1073
f 1074/1074 1075/1075 1076/1076
f 1057/1057 1077/1077 1078/1078
f 1079/1079 1080/1080 1081/1081
f 1081/1081 1082/1082 1079/1079
f 1083/1083 1055/1055 1079/1079
f 1079/1079 1074/1074 1083/1083
f 1081/1081 1084/1084 1075/1075
f 1075/1075 1082/1082 1081/1081
f 1059/1059 1085/1085 1077/1077
f 1077/1077 1060/1060 1059/1059
f 1066/1066 1086/1086 1087/1087
f 1088/1088 1089/1089 1090/1090
f 1091/1091 1092/1092 1093/1093
f 1083/1083 1054/1054 1056/1056
f 1056/1056 1055/1055 1083/1083
f 1056/1056 1053/1053 1077/1077
f 1058/1058 1094/1094 1055/1055
f 1086/1086 1052/1052 1087/1087
f 1064/1064 1053/1053 1052/1052
f 1095/1095 1096/1096 1079/1079
f 1074/1074 1097/1097 1098/1098
f 307/307 1099/1099 1100/1100
f 1098/1098 1101/1101 1069/1069
f 1102/1102 1103/1103 1104/1104
f 1074/1074 1098/1098 1054/1054
f 314/314 267/267 1060/1060
f 1060/1060 1105/1105 314/314
f 1106/1106 1086/1086 1066/1066
f 1066/1066 1068/1068 1106/1106
f 1087/1087 1098/1098 1069/1069
f 1052/1052 1054/1054 1087/1087
f 1107/1107 1064/1064 1086/1086
f 1108/1108 1109/1109 1110/1110
f 1038/1038 307/307 241/241
f 1038/1038 1099/1099 307/307
f 1111/1111 1112/1112 1113/1113
f 1074/1074 1054/1054 1083/1083
f 1087/1087 1054/1054 1098/1098
f 1057/1057 1056/1056 1077/1077
f 1066/1066 1087/1087 1069/1069
f 1114/1114 1072/1072 1071/1071
f 1056/1056 1054/1054 1053/1053
f 1055/1055 1095/1095 1079/1079
f 1115/1115 1095/1095 1055/1055
f 1074/1074 1082/1082 1075/1075
f 1079/1079 1082/1082 1074/1074
f 1116/1116 1117/1117 1118/1118
f 1025/1025 1119/1119 217/217
f 1120/1120 1121/1121 1122/1122
f 1123/1123 1124/1124 1125/1125
f 1126/1126 1127/1127 1128/1128
f 1129/1129 1130/1130 1131/1131
f 1132/1132 1133/1133 1134/1134
f 1135/1135 1136/1136 1137/1137
f 1138/1138 1125/1125 1139/1139
f 1139/1139 1140/1140 1141/1141
f 1142/1142 1143/1143 1140/1140
f 1144/1144 1145/1145 1146/1146
f 1147/1147 1148/1148 1149/1149
f 1150/1150 1151/1151 1152/1152
f 1153/1153 1154/1154 1155/1155
f 1156/1156 1157/1157 1158/1158
f 1158/1158 1153/1153 1156/1156
f 1159/1159 1160/1160 1161/1161
f 1161/1161 1162/1162 1159/1159
f 1163/1163 1164/1164 1165/1165
f 1166/1166 1167/1167 1168/1168
f 1168/1168 1159/1159 1166/1166
f 1169/1169 1170/1170 1168/1168
f 1168/1168 1167/1167 1169/1169
f 1171/1171 1172/1172 1173/1173
f 1173/1173 1166/1166 1171/1171
f 1157/1157 1174/1174 1175/1175
f 1175/1175 1176/1176 1157/1157
f 1158/1158 1177/1177 1172/1172
f 1172/1172 1171/1171 1158/1158
f 1158/1158 1157/1157 1176/1176
f 1176/1176 1177/1177 1158/1158
f 1175/1175 1178/1178 1176/1176
f 1169/1169 1167/1167 1179/1179
f 1179/1179 1180/1180 1169/1169
f 1179/1179 1167/1167 1166/1166
f 1166/1166 1173/1173 1179/1179
f 1181/1181 1182/1182 1183/1183
f 1183/1183 1184/1184 1181/1181
f 1185/1185 1186/1186 1187/1187
f 1188/1188 1189/1189 1190/1190
f 1191/1191 1192/1192 1193/1193
f 1194/1194 1195/1195 1192/1192
f 1192/1192 1191/1191 1194/1194
f 1196/1196 1197/1197 1181/1181
f 1181/1181 1198/1198 1196/1196
f 1199/1199 1200/1200 1184/1184
f 1184/1184 1201/1201 1199/1199
f 1194/1194 1202/1202 1195/1195
f 1203/1203 1204/1204 1205/1205
f 1184/1184 1200/1200 1198/1198
f 1198/1198 1181/1181 1184/1184
f 1173/1173 1206/1206 1207/1207
f 1207/1207 1179/1179 1173/1173
f 1182/1182 1177/1177 1176/1176
f 1176/1176 1183/1183 1182/1182
f 1172/1172 1177/1177 1182/1182
f 1208/1208 1209/1209 1210/1210
f 1156/1156 1153/1153 1211/1211
f 1212/1212 1213/1213 1214/1214
f 1208/1208 1210/1210 1215/1215
f 1138/1138 1123/1123 1125/1125
f 1161/1161 1216/1216 1154/1154
f 1154/1154 1153/1153 1158/1158
f 1217/1217 1218/1218 1219/1219
f 1162/1162 1166/1166 1159/1159
f 1220/1220 1221/1221 1222/1222
f 1223/1223 1168/1168 1170/1170
f 1171/1171 1162/1162 1154/1154
f 1206/1206 1195/1195 1207/1207
f 1186/1186 1185/1185 1224/1224
f 1178/1178 1201/1201 1184/1184
f 1207/1207 1195/1195 1225/1225
f 1226/1226 1179/1179 1207/1207
f 1173/1173 1172/1172 1206/1206
f 1183/1183 1178/1178 1184/1184
f 1227/1227 1228/1228 1229/1229
f 1154/1154 1158/1158 1171/1171
f 1162/1162 1171/1171 1166/1166
f 1230/1230 1231/1231 1232/1232
f 1156/1156 1233/1233 1157/1157
f 1206/1206 1192/1192 1195/1195
f 1234/1234 1192/1192 1206/1206
f 1161/1161 1154/1154 1162/1162
f 1235/1235 1236/1236 1237/1237
f 1238/1238 1236/1236 1235/1235
f 1239/1239 1240/1240 1241/1241
f 1242/1242 1239/1239 1241/1241
f 1243/1243 1244/1244 1245/1245
f 1246/1246 1247/1247 1248/1248
f 1246/1246 1249/1249 1247/1247
f 1250/1250 1251/1251 1252/1252
f 1253/1253 1254/1254 1255/1255
f 1256/1256 1257/1257 1258/1258
f 1259/1259 1260/1260 1261/1261
f 1259/1259 1262/1262 1263/1263
f 1263/1263 1260/1260 1259/1259
f 1263/1263 1262/1262 1264/1264
f 1265/1265 1266/1266 1267/1267
f 1267/1267 1268/1268 1265/1265
f 1267/1267 1266/1266 1269/1269
f 1268/1268 1270/1270 1271/1271
f 1271/1271 1265/1265 1268/1268
f 1272/1272 1273/1273 1274/1274
f 1275/1275 1273/1273 1272/1272
f 1276/1276 1277/1277 1278/1278
f 1279/1279 1280/1280 1281/1281
f 1282/1282 1283/1283 1284/1284
f 1284/1284 1283/1283 1285/1285
f 1286/1286 1287/1287 1288/1288
f 1289/1289 1290/1290 1291/1291
f 1292/1292 1293/1293 1294/1294
f 1294/1294 1295/1295 1292/1292
f 1296/1296 1297/1297 1298/1298
f 1299/1299 1300/1300 1301/1301
f 1302/1302 1303/1303 1304/1304
f 1305/1305 1306/1306 1307/1307
f 1308/1308 1309/1309 1310/1310
f 1311/1311 1312/1312 1313/1313
f 1314/1314 1315/1315 1316/1316
f 1317/1317 1318/1318 1319/1319
f 1320/1320 1321/1321 1322/1322
f 1323/1323 1324/1324 1325/1325
f 1326/1326 1327/1327 1328/1328
f 1305/1305 1307/1307 1329/1329
f 1330/1330 1331/1331 1332/1332
f 1333/1333 1334/1334 1335/1335
f 1336/1336 1337/1337 1338/1338
f 1339/1339 1312/1312 1311/1311
f 1340/1340 1341/1341 1342/1342
f 1343/1343 1344/1344 1345/1345
f 1346/1346 1347/1347 1348/1348
f 1298/1298 1349/1349 1296/1296
f 1350/1350 1351/1351 1352/1352
f 1353/1353 1293/1293 1292/1292
f 1354/1354 1355/1355 1356/1356
f 1357/1357 1358/1358 1359/1359
f 1328/1328 1327/1327 1360/1360
f 1332/1332 1331/1331 1361/1361
f 1362/1362 1363/1363 1364/1364
f 1365/1365 1366/1366 1367/1367
f 1368/1368 1366/1366 1365/1365
f 1369/1369 1370/1370 1371/1371
f 1372/1372 1373/1373 1374/1374
f 1375/1375 1376/1376 1377/1377
f 1378/1378 1376/1376 1375/1375
f 1379/1379 1380/1380 1381/1381
f 1382/1382 1239/1239 1242/1242
f 1242/1242 1383/1383 1382/1382
f 1384/1384 1239/1239 1382/1382
f 1385/1385 1240/1240 1239/1239
f 1386/1386 1387/1387 1388/1388
f 1389/1389 1390/1390 1391/1391
f 1392/1392 1393/1393 1394/1394
f 1395/1395 1396/1396 1397/1397
f 1398/1398 1399/1399 1400/1400
f 1334/1334 1333/1333 1401/1401
f 1402/1402 1403/1403 1404/1404
f 1293/1293 1405/1405 1294/1294
f 1406/1406 1407/1407 1408/1408
f 1409/1409 1405/1405 1293/1293
f 1410/1410 1411/1411 1412/1412
f 1413/1413 1414/1414 1415/1415
f 1416/1416 1417/1417 1418/1418
f 1419/1419 1420/1420 1421/1421
f 1422/1422 1423/1423 1424/1424
f 1424/1424 1425/1425 1422/1422
f 1426/1426 1427/1427 1428/1428
f 1429/1429 1430/1430 1431/1431
f 1432/1432 1433/1433 1434/1434
f 1435/1435 1436/1436 1437/1437
f 1432/1432 1438/1438 1439/1439
f 1440/1440 1441/1441 1442/1442
f 1443/1443 1444/1444 1445/1445
f 1446/1446 1447/1447 1448/1448
f 1449/1449 1450/1450 1451/1451
f 1452/1452 1453/1453 1454/1454
f 1455/1455 1456/1456 1457/1457
f 1458/1458 1459/1459 1460/1460
f 1461/1461 1462/1462 1463/1463
f 1464/1464 1465/1465 1466/1466
f 1467/1467 1468/1468 1469/1469
f 1470/1470 1471/1471 1438/1438
f 1472/1472 1473/1473 1474/1474
f 1475/1475 1476/1476 1477/1477
f 1472/1472 1478/1478 1473/1473
f 1479/1479 1480/1480 1481/1481
f 1482/1482 1483/1483 1484/1484
f 1485/1485 1486/1486 1487/1487
f 1488/1488 1489/1489 1490/1490
f 1491/1491 1492/1492 1493/1493
f 1494/1494 1495/1495 1496/1496
f 1497/1497 1498/1498 1499/1499
f 1500/1500 1501/1501 1502/1502
f 1473/1473 1503/1503 1474/1474
f 1504/1504 1505/1505 1506/1506
f 1475/1475 1477/1477 1507/1507
f 1423/1423 1508/1508 1509/1509
f 1424/1424 1423/1423 1510/1510
f 1511/1511 1512/1512 1513/1513
f 1514/1514 1515/1515 1516/1516
f 1438/1438 1432/1432 1434/1434
f 1517/1517 1518/1518 1519/1519
f 1520/1520 1521/1521 1522/1522
f 1438/1438 1434/1434 1470/1470
f 1523/1523 1524/1524 1525/1525
f 1526/1526 1527/1527 1528/1528
f 1529/1529 1530/1530 1531/1531
f 1532/1532 1533/1533 1534/1534
f 1535/1535 1536/1536 1537/1537
f 1538/1538 1539/1539 1428/1428
f 1540/1540 1541/1541 1542/1542
f 1543/1543 1544/1544 1545/1545
f 145/145 1034/1034 243/243
f 983/983 201/201 175/175
f 1546/1546 1547/1547 1548/1548
f 1549/1549 1550/1550 1551/1551
f 1552/1552 759/759 761/761
f 976/976 145/145 963/963
f 1020/1020 1025/1025 217/217
f 1064/1064 1052/1052 1086/1086
f 1106/1106 1553/1553 1086/1086
f 1060/1060 1053/1053 1064/1064
f 1554/1554 1555/1555 1556/1556
f 1557/1557 1558/1558 1559/1559
f 1560/1560 1561/1561 1562/1562
f 1563/1563 1564/1564 1565/1565
f 1566/1566 1238/1238 1235/1235
f 1235/1235 1237/1237 1567/1567
f 1427/1427 1568/1568 1428/1428
f 1569/1569 1570/1570 1571/1571
f 1572/1572 1573/1573 1574/1574
f 1063/1063 1062/1062 1575/1575
f 1051/1051 1099/1099 1038/1038
f 1051/1051 1050/1050 1576/1576
f 1049/1049 1577/1577 1050/1050
f 255/255 1577/1577 1049/1049
f 1578/1578 1579/1579 1580/1580
f 1581/1581 1582/1582 1583/1583
f 1584/1584 1585/1585 1586/1586
f 1587/1587 1588/1588 1589/1589
f 1590/1590 1591/1591 1592/1592
f 1593/1593 1594/1594 1595/1595
f 1596/1596 1597/1597 1598/1598
f 1599/1599 1600/1600 1601/1601
f 1602/1602 1603/1603 1604/1604
f 1605/1605 1606/1606 1607/1607
f 1045/1045 1050/1050 1051/1051
f 1139/1139 1125/1125 1608/1608
f 1140/1140 1139/1139 1608/1608
f 1609/1609 1140/1140 1610/1610
f 1611/1611 1612/1612 1613/1613
f 1614/1614 1615/1615 1616/1616
f 1608/1608 1125/1125 1617/1617
f 1140/1140 1608/1608 1610/1610
f 1618/1618 1619/1619 1620/1620
f 1621/1621 1622/1622 1623/1623
f 1624/1624 1040/1040 1039/1039
f 1625/1625 1626/1626 1627/1627
f 1628/1628 1629/1629 1630/1630
f 1631/1631 1632/1632 1633/1633
f 1020/1020 1027/1027 1024/1024
f 1634/1634 1635/1635 1636/1636
f 1637/1637 1638/1638 1639/1639
f 1630/1630 1629/1629 1640/1640
f 1641/1641 1631/1631 1633/1633
f 1143/1143 1141/1141 1140/1140
f 1642/1642 1138/1138 1139/1139
f 1643/1643 1139/1139 1141/1141
f 1644/1644 1645/1645 1646/1646
f 1426/1426 1428/1428 1539/1539
f 1508/1508 1423/1423 1422/1422
f 1020/1020 216/216 1023/1023
f 1426/1426 1539/1539 1647/1647
f 1508/1508 1422/1422 1648/1648
f 1096/1096 1095/1095 1649/1649
f 1026/1026 1045/1045 1046/1046
f 1060/1060 1077/1077 1053/1053
f 1045/1045 1026/1026 1021/1021
f 1178/1178 1183/1183 1176/1176
f 975/975 1006/1006 998/998
f 216/216 222/222 1023/1023
f 1181/1181 1650/1650 1182/1182
f 1096/1096 1080/1080 1079/1079
f 1168/1168 1651/1651 1159/1159
f 1652/1652 1653/1653 1654/1654
f 1655/1655 1656/1656 1657/1657
f 1658/1658 1659/1659 1660/1660
f 1661/1661 1662/1662 1663/1663
f 1664/1664 1665/1665 1666/1666
f 1667/1667 1668/1668 1669/1669
f 1670/1670 1671/1671 1672/1672
f 1673/1673 1674/1674 1675/1675
f 1676/1676 1677/1677 1678/1678
f 1679/1679 1680/1680 1681/1681
f 1682/1682 1683/1683 1684/1684
f 1685/1685 1686/1686 1687/1687
f 1688/1688 1689/1689 1690/1690
f 984/984 1691/1691 1692/1692
f 1693/1693 1694/1694 1695/1695
f 1696/1696 1697/1697 1698/1698
f 1699/1699 984/984 1692/1692
f 175/175 1691/1691 984/984
f 1691/1691 913/913 912/912
f 912/912 1700/1700 1691/1691
f 175/175 913/913 1691/1691
f 1701/1701 916/916 915/915
f 915/915 1702/1702 1701/1701
f 1700/1700 912/912 916/916
f 916/916 1701/1701 1700/1700
f 1703/1703 1704/1704 1705/1705
f 1705/1705 1704/1704 1706/1706
f 1706/1706 1704/1704 1707/1707
f 1707/1707 1704/1704 1703/1703
f 1708/1708 1709/1709 1710/1710
f 1710/1710 1709/1709 1711/1711
f 1711/1711 1709/1709 1712/1712
f 1712/1712 1709/1709 1708/1708
f 1713/1713 1714/1714 1715/1715
f 1715/1715 1714/1714 1716/1716
f 1716/1716 1714/1714 1717/1717
f 1717/1717 1714/1714 1713/1713
f 1718/1718 1719/1719 1720/1720
f 1720/1720 1719/1719 1721/1721
f 1721/1721 1719/1719 1722/1722
f 1722/1722 1719/1719 1718/1718
f 1723/1723 1724/1724 1725/1725
f 1725/1725 1724/1724 1726/1726
f 1726/1726 1724/1724 1727/1727
f 1727/1727 1724/1724 1723/1723
f 1728/1728 1729/1729 1730/1730
f 1730/1730 1729/1729 1731/1731
f 1731/1731 1729/1729 1732/1732
f 1732/1732 1729/1729 1728/1728
f 1733/1733 1734/1734 1735/1735
f 1735/1735 1734/1734 1736/1736
f 1736/1736 1734/1734 1737/1737
f 1737/1737 1734/1734 1733/1733
f 1738/1738 1739/1739 1740/1740
f 1741/1741 1742/1742 958/958
f 1742/1742 1743/1743 960/960
f 960/960 958/958 1742/1742

g Human_langren_weapon_b
v -84.207590 -41.413330 95.691620
v -98.703330 -61.358140 77.916100
v -91.129730 -53.201500 80.131970
v -81.231830 -45.195320 82.655430
v -76.803030 -38.132850 87.327210
v -65.155240 -24.005750 67.669960
v -124.467600 -72.243870 20.636840
v -122.452200 -70.243840 -0.355322
v -120.973900 -72.383030 20.596260
v -120.423300 -68.230390 20.068510
v -117.083100 -64.915660 38.683620
v -119.414700 -72.941860 41.080840
v -111.688100 -59.561800 54.327660
v -113.487700 -70.107700 59.782560
v -100.516100 -48.474910 71.205860
v -97.219350 -45.203270 72.807240
v -88.420260 -36.471230 77.081300
v -72.389400 -20.555070 62.466700
v -53.868330 -2.175161 56.215080
v -49.735740 -4.836473 60.488610
v -53.868330 -2.175161 56.215080
v -28.186950 23.310490 49.510960
v -24.964660 20.932590 52.548200
v -49.735740 -4.836473 60.488610
v -11.069160 40.297810 46.678030
v -7.459034 37.118020 50.496030
v 2.609238 53.871970 47.599060
v 5.437952 49.916720 52.447150
v 2.944529 54.204710 57.726400
v -10.788160 40.576680 53.820810
v -27.348020 24.143020 55.320150
v -52.256220 -0.575336 65.002990
v -52.256220 -0.575336 65.002990
v -68.186000 -16.383710 72.441760
v -82.122450 -30.221420 89.639850
v -95.223720 -54.608150 88.985860
v -104.622200 -52.549720 90.653280
v -110.674400 -58.555810 83.221840
v -85.209690 -33.285130 93.822070
v -78.719460 -26.844360 95.043990
v -75.355400 -28.437200 97.400690
v -63.682350 -11.921850 89.697530
v -63.884360 -12.122330 89.766800
v -93.206920 -41.221420 74.756230
v -92.024480 -40.047980 101.627000
v -100.495700 -48.454600 94.725690
v -106.657000 -54.568970 101.795100
v -92.806690 -40.824240 68.198760
v -77.370070 -25.505250 99.933010
v -63.865550 -12.103660 89.833220
v -93.329990 -32.220870 95.691620
v -97.089100 -29.216260 82.655420
v -105.170800 -39.052640 80.131960
v -113.385100 -46.563610 77.916090
v -89.992960 -24.841630 87.327210
v -75.784620 -13.294730 67.669960
v -124.491100 -72.267190 42.005030
v -125.211900 -66.506700 40.957340
v -124.580000 -68.749240 20.596260
v -122.299900 -61.021610 59.692000
v -56.497950 1.977669 60.488600
v -56.497950 1.977669 60.488600
v -30.540130 26.550870 52.548190
v -14.221240 43.932170 50.496030
v -1.324258 56.730860 52.447150
v -106.608700 -43.135740 88.985860
v -120.771800 -68.576190 62.333720
v -80.286510 -23.468210 97.400690
v -51.649110 0.027140 45.384320
v -47.019960 4.621014 72.753300
v -81.907270 -30.000400 92.221120
v -92.206430 -40.221070 55.066900
v -120.771800 -68.576190 62.333720
vt 0.363771 0.924438 0.000000
vt 0.158387 0.792846 0.000000
vt 0.264930 0.823990 0.000000
vt 0.386263 0.859458 0.000000
vt 0.443218 0.889465 0.000000
vt 0.711083 0.827783 0.000000
vt 0.094763 0.454153 0.000000
vt 0.208146 0.362800 0.000000
vt 0.122783 0.457578 0.000000
vt 0.159518 0.462786 0.000000
vt 0.140474 0.565755 0.000000
vt 0.058856 0.564921 0.000000
vt 0.153388 0.658234 0.000000
vt 0.054508 0.670853 0.000000
vt 0.243373 0.763469 0.000000
vt 0.300579 0.788790 0.000000
vt 0.417227 0.833010 0.000000
vt 0.702984 0.799177 0.000000
vt 0.994495 0.814088 0.000000
vt 0.989901 0.837688 0.000000
vt 0.314920 0.442575 0.000000
vt 0.323681 0.248500 0.000000
vt 0.295805 0.246740 0.000000
vt 0.283183 0.443072 0.000000
vt 0.312208 0.118360 0.000000
vt 0.282409 0.118134 0.000000
vt 0.300630 0.022453 0.000000
vt 0.259507 0.016292 0.000000
vt 0.241243 0.026234 0.000000
vt 0.254840 0.120203 0.000000
vt 0.266907 0.245542 0.000000
vt 0.243112 0.445258 0.000000
vt 0.986016 0.859717 0.000000
vt 0.722491 0.852455 0.000000
vt 0.462640 0.903801 0.000000
vt 0.206095 0.860191 0.000000
vt 0.135340 0.859323 0.000000
vt 0.068386 0.809903 0.000000
vt 0.423086 0.920954 0.000000
vt 0.509925 0.942212 0.000000
vt 0.498435 0.960724 0.000000
vt 0.721901 0.951529 0.000000
vt 0.721901 0.951529 0.000000
vt 0.346975 0.808799 0.000000
vt 0.280748 0.939740 0.000000
vt 0.185580 0.878810 0.000000
vt 0.058568 0.898820 0.000000
vt 0.397322 0.770282 0.000000
vt 0.495089 0.975214 0.000000
vt 0.721901 0.951529 0.000000
vt 0.363771 0.924438 0.000000
vt 0.386263 0.859458 0.000000
vt 0.264930 0.823990 0.000000
vt 0.158387 0.792846 0.000000
vt 0.443218 0.889465 0.000000
vt 0.711083 0.827783 0.000000
vt 0.012475 0.567508 0.000000
vt 0.058856 0.564921 0.000000
vt 0.122916 0.457443 0.000000
vt 0.054508 0.670853 0.000000
vt 0.989901 0.837688 0.000000
vt 0.283183 0.443072 0.000000
vt 0.295805 0.246740 0.000000
vt 0.282409 0.118134 0.000000
vt 0.259507 0.016292 0.000000
vt 0.206095 0.860191 0.000000
vt 0.005763 0.702517 0.000000
vt 0.498435 0.960724 0.000000
vt 0.373954 0.281728 0.000000
vt 0.827006 0.299862 0.000000
vt 0.918724 0.705455 0.000000
vt 0.280971 0.737841 0.000000
vt 0.005737 0.701699 0.000000
usemtl Material_3
f 1744/1744 1745/1745 1746/1746
f 1746/1746 1747/1747 1744/1744
f 1744/1744 1747/1747 1748/1748
f 1747/1747 1749/1749 1748/1748
f 1750/1750 1751/1751 1752/1752
f 1751/1751 1753/1753 1752/1752
f 1753/1753 1754/1754 1755/1755
f 1755/1755 1752/1752 1753/1753
f 1754/1754 1756/1756 1757/1757
f 1757/1757 1755/1755 1754/1754
f 1756/1756 1758/1758 1745/1745
f 1745/1745 1757/1757 1756/1756
f 1758/1758 1759/1759 1746/1746
f 1746/1746 1745/1745 1758/1758
f 1760/1760 1761/1761 1749/1749
f 1749/1749 1747/1747 1760/1760
f 1761/1761 1762/1762 1763/1763
f 1763/1763 1749/1749 1761/1761
f 1764/1764 1765/1765 1766/1766
f 1766/1766 1767/1767 1764/1764
f 1765/1765 1768/1768 1769/1769
f 1769/1769 1766/1766 1765/1765
f 1768/1768 1770/1770 1771/1771
f 1771/1771 1769/1769 1768/1768
f 1770/1770 1772/1772 1771/1771
f 1772/1772 1773/1773 1769/1769
f 1769/1769 1771/1771 1772/1772
f 1773/1773 1774/1774 1766/1766
f 1766/1766 1769/1769 1773/1773
f 1774/1774 1775/1775 1767/1767
f 1767/1767 1766/1766 1774/1774
f 1776/1776 1777/1777 1749/1749
f 1749/1749 1763/1763 1776/1776
f 1777/1777 1778/1778 1748/1748
f 1748/1748 1749/1749 1777/1777
f 1779/1779 1780/1780 1781/1781
f 1781/1781 1745/1745 1779/1779
f 1748/1748 1778/1778 1782/1782
f 1782/1782 1744/1744 1748/1748
f 1782/1782 1783/1783 1784/1784
f 1784/1784 1744/1744 1782/1782
f 1785/1785 1784/1784 1783/1783
f 1783/1783 1786/1786 1785/1785
f 1760/1760 1747/1747 1746/1746
f 1746/1746 1787/1787 1760/1760
f 1744/1744 1788/1788 1779/1779
f 1779/1779 1745/1745 1744/1744
f 1779/1779 1788/1788 1789/1789
f 1780/1780 1779/1779 1790/1790
f 1779/1779 1789/1789 1790/1790
f 1787/1787 1746/1746 1791/1791
f 1746/1746 1759/1759 1791/1791
f 1788/1788 1744/1744 1784/1784
f 1784/1784 1792/1792 1788/1788
f 1793/1793 1792/1792 1784/1784
f 1784/1784 1785/1785 1793/1793
f 1794/1794 1795/1795 1796/1796
f 1796/1796 1797/1797 1794/1794
f 1794/1794 1798/1798 1795/1795
f 1795/1795 1798/1798 1799/1799
f 1800/1800 1801/1801 1802/1802
f 1802/1802 1750/1750 1800/1800
f 1750/1750 1802/1802 1751/1751
f 1751/1751 1802/1802 1753/1753
f 1753/1753 1802/1802 1801/1801
f 1801/1801 1754/1754 1753/1753
f 1754/1754 1801/1801 1803/1803
f 1803/1803 1756/1756 1754/1754
f 1756/1756 1803/1803 1797/1797
f 1797/1797 1758/1758 1756/1756
f 1758/1758 1797/1797 1796/1796
f 1796/1796 1759/1759 1758/1758
f 1760/1760 1795/1795 1799/1799
f 1799/1799 1761/1761 1760/1760
f 1761/1761 1799/1799 1804/1804
f 1804/1804 1762/1762 1761/1761
f 1764/1764 1805/1805 1806/1806
f 1806/1806 1765/1765 1764/1764
f 1765/1765 1806/1806 1807/1807
f 1807/1807 1768/1768 1765/1765
f 1768/1768 1807/1807 1808/1808
f 1808/1808 1770/1770 1768/1768
f 1770/1770 1808/1808 1772/1772
f 1772/1772 1808/1808 1807/1807
f 1807/1807 1773/1773 1772/1772
f 1773/1773 1807/1807 1806/1806
f 1806/1806 1774/1774 1773/1773
f 1774/1774 1806/1806 1805/1805
f 1805/1805 1775/1775 1774/1774
f 1776/1776 1804/1804 1799/1799
f 1799/1799 1777/1777 1776/1776
f 1777/1777 1799/1799 1798/1798
f 1798/1798 1778/1778 1777/1777
f 1809/1809 1797/1797 1781/1781
f 1781/1781 1780/1780 1809/1809
f 1781/1781 1797/1797 1803/1803
f 1803/1803 1810/1810 1781/1781
f 1803/1803 1801/1801 1800/1800
f 1800/1800 1810/1810 1803/1803
f 1798/1798 1794/1794 1782/1782
f 1782/1782 1778/1778 1798/1798
f 1782/1782 1794/1794 1811/1811
f 1811/1811 1783/1783 1782/1782
f 1785/1785 1786/1786 1783/1783
f 1783/1783 1811/1811 1785/1785
f 1760/1760 1787/1787 1796/1796
f 1796/1796 1795/1795 1760/1760
f 1794/1794 1797/1797 1809/1809
f 1809/1809 1788/1788 1794/1794
f 1809/1809 1789/1789 1788/1788
f 1780/1780 1790/1790 1809/1809
f 1809/1809 1790/1790 1789/1789
f 1787/1787 1791/1791 1796/1796
f 1796/1796 1791/1791 1759/1759
f 1788/1788 1792/1792 1811/1811
f 1811/1811 1794/1794 1788/1788
f 1811/1811 1792/1792 1793/1793
f 1793/1793 1785/1785 1811/1811
f 1812/1812 1813/1813 1814/1814
f 1814/1814 1815/1815 1812/1812
f 1781/1781 1816/1816 1757/1757
f 1757/1757 1745/1745 1781/1781
f 1757/1757 1816/1816 1800/1800
f 1800/1800 1755/1755 1757/1757
f 1800/1800 1750/1750 1752/1752
f 1752/1752 1755/1755 1800/1800

g Human_langren_b
v -12.629100 42.023530 61.035630
v -11.069920 41.453550 58.046120
v -48.000900 6.456514 45.457570
v -49.560080 7.026474 48.447090
v -47.700880 4.545582 49.889740
v -46.141690 3.975592 46.900250
v -9.210713 38.972630 59.488820
v -10.769900 39.542610 62.478340
v -10.769900 39.542610 62.478340
v -9.210713 38.972630 59.488820
v -11.069920 41.453550 58.046120
v -10.769900 39.542610 62.478340
v -11.069920 41.453550 58.046120
v -12.629100 42.023530 61.035630
v -51.152460 8.768458 49.305810
v -47.981640 7.609331 43.226280
v -57.221160 -1.146292 40.076690
v -60.391970 0.012812 46.156280
v -56.611030 -5.032461 49.090130
v -53.440230 -6.191590 43.010660
v -44.200700 2.564040 46.160210
v -47.371540 3.723204 52.239720
v -47.371540 3.723204 52.239720
v -44.200700 2.564040 46.160210
v -47.981640 7.609331 43.226280
v -47.371540 3.723204 52.239720
v -47.981640 7.609331 43.226280
v -51.152460 8.768458 49.305810
v -15.782880 42.504930 61.457120
v -12.503360 41.306060 55.169160
v -14.275550 39.626660 54.565090
v -17.555080 40.825570 60.852980
v -17.555080 40.825570 60.852980
v -14.275550 39.626660 54.565090
v -10.365000 34.408440 57.599520
v -17.555080 40.825570 60.852980
v -13.644520 35.607290 63.887540
v -13.644520 35.607290 63.887540
v -10.365000 34.408440 57.599520
v -8.592793 36.087800 58.203670
v -13.644520 35.607290 63.887540
v -11.872320 37.286680 64.491610
v -11.872320 37.286680 64.491610
v -8.592793 36.087800 58.203670
v -12.503360 41.306060 55.169160
v -11.872320 37.286680 64.491610
v -12.503360 41.306060 55.169160
v -15.782880 42.504930 61.457120
v -10.365000 34.408440 57.599520
v -10.365000 34.408440 57.599520
v -13.644520 35.607290 63.887540
v -75.603090 -35.201830 52.442030
v -76.399310 -30.053120 54.715760
v -78.240250 -35.975120 62.328010
v -82.019280 -29.475430 55.345260
v -81.223020 -34.624200 53.071480
v -84.531430 -27.233300 56.481980
v -85.327650 -22.084560 58.755740
v -87.168580 -28.006640 66.368120
v -90.947590 -21.506890 59.385250
v -90.151370 -26.655640 57.111440
v -66.671810 -43.172970 48.400630
v -67.468030 -38.024220 50.674440
v -69.308940 -43.946290 58.286770
v -73.087960 -37.446580 51.303920
v -72.291730 -42.595320 49.030140
v -77.927510 -20.396440 18.102710
v -81.706670 -13.896310 11.119120
v -78.723750 -15.247710 20.376520
v -84.343690 -14.670060 21.005970
v -83.547510 -19.818800 18.732240
v -86.855850 -12.427930 22.142720
v -90.634920 -5.927826 15.158990
v -87.652080 -7.279181 24.416480
v -93.272030 -6.701532 25.045960
v -92.475800 -11.850280 22.772230
v -68.996220 -28.367610 14.061420
v -72.775290 -21.867500 7.077689
v -69.792430 -23.218870 16.335230
v -75.412380 -22.641200 16.964650
v -74.616160 -27.789970 14.690900
v -54.946900 -15.627430 59.483270
v -55.743100 -10.478710 61.757000
v -57.584010 -16.400780 69.369350
v -61.363080 -9.901017 62.386480
v -60.566840 -15.049790 60.112730
v -63.875230 -7.658903 63.523200
v -64.671450 -2.510148 65.796980
v -66.512390 -8.432221 73.409340
v -70.291400 -1.932496 66.426490
v -69.495180 -7.081236 64.152710
v -46.015590 -23.598590 55.441960
v -46.811820 -18.449830 57.715710
v -48.652760 -24.371900 65.328060
v -52.431760 -17.872170 58.345170
v -51.635540 -23.020930 56.071410
v -57.271310 -0.822067 25.144010
v -61.050400 5.678047 18.160330
v -58.067550 4.326663 27.417820
v -63.687490 4.904318 28.047270
v -62.891300 -0.244395 25.773490
v -66.199650 7.146444 29.184020
v -69.978710 13.646550 22.200290
v -66.995860 12.295200 31.457770
v -72.615810 12.872850 32.087250
v -71.819600 7.724127 29.813440
v -48.340020 -8.793212 21.102660
v -52.119080 -2.293131 14.119010
v -49.136230 -3.644468 23.376470
v -54.756170 -3.066831 24.005950
v -53.959950 -8.215578 21.732200
v -71.555690 -3.955695 60.810280
v -73.330780 7.350715 34.586410
v -82.755090 2.116232 30.747930
v -80.727620 -10.797850 60.700600
v -56.518770 -32.404170 49.746350
v -58.546250 -19.490110 19.793730
v -52.135670 -11.565860 24.995810
v -50.360580 -22.872280 51.219710
v -73.330780 7.350715 34.586410
v -52.135670 -11.565860 24.995810
v -58.546250 -19.490110 19.793730
v -73.330780 7.350715 34.586410
v -58.546250 -19.490110 19.793730
v -82.755090 2.116232 30.747930
v -50.360580 -22.872280 51.219710
v -71.555690 -3.955695 60.810280
v -80.727620 -10.797850 60.700600
v -50.360580 -22.872280 51.219710
v -80.727620 -10.797850 60.700600
v -56.518770 -32.404170 49.746350
v -56.518770 -32.404170 49.746350
v -80.727620 -10.797850 60.700600
v -87.141020 -18.724830 55.497600
v -56.518770 -32.404170 49.746350
v -65.945920 -37.641390 45.907000
v -65.945920 -37.641390 45.907000
v -67.721010 -26.334950 19.683100
v -65.945920 -37.641390 45.907000
v -82.755090 2.116232 30.747930
v -58.546250 -19.490110 19.793730
v -67.721010 -26.334950 19.683100
v -82.755090 2.116232 30.747930
v -67.721010 -26.334950 19.683100
v -88.916110 -7.418391 29.273730
v -88.916110 -7.418391 29.273730
v -88.916110 -7.418391 29.273730
v -87.141020 -18.724830 55.497600
v -89.593840 -18.120120 60.847630
v -91.928800 -3.247547 26.352500
v -96.954830 -8.010359 24.639180
v -94.619860 -22.882940 59.134410
v -94.619860 -22.882940 59.134410
v -96.954830 -8.010359 24.639180
v -70.349910 -31.755200 12.600790
v -94.619860 -22.882940 59.134410
v -68.014940 -46.627780 47.095950
v -68.014940 -46.627780 47.095950
v -70.349910 -31.755200 12.600790
v -65.323880 -26.992370 14.314010
v -68.014940 -46.627780 47.095950
v -62.988910 -41.864990 48.809220
v -91.928800 -3.247547 26.352500
v -65.323880 -26.992370 14.314010
v -70.349910 -31.755200 12.600790
v -91.928800 -3.247547 26.352500
v -70.349910 -31.755200 12.600790
v -96.954830 -8.010359 24.639180
v -62.988910 -41.864990 48.809220
v -89.593840 -18.120120 60.847630
v -94.619860 -22.882940 59.134410
v -62.988910 -41.864990 48.809220
v -94.619860 -22.882940 59.134410
v -68.014940 -46.627780 47.095950
v -68.937610 1.454275 67.888930
v -71.272580 16.326860 33.393780
v -76.298610 11.564050 31.680500
v -73.963640 -3.308550 66.175710
v -47.358710 -27.053360 54.137220
v -49.693680 -12.180760 19.642010
v -44.667650 -7.417974 21.355340
v -42.332680 -22.290570 55.850520
v -42.332680 -22.290570 55.850520
v -44.667650 -7.417974 21.355340
v -71.272580 16.326860 33.393780
v -42.332680 -22.290570 55.850520
v -71.272580 16.326860 33.393780
v -68.937610 1.454275 67.888930
v -71.272580 16.326860 33.393780
v -44.667650 -7.417974 21.355340
v -49.693680 -12.180760 19.642010
v -71.272580 16.326860 33.393780
v -49.693680 -12.180760 19.642010
v -76.298610 11.564050 31.680500
v -42.332680 -22.290570 55.850520
v -68.937610 1.454275 67.888930
v -73.963640 -3.308550 66.175710
v -42.332680 -22.290570 55.850520
v -73.963640 -3.308550 66.175710
v -47.358710 -27.053360 54.137220
v -65.945920 -37.641390 45.907000
v -87.141020 -18.724830 55.497600
v -89.593840 -18.120120 60.847630
v -65.945920 -37.641390 45.907000
v -89.593840 -18.120120 60.847630
v -62.988910 -41.864990 48.809220
v -87.141020 -18.724830 55.497600
v -88.916110 -7.418391 29.273730
v -91.928800 -3.247547 26.352500
v -87.141020 -18.724830 55.497600
v -91.928800 -3.247547 26.352500
v -89.593840 -18.120120 60.847630
v -88.916110 -7.418391 29.273730
v -67.721010 -26.334950 19.683100
v -65.323880 -26.992370 14.314010
v -88.916110 -7.418391 29.273730
v -65.323880 -26.992370 14.314010
v -91.928800 -3.247547 26.352500
v -52.135670 -11.565860 24.995810
v -73.330780 7.350715 34.586410
v -76.298610 11.564050 31.680500
v -52.135670 -11.565860 24.995810
v -76.298610 11.564050 31.680500
v -49.693680 -12.180760 19.642010
v -73.330780 7.350715 34.586410
v -71.555690 -3.955695 60.810280
v -73.963640 -3.308550 66.175710
v -73.330780 7.350715 34.586410
v -73.963640 -3.308550 66.175710
v -76.298610 11.564050 31.680500
v -71.555690 -3.955695 60.810280
v -50.360580 -22.872280 51.219710
v -47.358710 -27.053360 54.137220
v -71.555690 -3.955695 60.810280
v -47.358710 -27.053360 54.137220
v -73.963640 -3.308550 66.175710
v -50.360580 -22.872280 51.219710
v -52.135670 -11.565860 24.995810
v -49.693680 -12.180760 19.642010
v -50.360580 -22.872280 51.219710
v -49.693680 -12.180760 19.642010
v -47.358710 -27.053360 54.137220
v -67.721010 -26.334950 19.683100
v -65.945920 -37.641390 45.907000
v -62.988910 -41.864990 48.809220
v -67.721010 -26.334950 19.683100
v -62.988910 -41.864990 48.809220
v -65.323880 -26.992370 14.314010
vt 0.548458 0.041554 0.000000
vt 0.589613 0.041554 0.000000
vt 0.589614 0.460688 0.000000
vt 0.548458 0.460688 0.000000
vt 0.507372 0.460688 0.000000
vt 0.548458 0.460688 0.000000
vt 0.548458 0.041554 0.000000
vt 0.507372 0.041554 0.000000
vt 0.494389 0.221694 0.000000
vt 0.494389 0.012468 0.000000
vt 0.297338 0.012468 0.000000
vt 0.494389 0.221694 0.000000
vt 0.297338 0.012468 0.000000
vt 0.297338 0.221694 0.000000
vt 0.548458 0.462001 0.000000
vt 0.589615 0.462001 0.000000
vt 0.589614 0.584270 0.000000
vt 0.548458 0.584270 0.000000
vt 0.507372 0.584270 0.000000
vt 0.548458 0.584270 0.000000
vt 0.548458 0.462001 0.000000
vt 0.507372 0.462001 0.000000
vt 0.494389 0.221694 0.000000
vt 0.494389 0.012468 0.000000
vt 0.297338 0.012468 0.000000
vt 0.494389 0.221694 0.000000
vt 0.297338 0.012468 0.000000
vt 0.297338 0.221694 0.000000
vt 0.548510 0.010462 0.000000
vt 0.589621 0.010462 0.000000
vt 0.589621 0.036210 0.000000
vt 0.548510 0.036210 0.000000
vt 0.297338 0.221694 0.000000
vt 0.297338 0.012468 0.000000
vt 0.494389 0.012468 0.000000
vt 0.297338 0.221694 0.000000
vt 0.494389 0.221694 0.000000
vt 0.507399 0.036209 0.000000
vt 0.548510 0.036210 0.000000
vt 0.548510 0.010462 0.000000
vt 0.507399 0.036209 0.000000
vt 0.507399 0.010461 0.000000
vt 0.494389 0.221694 0.000000
vt 0.494389 0.012468 0.000000
vt 0.297338 0.012468 0.000000
vt 0.494389 0.221694 0.000000
vt 0.297338 0.012468 0.000000
vt 0.297338 0.221694 0.000000
vt 0.548510 0.036210 0.000000
vt 0.548510 0.036210 0.000000
vt 0.507399 0.036209 0.000000
vt 0.584755 0.992265 0.000000
vt 0.661943 0.992265 0.000000
vt 0.584755 0.833029 0.000000
vt 0.584755 0.992265 0.000000
vt 0.507567 0.992265 0.000000
vt 0.584755 0.992265 0.000000
vt 0.661943 0.992265 0.000000
vt 0.584755 0.833029 0.000000
vt 0.584755 0.992265 0.000000
vt 0.507567 0.992265 0.000000
vt 0.584755 0.992265 0.000000
vt 0.661943 0.992265 0.000000
vt 0.584755 0.833029 0.000000
vt 0.584755 0.992265 0.000000
vt 0.507567 0.992265 0.000000
vt 0.584755 0.992265 0.000000
vt 0.584755 0.833029 0.000000
vt 0.661943 0.992265 0.000000
vt 0.584755 0.992265 0.000000
vt 0.507567 0.992265 0.000000
vt 0.584755 0.992265 0.000000
vt 0.584755 0.833029 0.000000
vt 0.661943 0.992265 0.000000
vt 0.584755 0.992265 0.000000
vt 0.507567 0.992265 0.000000
vt 0.584755 0.992265 0.000000
vt 0.584755 0.833029 0.000000
vt 0.661943 0.992265 0.000000
vt 0.584755 0.992265 0.000000
vt 0.507567 0.992265 0.000000
vt 0.584755 0.992265 0.000000
vt 0.661943 0.992265 0.000000
vt 0.584755 0.833029 0.000000
vt 0.584755 0.992265 0.000000
vt 0.507566 0.992265 0.000000
vt 0.584755 0.992265 0.000000
vt 0.661943 0.992265 0.000000
vt 0.584755 0.833029 0.000000
vt 0.584755 0.992265 0.000000
vt 0.507566 0.992265 0.000000
vt 0.584755 0.992265 0.000000
vt 0.661943 0.992265 0.000000
vt 0.584755 0.833029 0.000000
vt 0.584755 0.992265 0.000000
vt 0.507566 0.992265 0.000000
vt 0.584755 0.992265 0.000000
vt 0.584755 0.833029 0.000000
vt 0.661943 0.992265 0.000000
vt 0.584755 0.992265 0.000000
vt 0.507566 0.992265 0.000000
vt 0.584755 0.992265 0.000000
vt 0.584755 0.833029 0.000000
vt 0.661943 0.992265 0.000000
vt 0.584755 0.992265 0.000000
vt 0.507566 0.992265 0.000000
vt 0.584755 0.992265 0.000000
vt 0.584755 0.833029 0.000000
vt 0.661943 0.992265 0.000000
vt 0.584755 0.992265 0.000000
vt 0.507566 0.992265 0.000000
vt 0.009561 0.586857 0.000000
vt 0.496723 0.586857 0.000000
vt 0.496723 0.763217 0.000000
vt 0.009561 0.763217 0.000000
vt 0.496723 0.763217 0.000000
vt 0.009561 0.763217 0.000000
vt 0.009561 0.586762 0.000000
vt 0.496723 0.586762 0.000000
vt 0.009561 0.227602 0.000000
vt 0.496723 0.227506 0.000000
vt 0.496723 0.403962 0.000000
vt 0.009561 0.227602 0.000000
vt 0.496723 0.403962 0.000000
vt 0.009561 0.403962 0.000000
vt 0.009561 0.227602 0.000000
vt 0.496723 0.227602 0.000000
vt 0.496723 0.403962 0.000000
vt 0.009561 0.227602 0.000000
vt 0.496723 0.403962 0.000000
vt 0.009561 0.403962 0.000000
vt 0.009561 0.403962 0.000000
vt 0.496723 0.403962 0.000000
vt 0.496723 0.580514 0.000000
vt 0.009561 0.403962 0.000000
vt 0.009561 0.580514 0.000000
vt 0.496723 0.939674 0.000000
vt 0.009561 0.939674 0.000000
vt 0.496723 0.939674 0.000000
vt 0.009561 0.403962 0.000000
vt 0.496723 0.403962 0.000000
vt 0.496723 0.580514 0.000000
vt 0.009561 0.403962 0.000000
vt 0.496723 0.580514 0.000000
vt 0.009561 0.580514 0.000000
vt 0.496723 0.939770 0.000000
vt 0.496723 0.939770 0.000000
vt 0.009561 0.939770 0.000000
vt 0.009561 0.946237 0.000000
vt 0.496723 0.946237 0.000000
vt 0.496723 0.994357 0.000000
vt 0.009561 0.994357 0.000000
vt 0.010447 0.222857 0.000000
vt 0.010447 0.009855 0.000000
vt 0.235735 0.009855 0.000000
vt 0.010447 0.222857 0.000000
vt 0.235735 0.222857 0.000000
vt 0.009561 0.994357 0.000000
vt 0.496723 0.994357 0.000000
vt 0.496723 0.946237 0.000000
vt 0.009561 0.994357 0.000000
vt 0.009561 0.946237 0.000000
vt 0.291517 0.009855 0.000000
vt 0.291517 0.222857 0.000000
vt 0.242862 0.222857 0.000000
vt 0.291517 0.009855 0.000000
vt 0.242862 0.222857 0.000000
vt 0.242862 0.009855 0.000000
vt 0.291517 0.222857 0.000000
vt 0.291517 0.009855 0.000000
vt 0.242862 0.009855 0.000000
vt 0.291517 0.222857 0.000000
vt 0.242862 0.009855 0.000000
vt 0.242862 0.222857 0.000000
vt 0.009561 0.994357 0.000000
vt 0.496723 0.994357 0.000000
vt 0.496723 0.946237 0.000000
vt 0.009561 0.946237 0.000000
vt 0.009561 0.946237 0.000000
vt 0.496723 0.946237 0.000000
vt 0.496723 0.994357 0.000000
vt 0.009561 0.994357 0.000000
vt 0.494389 0.221694 0.000000
vt 0.494389 0.012468 0.000000
vt 0.297338 0.012468 0.000000
vt 0.494389 0.221694 0.000000
vt 0.297338 0.012468 0.000000
vt 0.297338 0.221694 0.000000
vt 0.291517 0.009855 0.000000
vt 0.291517 0.222857 0.000000
vt 0.242862 0.222857 0.000000
vt 0.291517 0.009855 0.000000
vt 0.242862 0.222857 0.000000
vt 0.242862 0.009855 0.000000
vt 0.291517 0.222857 0.000000
vt 0.291517 0.009855 0.000000
vt 0.242862 0.009855 0.000000
vt 0.291517 0.222857 0.000000
vt 0.242862 0.009855 0.000000
vt 0.242862 0.222857 0.000000
vt 0.818271 0.447881 0.000000
vt 0.818271 0.659953 0.000000
vt 0.850186 0.687018 0.000000
vt 0.818271 0.447881 0.000000
vt 0.850186 0.687018 0.000000
vt 0.850186 0.420817 0.000000
vt 0.837414 0.410695 0.000000
vt 0.837414 0.180687 0.000000
vt 0.806596 0.144413 0.000000
vt 0.837414 0.410695 0.000000
vt 0.806596 0.144413 0.000000
vt 0.806596 0.446969 0.000000
vt 0.818271 0.659953 0.000000
vt 0.818271 0.447881 0.000000
vt 0.850186 0.420817 0.000000
vt 0.818271 0.659953 0.000000
vt 0.850186 0.420817 0.000000
vt 0.850186 0.687018 0.000000
vt 0.818271 0.447881 0.000000
vt 0.818271 0.659953 0.000000
vt 0.850186 0.687018 0.000000
vt 0.818271 0.447881 0.000000
vt 0.850186 0.687018 0.000000
vt 0.850186 0.420817 0.000000
vt 0.837414 0.180687 0.000000
vt 0.837414 0.410695 0.000000
vt 0.806596 0.446969 0.000000
vt 0.837414 0.180687 0.000000
vt 0.806596 0.446969 0.000000
vt 0.806596 0.144413 0.000000
vt 0.818271 0.659953 0.000000
vt 0.818271 0.447881 0.000000
vt 0.850186 0.420817 0.000000
vt 0.818271 0.659953 0.000000
vt 0.850186 0.420817 0.000000
vt 0.850186 0.687018 0.000000
vt 0.837414 0.410695 0.000000
vt 0.837414 0.180687 0.000000
vt 0.806596 0.144413 0.000000
vt 0.837414 0.410695 0.000000
vt 0.806596 0.144413 0.000000
vt 0.806596 0.446969 0.000000
vt 0.837414 0.180687 0.000000
vt 0.837414 0.410695 0.000000
vt 0.806596 0.446969 0.000000
vt 0.837414 0.180687 0.000000
vt 0.806596 0.446969 0.000000
vt 0.806596 0.144413 0.000000
usemtl Material_1
f 1817/1817 1818/1818 1819/1819
f 1817/1817 1819/1819 1820/1820
f 1821/1821 1822/1822 1823/1823
f 1821/1821 1823/1823 1824/1824
f 1825/1825 1826/1826 1827/1827
f 1828/1828 1829/1829 1830/1830
f 1818/1818 1823/1823 1822/1822
f 1818/1818 1822/1822 1819/1819
f 1824/1824 1817/1817 1820/1820
f 1824/1824 1820/1820 1821/1821
f 1831/1831 1832/1832 1833/1833
f 1831/1831 1833/1833 1834/1834
f 1835/1835 1836/1836 1837/1837
f 1835/1835 1837/1837 1838/1838
f 1839/1839 1840/1840 1841/1841
f 1842/1842 1843/1843 1844/1844
f 1832/1832 1837/1837 1836/1836
f 1832/1832 1836/1836 1833/1833
f 1838/1838 1831/1831 1834/1834
f 1838/1838 1834/1834 1835/1835
f 1845/1845 1846/1846 1847/1847
f 1845/1845 1847/1847 1848/1848
f 1849/1849 1850/1850 1851/1851
f 1852/1852 1851/1851 1853/1853
f 1854/1854 1855/1855 1856/1856
f 1857/1857 1856/1856 1858/1858
f 1859/1859 1860/1860 1861/1861
f 1862/1862 1863/1863 1864/1864
f 1846/1846 1856/1856 1865/1865
f 1846/1846 1866/1866 1847/1847
f 1858/1858 1845/1845 1848/1848
f 1858/1858 1848/1848 1867/1867
f 1868/1868 1869/1869 1870/1870
f 1869/1869 1871/1871 1870/1870
f 1871/1871 1872/1872 1870/1870
f 1872/1872 1868/1868 1870/1870
f 1873/1873 1874/1874 1875/1875
f 1874/1874 1876/1876 1875/1875
f 1876/1876 1877/1877 1875/1875
f 1877/1877 1873/1873 1875/1875
f 1878/1878 1879/1879 1880/1880
f 1879/1879 1881/1881 1880/1880
f 1881/1881 1882/1882 1880/1880
f 1882/1882 1878/1878 1880/1880
f 1883/1883 1884/1884 1885/1885
f 1885/1885 1884/1884 1886/1886
f 1886/1886 1884/1884 1887/1887
f 1887/1887 1884/1884 1883/1883
f 1888/1888 1889/1889 1890/1890
f 1890/1890 1889/1889 1891/1891
f 1891/1891 1889/1889 1892/1892
f 1892/1892 1889/1889 1888/1888
f 1893/1893 1894/1894 1895/1895
f 1895/1895 1894/1894 1896/1896
f 1896/1896 1894/1894 1897/1897
f 1897/1897 1894/1894 1893/1893
f 1898/1898 1899/1899 1900/1900
f 1899/1899 1901/1901 1900/1900
f 1901/1901 1902/1902 1900/1900
f 1902/1902 1898/1898 1900/1900
f 1903/1903 1904/1904 1905/1905
f 1904/1904 1906/1906 1905/1905
f 1906/1906 1907/1907 1905/1905
f 1907/1907 1903/1903 1905/1905
f 1908/1908 1909/1909 1910/1910
f 1909/1909 1911/1911 1910/1910
f 1911/1911 1912/1912 1910/1910
f 1912/1912 1908/1908 1910/1910
f 1913/1913 1914/1914 1915/1915
f 1915/1915 1914/1914 1916/1916
f 1916/1916 1914/1914 1917/1917
f 1917/1917 1914/1914 1913/1913
f 1918/1918 1919/1919 1920/1920
f 1920/1920 1919/1919 1921/1921
f 1921/1921 1919/1919 1922/1922
f 1922/1922 1919/1919 1918/1918
f 1923/1923 1924/1924 1925/1925
f 1925/1925 1924/1924 1926/1926
f 1926/1926 1924/1924 1927/1927
f 1927/1927 1924/1924 1923/1923
f 1928/1928 1929/1929 1930/1930
f 1928/1928 1930/1930 1931/1931
f 1932/1932 1933/1933 1934/1934
f 1932/1932 1934/1934 1935/1935
f 1936/1936 1937/1937 1938/1938
f 1939/1939 1940/1940 1941/1941
f 1942/1942 1943/1943 1944/1944
f 1945/1945 1946/1946 1947/1947
f 1948/1948 1949/1949 1950/1950
f 1951/1951 1950/1950 1952/1952
f 1953/1953 1954/1954 1933/1933
f 1955/1955 1933/1933 1932/1932
f 1956/1956 1957/1957 1958/1958
f 1959/1959 1960/1960 1961/1961
f 1931/1931 1930/1930 1962/1962
f 1931/1931 1963/1963 1964/1964
f 1965/1965 1966/1966 1967/1967
f 1965/1965 1967/1967 1968/1968
f 1969/1969 1970/1970 1971/1971
f 1972/1972 1971/1971 1973/1973
f 1974/1974 1975/1975 1976/1976
f 1977/1977 1976/1976 1978/1978
f 1979/1979 1980/1980 1981/1981
f 1982/1982 1983/1983 1984/1984
f 1985/1985 1986/1986 1987/1987
f 1988/1988 1989/1989 1990/1990
f 1991/1991 1992/1992 1993/1993
f 1991/1991 1993/1993 1994/1994
f 1995/1995 1996/1996 1997/1997
f 1995/1995 1997/1997 1998/1998
f 1999/1999 2000/2000 2001/2001
f 2002/2002 2003/2003 2004/2004
f 2005/2005 2006/2006 2007/2007
f 2008/2008 2009/2009 2010/2010
f 2011/2011 2012/2012 2013/2013
f 2014/2014 2015/2015 2016/2016
f 2017/2017 2018/2018 2019/2019
f 2020/2020 2021/2021 2022/2022
f 2023/2023 2024/2024 2025/2025
f 2026/2026 2027/2027 2028/2028
f 2029/2029 2030/2030 2031/2031
f 2032/2032 2033/2033 2034/2034
f 2035/2035 2036/2036 2037/2037
f 2038/2038 2039/2039 2040/2040
f 2041/2041 2042/2042 2043/2043
f 2044/2044 2045/2045 2046/2046
f 2047/2047 2048/2048 2049/2049
f 2050/2050 2051/2051 2052/2052
f 2053/2053 2054/2054 2055/2055
f 2056/2056 2057/2057 2058/2058
f 2059/2059 2060/2060 2061/2061
f 2062/2062 2063/2063 2064/2064

